file,timestamp,view,background,threshold,n_det,omega_count,omega_score,flags,note
cap_000000,2026-08-21T14:15:04.056,horizontal,23.79,26.29,1,1,0.9703876877890979,TempBand+Watershed+Merge+ClustSml+ShapeGate+MinPeaks+P-Filter+EquipRej+SkinPrio+BodyExt+Omega+OmScale+OmSplit+OmRot+Kalman+NonRigid+StaticSup,run2 pfilter4
cap_000001,2026-08-21T14:15:04.140,horizontal,23.79,26.29,1,1,0.9447885946147159,TempBand+Watershed+Merge+ClustSml+ShapeGate+MinPeaks+P-Filter+EquipRej+SkinPrio+BodyExt+Omega+OmScale+OmSplit+OmRot+Kalman+NonRigid+StaticSup,run2 pfilter4
cap_000002,2026-08-21T14:15:04.271,horizontal,23.84,26.34,1,1,0.9866870646908249,TempBand+Watershed+Merge+ClustSml+ShapeGate+MinPeaks+P-Filter+EquipRej+SkinPrio+BodyExt+Omega+OmScale+OmSplit+OmRot+Kalman+NonRigid+StaticSup,run2 pfilter4
cap_000003,2026-08-21T14:15:04.369,horizontal,23.84,26.34,1,2,0.8979772419124066,TempBand+Watershed+Merge+ClustSml+ShapeGate+MinPeaks+P-Filter+EquipRej+SkinPrio+BodyExt+Omega+OmScale+OmSplit+OmRot+Kalman+NonRigid+StaticSup,run2 pfilter4
cap_000004,2026-08-21T14:15:04.513,horizontal,23.84,26.34,1,2,0.9860407059597907,TempBand+Watershed+Merge+ClustSml+ShapeGate+MinPeaks+P-Filter+EquipRej+SkinPrio+BodyExt+Omega+OmScale+OmSplit+OmRot+Kalman+NonRigid+StaticSup,run2 pfilter4
cap_000005,2026-08-21T14:15:04.601,horizontal,23.81,26.31,1,2,0.9678211980799537,TempBand+Watershed+Merge+ClustSml+ShapeGate+MinPeaks+P-Filter+EquipRej+SkinPrio+BodyExt+Omega+OmScale+OmSplit+OmRot+Kalman+NonRigid+StaticSup,run2 pfilter4
cap_000006,2026-08-21T14:15:04.729,horizontal,23.79,26.29,1,2,0.9928180726120933,TempBand+Watershed+Merge+ClustSml+ShapeGate+MinPeaks+P-Filter+EquipRej+SkinPrio+BodyExt+Omega+OmScale+OmSplit+OmRot+Kalman+NonRigid+StaticSup,run2 pfilter4
cap_000007,2026-08-21T14:15:04.826,horizontal,23.79,26.29,1,2,0.980866317737879,TempBand+Watershed+Merge+ClustSml+ShapeGate+MinPeaks+P-Filter+EquipRej+SkinPrio+BodyExt+Omega+OmScale+OmSplit+OmRot+Kalman+NonRigid+StaticSup,run2 pfilter4
cap_000008,2026-08-21T14:15:04.945,horizontal,23.79,26.29,0,0,0.0,TempBand+Watershed+Merge+ClustSml+ShapeGate+MinPeaks+P-Filter+EquipRej+SkinPrio+BodyExt+Omega+OmScale+OmSplit+OmRot+Kalman+NonRigid+StaticSup,run2 pfilter4
cap_000009,2026-08-21T14:15:05.074,horizontal,23.77,26.27,1,2,0.9784874574694045,TempBand+Watershed+Merge+ClustSml+ShapeGate+MinPeaks+P-Filter+EquipRej+SkinPrio+BodyExt+Omega+OmScale+OmSplit+OmRot+Kalman+NonRigid+StaticSup,run2 pfilter4
cap_000010,2026-08-21T14:15:05.171,horizontal,23.77,26.27,2,2,0.965041507553494,TempBand+Watershed+Merge+ClustSml+ShapeGate+MinPeaks+P-Filter+EquipRej+SkinPrio+BodyExt+Omega+OmScale+OmSplit+OmRot+Kalman+NonRigid+StaticSup,run2 pfilter4
cap_000011,2026-08-21T14:15:05.298,horizontal,23.77,26.27,1,2,0.966248601910151,TempBand+Watershed+Merge+ClustSml+ShapeGate+MinPeaks+P-Filter+EquipRej+SkinPrio+BodyExt+Omega+OmScale+OmSplit+OmRot+Kalman+NonRigid+StaticSup,run2 pfilter4
cap_000012,2026-08-21T14:15:05.397,horizontal,23.77,26.27,1,1,0.8838249266837723,TempBand+Watershed+Merge+ClustSml+ShapeGate+MinPeaks+P-Filter+EquipRej+SkinPrio+BodyExt+Omega+OmScale+OmSplit+OmRot+Kalman+NonRigid+StaticSup,run2 pfilter4
cap_000013,2026-08-21T14:15:05.525,horizontal,23.77,26.27,1,1,0.9590583113431363,TempBand+Watershed+Merge+ClustSml+ShapeGate+MinPeaks+P-Filter+EquipRej+SkinPrio+BodyExt+Omega+OmScale+OmSplit+OmRot+Kalman+NonRigid+StaticSup,run2 pfilter4
cap_000014,2026-08-21T14:15:05.626,horizontal,23.74,26.24,1,2,0.9836272261531316,TempBand+Watershed+Merge+ClustSml+ShapeGate+MinPeaks+P-Filter+EquipRej+SkinPrio+BodyExt+Omega+OmScale+OmSplit+OmRot+Kalman+NonRigid+StaticSup,run2 pfilter4
cap_000015,2026-08-21T14:15:05.742,horizontal,23.74,26.24,1,1,0.9244818537049334,TempBand+Watershed+Merge+ClustSml+ShapeGate+MinPeaks+P-Filter+EquipRej+SkinPrio+BodyExt+Omega+OmScale+OmSplit+OmRot+Kalman+NonRigid+StaticSup,run2 pfilter4
cap_000016,2026-08-21T14:15:05.874,horizontal,23.74,26.24,1,2,0.9372125629862095,TempBand+Watershed+Merge+ClustSml+ShapeGate+MinPeaks+P-Filter+EquipRej+SkinPrio+BodyExt+Omega+OmScale+OmSplit+OmRot+Kalman+NonRigid+StaticSup,run2 pfilter4
cap_000017,2026-08-21T14:15:05.971,horizontal,23.74,26.24,1,1,0.9708280651239622,TempBand+Watershed+Merge+ClustSml+ShapeGate+MinPeaks+P-Filter+EquipRej+SkinPrio+BodyExt+Omega+OmScale+OmSplit+OmRot+Kalman+NonRigid+StaticSup,run2 pfilter4
cap_000018,2026-08-21T14:15:06.095,horizontal,23.74,26.24,1,1,0.9796602058692013,TempBand+Watershed+Merge+ClustSml+ShapeGate+MinPeaks+P-Filter+EquipRej+SkinPrio+BodyExt+Omega+OmScale+OmSplit+OmRot+Kalman+NonRigid+StaticSup,run2 pfilter4
cap_000019,2026-08-21T14:15:06.197,horizontal,23.74,26.24,1,2,0.966340012269566,TempBand+Watershed+Merge+ClustSml+ShapeGate+MinPeaks+P-Filter+EquipRej+SkinPrio+BodyExt+Omega+OmScale+OmSplit+OmRot+Kalman+NonRigid+StaticSup,run2 pfilter4
cap_000020,2026-08-21T14:15:06.330,horizontal,23.74,26.24,1,1,0.9315330138439726,TempBand+Watershed+Merge+ClustSml+ShapeGate+MinPeaks+P-Filter+EquipRej+SkinPrio+BodyExt+Omega+OmScale+OmSplit+OmRot+Kalman+NonRigid+StaticSup,run2 pfilter4
cap_000021,2026-08-21T14:15:06.422,horizontal,23.74,26.24,1,1,0.9463910705474731,TempBand+Watershed+Merge+ClustSml+ShapeGate+MinPeaks+P-Filter+EquipRej+SkinPrio+BodyExt+Omega+OmScale+OmSplit+OmRot+Kalman+NonRigid+StaticSup,run2 pfilter4
cap_000022,2026-08-21T14:15:06.561,horizontal,23.74,26.24,2,2,0.9717959298908618,TempBand+Watershed+Merge+ClustSml+ShapeGate+MinPeaks+P-Filter+EquipRej+SkinPrio+BodyExt+Omega+OmScale+OmSplit+OmRot+Kalman+NonRigid+StaticSup,run2 pfilter4
cap_000023,2026-08-21T14:15:06.644,horizontal,23.74,26.24,2,2,0.9928930261510923,TempBand+Watershed+Merge+ClustSml+ShapeGate+MinPeaks+P-Filter+EquipRej+SkinPrio+BodyExt+Omega+OmScale+OmSplit+OmRot+Kalman+NonRigid+StaticSup,run2 pfilter4
cap_000024,2026-08-21T14:15:06.771,horizontal,23.77,26.27,2,2,0.9780284225585781,TempBand+Watershed+Merge+ClustSml+ShapeGate+MinPeaks+P-Filter+EquipRej+SkinPrio+BodyExt+Omega+OmScale+OmSplit+OmRot+Kalman+NonRigid+StaticSup,run2 pfilter4
cap_000025,2026-08-21T14:15:06.901,horizontal,23.79,26.29,2,2,0.9922179382602435,TempBand+Watershed+Merge+ClustSml+ShapeGate+MinPeaks+P-Filter+EquipRej+SkinPrio+BodyExt+Omega+OmScale+OmSplit+OmRot+Kalman+NonRigid+StaticSup,run2 pfilter4
cap_000026,2026-08-21T14:15:06.995,horizontal,23.79,26.29,2,2,0.976214707599725,TempBand+Watershed+Merge+ClustSml+ShapeGate+MinPeaks+P-Filter+EquipRej+SkinPrio+BodyExt+Omega+OmScale+OmSplit+OmRot+Kalman+NonRigid+StaticSup,run2 pfilter4
cap_000027,2026-08-21T14:15:07.126,horizontal,23.84,26.34,2,2,0.9522737473463242,TempBand+Watershed+Merge+ClustSml+ShapeGate+MinPeaks+P-Filter+EquipRej+SkinPrio+BodyExt+Omega+OmScale+OmSplit+OmRot+Kalman+NonRigid+StaticSup,run2 pfilter4
cap_000028,2026-08-21T14:15:07.224,horizontal,23.84,26.34,2,2,0.9502773663246339,TempBand+Watershed+Merge+ClustSml+ShapeGate+MinPeaks+P-Filter+EquipRej+SkinPrio+BodyExt+Omega+OmScale+OmSplit+OmRot+Kalman+NonRigid+StaticSup,run2 pfilter4
cap_000029,2026-08-21T14:15:07.350,horizontal,23.86,26.36,2,2,0.8936272657088133,TempBand+Watershed+Merge+ClustSml+ShapeGate+MinPeaks+P-Filter+EquipRej+SkinPrio+BodyExt+Omega+OmScale+OmSplit+OmRot+Kalman+NonRigid+StaticSup,run2 pfilter4
cap_000030,2026-08-21T14:15:07.445,horizontal,23.91,26.41,2,3,0.9096214729793689,TempBand+Watershed+Merge+ClustSml+ShapeGate+MinPeaks+P-Filter+EquipRej+SkinPrio+BodyExt+Omega+OmScale+OmSplit+OmRot+Kalman+NonRigid+StaticSup,run2 pfilter4
cap_000031,2026-08-21T14:15:07.577,horizontal,23.88,26.38,2,2,0.9758167600966559,TempBand+Watershed+Merge+ClustSml+ShapeGate+MinPeaks+P-Filter+EquipRej+SkinPrio+BodyExt+Omega+OmScale+OmSplit+OmRot+Kalman+NonRigid+StaticSup,run2 pfilter4
cap_000032,2026-08-21T14:15:07.698,horizontal,23.86,26.36,2,2,0.9124317152806805,TempBand+Watershed+Merge+ClustSml+ShapeGate+MinPeaks+P-Filter+EquipRej+SkinPrio+BodyExt+Omega+OmScale+OmSplit+OmRot+Kalman+NonRigid+StaticSup,run2 pfilter4
cap_000033,2026-08-21T14:15:07.793,horizontal,23.88,26.38,2,2,0.9552986018796608,TempBand+Watershed+Merge+ClustSml+ShapeGate+MinPeaks+P-Filter+EquipRej+SkinPrio+BodyExt+Omega+OmScale+OmSplit+OmRot+Kalman+NonRigid+StaticSup,run2 pfilter4
cap_000034,2026-08-21T14:15:07.921,horizontal,23.86,26.36,2,2,0.9472873146409114,TempBand+Watershed+Merge+ClustSml+ShapeGate+MinPeaks+P-Filter+EquipRej+SkinPrio+BodyExt+Omega+OmScale+OmSplit+OmRot+Kalman+NonRigid+StaticSup,run2 pfilter4
cap_000035,2026-08-21T14:15:08.018,horizontal,23.84,26.34,2,2,0.9517192469026843,TempBand+Watershed+Merge+ClustSml+ShapeGate+MinPeaks+P-Filter+EquipRej+SkinPrio+BodyExt+Omega+OmScale+OmSplit+OmRot+Kalman+NonRigid+StaticSup,run2 pfilter4
cap_000036,2026-08-21T14:15:08.148,horizontal,23.84,26.34,2,2,0.942090177950475,TempBand+Watershed+Merge+ClustSml+ShapeGate+MinPeaks+P-Filter+EquipRej+SkinPrio+BodyExt+Omega+OmScale+OmSplit+OmRot+Kalman+NonRigid+StaticSup,run2 pfilter4
cap_000037,2026-08-21T14:15:08.246,horizontal,23.81,26.31,2,3,0.9648843687155363,TempBand+Watershed+Merge+ClustSml+ShapeGate+MinPeaks+P-Filter+EquipRej+SkinPrio+BodyExt+Omega+OmScale+OmSplit+OmRot+Kalman+NonRigid+StaticSup,run2 pfilter4
cap_000038,2026-08-21T14:15:08.370,horizontal,23.79,26.29,2,2,0.9804735172172253,TempBand+Watershed+Merge+ClustSml+ShapeGate+MinPeaks+P-Filter+EquipRej+SkinPrio+BodyExt+Omega+OmScale+OmSplit+OmRot+Kalman+NonRigid+StaticSup,run2 pfilter4
cap_000039,2026-08-21T14:15:08.469,horizontal,23.79,26.29,2,2,0.9676487321699904,TempBand+Watershed+Merge+ClustSml+ShapeGate+MinPeaks+P-Filter+EquipRej+SkinPrio+BodyExt+Omega+OmScale+OmSplit+OmRot+Kalman+NonRigid+StaticSup,run2 pfilter4
cap_000040,2026-08-21T14:15:08.597,horizontal,23.84,26.34,2,2,0.9700191640483191,TempBand+Watershed+Merge+ClustSml+ShapeGate+MinPeaks+P-Filter+EquipRej+SkinPrio+BodyExt+Omega+OmScale+OmSplit+OmRot+Kalman+NonRigid+StaticSup,run2 pfilter4
cap_000041,2026-08-21T14:15:08.725,horizontal,23.84,26.34,2,2,0.9188327266682798,TempBand+Watershed+Merge+ClustSml+ShapeGate+MinPeaks+P-Filter+EquipRej+SkinPrio+BodyExt+Omega+OmScale+OmSplit+OmRot+Kalman+NonRigid+StaticSup,run2 pfilter4
cap_000042,2026-08-21T14:15:08.819,horizontal,23.86,26.36,2,2,0.8816032461647005,TempBand+Watershed+Merge+ClustSml+ShapeGate+MinPeaks+P-Filter+EquipRej+SkinPrio+BodyExt+Omega+OmScale+OmSplit+OmRot+Kalman+NonRigid+StaticSup,run2 pfilter4
cap_000043,2026-08-21T14:15:08.948,horizontal,23.86,26.36,2,2,0.932934457797997,TempBand+Watershed+Merge+ClustSml+ShapeGate+MinPeaks+P-Filter+EquipRej+SkinPrio+BodyExt+Omega+OmScale+OmSplit+OmRot+Kalman+NonRigid+StaticSup,run2 pfilter4
cap_000044,2026-08-21T14:15:09.045,horizontal,23.86,26.36,2,2,0.9692135990531879,TempBand+Watershed+Merge+ClustSml+ShapeGate+MinPeaks+P-Filter+EquipRej+SkinPrio+BodyExt+Omega+OmScale+OmSplit+OmRot+Kalman+NonRigid+StaticSup,run2 pfilter4
cap_000045,2026-08-21T14:15:09.172,horizontal,23.86,26.36,2,2,0.9821290233670228,TempBand+Watershed+Merge+ClustSml+ShapeGate+MinPeaks+P-Filter+EquipRej+SkinPrio+BodyExt+Omega+OmScale+OmSplit+OmRot+Kalman+NonRigid+StaticSup,run2 pfilter4
cap_000046,2026-08-21T14:15:09.269,horizontal,23.86,26.36,2,2,0.9419282082750633,TempBand+Watershed+Merge+ClustSml+ShapeGate+MinPeaks+P-Filter+EquipRej+SkinPrio+BodyExt+Omega+OmScale+OmSplit+OmRot+Kalman+NonRigid+StaticSup,run2 pfilter4
cap_000047,2026-08-21T14:15:09.396,horizontal,23.84,26.34,2,2,0.9769519448544737,TempBand+Watershed+Merge+ClustSml+ShapeGate+MinPeaks+P-Filter+EquipRej+SkinPrio+BodyExt+Omega+OmScale+OmSplit+OmRot+Kalman+NonRigid+StaticSup,run2 pfilter4
cap_000048,2026-08-21T14:15:09.525,horizontal,23.84,26.34,2,2,0.9782267006282998,TempBand+Watershed+Merge+ClustSml+ShapeGate+MinPeaks+P-Filter+EquipRej+SkinPrio+BodyExt+Omega+OmScale+OmSplit+OmRot+Kalman+NonRigid+StaticSup,run2 pfilter4
cap_000049,2026-08-21T14:15:09.620,horizontal,23.84,26.34,2,2,0.9031955756035333,TempBand+Watershed+Merge+ClustSml+ShapeGate+MinPeaks+P-Filter+EquipRej+SkinPrio+BodyExt+Omega+OmScale+OmSplit+OmRot+Kalman+NonRigid+StaticSup,run2 pfilter4
cap_000050,2026-08-21T14:15:09.747,horizontal,23.84,26.34,2,2,0.9294245529426353,TempBand+Watershed+Merge+ClustSml+ShapeGate+MinPeaks+P-Filter+EquipRej+SkinPrio+BodyExt+Omega+OmScale+OmSplit+OmRot+Kalman+NonRigid+StaticSup,run2 pfilter4
cap_000051,2026-08-21T14:15:09.847,horizontal,23.79,26.29,2,2,0.995949185200188,TempBand+Watershed+Merge+ClustSml+ShapeGate+MinPeaks+P-Filter+EquipRej+SkinPrio+BodyExt+Omega+OmScale+OmSplit+OmRot+Kalman+NonRigid+StaticSup,run2 pfilter4
cap_000052,2026-08-21T14:15:09.973,horizontal,23.79,26.29,2,2,0.9583571886519542,TempBand+Watershed+Merge+ClustSml+ShapeGate+MinPeaks+P-Filter+EquipRej+SkinPrio+BodyExt+Omega+OmScale+OmSplit+OmRot+Kalman+NonRigid+StaticSup,run2 pfilter4
cap_000053,2026-08-21T14:15:10.069,horizontal,23.79,26.29,2,2,0.9162860038772298,TempBand+Watershed+Merge+ClustSml+ShapeGate+MinPeaks+P-Filter+EquipRej+SkinPrio+BodyExt+Omega+OmScale+OmSplit+OmRot+Kalman+NonRigid+StaticSup,run2 pfilter4
cap_000054,2026-08-21T14:15:10.195,horizontal,23.79,26.29,2,2,0.9531735918087157,TempBand+Watershed+Merge+ClustSml+ShapeGate+MinPeaks+P-Filter+EquipRej+SkinPrio+BodyExt+Omega+OmScale+OmSplit+OmRot+Kalman+NonRigid+StaticSup,run2 pfilter4
cap_000055,2026-08-21T14:15:10.300,horizontal,23.79,26.29,2,3,0.9539200698935085,TempBand+Watershed+Merge+ClustSml+ShapeGate+MinPeaks+P-Filter+EquipRej+SkinPrio+BodyExt+Omega+OmScale+OmSplit+OmRot+Kalman+NonRigid+StaticSup,run2 pfilter4
cap_000056,2026-08-21T14:15:10.420,horizontal,23.81,26.31,2,2,0.9719811426941577,TempBand+Watershed+Merge+ClustSml+ShapeGate+MinPeaks+P-Filter+EquipRej+SkinPrio+BodyExt+Omega+OmScale+OmSplit+OmRot+Kalman+NonRigid+StaticSup,run2 pfilter4
cap_000057,2026-08-21T14:15:10.556,horizontal,23.81,26.31,2,2,0.9325222025545057,TempBand+Watershed+Merge+ClustSml+ShapeGate+MinPeaks+P-Filter+EquipRej+SkinPrio+BodyExt+Omega+OmScale+OmSplit+OmRot+Kalman+NonRigid+StaticSup,run2 pfilter4
cap_000058,2026-08-21T14:15:10.641,horizontal,23.79,26.29,2,2,0.9631844172290621,TempBand+Watershed+Merge+ClustSml+ShapeGate+MinPeaks+P-Filter+EquipRej+SkinPrio+BodyExt+Omega+OmScale+OmSplit+OmRot+Kalman+NonRigid+StaticSup,run2 pfilter4
cap_000059,2026-08-21T14:15:10.770,horizontal,23.81,26.31,2,2,0.8880373089174052,TempBand+Watershed+Merge+ClustSml+ShapeGate+MinPeaks+P-Filter+EquipRej+SkinPrio+BodyExt+Omega+OmScale+OmSplit+OmRot+Kalman+NonRigid+StaticSup,run2 pfilter4
cap_000060,2026-08-21T14:15:10.864,horizontal,23.79,26.29,2,2,0.9896226723972164,TempBand+Watershed+Merge+ClustSml+ShapeGate+MinPeaks+P-Filter+EquipRej+SkinPrio+BodyExt+Omega+OmScale+OmSplit+OmRot+Kalman+NonRigid+StaticSup,run2 pfilter4
cap_000061,2026-08-21T14:15:10.995,horizontal,23.81,26.31,2,2,0.9676498874602956,TempBand+Watershed+Merge+ClustSml+ShapeGate+MinPeaks+P-Filter+EquipRej+SkinPrio+BodyExt+Omega+OmScale+OmSplit+OmRot+Kalman+NonRigid+StaticSup,run2 pfilter4
cap_000062,2026-08-21T14:15:11.091,horizontal,23.81,26.31,2,2,0.9746945028102644,TempBand+Watershed+Merge+ClustSml+ShapeGate+MinPeaks+P-Filter+EquipRej+SkinPrio+BodyExt+Omega+OmScale+OmSplit+OmRot+Kalman+NonRigid+StaticSup,run2 pfilter4
cap_000063,2026-08-21T14:15:11.217,horizontal,23.84,26.34,2,2,0.9857615936775352,TempBand+Watershed+Merge+ClustSml+ShapeGate+MinPeaks+P-Filter+EquipRej+SkinPrio+BodyExt+Omega+OmScale+OmSplit+OmRot+Kalman+NonRigid+StaticSup,run2 pfilter4
cap_000064,2026-08-21T14:15:11.313,horizontal,23.84,26.34,2,2,0.9487052596982196,TempBand+Watershed+Merge+ClustSml+ShapeGate+MinPeaks+P-Filter+EquipRej+SkinPrio+BodyExt+Omega+OmScale+OmSplit+OmRot+Kalman+NonRigid+StaticSup,run2 pfilter4
cap_000065,2026-08-21T14:15:11.441,horizontal,23.86,26.36,2,2,0.9503597226705264,TempBand+Watershed+Merge+ClustSml+ShapeGate+MinPeaks+P-Filter+EquipRej+SkinPrio+BodyExt+Omega+OmScale+OmSplit+OmRot+Kalman+NonRigid+StaticSup,run2 pfilter4
cap_000066,2026-08-21T14:15:11.571,horizontal,23.86,26.36,2,2,0.9455137761417965,TempBand+Watershed+Merge+ClustSml+ShapeGate+MinPeaks+P-Filter+EquipRej+SkinPrio+BodyExt+Omega+OmScale+OmSplit+OmRot+Kalman+NonRigid+StaticSup,run2 pfilter4
cap_000067,2026-08-21T14:15:11.665,horizontal,23.88,26.38,2,2,0.9737106671060967,TempBand+Watershed+Merge+ClustSml+ShapeGate+MinPeaks+P-Filter+EquipRej+SkinPrio+BodyExt+Omega+OmScale+OmSplit+OmRot+Kalman+NonRigid+StaticSup,run2 pfilter4
cap_000068,2026-08-21T14:15:11.799,horizontal,23.88,26.38,2,2,0.9628481494277081,TempBand+Watershed+Merge+ClustSml+ShapeGate+MinPeaks+P-Filter+EquipRej+SkinPrio+BodyExt+Omega+OmScale+OmSplit+OmRot+Kalman+NonRigid+StaticSup,run2 pfilter4
cap_000069,2026-08-21T14:15:11.890,horizontal,23.86,26.36,2,2,0.984912374584507,TempBand+Watershed+Merge+ClustSml+ShapeGate+MinPeaks+P-Filter+EquipRej+SkinPrio+BodyExt+Omega+OmScale+OmSplit+OmRot+Kalman+NonRigid+StaticSup,run2 pfilter4
cap_000070,2026-08-21T14:15:12.023,horizontal,23.84,26.34,2,2,0.9824687735606089,TempBand+Watershed+Merge+ClustSml+ShapeGate+MinPeaks+P-Filter+EquipRej+SkinPrio+BodyExt+Omega+OmScale+OmSplit+OmRot+Kalman+NonRigid+StaticSup,run2 pfilter4
cap_000071,2026-08-21T14:15:12.120,horizontal,23.84,26.34,2,2,0.9883803406151567,TempBand+Watershed+Merge+ClustSml+ShapeGate+MinPeaks+P-Filter+EquipRej+SkinPrio+BodyExt+Omega+OmScale+OmSplit+OmRot+Kalman+NonRigid+StaticSup,run2 pfilter4
cap_000072,2026-08-21T14:15:12.244,horizontal,23.84,26.34,2,2,0.9905628991014562,TempBand+Watershed+Merge+ClustSml+ShapeGate+MinPeaks+P-Filter+EquipRej+SkinPrio+BodyExt+Omega+OmScale+OmSplit+OmRot+Kalman+NonRigid+StaticSup,run2 pfilter4
cap_000073,2026-08-21T14:15:12.374,horizontal,23.84,26.34,2,2,0.9583571886519542,TempBand+Watershed+Merge+ClustSml+ShapeGate+MinPeaks+P-Filter+EquipRej+SkinPrio+BodyExt+Omega+OmScale+OmSplit+OmRot+Kalman+NonRigid+StaticSup,run2 pfilter4
cap_000074,2026-08-21T14:15:12.469,horizontal,23.81,26.31,2,2,0.9563133767361577,TempBand+Watershed+Merge+ClustSml+ShapeGate+MinPeaks+P-Filter+EquipRej+SkinPrio+BodyExt+Omega+OmScale+OmSplit+OmRot+Kalman+NonRigid+StaticSup,run2 pfilter4
cap_000075,2026-08-21T14:15:12.596,horizontal,23.81,26.31,2,2,0.9230765484389876,TempBand+Watershed+Merge+ClustSml+ShapeGate+MinPeaks+P-Filter+EquipRej+SkinPrio+BodyExt+Omega+OmScale+OmSplit+OmRot+Kalman+NonRigid+StaticSup,run2 pfilter4
cap_000076,2026-08-21T14:15:12.695,horizontal,23.81,26.31,2,3,0.9573845135657085,TempBand+Watershed+Merge+ClustSml+ShapeGate+MinPeaks+P-Filter+EquipRej+SkinPrio+BodyExt+Omega+OmScale+OmSplit+OmRot+Kalman+NonRigid+StaticSup,run2 pfilter4
cap_000077,2026-08-21T14:15:12.820,horizontal,23.81,26.31,2,3,0.9570366267511863,TempBand+Watershed+Merge+ClustSml+ShapeGate+MinPeaks+P-Filter+EquipRej+SkinPrio+BodyExt+Omega+OmScale+OmSplit+OmRot+Kalman+NonRigid+StaticSup,run2 pfilter4
cap_000078,2026-08-21T14:15:12.917,horizontal,23.81,26.31,2,3,0.9621555327363007,TempBand+Watershed+Merge+ClustSml+ShapeGate+MinPeaks+P-Filter+EquipRej+SkinPrio+BodyExt+Omega+OmScale+OmSplit+OmRot+Kalman+NonRigid+StaticSup,run2 pfilter4
cap_000079,2026-08-21T14:15:13.044,horizontal,23.84,26.34,2,2,0.8756717042423738,TempBand+Watershed+Merge+ClustSml+ShapeGate+MinPeaks+P-Filter+EquipRej+SkinPrio+BodyExt+Omega+OmScale+OmSplit+OmRot+Kalman+NonRigid+StaticSup,run2 pfilter4
cap_000080,2026-08-21T14:15:13.143,horizontal,23.84,26.34,2,2,0.9091442086185986,TempBand+Watershed+Merge+ClustSml+ShapeGate+MinPeaks+P-Filter+EquipRej+SkinPrio+BodyExt+Omega+OmScale+OmSplit+OmRot+Kalman+NonRigid+StaticSup,run2 pfilter4
cap_000081,2026-08-21T14:15:13.269,horizontal,23.84,26.34,2,2,0.9207782467055067,TempBand+Watershed+Merge+ClustSml+ShapeGate+MinPeaks+P-Filter+EquipRej+SkinPrio+BodyExt+Omega+OmScale+OmSplit+OmRot+Kalman+NonRigid+StaticSup,run2 pfilter4
cap_000082,2026-08-21T14:15:13.399,horizontal,23.84,26.34,2,3,0.954143924728434,TempBand+Watershed+Merge+ClustSml+ShapeGate+MinPeaks+P-Filter+EquipRej+SkinPrio+BodyExt+Omega+OmScale+OmSplit+OmRot+Kalman+NonRigid+StaticSup,run2 pfilter4
cap_000083,2026-08-21T14:15:13.495,horizontal,23.84,26.34,2,2,0.9836465706710021,TempBand+Watershed+Merge+ClustSml+ShapeGate+MinPeaks+P-Filter+EquipRej+SkinPrio+BodyExt+Omega+OmScale+OmSplit+OmRot+Kalman+NonRigid+StaticSup,run2 pfilter4
cap_000084,2026-08-21T14:15:13.620,horizontal,23.86,26.36,2,2,0.9203136946101994,TempBand+Watershed+Merge+ClustSml+ShapeGate+MinPeaks+P-Filter+EquipRej+SkinPrio+BodyExt+Omega+OmScale+OmSplit+OmRot+Kalman+NonRigid+StaticSup,run2 pfilter4
cap_000085,2026-08-21T14:15:13.717,horizontal,23.84,26.34,2,2,0.9655301560520863,TempBand+Watershed+Merge+ClustSml+ShapeGate+MinPeaks+P-Filter+EquipRej+SkinPrio+BodyExt+Omega+OmScale+OmSplit+OmRot+Kalman+NonRigid+StaticSup,run2 pfilter4
cap_000086,2026-08-21T14:15:13.844,horizontal,23.86,26.36,2,2,0.9471564559525624,TempBand+Watershed+Merge+ClustSml+ShapeGate+MinPeaks+P-Filter+EquipRej+SkinPrio+BodyExt+Omega+OmScale+OmSplit+OmRot+Kalman+NonRigid+StaticSup,run2 pfilter4
cap_000087,2026-08-21T14:15:13.941,horizontal,23.86,26.36,2,2,0.9213452283845109,TempBand+Watershed+Merge+ClustSml+ShapeGate+MinPeaks+P-Filter+EquipRej+SkinPrio+BodyExt+Omega+OmScale+OmSplit+OmRot+Kalman+NonRigid+StaticSup,run2 pfilter4
cap_000088,2026-08-21T14:15:14.073,horizontal,23.86,26.36,2,2,0.918720313203929,TempBand+Watershed+Merge+ClustSml+ShapeGate+MinPeaks+P-Filter+EquipRej+SkinPrio+BodyExt+Omega+OmScale+OmSplit+OmRot+Kalman+NonRigid+StaticSup,run2 pfilter4
cap_000089,2026-08-21T14:15:14.196,horizontal,23.86,26.36,2,2,0.9181323322034783,TempBand+Watershed+Merge+ClustSml+ShapeGate+MinPeaks+P-Filter+EquipRej+SkinPrio+BodyExt+Omega+OmScale+OmSplit+OmRot+Kalman+NonRigid+StaticSup,run2 pfilter4
cap_000090,2026-08-21T14:15:14.293,horizontal,23.86,26.36,2,2,0.9519540219250456,TempBand+Watershed+Merge+ClustSml+ShapeGate+MinPeaks+P-Filter+EquipRej+SkinPrio+BodyExt+Omega+OmScale+OmSplit+OmRot+Kalman+NonRigid+StaticSup,run2 pfilter4
cap_000091,2026-08-21T14:15:14.422,horizontal,23.84,26.34,2,2,0.9519540219250456,TempBand+Watershed+Merge+ClustSml+ShapeGate+MinPeaks+P-Filter+EquipRej+SkinPrio+BodyExt+Omega+OmScale+OmSplit+OmRot+Kalman+NonRigid+StaticSup,run2 pfilter4
cap_000092,2026-08-21T14:15:14.524,horizontal,23.86,26.36,2,2,0.9315823975887848,TempBand+Watershed+Merge+ClustSml+ShapeGate+MinPeaks+P-Filter+EquipRej+SkinPrio+BodyExt+Omega+OmScale+OmSplit+OmRot+Kalman+NonRigid+StaticSup,run2 pfilter4
cap_000093,2026-08-21T14:15:14.643,horizontal,23.86,26.36,2,2,0.955089089587006,TempBand+Watershed+Merge+ClustSml+ShapeGate+MinPeaks+P-Filter+EquipRej+SkinPrio+BodyExt+Omega+OmScale+OmSplit+OmRot+Kalman+NonRigid+StaticSup,run2 pfilter4
cap_000094,2026-08-21T14:15:14.748,horizontal,23.86,26.36,2,2,0.9395411276634956,TempBand+Watershed+Merge+ClustSml+ShapeGate+MinPeaks+P-Filter+EquipRej+SkinPrio+BodyExt+Omega+OmScale+OmSplit+OmRot+Kalman+NonRigid+StaticSup,run2 pfilter4
cap_000095,2026-08-21T14:15:14.871,horizontal,23.86,26.36,2,2,0.8986701969985693,TempBand+Watershed+Merge+ClustSml+ShapeGate+MinPeaks+P-Filter+EquipRej+SkinPrio+BodyExt+Omega+OmScale+OmSplit+OmRot+Kalman+NonRigid+StaticSup,run2 pfilter4
cap_000096,2026-08-21T14:15:14.969,horizontal,23.86,26.36,2,2,0.9563724791961877,TempBand+Watershed+Merge+ClustSml+ShapeGate+MinPeaks+P-Filter+EquipRej+SkinPrio+BodyExt+Omega+OmScale+OmSplit+OmRot+Kalman+NonRigid+StaticSup,run2 pfilter4
cap_000097,2026-08-21T14:15:15.092,horizontal,23.86,26.36,2,2,0.9995118379398894,TempBand+Watershed+Merge+ClustSml+ShapeGate+MinPeaks+P-Filter+EquipRej+SkinPrio+BodyExt+Omega+OmScale+OmSplit+OmRot+Kalman+NonRigid+StaticSup,run2 pfilter4
cap_000098,2026-08-21T14:15:15.221,horizontal,23.84,26.34,2,2,0.866802945850283,TempBand+Watershed+Merge+ClustSml+ShapeGate+MinPeaks+P-Filter+EquipRej+SkinPrio+BodyExt+Omega+OmScale+OmSplit+OmRot+Kalman+NonRigid+StaticSup,run2 pfilter4
cap_000099,2026-08-21T14:15:15.316,horizontal,23.84,26.34,2,2,0.9627711481131523,TempBand+Watershed+Merge+ClustSml+ShapeGate+MinPeaks+P-Filter+EquipRej+SkinPrio+BodyExt+Omega+OmScale+OmSplit+OmRot+Kalman+NonRigid+StaticSup,run2 pfilter4
cap_000100,2026-08-21T14:15:15.445,horizontal,23.84,26.34,2,2,0.9627711481131523,TempBand+Watershed+Merge+ClustSml+ShapeGate+MinPeaks+P-Filter+EquipRej+SkinPrio+BodyExt+Omega+OmScale+OmSplit+OmRot+Kalman+NonRigid+StaticSup,run2 pfilter4
cap_000101,2026-08-21T14:15:15.542,horizontal,23.84,26.34,2,2,0.941751812453552,TempBand+Watershed+Merge+ClustSml+ShapeGate+MinPeaks+P-Filter+EquipRej+SkinPrio+BodyExt+Omega+OmScale+OmSplit+OmRot+Kalman+NonRigid+StaticSup,run2 pfilter4
cap_000102,2026-08-21T14:15:15.672,horizontal,23.84,26.34,2,2,0.9472957959445573,TempBand+Watershed+Merge+ClustSml+ShapeGate+MinPeaks+P-Filter+EquipRej+SkinPrio+BodyExt+Omega+OmScale+OmSplit+OmRot+Kalman+NonRigid+StaticSup,run2 pfilter4
cap_000103,2026-08-21T14:15:15.765,horizontal,23.84,26.34,2,2,0.9453732635485119,TempBand+Watershed+Merge+ClustSml+ShapeGate+MinPeaks+P-Filter+EquipRej+SkinPrio+BodyExt+Omega+OmScale+OmSplit+OmRot+Kalman+NonRigid+StaticSup,run2 pfilter4
cap_000104,2026-08-21T14:15:15.894,horizontal,23.84,26.34,2,2,0.9873965429345571,TempBand+Watershed+Merge+ClustSml+ShapeGate+MinPeaks+P-Filter+EquipRej+SkinPrio+BodyExt+Omega+OmScale+OmSplit+OmRot+Kalman+NonRigid+StaticSup,run2 pfilter4
cap_000105,2026-08-21T14:15:16.021,horizontal,23.84,26.34,2,2,0.9595313644222943,TempBand+Watershed+Merge+ClustSml+ShapeGate+MinPeaks+P-Filter+EquipRej+SkinPrio+BodyExt+Omega+OmScale+OmSplit+OmRot+Kalman+NonRigid+StaticSup,run2 pfilter4
cap_000106,2026-08-21T14:15:16.117,horizontal,23.88,26.38,2,2,0.8884549670576801,TempBand+Watershed+Merge+ClustSml+ShapeGate+MinPeaks+P-Filter+EquipRej+SkinPrio+BodyExt+Omega+OmScale+OmSplit+OmRot+Kalman+NonRigid+StaticSup,run2 pfilter4
cap_000107,2026-08-21T14:15:16.247,horizontal,23.86,26.36,2,2,0.9328777154105634,TempBand+Watershed+Merge+ClustSml+ShapeGate+MinPeaks+P-Filter+EquipRej+SkinPrio+BodyExt+Omega+OmScale+OmSplit+OmRot+Kalman+NonRigid+StaticSup,run2 pfilter4
cap_000108,2026-08-21T14:15:18.086,horizontal,22.40,24.90,2,2,0.9327311356981107,TempBand+Watershed+Merge+ClustSml+ShapeGate+MinPeaks+P-Filter+EquipRej+SkinPrio+BodyExt+Omega+OmScale+OmSplit+OmRot+Kalman+NonRigid+StaticSup,run2 pfilter4
cap_000109,2026-08-21T14:15:18.169,horizontal,22.56,25.06,2,2,0.9657297414647604,TempBand+Watershed+Merge+ClustSml+ShapeGate+MinPeaks+P-Filter+EquipRej+SkinPrio+BodyExt+Omega+OmScale+OmSplit+OmRot+Kalman+NonRigid+StaticSup,run2 pfilter4
cap_000110,2026-08-21T14:15:18.298,horizontal,22.75,25.25,2,2,0.9947837965122096,TempBand+Watershed+Merge+ClustSml+ShapeGate+MinPeaks+P-Filter+EquipRej+SkinPrio+BodyExt+Omega+OmScale+OmSplit+OmRot+Kalman+NonRigid+StaticSup,run2 pfilter4
cap_000111,2026-08-21T14:15:18.391,horizontal,22.94,25.44,2,2,0.9118317029404954,TempBand+Watershed+Merge+ClustSml+ShapeGate+MinPeaks+P-Filter+EquipRej+SkinPrio+BodyExt+Omega+OmScale+OmSplit+OmRot+Kalman+NonRigid+StaticSup,run2 pfilter4
cap_000112,2026-08-21T14:15:18.520,horizontal,23.13,25.63,2,2,0.9753404195251967,TempBand+Watershed+Merge+ClustSml+ShapeGate+MinPeaks+P-Filter+EquipRej+SkinPrio+BodyExt+Omega+OmScale+OmSplit+OmRot+Kalman+NonRigid+StaticSup,run2 pfilter4
cap_000113,2026-08-21T14:15:18.614,horizontal,23.27,25.77,2,2,0.8146036103541611,TempBand+Watershed+Merge+ClustSml+ShapeGate+MinPeaks+P-Filter+EquipRej+SkinPrio+BodyExt+Omega+OmScale+OmSplit+OmRot+Kalman+NonRigid+StaticSup,run2 pfilter4
cap_000114,2026-08-21T14:15:18.742,horizontal,23.43,25.93,2,2,0.9793196795976689,TempBand+Watershed+Merge+ClustSml+ShapeGate+MinPeaks+P-Filter+EquipRej+SkinPrio+BodyExt+Omega+OmScale+OmSplit+OmRot+Kalman+NonRigid+StaticSup,run2 pfilter4
cap_000115,2026-08-21T14:15:18.873,horizontal,23.74,26.24,2,3,0.9301764277715705,TempBand+Watershed+Merge+ClustSml+ShapeGate+MinPeaks+P-Filter+EquipRej+SkinPrio+BodyExt+Omega+OmScale+OmSplit+OmRot+Kalman+NonRigid+StaticSup,run2 pfilter4
cap_000116,2026-08-21T14:15:18.964,horizontal,23.62,26.12,2,2,0.9392238223181187,TempBand+Watershed+Merge+ClustSml+ShapeGate+MinPeaks+P-Filter+EquipRej+SkinPrio+BodyExt+Omega+OmScale+OmSplit+OmRot+Kalman+NonRigid+StaticSup,run2 pfilter4
cap_000117,2026-08-21T14:15:19.095,horizontal,23.55,26.05,2,2,0.9579664194230908,TempBand+Watershed+Merge+ClustSml+ShapeGate+MinPeaks+P-Filter+EquipRej+SkinPrio+BodyExt+Omega+OmScale+OmSplit+OmRot+Kalman+NonRigid+StaticSup,run2 pfilter4
cap_000118,2026-08-21T14:15:19.189,horizontal,23.43,25.93,2,2,0.944234030082346,TempBand+Watershed+Merge+ClustSml+ShapeGate+MinPeaks+P-Filter+EquipRej+SkinPrio+BodyExt+Omega+OmScale+OmSplit+OmRot+Kalman+NonRigid+StaticSup,run2 pfilter4
cap_000119,2026-08-21T14:15:19.320,horizontal,23.41,25.91,2,3,0.8917711840166144,TempBand+Watershed+Merge+ClustSml+ShapeGate+MinPeaks+P-Filter+EquipRej+SkinPrio+BodyExt+Omega+OmScale+OmSplit+OmRot+Kalman+NonRigid+StaticSup,run2 pfilter4
cap_000120,2026-08-21T14:15:19.428,horizontal,23.34,25.84,2,2,0.9826526021192167,TempBand+Watershed+Merge+ClustSml+ShapeGate+MinPeaks+P-Filter+EquipRej+SkinPrio+BodyExt+Omega+OmScale+OmSplit+OmRot+Kalman+NonRigid+StaticSup,run2 pfilter4
cap_000121,2026-08-21T14:15:19.544,horizontal,23.27,25.77,2,2,0.9921624861903316,TempBand+Watershed+Merge+ClustSml+ShapeGate+MinPeaks+P-Filter+EquipRej+SkinPrio+BodyExt+Omega+OmScale+OmSplit+OmRot+Kalman+NonRigid+StaticSup,run2 pfilter4
cap_000122,2026-08-21T14:15:19.643,horizontal,23.20,25.70,2,2,0.9872082092363902,TempBand+Watershed+Merge+ClustSml+ShapeGate+MinPeaks+P-Filter+EquipRej+SkinPrio+BodyExt+Omega+OmScale+OmSplit+OmRot+Kalman+NonRigid+StaticSup,run2 pfilter4
cap_000123,2026-08-21T14:15:19.784,horizontal,23.10,25.60,2,2,0.9528303589028693,TempBand+Watershed+Merge+ClustSml+ShapeGate+MinPeaks+P-Filter+EquipRej+SkinPrio+BodyExt+Omega+OmScale+OmSplit+OmRot+Kalman+NonRigid+StaticSup,run2 pfilter4
cap_000124,2026-08-21T14:15:19.893,horizontal,23.01,25.51,2,2,0.9624514001124358,TempBand+Watershed+Merge+ClustSml+ShapeGate+MinPeaks+P-Filter+EquipRej+SkinPrio+BodyExt+Omega+OmScale+OmSplit+OmRot+Kalman+NonRigid+StaticSup,run2 pfilter4
cap_000125,2026-08-21T14:15:19.988,horizontal,23.01,25.51,2,2,0.927437057849755,TempBand+Watershed+Merge+ClustSml+ShapeGate+MinPeaks+P-Filter+EquipRej+SkinPrio+BodyExt+Omega+OmScale+OmSplit+OmRot+Kalman+NonRigid+StaticSup,run2 pfilter4
cap_000126,2026-08-21T14:15:20.118,horizontal,22.94,25.44,2,2,0.9178015928907253,TempBand+Watershed+Merge+ClustSml+ShapeGate+MinPeaks+P-Filter+EquipRej+SkinPrio+BodyExt+Omega+OmScale+OmSplit+OmRot+Kalman+NonRigid+StaticSup,run2 pfilter4
cap_000127,2026-08-21T14:15:20.214,horizontal,22.94,25.44,2,2,0.8997586081500962,TempBand+Watershed+Merge+ClustSml+ShapeGate+MinPeaks+P-Filter+EquipRej+SkinPrio+BodyExt+Omega+OmScale+OmSplit+OmRot+Kalman+NonRigid+StaticSup,run2 pfilter4
cap_000128,2026-08-21T14:15:20.343,horizontal,22.89,25.39,2,2,0.8417744269449909,TempBand+Watershed+Merge+ClustSml+ShapeGate+MinPeaks+P-Filter+EquipRej+SkinPrio+BodyExt+Omega+OmScale+OmSplit+OmRot+Kalman+NonRigid+StaticSup,run2 pfilter4
cap_000129,2026-08-21T14:15:20.439,horizontal,22.87,25.37,2,2,0.8271611524938828,TempBand+Watershed+Merge+ClustSml+ShapeGate+MinPeaks+P-Filter+EquipRej+SkinPrio+BodyExt+Omega+OmScale+OmSplit+OmRot+Kalman+NonRigid+StaticSup,run2 pfilter4
cap_000130,2026-08-21T14:15:20.567,horizontal,22.87,25.37,2,2,0.9147768619838833,TempBand+Watershed+Merge+ClustSml+ShapeGate+MinPeaks+P-Filter+EquipRej+SkinPrio+BodyExt+Omega+OmScale+OmSplit+OmRot+Kalman+NonRigid+StaticSup,run2 pfilter4
cap_000131,2026-08-21T14:15:20.694,horizontal,22.87,25.37,2,2,0.8864847940874745,TempBand+Watershed+Merge+ClustSml+ShapeGate+MinPeaks+P-Filter+EquipRej+SkinPrio+BodyExt+Omega+OmScale+OmSplit+OmRot+Kalman+NonRigid+StaticSup,run2 pfilter4
cap_000132,2026-08-21T14:15:20.793,horizontal,22.84,25.34,2,2,0.952521893278979,TempBand+Watershed+Merge+ClustSml+ShapeGate+MinPeaks+P-Filter+EquipRej+SkinPrio+BodyExt+Omega+OmScale+OmSplit+OmRot+Kalman+NonRigid+StaticSup,run2 pfilter4
cap_000133,2026-08-21T14:15:20.923,horizontal,22.87,25.37,2,2,0.9896345921808172,TempBand+Watershed+Merge+ClustSml+ShapeGate+MinPeaks+P-Filter+EquipRej+SkinPrio+BodyExt+Omega+OmScale+OmSplit+OmRot+Kalman+NonRigid+StaticSup,run2 pfilter4
cap_000134,2026-08-21T14:15:21.020,horizontal,22.89,25.39,2,3,0.9750000863280528,TempBand+Watershed+Merge+ClustSml+ShapeGate+MinPeaks+P-Filter+EquipRej+SkinPrio+BodyExt+Omega+OmScale+OmSplit+OmRot+Kalman+NonRigid+StaticSup,run2 pfilter4
cap_000135,2026-08-21T14:15:21.144,horizontal,22.89,25.39,2,2,0.9711430016940084,TempBand+Watershed+Merge+ClustSml+ShapeGate+MinPeaks+P-Filter+EquipRej+SkinPrio+BodyExt+Omega+OmScale+OmSplit+OmRot+Kalman+NonRigid+StaticSup,run2 pfilter4
cap_000136,2026-08-21T14:15:21.246,horizontal,22.89,25.39,2,2,0.9355194777483269,TempBand+Watershed+Merge+ClustSml+ShapeGate+MinPeaks+P-Filter+EquipRej+SkinPrio+BodyExt+Omega+OmScale+OmSplit+OmRot+Kalman+NonRigid+StaticSup,run2 pfilter4
cap_000137,2026-08-21T14:15:21.369,horizontal,22.89,25.39,2,2,0.9622591954913753,TempBand+Watershed+Merge+ClustSml+ShapeGate+MinPeaks+P-Filter+EquipRej+SkinPrio+BodyExt+Omega+OmScale+OmSplit+OmRot+Kalman+NonRigid+StaticSup,run2 pfilter4
cap_000138,2026-08-21T14:15:21.463,horizontal,22.89,25.39,2,3,0.897298793903838,TempBand+Watershed+Merge+ClustSml+ShapeGate+MinPeaks+P-Filter+EquipRej+SkinPrio+BodyExt+Omega+OmScale+OmSplit+OmRot+Kalman+NonRigid+StaticSup,run2 pfilter4
cap_000139,2026-08-21T14:15:21.592,horizontal,22.89,25.39,2,2,0.9446663716712109,TempBand+Watershed+Merge+ClustSml+ShapeGate+MinPeaks+P-Filter+EquipRej+SkinPrio+BodyExt+Omega+OmScale+OmSplit+OmRot+Kalman+NonRigid+StaticSup,run2 pfilter4
cap_000140,2026-08-21T14:15:21.721,horizontal,22.91,25.41,2,2,0.4331761212046349,TempBand+Watershed+Merge+ClustSml+ShapeGate+MinPeaks+P-Filter+EquipRej+SkinPrio+BodyExt+Omega+OmScale+OmSplit+OmRot+Kalman+NonRigid+StaticSup,run2 pfilter4
cap_000141,2026-08-21T14:15:21.817,horizontal,22.94,25.44,2,4,0.719457999370755,TempBand+Watershed+Merge+ClustSml+ShapeGate+MinPeaks+P-Filter+EquipRej+SkinPrio+BodyExt+Omega+OmScale+OmSplit+OmRot+Kalman+NonRigid+StaticSup,run2 pfilter4
cap_000142,2026-08-21T14:15:21.950,horizontal,23.01,25.51,2,3,0.837618391670211,TempBand+Watershed+Merge+ClustSml+ShapeGate+MinPeaks+P-Filter+EquipRej+SkinPrio+BodyExt+Omega+OmScale+OmSplit+OmRot+Kalman+NonRigid+StaticSup,run2 pfilter4
cap_000143,2026-08-21T14:15:22.058,horizontal,22.98,25.48,2,2,0.8431395842864429,TempBand+Watershed+Merge+ClustSml+ShapeGate+MinPeaks+P-Filter+EquipRej+SkinPrio+BodyExt+Omega+OmScale+OmSplit+OmRot+Kalman+NonRigid+StaticSup,run2 pfilter4
cap_000144,2026-08-21T14:15:22.173,horizontal,23.01,25.51,2,3,0.8431395842864429,TempBand+Watershed+Merge+ClustSml+ShapeGate+MinPeaks+P-Filter+EquipRej+SkinPrio+BodyExt+Omega+OmScale+OmSplit+OmRot+Kalman+NonRigid+StaticSup,run2 pfilter4
cap_000145,2026-08-21T14:15:22.261,horizontal,23.13,25.63,2,3,0.9194565436830341,TempBand+Watershed+Merge+ClustSml+ShapeGate+MinPeaks+P-Filter+EquipRej+SkinPrio+BodyExt+Omega+OmScale+OmSplit+OmRot+Kalman+NonRigid+StaticSup,run2 pfilter4
cap_000146,2026-08-21T14:15:22.391,horizontal,23.15,25.65,2,3,0.8942389530310749,TempBand+Watershed+Merge+ClustSml+ShapeGate+MinPeaks+P-Filter+EquipRej+SkinPrio+BodyExt+Omega+OmScale+OmSplit+OmRot+Kalman+NonRigid+StaticSup,run2 pfilter4
cap_000147,2026-08-21T14:15:22.486,horizontal,23.15,25.65,2,2,0.812406767151637,TempBand+Watershed+Merge+ClustSml+ShapeGate+MinPeaks+P-Filter+EquipRej+SkinPrio+BodyExt+Omega+OmScale+OmSplit+OmRot+Kalman+NonRigid+StaticSup,run2 pfilter4
cap_000148,2026-08-21T14:15:22.611,horizontal,23.17,25.67,2,2,0.9522914514325134,TempBand+Watershed+Merge+ClustSml+ShapeGate+MinPeaks+P-Filter+EquipRej+SkinPrio+BodyExt+Omega+OmScale+OmSplit+OmRot+Kalman+NonRigid+StaticSup,run2 pfilter4
cap_000149,2026-08-21T14:15:22.748,horizontal,23.22,25.72,2,2,0.9327791918363662,TempBand+Watershed+Merge+ClustSml+ShapeGate+MinPeaks+P-Filter+EquipRej+SkinPrio+BodyExt+Omega+OmScale+OmSplit+OmRot+Kalman+NonRigid+StaticSup,run2 pfilter4
cap_000150,2026-08-21T14:15:22.836,horizontal,23.22,25.72,2,2,0.830320600783,TempBand+Watershed+Merge+ClustSml+ShapeGate+MinPeaks+P-Filter+EquipRej+SkinPrio+BodyExt+Omega+OmScale+OmSplit+OmRot+Kalman+NonRigid+StaticSup,run2 pfilter4
cap_000151,2026-08-21T14:15:22.965,horizontal,23.22,25.72,2,2,0.7968932457488471,TempBand+Watershed+Merge+ClustSml+ShapeGate+MinPeaks+P-Filter+EquipRej+SkinPrio+BodyExt+Omega+OmScale+OmSplit+OmRot+Kalman+NonRigid+StaticSup,run2 pfilter4
cap_000152,2026-08-21T14:15:23.066,horizontal,23.22,25.72,2,2,0.9847042551555942,TempBand+Watershed+Merge+ClustSml+ShapeGate+MinPeaks+P-Filter+EquipRej+SkinPrio+BodyExt+Omega+OmScale+OmSplit+OmRot+Kalman+NonRigid+StaticSup,run2 pfilter4
cap_000153,2026-08-21T14:15:23.191,horizontal,23.32,25.82,2,2,0.8351398358252744,TempBand+Watershed+Merge+ClustSml+ShapeGate+MinPeaks+P-Filter+EquipRej+SkinPrio+BodyExt+Omega+OmScale+OmSplit+OmRot+Kalman+NonRigid+StaticSup,run2 pfilter4
cap_000154,2026-08-21T14:15:23.288,horizontal,23.39,25.89,2,2,0.8799918252460555,TempBand+Watershed+Merge+ClustSml+ShapeGate+MinPeaks+P-Filter+EquipRej+SkinPrio+BodyExt+Omega+OmScale+OmSplit+OmRot+Kalman+NonRigid+StaticSup,run2 pfilter4
cap_000155,2026-08-21T14:15:23.422,horizontal,23.39,25.89,2,2,0.9888713704625556,TempBand+Watershed+Merge+ClustSml+ShapeGate+MinPeaks+P-Filter+EquipRej+SkinPrio+BodyExt+Omega+OmScale+OmSplit+OmRot+Kalman+NonRigid+StaticSup,run2 pfilter4
cap_000156,2026-08-21T14:15:23.541,horizontal,23.41,25.91,2,2,0.9521746448731433,TempBand+Watershed+Merge+ClustSml+ShapeGate+MinPeaks+P-Filter+EquipRej+SkinPrio+BodyExt+Omega+OmScale+OmSplit+OmRot+Kalman+NonRigid+StaticSup,run2 pfilter4
cap_000157,2026-08-21T14:15:23.637,horizontal,23.46,25.96,2,2,0.97033200302519,TempBand+Watershed+Merge+ClustSml+ShapeGate+MinPeaks+P-Filter+EquipRej+SkinPrio+BodyExt+Omega+OmScale+OmSplit+OmRot+Kalman+NonRigid+StaticSup,run2 pfilter4
cap_000158,2026-08-21T14:15:23.764,horizontal,23.43,25.93,2,2,0.9492299773314596,TempBand+Watershed+Merge+ClustSml+ShapeGate+MinPeaks+P-Filter+EquipRej+SkinPrio+BodyExt+Omega+OmScale+OmSplit+OmRot+Kalman+NonRigid+StaticSup,run2 pfilter4
cap_000159,2026-08-21T14:15:23.862,horizontal,23.43,25.93,2,2,0.9932708739069105,TempBand+Watershed+Merge+ClustSml+ShapeGate+MinPeaks+P-Filter+EquipRej+SkinPrio+BodyExt+Omega+OmScale+OmSplit+OmRot+Kalman+NonRigid+StaticSup,run2 pfilter4
cap_000160,2026-08-21T14:15:23.990,horizontal,23.43,25.93,2,2,0.9245317533246614,TempBand+Watershed+Merge+ClustSml+ShapeGate+MinPeaks+P-Filter+EquipRej+SkinPrio+BodyExt+Omega+OmScale+OmSplit+OmRot+Kalman+NonRigid+StaticSup,run2 pfilter4
cap_000161,2026-08-21T14:15:24.081,horizontal,23.48,25.98,2,2,0.8929961444342188,TempBand+Watershed+Merge+ClustSml+ShapeGate+MinPeaks+P-Filter+EquipRej+SkinPrio+BodyExt+Omega+OmScale+OmSplit+OmRot+Kalman+NonRigid+StaticSup,run2 pfilter4
cap_000162,2026-08-21T14:15:24.212,horizontal,23.48,25.98,2,2,0.8939411138992293,TempBand+Watershed+Merge+ClustSml+ShapeGate+MinPeaks+P-Filter+EquipRej+SkinPrio+BodyExt+Omega+OmScale+OmSplit+OmRot+Kalman+NonRigid+StaticSup,run2 pfilter4
cap_000163,2026-08-21T14:15:24.307,horizontal,23.51,26.01,2,2,0.8410228238586822,TempBand+Watershed+Merge+ClustSml+ShapeGate+MinPeaks+P-Filter+EquipRej+SkinPrio+BodyExt+Omega+OmScale+OmSplit+OmRot+Kalman+NonRigid+StaticSup,run2 pfilter4
cap_000164,2026-08-21T14:15:24.432,horizontal,23.51,26.01,2,2,0.8858389694148948,TempBand+Watershed+Merge+ClustSml+ShapeGate+MinPeaks+P-Filter+EquipRej+SkinPrio+BodyExt+Omega+OmScale+OmSplit+OmRot+Kalman+NonRigid+StaticSup,run2 pfilter4
cap_000165,2026-08-21T14:15:24.564,horizontal,23.48,25.98,2,2,0.8515654378601516,TempBand+Watershed+Merge+ClustSml+ShapeGate+MinPeaks+P-Filter+EquipRej+SkinPrio+BodyExt+Omega+OmScale+OmSplit+OmRot+Kalman+NonRigid+StaticSup,run2 pfilter4
cap_000166,2026-08-21T14:15:24.663,horizontal,23.48,25.98,2,2,0.938843456064175,TempBand+Watershed+Merge+ClustSml+ShapeGate+MinPeaks+P-Filter+EquipRej+SkinPrio+BodyExt+Omega+OmScale+OmSplit+OmRot+Kalman+NonRigid+StaticSup,run2 pfilter4
cap_000167,2026-08-21T14:15:24.787,horizontal,23.51,26.01,2,2,0.8785702444120296,TempBand+Watershed+Merge+ClustSml+ShapeGate+MinPeaks+P-Filter+EquipRej+SkinPrio+BodyExt+Omega+OmScale+OmSplit+OmRot+Kalman+NonRigid+StaticSup,run2 pfilter4
cap_000168,2026-08-21T14:15:24.882,horizontal,23.53,26.03,2,2,0.8229782981320706,TempBand+Watershed+Merge+ClustSml+ShapeGate+MinPeaks+P-Filter+EquipRej+SkinPrio+BodyExt+Omega+OmScale+OmSplit+OmRot+Kalman+NonRigid+StaticSup,run2 pfilter4
cap_000169,2026-08-21T14:15:25.011,horizontal,23.60,26.10,2,2,0.9429550195486197,TempBand+Watershed+Merge+ClustSml+ShapeGate+MinPeaks+P-Filter+EquipRej+SkinPrio+BodyExt+Omega+OmScale+OmSplit+OmRot+Kalman+NonRigid+StaticSup,run2 pfilter4
cap_000170,2026-08-21T14:15:25.104,horizontal,23.60,26.10,2,2,0.9714853190527653,TempBand+Watershed+Merge+ClustSml+ShapeGate+MinPeaks+P-Filter+EquipRej+SkinPrio+BodyExt+Omega+OmScale+OmSplit+OmRot+Kalman+NonRigid+StaticSup,run2 pfilter4
cap_000171,2026-08-21T14:15:25.235,horizontal,23.65,26.15,2,2,0.8635866504938583,TempBand+Watershed+Merge+ClustSml+ShapeGate+MinPeaks+P-Filter+EquipRej+SkinPrio+BodyExt+Omega+OmScale+OmSplit+OmRot+Kalman+NonRigid+StaticSup,run2 pfilter4
cap_000172,2026-08-21T14:15:25.367,horizontal,23.72,26.22,2,2,0.9931657310323341,TempBand+Watershed+Merge+ClustSml+ShapeGate+MinPeaks+P-Filter+EquipRej+SkinPrio+BodyExt+Omega+OmScale+OmSplit+OmRot+Kalman+NonRigid+StaticSup,run2 pfilter4
cap_000173,2026-08-21T14:15:25.513,horizontal,23.74,26.24,2,2,0.9591275212554493,TempBand+Watershed+Merge+ClustSml+ShapeGate+MinPeaks+P-Filter+EquipRej+SkinPrio+BodyExt+Omega+OmScale+OmSplit+OmRot+Kalman+NonRigid+StaticSup,run2 pfilter4
cap_000174,2026-08-21T14:15:25.593,horizontal,23.72,26.22,2,2,0.9224928805010859,TempBand+Watershed+Merge+ClustSml+ShapeGate+MinPeaks+P-Filter+EquipRej+SkinPrio+BodyExt+Omega+OmScale+OmSplit+OmRot+Kalman+NonRigid+StaticSup,run2 pfilter4
cap_000175,2026-08-21T14:15:25.688,horizontal,23.67,26.17,2,2,0.9813388954318909,TempBand+Watershed+Merge+ClustSml+ShapeGate+MinPeaks+P-Filter+EquipRej+SkinPrio+BodyExt+Omega+OmScale+OmSplit+OmRot+Kalman+NonRigid+StaticSup,run2 pfilter4
cap_000176,2026-08-21T14:15:25.813,horizontal,23.67,26.17,2,2,0.9549676569695986,TempBand+Watershed+Merge+ClustSml+ShapeGate+MinPeaks+P-Filter+EquipRej+SkinPrio+BodyExt+Omega+OmScale+OmSplit+OmRot+Kalman+NonRigid+StaticSup,run2 pfilter4
cap_000177,2026-08-21T14:15:25.909,horizontal,23.70,26.20,2,2,0.8594708912726388,TempBand+Watershed+Merge+ClustSml+ShapeGate+MinPeaks+P-Filter+EquipRej+SkinPrio+BodyExt+Omega+OmScale+OmSplit+OmRot+Kalman+NonRigid+StaticSup,run2 pfilter4
cap_000178,2026-08-21T14:15:26.036,horizontal,23.67,26.17,2,2,0.9898478033787338,TempBand+Watershed+Merge+ClustSml+ShapeGate+MinPeaks+P-Filter+EquipRej+SkinPrio+BodyExt+Omega+OmScale+OmSplit+OmRot+Kalman+NonRigid+StaticSup,run2 pfilter4
cap_000179,2026-08-21T14:15:26.130,horizontal,23.70,26.20,2,2,0.8049013108743748,TempBand+Watershed+Merge+ClustSml+ShapeGate+MinPeaks+P-Filter+EquipRej+SkinPrio+BodyExt+Omega+OmScale+OmSplit+OmRot+Kalman+NonRigid+StaticSup,run2 pfilter4
cap_000180,2026-08-21T14:15:26.261,horizontal,23.72,26.22,2,3,0.8594708912726388,TempBand+Watershed+Merge+ClustSml+ShapeGate+MinPeaks+P-Filter+EquipRej+SkinPrio+BodyExt+Omega+OmScale+OmSplit+OmRot+Kalman+NonRigid+StaticSup,run2 pfilter4
cap_000181,2026-08-21T14:15:26.391,horizontal,23.70,26.20,2,3,0.8433543260137197,TempBand+Watershed+Merge+ClustSml+ShapeGate+MinPeaks+P-Filter+EquipRej+SkinPrio+BodyExt+Omega+OmScale+OmSplit+OmRot+Kalman+NonRigid+StaticSup,run2 pfilter4
cap_000182,2026-08-21T14:15:26.480,horizontal,23.70,26.20,1,2,0.7125868514179395,TempBand+Watershed+Merge+ClustSml+ShapeGate+MinPeaks+P-Filter+EquipRej+SkinPrio+BodyExt+Omega+OmScale+OmSplit+OmRot+Kalman+NonRigid+StaticSup,run2 pfilter4
cap_000183,2026-08-21T14:15:26.605,horizontal,23.67,26.17,1,1,0.1281994090142084,TempBand+Watershed+Merge+ClustSml+ShapeGate+MinPeaks+P-Filter+EquipRej+SkinPrio+BodyExt+Omega+OmScale+OmSplit+OmRot+Kalman+NonRigid+StaticSup,run2 pfilter4
cap_000184,2026-08-21T14:15:26.703,horizontal,23.67,26.17,1,1,0.0001686040054043543,TempBand+Watershed+Merge+ClustSml+ShapeGate+MinPeaks+P-Filter+EquipRej+SkinPrio+BodyExt+Omega+OmScale+OmSplit+OmRot+Kalman+NonRigid+StaticSup,run2 pfilter4
cap_000185,2026-08-21T14:15:26.833,horizontal,23.70,26.20,1,1,0.7830991387606832,TempBand+Watershed+Merge+ClustSml+ShapeGate+MinPeaks+P-Filter+EquipRej+SkinPrio+BodyExt+Omega+OmScale+OmSplit+OmRot+Kalman+NonRigid+StaticSup,run2 pfilter4
cap_000186,2026-08-21T14:15:26.935,horizontal,23.70,26.20,1,1,0.24556638702997605,TempBand+Watershed+Merge+ClustSml+ShapeGate+MinPeaks+P-Filter+EquipRej+SkinPrio+BodyExt+Omega+OmScale+OmSplit+OmRot+Kalman+NonRigid+StaticSup,run2 pfilter4
cap_000187,2026-08-21T14:15:27.059,horizontal,23.72,26.22,1,2,0.1938792167541315,TempBand+Watershed+Merge+ClustSml+ShapeGate+MinPeaks+P-Filter+EquipRej+SkinPrio+BodyExt+Omega+OmScale+OmSplit+OmRot+Kalman+NonRigid+StaticSup,run2 pfilter4
cap_000188,2026-08-21T14:15:27.186,horizontal,23.70,26.20,1,1,0.9439818308221757,TempBand+Watershed+Merge+ClustSml+ShapeGate+MinPeaks+P-Filter+EquipRej+SkinPrio+BodyExt+Omega+OmScale+OmSplit+OmRot+Kalman+NonRigid+StaticSup,run2 pfilter4
cap_000189,2026-08-21T14:15:27.288,horizontal,23.70,26.20,1,2,0.8523570696474025,TempBand+Watershed+Merge+ClustSml+ShapeGate+MinPeaks+P-Filter+EquipRej+SkinPrio+BodyExt+Omega+OmScale+OmSplit+OmRot+Kalman+NonRigid+StaticSup,run2 pfilter4
cap_000190,2026-08-21T14:15:27.410,horizontal,23.65,26.15,1,1,0.3475167728439549,TempBand+Watershed+Merge+ClustSml+ShapeGate+MinPeaks+P-Filter+EquipRej+SkinPrio+BodyExt+Omega+OmScale+OmSplit+OmRot+Kalman+NonRigid+StaticSup,run2 pfilter4
cap_000191,2026-08-21T14:15:27.506,horizontal,23.65,26.15,1,1,0.5508231740050792,TempBand+Watershed+Merge+ClustSml+ShapeGate+MinPeaks+P-Filter+EquipRej+SkinPrio+BodyExt+Omega+OmScale+OmSplit+OmRot+Kalman+NonRigid+StaticSup,run2 pfilter4
cap_000192,2026-08-21T14:15:27.635,horizontal,23.62,26.12,2,1,0.5146745960533881,TempBand+Watershed+Merge+ClustSml+ShapeGate+MinPeaks+P-Filter+EquipRej+SkinPrio+BodyExt+Omega+OmScale+OmSplit+OmRot+Kalman+NonRigid+StaticSup,run2 pfilter4
cap_000193,2026-08-21T14:15:27.731,horizontal,23.62,26.12,2,2,0.7650276103082099,TempBand+Watershed+Merge+ClustSml+ShapeGate+MinPeaks+P-Filter+EquipRej+SkinPrio+BodyExt+Omega+OmScale+OmSplit+OmRot+Kalman+NonRigid+StaticSup,run2 pfilter4
cap_000194,2026-08-21T14:15:27.852,horizontal,23.62,26.12,1,1,0.7130064857602244,TempBand+Watershed+Merge+ClustSml+ShapeGate+MinPeaks+P-Filter+EquipRej+SkinPrio+BodyExt+Omega+OmScale+OmSplit+OmRot+Kalman+NonRigid+StaticSup,run2 pfilter4
cap_000195,2026-08-21T14:15:27.951,horizontal,23.65,26.15,1,1,0.8418843765827847,TempBand+Watershed+Merge+ClustSml+ShapeGate+MinPeaks+P-Filter+EquipRej+SkinPrio+BodyExt+Omega+OmScale+OmSplit+OmRot+Kalman+NonRigid+StaticSup,run2 pfilter4
cap_000196,2026-08-21T14:15:28.086,horizontal,23.70,26.20,1,1,0.5993475896313354,TempBand+Watershed+Merge+ClustSml+ShapeGate+MinPeaks+P-Filter+EquipRej+SkinPrio+BodyExt+Omega+OmScale+OmSplit+OmRot+Kalman+NonRigid+StaticSup,run2 pfilter4
cap_000197,2026-08-21T14:15:28.203,horizontal,23.70,26.20,1,1,0.5942646321113464,TempBand+Watershed+Merge+ClustSml+ShapeGate+MinPeaks+P-Filter+EquipRej+SkinPrio+BodyExt+Omega+OmScale+OmSplit+OmRot+Kalman+NonRigid+StaticSup,run2 pfilter4
cap_000198,2026-08-21T14:15:28.307,horizontal,23.67,26.17,1,1,0.5660113111048958,TempBand+Watershed+Merge+ClustSml+ShapeGate+MinPeaks+P-Filter+EquipRej+SkinPrio+BodyExt+Omega+OmScale+OmSplit+OmRot+Kalman+NonRigid+StaticSup,run2 pfilter4
cap_000199,2026-08-21T14:15:28.431,horizontal,23.67,26.17,2,2,0.7894892891477586,TempBand+Watershed+Merge+ClustSml+ShapeGate+MinPeaks+P-Filter+EquipRej+SkinPrio+BodyExt+Omega+OmScale+OmSplit+OmRot+Kalman+NonRigid+StaticSup,run2 pfilter4
cap_000200,2026-08-21T14:15:28.542,horizontal,23.67,26.17,2,2,0.7987481261434832,TempBand+Watershed+Merge+ClustSml+ShapeGate+MinPeaks+P-Filter+EquipRej+SkinPrio+BodyExt+Omega+OmScale+OmSplit+OmRot+Kalman+NonRigid+StaticSup,run2 pfilter4
cap_000201,2026-08-21T14:15:28.657,horizontal,23.67,26.17,2,2,0.7894892891477586,TempBand+Watershed+Merge+ClustSml+ShapeGate+MinPeaks+P-Filter+EquipRej+SkinPrio+BodyExt+Omega+OmScale+OmSplit+OmRot+Kalman+NonRigid+StaticSup,run2 pfilter4
cap_000202,2026-08-21T14:15:28.759,horizontal,23.70,26.20,2,2,0.4933821026966609,TempBand+Watershed+Merge+ClustSml+ShapeGate+MinPeaks+P-Filter+EquipRej+SkinPrio+BodyExt+Omega+OmScale+OmSplit+OmRot+Kalman+NonRigid+StaticSup,run2 pfilter4
cap_000203,2026-08-21T14:15:28.880,horizontal,23.65,26.15,2,2,0.37289531927155634,TempBand+Watershed+Merge+ClustSml+ShapeGate+MinPeaks+P-Filter+EquipRej+SkinPrio+BodyExt+Omega+OmScale+OmSplit+OmRot+Kalman+NonRigid+StaticSup,run2 pfilter4
cap_000204,2026-08-21T14:15:28.978,horizontal,23.65,26.15,2,3,0.6215427862418131,TempBand+Watershed+Merge+ClustSml+ShapeGate+MinPeaks+P-Filter+EquipRej+SkinPrio+BodyExt+Omega+OmScale+OmSplit+OmRot+Kalman+NonRigid+StaticSup,run2 pfilter4
cap_000205,2026-08-21T14:15:29.104,horizontal,23.65,26.15,2,1,0.2200519556167581,TempBand+Watershed+Merge+ClustSml+ShapeGate+MinPeaks+P-Filter+EquipRej+SkinPrio+BodyExt+Omega+OmScale+OmSplit+OmRot+Kalman+NonRigid+StaticSup,run2 pfilter4
cap_000206,2026-08-21T14:15:29.235,horizontal,23.65,26.15,2,2,0.7894892891477586,TempBand+Watershed+Merge+ClustSml+ShapeGate+MinPeaks+P-Filter+EquipRej+SkinPrio+BodyExt+Omega+OmScale+OmSplit+OmRot+Kalman+NonRigid+StaticSup,run2 pfilter4
cap_000207,2026-08-21T14:15:29.330,horizontal,23.63,26.13,2,2,0.7356604739785934,TempBand+Watershed+Merge+ClustSml+ShapeGate+MinPeaks+P-Filter+EquipRej+SkinPrio+BodyExt+Omega+OmScale+OmSplit+OmRot+Kalman+NonRigid+StaticSup,run2 pfilter4
cap_000208,2026-08-21T14:15:29.459,horizontal,23.60,26.10,2,2,0.9290072821831187,TempBand+Watershed+Merge+ClustSml+ShapeGate+MinPeaks+P-Filter+EquipRej+SkinPrio+BodyExt+Omega+OmScale+OmSplit+OmRot+Kalman+NonRigid+StaticSup,run2 pfilter4
cap_000209,2026-08-21T14:15:29.557,horizontal,23.60,26.10,2,2,0.9505319972070722,TempBand+Watershed+Merge+ClustSml+ShapeGate+MinPeaks+P-Filter+EquipRej+SkinPrio+BodyExt+Omega+OmScale+OmSplit+OmRot+Kalman+NonRigid+StaticSup,run2 pfilter4
cap_000210,2026-08-21T14:15:29.682,horizontal,23.58,26.08,2,2,0.9624234065358764,TempBand+Watershed+Merge+ClustSml+ShapeGate+MinPeaks+P-Filter+EquipRej+SkinPrio+BodyExt+Omega+OmScale+OmSplit+OmRot+Kalman+NonRigid+StaticSup,run2 pfilter4
cap_000211,2026-08-21T14:15:29.791,horizontal,23.55,26.05,2,2,0.7863148734485373,TempBand+Watershed+Merge+ClustSml+ShapeGate+MinPeaks+P-Filter+EquipRej+SkinPrio+BodyExt+Omega+OmScale+OmSplit+OmRot+Kalman+NonRigid+StaticSup,run2 pfilter4
cap_000212,2026-08-21T14:15:29.907,horizontal,23.53,26.03,2,2,0.843318104316924,TempBand+Watershed+Merge+ClustSml+ShapeGate+MinPeaks+P-Filter+EquipRej+SkinPrio+BodyExt+Omega+OmScale+OmSplit+OmRot+Kalman+NonRigid+StaticSup,run2 pfilter4
cap_000213,2026-08-21T14:15:30.037,horizontal,23.51,26.01,2,2,0.9947837965122096,TempBand+Watershed+Merge+ClustSml+ShapeGate+MinPeaks+P-Filter+EquipRej+SkinPrio+BodyExt+Omega+OmScale+OmSplit+OmRot+Kalman+NonRigid+StaticSup,run2 pfilter4
cap_000214,2026-08-21T14:15:30.131,horizontal,23.51,26.01,2,2,0.8738916780803261,TempBand+Watershed+Merge+ClustSml+ShapeGate+MinPeaks+P-Filter+EquipRej+SkinPrio+BodyExt+Omega+OmScale+OmSplit+OmRot+Kalman+NonRigid+StaticSup,run2 pfilter4
cap_000215,2026-08-21T14:15:30.256,horizontal,23.51,26.01,2,2,0.6963486575585467,TempBand+Watershed+Merge+ClustSml+ShapeGate+MinPeaks+P-Filter+EquipRej+SkinPrio+BodyExt+Omega+OmScale+OmSplit+OmRot+Kalman+NonRigid+StaticSup,run2 pfilter4
cap_000216,2026-08-21T14:15:30.357,horizontal,23.51,26.01,2,2,0.8571931109832502,TempBand+Watershed+Merge+ClustSml+ShapeGate+MinPeaks+P-Filter+EquipRej+SkinPrio+BodyExt+Omega+OmScale+OmSplit+OmRot+Kalman+NonRigid+StaticSup,run2 pfilter4
cap_000217,2026-08-21T14:15:30.480,horizontal,23.48,25.98,2,2,0.717097621889557,TempBand+Watershed+Merge+ClustSml+ShapeGate+MinPeaks+P-Filter+EquipRej+SkinPrio+BodyExt+Omega+OmScale+OmSplit+OmRot+Kalman+NonRigid+StaticSup,run2 pfilter4
cap_000218,2026-08-21T14:15:30.575,horizontal,23.46,25.96,2,2,0.8571931109832502,TempBand+Watershed+Merge+ClustSml+ShapeGate+MinPeaks+P-Filter+EquipRej+SkinPrio+BodyExt+Omega+OmScale+OmSplit+OmRot+Kalman+NonRigid+StaticSup,run2 pfilter4
cap_000219,2026-08-21T14:15:30.705,horizontal,23.43,25.93,2,2,0.7403031413037161,TempBand+Watershed+Merge+ClustSml+ShapeGate+MinPeaks+P-Filter+EquipRej+SkinPrio+BodyExt+Omega+OmScale+OmSplit+OmRot+Kalman+NonRigid+StaticSup,run2 pfilter4
cap_000220,2026-08-21T14:15:30.798,horizontal,23.43,25.93,2,2,0.717097621889557,TempBand+Watershed+Merge+ClustSml+ShapeGate+MinPeaks+P-Filter+EquipRej+SkinPrio+BodyExt+Omega+OmScale+OmSplit+OmRot+Kalman+NonRigid+StaticSup,run2 pfilter4
cap_000221,2026-08-21T14:15:30.930,horizontal,23.43,25.93,2,2,0.8512014442938153,TempBand+Watershed+Merge+ClustSml+ShapeGate+MinPeaks+P-Filter+EquipRej+SkinPrio+BodyExt+Omega+OmScale+OmSplit+OmRot+Kalman+NonRigid+StaticSup,run2 pfilter4
cap_000222,2026-08-21T14:15:31.056,horizontal,23.41,25.91,2,1,0.9060831601800297,TempBand+Watershed+Merge+ClustSml+ShapeGate+MinPeaks+P-Filter+EquipRej+SkinPrio+BodyExt+Omega+OmScale+OmSplit+OmRot+Kalman+NonRigid+StaticSup,run2 pfilter4
cap_000223,2026-08-21T14:15:31.152,horizontal,23.41,25.91,2,2,0.8571931109832502,TempBand+Watershed+Merge+ClustSml+ShapeGate+MinPeaks+P-Filter+EquipRej+SkinPrio+BodyExt+Omega+OmScale+OmSplit+OmRot+Kalman+NonRigid+StaticSup,run2 pfilter4
cap_000224,2026-08-21T14:15:31.282,horizontal,23.41,25.91,2,2,0.9995840362410647,TempBand+Watershed+Merge+ClustSml+ShapeGate+MinPeaks+P-Filter+EquipRej+SkinPrio+BodyExt+Omega+OmScale+OmSplit+OmRot+Kalman+NonRigid+StaticSup,run2 pfilter4
cap_000225,2026-08-21T14:15:31.378,horizontal,23.41,25.91,2,3,0.879633951892137,TempBand+Watershed+Merge+ClustSml+ShapeGate+MinPeaks+P-Filter+EquipRej+SkinPrio+BodyExt+Omega+OmScale+OmSplit+OmRot+Kalman+NonRigid+StaticSup,run2 pfilter4
cap_000226,2026-08-21T14:15:31.505,horizontal,23.41,25.91,2,2,0.879633951892137,TempBand+Watershed+Merge+ClustSml+ShapeGate+MinPeaks+P-Filter+EquipRej+SkinPrio+BodyExt+Omega+OmScale+OmSplit+OmRot+Kalman+NonRigid+StaticSup,run2 pfilter4
cap_000227,2026-08-21T14:15:31.600,horizontal,23.41,25.91,2,2,0.9396089940666008,TempBand+Watershed+Merge+ClustSml+ShapeGate+MinPeaks+P-Filter+EquipRej+SkinPrio+BodyExt+Omega+OmScale+OmSplit+OmRot+Kalman+NonRigid+StaticSup,run2 pfilter4
cap_000228,2026-08-21T14:15:31.740,horizontal,23.43,25.93,2,1,0.879633951892137,TempBand+Watershed+Merge+ClustSml+ShapeGate+MinPeaks+P-Filter+EquipRej+SkinPrio+BodyExt+Omega+OmScale+OmSplit+OmRot+Kalman+NonRigid+StaticSup,run2 pfilter4
cap_000229,2026-08-21T14:15:31.875,horizontal,23.46,25.96,2,1,0.879633951892137,TempBand+Watershed+Merge+ClustSml+ShapeGate+MinPeaks+P-Filter+EquipRej+SkinPrio+BodyExt+Omega+OmScale+OmSplit+OmRot+Kalman+NonRigid+StaticSup,run2 pfilter4
cap_000230,2026-08-21T14:15:31.953,horizontal,23.43,25.93,2,1,0.9898478033787338,TempBand+Watershed+Merge+ClustSml+ShapeGate+MinPeaks+P-Filter+EquipRej+SkinPrio+BodyExt+Omega+OmScale+OmSplit+OmRot+Kalman+NonRigid+StaticSup,run2 pfilter4
cap_000231,2026-08-21T14:15:32.083,horizontal,23.46,25.96,2,1,0.9200229011058765,TempBand+Watershed+Merge+ClustSml+ShapeGate+MinPeaks+P-Filter+EquipRej+SkinPrio+BodyExt+Omega+OmScale+OmSplit+OmRot+Kalman+NonRigid+StaticSup,run2 pfilter4
cap_000232,2026-08-21T14:15:32.180,horizontal,23.43,25.93,2,1,0.9583571886519542,TempBand+Watershed+Merge+ClustSml+ShapeGate+MinPeaks+P-Filter+EquipRej+SkinPrio+BodyExt+Omega+OmScale+OmSplit+OmRot+Kalman+NonRigid+StaticSup,run2 pfilter4
cap_000233,2026-08-21T14:15:32.308,horizontal,23.43,25.93,2,1,0.8929961444342192,TempBand+Watershed+Merge+ClustSml+ShapeGate+MinPeaks+P-Filter+EquipRej+SkinPrio+BodyExt+Omega+OmScale+OmSplit+OmRot+Kalman+NonRigid+StaticSup,run2 pfilter4
cap_000234,2026-08-21T14:15:32.401,horizontal,23.43,25.93,2,1,0.61604883507439,TempBand+Watershed+Merge+ClustSml+ShapeGate+MinPeaks+P-Filter+EquipRej+SkinPrio+BodyExt+Omega+OmScale+OmSplit+OmRot+Kalman+NonRigid+StaticSup,run2 pfilter4
cap_000235,2026-08-21T14:15:32.531,horizontal,23.41,25.91,2,1,0.34633495069174275,TempBand+Watershed+Merge+ClustSml+ShapeGate+MinPeaks+P-Filter+EquipRej+SkinPrio+BodyExt+Omega+OmScale+OmSplit+OmRot+Kalman+NonRigid+StaticSup,run2 pfilter4
cap_000236,2026-08-21T14:15:32.627,horizontal,23.41,25.91,2,1,0.6330241640285962,TempBand+Watershed+Merge+ClustSml+ShapeGate+MinPeaks+P-Filter+EquipRej+SkinPrio+BodyExt+Omega+OmScale+OmSplit+OmRot+Kalman+NonRigid+StaticSup,run2 pfilter4
cap_000237,2026-08-21T14:15:32.756,horizontal,23.41,25.91,2,1,0.8995606541459005,TempBand+Watershed+Merge+ClustSml+ShapeGate+MinPeaks+P-Filter+EquipRej+SkinPrio+BodyExt+Omega+OmScale+OmSplit+OmRot+Kalman+NonRigid+StaticSup,run2 pfilter4
cap_000238,2026-08-21T14:15:32.885,horizontal,23.41,25.91,2,1,0.9226298248352849,TempBand+Watershed+Merge+ClustSml+ShapeGate+MinPeaks+P-Filter+EquipRej+SkinPrio+BodyExt+Omega+OmScale+OmSplit+OmRot+Kalman+NonRigid+StaticSup,run2 pfilter4
cap_000239,2026-08-21T14:15:32.995,horizontal,23.39,25.89,2,1,0.7381038598682279,TempBand+Watershed+Merge+ClustSml+ShapeGate+MinPeaks+P-Filter+EquipRej+SkinPrio+BodyExt+Omega+OmScale+OmSplit+OmRot+Kalman+NonRigid+StaticSup,run2 pfilter4
cap_000240,2026-08-21T14:15:33.108,horizontal,23.39,25.89,2,0,0.0,TempBand+Watershed+Merge+ClustSml+ShapeGate+MinPeaks+P-Filter+EquipRej+SkinPrio+BodyExt+Omega+OmScale+OmSplit+OmRot+Kalman+NonRigid+StaticSup,run2 pfilter4
cap_000241,2026-08-21T14:15:33.209,horizontal,23.39,25.89,2,1,0.731211719284379,TempBand+Watershed+Merge+ClustSml+ShapeGate+MinPeaks+P-Filter+EquipRej+SkinPrio+BodyExt+Omega+OmScale+OmSplit+OmRot+Kalman+NonRigid+StaticSup,run2 pfilter4
cap_000242,2026-08-21T14:15:33.330,horizontal,23.39,25.89,2,2,0.9922179382602435,TempBand+Watershed+Merge+ClustSml+ShapeGate+MinPeaks+P-Filter+EquipRej+SkinPrio+BodyExt+Omega+OmScale+OmSplit+OmRot+Kalman+NonRigid+StaticSup,run2 pfilter4
cap_000243,2026-08-21T14:15:33.427,horizontal,23.41,25.91,2,2,0.756547966317742,TempBand+Watershed+Merge+ClustSml+ShapeGate+MinPeaks+P-Filter+EquipRej+SkinPrio+BodyExt+Omega+OmScale+OmSplit+OmRot+Kalman+NonRigid+StaticSup,run2 pfilter4
cap_000244,2026-08-21T14:15:33.555,horizontal,23.43,25.93,2,2,0.9348872166849675,TempBand+Watershed+Merge+ClustSml+ShapeGate+MinPeaks+P-Filter+EquipRej+SkinPrio+BodyExt+Omega+OmScale+OmSplit+OmRot+Kalman+NonRigid+StaticSup,run2 pfilter4
cap_000245,2026-08-21T14:15:33.686,horizontal,23.43,25.93,2,2,0.9134473240578765,TempBand+Watershed+Merge+ClustSml+ShapeGate+MinPeaks+P-Filter+EquipRej+SkinPrio+BodyExt+Omega+OmScale+OmSplit+OmRot+Kalman+NonRigid+StaticSup,run2 pfilter4
cap_000246,2026-08-21T14:15:33.781,horizontal,23.39,25.89,2,2,0.9065601586378981,TempBand+Watershed+Merge+ClustSml+ShapeGate+MinPeaks+P-Filter+EquipRej+SkinPrio+BodyExt+Omega+OmScale+OmSplit+OmRot+Kalman+NonRigid+StaticSup,run2 pfilter4
cap_000247,2026-08-21T14:15:33.908,horizontal,23.34,25.84,2,2,0.9309857793405011,TempBand+Watershed+Merge+ClustSml+ShapeGate+MinPeaks+P-Filter+EquipRej+SkinPrio+BodyExt+Omega+OmScale+OmSplit+OmRot+Kalman+NonRigid+StaticSup,run2 pfilter4
cap_000248,2026-08-21T14:15:34.004,horizontal,23.34,25.84,2,1,0.8600763906772003,TempBand+Watershed+Merge+ClustSml+ShapeGate+MinPeaks+P-Filter+EquipRej+SkinPrio+BodyExt+Omega+OmScale+OmSplit+OmRot+Kalman+NonRigid+StaticSup,run2 pfilter4
cap_000249,2026-08-21T14:15:34.126,horizontal,23.36,25.86,1,1,0.7801519946035572,TempBand+Watershed+Merge+ClustSml+ShapeGate+MinPeaks+P-Filter+EquipRej+SkinPrio+BodyExt+Omega+OmScale+OmSplit+OmRot+Kalman+NonRigid+StaticSup,run2 pfilter4
cap_000250,2026-08-21T14:15:34.218,horizontal,23.36,25.86,1,1,0.5514563777715938,TempBand+Watershed+Merge+ClustSml+ShapeGate+MinPeaks+P-Filter+EquipRej+SkinPrio+BodyExt+Omega+OmScale+OmSplit+OmRot+Kalman+NonRigid+StaticSup,run2 pfilter4
cap_000251,2026-08-21T14:15:34.368,horizontal,23.36,25.86,1,1,0.7101498639654337,TempBand+Watershed+Merge+ClustSml+ShapeGate+MinPeaks+P-Filter+EquipRej+SkinPrio+BodyExt+Omega+OmScale+OmSplit+OmRot+Kalman+NonRigid+StaticSup,run2 pfilter4
cap_000252,2026-08-21T14:15:34.454,horizontal,23.39,25.89,2,2,0.5689726038888568,TempBand+Watershed+Merge+ClustSml+ShapeGate+MinPeaks+P-Filter+EquipRej+SkinPrio+BodyExt+Omega+OmScale+OmSplit+OmRot+Kalman+NonRigid+StaticSup,run2 pfilter4
cap_000253,2026-08-21T14:15:34.578,horizontal,23.36,25.86,2,3,0.9934606611413028,TempBand+Watershed+Merge+ClustSml+ShapeGate+MinPeaks+P-Filter+EquipRej+SkinPrio+BodyExt+Omega+OmScale+OmSplit+OmRot+Kalman+NonRigid+StaticSup,run2 pfilter4
cap_000254,2026-08-21T14:15:34.704,horizontal,23.36,25.86,2,2,0.9445914772237518,TempBand+Watershed+Merge+ClustSml+ShapeGate+MinPeaks+P-Filter+EquipRej+SkinPrio+BodyExt+Omega+OmScale+OmSplit+OmRot+Kalman+NonRigid+StaticSup,run2 pfilter4
cap_000255,2026-08-21T14:15:34.803,horizontal,23.34,25.84,2,2,0.9825754689579004,TempBand+Watershed+Merge+ClustSml+ShapeGate+MinPeaks+P-Filter+EquipRej+SkinPrio+BodyExt+Omega+OmScale+OmSplit+OmRot+Kalman+NonRigid+StaticSup,run2 pfilter4
cap_000256,2026-08-21T14:15:34.931,horizontal,23.32,25.82,2,3,0.9691001482407637,TempBand+Watershed+Merge+ClustSml+ShapeGate+MinPeaks+P-Filter+EquipRej+SkinPrio+BodyExt+Omega+OmScale+OmSplit+OmRot+Kalman+NonRigid+StaticSup,run2 pfilter4
cap_000257,2026-08-21T14:15:35.029,horizontal,23.32,25.82,2,2,0.9025554025336598,TempBand+Watershed+Merge+ClustSml+ShapeGate+MinPeaks+P-Filter+EquipRej+SkinPrio+BodyExt+Omega+OmScale+OmSplit+OmRot+Kalman+NonRigid+StaticSup,run2 pfilter4
cap_000258,2026-08-21T14:15:35.159,horizontal,23.34,25.84,2,2,0.8331209240219628,TempBand+Watershed+Merge+ClustSml+ShapeGate+MinPeaks+P-Filter+EquipRej+SkinPrio+BodyExt+Omega+OmScale+OmSplit+OmRot+Kalman+NonRigid+StaticSup,run2 pfilter4
cap_000259,2026-08-21T14:15:35.256,horizontal,23.36,25.86,2,2,0.8567753081092153,TempBand+Watershed+Merge+ClustSml+ShapeGate+MinPeaks+P-Filter+EquipRej+SkinPrio+BodyExt+Omega+OmScale+OmSplit+OmRot+Kalman+NonRigid+StaticSup,run2 pfilter4
cap_000260,2026-08-21T14:15:35.384,horizontal,23.36,25.86,2,2,0.46446049531098804,TempBand+Watershed+Merge+ClustSml+ShapeGate+MinPeaks+P-Filter+EquipRej+SkinPrio+BodyExt+Omega+OmScale+OmSplit+OmRot+Kalman+NonRigid+StaticSup,run2 pfilter4
cap_000261,2026-08-21T14:15:35.479,horizontal,23.34,25.84,2,2,0.9273270927909709,TempBand+Watershed+Merge+ClustSml+ShapeGate+MinPeaks+P-Filter+EquipRej+SkinPrio+BodyExt+Omega+OmScale+OmSplit+OmRot+Kalman+NonRigid+StaticSup,run2 pfilter4
cap_000262,2026-08-21T14:15:35.604,horizontal,23.34,25.84,2,3,0.9341567175052857,TempBand+Watershed+Merge+ClustSml+ShapeGate+MinPeaks+P-Filter+EquipRej+SkinPrio+BodyExt+Omega+OmScale+OmSplit+OmRot+Kalman+NonRigid+StaticSup,run2 pfilter4
cap_000263,2026-08-21T14:15:35.735,horizontal,23.32,25.82,2,3,0.6651427831314585,TempBand+Watershed+Merge+ClustSml+ShapeGate+MinPeaks+P-Filter+EquipRej+SkinPrio+BodyExt+Omega+OmScale+OmSplit+OmRot+Kalman+NonRigid+StaticSup,run2 pfilter4
cap_000264,2026-08-21T14:15:35.829,horizontal,23.32,25.82,2,2,0.8942061663101463,TempBand+Watershed+Merge+ClustSml+ShapeGate+MinPeaks+P-Filter+EquipRej+SkinPrio+BodyExt+Omega+OmScale+OmSplit+OmRot+Kalman+NonRigid+StaticSup,run2 pfilter4
cap_000265,2026-08-21T14:15:35.959,horizontal,23.29,25.79,2,2,0.9641776548963795,TempBand+Watershed+Merge+ClustSml+ShapeGate+MinPeaks+P-Filter+EquipRej+SkinPrio+BodyExt+Omega+OmScale+OmSplit+OmRot+Kalman+NonRigid+StaticSup,run2 pfilter4
cap_000266,2026-08-21T14:15:36.054,horizontal,23.29,25.79,2,2,0.9836069275391278,TempBand+Watershed+Merge+ClustSml+ShapeGate+MinPeaks+P-Filter+EquipRej+SkinPrio+BodyExt+Omega+OmScale+OmSplit+OmRot+Kalman+NonRigid+StaticSup,run2 pfilter4
cap_000267,2026-08-21T14:15:36.183,horizontal,23.27,25.77,2,2,0.8174182621150646,TempBand+Watershed+Merge+ClustSml+ShapeGate+MinPeaks+P-Filter+EquipRej+SkinPrio+BodyExt+Omega+OmScale+OmSplit+OmRot+Kalman+NonRigid+StaticSup,run2 pfilter4
cap_000268,2026-08-21T14:15:36.278,horizontal,23.24,25.74,2,2,0.9859861475574563,TempBand+Watershed+Merge+ClustSml+ShapeGate+MinPeaks+P-Filter+EquipRej+SkinPrio+BodyExt+Omega+OmScale+OmSplit+OmRot+Kalman+NonRigid+StaticSup,run2 pfilter4
cap_000269,2026-08-21T14:15:36.434,horizontal,23.24,25.74,2,3,0.9952948677777094,TempBand+Watershed+Merge+ClustSml+ShapeGate+MinPeaks+P-Filter+EquipRej+SkinPrio+BodyExt+Omega+OmScale+OmSplit+OmRot+Kalman+NonRigid+StaticSup,run2 pfilter4
cap_000270,2026-08-21T14:15:36.533,horizontal,23.27,25.77,2,2,0.9341734537660169,TempBand+Watershed+Merge+ClustSml+ShapeGate+MinPeaks+P-Filter+EquipRej+SkinPrio+BodyExt+Omega+OmScale+OmSplit+OmRot+Kalman+NonRigid+StaticSup,run2 pfilter4
cap_000271,2026-08-21T14:15:36.632,horizontal,23.27,25.77,2,3,0.9503133559743308,TempBand+Watershed+Merge+ClustSml+ShapeGate+MinPeaks+P-Filter+EquipRej+SkinPrio+BodyExt+Omega+OmScale+OmSplit+OmRot+Kalman+NonRigid+StaticSup,run2 pfilter4
cap_000272,2026-08-21T14:15:36.757,horizontal,23.24,25.74,2,2,0.957203924120803,TempBand+Watershed+Merge+ClustSml+ShapeGate+MinPeaks+P-Filter+EquipRej+SkinPrio+BodyExt+Omega+OmScale+OmSplit+OmRot+Kalman+NonRigid+StaticSup,run2 pfilter4
cap_000273,2026-08-21T14:15:36.854,horizontal,23.24,25.74,2,2,0.824985384908368,TempBand+Watershed+Merge+ClustSml+ShapeGate+MinPeaks+P-Filter+EquipRej+SkinPrio+BodyExt+Omega+OmScale+OmSplit+OmRot+Kalman+NonRigid+StaticSup,run2 pfilter4
cap_000274,2026-08-21T14:15:36.983,horizontal,23.24,25.74,2,2,0.8983547144757946,TempBand+Watershed+Merge+ClustSml+ShapeGate+MinPeaks+P-Filter+EquipRej+SkinPrio+BodyExt+Omega+OmScale+OmSplit+OmRot+Kalman+NonRigid+StaticSup,run2 pfilter4
cap_000275,2026-08-21T14:15:37.079,horizontal,23.24,25.74,2,3,0.780837894354697,TempBand+Watershed+Merge+ClustSml+ShapeGate+MinPeaks+P-Filter+EquipRej+SkinPrio+BodyExt+Omega+OmScale+OmSplit+OmRot+Kalman+NonRigid+StaticSup,run2 pfilter4
cap_000276,2026-08-21T14:15:37.207,horizontal,23.24,25.74,2,1,0.6404409330544684,TempBand+Watershed+Merge+ClustSml+ShapeGate+MinPeaks+P-Filter+EquipRej+SkinPrio+BodyExt+Omega+OmScale+OmSplit+OmRot+Kalman+NonRigid+StaticSup,run2 pfilter4
cap_000277,2026-08-21T14:15:37.301,horizontal,23.27,25.77,2,2,0.9275528504452842,TempBand+Watershed+Merge+ClustSml+ShapeGate+MinPeaks+P-Filter+EquipRej+SkinPrio+BodyExt+Omega+OmScale+OmSplit+OmRot+Kalman+NonRigid+StaticSup,run2 pfilter4
cap_000278,2026-08-21T14:15:37.430,horizontal,23.32,25.82,2,3,0.897600827012685,TempBand+Watershed+Merge+ClustSml+ShapeGate+MinPeaks+P-Filter+EquipRej+SkinPrio+BodyExt+Omega+OmScale+OmSplit+OmRot+Kalman+NonRigid+StaticSup,run2 pfilter4
cap_000279,2026-08-21T14:15:37.557,horizontal,23.34,25.84,2,2,0.9218483433699751,TempBand+Watershed+Merge+ClustSml+ShapeGate+MinPeaks+P-Filter+EquipRej+SkinPrio+BodyExt+Omega+OmScale+OmSplit+OmRot+Kalman+NonRigid+StaticSup,run2 pfilter4
cap_000280,2026-08-21T14:15:37.657,horizontal,23.34,25.84,2,3,0.8491749836282712,TempBand+Watershed+Merge+ClustSml+ShapeGate+MinPeaks+P-Filter+EquipRej+SkinPrio+BodyExt+Omega+OmScale+OmSplit+OmRot+Kalman+NonRigid+StaticSup,run2 pfilter4
cap_000281,2026-08-21T14:15:37.781,horizontal,23.34,25.84,2,3,0.882419244139757,TempBand+Watershed+Merge+ClustSml+ShapeGate+MinPeaks+P-Filter+EquipRej+SkinPrio+BodyExt+Omega+OmScale+OmSplit+OmRot+Kalman+NonRigid+StaticSup,run2 pfilter4
cap_000282,2026-08-21T14:15:37.880,horizontal,23.36,25.86,2,3,0.9238563298604842,TempBand+Watershed+Merge+ClustSml+ShapeGate+MinPeaks+P-Filter+EquipRej+SkinPrio+BodyExt+Omega+OmScale+OmSplit+OmRot+Kalman+NonRigid+StaticSup,run2 pfilter4
cap_000283,2026-08-21T14:15:38.003,horizontal,23.38,25.88,2,2,0.8502281298540364,TempBand+Watershed+Merge+ClustSml+ShapeGate+MinPeaks+P-Filter+EquipRej+SkinPrio+BodyExt+Omega+OmScale+OmSplit+OmRot+Kalman+NonRigid+StaticSup,run2 pfilter4
cap_000284,2026-08-21T14:15:38.099,horizontal,23.36,25.86,2,2,0.8530989707237258,TempBand+Watershed+Merge+ClustSml+ShapeGate+MinPeaks+P-Filter+EquipRej+SkinPrio+BodyExt+Omega+OmScale+OmSplit+OmRot+Kalman+NonRigid+StaticSup,run2 pfilter4
cap_000285,2026-08-21T14:15:38.230,horizontal,23.36,25.86,2,2,0.7353155110813447,TempBand+Watershed+Merge+ClustSml+ShapeGate+MinPeaks+P-Filter+EquipRej+SkinPrio+BodyExt+Omega+OmScale+OmSplit+OmRot+Kalman+NonRigid+StaticSup,run2 pfilter4
cap_000286,2026-08-21T14:15:38.354,horizontal,23.36,25.86,2,2,0.593582315805808,TempBand+Watershed+Merge+ClustSml+ShapeGate+MinPeaks+P-Filter+EquipRej+SkinPrio+BodyExt+Omega+OmScale+OmSplit+OmRot+Kalman+NonRigid+StaticSup,run2 pfilter4
cap_000287,2026-08-21T14:15:38.450,horizontal,23.36,25.86,2,2,0.6771794649451266,TempBand+Watershed+Merge+ClustSml+ShapeGate+MinPeaks+P-Filter+EquipRej+SkinPrio+BodyExt+Omega+OmScale+OmSplit+OmRot+Kalman+NonRigid+StaticSup,run2 pfilter4
cap_000288,2026-08-21T14:15:38.586,horizontal,23.36,25.86,2,2,0.5686981725510476,TempBand+Watershed+Merge+ClustSml+ShapeGate+MinPeaks+P-Filter+EquipRej+SkinPrio+BodyExt+Omega+OmScale+OmSplit+OmRot+Kalman+NonRigid+StaticSup,run2 pfilter4
cap_000289,2026-08-21T14:15:38.677,horizontal,23.32,25.82,2,2,0.5317829375318707,TempBand+Watershed+Merge+ClustSml+ShapeGate+MinPeaks+P-Filter+EquipRej+SkinPrio+BodyExt+Omega+OmScale+OmSplit+OmRot+Kalman+NonRigid+StaticSup,run2 pfilter4
cap_000290,2026-08-21T14:15:38.811,horizontal,23.34,25.84,2,3,0.7175982426235107,TempBand+Watershed+Merge+ClustSml+ShapeGate+MinPeaks+P-Filter+EquipRej+SkinPrio+BodyExt+Omega+OmScale+OmSplit+OmRot+Kalman+NonRigid+StaticSup,run2 pfilter4
cap_000291,2026-08-21T14:15:38.907,horizontal,23.36,25.86,2,3,0.7836285511310244,TempBand+Watershed+Merge+ClustSml+ShapeGate+MinPeaks+P-Filter+EquipRej+SkinPrio+BodyExt+Omega+OmScale+OmSplit+OmRot+Kalman+NonRigid+StaticSup,run2 pfilter4
cap_000292,2026-08-21T14:15:39.043,horizontal,23.39,25.89,2,1,0.9780433962850967,TempBand+Watershed+Merge+ClustSml+ShapeGate+MinPeaks+P-Filter+EquipRej+SkinPrio+BodyExt+Omega+OmScale+OmSplit+OmRot+Kalman+NonRigid+StaticSup,run2 pfilter4
cap_000293,2026-08-21T14:15:39.131,horizontal,23.39,25.89,2,1,0.9576539053938581,TempBand+Watershed+Merge+ClustSml+ShapeGate+MinPeaks+P-Filter+EquipRej+SkinPrio+BodyExt+Omega+OmScale+OmSplit+OmRot+Kalman+NonRigid+StaticSup,run2 pfilter4
cap_000294,2026-08-21T14:15:39.259,horizontal,23.39,25.89,2,2,0.8851219516604492,TempBand+Watershed+Merge+ClustSml+ShapeGate+MinPeaks+P-Filter+EquipRej+SkinPrio+BodyExt+Omega+OmScale+OmSplit+OmRot+Kalman+NonRigid+StaticSup,run2 pfilter4
cap_000295,2026-08-21T14:15:39.385,horizontal,23.39,25.89,2,2,0.8608194827141226,TempBand+Watershed+Merge+ClustSml+ShapeGate+MinPeaks+P-Filter+EquipRej+SkinPrio+BodyExt+Omega+OmScale+OmSplit+OmRot+Kalman+NonRigid+StaticSup,run2 pfilter4
cap_000296,2026-08-21T14:15:39.475,horizontal,23.36,25.86,2,2,0.746372416126437,TempBand+Watershed+Merge+ClustSml+ShapeGate+MinPeaks+P-Filter+EquipRej+SkinPrio+BodyExt+Omega+OmScale+OmSplit+OmRot+Kalman+NonRigid+StaticSup,run2 pfilter4
cap_000297,2026-08-21T14:15:39.608,horizontal,23.39,25.89,2,2,0.8963998460035422,TempBand+Watershed+Merge+ClustSml+ShapeGate+MinPeaks+P-Filter+EquipRej+SkinPrio+BodyExt+Omega+OmScale+OmSplit+OmRot+Kalman+NonRigid+StaticSup,run2 pfilter4
cap_000298,2026-08-21T14:15:39.703,horizontal,23.39,25.89,2,1,0.9866870646908249,TempBand+Watershed+Merge+ClustSml+ShapeGate+MinPeaks+P-Filter+EquipRej+SkinPrio+BodyExt+Omega+OmScale+OmSplit+OmRot+Kalman+NonRigid+StaticSup,run2 pfilter4
cap_000299,2026-08-21T14:15:39.830,horizontal,23.39,25.89,2,2,0.5490442015219813,TempBand+Watershed+Merge+ClustSml+ShapeGate+MinPeaks+P-Filter+EquipRej+SkinPrio+BodyExt+Omega+OmScale+OmSplit+OmRot+Kalman+NonRigid+StaticSup,run2 pfilter4
cap_000300,2026-08-21T14:15:39.927,horizontal,23.36,25.86,2,2,0.3925201042988116,TempBand+Watershed+Merge+ClustSml+ShapeGate+MinPeaks+P-Filter+EquipRej+SkinPrio+BodyExt+Omega+OmScale+OmSplit+OmRot+Kalman+NonRigid+StaticSup,run2 pfilter4
cap_000301,2026-08-21T14:15:40.053,horizontal,23.39,25.89,2,2,0.4259535064388637,TempBand+Watershed+Merge+ClustSml+ShapeGate+MinPeaks+P-Filter+EquipRej+SkinPrio+BodyExt+Omega+OmScale+OmSplit+OmRot+Kalman+NonRigid+StaticSup,run2 pfilter4
cap_000302,2026-08-21T14:15:40.179,horizontal,23.36,25.86,2,2,0.7421325676948738,TempBand+Watershed+Merge+ClustSml+ShapeGate+MinPeaks+P-Filter+EquipRej+SkinPrio+BodyExt+Omega+OmScale+OmSplit+OmRot+Kalman+NonRigid+StaticSup,run2 pfilter4
cap_000303,2026-08-21T14:15:40.276,horizontal,23.34,25.84,2,2,0.9769057704742439,TempBand+Watershed+Merge+ClustSml+ShapeGate+MinPeaks+P-Filter+EquipRej+SkinPrio+BodyExt+Omega+OmScale+OmSplit+OmRot+Kalman+NonRigid+StaticSup,run2 pfilter4
cap_000304,2026-08-21T14:15:40.409,horizontal,23.32,25.82,2,3,0.9024203239962155,TempBand+Watershed+Merge+ClustSml+ShapeGate+MinPeaks+P-Filter+EquipRej+SkinPrio+BodyExt+Omega+OmScale+OmSplit+OmRot+Kalman+NonRigid+StaticSup,run2 pfilter4
cap_000305,2026-08-21T14:15:40.503,horizontal,23.29,25.79,2,3,0.8481515059369987,TempBand+Watershed+Merge+ClustSml+ShapeGate+MinPeaks+P-Filter+EquipRej+SkinPrio+BodyExt+Omega+OmScale+OmSplit+OmRot+Kalman+NonRigid+StaticSup,run2 pfilter4
cap_000306,2026-08-21T14:15:40.635,horizontal,23.29,25.79,2,2,0.9750099107696861,TempBand+Watershed+Merge+ClustSml+ShapeGate+MinPeaks+P-Filter+EquipRej+SkinPrio+BodyExt+Omega+OmScale+OmSplit+OmRot+Kalman+NonRigid+StaticSup,run2 pfilter4
cap_000307,2026-08-21T14:15:40.723,horizontal,23.27,25.77,2,2,0.9490438814396178,TempBand+Watershed+Merge+ClustSml+ShapeGate+MinPeaks+P-Filter+EquipRej+SkinPrio+BodyExt+Omega+OmScale+OmSplit+OmRot+Kalman+NonRigid+StaticSup,run2 pfilter4
cap_000308,2026-08-21T14:15:40.849,horizontal,23.22,25.72,1,1,0.7524795872960811,TempBand+Watershed+Merge+ClustSml+ShapeGate+MinPeaks+P-Filter+EquipRej+SkinPrio+BodyExt+Omega+OmScale+OmSplit+OmRot+Kalman+NonRigid+StaticSup,run2 pfilter4
cap_000309,2026-08-21T14:15:40.947,horizontal,23.20,25.70,1,1,0.7418251260926454,TempBand+Watershed+Merge+ClustSml+ShapeGate+MinPeaks+P-Filter+EquipRej+SkinPrio+BodyExt+Omega+OmScale+OmSplit+OmRot+Kalman+NonRigid+StaticSup,run2 pfilter4
cap_000310,2026-08-21T14:15:41.071,horizontal,23.19,25.69,1,1,0.6770089435430676,TempBand+Watershed+Merge+ClustSml+ShapeGate+MinPeaks+P-Filter+EquipRej+SkinPrio+BodyExt+Omega+OmScale+OmSplit+OmRot+Kalman+NonRigid+StaticSup,run2 pfilter4
cap_000311,2026-08-21T14:15:41.202,horizontal,23.20,25.70,1,1,0.7461696438355689,TempBand+Watershed+Merge+ClustSml+ShapeGate+MinPeaks+P-Filter+EquipRej+SkinPrio+BodyExt+Omega+OmScale+OmSplit+OmRot+Kalman+NonRigid+StaticSup,run2 pfilter4
cap_000312,2026-08-21T14:15:41.298,horizontal,23.20,25.70,1,2,0.9207350681783395,TempBand+Watershed+Merge+ClustSml+ShapeGate+MinPeaks+P-Filter+EquipRej+SkinPrio+BodyExt+Omega+OmScale+OmSplit+OmRot+Kalman+NonRigid+StaticSup,run2 pfilter4
cap_000313,2026-08-21T14:15:41.422,horizontal,23.20,25.70,1,2,0.7923604274534074,TempBand+Watershed+Merge+ClustSml+ShapeGate+MinPeaks+P-Filter+EquipRej+SkinPrio+BodyExt+Omega+OmScale+OmSplit+OmRot+Kalman+NonRigid+StaticSup,run2 pfilter4
cap_000314,2026-08-21T14:15:41.519,horizontal,23.20,25.70,1,2,0.8997986237101873,TempBand+Watershed+Merge+ClustSml+ShapeGate+MinPeaks+P-Filter+EquipRej+SkinPrio+BodyExt+Omega+OmScale+OmSplit+OmRot+Kalman+NonRigid+StaticSup,run2 pfilter4
cap_000315,2026-08-21T14:15:41.651,horizontal,23.20,25.70,1,2,0.9792836221720572,TempBand+Watershed+Merge+ClustSml+ShapeGate+MinPeaks+P-Filter+EquipRej+SkinPrio+BodyExt+Omega+OmScale+OmSplit+OmRot+Kalman+NonRigid+StaticSup,run2 pfilter4
cap_000316,2026-08-21T14:15:41.759,horizontal,23.20,25.70,1,2,0.9417786534344448,TempBand+Watershed+Merge+ClustSml+ShapeGate+MinPeaks+P-Filter+EquipRej+SkinPrio+BodyExt+Omega+OmScale+OmSplit+OmRot+Kalman+NonRigid+StaticSup,run2 pfilter4
cap_000317,2026-08-21T14:15:41.875,horizontal,23.24,25.74,1,1,0.6135564812330632,TempBand+Watershed+Merge+ClustSml+ShapeGate+MinPeaks+P-Filter+EquipRej+SkinPrio+BodyExt+Omega+OmScale+OmSplit+OmRot+Kalman+NonRigid+StaticSup,run2 pfilter4
cap_000318,2026-08-21T14:15:41.983,horizontal,23.24,25.74,1,1,0.9099434562745281,TempBand+Watershed+Merge+ClustSml+ShapeGate+MinPeaks+P-Filter+EquipRej+SkinPrio+BodyExt+Omega+OmScale+OmSplit+OmRot+Kalman+NonRigid+StaticSup,run2 pfilter4
cap_000319,2026-08-21T14:15:42.113,horizontal,23.29,25.79,2,2,0.9314281436815695,TempBand+Watershed+Merge+ClustSml+ShapeGate+MinPeaks+P-Filter+EquipRej+SkinPrio+BodyExt+Omega+OmScale+OmSplit+OmRot+Kalman+NonRigid+StaticSup,run2 pfilter4
cap_000320,2026-08-21T14:15:42.228,horizontal,23.29,25.79,1,1,0.7260897338439172,TempBand+Watershed+Merge+ClustSml+ShapeGate+MinPeaks+P-Filter+EquipRej+SkinPrio+BodyExt+Omega+OmScale+OmSplit+OmRot+Kalman+NonRigid+StaticSup,run2 pfilter4
cap_000321,2026-08-21T14:15:42.329,horizontal,23.27,25.77,2,2,0.9320430162686374,TempBand+Watershed+Merge+ClustSml+ShapeGate+MinPeaks+P-Filter+EquipRej+SkinPrio+BodyExt+Omega+OmScale+OmSplit+OmRot+Kalman+NonRigid+StaticSup,run2 pfilter4
cap_000322,2026-08-21T14:15:42.456,horizontal,23.24,25.74,1,1,0.7018396206842138,TempBand+Watershed+Merge+ClustSml+ShapeGate+MinPeaks+P-Filter+EquipRej+SkinPrio+BodyExt+Omega+OmScale+OmSplit+OmRot+Kalman+NonRigid+StaticSup,run2 pfilter4
cap_000323,2026-08-21T14:15:42.544,horizontal,23.24,25.74,1,1,0.4122785397434887,TempBand+Watershed+Merge+ClustSml+ShapeGate+MinPeaks+P-Filter+EquipRej+SkinPrio+BodyExt+Omega+OmScale+OmSplit+OmRot+Kalman+NonRigid+StaticSup,run2 pfilter4
cap_000324,2026-08-21T14:15:42.671,horizontal,23.24,25.74,1,1,0.7689689021516888,TempBand+Watershed+Merge+ClustSml+ShapeGate+MinPeaks+P-Filter+EquipRej+SkinPrio+BodyExt+Omega+OmScale+OmSplit+OmRot+Kalman+NonRigid+StaticSup,run2 pfilter4
cap_000325,2026-08-21T14:15:42.774,horizontal,23.24,25.74,2,2,0.6999875993161911,TempBand+Watershed+Merge+ClustSml+ShapeGate+MinPeaks+P-Filter+EquipRej+SkinPrio+BodyExt+Omega+OmScale+OmSplit+OmRot+Kalman+NonRigid+StaticSup,run2 pfilter4
cap_000326,2026-08-21T14:15:42.903,horizontal,23.24,25.74,2,2,0.5405502702377012,TempBand+Watershed+Merge+ClustSml+ShapeGate+MinPeaks+P-Filter+EquipRej+SkinPrio+BodyExt+Omega+OmScale+OmSplit+OmRot+Kalman+NonRigid+StaticSup,run2 pfilter4
cap_000327,2026-08-21T14:15:43.041,horizontal,23.24,25.74,2,2,0.8951921165586794,TempBand+Watershed+Merge+ClustSml+ShapeGate+MinPeaks+P-Filter+EquipRej+SkinPrio+BodyExt+Omega+OmScale+OmSplit+OmRot+Kalman+NonRigid+StaticSup,run2 pfilter4
cap_000328,2026-08-21T14:15:43.130,horizontal,23.29,25.79,2,2,0.8755757914564013,TempBand+Watershed+Merge+ClustSml+ShapeGate+MinPeaks+P-Filter+EquipRej+SkinPrio+BodyExt+Omega+OmScale+OmSplit+OmRot+Kalman+NonRigid+StaticSup,run2 pfilter4
cap_000329,2026-08-21T14:15:43.258,horizontal,23.29,25.79,2,2,0.8937593890021114,TempBand+Watershed+Merge+ClustSml+ShapeGate+MinPeaks+P-Filter+EquipRej+SkinPrio+BodyExt+Omega+OmScale+OmSplit+OmRot+Kalman+NonRigid+StaticSup,run2 pfilter4
cap_000330,2026-08-21T14:15:43.357,horizontal,23.29,25.79,2,4,0.6709283201569264,TempBand+Watershed+Merge+ClustSml+ShapeGate+MinPeaks+P-Filter+EquipRej+SkinPrio+BodyExt+Omega+OmScale+OmSplit+OmRot+Kalman+NonRigid+StaticSup,run2 pfilter4
cap_000331,2026-08-21T14:15:43.472,horizontal,23.32,25.82,1,1,0.6121875320159293,TempBand+Watershed+Merge+ClustSml+ShapeGate+MinPeaks+P-Filter+EquipRej+SkinPrio+BodyExt+Omega+OmScale+OmSplit+OmRot+Kalman+NonRigid+StaticSup,run2 pfilter4
cap_000332,2026-08-21T14:15:43.578,horizontal,23.32,25.82,2,2,0.036093432849813006,TempBand+Watershed+Merge+ClustSml+ShapeGate+MinPeaks+P-Filter+EquipRej+SkinPrio+BodyExt+Omega+OmScale+OmSplit+OmRot+Kalman+NonRigid+StaticSup,run2 pfilter4
cap_000333,2026-08-21T14:15:43.708,horizontal,23.32,25.82,2,2,0.9748509851159523,TempBand+Watershed+Merge+ClustSml+ShapeGate+MinPeaks+P-Filter+EquipRej+SkinPrio+BodyExt+Omega+OmScale+OmSplit+OmRot+Kalman+NonRigid+StaticSup,run2 pfilter4
cap_000334,2026-08-21T14:15:43.795,horizontal,23.32,25.82,1,2,0.5917537494547096,TempBand+Watershed+Merge+ClustSml+ShapeGate+MinPeaks+P-Filter+EquipRej+SkinPrio+BodyExt+Omega+OmScale+OmSplit+OmRot+Kalman+NonRigid+StaticSup,run2 pfilter4
cap_000335,2026-08-21T14:15:43.920,horizontal,23.32,25.82,1,1,0.00944911562528931,TempBand+Watershed+Merge+ClustSml+ShapeGate+MinPeaks+P-Filter+EquipRej+SkinPrio+BodyExt+Omega+OmScale+OmSplit+OmRot+Kalman+NonRigid+StaticSup,run2 pfilter4
cap_000336,2026-08-21T14:15:44.054,horizontal,23.36,25.86,1,1,0.92732709279097,TempBand+Watershed+Merge+ClustSml+ShapeGate+MinPeaks+P-Filter+EquipRej+SkinPrio+BodyExt+Omega+OmScale+OmSplit+OmRot+Kalman+NonRigid+StaticSup,run2 pfilter4
cap_000337,2026-08-21T14:15:44.149,horizontal,23.34,25.84,1,1,0.8229734221052868,TempBand+Watershed+Merge+ClustSml+ShapeGate+MinPeaks+P-Filter+EquipRej+SkinPrio+BodyExt+Omega+OmScale+OmSplit+OmRot+Kalman+NonRigid+StaticSup,run2 pfilter4
cap_000338,2026-08-21T14:15:44.281,horizontal,23.34,25.84,1,2,0.6012115372027018,TempBand+Watershed+Merge+ClustSml+ShapeGate+MinPeaks+P-Filter+EquipRej+SkinPrio+BodyExt+Omega+OmScale+OmSplit+OmRot+Kalman+NonRigid+StaticSup,run2 pfilter4
cap_000339,2026-08-21T14:15:44.378,horizontal,23.34,25.84,2,4,0.811836524107821,TempBand+Watershed+Merge+ClustSml+ShapeGate+MinPeaks+P-Filter+EquipRej+SkinPrio+BodyExt+Omega+OmScale+OmSplit+OmRot+Kalman+NonRigid+StaticSup,run2 pfilter4
cap_000340,2026-08-21T14:15:44.512,horizontal,23.36,25.86,3,3,0.9292490675110171,TempBand+Watershed+Merge+ClustSml+ShapeGate+MinPeaks+P-Filter+EquipRej+SkinPrio+BodyExt+Omega+OmScale+OmSplit+OmRot+Kalman+NonRigid+StaticSup,run2 pfilter4
cap_000341,2026-08-21T14:15:44.606,horizontal,23.36,25.86,3,3,0.9377420666837382,TempBand+Watershed+Merge+ClustSml+ShapeGate+MinPeaks+P-Filter+EquipRej+SkinPrio+BodyExt+Omega+OmScale+OmSplit+OmRot+Kalman+NonRigid+StaticSup,run2 pfilter4
cap_000342,2026-08-21T14:15:44.736,horizontal,23.36,25.86,3,3,0.9393765326628238,TempBand+Watershed+Merge+ClustSml+ShapeGate+MinPeaks+P-Filter+EquipRej+SkinPrio+BodyExt+Omega+OmScale+OmSplit+OmRot+Kalman+NonRigid+StaticSup,run2 pfilter4
cap_000343,2026-08-21T14:15:44.855,horizontal,23.34,25.84,2,2,0.9527285107520312,TempBand+Watershed+Merge+ClustSml+ShapeGate+MinPeaks+P-Filter+EquipRej+SkinPrio+BodyExt+Omega+OmScale+OmSplit+OmRot+Kalman+NonRigid+StaticSup,run2 pfilter4
cap_000344,2026-08-21T14:15:44.949,horizontal,23.34,25.84,2,2,0.9581726736706128,TempBand+Watershed+Merge+ClustSml+ShapeGate+MinPeaks+P-Filter+EquipRej+SkinPrio+BodyExt+Omega+OmScale+OmSplit+OmRot+Kalman+NonRigid+StaticSup,run2 pfilter4
cap_000345,2026-08-21T14:15:45.071,horizontal,23.32,25.82,1,2,0.8537340405744314,TempBand+Watershed+Merge+ClustSml+ShapeGate+MinPeaks+P-Filter+EquipRej+SkinPrio+BodyExt+Omega+OmScale+OmSplit+OmRot+Kalman+NonRigid+StaticSup,run2 pfilter4
cap_000346,2026-08-21T14:15:45.168,horizontal,23.32,25.82,1,2,0.7726800597185973,TempBand+Watershed+Merge+ClustSml+ShapeGate+MinPeaks+P-Filter+EquipRej+SkinPrio+BodyExt+Omega+OmScale+OmSplit+OmRot+Kalman+NonRigid+StaticSup,run2 pfilter4
cap_000347,2026-08-21T14:15:45.296,horizontal,23.32,25.82,1,2,0.7726926322586679,TempBand+Watershed+Merge+ClustSml+ShapeGate+MinPeaks+P-Filter+EquipRej+SkinPrio+BodyExt+Omega+OmScale+OmSplit+OmRot+Kalman+NonRigid+StaticSup,run2 pfilter4
cap_000348,2026-08-21T14:15:45.393,horizontal,23.29,25.79,1,2,0.76232211072205,TempBand+Watershed+Merge+ClustSml+ShapeGate+MinPeaks+P-Filter+EquipRej+SkinPrio+BodyExt+Omega+OmScale+OmSplit+OmRot+Kalman+NonRigid+StaticSup,run2 pfilter4
cap_000349,2026-08-21T14:15:45.520,horizontal,23.29,25.79,1,1,0.9016998105593101,TempBand+Watershed+Merge+ClustSml+ShapeGate+MinPeaks+P-Filter+EquipRej+SkinPrio+BodyExt+Omega+OmScale+OmSplit+OmRot+Kalman+NonRigid+StaticSup,run2 pfilter4
cap_000350,2026-08-21T14:15:45.614,horizontal,23.29,25.79,1,1,0.8820329535791167,TempBand+Watershed+Merge+ClustSml+ShapeGate+MinPeaks+P-Filter+EquipRej+SkinPrio+BodyExt+Omega+OmScale+OmSplit+OmRot+Kalman+NonRigid+StaticSup,run2 pfilter4
cap_000351,2026-08-21T14:15:45.745,horizontal,23.29,25.79,1,1,0.8843418687840808,TempBand+Watershed+Merge+ClustSml+ShapeGate+MinPeaks+P-Filter+EquipRej+SkinPrio+BodyExt+Omega+OmScale+OmSplit+OmRot+Kalman+NonRigid+StaticSup,run2 pfilter4
cap_000352,2026-08-21T14:15:45.875,horizontal,23.27,25.77,1,1,0.9366631786584647,TempBand+Watershed+Merge+ClustSml+ShapeGate+MinPeaks+P-Filter+EquipRej+SkinPrio+BodyExt+Omega+OmScale+OmSplit+OmRot+Kalman+NonRigid+StaticSup,run2 pfilter4
cap_000353,2026-08-21T14:15:45.964,horizontal,23.24,25.74,1,1,0.8986892155329829,TempBand+Watershed+Merge+ClustSml+ShapeGate+MinPeaks+P-Filter+EquipRej+SkinPrio+BodyExt+Omega+OmScale+OmSplit+OmRot+Kalman+NonRigid+StaticSup,run2 pfilter4
cap_000354,2026-08-21T14:15:46.091,horizontal,23.24,25.74,1,1,0.8674177089145538,TempBand+Watershed+Merge+ClustSml+ShapeGate+MinPeaks+P-Filter+EquipRej+SkinPrio+BodyExt+Omega+OmScale+OmSplit+OmRot+Kalman+NonRigid+StaticSup,run2 pfilter4
cap_000355,2026-08-21T14:15:46.191,horizontal,23.24,25.74,1,1,0.9303888912406252,TempBand+Watershed+Merge+ClustSml+ShapeGate+MinPeaks+P-Filter+EquipRej+SkinPrio+BodyExt+Omega+OmScale+OmSplit+OmRot+Kalman+NonRigid+StaticSup,run2 pfilter4
cap_000356,2026-08-21T14:15:46.315,horizontal,23.24,25.74,1,1,0.9227626825820258,TempBand+Watershed+Merge+ClustSml+ShapeGate+MinPeaks+P-Filter+EquipRej+SkinPrio+BodyExt+Omega+OmScale+OmSplit+OmRot+Kalman+NonRigid+StaticSup,run2 pfilter4
cap_000357,2026-08-21T14:15:46.423,horizontal,23.22,25.72,1,1,0.9093859757424244,TempBand+Watershed+Merge+ClustSml+ShapeGate+MinPeaks+P-Filter+EquipRej+SkinPrio+BodyExt+Omega+OmScale+OmSplit+OmRot+Kalman+NonRigid+StaticSup,run2 pfilter4
cap_000358,2026-08-21T14:15:46.555,horizontal,23.24,25.74,1,1,0.928634025084963,TempBand+Watershed+Merge+ClustSml+ShapeGate+MinPeaks+P-Filter+EquipRej+SkinPrio+BodyExt+Omega+OmScale+OmSplit+OmRot+Kalman+NonRigid+StaticSup,run2 pfilter4
cap_000359,2026-08-21T14:15:46.678,horizontal,23.22,25.72,2,2,0.9192072779665983,TempBand+Watershed+Merge+ClustSml+ShapeGate+MinPeaks+P-Filter+EquipRej+SkinPrio+BodyExt+Omega+OmScale+OmSplit+OmRot+Kalman+NonRigid+StaticSup,run2 pfilter4
cap_000360,2026-08-21T14:15:46.763,horizontal,23.22,25.72,1,1,0.9180343467977966,TempBand+Watershed+Merge+ClustSml+ShapeGate+MinPeaks+P-Filter+EquipRej+SkinPrio+BodyExt+Omega+OmScale+OmSplit+OmRot+Kalman+NonRigid+StaticSup,run2 pfilter4
cap_000361,2026-08-21T14:15:46.891,horizontal,23.22,25.72,1,1,0.9644139526660179,TempBand+Watershed+Merge+ClustSml+ShapeGate+MinPeaks+P-Filter+EquipRej+SkinPrio+BodyExt+Omega+OmScale+OmSplit+OmRot+Kalman+NonRigid+StaticSup,run2 pfilter4
cap_000362,2026-08-21T14:15:47.000,horizontal,23.24,25.74,2,2,0.9262826748407357,TempBand+Watershed+Merge+ClustSml+ShapeGate+MinPeaks+P-Filter+EquipRej+SkinPrio+BodyExt+Omega+OmScale+OmSplit+OmRot+Kalman+NonRigid+StaticSup,run2 pfilter4
cap_000363,2026-08-21T14:15:47.128,horizontal,23.27,25.77,2,4,0.9644139526660179,TempBand+Watershed+Merge+ClustSml+ShapeGate+MinPeaks+P-Filter+EquipRej+SkinPrio+BodyExt+Omega+OmScale+OmSplit+OmRot+Kalman+NonRigid+StaticSup,run2 pfilter4
cap_000364,2026-08-21T14:15:47.212,horizontal,23.27,25.77,1,1,0.8958587584498277,TempBand+Watershed+Merge+ClustSml+ShapeGate+MinPeaks+P-Filter+EquipRej+SkinPrio+BodyExt+Omega+OmScale+OmSplit+OmRot+Kalman+NonRigid+StaticSup,run2 pfilter4
cap_000365,2026-08-21T14:15:47.339,horizontal,23.29,25.79,1,2,0.8761266093424225,TempBand+Watershed+Merge+ClustSml+ShapeGate+MinPeaks+P-Filter+EquipRej+SkinPrio+BodyExt+Omega+OmScale+OmSplit+OmRot+Kalman+NonRigid+StaticSup,run2 pfilter4
cap_000366,2026-08-21T14:15:47.442,horizontal,23.27,25.77,2,2,0.9048093146623354,TempBand+Watershed+Merge+ClustSml+ShapeGate+MinPeaks+P-Filter+EquipRej+SkinPrio+BodyExt+Omega+OmScale+OmSplit+OmRot+Kalman+NonRigid+StaticSup,run2 pfilter4
cap_000367,2026-08-21T14:15:47.576,horizontal,23.27,25.77,2,2,0.8819153496048726,TempBand+Watershed+Merge+ClustSml+ShapeGate+MinPeaks+P-Filter+EquipRej+SkinPrio+BodyExt+Omega+OmScale+OmSplit+OmRot+Kalman+NonRigid+StaticSup,run2 pfilter4
cap_000368,2026-08-21T14:15:47.702,horizontal,23.27,25.77,2,2,0.9834271689784382,TempBand+Watershed+Merge+ClustSml+ShapeGate+MinPeaks+P-Filter+EquipRej+SkinPrio+BodyExt+Omega+OmScale+OmSplit+OmRot+Kalman+NonRigid+StaticSup,run2 pfilter4
cap_000369,2026-08-21T14:15:47.802,horizontal,23.27,25.77,2,3,0.9108560062579002,TempBand+Watershed+Merge+ClustSml+ShapeGate+MinPeaks+P-Filter+EquipRej+SkinPrio+BodyExt+Omega+OmScale+OmSplit+OmRot+Kalman+NonRigid+StaticSup,run2 pfilter4
cap_000370,2026-08-21T14:15:47.930,horizontal,23.27,25.77,2,3,0.9401027660109651,TempBand+Watershed+Merge+ClustSml+ShapeGate+MinPeaks+P-Filter+EquipRej+SkinPrio+BodyExt+Omega+OmScale+OmSplit+OmRot+Kalman+NonRigid+StaticSup,run2 pfilter4
cap_000371,2026-08-21T14:15:48.027,horizontal,23.24,25.74,2,2,0.9850739691047694,TempBand+Watershed+Merge+ClustSml+ShapeGate+MinPeaks+P-Filter+EquipRej+SkinPrio+BodyExt+Omega+OmScale+OmSplit+OmRot+Kalman+NonRigid+StaticSup,run2 pfilter4
cap_000372,2026-08-21T14:15:48.154,horizontal,23.24,25.74,2,3,0.8677857475756348,TempBand+Watershed+Merge+ClustSml+ShapeGate+MinPeaks+P-Filter+EquipRej+SkinPrio+BodyExt+Omega+OmScale+OmSplit+OmRot+Kalman+NonRigid+StaticSup,run2 pfilter4
cap_000373,2026-08-21T14:15:48.247,horizontal,23.24,25.74,2,3,0.784592818712664,TempBand+Watershed+Merge+ClustSml+ShapeGate+MinPeaks+P-Filter+EquipRej+SkinPrio+BodyExt+Omega+OmScale+OmSplit+OmRot+Kalman+NonRigid+StaticSup,run2 pfilter4
cap_000374,2026-08-21T14:15:48.378,horizontal,23.27,25.77,2,3,0.6255227070557005,TempBand+Watershed+Merge+ClustSml+ShapeGate+MinPeaks+P-Filter+EquipRej+SkinPrio+BodyExt+Omega+OmScale+OmSplit+OmRot+Kalman+NonRigid+StaticSup,run2 pfilter4
cap_000375,2026-08-21T14:15:48.476,horizontal,23.29,25.79,2,2,0.7982164103657592,TempBand+Watershed+Merge+ClustSml+ShapeGate+MinPeaks+P-Filter+EquipRej+SkinPrio+BodyExt+Omega+OmScale+OmSplit+OmRot+Kalman+NonRigid+StaticSup,run2 pfilter4
cap_000376,2026-08-21T14:15:48.604,horizontal,23.27,25.77,2,3,0.8784426311490343,TempBand+Watershed+Merge+ClustSml+ShapeGate+MinPeaks+P-Filter+EquipRej+SkinPrio+BodyExt+Omega+OmScale+OmSplit+OmRot+Kalman+NonRigid+StaticSup,run2 pfilter4
cap_000377,2026-08-21T14:15:48.727,horizontal,23.27,25.77,2,2,0.8296510606199594,TempBand+Watershed+Merge+ClustSml+ShapeGate+MinPeaks+P-Filter+EquipRej+SkinPrio+BodyExt+Omega+OmScale+OmSplit+OmRot+Kalman+NonRigid+StaticSup,run2 pfilter4
cap_000378,2026-08-21T14:15:48.825,horizontal,23.22,25.72,2,2,0.9642570056669564,TempBand+Watershed+Merge+ClustSml+ShapeGate+MinPeaks+P-Filter+EquipRej+SkinPrio+BodyExt+Omega+OmScale+OmSplit+OmRot+Kalman+NonRigid+StaticSup,run2 pfilter4
cap_000379,2026-08-21T14:15:48.939,horizontal,23.24,25.74,1,1,0.0846714507683678,TempBand+Watershed+Merge+ClustSml+ShapeGate+MinPeaks+P-Filter+EquipRej+SkinPrio+BodyExt+Omega+OmScale+OmSplit+OmRot+Kalman+NonRigid+StaticSup,run2 pfilter4
cap_000380,2026-08-21T14:15:49.038,horizontal,23.24,25.74,1,1,0.7193565757406004,TempBand+Watershed+Merge+ClustSml+ShapeGate+MinPeaks+P-Filter+EquipRej+SkinPrio+BodyExt+Omega+OmScale+OmSplit+OmRot+Kalman+NonRigid+StaticSup,run2 pfilter4
cap_000381,2026-08-21T14:15:49.175,horizontal,23.24,25.74,2,2,0.8229734221052868,TempBand+Watershed+Merge+ClustSml+ShapeGate+MinPeaks+P-Filter+EquipRej+SkinPrio+BodyExt+Omega+OmScale+OmSplit+OmRot+Kalman+NonRigid+StaticSup,run2 pfilter4
cap_000382,2026-08-21T14:15:49.269,horizontal,23.24,25.74,2,2,0.7129496621975874,TempBand+Watershed+Merge+ClustSml+ShapeGate+MinPeaks+P-Filter+EquipRej+SkinPrio+BodyExt+Omega+OmScale+OmSplit+OmRot+Kalman+NonRigid+StaticSup,run2 pfilter4
cap_000383,2026-08-21T14:15:49.399,horizontal,23.24,25.74,2,2,0.7033732654897569,TempBand+Watershed+Merge+ClustSml+ShapeGate+MinPeaks+P-Filter+EquipRej+SkinPrio+BodyExt+Omega+OmScale+OmSplit+OmRot+Kalman+NonRigid+StaticSup,run2 pfilter4
cap_000384,2026-08-21T14:15:49.524,horizontal,23.20,25.70,2,2,0.8914807284156507,TempBand+Watershed+Merge+ClustSml+ShapeGate+MinPeaks+P-Filter+EquipRej+SkinPrio+BodyExt+Omega+OmScale+OmSplit+OmRot+Kalman+NonRigid+StaticSup,run2 pfilter4
cap_000385,2026-08-21T14:15:49.626,horizontal,23.20,25.70,2,2,0.8444094110620457,TempBand+Watershed+Merge+ClustSml+ShapeGate+MinPeaks+P-Filter+EquipRej+SkinPrio+BodyExt+Omega+OmScale+OmSplit+OmRot+Kalman+NonRigid+StaticSup,run2 pfilter4
cap_000386,2026-08-21T14:15:49.756,horizontal,23.22,25.72,2,2,0.8362969545122507,TempBand+Watershed+Merge+ClustSml+ShapeGate+MinPeaks+P-Filter+EquipRej+SkinPrio+BodyExt+Omega+OmScale+OmSplit+OmRot+Kalman+NonRigid+StaticSup,run2 pfilter4
cap_000387,2026-08-21T14:15:49.894,horizontal,23.22,25.72,2,2,0.9100280025239696,TempBand+Watershed+Merge+ClustSml+ShapeGate+MinPeaks+P-Filter+EquipRej+SkinPrio+BodyExt+Omega+OmScale+OmSplit+OmRot+Kalman+NonRigid+StaticSup,run2 pfilter4
cap_000388,2026-08-21T14:15:49.965,horizontal,23.22,25.72,1,1,0.10589933106462338,TempBand+Watershed+Merge+ClustSml+ShapeGate+MinPeaks+P-Filter+EquipRej+SkinPrio+BodyExt+Omega+OmScale+OmSplit+OmRot+Kalman+NonRigid+StaticSup,run2 pfilter4
cap_000389,2026-08-21T14:15:50.065,horizontal,23.20,25.70,1,1,0.06792683542572069,TempBand+Watershed+Merge+ClustSml+ShapeGate+MinPeaks+P-Filter+EquipRej+SkinPrio+BodyExt+Omega+OmScale+OmSplit+OmRot+Kalman+NonRigid+StaticSup,run2 pfilter4
cap_000390,2026-08-21T14:15:50.199,horizontal,23.20,25.70,1,1,0.8779000916702974,TempBand+Watershed+Merge+ClustSml+ShapeGate+MinPeaks+P-Filter+EquipRej+SkinPrio+BodyExt+Omega+OmScale+OmSplit+OmRot+Kalman+NonRigid+StaticSup,run2 pfilter4
cap_000391,2026-08-21T14:15:50.303,horizontal,23.17,25.67,1,1,0.824129970831443,TempBand+Watershed+Merge+ClustSml+ShapeGate+MinPeaks+P-Filter+EquipRej+SkinPrio+BodyExt+Omega+OmScale+OmSplit+OmRot+Kalman+NonRigid+StaticSup,run2 pfilter4
cap_000392,2026-08-21T14:15:50.435,horizontal,23.17,25.67,2,2,0.8715141503579151,TempBand+Watershed+Merge+ClustSml+ShapeGate+MinPeaks+P-Filter+EquipRej+SkinPrio+BodyExt+Omega+OmScale+OmSplit+OmRot+Kalman+NonRigid+StaticSup,run2 pfilter4
cap_000393,2026-08-21T14:15:50.548,horizontal,23.15,25.65,2,2,0.7219011466294866,TempBand+Watershed+Merge+ClustSml+ShapeGate+MinPeaks+P-Filter+EquipRej+SkinPrio+BodyExt+Omega+OmScale+OmSplit+OmRot+Kalman+NonRigid+StaticSup,run2 pfilter4
cap_000394,2026-08-21T14:15:50.642,horizontal,23.15,25.65,1,1,0.8172539443760031,TempBand+Watershed+Merge+ClustSml+ShapeGate+MinPeaks+P-Filter+EquipRej+SkinPrio+BodyExt+Omega+OmScale+OmSplit+OmRot+Kalman+NonRigid+StaticSup,run2 pfilter4
cap_000395,2026-08-21T14:15:50.766,horizontal,23.15,25.65,1,1,0.677983206150127,TempBand+Watershed+Merge+ClustSml+ShapeGate+MinPeaks+P-Filter+EquipRej+SkinPrio+BodyExt+Omega+OmScale+OmSplit+OmRot+Kalman+NonRigid+StaticSup,run2 pfilter4
cap_000396,2026-08-21T14:15:50.860,horizontal,23.15,25.65,1,1,0.9322303318036556,TempBand+Watershed+Merge+ClustSml+ShapeGate+MinPeaks+P-Filter+EquipRej+SkinPrio+BodyExt+Omega+OmScale+OmSplit+OmRot+Kalman+NonRigid+StaticSup,run2 pfilter4
cap_000397,2026-08-21T14:15:50.990,horizontal,23.15,25.65,1,1,0.8730614562899758,TempBand+Watershed+Merge+ClustSml+ShapeGate+MinPeaks+P-Filter+EquipRej+SkinPrio+BodyExt+Omega+OmScale+OmSplit+OmRot+Kalman+NonRigid+StaticSup,run2 pfilter4
cap_000398,2026-08-21T14:15:51.084,horizontal,23.15,25.65,1,1,0.6637332361009726,TempBand+Watershed+Merge+ClustSml+ShapeGate+MinPeaks+P-Filter+EquipRej+SkinPrio+BodyExt+Omega+OmScale+OmSplit+OmRot+Kalman+NonRigid+StaticSup,run2 pfilter4
cap_000399,2026-08-21T14:15:51.220,horizontal,23.13,25.63,1,1,0.47923748769893876,TempBand+Watershed+Merge+ClustSml+ShapeGate+MinPeaks+P-Filter+EquipRej+SkinPrio+BodyExt+Omega+OmScale+OmSplit+OmRot+Kalman+NonRigid+StaticSup,run2 pfilter4
cap_000400,2026-08-21T14:15:51.344,horizontal,23.13,25.63,1,1,0.2645517450649636,TempBand+Watershed+Merge+ClustSml+ShapeGate+MinPeaks+P-Filter+EquipRej+SkinPrio+BodyExt+Omega+OmScale+OmSplit+OmRot+Kalman+NonRigid+StaticSup,run2 pfilter4
cap_000401,2026-08-21T14:15:51.439,horizontal,23.15,25.65,1,1,0.37318018606234493,TempBand+Watershed+Merge+ClustSml+ShapeGate+MinPeaks+P-Filter+EquipRej+SkinPrio+BodyExt+Omega+OmScale+OmSplit+OmRot+Kalman+NonRigid+StaticSup,run2 pfilter4
cap_000402,2026-08-21T14:15:51.564,horizontal,23.13,25.63,1,1,0.38538133664165863,TempBand+Watershed+Merge+ClustSml+ShapeGate+MinPeaks+P-Filter+EquipRej+SkinPrio+BodyExt+Omega+OmScale+OmSplit+OmRot+Kalman+NonRigid+StaticSup,run2 pfilter4
cap_000403,2026-08-21T14:15:51.662,horizontal,23.15,25.65,1,1,0.3209974677509938,TempBand+Watershed+Merge+ClustSml+ShapeGate+MinPeaks+P-Filter+EquipRej+SkinPrio+BodyExt+Omega+OmScale+OmSplit+OmRot+Kalman+NonRigid+StaticSup,run2 pfilter4
cap_000404,2026-08-21T14:15:51.791,horizontal,23.15,25.65,1,1,0.5289981438844032,TempBand+Watershed+Merge+ClustSml+ShapeGate+MinPeaks+P-Filter+EquipRej+SkinPrio+BodyExt+Omega+OmScale+OmSplit+OmRot+Kalman+NonRigid+StaticSup,run2 pfilter4
cap_000405,2026-08-21T14:15:51.893,horizontal,23.15,25.65,1,1,0.44371603176609054,TempBand+Watershed+Merge+ClustSml+ShapeGate+MinPeaks+P-Filter+EquipRej+SkinPrio+BodyExt+Omega+OmScale+OmSplit+OmRot+Kalman+NonRigid+StaticSup,run2 pfilter4
cap_000406,2026-08-21T14:15:52.017,horizontal,23.15,25.65,1,1,0.315819584533933,TempBand+Watershed+Merge+ClustSml+ShapeGate+MinPeaks+P-Filter+EquipRej+SkinPrio+BodyExt+Omega+OmScale+OmSplit+OmRot+Kalman+NonRigid+StaticSup,run2 pfilter4
cap_000407,2026-08-21T14:15:52.110,horizontal,23.20,25.70,1,1,0.2983413693380761,TempBand+Watershed+Merge+ClustSml+ShapeGate+MinPeaks+P-Filter+EquipRej+SkinPrio+BodyExt+Omega+OmScale+OmSplit+OmRot+Kalman+NonRigid+StaticSup,run2 pfilter4
cap_000408,2026-08-21T14:15:52.241,horizontal,23.17,25.67,1,1,0.7162398496145694,TempBand+Watershed+Merge+ClustSml+ShapeGate+MinPeaks+P-Filter+EquipRej+SkinPrio+BodyExt+Omega+OmScale+OmSplit+OmRot+Kalman+NonRigid+StaticSup,run2 pfilter4
cap_000409,2026-08-21T14:15:52.375,horizontal,23.17,25.67,1,1,0.724895551662171,TempBand+Watershed+Merge+ClustSml+ShapeGate+MinPeaks+P-Filter+EquipRej+SkinPrio+BodyExt+Omega+OmScale+OmSplit+OmRot+Kalman+NonRigid+StaticSup,run2 pfilter4
cap_000410,2026-08-21T14:15:52.463,horizontal,23.17,25.67,1,1,0.4744251921566813,TempBand+Watershed+Merge+ClustSml+ShapeGate+MinPeaks+P-Filter+EquipRej+SkinPrio+BodyExt+Omega+OmScale+OmSplit+OmRot+Kalman+NonRigid+StaticSup,run2 pfilter4
cap_000411,2026-08-21T14:15:52.593,horizontal,23.15,25.65,1,1,0.3031743318471433,TempBand+Watershed+Merge+ClustSml+ShapeGate+MinPeaks+P-Filter+EquipRej+SkinPrio+BodyExt+Omega+OmScale+OmSplit+OmRot+Kalman+NonRigid+StaticSup,run2 pfilter4
cap_000412,2026-08-21T14:15:52.684,horizontal,23.15,25.65,1,1,0.29918285951364754,TempBand+Watershed+Merge+ClustSml+ShapeGate+MinPeaks+P-Filter+EquipRej+SkinPrio+BodyExt+Omega+OmScale+OmSplit+OmRot+Kalman+NonRigid+StaticSup,run2 pfilter4
cap_000413,2026-08-21T14:15:52.818,horizontal,23.15,25.65,1,1,0.38248401168419105,TempBand+Watershed+Merge+ClustSml+ShapeGate+MinPeaks+P-Filter+EquipRej+SkinPrio+BodyExt+Omega+OmScale+OmSplit+OmRot+Kalman+NonRigid+StaticSup,run2 pfilter4
cap_000414,2026-08-21T14:15:52.908,horizontal,23.15,25.65,1,1,0.1945493358075566,TempBand+Watershed+Merge+ClustSml+ShapeGate+MinPeaks+P-Filter+EquipRej+SkinPrio+BodyExt+Omega+OmScale+OmSplit+OmRot+Kalman+NonRigid+StaticSup,run2 pfilter4
cap_000415,2026-08-21T14:15:53.041,horizontal,23.15,25.65,1,1,0.156639142664197,TempBand+Watershed+Merge+ClustSml+ShapeGate+MinPeaks+P-Filter+EquipRej+SkinPrio+BodyExt+Omega+OmScale+OmSplit+OmRot+Kalman+NonRigid+StaticSup,run2 pfilter4
cap_000416,2026-08-21T14:15:53.165,horizontal,23.10,25.60,1,1,0.5312473501656224,TempBand+Watershed+Merge+ClustSml+ShapeGate+MinPeaks+P-Filter+EquipRej+SkinPrio+BodyExt+Omega+OmScale+OmSplit+OmRot+Kalman+NonRigid+StaticSup,run2 pfilter4
cap_000417,2026-08-21T14:15:53.261,horizontal,23.10,25.60,1,1,0.4826045715511932,TempBand+Watershed+Merge+ClustSml+ShapeGate+MinPeaks+P-Filter+EquipRej+SkinPrio+BodyExt+Omega+OmScale+OmSplit+OmRot+Kalman+NonRigid+StaticSup,run2 pfilter4
cap_000418,2026-08-21T14:15:53.389,horizontal,23.10,25.60,1,1,0.26434527887566317,TempBand+Watershed+Merge+ClustSml+ShapeGate+MinPeaks+P-Filter+EquipRej+SkinPrio+BodyExt+Omega+OmScale+OmSplit+OmRot+Kalman+NonRigid+StaticSup,run2 pfilter4
cap_000419,2026-08-21T14:15:53.485,horizontal,23.13,25.63,1,1,0.46600190450808304,TempBand+Watershed+Merge+ClustSml+ShapeGate+MinPeaks+P-Filter+EquipRej+SkinPrio+BodyExt+Omega+OmScale+OmSplit+OmRot+Kalman+NonRigid+StaticSup,run2 pfilter4
cap_000420,2026-08-21T14:15:53.621,horizontal,23.10,25.60,1,1,0.5015271856064345,TempBand+Watershed+Merge+ClustSml+ShapeGate+MinPeaks+P-Filter+EquipRej+SkinPrio+BodyExt+Omega+OmScale+OmSplit+OmRot+Kalman+NonRigid+StaticSup,run2 pfilter4
cap_000421,2026-08-21T14:15:53.711,horizontal,23.10,25.60,1,2,0.23182566326269846,TempBand+Watershed+Merge+ClustSml+ShapeGate+MinPeaks+P-Filter+EquipRej+SkinPrio+BodyExt+Omega+OmScale+OmSplit+OmRot+Kalman+NonRigid+StaticSup,run2 pfilter4
cap_000422,2026-08-21T14:15:53.841,horizontal,23.15,25.65,1,1,0.41786891276623955,TempBand+Watershed+Merge+ClustSml+ShapeGate+MinPeaks+P-Filter+EquipRej+SkinPrio+BodyExt+Omega+OmScale+OmSplit+OmRot+Kalman+NonRigid+StaticSup,run2 pfilter4
cap_000423,2026-08-21T14:15:53.931,horizontal,23.15,25.65,1,1,0.31797324445863145,TempBand+Watershed+Merge+ClustSml+ShapeGate+MinPeaks+P-Filter+EquipRej+SkinPrio+BodyExt+Omega+OmScale+OmSplit+OmRot+Kalman+NonRigid+StaticSup,run2 pfilter4
cap_000424,2026-08-21T14:15:54.066,horizontal,23.13,25.63,1,1,0.2278989227265959,TempBand+Watershed+Merge+ClustSml+ShapeGate+MinPeaks+P-Filter+EquipRej+SkinPrio+BodyExt+Omega+OmScale+OmSplit+OmRot+Kalman+NonRigid+StaticSup,run2 pfilter4
cap_000425,2026-08-21T14:15:54.194,horizontal,23.10,25.60,1,2,0.2282878919542664,TempBand+Watershed+Merge+ClustSml+ShapeGate+MinPeaks+P-Filter+EquipRej+SkinPrio+BodyExt+Omega+OmScale+OmSplit+OmRot+Kalman+NonRigid+StaticSup,run2 pfilter4
cap_000426,2026-08-21T14:15:54.286,horizontal,23.10,25.60,1,0,0.0,TempBand+Watershed+Merge+ClustSml+ShapeGate+MinPeaks+P-Filter+EquipRej+SkinPrio+BodyExt+Omega+OmScale+OmSplit+OmRot+Kalman+NonRigid+StaticSup,run2 pfilter4
cap_000427,2026-08-21T14:15:54.416,horizontal,23.10,25.60,1,1,0.08654682649793764,TempBand+Watershed+Merge+ClustSml+ShapeGate+MinPeaks+P-Filter+EquipRej+SkinPrio+BodyExt+Omega+OmScale+OmSplit+OmRot+Kalman+NonRigid+StaticSup,run2 pfilter4
cap_000428,2026-08-21T14:15:54.508,horizontal,23.08,25.58,1,1,0.7326955056082379,TempBand+Watershed+Merge+ClustSml+ShapeGate+MinPeaks+P-Filter+EquipRej+SkinPrio+BodyExt+Omega+OmScale+OmSplit+OmRot+Kalman+NonRigid+StaticSup,run2 pfilter4
cap_000429,2026-08-21T14:15:54.634,horizontal,23.03,25.53,1,1,0.4719780847275763,TempBand+Watershed+Merge+ClustSml+ShapeGate+MinPeaks+P-Filter+EquipRej+SkinPrio+BodyExt+Omega+OmScale+OmSplit+OmRot+Kalman+NonRigid+StaticSup,run2 pfilter4
cap_000430,2026-08-21T14:15:54.736,horizontal,23.05,25.55,1,1,0.7326955056082379,TempBand+Watershed+Merge+ClustSml+ShapeGate+MinPeaks+P-Filter+EquipRej+SkinPrio+BodyExt+Omega+OmScale+OmSplit+OmRot+Kalman+NonRigid+StaticSup,run2 pfilter4
cap_000431,2026-08-21T14:15:54.865,horizontal,23.05,25.55,1,1,0.740462595773696,TempBand+Watershed+Merge+ClustSml+ShapeGate+MinPeaks+P-Filter+EquipRej+SkinPrio+BodyExt+Omega+OmScale+OmSplit+OmRot+Kalman+NonRigid+StaticSup,run2 pfilter4
cap_000432,2026-08-21T14:15:54.957,horizontal,23.05,25.55,1,1,0.35846938870502554,TempBand+Watershed+Merge+ClustSml+ShapeGate+MinPeaks+P-Filter+EquipRej+SkinPrio+BodyExt+Omega+OmScale+OmSplit+OmRot+Kalman+NonRigid+StaticSup,run2 pfilter4
cap_000433,2026-08-21T14:15:55.089,horizontal,23.03,25.53,1,1,0.3250386469320985,TempBand+Watershed+Merge+ClustSml+ShapeGate+MinPeaks+P-Filter+EquipRej+SkinPrio+BodyExt+Omega+OmScale+OmSplit+OmRot+Kalman+NonRigid+StaticSup,run2 pfilter4
cap_000434,2026-08-21T14:15:55.218,horizontal,23.03,25.53,1,1,0.305896604668019,TempBand+Watershed+Merge+ClustSml+ShapeGate+MinPeaks+P-Filter+EquipRej+SkinPrio+BodyExt+Omega+OmScale+OmSplit+OmRot+Kalman+NonRigid+StaticSup,run2 pfilter4
cap_000435,2026-08-21T14:15:55.310,horizontal,23.05,25.55,1,1,0.7511859647066125,TempBand+Watershed+Merge+ClustSml+ShapeGate+MinPeaks+P-Filter+EquipRej+SkinPrio+BodyExt+Omega+OmScale+OmSplit+OmRot+Kalman+NonRigid+StaticSup,run2 pfilter4
cap_000436,2026-08-21T14:15:55.454,horizontal,23.05,25.55,1,1,0.49591931362541847,TempBand+Watershed+Merge+ClustSml+ShapeGate+MinPeaks+P-Filter+EquipRej+SkinPrio+BodyExt+Omega+OmScale+OmSplit+OmRot+Kalman+NonRigid+StaticSup,run2 pfilter4
cap_000437,2026-08-21T14:15:55.545,horizontal,23.05,25.55,1,1,0.6893369918990521,TempBand+Watershed+Merge+ClustSml+ShapeGate+MinPeaks+P-Filter+EquipRej+SkinPrio+BodyExt+Omega+OmScale+OmSplit+OmRot+Kalman+NonRigid+StaticSup,run2 pfilter4
cap_000438,2026-08-21T14:15:55.674,horizontal,23.15,25.65,2,2,0.6972566135646315,TempBand+Watershed+Merge+ClustSml+ShapeGate+MinPeaks+P-Filter+EquipRej+SkinPrio+BodyExt+Omega+OmScale+OmSplit+OmRot+Kalman+NonRigid+StaticSup,run2 pfilter4
cap_000439,2026-08-21T14:15:55.769,horizontal,23.15,25.65,2,2,0.917872006867356,TempBand+Watershed+Merge+ClustSml+ShapeGate+MinPeaks+P-Filter+EquipRej+SkinPrio+BodyExt+Omega+OmScale+OmSplit+OmRot+Kalman+NonRigid+StaticSup,run2 pfilter4
cap_000440,2026-08-21T14:15:55.895,horizontal,23.15,25.65,2,2,0.9316848388602266,TempBand+Watershed+Merge+ClustSml+ShapeGate+MinPeaks+P-Filter+EquipRej+SkinPrio+BodyExt+Omega+OmScale+OmSplit+OmRot+Kalman+NonRigid+StaticSup,run2 pfilter4
cap_000441,2026-08-21T14:15:56.028,horizontal,23.13,25.63,2,2,0.8135510352905976,TempBand+Watershed+Merge+ClustSml+ShapeGate+MinPeaks+P-Filter+EquipRej+SkinPrio+BodyExt+Omega+OmScale+OmSplit+OmRot+Kalman+NonRigid+StaticSup,run2 pfilter4
cap_000442,2026-08-21T14:15:56.126,horizontal,23.13,25.63,2,2,0.9090891238098017,TempBand+Watershed+Merge+ClustSml+ShapeGate+MinPeaks+P-Filter+EquipRej+SkinPrio+BodyExt+Omega+OmScale+OmSplit+OmRot+Kalman+NonRigid+StaticSup,run2 pfilter4
cap_000443,2026-08-21T14:15:56.256,horizontal,23.10,25.60,2,2,0.9426602544855801,TempBand+Watershed+Merge+ClustSml+ShapeGate+MinPeaks+P-Filter+EquipRej+SkinPrio+BodyExt+Omega+OmScale+OmSplit+OmRot+Kalman+NonRigid+StaticSup,run2 pfilter4
cap_000444,2026-08-21T14:15:56.354,horizontal,23.08,25.58,2,3,0.7731521382042578,TempBand+Watershed+Merge+ClustSml+ShapeGate+MinPeaks+P-Filter+EquipRej+SkinPrio+BodyExt+Omega+OmScale+OmSplit+OmRot+Kalman+NonRigid+StaticSup,run2 pfilter4
cap_000445,2026-08-21T14:15:56.476,horizontal,23.08,25.58,2,2,0.6462441180605578,TempBand+Watershed+Merge+ClustSml+ShapeGate+MinPeaks+P-Filter+EquipRej+SkinPrio+BodyExt+Omega+OmScale+OmSplit+OmRot+Kalman+NonRigid+StaticSup,run2 pfilter4
cap_000446,2026-08-21T14:15:56.569,horizontal,23.05,25.55,2,3,0.8813772047454225,TempBand+Watershed+Merge+ClustSml+ShapeGate+MinPeaks+P-Filter+EquipRej+SkinPrio+BodyExt+Omega+OmScale+OmSplit+OmRot+Kalman+NonRigid+StaticSup,run2 pfilter4
cap_000447,2026-08-21T14:15:56.696,horizontal,23.05,25.55,2,2,0.5122355335442099,TempBand+Watershed+Merge+ClustSml+ShapeGate+MinPeaks+P-Filter+EquipRej+SkinPrio+BodyExt+Omega+OmScale+OmSplit+OmRot+Kalman+NonRigid+StaticSup,run2 pfilter4
cap_000448,2026-08-21T14:15:56.790,horizontal,23.03,25.53,2,2,0.4488757721829517,TempBand+Watershed+Merge+ClustSml+ShapeGate+MinPeaks+P-Filter+EquipRej+SkinPrio+BodyExt+Omega+OmScale+OmSplit+OmRot+Kalman+NonRigid+StaticSup,run2 pfilter4
cap_000449,2026-08-21T14:15:56.922,horizontal,23.05,25.55,2,2,0.7526073486384043,TempBand+Watershed+Merge+ClustSml+ShapeGate+MinPeaks+P-Filter+EquipRej+SkinPrio+BodyExt+Omega+OmScale+OmSplit+OmRot+Kalman+NonRigid+StaticSup,run2 pfilter4
cap_000450,2026-08-21T14:15:57.055,horizontal,23.03,25.53,2,2,0.8874320279575242,TempBand+Watershed+Merge+ClustSml+ShapeGate+MinPeaks+P-Filter+EquipRej+SkinPrio+BodyExt+Omega+OmScale+OmSplit+OmRot+Kalman+NonRigid+StaticSup,run2 pfilter4
cap_000451,2026-08-21T14:15:57.150,horizontal,23.03,25.53,2,2,0.6322401025441746,TempBand+Watershed+Merge+ClustSml+ShapeGate+MinPeaks+P-Filter+EquipRej+SkinPrio+BodyExt+Omega+OmScale+OmSplit+OmRot+Kalman+NonRigid+StaticSup,run2 pfilter4
cap_000452,2026-08-21T14:15:57.270,horizontal,23.03,25.53,2,2,0.16906249028875903,TempBand+Watershed+Merge+ClustSml+ShapeGate+MinPeaks+P-Filter+EquipRej+SkinPrio+BodyExt+Omega+OmScale+OmSplit+OmRot+Kalman+NonRigid+StaticSup,run2 pfilter4
cap_000453,2026-08-21T14:15:57.365,horizontal,23.03,25.53,2,2,0.2070057184974347,TempBand+Watershed+Merge+ClustSml+ShapeGate+MinPeaks+P-Filter+EquipRej+SkinPrio+BodyExt+Omega+OmScale+OmSplit+OmRot+Kalman+NonRigid+StaticSup,run2 pfilter4
cap_000454,2026-08-21T14:15:57.497,horizontal,23.01,25.51,2,2,0.1946049990839513,TempBand+Watershed+Merge+ClustSml+ShapeGate+MinPeaks+P-Filter+EquipRej+SkinPrio+BodyExt+Omega+OmScale+OmSplit+OmRot+Kalman+NonRigid+StaticSup,run2 pfilter4
cap_000455,2026-08-21T14:15:57.587,horizontal,23.01,25.51,2,2,0.23257414614706182,TempBand+Watershed+Merge+ClustSml+ShapeGate+MinPeaks+P-Filter+EquipRej+SkinPrio+BodyExt+Omega+OmScale+OmSplit+OmRot+Kalman+NonRigid+StaticSup,run2 pfilter4
cap_000456,2026-08-21T14:15:57.720,horizontal,22.98,25.48,2,2,0.45921786201960113,TempBand+Watershed+Merge+ClustSml+ShapeGate+MinPeaks+P-Filter+EquipRej+SkinPrio+BodyExt+Omega+OmScale+OmSplit+OmRot+Kalman+NonRigid+StaticSup,run2 pfilter4
cap_000457,2026-08-21T14:15:57.848,horizontal,22.96,25.46,2,2,0.5197153626560161,TempBand+Watershed+Merge+ClustSml+ShapeGate+MinPeaks+P-Filter+EquipRej+SkinPrio+BodyExt+Omega+OmScale+OmSplit+OmRot+Kalman+NonRigid+StaticSup,run2 pfilter4
cap_000458,2026-08-21T14:15:57.942,horizontal,22.94,25.44,2,2,0.19987816680106477,TempBand+Watershed+Merge+ClustSml+ShapeGate+MinPeaks+P-Filter+EquipRej+SkinPrio+BodyExt+Omega+OmScale+OmSplit+OmRot+Kalman+NonRigid+StaticSup,run2 pfilter4
cap_000459,2026-08-21T14:15:58.070,horizontal,22.91,25.41,2,2,0.17992091920917344,TempBand+Watershed+Merge+ClustSml+ShapeGate+MinPeaks+P-Filter+EquipRej+SkinPrio+BodyExt+Omega+OmScale+OmSplit+OmRot+Kalman+NonRigid+StaticSup,run2 pfilter4
cap_000460,2026-08-21T14:15:58.158,horizontal,22.94,25.44,1,1,0.08032756787638304,TempBand+Watershed+Merge+ClustSml+ShapeGate+MinPeaks+P-Filter+EquipRej+SkinPrio+BodyExt+Omega+OmScale+OmSplit+OmRot+Kalman+NonRigid+StaticSup,run2 pfilter4
cap_000461,2026-08-21T14:15:58.295,horizontal,22.91,25.41,1,3,0.8165417193353393,TempBand+Watershed+Merge+ClustSml+ShapeGate+MinPeaks+P-Filter+EquipRej+SkinPrio+BodyExt+Omega+OmScale+OmSplit+OmRot+Kalman+NonRigid+StaticSup,run2 pfilter4
cap_000462,2026-08-21T14:15:58.382,horizontal,22.89,25.39,1,3,0.8308900000847668,TempBand+Watershed+Merge+ClustSml+ShapeGate+MinPeaks+P-Filter+EquipRej+SkinPrio+BodyExt+Omega+OmScale+OmSplit+OmRot+Kalman+NonRigid+StaticSup,run2 pfilter4
cap_000463,2026-08-21T14:15:58.510,horizontal,22.89,25.39,1,1,0.7863484587579268,TempBand+Watershed+Merge+ClustSml+ShapeGate+MinPeaks+P-Filter+EquipRej+SkinPrio+BodyExt+Omega+OmScale+OmSplit+OmRot+Kalman+NonRigid+StaticSup,run2 pfilter4
cap_000464,2026-08-21T14:15:58.609,horizontal,22.87,25.37,1,1,0.5472233273616426,TempBand+Watershed+Merge+ClustSml+ShapeGate+MinPeaks+P-Filter+EquipRej+SkinPrio+BodyExt+Omega+OmScale+OmSplit+OmRot+Kalman+NonRigid+StaticSup,run2 pfilter4
cap_000465,2026-08-21T14:15:58.737,horizontal,22.87,25.37,1,1,0.9398910640929445,TempBand+Watershed+Merge+ClustSml+ShapeGate+MinPeaks+P-Filter+EquipRej+SkinPrio+BodyExt+Omega+OmScale+OmSplit+OmRot+Kalman+NonRigid+StaticSup,run2 pfilter4
cap_000466,2026-08-21T14:15:58.867,horizontal,22.84,25.34,1,1,0.43521133964940434,TempBand+Watershed+Merge+ClustSml+ShapeGate+MinPeaks+P-Filter+EquipRej+SkinPrio+BodyExt+Omega+OmScale+OmSplit+OmRot+Kalman+NonRigid+StaticSup,run2 pfilter4
cap_000467,2026-08-21T14:15:58.960,horizontal,22.82,25.32,1,2,0.7453798189780353,TempBand+Watershed+Merge+ClustSml+ShapeGate+MinPeaks+P-Filter+EquipRej+SkinPrio+BodyExt+Omega+OmScale+OmSplit+OmRot+Kalman+NonRigid+StaticSup,run2 pfilter4
cap_000468,2026-08-21T14:15:59.088,horizontal,22.82,25.32,1,1,0.9780433962850972,TempBand+Watershed+Merge+ClustSml+ShapeGate+MinPeaks+P-Filter+EquipRej+SkinPrio+BodyExt+Omega+OmScale+OmSplit+OmRot+Kalman+NonRigid+StaticSup,run2 pfilter4
cap_000469,2026-08-21T14:15:59.184,horizontal,22.87,25.37,1,1,0.9836069275391278,TempBand+Watershed+Merge+ClustSml+ShapeGate+MinPeaks+P-Filter+EquipRej+SkinPrio+BodyExt+Omega+OmScale+OmSplit+OmRot+Kalman+NonRigid+StaticSup,run2 pfilter4
cap_000470,2026-08-21T14:15:59.311,horizontal,22.87,25.37,1,1,0.9249836133821099,TempBand+Watershed+Merge+ClustSml+ShapeGate+MinPeaks+P-Filter+EquipRej+SkinPrio+BodyExt+Omega+OmScale+OmSplit+OmRot+Kalman+NonRigid+StaticSup,run2 pfilter4
cap_000471,2026-08-21T14:15:59.404,horizontal,22.89,25.39,1,1,0.9006304301125021,TempBand+Watershed+Merge+ClustSml+ShapeGate+MinPeaks+P-Filter+EquipRej+SkinPrio+BodyExt+Omega+OmScale+OmSplit+OmRot+Kalman+NonRigid+StaticSup,run2 pfilter4
cap_000472,2026-08-21T14:15:59.536,horizontal,22.87,25.37,1,1,0.6168245970749967,TempBand+Watershed+Merge+ClustSml+ShapeGate+MinPeaks+P-Filter+EquipRej+SkinPrio+BodyExt+Omega+OmScale+OmSplit+OmRot+Kalman+NonRigid+StaticSup,run2 pfilter4
cap_000473,2026-08-21T14:15:59.671,horizontal,22.84,25.34,1,1,0.8929961444342192,TempBand+Watershed+Merge+ClustSml+ShapeGate+MinPeaks+P-Filter+EquipRej+SkinPrio+BodyExt+Omega+OmScale+OmSplit+OmRot+Kalman+NonRigid+StaticSup,run2 pfilter4
cap_000474,2026-08-21T14:15:59.756,horizontal,22.84,25.34,1,1,0.7271108002832886,TempBand+Watershed+Merge+ClustSml+ShapeGate+MinPeaks+P-Filter+EquipRej+SkinPrio+BodyExt+Omega+OmScale+OmSplit+OmRot+Kalman+NonRigid+StaticSup,run2 pfilter4
cap_000475,2026-08-21T14:15:59.889,horizontal,22.84,25.34,1,1,0.957154182684984,TempBand+Watershed+Merge+ClustSml+ShapeGate+MinPeaks+P-Filter+EquipRej+SkinPrio+BodyExt+Omega+OmScale+OmSplit+OmRot+Kalman+NonRigid+StaticSup,run2 pfilter4
cap_000476,2026-08-21T14:15:59.985,horizontal,22.82,25.32,1,1,0.9444061196740511,TempBand+Watershed+Merge+ClustSml+ShapeGate+MinPeaks+P-Filter+EquipRej+SkinPrio+BodyExt+Omega+OmScale+OmSplit+OmRot+Kalman+NonRigid+StaticSup,run2 pfilter4
cap_000477,2026-08-21T14:16:00.112,horizontal,22.82,25.32,1,1,0.8771999716820118,TempBand+Watershed+Merge+ClustSml+ShapeGate+MinPeaks+P-Filter+EquipRej+SkinPrio+BodyExt+Omega+OmScale+OmSplit+OmRot+Kalman+NonRigid+StaticSup,run2 pfilter4
cap_000478,2026-08-21T14:16:00.209,horizontal,22.80,25.30,1,1,0.30566572697639316,TempBand+Watershed+Merge+ClustSml+ShapeGate+MinPeaks+P-Filter+EquipRej+SkinPrio+BodyExt+Omega+OmScale+OmSplit+OmRot+Kalman+NonRigid+StaticSup,run2 pfilter4
cap_000479,2026-08-21T14:16:00.336,horizontal,22.75,25.25,1,1,0.16127741692750924,TempBand+Watershed+Merge+ClustSml+ShapeGate+MinPeaks+P-Filter+EquipRej+SkinPrio+BodyExt+Omega+OmScale+OmSplit+OmRot+Kalman+NonRigid+StaticSup,run2 pfilter4
cap_000480,2026-08-21T14:16:00.430,horizontal,22.77,25.27,1,1,0.5938071535646864,TempBand+Watershed+Merge+ClustSml+ShapeGate+MinPeaks+P-Filter+EquipRej+SkinPrio+BodyExt+Omega+OmScale+OmSplit+OmRot+Kalman+NonRigid+StaticSup,run2 pfilter4
cap_000481,2026-08-21T14:16:00.560,horizontal,22.77,25.27,1,1,0.47519870632659356,TempBand+Watershed+Merge+ClustSml+ShapeGate+MinPeaks+P-Filter+EquipRej+SkinPrio+BodyExt+Omega+OmScale+OmSplit+OmRot+Kalman+NonRigid+StaticSup,run2 pfilter4
cap_000482,2026-08-21T14:16:00.690,horizontal,22.74,25.24,1,1,0.2211673735179606,TempBand+Watershed+Merge+ClustSml+ShapeGate+MinPeaks+P-Filter+EquipRej+SkinPrio+BodyExt+Omega+OmScale+OmSplit+OmRot+Kalman+NonRigid+StaticSup,run2 pfilter4
cap_000483,2026-08-21T14:16:00.787,horizontal,22.75,25.25,1,1,0.39905281307223606,TempBand+Watershed+Merge+ClustSml+ShapeGate+MinPeaks+P-Filter+EquipRej+SkinPrio+BodyExt+Omega+OmScale+OmSplit+OmRot+Kalman+NonRigid+StaticSup,run2 pfilter4
cap_000484,2026-08-21T14:16:00.910,horizontal,22.75,25.25,0,0,0.0,TempBand+Watershed+Merge+ClustSml+ShapeGate+MinPeaks+P-Filter+EquipRej+SkinPrio+BodyExt+Omega+OmScale+OmSplit+OmRot+Kalman+NonRigid+StaticSup,run2 pfilter4
cap_000485,2026-08-21T14:16:01.012,horizontal,22.75,25.25,1,1,0.09922247087072268,TempBand+Watershed+Merge+ClustSml+ShapeGate+MinPeaks+P-Filter+EquipRej+SkinPrio+BodyExt+Omega+OmScale+OmSplit+OmRot+Kalman+NonRigid+StaticSup,run2 pfilter4
cap_000486,2026-08-21T14:16:01.138,horizontal,22.77,25.27,2,3,0.6241144855212937,TempBand+Watershed+Merge+ClustSml+ShapeGate+MinPeaks+P-Filter+EquipRej+SkinPrio+BodyExt+Omega+OmScale+OmSplit+OmRot+Kalman+NonRigid+StaticSup,run2 pfilter4
cap_000487,2026-08-21T14:16:01.234,horizontal,22.80,25.30,2,2,0.661206638085349,TempBand+Watershed+Merge+ClustSml+ShapeGate+MinPeaks+P-Filter+EquipRej+SkinPrio+BodyExt+Omega+OmScale+OmSplit+OmRot+Kalman+NonRigid+StaticSup,run2 pfilter4
cap_000488,2026-08-21T14:16:01.366,horizontal,22.80,25.30,2,2,0.9278578557784976,TempBand+Watershed+Merge+ClustSml+ShapeGate+MinPeaks+P-Filter+EquipRej+SkinPrio+BodyExt+Omega+OmScale+OmSplit+OmRot+Kalman+NonRigid+StaticSup,run2 pfilter4
cap_000489,2026-08-21T14:16:01.461,horizontal,22.80,25.30,2,2,0.49290068781162527,TempBand+Watershed+Merge+ClustSml+ShapeGate+MinPeaks+P-Filter+EquipRej+SkinPrio+BodyExt+Omega+OmScale+OmSplit+OmRot+Kalman+NonRigid+StaticSup,run2 pfilter4
cap_000490,2026-08-21T14:16:01.588,horizontal,22.80,25.30,2,2,0.8447492387307683,TempBand+Watershed+Merge+ClustSml+ShapeGate+MinPeaks+P-Filter+EquipRej+SkinPrio+BodyExt+Omega+OmScale+OmSplit+OmRot+Kalman+NonRigid+StaticSup,run2 pfilter4
cap_000491,2026-08-21T14:16:01.715,horizontal,22.80,25.30,2,2,0.9813388954318909,TempBand+Watershed+Merge+ClustSml+ShapeGate+MinPeaks+P-Filter+EquipRej+SkinPrio+BodyExt+Omega+OmScale+OmSplit+OmRot+Kalman+NonRigid+StaticSup,run2 pfilter4
cap_000492,2026-08-21T14:16:01.813,horizontal,22.80,25.30,2,1,0.9274070106154897,TempBand+Watershed+Merge+ClustSml+ShapeGate+MinPeaks+P-Filter+EquipRej+SkinPrio+BodyExt+Omega+OmScale+OmSplit+OmRot+Kalman+NonRigid+StaticSup,run2 pfilter4
cap_000493,2026-08-21T14:16:01.945,horizontal,22.80,25.30,2,2,0.9583571886519542,TempBand+Watershed+Merge+ClustSml+ShapeGate+MinPeaks+P-Filter+EquipRej+SkinPrio+BodyExt+Omega+OmScale+OmSplit+OmRot+Kalman+NonRigid+StaticSup,run2 pfilter4
cap_000494,2026-08-21T14:16:02.037,horizontal,22.77,25.27,2,2,0.9482470375042698,TempBand+Watershed+Merge+ClustSml+ShapeGate+MinPeaks+P-Filter+EquipRej+SkinPrio+BodyExt+Omega+OmScale+OmSplit+OmRot+Kalman+NonRigid+StaticSup,run2 pfilter4
cap_000495,2026-08-21T14:16:02.163,horizontal,22.77,25.27,2,2,0.9260423465264216,TempBand+Watershed+Merge+ClustSml+ShapeGate+MinPeaks+P-Filter+EquipRej+SkinPrio+BodyExt+Omega+OmScale+OmSplit+OmRot+Kalman+NonRigid+StaticSup,run2 pfilter4
cap_000496,2026-08-21T14:16:02.259,horizontal,22.80,25.30,2,2,0.9300609575457086,TempBand+Watershed+Merge+ClustSml+ShapeGate+MinPeaks+P-Filter+EquipRej+SkinPrio+BodyExt+Omega+OmScale+OmSplit+OmRot+Kalman+NonRigid+StaticSup,run2 pfilter4
cap_000497,2026-08-21T14:16:02.389,horizontal,22.80,25.30,2,2,0.9583036297895344,TempBand+Watershed+Merge+ClustSml+ShapeGate+MinPeaks+P-Filter+EquipRej+SkinPrio+BodyExt+Omega+OmScale+OmSplit+OmRot+Kalman+NonRigid+StaticSup,run2 pfilter4
cap_000498,2026-08-21T14:16:02.518,horizontal,22.84,25.34,2,2,0.8527146582625098,TempBand+Watershed+Merge+ClustSml+ShapeGate+MinPeaks+P-Filter+EquipRej+SkinPrio+BodyExt+Omega+OmScale+OmSplit+OmRot+Kalman+NonRigid+StaticSup,run2 pfilter4
cap_000499,2026-08-21T14:16:02.615,horizontal,22.82,25.32,2,2,0.94260704134723,TempBand+Watershed+Merge+ClustSml+ShapeGate+MinPeaks+P-Filter+EquipRej+SkinPrio+BodyExt+Omega+OmScale+OmSplit+OmRot+Kalman+NonRigid+StaticSup,run2 pfilter4
cap_000500,2026-08-21T14:16:02.743,horizontal,22.82,25.32,2,2,0.7265331169144196,TempBand+Watershed+Merge+ClustSml+ShapeGate+MinPeaks+P-Filter+EquipRej+SkinPrio+BodyExt+Omega+OmScale+OmSplit+OmRot+Kalman+NonRigid+StaticSup,run2 pfilter4
cap_000501,2026-08-21T14:16:02.830,horizontal,22.80,25.30,1,1,0.942983294507384,TempBand+Watershed+Merge+ClustSml+ShapeGate+MinPeaks+P-Filter+EquipRej+SkinPrio+BodyExt+Omega+OmScale+OmSplit+OmRot+Kalman+NonRigid+StaticSup,run2 pfilter4
cap_000502,2026-08-21T14:16:02.959,horizontal,22.82,25.32,1,1,0.9705185209906889,TempBand+Watershed+Merge+ClustSml+ShapeGate+MinPeaks+P-Filter+EquipRej+SkinPrio+BodyExt+Omega+OmScale+OmSplit+OmRot+Kalman+NonRigid+StaticSup,run2 pfilter4
cap_000503,2026-08-21T14:16:03.062,horizontal,22.77,25.27,1,1,0.8240178086977732,TempBand+Watershed+Merge+ClustSml+ShapeGate+MinPeaks+P-Filter+EquipRej+SkinPrio+BodyExt+Omega+OmScale+OmSplit+OmRot+Kalman+NonRigid+StaticSup,run2 pfilter4
cap_000504,2026-08-21T14:16:03.183,horizontal,22.77,25.27,1,1,0.6555409804666561,TempBand+Watershed+Merge+ClustSml+ShapeGate+MinPeaks+P-Filter+EquipRej+SkinPrio+BodyExt+Omega+OmScale+OmSplit+OmRot+Kalman+NonRigid+StaticSup,run2 pfilter4
cap_000505,2026-08-21T14:16:03.287,horizontal,22.77,25.27,1,1,0.24499036954214223,TempBand+Watershed+Merge+ClustSml+ShapeGate+MinPeaks+P-Filter+EquipRej+SkinPrio+BodyExt+Omega+OmScale+OmSplit+OmRot+Kalman+NonRigid+StaticSup,run2 pfilter4
cap_000506,2026-08-21T14:16:03.419,horizontal,22.80,25.30,1,2,0.34389642499595446,TempBand+Watershed+Merge+ClustSml+ShapeGate+MinPeaks+P-Filter+EquipRej+SkinPrio+BodyExt+Omega+OmScale+OmSplit+OmRot+Kalman+NonRigid+StaticSup,run2 pfilter4
cap_000507,2026-08-21T14:16:03.546,horizontal,22.80,25.30,2,2,0.0799113544751672,TempBand+Watershed+Merge+ClustSml+ShapeGate+MinPeaks+P-Filter+EquipRej+SkinPrio+BodyExt+Omega+OmScale+OmSplit+OmRot+Kalman+NonRigid+StaticSup,run2 pfilter4
cap_000508,2026-08-21T14:16:03.640,horizontal,22.77,25.27,2,2,0.15629664897783765,TempBand+Watershed+Merge+ClustSml+ShapeGate+MinPeaks+P-Filter+EquipRej+SkinPrio+BodyExt+Omega+OmScale+OmSplit+OmRot+Kalman+NonRigid+StaticSup,run2 pfilter4
cap_000509,2026-08-21T14:16:03.775,horizontal,22.80,25.30,2,2,0.9485333294008549,TempBand+Watershed+Merge+ClustSml+ShapeGate+MinPeaks+P-Filter+EquipRej+SkinPrio+BodyExt+Omega+OmScale+OmSplit+OmRot+Kalman+NonRigid+StaticSup,run2 pfilter4
cap_000510,2026-08-21T14:16:03.903,horizontal,22.80,25.30,2,2,0.9653260331938968,TempBand+Watershed+Merge+ClustSml+ShapeGate+MinPeaks+P-Filter+EquipRej+SkinPrio+BodyExt+Omega+OmScale+OmSplit+OmRot+Kalman+NonRigid+StaticSup,run2 pfilter4
cap_000511,2026-08-21T14:16:04.000,horizontal,22.82,25.32,2,2,0.9825754689579004,TempBand+Watershed+Merge+ClustSml+ShapeGate+MinPeaks+P-Filter+EquipRej+SkinPrio+BodyExt+Omega+OmScale+OmSplit+OmRot+Kalman+NonRigid+StaticSup,run2 pfilter4
cap_000512,2026-08-21T14:16:04.089,horizontal,22.84,25.34,2,3,0.9078064797999832,TempBand+Watershed+Merge+ClustSml+ShapeGate+MinPeaks+P-Filter+EquipRej+SkinPrio+BodyExt+Omega+OmScale+OmSplit+OmRot+Kalman+NonRigid+StaticSup,run2 pfilter4
cap_000513,2026-08-21T14:16:04.218,horizontal,22.87,25.37,1,1,0.9430305612574786,TempBand+Watershed+Merge+ClustSml+ShapeGate+MinPeaks+P-Filter+EquipRej+SkinPrio+BodyExt+Omega+OmScale+OmSplit+OmRot+Kalman+NonRigid+StaticSup,run2 pfilter4
cap_000514,2026-08-21T14:16:04.347,horizontal,22.84,25.34,2,3,0.864439289152688,TempBand+Watershed+Merge+ClustSml+ShapeGate+MinPeaks+P-Filter+EquipRej+SkinPrio+BodyExt+Omega+OmScale+OmSplit+OmRot+Kalman+NonRigid+StaticSup,run2 pfilter4
cap_000515,2026-08-21T14:16:04.438,horizontal,22.84,25.34,1,1,0.876212286767501,TempBand+Watershed+Merge+ClustSml+ShapeGate+MinPeaks+P-Filter+EquipRej+SkinPrio+BodyExt+Omega+OmScale+OmSplit+OmRot+Kalman+NonRigid+StaticSup,run2 pfilter4
cap_000516,2026-08-21T14:16:04.569,horizontal,22.91,25.41,2,2,0.8575597894963544,TempBand+Watershed+Merge+ClustSml+ShapeGate+MinPeaks+P-Filter+EquipRej+SkinPrio+BodyExt+Omega+OmScale+OmSplit+OmRot+Kalman+NonRigid+StaticSup,run2 pfilter4
cap_000517,2026-08-21T14:16:04.673,horizontal,22.96,25.46,2,2,0.5489975370088084,TempBand+Watershed+Merge+ClustSml+ShapeGate+MinPeaks+P-Filter+EquipRej+SkinPrio+BodyExt+Omega+OmScale+OmSplit+OmRot+Kalman+NonRigid+StaticSup,run2 pfilter4
cap_000518,2026-08-21T14:16:04.794,horizontal,22.96,25.46,2,2,0.9337461534813848,TempBand+Watershed+Merge+ClustSml+ShapeGate+MinPeaks+P-Filter+EquipRej+SkinPrio+BodyExt+Omega+OmScale+OmSplit+OmRot+Kalman+NonRigid+StaticSup,run2 pfilter4
cap_000519,2026-08-21T14:16:04.891,horizontal,22.98,25.48,2,2,0.9525292207298343,TempBand+Watershed+Merge+ClustSml+ShapeGate+MinPeaks+P-Filter+EquipRej+SkinPrio+BodyExt+Omega+OmScale+OmSplit+OmRot+Kalman+NonRigid+StaticSup,run2 pfilter4
cap_000520,2026-08-21T14:16:05.017,horizontal,22.94,25.44,2,2,0.8710660669732857,TempBand+Watershed+Merge+ClustSml+ShapeGate+MinPeaks+P-Filter+EquipRej+SkinPrio+BodyExt+Omega+OmScale+OmSplit+OmRot+Kalman+NonRigid+StaticSup,run2 pfilter4
cap_000521,2026-08-21T14:16:05.114,horizontal,22.87,25.37,2,2,0.7640546609736917,TempBand+Watershed+Merge+ClustSml+ShapeGate+MinPeaks+P-Filter+EquipRej+SkinPrio+BodyExt+Omega+OmScale+OmSplit+OmRot+Kalman+NonRigid+StaticSup,run2 pfilter4
cap_000522,2026-08-21T14:16:05.247,horizontal,22.87,25.37,2,2,0.929743161530105,TempBand+Watershed+Merge+ClustSml+ShapeGate+MinPeaks+P-Filter+EquipRej+SkinPrio+BodyExt+Omega+OmScale+OmSplit+OmRot+Kalman+NonRigid+StaticSup,run2 pfilter4
cap_000523,2026-08-21T14:16:05.367,horizontal,22.84,25.34,2,2,0.7377937370154551,TempBand+Watershed+Merge+ClustSml+ShapeGate+MinPeaks+P-Filter+EquipRej+SkinPrio+BodyExt+Omega+OmScale+OmSplit+OmRot+Kalman+NonRigid+StaticSup,run2 pfilter4
cap_000524,2026-08-21T14:16:05.461,horizontal,22.80,25.30,2,2,0.3438172528628208,TempBand+Watershed+Merge+ClustSml+ShapeGate+MinPeaks+P-Filter+EquipRej+SkinPrio+BodyExt+Omega+OmScale+OmSplit+OmRot+Kalman+NonRigid+StaticSup,run2 pfilter4
cap_000525,2026-08-21T14:16:05.592,horizontal,22.77,25.27,2,2,0.980485949219873,TempBand+Watershed+Merge+ClustSml+ShapeGate+MinPeaks+P-Filter+EquipRej+SkinPrio+BodyExt+Omega+OmScale+OmSplit+OmRot+Kalman+NonRigid+StaticSup,run2 pfilter4
cap_000526,2026-08-21T14:16:05.689,horizontal,22.77,25.27,2,2,0.8272937550721818,TempBand+Watershed+Merge+ClustSml+ShapeGate+MinPeaks+P-Filter+EquipRej+SkinPrio+BodyExt+Omega+OmScale+OmSplit+OmRot+Kalman+NonRigid+StaticSup,run2 pfilter4
cap_000527,2026-08-21T14:16:05.881,horizontal,22.73,25.23,1,1,0.001798057978214482,TempBand+Watershed+Merge+ClustSml+ShapeGate+MinPeaks+P-Filter+EquipRej+SkinPrio+BodyExt+Omega+OmScale+OmSplit+OmRot+Kalman+NonRigid+StaticSup,run2 pfilter4
cap_000528,2026-08-21T14:16:05.996,horizontal,22.73,25.23,1,1,0.04978492363607093,TempBand+Watershed+Merge+ClustSml+ShapeGate+MinPeaks+P-Filter+EquipRej+SkinPrio+BodyExt+Omega+OmScale+OmSplit+OmRot+Kalman+NonRigid+StaticSup,run2 pfilter4
cap_000529,2026-08-21T14:16:06.047,horizontal,22.73,25.23,1,1,0.5913336332408733,TempBand+Watershed+Merge+ClustSml+ShapeGate+MinPeaks+P-Filter+EquipRej+SkinPrio+BodyExt+Omega+OmScale+OmSplit+OmRot+Kalman+NonRigid+StaticSup,run2 pfilter4
cap_000530,2026-08-21T14:16:06.137,horizontal,22.73,25.23,1,1,0.6337423208795563,TempBand+Watershed+Merge+ClustSml+ShapeGate+MinPeaks+P-Filter+EquipRej+SkinPrio+BodyExt+Omega+OmScale+OmSplit+OmRot+Kalman+NonRigid+StaticSup,run2 pfilter4
cap_000531,2026-08-21T14:16:06.285,horizontal,22.73,25.23,1,1,0.033376682835812285,TempBand+Watershed+Merge+ClustSml+ShapeGate+MinPeaks+P-Filter+EquipRej+SkinPrio+BodyExt+Omega+OmScale+OmSplit+OmRot+Kalman+NonRigid+StaticSup,run2 pfilter4
cap_000532,2026-08-21T14:16:06.391,horizontal,22.75,25.25,1,1,0.024728644045042634,TempBand+Watershed+Merge+ClustSml+ShapeGate+MinPeaks+P-Filter+EquipRej+SkinPrio+BodyExt+Omega+OmScale+OmSplit+OmRot+Kalman+NonRigid+StaticSup,run2 pfilter4
cap_000533,2026-08-21T14:16:06.481,horizontal,22.73,25.23,1,1,0.21856366126250254,TempBand+Watershed+Merge+ClustSml+ShapeGate+MinPeaks+P-Filter+EquipRej+SkinPrio+BodyExt+Omega+OmScale+OmSplit+OmRot+Kalman+NonRigid+StaticSup,run2 pfilter4
cap_000534,2026-08-21T14:16:06.664,horizontal,22.75,25.25,1,1,0.3022118769540611,TempBand+Watershed+Merge+ClustSml+ShapeGate+MinPeaks+P-Filter+EquipRej+SkinPrio+BodyExt+Omega+OmScale+OmSplit+OmRot+Kalman+NonRigid+StaticSup,run2 pfilter4
cap_000535,2026-08-21T14:16:06.709,horizontal,22.73,25.23,1,2,0.0599062636486547,TempBand+Watershed+Merge+ClustSml+ShapeGate+MinPeaks+P-Filter+EquipRej+SkinPrio+BodyExt+Omega+OmScale+OmSplit+OmRot+Kalman+NonRigid+StaticSup,run2 pfilter4
cap_000536,2026-08-21T14:16:06.831,horizontal,22.73,25.23,1,1,0.46772101837962,TempBand+Watershed+Merge+ClustSml+ShapeGate+MinPeaks+P-Filter+EquipRej+SkinPrio+BodyExt+Omega+OmScale+OmSplit+OmRot+Kalman+NonRigid+StaticSup,run2 pfilter4
cap_000537,2026-08-21T14:16:06.930,horizontal,22.73,25.23,1,1,0.46466848841411346,TempBand+Watershed+Merge+ClustSml+ShapeGate+MinPeaks+P-Filter+EquipRej+SkinPrio+BodyExt+Omega+OmScale+OmSplit+OmRot+Kalman+NonRigid+StaticSup,run2 pfilter4
cap_000538,2026-08-21T14:16:07.057,horizontal,22.70,25.20,1,1,0.7733165225018396,TempBand+Watershed+Merge+ClustSml+ShapeGate+MinPeaks+P-Filter+EquipRej+SkinPrio+BodyExt+Omega+OmScale+OmSplit+OmRot+Kalman+NonRigid+StaticSup,run2 pfilter4
cap_000539,2026-08-21T14:16:07.186,horizontal,22.70,25.20,1,1,0.7164713444768118,TempBand+Watershed+Merge+ClustSml+ShapeGate+MinPeaks+P-Filter+EquipRej+SkinPrio+BodyExt+Omega+OmScale+OmSplit+OmRot+Kalman+NonRigid+StaticSup,run2 pfilter4
cap_000540,2026-08-21T14:16:07.285,horizontal,22.77,25.27,1,1,0.5039432996933699,TempBand+Watershed+Merge+ClustSml+ShapeGate+MinPeaks+P-Filter+EquipRej+SkinPrio+BodyExt+Omega+OmScale+OmSplit+OmRot+Kalman+NonRigid+StaticSup,run2 pfilter4
cap_000541,2026-08-21T14:16:07.406,horizontal,22.77,25.27,1,1,0.9462596217844094,TempBand+Watershed+Merge+ClustSml+ShapeGate+MinPeaks+P-Filter+EquipRej+SkinPrio+BodyExt+Omega+OmScale+OmSplit+OmRot+Kalman+NonRigid+StaticSup,run2 pfilter4
cap_000542,2026-08-21T14:16:07.506,horizontal,22.77,25.27,1,2,0.9046177329248652,TempBand+Watershed+Merge+ClustSml+ShapeGate+MinPeaks+P-Filter+EquipRej+SkinPrio+BodyExt+Omega+OmScale+OmSplit+OmRot+Kalman+NonRigid+StaticSup,run2 pfilter4
cap_000543,2026-08-21T14:16:07.634,horizontal,22.77,25.27,1,2,0.753163245475993,TempBand+Watershed+Merge+ClustSml+ShapeGate+MinPeaks+P-Filter+EquipRej+SkinPrio+BodyExt+Omega+OmScale+OmSplit+OmRot+Kalman+NonRigid+StaticSup,run2 pfilter4
cap_000544,2026-08-21T14:16:07.759,horizontal,22.80,25.30,1,1,0.5475456266760719,TempBand+Watershed+Merge+ClustSml+ShapeGate+MinPeaks+P-Filter+EquipRej+SkinPrio+BodyExt+Omega+OmScale+OmSplit+OmRot+Kalman+NonRigid+StaticSup,run2 pfilter4
cap_000545,2026-08-21T14:16:07.859,horizontal,22.80,25.30,1,1,0.008645757185455525,TempBand+Watershed+Merge+ClustSml+ShapeGate+MinPeaks+P-Filter+EquipRej+SkinPrio+BodyExt+Omega+OmScale+OmSplit+OmRot+Kalman+NonRigid+StaticSup,run2 pfilter4
cap_000546,2026-08-21T14:16:07.953,horizontal,22.80,25.30,1,1,0.8805337180356114,TempBand+Watershed+Merge+ClustSml+ShapeGate+MinPeaks+P-Filter+EquipRej+SkinPrio+BodyExt+Omega+OmScale+OmSplit+OmRot+Kalman+NonRigid+StaticSup,run2 pfilter4
cap_000547,2026-08-21T14:16:08.081,horizontal,22.80,25.30,1,1,0.622344936174551,TempBand+Watershed+Merge+ClustSml+ShapeGate+MinPeaks+P-Filter+EquipRej+SkinPrio+BodyExt+Omega+OmScale+OmSplit+OmRot+Kalman+NonRigid+StaticSup,run2 pfilter4
cap_000548,2026-08-21T14:16:08.205,horizontal,22.77,25.27,1,1,0.8433852475212069,TempBand+Watershed+Merge+ClustSml+ShapeGate+MinPeaks+P-Filter+EquipRej+SkinPrio+BodyExt+Omega+OmScale+OmSplit+OmRot+Kalman+NonRigid+StaticSup,run2 pfilter4
cap_000549,2026-08-21T14:16:08.303,horizontal,22.77,25.27,1,1,0.13743274678130565,TempBand+Watershed+Merge+ClustSml+ShapeGate+MinPeaks+P-Filter+EquipRej+SkinPrio+BodyExt+Omega+OmScale+OmSplit+OmRot+Kalman+NonRigid+StaticSup,run2 pfilter4
cap_000550,2026-08-21T14:16:08.433,horizontal,22.75,25.25,1,1,0.8615266001096512,TempBand+Watershed+Merge+ClustSml+ShapeGate+MinPeaks+P-Filter+EquipRej+SkinPrio+BodyExt+Omega+OmScale+OmSplit+OmRot+Kalman+NonRigid+StaticSup,run2 pfilter4
cap_000551,2026-08-21T14:16:08.533,horizontal,22.73,25.23,1,1,0.8386174500282245,TempBand+Watershed+Merge+ClustSml+ShapeGate+MinPeaks+P-Filter+EquipRej+SkinPrio+BodyExt+Omega+OmScale+OmSplit+OmRot+Kalman+NonRigid+StaticSup,run2 pfilter4
cap_000552,2026-08-21T14:16:08.659,horizontal,22.70,25.20,1,1,0.7112911634127183,TempBand+Watershed+Merge+ClustSml+ShapeGate+MinPeaks+P-Filter+EquipRej+SkinPrio+BodyExt+Omega+OmScale+OmSplit+OmRot+Kalman+NonRigid+StaticSup,run2 pfilter4
cap_000553,2026-08-21T14:16:08.749,horizontal,22.70,25.20,1,1,0.7786802719912705,TempBand+Watershed+Merge+ClustSml+ShapeGate+MinPeaks+P-Filter+EquipRej+SkinPrio+BodyExt+Omega+OmScale+OmSplit+OmRot+Kalman+NonRigid+StaticSup,run2 pfilter4
cap_000554,2026-08-21T14:16:08.882,horizontal,22.70,25.20,1,1,0.748057997959519,TempBand+Watershed+Merge+ClustSml+ShapeGate+MinPeaks+P-Filter+EquipRej+SkinPrio+BodyExt+Omega+OmScale+OmSplit+OmRot+Kalman+NonRigid+StaticSup,run2 pfilter4
cap_000555,2026-08-21T14:16:09.008,horizontal,22.70,25.20,1,1,0.5854824749110898,TempBand+Watershed+Merge+ClustSml+ShapeGate+MinPeaks+P-Filter+EquipRej+SkinPrio+BodyExt+Omega+OmScale+OmSplit+OmRot+Kalman+NonRigid+StaticSup,run2 pfilter4
cap_000556,2026-08-21T14:16:09.110,horizontal,22.73,25.23,1,1,0.5773703619728566,TempBand+Watershed+Merge+ClustSml+ShapeGate+MinPeaks+P-Filter+EquipRej+SkinPrio+BodyExt+Omega+OmScale+OmSplit+OmRot+Kalman+NonRigid+StaticSup,run2 pfilter4
cap_000557,2026-08-21T14:16:09.231,horizontal,22.73,25.23,1,1,0.14896617273824705,TempBand+Watershed+Merge+ClustSml+ShapeGate+MinPeaks+P-Filter+EquipRej+SkinPrio+BodyExt+Omega+OmScale+OmSplit+OmRot+Kalman+NonRigid+StaticSup,run2 pfilter4
cap_000558,2026-08-21T14:16:09.329,horizontal,22.73,25.23,1,1,0.3024237259626418,TempBand+Watershed+Merge+ClustSml+ShapeGate+MinPeaks+P-Filter+EquipRej+SkinPrio+BodyExt+Omega+OmScale+OmSplit+OmRot+Kalman+NonRigid+StaticSup,run2 pfilter4
cap_000559,2026-08-21T14:16:09.457,horizontal,22.73,25.23,1,1,0.21598738082086008,TempBand+Watershed+Merge+ClustSml+ShapeGate+MinPeaks+P-Filter+EquipRej+SkinPrio+BodyExt+Omega+OmScale+OmSplit+OmRot+Kalman+NonRigid+StaticSup,run2 pfilter4
cap_000560,2026-08-21T14:16:09.548,horizontal,22.75,25.25,1,1,0.2962581201747786,TempBand+Watershed+Merge+ClustSml+ShapeGate+MinPeaks+P-Filter+EquipRej+SkinPrio+BodyExt+Omega+OmScale+OmSplit+OmRot+Kalman+NonRigid+StaticSup,run2 pfilter4
cap_000561,2026-08-21T14:16:09.678,horizontal,22.75,25.25,1,1,0.008781686066778005,TempBand+Watershed+Merge+ClustSml+ShapeGate+MinPeaks+P-Filter+EquipRej+SkinPrio+BodyExt+Omega+OmScale+OmSplit+OmRot+Kalman+NonRigid+StaticSup,run2 pfilter4
cap_000562,2026-08-21T14:16:09.776,horizontal,22.75,25.25,1,1,0.41660815884134694,TempBand+Watershed+Merge+ClustSml+ShapeGate+MinPeaks+P-Filter+EquipRej+SkinPrio+BodyExt+Omega+OmScale+OmSplit+OmRot+Kalman+NonRigid+StaticSup,run2 pfilter4
cap_000563,2026-08-21T14:16:09.907,horizontal,22.77,25.27,1,1,0.38745961823536235,TempBand+Watershed+Merge+ClustSml+ShapeGate+MinPeaks+P-Filter+EquipRej+SkinPrio+BodyExt+Omega+OmScale+OmSplit+OmRot+Kalman+NonRigid+StaticSup,run2 pfilter4
cap_000564,2026-08-21T14:16:10.037,horizontal,22.77,25.27,1,1,0.09823220212378257,TempBand+Watershed+Merge+ClustSml+ShapeGate+MinPeaks+P-Filter+EquipRej+SkinPrio+BodyExt+Omega+OmScale+OmSplit+OmRot+Kalman+NonRigid+StaticSup,run2 pfilter4
cap_000565,2026-08-21T14:16:10.123,horizontal,22.77,25.27,0,0,0.0,TempBand+Watershed+Merge+ClustSml+ShapeGate+MinPeaks+P-Filter+EquipRej+SkinPrio+BodyExt+Omega+OmScale+OmSplit+OmRot+Kalman+NonRigid+StaticSup,run2 pfilter4
cap_000566,2026-08-21T14:16:10.261,horizontal,22.75,25.25,2,2,0.00835586146829735,TempBand+Watershed+Merge+ClustSml+ShapeGate+MinPeaks+P-Filter+EquipRej+SkinPrio+BodyExt+Omega+OmScale+OmSplit+OmRot+Kalman+NonRigid+StaticSup,run2 pfilter4
cap_000567,2026-08-21T14:16:10.346,horizontal,22.75,25.25,1,1,0.008817443297459282,TempBand+Watershed+Merge+ClustSml+ShapeGate+MinPeaks+P-Filter+EquipRej+SkinPrio+BodyExt+Omega+OmScale+OmSplit+OmRot+Kalman+NonRigid+StaticSup,run2 pfilter4
cap_000568,2026-08-21T14:16:10.477,horizontal,22.73,25.23,1,1,0.010291884347763762,TempBand+Watershed+Merge+ClustSml+ShapeGate+MinPeaks+P-Filter+EquipRej+SkinPrio+BodyExt+Omega+OmScale+OmSplit+OmRot+Kalman+NonRigid+StaticSup,run2 pfilter4
cap_000569,2026-08-21T14:16:10.581,horizontal,22.70,25.20,2,2,0.008247810305576347,TempBand+Watershed+Merge+ClustSml+ShapeGate+MinPeaks+P-Filter+EquipRej+SkinPrio+BodyExt+Omega+OmScale+OmSplit+OmRot+Kalman+NonRigid+StaticSup,run2 pfilter4
cap_000570,2026-08-21T14:16:10.710,horizontal,22.70,25.20,2,2,0.008954272776542215,TempBand+Watershed+Merge+ClustSml+ShapeGate+MinPeaks+P-Filter+EquipRej+SkinPrio+BodyExt+Omega+OmScale+OmSplit+OmRot+Kalman+NonRigid+StaticSup,run2 pfilter4
cap_000571,2026-08-21T14:16:10.835,horizontal,22.68,25.18,2,2,0.006657883458725727,TempBand+Watershed+Merge+ClustSml+ShapeGate+MinPeaks+P-Filter+EquipRej+SkinPrio+BodyExt+Omega+OmScale+OmSplit+OmRot+Kalman+NonRigid+StaticSup,run2 pfilter4
cap_000572,2026-08-21T14:16:10.931,horizontal,22.66,25.16,2,2,0.007037851443053766,TempBand+Watershed+Merge+ClustSml+ShapeGate+MinPeaks+P-Filter+EquipRej+SkinPrio+BodyExt+Omega+OmScale+OmSplit+OmRot+Kalman+NonRigid+StaticSup,run2 pfilter4
cap_000573,2026-08-21T14:16:11.060,horizontal,22.63,25.13,2,2,0.0018994723394886465,TempBand+Watershed+Merge+ClustSml+ShapeGate+MinPeaks+P-Filter+EquipRej+SkinPrio+BodyExt+Omega+OmScale+OmSplit+OmRot+Kalman+NonRigid+StaticSup,run2 pfilter4
cap_000574,2026-08-21T14:16:11.156,horizontal,22.63,25.13,2,2,0.03768751298699154,TempBand+Watershed+Merge+ClustSml+ShapeGate+MinPeaks+P-Filter+EquipRej+SkinPrio+BodyExt+Omega+OmScale+OmSplit+OmRot+Kalman+NonRigid+StaticSup,run2 pfilter4
cap_000575,2026-08-21T14:16:11.285,horizontal,22.61,25.11,2,2,0.0314033690347463,TempBand+Watershed+Merge+ClustSml+ShapeGate+MinPeaks+P-Filter+EquipRej+SkinPrio+BodyExt+Omega+OmScale+OmSplit+OmRot+Kalman+NonRigid+StaticSup,run2 pfilter4
cap_000576,2026-08-21T14:16:11.383,horizontal,22.61,25.11,2,2,0.07019662621719772,TempBand+Watershed+Merge+ClustSml+ShapeGate+MinPeaks+P-Filter+EquipRej+SkinPrio+BodyExt+Omega+OmScale+OmSplit+OmRot+Kalman+NonRigid+StaticSup,run2 pfilter4
cap_000577,2026-08-21T14:16:11.509,horizontal,22.61,25.11,2,2,0.05145141649053469,TempBand+Watershed+Merge+ClustSml+ShapeGate+MinPeaks+P-Filter+EquipRej+SkinPrio+BodyExt+Omega+OmScale+OmSplit+OmRot+Kalman+NonRigid+StaticSup,run2 pfilter4
cap_000578,2026-08-21T14:16:11.605,horizontal,22.63,25.13,2,2,0.34580196320714707,TempBand+Watershed+Merge+ClustSml+ShapeGate+MinPeaks+P-Filter+EquipRej+SkinPrio+BodyExt+Omega+OmScale+OmSplit+OmRot+Kalman+NonRigid+StaticSup,run2 pfilter4
cap_000579,2026-08-21T14:16:11.734,horizontal,22.63,25.13,2,2,0.3400747681738326,TempBand+Watershed+Merge+ClustSml+ShapeGate+MinPeaks+P-Filter+EquipRej+SkinPrio+BodyExt+Omega+OmScale+OmSplit+OmRot+Kalman+NonRigid+StaticSup,run2 pfilter4
cap_000580,2026-08-21T14:16:11.862,horizontal,22.63,25.13,2,2,0.980485949219873,TempBand+Watershed+Merge+ClustSml+ShapeGate+MinPeaks+P-Filter+EquipRej+SkinPrio+BodyExt+Omega+OmScale+OmSplit+OmRot+Kalman+NonRigid+StaticSup,run2 pfilter4
cap_000581,2026-08-21T14:16:11.955,horizontal,22.63,25.13,2,2,0.8831745617785023,TempBand+Watershed+Merge+ClustSml+ShapeGate+MinPeaks+P-Filter+EquipRej+SkinPrio+BodyExt+Omega+OmScale+OmSplit+OmRot+Kalman+NonRigid+StaticSup,run2 pfilter4
cap_000582,2026-08-21T14:16:12.086,horizontal,22.63,25.13,2,2,0.9384651228247356,TempBand+Watershed+Merge+ClustSml+ShapeGate+MinPeaks+P-Filter+EquipRej+SkinPrio+BodyExt+Omega+OmScale+OmSplit+OmRot+Kalman+NonRigid+StaticSup,run2 pfilter4
cap_000583,2026-08-21T14:16:12.180,horizontal,22.63,25.13,2,2,0.8426884085235071,TempBand+Watershed+Merge+ClustSml+ShapeGate+MinPeaks+P-Filter+EquipRej+SkinPrio+BodyExt+Omega+OmScale+OmSplit+OmRot+Kalman+NonRigid+StaticSup,run2 pfilter4
cap_000584,2026-08-21T14:16:12.310,horizontal,22.63,25.13,2,2,0.9973848313442476,TempBand+Watershed+Merge+ClustSml+ShapeGate+MinPeaks+P-Filter+EquipRej+SkinPrio+BodyExt+Omega+OmScale+OmSplit+OmRot+Kalman+NonRigid+StaticSup,run2 pfilter4
cap_000585,2026-08-21T14:16:12.421,horizontal,22.63,25.13,2,2,0.9596061722809625,TempBand+Watershed+Merge+ClustSml+ShapeGate+MinPeaks+P-Filter+EquipRej+SkinPrio+BodyExt+Omega+OmScale+OmSplit+OmRot+Kalman+NonRigid+StaticSup,run2 pfilter4
cap_000586,2026-08-21T14:16:12.536,horizontal,22.66,25.16,2,2,0.8520520215073674,TempBand+Watershed+Merge+ClustSml+ShapeGate+MinPeaks+P-Filter+EquipRej+SkinPrio+BodyExt+Omega+OmScale+OmSplit+OmRot+Kalman+NonRigid+StaticSup,run2 pfilter4
cap_000587,2026-08-21T14:16:12.629,horizontal,22.66,25.16,2,3,0.9308132730569338,TempBand+Watershed+Merge+ClustSml+ShapeGate+MinPeaks+P-Filter+EquipRej+SkinPrio+BodyExt+Omega+OmScale+OmSplit+OmRot+Kalman+NonRigid+StaticSup,run2 pfilter4
cap_000588,2026-08-21T14:16:12.757,horizontal,22.63,25.13,2,2,0.994213156171623,TempBand+Watershed+Merge+ClustSml+ShapeGate+MinPeaks+P-Filter+EquipRej+SkinPrio+BodyExt+Omega+OmScale+OmSplit+OmRot+Kalman+NonRigid+StaticSup,run2 pfilter4
cap_000589,2026-08-21T14:16:12.887,horizontal,22.61,25.11,2,3,0.941176824782538,TempBand+Watershed+Merge+ClustSml+ShapeGate+MinPeaks+P-Filter+EquipRej+SkinPrio+BodyExt+Omega+OmScale+OmSplit+OmRot+Kalman+NonRigid+StaticSup,run2 pfilter4
cap_000590,2026-08-21T14:16:12.984,horizontal,22.58,25.08,2,2,0.9546037097259081,TempBand+Watershed+Merge+ClustSml+ShapeGate+MinPeaks+P-Filter+EquipRej+SkinPrio+BodyExt+Omega+OmScale+OmSplit+OmRot+Kalman+NonRigid+StaticSup,run2 pfilter4
cap_000591,2026-08-21T14:16:13.115,horizontal,22.61,25.11,2,2,0.9925812855269052,TempBand+Watershed+Merge+ClustSml+ShapeGate+MinPeaks+P-Filter+EquipRej+SkinPrio+BodyExt+Omega+OmScale+OmSplit+OmRot+Kalman+NonRigid+StaticSup,run2 pfilter4
cap_000592,2026-08-21T14:16:13.213,horizontal,22.58,25.08,2,3,0.944636678209856,TempBand+Watershed+Merge+ClustSml+ShapeGate+MinPeaks+P-Filter+EquipRej+SkinPrio+BodyExt+Omega+OmScale+OmSplit+OmRot+Kalman+NonRigid+StaticSup,run2 pfilter4
cap_000593,2026-08-21T14:16:13.338,horizontal,22.58,25.08,2,2,0.9922179382602435,TempBand+Watershed+Merge+ClustSml+ShapeGate+MinPeaks+P-Filter+EquipRej+SkinPrio+BodyExt+Omega+OmScale+OmSplit+OmRot+Kalman+NonRigid+StaticSup,run2 pfilter4
cap_000594,2026-08-21T14:16:13.434,horizontal,22.61,25.11,2,2,0.9644062967085374,TempBand+Watershed+Merge+ClustSml+ShapeGate+MinPeaks+P-Filter+EquipRej+SkinPrio+BodyExt+Omega+OmScale+OmSplit+OmRot+Kalman+NonRigid+StaticSup,run2 pfilter4
cap_000595,2026-08-21T14:16:13.561,horizontal,22.61,25.11,2,2,0.8822186105298355,TempBand+Watershed+Merge+ClustSml+ShapeGate+MinPeaks+P-Filter+EquipRej+SkinPrio+BodyExt+Omega+OmScale+OmSplit+OmRot+Kalman+NonRigid+StaticSup,run2 pfilter4
cap_000596,2026-08-21T14:16:13.692,horizontal,22.61,25.11,2,2,0.8706554316417833,TempBand+Watershed+Merge+ClustSml+ShapeGate+MinPeaks+P-Filter+EquipRej+SkinPrio+BodyExt+Omega+OmScale+OmSplit+OmRot+Kalman+NonRigid+StaticSup,run2 pfilter4
cap_000597,2026-08-21T14:16:13.784,horizontal,22.61,25.11,2,2,0.8732052911531116,TempBand+Watershed+Merge+ClustSml+ShapeGate+MinPeaks+P-Filter+EquipRej+SkinPrio+BodyExt+Omega+OmScale+OmSplit+OmRot+Kalman+NonRigid+StaticSup,run2 pfilter4
cap_000598,2026-08-21T14:16:13.913,horizontal,22.61,25.11,2,2,0.9123476112600256,TempBand+Watershed+Merge+ClustSml+ShapeGate+MinPeaks+P-Filter+EquipRej+SkinPrio+BodyExt+Omega+OmScale+OmSplit+OmRot+Kalman+NonRigid+StaticSup,run2 pfilter4
cap_000599,2026-08-21T14:16:14.012,horizontal,22.61,25.11,2,2,0.9062895261918994,TempBand+Watershed+Merge+ClustSml+ShapeGate+MinPeaks+P-Filter+EquipRej+SkinPrio+BodyExt+Omega+OmScale+OmSplit+OmRot+Kalman+NonRigid+StaticSup,run2 pfilter4
cap_000600,2026-08-21T14:16:14.135,horizontal,22.66,25.16,2,2,0.9502585521768602,TempBand+Watershed+Merge+ClustSml+ShapeGate+MinPeaks+P-Filter+EquipRej+SkinPrio+BodyExt+Omega+OmScale+OmSplit+OmRot+Kalman+NonRigid+StaticSup,run2 pfilter4
cap_000601,2026-08-21T14:16:14.233,horizontal,22.61,25.11,2,2,0.9861802010589886,TempBand+Watershed+Merge+ClustSml+ShapeGate+MinPeaks+P-Filter+EquipRej+SkinPrio+BodyExt+Omega+OmScale+OmSplit+OmRot+Kalman+NonRigid+StaticSup,run2 pfilter4
cap_000602,2026-08-21T14:16:14.360,horizontal,22.61,25.11,2,2,0.9319761348658719,TempBand+Watershed+Merge+ClustSml+ShapeGate+MinPeaks+P-Filter+EquipRej+SkinPrio+BodyExt+Omega+OmScale+OmSplit+OmRot+Kalman+NonRigid+StaticSup,run2 pfilter4
cap_000603,2026-08-21T14:16:14.457,horizontal,22.61,25.11,2,2,0.9396753986115945,TempBand+Watershed+Merge+ClustSml+ShapeGate+MinPeaks+P-Filter+EquipRej+SkinPrio+BodyExt+Omega+OmScale+OmSplit+OmRot+Kalman+NonRigid+StaticSup,run2 pfilter4
cap_000604,2026-08-21T14:16:14.590,horizontal,22.61,25.11,2,2,0.9192419092527163,TempBand+Watershed+Merge+ClustSml+ShapeGate+MinPeaks+P-Filter+EquipRej+SkinPrio+BodyExt+Omega+OmScale+OmSplit+OmRot+Kalman+NonRigid+StaticSup,run2 pfilter4
cap_000605,2026-08-21T14:16:14.714,horizontal,22.63,25.13,2,2,0.9802372484428511,TempBand+Watershed+Merge+ClustSml+ShapeGate+MinPeaks+P-Filter+EquipRej+SkinPrio+BodyExt+Omega+OmScale+OmSplit+OmRot+Kalman+NonRigid+StaticSup,run2 pfilter4
cap_000606,2026-08-21T14:16:14.810,horizontal,22.63,25.13,2,2,0.9023891620537691,TempBand+Watershed+Merge+ClustSml+ShapeGate+MinPeaks+P-Filter+EquipRej+SkinPrio+BodyExt+Omega+OmScale+OmSplit+OmRot+Kalman+NonRigid+StaticSup,run2 pfilter4
cap_000607,2026-08-21T14:16:14.935,horizontal,22.63,25.13,2,2,0.9588794155346991,TempBand+Watershed+Merge+ClustSml+ShapeGate+MinPeaks+P-Filter+EquipRej+SkinPrio+BodyExt+Omega+OmScale+OmSplit+OmRot+Kalman+NonRigid+StaticSup,run2 pfilter4
cap_000608,2026-08-21T14:16:15.034,horizontal,22.58,25.08,2,2,0.9086264124411861,TempBand+Watershed+Merge+ClustSml+ShapeGate+MinPeaks+P-Filter+EquipRej+SkinPrio+BodyExt+Omega+OmScale+OmSplit+OmRot+Kalman+NonRigid+StaticSup,run2 pfilter4
cap_000609,2026-08-21T14:16:15.164,horizontal,22.58,25.08,2,2,0.9060690829111918,TempBand+Watershed+Merge+ClustSml+ShapeGate+MinPeaks+P-Filter+EquipRej+SkinPrio+BodyExt+Omega+OmScale+OmSplit+OmRot+Kalman+NonRigid+StaticSup,run2 pfilter4
cap_000610,2026-08-21T14:16:15.257,horizontal,22.58,25.08,2,2,0.9366537337176696,TempBand+Watershed+Merge+ClustSml+ShapeGate+MinPeaks+P-Filter+EquipRej+SkinPrio+BodyExt+Omega+OmScale+OmSplit+OmRot+Kalman+NonRigid+StaticSup,run2 pfilter4
cap_000611,2026-08-21T14:16:15.386,horizontal,22.56,25.06,2,2,0.9120610994291725,TempBand+Watershed+Merge+ClustSml+ShapeGate+MinPeaks+P-Filter+EquipRej+SkinPrio+BodyExt+Omega+OmScale+OmSplit+OmRot+Kalman+NonRigid+StaticSup,run2 pfilter4
cap_000612,2026-08-21T14:16:15.539,horizontal,22.56,25.06,2,2,0.918720313203929,TempBand+Watershed+Merge+ClustSml+ShapeGate+MinPeaks+P-Filter+EquipRej+SkinPrio+BodyExt+Omega+OmScale+OmSplit+OmRot+Kalman+NonRigid+StaticSup,run2 pfilter4
cap_000613,2026-08-21T14:16:15.611,horizontal,22.58,25.08,2,2,0.8701182685136484,TempBand+Watershed+Merge+ClustSml+ShapeGate+MinPeaks+P-Filter+EquipRej+SkinPrio+BodyExt+Omega+OmScale+OmSplit+OmRot+Kalman+NonRigid+StaticSup,run2 pfilter4
cap_000614,2026-08-21T14:16:15.759,horizontal,22.61,25.11,2,2,0.8422585705758744,TempBand+Watershed+Merge+ClustSml+ShapeGate+MinPeaks+P-Filter+EquipRej+SkinPrio+BodyExt+Omega+OmScale+OmSplit+OmRot+Kalman+NonRigid+StaticSup,run2 pfilter4
cap_000615,2026-08-21T14:16:15.837,horizontal,22.63,25.13,2,2,0.903035827857601,TempBand+Watershed+Merge+ClustSml+ShapeGate+MinPeaks+P-Filter+EquipRej+SkinPrio+BodyExt+Omega+OmScale+OmSplit+OmRot+Kalman+NonRigid+StaticSup,run2 pfilter4
cap_000616,2026-08-21T14:16:15.961,horizontal,22.63,25.13,2,2,0.9784577738604034,TempBand+Watershed+Merge+ClustSml+ShapeGate+MinPeaks+P-Filter+EquipRej+SkinPrio+BodyExt+Omega+OmScale+OmSplit+OmRot+Kalman+NonRigid+StaticSup,run2 pfilter4
cap_000617,2026-08-21T14:16:16.055,horizontal,22.66,25.16,2,2,0.9782995790059812,TempBand+Watershed+Merge+ClustSml+ShapeGate+MinPeaks+P-Filter+EquipRej+SkinPrio+BodyExt+Omega+OmScale+OmSplit+OmRot+Kalman+NonRigid+StaticSup,run2 pfilter4
cap_000618,2026-08-21T14:16:16.184,horizontal,22.63,25.13,2,2,0.9520536145224555,TempBand+Watershed+Merge+ClustSml+ShapeGate+MinPeaks+P-Filter+EquipRej+SkinPrio+BodyExt+Omega+OmScale+OmSplit+OmRot+Kalman+NonRigid+StaticSup,run2 pfilter4
cap_000619,2026-08-21T14:16:16.278,horizontal,22.63,25.13,2,2,0.714517523744534,TempBand+Watershed+Merge+ClustSml+ShapeGate+MinPeaks+P-Filter+EquipRej+SkinPrio+BodyExt+Omega+OmScale+OmSplit+OmRot+Kalman+NonRigid+StaticSup,run2 pfilter4
cap_000620,2026-08-21T14:16:16.410,horizontal,22.63,25.13,2,2,0.6818972375527043,TempBand+Watershed+Merge+ClustSml+ShapeGate+MinPeaks+P-Filter+EquipRej+SkinPrio+BodyExt+Omega+OmScale+OmSplit+OmRot+Kalman+NonRigid+StaticSup,run2 pfilter4
cap_000621,2026-08-21T14:16:16.546,horizontal,22.61,25.11,2,2,0.8406088514641578,TempBand+Watershed+Merge+ClustSml+ShapeGate+MinPeaks+P-Filter+EquipRej+SkinPrio+BodyExt+Omega+OmScale+OmSplit+OmRot+Kalman+NonRigid+StaticSup,run2 pfilter4
cap_000622,2026-08-21T14:16:16.643,horizontal,22.56,25.06,2,2,0.7084848880264172,TempBand+Watershed+Merge+ClustSml+ShapeGate+MinPeaks+P-Filter+EquipRej+SkinPrio+BodyExt+Omega+OmScale+OmSplit+OmRot+Kalman+NonRigid+StaticSup,run2 pfilter4
cap_000623,2026-08-21T14:16:16.762,horizontal,22.54,25.04,2,3,0.8587220640379987,TempBand+Watershed+Merge+ClustSml+ShapeGate+MinPeaks+P-Filter+EquipRej+SkinPrio+BodyExt+Omega+OmScale+OmSplit+OmRot+Kalman+NonRigid+StaticSup,run2 pfilter4
cap_000624,2026-08-21T14:16:16.856,horizontal,22.51,25.01,2,2,0.7701922797246488,TempBand+Watershed+Merge+ClustSml+ShapeGate+MinPeaks+P-Filter+EquipRej+SkinPrio+BodyExt+Omega+OmScale+OmSplit+OmRot+Kalman+NonRigid+StaticSup,run2 pfilter4
cap_000625,2026-08-21T14:16:16.990,horizontal,22.51,25.01,2,2,0.686610325183873,TempBand+Watershed+Merge+ClustSml+ShapeGate+MinPeaks+P-Filter+EquipRej+SkinPrio+BodyExt+Omega+OmScale+OmSplit+OmRot+Kalman+NonRigid+StaticSup,run2 pfilter4
cap_000626,2026-08-21T14:16:17.084,horizontal,22.49,24.99,2,2,0.8440701185943711,TempBand+Watershed+Merge+ClustSml+ShapeGate+MinPeaks+P-Filter+EquipRej+SkinPrio+BodyExt+Omega+OmScale+OmSplit+OmRot+Kalman+NonRigid+StaticSup,run2 pfilter4
cap_000627,2026-08-21T14:16:17.216,horizontal,22.49,24.99,2,2,0.9072448052571825,TempBand+Watershed+Merge+ClustSml+ShapeGate+MinPeaks+P-Filter+EquipRej+SkinPrio+BodyExt+Omega+OmScale+OmSplit+OmRot+Kalman+NonRigid+StaticSup,run2 pfilter4
cap_000628,2026-08-21T14:16:17.335,horizontal,22.49,24.99,2,2,0.36013676053483024,TempBand+Watershed+Merge+ClustSml+ShapeGate+MinPeaks+P-Filter+EquipRej+SkinPrio+BodyExt+Omega+OmScale+OmSplit+OmRot+Kalman+NonRigid+StaticSup,run2 pfilter4
cap_000629,2026-08-21T14:16:17.435,horizontal,22.49,24.99,2,2,0.4569862706603521,TempBand+Watershed+Merge+ClustSml+ShapeGate+MinPeaks+P-Filter+EquipRej+SkinPrio+BodyExt+Omega+OmScale+OmSplit+OmRot+Kalman+NonRigid+StaticSup,run2 pfilter4
cap_000630,2026-08-21T14:16:17.562,horizontal,22.49,24.99,2,1,0.44266265632491847,TempBand+Watershed+Merge+ClustSml+ShapeGate+MinPeaks+P-Filter+EquipRej+SkinPrio+BodyExt+Omega+OmScale+OmSplit+OmRot+Kalman+NonRigid+StaticSup,run2 pfilter4
cap_000631,2026-08-21T14:16:17.659,horizontal,22.49,24.99,2,4,0.5864207630054716,TempBand+Watershed+Merge+ClustSml+ShapeGate+MinPeaks+P-Filter+EquipRej+SkinPrio+BodyExt+Omega+OmScale+OmSplit+OmRot+Kalman+NonRigid+StaticSup,run2 pfilter4
cap_000632,2026-08-21T14:16:17.785,horizontal,22.49,24.99,2,3,0.8862051123391388,TempBand+Watershed+Merge+ClustSml+ShapeGate+MinPeaks+P-Filter+EquipRej+SkinPrio+BodyExt+Omega+OmScale+OmSplit+OmRot+Kalman+NonRigid+StaticSup,run2 pfilter4
cap_000633,2026-08-21T14:16:17.916,horizontal,22.47,24.97,2,2,0.9179924036671921,TempBand+Watershed+Merge+ClustSml+ShapeGate+MinPeaks+P-Filter+EquipRej+SkinPrio+BodyExt+Omega+OmScale+OmSplit+OmRot+Kalman+NonRigid+StaticSup,run2 pfilter4
cap_000634,2026-08-21T14:16:18.011,horizontal,22.49,24.99,2,1,0.38519433550795384,TempBand+Watershed+Merge+ClustSml+ShapeGate+MinPeaks+P-Filter+EquipRej+SkinPrio+BodyExt+Omega+OmScale+OmSplit+OmRot+Kalman+NonRigid+StaticSup,run2 pfilter4
cap_000635,2026-08-21T14:16:18.106,horizontal,22.49,24.99,2,2,0.42930958192635155,TempBand+Watershed+Merge+ClustSml+ShapeGate+MinPeaks+P-Filter+EquipRej+SkinPrio+BodyExt+Omega+OmScale+OmSplit+OmRot+Kalman+NonRigid+StaticSup,run2 pfilter4
cap_000636,2026-08-21T14:16:18.234,horizontal,22.49,24.99,2,3,0.8251190852935871,TempBand+Watershed+Merge+ClustSml+ShapeGate+MinPeaks+P-Filter+EquipRej+SkinPrio+BodyExt+Omega+OmScale+OmSplit+OmRot+Kalman+NonRigid+StaticSup,run2 pfilter4
cap_000637,2026-08-21T14:16:18.363,horizontal,22.51,25.01,2,4,0.7342452380199888,TempBand+Watershed+Merge+ClustSml+ShapeGate+MinPeaks+P-Filter+EquipRej+SkinPrio+BodyExt+Omega+OmScale+OmSplit+OmRot+Kalman+NonRigid+StaticSup,run2 pfilter4
cap_000638,2026-08-21T14:16:18.462,horizontal,22.51,25.01,2,3,0.7385681322907628,TempBand+Watershed+Merge+ClustSml+ShapeGate+MinPeaks+P-Filter+EquipRej+SkinPrio+BodyExt+Omega+OmScale+OmSplit+OmRot+Kalman+NonRigid+StaticSup,run2 pfilter4
cap_000639,2026-08-21T14:16:18.591,horizontal,22.51,25.01,2,2,0.9008557573328368,TempBand+Watershed+Merge+ClustSml+ShapeGate+MinPeaks+P-Filter+EquipRej+SkinPrio+BodyExt+Omega+OmScale+OmSplit+OmRot+Kalman+NonRigid+StaticSup,run2 pfilter4
cap_000640,2026-08-21T14:16:18.681,horizontal,22.49,24.99,2,3,0.8840826963344927,TempBand+Watershed+Merge+ClustSml+ShapeGate+MinPeaks+P-Filter+EquipRej+SkinPrio+BodyExt+Omega+OmScale+OmSplit+OmRot+Kalman+NonRigid+StaticSup,run2 pfilter4
cap_000641,2026-08-21T14:16:18.808,horizontal,22.49,24.99,2,2,0.9282084969531234,TempBand+Watershed+Merge+ClustSml+ShapeGate+MinPeaks+P-Filter+EquipRej+SkinPrio+BodyExt+Omega+OmScale+OmSplit+OmRot+Kalman+NonRigid+StaticSup,run2 pfilter4
cap_000642,2026-08-21T14:16:18.906,horizontal,22.49,24.99,2,1,0.368167504785693,TempBand+Watershed+Merge+ClustSml+ShapeGate+MinPeaks+P-Filter+EquipRej+SkinPrio+BodyExt+Omega+OmScale+OmSplit+OmRot+Kalman+NonRigid+StaticSup,run2 pfilter4
cap_000643,2026-08-21T14:16:19.041,horizontal,22.49,24.99,2,2,0.8933555706390395,TempBand+Watershed+Merge+ClustSml+ShapeGate+MinPeaks+P-Filter+EquipRej+SkinPrio+BodyExt+Omega+OmScale+OmSplit+OmRot+Kalman+NonRigid+StaticSup,run2 pfilter4
cap_000644,2026-08-21T14:16:19.127,horizontal,22.51,25.01,2,2,0.9538095019404919,TempBand+Watershed+Merge+ClustSml+ShapeGate+MinPeaks+P-Filter+EquipRej+SkinPrio+BodyExt+Omega+OmScale+OmSplit+OmRot+Kalman+NonRigid+StaticSup,run2 pfilter4
cap_000645,2026-08-21T14:16:19.257,horizontal,22.51,25.01,2,3,0.941249997442142,TempBand+Watershed+Merge+ClustSml+ShapeGate+MinPeaks+P-Filter+EquipRej+SkinPrio+BodyExt+Omega+OmScale+OmSplit+OmRot+Kalman+NonRigid+StaticSup,run2 pfilter4
cap_000646,2026-08-21T14:16:19.386,horizontal,22.51,25.01,2,3,0.9472639275892456,TempBand+Watershed+Merge+ClustSml+ShapeGate+MinPeaks+P-Filter+EquipRej+SkinPrio+BodyExt+Omega+OmScale+OmSplit+OmRot+Kalman+NonRigid+StaticSup,run2 pfilter4
cap_000647,2026-08-21T14:16:19.485,horizontal,22.49,24.99,2,3,0.9614855702186508,TempBand+Watershed+Merge+ClustSml+ShapeGate+MinPeaks+P-Filter+EquipRej+SkinPrio+BodyExt+Omega+OmScale+OmSplit+OmRot+Kalman+NonRigid+StaticSup,run2 pfilter4
cap_000648,2026-08-21T14:16:19.608,horizontal,22.49,24.99,2,2,0.9859145949337642,TempBand+Watershed+Merge+ClustSml+ShapeGate+MinPeaks+P-Filter+EquipRej+SkinPrio+BodyExt+Omega+OmScale+OmSplit+OmRot+Kalman+NonRigid+StaticSup,run2 pfilter4
cap_000649,2026-08-21T14:16:19.705,horizontal,22.47,24.97,2,2,0.9485332125391168,TempBand+Watershed+Merge+ClustSml+ShapeGate+MinPeaks+P-Filter+EquipRej+SkinPrio+BodyExt+Omega+OmScale+OmSplit+OmRot+Kalman+NonRigid+StaticSup,run2 pfilter4
cap_000650,2026-08-21T14:16:19.833,horizontal,22.47,24.97,2,2,0.9370494487059283,TempBand+Watershed+Merge+ClustSml+ShapeGate+MinPeaks+P-Filter+EquipRej+SkinPrio+BodyExt+Omega+OmScale+OmSplit+OmRot+Kalman+NonRigid+StaticSup,run2 pfilter4
cap_000651,2026-08-21T14:16:19.932,horizontal,22.47,24.97,2,2,0.917178222543802,TempBand+Watershed+Merge+ClustSml+ShapeGate+MinPeaks+P-Filter+EquipRej+SkinPrio+BodyExt+Omega+OmScale+OmSplit+OmRot+Kalman+NonRigid+StaticSup,run2 pfilter4
cap_000652,2026-08-21T14:16:20.062,horizontal,22.47,24.97,2,3,0.8544811278993698,TempBand+Watershed+Merge+ClustSml+ShapeGate+MinPeaks+P-Filter+EquipRej+SkinPrio+BodyExt+Omega+OmScale+OmSplit+OmRot+Kalman+NonRigid+StaticSup,run2 pfilter4
cap_000653,2026-08-21T14:16:20.187,horizontal,22.47,24.97,2,3,0.9296064729923955,TempBand+Watershed+Merge+ClustSml+ShapeGate+MinPeaks+P-Filter+EquipRej+SkinPrio+BodyExt+Omega+OmScale+OmSplit+OmRot+Kalman+NonRigid+StaticSup,run2 pfilter4
cap_000654,2026-08-21T14:16:20.284,horizontal,22.47,24.97,2,4,0.9447658094134662,TempBand+Watershed+Merge+ClustSml+ShapeGate+MinPeaks+P-Filter+EquipRej+SkinPrio+BodyExt+Omega+OmScale+OmSplit+OmRot+Kalman+NonRigid+StaticSup,run2 pfilter4
cap_000655,2026-08-21T14:16:20.411,horizontal,22.47,24.97,2,4,0.8136187093734,TempBand+Watershed+Merge+ClustSml+ShapeGate+MinPeaks+P-Filter+EquipRej+SkinPrio+BodyExt+Omega+OmScale+OmSplit+OmRot+Kalman+NonRigid+StaticSup,run2 pfilter4
cap_000656,2026-08-21T14:16:20.505,horizontal,22.46,24.96,2,4,0.9015058200857895,TempBand+Watershed+Merge+ClustSml+ShapeGate+MinPeaks+P-Filter+EquipRej+SkinPrio+BodyExt+Omega+OmScale+OmSplit+OmRot+Kalman+NonRigid+StaticSup,run2 pfilter4
cap_000657,2026-08-21T14:16:20.636,horizontal,22.44,24.94,2,4,0.9254229337049864,TempBand+Watershed+Merge+ClustSml+ShapeGate+MinPeaks+P-Filter+EquipRej+SkinPrio+BodyExt+Omega+OmScale+OmSplit+OmRot+Kalman+NonRigid+StaticSup,run2 pfilter4
cap_000658,2026-08-21T14:16:20.731,horizontal,22.42,24.92,2,3,0.8831485716364008,TempBand+Watershed+Merge+ClustSml+ShapeGate+MinPeaks+P-Filter+EquipRej+SkinPrio+BodyExt+Omega+OmScale+OmSplit+OmRot+Kalman+NonRigid+StaticSup,run2 pfilter4
cap_000659,2026-08-21T14:16:20.861,horizontal,22.40,24.90,2,4,0.9914202857248214,TempBand+Watershed+Merge+ClustSml+ShapeGate+MinPeaks+P-Filter+EquipRej+SkinPrio+BodyExt+Omega+OmScale+OmSplit+OmRot+Kalman+NonRigid+StaticSup,run2 pfilter4
cap_000660,2026-08-21T14:16:20.954,horizontal,22.40,24.90,1,2,0.9863940536500588,TempBand+Watershed+Merge+ClustSml+ShapeGate+MinPeaks+P-Filter+EquipRej+SkinPrio+BodyExt+Omega+OmScale+OmSplit+OmRot+Kalman+NonRigid+StaticSup,run2 pfilter4
cap_000661,2026-08-21T14:16:21.084,horizontal,22.40,24.90,2,2,0.9411379930838587,TempBand+Watershed+Merge+ClustSml+ShapeGate+MinPeaks+P-Filter+EquipRej+SkinPrio+BodyExt+Omega+OmScale+OmSplit+OmRot+Kalman+NonRigid+StaticSup,run2 pfilter4
cap_000662,2026-08-21T14:16:21.212,horizontal,22.42,24.92,2,3,0.821708883044415,TempBand+Watershed+Merge+ClustSml+ShapeGate+MinPeaks+P-Filter+EquipRej+SkinPrio+BodyExt+Omega+OmScale+OmSplit+OmRot+Kalman+NonRigid+StaticSup,run2 pfilter4
cap_000663,2026-08-21T14:16:21.309,horizontal,22.42,24.92,2,2,0.8872436953303379,TempBand+Watershed+Merge+ClustSml+ShapeGate+MinPeaks+P-Filter+EquipRej+SkinPrio+BodyExt+Omega+OmScale+OmSplit+OmRot+Kalman+NonRigid+StaticSup,run2 pfilter4
cap_000664,2026-08-21T14:16:21.446,horizontal,22.42,24.92,2,2,0.9206598859731794,TempBand+Watershed+Merge+ClustSml+ShapeGate+MinPeaks+P-Filter+EquipRej+SkinPrio+BodyExt+Omega+OmScale+OmSplit+OmRot+Kalman+NonRigid+StaticSup,run2 pfilter4
cap_000665,2026-08-21T14:16:21.544,horizontal,22.42,24.92,2,2,0.9876587713314776,TempBand+Watershed+Merge+ClustSml+ShapeGate+MinPeaks+P-Filter+EquipRej+SkinPrio+BodyExt+Omega+OmScale+OmSplit+OmRot+Kalman+NonRigid+StaticSup,run2 pfilter4
cap_000666,2026-08-21T14:16:21.658,horizontal,22.42,24.92,2,3,0.9650181822342624,TempBand+Watershed+Merge+ClustSml+ShapeGate+MinPeaks+P-Filter+EquipRej+SkinPrio+BodyExt+Omega+OmScale+OmSplit+OmRot+Kalman+NonRigid+StaticSup,run2 pfilter4
cap_000667,2026-08-21T14:16:21.754,horizontal,22.44,24.94,2,2,0.9931098965255749,TempBand+Watershed+Merge+ClustSml+ShapeGate+MinPeaks+P-Filter+EquipRej+SkinPrio+BodyExt+Omega+OmScale+OmSplit+OmRot+Kalman+NonRigid+StaticSup,run2 pfilter4
cap_000668,2026-08-21T14:16:21.882,horizontal,22.44,24.94,2,2,0.9783917581351314,TempBand+Watershed+Merge+ClustSml+ShapeGate+MinPeaks+P-Filter+EquipRej+SkinPrio+BodyExt+Omega+OmScale+OmSplit+OmRot+Kalman+NonRigid+StaticSup,run2 pfilter4
cap_000669,2026-08-21T14:16:22.012,horizontal,22.51,25.01,2,3,0.8685278073156033,TempBand+Watershed+Merge+ClustSml+ShapeGate+MinPeaks+P-Filter+EquipRej+SkinPrio+BodyExt+Omega+OmScale+OmSplit+OmRot+Kalman+NonRigid+StaticSup,run2 pfilter4
cap_000670,2026-08-21T14:16:22.110,horizontal,22.51,25.01,2,3,0.9495164701887626,TempBand+Watershed+Merge+ClustSml+ShapeGate+MinPeaks+P-Filter+EquipRej+SkinPrio+BodyExt+Omega+OmScale+OmSplit+OmRot+Kalman+NonRigid+StaticSup,run2 pfilter4
cap_000671,2026-08-21T14:16:22.231,horizontal,22.54,25.04,2,2,0.8485335218919527,TempBand+Watershed+Merge+ClustSml+ShapeGate+MinPeaks+P-Filter+EquipRej+SkinPrio+BodyExt+Omega+OmScale+OmSplit+OmRot+Kalman+NonRigid+StaticSup,run2 pfilter4
cap_000672,2026-08-21T14:16:22.334,horizontal,22.51,25.01,2,2,0.8435418419487559,TempBand+Watershed+Merge+ClustSml+ShapeGate+MinPeaks+P-Filter+EquipRej+SkinPrio+BodyExt+Omega+OmScale+OmSplit+OmRot+Kalman+NonRigid+StaticSup,run2 pfilter4
cap_000673,2026-08-21T14:16:22.455,horizontal,22.51,25.01,2,3,0.7977372787346553,TempBand+Watershed+Merge+ClustSml+ShapeGate+MinPeaks+P-Filter+EquipRej+SkinPrio+BodyExt+Omega+OmScale+OmSplit+OmRot+Kalman+NonRigid+StaticSup,run2 pfilter4
cap_000674,2026-08-21T14:16:22.554,horizontal,22.49,24.99,2,2,0.6831408432927918,TempBand+Watershed+Merge+ClustSml+ShapeGate+MinPeaks+P-Filter+EquipRej+SkinPrio+BodyExt+Omega+OmScale+OmSplit+OmRot+Kalman+NonRigid+StaticSup,run2 pfilter4
cap_000675,2026-08-21T14:16:22.685,horizontal,22.49,24.99,2,2,0.8594002935403041,TempBand+Watershed+Merge+ClustSml+ShapeGate+MinPeaks+P-Filter+EquipRej+SkinPrio+BodyExt+Omega+OmScale+OmSplit+OmRot+Kalman+NonRigid+StaticSup,run2 pfilter4
cap_000676,2026-08-21T14:16:22.780,horizontal,22.49,24.99,2,3,0.9654012372261831,TempBand+Watershed+Merge+ClustSml+ShapeGate+MinPeaks+P-Filter+EquipRej+SkinPrio+BodyExt+Omega+OmScale+OmSplit+OmRot+Kalman+NonRigid+StaticSup,run2 pfilter4
cap_000677,2026-08-21T14:16:22.908,horizontal,22.47,24.97,2,3,0.9684416735041939,TempBand+Watershed+Merge+ClustSml+ShapeGate+MinPeaks+P-Filter+EquipRej+SkinPrio+BodyExt+Omega+OmScale+OmSplit+OmRot+Kalman+NonRigid+StaticSup,run2 pfilter4
cap_000678,2026-08-21T14:16:23.034,horizontal,22.47,24.97,2,3,0.902353539994395,TempBand+Watershed+Merge+ClustSml+ShapeGate+MinPeaks+P-Filter+EquipRej+SkinPrio+BodyExt+Omega+OmScale+OmSplit+OmRot+Kalman+NonRigid+StaticSup,run2 pfilter4
cap_000679,2026-08-21T14:16:23.132,horizontal,22.44,24.94,2,3,0.8431736711119227,TempBand+Watershed+Merge+ClustSml+ShapeGate+MinPeaks+P-Filter+EquipRej+SkinPrio+BodyExt+Omega+OmScale+OmSplit+OmRot+Kalman+NonRigid+StaticSup,run2 pfilter4
cap_000680,2026-08-21T14:16:23.259,horizontal,22.44,24.94,2,3,0.8346111473782176,TempBand+Watershed+Merge+ClustSml+ShapeGate+MinPeaks+P-Filter+EquipRej+SkinPrio+BodyExt+Omega+OmScale+OmSplit+OmRot+Kalman+NonRigid+StaticSup,run2 pfilter4
cap_000681,2026-08-21T14:16:23.354,horizontal,22.40,24.90,2,2,0.7450498733625287,TempBand+Watershed+Merge+ClustSml+ShapeGate+MinPeaks+P-Filter+EquipRej+SkinPrio+BodyExt+Omega+OmScale+OmSplit+OmRot+Kalman+NonRigid+StaticSup,run2 pfilter4
cap_000682,2026-08-21T14:16:23.486,horizontal,22.40,24.90,2,2,0.8387866071688841,TempBand+Watershed+Merge+ClustSml+ShapeGate+MinPeaks+P-Filter+EquipRej+SkinPrio+BodyExt+Omega+OmScale+OmSplit+OmRot+Kalman+NonRigid+StaticSup,run2 pfilter4
cap_000683,2026-08-21T14:16:23.576,horizontal,22.40,24.90,2,2,0.9862261981391957,TempBand+Watershed+Merge+ClustSml+ShapeGate+MinPeaks+P-Filter+EquipRej+SkinPrio+BodyExt+Omega+OmScale+OmSplit+OmRot+Kalman+NonRigid+StaticSup,run2 pfilter4
cap_000684,2026-08-21T14:16:23.711,horizontal,22.42,24.92,2,3,0.9793392040021751,TempBand+Watershed+Merge+ClustSml+ShapeGate+MinPeaks+P-Filter+EquipRej+SkinPrio+BodyExt+Omega+OmScale+OmSplit+OmRot+Kalman+NonRigid+StaticSup,run2 pfilter4
cap_000685,2026-08-21T14:16:23.836,horizontal,22.40,24.90,2,3,0.8753195878792074,TempBand+Watershed+Merge+ClustSml+ShapeGate+MinPeaks+P-Filter+EquipRej+SkinPrio+BodyExt+Omega+OmScale+OmSplit+OmRot+Kalman+NonRigid+StaticSup,run2 pfilter4
cap_000686,2026-08-21T14:16:23.944,horizontal,22.42,24.92,2,2,0.9904045939317419,TempBand+Watershed+Merge+ClustSml+ShapeGate+MinPeaks+P-Filter+EquipRej+SkinPrio+BodyExt+Omega+OmScale+OmSplit+OmRot+Kalman+NonRigid+StaticSup,run2 pfilter4
cap_000687,2026-08-21T14:16:24.069,horizontal,22.42,24.92,2,2,0.9589776703330748,TempBand+Watershed+Merge+ClustSml+ShapeGate+MinPeaks+P-Filter+EquipRej+SkinPrio+BodyExt+Omega+OmScale+OmSplit+OmRot+Kalman+NonRigid+StaticSup,run2 pfilter4
cap_000688,2026-08-21T14:16:24.153,horizontal,22.37,24.87,2,3,0.9261394836550026,TempBand+Watershed+Merge+ClustSml+ShapeGate+MinPeaks+P-Filter+EquipRej+SkinPrio+BodyExt+Omega+OmScale+OmSplit+OmRot+Kalman+NonRigid+StaticSup,run2 pfilter4
cap_000689,2026-08-21T14:16:24.284,horizontal,22.37,24.87,2,2,0.9440708833634577,TempBand+Watershed+Merge+ClustSml+ShapeGate+MinPeaks+P-Filter+EquipRej+SkinPrio+BodyExt+Omega+OmScale+OmSplit+OmRot+Kalman+NonRigid+StaticSup,run2 pfilter4
cap_000690,2026-08-21T14:16:24.382,horizontal,22.37,24.87,2,2,0.9352173477607194,TempBand+Watershed+Merge+ClustSml+ShapeGate+MinPeaks+P-Filter+EquipRej+SkinPrio+BodyExt+Omega+OmScale+OmSplit+OmRot+Kalman+NonRigid+StaticSup,run2 pfilter4
cap_000691,2026-08-21T14:16:24.508,horizontal,22.37,24.87,2,2,0.8294688969700625,TempBand+Watershed+Merge+ClustSml+ShapeGate+MinPeaks+P-Filter+EquipRej+SkinPrio+BodyExt+Omega+OmScale+OmSplit+OmRot+Kalman+NonRigid+StaticSup,run2 pfilter4
cap_000692,2026-08-21T14:16:24.603,horizontal,22.40,24.90,2,2,0.7238692417082571,TempBand+Watershed+Merge+ClustSml+ShapeGate+MinPeaks+P-Filter+EquipRej+SkinPrio+BodyExt+Omega+OmScale+OmSplit+OmRot+Kalman+NonRigid+StaticSup,run2 pfilter4
cap_000693,2026-08-21T14:16:24.730,horizontal,22.40,24.90,2,2,0.637592020454135,TempBand+Watershed+Merge+ClustSml+ShapeGate+MinPeaks+P-Filter+EquipRej+SkinPrio+BodyExt+Omega+OmScale+OmSplit+OmRot+Kalman+NonRigid+StaticSup,run2 pfilter4
cap_000694,2026-08-21T14:16:24.860,horizontal,22.40,24.90,2,3,0.7377679465249088,TempBand+Watershed+Merge+ClustSml+ShapeGate+MinPeaks+P-Filter+EquipRej+SkinPrio+BodyExt+Omega+OmScale+OmSplit+OmRot+Kalman+NonRigid+StaticSup,run2 pfilter4
cap_000695,2026-08-21T14:16:24.952,horizontal,22.40,24.90,2,2,0.9542566074988993,TempBand+Watershed+Merge+ClustSml+ShapeGate+MinPeaks+P-Filter+EquipRej+SkinPrio+BodyExt+Omega+OmScale+OmSplit+OmRot+Kalman+NonRigid+StaticSup,run2 pfilter4
cap_000696,2026-08-21T14:16:25.079,horizontal,22.42,24.92,2,2,0.9266470130685515,TempBand+Watershed+Merge+ClustSml+ShapeGate+MinPeaks+P-Filter+EquipRej+SkinPrio+BodyExt+Omega+OmScale+OmSplit+OmRot+Kalman+NonRigid+StaticSup,run2 pfilter4
cap_000697,2026-08-21T14:16:25.179,horizontal,22.42,24.92,2,2,0.8572940669395667,TempBand+Watershed+Merge+ClustSml+ShapeGate+MinPeaks+P-Filter+EquipRej+SkinPrio+BodyExt+Omega+OmScale+OmSplit+OmRot+Kalman+NonRigid+StaticSup,run2 pfilter4
cap_000698,2026-08-21T14:16:25.303,horizontal,22.49,24.99,2,2,0.8472786547713592,TempBand+Watershed+Merge+ClustSml+ShapeGate+MinPeaks+P-Filter+EquipRej+SkinPrio+BodyExt+Omega+OmScale+OmSplit+OmRot+Kalman+NonRigid+StaticSup,run2 pfilter4
cap_000699,2026-08-21T14:16:25.407,horizontal,22.47,24.97,2,2,0.9254992278981724,TempBand+Watershed+Merge+ClustSml+ShapeGate+MinPeaks+P-Filter+EquipRej+SkinPrio+BodyExt+Omega+OmScale+OmSplit+OmRot+Kalman+NonRigid+StaticSup,run2 pfilter4
cap_000700,2026-08-21T14:16:25.559,horizontal,22.44,24.94,2,2,0.9201750117737939,TempBand+Watershed+Merge+ClustSml+ShapeGate+MinPeaks+P-Filter+EquipRej+SkinPrio+BodyExt+Omega+OmScale+OmSplit+OmRot+Kalman+NonRigid+StaticSup,run2 pfilter4
cap_000701,2026-08-21T14:16:25.634,horizontal,22.44,24.94,2,3,0.840581482817014,TempBand+Watershed+Merge+ClustSml+ShapeGate+MinPeaks+P-Filter+EquipRej+SkinPrio+BodyExt+Omega+OmScale+OmSplit+OmRot+Kalman+NonRigid+StaticSup,run2 pfilter4
cap_000702,2026-08-21T14:16:25.754,horizontal,22.44,24.94,2,3,0.8338789310829329,TempBand+Watershed+Merge+ClustSml+ShapeGate+MinPeaks+P-Filter+EquipRej+SkinPrio+BodyExt+Omega+OmScale+OmSplit+OmRot+Kalman+NonRigid+StaticSup,run2 pfilter4
cap_000703,2026-08-21T14:16:25.889,horizontal,22.44,24.94,2,3,0.8224735384437846,TempBand+Watershed+Merge+ClustSml+ShapeGate+MinPeaks+P-Filter+EquipRej+SkinPrio+BodyExt+Omega+OmScale+OmSplit+OmRot+Kalman+NonRigid+StaticSup,run2 pfilter4
cap_000704,2026-08-21T14:16:25.983,horizontal,22.44,24.94,2,3,0.8364213938550303,TempBand+Watershed+Merge+ClustSml+ShapeGate+MinPeaks+P-Filter+EquipRej+SkinPrio+BodyExt+Omega+OmScale+OmSplit+OmRot+Kalman+NonRigid+StaticSup,run2 pfilter4
cap_000705,2026-08-21T14:16:26.103,horizontal,22.44,24.94,2,2,0.6590872192270978,TempBand+Watershed+Merge+ClustSml+ShapeGate+MinPeaks+P-Filter+EquipRej+SkinPrio+BodyExt+Omega+OmScale+OmSplit+OmRot+Kalman+NonRigid+StaticSup,run2 pfilter4
cap_000706,2026-08-21T14:16:26.203,horizontal,22.44,24.94,2,3,0.67086870766035,TempBand+Watershed+Merge+ClustSml+ShapeGate+MinPeaks+P-Filter+EquipRej+SkinPrio+BodyExt+Omega+OmScale+OmSplit+OmRot+Kalman+NonRigid+StaticSup,run2 pfilter4
cap_000707,2026-08-21T14:16:26.326,horizontal,22.44,24.94,2,3,0.7325665375868756,TempBand+Watershed+Merge+ClustSml+ShapeGate+MinPeaks+P-Filter+EquipRej+SkinPrio+BodyExt+Omega+OmScale+OmSplit+OmRot+Kalman+NonRigid+StaticSup,run2 pfilter4
cap_000708,2026-08-21T14:16:26.425,horizontal,22.47,24.97,2,2,0.9400361074667714,TempBand+Watershed+Merge+ClustSml+ShapeGate+MinPeaks+P-Filter+EquipRej+SkinPrio+BodyExt+Omega+OmScale+OmSplit+OmRot+Kalman+NonRigid+StaticSup,run2 pfilter4
cap_000709,2026-08-21T14:16:26.605,horizontal,22.47,24.97,2,3,0.8479068009516174,TempBand+Watershed+Merge+ClustSml+ShapeGate+MinPeaks+P-Filter+EquipRej+SkinPrio+BodyExt+Omega+OmScale+OmSplit+OmRot+Kalman+NonRigid+StaticSup,run2 pfilter4
cap_000710,2026-08-21T14:16:26.684,horizontal,22.49,24.99,2,2,0.8260856700447746,TempBand+Watershed+Merge+ClustSml+ShapeGate+MinPeaks+P-Filter+EquipRej+SkinPrio+BodyExt+Omega+OmScale+OmSplit+OmRot+Kalman+NonRigid+StaticSup,run2 pfilter4
cap_000711,2026-08-21T14:16:26.779,horizontal,22.49,24.99,2,2,0.805511460904037,TempBand+Watershed+Merge+ClustSml+ShapeGate+MinPeaks+P-Filter+EquipRej+SkinPrio+BodyExt+Omega+OmScale+OmSplit+OmRot+Kalman+NonRigid+StaticSup,run2 pfilter4
cap_000712,2026-08-21T14:16:26.904,horizontal,22.49,24.99,2,2,0.8260856700447746,TempBand+Watershed+Merge+ClustSml+ShapeGate+MinPeaks+P-Filter+EquipRej+SkinPrio+BodyExt+Omega+OmScale+OmSplit+OmRot+Kalman+NonRigid+StaticSup,run2 pfilter4
cap_000713,2026-08-21T14:16:27.001,horizontal,22.47,24.97,2,2,0.8968245010065189,TempBand+Watershed+Merge+ClustSml+ShapeGate+MinPeaks+P-Filter+EquipRej+SkinPrio+BodyExt+Omega+OmScale+OmSplit+OmRot+Kalman+NonRigid+StaticSup,run2 pfilter4
cap_000714,2026-08-21T14:16:27.140,horizontal,22.47,24.97,2,2,0.8872327951134007,TempBand+Watershed+Merge+ClustSml+ShapeGate+MinPeaks+P-Filter+EquipRej+SkinPrio+BodyExt+Omega+OmScale+OmSplit+OmRot+Kalman+NonRigid+StaticSup,run2 pfilter4
cap_000715,2026-08-21T14:16:27.226,horizontal,22.47,24.97,2,3,0.8906584043609433,TempBand+Watershed+Merge+ClustSml+ShapeGate+MinPeaks+P-Filter+EquipRej+SkinPrio+BodyExt+Omega+OmScale+OmSplit+OmRot+Kalman+NonRigid+StaticSup,run2 pfilter4
cap_000716,2026-08-21T14:16:27.357,horizontal,22.49,24.99,2,2,0.9259266405006293,TempBand+Watershed+Merge+ClustSml+ShapeGate+MinPeaks+P-Filter+EquipRej+SkinPrio+BodyExt+Omega+OmScale+OmSplit+OmRot+Kalman+NonRigid+StaticSup,run2 pfilter4
cap_000717,2026-08-21T14:16:27.453,horizontal,22.49,24.99,2,2,0.8305278851979363,TempBand+Watershed+Merge+ClustSml+ShapeGate+MinPeaks+P-Filter+EquipRej+SkinPrio+BodyExt+Omega+OmScale+OmSplit+OmRot+Kalman+NonRigid+StaticSup,run2 pfilter4
cap_000718,2026-08-21T14:16:27.581,horizontal,22.49,24.99,2,2,0.8104991479684581,TempBand+Watershed+Merge+ClustSml+ShapeGate+MinPeaks+P-Filter+EquipRej+SkinPrio+BodyExt+Omega+OmScale+OmSplit+OmRot+Kalman+NonRigid+StaticSup,run2 pfilter4
cap_000719,2026-08-21T14:16:27.711,horizontal,22.49,24.99,2,3,0.7973346355171869,TempBand+Watershed+Merge+ClustSml+ShapeGate+MinPeaks+P-Filter+EquipRej+SkinPrio+BodyExt+Omega+OmScale+OmSplit+OmRot+Kalman+NonRigid+StaticSup,run2 pfilter4
cap_000720,2026-08-21T14:16:27.816,horizontal,22.49,24.99,2,2,0.9086976273935408,TempBand+Watershed+Merge+ClustSml+ShapeGate+MinPeaks+P-Filter+EquipRej+SkinPrio+BodyExt+Omega+OmScale+OmSplit+OmRot+Kalman+NonRigid+StaticSup,run2 pfilter4
cap_000721,2026-08-21T14:16:27.940,horizontal,22.51,25.01,2,2,0.8328862231286777,TempBand+Watershed+Merge+ClustSml+ShapeGate+MinPeaks+P-Filter+EquipRej+SkinPrio+BodyExt+Omega+OmScale+OmSplit+OmRot+Kalman+NonRigid+StaticSup,run2 pfilter4
cap_000722,2026-08-21T14:16:28.027,horizontal,22.54,25.04,2,2,0.8430059316697149,TempBand+Watershed+Merge+ClustSml+ShapeGate+MinPeaks+P-Filter+EquipRej+SkinPrio+BodyExt+Omega+OmScale+OmSplit+OmRot+Kalman+NonRigid+StaticSup,run2 pfilter4
cap_000723,2026-08-21T14:16:28.156,horizontal,22.54,25.04,2,2,0.8262099012513138,TempBand+Watershed+Merge+ClustSml+ShapeGate+MinPeaks+P-Filter+EquipRej+SkinPrio+BodyExt+Omega+OmScale+OmSplit+OmRot+Kalman+NonRigid+StaticSup,run2 pfilter4
cap_000724,2026-08-21T14:16:28.251,horizontal,22.51,25.01,2,2,0.8225958046470683,TempBand+Watershed+Merge+ClustSml+ShapeGate+MinPeaks+P-Filter+EquipRej+SkinPrio+BodyExt+Omega+OmScale+OmSplit+OmRot+Kalman+NonRigid+StaticSup,run2 pfilter4
cap_000725,2026-08-21T14:16:28.381,horizontal,22.51,25.01,2,2,0.9454457626610514,TempBand+Watershed+Merge+ClustSml+ShapeGate+MinPeaks+P-Filter+EquipRej+SkinPrio+BodyExt+Omega+OmScale+OmSplit+OmRot+Kalman+NonRigid+StaticSup,run2 pfilter4
cap_000726,2026-08-21T14:16:28.507,horizontal,22.51,25.01,2,2,0.809117835802238,TempBand+Watershed+Merge+ClustSml+ShapeGate+MinPeaks+P-Filter+EquipRej+SkinPrio+BodyExt+Omega+OmScale+OmSplit+OmRot+Kalman+NonRigid+StaticSup,run2 pfilter4
cap_000727,2026-08-21T14:16:28.604,horizontal,22.51,25.01,2,1,0.9074819519988712,TempBand+Watershed+Merge+ClustSml+ShapeGate+MinPeaks+P-Filter+EquipRej+SkinPrio+BodyExt+Omega+OmScale+OmSplit+OmRot+Kalman+NonRigid+StaticSup,run2 pfilter4
cap_000728,2026-08-21T14:16:28.730,horizontal,22.54,25.04,2,2,0.9099294551494188,TempBand+Watershed+Merge+ClustSml+ShapeGate+MinPeaks+P-Filter+EquipRej+SkinPrio+BodyExt+Omega+OmScale+OmSplit+OmRot+Kalman+NonRigid+StaticSup,run2 pfilter4
cap_000729,2026-08-21T14:16:28.855,horizontal,22.54,25.04,2,1,0.9393567825083153,TempBand+Watershed+Merge+ClustSml+ShapeGate+MinPeaks+P-Filter+EquipRej+SkinPrio+BodyExt+Omega+OmScale+OmSplit+OmRot+Kalman+NonRigid+StaticSup,run2 pfilter4
cap_000730,2026-08-21T14:16:28.949,horizontal,22.54,25.04,2,2,0.9710244923484626,TempBand+Watershed+Merge+ClustSml+ShapeGate+MinPeaks+P-Filter+EquipRej+SkinPrio+BodyExt+Omega+OmScale+OmSplit+OmRot+Kalman+NonRigid+StaticSup,run2 pfilter4
cap_000731,2026-08-21T14:16:29.051,horizontal,22.54,25.04,2,2,0.8397584171445601,TempBand+Watershed+Merge+ClustSml+ShapeGate+MinPeaks+P-Filter+EquipRej+SkinPrio+BodyExt+Omega+OmScale+OmSplit+OmRot+Kalman+NonRigid+StaticSup,run2 pfilter4
cap_000732,2026-08-21T14:16:29.180,horizontal,22.56,25.06,2,2,0.9854358872560088,TempBand+Watershed+Merge+ClustSml+ShapeGate+MinPeaks+P-Filter+EquipRej+SkinPrio+BodyExt+Omega+OmScale+OmSplit+OmRot+Kalman+NonRigid+StaticSup,run2 pfilter4
cap_000733,2026-08-21T14:16:29.270,horizontal,22.56,25.06,2,2,0.8224437041453073,TempBand+Watershed+Merge+ClustSml+ShapeGate+MinPeaks+P-Filter+EquipRej+SkinPrio+BodyExt+Omega+OmScale+OmSplit+OmRot+Kalman+NonRigid+StaticSup,run2 pfilter4
cap_000734,2026-08-21T14:16:29.399,horizontal,22.56,25.06,2,2,0.8259818784299504,TempBand+Watershed+Merge+ClustSml+ShapeGate+MinPeaks+P-Filter+EquipRej+SkinPrio+BodyExt+Omega+OmScale+OmSplit+OmRot+Kalman+NonRigid+StaticSup,run2 pfilter4
cap_000735,2026-08-21T14:16:29.530,horizontal,22.58,25.08,2,2,0.8384244089417646,TempBand+Watershed+Merge+ClustSml+ShapeGate+MinPeaks+P-Filter+EquipRej+SkinPrio+BodyExt+Omega+OmScale+OmSplit+OmRot+Kalman+NonRigid+StaticSup,run2 pfilter4
cap_000736,2026-08-21T14:16:29.631,horizontal,22.58,25.08,2,2,0.9761274824554831,TempBand+Watershed+Merge+ClustSml+ShapeGate+MinPeaks+P-Filter+EquipRej+SkinPrio+BodyExt+Omega+OmScale+OmSplit+OmRot+Kalman+NonRigid+StaticSup,run2 pfilter4
cap_000737,2026-08-21T14:16:29.758,horizontal,22.58,25.08,2,3,0.9981905108452044,TempBand+Watershed+Merge+ClustSml+ShapeGate+MinPeaks+P-Filter+EquipRej+SkinPrio+BodyExt+Omega+OmScale+OmSplit+OmRot+Kalman+NonRigid+StaticSup,run2 pfilter4
cap_000738,2026-08-21T14:16:29.848,horizontal,22.56,25.06,2,2,0.8845790225926868,TempBand+Watershed+Merge+ClustSml+ShapeGate+MinPeaks+P-Filter+EquipRej+SkinPrio+BodyExt+Omega+OmScale+OmSplit+OmRot+Kalman+NonRigid+StaticSup,run2 pfilter4
cap_000739,2026-08-21T14:16:29.978,horizontal,22.58,25.08,2,2,0.9461595840545022,TempBand+Watershed+Merge+ClustSml+ShapeGate+MinPeaks+P-Filter+EquipRej+SkinPrio+BodyExt+Omega+OmScale+OmSplit+OmRot+Kalman+NonRigid+StaticSup,run2 pfilter4
cap_000740,2026-08-21T14:16:30.081,horizontal,22.63,25.13,2,2,0.8298789063546237,TempBand+Watershed+Merge+ClustSml+ShapeGate+MinPeaks+P-Filter+EquipRej+SkinPrio+BodyExt+Omega+OmScale+OmSplit+OmRot+Kalman+NonRigid+StaticSup,run2 pfilter4
cap_000741,2026-08-21T14:16:30.206,horizontal,22.61,25.11,2,2,0.7544353694132944,TempBand+Watershed+Merge+ClustSml+ShapeGate+MinPeaks+P-Filter+EquipRej+SkinPrio+BodyExt+Omega+OmScale+OmSplit+OmRot+Kalman+NonRigid+StaticSup,run2 pfilter4
cap_000742,2026-08-21T14:16:30.329,horizontal,22.56,25.06,2,1,0.685866137676218,TempBand+Watershed+Merge+ClustSml+ShapeGate+MinPeaks+P-Filter+EquipRej+SkinPrio+BodyExt+Omega+OmScale+OmSplit+OmRot+Kalman+NonRigid+StaticSup,run2 pfilter4
cap_000743,2026-08-21T14:16:30.427,horizontal,22.54,25.04,2,2,0.784199495211486,TempBand+Watershed+Merge+ClustSml+ShapeGate+MinPeaks+P-Filter+EquipRej+SkinPrio+BodyExt+Omega+OmScale+OmSplit+OmRot+Kalman+NonRigid+StaticSup,run2 pfilter4
cap_000744,2026-08-21T14:16:30.554,horizontal,22.51,25.01,2,2,0.9292429895238377,TempBand+Watershed+Merge+ClustSml+ShapeGate+MinPeaks+P-Filter+EquipRej+SkinPrio+BodyExt+Omega+OmScale+OmSplit+OmRot+Kalman+NonRigid+StaticSup,run2 pfilter4
cap_000745,2026-08-21T14:16:30.650,horizontal,22.54,25.04,2,2,0.892064315361351,TempBand+Watershed+Merge+ClustSml+ShapeGate+MinPeaks+P-Filter+EquipRej+SkinPrio+BodyExt+Omega+OmScale+OmSplit+OmRot+Kalman+NonRigid+StaticSup,run2 pfilter4
cap_000746,2026-08-21T14:16:30.780,horizontal,22.54,25.04,2,2,0.9406859464686327,TempBand+Watershed+Merge+ClustSml+ShapeGate+MinPeaks+P-Filter+EquipRej+SkinPrio+BodyExt+Omega+OmScale+OmSplit+OmRot+Kalman+NonRigid+StaticSup,run2 pfilter4
cap_000747,2026-08-21T14:16:30.875,horizontal,22.51,25.01,2,2,0.9835961330416048,TempBand+Watershed+Merge+ClustSml+ShapeGate+MinPeaks+P-Filter+EquipRej+SkinPrio+BodyExt+Omega+OmScale+OmSplit+OmRot+Kalman+NonRigid+StaticSup,run2 pfilter4
cap_000748,2026-08-21T14:16:31.004,horizontal,22.49,24.99,2,2,0.8738553954093133,TempBand+Watershed+Merge+ClustSml+ShapeGate+MinPeaks+P-Filter+EquipRej+SkinPrio+BodyExt+Omega+OmScale+OmSplit+OmRot+Kalman+NonRigid+StaticSup,run2 pfilter4
cap_000749,2026-08-21T14:16:31.096,horizontal,22.49,24.99,2,1,0.8520638571046496,TempBand+Watershed+Merge+ClustSml+ShapeGate+MinPeaks+P-Filter+EquipRej+SkinPrio+BodyExt+Omega+OmScale+OmSplit+OmRot+Kalman+NonRigid+StaticSup,run2 pfilter4
cap_000750,2026-08-21T14:16:31.223,horizontal,22.47,24.97,2,1,0.7233879519061323,TempBand+Watershed+Merge+ClustSml+ShapeGate+MinPeaks+P-Filter+EquipRej+SkinPrio+BodyExt+Omega+OmScale+OmSplit+OmRot+Kalman+NonRigid+StaticSup,run2 pfilter4
cap_000751,2026-08-21T14:16:31.351,horizontal,22.44,24.94,2,2,0.411247175839563,TempBand+Watershed+Merge+ClustSml+ShapeGate+MinPeaks+P-Filter+EquipRej+SkinPrio+BodyExt+Omega+OmScale+OmSplit+OmRot+Kalman+NonRigid+StaticSup,run2 pfilter4
cap_000752,2026-08-21T14:16:31.446,horizontal,22.42,24.92,2,2,0.8870571038234175,TempBand+Watershed+Merge+ClustSml+ShapeGate+MinPeaks+P-Filter+EquipRej+SkinPrio+BodyExt+Omega+OmScale+OmSplit+OmRot+Kalman+NonRigid+StaticSup,run2 pfilter4
cap_000753,2026-08-21T14:16:31.571,horizontal,22.42,24.92,2,2,0.7104372724602419,TempBand+Watershed+Merge+ClustSml+ShapeGate+MinPeaks+P-Filter+EquipRej+SkinPrio+BodyExt+Omega+OmScale+OmSplit+OmRot+Kalman+NonRigid+StaticSup,run2 pfilter4
cap_000754,2026-08-21T14:16:31.680,horizontal,22.42,24.92,2,2,0.6075830261846493,TempBand+Watershed+Merge+ClustSml+ShapeGate+MinPeaks+P-Filter+EquipRej+SkinPrio+BodyExt+Omega+OmScale+OmSplit+OmRot+Kalman+NonRigid+StaticSup,run2 pfilter4
cap_000755,2026-08-21T14:16:31.802,horizontal,22.42,24.92,2,2,0.7741906469634487,TempBand+Watershed+Merge+ClustSml+ShapeGate+MinPeaks+P-Filter+EquipRej+SkinPrio+BodyExt+Omega+OmScale+OmSplit+OmRot+Kalman+NonRigid+StaticSup,run2 pfilter4
cap_000756,2026-08-21T14:16:31.894,horizontal,22.40,24.90,2,2,0.43403277114367916,TempBand+Watershed+Merge+ClustSml+ShapeGate+MinPeaks+P-Filter+EquipRej+SkinPrio+BodyExt+Omega+OmScale+OmSplit+OmRot+Kalman+NonRigid+StaticSup,run2 pfilter4
cap_000757,2026-08-21T14:16:32.014,horizontal,22.42,24.92,1,1,0.7695256337235997,TempBand+Watershed+Merge+ClustSml+ShapeGate+MinPeaks+P-Filter+EquipRej+SkinPrio+BodyExt+Omega+OmScale+OmSplit+OmRot+Kalman+NonRigid+StaticSup,run2 pfilter4
cap_000758,2026-08-21T14:16:32.117,horizontal,22.42,24.92,2,2,0.6613504298835556,TempBand+Watershed+Merge+ClustSml+ShapeGate+MinPeaks+P-Filter+EquipRej+SkinPrio+BodyExt+Omega+OmScale+OmSplit+OmRot+Kalman+NonRigid+StaticSup,run2 pfilter4
cap_000759,2026-08-21T14:16:32.238,horizontal,22.42,24.92,1,1,0.47130352067361564,TempBand+Watershed+Merge+ClustSml+ShapeGate+MinPeaks+P-Filter+EquipRej+SkinPrio+BodyExt+Omega+OmScale+OmSplit+OmRot+Kalman+NonRigid+StaticSup,run2 pfilter4
cap_000760,2026-08-21T14:16:32.366,horizontal,22.42,24.92,1,1,0.14668154099098113,TempBand+Watershed+Merge+ClustSml+ShapeGate+MinPeaks+P-Filter+EquipRej+SkinPrio+BodyExt+Omega+OmScale+OmSplit+OmRot+Kalman+NonRigid+StaticSup,run2 pfilter4
cap_000761,2026-08-21T14:16:32.471,horizontal,22.42,24.92,2,2,0.4818562717847254,TempBand+Watershed+Merge+ClustSml+ShapeGate+MinPeaks+P-Filter+EquipRej+SkinPrio+BodyExt+Omega+OmScale+OmSplit+OmRot+Kalman+NonRigid+StaticSup,run2 pfilter4
cap_000762,2026-08-21T14:16:32.599,horizontal,22.42,24.92,2,2,0.5667868609387595,TempBand+Watershed+Merge+ClustSml+ShapeGate+MinPeaks+P-Filter+EquipRej+SkinPrio+BodyExt+Omega+OmScale+OmSplit+OmRot+Kalman+NonRigid+StaticSup,run2 pfilter4
cap_000763,2026-08-21T14:16:32.696,horizontal,22.40,24.90,2,2,0.624988927960885,TempBand+Watershed+Merge+ClustSml+ShapeGate+MinPeaks+P-Filter+EquipRej+SkinPrio+BodyExt+Omega+OmScale+OmSplit+OmRot+Kalman+NonRigid+StaticSup,run2 pfilter4
cap_000764,2026-08-21T14:16:32.821,horizontal,22.37,24.87,2,1,0.3298321484106866,TempBand+Watershed+Merge+ClustSml+ShapeGate+MinPeaks+P-Filter+EquipRej+SkinPrio+BodyExt+Omega+OmScale+OmSplit+OmRot+Kalman+NonRigid+StaticSup,run2 pfilter4
cap_000765,2026-08-21T14:16:32.911,horizontal,22.35,24.85,1,1,0.3680842069467807,TempBand+Watershed+Merge+ClustSml+ShapeGate+MinPeaks+P-Filter+EquipRej+SkinPrio+BodyExt+Omega+OmScale+OmSplit+OmRot+Kalman+NonRigid+StaticSup,run2 pfilter4
cap_000766,2026-08-21T14:16:33.046,horizontal,22.35,24.85,2,2,0.8519070128777299,TempBand+Watershed+Merge+ClustSml+ShapeGate+MinPeaks+P-Filter+EquipRej+SkinPrio+BodyExt+Omega+OmScale+OmSplit+OmRot+Kalman+NonRigid+StaticSup,run2 pfilter4
cap_000767,2026-08-21T14:16:33.176,horizontal,22.35,24.85,2,2,0.7639741255756789,TempBand+Watershed+Merge+ClustSml+ShapeGate+MinPeaks+P-Filter+EquipRej+SkinPrio+BodyExt+Omega+OmScale+OmSplit+OmRot+Kalman+NonRigid+StaticSup,run2 pfilter4
cap_000768,2026-08-21T14:16:33.269,horizontal,22.35,24.85,2,2,0.603871681591206,TempBand+Watershed+Merge+ClustSml+ShapeGate+MinPeaks+P-Filter+EquipRej+SkinPrio+BodyExt+Omega+OmScale+OmSplit+OmRot+Kalman+NonRigid+StaticSup,run2 pfilter4
cap_000769,2026-08-21T14:16:33.398,horizontal,22.35,24.85,2,2,0.8972885206518288,TempBand+Watershed+Merge+ClustSml+ShapeGate+MinPeaks+P-Filter+EquipRej+SkinPrio+BodyExt+Omega+OmScale+OmSplit+OmRot+Kalman+NonRigid+StaticSup,run2 pfilter4
cap_000770,2026-08-21T14:16:33.494,horizontal,22.37,24.87,2,2,0.848183178725609,TempBand+Watershed+Merge+ClustSml+ShapeGate+MinPeaks+P-Filter+EquipRej+SkinPrio+BodyExt+Omega+OmScale+OmSplit+OmRot+Kalman+NonRigid+StaticSup,run2 pfilter4
cap_000771,2026-08-21T14:16:33.622,horizontal,22.37,24.87,2,2,0.9995118379398894,TempBand+Watershed+Merge+ClustSml+ShapeGate+MinPeaks+P-Filter+EquipRej+SkinPrio+BodyExt+Omega+OmScale+OmSplit+OmRot+Kalman+NonRigid+StaticSup,run2 pfilter4
cap_000772,2026-08-21T14:16:33.730,horizontal,22.35,24.85,2,2,0.9419383390009118,TempBand+Watershed+Merge+ClustSml+ShapeGate+MinPeaks+P-Filter+EquipRej+SkinPrio+BodyExt+Omega+OmScale+OmSplit+OmRot+Kalman+NonRigid+StaticSup,run2 pfilter4
cap_000773,2026-08-21T14:16:33.844,horizontal,22.35,24.85,2,2,0.9842071506117908,TempBand+Watershed+Merge+ClustSml+ShapeGate+MinPeaks+P-Filter+EquipRej+SkinPrio+BodyExt+Omega+OmScale+OmSplit+OmRot+Kalman+NonRigid+StaticSup,run2 pfilter4
cap_000774,2026-08-21T14:16:33.935,horizontal,22.33,24.83,1,1,0.8881998183144738,TempBand+Watershed+Merge+ClustSml+ShapeGate+MinPeaks+P-Filter+EquipRej+SkinPrio+BodyExt+Omega+OmScale+OmSplit+OmRot+Kalman+NonRigid+StaticSup,run2 pfilter4
cap_000775,2026-08-21T14:16:34.061,horizontal,22.33,24.83,1,1,0.7696292801446505,TempBand+Watershed+Merge+ClustSml+ShapeGate+MinPeaks+P-Filter+EquipRej+SkinPrio+BodyExt+Omega+OmScale+OmSplit+OmRot+Kalman+NonRigid+StaticSup,run2 pfilter4
cap_000776,2026-08-21T14:16:34.195,horizontal,22.33,24.83,1,1,0.9590167543506496,TempBand+Watershed+Merge+ClustSml+ShapeGate+MinPeaks+P-Filter+EquipRej+SkinPrio+BodyExt+Omega+OmScale+OmSplit+OmRot+Kalman+NonRigid+StaticSup,run2 pfilter4
cap_000777,2026-08-21T14:16:34.289,horizontal,22.33,24.83,1,1,0.8176749358399733,TempBand+Watershed+Merge+ClustSml+ShapeGate+MinPeaks+P-Filter+EquipRej+SkinPrio+BodyExt+Omega+OmScale+OmSplit+OmRot+Kalman+NonRigid+StaticSup,run2 pfilter4
cap_000778,2026-08-21T14:16:34.418,horizontal,22.33,24.83,1,1,0.9320835177596228,TempBand+Watershed+Merge+ClustSml+ShapeGate+MinPeaks+P-Filter+EquipRej+SkinPrio+BodyExt+Omega+OmScale+OmSplit+OmRot+Kalman+NonRigid+StaticSup,run2 pfilter4
cap_000779,2026-08-21T14:16:34.513,horizontal,22.33,24.83,1,1,0.863931174525586,TempBand+Watershed+Merge+ClustSml+ShapeGate+MinPeaks+P-Filter+EquipRej+SkinPrio+BodyExt+Omega+OmScale+OmSplit+OmRot+Kalman+NonRigid+StaticSup,run2 pfilter4
cap_000780,2026-08-21T14:16:34.639,horizontal,22.33,24.83,1,1,0.8598974859736822,TempBand+Watershed+Merge+ClustSml+ShapeGate+MinPeaks+P-Filter+EquipRej+SkinPrio+BodyExt+Omega+OmScale+OmSplit+OmRot+Kalman+NonRigid+StaticSup,run2 pfilter4
cap_000781,2026-08-21T14:16:34.734,horizontal,22.33,24.83,1,1,0.750061020266002,TempBand+Watershed+Merge+ClustSml+ShapeGate+MinPeaks+P-Filter+EquipRej+SkinPrio+BodyExt+Omega+OmScale+OmSplit+OmRot+Kalman+NonRigid+StaticSup,run2 pfilter4
cap_000782,2026-08-21T14:16:34.862,horizontal,22.33,24.83,1,1,0.7204219007856577,TempBand+Watershed+Merge+ClustSml+ShapeGate+MinPeaks+P-Filter+EquipRej+SkinPrio+BodyExt+Omega+OmScale+OmSplit+OmRot+Kalman+NonRigid+StaticSup,run2 pfilter4
cap_000783,2026-08-21T14:16:34.996,horizontal,22.33,24.83,1,1,0.8106725564884766,TempBand+Watershed+Merge+ClustSml+ShapeGate+MinPeaks+P-Filter+EquipRej+SkinPrio+BodyExt+Omega+OmScale+OmSplit+OmRot+Kalman+NonRigid+StaticSup,run2 pfilter4
cap_000784,2026-08-21T14:16:35.088,horizontal,22.30,24.80,1,1,0.7825880460922408,TempBand+Watershed+Merge+ClustSml+ShapeGate+MinPeaks+P-Filter+EquipRej+SkinPrio+BodyExt+Omega+OmScale+OmSplit+OmRot+Kalman+NonRigid+StaticSup,run2 pfilter4
cap_000785,2026-08-21T14:16:35.217,horizontal,22.28,24.78,1,1,0.80686051090939,TempBand+Watershed+Merge+ClustSml+ShapeGate+MinPeaks+P-Filter+EquipRej+SkinPrio+BodyExt+Omega+OmScale+OmSplit+OmRot+Kalman+NonRigid+StaticSup,run2 pfilter4
cap_000786,2026-08-21T14:16:35.310,horizontal,22.23,24.73,1,1,0.6566743788041902,TempBand+Watershed+Merge+ClustSml+ShapeGate+MinPeaks+P-Filter+EquipRej+SkinPrio+BodyExt+Omega+OmScale+OmSplit+OmRot+Kalman+NonRigid+StaticSup,run2 pfilter4
cap_000787,2026-08-21T14:16:35.442,horizontal,22.23,24.73,1,1,0.5969196203603595,TempBand+Watershed+Merge+ClustSml+ShapeGate+MinPeaks+P-Filter+EquipRej+SkinPrio+BodyExt+Omega+OmScale+OmSplit+OmRot+Kalman+NonRigid+StaticSup,run2 pfilter4
cap_000788,2026-08-21T14:16:35.527,horizontal,22.23,24.73,0,0,0.0,TempBand+Watershed+Merge+ClustSml+ShapeGate+MinPeaks+P-Filter+EquipRej+SkinPrio+BodyExt+Omega+OmScale+OmSplit+OmRot+Kalman+NonRigid+StaticSup,run2 pfilter4
cap_000789,2026-08-21T14:16:35.655,horizontal,22.23,24.73,0,0,0.0,TempBand+Watershed+Merge+ClustSml+ShapeGate+MinPeaks+P-Filter+EquipRej+SkinPrio+BodyExt+Omega+OmScale+OmSplit+OmRot+Kalman+NonRigid+StaticSup,run2 pfilter4
cap_000790,2026-08-21T14:16:35.758,horizontal,22.21,24.71,0,0,0.0,TempBand+Watershed+Merge+ClustSml+ShapeGate+MinPeaks+P-Filter+EquipRej+SkinPrio+BodyExt+Omega+OmScale+OmSplit+OmRot+Kalman+NonRigid+StaticSup,run2 pfilter4
cap_000791,2026-08-21T14:16:35.891,horizontal,22.23,24.73,0,0,0.0,TempBand+Watershed+Merge+ClustSml+ShapeGate+MinPeaks+P-Filter+EquipRej+SkinPrio+BodyExt+Omega+OmScale+OmSplit+OmRot+Kalman+NonRigid+StaticSup,run2 pfilter4
cap_000792,2026-08-21T14:16:36.011,horizontal,22.26,24.76,0,0,0.0,TempBand+Watershed+Merge+ClustSml+ShapeGate+MinPeaks+P-Filter+EquipRej+SkinPrio+BodyExt+Omega+OmScale+OmSplit+OmRot+Kalman+NonRigid+StaticSup,run2 pfilter4
cap_000793,2026-08-21T14:16:36.111,horizontal,22.23,24.73,0,0,0.0,TempBand+Watershed+Merge+ClustSml+ShapeGate+MinPeaks+P-Filter+EquipRej+SkinPrio+BodyExt+Omega+OmScale+OmSplit+OmRot+Kalman+NonRigid+StaticSup,run2 pfilter4
cap_000794,2026-08-21T14:16:36.233,horizontal,22.23,24.73,0,0,0.0,TempBand+Watershed+Merge+ClustSml+ShapeGate+MinPeaks+P-Filter+EquipRej+SkinPrio+BodyExt+Omega+OmScale+OmSplit+OmRot+Kalman+NonRigid+StaticSup,run2 pfilter4
cap_000795,2026-08-21T14:16:36.330,horizontal,22.23,24.73,0,0,0.0,TempBand+Watershed+Merge+ClustSml+ShapeGate+MinPeaks+P-Filter+EquipRej+SkinPrio+BodyExt+Omega+OmScale+OmSplit+OmRot+Kalman+NonRigid+StaticSup,run2 pfilter4
cap_000796,2026-08-21T14:16:36.456,horizontal,22.26,24.76,0,0,0.0,TempBand+Watershed+Merge+ClustSml+ShapeGate+MinPeaks+P-Filter+EquipRej+SkinPrio+BodyExt+Omega+OmScale+OmSplit+OmRot+Kalman+NonRigid+StaticSup,run2 pfilter4
cap_000797,2026-08-21T14:16:36.565,horizontal,22.26,24.76,0,0,0.0,TempBand+Watershed+Merge+ClustSml+ShapeGate+MinPeaks+P-Filter+EquipRej+SkinPrio+BodyExt+Omega+OmScale+OmSplit+OmRot+Kalman+NonRigid+StaticSup,run2 pfilter4
cap_000798,2026-08-21T14:16:36.688,horizontal,22.26,24.76,0,0,0.0,TempBand+Watershed+Merge+ClustSml+ShapeGate+MinPeaks+P-Filter+EquipRej+SkinPrio+BodyExt+Omega+OmScale+OmSplit+OmRot+Kalman+NonRigid+StaticSup,run2 pfilter4
cap_000799,2026-08-21T14:16:36.816,horizontal,22.28,24.78,1,1,0.5434845134320845,TempBand+Watershed+Merge+ClustSml+ShapeGate+MinPeaks+P-Filter+EquipRej+SkinPrio+BodyExt+Omega+OmScale+OmSplit+OmRot+Kalman+NonRigid+StaticSup,run2 pfilter4
cap_000800,2026-08-21T14:16:36.911,horizontal,22.28,24.78,0,0,0.0,TempBand+Watershed+Merge+ClustSml+ShapeGate+MinPeaks+P-Filter+EquipRej+SkinPrio+BodyExt+Omega+OmScale+OmSplit+OmRot+Kalman+NonRigid+StaticSup,run2 pfilter4
cap_000801,2026-08-21T14:16:37.039,horizontal,22.28,24.78,0,0,0.0,TempBand+Watershed+Merge+ClustSml+ShapeGate+MinPeaks+P-Filter+EquipRej+SkinPrio+BodyExt+Omega+OmScale+OmSplit+OmRot+Kalman+NonRigid+StaticSup,run2 pfilter4
cap_000802,2026-08-21T14:16:37.134,horizontal,22.26,24.76,0,0,0.0,TempBand+Watershed+Merge+ClustSml+ShapeGate+MinPeaks+P-Filter+EquipRej+SkinPrio+BodyExt+Omega+OmScale+OmSplit+OmRot+Kalman+NonRigid+StaticSup,run2 pfilter4
cap_000803,2026-08-21T14:16:37.264,horizontal,22.26,24.76,1,1,0.8594708912726388,TempBand+Watershed+Merge+ClustSml+ShapeGate+MinPeaks+P-Filter+EquipRej+SkinPrio+BodyExt+Omega+OmScale+OmSplit+OmRot+Kalman+NonRigid+StaticSup,run2 pfilter4
cap_000804,2026-08-21T14:16:37.351,horizontal,22.26,24.76,0,0,0.0,TempBand+Watershed+Merge+ClustSml+ShapeGate+MinPeaks+P-Filter+EquipRej+SkinPrio+BodyExt+Omega+OmScale+OmSplit+OmRot+Kalman+NonRigid+StaticSup,run2 pfilter4
cap_000805,2026-08-21T14:16:37.503,horizontal,22.28,24.78,1,1,0.8995606541459005,TempBand+Watershed+Merge+ClustSml+ShapeGate+MinPeaks+P-Filter+EquipRej+SkinPrio+BodyExt+Omega+OmScale+OmSplit+OmRot+Kalman+NonRigid+StaticSup,run2 pfilter4
cap_000806,2026-08-21T14:16:37.593,horizontal,22.28,24.78,1,1,0.8558211259367405,TempBand+Watershed+Merge+ClustSml+ShapeGate+MinPeaks+P-Filter+EquipRej+SkinPrio+BodyExt+Omega+OmScale+OmSplit+OmRot+Kalman+NonRigid+StaticSup,run2 pfilter4
cap_000807,2026-08-21T14:16:37.718,horizontal,22.28,24.78,2,1,0.9496943123348035,TempBand+Watershed+Merge+ClustSml+ShapeGate+MinPeaks+P-Filter+EquipRej+SkinPrio+BodyExt+Omega+OmScale+OmSplit+OmRot+Kalman+NonRigid+StaticSup,run2 pfilter4
cap_000808,2026-08-21T14:16:37.844,horizontal,22.28,24.78,2,1,0.9564740484226523,TempBand+Watershed+Merge+ClustSml+ShapeGate+MinPeaks+P-Filter+EquipRej+SkinPrio+BodyExt+Omega+OmScale+OmSplit+OmRot+Kalman+NonRigid+StaticSup,run2 pfilter4
cap_000809,2026-08-21T14:16:37.941,horizontal,22.26,24.76,2,1,0.43569385396190907,TempBand+Watershed+Merge+ClustSml+ShapeGate+MinPeaks+P-Filter+EquipRej+SkinPrio+BodyExt+Omega+OmScale+OmSplit+OmRot+Kalman+NonRigid+StaticSup,run2 pfilter4
cap_000810,2026-08-21T14:16:38.068,horizontal,22.30,24.80,2,1,0.009856590295188752,TempBand+Watershed+Merge+ClustSml+ShapeGate+MinPeaks+P-Filter+EquipRej+SkinPrio+BodyExt+Omega+OmScale+OmSplit+OmRot+Kalman+NonRigid+StaticSup,run2 pfilter4
cap_000811,2026-08-21T14:16:38.165,horizontal,22.33,24.83,2,1,0.8995606541459005,TempBand+Watershed+Merge+ClustSml+ShapeGate+MinPeaks+P-Filter+EquipRej+SkinPrio+BodyExt+Omega+OmScale+OmSplit+OmRot+Kalman+NonRigid+StaticSup,run2 pfilter4
cap_000812,2026-08-21T14:16:38.294,horizontal,22.30,24.80,2,1,0.8995606541459005,TempBand+Watershed+Merge+ClustSml+ShapeGate+MinPeaks+P-Filter+EquipRej+SkinPrio+BodyExt+Omega+OmScale+OmSplit+OmRot+Kalman+NonRigid+StaticSup,run2 pfilter4
cap_000813,2026-08-21T14:16:38.384,horizontal,22.33,24.83,2,1,0.8872212380609255,TempBand+Watershed+Merge+ClustSml+ShapeGate+MinPeaks+P-Filter+EquipRej+SkinPrio+BodyExt+Omega+OmScale+OmSplit+OmRot+Kalman+NonRigid+StaticSup,run2 pfilter4
cap_000814,2026-08-21T14:16:38.515,horizontal,22.30,24.80,2,1,0.8872212380609255,TempBand+Watershed+Merge+ClustSml+ShapeGate+MinPeaks+P-Filter+EquipRej+SkinPrio+BodyExt+Omega+OmScale+OmSplit+OmRot+Kalman+NonRigid+StaticSup,run2 pfilter4
cap_000815,2026-08-21T14:16:38.614,horizontal,22.30,24.80,2,2,0.8838961546719516,TempBand+Watershed+Merge+ClustSml+ShapeGate+MinPeaks+P-Filter+EquipRej+SkinPrio+BodyExt+Omega+OmScale+OmSplit+OmRot+Kalman+NonRigid+StaticSup,run2 pfilter4
cap_000816,2026-08-21T14:16:38.738,horizontal,22.30,24.80,2,2,0.6561295298848339,TempBand+Watershed+Merge+ClustSml+ShapeGate+MinPeaks+P-Filter+EquipRej+SkinPrio+BodyExt+Omega+OmScale+OmSplit+OmRot+Kalman+NonRigid+StaticSup,run2 pfilter4
cap_000817,2026-08-21T14:16:38.867,horizontal,22.37,24.87,2,1,0.8544234700344607,TempBand+Watershed+Merge+ClustSml+ShapeGate+MinPeaks+P-Filter+EquipRej+SkinPrio+BodyExt+Omega+OmScale+OmSplit+OmRot+Kalman+NonRigid+StaticSup,run2 pfilter4
cap_000818,2026-08-21T14:16:38.964,horizontal,22.40,24.90,2,2,0.8972885206518288,TempBand+Watershed+Merge+ClustSml+ShapeGate+MinPeaks+P-Filter+EquipRej+SkinPrio+BodyExt+Omega+OmScale+OmSplit+OmRot+Kalman+NonRigid+StaticSup,run2 pfilter4
cap_000819,2026-08-21T14:16:39.094,horizontal,22.40,24.90,2,2,0.6200468159195418,TempBand+Watershed+Merge+ClustSml+ShapeGate+MinPeaks+P-Filter+EquipRej+SkinPrio+BodyExt+Omega+OmScale+OmSplit+OmRot+Kalman+NonRigid+StaticSup,run2 pfilter4
cap_000820,2026-08-21T14:16:39.185,horizontal,22.42,24.92,2,2,0.5624793711548784,TempBand+Watershed+Merge+ClustSml+ShapeGate+MinPeaks+P-Filter+EquipRej+SkinPrio+BodyExt+Omega+OmScale+OmSplit+OmRot+Kalman+NonRigid+StaticSup,run2 pfilter4
cap_000821,2026-08-21T14:16:39.321,horizontal,22.42,24.92,2,1,0.5850006915414807,TempBand+Watershed+Merge+ClustSml+ShapeGate+MinPeaks+P-Filter+EquipRej+SkinPrio+BodyExt+Omega+OmScale+OmSplit+OmRot+Kalman+NonRigid+StaticSup,run2 pfilter4
cap_000822,2026-08-21T14:16:39.412,horizontal,22.44,24.94,2,1,0.5760618015179264,TempBand+Watershed+Merge+ClustSml+ShapeGate+MinPeaks+P-Filter+EquipRej+SkinPrio+BodyExt+Omega+OmScale+OmSplit+OmRot+Kalman+NonRigid+StaticSup,run2 pfilter4
cap_000823,2026-08-21T14:16:39.541,horizontal,22.44,24.94,2,1,0.5760618015179264,TempBand+Watershed+Merge+ClustSml+ShapeGate+MinPeaks+P-Filter+EquipRej+SkinPrio+BodyExt+Omega+OmScale+OmSplit+OmRot+Kalman+NonRigid+StaticSup,run2 pfilter4
cap_000824,2026-08-21T14:16:39.663,horizontal,22.42,24.92,1,1,0.6501395624593199,TempBand+Watershed+Merge+ClustSml+ShapeGate+MinPeaks+P-Filter+EquipRej+SkinPrio+BodyExt+Omega+OmScale+OmSplit+OmRot+Kalman+NonRigid+StaticSup,run2 pfilter4
cap_000825,2026-08-21T14:16:39.760,horizontal,22.40,24.90,1,1,0.6501395624593199,TempBand+Watershed+Merge+ClustSml+ShapeGate+MinPeaks+P-Filter+EquipRej+SkinPrio+BodyExt+Omega+OmScale+OmSplit+OmRot+Kalman+NonRigid+StaticSup,run2 pfilter4
cap_000826,2026-08-21T14:16:39.888,horizontal,22.37,24.87,1,1,0.5471738100350169,TempBand+Watershed+Merge+ClustSml+ShapeGate+MinPeaks+P-Filter+EquipRej+SkinPrio+BodyExt+Omega+OmScale+OmSplit+OmRot+Kalman+NonRigid+StaticSup,run2 pfilter4
cap_000827,2026-08-21T14:16:39.988,horizontal,22.37,24.87,1,1,0.3698879135336408,TempBand+Watershed+Merge+ClustSml+ShapeGate+MinPeaks+P-Filter+EquipRej+SkinPrio+BodyExt+Omega+OmScale+OmSplit+OmRot+Kalman+NonRigid+StaticSup,run2 pfilter4
cap_000828,2026-08-21T14:16:40.114,horizontal,22.35,24.85,1,1,0.7996094703519115,TempBand+Watershed+Merge+ClustSml+ShapeGate+MinPeaks+P-Filter+EquipRej+SkinPrio+BodyExt+Omega+OmScale+OmSplit+OmRot+Kalman+NonRigid+StaticSup,run2 pfilter4
cap_000829,2026-08-21T14:16:40.206,horizontal,22.35,24.85,1,1,0.5434693547104449,TempBand+Watershed+Merge+ClustSml+ShapeGate+MinPeaks+P-Filter+EquipRej+SkinPrio+BodyExt+Omega+OmScale+OmSplit+OmRot+Kalman+NonRigid+StaticSup,run2 pfilter4
cap_000830,2026-08-21T14:16:40.323,horizontal,22.33,24.83,0,0,0.0,TempBand+Watershed+Merge+ClustSml+ShapeGate+MinPeaks+P-Filter+EquipRej+SkinPrio+BodyExt+Omega+OmScale+OmSplit+OmRot+Kalman+NonRigid+StaticSup,run2 pfilter4
cap_000831,2026-08-21T14:16:40.420,horizontal,22.33,24.83,0,0,0.0,TempBand+Watershed+Merge+ClustSml+ShapeGate+MinPeaks+P-Filter+EquipRej+SkinPrio+BodyExt+Omega+OmScale+OmSplit+OmRot+Kalman+NonRigid+StaticSup,run2 pfilter4
cap_000832,2026-08-21T14:16:40.558,horizontal,22.33,24.83,1,0,0.0,TempBand+Watershed+Merge+ClustSml+ShapeGate+MinPeaks+P-Filter+EquipRej+SkinPrio+BodyExt+Omega+OmScale+OmSplit+OmRot+Kalman+NonRigid+StaticSup,run2 pfilter4
cap_000833,2026-08-21T14:16:40.694,horizontal,22.33,24.83,1,0,0.0,TempBand+Watershed+Merge+ClustSml+ShapeGate+MinPeaks+P-Filter+EquipRej+SkinPrio+BodyExt+Omega+OmScale+OmSplit+OmRot+Kalman+NonRigid+StaticSup,run2 pfilter4
cap_000834,2026-08-21T14:16:40.781,horizontal,22.33,24.83,1,1,0.61604883507439,TempBand+Watershed+Merge+ClustSml+ShapeGate+MinPeaks+P-Filter+EquipRej+SkinPrio+BodyExt+Omega+OmScale+OmSplit+OmRot+Kalman+NonRigid+StaticSup,run2 pfilter4
cap_000835,2026-08-21T14:16:40.916,horizontal,22.33,24.83,1,1,0.5566942064668929,TempBand+Watershed+Merge+ClustSml+ShapeGate+MinPeaks+P-Filter+EquipRej+SkinPrio+BodyExt+Omega+OmScale+OmSplit+OmRot+Kalman+NonRigid+StaticSup,run2 pfilter4
cap_000836,2026-08-21T14:16:41.007,horizontal,22.33,24.83,1,1,0.5566942064668929,TempBand+Watershed+Merge+ClustSml+ShapeGate+MinPeaks+P-Filter+EquipRej+SkinPrio+BodyExt+Omega+OmScale+OmSplit+OmRot+Kalman+NonRigid+StaticSup,run2 pfilter4
cap_000837,2026-08-21T14:16:41.142,horizontal,22.33,24.83,1,0,0.0,TempBand+Watershed+Merge+ClustSml+ShapeGate+MinPeaks+P-Filter+EquipRej+SkinPrio+BodyExt+Omega+OmScale+OmSplit+OmRot+Kalman+NonRigid+StaticSup,run2 pfilter4
cap_000838,2026-08-21T14:16:41.230,horizontal,22.35,24.85,0,0,0.0,TempBand+Watershed+Merge+ClustSml+ShapeGate+MinPeaks+P-Filter+EquipRej+SkinPrio+BodyExt+Omega+OmScale+OmSplit+OmRot+Kalman+NonRigid+StaticSup,run2 pfilter4
cap_000839,2026-08-21T14:16:41.368,horizontal,22.37,24.87,1,1,0.720720840595387,TempBand+Watershed+Merge+ClustSml+ShapeGate+MinPeaks+P-Filter+EquipRej+SkinPrio+BodyExt+Omega+OmScale+OmSplit+OmRot+Kalman+NonRigid+StaticSup,run2 pfilter4
cap_000840,2026-08-21T14:16:41.489,horizontal,22.35,24.85,1,1,0.7227582139963639,TempBand+Watershed+Merge+ClustSml+ShapeGate+MinPeaks+P-Filter+EquipRej+SkinPrio+BodyExt+Omega+OmScale+OmSplit+OmRot+Kalman+NonRigid+StaticSup,run2 pfilter4
cap_000841,2026-08-21T14:16:41.584,horizontal,22.35,24.85,1,0,0.0,TempBand+Watershed+Merge+ClustSml+ShapeGate+MinPeaks+P-Filter+EquipRej+SkinPrio+BodyExt+Omega+OmScale+OmSplit+OmRot+Kalman+NonRigid+StaticSup,run2 pfilter4
cap_000842,2026-08-21T14:16:41.706,horizontal,22.35,24.85,0,0,0.0,TempBand+Watershed+Merge+ClustSml+ShapeGate+MinPeaks+P-Filter+EquipRej+SkinPrio+BodyExt+Omega+OmScale+OmSplit+OmRot+Kalman+NonRigid+StaticSup,run2 pfilter4
cap_000843,2026-08-21T14:16:41.809,horizontal,22.35,24.85,1,0,0.0,TempBand+Watershed+Merge+ClustSml+ShapeGate+MinPeaks+P-Filter+EquipRej+SkinPrio+BodyExt+Omega+OmScale+OmSplit+OmRot+Kalman+NonRigid+StaticSup,run2 pfilter4
cap_000844,2026-08-21T14:16:41.936,horizontal,22.35,24.85,1,1,0.013775719304986824,TempBand+Watershed+Merge+ClustSml+ShapeGate+MinPeaks+P-Filter+EquipRej+SkinPrio+BodyExt+Omega+OmScale+OmSplit+OmRot+Kalman+NonRigid+StaticSup,run2 pfilter4
cap_000845,2026-08-21T14:16:42.032,horizontal,22.35,24.85,1,1,0.17488643024641926,TempBand+Watershed+Merge+ClustSml+ShapeGate+MinPeaks+P-Filter+EquipRej+SkinPrio+BodyExt+Omega+OmScale+OmSplit+OmRot+Kalman+NonRigid+StaticSup,run2 pfilter4
cap_000846,2026-08-21T14:16:42.168,horizontal,22.37,24.87,1,0,0.0,TempBand+Watershed+Merge+ClustSml+ShapeGate+MinPeaks+P-Filter+EquipRej+SkinPrio+BodyExt+Omega+OmScale+OmSplit+OmRot+Kalman+NonRigid+StaticSup,run2 pfilter4
cap_000847,2026-08-21T14:16:42.259,horizontal,22.35,24.85,1,1,0.0955289783195161,TempBand+Watershed+Merge+ClustSml+ShapeGate+MinPeaks+P-Filter+EquipRej+SkinPrio+BodyExt+Omega+OmScale+OmSplit+OmRot+Kalman+NonRigid+StaticSup,run2 pfilter4
cap_000848,2026-08-21T14:16:42.388,horizontal,22.35,24.85,1,0,0.0,TempBand+Watershed+Merge+ClustSml+ShapeGate+MinPeaks+P-Filter+EquipRej+SkinPrio+BodyExt+Omega+OmScale+OmSplit+OmRot+Kalman+NonRigid+StaticSup,run2 pfilter4
cap_000849,2026-08-21T14:16:42.517,horizontal,22.35,24.85,1,0,0.0,TempBand+Watershed+Merge+ClustSml+ShapeGate+MinPeaks+P-Filter+EquipRej+SkinPrio+BodyExt+Omega+OmScale+OmSplit+OmRot+Kalman+NonRigid+StaticSup,run2 pfilter4
cap_000850,2026-08-21T14:16:42.612,horizontal,22.35,24.85,1,1,0.040327015760535254,TempBand+Watershed+Merge+ClustSml+ShapeGate+MinPeaks+P-Filter+EquipRej+SkinPrio+BodyExt+Omega+OmScale+OmSplit+OmRot+Kalman+NonRigid+StaticSup,run2 pfilter4
cap_000851,2026-08-21T14:16:42.739,horizontal,22.33,24.83,1,1,0.07254663970790853,TempBand+Watershed+Merge+ClustSml+ShapeGate+MinPeaks+P-Filter+EquipRej+SkinPrio+BodyExt+Omega+OmScale+OmSplit+OmRot+Kalman+NonRigid+StaticSup,run2 pfilter4
cap_000852,2026-08-21T14:16:42.835,horizontal,22.33,24.83,1,1,0.34633495069174275,TempBand+Watershed+Merge+ClustSml+ShapeGate+MinPeaks+P-Filter+EquipRej+SkinPrio+BodyExt+Omega+OmScale+OmSplit+OmRot+Kalman+NonRigid+StaticSup,run2 pfilter4
cap_000853,2026-08-21T14:16:42.965,horizontal,22.33,24.83,2,1,0.8961564342097611,TempBand+Watershed+Merge+ClustSml+ShapeGate+MinPeaks+P-Filter+EquipRej+SkinPrio+BodyExt+Omega+OmScale+OmSplit+OmRot+Kalman+NonRigid+StaticSup,run2 pfilter4
cap_000854,2026-08-21T14:16:43.059,horizontal,22.33,24.83,2,1,0.831383607244121,TempBand+Watershed+Merge+ClustSml+ShapeGate+MinPeaks+P-Filter+EquipRej+SkinPrio+BodyExt+Omega+OmScale+OmSplit+OmRot+Kalman+NonRigid+StaticSup,run2 pfilter4
cap_000855,2026-08-21T14:16:43.185,horizontal,22.30,24.80,2,1,0.8149057339473906,TempBand+Watershed+Merge+ClustSml+ShapeGate+MinPeaks+P-Filter+EquipRej+SkinPrio+BodyExt+Omega+OmScale+OmSplit+OmRot+Kalman+NonRigid+StaticSup,run2 pfilter4
cap_000856,2026-08-21T14:16:43.310,horizontal,22.30,24.80,1,0,0.0,TempBand+Watershed+Merge+ClustSml+ShapeGate+MinPeaks+P-Filter+EquipRej+SkinPrio+BodyExt+Omega+OmScale+OmSplit+OmRot+Kalman+NonRigid+StaticSup,run2 pfilter4
cap_000857,2026-08-21T14:16:43.404,horizontal,22.33,24.83,1,1,0.8929961444342192,TempBand+Watershed+Merge+ClustSml+ShapeGate+MinPeaks+P-Filter+EquipRej+SkinPrio+BodyExt+Omega+OmScale+OmSplit+OmRot+Kalman+NonRigid+StaticSup,run2 pfilter4
cap_000858,2026-08-21T14:16:43.546,horizontal,22.30,24.80,1,1,0.4774838284847993,TempBand+Watershed+Merge+ClustSml+ShapeGate+MinPeaks+P-Filter+EquipRej+SkinPrio+BodyExt+Omega+OmScale+OmSplit+OmRot+Kalman+NonRigid+StaticSup,run2 pfilter4
cap_000859,2026-08-21T14:16:43.631,horizontal,22.33,24.83,1,1,0.5953307629561462,TempBand+Watershed+Merge+ClustSml+ShapeGate+MinPeaks+P-Filter+EquipRej+SkinPrio+BodyExt+Omega+OmScale+OmSplit+OmRot+Kalman+NonRigid+StaticSup,run2 pfilter4
cap_000860,2026-08-21T14:16:43.765,horizontal,22.30,24.80,1,1,0.9365113068420879,TempBand+Watershed+Merge+ClustSml+ShapeGate+MinPeaks+P-Filter+EquipRej+SkinPrio+BodyExt+Omega+OmScale+OmSplit+OmRot+Kalman+NonRigid+StaticSup,run2 pfilter4
cap_000861,2026-08-21T14:16:43.858,horizontal,22.30,24.80,2,1,0.20287482511431715,TempBand+Watershed+Merge+ClustSml+ShapeGate+MinPeaks+P-Filter+EquipRej+SkinPrio+BodyExt+Omega+OmScale+OmSplit+OmRot+Kalman+NonRigid+StaticSup,run2 pfilter4
cap_000862,2026-08-21T14:16:43.988,horizontal,22.33,24.83,2,2,0.8929961444342184,TempBand+Watershed+Merge+ClustSml+ShapeGate+MinPeaks+P-Filter+EquipRej+SkinPrio+BodyExt+Omega+OmScale+OmSplit+OmRot+Kalman+NonRigid+StaticSup,run2 pfilter4
cap_000863,2026-08-21T14:16:44.082,horizontal,22.33,24.83,2,2,0.8455662270353781,TempBand+Watershed+Merge+ClustSml+ShapeGate+MinPeaks+P-Filter+EquipRej+SkinPrio+BodyExt+Omega+OmScale+OmSplit+OmRot+Kalman+NonRigid+StaticSup,run2 pfilter4
cap_000864,2026-08-21T14:16:44.210,horizontal,22.33,24.83,2,1,0.8571931109832502,TempBand+Watershed+Merge+ClustSml+ShapeGate+MinPeaks+P-Filter+EquipRej+SkinPrio+BodyExt+Omega+OmScale+OmSplit+OmRot+Kalman+NonRigid+StaticSup,run2 pfilter4
cap_000865,2026-08-21T14:16:44.341,horizontal,22.35,24.85,2,2,0.9635990109363867,TempBand+Watershed+Merge+ClustSml+ShapeGate+MinPeaks+P-Filter+EquipRej+SkinPrio+BodyExt+Omega+OmScale+OmSplit+OmRot+Kalman+NonRigid+StaticSup,run2 pfilter4
cap_000866,2026-08-21T14:16:44.435,horizontal,22.40,24.90,2,3,0.9229716924555744,TempBand+Watershed+Merge+ClustSml+ShapeGate+MinPeaks+P-Filter+EquipRej+SkinPrio+BodyExt+Omega+OmScale+OmSplit+OmRot+Kalman+NonRigid+StaticSup,run2 pfilter4
cap_000867,2026-08-21T14:16:44.566,horizontal,22.37,24.87,2,1,0.9922179382602435,TempBand+Watershed+Merge+ClustSml+ShapeGate+MinPeaks+P-Filter+EquipRej+SkinPrio+BodyExt+Omega+OmScale+OmSplit+OmRot+Kalman+NonRigid+StaticSup,run2 pfilter4
cap_000868,2026-08-21T14:16:44.663,horizontal,22.37,24.87,2,2,0.8201486936327146,TempBand+Watershed+Merge+ClustSml+ShapeGate+MinPeaks+P-Filter+EquipRej+SkinPrio+BodyExt+Omega+OmScale+OmSplit+OmRot+Kalman+NonRigid+StaticSup,run2 pfilter4
cap_000869,2026-08-21T14:16:44.784,horizontal,22.35,24.85,1,1,0.8815105635793744,TempBand+Watershed+Merge+ClustSml+ShapeGate+MinPeaks+P-Filter+EquipRej+SkinPrio+BodyExt+Omega+OmScale+OmSplit+OmRot+Kalman+NonRigid+StaticSup,run2 pfilter4
cap_000870,2026-08-21T14:16:44.886,horizontal,22.35,24.85,2,2,0.8414082351033066,TempBand+Watershed+Merge+ClustSml+ShapeGate+MinPeaks+P-Filter+EquipRej+SkinPrio+BodyExt+Omega+OmScale+OmSplit+OmRot+Kalman+NonRigid+StaticSup,run2 pfilter4
cap_000871,2026-08-21T14:16:45.014,horizontal,22.33,24.83,2,2,0.6642588497503265,TempBand+Watershed+Merge+ClustSml+ShapeGate+MinPeaks+P-Filter+EquipRej+SkinPrio+BodyExt+Omega+OmScale+OmSplit+OmRot+Kalman+NonRigid+StaticSup,run2 pfilter4
cap_000872,2026-08-21T14:16:45.106,horizontal,22.33,24.83,1,1,0.7296012379661272,TempBand+Watershed+Merge+ClustSml+ShapeGate+MinPeaks+P-Filter+EquipRej+SkinPrio+BodyExt+Omega+OmScale+OmSplit+OmRot+Kalman+NonRigid+StaticSup,run2 pfilter4
cap_000873,2026-08-21T14:16:45.241,horizontal,22.28,24.78,2,3,0.8913031465049583,TempBand+Watershed+Merge+ClustSml+ShapeGate+MinPeaks+P-Filter+EquipRej+SkinPrio+BodyExt+Omega+OmScale+OmSplit+OmRot+Kalman+NonRigid+StaticSup,run2 pfilter4
cap_000874,2026-08-21T14:16:45.367,horizontal,22.30,24.80,2,2,0.8379794713123686,TempBand+Watershed+Merge+ClustSml+ShapeGate+MinPeaks+P-Filter+EquipRej+SkinPrio+BodyExt+Omega+OmScale+OmSplit+OmRot+Kalman+NonRigid+StaticSup,run2 pfilter4
cap_000875,2026-08-21T14:16:45.464,horizontal,22.30,24.80,2,2,0.8988327205416327,TempBand+Watershed+Merge+ClustSml+ShapeGate+MinPeaks+P-Filter+EquipRej+SkinPrio+BodyExt+Omega+OmScale+OmSplit+OmRot+Kalman+NonRigid+StaticSup,run2 pfilter4
cap_000876,2026-08-21T14:16:45.590,horizontal,22.30,24.80,2,2,0.8090116910780563,TempBand+Watershed+Merge+ClustSml+ShapeGate+MinPeaks+P-Filter+EquipRej+SkinPrio+BodyExt+Omega+OmScale+OmSplit+OmRot+Kalman+NonRigid+StaticSup,run2 pfilter4
cap_000877,2026-08-21T14:16:45.686,horizontal,22.30,24.80,2,2,0.8482375858798701,TempBand+Watershed+Merge+ClustSml+ShapeGate+MinPeaks+P-Filter+EquipRej+SkinPrio+BodyExt+Omega+OmScale+OmSplit+OmRot+Kalman+NonRigid+StaticSup,run2 pfilter4
cap_000878,2026-08-21T14:16:45.814,horizontal,22.30,24.80,2,2,0.9147246662417836,TempBand+Watershed+Merge+ClustSml+ShapeGate+MinPeaks+P-Filter+EquipRej+SkinPrio+BodyExt+Omega+OmScale+OmSplit+OmRot+Kalman+NonRigid+StaticSup,run2 pfilter4
cap_000879,2026-08-21T14:16:45.913,horizontal,22.33,24.83,2,3,0.9127745273475252,TempBand+Watershed+Merge+ClustSml+ShapeGate+MinPeaks+P-Filter+EquipRej+SkinPrio+BodyExt+Omega+OmScale+OmSplit+OmRot+Kalman+NonRigid+StaticSup,run2 pfilter4
cap_000880,2026-08-21T14:16:46.044,horizontal,22.33,24.83,2,2,0.90873375636107,TempBand+Watershed+Merge+ClustSml+ShapeGate+MinPeaks+P-Filter+EquipRej+SkinPrio+BodyExt+Omega+OmScale+OmSplit+OmRot+Kalman+NonRigid+StaticSup,run2 pfilter4
cap_000881,2026-08-21T14:16:46.209,horizontal,22.33,24.83,2,3,0.9114483834078351,TempBand+Watershed+Merge+ClustSml+ShapeGate+MinPeaks+P-Filter+EquipRej+SkinPrio+BodyExt+Omega+OmScale+OmSplit+OmRot+Kalman+NonRigid+StaticSup,run2 pfilter4
cap_000882,2026-08-21T14:16:46.268,horizontal,22.33,24.83,2,3,0.941646841396145,TempBand+Watershed+Merge+ClustSml+ShapeGate+MinPeaks+P-Filter+EquipRej+SkinPrio+BodyExt+Omega+OmScale+OmSplit+OmRot+Kalman+NonRigid+StaticSup,run2 pfilter4
cap_000883,2026-08-21T14:16:46.392,horizontal,22.33,24.83,2,2,0.9824182549194013,TempBand+Watershed+Merge+ClustSml+ShapeGate+MinPeaks+P-Filter+EquipRej+SkinPrio+BodyExt+Omega+OmScale+OmSplit+OmRot+Kalman+NonRigid+StaticSup,run2 pfilter4
cap_000884,2026-08-21T14:16:46.489,horizontal,22.33,24.83,2,2,0.9338626779240689,TempBand+Watershed+Merge+ClustSml+ShapeGate+MinPeaks+P-Filter+EquipRej+SkinPrio+BodyExt+Omega+OmScale+OmSplit+OmRot+Kalman+NonRigid+StaticSup,run2 pfilter4
cap_000885,2026-08-21T14:16:46.616,horizontal,22.35,24.85,2,2,0.9051018481586973,TempBand+Watershed+Merge+ClustSml+ShapeGate+MinPeaks+P-Filter+EquipRej+SkinPrio+BodyExt+Omega+OmScale+OmSplit+OmRot+Kalman+NonRigid+StaticSup,run2 pfilter4
cap_000886,2026-08-21T14:16:46.712,horizontal,22.35,24.85,2,2,0.8544981415144063,TempBand+Watershed+Merge+ClustSml+ShapeGate+MinPeaks+P-Filter+EquipRej+SkinPrio+BodyExt+Omega+OmScale+OmSplit+OmRot+Kalman+NonRigid+StaticSup,run2 pfilter4
cap_000887,2026-08-21T14:16:46.842,horizontal,22.35,24.85,2,2,0.8868294240944715,TempBand+Watershed+Merge+ClustSml+ShapeGate+MinPeaks+P-Filter+EquipRej+SkinPrio+BodyExt+Omega+OmScale+OmSplit+OmRot+Kalman+NonRigid+StaticSup,run2 pfilter4
cap_000888,2026-08-21T14:16:46.935,horizontal,22.35,24.85,2,2,0.9106599791084345,TempBand+Watershed+Merge+ClustSml+ShapeGate+MinPeaks+P-Filter+EquipRej+SkinPrio+BodyExt+Omega+OmScale+OmSplit+OmRot+Kalman+NonRigid+StaticSup,run2 pfilter4
cap_000889,2026-08-21T14:16:47.065,horizontal,22.35,24.85,2,2,0.8810527603198036,TempBand+Watershed+Merge+ClustSml+ShapeGate+MinPeaks+P-Filter+EquipRej+SkinPrio+BodyExt+Omega+OmScale+OmSplit+OmRot+Kalman+NonRigid+StaticSup,run2 pfilter4
cap_000890,2026-08-21T14:16:47.191,horizontal,22.37,24.87,2,2,0.8710660669732857,TempBand+Watershed+Merge+ClustSml+ShapeGate+MinPeaks+P-Filter+EquipRej+SkinPrio+BodyExt+Omega+OmScale+OmSplit+OmRot+Kalman+NonRigid+StaticSup,run2 pfilter4
cap_000891,2026-08-21T14:16:47.290,horizontal,22.37,24.87,2,2,0.8399182443327813,TempBand+Watershed+Merge+ClustSml+ShapeGate+MinPeaks+P-Filter+EquipRej+SkinPrio+BodyExt+Omega+OmScale+OmSplit+OmRot+Kalman+NonRigid+StaticSup,run2 pfilter4
cap_000892,2026-08-21T14:16:47.418,horizontal,22.40,24.90,2,2,0.918805953698522,TempBand+Watershed+Merge+ClustSml+ShapeGate+MinPeaks+P-Filter+EquipRej+SkinPrio+BodyExt+Omega+OmScale+OmSplit+OmRot+Kalman+NonRigid+StaticSup,run2 pfilter4
cap_000893,2026-08-21T14:16:47.512,horizontal,22.37,24.87,2,2,0.9995840362410647,TempBand+Watershed+Merge+ClustSml+ShapeGate+MinPeaks+P-Filter+EquipRej+SkinPrio+BodyExt+Omega+OmScale+OmSplit+OmRot+Kalman+NonRigid+StaticSup,run2 pfilter4
cap_000894,2026-08-21T14:16:47.637,horizontal,22.40,24.90,2,2,0.8948949195920314,TempBand+Watershed+Merge+ClustSml+ShapeGate+MinPeaks+P-Filter+EquipRej+SkinPrio+BodyExt+Omega+OmScale+OmSplit+OmRot+Kalman+NonRigid+StaticSup,run2 pfilter4
cap_000895,2026-08-21T14:16:47.736,horizontal,22.35,24.85,2,2,0.9069273784250713,TempBand+Watershed+Merge+ClustSml+ShapeGate+MinPeaks+P-Filter+EquipRej+SkinPrio+BodyExt+Omega+OmScale+OmSplit+OmRot+Kalman+NonRigid+StaticSup,run2 pfilter4
cap_000896,2026-08-21T14:16:47.864,horizontal,22.33,24.83,2,2,0.9766537353071417,TempBand+Watershed+Merge+ClustSml+ShapeGate+MinPeaks+P-Filter+EquipRej+SkinPrio+BodyExt+Omega+OmScale+OmSplit+OmRot+Kalman+NonRigid+StaticSup,run2 pfilter4
cap_000897,2026-08-21T14:16:47.990,horizontal,22.30,24.80,2,2,0.8175898999141257,TempBand+Watershed+Merge+ClustSml+ShapeGate+MinPeaks+P-Filter+EquipRej+SkinPrio+BodyExt+Omega+OmScale+OmSplit+OmRot+Kalman+NonRigid+StaticSup,run2 pfilter4
cap_000898,2026-08-21T14:16:48.087,horizontal,22.28,24.78,2,2,0.8574869020241458,TempBand+Watershed+Merge+ClustSml+ShapeGate+MinPeaks+P-Filter+EquipRej+SkinPrio+BodyExt+Omega+OmScale+OmSplit+OmRot+Kalman+NonRigid+StaticSup,run2 pfilter4
cap_000899,2026-08-21T14:16:48.213,horizontal,22.28,24.78,2,2,0.8606653222220596,TempBand+Watershed+Merge+ClustSml+ShapeGate+MinPeaks+P-Filter+EquipRej+SkinPrio+BodyExt+Omega+OmScale+OmSplit+OmRot+Kalman+NonRigid+StaticSup,run2 pfilter4
cap_000900,2026-08-21T14:16:48.314,horizontal,22.28,24.78,2,2,0.7946683357664877,TempBand+Watershed+Merge+ClustSml+ShapeGate+MinPeaks+P-Filter+EquipRej+SkinPrio+BodyExt+Omega+OmScale+OmSplit+OmRot+Kalman+NonRigid+StaticSup,run2 pfilter4
cap_000901,2026-08-21T14:16:48.439,horizontal,22.26,24.76,2,1,0.8383720574553656,TempBand+Watershed+Merge+ClustSml+ShapeGate+MinPeaks+P-Filter+EquipRej+SkinPrio+BodyExt+Omega+OmScale+OmSplit+OmRot+Kalman+NonRigid+StaticSup,run2 pfilter4
cap_000902,2026-08-21T14:16:48.536,horizontal,22.23,24.73,2,1,0.8597833063906098,TempBand+Watershed+Merge+ClustSml+ShapeGate+MinPeaks+P-Filter+EquipRej+SkinPrio+BodyExt+Omega+OmScale+OmSplit+OmRot+Kalman+NonRigid+StaticSup,run2 pfilter4
cap_000903,2026-08-21T14:16:48.666,horizontal,22.23,24.73,2,1,0.8357338248128018,TempBand+Watershed+Merge+ClustSml+ShapeGate+MinPeaks+P-Filter+EquipRej+SkinPrio+BodyExt+Omega+OmScale+OmSplit+OmRot+Kalman+NonRigid+StaticSup,run2 pfilter4
cap_000904,2026-08-21T14:16:48.760,horizontal,22.21,24.71,2,1,0.7711956671034551,TempBand+Watershed+Merge+ClustSml+ShapeGate+MinPeaks+P-Filter+EquipRej+SkinPrio+BodyExt+Omega+OmScale+OmSplit+OmRot+Kalman+NonRigid+StaticSup,run2 pfilter4
cap_000905,2026-08-21T14:16:48.890,horizontal,22.21,24.71,2,1,0.9308565041080284,TempBand+Watershed+Merge+ClustSml+ShapeGate+MinPeaks+P-Filter+EquipRej+SkinPrio+BodyExt+Omega+OmScale+OmSplit+OmRot+Kalman+NonRigid+StaticSup,run2 pfilter4
cap_000906,2026-08-21T14:16:49.016,horizontal,22.21,24.71,2,1,0.8852466478820409,TempBand+Watershed+Merge+ClustSml+ShapeGate+MinPeaks+P-Filter+EquipRej+SkinPrio+BodyExt+Omega+OmScale+OmSplit+OmRot+Kalman+NonRigid+StaticSup,run2 pfilter4
cap_000907,2026-08-21T14:16:49.111,horizontal,22.21,24.71,2,1,0.8359834653315175,TempBand+Watershed+Merge+ClustSml+ShapeGate+MinPeaks+P-Filter+EquipRej+SkinPrio+BodyExt+Omega+OmScale+OmSplit+OmRot+Kalman+NonRigid+StaticSup,run2 pfilter4
cap_000908,2026-08-21T14:16:49.246,horizontal,22.21,24.71,2,1,0.876672984243037,TempBand+Watershed+Merge+ClustSml+ShapeGate+MinPeaks+P-Filter+EquipRej+SkinPrio+BodyExt+Omega+OmScale+OmSplit+OmRot+Kalman+NonRigid+StaticSup,run2 pfilter4
cap_000909,2026-08-21T14:16:49.337,horizontal,22.21,24.71,2,1,0.9474944096367894,TempBand+Watershed+Merge+ClustSml+ShapeGate+MinPeaks+P-Filter+EquipRej+SkinPrio+BodyExt+Omega+OmScale+OmSplit+OmRot+Kalman+NonRigid+StaticSup,run2 pfilter4
cap_000910,2026-08-21T14:16:49.465,horizontal,22.18,24.68,2,1,0.9731991000081159,TempBand+Watershed+Merge+ClustSml+ShapeGate+MinPeaks+P-Filter+EquipRej+SkinPrio+BodyExt+Omega+OmScale+OmSplit+OmRot+Kalman+NonRigid+StaticSup,run2 pfilter4
cap_000911,2026-08-21T14:16:49.559,horizontal,22.18,24.68,2,1,0.8093530151631687,TempBand+Watershed+Merge+ClustSml+ShapeGate+MinPeaks+P-Filter+EquipRej+SkinPrio+BodyExt+Omega+OmScale+OmSplit+OmRot+Kalman+NonRigid+StaticSup,run2 pfilter4
cap_000912,2026-08-21T14:16:49.688,horizontal,22.18,24.68,2,1,0.9386326838898557,TempBand+Watershed+Merge+ClustSml+ShapeGate+MinPeaks+P-Filter+EquipRej+SkinPrio+BodyExt+Omega+OmScale+OmSplit+OmRot+Kalman+NonRigid+StaticSup,run2 pfilter4
cap_000913,2026-08-21T14:16:49.785,horizontal,22.18,24.68,2,1,0.875986694064043,TempBand+Watershed+Merge+ClustSml+ShapeGate+MinPeaks+P-Filter+EquipRej+SkinPrio+BodyExt+Omega+OmScale+OmSplit+OmRot+Kalman+NonRigid+StaticSup,run2 pfilter4
cap_000914,2026-08-21T14:16:49.913,horizontal,22.18,24.68,2,1,0.9868419695716367,TempBand+Watershed+Merge+ClustSml+ShapeGate+MinPeaks+P-Filter+EquipRej+SkinPrio+BodyExt+Omega+OmScale+OmSplit+OmRot+Kalman+NonRigid+StaticSup,run2 pfilter4
cap_000915,2026-08-21T14:16:50.038,horizontal,22.14,24.64,2,1,0.8256580087928153,TempBand+Watershed+Merge+ClustSml+ShapeGate+MinPeaks+P-Filter+EquipRej+SkinPrio+BodyExt+Omega+OmScale+OmSplit+OmRot+Kalman+NonRigid+StaticSup,run2 pfilter4
cap_000916,2026-08-21T14:16:50.137,horizontal,22.14,24.64,2,1,0.8416179389030087,TempBand+Watershed+Merge+ClustSml+ShapeGate+MinPeaks+P-Filter+EquipRej+SkinPrio+BodyExt+Omega+OmScale+OmSplit+OmRot+Kalman+NonRigid+StaticSup,run2 pfilter4
cap_000917,2026-08-21T14:16:50.266,horizontal,22.16,24.66,2,2,0.8798895950506825,TempBand+Watershed+Merge+ClustSml+ShapeGate+MinPeaks+P-Filter+EquipRej+SkinPrio+BodyExt+Omega+OmScale+OmSplit+OmRot+Kalman+NonRigid+StaticSup,run2 pfilter4
cap_000918,2026-08-21T14:16:50.363,horizontal,22.16,24.66,2,2,0.9267991324127989,TempBand+Watershed+Merge+ClustSml+ShapeGate+MinPeaks+P-Filter+EquipRej+SkinPrio+BodyExt+Omega+OmScale+OmSplit+OmRot+Kalman+NonRigid+StaticSup,run2 pfilter4
cap_000919,2026-08-21T14:16:50.487,horizontal,22.18,24.68,2,2,0.875959888491376,TempBand+Watershed+Merge+ClustSml+ShapeGate+MinPeaks+P-Filter+EquipRej+SkinPrio+BodyExt+Omega+OmScale+OmSplit+OmRot+Kalman+NonRigid+StaticSup,run2 pfilter4
cap_000920,2026-08-21T14:16:50.586,horizontal,22.18,24.68,2,1,0.899482338976966,TempBand+Watershed+Merge+ClustSml+ShapeGate+MinPeaks+P-Filter+EquipRej+SkinPrio+BodyExt+Omega+OmScale+OmSplit+OmRot+Kalman+NonRigid+StaticSup,run2 pfilter4
cap_000921,2026-08-21T14:16:50.713,horizontal,22.21,24.71,2,2,0.9271466680234722,TempBand+Watershed+Merge+ClustSml+ShapeGate+MinPeaks+P-Filter+EquipRej+SkinPrio+BodyExt+Omega+OmScale+OmSplit+OmRot+Kalman+NonRigid+StaticSup,run2 pfilter4
cap_000922,2026-08-21T14:16:50.837,horizontal,22.23,24.73,2,1,0.8363006807082761,TempBand+Watershed+Merge+ClustSml+ShapeGate+MinPeaks+P-Filter+EquipRej+SkinPrio+BodyExt+Omega+OmScale+OmSplit+OmRot+Kalman+NonRigid+StaticSup,run2 pfilter4
cap_000923,2026-08-21T14:16:50.938,horizontal,22.28,24.78,2,2,0.8623686709810888,TempBand+Watershed+Merge+ClustSml+ShapeGate+MinPeaks+P-Filter+EquipRej+SkinPrio+BodyExt+Omega+OmScale+OmSplit+OmRot+Kalman+NonRigid+StaticSup,run2 pfilter4
cap_000924,2026-08-21T14:16:51.062,horizontal,22.28,24.78,2,2,0.9565838729958667,TempBand+Watershed+Merge+ClustSml+ShapeGate+MinPeaks+P-Filter+EquipRej+SkinPrio+BodyExt+Omega+OmScale+OmSplit+OmRot+Kalman+NonRigid+StaticSup,run2 pfilter4
cap_000925,2026-08-21T14:16:51.162,horizontal,22.23,24.73,2,4,0.7854205531057367,TempBand+Watershed+Merge+ClustSml+ShapeGate+MinPeaks+P-Filter+EquipRej+SkinPrio+BodyExt+Omega+OmScale+OmSplit+OmRot+Kalman+NonRigid+StaticSup,run2 pfilter4
cap_000926,2026-08-21T14:16:51.290,horizontal,22.23,24.73,2,2,0.9128067360132587,TempBand+Watershed+Merge+ClustSml+ShapeGate+MinPeaks+P-Filter+EquipRej+SkinPrio+BodyExt+Omega+OmScale+OmSplit+OmRot+Kalman+NonRigid+StaticSup,run2 pfilter4
cap_000927,2026-08-21T14:16:51.383,horizontal,22.18,24.68,2,2,0.776367018358015,TempBand+Watershed+Merge+ClustSml+ShapeGate+MinPeaks+P-Filter+EquipRej+SkinPrio+BodyExt+Omega+OmScale+OmSplit+OmRot+Kalman+NonRigid+StaticSup,run2 pfilter4
cap_000928,2026-08-21T14:16:51.521,horizontal,22.21,24.71,2,3,0.9856031520051752,TempBand+Watershed+Merge+ClustSml+ShapeGate+MinPeaks+P-Filter+EquipRej+SkinPrio+BodyExt+Omega+OmScale+OmSplit+OmRot+Kalman+NonRigid+StaticSup,run2 pfilter4
cap_000929,2026-08-21T14:16:51.607,horizontal,22.21,24.71,2,2,0.24400243784193748,TempBand+Watershed+Merge+ClustSml+ShapeGate+MinPeaks+P-Filter+EquipRej+SkinPrio+BodyExt+Omega+OmScale+OmSplit+OmRot+Kalman+NonRigid+StaticSup,run2 pfilter4
cap_000930,2026-08-21T14:16:51.734,horizontal,22.18,24.68,2,3,0.5906993895915031,TempBand+Watershed+Merge+ClustSml+ShapeGate+MinPeaks+P-Filter+EquipRej+SkinPrio+BodyExt+Omega+OmScale+OmSplit+OmRot+Kalman+NonRigid+StaticSup,run2 pfilter4
cap_000931,2026-08-21T14:16:51.863,horizontal,22.16,24.66,2,3,0.8217492390909577,TempBand+Watershed+Merge+ClustSml+ShapeGate+MinPeaks+P-Filter+EquipRej+SkinPrio+BodyExt+Omega+OmScale+OmSplit+OmRot+Kalman+NonRigid+StaticSup,run2 pfilter4
cap_000932,2026-08-21T14:16:51.961,horizontal,22.16,24.66,2,3,0.968732838339372,TempBand+Watershed+Merge+ClustSml+ShapeGate+MinPeaks+P-Filter+EquipRej+SkinPrio+BodyExt+Omega+OmScale+OmSplit+OmRot+Kalman+NonRigid+StaticSup,run2 pfilter4
cap_000933,2026-08-21T14:16:52.089,horizontal,22.14,24.64,2,2,0.9617799320050978,TempBand+Watershed+Merge+ClustSml+ShapeGate+MinPeaks+P-Filter+EquipRej+SkinPrio+BodyExt+Omega+OmScale+OmSplit+OmRot+Kalman+NonRigid+StaticSup,run2 pfilter4
cap_000934,2026-08-21T14:16:52.180,horizontal,22.11,24.61,2,3,0.6623764948506928,TempBand+Watershed+Merge+ClustSml+ShapeGate+MinPeaks+P-Filter+EquipRej+SkinPrio+BodyExt+Omega+OmScale+OmSplit+OmRot+Kalman+NonRigid+StaticSup,run2 pfilter4
cap_000935,2026-08-21T14:16:52.309,horizontal,22.11,24.61,2,3,0.49115805918412647,TempBand+Watershed+Merge+ClustSml+ShapeGate+MinPeaks+P-Filter+EquipRej+SkinPrio+BodyExt+Omega+OmScale+OmSplit+OmRot+Kalman+NonRigid+StaticSup,run2 pfilter4
cap_000936,2026-08-21T14:16:52.412,horizontal,22.11,24.61,2,2,0.7190083544310256,TempBand+Watershed+Merge+ClustSml+ShapeGate+MinPeaks+P-Filter+EquipRej+SkinPrio+BodyExt+Omega+OmScale+OmSplit+OmRot+Kalman+NonRigid+StaticSup,run2 pfilter4
cap_000937,2026-08-21T14:16:52.527,horizontal,22.11,24.61,1,1,0.4084381073914678,TempBand+Watershed+Merge+ClustSml+ShapeGate+MinPeaks+P-Filter+EquipRej+SkinPrio+BodyExt+Omega+OmScale+OmSplit+OmRot+Kalman+NonRigid+StaticSup,run2 pfilter4
cap_000938,2026-08-21T14:16:52.657,horizontal,22.09,24.59,1,1,0.7325007465209218,TempBand+Watershed+Merge+ClustSml+ShapeGate+MinPeaks+P-Filter+EquipRej+SkinPrio+BodyExt+Omega+OmScale+OmSplit+OmRot+Kalman+NonRigid+StaticSup,run2 pfilter4
cap_000939,2026-08-21T14:16:52.755,horizontal,22.11,24.61,1,2,0.6905836850291297,TempBand+Watershed+Merge+ClustSml+ShapeGate+MinPeaks+P-Filter+EquipRej+SkinPrio+BodyExt+Omega+OmScale+OmSplit+OmRot+Kalman+NonRigid+StaticSup,run2 pfilter4
cap_000940,2026-08-21T14:16:52.881,horizontal,22.09,24.59,1,1,0.7082909590042351,TempBand+Watershed+Merge+ClustSml+ShapeGate+MinPeaks+P-Filter+EquipRej+SkinPrio+BodyExt+Omega+OmScale+OmSplit+OmRot+Kalman+NonRigid+StaticSup,run2 pfilter4
cap_000941,2026-08-21T14:16:52.973,horizontal,22.09,24.59,1,1,0.7785094592503452,TempBand+Watershed+Merge+ClustSml+ShapeGate+MinPeaks+P-Filter+EquipRej+SkinPrio+BodyExt+Omega+OmScale+OmSplit+OmRot+Kalman+NonRigid+StaticSup,run2 pfilter4
cap_000942,2026-08-21T14:16:53.102,horizontal,22.09,24.59,1,1,0.9844358367836922,TempBand+Watershed+Merge+ClustSml+ShapeGate+MinPeaks+P-Filter+EquipRej+SkinPrio+BodyExt+Omega+OmScale+OmSplit+OmRot+Kalman+NonRigid+StaticSup,run2 pfilter4
cap_000943,2026-08-21T14:16:53.202,horizontal,22.09,24.59,1,1,0.8146036103541611,TempBand+Watershed+Merge+ClustSml+ShapeGate+MinPeaks+P-Filter+EquipRej+SkinPrio+BodyExt+Omega+OmScale+OmSplit+OmRot+Kalman+NonRigid+StaticSup,run2 pfilter4
cap_000944,2026-08-21T14:16:53.328,horizontal,22.09,24.59,1,1,0.587991018530842,TempBand+Watershed+Merge+ClustSml+ShapeGate+MinPeaks+P-Filter+EquipRej+SkinPrio+BodyExt+Omega+OmScale+OmSplit+OmRot+Kalman+NonRigid+StaticSup,run2 pfilter4
cap_000945,2026-08-21T14:16:53.422,horizontal,22.09,24.59,1,1,0.6775958834158443,TempBand+Watershed+Merge+ClustSml+ShapeGate+MinPeaks+P-Filter+EquipRej+SkinPrio+BodyExt+Omega+OmScale+OmSplit+OmRot+Kalman+NonRigid+StaticSup,run2 pfilter4
cap_000946,2026-08-21T14:16:53.553,horizontal,22.09,24.59,1,0,0.0,TempBand+Watershed+Merge+ClustSml+ShapeGate+MinPeaks+P-Filter+EquipRej+SkinPrio+BodyExt+Omega+OmScale+OmSplit+OmRot+Kalman+NonRigid+StaticSup,run2 pfilter4
cap_000947,2026-08-21T14:16:53.681,horizontal,22.06,24.56,1,2,0.4603196861676396,TempBand+Watershed+Merge+ClustSml+ShapeGate+MinPeaks+P-Filter+EquipRej+SkinPrio+BodyExt+Omega+OmScale+OmSplit+OmRot+Kalman+NonRigid+StaticSup,run2 pfilter4
cap_000948,2026-08-21T14:16:53.774,horizontal,22.04,24.54,1,1,0.24591965583561912,TempBand+Watershed+Merge+ClustSml+ShapeGate+MinPeaks+P-Filter+EquipRej+SkinPrio+BodyExt+Omega+OmScale+OmSplit+OmRot+Kalman+NonRigid+StaticSup,run2 pfilter4
cap_000949,2026-08-21T14:16:53.908,horizontal,22.04,24.54,1,1,0.6239122025534718,TempBand+Watershed+Merge+ClustSml+ShapeGate+MinPeaks+P-Filter+EquipRej+SkinPrio+BodyExt+Omega+OmScale+OmSplit+OmRot+Kalman+NonRigid+StaticSup,run2 pfilter4
cap_000950,2026-08-21T14:16:54.000,horizontal,22.04,24.54,1,2,0.7003096151110391,TempBand+Watershed+Merge+ClustSml+ShapeGate+MinPeaks+P-Filter+EquipRej+SkinPrio+BodyExt+Omega+OmScale+OmSplit+OmRot+Kalman+NonRigid+StaticSup,run2 pfilter4
cap_000951,2026-08-21T14:16:54.144,horizontal,22.04,24.54,1,2,0.668477359878719,TempBand+Watershed+Merge+ClustSml+ShapeGate+MinPeaks+P-Filter+EquipRej+SkinPrio+BodyExt+Omega+OmScale+OmSplit+OmRot+Kalman+NonRigid+StaticSup,run2 pfilter4
cap_000952,2026-08-21T14:16:54.225,horizontal,22.06,24.56,1,1,0.03473838343622158,TempBand+Watershed+Merge+ClustSml+ShapeGate+MinPeaks+P-Filter+EquipRej+SkinPrio+BodyExt+Omega+OmScale+OmSplit+OmRot+Kalman+NonRigid+StaticSup,run2 pfilter4
cap_000953,2026-08-21T14:16:54.353,horizontal,22.06,24.56,1,2,0.6748438109251828,TempBand+Watershed+Merge+ClustSml+ShapeGate+MinPeaks+P-Filter+EquipRej+SkinPrio+BodyExt+Omega+OmScale+OmSplit+OmRot+Kalman+NonRigid+StaticSup,run2 pfilter4
cap_000954,2026-08-21T14:16:54.479,horizontal,22.09,24.59,1,1,0.7632445678924958,TempBand+Watershed+Merge+ClustSml+ShapeGate+MinPeaks+P-Filter+EquipRej+SkinPrio+BodyExt+Omega+OmScale+OmSplit+OmRot+Kalman+NonRigid+StaticSup,run2 pfilter4
cap_000955,2026-08-21T14:16:54.577,horizontal,22.09,24.59,1,1,0.653143142498942,TempBand+Watershed+Merge+ClustSml+ShapeGate+MinPeaks+P-Filter+EquipRej+SkinPrio+BodyExt+Omega+OmScale+OmSplit+OmRot+Kalman+NonRigid+StaticSup,run2 pfilter4
cap_000956,2026-08-21T14:16:54.706,horizontal,22.09,24.59,1,1,0.5407396421521257,TempBand+Watershed+Merge+ClustSml+ShapeGate+MinPeaks+P-Filter+EquipRej+SkinPrio+BodyExt+Omega+OmScale+OmSplit+OmRot+Kalman+NonRigid+StaticSup,run2 pfilter4
cap_000957,2026-08-21T14:16:54.801,horizontal,22.09,24.59,1,2,0.6427712814103809,TempBand+Watershed+Merge+ClustSml+ShapeGate+MinPeaks+P-Filter+EquipRej+SkinPrio+BodyExt+Omega+OmScale+OmSplit+OmRot+Kalman+NonRigid+StaticSup,run2 pfilter4
cap_000958,2026-08-21T14:16:54.921,horizontal,22.06,24.56,0,0,0.0,TempBand+Watershed+Merge+ClustSml+ShapeGate+MinPeaks+P-Filter+EquipRej+SkinPrio+BodyExt+Omega+OmScale+OmSplit+OmRot+Kalman+NonRigid+StaticSup,run2 pfilter4
cap_000959,2026-08-21T14:16:55.027,horizontal,22.06,24.56,1,1,0.8433543260137193,TempBand+Watershed+Merge+ClustSml+ShapeGate+MinPeaks+P-Filter+EquipRej+SkinPrio+BodyExt+Omega+OmScale+OmSplit+OmRot+Kalman+NonRigid+StaticSup,run2 pfilter4
cap_000960,2026-08-21T14:16:55.152,horizontal,22.06,24.56,0,0,0.0,TempBand+Watershed+Merge+ClustSml+ShapeGate+MinPeaks+P-Filter+EquipRej+SkinPrio+BodyExt+Omega+OmScale+OmSplit+OmRot+Kalman+NonRigid+StaticSup,run2 pfilter4
cap_000961,2026-08-21T14:16:55.245,horizontal,22.06,24.56,0,0,0.0,TempBand+Watershed+Merge+ClustSml+ShapeGate+MinPeaks+P-Filter+EquipRej+SkinPrio+BodyExt+Omega+OmScale+OmSplit+OmRot+Kalman+NonRigid+StaticSup,run2 pfilter4
cap_000962,2026-08-21T14:16:55.374,horizontal,22.04,24.54,0,0,0.0,TempBand+Watershed+Merge+ClustSml+ShapeGate+MinPeaks+P-Filter+EquipRej+SkinPrio+BodyExt+Omega+OmScale+OmSplit+OmRot+Kalman+NonRigid+StaticSup,run2 pfilter4
cap_000963,2026-08-21T14:16:55.500,horizontal,22.04,24.54,0,0,0.0,TempBand+Watershed+Merge+ClustSml+ShapeGate+MinPeaks+P-Filter+EquipRej+SkinPrio+BodyExt+Omega+OmScale+OmSplit+OmRot+Kalman+NonRigid+StaticSup,run2 pfilter4
cap_000964,2026-08-21T14:16:55.591,horizontal,22.04,24.54,0,0,0.0,TempBand+Watershed+Merge+ClustSml+ShapeGate+MinPeaks+P-Filter+EquipRej+SkinPrio+BodyExt+Omega+OmScale+OmSplit+OmRot+Kalman+NonRigid+StaticSup,run2 pfilter4
cap_000965,2026-08-21T14:16:55.722,horizontal,21.99,24.49,0,0,0.0,TempBand+Watershed+Merge+ClustSml+ShapeGate+MinPeaks+P-Filter+EquipRej+SkinPrio+BodyExt+Omega+OmScale+OmSplit+OmRot+Kalman+NonRigid+StaticSup,run2 pfilter4
cap_000966,2026-08-21T14:16:55.817,horizontal,21.97,24.47,0,0,0.0,TempBand+Watershed+Merge+ClustSml+ShapeGate+MinPeaks+P-Filter+EquipRej+SkinPrio+BodyExt+Omega+OmScale+OmSplit+OmRot+Kalman+NonRigid+StaticSup,run2 pfilter4
cap_000967,2026-08-21T14:16:55.950,horizontal,21.97,24.47,0,0,0.0,TempBand+Watershed+Merge+ClustSml+ShapeGate+MinPeaks+P-Filter+EquipRej+SkinPrio+BodyExt+Omega+OmScale+OmSplit+OmRot+Kalman+NonRigid+StaticSup,run2 pfilter4
cap_000968,2026-08-21T14:16:56.041,horizontal,21.97,24.47,0,0,0.0,TempBand+Watershed+Merge+ClustSml+ShapeGate+MinPeaks+P-Filter+EquipRej+SkinPrio+BodyExt+Omega+OmScale+OmSplit+OmRot+Kalman+NonRigid+StaticSup,run2 pfilter4
cap_000969,2026-08-21T14:16:56.173,horizontal,21.97,24.47,0,0,0.0,TempBand+Watershed+Merge+ClustSml+ShapeGate+MinPeaks+P-Filter+EquipRej+SkinPrio+BodyExt+Omega+OmScale+OmSplit+OmRot+Kalman+NonRigid+StaticSup,run2 pfilter4
cap_000970,2026-08-21T14:16:56.281,horizontal,21.94,24.44,0,0,0.0,TempBand+Watershed+Merge+ClustSml+ShapeGate+MinPeaks+P-Filter+EquipRej+SkinPrio+BodyExt+Omega+OmScale+OmSplit+OmRot+Kalman+NonRigid+StaticSup,run2 pfilter4
cap_000971,2026-08-21T14:16:56.397,horizontal,21.94,24.44,0,0,0.0,TempBand+Watershed+Merge+ClustSml+ShapeGate+MinPeaks+P-Filter+EquipRej+SkinPrio+BodyExt+Omega+OmScale+OmSplit+OmRot+Kalman+NonRigid+StaticSup,run2 pfilter4
cap_000972,2026-08-21T14:16:56.523,horizontal,21.94,24.44,0,0,0.0,TempBand+Watershed+Merge+ClustSml+ShapeGate+MinPeaks+P-Filter+EquipRej+SkinPrio+BodyExt+Omega+OmScale+OmSplit+OmRot+Kalman+NonRigid+StaticSup,run2 pfilter4
cap_000973,2026-08-21T14:16:56.620,horizontal,21.94,24.44,0,0,0.0,TempBand+Watershed+Merge+ClustSml+ShapeGate+MinPeaks+P-Filter+EquipRej+SkinPrio+BodyExt+Omega+OmScale+OmSplit+OmRot+Kalman+NonRigid+StaticSup,run2 pfilter4
cap_000974,2026-08-21T14:16:56.751,horizontal,21.94,24.44,0,0,0.0,TempBand+Watershed+Merge+ClustSml+ShapeGate+MinPeaks+P-Filter+EquipRej+SkinPrio+BodyExt+Omega+OmScale+OmSplit+OmRot+Kalman+NonRigid+StaticSup,run2 pfilter4
cap_000975,2026-08-21T14:16:56.841,horizontal,21.92,24.42,0,0,0.0,TempBand+Watershed+Merge+ClustSml+ShapeGate+MinPeaks+P-Filter+EquipRej+SkinPrio+BodyExt+Omega+OmScale+OmSplit+OmRot+Kalman+NonRigid+StaticSup,run2 pfilter4
cap_000976,2026-08-21T14:16:56.974,horizontal,21.92,24.42,0,0,0.0,TempBand+Watershed+Merge+ClustSml+ShapeGate+MinPeaks+P-Filter+EquipRej+SkinPrio+BodyExt+Omega+OmScale+OmSplit+OmRot+Kalman+NonRigid+StaticSup,run2 pfilter4
cap_000977,2026-08-21T14:16:57.071,horizontal,21.92,24.42,0,0,0.0,TempBand+Watershed+Merge+ClustSml+ShapeGate+MinPeaks+P-Filter+EquipRej+SkinPrio+BodyExt+Omega+OmScale+OmSplit+OmRot+Kalman+NonRigid+StaticSup,run2 pfilter4
cap_000978,2026-08-21T14:16:57.196,horizontal,21.92,24.42,0,0,0.0,TempBand+Watershed+Merge+ClustSml+ShapeGate+MinPeaks+P-Filter+EquipRej+SkinPrio+BodyExt+Omega+OmScale+OmSplit+OmRot+Kalman+NonRigid+StaticSup,run2 pfilter4
cap_000979,2026-08-21T14:16:57.333,horizontal,21.94,24.44,0,0,0.0,TempBand+Watershed+Merge+ClustSml+ShapeGate+MinPeaks+P-Filter+EquipRej+SkinPrio+BodyExt+Omega+OmScale+OmSplit+OmRot+Kalman+NonRigid+StaticSup,run2 pfilter4
cap_000980,2026-08-21T14:16:57.424,horizontal,21.97,24.47,0,0,0.0,TempBand+Watershed+Merge+ClustSml+ShapeGate+MinPeaks+P-Filter+EquipRej+SkinPrio+BodyExt+Omega+OmScale+OmSplit+OmRot+Kalman+NonRigid+StaticSup,run2 pfilter4
cap_000981,2026-08-21T14:16:57.556,horizontal,21.98,24.48,1,2,0.5932760904337834,TempBand+Watershed+Merge+ClustSml+ShapeGate+MinPeaks+P-Filter+EquipRej+SkinPrio+BodyExt+Omega+OmScale+OmSplit+OmRot+Kalman+NonRigid+StaticSup,run2 pfilter4
cap_000982,2026-08-21T14:16:57.655,horizontal,21.99,24.49,1,1,0.61334860073725,TempBand+Watershed+Merge+ClustSml+ShapeGate+MinPeaks+P-Filter+EquipRej+SkinPrio+BodyExt+Omega+OmScale+OmSplit+OmRot+Kalman+NonRigid+StaticSup,run2 pfilter4
cap_000983,2026-08-21T14:16:57.788,horizontal,22.02,24.52,1,1,0.007274972818550794,TempBand+Watershed+Merge+ClustSml+ShapeGate+MinPeaks+P-Filter+EquipRej+SkinPrio+BodyExt+Omega+OmScale+OmSplit+OmRot+Kalman+NonRigid+StaticSup,run2 pfilter4
cap_000984,2026-08-21T14:16:57.884,horizontal,21.99,24.49,1,1,0.8092794037505385,TempBand+Watershed+Merge+ClustSml+ShapeGate+MinPeaks+P-Filter+EquipRej+SkinPrio+BodyExt+Omega+OmScale+OmSplit+OmRot+Kalman+NonRigid+StaticSup,run2 pfilter4
cap_000985,2026-08-21T14:16:58.012,horizontal,21.99,24.49,1,1,0.021539925813997003,TempBand+Watershed+Merge+ClustSml+ShapeGate+MinPeaks+P-Filter+EquipRej+SkinPrio+BodyExt+Omega+OmScale+OmSplit+OmRot+Kalman+NonRigid+StaticSup,run2 pfilter4
cap_000986,2026-08-21T14:16:58.103,horizontal,21.99,24.49,1,1,0.7504454116853583,TempBand+Watershed+Merge+ClustSml+ShapeGate+MinPeaks+P-Filter+EquipRej+SkinPrio+BodyExt+Omega+OmScale+OmSplit+OmRot+Kalman+NonRigid+StaticSup,run2 pfilter4
cap_000987,2026-08-21T14:16:58.232,horizontal,21.97,24.47,1,1,0.417227224601396,TempBand+Watershed+Merge+ClustSml+ShapeGate+MinPeaks+P-Filter+EquipRej+SkinPrio+BodyExt+Omega+OmScale+OmSplit+OmRot+Kalman+NonRigid+StaticSup,run2 pfilter4
cap_000988,2026-08-21T14:16:58.356,horizontal,21.97,24.47,1,1,0.34134049146316936,TempBand+Watershed+Merge+ClustSml+ShapeGate+MinPeaks+P-Filter+EquipRej+SkinPrio+BodyExt+Omega+OmScale+OmSplit+OmRot+Kalman+NonRigid+StaticSup,run2 pfilter4
cap_000989,2026-08-21T14:16:58.454,horizontal,21.97,24.47,2,3,0.89577059673999,TempBand+Watershed+Merge+ClustSml+ShapeGate+MinPeaks+P-Filter+EquipRej+SkinPrio+BodyExt+Omega+OmScale+OmSplit+OmRot+Kalman+NonRigid+StaticSup,run2 pfilter4
cap_000990,2026-08-21T14:16:58.581,horizontal,21.97,24.47,1,1,0.9239054510107155,TempBand+Watershed+Merge+ClustSml+ShapeGate+MinPeaks+P-Filter+EquipRej+SkinPrio+BodyExt+Omega+OmScale+OmSplit+OmRot+Kalman+NonRigid+StaticSup,run2 pfilter4
cap_000991,2026-08-21T14:16:58.675,horizontal,21.97,24.47,2,2,0.882870619404586,TempBand+Watershed+Merge+ClustSml+ShapeGate+MinPeaks+P-Filter+EquipRej+SkinPrio+BodyExt+Omega+OmScale+OmSplit+OmRot+Kalman+NonRigid+StaticSup,run2 pfilter4
cap_000992,2026-08-21T14:16:58.806,horizontal,21.97,24.47,2,3,0.9726779616775826,TempBand+Watershed+Merge+ClustSml+ShapeGate+MinPeaks+P-Filter+EquipRej+SkinPrio+BodyExt+Omega+OmScale+OmSplit+OmRot+Kalman+NonRigid+StaticSup,run2 pfilter4
cap_000993,2026-08-21T14:16:58.893,horizontal,21.99,24.49,1,2,0.8954214788632064,TempBand+Watershed+Merge+ClustSml+ShapeGate+MinPeaks+P-Filter+EquipRej+SkinPrio+BodyExt+Omega+OmScale+OmSplit+OmRot+Kalman+NonRigid+StaticSup,run2 pfilter4
cap_000994,2026-08-21T14:16:59.028,horizontal,21.97,24.47,2,2,0.8918036143021422,TempBand+Watershed+Merge+ClustSml+ShapeGate+MinPeaks+P-Filter+EquipRej+SkinPrio+BodyExt+Omega+OmScale+OmSplit+OmRot+Kalman+NonRigid+StaticSup,run2 pfilter4
cap_000995,2026-08-21T14:16:59.157,horizontal,21.94,24.44,2,2,0.9757380721188145,TempBand+Watershed+Merge+ClustSml+ShapeGate+MinPeaks+P-Filter+EquipRej+SkinPrio+BodyExt+Omega+OmScale+OmSplit+OmRot+Kalman+NonRigid+StaticSup,run2 pfilter4
cap_000996,2026-08-21T14:16:59.252,horizontal,21.94,24.44,2,3,0.9901183046695182,TempBand+Watershed+Merge+ClustSml+ShapeGate+MinPeaks+P-Filter+EquipRej+SkinPrio+BodyExt+Omega+OmScale+OmSplit+OmRot+Kalman+NonRigid+StaticSup,run2 pfilter4
cap_000997,2026-08-21T14:16:59.384,horizontal,21.97,24.47,2,3,0.946664085589044,TempBand+Watershed+Merge+ClustSml+ShapeGate+MinPeaks+P-Filter+EquipRej+SkinPrio+BodyExt+Omega+OmScale+OmSplit+OmRot+Kalman+NonRigid+StaticSup,run2 pfilter4
cap_000998,2026-08-21T14:16:59.473,horizontal,21.97,24.47,1,1,0.9576069573520123,TempBand+Watershed+Merge+ClustSml+ShapeGate+MinPeaks+P-Filter+EquipRej+SkinPrio+BodyExt+Omega+OmScale+OmSplit+OmRot+Kalman+NonRigid+StaticSup,run2 pfilter4
cap_000999,2026-08-21T14:16:59.598,horizontal,21.94,24.44,1,1,0.9576069573520123,TempBand+Watershed+Merge+ClustSml+ShapeGate+MinPeaks+P-Filter+EquipRej+SkinPrio+BodyExt+Omega+OmScale+OmSplit+OmRot+Kalman+NonRigid+StaticSup,run2 pfilter4
cap_001000,2026-08-21T14:16:59.694,horizontal,21.94,24.44,1,1,0.963693442250435,TempBand+Watershed+Merge+ClustSml+ShapeGate+MinPeaks+P-Filter+EquipRej+SkinPrio+BodyExt+Omega+OmScale+OmSplit+OmRot+Kalman+NonRigid+StaticSup,run2 pfilter4
cap_001001,2026-08-21T14:16:59.824,horizontal,21.94,24.44,1,1,0.9080303500558954,TempBand+Watershed+Merge+ClustSml+ShapeGate+MinPeaks+P-Filter+EquipRej+SkinPrio+BodyExt+Omega+OmScale+OmSplit+OmRot+Kalman+NonRigid+StaticSup,run2 pfilter4
cap_001002,2026-08-21T14:16:59.918,horizontal,21.92,24.42,1,1,0.963693442250435,TempBand+Watershed+Merge+ClustSml+ShapeGate+MinPeaks+P-Filter+EquipRej+SkinPrio+BodyExt+Omega+OmScale+OmSplit+OmRot+Kalman+NonRigid+StaticSup,run2 pfilter4
cap_001003,2026-08-21T14:17:00.047,horizontal,21.92,24.42,1,1,0.9406447858764988,TempBand+Watershed+Merge+ClustSml+ShapeGate+MinPeaks+P-Filter+EquipRej+SkinPrio+BodyExt+Omega+OmScale+OmSplit+OmRot+Kalman+NonRigid+StaticSup,run2 pfilter4
cap_001004,2026-08-21T14:17:00.178,horizontal,21.92,24.42,1,2,0.9025065570281866,TempBand+Watershed+Merge+ClustSml+ShapeGate+MinPeaks+P-Filter+EquipRej+SkinPrio+BodyExt+Omega+OmScale+OmSplit+OmRot+Kalman+NonRigid+StaticSup,run2 pfilter4
cap_001005,2026-08-21T14:17:00.284,horizontal,21.92,24.42,1,1,0.9866500255029947,TempBand+Watershed+Merge+ClustSml+ShapeGate+MinPeaks+P-Filter+EquipRej+SkinPrio+BodyExt+Omega+OmScale+OmSplit+OmRot+Kalman+NonRigid+StaticSup,run2 pfilter4
cap_001006,2026-08-21T14:17:00.419,horizontal,21.92,24.42,1,1,0.9708361370605759,TempBand+Watershed+Merge+ClustSml+ShapeGate+MinPeaks+P-Filter+EquipRej+SkinPrio+BodyExt+Omega+OmScale+OmSplit+OmRot+Kalman+NonRigid+StaticSup,run2 pfilter4
cap_001007,2026-08-21T14:17:00.506,horizontal,21.94,24.44,1,1,0.9323638231086778,TempBand+Watershed+Merge+ClustSml+ShapeGate+MinPeaks+P-Filter+EquipRej+SkinPrio+BodyExt+Omega+OmScale+OmSplit+OmRot+Kalman+NonRigid+StaticSup,run2 pfilter4
cap_001008,2026-08-21T14:17:00.630,horizontal,21.94,24.44,2,3,0.9323638231086778,TempBand+Watershed+Merge+ClustSml+ShapeGate+MinPeaks+P-Filter+EquipRej+SkinPrio+BodyExt+Omega+OmScale+OmSplit+OmRot+Kalman+NonRigid+StaticSup,run2 pfilter4
cap_001009,2026-08-21T14:17:00.730,horizontal,21.97,24.47,2,3,0.997507247241679,TempBand+Watershed+Merge+ClustSml+ShapeGate+MinPeaks+P-Filter+EquipRej+SkinPrio+BodyExt+Omega+OmScale+OmSplit+OmRot+Kalman+NonRigid+StaticSup,run2 pfilter4
cap_001010,2026-08-21T14:17:00.853,horizontal,21.97,24.47,2,3,0.997507247241679,TempBand+Watershed+Merge+ClustSml+ShapeGate+MinPeaks+P-Filter+EquipRej+SkinPrio+BodyExt+Omega+OmScale+OmSplit+OmRot+Kalman+NonRigid+StaticSup,run2 pfilter4
cap_001011,2026-08-21T14:17:00.981,horizontal,21.92,24.42,2,3,0.9350337459322577,TempBand+Watershed+Merge+ClustSml+ShapeGate+MinPeaks+P-Filter+EquipRej+SkinPrio+BodyExt+Omega+OmScale+OmSplit+OmRot+Kalman+NonRigid+StaticSup,run2 pfilter4
cap_001012,2026-08-21T14:17:01.075,horizontal,21.92,24.42,2,2,0.7982896803216104,TempBand+Watershed+Merge+ClustSml+ShapeGate+MinPeaks+P-Filter+EquipRej+SkinPrio+BodyExt+Omega+OmScale+OmSplit+OmRot+Kalman+NonRigid+StaticSup,run2 pfilter4
cap_001013,2026-08-21T14:17:01.203,horizontal,21.94,24.44,2,3,0.818208424760686,TempBand+Watershed+Merge+ClustSml+ShapeGate+MinPeaks+P-Filter+EquipRej+SkinPrio+BodyExt+Omega+OmScale+OmSplit+OmRot+Kalman+NonRigid+StaticSup,run2 pfilter4
cap_001014,2026-08-21T14:17:01.301,horizontal,21.94,24.44,2,2,0.8279055907635072,TempBand+Watershed+Merge+ClustSml+ShapeGate+MinPeaks+P-Filter+EquipRej+SkinPrio+BodyExt+Omega+OmScale+OmSplit+OmRot+Kalman+NonRigid+StaticSup,run2 pfilter4
cap_001015,2026-08-21T14:17:01.432,horizontal,21.97,24.47,2,2,0.8237457198657293,TempBand+Watershed+Merge+ClustSml+ShapeGate+MinPeaks+P-Filter+EquipRej+SkinPrio+BodyExt+Omega+OmScale+OmSplit+OmRot+Kalman+NonRigid+StaticSup,run2 pfilter4
cap_001016,2026-08-21T14:17:01.527,horizontal,21.97,24.47,2,2,0.8950480100911437,TempBand+Watershed+Merge+ClustSml+ShapeGate+MinPeaks+P-Filter+EquipRej+SkinPrio+BodyExt+Omega+OmScale+OmSplit+OmRot+Kalman+NonRigid+StaticSup,run2 pfilter4
cap_001017,2026-08-21T14:17:01.652,horizontal,21.94,24.44,2,2,0.8529310981978078,TempBand+Watershed+Merge+ClustSml+ShapeGate+MinPeaks+P-Filter+EquipRej+SkinPrio+BodyExt+Omega+OmScale+OmSplit+OmRot+Kalman+NonRigid+StaticSup,run2 pfilter4
cap_001018,2026-08-21T14:17:01.748,horizontal,21.94,24.44,2,2,0.8684304121661724,TempBand+Watershed+Merge+ClustSml+ShapeGate+MinPeaks+P-Filter+EquipRej+SkinPrio+BodyExt+Omega+OmScale+OmSplit+OmRot+Kalman+NonRigid+StaticSup,run2 pfilter4
cap_001019,2026-08-21T14:17:01.878,horizontal,21.94,24.44,2,2,0.9564740484226523,TempBand+Watershed+Merge+ClustSml+ShapeGate+MinPeaks+P-Filter+EquipRej+SkinPrio+BodyExt+Omega+OmScale+OmSplit+OmRot+Kalman+NonRigid+StaticSup,run2 pfilter4
cap_001020,2026-08-21T14:17:02.012,horizontal,21.92,24.42,2,3,0.9564740484226523,TempBand+Watershed+Merge+ClustSml+ShapeGate+MinPeaks+P-Filter+EquipRej+SkinPrio+BodyExt+Omega+OmScale+OmSplit+OmRot+Kalman+NonRigid+StaticSup,run2 pfilter4
cap_001021,2026-08-21T14:17:02.101,horizontal,21.92,24.42,2,2,0.7880139869119002,TempBand+Watershed+Merge+ClustSml+ShapeGate+MinPeaks+P-Filter+EquipRej+SkinPrio+BodyExt+Omega+OmScale+OmSplit+OmRot+Kalman+NonRigid+StaticSup,run2 pfilter4
cap_001022,2026-08-21T14:17:02.234,horizontal,21.92,24.42,2,3,0.74309418412146,TempBand+Watershed+Merge+ClustSml+ShapeGate+MinPeaks+P-Filter+EquipRej+SkinPrio+BodyExt+Omega+OmScale+OmSplit+OmRot+Kalman+NonRigid+StaticSup,run2 pfilter4
cap_001023,2026-08-21T14:17:02.330,horizontal,21.92,24.42,2,3,0.74309418412146,TempBand+Watershed+Merge+ClustSml+ShapeGate+MinPeaks+P-Filter+EquipRej+SkinPrio+BodyExt+Omega+OmScale+OmSplit+OmRot+Kalman+NonRigid+StaticSup,run2 pfilter4
cap_001024,2026-08-21T14:17:02.453,horizontal,21.92,24.42,2,2,0.8379794713123686,TempBand+Watershed+Merge+ClustSml+ShapeGate+MinPeaks+P-Filter+EquipRej+SkinPrio+BodyExt+Omega+OmScale+OmSplit+OmRot+Kalman+NonRigid+StaticSup,run2 pfilter4
cap_001025,2026-08-21T14:17:02.549,horizontal,21.92,24.42,2,2,0.8379794713123686,TempBand+Watershed+Merge+ClustSml+ShapeGate+MinPeaks+P-Filter+EquipRej+SkinPrio+BodyExt+Omega+OmScale+OmSplit+OmRot+Kalman+NonRigid+StaticSup,run2 pfilter4
cap_001026,2026-08-21T14:17:02.676,horizontal,21.92,24.42,2,2,0.6920852984306378,TempBand+Watershed+Merge+ClustSml+ShapeGate+MinPeaks+P-Filter+EquipRej+SkinPrio+BodyExt+Omega+OmScale+OmSplit+OmRot+Kalman+NonRigid+StaticSup,run2 pfilter4
cap_001027,2026-08-21T14:17:02.772,horizontal,21.92,24.42,2,2,0.6219764645158596,TempBand+Watershed+Merge+ClustSml+ShapeGate+MinPeaks+P-Filter+EquipRej+SkinPrio+BodyExt+Omega+OmScale+OmSplit+OmRot+Kalman+NonRigid+StaticSup,run2 pfilter4
cap_001028,2026-08-21T14:17:02.901,horizontal,21.92,24.42,2,2,0.6219764645158596,TempBand+Watershed+Merge+ClustSml+ShapeGate+MinPeaks+P-Filter+EquipRej+SkinPrio+BodyExt+Omega+OmScale+OmSplit+OmRot+Kalman+NonRigid+StaticSup,run2 pfilter4
cap_001029,2026-08-21T14:17:03.029,horizontal,21.92,24.42,2,2,0.6219764645158596,TempBand+Watershed+Merge+ClustSml+ShapeGate+MinPeaks+P-Filter+EquipRej+SkinPrio+BodyExt+Omega+OmScale+OmSplit+OmRot+Kalman+NonRigid+StaticSup,run2 pfilter4
cap_001030,2026-08-21T14:17:03.125,horizontal,21.92,24.42,2,2,0.6219764645158596,TempBand+Watershed+Merge+ClustSml+ShapeGate+MinPeaks+P-Filter+EquipRej+SkinPrio+BodyExt+Omega+OmScale+OmSplit+OmRot+Kalman+NonRigid+StaticSup,run2 pfilter4
cap_001031,2026-08-21T14:17:03.256,horizontal,21.92,24.42,2,2,0.6138476631974354,TempBand+Watershed+Merge+ClustSml+ShapeGate+MinPeaks+P-Filter+EquipRej+SkinPrio+BodyExt+Omega+OmScale+OmSplit+OmRot+Kalman+NonRigid+StaticSup,run2 pfilter4
cap_001032,2026-08-21T14:17:03.352,horizontal,21.92,24.42,2,2,0.6381797727351339,TempBand+Watershed+Merge+ClustSml+ShapeGate+MinPeaks+P-Filter+EquipRej+SkinPrio+BodyExt+Omega+OmScale+OmSplit+OmRot+Kalman+NonRigid+StaticSup,run2 pfilter4
cap_001033,2026-08-21T14:17:03.477,horizontal,21.92,24.42,2,2,0.6316815616644847,TempBand+Watershed+Merge+ClustSml+ShapeGate+MinPeaks+P-Filter+EquipRej+SkinPrio+BodyExt+Omega+OmScale+OmSplit+OmRot+Kalman+NonRigid+StaticSup,run2 pfilter4
cap_001034,2026-08-21T14:17:03.576,horizontal,21.92,24.42,2,2,0.9534416050408783,TempBand+Watershed+Merge+ClustSml+ShapeGate+MinPeaks+P-Filter+EquipRej+SkinPrio+BodyExt+Omega+OmScale+OmSplit+OmRot+Kalman+NonRigid+StaticSup,run2 pfilter4
cap_001035,2026-08-21T14:17:03.701,horizontal,21.92,24.42,2,2,0.6131790604915908,TempBand+Watershed+Merge+ClustSml+ShapeGate+MinPeaks+P-Filter+EquipRej+SkinPrio+BodyExt+Omega+OmScale+OmSplit+OmRot+Kalman+NonRigid+StaticSup,run2 pfilter4
cap_001036,2026-08-21T14:17:03.829,horizontal,21.92,24.42,2,2,0.6131790604915908,TempBand+Watershed+Merge+ClustSml+ShapeGate+MinPeaks+P-Filter+EquipRej+SkinPrio+BodyExt+Omega+OmScale+OmSplit+OmRot+Kalman+NonRigid+StaticSup,run2 pfilter4
cap_001037,2026-08-21T14:17:03.935,horizontal,21.92,24.42,2,2,0.6177405641112721,TempBand+Watershed+Merge+ClustSml+ShapeGate+MinPeaks+P-Filter+EquipRej+SkinPrio+BodyExt+Omega+OmScale+OmSplit+OmRot+Kalman+NonRigid+StaticSup,run2 pfilter4
cap_001038,2026-08-21T14:17:04.053,horizontal,21.92,24.42,2,2,0.7074167036628511,TempBand+Watershed+Merge+ClustSml+ShapeGate+MinPeaks+P-Filter+EquipRej+SkinPrio+BodyExt+Omega+OmScale+OmSplit+OmRot+Kalman+NonRigid+StaticSup,run2 pfilter4
cap_001039,2026-08-21T14:17:04.151,horizontal,21.92,24.42,2,2,0.8709051814302464,TempBand+Watershed+Merge+ClustSml+ShapeGate+MinPeaks+P-Filter+EquipRej+SkinPrio+BodyExt+Omega+OmScale+OmSplit+OmRot+Kalman+NonRigid+StaticSup,run2 pfilter4
cap_001040,2026-08-21T14:17:04.277,horizontal,21.92,24.42,2,2,0.7112911634127183,TempBand+Watershed+Merge+ClustSml+ShapeGate+MinPeaks+P-Filter+EquipRej+SkinPrio+BodyExt+Omega+OmScale+OmSplit+OmRot+Kalman+NonRigid+StaticSup,run2 pfilter4
cap_001041,2026-08-21T14:17:04.375,horizontal,21.94,24.44,2,2,0.8587076298695978,TempBand+Watershed+Merge+ClustSml+ShapeGate+MinPeaks+P-Filter+EquipRej+SkinPrio+BodyExt+Omega+OmScale+OmSplit+OmRot+Kalman+NonRigid+StaticSup,run2 pfilter4
cap_001042,2026-08-21T14:17:04.503,horizontal,21.94,24.44,2,3,0.819960499894815,TempBand+Watershed+Merge+ClustSml+ShapeGate+MinPeaks+P-Filter+EquipRej+SkinPrio+BodyExt+Omega+OmScale+OmSplit+OmRot+Kalman+NonRigid+StaticSup,run2 pfilter4
cap_001043,2026-08-21T14:17:04.601,horizontal,21.94,24.44,2,2,0.6830106649737808,TempBand+Watershed+Merge+ClustSml+ShapeGate+MinPeaks+P-Filter+EquipRej+SkinPrio+BodyExt+Omega+OmScale+OmSplit+OmRot+Kalman+NonRigid+StaticSup,run2 pfilter4
cap_001044,2026-08-21T14:17:04.726,horizontal,21.94,24.44,2,2,0.8782237123666347,TempBand+Watershed+Merge+ClustSml+ShapeGate+MinPeaks+P-Filter+EquipRej+SkinPrio+BodyExt+Omega+OmScale+OmSplit+OmRot+Kalman+NonRigid+StaticSup,run2 pfilter4
cap_001045,2026-08-21T14:17:04.853,horizontal,21.94,24.44,2,1,0.47708874178239596,TempBand+Watershed+Merge+ClustSml+ShapeGate+MinPeaks+P-Filter+EquipRej+SkinPrio+BodyExt+Omega+OmScale+OmSplit+OmRot+Kalman+NonRigid+StaticSup,run2 pfilter4
cap_001046,2026-08-21T14:17:04.944,horizontal,21.92,24.42,1,1,0.4795849639044963,TempBand+Watershed+Merge+ClustSml+ShapeGate+MinPeaks+P-Filter+EquipRej+SkinPrio+BodyExt+Omega+OmScale+OmSplit+OmRot+Kalman+NonRigid+StaticSup,run2 pfilter4
cap_001047,2026-08-21T14:17:05.073,horizontal,21.92,24.42,1,1,0.17170676675007726,TempBand+Watershed+Merge+ClustSml+ShapeGate+MinPeaks+P-Filter+EquipRej+SkinPrio+BodyExt+Omega+OmScale+OmSplit+OmRot+Kalman+NonRigid+StaticSup,run2 pfilter4
cap_001048,2026-08-21T14:17:05.175,horizontal,21.90,24.40,1,2,0.10770275247202962,TempBand+Watershed+Merge+ClustSml+ShapeGate+MinPeaks+P-Filter+EquipRej+SkinPrio+BodyExt+Omega+OmScale+OmSplit+OmRot+Kalman+NonRigid+StaticSup,run2 pfilter4
cap_001049,2026-08-21T14:17:05.298,horizontal,21.87,24.37,1,1,0.089646554206975,TempBand+Watershed+Merge+ClustSml+ShapeGate+MinPeaks+P-Filter+EquipRej+SkinPrio+BodyExt+Omega+OmScale+OmSplit+OmRot+Kalman+NonRigid+StaticSup,run2 pfilter4
cap_001050,2026-08-21T14:17:05.397,horizontal,21.85,24.35,1,2,0.09179206989111212,TempBand+Watershed+Merge+ClustSml+ShapeGate+MinPeaks+P-Filter+EquipRej+SkinPrio+BodyExt+Omega+OmScale+OmSplit+OmRot+Kalman+NonRigid+StaticSup,run2 pfilter4
cap_001051,2026-08-21T14:17:05.525,horizontal,21.85,24.35,1,2,0.03866642350399923,TempBand+Watershed+Merge+ClustSml+ShapeGate+MinPeaks+P-Filter+EquipRej+SkinPrio+BodyExt+Omega+OmScale+OmSplit+OmRot+Kalman+NonRigid+StaticSup,run2 pfilter4
cap_001052,2026-08-21T14:17:05.676,horizontal,21.90,24.40,1,1,0.10041037415746094,TempBand+Watershed+Merge+ClustSml+ShapeGate+MinPeaks+P-Filter+EquipRej+SkinPrio+BodyExt+Omega+OmScale+OmSplit+OmRot+Kalman+NonRigid+StaticSup,run2 pfilter4
cap_001053,2026-08-21T14:17:05.745,horizontal,21.92,24.42,1,2,0.8080377604708194,TempBand+Watershed+Merge+ClustSml+ShapeGate+MinPeaks+P-Filter+EquipRej+SkinPrio+BodyExt+Omega+OmScale+OmSplit+OmRot+Kalman+NonRigid+StaticSup,run2 pfilter4
cap_001054,2026-08-21T14:17:05.882,horizontal,21.90,24.40,1,1,0.14473166500599685,TempBand+Watershed+Merge+ClustSml+ShapeGate+MinPeaks+P-Filter+EquipRej+SkinPrio+BodyExt+Omega+OmScale+OmSplit+OmRot+Kalman+NonRigid+StaticSup,run2 pfilter4
cap_001055,2026-08-21T14:17:05.970,horizontal,21.92,24.42,1,1,0.6301907801576815,TempBand+Watershed+Merge+ClustSml+ShapeGate+MinPeaks+P-Filter+EquipRej+SkinPrio+BodyExt+Omega+OmScale+OmSplit+OmRot+Kalman+NonRigid+StaticSup,run2 pfilter4
cap_001056,2026-08-21T14:17:06.099,horizontal,21.90,24.40,1,1,0.18213353892760337,TempBand+Watershed+Merge+ClustSml+ShapeGate+MinPeaks+P-Filter+EquipRej+SkinPrio+BodyExt+Omega+OmScale+OmSplit+OmRot+Kalman+NonRigid+StaticSup,run2 pfilter4
cap_001057,2026-08-21T14:17:06.194,horizontal,21.92,24.42,1,1,0.22033891996536495,TempBand+Watershed+Merge+ClustSml+ShapeGate+MinPeaks+P-Filter+EquipRej+SkinPrio+BodyExt+Omega+OmScale+OmSplit+OmRot+Kalman+NonRigid+StaticSup,run2 pfilter4
cap_001058,2026-08-21T14:17:06.323,horizontal,21.92,24.42,1,2,0.10093440377305525,TempBand+Watershed+Merge+ClustSml+ShapeGate+MinPeaks+P-Filter+EquipRej+SkinPrio+BodyExt+Omega+OmScale+OmSplit+OmRot+Kalman+NonRigid+StaticSup,run2 pfilter4
cap_001059,2026-08-21T14:17:06.421,horizontal,21.94,24.44,1,2,0.04697336343213777,TempBand+Watershed+Merge+ClustSml+ShapeGate+MinPeaks+P-Filter+EquipRej+SkinPrio+BodyExt+Omega+OmScale+OmSplit+OmRot+Kalman+NonRigid+StaticSup,run2 pfilter4
cap_001060,2026-08-21T14:17:06.543,horizontal,21.92,24.42,1,1,0.13002612467913402,TempBand+Watershed+Merge+ClustSml+ShapeGate+MinPeaks+P-Filter+EquipRej+SkinPrio+BodyExt+Omega+OmScale+OmSplit+OmRot+Kalman+NonRigid+StaticSup,run2 pfilter4
cap_001061,2026-08-21T14:17:06.673,horizontal,21.92,24.42,1,1,0.7533432874551619,TempBand+Watershed+Merge+ClustSml+ShapeGate+MinPeaks+P-Filter+EquipRej+SkinPrio+BodyExt+Omega+OmScale+OmSplit+OmRot+Kalman+NonRigid+StaticSup,run2 pfilter4
cap_001062,2026-08-21T14:17:06.770,horizontal,21.92,24.42,1,2,0.10105935867394213,TempBand+Watershed+Merge+ClustSml+ShapeGate+MinPeaks+P-Filter+EquipRej+SkinPrio+BodyExt+Omega+OmScale+OmSplit+OmRot+Kalman+NonRigid+StaticSup,run2 pfilter4
cap_001063,2026-08-21T14:17:06.901,horizontal,21.92,24.42,1,2,0.11750818655794956,TempBand+Watershed+Merge+ClustSml+ShapeGate+MinPeaks+P-Filter+EquipRej+SkinPrio+BodyExt+Omega+OmScale+OmSplit+OmRot+Kalman+NonRigid+StaticSup,run2 pfilter4
cap_001064,2026-08-21T14:17:06.997,horizontal,21.92,24.42,1,1,0.22771582018926678,TempBand+Watershed+Merge+ClustSml+ShapeGate+MinPeaks+P-Filter+EquipRej+SkinPrio+BodyExt+Omega+OmScale+OmSplit+OmRot+Kalman+NonRigid+StaticSup,run2 pfilter4
cap_001065,2026-08-21T14:17:07.130,horizontal,21.94,24.44,1,2,0.650453981748382,TempBand+Watershed+Merge+ClustSml+ShapeGate+MinPeaks+P-Filter+EquipRej+SkinPrio+BodyExt+Omega+OmScale+OmSplit+OmRot+Kalman+NonRigid+StaticSup,run2 pfilter4
cap_001066,2026-08-21T14:17:07.226,horizontal,21.94,24.44,1,2,0.10938236693554812,TempBand+Watershed+Merge+ClustSml+ShapeGate+MinPeaks+P-Filter+EquipRej+SkinPrio+BodyExt+Omega+OmScale+OmSplit+OmRot+Kalman+NonRigid+StaticSup,run2 pfilter4
cap_001067,2026-08-21T14:17:07.351,horizontal,21.92,24.42,2,2,0.568003495138784,TempBand+Watershed+Merge+ClustSml+ShapeGate+MinPeaks+P-Filter+EquipRej+SkinPrio+BodyExt+Omega+OmScale+OmSplit+OmRot+Kalman+NonRigid+StaticSup,run2 pfilter4
cap_001068,2026-08-21T14:17:07.480,horizontal,21.92,24.42,2,2,0.6783913671900536,TempBand+Watershed+Merge+ClustSml+ShapeGate+MinPeaks+P-Filter+EquipRej+SkinPrio+BodyExt+Omega+OmScale+OmSplit+OmRot+Kalman+NonRigid+StaticSup,run2 pfilter4
cap_001069,2026-08-21T14:17:07.576,horizontal,21.90,24.40,2,2,0.8243041333238945,TempBand+Watershed+Merge+ClustSml+ShapeGate+MinPeaks+P-Filter+EquipRej+SkinPrio+BodyExt+Omega+OmScale+OmSplit+OmRot+Kalman+NonRigid+StaticSup,run2 pfilter4
cap_001070,2026-08-21T14:17:07.692,horizontal,21.87,24.37,1,1,0.8651468423001217,TempBand+Watershed+Merge+ClustSml+ShapeGate+MinPeaks+P-Filter+EquipRej+SkinPrio+BodyExt+Omega+OmScale+OmSplit+OmRot+Kalman+NonRigid+StaticSup,run2 pfilter4
cap_001071,2026-08-21T14:17:07.791,horizontal,21.90,24.40,1,1,0.8739787516198453,TempBand+Watershed+Merge+ClustSml+ShapeGate+MinPeaks+P-Filter+EquipRej+SkinPrio+BodyExt+Omega+OmScale+OmSplit+OmRot+Kalman+NonRigid+StaticSup,run2 pfilter4
cap_001072,2026-08-21T14:17:07.931,horizontal,21.90,24.40,2,2,0.8929961444342189,TempBand+Watershed+Merge+ClustSml+ShapeGate+MinPeaks+P-Filter+EquipRej+SkinPrio+BodyExt+Omega+OmScale+OmSplit+OmRot+Kalman+NonRigid+StaticSup,run2 pfilter4
cap_001073,2026-08-21T14:17:08.025,horizontal,21.87,24.37,2,3,0.9611244834810907,TempBand+Watershed+Merge+ClustSml+ShapeGate+MinPeaks+P-Filter+EquipRej+SkinPrio+BodyExt+Omega+OmScale+OmSplit+OmRot+Kalman+NonRigid+StaticSup,run2 pfilter4
cap_001074,2026-08-21T14:17:08.157,horizontal,21.90,24.40,2,3,0.939983347653171,TempBand+Watershed+Merge+ClustSml+ShapeGate+MinPeaks+P-Filter+EquipRej+SkinPrio+BodyExt+Omega+OmScale+OmSplit+OmRot+Kalman+NonRigid+StaticSup,run2 pfilter4
cap_001075,2026-08-21T14:17:08.251,horizontal,21.87,24.37,2,3,0.9684047077419976,TempBand+Watershed+Merge+ClustSml+ShapeGate+MinPeaks+P-Filter+EquipRej+SkinPrio+BodyExt+Omega+OmScale+OmSplit+OmRot+Kalman+NonRigid+StaticSup,run2 pfilter4
cap_001076,2026-08-21T14:17:08.378,horizontal,21.87,24.37,2,2,0.8717343314714996,TempBand+Watershed+Merge+ClustSml+ShapeGate+MinPeaks+P-Filter+EquipRej+SkinPrio+BodyExt+Omega+OmScale+OmSplit+OmRot+Kalman+NonRigid+StaticSup,run2 pfilter4
cap_001077,2026-08-21T14:17:08.501,horizontal,21.87,24.37,2,2,0.9482661295522679,TempBand+Watershed+Merge+ClustSml+ShapeGate+MinPeaks+P-Filter+EquipRej+SkinPrio+BodyExt+Omega+OmScale+OmSplit+OmRot+Kalman+NonRigid+StaticSup,run2 pfilter4
cap_001078,2026-08-21T14:17:08.599,horizontal,21.92,24.42,2,2,0.8726358895603544,TempBand+Watershed+Merge+ClustSml+ShapeGate+MinPeaks+P-Filter+EquipRej+SkinPrio+BodyExt+Omega+OmScale+OmSplit+OmRot+Kalman+NonRigid+StaticSup,run2 pfilter4
cap_001079,2026-08-21T14:17:08.725,horizontal,21.92,24.42,2,2,0.9799850308847378,TempBand+Watershed+Merge+ClustSml+ShapeGate+MinPeaks+P-Filter+EquipRej+SkinPrio+BodyExt+Omega+OmScale+OmSplit+OmRot+Kalman+NonRigid+StaticSup,run2 pfilter4
cap_001080,2026-08-21T14:17:08.818,horizontal,21.92,24.42,1,1,0.9328777154105634,TempBand+Watershed+Merge+ClustSml+ShapeGate+MinPeaks+P-Filter+EquipRej+SkinPrio+BodyExt+Omega+OmScale+OmSplit+OmRot+Kalman+NonRigid+StaticSup,run2 pfilter4
cap_001081,2026-08-21T14:17:08.942,horizontal,21.90,24.40,1,1,0.2819305328259522,TempBand+Watershed+Merge+ClustSml+ShapeGate+MinPeaks+P-Filter+EquipRej+SkinPrio+BodyExt+Omega+OmScale+OmSplit+OmRot+Kalman+NonRigid+StaticSup,run2 pfilter4
cap_001082,2026-08-21T14:17:09.051,horizontal,21.94,24.44,2,2,0.6776400972401316,TempBand+Watershed+Merge+ClustSml+ShapeGate+MinPeaks+P-Filter+EquipRej+SkinPrio+BodyExt+Omega+OmScale+OmSplit+OmRot+Kalman+NonRigid+StaticSup,run2 pfilter4
cap_001083,2026-08-21T14:17:09.178,horizontal,21.94,24.44,2,3,0.132393582500437,TempBand+Watershed+Merge+ClustSml+ShapeGate+MinPeaks+P-Filter+EquipRej+SkinPrio+BodyExt+Omega+OmScale+OmSplit+OmRot+Kalman+NonRigid+StaticSup,run2 pfilter4
cap_001084,2026-08-21T14:17:09.273,horizontal,21.94,24.44,2,3,0.1729473459600922,TempBand+Watershed+Merge+ClustSml+ShapeGate+MinPeaks+P-Filter+EquipRej+SkinPrio+BodyExt+Omega+OmScale+OmSplit+OmRot+Kalman+NonRigid+StaticSup,run2 pfilter4
cap_001085,2026-08-21T14:17:09.401,horizontal,21.94,24.44,2,3,0.09442717581267417,TempBand+Watershed+Merge+ClustSml+ShapeGate+MinPeaks+P-Filter+EquipRej+SkinPrio+BodyExt+Omega+OmScale+OmSplit+OmRot+Kalman+NonRigid+StaticSup,run2 pfilter4
cap_001086,2026-08-21T14:17:09.531,horizontal,21.94,24.44,2,3,0.47345385835125964,TempBand+Watershed+Merge+ClustSml+ShapeGate+MinPeaks+P-Filter+EquipRej+SkinPrio+BodyExt+Omega+OmScale+OmSplit+OmRot+Kalman+NonRigid+StaticSup,run2 pfilter4
cap_001087,2026-08-21T14:17:09.617,horizontal,21.92,24.42,1,1,0.7943749031164248,TempBand+Watershed+Merge+ClustSml+ShapeGate+MinPeaks+P-Filter+EquipRej+SkinPrio+BodyExt+Omega+OmScale+OmSplit+OmRot+Kalman+NonRigid+StaticSup,run2 pfilter4
cap_001088,2026-08-21T14:17:09.752,horizontal,21.92,24.42,2,2,0.8801745976488434,TempBand+Watershed+Merge+ClustSml+ShapeGate+MinPeaks+P-Filter+EquipRej+SkinPrio+BodyExt+Omega+OmScale+OmSplit+OmRot+Kalman+NonRigid+StaticSup,run2 pfilter4
cap_001089,2026-08-21T14:17:09.853,horizontal,21.92,24.42,2,3,0.9721901182867357,TempBand+Watershed+Merge+ClustSml+ShapeGate+MinPeaks+P-Filter+EquipRej+SkinPrio+BodyExt+Omega+OmScale+OmSplit+OmRot+Kalman+NonRigid+StaticSup,run2 pfilter4
cap_001090,2026-08-21T14:17:09.979,horizontal,21.92,24.42,2,2,0.8445868967364601,TempBand+Watershed+Merge+ClustSml+ShapeGate+MinPeaks+P-Filter+EquipRej+SkinPrio+BodyExt+Omega+OmScale+OmSplit+OmRot+Kalman+NonRigid+StaticSup,run2 pfilter4
cap_001091,2026-08-21T14:17:10.076,horizontal,21.92,24.42,2,3,0.9549676569695986,TempBand+Watershed+Merge+ClustSml+ShapeGate+MinPeaks+P-Filter+EquipRej+SkinPrio+BodyExt+Omega+OmScale+OmSplit+OmRot+Kalman+NonRigid+StaticSup,run2 pfilter4
cap_001092,2026-08-21T14:17:10.196,horizontal,21.90,24.40,2,3,0.9910534521645369,TempBand+Watershed+Merge+ClustSml+ShapeGate+MinPeaks+P-Filter+EquipRej+SkinPrio+BodyExt+Omega+OmScale+OmSplit+OmRot+Kalman+NonRigid+StaticSup,run2 pfilter4
cap_001093,2026-08-21T14:17:10.326,horizontal,21.90,24.40,2,2,0.9441814921205771,TempBand+Watershed+Merge+ClustSml+ShapeGate+MinPeaks+P-Filter+EquipRej+SkinPrio+BodyExt+Omega+OmScale+OmSplit+OmRot+Kalman+NonRigid+StaticSup,run2 pfilter4
cap_001094,2026-08-21T14:17:10.428,horizontal,21.90,24.40,2,3,0.9072192741211187,TempBand+Watershed+Merge+ClustSml+ShapeGate+MinPeaks+P-Filter+EquipRej+SkinPrio+BodyExt+Omega+OmScale+OmSplit+OmRot+Kalman+NonRigid+StaticSup,run2 pfilter4
