file,timestamp,view,background,threshold,n_det,omega_count,omega_score,flags,note
cap_000000,2026-08-21T14:49:02.382,horizontal,23.67,26.17,0,0,0.0,TempBand+Watershed+Merge+ClustSml+ShapeGate+MinPeaks+P-Filter+EquipRej+SkinPrio+Omega+OmScale+OmSplit+OmRot+FarField+Kalman+StaticSup,run2 pfilter4
cap_000001,2026-08-21T14:49:02.472,horizontal,23.67,26.17,0,0,0.0,TempBand+Watershed+Merge+ClustSml+ShapeGate+MinPeaks+P-Filter+EquipRej+SkinPrio+Omega+OmScale+OmSplit+OmRot+FarField+Kalman+StaticSup,run2 pfilter4
cap_000002,2026-08-21T14:49:02.601,horizontal,23.65,26.15,0,0,0.0,TempBand+Watershed+Merge+ClustSml+ShapeGate+MinPeaks+P-Filter+EquipRej+SkinPrio+Omega+OmScale+OmSplit+OmRot+FarField+Kalman+StaticSup,run2 pfilter4
cap_000003,2026-08-21T14:49:02.726,horizontal,23.62,26.12,0,0,0.0,TempBand+Watershed+Merge+ClustSml+ShapeGate+MinPeaks+P-Filter+EquipRej+SkinPrio+Omega+OmScale+OmSplit+OmRot+FarField+Kalman+StaticSup,run2 pfilter4
cap_000004,2026-08-21T14:49:02.822,horizontal,23.62,26.12,0,0,0.0,TempBand+Watershed+Merge+ClustSml+ShapeGate+MinPeaks+P-Filter+EquipRej+SkinPrio+Omega+OmScale+OmSplit+OmRot+FarField+Kalman+StaticSup,run2 pfilter4
cap_000005,2026-08-21T14:49:02.950,horizontal,23.60,26.10,0,0,0.0,TempBand+Watershed+Merge+ClustSml+ShapeGate+MinPeaks+P-Filter+EquipRej+SkinPrio+Omega+OmScale+OmSplit+OmRot+FarField+Kalman+StaticSup,run2 pfilter4
cap_000006,2026-08-21T14:49:03.043,horizontal,23.60,26.10,0,0,0.0,TempBand+Watershed+Merge+ClustSml+ShapeGate+MinPeaks+P-Filter+EquipRej+SkinPrio+Omega+OmScale+OmSplit+OmRot+FarField+Kalman+StaticSup,run2 pfilter4
cap_000007,2026-08-21T14:49:03.170,horizontal,23.62,26.12,0,0,0.0,TempBand+Watershed+Merge+ClustSml+ShapeGate+MinPeaks+P-Filter+EquipRej+SkinPrio+Omega+OmScale+OmSplit+OmRot+FarField+Kalman+StaticSup,run2 pfilter4
cap_000008,2026-08-21T14:49:03.268,horizontal,23.62,26.12,0,0,0.0,TempBand+Watershed+Merge+ClustSml+ShapeGate+MinPeaks+P-Filter+EquipRej+SkinPrio+Omega+OmScale+OmSplit+OmRot+FarField+Kalman+StaticSup,run2 pfilter4
cap_000009,2026-08-21T14:49:03.405,horizontal,23.62,26.12,0,0,0.0,TempBand+Watershed+Merge+ClustSml+ShapeGate+MinPeaks+P-Filter+EquipRej+SkinPrio+Omega+OmScale+OmSplit+OmRot+FarField+Kalman+StaticSup,run2 pfilter4
cap_000010,2026-08-21T14:49:03.541,horizontal,23.65,26.15,0,0,0.0,TempBand+Watershed+Merge+ClustSml+ShapeGate+MinPeaks+P-Filter+EquipRej+SkinPrio+Omega+OmScale+OmSplit+OmRot+FarField+Kalman+StaticSup,run2 pfilter4
cap_000011,2026-08-21T14:49:03.624,horizontal,23.65,26.15,1,0,0.0,TempBand+Watershed+Merge+ClustSml+ShapeGate+MinPeaks+P-Filter+EquipRej+SkinPrio+Omega+OmScale+OmSplit+OmRot+FarField+Kalman+StaticSup,run2 pfilter4
cap_000012,2026-08-21T14:49:03.753,horizontal,23.65,26.15,1,2,0.8271440828199519,TempBand+Watershed+Merge+ClustSml+ShapeGate+MinPeaks+P-Filter+EquipRej+SkinPrio+Omega+OmScale+OmSplit+OmRot+FarField+Kalman+StaticSup,run2 pfilter4
cap_000013,2026-08-21T14:49:03.847,horizontal,23.65,26.15,1,2,0.8788896762713871,TempBand+Watershed+Merge+ClustSml+ShapeGate+MinPeaks+P-Filter+EquipRej+SkinPrio+Omega+OmScale+OmSplit+OmRot+FarField+Kalman+StaticSup,run2 pfilter4
cap_000014,2026-08-21T14:49:03.973,horizontal,23.65,26.15,1,2,0.8592589080089841,TempBand+Watershed+Merge+ClustSml+ShapeGate+MinPeaks+P-Filter+EquipRej+SkinPrio+Omega+OmScale+OmSplit+OmRot+FarField+Kalman+StaticSup,run2 pfilter4
cap_000015,2026-08-21T14:49:04.066,horizontal,23.62,26.12,1,1,0.9644620438911394,TempBand+Watershed+Merge+ClustSml+ShapeGate+MinPeaks+P-Filter+EquipRej+SkinPrio+Omega+OmScale+OmSplit+OmRot+FarField+Kalman+StaticSup,run2 pfilter4
cap_000016,2026-08-21T14:49:04.194,horizontal,23.62,26.12,1,1,0.7710176414129789,TempBand+Watershed+Merge+ClustSml+ShapeGate+MinPeaks+P-Filter+EquipRej+SkinPrio+Omega+OmScale+OmSplit+OmRot+FarField+Kalman+StaticSup,run2 pfilter4
cap_000017,2026-08-21T14:49:04.296,horizontal,23.65,26.15,1,2,0.9818336264600027,TempBand+Watershed+Merge+ClustSml+ShapeGate+MinPeaks+P-Filter+EquipRej+SkinPrio+Omega+OmScale+OmSplit+OmRot+FarField+Kalman+StaticSup,run2 pfilter4
cap_000018,2026-08-21T14:49:04.425,horizontal,23.65,26.15,1,1,0.8840902069002111,TempBand+Watershed+Merge+ClustSml+ShapeGate+MinPeaks+P-Filter+EquipRej+SkinPrio+Omega+OmScale+OmSplit+OmRot+FarField+Kalman+StaticSup,run2 pfilter4
cap_000019,2026-08-21T14:49:04.556,horizontal,23.65,26.15,1,1,0.9265382147994785,TempBand+Watershed+Merge+ClustSml+ShapeGate+MinPeaks+P-Filter+EquipRej+SkinPrio+Omega+OmScale+OmSplit+OmRot+FarField+Kalman+StaticSup,run2 pfilter4
cap_000020,2026-08-21T14:49:04.646,horizontal,23.62,26.12,1,1,0.9494650424361163,TempBand+Watershed+Merge+ClustSml+ShapeGate+MinPeaks+P-Filter+EquipRej+SkinPrio+Omega+OmScale+OmSplit+OmRot+FarField+Kalman+StaticSup,run2 pfilter4
cap_000021,2026-08-21T14:49:04.784,horizontal,23.62,26.12,1,1,0.9202402094136227,TempBand+Watershed+Merge+ClustSml+ShapeGate+MinPeaks+P-Filter+EquipRej+SkinPrio+Omega+OmScale+OmSplit+OmRot+FarField+Kalman+StaticSup,run2 pfilter4
cap_000022,2026-08-21T14:49:04.871,horizontal,23.62,26.12,1,1,0.9941036103766476,TempBand+Watershed+Merge+ClustSml+ShapeGate+MinPeaks+P-Filter+EquipRej+SkinPrio+Omega+OmScale+OmSplit+OmRot+FarField+Kalman+StaticSup,run2 pfilter4
cap_000023,2026-08-21T14:49:05.005,horizontal,23.60,26.10,1,1,0.845462517897429,TempBand+Watershed+Merge+ClustSml+ShapeGate+MinPeaks+P-Filter+EquipRej+SkinPrio+Omega+OmScale+OmSplit+OmRot+FarField+Kalman+StaticSup,run2 pfilter4
cap_000024,2026-08-21T14:49:05.095,horizontal,23.62,26.12,1,1,0.804870058972648,TempBand+Watershed+Merge+ClustSml+ShapeGate+MinPeaks+P-Filter+EquipRej+SkinPrio+Omega+OmScale+OmSplit+OmRot+FarField+Kalman+StaticSup,run2 pfilter4
cap_000025,2026-08-21T14:49:05.224,horizontal,23.62,26.12,1,1,0.8758665771545587,TempBand+Watershed+Merge+ClustSml+ShapeGate+MinPeaks+P-Filter+EquipRej+SkinPrio+Omega+OmScale+OmSplit+OmRot+FarField+Kalman+StaticSup,run2 pfilter4
cap_000026,2026-08-21T14:49:05.355,horizontal,23.58,26.08,1,1,0.07604020137395108,TempBand+Watershed+Merge+ClustSml+ShapeGate+MinPeaks+P-Filter+EquipRej+SkinPrio+Omega+OmScale+OmSplit+OmRot+FarField+Kalman+StaticSup,run2 pfilter4
cap_000027,2026-08-21T14:49:05.446,horizontal,23.58,26.08,1,1,0.15967120965762216,TempBand+Watershed+Merge+ClustSml+ShapeGate+MinPeaks+P-Filter+EquipRej+SkinPrio+Omega+OmScale+OmSplit+OmRot+FarField+Kalman+StaticSup,run2 pfilter4
cap_000028,2026-08-21T14:49:05.577,horizontal,23.53,26.03,1,0,0.0,TempBand+Watershed+Merge+ClustSml+ShapeGate+MinPeaks+P-Filter+EquipRej+SkinPrio+Omega+OmScale+OmSplit+OmRot+FarField+Kalman+StaticSup,run2 pfilter4
cap_000029,2026-08-21T14:49:05.671,horizontal,23.53,26.03,1,1,0.9456185627815016,TempBand+Watershed+Merge+ClustSml+ShapeGate+MinPeaks+P-Filter+EquipRej+SkinPrio+Omega+OmScale+OmSplit+OmRot+FarField+Kalman+StaticSup,run2 pfilter4
cap_000030,2026-08-21T14:49:05.801,horizontal,23.51,26.01,1,1,0.8407788563526281,TempBand+Watershed+Merge+ClustSml+ShapeGate+MinPeaks+P-Filter+EquipRej+SkinPrio+Omega+OmScale+OmSplit+OmRot+FarField+Kalman+StaticSup,run2 pfilter4
cap_000031,2026-08-21T14:49:05.897,horizontal,23.51,26.01,1,1,0.8885336827167456,TempBand+Watershed+Merge+ClustSml+ShapeGate+MinPeaks+P-Filter+EquipRej+SkinPrio+Omega+OmScale+OmSplit+OmRot+FarField+Kalman+StaticSup,run2 pfilter4
cap_000032,2026-08-21T14:49:06.028,horizontal,23.51,26.01,1,2,0.8946144093223257,TempBand+Watershed+Merge+ClustSml+ShapeGate+MinPeaks+P-Filter+EquipRej+SkinPrio+Omega+OmScale+OmSplit+OmRot+FarField+Kalman+StaticSup,run2 pfilter4
cap_000033,2026-08-21T14:49:06.119,horizontal,23.51,26.01,1,2,0.9513873181890308,TempBand+Watershed+Merge+ClustSml+ShapeGate+MinPeaks+P-Filter+EquipRej+SkinPrio+Omega+OmScale+OmSplit+OmRot+FarField+Kalman+StaticSup,run2 pfilter4
cap_000034,2026-08-21T14:49:06.246,horizontal,23.51,26.01,1,1,0.9791397544792503,TempBand+Watershed+Merge+ClustSml+ShapeGate+MinPeaks+P-Filter+EquipRej+SkinPrio+Omega+OmScale+OmSplit+OmRot+FarField+Kalman+StaticSup,run2 pfilter4
cap_000035,2026-08-21T14:49:06.376,horizontal,23.48,25.98,1,1,0.9791397544792503,TempBand+Watershed+Merge+ClustSml+ShapeGate+MinPeaks+P-Filter+EquipRej+SkinPrio+Omega+OmScale+OmSplit+OmRot+FarField+Kalman+StaticSup,run2 pfilter4
cap_000036,2026-08-21T14:49:06.470,horizontal,23.48,25.98,1,1,0.9631124493560762,TempBand+Watershed+Merge+ClustSml+ShapeGate+MinPeaks+P-Filter+EquipRej+SkinPrio+Omega+OmScale+OmSplit+OmRot+FarField+Kalman+StaticSup,run2 pfilter4
cap_000037,2026-08-21T14:49:06.601,horizontal,23.46,25.96,1,1,0.9227221069179377,TempBand+Watershed+Merge+ClustSml+ShapeGate+MinPeaks+P-Filter+EquipRej+SkinPrio+Omega+OmScale+OmSplit+OmRot+FarField+Kalman+StaticSup,run2 pfilter4
cap_000038,2026-08-21T14:49:06.695,horizontal,23.43,25.93,1,1,0.9030457652362915,TempBand+Watershed+Merge+ClustSml+ShapeGate+MinPeaks+P-Filter+EquipRej+SkinPrio+Omega+OmScale+OmSplit+OmRot+FarField+Kalman+StaticSup,run2 pfilter4
cap_000039,2026-08-21T14:49:06.827,horizontal,23.41,25.91,1,2,0.8907084459235808,TempBand+Watershed+Merge+ClustSml+ShapeGate+MinPeaks+P-Filter+EquipRej+SkinPrio+Omega+OmScale+OmSplit+OmRot+FarField+Kalman+StaticSup,run2 pfilter4
cap_000040,2026-08-21T14:49:06.922,horizontal,23.41,25.91,1,2,0.9853566328486227,TempBand+Watershed+Merge+ClustSml+ShapeGate+MinPeaks+P-Filter+EquipRej+SkinPrio+Omega+OmScale+OmSplit+OmRot+FarField+Kalman+StaticSup,run2 pfilter4
cap_000041,2026-08-21T14:49:07.052,horizontal,23.39,25.89,1,2,0.8847433120624959,TempBand+Watershed+Merge+ClustSml+ShapeGate+MinPeaks+P-Filter+EquipRej+SkinPrio+Omega+OmScale+OmSplit+OmRot+FarField+Kalman+StaticSup,run2 pfilter4
cap_000042,2026-08-21T14:49:07.175,horizontal,23.39,25.89,1,2,0.6247400226506654,TempBand+Watershed+Merge+ClustSml+ShapeGate+MinPeaks+P-Filter+EquipRej+SkinPrio+Omega+OmScale+OmSplit+OmRot+FarField+Kalman+StaticSup,run2 pfilter4
cap_000043,2026-08-21T14:49:07.272,horizontal,23.39,25.89,1,2,0.6349948229199281,TempBand+Watershed+Merge+ClustSml+ShapeGate+MinPeaks+P-Filter+EquipRej+SkinPrio+Omega+OmScale+OmSplit+OmRot+FarField+Kalman+StaticSup,run2 pfilter4
cap_000044,2026-08-21T14:49:07.404,horizontal,23.39,25.89,1,2,0.8685500496986509,TempBand+Watershed+Merge+ClustSml+ShapeGate+MinPeaks+P-Filter+EquipRej+SkinPrio+Omega+OmScale+OmSplit+OmRot+FarField+Kalman+StaticSup,run2 pfilter4
cap_000045,2026-08-21T14:49:07.494,horizontal,23.39,25.89,1,1,0.8819865277962633,TempBand+Watershed+Merge+ClustSml+ShapeGate+MinPeaks+P-Filter+EquipRej+SkinPrio+Omega+OmScale+OmSplit+OmRot+FarField+Kalman+StaticSup,run2 pfilter4
cap_000046,2026-08-21T14:49:07.627,horizontal,23.36,25.86,1,1,0.989638363081975,TempBand+Watershed+Merge+ClustSml+ShapeGate+MinPeaks+P-Filter+EquipRej+SkinPrio+Omega+OmScale+OmSplit+OmRot+FarField+Kalman+StaticSup,run2 pfilter4
cap_000047,2026-08-21T14:49:07.718,horizontal,23.36,25.86,0,0,0.0,TempBand+Watershed+Merge+ClustSml+ShapeGate+MinPeaks+P-Filter+EquipRej+SkinPrio+Omega+OmScale+OmSplit+OmRot+FarField+Kalman+StaticSup,run2 pfilter4
cap_000048,2026-08-21T14:49:07.849,horizontal,23.34,25.84,1,0,0.0,TempBand+Watershed+Merge+ClustSml+ShapeGate+MinPeaks+P-Filter+EquipRej+SkinPrio+Omega+OmScale+OmSplit+OmRot+FarField+Kalman+StaticSup,run2 pfilter4
cap_000049,2026-08-21T14:49:07.943,horizontal,23.34,25.84,1,0,0.0,TempBand+Watershed+Merge+ClustSml+ShapeGate+MinPeaks+P-Filter+EquipRej+SkinPrio+Omega+OmScale+OmSplit+OmRot+FarField+Kalman+StaticSup,run2 pfilter4
cap_000050,2026-08-21T14:49:08.074,horizontal,23.34,25.84,1,0,0.0,TempBand+Watershed+Merge+ClustSml+ShapeGate+MinPeaks+P-Filter+EquipRej+SkinPrio+Omega+OmScale+OmSplit+OmRot+FarField+Kalman+StaticSup,run2 pfilter4
cap_000051,2026-08-21T14:49:08.202,horizontal,23.34,25.84,1,0,0.0,TempBand+Watershed+Merge+ClustSml+ShapeGate+MinPeaks+P-Filter+EquipRej+SkinPrio+Omega+OmScale+OmSplit+OmRot+FarField+Kalman+StaticSup,run2 pfilter4
cap_000052,2026-08-21T14:49:08.297,horizontal,23.36,25.86,0,0,0.0,TempBand+Watershed+Merge+ClustSml+ShapeGate+MinPeaks+P-Filter+EquipRej+SkinPrio+Omega+OmScale+OmSplit+OmRot+FarField+Kalman+StaticSup,run2 pfilter4
cap_000053,2026-08-21T14:49:08.425,horizontal,23.41,25.91,0,0,0.0,TempBand+Watershed+Merge+ClustSml+ShapeGate+MinPeaks+P-Filter+EquipRej+SkinPrio+Omega+OmScale+OmSplit+OmRot+FarField+Kalman+StaticSup,run2 pfilter4
cap_000054,2026-08-21T14:49:08.518,horizontal,23.43,25.93,0,0,0.0,TempBand+Watershed+Merge+ClustSml+ShapeGate+MinPeaks+P-Filter+EquipRej+SkinPrio+Omega+OmScale+OmSplit+OmRot+FarField+Kalman+StaticSup,run2 pfilter4
cap_000055,2026-08-21T14:49:08.649,horizontal,23.43,25.93,0,0,0.0,TempBand+Watershed+Merge+ClustSml+ShapeGate+MinPeaks+P-Filter+EquipRej+SkinPrio+Omega+OmScale+OmSplit+OmRot+FarField+Kalman+StaticSup,run2 pfilter4
cap_000056,2026-08-21T14:49:08.745,horizontal,23.43,25.93,0,0,0.0,TempBand+Watershed+Merge+ClustSml+ShapeGate+MinPeaks+P-Filter+EquipRej+SkinPrio+Omega+OmScale+OmSplit+OmRot+FarField+Kalman+StaticSup,run2 pfilter4
cap_000057,2026-08-21T14:49:08.872,horizontal,23.41,25.91,0,0,0.0,TempBand+Watershed+Merge+ClustSml+ShapeGate+MinPeaks+P-Filter+EquipRej+SkinPrio+Omega+OmScale+OmSplit+OmRot+FarField+Kalman+StaticSup,run2 pfilter4
cap_000058,2026-08-21T14:49:08.973,horizontal,23.39,25.89,0,0,0.0,TempBand+Watershed+Merge+ClustSml+ShapeGate+MinPeaks+P-Filter+EquipRej+SkinPrio+Omega+OmScale+OmSplit+OmRot+FarField+Kalman+StaticSup,run2 pfilter4
cap_000059,2026-08-21T14:49:09.095,horizontal,23.36,25.86,0,0,0.0,TempBand+Watershed+Merge+ClustSml+ShapeGate+MinPeaks+P-Filter+EquipRej+SkinPrio+Omega+OmScale+OmSplit+OmRot+FarField+Kalman+StaticSup,run2 pfilter4
cap_000060,2026-08-21T14:49:09.224,horizontal,23.39,25.89,0,0,0.0,TempBand+Watershed+Merge+ClustSml+ShapeGate+MinPeaks+P-Filter+EquipRej+SkinPrio+Omega+OmScale+OmSplit+OmRot+FarField+Kalman+StaticSup,run2 pfilter4
cap_000061,2026-08-21T14:49:09.319,horizontal,23.39,25.89,0,0,0.0,TempBand+Watershed+Merge+ClustSml+ShapeGate+MinPeaks+P-Filter+EquipRej+SkinPrio+Omega+OmScale+OmSplit+OmRot+FarField+Kalman+StaticSup,run2 pfilter4
cap_000062,2026-08-21T14:49:09.455,horizontal,23.36,25.86,0,0,0.0,TempBand+Watershed+Merge+ClustSml+ShapeGate+MinPeaks+P-Filter+EquipRej+SkinPrio+Omega+OmScale+OmSplit+OmRot+FarField+Kalman+StaticSup,run2 pfilter4
cap_000063,2026-08-21T14:49:09.542,horizontal,23.36,25.86,0,0,0.0,TempBand+Watershed+Merge+ClustSml+ShapeGate+MinPeaks+P-Filter+EquipRej+SkinPrio+Omega+OmScale+OmSplit+OmRot+FarField+Kalman+StaticSup,run2 pfilter4
cap_000064,2026-08-21T14:49:09.672,horizontal,23.39,25.89,0,0,0.0,TempBand+Watershed+Merge+ClustSml+ShapeGate+MinPeaks+P-Filter+EquipRej+SkinPrio+Omega+OmScale+OmSplit+OmRot+FarField+Kalman+StaticSup,run2 pfilter4
cap_000065,2026-08-21T14:49:09.771,horizontal,23.39,25.89,0,0,0.0,TempBand+Watershed+Merge+ClustSml+ShapeGate+MinPeaks+P-Filter+EquipRej+SkinPrio+Omega+OmScale+OmSplit+OmRot+FarField+Kalman+StaticSup,run2 pfilter4
cap_000066,2026-08-21T14:49:09.893,horizontal,23.36,25.86,0,0,0.0,TempBand+Watershed+Merge+ClustSml+ShapeGate+MinPeaks+P-Filter+EquipRej+SkinPrio+Omega+OmScale+OmSplit+OmRot+FarField+Kalman+StaticSup,run2 pfilter4
cap_000067,2026-08-21T14:49:10.023,horizontal,23.39,25.89,0,0,0.0,TempBand+Watershed+Merge+ClustSml+ShapeGate+MinPeaks+P-Filter+EquipRej+SkinPrio+Omega+OmScale+OmSplit+OmRot+FarField+Kalman+StaticSup,run2 pfilter4
cap_000068,2026-08-21T14:49:10.117,horizontal,23.39,25.89,0,0,0.0,TempBand+Watershed+Merge+ClustSml+ShapeGate+MinPeaks+P-Filter+EquipRej+SkinPrio+Omega+OmScale+OmSplit+OmRot+FarField+Kalman+StaticSup,run2 pfilter4
cap_000069,2026-08-21T14:49:10.244,horizontal,23.39,25.89,0,0,0.0,TempBand+Watershed+Merge+ClustSml+ShapeGate+MinPeaks+P-Filter+EquipRej+SkinPrio+Omega+OmScale+OmSplit+OmRot+FarField+Kalman+StaticSup,run2 pfilter4
cap_000070,2026-08-21T14:49:10.337,horizontal,23.39,25.89,0,0,0.0,TempBand+Watershed+Merge+ClustSml+ShapeGate+MinPeaks+P-Filter+EquipRej+SkinPrio+Omega+OmScale+OmSplit+OmRot+FarField+Kalman+StaticSup,run2 pfilter4
cap_000071,2026-08-21T14:49:10.472,horizontal,23.36,25.86,1,2,0.7612094241292656,TempBand+Watershed+Merge+ClustSml+ShapeGate+MinPeaks+P-Filter+EquipRej+SkinPrio+Omega+OmScale+OmSplit+OmRot+FarField+Kalman+StaticSup,run2 pfilter4
cap_000072,2026-08-21T14:49:10.568,horizontal,23.39,25.89,0,0,0.0,TempBand+Watershed+Merge+ClustSml+ShapeGate+MinPeaks+P-Filter+EquipRej+SkinPrio+Omega+OmScale+OmSplit+OmRot+FarField+Kalman+StaticSup,run2 pfilter4
cap_000073,2026-08-21T14:49:10.697,horizontal,23.39,25.89,1,1,0.9029236923534738,TempBand+Watershed+Merge+ClustSml+ShapeGate+MinPeaks+P-Filter+EquipRej+SkinPrio+Omega+OmScale+OmSplit+OmRot+FarField+Kalman+StaticSup,run2 pfilter4
cap_000074,2026-08-21T14:49:10.794,horizontal,23.39,25.89,1,1,0.8893554710690141,TempBand+Watershed+Merge+ClustSml+ShapeGate+MinPeaks+P-Filter+EquipRej+SkinPrio+Omega+OmScale+OmSplit+OmRot+FarField+Kalman+StaticSup,run2 pfilter4
cap_000075,2026-08-21T14:49:10.919,horizontal,23.39,25.89,0,0,0.0,TempBand+Watershed+Merge+ClustSml+ShapeGate+MinPeaks+P-Filter+EquipRej+SkinPrio+Omega+OmScale+OmSplit+OmRot+FarField+Kalman+StaticSup,run2 pfilter4
cap_000076,2026-08-21T14:49:11.049,horizontal,23.36,25.86,0,0,0.0,TempBand+Watershed+Merge+ClustSml+ShapeGate+MinPeaks+P-Filter+EquipRej+SkinPrio+Omega+OmScale+OmSplit+OmRot+FarField+Kalman+StaticSup,run2 pfilter4
cap_000077,2026-08-21T14:49:11.147,horizontal,23.34,25.84,0,0,0.0,TempBand+Watershed+Merge+ClustSml+ShapeGate+MinPeaks+P-Filter+EquipRej+SkinPrio+Omega+OmScale+OmSplit+OmRot+FarField+Kalman+StaticSup,run2 pfilter4
cap_000078,2026-08-21T14:49:11.267,horizontal,23.34,25.84,0,0,0.0,TempBand+Watershed+Merge+ClustSml+ShapeGate+MinPeaks+P-Filter+EquipRej+SkinPrio+Omega+OmScale+OmSplit+OmRot+FarField+Kalman+StaticSup,run2 pfilter4
cap_000079,2026-08-21T14:49:11.360,horizontal,23.34,25.84,0,0,0.0,TempBand+Watershed+Merge+ClustSml+ShapeGate+MinPeaks+P-Filter+EquipRej+SkinPrio+Omega+OmScale+OmSplit+OmRot+FarField+Kalman+StaticSup,run2 pfilter4
cap_000080,2026-08-21T14:49:11.492,horizontal,23.29,25.79,0,0,0.0,TempBand+Watershed+Merge+ClustSml+ShapeGate+MinPeaks+P-Filter+EquipRej+SkinPrio+Omega+OmScale+OmSplit+OmRot+FarField+Kalman+StaticSup,run2 pfilter4
cap_000081,2026-08-21T14:49:11.589,horizontal,23.29,25.79,0,0,0.0,TempBand+Watershed+Merge+ClustSml+ShapeGate+MinPeaks+P-Filter+EquipRej+SkinPrio+Omega+OmScale+OmSplit+OmRot+FarField+Kalman+StaticSup,run2 pfilter4
cap_000082,2026-08-21T14:49:11.720,horizontal,23.32,25.82,0,0,0.0,TempBand+Watershed+Merge+ClustSml+ShapeGate+MinPeaks+P-Filter+EquipRej+SkinPrio+Omega+OmScale+OmSplit+OmRot+FarField+Kalman+StaticSup,run2 pfilter4
cap_000083,2026-08-21T14:49:11.848,horizontal,23.32,25.82,0,0,0.0,TempBand+Watershed+Merge+ClustSml+ShapeGate+MinPeaks+P-Filter+EquipRej+SkinPrio+Omega+OmScale+OmSplit+OmRot+FarField+Kalman+StaticSup,run2 pfilter4
cap_000084,2026-08-21T14:49:11.944,horizontal,23.32,25.82,0,0,0.0,TempBand+Watershed+Merge+ClustSml+ShapeGate+MinPeaks+P-Filter+EquipRej+SkinPrio+Omega+OmScale+OmSplit+OmRot+FarField+Kalman+StaticSup,run2 pfilter4
cap_000085,2026-08-21T14:49:12.071,horizontal,23.32,25.82,0,0,0.0,TempBand+Watershed+Merge+ClustSml+ShapeGate+MinPeaks+P-Filter+EquipRej+SkinPrio+Omega+OmScale+OmSplit+OmRot+FarField+Kalman+StaticSup,run2 pfilter4
cap_000086,2026-08-21T14:49:12.167,horizontal,23.32,25.82,0,0,0.0,TempBand+Watershed+Merge+ClustSml+ShapeGate+MinPeaks+P-Filter+EquipRej+SkinPrio+Omega+OmScale+OmSplit+OmRot+FarField+Kalman+StaticSup,run2 pfilter4
cap_000087,2026-08-21T14:49:12.298,horizontal,23.29,25.79,0,0,0.0,TempBand+Watershed+Merge+ClustSml+ShapeGate+MinPeaks+P-Filter+EquipRej+SkinPrio+Omega+OmScale+OmSplit+OmRot+FarField+Kalman+StaticSup,run2 pfilter4
cap_000088,2026-08-21T14:49:12.393,horizontal,23.29,25.79,0,0,0.0,TempBand+Watershed+Merge+ClustSml+ShapeGate+MinPeaks+P-Filter+EquipRej+SkinPrio+Omega+OmScale+OmSplit+OmRot+FarField+Kalman+StaticSup,run2 pfilter4
cap_000089,2026-08-21T14:49:12.517,horizontal,23.29,25.79,0,0,0.0,TempBand+Watershed+Merge+ClustSml+ShapeGate+MinPeaks+P-Filter+EquipRej+SkinPrio+Omega+OmScale+OmSplit+OmRot+FarField+Kalman+StaticSup,run2 pfilter4
cap_000090,2026-08-21T14:49:12.615,horizontal,23.29,25.79,0,0,0.0,TempBand+Watershed+Merge+ClustSml+ShapeGate+MinPeaks+P-Filter+EquipRej+SkinPrio+Omega+OmScale+OmSplit+OmRot+FarField+Kalman+StaticSup,run2 pfilter4
cap_000091,2026-08-21T14:49:12.741,horizontal,23.29,25.79,0,0,0.0,TempBand+Watershed+Merge+ClustSml+ShapeGate+MinPeaks+P-Filter+EquipRej+SkinPrio+Omega+OmScale+OmSplit+OmRot+FarField+Kalman+StaticSup,run2 pfilter4
cap_000092,2026-08-21T14:49:12.872,horizontal,23.29,25.79,0,0,0.0,TempBand+Watershed+Merge+ClustSml+ShapeGate+MinPeaks+P-Filter+EquipRej+SkinPrio+Omega+OmScale+OmSplit+OmRot+FarField+Kalman+StaticSup,run2 pfilter4
cap_000093,2026-08-21T14:49:12.972,horizontal,23.27,25.77,0,0,0.0,TempBand+Watershed+Merge+ClustSml+ShapeGate+MinPeaks+P-Filter+EquipRej+SkinPrio+Omega+OmScale+OmSplit+OmRot+FarField+Kalman+StaticSup,run2 pfilter4
cap_000094,2026-08-21T14:49:13.097,horizontal,23.27,25.77,1,1,0.8433543260137197,TempBand+Watershed+Merge+ClustSml+ShapeGate+MinPeaks+P-Filter+EquipRej+SkinPrio+Omega+OmScale+OmSplit+OmRot+FarField+Kalman+StaticSup,run2 pfilter4
cap_000095,2026-08-21T14:49:13.192,horizontal,23.27,25.77,1,2,0.8481515059369987,TempBand+Watershed+Merge+ClustSml+ShapeGate+MinPeaks+P-Filter+EquipRej+SkinPrio+Omega+OmScale+OmSplit+OmRot+FarField+Kalman+StaticSup,run2 pfilter4
cap_000096,2026-08-21T14:49:13.318,horizontal,23.27,25.77,1,1,0.9528808618596577,TempBand+Watershed+Merge+ClustSml+ShapeGate+MinPeaks+P-Filter+EquipRej+SkinPrio+Omega+OmScale+OmSplit+OmRot+FarField+Kalman+StaticSup,run2 pfilter4
cap_000097,2026-08-21T14:49:13.416,horizontal,23.27,25.77,1,1,0.8318801174965266,TempBand+Watershed+Merge+ClustSml+ShapeGate+MinPeaks+P-Filter+EquipRej+SkinPrio+Omega+OmScale+OmSplit+OmRot+FarField+Kalman+StaticSup,run2 pfilter4
cap_000098,2026-08-21T14:49:13.544,horizontal,23.29,25.79,2,1,0.8318801174965266,TempBand+Watershed+Merge+ClustSml+ShapeGate+MinPeaks+P-Filter+EquipRej+SkinPrio+Omega+OmScale+OmSplit+OmRot+FarField+Kalman+StaticSup,run2 pfilter4
cap_000099,2026-08-21T14:49:13.674,horizontal,23.29,25.79,2,1,0.8274076437465452,TempBand+Watershed+Merge+ClustSml+ShapeGate+MinPeaks+P-Filter+EquipRej+SkinPrio+Omega+OmScale+OmSplit+OmRot+FarField+Kalman+StaticSup,run2 pfilter4
cap_000100,2026-08-21T14:49:13.768,horizontal,23.32,25.82,1,1,0.7467511176378551,TempBand+Watershed+Merge+ClustSml+ShapeGate+MinPeaks+P-Filter+EquipRej+SkinPrio+Omega+OmScale+OmSplit+OmRot+FarField+Kalman+StaticSup,run2 pfilter4
cap_000101,2026-08-21T14:49:13.896,horizontal,23.29,25.79,1,1,0.7467511176378551,TempBand+Watershed+Merge+ClustSml+ShapeGate+MinPeaks+P-Filter+EquipRej+SkinPrio+Omega+OmScale+OmSplit+OmRot+FarField+Kalman+StaticSup,run2 pfilter4
cap_000102,2026-08-21T14:49:13.994,horizontal,23.32,25.82,1,1,0.7467511176378551,TempBand+Watershed+Merge+ClustSml+ShapeGate+MinPeaks+P-Filter+EquipRej+SkinPrio+Omega+OmScale+OmSplit+OmRot+FarField+Kalman+StaticSup,run2 pfilter4
cap_000103,2026-08-21T14:49:14.121,horizontal,23.32,25.82,1,1,0.7467511176378551,TempBand+Watershed+Merge+ClustSml+ShapeGate+MinPeaks+P-Filter+EquipRej+SkinPrio+Omega+OmScale+OmSplit+OmRot+FarField+Kalman+StaticSup,run2 pfilter4
cap_000104,2026-08-21T14:49:14.214,horizontal,23.32,25.82,1,1,0.7636801416365048,TempBand+Watershed+Merge+ClustSml+ShapeGate+MinPeaks+P-Filter+EquipRej+SkinPrio+Omega+OmScale+OmSplit+OmRot+FarField+Kalman+StaticSup,run2 pfilter4
cap_000105,2026-08-21T14:49:14.346,horizontal,23.32,25.82,1,1,0.7562546522695698,TempBand+Watershed+Merge+ClustSml+ShapeGate+MinPeaks+P-Filter+EquipRej+SkinPrio+Omega+OmScale+OmSplit+OmRot+FarField+Kalman+StaticSup,run2 pfilter4
cap_000106,2026-08-21T14:49:14.438,horizontal,23.34,25.84,1,1,0.9025310764795055,TempBand+Watershed+Merge+ClustSml+ShapeGate+MinPeaks+P-Filter+EquipRej+SkinPrio+Omega+OmScale+OmSplit+OmRot+FarField+Kalman+StaticSup,run2 pfilter4
cap_000107,2026-08-21T14:49:14.572,horizontal,23.34,25.84,1,1,0.8340169656072974,TempBand+Watershed+Merge+ClustSml+ShapeGate+MinPeaks+P-Filter+EquipRej+SkinPrio+Omega+OmScale+OmSplit+OmRot+FarField+Kalman+StaticSup,run2 pfilter4
cap_000108,2026-08-21T14:49:14.697,horizontal,23.34,25.84,0,0,0.0,TempBand+Watershed+Merge+ClustSml+ShapeGate+MinPeaks+P-Filter+EquipRej+SkinPrio+Omega+OmScale+OmSplit+OmRot+FarField+Kalman+StaticSup,run2 pfilter4
cap_000109,2026-08-21T14:49:14.793,horizontal,23.36,25.86,1,0,0.0,TempBand+Watershed+Merge+ClustSml+ShapeGate+MinPeaks+P-Filter+EquipRej+SkinPrio+Omega+OmScale+OmSplit+OmRot+FarField+Kalman+StaticSup,run2 pfilter4
cap_000110,2026-08-21T14:49:14.926,horizontal,23.36,25.86,1,0,0.0,TempBand+Watershed+Merge+ClustSml+ShapeGate+MinPeaks+P-Filter+EquipRej+SkinPrio+Omega+OmScale+OmSplit+OmRot+FarField+Kalman+StaticSup,run2 pfilter4
cap_000111,2026-08-21T14:49:15.014,horizontal,23.39,25.89,1,1,0.9898478033787338,TempBand+Watershed+Merge+ClustSml+ShapeGate+MinPeaks+P-Filter+EquipRej+SkinPrio+Omega+OmScale+OmSplit+OmRot+FarField+Kalman+StaticSup,run2 pfilter4
cap_000112,2026-08-21T14:49:15.142,horizontal,23.39,25.89,1,1,0.8433852475212069,TempBand+Watershed+Merge+ClustSml+ShapeGate+MinPeaks+P-Filter+EquipRej+SkinPrio+Omega+OmScale+OmSplit+OmRot+FarField+Kalman+StaticSup,run2 pfilter4
cap_000113,2026-08-21T14:49:15.240,horizontal,23.39,25.89,1,1,0.9898478033787338,TempBand+Watershed+Merge+ClustSml+ShapeGate+MinPeaks+P-Filter+EquipRej+SkinPrio+Omega+OmScale+OmSplit+OmRot+FarField+Kalman+StaticSup,run2 pfilter4
cap_000114,2026-08-21T14:49:15.362,horizontal,23.41,25.91,2,1,0.9304569351760097,TempBand+Watershed+Merge+ClustSml+ShapeGate+MinPeaks+P-Filter+EquipRej+SkinPrio+Omega+OmScale+OmSplit+OmRot+FarField+Kalman+StaticSup,run2 pfilter4
cap_000115,2026-08-21T14:49:15.460,horizontal,23.39,25.89,2,1,0.9616881555445423,TempBand+Watershed+Merge+ClustSml+ShapeGate+MinPeaks+P-Filter+EquipRej+SkinPrio+Omega+OmScale+OmSplit+OmRot+FarField+Kalman+StaticSup,run2 pfilter4
cap_000116,2026-08-21T14:49:15.588,horizontal,23.36,25.86,2,1,0.9008557573328368,TempBand+Watershed+Merge+ClustSml+ShapeGate+MinPeaks+P-Filter+EquipRej+SkinPrio+Omega+OmScale+OmSplit+OmRot+FarField+Kalman+StaticSup,run2 pfilter4
cap_000117,2026-08-21T14:49:15.719,horizontal,23.34,25.84,2,1,0.881688613559799,TempBand+Watershed+Merge+ClustSml+ShapeGate+MinPeaks+P-Filter+EquipRej+SkinPrio+Omega+OmScale+OmSplit+OmRot+FarField+Kalman+StaticSup,run2 pfilter4
cap_000118,2026-08-21T14:49:15.810,horizontal,23.32,25.82,1,0,0.0,TempBand+Watershed+Merge+ClustSml+ShapeGate+MinPeaks+P-Filter+EquipRej+SkinPrio+Omega+OmScale+OmSplit+OmRot+FarField+Kalman+StaticSup,run2 pfilter4
cap_000119,2026-08-21T14:49:15.942,horizontal,23.29,25.79,1,0,0.0,TempBand+Watershed+Merge+ClustSml+ShapeGate+MinPeaks+P-Filter+EquipRej+SkinPrio+Omega+OmScale+OmSplit+OmRot+FarField+Kalman+StaticSup,run2 pfilter4
cap_000120,2026-08-21T14:49:16.042,horizontal,23.27,25.77,1,0,0.0,TempBand+Watershed+Merge+ClustSml+ShapeGate+MinPeaks+P-Filter+EquipRej+SkinPrio+Omega+OmScale+OmSplit+OmRot+FarField+Kalman+StaticSup,run2 pfilter4
cap_000121,2026-08-21T14:49:16.164,horizontal,23.27,25.77,1,0,0.0,TempBand+Watershed+Merge+ClustSml+ShapeGate+MinPeaks+P-Filter+EquipRej+SkinPrio+Omega+OmScale+OmSplit+OmRot+FarField+Kalman+StaticSup,run2 pfilter4
cap_000122,2026-08-21T14:49:16.264,horizontal,23.27,25.77,2,1,0.9502538912435833,TempBand+Watershed+Merge+ClustSml+ShapeGate+MinPeaks+P-Filter+EquipRej+SkinPrio+Omega+OmScale+OmSplit+OmRot+FarField+Kalman+StaticSup,run2 pfilter4
cap_000123,2026-08-21T14:49:16.397,horizontal,23.27,25.77,2,1,0.8710660669732857,TempBand+Watershed+Merge+ClustSml+ShapeGate+MinPeaks+P-Filter+EquipRej+SkinPrio+Omega+OmScale+OmSplit+OmRot+FarField+Kalman+StaticSup,run2 pfilter4
cap_000124,2026-08-21T14:49:16.521,horizontal,23.27,25.77,1,1,0.8710660669732857,TempBand+Watershed+Merge+ClustSml+ShapeGate+MinPeaks+P-Filter+EquipRej+SkinPrio+Omega+OmScale+OmSplit+OmRot+FarField+Kalman+StaticSup,run2 pfilter4
cap_000125,2026-08-21T14:49:16.616,horizontal,23.27,25.77,1,1,0.7858528946946025,TempBand+Watershed+Merge+ClustSml+ShapeGate+MinPeaks+P-Filter+EquipRej+SkinPrio+Omega+OmScale+OmSplit+OmRot+FarField+Kalman+StaticSup,run2 pfilter4
cap_000126,2026-08-21T14:49:16.744,horizontal,23.27,25.77,1,1,0.7858528946946025,TempBand+Watershed+Merge+ClustSml+ShapeGate+MinPeaks+P-Filter+EquipRej+SkinPrio+Omega+OmScale+OmSplit+OmRot+FarField+Kalman+StaticSup,run2 pfilter4
cap_000127,2026-08-21T14:49:16.837,horizontal,23.29,25.79,1,1,0.8710660669732857,TempBand+Watershed+Merge+ClustSml+ShapeGate+MinPeaks+P-Filter+EquipRej+SkinPrio+Omega+OmScale+OmSplit+OmRot+FarField+Kalman+StaticSup,run2 pfilter4
cap_000128,2026-08-21T14:49:16.971,horizontal,23.27,25.77,0,0,0.0,TempBand+Watershed+Merge+ClustSml+ShapeGate+MinPeaks+P-Filter+EquipRej+SkinPrio+Omega+OmScale+OmSplit+OmRot+FarField+Kalman+StaticSup,run2 pfilter4
cap_000129,2026-08-21T14:49:17.062,horizontal,23.27,25.77,2,1,0.9502538912435833,TempBand+Watershed+Merge+ClustSml+ShapeGate+MinPeaks+P-Filter+EquipRej+SkinPrio+Omega+OmScale+OmSplit+OmRot+FarField+Kalman+StaticSup,run2 pfilter4
cap_000130,2026-08-21T14:49:17.188,horizontal,23.27,25.77,1,0,0.0,TempBand+Watershed+Merge+ClustSml+ShapeGate+MinPeaks+P-Filter+EquipRej+SkinPrio+Omega+OmScale+OmSplit+OmRot+FarField+Kalman+StaticSup,run2 pfilter4
cap_000131,2026-08-21T14:49:17.286,horizontal,23.24,25.74,1,0,0.0,TempBand+Watershed+Merge+ClustSml+ShapeGate+MinPeaks+P-Filter+EquipRej+SkinPrio+Omega+OmScale+OmSplit+OmRot+FarField+Kalman+StaticSup,run2 pfilter4
cap_000132,2026-08-21T14:49:17.419,horizontal,23.24,25.74,2,1,0.879633951892137,TempBand+Watershed+Merge+ClustSml+ShapeGate+MinPeaks+P-Filter+EquipRej+SkinPrio+Omega+OmScale+OmSplit+OmRot+FarField+Kalman+StaticSup,run2 pfilter4
cap_000133,2026-08-21T14:49:17.548,horizontal,23.27,25.77,3,1,0.8413706328719237,TempBand+Watershed+Merge+ClustSml+ShapeGate+MinPeaks+P-Filter+EquipRej+SkinPrio+Omega+OmScale+OmSplit+OmRot+FarField+Kalman+StaticSup,run2 pfilter4
cap_000134,2026-08-21T14:49:17.637,horizontal,23.29,25.79,2,1,0.8571931109832502,TempBand+Watershed+Merge+ClustSml+ShapeGate+MinPeaks+P-Filter+EquipRej+SkinPrio+Omega+OmScale+OmSplit+OmRot+FarField+Kalman+StaticSup,run2 pfilter4
cap_000135,2026-08-21T14:49:17.768,horizontal,23.32,25.82,1,0,0.0,TempBand+Watershed+Merge+ClustSml+ShapeGate+MinPeaks+P-Filter+EquipRej+SkinPrio+Omega+OmScale+OmSplit+OmRot+FarField+Kalman+StaticSup,run2 pfilter4
cap_000136,2026-08-21T14:49:17.859,horizontal,23.32,25.82,1,0,0.0,TempBand+Watershed+Merge+ClustSml+ShapeGate+MinPeaks+P-Filter+EquipRej+SkinPrio+Omega+OmScale+OmSplit+OmRot+FarField+Kalman+StaticSup,run2 pfilter4
cap_000137,2026-08-21T14:49:17.992,horizontal,23.34,25.84,1,0,0.0,TempBand+Watershed+Merge+ClustSml+ShapeGate+MinPeaks+P-Filter+EquipRej+SkinPrio+Omega+OmScale+OmSplit+OmRot+FarField+Kalman+StaticSup,run2 pfilter4
cap_000138,2026-08-21T14:49:18.088,horizontal,23.34,25.84,1,0,0.0,TempBand+Watershed+Merge+ClustSml+ShapeGate+MinPeaks+P-Filter+EquipRej+SkinPrio+Omega+OmScale+OmSplit+OmRot+FarField+Kalman+StaticSup,run2 pfilter4
cap_000139,2026-08-21T14:49:18.218,horizontal,23.36,25.86,1,0,0.0,TempBand+Watershed+Merge+ClustSml+ShapeGate+MinPeaks+P-Filter+EquipRej+SkinPrio+Omega+OmScale+OmSplit+OmRot+FarField+Kalman+StaticSup,run2 pfilter4
cap_000140,2026-08-21T14:49:18.344,horizontal,23.36,25.86,1,0,0.0,TempBand+Watershed+Merge+ClustSml+ShapeGate+MinPeaks+P-Filter+EquipRej+SkinPrio+Omega+OmScale+OmSplit+OmRot+FarField+Kalman+StaticSup,run2 pfilter4
cap_000141,2026-08-21T14:49:18.442,horizontal,23.36,25.86,1,0,0.0,TempBand+Watershed+Merge+ClustSml+ShapeGate+MinPeaks+P-Filter+EquipRej+SkinPrio+Omega+OmScale+OmSplit+OmRot+FarField+Kalman+StaticSup,run2 pfilter4
cap_000142,2026-08-21T14:49:18.568,horizontal,23.39,25.89,1,0,0.0,TempBand+Watershed+Merge+ClustSml+ShapeGate+MinPeaks+P-Filter+EquipRej+SkinPrio+Omega+OmScale+OmSplit+OmRot+FarField+Kalman+StaticSup,run2 pfilter4
cap_000143,2026-08-21T14:49:18.663,horizontal,23.39,25.89,1,0,0.0,TempBand+Watershed+Merge+ClustSml+ShapeGate+MinPeaks+P-Filter+EquipRej+SkinPrio+Omega+OmScale+OmSplit+OmRot+FarField+Kalman+StaticSup,run2 pfilter4
cap_000144,2026-08-21T14:49:18.792,horizontal,23.39,25.89,1,0,0.0,TempBand+Watershed+Merge+ClustSml+ShapeGate+MinPeaks+P-Filter+EquipRej+SkinPrio+Omega+OmScale+OmSplit+OmRot+FarField+Kalman+StaticSup,run2 pfilter4
cap_000145,2026-08-21T14:49:18.888,horizontal,23.39,25.89,1,0,0.0,TempBand+Watershed+Merge+ClustSml+ShapeGate+MinPeaks+P-Filter+EquipRej+SkinPrio+Omega+OmScale+OmSplit+OmRot+FarField+Kalman+StaticSup,run2 pfilter4
cap_000146,2026-08-21T14:49:19.016,horizontal,23.39,25.89,1,0,0.0,TempBand+Watershed+Merge+ClustSml+ShapeGate+MinPeaks+P-Filter+EquipRej+SkinPrio+Omega+OmScale+OmSplit+OmRot+FarField+Kalman+StaticSup,run2 pfilter4
cap_000147,2026-08-21T14:49:19.113,horizontal,23.39,25.89,1,0,0.0,TempBand+Watershed+Merge+ClustSml+ShapeGate+MinPeaks+P-Filter+EquipRej+SkinPrio+Omega+OmScale+OmSplit+OmRot+FarField+Kalman+StaticSup,run2 pfilter4
cap_000148,2026-08-21T14:49:19.239,horizontal,23.39,25.89,1,0,0.0,TempBand+Watershed+Merge+ClustSml+ShapeGate+MinPeaks+P-Filter+EquipRej+SkinPrio+Omega+OmScale+OmSplit+OmRot+FarField+Kalman+StaticSup,run2 pfilter4
cap_000149,2026-08-21T14:49:19.367,horizontal,23.36,25.86,1,0,0.0,TempBand+Watershed+Merge+ClustSml+ShapeGate+MinPeaks+P-Filter+EquipRej+SkinPrio+Omega+OmScale+OmSplit+OmRot+FarField+Kalman+StaticSup,run2 pfilter4
cap_000150,2026-08-21T14:49:19.464,horizontal,23.36,25.86,1,0,0.0,TempBand+Watershed+Merge+ClustSml+ShapeGate+MinPeaks+P-Filter+EquipRej+SkinPrio+Omega+OmScale+OmSplit+OmRot+FarField+Kalman+StaticSup,run2 pfilter4
cap_000151,2026-08-21T14:49:19.594,horizontal,23.36,25.86,1,0,0.0,TempBand+Watershed+Merge+ClustSml+ShapeGate+MinPeaks+P-Filter+EquipRej+SkinPrio+Omega+OmScale+OmSplit+OmRot+FarField+Kalman+StaticSup,run2 pfilter4
cap_000152,2026-08-21T14:49:19.688,horizontal,23.39,25.89,0,0,0.0,TempBand+Watershed+Merge+ClustSml+ShapeGate+MinPeaks+P-Filter+EquipRej+SkinPrio+Omega+OmScale+OmSplit+OmRot+FarField+Kalman+StaticSup,run2 pfilter4
cap_000153,2026-08-21T14:49:19.819,horizontal,23.39,25.89,0,0,0.0,TempBand+Watershed+Merge+ClustSml+ShapeGate+MinPeaks+P-Filter+EquipRej+SkinPrio+Omega+OmScale+OmSplit+OmRot+FarField+Kalman+StaticSup,run2 pfilter4
cap_000154,2026-08-21T14:49:19.912,horizontal,23.39,25.89,0,0,0.0,TempBand+Watershed+Merge+ClustSml+ShapeGate+MinPeaks+P-Filter+EquipRej+SkinPrio+Omega+OmScale+OmSplit+OmRot+FarField+Kalman+StaticSup,run2 pfilter4
cap_000155,2026-08-21T14:49:20.042,horizontal,23.39,25.89,0,0,0.0,TempBand+Watershed+Merge+ClustSml+ShapeGate+MinPeaks+P-Filter+EquipRej+SkinPrio+Omega+OmScale+OmSplit+OmRot+FarField+Kalman+StaticSup,run2 pfilter4
cap_000156,2026-08-21T14:49:20.166,horizontal,23.39,25.89,0,0,0.0,TempBand+Watershed+Merge+ClustSml+ShapeGate+MinPeaks+P-Filter+EquipRej+SkinPrio+Omega+OmScale+OmSplit+OmRot+FarField+Kalman+StaticSup,run2 pfilter4
cap_000157,2026-08-21T14:49:20.257,horizontal,23.41,25.91,0,0,0.0,TempBand+Watershed+Merge+ClustSml+ShapeGate+MinPeaks+P-Filter+EquipRej+SkinPrio+Omega+OmScale+OmSplit+OmRot+FarField+Kalman+StaticSup,run2 pfilter4
cap_000158,2026-08-21T14:49:20.386,horizontal,23.41,25.91,0,0,0.0,TempBand+Watershed+Merge+ClustSml+ShapeGate+MinPeaks+P-Filter+EquipRej+SkinPrio+Omega+OmScale+OmSplit+OmRot+FarField+Kalman+StaticSup,run2 pfilter4
cap_000159,2026-08-21T14:49:20.483,horizontal,23.41,25.91,0,0,0.0,TempBand+Watershed+Merge+ClustSml+ShapeGate+MinPeaks+P-Filter+EquipRej+SkinPrio+Omega+OmScale+OmSplit+OmRot+FarField+Kalman+StaticSup,run2 pfilter4
cap_000160,2026-08-21T14:49:20.621,horizontal,23.41,25.91,1,0,0.0,TempBand+Watershed+Merge+ClustSml+ShapeGate+MinPeaks+P-Filter+EquipRej+SkinPrio+Omega+OmScale+OmSplit+OmRot+FarField+Kalman+StaticSup,run2 pfilter4
cap_000161,2026-08-21T14:49:20.712,horizontal,23.41,25.91,1,0,0.0,TempBand+Watershed+Merge+ClustSml+ShapeGate+MinPeaks+P-Filter+EquipRej+SkinPrio+Omega+OmScale+OmSplit+OmRot+FarField+Kalman+StaticSup,run2 pfilter4
cap_000162,2026-08-21T14:49:20.835,horizontal,23.43,25.93,0,0,0.0,TempBand+Watershed+Merge+ClustSml+ShapeGate+MinPeaks+P-Filter+EquipRej+SkinPrio+Omega+OmScale+OmSplit+OmRot+FarField+Kalman+StaticSup,run2 pfilter4
cap_000163,2026-08-21T14:49:20.933,horizontal,23.48,25.98,0,0,0.0,TempBand+Watershed+Merge+ClustSml+ShapeGate+MinPeaks+P-Filter+EquipRej+SkinPrio+Omega+OmScale+OmSplit+OmRot+FarField+Kalman+StaticSup,run2 pfilter4
cap_000164,2026-08-21T14:49:21.062,horizontal,23.46,25.96,0,0,0.0,TempBand+Watershed+Merge+ClustSml+ShapeGate+MinPeaks+P-Filter+EquipRej+SkinPrio+Omega+OmScale+OmSplit+OmRot+FarField+Kalman+StaticSup,run2 pfilter4
cap_000165,2026-08-21T14:49:21.184,horizontal,23.46,25.96,0,0,0.0,TempBand+Watershed+Merge+ClustSml+ShapeGate+MinPeaks+P-Filter+EquipRej+SkinPrio+Omega+OmScale+OmSplit+OmRot+FarField+Kalman+StaticSup,run2 pfilter4
cap_000166,2026-08-21T14:49:21.284,horizontal,23.43,25.93,1,0,0.0,TempBand+Watershed+Merge+ClustSml+ShapeGate+MinPeaks+P-Filter+EquipRej+SkinPrio+Omega+OmScale+OmSplit+OmRot+FarField+Kalman+StaticSup,run2 pfilter4
cap_000167,2026-08-21T14:49:21.413,horizontal,23.43,25.93,1,0,0.0,TempBand+Watershed+Merge+ClustSml+ShapeGate+MinPeaks+P-Filter+EquipRej+SkinPrio+Omega+OmScale+OmSplit+OmRot+FarField+Kalman+StaticSup,run2 pfilter4
cap_000168,2026-08-21T14:49:21.509,horizontal,23.43,25.93,0,0,0.0,TempBand+Watershed+Merge+ClustSml+ShapeGate+MinPeaks+P-Filter+EquipRej+SkinPrio+Omega+OmScale+OmSplit+OmRot+FarField+Kalman+StaticSup,run2 pfilter4
cap_000169,2026-08-21T14:49:21.635,horizontal,23.43,25.93,2,0,0.0,TempBand+Watershed+Merge+ClustSml+ShapeGate+MinPeaks+P-Filter+EquipRej+SkinPrio+Omega+OmScale+OmSplit+OmRot+FarField+Kalman+StaticSup,run2 pfilter4
cap_000170,2026-08-21T14:49:21.735,horizontal,23.43,25.93,2,0,0.0,TempBand+Watershed+Merge+ClustSml+ShapeGate+MinPeaks+P-Filter+EquipRej+SkinPrio+Omega+OmScale+OmSplit+OmRot+FarField+Kalman+StaticSup,run2 pfilter4
cap_000171,2026-08-21T14:49:21.858,horizontal,23.46,25.96,1,0,0.0,TempBand+Watershed+Merge+ClustSml+ShapeGate+MinPeaks+P-Filter+EquipRej+SkinPrio+Omega+OmScale+OmSplit+OmRot+FarField+Kalman+StaticSup,run2 pfilter4
cap_000172,2026-08-21T14:49:21.956,horizontal,23.46,25.96,1,0,0.0,TempBand+Watershed+Merge+ClustSml+ShapeGate+MinPeaks+P-Filter+EquipRej+SkinPrio+Omega+OmScale+OmSplit+OmRot+FarField+Kalman+StaticSup,run2 pfilter4
cap_000173,2026-08-21T14:49:22.083,horizontal,23.46,25.96,2,0,0.0,TempBand+Watershed+Merge+ClustSml+ShapeGate+MinPeaks+P-Filter+EquipRej+SkinPrio+Omega+OmScale+OmSplit+OmRot+FarField+Kalman+StaticSup,run2 pfilter4
cap_000174,2026-08-21T14:49:22.211,horizontal,23.46,25.96,1,0,0.0,TempBand+Watershed+Merge+ClustSml+ShapeGate+MinPeaks+P-Filter+EquipRej+SkinPrio+Omega+OmScale+OmSplit+OmRot+FarField+Kalman+StaticSup,run2 pfilter4
cap_000175,2026-08-21T14:49:22.306,horizontal,23.46,25.96,1,0,0.0,TempBand+Watershed+Merge+ClustSml+ShapeGate+MinPeaks+P-Filter+EquipRej+SkinPrio+Omega+OmScale+OmSplit+OmRot+FarField+Kalman+StaticSup,run2 pfilter4
cap_000176,2026-08-21T14:49:22.436,horizontal,23.46,25.96,1,0,0.0,TempBand+Watershed+Merge+ClustSml+ShapeGate+MinPeaks+P-Filter+EquipRej+SkinPrio+Omega+OmScale+OmSplit+OmRot+FarField+Kalman+StaticSup,run2 pfilter4
cap_000177,2026-08-21T14:49:22.532,horizontal,23.43,25.93,1,0,0.0,TempBand+Watershed+Merge+ClustSml+ShapeGate+MinPeaks+P-Filter+EquipRej+SkinPrio+Omega+OmScale+OmSplit+OmRot+FarField+Kalman+StaticSup,run2 pfilter4
cap_000178,2026-08-21T14:49:22.660,horizontal,23.43,25.93,1,0,0.0,TempBand+Watershed+Merge+ClustSml+ShapeGate+MinPeaks+P-Filter+EquipRej+SkinPrio+Omega+OmScale+OmSplit+OmRot+FarField+Kalman+StaticSup,run2 pfilter4
cap_000179,2026-08-21T14:49:22.758,horizontal,23.43,25.93,2,0,0.0,TempBand+Watershed+Merge+ClustSml+ShapeGate+MinPeaks+P-Filter+EquipRej+SkinPrio+Omega+OmScale+OmSplit+OmRot+FarField+Kalman+StaticSup,run2 pfilter4
cap_000180,2026-08-21T14:49:22.885,horizontal,23.43,25.93,1,0,0.0,TempBand+Watershed+Merge+ClustSml+ShapeGate+MinPeaks+P-Filter+EquipRej+SkinPrio+Omega+OmScale+OmSplit+OmRot+FarField+Kalman+StaticSup,run2 pfilter4
cap_000181,2026-08-21T14:49:23.012,horizontal,23.43,25.93,1,0,0.0,TempBand+Watershed+Merge+ClustSml+ShapeGate+MinPeaks+P-Filter+EquipRej+SkinPrio+Omega+OmScale+OmSplit+OmRot+FarField+Kalman+StaticSup,run2 pfilter4
cap_000182,2026-08-21T14:49:23.112,horizontal,23.43,25.93,2,0,0.0,TempBand+Watershed+Merge+ClustSml+ShapeGate+MinPeaks+P-Filter+EquipRej+SkinPrio+Omega+OmScale+OmSplit+OmRot+FarField+Kalman+StaticSup,run2 pfilter4
cap_000183,2026-08-21T14:49:23.236,horizontal,23.46,25.96,1,0,0.0,TempBand+Watershed+Merge+ClustSml+ShapeGate+MinPeaks+P-Filter+EquipRej+SkinPrio+Omega+OmScale+OmSplit+OmRot+FarField+Kalman+StaticSup,run2 pfilter4
cap_000184,2026-08-21T14:49:23.335,horizontal,23.46,25.96,2,0,0.0,TempBand+Watershed+Merge+ClustSml+ShapeGate+MinPeaks+P-Filter+EquipRej+SkinPrio+Omega+OmScale+OmSplit+OmRot+FarField+Kalman+StaticSup,run2 pfilter4
cap_000185,2026-08-21T14:49:23.460,horizontal,23.48,25.98,2,0,0.0,TempBand+Watershed+Merge+ClustSml+ShapeGate+MinPeaks+P-Filter+EquipRej+SkinPrio+Omega+OmScale+OmSplit+OmRot+FarField+Kalman+StaticSup,run2 pfilter4
cap_000186,2026-08-21T14:49:23.555,horizontal,23.46,25.96,1,0,0.0,TempBand+Watershed+Merge+ClustSml+ShapeGate+MinPeaks+P-Filter+EquipRej+SkinPrio+Omega+OmScale+OmSplit+OmRot+FarField+Kalman+StaticSup,run2 pfilter4
cap_000187,2026-08-21T14:49:23.683,horizontal,23.46,25.96,1,0,0.0,TempBand+Watershed+Merge+ClustSml+ShapeGate+MinPeaks+P-Filter+EquipRej+SkinPrio+Omega+OmScale+OmSplit+OmRot+FarField+Kalman+StaticSup,run2 pfilter4
cap_000188,2026-08-21T14:49:23.779,horizontal,23.48,25.98,1,0,0.0,TempBand+Watershed+Merge+ClustSml+ShapeGate+MinPeaks+P-Filter+EquipRej+SkinPrio+Omega+OmScale+OmSplit+OmRot+FarField+Kalman+StaticSup,run2 pfilter4
cap_000189,2026-08-21T14:49:23.908,horizontal,23.46,25.96,2,0,0.0,TempBand+Watershed+Merge+ClustSml+ShapeGate+MinPeaks+P-Filter+EquipRej+SkinPrio+Omega+OmScale+OmSplit+OmRot+FarField+Kalman+StaticSup,run2 pfilter4
cap_000190,2026-08-21T14:49:24.037,horizontal,23.43,25.93,2,0,0.0,TempBand+Watershed+Merge+ClustSml+ShapeGate+MinPeaks+P-Filter+EquipRej+SkinPrio+Omega+OmScale+OmSplit+OmRot+FarField+Kalman+StaticSup,run2 pfilter4
cap_000191,2026-08-21T14:49:24.131,horizontal,23.46,25.96,2,0,0.0,TempBand+Watershed+Merge+ClustSml+ShapeGate+MinPeaks+P-Filter+EquipRej+SkinPrio+Omega+OmScale+OmSplit+OmRot+FarField+Kalman+StaticSup,run2 pfilter4
cap_000192,2026-08-21T14:49:24.261,horizontal,23.43,25.93,2,0,0.0,TempBand+Watershed+Merge+ClustSml+ShapeGate+MinPeaks+P-Filter+EquipRej+SkinPrio+Omega+OmScale+OmSplit+OmRot+FarField+Kalman+StaticSup,run2 pfilter4
cap_000193,2026-08-21T14:49:24.357,horizontal,23.41,25.91,2,0,0.0,TempBand+Watershed+Merge+ClustSml+ShapeGate+MinPeaks+P-Filter+EquipRej+SkinPrio+Omega+OmScale+OmSplit+OmRot+FarField+Kalman+StaticSup,run2 pfilter4
cap_000194,2026-08-21T14:49:24.485,horizontal,23.43,25.93,1,0,0.0,TempBand+Watershed+Merge+ClustSml+ShapeGate+MinPeaks+P-Filter+EquipRej+SkinPrio+Omega+OmScale+OmSplit+OmRot+FarField+Kalman+StaticSup,run2 pfilter4
cap_000195,2026-08-21T14:49:24.581,horizontal,23.46,25.96,1,0,0.0,TempBand+Watershed+Merge+ClustSml+ShapeGate+MinPeaks+P-Filter+EquipRej+SkinPrio+Omega+OmScale+OmSplit+OmRot+FarField+Kalman+StaticSup,run2 pfilter4
cap_000196,2026-08-21T14:49:24.711,horizontal,23.43,25.93,2,0,0.0,TempBand+Watershed+Merge+ClustSml+ShapeGate+MinPeaks+P-Filter+EquipRej+SkinPrio+Omega+OmScale+OmSplit+OmRot+FarField+Kalman+StaticSup,run2 pfilter4
cap_000197,2026-08-21T14:49:24.835,horizontal,23.43,25.93,1,0,0.0,TempBand+Watershed+Merge+ClustSml+ShapeGate+MinPeaks+P-Filter+EquipRej+SkinPrio+Omega+OmScale+OmSplit+OmRot+FarField+Kalman+StaticSup,run2 pfilter4
cap_000198,2026-08-21T14:49:24.933,horizontal,23.43,25.93,1,0,0.0,TempBand+Watershed+Merge+ClustSml+ShapeGate+MinPeaks+P-Filter+EquipRej+SkinPrio+Omega+OmScale+OmSplit+OmRot+FarField+Kalman+StaticSup,run2 pfilter4
cap_000199,2026-08-21T14:49:25.061,horizontal,23.43,25.93,2,0,0.0,TempBand+Watershed+Merge+ClustSml+ShapeGate+MinPeaks+P-Filter+EquipRej+SkinPrio+Omega+OmScale+OmSplit+OmRot+FarField+Kalman+StaticSup,run2 pfilter4
cap_000200,2026-08-21T14:49:25.155,horizontal,23.43,25.93,1,0,0.0,TempBand+Watershed+Merge+ClustSml+ShapeGate+MinPeaks+P-Filter+EquipRej+SkinPrio+Omega+OmScale+OmSplit+OmRot+FarField+Kalman+StaticSup,run2 pfilter4
cap_000201,2026-08-21T14:49:25.505,horizontal,23.43,25.93,2,0,0.0,TempBand+Watershed+Merge+ClustSml+ShapeGate+MinPeaks+P-Filter+EquipRej+SkinPrio+Omega+OmScale+OmSplit+OmRot+FarField+Kalman+StaticSup,run2 pfilter4
cap_000202,2026-08-21T14:49:25.556,horizontal,23.43,25.93,2,0,0.0,TempBand+Watershed+Merge+ClustSml+ShapeGate+MinPeaks+P-Filter+EquipRej+SkinPrio+Omega+OmScale+OmSplit+OmRot+FarField+Kalman+StaticSup,run2 pfilter4
cap_000203,2026-08-21T14:49:25.604,horizontal,23.43,25.93,1,0,0.0,TempBand+Watershed+Merge+ClustSml+ShapeGate+MinPeaks+P-Filter+EquipRej+SkinPrio+Omega+OmScale+OmSplit+OmRot+FarField+Kalman+StaticSup,run2 pfilter4
cap_000204,2026-08-21T14:49:25.685,horizontal,23.43,25.93,1,0,0.0,TempBand+Watershed+Merge+ClustSml+ShapeGate+MinPeaks+P-Filter+EquipRej+SkinPrio+Omega+OmScale+OmSplit+OmRot+FarField+Kalman+StaticSup,run2 pfilter4
cap_000205,2026-08-21T14:49:25.729,horizontal,23.43,25.93,2,0,0.0,TempBand+Watershed+Merge+ClustSml+ShapeGate+MinPeaks+P-Filter+EquipRej+SkinPrio+Omega+OmScale+OmSplit+OmRot+FarField+Kalman+StaticSup,run2 pfilter4
cap_000206,2026-08-21T14:49:25.857,horizontal,23.43,25.93,2,0,0.0,TempBand+Watershed+Merge+ClustSml+ShapeGate+MinPeaks+P-Filter+EquipRej+SkinPrio+Omega+OmScale+OmSplit+OmRot+FarField+Kalman+StaticSup,run2 pfilter4
cap_000207,2026-08-21T14:49:25.954,horizontal,23.43,25.93,2,0,0.0,TempBand+Watershed+Merge+ClustSml+ShapeGate+MinPeaks+P-Filter+EquipRej+SkinPrio+Omega+OmScale+OmSplit+OmRot+FarField+Kalman+StaticSup,run2 pfilter4
cap_000208,2026-08-21T14:49:26.089,horizontal,23.48,25.98,2,0,0.0,TempBand+Watershed+Merge+ClustSml+ShapeGate+MinPeaks+P-Filter+EquipRej+SkinPrio+Omega+OmScale+OmSplit+OmRot+FarField+Kalman+StaticSup,run2 pfilter4
cap_000209,2026-08-21T14:49:26.181,horizontal,23.48,25.98,2,0,0.0,TempBand+Watershed+Merge+ClustSml+ShapeGate+MinPeaks+P-Filter+EquipRej+SkinPrio+Omega+OmScale+OmSplit+OmRot+FarField+Kalman+StaticSup,run2 pfilter4
cap_000210,2026-08-21T14:49:26.304,horizontal,23.48,25.98,2,0,0.0,TempBand+Watershed+Merge+ClustSml+ShapeGate+MinPeaks+P-Filter+EquipRej+SkinPrio+Omega+OmScale+OmSplit+OmRot+FarField+Kalman+StaticSup,run2 pfilter4
cap_000211,2026-08-21T14:49:26.402,horizontal,23.48,25.98,2,0,0.0,TempBand+Watershed+Merge+ClustSml+ShapeGate+MinPeaks+P-Filter+EquipRej+SkinPrio+Omega+OmScale+OmSplit+OmRot+FarField+Kalman+StaticSup,run2 pfilter4
cap_000212,2026-08-21T14:49:26.534,horizontal,23.53,26.03,2,0,0.0,TempBand+Watershed+Merge+ClustSml+ShapeGate+MinPeaks+P-Filter+EquipRej+SkinPrio+Omega+OmScale+OmSplit+OmRot+FarField+Kalman+StaticSup,run2 pfilter4
cap_000213,2026-08-21T14:49:26.632,horizontal,23.51,26.01,2,0,0.0,TempBand+Watershed+Merge+ClustSml+ShapeGate+MinPeaks+P-Filter+EquipRej+SkinPrio+Omega+OmScale+OmSplit+OmRot+FarField+Kalman+StaticSup,run2 pfilter4
cap_000214,2026-08-21T14:49:26.752,horizontal,23.51,26.01,2,0,0.0,TempBand+Watershed+Merge+ClustSml+ShapeGate+MinPeaks+P-Filter+EquipRej+SkinPrio+Omega+OmScale+OmSplit+OmRot+FarField+Kalman+StaticSup,run2 pfilter4
cap_000215,2026-08-21T14:49:26.886,horizontal,23.48,25.98,2,0,0.0,TempBand+Watershed+Merge+ClustSml+ShapeGate+MinPeaks+P-Filter+EquipRej+SkinPrio+Omega+OmScale+OmSplit+OmRot+FarField+Kalman+StaticSup,run2 pfilter4
cap_000216,2026-08-21T14:49:26.978,horizontal,23.51,26.01,2,0,0.0,TempBand+Watershed+Merge+ClustSml+ShapeGate+MinPeaks+P-Filter+EquipRej+SkinPrio+Omega+OmScale+OmSplit+OmRot+FarField+Kalman+StaticSup,run2 pfilter4
cap_000217,2026-08-21T14:49:27.108,horizontal,23.55,26.05,1,0,0.0,TempBand+Watershed+Merge+ClustSml+ShapeGate+MinPeaks+P-Filter+EquipRej+SkinPrio+Omega+OmScale+OmSplit+OmRot+FarField+Kalman+StaticSup,run2 pfilter4
cap_000218,2026-08-21T14:49:27.202,horizontal,23.55,26.05,1,0,0.0,TempBand+Watershed+Merge+ClustSml+ShapeGate+MinPeaks+P-Filter+EquipRej+SkinPrio+Omega+OmScale+OmSplit+OmRot+FarField+Kalman+StaticSup,run2 pfilter4
cap_000219,2026-08-21T14:49:27.333,horizontal,23.53,26.03,2,0,0.0,TempBand+Watershed+Merge+ClustSml+ShapeGate+MinPeaks+P-Filter+EquipRej+SkinPrio+Omega+OmScale+OmSplit+OmRot+FarField+Kalman+StaticSup,run2 pfilter4
cap_000220,2026-08-21T14:49:27.433,horizontal,23.55,26.05,2,0,0.0,TempBand+Watershed+Merge+ClustSml+ShapeGate+MinPeaks+P-Filter+EquipRej+SkinPrio+Omega+OmScale+OmSplit+OmRot+FarField+Kalman+StaticSup,run2 pfilter4
cap_000221,2026-08-21T14:49:27.562,horizontal,23.55,26.05,1,0,0.0,TempBand+Watershed+Merge+ClustSml+ShapeGate+MinPeaks+P-Filter+EquipRej+SkinPrio+Omega+OmScale+OmSplit+OmRot+FarField+Kalman+StaticSup,run2 pfilter4
cap_000222,2026-08-21T14:49:27.688,horizontal,23.55,26.05,1,0,0.0,TempBand+Watershed+Merge+ClustSml+ShapeGate+MinPeaks+P-Filter+EquipRej+SkinPrio+Omega+OmScale+OmSplit+OmRot+FarField+Kalman+StaticSup,run2 pfilter4
cap_000223,2026-08-21T14:49:27.782,horizontal,23.55,26.05,1,0,0.0,TempBand+Watershed+Merge+ClustSml+ShapeGate+MinPeaks+P-Filter+EquipRej+SkinPrio+Omega+OmScale+OmSplit+OmRot+FarField+Kalman+StaticSup,run2 pfilter4
cap_000224,2026-08-21T14:49:27.954,horizontal,23.55,26.05,1,0,0.0,TempBand+Watershed+Merge+ClustSml+ShapeGate+MinPeaks+P-Filter+EquipRej+SkinPrio+Omega+OmScale+OmSplit+OmRot+FarField+Kalman+StaticSup,run2 pfilter4
cap_000225,2026-08-21T14:49:27.999,horizontal,23.55,26.05,1,0,0.0,TempBand+Watershed+Merge+ClustSml+ShapeGate+MinPeaks+P-Filter+EquipRej+SkinPrio+Omega+OmScale+OmSplit+OmRot+FarField+Kalman+StaticSup,run2 pfilter4
cap_000226,2026-08-21T14:49:28.131,horizontal,23.58,26.08,1,0,0.0,TempBand+Watershed+Merge+ClustSml+ShapeGate+MinPeaks+P-Filter+EquipRej+SkinPrio+Omega+OmScale+OmSplit+OmRot+FarField+Kalman+StaticSup,run2 pfilter4
cap_000227,2026-08-21T14:49:28.231,horizontal,23.60,26.10,0,0,0.0,TempBand+Watershed+Merge+ClustSml+ShapeGate+MinPeaks+P-Filter+EquipRej+SkinPrio+Omega+OmScale+OmSplit+OmRot+FarField+Kalman+StaticSup,run2 pfilter4
cap_000228,2026-08-21T14:49:28.353,horizontal,23.60,26.10,0,0,0.0,TempBand+Watershed+Merge+ClustSml+ShapeGate+MinPeaks+P-Filter+EquipRej+SkinPrio+Omega+OmScale+OmSplit+OmRot+FarField+Kalman+StaticSup,run2 pfilter4
cap_000229,2026-08-21T14:49:28.445,horizontal,23.60,26.10,0,0,0.0,TempBand+Watershed+Merge+ClustSml+ShapeGate+MinPeaks+P-Filter+EquipRej+SkinPrio+Omega+OmScale+OmSplit+OmRot+FarField+Kalman+StaticSup,run2 pfilter4
cap_000230,2026-08-21T14:49:28.575,horizontal,23.60,26.10,0,0,0.0,TempBand+Watershed+Merge+ClustSml+ShapeGate+MinPeaks+P-Filter+EquipRej+SkinPrio+Omega+OmScale+OmSplit+OmRot+FarField+Kalman+StaticSup,run2 pfilter4
cap_000231,2026-08-21T14:49:28.708,horizontal,23.60,26.10,0,0,0.0,TempBand+Watershed+Merge+ClustSml+ShapeGate+MinPeaks+P-Filter+EquipRej+SkinPrio+Omega+OmScale+OmSplit+OmRot+FarField+Kalman+StaticSup,run2 pfilter4
cap_000232,2026-08-21T14:49:28.800,horizontal,23.58,26.08,1,0,0.0,TempBand+Watershed+Merge+ClustSml+ShapeGate+MinPeaks+P-Filter+EquipRej+SkinPrio+Omega+OmScale+OmSplit+OmRot+FarField+Kalman+StaticSup,run2 pfilter4
cap_000233,2026-08-21T14:49:28.929,horizontal,23.60,26.10,0,0,0.0,TempBand+Watershed+Merge+ClustSml+ShapeGate+MinPeaks+P-Filter+EquipRej+SkinPrio+Omega+OmScale+OmSplit+OmRot+FarField+Kalman+StaticSup,run2 pfilter4
cap_000234,2026-08-21T14:49:29.026,horizontal,23.60,26.10,0,0,0.0,TempBand+Watershed+Merge+ClustSml+ShapeGate+MinPeaks+P-Filter+EquipRej+SkinPrio+Omega+OmScale+OmSplit+OmRot+FarField+Kalman+StaticSup,run2 pfilter4
cap_000235,2026-08-21T14:49:29.152,horizontal,23.60,26.10,0,0,0.0,TempBand+Watershed+Merge+ClustSml+ShapeGate+MinPeaks+P-Filter+EquipRej+SkinPrio+Omega+OmScale+OmSplit+OmRot+FarField+Kalman+StaticSup,run2 pfilter4
cap_000236,2026-08-21T14:49:29.244,horizontal,23.60,26.10,0,0,0.0,TempBand+Watershed+Merge+ClustSml+ShapeGate+MinPeaks+P-Filter+EquipRej+SkinPrio+Omega+OmScale+OmSplit+OmRot+FarField+Kalman+StaticSup,run2 pfilter4
cap_000237,2026-08-21T14:49:29.374,horizontal,23.60,26.10,0,0,0.0,TempBand+Watershed+Merge+ClustSml+ShapeGate+MinPeaks+P-Filter+EquipRej+SkinPrio+Omega+OmScale+OmSplit+OmRot+FarField+Kalman+StaticSup,run2 pfilter4
cap_000238,2026-08-21T14:49:29.503,horizontal,23.58,26.08,0,0,0.0,TempBand+Watershed+Merge+ClustSml+ShapeGate+MinPeaks+P-Filter+EquipRej+SkinPrio+Omega+OmScale+OmSplit+OmRot+FarField+Kalman+StaticSup,run2 pfilter4
cap_000239,2026-08-21T14:49:29.597,horizontal,23.58,26.08,0,0,0.0,TempBand+Watershed+Merge+ClustSml+ShapeGate+MinPeaks+P-Filter+EquipRej+SkinPrio+Omega+OmScale+OmSplit+OmRot+FarField+Kalman+StaticSup,run2 pfilter4
cap_000240,2026-08-21T14:49:29.725,horizontal,23.58,26.08,0,0,0.0,TempBand+Watershed+Merge+ClustSml+ShapeGate+MinPeaks+P-Filter+EquipRej+SkinPrio+Omega+OmScale+OmSplit+OmRot+FarField+Kalman+StaticSup,run2 pfilter4
cap_000241,2026-08-21T14:49:29.847,horizontal,23.58,26.08,0,0,0.0,TempBand+Watershed+Merge+ClustSml+ShapeGate+MinPeaks+P-Filter+EquipRej+SkinPrio+Omega+OmScale+OmSplit+OmRot+FarField+Kalman+StaticSup,run2 pfilter4
cap_000242,2026-08-21T14:49:29.953,horizontal,23.58,26.08,0,0,0.0,TempBand+Watershed+Merge+ClustSml+ShapeGate+MinPeaks+P-Filter+EquipRej+SkinPrio+Omega+OmScale+OmSplit+OmRot+FarField+Kalman+StaticSup,run2 pfilter4
cap_000243,2026-08-21T14:49:30.049,horizontal,23.55,26.05,1,0,0.0,TempBand+Watershed+Merge+ClustSml+ShapeGate+MinPeaks+P-Filter+EquipRej+SkinPrio+Omega+OmScale+OmSplit+OmRot+FarField+Kalman+StaticSup,run2 pfilter4
cap_000244,2026-08-21T14:49:30.178,horizontal,23.55,26.05,1,0,0.0,TempBand+Watershed+Merge+ClustSml+ShapeGate+MinPeaks+P-Filter+EquipRej+SkinPrio+Omega+OmScale+OmSplit+OmRot+FarField+Kalman+StaticSup,run2 pfilter4
cap_000245,2026-08-21T14:49:30.272,horizontal,23.53,26.03,0,0,0.0,TempBand+Watershed+Merge+ClustSml+ShapeGate+MinPeaks+P-Filter+EquipRej+SkinPrio+Omega+OmScale+OmSplit+OmRot+FarField+Kalman+StaticSup,run2 pfilter4
cap_000246,2026-08-21T14:49:30.401,horizontal,23.53,26.03,0,0,0.0,TempBand+Watershed+Merge+ClustSml+ShapeGate+MinPeaks+P-Filter+EquipRej+SkinPrio+Omega+OmScale+OmSplit+OmRot+FarField+Kalman+StaticSup,run2 pfilter4
cap_000247,2026-08-21T14:49:30.530,horizontal,23.53,26.03,0,0,0.0,TempBand+Watershed+Merge+ClustSml+ShapeGate+MinPeaks+P-Filter+EquipRej+SkinPrio+Omega+OmScale+OmSplit+OmRot+FarField+Kalman+StaticSup,run2 pfilter4
cap_000248,2026-08-21T14:49:30.631,horizontal,23.51,26.01,0,0,0.0,TempBand+Watershed+Merge+ClustSml+ShapeGate+MinPeaks+P-Filter+EquipRej+SkinPrio+Omega+OmScale+OmSplit+OmRot+FarField+Kalman+StaticSup,run2 pfilter4
cap_000249,2026-08-21T14:49:30.754,horizontal,23.51,26.01,0,0,0.0,TempBand+Watershed+Merge+ClustSml+ShapeGate+MinPeaks+P-Filter+EquipRej+SkinPrio+Omega+OmScale+OmSplit+OmRot+FarField+Kalman+StaticSup,run2 pfilter4
cap_000250,2026-08-21T14:49:30.876,horizontal,23.53,26.03,0,0,0.0,TempBand+Watershed+Merge+ClustSml+ShapeGate+MinPeaks+P-Filter+EquipRej+SkinPrio+Omega+OmScale+OmSplit+OmRot+FarField+Kalman+StaticSup,run2 pfilter4
cap_000251,2026-08-21T14:49:30.977,horizontal,23.53,26.03,0,0,0.0,TempBand+Watershed+Merge+ClustSml+ShapeGate+MinPeaks+P-Filter+EquipRej+SkinPrio+Omega+OmScale+OmSplit+OmRot+FarField+Kalman+StaticSup,run2 pfilter4
cap_000252,2026-08-21T14:49:31.074,horizontal,23.53,26.03,0,0,0.0,TempBand+Watershed+Merge+ClustSml+ShapeGate+MinPeaks+P-Filter+EquipRej+SkinPrio+Omega+OmScale+OmSplit+OmRot+FarField+Kalman+StaticSup,run2 pfilter4
cap_000253,2026-08-21T14:49:31.200,horizontal,23.58,26.08,0,0,0.0,TempBand+Watershed+Merge+ClustSml+ShapeGate+MinPeaks+P-Filter+EquipRej+SkinPrio+Omega+OmScale+OmSplit+OmRot+FarField+Kalman+StaticSup,run2 pfilter4
cap_000254,2026-08-21T14:49:31.329,horizontal,23.58,26.08,0,0,0.0,TempBand+Watershed+Merge+ClustSml+ShapeGate+MinPeaks+P-Filter+EquipRej+SkinPrio+Omega+OmScale+OmSplit+OmRot+FarField+Kalman+StaticSup,run2 pfilter4
cap_000255,2026-08-21T14:49:31.425,horizontal,23.60,26.10,0,0,0.0,TempBand+Watershed+Merge+ClustSml+ShapeGate+MinPeaks+P-Filter+EquipRej+SkinPrio+Omega+OmScale+OmSplit+OmRot+FarField+Kalman+StaticSup,run2 pfilter4
cap_000256,2026-08-21T14:49:31.553,horizontal,23.60,26.10,1,0,0.0,TempBand+Watershed+Merge+ClustSml+ShapeGate+MinPeaks+P-Filter+EquipRej+SkinPrio+Omega+OmScale+OmSplit+OmRot+FarField+Kalman+StaticSup,run2 pfilter4
cap_000257,2026-08-21T14:49:31.649,horizontal,23.65,26.15,1,0,0.0,TempBand+Watershed+Merge+ClustSml+ShapeGate+MinPeaks+P-Filter+EquipRej+SkinPrio+Omega+OmScale+OmSplit+OmRot+FarField+Kalman+StaticSup,run2 pfilter4
cap_000258,2026-08-21T14:49:31.777,horizontal,23.67,26.17,1,0,0.0,TempBand+Watershed+Merge+ClustSml+ShapeGate+MinPeaks+P-Filter+EquipRej+SkinPrio+Omega+OmScale+OmSplit+OmRot+FarField+Kalman+StaticSup,run2 pfilter4
cap_000259,2026-08-21T14:49:31.873,horizontal,23.67,26.17,0,0,0.0,TempBand+Watershed+Merge+ClustSml+ShapeGate+MinPeaks+P-Filter+EquipRej+SkinPrio+Omega+OmScale+OmSplit+OmRot+FarField+Kalman+StaticSup,run2 pfilter4
cap_000260,2026-08-21T14:49:32.001,horizontal,23.74,26.24,0,0,0.0,TempBand+Watershed+Merge+ClustSml+ShapeGate+MinPeaks+P-Filter+EquipRej+SkinPrio+Omega+OmScale+OmSplit+OmRot+FarField+Kalman+StaticSup,run2 pfilter4
cap_000261,2026-08-21T14:49:32.106,horizontal,23.77,26.27,0,0,0.0,TempBand+Watershed+Merge+ClustSml+ShapeGate+MinPeaks+P-Filter+EquipRej+SkinPrio+Omega+OmScale+OmSplit+OmRot+FarField+Kalman+StaticSup,run2 pfilter4
cap_000262,2026-08-21T14:49:32.226,horizontal,23.74,26.24,0,0,0.0,TempBand+Watershed+Merge+ClustSml+ShapeGate+MinPeaks+P-Filter+EquipRej+SkinPrio+Omega+OmScale+OmSplit+OmRot+FarField+Kalman+StaticSup,run2 pfilter4
cap_000263,2026-08-21T14:49:32.353,horizontal,23.77,26.27,1,1,0.8976695975514233,TempBand+Watershed+Merge+ClustSml+ShapeGate+MinPeaks+P-Filter+EquipRej+SkinPrio+Omega+OmScale+OmSplit+OmRot+FarField+Kalman+StaticSup,run2 pfilter4
cap_000264,2026-08-21T14:49:32.451,horizontal,23.79,26.29,1,1,0.9014430581373971,TempBand+Watershed+Merge+ClustSml+ShapeGate+MinPeaks+P-Filter+EquipRej+SkinPrio+Omega+OmScale+OmSplit+OmRot+FarField+Kalman+StaticSup,run2 pfilter4
cap_000265,2026-08-21T14:49:32.585,horizontal,23.81,26.31,0,0,0.0,TempBand+Watershed+Merge+ClustSml+ShapeGate+MinPeaks+P-Filter+EquipRej+SkinPrio+Omega+OmScale+OmSplit+OmRot+FarField+Kalman+StaticSup,run2 pfilter4
cap_000266,2026-08-21T14:49:32.677,horizontal,23.84,26.34,1,1,0.8452439503634072,TempBand+Watershed+Merge+ClustSml+ShapeGate+MinPeaks+P-Filter+EquipRej+SkinPrio+Omega+OmScale+OmSplit+OmRot+FarField+Kalman+StaticSup,run2 pfilter4
cap_000267,2026-08-21T14:49:32.809,horizontal,23.84,26.34,1,1,0.9008557573328368,TempBand+Watershed+Merge+ClustSml+ShapeGate+MinPeaks+P-Filter+EquipRej+SkinPrio+Omega+OmScale+OmSplit+OmRot+FarField+Kalman+StaticSup,run2 pfilter4
cap_000268,2026-08-21T14:49:32.905,horizontal,23.84,26.34,1,1,0.9328777154105643,TempBand+Watershed+Merge+ClustSml+ShapeGate+MinPeaks+P-Filter+EquipRej+SkinPrio+Omega+OmScale+OmSplit+OmRot+FarField+Kalman+StaticSup,run2 pfilter4
cap_000269,2026-08-21T14:49:33.030,horizontal,23.84,26.34,1,1,0.9167936168690031,TempBand+Watershed+Merge+ClustSml+ShapeGate+MinPeaks+P-Filter+EquipRej+SkinPrio+Omega+OmScale+OmSplit+OmRot+FarField+Kalman+StaticSup,run2 pfilter4
cap_000270,2026-08-21T14:49:33.128,horizontal,23.84,26.34,1,1,0.781842042624677,TempBand+Watershed+Merge+ClustSml+ShapeGate+MinPeaks+P-Filter+EquipRej+SkinPrio+Omega+OmScale+OmSplit+OmRot+FarField+Kalman+StaticSup,run2 pfilter4
cap_000271,2026-08-21T14:49:33.254,horizontal,23.84,26.34,1,1,0.8839323217110543,TempBand+Watershed+Merge+ClustSml+ShapeGate+MinPeaks+P-Filter+EquipRej+SkinPrio+Omega+OmScale+OmSplit+OmRot+FarField+Kalman+StaticSup,run2 pfilter4
cap_000272,2026-08-21T14:49:33.386,horizontal,23.84,26.34,2,1,0.8117333709642406,TempBand+Watershed+Merge+ClustSml+ShapeGate+MinPeaks+P-Filter+EquipRej+SkinPrio+Omega+OmScale+OmSplit+OmRot+FarField+Kalman+StaticSup,run2 pfilter4
cap_000273,2026-08-21T14:49:33.476,horizontal,23.86,26.36,1,1,0.7175989565775489,TempBand+Watershed+Merge+ClustSml+ShapeGate+MinPeaks+P-Filter+EquipRej+SkinPrio+Omega+OmScale+OmSplit+OmRot+FarField+Kalman+StaticSup,run2 pfilter4
cap_000274,2026-08-21T14:49:33.609,horizontal,23.88,26.38,2,1,0.6740334694270677,TempBand+Watershed+Merge+ClustSml+ShapeGate+MinPeaks+P-Filter+EquipRej+SkinPrio+Omega+OmScale+OmSplit+OmRot+FarField+Kalman+StaticSup,run2 pfilter4
cap_000275,2026-08-21T14:49:33.703,horizontal,23.91,26.41,1,1,0.19202756817943845,TempBand+Watershed+Merge+ClustSml+ShapeGate+MinPeaks+P-Filter+EquipRej+SkinPrio+Omega+OmScale+OmSplit+OmRot+FarField+Kalman+StaticSup,run2 pfilter4
cap_000276,2026-08-21T14:49:33.832,horizontal,23.91,26.41,2,1,0.48945384352002125,TempBand+Watershed+Merge+ClustSml+ShapeGate+MinPeaks+P-Filter+EquipRej+SkinPrio+Omega+OmScale+OmSplit+OmRot+FarField+Kalman+StaticSup,run2 pfilter4
cap_000277,2026-08-21T14:49:33.925,horizontal,23.93,26.43,2,1,0.5590985118178208,TempBand+Watershed+Merge+ClustSml+ShapeGate+MinPeaks+P-Filter+EquipRej+SkinPrio+Omega+OmScale+OmSplit+OmRot+FarField+Kalman+StaticSup,run2 pfilter4
cap_000278,2026-08-21T14:49:34.058,horizontal,23.95,26.45,2,1,0.822012820973415,TempBand+Watershed+Merge+ClustSml+ShapeGate+MinPeaks+P-Filter+EquipRej+SkinPrio+Omega+OmScale+OmSplit+OmRot+FarField+Kalman+StaticSup,run2 pfilter4
cap_000279,2026-08-21T14:49:34.189,horizontal,23.95,26.45,2,2,0.6650048314944528,TempBand+Watershed+Merge+ClustSml+ShapeGate+MinPeaks+P-Filter+EquipRej+SkinPrio+Omega+OmScale+OmSplit+OmRot+FarField+Kalman+StaticSup,run2 pfilter4
cap_000280,2026-08-21T14:49:34.279,horizontal,23.95,26.45,1,1,0.8626546689893431,TempBand+Watershed+Merge+ClustSml+ShapeGate+MinPeaks+P-Filter+EquipRej+SkinPrio+Omega+OmScale+OmSplit+OmRot+FarField+Kalman+StaticSup,run2 pfilter4
cap_000281,2026-08-21T14:49:34.409,horizontal,23.98,26.48,1,1,0.9427517485837333,TempBand+Watershed+Merge+ClustSml+ShapeGate+MinPeaks+P-Filter+EquipRej+SkinPrio+Omega+OmScale+OmSplit+OmRot+FarField+Kalman+StaticSup,run2 pfilter4
cap_000282,2026-08-21T14:49:34.518,horizontal,23.98,26.48,1,1,0.8571972631831359,TempBand+Watershed+Merge+ClustSml+ShapeGate+MinPeaks+P-Filter+EquipRej+SkinPrio+Omega+OmScale+OmSplit+OmRot+FarField+Kalman+StaticSup,run2 pfilter4
cap_000283,2026-08-21T14:49:34.632,horizontal,23.98,26.48,1,1,0.873647384273385,TempBand+Watershed+Merge+ClustSml+ShapeGate+MinPeaks+P-Filter+EquipRej+SkinPrio+Omega+OmScale+OmSplit+OmRot+FarField+Kalman+StaticSup,run2 pfilter4
cap_000284,2026-08-21T14:49:34.729,horizontal,23.95,26.45,1,2,0.9066815152951762,TempBand+Watershed+Merge+ClustSml+ShapeGate+MinPeaks+P-Filter+EquipRej+SkinPrio+Omega+OmScale+OmSplit+OmRot+FarField+Kalman+StaticSup,run2 pfilter4
cap_000285,2026-08-21T14:49:34.861,horizontal,23.95,26.45,2,2,0.25936397936376687,TempBand+Watershed+Merge+ClustSml+ShapeGate+MinPeaks+P-Filter+EquipRej+SkinPrio+Omega+OmScale+OmSplit+OmRot+FarField+Kalman+StaticSup,run2 pfilter4
cap_000286,2026-08-21T14:49:34.949,horizontal,23.93,26.43,2,1,0.973668276534651,TempBand+Watershed+Merge+ClustSml+ShapeGate+MinPeaks+P-Filter+EquipRej+SkinPrio+Omega+OmScale+OmSplit+OmRot+FarField+Kalman+StaticSup,run2 pfilter4
cap_000287,2026-08-21T14:49:35.081,horizontal,23.93,26.43,2,1,0.9775382584537172,TempBand+Watershed+Merge+ClustSml+ShapeGate+MinPeaks+P-Filter+EquipRej+SkinPrio+Omega+OmScale+OmSplit+OmRot+FarField+Kalman+StaticSup,run2 pfilter4
cap_000288,2026-08-21T14:49:35.209,horizontal,23.93,26.43,2,1,0.9561869248615896,TempBand+Watershed+Merge+ClustSml+ShapeGate+MinPeaks+P-Filter+EquipRej+SkinPrio+Omega+OmScale+OmSplit+OmRot+FarField+Kalman+StaticSup,run2 pfilter4
cap_000289,2026-08-21T14:49:35.304,horizontal,23.91,26.41,2,2,0.8829277575174184,TempBand+Watershed+Merge+ClustSml+ShapeGate+MinPeaks+P-Filter+EquipRej+SkinPrio+Omega+OmScale+OmSplit+OmRot+FarField+Kalman+StaticSup,run2 pfilter4
cap_000290,2026-08-21T14:49:35.431,horizontal,23.91,26.41,2,2,0.9584466827732712,TempBand+Watershed+Merge+ClustSml+ShapeGate+MinPeaks+P-Filter+EquipRej+SkinPrio+Omega+OmScale+OmSplit+OmRot+FarField+Kalman+StaticSup,run2 pfilter4
cap_000291,2026-08-21T14:49:35.526,horizontal,23.91,26.41,2,1,0.9673647901194,TempBand+Watershed+Merge+ClustSml+ShapeGate+MinPeaks+P-Filter+EquipRej+SkinPrio+Omega+OmScale+OmSplit+OmRot+FarField+Kalman+StaticSup,run2 pfilter4
cap_000292,2026-08-21T14:49:35.659,horizontal,23.88,26.38,2,1,0.9547304956940222,TempBand+Watershed+Merge+ClustSml+ShapeGate+MinPeaks+P-Filter+EquipRej+SkinPrio+Omega+OmScale+OmSplit+OmRot+FarField+Kalman+StaticSup,run2 pfilter4
cap_000293,2026-08-21T14:49:35.752,horizontal,23.88,26.38,2,3,0.9173737364062159,TempBand+Watershed+Merge+ClustSml+ShapeGate+MinPeaks+P-Filter+EquipRej+SkinPrio+Omega+OmScale+OmSplit+OmRot+FarField+Kalman+StaticSup,run2 pfilter4
cap_000294,2026-08-21T14:49:35.885,horizontal,23.86,26.36,1,2,0.9502527690247529,TempBand+Watershed+Merge+ClustSml+ShapeGate+MinPeaks+P-Filter+EquipRej+SkinPrio+Omega+OmScale+OmSplit+OmRot+FarField+Kalman+StaticSup,run2 pfilter4
cap_000295,2026-08-21T14:49:36.011,horizontal,23.86,26.36,1,1,0.9655196274900985,TempBand+Watershed+Merge+ClustSml+ShapeGate+MinPeaks+P-Filter+EquipRej+SkinPrio+Omega+OmScale+OmSplit+OmRot+FarField+Kalman+StaticSup,run2 pfilter4
cap_000296,2026-08-21T14:49:36.105,horizontal,23.86,26.36,1,2,0.984835958547088,TempBand+Watershed+Merge+ClustSml+ShapeGate+MinPeaks+P-Filter+EquipRej+SkinPrio+Omega+OmScale+OmSplit+OmRot+FarField+Kalman+StaticSup,run2 pfilter4
cap_000297,2026-08-21T14:49:36.233,horizontal,23.86,26.36,1,2,0.9761898950546252,TempBand+Watershed+Merge+ClustSml+ShapeGate+MinPeaks+P-Filter+EquipRej+SkinPrio+Omega+OmScale+OmSplit+OmRot+FarField+Kalman+StaticSup,run2 pfilter4
cap_000298,2026-08-21T14:49:36.327,horizontal,23.86,26.36,1,2,0.973653500069686,TempBand+Watershed+Merge+ClustSml+ShapeGate+MinPeaks+P-Filter+EquipRej+SkinPrio+Omega+OmScale+OmSplit+OmRot+FarField+Kalman+StaticSup,run2 pfilter4
cap_000299,2026-08-21T14:49:36.459,horizontal,23.86,26.36,1,1,0.926318627260511,TempBand+Watershed+Merge+ClustSml+ShapeGate+MinPeaks+P-Filter+EquipRej+SkinPrio+Omega+OmScale+OmSplit+OmRot+FarField+Kalman+StaticSup,run2 pfilter4
cap_000300,2026-08-21T14:49:36.551,horizontal,23.84,26.34,1,1,0.9720854093716342,TempBand+Watershed+Merge+ClustSml+ShapeGate+MinPeaks+P-Filter+EquipRej+SkinPrio+Omega+OmScale+OmSplit+OmRot+FarField+Kalman+StaticSup,run2 pfilter4
cap_000301,2026-08-21T14:49:36.678,horizontal,23.86,26.36,1,1,0.9355908723483451,TempBand+Watershed+Merge+ClustSml+ShapeGate+MinPeaks+P-Filter+EquipRej+SkinPrio+Omega+OmScale+OmSplit+OmRot+FarField+Kalman+StaticSup,run2 pfilter4
cap_000302,2026-08-21T14:49:36.776,horizontal,23.84,26.34,1,2,0.9243684690414511,TempBand+Watershed+Merge+ClustSml+ShapeGate+MinPeaks+P-Filter+EquipRej+SkinPrio+Omega+OmScale+OmSplit+OmRot+FarField+Kalman+StaticSup,run2 pfilter4
cap_000303,2026-08-21T14:49:36.905,horizontal,23.84,26.34,1,2,0.9701208581151178,TempBand+Watershed+Merge+ClustSml+ShapeGate+MinPeaks+P-Filter+EquipRej+SkinPrio+Omega+OmScale+OmSplit+OmRot+FarField+Kalman+StaticSup,run2 pfilter4
cap_000304,2026-08-21T14:49:37.034,horizontal,23.84,26.34,1,2,0.9173485766855093,TempBand+Watershed+Merge+ClustSml+ShapeGate+MinPeaks+P-Filter+EquipRej+SkinPrio+Omega+OmScale+OmSplit+OmRot+FarField+Kalman+StaticSup,run2 pfilter4
cap_000305,2026-08-21T14:49:37.124,horizontal,23.84,26.34,1,2,0.9771450601686241,TempBand+Watershed+Merge+ClustSml+ShapeGate+MinPeaks+P-Filter+EquipRej+SkinPrio+Omega+OmScale+OmSplit+OmRot+FarField+Kalman+StaticSup,run2 pfilter4
cap_000306,2026-08-21T14:49:37.257,horizontal,23.86,26.36,1,1,0.967348343042803,TempBand+Watershed+Merge+ClustSml+ShapeGate+MinPeaks+P-Filter+EquipRej+SkinPrio+Omega+OmScale+OmSplit+OmRot+FarField+Kalman+StaticSup,run2 pfilter4
cap_000307,2026-08-21T14:49:37.377,horizontal,23.88,26.38,1,1,0.9667204289996434,TempBand+Watershed+Merge+ClustSml+ShapeGate+MinPeaks+P-Filter+EquipRej+SkinPrio+Omega+OmScale+OmSplit+OmRot+FarField+Kalman+StaticSup,run2 pfilter4
cap_000308,2026-08-21T14:49:37.491,horizontal,23.88,26.38,1,1,0.9582261353890309,TempBand+Watershed+Merge+ClustSml+ShapeGate+MinPeaks+P-Filter+EquipRej+SkinPrio+Omega+OmScale+OmSplit+OmRot+FarField+Kalman+StaticSup,run2 pfilter4
cap_000309,2026-08-21T14:49:37.574,horizontal,23.91,26.41,1,1,0.9651607066522343,TempBand+Watershed+Merge+ClustSml+ShapeGate+MinPeaks+P-Filter+EquipRej+SkinPrio+Omega+OmScale+OmSplit+OmRot+FarField+Kalman+StaticSup,run2 pfilter4
cap_000310,2026-08-21T14:49:37.704,horizontal,23.91,26.41,1,2,0.9817780522936264,TempBand+Watershed+Merge+ClustSml+ShapeGate+MinPeaks+P-Filter+EquipRej+SkinPrio+Omega+OmScale+OmSplit+OmRot+FarField+Kalman+StaticSup,run2 pfilter4
cap_000311,2026-08-21T14:49:37.834,horizontal,23.91,26.41,1,2,0.9754773207154315,TempBand+Watershed+Merge+ClustSml+ShapeGate+MinPeaks+P-Filter+EquipRej+SkinPrio+Omega+OmScale+OmSplit+OmRot+FarField+Kalman+StaticSup,run2 pfilter4
cap_000312,2026-08-21T14:49:37.931,horizontal,23.91,26.41,1,2,0.9440981064024653,TempBand+Watershed+Merge+ClustSml+ShapeGate+MinPeaks+P-Filter+EquipRej+SkinPrio+Omega+OmScale+OmSplit+OmRot+FarField+Kalman+StaticSup,run2 pfilter4
cap_000313,2026-08-21T14:49:38.063,horizontal,23.91,26.41,1,2,0.9036459202528122,TempBand+Watershed+Merge+ClustSml+ShapeGate+MinPeaks+P-Filter+EquipRej+SkinPrio+Omega+OmScale+OmSplit+OmRot+FarField+Kalman+StaticSup,run2 pfilter4
cap_000314,2026-08-21T14:49:38.154,horizontal,23.88,26.38,1,2,0.9492043515722346,TempBand+Watershed+Merge+ClustSml+ShapeGate+MinPeaks+P-Filter+EquipRej+SkinPrio+Omega+OmScale+OmSplit+OmRot+FarField+Kalman+StaticSup,run2 pfilter4
cap_000315,2026-08-21T14:49:38.333,horizontal,23.88,26.38,1,2,0.9106661392772535,TempBand+Watershed+Merge+ClustSml+ShapeGate+MinPeaks+P-Filter+EquipRej+SkinPrio+Omega+OmScale+OmSplit+OmRot+FarField+Kalman+StaticSup,run2 pfilter4
cap_000316,2026-08-21T14:49:38.398,horizontal,23.91,26.41,1,2,0.8758276682324222,TempBand+Watershed+Merge+ClustSml+ShapeGate+MinPeaks+P-Filter+EquipRej+SkinPrio+Omega+OmScale+OmSplit+OmRot+FarField+Kalman+StaticSup,run2 pfilter4
cap_000317,2026-08-21T14:49:38.534,horizontal,23.88,26.38,1,1,0.8785530056888875,TempBand+Watershed+Merge+ClustSml+ShapeGate+MinPeaks+P-Filter+EquipRej+SkinPrio+Omega+OmScale+OmSplit+OmRot+FarField+Kalman+StaticSup,run2 pfilter4
cap_000318,2026-08-21T14:49:38.601,horizontal,23.88,26.38,1,1,0.8789065701653465,TempBand+Watershed+Merge+ClustSml+ShapeGate+MinPeaks+P-Filter+EquipRej+SkinPrio+Omega+OmScale+OmSplit+OmRot+FarField+Kalman+StaticSup,run2 pfilter4
cap_000319,2026-08-21T14:49:38.727,horizontal,23.91,26.41,1,1,0.928293322777385,TempBand+Watershed+Merge+ClustSml+ShapeGate+MinPeaks+P-Filter+EquipRej+SkinPrio+Omega+OmScale+OmSplit+OmRot+FarField+Kalman+StaticSup,run2 pfilter4
cap_000320,2026-08-21T14:49:38.859,horizontal,23.91,26.41,1,1,0.9569655695373653,TempBand+Watershed+Merge+ClustSml+ShapeGate+MinPeaks+P-Filter+EquipRej+SkinPrio+Omega+OmScale+OmSplit+OmRot+FarField+Kalman+StaticSup,run2 pfilter4
cap_000321,2026-08-21T14:49:38.969,horizontal,23.91,26.41,1,1,0.8953674294290753,TempBand+Watershed+Merge+ClustSml+ShapeGate+MinPeaks+P-Filter+EquipRej+SkinPrio+Omega+OmScale+OmSplit+OmRot+FarField+Kalman+StaticSup,run2 pfilter4
cap_000322,2026-08-21T14:49:39.202,horizontal,23.93,26.43,1,1,0.8812808569749968,TempBand+Watershed+Merge+ClustSml+ShapeGate+MinPeaks+P-Filter+EquipRej+SkinPrio+Omega+OmScale+OmSplit+OmRot+FarField+Kalman+StaticSup,run2 pfilter4
cap_000323,2026-08-21T14:49:39.279,horizontal,23.91,26.41,2,1,0.8636881640652299,TempBand+Watershed+Merge+ClustSml+ShapeGate+MinPeaks+P-Filter+EquipRej+SkinPrio+Omega+OmScale+OmSplit+OmRot+FarField+Kalman+StaticSup,run2 pfilter4
cap_000324,2026-08-21T14:49:39.349,horizontal,23.93,26.43,2,2,0.8931457109504717,TempBand+Watershed+Merge+ClustSml+ShapeGate+MinPeaks+P-Filter+EquipRej+SkinPrio+Omega+OmScale+OmSplit+OmRot+FarField+Kalman+StaticSup,run2 pfilter4
cap_000325,2026-08-21T14:49:39.401,horizontal,23.93,26.43,1,2,0.9083782355641078,TempBand+Watershed+Merge+ClustSml+ShapeGate+MinPeaks+P-Filter+EquipRej+SkinPrio+Omega+OmScale+OmSplit+OmRot+FarField+Kalman+StaticSup,run2 pfilter4
cap_000326,2026-08-21T14:49:39.529,horizontal,23.91,26.41,1,2,0.9411965960563251,TempBand+Watershed+Merge+ClustSml+ShapeGate+MinPeaks+P-Filter+EquipRej+SkinPrio+Omega+OmScale+OmSplit+OmRot+FarField+Kalman+StaticSup,run2 pfilter4
cap_000327,2026-08-21T14:49:39.691,horizontal,23.93,26.43,1,2,0.9443621639874109,TempBand+Watershed+Merge+ClustSml+ShapeGate+MinPeaks+P-Filter+EquipRej+SkinPrio+Omega+OmScale+OmSplit+OmRot+FarField+Kalman+StaticSup,run2 pfilter4
cap_000328,2026-08-21T14:49:39.748,horizontal,23.91,26.41,1,1,0.8900414974510529,TempBand+Watershed+Merge+ClustSml+ShapeGate+MinPeaks+P-Filter+EquipRej+SkinPrio+Omega+OmScale+OmSplit+OmRot+FarField+Kalman+StaticSup,run2 pfilter4
cap_000329,2026-08-21T14:49:39.880,horizontal,23.91,26.41,1,1,0.9065417544796055,TempBand+Watershed+Merge+ClustSml+ShapeGate+MinPeaks+P-Filter+EquipRej+SkinPrio+Omega+OmScale+OmSplit+OmRot+FarField+Kalman+StaticSup,run2 pfilter4
cap_000330,2026-08-21T14:49:39.978,horizontal,23.91,26.41,1,2,0.9487992842834733,TempBand+Watershed+Merge+ClustSml+ShapeGate+MinPeaks+P-Filter+EquipRej+SkinPrio+Omega+OmScale+OmSplit+OmRot+FarField+Kalman+StaticSup,run2 pfilter4
cap_000331,2026-08-21T14:49:40.102,horizontal,23.91,26.41,1,1,0.936394538414278,TempBand+Watershed+Merge+ClustSml+ShapeGate+MinPeaks+P-Filter+EquipRej+SkinPrio+Omega+OmScale+OmSplit+OmRot+FarField+Kalman+StaticSup,run2 pfilter4
cap_000332,2026-08-21T14:49:40.198,horizontal,23.91,26.41,1,1,0.9419435611066488,TempBand+Watershed+Merge+ClustSml+ShapeGate+MinPeaks+P-Filter+EquipRej+SkinPrio+Omega+OmScale+OmSplit+OmRot+FarField+Kalman+StaticSup,run2 pfilter4
cap_000333,2026-08-21T14:49:40.333,horizontal,23.91,26.41,1,2,0.8841743544032719,TempBand+Watershed+Merge+ClustSml+ShapeGate+MinPeaks+P-Filter+EquipRej+SkinPrio+Omega+OmScale+OmSplit+OmRot+FarField+Kalman+StaticSup,run2 pfilter4
cap_000334,2026-08-21T14:49:40.425,horizontal,23.91,26.41,1,2,0.9253519207202161,TempBand+Watershed+Merge+ClustSml+ShapeGate+MinPeaks+P-Filter+EquipRej+SkinPrio+Omega+OmScale+OmSplit+OmRot+FarField+Kalman+StaticSup,run2 pfilter4
cap_000335,2026-08-21T14:49:40.550,horizontal,23.91,26.41,1,2,0.9672787411144942,TempBand+Watershed+Merge+ClustSml+ShapeGate+MinPeaks+P-Filter+EquipRej+SkinPrio+Omega+OmScale+OmSplit+OmRot+FarField+Kalman+StaticSup,run2 pfilter4
cap_000336,2026-08-21T14:49:40.682,horizontal,23.88,26.38,1,2,0.9667361594631418,TempBand+Watershed+Merge+ClustSml+ShapeGate+MinPeaks+P-Filter+EquipRej+SkinPrio+Omega+OmScale+OmSplit+OmRot+FarField+Kalman+StaticSup,run2 pfilter4
cap_000337,2026-08-21T14:49:40.774,horizontal,23.88,26.38,1,2,0.8929127971138494,TempBand+Watershed+Merge+ClustSml+ShapeGate+MinPeaks+P-Filter+EquipRej+SkinPrio+Omega+OmScale+OmSplit+OmRot+FarField+Kalman+StaticSup,run2 pfilter4
cap_000338,2026-08-21T14:49:40.904,horizontal,23.91,26.41,1,1,0.9472940095646921,TempBand+Watershed+Merge+ClustSml+ShapeGate+MinPeaks+P-Filter+EquipRej+SkinPrio+Omega+OmScale+OmSplit+OmRot+FarField+Kalman+StaticSup,run2 pfilter4
cap_000339,2026-08-21T14:49:40.999,horizontal,23.91,26.41,1,1,0.9248285389821305,TempBand+Watershed+Merge+ClustSml+ShapeGate+MinPeaks+P-Filter+EquipRej+SkinPrio+Omega+OmScale+OmSplit+OmRot+FarField+Kalman+StaticSup,run2 pfilter4
cap_000340,2026-08-21T14:49:41.128,horizontal,23.91,26.41,1,1,0.921241615107604,TempBand+Watershed+Merge+ClustSml+ShapeGate+MinPeaks+P-Filter+EquipRej+SkinPrio+Omega+OmScale+OmSplit+OmRot+FarField+Kalman+StaticSup,run2 pfilter4
cap_000341,2026-08-21T14:49:41.221,horizontal,23.93,26.43,1,1,0.9364599231966149,TempBand+Watershed+Merge+ClustSml+ShapeGate+MinPeaks+P-Filter+EquipRej+SkinPrio+Omega+OmScale+OmSplit+OmRot+FarField+Kalman+StaticSup,run2 pfilter4
cap_000342,2026-08-21T14:49:41.349,horizontal,23.93,26.43,1,1,0.9587787734545257,TempBand+Watershed+Merge+ClustSml+ShapeGate+MinPeaks+P-Filter+EquipRej+SkinPrio+Omega+OmScale+OmSplit+OmRot+FarField+Kalman+StaticSup,run2 pfilter4
cap_000343,2026-08-21T14:49:41.447,horizontal,23.91,26.41,1,1,0.9587787734545257,TempBand+Watershed+Merge+ClustSml+ShapeGate+MinPeaks+P-Filter+EquipRej+SkinPrio+Omega+OmScale+OmSplit+OmRot+FarField+Kalman+StaticSup,run2 pfilter4
cap_000344,2026-08-21T14:49:41.574,horizontal,23.91,26.41,1,0,0.0,TempBand+Watershed+Merge+ClustSml+ShapeGate+MinPeaks+P-Filter+EquipRej+SkinPrio+Omega+OmScale+OmSplit+OmRot+FarField+Kalman+StaticSup,run2 pfilter4
cap_000345,2026-08-21T14:49:41.704,horizontal,23.91,26.41,1,1,0.9611851384843134,TempBand+Watershed+Merge+ClustSml+ShapeGate+MinPeaks+P-Filter+EquipRej+SkinPrio+Omega+OmScale+OmSplit+OmRot+FarField+Kalman+StaticSup,run2 pfilter4
cap_000346,2026-08-21T14:49:41.801,horizontal,23.93,26.43,1,1,0.9592076874611141,TempBand+Watershed+Merge+ClustSml+ShapeGate+MinPeaks+P-Filter+EquipRej+SkinPrio+Omega+OmScale+OmSplit+OmRot+FarField+Kalman+StaticSup,run2 pfilter4
cap_000347,2026-08-21T14:49:41.934,horizontal,23.91,26.41,1,1,0.9604592384549542,TempBand+Watershed+Merge+ClustSml+ShapeGate+MinPeaks+P-Filter+EquipRej+SkinPrio+Omega+OmScale+OmSplit+OmRot+FarField+Kalman+StaticSup,run2 pfilter4
cap_000348,2026-08-21T14:49:42.023,horizontal,23.91,26.41,2,2,0.9271930534765326,TempBand+Watershed+Merge+ClustSml+ShapeGate+MinPeaks+P-Filter+EquipRej+SkinPrio+Omega+OmScale+OmSplit+OmRot+FarField+Kalman+StaticSup,run2 pfilter4
cap_000349,2026-08-21T14:49:42.153,horizontal,23.91,26.41,1,2,0.9352840404887295,TempBand+Watershed+Merge+ClustSml+ShapeGate+MinPeaks+P-Filter+EquipRej+SkinPrio+Omega+OmScale+OmSplit+OmRot+FarField+Kalman+StaticSup,run2 pfilter4
cap_000350,2026-08-21T14:49:42.244,horizontal,23.88,26.38,1,1,0.8944652651209355,TempBand+Watershed+Merge+ClustSml+ShapeGate+MinPeaks+P-Filter+EquipRej+SkinPrio+Omega+OmScale+OmSplit+OmRot+FarField+Kalman+StaticSup,run2 pfilter4
cap_000351,2026-08-21T14:49:42.376,horizontal,23.88,26.38,2,2,0.9468175330191235,TempBand+Watershed+Merge+ClustSml+ShapeGate+MinPeaks+P-Filter+EquipRej+SkinPrio+Omega+OmScale+OmSplit+OmRot+FarField+Kalman+StaticSup,run2 pfilter4
cap_000352,2026-08-21T14:49:42.503,horizontal,23.88,26.38,1,2,0.9630469432483042,TempBand+Watershed+Merge+ClustSml+ShapeGate+MinPeaks+P-Filter+EquipRej+SkinPrio+Omega+OmScale+OmSplit+OmRot+FarField+Kalman+StaticSup,run2 pfilter4
cap_000353,2026-08-21T14:49:42.600,horizontal,23.88,26.38,1,2,0.9313781795097,TempBand+Watershed+Merge+ClustSml+ShapeGate+MinPeaks+P-Filter+EquipRej+SkinPrio+Omega+OmScale+OmSplit+OmRot+FarField+Kalman+StaticSup,run2 pfilter4
cap_000354,2026-08-21T14:49:42.731,horizontal,23.88,26.38,2,2,0.9479526559023205,TempBand+Watershed+Merge+ClustSml+ShapeGate+MinPeaks+P-Filter+EquipRej+SkinPrio+Omega+OmScale+OmSplit+OmRot+FarField+Kalman+StaticSup,run2 pfilter4
cap_000355,2026-08-21T14:49:42.825,horizontal,23.93,26.43,2,2,0.9429080845719173,TempBand+Watershed+Merge+ClustSml+ShapeGate+MinPeaks+P-Filter+EquipRej+SkinPrio+Omega+OmScale+OmSplit+OmRot+FarField+Kalman+StaticSup,run2 pfilter4
cap_000356,2026-08-21T14:49:42.953,horizontal,23.93,26.43,1,2,0.9429080845719173,TempBand+Watershed+Merge+ClustSml+ShapeGate+MinPeaks+P-Filter+EquipRej+SkinPrio+Omega+OmScale+OmSplit+OmRot+FarField+Kalman+StaticSup,run2 pfilter4
cap_000357,2026-08-21T14:49:43.047,horizontal,23.93,26.43,1,2,0.9429080845719173,TempBand+Watershed+Merge+ClustSml+ShapeGate+MinPeaks+P-Filter+EquipRej+SkinPrio+Omega+OmScale+OmSplit+OmRot+FarField+Kalman+StaticSup,run2 pfilter4
cap_000358,2026-08-21T14:49:43.176,horizontal,23.93,26.43,3,2,0.9436462335218434,TempBand+Watershed+Merge+ClustSml+ShapeGate+MinPeaks+P-Filter+EquipRej+SkinPrio+Omega+OmScale+OmSplit+OmRot+FarField+Kalman+StaticSup,run2 pfilter4
cap_000359,2026-08-21T14:49:43.274,horizontal,23.93,26.43,3,1,0.9436462335218434,TempBand+Watershed+Merge+ClustSml+ShapeGate+MinPeaks+P-Filter+EquipRej+SkinPrio+Omega+OmScale+OmSplit+OmRot+FarField+Kalman+StaticSup,run2 pfilter4
cap_000360,2026-08-21T14:49:43.399,horizontal,23.93,26.43,3,1,0.946496487285394,TempBand+Watershed+Merge+ClustSml+ShapeGate+MinPeaks+P-Filter+EquipRej+SkinPrio+Omega+OmScale+OmSplit+OmRot+FarField+Kalman+StaticSup,run2 pfilter4
cap_000361,2026-08-21T14:49:43.531,horizontal,23.91,26.41,2,1,0.9457401230932667,TempBand+Watershed+Merge+ClustSml+ShapeGate+MinPeaks+P-Filter+EquipRej+SkinPrio+Omega+OmScale+OmSplit+OmRot+FarField+Kalman+StaticSup,run2 pfilter4
cap_000362,2026-08-21T14:49:43.621,horizontal,23.91,26.41,3,1,0.944574736069171,TempBand+Watershed+Merge+ClustSml+ShapeGate+MinPeaks+P-Filter+EquipRej+SkinPrio+Omega+OmScale+OmSplit+OmRot+FarField+Kalman+StaticSup,run2 pfilter4
cap_000363,2026-08-21T14:49:43.758,horizontal,23.93,26.43,2,2,0.922562606367379,TempBand+Watershed+Merge+ClustSml+ShapeGate+MinPeaks+P-Filter+EquipRej+SkinPrio+Omega+OmScale+OmSplit+OmRot+FarField+Kalman+StaticSup,run2 pfilter4
cap_000364,2026-08-21T14:49:43.847,horizontal,23.93,26.43,2,2,0.922562606367379,TempBand+Watershed+Merge+ClustSml+ShapeGate+MinPeaks+P-Filter+EquipRej+SkinPrio+Omega+OmScale+OmSplit+OmRot+FarField+Kalman+StaticSup,run2 pfilter4
cap_000365,2026-08-21T14:49:43.975,horizontal,23.93,26.43,2,2,0.922562606367379,TempBand+Watershed+Merge+ClustSml+ShapeGate+MinPeaks+P-Filter+EquipRej+SkinPrio+Omega+OmScale+OmSplit+OmRot+FarField+Kalman+StaticSup,run2 pfilter4
cap_000366,2026-08-21T14:49:44.069,horizontal,23.91,26.41,2,2,0.9623078699044707,TempBand+Watershed+Merge+ClustSml+ShapeGate+MinPeaks+P-Filter+EquipRej+SkinPrio+Omega+OmScale+OmSplit+OmRot+FarField+Kalman+StaticSup,run2 pfilter4
cap_000367,2026-08-21T14:49:44.198,horizontal,23.91,26.41,2,2,0.9623078699044707,TempBand+Watershed+Merge+ClustSml+ShapeGate+MinPeaks+P-Filter+EquipRej+SkinPrio+Omega+OmScale+OmSplit+OmRot+FarField+Kalman+StaticSup,run2 pfilter4
cap_000368,2026-08-21T14:49:44.329,horizontal,23.91,26.41,2,2,0.9623078699044707,TempBand+Watershed+Merge+ClustSml+ShapeGate+MinPeaks+P-Filter+EquipRej+SkinPrio+Omega+OmScale+OmSplit+OmRot+FarField+Kalman+StaticSup,run2 pfilter4
cap_000369,2026-08-21T14:49:44.422,horizontal,23.91,26.41,2,2,0.9623078699044707,TempBand+Watershed+Merge+ClustSml+ShapeGate+MinPeaks+P-Filter+EquipRej+SkinPrio+Omega+OmScale+OmSplit+OmRot+FarField+Kalman+StaticSup,run2 pfilter4
cap_000370,2026-08-21T14:49:44.550,horizontal,23.93,26.43,1,2,0.9630202016936944,TempBand+Watershed+Merge+ClustSml+ShapeGate+MinPeaks+P-Filter+EquipRej+SkinPrio+Omega+OmScale+OmSplit+OmRot+FarField+Kalman+StaticSup,run2 pfilter4
cap_000371,2026-08-21T14:49:44.648,horizontal,23.88,26.38,2,2,0.9520132420651566,TempBand+Watershed+Merge+ClustSml+ShapeGate+MinPeaks+P-Filter+EquipRej+SkinPrio+Omega+OmScale+OmSplit+OmRot+FarField+Kalman+StaticSup,run2 pfilter4
cap_000372,2026-08-21T14:49:44.777,horizontal,23.88,26.38,2,2,0.9520132420651566,TempBand+Watershed+Merge+ClustSml+ShapeGate+MinPeaks+P-Filter+EquipRej+SkinPrio+Omega+OmScale+OmSplit+OmRot+FarField+Kalman+StaticSup,run2 pfilter4
cap_000373,2026-08-21T14:49:44.873,horizontal,23.88,26.38,2,2,0.9833597959155264,TempBand+Watershed+Merge+ClustSml+ShapeGate+MinPeaks+P-Filter+EquipRej+SkinPrio+Omega+OmScale+OmSplit+OmRot+FarField+Kalman+StaticSup,run2 pfilter4
cap_000374,2026-08-21T14:49:45.006,horizontal,23.88,26.38,2,2,0.9833597959155264,TempBand+Watershed+Merge+ClustSml+ShapeGate+MinPeaks+P-Filter+EquipRej+SkinPrio+Omega+OmScale+OmSplit+OmRot+FarField+Kalman+StaticSup,run2 pfilter4
cap_000375,2026-08-21T14:49:45.096,horizontal,23.88,26.38,1,2,0.9833597959155264,TempBand+Watershed+Merge+ClustSml+ShapeGate+MinPeaks+P-Filter+EquipRej+SkinPrio+Omega+OmScale+OmSplit+OmRot+FarField+Kalman+StaticSup,run2 pfilter4
cap_000376,2026-08-21T14:49:45.225,horizontal,23.91,26.41,2,2,0.9362069110294224,TempBand+Watershed+Merge+ClustSml+ShapeGate+MinPeaks+P-Filter+EquipRej+SkinPrio+Omega+OmScale+OmSplit+OmRot+FarField+Kalman+StaticSup,run2 pfilter4
cap_000377,2026-08-21T14:49:45.356,horizontal,23.91,26.41,3,2,0.9315757822442919,TempBand+Watershed+Merge+ClustSml+ShapeGate+MinPeaks+P-Filter+EquipRej+SkinPrio+Omega+OmScale+OmSplit+OmRot+FarField+Kalman+StaticSup,run2 pfilter4
cap_000378,2026-08-21T14:49:45.465,horizontal,23.95,26.45,3,2,0.9037418369012002,TempBand+Watershed+Merge+ClustSml+ShapeGate+MinPeaks+P-Filter+EquipRej+SkinPrio+Omega+OmScale+OmSplit+OmRot+FarField+Kalman+StaticSup,run2 pfilter4
cap_000379,2026-08-21T14:49:45.573,horizontal,23.95,26.45,2,0,0.0,TempBand+Watershed+Merge+ClustSml+ShapeGate+MinPeaks+P-Filter+EquipRej+SkinPrio+Omega+OmScale+OmSplit+OmRot+FarField+Kalman+StaticSup,run2 pfilter4
cap_000380,2026-08-21T14:49:45.670,horizontal,24.02,26.52,1,0,0.0,TempBand+Watershed+Merge+ClustSml+ShapeGate+MinPeaks+P-Filter+EquipRej+SkinPrio+Omega+OmScale+OmSplit+OmRot+FarField+Kalman+StaticSup,run2 pfilter4
cap_000381,2026-08-21T14:49:45.807,horizontal,23.95,26.45,0,0,0.0,TempBand+Watershed+Merge+ClustSml+ShapeGate+MinPeaks+P-Filter+EquipRej+SkinPrio+Omega+OmScale+OmSplit+OmRot+FarField+Kalman+StaticSup,run2 pfilter4
cap_000382,2026-08-21T14:49:45.892,horizontal,23.95,26.45,0,0,0.0,TempBand+Watershed+Merge+ClustSml+ShapeGate+MinPeaks+P-Filter+EquipRej+SkinPrio+Omega+OmScale+OmSplit+OmRot+FarField+Kalman+StaticSup,run2 pfilter4
cap_000383,2026-08-21T14:49:46.014,horizontal,23.95,26.45,0,0,0.0,TempBand+Watershed+Merge+ClustSml+ShapeGate+MinPeaks+P-Filter+EquipRej+SkinPrio+Omega+OmScale+OmSplit+OmRot+FarField+Kalman+StaticSup,run2 pfilter4
cap_000384,2026-08-21T14:49:46.111,horizontal,23.95,26.45,1,0,0.0,TempBand+Watershed+Merge+ClustSml+ShapeGate+MinPeaks+P-Filter+EquipRej+SkinPrio+Omega+OmScale+OmSplit+OmRot+FarField+Kalman+StaticSup,run2 pfilter4
cap_000385,2026-08-21T14:49:46.249,horizontal,23.95,26.45,1,0,0.0,TempBand+Watershed+Merge+ClustSml+ShapeGate+MinPeaks+P-Filter+EquipRej+SkinPrio+Omega+OmScale+OmSplit+OmRot+FarField+Kalman+StaticSup,run2 pfilter4
cap_000386,2026-08-21T14:49:46.370,horizontal,23.98,26.48,0,0,0.0,TempBand+Watershed+Merge+ClustSml+ShapeGate+MinPeaks+P-Filter+EquipRej+SkinPrio+Omega+OmScale+OmSplit+OmRot+FarField+Kalman+StaticSup,run2 pfilter4
cap_000387,2026-08-21T14:49:46.464,horizontal,23.98,26.48,1,0,0.0,TempBand+Watershed+Merge+ClustSml+ShapeGate+MinPeaks+P-Filter+EquipRej+SkinPrio+Omega+OmScale+OmSplit+OmRot+FarField+Kalman+StaticSup,run2 pfilter4
cap_000388,2026-08-21T14:49:46.589,horizontal,23.98,26.48,0,0,0.0,TempBand+Watershed+Merge+ClustSml+ShapeGate+MinPeaks+P-Filter+EquipRej+SkinPrio+Omega+OmScale+OmSplit+OmRot+FarField+Kalman+StaticSup,run2 pfilter4
cap_000389,2026-08-21T14:49:46.687,horizontal,23.95,26.45,0,0,0.0,TempBand+Watershed+Merge+ClustSml+ShapeGate+MinPeaks+P-Filter+EquipRej+SkinPrio+Omega+OmScale+OmSplit+OmRot+FarField+Kalman+StaticSup,run2 pfilter4
cap_000390,2026-08-21T14:49:46.814,horizontal,23.95,26.45,0,0,0.0,TempBand+Watershed+Merge+ClustSml+ShapeGate+MinPeaks+P-Filter+EquipRej+SkinPrio+Omega+OmScale+OmSplit+OmRot+FarField+Kalman+StaticSup,run2 pfilter4
cap_000391,2026-08-21T14:49:46.916,horizontal,23.93,26.43,1,0,0.0,TempBand+Watershed+Merge+ClustSml+ShapeGate+MinPeaks+P-Filter+EquipRej+SkinPrio+Omega+OmScale+OmSplit+OmRot+FarField+Kalman+StaticSup,run2 pfilter4
cap_000392,2026-08-21T14:49:47.043,horizontal,23.93,26.43,1,0,0.0,TempBand+Watershed+Merge+ClustSml+ShapeGate+MinPeaks+P-Filter+EquipRej+SkinPrio+Omega+OmScale+OmSplit+OmRot+FarField+Kalman+StaticSup,run2 pfilter4
cap_000393,2026-08-21T14:49:47.171,horizontal,23.93,26.43,1,0,0.0,TempBand+Watershed+Merge+ClustSml+ShapeGate+MinPeaks+P-Filter+EquipRej+SkinPrio+Omega+OmScale+OmSplit+OmRot+FarField+Kalman+StaticSup,run2 pfilter4
cap_000394,2026-08-21T14:49:47.269,horizontal,23.91,26.41,1,0,0.0,TempBand+Watershed+Merge+ClustSml+ShapeGate+MinPeaks+P-Filter+EquipRej+SkinPrio+Omega+OmScale+OmSplit+OmRot+FarField+Kalman+StaticSup,run2 pfilter4
cap_000395,2026-08-21T14:49:47.402,horizontal,23.91,26.41,1,0,0.0,TempBand+Watershed+Merge+ClustSml+ShapeGate+MinPeaks+P-Filter+EquipRej+SkinPrio+Omega+OmScale+OmSplit+OmRot+FarField+Kalman+StaticSup,run2 pfilter4
cap_000396,2026-08-21T14:49:47.494,horizontal,23.91,26.41,1,0,0.0,TempBand+Watershed+Merge+ClustSml+ShapeGate+MinPeaks+P-Filter+EquipRej+SkinPrio+Omega+OmScale+OmSplit+OmRot+FarField+Kalman+StaticSup,run2 pfilter4
cap_000397,2026-08-21T14:49:47.622,horizontal,23.91,26.41,2,2,0.9002365099949804,TempBand+Watershed+Merge+ClustSml+ShapeGate+MinPeaks+P-Filter+EquipRej+SkinPrio+Omega+OmScale+OmSplit+OmRot+FarField+Kalman+StaticSup,run2 pfilter4
cap_000398,2026-08-21T14:49:47.715,horizontal,23.95,26.45,1,2,0.9600883489137642,TempBand+Watershed+Merge+ClustSml+ShapeGate+MinPeaks+P-Filter+EquipRej+SkinPrio+Omega+OmScale+OmSplit+OmRot+FarField+Kalman+StaticSup,run2 pfilter4
cap_000399,2026-08-21T14:49:47.841,horizontal,23.93,26.43,0,0,0.0,TempBand+Watershed+Merge+ClustSml+ShapeGate+MinPeaks+P-Filter+EquipRej+SkinPrio+Omega+OmScale+OmSplit+OmRot+FarField+Kalman+StaticSup,run2 pfilter4
cap_000400,2026-08-21T14:49:47.945,horizontal,23.93,26.43,0,0,0.0,TempBand+Watershed+Merge+ClustSml+ShapeGate+MinPeaks+P-Filter+EquipRej+SkinPrio+Omega+OmScale+OmSplit+OmRot+FarField+Kalman+StaticSup,run2 pfilter4
cap_000401,2026-08-21T14:49:48.063,horizontal,23.93,26.43,1,0,0.0,TempBand+Watershed+Merge+ClustSml+ShapeGate+MinPeaks+P-Filter+EquipRej+SkinPrio+Omega+OmScale+OmSplit+OmRot+FarField+Kalman+StaticSup,run2 pfilter4
cap_000402,2026-08-21T14:49:48.197,horizontal,23.93,26.43,1,0,0.0,TempBand+Watershed+Merge+ClustSml+ShapeGate+MinPeaks+P-Filter+EquipRej+SkinPrio+Omega+OmScale+OmSplit+OmRot+FarField+Kalman+StaticSup,run2 pfilter4
cap_000403,2026-08-21T14:49:48.290,horizontal,23.93,26.43,1,0,0.0,TempBand+Watershed+Merge+ClustSml+ShapeGate+MinPeaks+P-Filter+EquipRej+SkinPrio+Omega+OmScale+OmSplit+OmRot+FarField+Kalman+StaticSup,run2 pfilter4
cap_000404,2026-08-21T14:49:48.418,horizontal,23.93,26.43,1,0,0.0,TempBand+Watershed+Merge+ClustSml+ShapeGate+MinPeaks+P-Filter+EquipRej+SkinPrio+Omega+OmScale+OmSplit+OmRot+FarField+Kalman+StaticSup,run2 pfilter4
cap_000405,2026-08-21T14:49:48.514,horizontal,23.93,26.43,1,0,0.0,TempBand+Watershed+Merge+ClustSml+ShapeGate+MinPeaks+P-Filter+EquipRej+SkinPrio+Omega+OmScale+OmSplit+OmRot+FarField+Kalman+StaticSup,run2 pfilter4
cap_000406,2026-08-21T14:49:48.644,horizontal,23.93,26.43,1,0,0.0,TempBand+Watershed+Merge+ClustSml+ShapeGate+MinPeaks+P-Filter+EquipRej+SkinPrio+Omega+OmScale+OmSplit+OmRot+FarField+Kalman+StaticSup,run2 pfilter4
cap_000407,2026-08-21T14:49:48.742,horizontal,23.93,26.43,1,0,0.0,TempBand+Watershed+Merge+ClustSml+ShapeGate+MinPeaks+P-Filter+EquipRej+SkinPrio+Omega+OmScale+OmSplit+OmRot+FarField+Kalman+StaticSup,run2 pfilter4
cap_000408,2026-08-21T14:49:48.867,horizontal,23.93,26.43,1,0,0.0,TempBand+Watershed+Merge+ClustSml+ShapeGate+MinPeaks+P-Filter+EquipRej+SkinPrio+Omega+OmScale+OmSplit+OmRot+FarField+Kalman+StaticSup,run2 pfilter4
cap_000409,2026-08-21T14:49:48.997,horizontal,23.91,26.41,1,0,0.0,TempBand+Watershed+Merge+ClustSml+ShapeGate+MinPeaks+P-Filter+EquipRej+SkinPrio+Omega+OmScale+OmSplit+OmRot+FarField+Kalman+StaticSup,run2 pfilter4
cap_000410,2026-08-21T14:49:49.093,horizontal,23.91,26.41,1,0,0.0,TempBand+Watershed+Merge+ClustSml+ShapeGate+MinPeaks+P-Filter+EquipRej+SkinPrio+Omega+OmScale+OmSplit+OmRot+FarField+Kalman+StaticSup,run2 pfilter4
cap_000411,2026-08-21T14:49:49.219,horizontal,23.91,26.41,1,0,0.0,TempBand+Watershed+Merge+ClustSml+ShapeGate+MinPeaks+P-Filter+EquipRej+SkinPrio+Omega+OmScale+OmSplit+OmRot+FarField+Kalman+StaticSup,run2 pfilter4
cap_000412,2026-08-21T14:49:49.315,horizontal,23.88,26.38,1,0,0.0,TempBand+Watershed+Merge+ClustSml+ShapeGate+MinPeaks+P-Filter+EquipRej+SkinPrio+Omega+OmScale+OmSplit+OmRot+FarField+Kalman+StaticSup,run2 pfilter4
cap_000413,2026-08-21T14:49:49.442,horizontal,23.88,26.38,1,0,0.0,TempBand+Watershed+Merge+ClustSml+ShapeGate+MinPeaks+P-Filter+EquipRej+SkinPrio+Omega+OmScale+OmSplit+OmRot+FarField+Kalman+StaticSup,run2 pfilter4
cap_000414,2026-08-21T14:49:49.539,horizontal,23.88,26.38,0,0,0.0,TempBand+Watershed+Merge+ClustSml+ShapeGate+MinPeaks+P-Filter+EquipRej+SkinPrio+Omega+OmScale+OmSplit+OmRot+FarField+Kalman+StaticSup,run2 pfilter4
cap_000415,2026-08-21T14:49:49.666,horizontal,23.88,26.38,0,0,0.0,TempBand+Watershed+Merge+ClustSml+ShapeGate+MinPeaks+P-Filter+EquipRej+SkinPrio+Omega+OmScale+OmSplit+OmRot+FarField+Kalman+StaticSup,run2 pfilter4
cap_000416,2026-08-21T14:49:49.812,horizontal,23.91,26.41,1,0,0.0,TempBand+Watershed+Merge+ClustSml+ShapeGate+MinPeaks+P-Filter+EquipRej+SkinPrio+Omega+OmScale+OmSplit+OmRot+FarField+Kalman+StaticSup,run2 pfilter4
cap_000417,2026-08-21T14:49:49.891,horizontal,23.88,26.38,1,0,0.0,TempBand+Watershed+Merge+ClustSml+ShapeGate+MinPeaks+P-Filter+EquipRej+SkinPrio+Omega+OmScale+OmSplit+OmRot+FarField+Kalman+StaticSup,run2 pfilter4
cap_000418,2026-08-21T14:49:50.021,horizontal,23.91,26.41,1,0,0.0,TempBand+Watershed+Merge+ClustSml+ShapeGate+MinPeaks+P-Filter+EquipRej+SkinPrio+Omega+OmScale+OmSplit+OmRot+FarField+Kalman+StaticSup,run2 pfilter4
cap_000419,2026-08-21T14:49:50.116,horizontal,23.91,26.41,1,0,0.0,TempBand+Watershed+Merge+ClustSml+ShapeGate+MinPeaks+P-Filter+EquipRej+SkinPrio+Omega+OmScale+OmSplit+OmRot+FarField+Kalman+StaticSup,run2 pfilter4
cap_000420,2026-08-21T14:49:50.243,horizontal,23.91,26.41,1,0,0.0,TempBand+Watershed+Merge+ClustSml+ShapeGate+MinPeaks+P-Filter+EquipRej+SkinPrio+Omega+OmScale+OmSplit+OmRot+FarField+Kalman+StaticSup,run2 pfilter4
cap_000421,2026-08-21T14:49:50.336,horizontal,23.88,26.38,1,0,0.0,TempBand+Watershed+Merge+ClustSml+ShapeGate+MinPeaks+P-Filter+EquipRej+SkinPrio+Omega+OmScale+OmSplit+OmRot+FarField+Kalman+StaticSup,run2 pfilter4
cap_000422,2026-08-21T14:49:50.468,horizontal,23.88,26.38,1,0,0.0,TempBand+Watershed+Merge+ClustSml+ShapeGate+MinPeaks+P-Filter+EquipRej+SkinPrio+Omega+OmScale+OmSplit+OmRot+FarField+Kalman+StaticSup,run2 pfilter4
cap_000423,2026-08-21T14:49:50.562,horizontal,23.88,26.38,1,0,0.0,TempBand+Watershed+Merge+ClustSml+ShapeGate+MinPeaks+P-Filter+EquipRej+SkinPrio+Omega+OmScale+OmSplit+OmRot+FarField+Kalman+StaticSup,run2 pfilter4
cap_000424,2026-08-21T14:49:50.691,horizontal,23.86,26.36,1,0,0.0,TempBand+Watershed+Merge+ClustSml+ShapeGate+MinPeaks+P-Filter+EquipRej+SkinPrio+Omega+OmScale+OmSplit+OmRot+FarField+Kalman+StaticSup,run2 pfilter4
cap_000425,2026-08-21T14:49:50.823,horizontal,23.86,26.36,1,0,0.0,TempBand+Watershed+Merge+ClustSml+ShapeGate+MinPeaks+P-Filter+EquipRej+SkinPrio+Omega+OmScale+OmSplit+OmRot+FarField+Kalman+StaticSup,run2 pfilter4
cap_000426,2026-08-21T14:49:50.910,horizontal,23.84,26.34,0,0,0.0,TempBand+Watershed+Merge+ClustSml+ShapeGate+MinPeaks+P-Filter+EquipRej+SkinPrio+Omega+OmScale+OmSplit+OmRot+FarField+Kalman+StaticSup,run2 pfilter4
cap_000427,2026-08-21T14:49:51.039,horizontal,23.84,26.34,1,0,0.0,TempBand+Watershed+Merge+ClustSml+ShapeGate+MinPeaks+P-Filter+EquipRej+SkinPrio+Omega+OmScale+OmSplit+OmRot+FarField+Kalman+StaticSup,run2 pfilter4
cap_000428,2026-08-21T14:49:51.135,horizontal,23.84,26.34,1,0,0.0,TempBand+Watershed+Merge+ClustSml+ShapeGate+MinPeaks+P-Filter+EquipRej+SkinPrio+Omega+OmScale+OmSplit+OmRot+FarField+Kalman+StaticSup,run2 pfilter4
cap_000429,2026-08-21T14:49:51.266,horizontal,23.86,26.36,0,0,0.0,TempBand+Watershed+Merge+ClustSml+ShapeGate+MinPeaks+P-Filter+EquipRej+SkinPrio+Omega+OmScale+OmSplit+OmRot+FarField+Kalman+StaticSup,run2 pfilter4
cap_000430,2026-08-21T14:49:51.362,horizontal,23.86,26.36,1,0,0.0,TempBand+Watershed+Merge+ClustSml+ShapeGate+MinPeaks+P-Filter+EquipRej+SkinPrio+Omega+OmScale+OmSplit+OmRot+FarField+Kalman+StaticSup,run2 pfilter4
cap_000431,2026-08-21T14:49:51.487,horizontal,23.84,26.34,1,0,0.0,TempBand+Watershed+Merge+ClustSml+ShapeGate+MinPeaks+P-Filter+EquipRej+SkinPrio+Omega+OmScale+OmSplit+OmRot+FarField+Kalman+StaticSup,run2 pfilter4
cap_000432,2026-08-21T14:49:51.584,horizontal,23.84,26.34,1,0,0.0,TempBand+Watershed+Merge+ClustSml+ShapeGate+MinPeaks+P-Filter+EquipRej+SkinPrio+Omega+OmScale+OmSplit+OmRot+FarField+Kalman+StaticSup,run2 pfilter4
cap_000433,2026-08-21T14:49:51.712,horizontal,23.81,26.31,1,0,0.0,TempBand+Watershed+Merge+ClustSml+ShapeGate+MinPeaks+P-Filter+EquipRej+SkinPrio+Omega+OmScale+OmSplit+OmRot+FarField+Kalman+StaticSup,run2 pfilter4
cap_000434,2026-08-21T14:49:51.852,horizontal,23.81,26.31,1,0,0.0,TempBand+Watershed+Merge+ClustSml+ShapeGate+MinPeaks+P-Filter+EquipRej+SkinPrio+Omega+OmScale+OmSplit+OmRot+FarField+Kalman+StaticSup,run2 pfilter4
cap_000435,2026-08-21T14:49:51.940,horizontal,23.84,26.34,1,0,0.0,TempBand+Watershed+Merge+ClustSml+ShapeGate+MinPeaks+P-Filter+EquipRej+SkinPrio+Omega+OmScale+OmSplit+OmRot+FarField+Kalman+StaticSup,run2 pfilter4
cap_000436,2026-08-21T14:49:52.071,horizontal,23.84,26.34,1,0,0.0,TempBand+Watershed+Merge+ClustSml+ShapeGate+MinPeaks+P-Filter+EquipRej+SkinPrio+Omega+OmScale+OmSplit+OmRot+FarField+Kalman+StaticSup,run2 pfilter4
cap_000437,2026-08-21T14:49:52.167,horizontal,23.84,26.34,1,0,0.0,TempBand+Watershed+Merge+ClustSml+ShapeGate+MinPeaks+P-Filter+EquipRej+SkinPrio+Omega+OmScale+OmSplit+OmRot+FarField+Kalman+StaticSup,run2 pfilter4
cap_000438,2026-08-21T14:49:52.292,horizontal,23.91,26.41,2,1,0.8857134821625738,TempBand+Watershed+Merge+ClustSml+ShapeGate+MinPeaks+P-Filter+EquipRej+SkinPrio+Omega+OmScale+OmSplit+OmRot+FarField+Kalman+StaticSup,run2 pfilter4
cap_000439,2026-08-21T14:49:52.389,horizontal,23.91,26.41,2,1,0.8833882095666661,TempBand+Watershed+Merge+ClustSml+ShapeGate+MinPeaks+P-Filter+EquipRej+SkinPrio+Omega+OmScale+OmSplit+OmRot+FarField+Kalman+StaticSup,run2 pfilter4
cap_000440,2026-08-21T14:49:52.516,horizontal,23.91,26.41,2,1,0.960841254682379,TempBand+Watershed+Merge+ClustSml+ShapeGate+MinPeaks+P-Filter+EquipRej+SkinPrio+Omega+OmScale+OmSplit+OmRot+FarField+Kalman+StaticSup,run2 pfilter4
cap_000441,2026-08-21T14:49:52.620,horizontal,23.93,26.43,2,2,0.8999412023538508,TempBand+Watershed+Merge+ClustSml+ShapeGate+MinPeaks+P-Filter+EquipRej+SkinPrio+Omega+OmScale+OmSplit+OmRot+FarField+Kalman+StaticSup,run2 pfilter4
cap_000442,2026-08-21T14:49:52.748,horizontal,23.91,26.41,2,1,0.9463149163089517,TempBand+Watershed+Merge+ClustSml+ShapeGate+MinPeaks+P-Filter+EquipRej+SkinPrio+Omega+OmScale+OmSplit+OmRot+FarField+Kalman+StaticSup,run2 pfilter4
cap_000443,2026-08-21T14:49:52.880,horizontal,23.91,26.41,2,2,0.9441105779449356,TempBand+Watershed+Merge+ClustSml+ShapeGate+MinPeaks+P-Filter+EquipRej+SkinPrio+Omega+OmScale+OmSplit+OmRot+FarField+Kalman+StaticSup,run2 pfilter4
cap_000444,2026-08-21T14:49:52.965,horizontal,23.91,26.41,2,1,0.8636939835052523,TempBand+Watershed+Merge+ClustSml+ShapeGate+MinPeaks+P-Filter+EquipRej+SkinPrio+Omega+OmScale+OmSplit+OmRot+FarField+Kalman+StaticSup,run2 pfilter4
cap_000445,2026-08-21T14:49:53.094,horizontal,23.91,26.41,2,2,0.9355152740312868,TempBand+Watershed+Merge+ClustSml+ShapeGate+MinPeaks+P-Filter+EquipRej+SkinPrio+Omega+OmScale+OmSplit+OmRot+FarField+Kalman+StaticSup,run2 pfilter4
cap_000446,2026-08-21T14:49:53.189,horizontal,23.91,26.41,2,1,0.955028996026198,TempBand+Watershed+Merge+ClustSml+ShapeGate+MinPeaks+P-Filter+EquipRej+SkinPrio+Omega+OmScale+OmSplit+OmRot+FarField+Kalman+StaticSup,run2 pfilter4
cap_000447,2026-08-21T14:49:53.319,horizontal,23.91,26.41,2,1,0.9267415650485445,TempBand+Watershed+Merge+ClustSml+ShapeGate+MinPeaks+P-Filter+EquipRej+SkinPrio+Omega+OmScale+OmSplit+OmRot+FarField+Kalman+StaticSup,run2 pfilter4
cap_000448,2026-08-21T14:49:53.412,horizontal,23.91,26.41,2,1,0.9583246109215238,TempBand+Watershed+Merge+ClustSml+ShapeGate+MinPeaks+P-Filter+EquipRej+SkinPrio+Omega+OmScale+OmSplit+OmRot+FarField+Kalman+StaticSup,run2 pfilter4
cap_000449,2026-08-21T14:49:53.545,horizontal,23.95,26.45,2,2,0.8514316862012091,TempBand+Watershed+Merge+ClustSml+ShapeGate+MinPeaks+P-Filter+EquipRej+SkinPrio+Omega+OmScale+OmSplit+OmRot+FarField+Kalman+StaticSup,run2 pfilter4
cap_000450,2026-08-21T14:49:53.676,horizontal,23.95,26.45,1,2,0.8731117275966014,TempBand+Watershed+Merge+ClustSml+ShapeGate+MinPeaks+P-Filter+EquipRej+SkinPrio+Omega+OmScale+OmSplit+OmRot+FarField+Kalman+StaticSup,run2 pfilter4
cap_000451,2026-08-21T14:49:53.770,horizontal,23.98,26.48,1,2,0.9738291846424261,TempBand+Watershed+Merge+ClustSml+ShapeGate+MinPeaks+P-Filter+EquipRej+SkinPrio+Omega+OmScale+OmSplit+OmRot+FarField+Kalman+StaticSup,run2 pfilter4
cap_000452,2026-08-21T14:49:53.895,horizontal,24.02,26.52,1,2,0.9156545039106566,TempBand+Watershed+Merge+ClustSml+ShapeGate+MinPeaks+P-Filter+EquipRej+SkinPrio+Omega+OmScale+OmSplit+OmRot+FarField+Kalman+StaticSup,run2 pfilter4
cap_000453,2026-08-21T14:49:53.990,horizontal,24.02,26.52,1,2,0.927100926521239,TempBand+Watershed+Merge+ClustSml+ShapeGate+MinPeaks+P-Filter+EquipRej+SkinPrio+Omega+OmScale+OmSplit+OmRot+FarField+Kalman+StaticSup,run2 pfilter4
cap_000454,2026-08-21T14:49:54.118,horizontal,24.02,26.52,1,2,0.9800316700156008,TempBand+Watershed+Merge+ClustSml+ShapeGate+MinPeaks+P-Filter+EquipRej+SkinPrio+Omega+OmScale+OmSplit+OmRot+FarField+Kalman+StaticSup,run2 pfilter4
cap_000455,2026-08-21T14:49:54.214,horizontal,24.02,26.52,2,2,0.8914736465328623,TempBand+Watershed+Merge+ClustSml+ShapeGate+MinPeaks+P-Filter+EquipRej+SkinPrio+Omega+OmScale+OmSplit+OmRot+FarField+Kalman+StaticSup,run2 pfilter4
cap_000456,2026-08-21T14:49:54.345,horizontal,24.02,26.52,2,2,0.9437800697624903,TempBand+Watershed+Merge+ClustSml+ShapeGate+MinPeaks+P-Filter+EquipRej+SkinPrio+Omega+OmScale+OmSplit+OmRot+FarField+Kalman+StaticSup,run2 pfilter4
cap_000457,2026-08-21T14:49:54.439,horizontal,24.04,26.54,1,2,0.9484578622380332,TempBand+Watershed+Merge+ClustSml+ShapeGate+MinPeaks+P-Filter+EquipRej+SkinPrio+Omega+OmScale+OmSplit+OmRot+FarField+Kalman+StaticSup,run2 pfilter4
cap_000458,2026-08-21T14:49:54.568,horizontal,24.04,26.54,1,1,0.9167900999330613,TempBand+Watershed+Merge+ClustSml+ShapeGate+MinPeaks+P-Filter+EquipRej+SkinPrio+Omega+OmScale+OmSplit+OmRot+FarField+Kalman+StaticSup,run2 pfilter4
cap_000459,2026-08-21T14:49:54.696,horizontal,24.04,26.54,1,2,0.9607359364920203,TempBand+Watershed+Merge+ClustSml+ShapeGate+MinPeaks+P-Filter+EquipRej+SkinPrio+Omega+OmScale+OmSplit+OmRot+FarField+Kalman+StaticSup,run2 pfilter4
cap_000460,2026-08-21T14:49:54.791,horizontal,24.04,26.54,2,2,0.9616182317375273,TempBand+Watershed+Merge+ClustSml+ShapeGate+MinPeaks+P-Filter+EquipRej+SkinPrio+Omega+OmScale+OmSplit+OmRot+FarField+Kalman+StaticSup,run2 pfilter4
cap_000461,2026-08-21T14:49:54.919,horizontal,24.04,26.54,2,2,0.9603428217189804,TempBand+Watershed+Merge+ClustSml+ShapeGate+MinPeaks+P-Filter+EquipRej+SkinPrio+Omega+OmScale+OmSplit+OmRot+FarField+Kalman+StaticSup,run2 pfilter4
cap_000462,2026-08-21T14:49:55.015,horizontal,24.04,26.54,2,2,0.9503727058964865,TempBand+Watershed+Merge+ClustSml+ShapeGate+MinPeaks+P-Filter+EquipRej+SkinPrio+Omega+OmScale+OmSplit+OmRot+FarField+Kalman+StaticSup,run2 pfilter4
cap_000463,2026-08-21T14:49:55.144,horizontal,24.02,26.52,2,2,0.9372831357686815,TempBand+Watershed+Merge+ClustSml+ShapeGate+MinPeaks+P-Filter+EquipRej+SkinPrio+Omega+OmScale+OmSplit+OmRot+FarField+Kalman+StaticSup,run2 pfilter4
cap_000464,2026-08-21T14:49:55.243,horizontal,24.01,26.51,2,2,0.9338977499148831,TempBand+Watershed+Merge+ClustSml+ShapeGate+MinPeaks+P-Filter+EquipRej+SkinPrio+Omega+OmScale+OmSplit+OmRot+FarField+Kalman+StaticSup,run2 pfilter4
cap_000465,2026-08-21T14:49:55.368,horizontal,24.00,26.50,2,2,0.9326610026968454,TempBand+Watershed+Merge+ClustSml+ShapeGate+MinPeaks+P-Filter+EquipRej+SkinPrio+Omega+OmScale+OmSplit+OmRot+FarField+Kalman+StaticSup,run2 pfilter4
cap_000466,2026-08-21T14:49:55.497,horizontal,24.02,26.52,1,2,0.955853369046284,TempBand+Watershed+Merge+ClustSml+ShapeGate+MinPeaks+P-Filter+EquipRej+SkinPrio+Omega+OmScale+OmSplit+OmRot+FarField+Kalman+StaticSup,run2 pfilter4
cap_000467,2026-08-21T14:49:55.590,horizontal,24.02,26.52,1,2,0.9513677454020831,TempBand+Watershed+Merge+ClustSml+ShapeGate+MinPeaks+P-Filter+EquipRej+SkinPrio+Omega+OmScale+OmSplit+OmRot+FarField+Kalman+StaticSup,run2 pfilter4
cap_000468,2026-08-21T14:49:55.720,horizontal,24.04,26.54,1,2,0.9369344070586579,TempBand+Watershed+Merge+ClustSml+ShapeGate+MinPeaks+P-Filter+EquipRej+SkinPrio+Omega+OmScale+OmSplit+OmRot+FarField+Kalman+StaticSup,run2 pfilter4
cap_000469,2026-08-21T14:49:55.817,horizontal,24.07,26.57,1,2,0.9403603214016534,TempBand+Watershed+Merge+ClustSml+ShapeGate+MinPeaks+P-Filter+EquipRej+SkinPrio+Omega+OmScale+OmSplit+OmRot+FarField+Kalman+StaticSup,run2 pfilter4
cap_000470,2026-08-21T14:49:55.956,horizontal,24.14,26.64,1,2,0.9439619965481223,TempBand+Watershed+Merge+ClustSml+ShapeGate+MinPeaks+P-Filter+EquipRej+SkinPrio+Omega+OmScale+OmSplit+OmRot+FarField+Kalman+StaticSup,run2 pfilter4
cap_000471,2026-08-21T14:49:56.041,horizontal,24.11,26.61,2,2,0.8802401332111031,TempBand+Watershed+Merge+ClustSml+ShapeGate+MinPeaks+P-Filter+EquipRej+SkinPrio+Omega+OmScale+OmSplit+OmRot+FarField+Kalman+StaticSup,run2 pfilter4
cap_000472,2026-08-21T14:49:56.170,horizontal,24.14,26.64,2,2,0.8765165505260742,TempBand+Watershed+Merge+ClustSml+ShapeGate+MinPeaks+P-Filter+EquipRej+SkinPrio+Omega+OmScale+OmSplit+OmRot+FarField+Kalman+StaticSup,run2 pfilter4
cap_000473,2026-08-21T14:49:56.261,horizontal,24.11,26.61,2,2,0.8894525089404329,TempBand+Watershed+Merge+ClustSml+ShapeGate+MinPeaks+P-Filter+EquipRej+SkinPrio+Omega+OmScale+OmSplit+OmRot+FarField+Kalman+StaticSup,run2 pfilter4
cap_000474,2026-08-21T14:49:56.391,horizontal,24.11,26.61,2,2,0.8836033756555078,TempBand+Watershed+Merge+ClustSml+ShapeGate+MinPeaks+P-Filter+EquipRej+SkinPrio+Omega+OmScale+OmSplit+OmRot+FarField+Kalman+StaticSup,run2 pfilter4
cap_000475,2026-08-21T14:49:56.518,horizontal,24.14,26.64,2,1,0.963595612960804,TempBand+Watershed+Merge+ClustSml+ShapeGate+MinPeaks+P-Filter+EquipRej+SkinPrio+Omega+OmScale+OmSplit+OmRot+FarField+Kalman+StaticSup,run2 pfilter4
cap_000476,2026-08-21T14:49:56.612,horizontal,24.14,26.64,1,1,0.9619884297664663,TempBand+Watershed+Merge+ClustSml+ShapeGate+MinPeaks+P-Filter+EquipRej+SkinPrio+Omega+OmScale+OmSplit+OmRot+FarField+Kalman+StaticSup,run2 pfilter4
cap_000477,2026-08-21T14:49:56.748,horizontal,24.11,26.61,2,2,0.9507542324308601,TempBand+Watershed+Merge+ClustSml+ShapeGate+MinPeaks+P-Filter+EquipRej+SkinPrio+Omega+OmScale+OmSplit+OmRot+FarField+Kalman+StaticSup,run2 pfilter4
cap_000478,2026-08-21T14:49:56.842,horizontal,24.07,26.57,2,2,0.9507542324308601,TempBand+Watershed+Merge+ClustSml+ShapeGate+MinPeaks+P-Filter+EquipRej+SkinPrio+Omega+OmScale+OmSplit+OmRot+FarField+Kalman+StaticSup,run2 pfilter4
cap_000479,2026-08-21T14:49:56.971,horizontal,24.07,26.57,2,2,0.9507542324308601,TempBand+Watershed+Merge+ClustSml+ShapeGate+MinPeaks+P-Filter+EquipRej+SkinPrio+Omega+OmScale+OmSplit+OmRot+FarField+Kalman+StaticSup,run2 pfilter4
cap_000480,2026-08-21T14:49:57.062,horizontal,24.07,26.57,1,2,0.9520718666098279,TempBand+Watershed+Merge+ClustSml+ShapeGate+MinPeaks+P-Filter+EquipRej+SkinPrio+Omega+OmScale+OmSplit+OmRot+FarField+Kalman+StaticSup,run2 pfilter4
cap_000481,2026-08-21T14:49:57.191,horizontal,24.07,26.57,2,2,0.9520718666098279,TempBand+Watershed+Merge+ClustSml+ShapeGate+MinPeaks+P-Filter+EquipRej+SkinPrio+Omega+OmScale+OmSplit+OmRot+FarField+Kalman+StaticSup,run2 pfilter4
cap_000482,2026-08-21T14:49:57.321,horizontal,24.07,26.57,2,2,0.8429112438789306,TempBand+Watershed+Merge+ClustSml+ShapeGate+MinPeaks+P-Filter+EquipRej+SkinPrio+Omega+OmScale+OmSplit+OmRot+FarField+Kalman+StaticSup,run2 pfilter4
cap_000483,2026-08-21T14:49:57.414,horizontal,24.09,26.59,1,2,0.8888046079820183,TempBand+Watershed+Merge+ClustSml+ShapeGate+MinPeaks+P-Filter+EquipRej+SkinPrio+Omega+OmScale+OmSplit+OmRot+FarField+Kalman+StaticSup,run2 pfilter4
cap_000484,2026-08-21T14:49:57.547,horizontal,24.14,26.64,1,2,0.8888046079820183,TempBand+Watershed+Merge+ClustSml+ShapeGate+MinPeaks+P-Filter+EquipRej+SkinPrio+Omega+OmScale+OmSplit+OmRot+FarField+Kalman+StaticSup,run2 pfilter4
cap_000485,2026-08-21T14:49:57.640,horizontal,24.16,26.66,1,2,0.9629432741228734,TempBand+Watershed+Merge+ClustSml+ShapeGate+MinPeaks+P-Filter+EquipRej+SkinPrio+Omega+OmScale+OmSplit+OmRot+FarField+Kalman+StaticSup,run2 pfilter4
cap_000486,2026-08-21T14:49:57.771,horizontal,24.16,26.66,1,2,0.9520718666098279,TempBand+Watershed+Merge+ClustSml+ShapeGate+MinPeaks+P-Filter+EquipRej+SkinPrio+Omega+OmScale+OmSplit+OmRot+FarField+Kalman+StaticSup,run2 pfilter4
cap_000487,2026-08-21T14:49:57.864,horizontal,24.16,26.66,2,2,0.9520718666098279,TempBand+Watershed+Merge+ClustSml+ShapeGate+MinPeaks+P-Filter+EquipRej+SkinPrio+Omega+OmScale+OmSplit+OmRot+FarField+Kalman+StaticSup,run2 pfilter4
cap_000488,2026-08-21T14:49:57.991,horizontal,24.16,26.66,1,2,0.9534286366142231,TempBand+Watershed+Merge+ClustSml+ShapeGate+MinPeaks+P-Filter+EquipRej+SkinPrio+Omega+OmScale+OmSplit+OmRot+FarField+Kalman+StaticSup,run2 pfilter4
cap_000489,2026-08-21T14:49:58.088,horizontal,24.14,26.64,1,2,0.9547838903568282,TempBand+Watershed+Merge+ClustSml+ShapeGate+MinPeaks+P-Filter+EquipRej+SkinPrio+Omega+OmScale+OmSplit+OmRot+FarField+Kalman+StaticSup,run2 pfilter4
cap_000490,2026-08-21T14:49:58.216,horizontal,24.11,26.61,2,2,0.9547838903568282,TempBand+Watershed+Merge+ClustSml+ShapeGate+MinPeaks+P-Filter+EquipRej+SkinPrio+Omega+OmScale+OmSplit+OmRot+FarField+Kalman+StaticSup,run2 pfilter4
cap_000491,2026-08-21T14:49:58.345,horizontal,24.11,26.61,2,2,0.9448194916942444,TempBand+Watershed+Merge+ClustSml+ShapeGate+MinPeaks+P-Filter+EquipRej+SkinPrio+Omega+OmScale+OmSplit+OmRot+FarField+Kalman+StaticSup,run2 pfilter4
cap_000492,2026-08-21T14:49:58.439,horizontal,24.14,26.64,2,2,0.9433607530843636,TempBand+Watershed+Merge+ClustSml+ShapeGate+MinPeaks+P-Filter+EquipRej+SkinPrio+Omega+OmScale+OmSplit+OmRot+FarField+Kalman+StaticSup,run2 pfilter4
cap_000493,2026-08-21T14:49:58.610,horizontal,24.11,26.61,2,2,0.9433607530843636,TempBand+Watershed+Merge+ClustSml+ShapeGate+MinPeaks+P-Filter+EquipRej+SkinPrio+Omega+OmScale+OmSplit+OmRot+FarField+Kalman+StaticSup,run2 pfilter4
cap_000494,2026-08-21T14:49:58.666,horizontal,24.11,26.61,1,2,0.9448194916942444,TempBand+Watershed+Merge+ClustSml+ShapeGate+MinPeaks+P-Filter+EquipRej+SkinPrio+Omega+OmScale+OmSplit+OmRot+FarField+Kalman+StaticSup,run2 pfilter4
cap_000495,2026-08-21T14:49:58.798,horizontal,24.09,26.59,1,2,0.8778530026109506,TempBand+Watershed+Merge+ClustSml+ShapeGate+MinPeaks+P-Filter+EquipRej+SkinPrio+Omega+OmScale+OmSplit+OmRot+FarField+Kalman+StaticSup,run2 pfilter4
cap_000496,2026-08-21T14:49:58.890,horizontal,24.07,26.57,1,2,0.8801591660814814,TempBand+Watershed+Merge+ClustSml+ShapeGate+MinPeaks+P-Filter+EquipRej+SkinPrio+Omega+OmScale+OmSplit+OmRot+FarField+Kalman+StaticSup,run2 pfilter4
cap_000497,2026-08-21T14:49:59.018,horizontal,24.04,26.54,2,2,0.8864146946548543,TempBand+Watershed+Merge+ClustSml+ShapeGate+MinPeaks+P-Filter+EquipRej+SkinPrio+Omega+OmScale+OmSplit+OmRot+FarField+Kalman+StaticSup,run2 pfilter4
cap_000498,2026-08-21T14:49:59.111,horizontal,24.04,26.54,2,2,0.8864146946548543,TempBand+Watershed+Merge+ClustSml+ShapeGate+MinPeaks+P-Filter+EquipRej+SkinPrio+Omega+OmScale+OmSplit+OmRot+FarField+Kalman+StaticSup,run2 pfilter4
cap_000499,2026-08-21T14:49:59.239,horizontal,24.02,26.52,2,2,0.8864146946548543,TempBand+Watershed+Merge+ClustSml+ShapeGate+MinPeaks+P-Filter+EquipRej+SkinPrio+Omega+OmScale+OmSplit+OmRot+FarField+Kalman+StaticSup,run2 pfilter4
cap_000500,2026-08-21T14:49:59.372,horizontal,24.02,26.52,2,2,0.8864146946548543,TempBand+Watershed+Merge+ClustSml+ShapeGate+MinPeaks+P-Filter+EquipRej+SkinPrio+Omega+OmScale+OmSplit+OmRot+FarField+Kalman+StaticSup,run2 pfilter4
cap_000501,2026-08-21T14:49:59.463,horizontal,24.00,26.50,2,2,0.955651923675926,TempBand+Watershed+Merge+ClustSml+ShapeGate+MinPeaks+P-Filter+EquipRej+SkinPrio+Omega+OmScale+OmSplit+OmRot+FarField+Kalman+StaticSup,run2 pfilter4
cap_000502,2026-08-21T14:49:59.592,horizontal,24.04,26.54,1,2,0.9850496022232412,TempBand+Watershed+Merge+ClustSml+ShapeGate+MinPeaks+P-Filter+EquipRej+SkinPrio+Omega+OmScale+OmSplit+OmRot+FarField+Kalman+StaticSup,run2 pfilter4
cap_000503,2026-08-21T14:49:59.687,horizontal,24.02,26.52,1,2,0.9850496022232412,TempBand+Watershed+Merge+ClustSml+ShapeGate+MinPeaks+P-Filter+EquipRej+SkinPrio+Omega+OmScale+OmSplit+OmRot+FarField+Kalman+StaticSup,run2 pfilter4
cap_000504,2026-08-21T14:49:59.819,horizontal,24.02,26.52,1,2,0.9676154306217021,TempBand+Watershed+Merge+ClustSml+ShapeGate+MinPeaks+P-Filter+EquipRej+SkinPrio+Omega+OmScale+OmSplit+OmRot+FarField+Kalman+StaticSup,run2 pfilter4
cap_000505,2026-08-21T14:49:59.913,horizontal,24.02,26.52,2,2,0.9676154306217021,TempBand+Watershed+Merge+ClustSml+ShapeGate+MinPeaks+P-Filter+EquipRej+SkinPrio+Omega+OmScale+OmSplit+OmRot+FarField+Kalman+StaticSup,run2 pfilter4
cap_000506,2026-08-21T14:50:00.044,horizontal,24.02,26.52,2,2,0.9676154306217021,TempBand+Watershed+Merge+ClustSml+ShapeGate+MinPeaks+P-Filter+EquipRej+SkinPrio+Omega+OmScale+OmSplit+OmRot+FarField+Kalman+StaticSup,run2 pfilter4
cap_000507,2026-08-21T14:50:00.169,horizontal,24.02,26.52,2,2,0.9676154306217021,TempBand+Watershed+Merge+ClustSml+ShapeGate+MinPeaks+P-Filter+EquipRej+SkinPrio+Omega+OmScale+OmSplit+OmRot+FarField+Kalman+StaticSup,run2 pfilter4
cap_000508,2026-08-21T14:50:00.263,horizontal,24.02,26.52,2,2,0.9815206175479534,TempBand+Watershed+Merge+ClustSml+ShapeGate+MinPeaks+P-Filter+EquipRej+SkinPrio+Omega+OmScale+OmSplit+OmRot+FarField+Kalman+StaticSup,run2 pfilter4
cap_000509,2026-08-21T14:50:00.391,horizontal,24.00,26.50,2,2,0.9676154306217021,TempBand+Watershed+Merge+ClustSml+ShapeGate+MinPeaks+P-Filter+EquipRej+SkinPrio+Omega+OmScale+OmSplit+OmRot+FarField+Kalman+StaticSup,run2 pfilter4
cap_000510,2026-08-21T14:50:00.488,horizontal,23.98,26.48,2,2,0.964226732831567,TempBand+Watershed+Merge+ClustSml+ShapeGate+MinPeaks+P-Filter+EquipRej+SkinPrio+Omega+OmScale+OmSplit+OmRot+FarField+Kalman+StaticSup,run2 pfilter4
cap_000511,2026-08-21T14:50:00.616,horizontal,23.98,26.48,2,1,0.9565068381745173,TempBand+Watershed+Merge+ClustSml+ShapeGate+MinPeaks+P-Filter+EquipRej+SkinPrio+Omega+OmScale+OmSplit+OmRot+FarField+Kalman+StaticSup,run2 pfilter4
cap_000512,2026-08-21T14:50:00.713,horizontal,23.98,26.48,2,2,0.9770203140532637,TempBand+Watershed+Merge+ClustSml+ShapeGate+MinPeaks+P-Filter+EquipRej+SkinPrio+Omega+OmScale+OmSplit+OmRot+FarField+Kalman+StaticSup,run2 pfilter4
cap_000513,2026-08-21T14:50:00.861,horizontal,23.95,26.45,2,2,0.976771401030248,TempBand+Watershed+Merge+ClustSml+ShapeGate+MinPeaks+P-Filter+EquipRej+SkinPrio+Omega+OmScale+OmSplit+OmRot+FarField+Kalman+StaticSup,run2 pfilter4
cap_000514,2026-08-21T14:50:00.937,horizontal,23.93,26.43,2,2,0.8864575093815744,TempBand+Watershed+Merge+ClustSml+ShapeGate+MinPeaks+P-Filter+EquipRej+SkinPrio+Omega+OmScale+OmSplit+OmRot+FarField+Kalman+StaticSup,run2 pfilter4
cap_000515,2026-08-21T14:50:01.064,horizontal,23.93,26.43,2,2,0.9203474860962043,TempBand+Watershed+Merge+ClustSml+ShapeGate+MinPeaks+P-Filter+EquipRej+SkinPrio+Omega+OmScale+OmSplit+OmRot+FarField+Kalman+StaticSup,run2 pfilter4
cap_000516,2026-08-21T14:50:01.191,horizontal,23.91,26.41,2,1,0.8624410377450032,TempBand+Watershed+Merge+ClustSml+ShapeGate+MinPeaks+P-Filter+EquipRej+SkinPrio+Omega+OmScale+OmSplit+OmRot+FarField+Kalman+StaticSup,run2 pfilter4
cap_000517,2026-08-21T14:50:01.286,horizontal,23.91,26.41,2,2,0.8919447687091184,TempBand+Watershed+Merge+ClustSml+ShapeGate+MinPeaks+P-Filter+EquipRej+SkinPrio+Omega+OmScale+OmSplit+OmRot+FarField+Kalman+StaticSup,run2 pfilter4
cap_000518,2026-08-21T14:50:01.419,horizontal,23.91,26.41,2,1,0.8875956412921764,TempBand+Watershed+Merge+ClustSml+ShapeGate+MinPeaks+P-Filter+EquipRej+SkinPrio+Omega+OmScale+OmSplit+OmRot+FarField+Kalman+StaticSup,run2 pfilter4
cap_000519,2026-08-21T14:50:01.513,horizontal,23.91,26.41,2,2,0.8171927081788459,TempBand+Watershed+Merge+ClustSml+ShapeGate+MinPeaks+P-Filter+EquipRej+SkinPrio+Omega+OmScale+OmSplit+OmRot+FarField+Kalman+StaticSup,run2 pfilter4
cap_000520,2026-08-21T14:50:01.648,horizontal,23.91,26.41,2,2,0.8327106691874853,TempBand+Watershed+Merge+ClustSml+ShapeGate+MinPeaks+P-Filter+EquipRej+SkinPrio+Omega+OmScale+OmSplit+OmRot+FarField+Kalman+StaticSup,run2 pfilter4
cap_000521,2026-08-21T14:50:01.736,horizontal,23.91,26.41,2,2,0.8741409057074494,TempBand+Watershed+Merge+ClustSml+ShapeGate+MinPeaks+P-Filter+EquipRej+SkinPrio+Omega+OmScale+OmSplit+OmRot+FarField+Kalman+StaticSup,run2 pfilter4
cap_000522,2026-08-21T14:50:01.864,horizontal,23.91,26.41,2,2,0.8904976430849606,TempBand+Watershed+Merge+ClustSml+ShapeGate+MinPeaks+P-Filter+EquipRej+SkinPrio+Omega+OmScale+OmSplit+OmRot+FarField+Kalman+StaticSup,run2 pfilter4
cap_000523,2026-08-21T14:50:01.995,horizontal,23.91,26.41,2,2,0.9313094812531669,TempBand+Watershed+Merge+ClustSml+ShapeGate+MinPeaks+P-Filter+EquipRej+SkinPrio+Omega+OmScale+OmSplit+OmRot+FarField+Kalman+StaticSup,run2 pfilter4
cap_000524,2026-08-21T14:50:02.082,horizontal,23.88,26.38,0,0,0.0,TempBand+Watershed+Merge+ClustSml+ShapeGate+MinPeaks+P-Filter+EquipRej+SkinPrio+Omega+OmScale+OmSplit+OmRot+FarField+Kalman+StaticSup,run2 pfilter4
cap_000525,2026-08-21T14:50:02.218,horizontal,23.88,26.38,1,1,0.9043160292489167,TempBand+Watershed+Merge+ClustSml+ShapeGate+MinPeaks+P-Filter+EquipRej+SkinPrio+Omega+OmScale+OmSplit+OmRot+FarField+Kalman+StaticSup,run2 pfilter4
cap_000526,2026-08-21T14:50:02.309,horizontal,23.93,26.43,1,1,0.904310573473277,TempBand+Watershed+Merge+ClustSml+ShapeGate+MinPeaks+P-Filter+EquipRej+SkinPrio+Omega+OmScale+OmSplit+OmRot+FarField+Kalman+StaticSup,run2 pfilter4
cap_000527,2026-08-21T14:50:02.444,horizontal,23.95,26.45,1,2,0.8723460521700375,TempBand+Watershed+Merge+ClustSml+ShapeGate+MinPeaks+P-Filter+EquipRej+SkinPrio+Omega+OmScale+OmSplit+OmRot+FarField+Kalman+StaticSup,run2 pfilter4
cap_000528,2026-08-21T14:50:02.533,horizontal,23.95,26.45,1,1,0.8845424084200493,TempBand+Watershed+Merge+ClustSml+ShapeGate+MinPeaks+P-Filter+EquipRej+SkinPrio+Omega+OmScale+OmSplit+OmRot+FarField+Kalman+StaticSup,run2 pfilter4
cap_000529,2026-08-21T14:50:02.665,horizontal,23.98,26.48,1,1,0.8767279904289007,TempBand+Watershed+Merge+ClustSml+ShapeGate+MinPeaks+P-Filter+EquipRej+SkinPrio+Omega+OmScale+OmSplit+OmRot+FarField+Kalman+StaticSup,run2 pfilter4
cap_000530,2026-08-21T14:50:02.758,horizontal,23.98,26.48,1,2,0.8466960555640114,TempBand+Watershed+Merge+ClustSml+ShapeGate+MinPeaks+P-Filter+EquipRej+SkinPrio+Omega+OmScale+OmSplit+OmRot+FarField+Kalman+StaticSup,run2 pfilter4
cap_000531,2026-08-21T14:50:02.891,horizontal,23.98,26.48,1,2,0.9260427181968612,TempBand+Watershed+Merge+ClustSml+ShapeGate+MinPeaks+P-Filter+EquipRej+SkinPrio+Omega+OmScale+OmSplit+OmRot+FarField+Kalman+StaticSup,run2 pfilter4
cap_000532,2026-08-21T14:50:03.013,horizontal,23.98,26.48,0,0,0.0,TempBand+Watershed+Merge+ClustSml+ShapeGate+MinPeaks+P-Filter+EquipRej+SkinPrio+Omega+OmScale+OmSplit+OmRot+FarField+Kalman+StaticSup,run2 pfilter4
cap_000533,2026-08-21T14:50:03.107,horizontal,23.98,26.48,0,0,0.0,TempBand+Watershed+Merge+ClustSml+ShapeGate+MinPeaks+P-Filter+EquipRej+SkinPrio+Omega+OmScale+OmSplit+OmRot+FarField+Kalman+StaticSup,run2 pfilter4
cap_000534,2026-08-21T14:50:03.244,horizontal,23.98,26.48,1,2,0.798288365439838,TempBand+Watershed+Merge+ClustSml+ShapeGate+MinPeaks+P-Filter+EquipRej+SkinPrio+Omega+OmScale+OmSplit+OmRot+FarField+Kalman+StaticSup,run2 pfilter4
cap_000535,2026-08-21T14:50:03.335,horizontal,24.00,26.50,1,2,0.8450171412723424,TempBand+Watershed+Merge+ClustSml+ShapeGate+MinPeaks+P-Filter+EquipRej+SkinPrio+Omega+OmScale+OmSplit+OmRot+FarField+Kalman+StaticSup,run2 pfilter4
cap_000536,2026-08-21T14:50:03.464,horizontal,24.00,26.50,1,2,0.8491216612087743,TempBand+Watershed+Merge+ClustSml+ShapeGate+MinPeaks+P-Filter+EquipRej+SkinPrio+Omega+OmScale+OmSplit+OmRot+FarField+Kalman+StaticSup,run2 pfilter4
cap_000537,2026-08-21T14:50:03.558,horizontal,24.00,26.50,1,2,0.8491216612087743,TempBand+Watershed+Merge+ClustSml+ShapeGate+MinPeaks+P-Filter+EquipRej+SkinPrio+Omega+OmScale+OmSplit+OmRot+FarField+Kalman+StaticSup,run2 pfilter4
cap_000538,2026-08-21T14:50:03.694,horizontal,24.00,26.50,1,2,0.8488714350662786,TempBand+Watershed+Merge+ClustSml+ShapeGate+MinPeaks+P-Filter+EquipRej+SkinPrio+Omega+OmScale+OmSplit+OmRot+FarField+Kalman+StaticSup,run2 pfilter4
cap_000539,2026-08-21T14:50:03.816,horizontal,24.02,26.52,1,2,0.8488714350662786,TempBand+Watershed+Merge+ClustSml+ShapeGate+MinPeaks+P-Filter+EquipRej+SkinPrio+Omega+OmScale+OmSplit+OmRot+FarField+Kalman+StaticSup,run2 pfilter4
cap_000540,2026-08-21T14:50:03.911,horizontal,24.02,26.52,1,2,0.8488714350662786,TempBand+Watershed+Merge+ClustSml+ShapeGate+MinPeaks+P-Filter+EquipRej+SkinPrio+Omega+OmScale+OmSplit+OmRot+FarField+Kalman+StaticSup,run2 pfilter4
cap_000541,2026-08-21T14:50:04.037,horizontal,24.04,26.54,0,0,0.0,TempBand+Watershed+Merge+ClustSml+ShapeGate+MinPeaks+P-Filter+EquipRej+SkinPrio+Omega+OmScale+OmSplit+OmRot+FarField+Kalman+StaticSup,run2 pfilter4
cap_000542,2026-08-21T14:50:04.141,horizontal,24.02,26.52,1,2,0.8489067182166833,TempBand+Watershed+Merge+ClustSml+ShapeGate+MinPeaks+P-Filter+EquipRej+SkinPrio+Omega+OmScale+OmSplit+OmRot+FarField+Kalman+StaticSup,run2 pfilter4
cap_000543,2026-08-21T14:50:04.265,horizontal,24.02,26.52,1,2,0.8489067182166833,TempBand+Watershed+Merge+ClustSml+ShapeGate+MinPeaks+P-Filter+EquipRej+SkinPrio+Omega+OmScale+OmSplit+OmRot+FarField+Kalman+StaticSup,run2 pfilter4
cap_000544,2026-08-21T14:50:04.357,horizontal,24.02,26.52,1,2,0.8471210379746908,TempBand+Watershed+Merge+ClustSml+ShapeGate+MinPeaks+P-Filter+EquipRej+SkinPrio+Omega+OmScale+OmSplit+OmRot+FarField+Kalman+StaticSup,run2 pfilter4
cap_000545,2026-08-21T14:50:04.496,horizontal,24.00,26.50,1,2,0.8471210379746908,TempBand+Watershed+Merge+ClustSml+ShapeGate+MinPeaks+P-Filter+EquipRej+SkinPrio+Omega+OmScale+OmSplit+OmRot+FarField+Kalman+StaticSup,run2 pfilter4
cap_000546,2026-08-21T14:50:04.584,horizontal,24.02,26.52,1,2,0.8471210379746908,TempBand+Watershed+Merge+ClustSml+ShapeGate+MinPeaks+P-Filter+EquipRej+SkinPrio+Omega+OmScale+OmSplit+OmRot+FarField+Kalman+StaticSup,run2 pfilter4
cap_000547,2026-08-21T14:50:04.711,horizontal,24.02,26.52,1,2,0.8473649872512923,TempBand+Watershed+Merge+ClustSml+ShapeGate+MinPeaks+P-Filter+EquipRej+SkinPrio+Omega+OmScale+OmSplit+OmRot+FarField+Kalman+StaticSup,run2 pfilter4
cap_000548,2026-08-21T14:50:04.841,horizontal,24.02,26.52,1,2,0.8473649872512923,TempBand+Watershed+Merge+ClustSml+ShapeGate+MinPeaks+P-Filter+EquipRej+SkinPrio+Omega+OmScale+OmSplit+OmRot+FarField+Kalman+StaticSup,run2 pfilter4
cap_000549,2026-08-21T14:50:04.936,horizontal,24.00,26.50,1,2,0.8473649872512923,TempBand+Watershed+Merge+ClustSml+ShapeGate+MinPeaks+P-Filter+EquipRej+SkinPrio+Omega+OmScale+OmSplit+OmRot+FarField+Kalman+StaticSup,run2 pfilter4
cap_000550,2026-08-21T14:50:05.064,horizontal,24.00,26.50,1,2,0.8474068412938464,TempBand+Watershed+Merge+ClustSml+ShapeGate+MinPeaks+P-Filter+EquipRej+SkinPrio+Omega+OmScale+OmSplit+OmRot+FarField+Kalman+StaticSup,run2 pfilter4
cap_000551,2026-08-21T14:50:05.160,horizontal,23.98,26.48,2,2,0.8498850093143655,TempBand+Watershed+Merge+ClustSml+ShapeGate+MinPeaks+P-Filter+EquipRej+SkinPrio+Omega+OmScale+OmSplit+OmRot+FarField+Kalman+StaticSup,run2 pfilter4
cap_000552,2026-08-21T14:50:05.291,horizontal,23.98,26.48,2,2,0.9296261848471443,TempBand+Watershed+Merge+ClustSml+ShapeGate+MinPeaks+P-Filter+EquipRej+SkinPrio+Omega+OmScale+OmSplit+OmRot+FarField+Kalman+StaticSup,run2 pfilter4
cap_000553,2026-08-21T14:50:05.386,horizontal,23.98,26.48,2,2,0.8670070592465977,TempBand+Watershed+Merge+ClustSml+ShapeGate+MinPeaks+P-Filter+EquipRej+SkinPrio+Omega+OmScale+OmSplit+OmRot+FarField+Kalman+StaticSup,run2 pfilter4
cap_000554,2026-08-21T14:50:05.513,horizontal,23.98,26.48,2,2,0.9003094833429028,TempBand+Watershed+Merge+ClustSml+ShapeGate+MinPeaks+P-Filter+EquipRej+SkinPrio+Omega+OmScale+OmSplit+OmRot+FarField+Kalman+StaticSup,run2 pfilter4
cap_000555,2026-08-21T14:50:05.607,horizontal,23.95,26.45,2,2,0.8935561773409224,TempBand+Watershed+Merge+ClustSml+ShapeGate+MinPeaks+P-Filter+EquipRej+SkinPrio+Omega+OmScale+OmSplit+OmRot+FarField+Kalman+StaticSup,run2 pfilter4
cap_000556,2026-08-21T14:50:05.735,horizontal,23.93,26.43,2,2,0.9266717713837996,TempBand+Watershed+Merge+ClustSml+ShapeGate+MinPeaks+P-Filter+EquipRej+SkinPrio+Omega+OmScale+OmSplit+OmRot+FarField+Kalman+StaticSup,run2 pfilter4
cap_000557,2026-08-21T14:50:05.866,horizontal,23.93,26.43,2,2,0.9010482416282481,TempBand+Watershed+Merge+ClustSml+ShapeGate+MinPeaks+P-Filter+EquipRej+SkinPrio+Omega+OmScale+OmSplit+OmRot+FarField+Kalman+StaticSup,run2 pfilter4
cap_000558,2026-08-21T14:50:05.958,horizontal,23.88,26.38,1,2,0.8991499293154389,TempBand+Watershed+Merge+ClustSml+ShapeGate+MinPeaks+P-Filter+EquipRej+SkinPrio+Omega+OmScale+OmSplit+OmRot+FarField+Kalman+StaticSup,run2 pfilter4
cap_000559,2026-08-21T14:50:06.092,horizontal,23.86,26.36,1,2,0.8778014622640127,TempBand+Watershed+Merge+ClustSml+ShapeGate+MinPeaks+P-Filter+EquipRej+SkinPrio+Omega+OmScale+OmSplit+OmRot+FarField+Kalman+StaticSup,run2 pfilter4
cap_000560,2026-08-21T14:50:06.195,horizontal,23.86,26.36,2,2,0.8778014622640127,TempBand+Watershed+Merge+ClustSml+ShapeGate+MinPeaks+P-Filter+EquipRej+SkinPrio+Omega+OmScale+OmSplit+OmRot+FarField+Kalman+StaticSup,run2 pfilter4
cap_000561,2026-08-21T14:50:06.310,horizontal,23.88,26.38,2,2,0.900752558464304,TempBand+Watershed+Merge+ClustSml+ShapeGate+MinPeaks+P-Filter+EquipRej+SkinPrio+Omega+OmScale+OmSplit+OmRot+FarField+Kalman+StaticSup,run2 pfilter4
cap_000562,2026-08-21T14:50:06.406,horizontal,23.91,26.41,1,0,0.0,TempBand+Watershed+Merge+ClustSml+ShapeGate+MinPeaks+P-Filter+EquipRej+SkinPrio+Omega+OmScale+OmSplit+OmRot+FarField+Kalman+StaticSup,run2 pfilter4
cap_000563,2026-08-21T14:50:06.533,horizontal,23.91,26.41,2,2,0.9033282151133423,TempBand+Watershed+Merge+ClustSml+ShapeGate+MinPeaks+P-Filter+EquipRej+SkinPrio+Omega+OmScale+OmSplit+OmRot+FarField+Kalman+StaticSup,run2 pfilter4
cap_000564,2026-08-21T14:50:06.662,horizontal,23.91,26.41,2,2,0.965535734293328,TempBand+Watershed+Merge+ClustSml+ShapeGate+MinPeaks+P-Filter+EquipRej+SkinPrio+Omega+OmScale+OmSplit+OmRot+FarField+Kalman+StaticSup,run2 pfilter4
cap_000565,2026-08-21T14:50:06.756,horizontal,23.91,26.41,2,1,0.9274213441065544,TempBand+Watershed+Merge+ClustSml+ShapeGate+MinPeaks+P-Filter+EquipRej+SkinPrio+Omega+OmScale+OmSplit+OmRot+FarField+Kalman+StaticSup,run2 pfilter4
cap_000566,2026-08-21T14:50:06.888,horizontal,23.91,26.41,2,2,0.8469804484825724,TempBand+Watershed+Merge+ClustSml+ShapeGate+MinPeaks+P-Filter+EquipRej+SkinPrio+Omega+OmScale+OmSplit+OmRot+FarField+Kalman+StaticSup,run2 pfilter4
cap_000567,2026-08-21T14:50:06.983,horizontal,23.91,26.41,2,1,0.923558161612359,TempBand+Watershed+Merge+ClustSml+ShapeGate+MinPeaks+P-Filter+EquipRej+SkinPrio+Omega+OmScale+OmSplit+OmRot+FarField+Kalman+StaticSup,run2 pfilter4
cap_000568,2026-08-21T14:50:07.138,horizontal,23.95,26.45,2,1,0.8906922806915899,TempBand+Watershed+Merge+ClustSml+ShapeGate+MinPeaks+P-Filter+EquipRej+SkinPrio+Omega+OmScale+OmSplit+OmRot+FarField+Kalman+StaticSup,run2 pfilter4
cap_000569,2026-08-21T14:50:07.205,horizontal,23.93,26.43,2,1,0.9324746747480299,TempBand+Watershed+Merge+ClustSml+ShapeGate+MinPeaks+P-Filter+EquipRej+SkinPrio+Omega+OmScale+OmSplit+OmRot+FarField+Kalman+StaticSup,run2 pfilter4
cap_000570,2026-08-21T14:50:07.336,horizontal,23.93,26.43,2,1,0.9354567636944807,TempBand+Watershed+Merge+ClustSml+ShapeGate+MinPeaks+P-Filter+EquipRej+SkinPrio+Omega+OmScale+OmSplit+OmRot+FarField+Kalman+StaticSup,run2 pfilter4
cap_000571,2026-08-21T14:50:07.447,horizontal,23.91,26.41,2,2,0.9031169873863958,TempBand+Watershed+Merge+ClustSml+ShapeGate+MinPeaks+P-Filter+EquipRej+SkinPrio+Omega+OmScale+OmSplit+OmRot+FarField+Kalman+StaticSup,run2 pfilter4
cap_000572,2026-08-21T14:50:07.577,horizontal,23.93,26.43,2,2,0.9015020697172935,TempBand+Watershed+Merge+ClustSml+ShapeGate+MinPeaks+P-Filter+EquipRej+SkinPrio+Omega+OmScale+OmSplit+OmRot+FarField+Kalman+StaticSup,run2 pfilter4
