file,timestamp,view,background,threshold,n_det,omega_count,omega_score,flags,note
cap_000000,2026-09-18T11:45:21.089,horizontal,,,0,3,0.9079,YOLO-omega,
cap_000001,2026-09-18T11:45:21.179,horizontal,,,0,3,0.9044,YOLO-omega,
cap_000002,2026-09-18T11:45:21.308,horizontal,,,0,3,0.8942,YOLO-omega,
cap_000003,2026-09-18T11:45:21.403,horizontal,,,0,3,0.8909,YOLO-omega,
cap_000004,2026-09-18T11:45:21.537,horizontal,,,0,3,0.8905,YOLO-omega,
cap_000005,2026-09-18T11:45:21.665,horizontal,,,0,2,0.8885,YOLO-omega,
cap_000006,2026-09-18T11:45:21.763,horizontal,,,0,3,0.8864,YOLO-omega,
cap_000007,2026-09-18T11:45:21.887,horizontal,,,0,3,0.9020,YOLO-omega,
cap_000008,2026-09-18T11:45:21.984,horizontal,,,0,3,0.9049,YOLO-omega,
cap_000009,2026-09-18T11:45:22.112,horizontal,,,0,3,0.8948,YOLO-omega,
cap_000010,2026-09-18T11:45:22.208,horizontal,,,0,3,0.8827,YOLO-omega,
cap_000011,2026-09-18T11:45:22.338,horizontal,,,0,2,0.8910,YOLO-omega,
cap_000012,2026-09-18T11:45:22.463,horizontal,,,0,2,0.8916,YOLO-omega,
cap_000013,2026-09-18T11:45:22.557,horizontal,,,0,3,0.8857,YOLO-omega,
cap_000014,2026-09-18T11:45:22.684,horizontal,,,0,3,0.9054,YOLO-omega,
cap_000015,2026-09-18T11:45:22.782,horizontal,,,0,3,0.9132,YOLO-omega,
cap_000016,2026-09-18T11:45:22.906,horizontal,,,0,3,0.8730,YOLO-omega,
cap_000017,2026-09-18T11:45:23.005,horizontal,,,0,3,0.8762,YOLO-omega,
cap_000018,2026-09-18T11:45:23.139,horizontal,,,0,3,0.8739,YOLO-omega,
cap_000019,2026-09-18T11:45:23.229,horizontal,,,0,3,0.8726,YOLO-omega,
cap_000020,2026-09-18T11:45:23.366,horizontal,,,0,2,0.8768,YOLO-omega,
cap_000021,2026-09-18T11:45:23.484,horizontal,,,0,3,0.8652,YOLO-omega,
cap_000022,2026-09-18T11:45:23.581,horizontal,,,0,3,0.8590,YOLO-omega,
cap_000023,2026-09-18T11:45:23.709,horizontal,,,0,3,0.8918,YOLO-omega,
cap_000024,2026-09-18T11:45:23.806,horizontal,,,0,3,0.8957,YOLO-omega,
cap_000025,2026-09-18T11:45:23.937,horizontal,,,0,3,0.8865,YOLO-omega,
cap_000026,2026-09-18T11:45:24.030,horizontal,,,0,3,0.8736,YOLO-omega,
cap_000027,2026-09-18T11:45:24.158,horizontal,,,0,3,0.8892,YOLO-omega,
cap_000028,2026-09-18T11:45:24.254,horizontal,,,0,3,0.8975,YOLO-omega,
cap_000029,2026-09-18T11:45:24.382,horizontal,,,0,3,0.8979,YOLO-omega,
cap_000030,2026-09-18T11:45:24.514,horizontal,,,0,2,0.9016,YOLO-omega,
cap_000031,2026-09-18T11:45:24.608,horizontal,,,0,2,0.8778,YOLO-omega,
cap_000032,2026-09-18T11:45:24.735,horizontal,,,0,2,0.8872,YOLO-omega,
cap_000033,2026-09-18T11:45:24.828,horizontal,,,0,3,0.8918,YOLO-omega,
cap_000034,2026-09-18T11:45:24.959,horizontal,,,0,2,0.8940,YOLO-omega,
cap_000035,2026-09-18T11:45:25.052,horizontal,,,0,3,0.8942,YOLO-omega,
cap_000036,2026-09-18T11:45:25.179,horizontal,,,0,3,0.9038,YOLO-omega,
cap_000037,2026-09-18T11:45:25.307,horizontal,,,0,3,0.8995,YOLO-omega,
cap_000038,2026-09-18T11:45:25.403,horizontal,,,0,3,0.9009,YOLO-omega,
cap_000039,2026-09-18T11:45:25.530,horizontal,,,0,3,0.8966,YOLO-omega,
cap_000040,2026-09-18T11:45:25.631,horizontal,,,0,3,0.9095,YOLO-omega,
cap_000041,2026-09-18T11:45:25.757,horizontal,,,0,3,0.8998,YOLO-omega,
cap_000042,2026-09-18T11:45:25.852,horizontal,,,0,4,0.8990,YOLO-omega,
cap_000043,2026-09-18T11:45:25.981,horizontal,,,0,4,0.9023,YOLO-omega,
cap_000044,2026-09-18T11:45:26.075,horizontal,,,0,4,0.9075,YOLO-omega,
cap_000045,2026-09-18T11:45:26.202,horizontal,,,0,4,0.9221,YOLO-omega,
cap_000046,2026-09-18T11:45:26.331,horizontal,,,0,4,0.9129,YOLO-omega,
cap_000047,2026-09-18T11:45:26.426,horizontal,,,0,4,0.9029,YOLO-omega,
cap_000048,2026-09-18T11:45:26.554,horizontal,,,0,3,0.9113,YOLO-omega,
cap_000049,2026-09-18T11:45:26.647,horizontal,,,0,3,0.9096,YOLO-omega,
cap_000050,2026-09-18T11:45:26.776,horizontal,,,0,3,0.9078,YOLO-omega,
cap_000051,2026-09-18T11:45:26.870,horizontal,,,0,3,0.9173,YOLO-omega,
cap_000052,2026-09-18T11:45:27.032,horizontal,,,0,3,0.9173,YOLO-omega,
cap_000053,2026-09-18T11:45:27.135,horizontal,,,0,3,0.9241,YOLO-omega,
cap_000054,2026-09-18T11:45:27.228,horizontal,,,0,3,0.9243,YOLO-omega,
cap_000055,2026-09-18T11:45:27.358,horizontal,,,0,3,0.9222,YOLO-omega,
cap_000056,2026-09-18T11:45:27.451,horizontal,,,0,4,0.9180,YOLO-omega,
cap_000057,2026-09-18T11:45:27.578,horizontal,,,0,4,0.9190,YOLO-omega,
cap_000058,2026-09-18T11:45:27.675,horizontal,,,0,4,0.9259,YOLO-omega,
cap_000059,2026-09-18T11:45:27.803,horizontal,,,0,4,0.9304,YOLO-omega,
cap_000060,2026-09-18T11:45:27.898,horizontal,,,0,4,0.9418,YOLO-omega,
cap_000061,2026-09-18T11:45:28.025,horizontal,,,0,4,0.9302,YOLO-omega,
cap_000062,2026-09-18T11:45:28.153,horizontal,,,0,4,0.9357,YOLO-omega,
cap_000063,2026-09-18T11:45:28.249,horizontal,,,0,4,0.9358,YOLO-omega,
cap_000064,2026-09-18T11:45:28.380,horizontal,,,0,4,0.9316,YOLO-omega,
cap_000065,2026-09-18T11:45:28.493,horizontal,,,0,4,0.9322,YOLO-omega,
cap_000066,2026-09-18T11:45:28.602,horizontal,,,0,4,0.8940,YOLO-omega,
cap_000067,2026-09-18T11:45:28.697,horizontal,,,0,4,0.9202,YOLO-omega,
cap_000068,2026-09-18T11:45:28.825,horizontal,,,0,4,0.9443,YOLO-omega,
cap_000069,2026-09-18T11:45:28.950,horizontal,,,0,4,0.9623,YOLO-omega,
cap_000070,2026-09-18T11:45:29.048,horizontal,,,0,4,0.9687,YOLO-omega,
cap_000071,2026-09-18T11:45:29.176,horizontal,,,0,4,0.9478,YOLO-omega,
cap_000072,2026-09-18T11:45:29.273,horizontal,,,0,4,0.9531,YOLO-omega,
cap_000073,2026-09-18T11:45:29.404,horizontal,,,0,4,0.9462,YOLO-omega,
cap_000074,2026-09-18T11:45:29.500,horizontal,,,0,4,0.9489,YOLO-omega,
cap_000075,2026-09-18T11:45:29.628,horizontal,,,0,4,0.9515,YOLO-omega,
cap_000076,2026-09-18T11:45:29.724,horizontal,,,0,4,0.9379,YOLO-omega,
cap_000077,2026-09-18T11:45:29.853,horizontal,,,0,4,0.9466,YOLO-omega,
cap_000078,2026-09-18T11:45:29.980,horizontal,,,0,4,0.9360,YOLO-omega,
cap_000079,2026-09-18T11:45:30.076,horizontal,,,0,4,0.9486,YOLO-omega,
cap_000080,2026-09-18T11:45:30.204,horizontal,,,0,4,0.9494,YOLO-omega,
cap_000081,2026-09-18T11:45:30.300,horizontal,,,0,4,0.9497,YOLO-omega,
cap_000082,2026-09-18T11:45:30.429,horizontal,,,0,4,0.9400,YOLO-omega,
cap_000083,2026-09-18T11:45:30.521,horizontal,,,0,4,0.9508,YOLO-omega,
cap_000084,2026-09-18T11:45:30.648,horizontal,,,0,4,0.9531,YOLO-omega,
cap_000085,2026-09-18T11:45:30.748,horizontal,,,0,4,0.9238,YOLO-omega,
cap_000086,2026-09-18T11:45:30.874,horizontal,,,0,4,0.9536,YOLO-omega,
cap_000087,2026-09-18T11:45:31.007,horizontal,,,0,4,0.9534,YOLO-omega,
cap_000088,2026-09-18T11:45:31.106,horizontal,,,0,4,0.9355,YOLO-omega,
cap_000089,2026-09-18T11:45:31.230,horizontal,,,0,4,0.9368,YOLO-omega,
cap_000090,2026-09-18T11:45:31.325,horizontal,,,0,4,0.9478,YOLO-omega,
cap_000091,2026-09-18T11:45:31.453,horizontal,,,0,4,0.9450,YOLO-omega,
cap_000092,2026-09-18T11:45:31.549,horizontal,,,0,4,0.9450,YOLO-omega,
cap_000093,2026-09-18T11:45:31.678,horizontal,,,0,4,0.9402,YOLO-omega,
cap_000094,2026-09-18T11:45:31.805,horizontal,,,0,4,0.9332,YOLO-omega,
cap_000095,2026-09-18T11:45:31.901,horizontal,,,0,4,0.9465,YOLO-omega,
cap_000096,2026-09-18T11:45:32.029,horizontal,,,0,4,0.9414,YOLO-omega,
cap_000097,2026-09-18T11:45:32.124,horizontal,,,0,4,0.9467,YOLO-omega,
cap_000098,2026-09-18T11:45:32.253,horizontal,,,0,4,0.9453,YOLO-omega,
cap_000099,2026-09-18T11:45:32.349,horizontal,,,0,4,0.9437,YOLO-omega,
cap_000100,2026-09-18T11:45:32.477,horizontal,,,0,4,0.9399,YOLO-omega,
cap_000101,2026-09-18T11:45:32.572,horizontal,,,0,4,0.9505,YOLO-omega,
cap_000102,2026-09-18T11:45:32.699,horizontal,,,0,4,0.9454,YOLO-omega,
cap_000103,2026-09-18T11:45:32.826,horizontal,,,0,5,0.9465,YOLO-omega,
cap_000104,2026-09-18T11:45:32.922,horizontal,,,0,4,0.9480,YOLO-omega,
cap_000105,2026-09-18T11:45:33.047,horizontal,,,0,4,0.9435,YOLO-omega,
cap_000106,2026-09-18T11:45:33.149,horizontal,,,0,4,0.9672,YOLO-omega,
cap_000107,2026-09-18T11:45:33.283,horizontal,,,0,4,0.9491,YOLO-omega,
cap_000108,2026-09-18T11:45:33.372,horizontal,,,0,4,0.9495,YOLO-omega,
cap_000109,2026-09-18T11:45:33.509,horizontal,,,0,5,0.9505,YOLO-omega,
cap_000110,2026-09-18T11:45:33.626,horizontal,,,0,4,0.9473,YOLO-omega,
cap_000111,2026-09-18T11:45:33.723,horizontal,,,0,4,0.9498,YOLO-omega,
cap_000112,2026-09-18T11:45:33.855,horizontal,,,0,4,0.9537,YOLO-omega,
cap_000113,2026-09-18T11:45:33.950,horizontal,,,0,4,0.9515,YOLO-omega,
cap_000114,2026-09-18T11:45:34.078,horizontal,,,0,4,0.9559,YOLO-omega,
cap_000115,2026-09-18T11:45:34.175,horizontal,,,0,4,0.9167,YOLO-omega,
cap_000116,2026-09-18T11:45:34.302,horizontal,,,0,4,0.9588,YOLO-omega,
cap_000117,2026-09-18T11:45:34.397,horizontal,,,0,5,0.9222,YOLO-omega,
cap_000118,2026-09-18T11:45:34.528,horizontal,,,0,4,0.9393,YOLO-omega,
cap_000119,2026-09-18T11:45:34.658,horizontal,,,0,4,0.9369,YOLO-omega,
cap_000120,2026-09-18T11:45:34.751,horizontal,,,0,3,0.9370,YOLO-omega,
cap_000121,2026-09-18T11:45:34.880,horizontal,,,0,3,0.9401,YOLO-omega,
cap_000122,2026-09-18T11:45:34.975,horizontal,,,0,3,0.9356,YOLO-omega,
cap_000123,2026-09-18T11:45:35.102,horizontal,,,0,4,0.9375,YOLO-omega,
cap_000124,2026-09-18T11:45:35.199,horizontal,,,0,4,0.9367,YOLO-omega,
cap_000125,2026-09-18T11:45:35.325,horizontal,,,0,3,0.9432,YOLO-omega,
cap_000126,2026-09-18T11:45:35.455,horizontal,,,0,3,0.9330,YOLO-omega,
cap_000127,2026-09-18T11:45:35.549,horizontal,,,0,3,0.9265,YOLO-omega,
cap_000128,2026-09-18T11:45:35.679,horizontal,,,0,3,0.9288,YOLO-omega,
cap_000129,2026-09-18T11:45:35.780,horizontal,,,0,3,0.9424,YOLO-omega,
cap_000130,2026-09-18T11:45:35.902,horizontal,,,0,3,0.9468,YOLO-omega,
cap_000131,2026-09-18T11:45:35.998,horizontal,,,0,3,0.9533,YOLO-omega,
cap_000132,2026-09-18T11:45:36.127,horizontal,,,0,3,0.9511,YOLO-omega,
cap_000133,2026-09-18T11:45:36.220,horizontal,,,0,3,0.9437,YOLO-omega,
cap_000134,2026-09-18T11:45:36.365,horizontal,,,0,5,0.9318,YOLO-omega,
cap_000135,2026-09-18T11:45:36.738,horizontal,,,0,5,0.9341,YOLO-omega,
cap_000136,2026-09-18T11:45:36.818,horizontal,,,0,4,0.9205,YOLO-omega,
cap_000137,2026-09-18T11:45:36.896,horizontal,,,0,3,0.9167,YOLO-omega,
cap_000138,2026-09-18T11:45:36.966,horizontal,,,0,3,0.9145,YOLO-omega,
cap_000139,2026-09-18T11:45:37.039,horizontal,,,0,3,0.9142,YOLO-omega,
cap_000140,2026-09-18T11:45:37.160,horizontal,,,0,3,0.9097,YOLO-omega,
cap_000141,2026-09-18T11:45:37.244,horizontal,,,0,3,0.9131,YOLO-omega,
cap_000142,2026-09-18T11:45:37.388,horizontal,,,0,3,0.9149,YOLO-omega,
cap_000143,2026-09-18T11:45:37.553,horizontal,,,0,4,0.9116,YOLO-omega,
cap_000144,2026-09-18T11:45:37.640,horizontal,,,0,4,0.9305,YOLO-omega,
cap_000145,2026-09-18T11:45:37.743,horizontal,,,0,4,0.9219,YOLO-omega,
cap_000146,2026-09-18T11:45:37.840,horizontal,,,0,4,0.9348,YOLO-omega,
cap_000147,2026-09-18T11:45:37.961,horizontal,,,0,4,0.9314,YOLO-omega,
cap_000148,2026-09-18T11:45:38.045,horizontal,,,0,5,0.9408,YOLO-omega,
cap_000149,2026-09-18T11:45:38.170,horizontal,,,0,4,0.9245,YOLO-omega,
cap_000150,2026-09-18T11:45:38.296,horizontal,,,0,4,0.9101,YOLO-omega,
cap_000151,2026-09-18T11:45:38.393,horizontal,,,0,3,0.9169,YOLO-omega,
cap_000152,2026-09-18T11:45:38.526,horizontal,,,0,4,0.8984,YOLO-omega,
cap_000153,2026-09-18T11:45:38.627,horizontal,,,0,4,0.9077,YOLO-omega,
cap_000154,2026-09-18T11:45:38.755,horizontal,,,0,4,0.9308,YOLO-omega,
cap_000155,2026-09-18T11:45:38.850,horizontal,,,0,4,0.9178,YOLO-omega,
cap_000156,2026-09-18T11:45:38.975,horizontal,,,0,4,0.9136,YOLO-omega,
cap_000157,2026-09-18T11:45:39.070,horizontal,,,0,4,0.9210,YOLO-omega,
cap_000158,2026-09-18T11:45:39.198,horizontal,,,0,4,0.9204,YOLO-omega,
cap_000159,2026-09-18T11:45:39.325,horizontal,,,0,4,0.9341,YOLO-omega,
cap_000160,2026-09-18T11:45:39.420,horizontal,,,0,4,0.9267,YOLO-omega,
cap_000161,2026-09-18T11:45:39.551,horizontal,,,0,3,0.9262,YOLO-omega,
cap_000162,2026-09-18T11:45:39.647,horizontal,,,0,3,0.9325,YOLO-omega,
cap_000163,2026-09-18T11:45:39.773,horizontal,,,0,3,0.9336,YOLO-omega,
cap_000164,2026-09-18T11:45:39.866,horizontal,,,0,3,0.9264,YOLO-omega,
cap_000165,2026-09-18T11:45:39.993,horizontal,,,0,3,0.9167,YOLO-omega,
cap_000166,2026-09-18T11:45:40.119,horizontal,,,0,3,0.9271,YOLO-omega,
cap_000167,2026-09-18T11:45:40.218,horizontal,,,0,3,0.9138,YOLO-omega,
cap_000168,2026-09-18T11:45:40.349,horizontal,,,0,3,0.9120,YOLO-omega,
cap_000169,2026-09-18T11:45:40.445,horizontal,,,0,3,0.9304,YOLO-omega,
cap_000170,2026-09-18T11:45:40.572,horizontal,,,0,3,0.9043,YOLO-omega,
cap_000171,2026-09-18T11:45:40.667,horizontal,,,0,3,0.8898,YOLO-omega,
cap_000172,2026-09-18T11:45:40.793,horizontal,,,0,3,0.8882,YOLO-omega,
cap_000173,2026-09-18T11:45:40.892,horizontal,,,0,1,0.8968,YOLO-omega,
cap_000174,2026-09-18T11:45:41.026,horizontal,,,0,1,0.9060,YOLO-omega,
cap_000175,2026-09-18T11:45:41.152,horizontal,,,0,3,0.9016,YOLO-omega,
cap_000176,2026-09-18T11:45:41.246,horizontal,,,0,3,0.8937,YOLO-omega,
cap_000177,2026-09-18T11:45:41.375,horizontal,,,0,4,0.8876,YOLO-omega,
cap_000178,2026-09-18T11:45:41.470,horizontal,,,0,3,0.9231,YOLO-omega,
cap_000179,2026-09-18T11:45:41.599,horizontal,,,0,3,0.9040,YOLO-omega,
cap_000180,2026-09-18T11:45:41.695,horizontal,,,0,3,0.9382,YOLO-omega,
cap_000181,2026-09-18T11:45:41.824,horizontal,,,0,2,0.9337,YOLO-omega,
cap_000182,2026-09-18T11:45:41.953,horizontal,,,0,3,0.9313,YOLO-omega,
cap_000183,2026-09-18T11:45:42.052,horizontal,,,0,2,0.9340,YOLO-omega,
cap_000184,2026-09-18T11:45:42.178,horizontal,,,0,3,0.9115,YOLO-omega,
cap_000185,2026-09-18T11:45:42.271,horizontal,,,0,3,0.9056,YOLO-omega,
cap_000186,2026-09-18T11:45:42.405,horizontal,,,0,3,0.9101,YOLO-omega,
cap_000187,2026-09-18T11:45:42.494,horizontal,,,0,3,0.9138,YOLO-omega,
cap_000188,2026-09-18T11:45:42.624,horizontal,,,0,3,0.9185,YOLO-omega,
cap_000189,2026-09-18T11:45:42.718,horizontal,,,0,3,0.9224,YOLO-omega,
cap_000190,2026-09-18T11:45:42.849,horizontal,,,0,3,0.9228,YOLO-omega,
cap_000191,2026-09-18T11:45:42.980,horizontal,,,0,3,0.9209,YOLO-omega,
cap_000192,2026-09-18T11:45:43.083,horizontal,,,0,3,0.9203,YOLO-omega,
cap_000193,2026-09-18T11:45:43.214,horizontal,,,0,3,0.9245,YOLO-omega,
cap_000194,2026-09-18T11:45:43.297,horizontal,,,0,4,0.9163,YOLO-omega,
cap_000195,2026-09-18T11:45:43.428,horizontal,,,0,3,0.9241,YOLO-omega,
cap_000196,2026-09-18T11:45:43.520,horizontal,,,0,2,0.9550,YOLO-omega,
cap_000197,2026-09-18T11:45:43.651,horizontal,,,0,3,0.9486,YOLO-omega,
cap_000198,2026-09-18T11:45:43.750,horizontal,,,0,2,0.9141,YOLO-omega,
cap_000199,2026-09-18T11:45:43.881,horizontal,,,0,2,0.9330,YOLO-omega,
cap_000200,2026-09-18T11:45:44.020,horizontal,,,0,3,0.9079,YOLO-omega,
cap_000201,2026-09-18T11:45:44.185,horizontal,,,0,2,0.9267,YOLO-omega,
cap_000202,2026-09-18T11:45:44.423,horizontal,,,0,2,0.9380,YOLO-omega,
cap_000203,2026-09-18T11:45:44.512,horizontal,,,0,2,0.9322,YOLO-omega,
cap_000204,2026-09-18T11:45:44.605,horizontal,,,0,2,0.9479,YOLO-omega,
cap_000205,2026-09-18T11:45:44.705,horizontal,,,0,2,0.9479,YOLO-omega,
cap_000206,2026-09-18T11:45:44.845,horizontal,,,0,2,0.9489,YOLO-omega,
cap_000207,2026-09-18T11:45:44.925,horizontal,,,0,2,0.9462,YOLO-omega,
cap_000208,2026-09-18T11:45:44.998,horizontal,,,0,3,0.9475,YOLO-omega,
cap_000209,2026-09-18T11:45:45.070,horizontal,,,0,2,0.9413,YOLO-omega,
cap_000210,2026-09-18T11:45:45.145,horizontal,,,0,2,0.8757,YOLO-omega,
cap_000211,2026-09-18T11:45:45.250,horizontal,,,0,2,0.9228,YOLO-omega,
cap_000212,2026-09-18T11:45:45.342,horizontal,,,0,2,0.9240,YOLO-omega,
cap_000213,2026-09-18T11:45:45.472,horizontal,,,0,2,0.9105,YOLO-omega,
cap_000214,2026-09-18T11:45:45.565,horizontal,,,0,2,0.9223,YOLO-omega,
cap_000215,2026-09-18T11:45:45.696,horizontal,,,0,2,0.9296,YOLO-omega,
cap_000216,2026-09-18T11:45:45.823,horizontal,,,0,2,0.9347,YOLO-omega,
cap_000217,2026-09-18T11:45:45.947,horizontal,,,0,2,0.9334,YOLO-omega,
cap_000218,2026-09-18T11:45:46.074,horizontal,,,0,3,0.9362,YOLO-omega,
cap_000219,2026-09-18T11:45:46.173,horizontal,,,0,3,0.9452,YOLO-omega,
cap_000220,2026-09-18T11:45:46.284,horizontal,,,0,3,0.9375,YOLO-omega,
cap_000221,2026-09-18T11:45:46.371,horizontal,,,0,3,0.9385,YOLO-omega,
cap_000222,2026-09-18T11:45:46.510,horizontal,,,0,3,0.9383,YOLO-omega,
cap_000223,2026-09-18T11:45:46.641,horizontal,,,0,3,0.9370,YOLO-omega,
cap_000224,2026-09-18T11:45:46.729,horizontal,,,0,3,0.9344,YOLO-omega,
cap_000225,2026-09-18T11:45:46.855,horizontal,,,0,3,0.9359,YOLO-omega,
cap_000226,2026-09-18T11:45:46.950,horizontal,,,0,3,0.9621,YOLO-omega,
cap_000227,2026-09-18T11:45:47.077,horizontal,,,0,3,0.9465,YOLO-omega,
cap_000228,2026-09-18T11:45:47.189,horizontal,,,0,4,0.9365,YOLO-omega,
cap_000229,2026-09-18T11:45:47.299,horizontal,,,0,4,0.9421,YOLO-omega,
cap_000230,2026-09-18T11:45:47.393,horizontal,,,0,3,0.9299,YOLO-omega,
cap_000231,2026-09-18T11:45:47.546,horizontal,,,0,3,0.9226,YOLO-omega,
cap_000232,2026-09-18T11:45:47.652,horizontal,,,0,3,0.9330,YOLO-omega,
cap_000233,2026-09-18T11:45:47.745,horizontal,,,0,3,0.9282,YOLO-omega,
cap_000234,2026-09-18T11:45:47.870,horizontal,,,0,3,0.9256,YOLO-omega,
cap_000235,2026-09-18T11:45:47.965,horizontal,,,0,3,0.9008,YOLO-omega,
cap_000236,2026-09-18T11:45:48.095,horizontal,,,0,3,0.9259,YOLO-omega,
cap_000237,2026-09-18T11:45:48.189,horizontal,,,0,2,0.8952,YOLO-omega,
cap_000238,2026-09-18T11:45:48.314,horizontal,,,0,2,0.9011,YOLO-omega,
cap_000239,2026-09-18T11:45:48.409,horizontal,,,0,3,0.9171,YOLO-omega,
cap_000240,2026-09-18T11:45:48.536,horizontal,,,0,2,0.9352,YOLO-omega,
cap_000241,2026-09-18T11:45:48.665,horizontal,,,0,2,0.9430,YOLO-omega,
cap_000242,2026-09-18T11:45:48.759,horizontal,,,0,2,0.9310,YOLO-omega,
cap_000243,2026-09-18T11:45:48.887,horizontal,,,0,2,0.9344,YOLO-omega,
cap_000244,2026-09-18T11:45:48.986,horizontal,,,0,2,0.9295,YOLO-omega,
cap_000245,2026-09-18T11:45:49.115,horizontal,,,0,3,0.9370,YOLO-omega,
cap_000246,2026-09-18T11:45:49.210,horizontal,,,0,3,0.9141,YOLO-omega,
cap_000247,2026-09-18T11:45:49.337,horizontal,,,0,3,0.9309,YOLO-omega,
cap_000248,2026-09-18T11:45:49.465,horizontal,,,0,3,0.9214,YOLO-omega,
cap_000249,2026-09-18T11:45:49.566,horizontal,,,0,3,0.8990,YOLO-omega,
cap_000250,2026-09-18T11:45:49.691,horizontal,,,0,3,0.9045,YOLO-omega,
cap_000251,2026-09-18T11:45:49.789,horizontal,,,0,3,0.9252,YOLO-omega,
cap_000252,2026-09-18T11:45:49.915,horizontal,,,0,4,0.9060,YOLO-omega,
cap_000253,2026-09-18T11:45:50.012,horizontal,,,0,4,0.9152,YOLO-omega,
cap_000254,2026-09-18T11:45:50.147,horizontal,,,0,3,0.9185,YOLO-omega,
cap_000255,2026-09-18T11:45:50.232,horizontal,,,0,3,0.9134,YOLO-omega,
cap_000256,2026-09-18T11:45:50.362,horizontal,,,0,3,0.8567,YOLO-omega,
cap_000257,2026-09-18T11:45:50.490,horizontal,,,0,3,0.8371,YOLO-omega,
cap_000258,2026-09-18T11:45:50.585,horizontal,,,0,3,0.8805,YOLO-omega,
cap_000259,2026-09-18T11:45:50.713,horizontal,,,0,3,0.8327,YOLO-omega,
cap_000260,2026-09-18T11:45:50.808,horizontal,,,0,2,0.8922,YOLO-omega,
cap_000261,2026-09-18T11:45:50.938,horizontal,,,0,3,0.8965,YOLO-omega,
cap_000262,2026-09-18T11:45:51.032,horizontal,,,0,3,0.8811,YOLO-omega,
cap_000263,2026-09-18T11:45:51.159,horizontal,,,0,3,0.8862,YOLO-omega,
cap_000264,2026-09-18T11:45:51.290,horizontal,,,0,3,0.9086,YOLO-omega,
cap_000265,2026-09-18T11:45:51.385,horizontal,,,0,3,0.9301,YOLO-omega,
cap_000266,2026-09-18T11:45:51.525,horizontal,,,0,3,0.9099,YOLO-omega,
cap_000267,2026-09-18T11:45:51.615,horizontal,,,0,3,0.9261,YOLO-omega,
cap_000268,2026-09-18T11:45:51.746,horizontal,,,0,3,0.7887,YOLO-omega,
cap_000269,2026-09-18T11:45:51.838,horizontal,,,0,4,0.9189,YOLO-omega,
cap_000270,2026-09-18T11:45:51.973,horizontal,,,0,3,0.9292,YOLO-omega,
cap_000271,2026-09-18T11:45:52.065,horizontal,,,0,5,0.9196,YOLO-omega,
cap_000272,2026-09-18T11:45:52.189,horizontal,,,0,4,0.9363,YOLO-omega,
cap_000273,2026-09-18T11:45:52.318,horizontal,,,0,5,0.9391,YOLO-omega,
cap_000274,2026-09-18T11:45:52.414,horizontal,,,0,3,0.9467,YOLO-omega,
cap_000275,2026-09-18T11:45:52.539,horizontal,,,0,3,0.9236,YOLO-omega,
cap_000276,2026-09-18T11:45:52.636,horizontal,,,0,3,0.8988,YOLO-omega,
cap_000277,2026-09-18T11:45:52.767,horizontal,,,0,3,0.9157,YOLO-omega,
cap_000278,2026-09-18T11:45:52.865,horizontal,,,0,3,0.9115,YOLO-omega,
cap_000279,2026-09-18T11:45:52.992,horizontal,,,0,3,0.9158,YOLO-omega,
cap_000280,2026-09-18T11:45:53.122,horizontal,,,0,3,0.9198,YOLO-omega,
cap_000281,2026-09-18T11:45:53.215,horizontal,,,0,3,0.9186,YOLO-omega,
cap_000282,2026-09-18T11:45:53.343,horizontal,,,0,3,0.9253,YOLO-omega,
cap_000283,2026-09-18T11:45:53.436,horizontal,,,0,3,0.9330,YOLO-omega,
cap_000284,2026-09-18T11:45:53.567,horizontal,,,0,3,0.9279,YOLO-omega,
cap_000285,2026-09-18T11:45:53.660,horizontal,,,0,4,0.9304,YOLO-omega,
cap_000286,2026-09-18T11:45:53.787,horizontal,,,0,4,0.9304,YOLO-omega,
cap_000287,2026-09-18T11:45:53.882,horizontal,,,0,4,0.9315,YOLO-omega,
cap_000288,2026-09-18T11:45:54.010,horizontal,,,0,4,0.9336,YOLO-omega,
cap_000289,2026-09-18T11:45:54.137,horizontal,,,0,4,0.9346,YOLO-omega,
cap_000290,2026-09-18T11:45:54.233,horizontal,,,0,3,0.9269,YOLO-omega,
cap_000291,2026-09-18T11:45:54.362,horizontal,,,0,5,0.9293,YOLO-omega,
cap_000292,2026-09-18T11:45:54.456,horizontal,,,0,4,0.9248,YOLO-omega,
cap_000293,2026-09-18T11:45:54.585,horizontal,,,0,5,0.9318,YOLO-omega,
cap_000294,2026-09-18T11:45:54.680,horizontal,,,0,4,0.9279,YOLO-omega,
cap_000295,2026-09-18T11:45:54.808,horizontal,,,0,5,0.9440,YOLO-omega,
cap_000296,2026-09-18T11:45:54.906,horizontal,,,0,4,0.9079,YOLO-omega,
cap_000297,2026-09-18T11:45:55.032,horizontal,,,0,3,0.9038,YOLO-omega,
cap_000298,2026-09-18T11:45:55.159,horizontal,,,0,3,0.9135,YOLO-omega,
cap_000299,2026-09-18T11:45:55.255,horizontal,,,0,4,0.9075,YOLO-omega,
cap_000300,2026-09-18T11:45:55.384,horizontal,,,0,3,0.9396,YOLO-omega,
cap_000301,2026-09-18T11:45:55.481,horizontal,,,0,3,0.9375,YOLO-omega,
cap_000302,2026-09-18T11:45:55.609,horizontal,,,0,3,0.9349,YOLO-omega,
cap_000303,2026-09-18T11:45:55.705,horizontal,,,0,3,0.9444,YOLO-omega,
cap_000304,2026-09-18T11:45:55.830,horizontal,,,0,4,0.9345,YOLO-omega,
cap_000305,2026-09-18T11:45:55.959,horizontal,,,0,4,0.9300,YOLO-omega,
cap_000306,2026-09-18T11:45:56.055,horizontal,,,0,4,0.9666,YOLO-omega,
cap_000307,2026-09-18T11:45:56.184,horizontal,,,0,4,0.9563,YOLO-omega,
cap_000308,2026-09-18T11:45:56.283,horizontal,,,0,4,0.9445,YOLO-omega,
cap_000309,2026-09-18T11:45:56.411,horizontal,,,0,3,0.9265,YOLO-omega,
cap_000310,2026-09-18T11:45:56.505,horizontal,,,0,4,0.9310,YOLO-omega,
cap_000311,2026-09-18T11:45:56.634,horizontal,,,0,2,0.9370,YOLO-omega,
cap_000312,2026-09-18T11:45:56.730,horizontal,,,0,3,0.9286,YOLO-omega,
cap_000313,2026-09-18T11:45:56.858,horizontal,,,0,2,0.9285,YOLO-omega,
cap_000314,2026-09-18T11:45:56.985,horizontal,,,0,3,0.9279,YOLO-omega,
cap_000315,2026-09-18T11:45:57.080,horizontal,,,0,3,0.9427,YOLO-omega,
cap_000316,2026-09-18T11:45:57.208,horizontal,,,0,3,0.9484,YOLO-omega,
cap_000317,2026-09-18T11:45:57.303,horizontal,,,0,3,0.9495,YOLO-omega,
cap_000318,2026-09-18T11:45:57.432,horizontal,,,0,3,0.9493,YOLO-omega,
cap_000319,2026-09-18T11:45:57.531,horizontal,,,0,3,0.9502,YOLO-omega,
cap_000320,2026-09-18T11:45:57.660,horizontal,,,0,3,0.9546,YOLO-omega,
cap_000321,2026-09-18T11:45:57.788,horizontal,,,0,3,0.9496,YOLO-omega,
cap_000322,2026-09-18T11:45:57.885,horizontal,,,0,3,0.9495,YOLO-omega,
cap_000323,2026-09-18T11:45:58.009,horizontal,,,0,3,0.9503,YOLO-omega,
cap_000324,2026-09-18T11:45:58.108,horizontal,,,0,3,0.9576,YOLO-omega,
cap_000325,2026-09-18T11:45:58.236,horizontal,,,0,3,0.9608,YOLO-omega,
cap_000326,2026-09-18T11:45:58.328,horizontal,,,0,3,0.9554,YOLO-omega,
cap_000327,2026-09-18T11:45:58.459,horizontal,,,0,3,0.9555,YOLO-omega,
cap_000328,2026-09-18T11:45:58.552,horizontal,,,0,3,0.9504,YOLO-omega,
cap_000329,2026-09-18T11:45:58.683,horizontal,,,0,3,0.9527,YOLO-omega,
cap_000330,2026-09-18T11:45:58.808,horizontal,,,0,4,0.9526,YOLO-omega,
cap_000331,2026-09-18T11:45:58.904,horizontal,,,0,4,0.9522,YOLO-omega,
cap_000332,2026-09-18T11:45:59.034,horizontal,,,0,5,0.9530,YOLO-omega,
cap_000333,2026-09-18T11:45:59.127,horizontal,,,0,5,0.9548,YOLO-omega,
cap_000334,2026-09-18T11:45:59.257,horizontal,,,0,5,0.9603,YOLO-omega,
cap_000335,2026-09-18T11:45:59.355,horizontal,,,0,5,0.9574,YOLO-omega,
cap_000336,2026-09-18T11:45:59.481,horizontal,,,0,5,0.9592,YOLO-omega,
cap_000337,2026-09-18T11:45:59.609,horizontal,,,0,5,0.9636,YOLO-omega,
cap_000338,2026-09-18T11:45:59.705,horizontal,,,0,4,0.9597,YOLO-omega,
cap_000339,2026-09-18T11:45:59.832,horizontal,,,0,4,0.9566,YOLO-omega,
cap_000340,2026-09-18T11:45:59.929,horizontal,,,0,4,0.9593,YOLO-omega,
cap_000341,2026-09-18T11:46:00.057,horizontal,,,0,4,0.9440,YOLO-omega,
cap_000342,2026-09-18T11:46:00.153,horizontal,,,0,4,0.9598,YOLO-omega,
cap_000343,2026-09-18T11:46:00.281,horizontal,,,0,4,0.9622,YOLO-omega,
cap_000344,2026-09-18T11:46:00.375,horizontal,,,0,4,0.9614,YOLO-omega,
cap_000345,2026-09-18T11:46:00.505,horizontal,,,0,4,0.9549,YOLO-omega,
cap_000346,2026-09-18T11:46:00.632,horizontal,,,0,4,0.9570,YOLO-omega,
cap_000347,2026-09-18T11:46:00.729,horizontal,,,0,4,0.9592,YOLO-omega,
cap_000348,2026-09-18T11:46:00.862,horizontal,,,0,4,0.9572,YOLO-omega,
cap_000349,2026-09-18T11:46:00.958,horizontal,,,0,3,0.9572,YOLO-omega,
cap_000350,2026-09-18T11:46:01.090,horizontal,,,0,4,0.9585,YOLO-omega,
cap_000351,2026-09-18T11:46:01.183,horizontal,,,0,4,0.9589,YOLO-omega,
cap_000352,2026-09-18T11:46:01.313,horizontal,,,0,4,0.9568,YOLO-omega,
cap_000353,2026-09-18T11:46:01.407,horizontal,,,0,4,0.9583,YOLO-omega,
cap_000354,2026-09-18T11:46:01.533,horizontal,,,0,4,0.9570,YOLO-omega,
cap_000355,2026-09-18T11:46:01.659,horizontal,,,0,4,0.9600,YOLO-omega,
cap_000356,2026-09-18T11:46:01.756,horizontal,,,0,4,0.9611,YOLO-omega,
cap_000357,2026-09-18T11:46:01.881,horizontal,,,0,4,0.9554,YOLO-omega,
cap_000358,2026-09-18T11:46:01.978,horizontal,,,0,4,0.9554,YOLO-omega,
cap_000359,2026-09-18T11:46:02.103,horizontal,,,0,4,0.9534,YOLO-omega,
cap_000360,2026-09-18T11:46:02.200,horizontal,,,0,4,0.9535,YOLO-omega,
cap_000361,2026-09-18T11:46:02.329,horizontal,,,0,4,0.9535,YOLO-omega,
cap_000362,2026-09-18T11:46:02.458,horizontal,,,0,4,0.9521,YOLO-omega,
cap_000363,2026-09-18T11:46:02.554,horizontal,,,0,4,0.9511,YOLO-omega,
cap_000364,2026-09-18T11:46:02.683,horizontal,,,0,4,0.9519,YOLO-omega,
cap_000365,2026-09-18T11:46:02.783,horizontal,,,0,4,0.9554,YOLO-omega,
cap_000366,2026-09-18T11:46:02.910,horizontal,,,0,4,0.9540,YOLO-omega,
cap_000367,2026-09-18T11:46:03.003,horizontal,,,0,4,0.9474,YOLO-omega,
cap_000368,2026-09-18T11:46:03.131,horizontal,,,0,4,0.9517,YOLO-omega,
cap_000369,2026-09-18T11:46:03.227,horizontal,,,0,4,0.8491,YOLO-omega,
cap_000370,2026-09-18T11:46:03.352,horizontal,,,0,4,0.9554,YOLO-omega,
cap_000371,2026-09-18T11:46:03.481,horizontal,,,0,4,0.9534,YOLO-omega,
cap_000372,2026-09-18T11:46:03.577,horizontal,,,0,4,0.9514,YOLO-omega,
cap_000373,2026-09-18T11:46:03.705,horizontal,,,0,4,0.9498,YOLO-omega,
cap_000374,2026-09-18T11:46:03.801,horizontal,,,0,4,0.9506,YOLO-omega,
cap_000375,2026-09-18T11:46:03.929,horizontal,,,0,4,0.9516,YOLO-omega,
cap_000376,2026-09-18T11:46:04.025,horizontal,,,0,4,0.9336,YOLO-omega,
cap_000377,2026-09-18T11:46:04.152,horizontal,,,0,4,0.9545,YOLO-omega,
cap_000378,2026-09-18T11:46:04.280,horizontal,,,0,3,0.9613,YOLO-omega,
cap_000379,2026-09-18T11:46:04.376,horizontal,,,0,3,0.9548,YOLO-omega,
cap_000380,2026-09-18T11:46:04.503,horizontal,,,0,4,0.9543,YOLO-omega,
cap_000381,2026-09-18T11:46:04.601,horizontal,,,0,4,0.9517,YOLO-omega,
cap_000382,2026-09-18T11:46:04.730,horizontal,,,0,4,0.9520,YOLO-omega,
cap_000383,2026-09-18T11:46:04.827,horizontal,,,0,4,0.9496,YOLO-omega,
cap_000384,2026-09-18T11:46:04.954,horizontal,,,0,4,0.9508,YOLO-omega,
cap_000385,2026-09-18T11:46:05.049,horizontal,,,0,4,0.9561,YOLO-omega,
cap_000386,2026-09-18T11:46:05.177,horizontal,,,0,3,0.9567,YOLO-omega,
cap_000387,2026-09-18T11:46:05.304,horizontal,,,0,4,0.9546,YOLO-omega,
cap_000388,2026-09-18T11:46:05.401,horizontal,,,0,4,0.9548,YOLO-omega,
cap_000389,2026-09-18T11:46:05.531,horizontal,,,0,4,0.9514,YOLO-omega,
cap_000390,2026-09-18T11:46:05.625,horizontal,,,0,4,0.9515,YOLO-omega,
cap_000391,2026-09-18T11:46:05.765,horizontal,,,0,4,0.9532,YOLO-omega,
cap_000392,2026-09-18T11:46:05.858,horizontal,,,0,4,0.9575,YOLO-omega,
cap_000393,2026-09-18T11:46:05.981,horizontal,,,0,4,0.9594,YOLO-omega,
cap_000394,2026-09-18T11:46:06.115,horizontal,,,0,4,0.9581,YOLO-omega,
cap_000395,2026-09-18T11:46:06.204,horizontal,,,0,4,0.9579,YOLO-omega,
cap_000396,2026-09-18T11:46:06.333,horizontal,,,0,4,0.9572,YOLO-omega,
cap_000397,2026-09-18T11:46:06.431,horizontal,,,0,5,0.9555,YOLO-omega,
cap_000398,2026-09-18T11:46:06.555,horizontal,,,0,5,0.9503,YOLO-omega,
cap_000399,2026-09-18T11:46:06.650,horizontal,,,0,5,0.9576,YOLO-omega,
cap_000400,2026-09-18T11:46:06.781,horizontal,,,0,5,0.9575,YOLO-omega,
cap_000401,2026-09-18T11:46:06.879,horizontal,,,0,5,0.9603,YOLO-omega,
cap_000402,2026-09-18T11:46:07.003,horizontal,,,0,5,0.9609,YOLO-omega,
cap_000403,2026-09-18T11:46:07.130,horizontal,,,0,5,0.9556,YOLO-omega,
cap_000404,2026-09-18T11:46:07.228,horizontal,,,0,4,0.9549,YOLO-omega,
cap_000405,2026-09-18T11:46:07.355,horizontal,,,0,3,0.9561,YOLO-omega,
cap_000406,2026-09-18T11:46:07.457,horizontal,,,0,4,0.9530,YOLO-omega,
cap_000407,2026-09-18T11:46:07.579,horizontal,,,0,4,0.9535,YOLO-omega,
cap_000408,2026-09-18T11:46:07.677,horizontal,,,0,4,0.9574,YOLO-omega,
cap_000409,2026-09-18T11:46:07.805,horizontal,,,0,4,0.9573,YOLO-omega,
cap_000410,2026-09-18T11:46:07.901,horizontal,,,0,4,0.9538,YOLO-omega,
cap_000411,2026-09-18T11:46:08.025,horizontal,,,0,4,0.9522,YOLO-omega,
cap_000412,2026-09-18T11:46:08.154,horizontal,,,0,4,0.9552,YOLO-omega,
cap_000413,2026-09-18T11:46:08.250,horizontal,,,0,4,0.9518,YOLO-omega,
cap_000414,2026-09-18T11:46:08.378,horizontal,,,0,4,0.9404,YOLO-omega,
cap_000415,2026-09-18T11:46:08.473,horizontal,,,0,4,0.9473,YOLO-omega,
cap_000416,2026-09-18T11:46:08.604,horizontal,,,0,4,0.9525,YOLO-omega,
cap_000417,2026-09-18T11:46:08.700,horizontal,,,0,5,0.9284,YOLO-omega,
cap_000418,2026-09-18T11:46:08.827,horizontal,,,0,4,0.9432,YOLO-omega,
cap_000419,2026-09-18T11:46:08.962,horizontal,,,0,4,0.9315,YOLO-omega,
cap_000420,2026-09-18T11:46:09.057,horizontal,,,0,4,0.9490,YOLO-omega,
cap_000421,2026-09-18T11:46:09.184,horizontal,,,0,4,0.9500,YOLO-omega,
cap_000422,2026-09-18T11:46:09.278,horizontal,,,0,4,0.9559,YOLO-omega,
cap_000423,2026-09-18T11:46:09.403,horizontal,,,0,4,0.9494,YOLO-omega,
cap_000424,2026-09-18T11:46:09.500,horizontal,,,0,4,0.9515,YOLO-omega,
cap_000425,2026-09-18T11:46:09.627,horizontal,,,0,4,0.9499,YOLO-omega,
cap_000426,2026-09-18T11:46:09.725,horizontal,,,0,4,0.9478,YOLO-omega,
cap_000427,2026-09-18T11:46:09.855,horizontal,,,0,4,0.9565,YOLO-omega,
cap_000428,2026-09-18T11:46:09.981,horizontal,,,0,4,0.9620,YOLO-omega,
cap_000429,2026-09-18T11:46:10.078,horizontal,,,0,4,0.9619,YOLO-omega,
cap_000430,2026-09-18T11:46:10.207,horizontal,,,0,4,0.9617,YOLO-omega,
cap_000431,2026-09-18T11:46:10.303,horizontal,,,0,4,0.9599,YOLO-omega,
cap_000432,2026-09-18T11:46:10.428,horizontal,,,0,4,0.9539,YOLO-omega,
cap_000433,2026-09-18T11:46:10.524,horizontal,,,0,4,0.9581,YOLO-omega,
cap_000434,2026-09-18T11:46:10.651,horizontal,,,0,4,0.9588,YOLO-omega,
cap_000435,2026-09-18T11:46:10.779,horizontal,,,0,4,0.9593,YOLO-omega,
cap_000436,2026-09-18T11:46:10.873,horizontal,,,0,4,0.9582,YOLO-omega,
cap_000437,2026-09-18T11:46:11.003,horizontal,,,0,4,0.9596,YOLO-omega,
cap_000438,2026-09-18T11:46:11.096,horizontal,,,0,4,0.9591,YOLO-omega,
cap_000439,2026-09-18T11:46:11.225,horizontal,,,0,4,0.9603,YOLO-omega,
cap_000440,2026-09-18T11:46:11.322,horizontal,,,0,4,0.9623,YOLO-omega,
cap_000441,2026-09-18T11:46:11.450,horizontal,,,0,4,0.9639,YOLO-omega,
cap_000442,2026-09-18T11:46:11.544,horizontal,,,0,4,0.9622,YOLO-omega,
cap_000443,2026-09-18T11:46:11.676,horizontal,,,0,4,0.9622,YOLO-omega,
cap_000444,2026-09-18T11:46:11.805,horizontal,,,0,4,0.9630,YOLO-omega,
cap_000445,2026-09-18T11:46:11.900,horizontal,,,0,4,0.9611,YOLO-omega,
cap_000446,2026-09-18T11:46:12.027,horizontal,,,0,4,0.9545,YOLO-omega,
cap_000447,2026-09-18T11:46:12.122,horizontal,,,0,4,0.9554,YOLO-omega,
cap_000448,2026-09-18T11:46:12.251,horizontal,,,0,4,0.9482,YOLO-omega,
cap_000449,2026-09-18T11:46:12.347,horizontal,,,0,3,0.9434,YOLO-omega,
cap_000450,2026-09-18T11:46:12.475,horizontal,,,0,4,0.9542,YOLO-omega,
cap_000451,2026-09-18T11:46:12.601,horizontal,,,0,4,0.9565,YOLO-omega,
cap_000452,2026-09-18T11:46:12.702,horizontal,,,0,4,0.9578,YOLO-omega,
cap_000453,2026-09-18T11:46:12.829,horizontal,,,0,4,0.9554,YOLO-omega,
cap_000454,2026-09-18T11:46:12.924,horizontal,,,0,4,0.9576,YOLO-omega,
cap_000455,2026-09-18T11:46:13.050,horizontal,,,0,4,0.9598,YOLO-omega,
cap_000456,2026-09-18T11:46:13.147,horizontal,,,0,4,0.9521,YOLO-omega,
cap_000457,2026-09-18T11:46:13.274,horizontal,,,0,4,0.9519,YOLO-omega,
cap_000458,2026-09-18T11:46:13.370,horizontal,,,0,4,0.9559,YOLO-omega,
cap_000459,2026-09-18T11:46:13.498,horizontal,,,0,4,0.9539,YOLO-omega,
cap_000460,2026-09-18T11:46:13.625,horizontal,,,0,4,0.9520,YOLO-omega,
cap_000461,2026-09-18T11:46:13.721,horizontal,,,0,4,0.9499,YOLO-omega,
cap_000462,2026-09-18T11:46:13.852,horizontal,,,0,4,0.9496,YOLO-omega,
cap_000463,2026-09-18T11:46:13.946,horizontal,,,0,4,0.9517,YOLO-omega,
cap_000464,2026-09-18T11:46:14.074,horizontal,,,0,4,0.9538,YOLO-omega,
cap_000465,2026-09-18T11:46:14.170,horizontal,,,0,4,0.9542,YOLO-omega,
cap_000466,2026-09-18T11:46:14.301,horizontal,,,0,4,0.9495,YOLO-omega,
cap_000467,2026-09-18T11:46:14.393,horizontal,,,0,4,0.9528,YOLO-omega,
cap_000468,2026-09-18T11:46:14.522,horizontal,,,0,4,0.9553,YOLO-omega,
cap_000469,2026-09-18T11:46:14.649,horizontal,,,0,4,0.9555,YOLO-omega,
cap_000470,2026-09-18T11:46:14.749,horizontal,,,0,4,0.9587,YOLO-omega,
cap_000471,2026-09-18T11:46:14.876,horizontal,,,0,4,0.9587,YOLO-omega,
cap_000472,2026-09-18T11:46:14.968,horizontal,,,0,4,0.9587,YOLO-omega,
cap_000473,2026-09-18T11:46:15.098,horizontal,,,0,4,0.9660,YOLO-omega,
cap_000474,2026-09-18T11:46:15.193,horizontal,,,0,4,0.9583,YOLO-omega,
cap_000475,2026-09-18T11:46:15.321,horizontal,,,0,4,0.9610,YOLO-omega,
cap_000476,2026-09-18T11:46:15.448,horizontal,,,0,4,0.9696,YOLO-omega,
cap_000477,2026-09-18T11:46:15.545,horizontal,,,0,4,0.9669,YOLO-omega,
cap_000478,2026-09-18T11:46:15.672,horizontal,,,0,4,0.9560,YOLO-omega,
cap_000479,2026-09-18T11:46:15.770,horizontal,,,0,4,0.9525,YOLO-omega,
cap_000480,2026-09-18T11:46:15.896,horizontal,,,0,4,0.9528,YOLO-omega,
cap_000481,2026-09-18T11:46:15.996,horizontal,,,0,4,0.9327,YOLO-omega,
cap_000482,2026-09-18T11:46:16.121,horizontal,,,0,4,0.9402,YOLO-omega,
cap_000483,2026-09-18T11:46:16.219,horizontal,,,0,4,0.9391,YOLO-omega,
cap_000484,2026-09-18T11:46:16.346,horizontal,,,0,4,0.9376,YOLO-omega,
cap_000485,2026-09-18T11:46:16.471,horizontal,,,0,4,0.9358,YOLO-omega,
cap_000486,2026-09-18T11:46:16.570,horizontal,,,0,4,0.9406,YOLO-omega,
cap_000487,2026-09-18T11:46:16.698,horizontal,,,0,4,0.9457,YOLO-omega,
cap_000488,2026-09-18T11:46:16.792,horizontal,,,0,4,0.9477,YOLO-omega,
cap_000489,2026-09-18T11:46:16.920,horizontal,,,0,4,0.9430,YOLO-omega,
cap_000490,2026-09-18T11:46:17.018,horizontal,,,0,4,0.9404,YOLO-omega,
cap_000491,2026-09-18T11:46:17.145,horizontal,,,0,4,0.9471,YOLO-omega,
cap_000492,2026-09-18T11:46:17.272,horizontal,,,0,4,0.9487,YOLO-omega,
cap_000493,2026-09-18T11:46:17.371,horizontal,,,0,4,0.9477,YOLO-omega,
cap_000494,2026-09-18T11:46:17.499,horizontal,,,0,4,0.9503,YOLO-omega,
cap_000495,2026-09-18T11:46:17.596,horizontal,,,0,4,0.9547,YOLO-omega,
cap_000496,2026-09-18T11:46:17.724,horizontal,,,0,4,0.9550,YOLO-omega,
cap_000497,2026-09-18T11:46:17.819,horizontal,,,0,4,0.9597,YOLO-omega,
cap_000498,2026-09-18T11:46:17.946,horizontal,,,0,5,0.9649,YOLO-omega,
cap_000499,2026-09-18T11:46:18.048,horizontal,,,0,4,0.9621,YOLO-omega,
cap_000500,2026-09-18T11:46:18.169,horizontal,,,0,4,0.9624,YOLO-omega,
cap_000501,2026-09-18T11:46:18.297,horizontal,,,0,4,0.9080,YOLO-omega,
cap_000502,2026-09-18T11:46:18.393,horizontal,,,0,4,0.9538,YOLO-omega,
cap_000503,2026-09-18T11:46:18.519,horizontal,,,0,4,0.9566,YOLO-omega,
cap_000504,2026-09-18T11:46:18.617,horizontal,,,0,4,0.9632,YOLO-omega,
cap_000505,2026-09-18T11:46:18.747,horizontal,,,0,4,0.9629,YOLO-omega,
cap_000506,2026-09-18T11:46:18.840,horizontal,,,0,4,0.9678,YOLO-omega,
cap_000507,2026-09-18T11:46:18.984,horizontal,,,0,4,0.9570,YOLO-omega,
cap_000508,2026-09-18T11:46:19.102,horizontal,,,0,4,0.9585,YOLO-omega,
cap_000509,2026-09-18T11:46:19.198,horizontal,,,0,4,0.9686,YOLO-omega,
cap_000510,2026-09-18T11:46:19.328,horizontal,,,0,4,0.9568,YOLO-omega,
cap_000511,2026-09-18T11:46:19.421,horizontal,,,0,4,0.9546,YOLO-omega,
cap_000512,2026-09-18T11:46:19.548,horizontal,,,0,4,0.9513,YOLO-omega,
cap_000513,2026-09-18T11:46:19.645,horizontal,,,0,4,0.9515,YOLO-omega,
cap_000514,2026-09-18T11:46:19.773,horizontal,,,0,4,0.9500,YOLO-omega,
cap_000515,2026-09-18T11:46:19.872,horizontal,,,0,4,0.9497,YOLO-omega,
cap_000516,2026-09-18T11:46:19.999,horizontal,,,0,4,0.9527,YOLO-omega,
cap_000517,2026-09-18T11:46:20.126,horizontal,,,0,4,0.9566,YOLO-omega,
cap_000518,2026-09-18T11:46:20.221,horizontal,,,0,4,0.9567,YOLO-omega,
cap_000519,2026-09-18T11:46:20.345,horizontal,,,0,5,0.9582,YOLO-omega,
cap_000520,2026-09-18T11:46:20.442,horizontal,,,0,4,0.9607,YOLO-omega,
cap_000521,2026-09-18T11:46:20.571,horizontal,,,0,4,0.9588,YOLO-omega,
cap_000522,2026-09-18T11:46:20.669,horizontal,,,0,4,0.9555,YOLO-omega,
cap_000523,2026-09-18T11:46:20.792,horizontal,,,0,4,0.9549,YOLO-omega,
cap_000524,2026-09-18T11:46:20.887,horizontal,,,0,4,0.9517,YOLO-omega,
cap_000525,2026-09-18T11:46:21.013,horizontal,,,0,4,0.9526,YOLO-omega,
cap_000526,2026-09-18T11:46:21.141,horizontal,,,0,4,0.9539,YOLO-omega,
cap_000527,2026-09-18T11:46:21.237,horizontal,,,0,4,0.9560,YOLO-omega,
cap_000528,2026-09-18T11:46:21.379,horizontal,,,0,4,0.9570,YOLO-omega,
cap_000529,2026-09-18T11:46:21.470,horizontal,,,0,4,0.9549,YOLO-omega,
cap_000530,2026-09-18T11:46:21.596,horizontal,,,0,4,0.9550,YOLO-omega,
cap_000531,2026-09-18T11:46:21.691,horizontal,,,0,4,0.9538,YOLO-omega,
cap_000532,2026-09-18T11:46:21.822,horizontal,,,0,5,0.9551,YOLO-omega,
cap_000533,2026-09-18T11:46:21.952,horizontal,,,0,4,0.9550,YOLO-omega,
cap_000534,2026-09-18T11:46:22.047,horizontal,,,0,5,0.9515,YOLO-omega,
cap_000535,2026-09-18T11:46:22.183,horizontal,,,0,4,0.9521,YOLO-omega,
cap_000536,2026-09-18T11:46:22.268,horizontal,,,0,4,0.9491,YOLO-omega,
cap_000537,2026-09-18T11:46:22.395,horizontal,,,0,4,0.9484,YOLO-omega,
cap_000538,2026-09-18T11:46:22.491,horizontal,,,0,4,0.9486,YOLO-omega,
cap_000539,2026-09-18T11:46:22.619,horizontal,,,0,4,0.9482,YOLO-omega,
cap_000540,2026-09-18T11:46:22.713,horizontal,,,0,4,0.9467,YOLO-omega,
cap_000541,2026-09-18T11:46:22.840,horizontal,,,0,5,0.9470,YOLO-omega,
cap_000542,2026-09-18T11:46:22.970,horizontal,,,0,4,0.9486,YOLO-omega,
cap_000543,2026-09-18T11:46:23.072,horizontal,,,0,4,0.9500,YOLO-omega,
cap_000544,2026-09-18T11:46:23.204,horizontal,,,0,4,0.9530,YOLO-omega,
cap_000545,2026-09-18T11:46:23.294,horizontal,,,0,4,0.9527,YOLO-omega,
cap_000546,2026-09-18T11:46:23.419,horizontal,,,0,4,0.9518,YOLO-omega,
cap_000547,2026-09-18T11:46:23.514,horizontal,,,0,4,0.9541,YOLO-omega,
cap_000548,2026-09-18T11:46:23.639,horizontal,,,0,5,0.9524,YOLO-omega,
cap_000549,2026-09-18T11:46:23.768,horizontal,,,0,4,0.9534,YOLO-omega,
cap_000550,2026-09-18T11:46:23.864,horizontal,,,0,5,0.9553,YOLO-omega,
cap_000551,2026-09-18T11:46:23.993,horizontal,,,0,4,0.9550,YOLO-omega,
cap_000552,2026-09-18T11:46:24.089,horizontal,,,0,4,0.9553,YOLO-omega,
cap_000553,2026-09-18T11:46:24.221,horizontal,,,0,4,0.9586,YOLO-omega,
cap_000554,2026-09-18T11:46:24.318,horizontal,,,0,4,0.9581,YOLO-omega,
cap_000555,2026-09-18T11:46:24.443,horizontal,,,0,4,0.9552,YOLO-omega,
cap_000556,2026-09-18T11:46:24.541,horizontal,,,0,4,0.9567,YOLO-omega,
cap_000557,2026-09-18T11:46:24.671,horizontal,,,0,4,0.9553,YOLO-omega,
cap_000558,2026-09-18T11:46:24.796,horizontal,,,0,4,0.9567,YOLO-omega,
cap_000559,2026-09-18T11:46:24.891,horizontal,,,0,4,0.9538,YOLO-omega,
cap_000560,2026-09-18T11:46:25.020,horizontal,,,0,4,0.9515,YOLO-omega,
cap_000561,2026-09-18T11:46:25.114,horizontal,,,0,4,0.9523,YOLO-omega,
cap_000562,2026-09-18T11:46:25.243,horizontal,,,0,4,0.9562,YOLO-omega,
cap_000563,2026-09-18T11:46:25.338,horizontal,,,0,4,0.9543,YOLO-omega,
cap_000564,2026-09-18T11:46:25.465,horizontal,,,0,4,0.9517,YOLO-omega,
cap_000565,2026-09-18T11:46:25.592,horizontal,,,0,4,0.9547,YOLO-omega,
cap_000566,2026-09-18T11:46:25.691,horizontal,,,0,4,0.9535,YOLO-omega,
cap_000567,2026-09-18T11:46:25.817,horizontal,,,0,5,0.9509,YOLO-omega,
cap_000568,2026-09-18T11:46:25.914,horizontal,,,0,4,0.9558,YOLO-omega,
cap_000569,2026-09-18T11:46:26.042,horizontal,,,0,4,0.9596,YOLO-omega,
cap_000570,2026-09-18T11:46:26.138,horizontal,,,0,4,0.9594,YOLO-omega,
cap_000571,2026-09-18T11:46:26.265,horizontal,,,0,4,0.9583,YOLO-omega,
cap_000572,2026-09-18T11:46:26.363,horizontal,,,0,4,0.9585,YOLO-omega,
cap_000573,2026-09-18T11:46:26.491,horizontal,,,0,4,0.9549,YOLO-omega,
cap_000574,2026-09-18T11:46:26.618,horizontal,,,0,4,0.9538,YOLO-omega,
cap_000575,2026-09-18T11:46:26.716,horizontal,,,0,4,0.9534,YOLO-omega,
cap_000576,2026-09-18T11:46:26.843,horizontal,,,0,4,0.9514,YOLO-omega,
cap_000577,2026-09-18T11:46:26.936,horizontal,,,0,4,0.9506,YOLO-omega,
cap_000578,2026-09-18T11:46:27.067,horizontal,,,0,4,0.9524,YOLO-omega,
cap_000579,2026-09-18T11:46:27.164,horizontal,,,0,4,0.9535,YOLO-omega,
cap_000580,2026-09-18T11:46:27.290,horizontal,,,0,4,0.9502,YOLO-omega,
cap_000581,2026-09-18T11:46:27.387,horizontal,,,0,4,0.9533,YOLO-omega,
cap_000582,2026-09-18T11:46:27.511,horizontal,,,0,4,0.9513,YOLO-omega,
cap_000583,2026-09-18T11:46:27.642,horizontal,,,0,4,0.9512,YOLO-omega,
cap_000584,2026-09-18T11:46:27.738,horizontal,,,0,4,0.9505,YOLO-omega,
cap_000585,2026-09-18T11:46:27.868,horizontal,,,0,4,0.9546,YOLO-omega,
cap_000586,2026-09-18T11:46:27.971,horizontal,,,0,4,0.9518,YOLO-omega,
cap_000587,2026-09-18T11:46:28.094,horizontal,,,0,4,0.9487,YOLO-omega,
cap_000588,2026-09-18T11:46:28.190,horizontal,,,0,4,0.9507,YOLO-omega,
cap_000589,2026-09-18T11:46:28.315,horizontal,,,0,4,0.9545,YOLO-omega,
cap_000590,2026-09-18T11:46:28.442,horizontal,,,0,4,0.9539,YOLO-omega,
cap_000591,2026-09-18T11:46:28.537,horizontal,,,0,4,0.9540,YOLO-omega,
cap_000592,2026-09-18T11:46:28.665,horizontal,,,0,4,0.9557,YOLO-omega,
cap_000593,2026-09-18T11:46:28.762,horizontal,,,0,4,0.9541,YOLO-omega,
cap_000594,2026-09-18T11:46:28.889,horizontal,,,0,4,0.9576,YOLO-omega,
cap_000595,2026-09-18T11:46:28.986,horizontal,,,0,4,0.9599,YOLO-omega,
cap_000596,2026-09-18T11:46:29.112,horizontal,,,0,4,0.9582,YOLO-omega,
cap_000597,2026-09-18T11:46:29.211,horizontal,,,0,4,0.9546,YOLO-omega,
cap_000598,2026-09-18T11:46:29.342,horizontal,,,0,4,0.9517,YOLO-omega,
cap_000599,2026-09-18T11:46:29.468,horizontal,,,0,4,0.9508,YOLO-omega,
cap_000600,2026-09-18T11:46:29.561,horizontal,,,0,4,0.9445,YOLO-omega,
cap_000601,2026-09-18T11:46:29.690,horizontal,,,0,4,0.9530,YOLO-omega,
cap_000602,2026-09-18T11:46:29.786,horizontal,,,0,4,0.9549,YOLO-omega,
cap_000603,2026-09-18T11:46:29.913,horizontal,,,0,4,0.9568,YOLO-omega,
cap_000604,2026-09-18T11:46:30.009,horizontal,,,0,4,0.9595,YOLO-omega,
cap_000605,2026-09-18T11:46:30.138,horizontal,,,0,4,0.9609,YOLO-omega,
cap_000606,2026-09-18T11:46:30.265,horizontal,,,0,4,0.9596,YOLO-omega,
cap_000607,2026-09-18T11:46:30.361,horizontal,,,0,4,0.9577,YOLO-omega,
cap_000608,2026-09-18T11:46:30.488,horizontal,,,0,4,0.9606,YOLO-omega,
cap_000609,2026-09-18T11:46:30.587,horizontal,,,0,4,0.9589,YOLO-omega,
cap_000610,2026-09-18T11:46:30.713,horizontal,,,0,4,0.9611,YOLO-omega,
cap_000611,2026-09-18T11:46:30.809,horizontal,,,0,4,0.9579,YOLO-omega,
cap_000612,2026-09-18T11:46:30.940,horizontal,,,0,4,0.9611,YOLO-omega,
cap_000613,2026-09-18T11:46:31.037,horizontal,,,0,3,0.9602,YOLO-omega,
cap_000614,2026-09-18T11:46:31.162,horizontal,,,0,4,0.9604,YOLO-omega,
cap_000615,2026-09-18T11:46:31.289,horizontal,,,0,4,0.9563,YOLO-omega,
cap_000616,2026-09-18T11:46:31.387,horizontal,,,0,4,0.9566,YOLO-omega,
cap_000617,2026-09-18T11:46:31.514,horizontal,,,0,4,0.9571,YOLO-omega,
cap_000618,2026-09-18T11:46:31.610,horizontal,,,0,4,0.9572,YOLO-omega,
cap_000619,2026-09-18T11:46:31.738,horizontal,,,0,4,0.9560,YOLO-omega,
cap_000620,2026-09-18T11:46:31.834,horizontal,,,0,3,0.9566,YOLO-omega,
cap_000621,2026-09-18T11:46:31.962,horizontal,,,0,4,0.9571,YOLO-omega,
cap_000622,2026-09-18T11:46:32.058,horizontal,,,0,4,0.9593,YOLO-omega,
cap_000623,2026-09-18T11:46:32.188,horizontal,,,0,4,0.9605,YOLO-omega,
cap_000624,2026-09-18T11:46:32.313,horizontal,,,0,4,0.9609,YOLO-omega,
cap_000625,2026-09-18T11:46:32.409,horizontal,,,0,4,0.9598,YOLO-omega,
cap_000626,2026-09-18T11:46:32.536,horizontal,,,0,4,0.9600,YOLO-omega,
cap_000627,2026-09-18T11:46:32.633,horizontal,,,0,4,0.9585,YOLO-omega,
cap_000628,2026-09-18T11:46:32.765,horizontal,,,0,4,0.9546,YOLO-omega,
cap_000629,2026-09-18T11:46:32.859,horizontal,,,0,4,0.9531,YOLO-omega,
cap_000630,2026-09-18T11:46:32.987,horizontal,,,0,3,0.9514,YOLO-omega,
cap_000631,2026-09-18T11:46:33.111,horizontal,,,0,4,0.9506,YOLO-omega,
cap_000632,2026-09-18T11:46:33.210,horizontal,,,0,3,0.9515,YOLO-omega,
cap_000633,2026-09-18T11:46:33.337,horizontal,,,0,3,0.9539,YOLO-omega,
cap_000634,2026-09-18T11:46:33.431,horizontal,,,0,3,0.9543,YOLO-omega,
cap_000635,2026-09-18T11:46:33.560,horizontal,,,0,3,0.9521,YOLO-omega,
cap_000636,2026-09-18T11:46:33.657,horizontal,,,0,3,0.9477,YOLO-omega,
cap_000637,2026-09-18T11:46:33.785,horizontal,,,0,2,0.9575,YOLO-omega,
cap_000638,2026-09-18T11:46:33.880,horizontal,,,0,2,0.9547,YOLO-omega,
cap_000639,2026-09-18T11:46:34.008,horizontal,,,0,2,0.9446,YOLO-omega,
cap_000640,2026-09-18T11:46:34.135,horizontal,,,0,3,0.9465,YOLO-omega,
cap_000641,2026-09-18T11:46:34.233,horizontal,,,0,2,0.9492,YOLO-omega,
cap_000642,2026-09-18T11:46:34.362,horizontal,,,0,3,0.9495,YOLO-omega,
cap_000643,2026-09-18T11:46:34.460,horizontal,,,0,3,0.9522,YOLO-omega,
cap_000644,2026-09-18T11:46:34.589,horizontal,,,0,2,0.9558,YOLO-omega,
cap_000645,2026-09-18T11:46:34.683,horizontal,,,0,3,0.9422,YOLO-omega,
cap_000646,2026-09-18T11:46:34.811,horizontal,,,0,3,0.9581,YOLO-omega,
cap_000647,2026-09-18T11:46:34.938,horizontal,,,0,3,0.9581,YOLO-omega,
cap_000648,2026-09-18T11:46:35.034,horizontal,,,0,3,0.9576,YOLO-omega,
cap_000649,2026-09-18T11:46:35.160,horizontal,,,0,3,0.9550,YOLO-omega,
cap_000650,2026-09-18T11:46:35.257,horizontal,,,0,3,0.9519,YOLO-omega,
cap_000651,2026-09-18T11:46:35.385,horizontal,,,0,3,0.9482,YOLO-omega,
cap_000652,2026-09-18T11:46:35.481,horizontal,,,0,3,0.9492,YOLO-omega,
cap_000653,2026-09-18T11:46:35.610,horizontal,,,0,4,0.9511,YOLO-omega,
cap_000654,2026-09-18T11:46:35.712,horizontal,,,0,4,0.9292,YOLO-omega,
cap_000655,2026-09-18T11:46:35.832,horizontal,,,0,3,0.9363,YOLO-omega,
cap_000656,2026-09-18T11:46:35.957,horizontal,,,0,3,0.9577,YOLO-omega,
cap_000657,2026-09-18T11:46:36.054,horizontal,,,0,3,0.9318,YOLO-omega,
cap_000658,2026-09-18T11:46:36.183,horizontal,,,0,3,0.9486,YOLO-omega,
cap_000659,2026-09-18T11:46:36.284,horizontal,,,0,3,0.9479,YOLO-omega,
cap_000660,2026-09-18T11:46:36.409,horizontal,,,0,3,0.9341,YOLO-omega,
cap_000661,2026-09-18T11:46:36.507,horizontal,,,0,3,0.9272,YOLO-omega,
cap_000662,2026-09-18T11:46:36.635,horizontal,,,0,3,0.9241,YOLO-omega,
cap_000663,2026-09-18T11:46:36.764,horizontal,,,0,3,0.9375,YOLO-omega,
cap_000664,2026-09-18T11:46:36.858,horizontal,,,0,4,0.9271,YOLO-omega,
cap_000665,2026-09-18T11:46:36.985,horizontal,,,0,4,0.9430,YOLO-omega,
cap_000666,2026-09-18T11:46:37.091,horizontal,,,0,3,0.9544,YOLO-omega,
cap_000667,2026-09-18T11:46:37.213,horizontal,,,0,3,0.9652,YOLO-omega,
cap_000668,2026-09-18T11:46:37.307,horizontal,,,0,3,0.9240,YOLO-omega,
cap_000669,2026-09-18T11:46:37.431,horizontal,,,0,3,0.9488,YOLO-omega,
cap_000670,2026-09-18T11:46:37.528,horizontal,,,0,3,0.9235,YOLO-omega,
cap_000671,2026-09-18T11:46:37.658,horizontal,,,0,3,0.9348,YOLO-omega,
cap_000672,2026-09-18T11:46:37.786,horizontal,,,0,3,0.9400,YOLO-omega,
cap_000673,2026-09-18T11:46:37.887,horizontal,,,0,4,0.9396,YOLO-omega,
cap_000674,2026-09-18T11:46:38.014,horizontal,,,0,4,0.9371,YOLO-omega,
cap_000675,2026-09-18T11:46:38.110,horizontal,,,0,3,0.9374,YOLO-omega,
cap_000676,2026-09-18T11:46:38.240,horizontal,,,0,3,0.9597,YOLO-omega,
cap_000677,2026-09-18T11:46:38.336,horizontal,,,0,3,0.9601,YOLO-omega,
cap_000678,2026-09-18T11:46:38.459,horizontal,,,0,3,0.9498,YOLO-omega,
cap_000679,2026-09-18T11:46:38.555,horizontal,,,0,4,0.9531,YOLO-omega,
cap_000680,2026-09-18T11:46:38.683,horizontal,,,0,4,0.9541,YOLO-omega,
cap_000681,2026-09-18T11:46:38.811,horizontal,,,0,4,0.9532,YOLO-omega,
cap_000682,2026-09-18T11:46:38.905,horizontal,,,0,4,0.9483,YOLO-omega,
cap_000683,2026-09-18T11:46:39.034,horizontal,,,0,4,0.9517,YOLO-omega,
cap_000684,2026-09-18T11:46:39.130,horizontal,,,0,4,0.9457,YOLO-omega,
cap_000685,2026-09-18T11:46:39.259,horizontal,,,0,4,0.9485,YOLO-omega,
cap_000686,2026-09-18T11:46:39.354,horizontal,,,0,4,0.9445,YOLO-omega,
cap_000687,2026-09-18T11:46:39.484,horizontal,,,0,4,0.9439,YOLO-omega,
cap_000688,2026-09-18T11:46:39.609,horizontal,,,0,4,0.9365,YOLO-omega,
cap_000689,2026-09-18T11:46:39.707,horizontal,,,0,4,0.9360,YOLO-omega,
cap_000690,2026-09-18T11:46:39.836,horizontal,,,0,4,0.9323,YOLO-omega,
cap_000691,2026-09-18T11:46:39.933,horizontal,,,0,4,0.9400,YOLO-omega,
cap_000692,2026-09-18T11:46:40.062,horizontal,,,0,4,0.9441,YOLO-omega,
cap_000693,2026-09-18T11:46:40.155,horizontal,,,0,4,0.9417,YOLO-omega,
cap_000694,2026-09-18T11:46:40.286,horizontal,,,0,3,0.9505,YOLO-omega,
cap_000695,2026-09-18T11:46:40.383,horizontal,,,0,3,0.9525,YOLO-omega,
cap_000696,2026-09-18T11:46:40.511,horizontal,,,0,3,0.9547,YOLO-omega,
cap_000697,2026-09-18T11:46:40.646,horizontal,,,0,3,0.9560,YOLO-omega,
cap_000698,2026-09-18T11:46:40.735,horizontal,,,0,3,0.9521,YOLO-omega,
cap_000699,2026-09-18T11:46:40.865,horizontal,,,0,3,0.9491,YOLO-omega,
cap_000700,2026-09-18T11:46:40.958,horizontal,,,0,3,0.9410,YOLO-omega,
cap_000701,2026-09-18T11:46:41.085,horizontal,,,0,3,0.9486,YOLO-omega,
cap_000702,2026-09-18T11:46:41.179,horizontal,,,0,3,0.9429,YOLO-omega,
cap_000703,2026-09-18T11:46:41.307,horizontal,,,0,3,0.9456,YOLO-omega,
cap_000704,2026-09-18T11:46:41.435,horizontal,,,0,4,0.9436,YOLO-omega,
cap_000705,2026-09-18T11:46:41.530,horizontal,,,0,3,0.9412,YOLO-omega,
cap_000706,2026-09-18T11:46:41.658,horizontal,,,0,3,0.9399,YOLO-omega,
cap_000707,2026-09-18T11:46:41.756,horizontal,,,0,3,0.9412,YOLO-omega,
cap_000708,2026-09-18T11:46:41.884,horizontal,,,0,3,0.9419,YOLO-omega,
cap_000709,2026-09-18T11:46:41.977,horizontal,,,0,3,0.9508,YOLO-omega,
cap_000710,2026-09-18T11:46:42.106,horizontal,,,0,3,0.9559,YOLO-omega,
cap_000711,2026-09-18T11:46:42.204,horizontal,,,0,3,0.9113,YOLO-omega,
cap_000712,2026-09-18T11:46:42.332,horizontal,,,0,3,0.8732,YOLO-omega,
cap_000713,2026-09-18T11:46:42.460,horizontal,,,0,3,0.9037,YOLO-omega,
cap_000714,2026-09-18T11:46:42.556,horizontal,,,0,4,0.9433,YOLO-omega,
cap_000715,2026-09-18T11:46:42.683,horizontal,,,0,4,0.9432,YOLO-omega,
cap_000716,2026-09-18T11:46:42.776,horizontal,,,0,4,0.9434,YOLO-omega,
cap_000717,2026-09-18T11:46:42.907,horizontal,,,0,4,0.9377,YOLO-omega,
cap_000718,2026-09-18T11:46:43.002,horizontal,,,0,3,0.9360,YOLO-omega,
cap_000719,2026-09-18T11:46:43.131,horizontal,,,0,3,0.9352,YOLO-omega,
cap_000720,2026-09-18T11:46:43.257,horizontal,,,0,4,0.9454,YOLO-omega,
cap_000721,2026-09-18T11:46:43.354,horizontal,,,0,3,0.9399,YOLO-omega,
cap_000722,2026-09-18T11:46:43.481,horizontal,,,0,3,0.9427,YOLO-omega,
cap_000723,2026-09-18T11:46:43.578,horizontal,,,0,3,0.9416,YOLO-omega,
cap_000724,2026-09-18T11:46:43.704,horizontal,,,0,4,0.9029,YOLO-omega,
cap_000725,2026-09-18T11:46:43.805,horizontal,,,0,3,0.9349,YOLO-omega,
cap_000726,2026-09-18T11:46:43.929,horizontal,,,0,3,0.9415,YOLO-omega,
cap_000727,2026-09-18T11:46:44.024,horizontal,,,0,3,0.9429,YOLO-omega,
cap_000728,2026-09-18T11:46:44.154,horizontal,,,0,3,0.9430,YOLO-omega,
cap_000729,2026-09-18T11:46:44.282,horizontal,,,0,3,0.9058,YOLO-omega,
cap_000730,2026-09-18T11:46:44.375,horizontal,,,0,3,0.9424,YOLO-omega,
cap_000731,2026-09-18T11:46:44.503,horizontal,,,0,3,0.9469,YOLO-omega,
cap_000732,2026-09-18T11:46:44.603,horizontal,,,0,3,0.9597,YOLO-omega,
cap_000733,2026-09-18T11:46:44.730,horizontal,,,0,4,0.9535,YOLO-omega,
cap_000734,2026-09-18T11:46:44.827,horizontal,,,0,4,0.9582,YOLO-omega,
cap_000735,2026-09-18T11:46:44.953,horizontal,,,0,3,0.9568,YOLO-omega,
cap_000736,2026-09-18T11:46:45.050,horizontal,,,0,4,0.9556,YOLO-omega,
cap_000737,2026-09-18T11:46:45.179,horizontal,,,0,4,0.9585,YOLO-omega,
cap_000738,2026-09-18T11:46:45.305,horizontal,,,0,4,0.9594,YOLO-omega,
cap_000739,2026-09-18T11:46:45.400,horizontal,,,0,4,0.9558,YOLO-omega,
cap_000740,2026-09-18T11:46:45.529,horizontal,,,0,4,0.9585,YOLO-omega,
cap_000741,2026-09-18T11:46:45.625,horizontal,,,0,4,0.9561,YOLO-omega,
cap_000742,2026-09-18T11:46:45.754,horizontal,,,0,4,0.9562,YOLO-omega,
cap_000743,2026-09-18T11:46:45.848,horizontal,,,0,3,0.9578,YOLO-omega,
cap_000744,2026-09-18T11:46:45.977,horizontal,,,0,3,0.9523,YOLO-omega,
cap_000745,2026-09-18T11:46:46.105,horizontal,,,0,3,0.9533,YOLO-omega,
cap_000746,2026-09-18T11:46:46.202,horizontal,,,0,3,0.9639,YOLO-omega,
cap_000747,2026-09-18T11:46:46.334,horizontal,,,0,4,0.9493,YOLO-omega,
cap_000748,2026-09-18T11:46:46.432,horizontal,,,0,4,0.9534,YOLO-omega,
cap_000749,2026-09-18T11:46:46.556,horizontal,,,0,4,0.9485,YOLO-omega,
cap_000750,2026-09-18T11:46:46.650,horizontal,,,0,3,0.9389,YOLO-omega,
cap_000751,2026-09-18T11:46:46.777,horizontal,,,0,4,0.9479,YOLO-omega,
cap_000752,2026-09-18T11:46:46.872,horizontal,,,0,4,0.9344,YOLO-omega,
cap_000753,2026-09-18T11:46:47.001,horizontal,,,0,4,0.9470,YOLO-omega,
cap_000754,2026-09-18T11:46:47.128,horizontal,,,0,3,0.9228,YOLO-omega,
cap_000755,2026-09-18T11:46:47.226,horizontal,,,0,3,0.9350,YOLO-omega,
cap_000756,2026-09-18T11:46:47.353,horizontal,,,0,4,0.9294,YOLO-omega,
cap_000757,2026-09-18T11:46:47.449,horizontal,,,0,3,0.9529,YOLO-omega,
cap_000758,2026-09-18T11:46:47.578,horizontal,,,0,3,0.9279,YOLO-omega,
cap_000759,2026-09-18T11:46:47.675,horizontal,,,0,3,0.9364,YOLO-omega,
cap_000760,2026-09-18T11:46:47.801,horizontal,,,0,3,0.9354,YOLO-omega,
cap_000761,2026-09-18T11:46:47.927,horizontal,,,0,3,0.9390,YOLO-omega,
cap_000762,2026-09-18T11:46:48.026,horizontal,,,0,3,0.9353,YOLO-omega,
cap_000763,2026-09-18T11:46:48.153,horizontal,,,0,3,0.9406,YOLO-omega,
cap_000764,2026-09-18T11:46:48.251,horizontal,,,0,4,0.9340,YOLO-omega,
cap_000765,2026-09-18T11:46:48.377,horizontal,,,0,3,0.9356,YOLO-omega,
cap_000766,2026-09-18T11:46:48.473,horizontal,,,0,3,0.9350,YOLO-omega,
cap_000767,2026-09-18T11:46:48.602,horizontal,,,0,3,0.9270,YOLO-omega,
cap_000768,2026-09-18T11:46:48.699,horizontal,,,0,3,0.9279,YOLO-omega,
cap_000769,2026-09-18T11:46:48.826,horizontal,,,0,3,0.9254,YOLO-omega,
cap_000770,2026-09-18T11:46:48.951,horizontal,,,0,3,0.9260,YOLO-omega,
cap_000771,2026-09-18T11:46:49.050,horizontal,,,0,3,0.9253,YOLO-omega,
cap_000772,2026-09-18T11:46:49.175,horizontal,,,0,3,0.9142,YOLO-omega,
cap_000773,2026-09-18T11:46:49.272,horizontal,,,0,3,0.9231,YOLO-omega,
cap_000774,2026-09-18T11:46:49.402,horizontal,,,0,3,0.9265,YOLO-omega,
cap_000775,2026-09-18T11:46:49.498,horizontal,,,0,3,0.9286,YOLO-omega,
cap_000776,2026-09-18T11:46:49.625,horizontal,,,0,3,0.9386,YOLO-omega,
cap_000777,2026-09-18T11:46:49.754,horizontal,,,0,3,0.9373,YOLO-omega,
cap_000778,2026-09-18T11:46:49.850,horizontal,,,0,3,0.9363,YOLO-omega,
cap_000779,2026-09-18T11:46:49.980,horizontal,,,0,3,0.9337,YOLO-omega,
cap_000780,2026-09-18T11:46:50.072,horizontal,,,0,3,0.9326,YOLO-omega,
cap_000781,2026-09-18T11:46:50.203,horizontal,,,0,3,0.9367,YOLO-omega,
cap_000782,2026-09-18T11:46:50.298,horizontal,,,0,3,0.9379,YOLO-omega,
cap_000783,2026-09-18T11:46:50.425,horizontal,,,0,3,0.9418,YOLO-omega,
cap_000784,2026-09-18T11:46:50.520,horizontal,,,0,3,0.9401,YOLO-omega,
cap_000785,2026-09-18T11:46:50.649,horizontal,,,0,3,0.9394,YOLO-omega,
cap_000786,2026-09-18T11:46:50.780,horizontal,,,0,3,0.9374,YOLO-omega,
cap_000787,2026-09-18T11:46:50.872,horizontal,,,0,4,0.9468,YOLO-omega,
cap_000788,2026-09-18T11:46:50.998,horizontal,,,0,3,0.9365,YOLO-omega,
cap_000789,2026-09-18T11:46:51.094,horizontal,,,0,4,0.9530,YOLO-omega,
cap_000790,2026-09-18T11:46:51.221,horizontal,,,0,4,0.9497,YOLO-omega,
cap_000791,2026-09-18T11:46:51.340,horizontal,,,0,4,0.9384,YOLO-omega,
cap_000792,2026-09-18T11:46:51.453,horizontal,,,0,3,0.9258,YOLO-omega,
cap_000793,2026-09-18T11:46:51.548,horizontal,,,0,3,0.9323,YOLO-omega,
cap_000794,2026-09-18T11:46:51.673,horizontal,,,0,3,0.9205,YOLO-omega,
cap_000795,2026-09-18T11:46:51.805,horizontal,,,0,4,0.9048,YOLO-omega,
cap_000796,2026-09-18T11:46:51.903,horizontal,,,0,3,0.9045,YOLO-omega,
cap_000797,2026-09-18T11:46:52.029,horizontal,,,0,3,0.9230,YOLO-omega,
cap_000798,2026-09-18T11:46:52.123,horizontal,,,0,3,0.9127,YOLO-omega,
cap_000799,2026-09-18T11:46:52.256,horizontal,,,0,3,0.9091,YOLO-omega,
cap_000800,2026-09-18T11:46:52.350,horizontal,,,0,3,0.9178,YOLO-omega,
cap_000801,2026-09-18T11:46:52.481,horizontal,,,0,4,0.9162,YOLO-omega,
cap_000802,2026-09-18T11:46:52.609,horizontal,,,0,3,0.9141,YOLO-omega,
cap_000803,2026-09-18T11:46:52.704,horizontal,,,0,3,0.9331,YOLO-omega,
cap_000804,2026-09-18T11:46:52.834,horizontal,,,0,3,0.9373,YOLO-omega,
cap_000805,2026-09-18T11:46:52.935,horizontal,,,0,3,0.9351,YOLO-omega,
cap_000806,2026-09-18T11:46:53.060,horizontal,,,0,3,0.9266,YOLO-omega,
cap_000807,2026-09-18T11:46:53.158,horizontal,,,0,3,0.9244,YOLO-omega,
cap_000808,2026-09-18T11:46:53.279,horizontal,,,0,3,0.9264,YOLO-omega,
cap_000809,2026-09-18T11:46:53.376,horizontal,,,0,3,0.9268,YOLO-omega,
cap_000810,2026-09-18T11:46:53.499,horizontal,,,0,3,0.9230,YOLO-omega,
cap_000811,2026-09-18T11:46:53.626,horizontal,,,0,2,0.9169,YOLO-omega,
cap_000812,2026-09-18T11:46:53.721,horizontal,,,0,3,0.9222,YOLO-omega,
cap_000813,2026-09-18T11:46:53.851,horizontal,,,0,3,0.9162,YOLO-omega,
cap_000814,2026-09-18T11:46:53.944,horizontal,,,0,3,0.9260,YOLO-omega,
cap_000815,2026-09-18T11:46:54.073,horizontal,,,0,3,0.9156,YOLO-omega,
cap_000816,2026-09-18T11:46:54.171,horizontal,,,0,3,0.9134,YOLO-omega,
cap_000817,2026-09-18T11:46:54.298,horizontal,,,0,3,0.9002,YOLO-omega,
cap_000818,2026-09-18T11:46:54.424,horizontal,,,0,3,0.9450,YOLO-omega,
cap_000819,2026-09-18T11:46:54.522,horizontal,,,0,3,0.9445,YOLO-omega,
cap_000820,2026-09-18T11:46:54.652,horizontal,,,0,4,0.9467,YOLO-omega,
cap_000821,2026-09-18T11:46:54.749,horizontal,,,0,4,0.9451,YOLO-omega,
cap_000822,2026-09-18T11:46:54.876,horizontal,,,0,3,0.9496,YOLO-omega,
cap_000823,2026-09-18T11:46:54.972,horizontal,,,0,3,0.9502,YOLO-omega,
cap_000824,2026-09-18T11:46:55.101,horizontal,,,0,4,0.9531,YOLO-omega,
cap_000825,2026-09-18T11:46:55.194,horizontal,,,0,3,0.9466,YOLO-omega,
cap_000826,2026-09-18T11:46:55.321,horizontal,,,0,4,0.9535,YOLO-omega,
cap_000827,2026-09-18T11:46:55.447,horizontal,,,0,4,0.9513,YOLO-omega,
cap_000828,2026-09-18T11:46:55.545,horizontal,,,0,4,0.9533,YOLO-omega,
cap_000829,2026-09-18T11:46:55.675,horizontal,,,0,4,0.9519,YOLO-omega,
cap_000830,2026-09-18T11:46:55.769,horizontal,,,0,3,0.9545,YOLO-omega,
cap_000831,2026-09-18T11:46:55.896,horizontal,,,0,3,0.9455,YOLO-omega,
cap_000832,2026-09-18T11:46:55.994,horizontal,,,0,4,0.9474,YOLO-omega,
cap_000833,2026-09-18T11:46:56.122,horizontal,,,0,3,0.9488,YOLO-omega,
cap_000834,2026-09-18T11:46:56.249,horizontal,,,0,3,0.9465,YOLO-omega,
cap_000835,2026-09-18T11:46:56.345,horizontal,,,0,3,0.9367,YOLO-omega,
cap_000836,2026-09-18T11:46:56.472,horizontal,,,0,3,0.9450,YOLO-omega,
cap_000837,2026-09-18T11:46:56.570,horizontal,,,0,3,0.9402,YOLO-omega,
cap_000838,2026-09-18T11:46:56.699,horizontal,,,0,3,0.9382,YOLO-omega,
cap_000839,2026-09-18T11:46:56.794,horizontal,,,0,3,0.9381,YOLO-omega,
cap_000840,2026-09-18T11:46:56.923,horizontal,,,0,3,0.9463,YOLO-omega,
cap_000841,2026-09-18T11:46:57.018,horizontal,,,0,3,0.9464,YOLO-omega,
cap_000842,2026-09-18T11:46:57.148,horizontal,,,0,3,0.9436,YOLO-omega,
cap_000843,2026-09-18T11:46:57.276,horizontal,,,0,3,0.9402,YOLO-omega,
cap_000844,2026-09-18T11:46:57.371,horizontal,,,0,3,0.9361,YOLO-omega,
cap_000845,2026-09-18T11:46:57.498,horizontal,,,0,3,0.9417,YOLO-omega,
cap_000846,2026-09-18T11:46:57.593,horizontal,,,0,3,0.9331,YOLO-omega,
cap_000847,2026-09-18T11:46:57.722,horizontal,,,0,3,0.9355,YOLO-omega,
cap_000848,2026-09-18T11:46:57.817,horizontal,,,0,3,0.9379,YOLO-omega,
cap_000849,2026-09-18T11:46:57.946,horizontal,,,0,3,0.9371,YOLO-omega,
cap_000850,2026-09-18T11:46:58.044,horizontal,,,0,3,0.9400,YOLO-omega,
cap_000851,2026-09-18T11:46:58.171,horizontal,,,0,3,0.9404,YOLO-omega,
cap_000852,2026-09-18T11:46:58.298,horizontal,,,0,3,0.9398,YOLO-omega,
cap_000853,2026-09-18T11:46:58.393,horizontal,,,0,3,0.9396,YOLO-omega,
cap_000854,2026-09-18T11:46:58.522,horizontal,,,0,3,0.9371,YOLO-omega,
cap_000855,2026-09-18T11:46:58.617,horizontal,,,0,3,0.9295,YOLO-omega,
cap_000856,2026-09-18T11:46:58.747,horizontal,,,0,3,0.9280,YOLO-omega,
cap_000857,2026-09-18T11:46:58.841,horizontal,,,0,3,0.9302,YOLO-omega,
cap_000858,2026-09-18T11:46:58.970,horizontal,,,0,3,0.9299,YOLO-omega,
cap_000859,2026-09-18T11:46:59.097,horizontal,,,0,3,0.9306,YOLO-omega,
cap_000860,2026-09-18T11:46:59.195,horizontal,,,0,4,0.9311,YOLO-omega,
cap_000861,2026-09-18T11:46:59.322,horizontal,,,0,4,0.9331,YOLO-omega,
cap_000862,2026-09-18T11:46:59.416,horizontal,,,0,4,0.9363,YOLO-omega,
cap_000863,2026-09-18T11:46:59.546,horizontal,,,0,4,0.9397,YOLO-omega,
cap_000864,2026-09-18T11:46:59.641,horizontal,,,0,4,0.9416,YOLO-omega,
cap_000865,2026-09-18T11:46:59.770,horizontal,,,0,4,0.9456,YOLO-omega,
cap_000866,2026-09-18T11:46:59.864,horizontal,,,0,4,0.9444,YOLO-omega,
cap_000867,2026-09-18T11:46:59.993,horizontal,,,0,3,0.9511,YOLO-omega,
cap_000868,2026-09-18T11:47:00.124,horizontal,,,0,3,0.9574,YOLO-omega,
cap_000869,2026-09-18T11:47:00.221,horizontal,,,0,3,0.9441,YOLO-omega,
cap_000870,2026-09-18T11:47:00.347,horizontal,,,0,3,0.9457,YOLO-omega,
cap_000871,2026-09-18T11:47:00.442,horizontal,,,0,3,0.9415,YOLO-omega,
cap_000872,2026-09-18T11:47:00.568,horizontal,,,0,3,0.9449,YOLO-omega,
cap_000873,2026-09-18T11:47:00.667,horizontal,,,0,3,0.9389,YOLO-omega,
cap_000874,2026-09-18T11:47:00.795,horizontal,,,0,3,0.9403,YOLO-omega,
cap_000875,2026-09-18T11:47:00.920,horizontal,,,0,4,0.9427,YOLO-omega,
cap_000876,2026-09-18T11:47:01.017,horizontal,,,0,4,0.9473,YOLO-omega,
cap_000877,2026-09-18T11:47:01.145,horizontal,,,0,4,0.9454,YOLO-omega,
cap_000878,2026-09-18T11:47:01.242,horizontal,,,0,4,0.9419,YOLO-omega,
cap_000879,2026-09-18T11:47:01.370,horizontal,,,0,4,0.9437,YOLO-omega,
cap_000880,2026-09-18T11:47:01.466,horizontal,,,0,4,0.9494,YOLO-omega,
cap_000881,2026-09-18T11:47:01.594,horizontal,,,0,4,0.9530,YOLO-omega,
cap_000882,2026-09-18T11:47:01.691,horizontal,,,0,4,0.9521,YOLO-omega,
cap_000883,2026-09-18T11:47:01.817,horizontal,,,0,4,0.9485,YOLO-omega,
cap_000884,2026-09-18T11:47:01.945,horizontal,,,0,4,0.9556,YOLO-omega,
cap_000885,2026-09-18T11:47:02.042,horizontal,,,0,4,0.9532,YOLO-omega,
cap_000886,2026-09-18T11:47:02.167,horizontal,,,0,4,0.9523,YOLO-omega,
cap_000887,2026-09-18T11:47:02.264,horizontal,,,0,3,0.9475,YOLO-omega,
cap_000888,2026-09-18T11:47:02.391,horizontal,,,0,4,0.9535,YOLO-omega,
cap_000889,2026-09-18T11:47:02.488,horizontal,,,0,4,0.9540,YOLO-omega,
cap_000890,2026-09-18T11:47:02.618,horizontal,,,0,4,0.9568,YOLO-omega,
cap_000891,2026-09-18T11:47:02.746,horizontal,,,0,4,0.9571,YOLO-omega,
cap_000892,2026-09-18T11:47:02.844,horizontal,,,0,4,0.9560,YOLO-omega,
cap_000893,2026-09-18T11:47:02.969,horizontal,,,0,4,0.9596,YOLO-omega,
cap_000894,2026-09-18T11:47:03.065,horizontal,,,0,4,0.9619,YOLO-omega,
cap_000895,2026-09-18T11:47:03.194,horizontal,,,0,4,0.9632,YOLO-omega,
cap_000896,2026-09-18T11:47:03.287,horizontal,,,0,4,0.9605,YOLO-omega,
cap_000897,2026-09-18T11:47:03.418,horizontal,,,0,4,0.9538,YOLO-omega,
cap_000898,2026-09-18T11:47:03.513,horizontal,,,0,4,0.9571,YOLO-omega,
cap_000899,2026-09-18T11:47:03.643,horizontal,,,0,4,0.9593,YOLO-omega,
cap_000900,2026-09-18T11:47:03.769,horizontal,,,0,4,0.9629,YOLO-omega,
cap_000901,2026-09-18T11:47:03.864,horizontal,,,0,4,0.9594,YOLO-omega,
cap_000902,2026-09-18T11:47:03.993,horizontal,,,0,4,0.9602,YOLO-omega,
cap_000903,2026-09-18T11:47:04.087,horizontal,,,0,4,0.9631,YOLO-omega,
cap_000904,2026-09-18T11:47:04.217,horizontal,,,0,4,0.9566,YOLO-omega,
cap_000905,2026-09-18T11:47:04.311,horizontal,,,0,4,0.9544,YOLO-omega,
cap_000906,2026-09-18T11:47:04.441,horizontal,,,0,3,0.9481,YOLO-omega,
cap_000907,2026-09-18T11:47:04.537,horizontal,,,0,3,0.9506,YOLO-omega,
cap_000908,2026-09-18T11:47:04.666,horizontal,,,0,3,0.9514,YOLO-omega,
cap_000909,2026-09-18T11:47:04.793,horizontal,,,0,3,0.9416,YOLO-omega,
cap_000910,2026-09-18T11:47:04.892,horizontal,,,0,3,0.9442,YOLO-omega,
cap_000911,2026-09-18T11:47:05.024,horizontal,,,0,3,0.9376,YOLO-omega,
cap_000912,2026-09-18T11:47:05.121,horizontal,,,0,3,0.9273,YOLO-omega,
cap_000913,2026-09-18T11:47:05.248,horizontal,,,0,3,0.9324,YOLO-omega,
cap_000914,2026-09-18T11:47:05.345,horizontal,,,0,3,0.9383,YOLO-omega,
cap_000915,2026-09-18T11:47:05.472,horizontal,,,0,4,0.9460,YOLO-omega,
cap_000916,2026-09-18T11:47:05.601,horizontal,,,0,3,0.9477,YOLO-omega,
cap_000917,2026-09-18T11:47:05.696,horizontal,,,0,3,0.9520,YOLO-omega,
cap_000918,2026-09-18T11:47:05.828,horizontal,,,0,3,0.9550,YOLO-omega,
cap_000919,2026-09-18T11:47:05.919,horizontal,,,0,4,0.9545,YOLO-omega,
cap_000920,2026-09-18T11:47:06.038,horizontal,,,0,4,0.9555,YOLO-omega,
cap_000921,2026-09-18T11:47:06.134,horizontal,,,0,4,0.9555,YOLO-omega,
cap_000922,2026-09-18T11:47:06.263,horizontal,,,0,4,0.9557,YOLO-omega,
cap_000923,2026-09-18T11:47:06.362,horizontal,,,0,4,0.9589,YOLO-omega,
cap_000924,2026-09-18T11:47:06.498,horizontal,,,0,4,0.9566,YOLO-omega,
cap_000925,2026-09-18T11:47:06.617,horizontal,,,0,4,0.9557,YOLO-omega,
cap_000926,2026-09-18T11:47:06.712,horizontal,,,0,4,0.9521,YOLO-omega,
cap_000927,2026-09-18T11:47:06.840,horizontal,,,0,3,0.9560,YOLO-omega,
cap_000928,2026-09-18T11:47:06.935,horizontal,,,0,3,0.9038,YOLO-omega,
cap_000929,2026-09-18T11:47:07.064,horizontal,,,0,3,0.9388,YOLO-omega,
cap_000930,2026-09-18T11:47:07.168,horizontal,,,0,3,0.9432,YOLO-omega,
cap_000931,2026-09-18T11:47:07.293,horizontal,,,0,3,0.9122,YOLO-omega,
cap_000932,2026-09-18T11:47:07.420,horizontal,,,0,3,0.9327,YOLO-omega,
cap_000933,2026-09-18T11:47:07.516,horizontal,,,0,3,0.9522,YOLO-omega,
cap_000934,2026-09-18T11:47:07.645,horizontal,,,0,3,0.9447,YOLO-omega,
cap_000935,2026-09-18T11:47:07.744,horizontal,,,0,3,0.9188,YOLO-omega,
cap_000936,2026-09-18T11:47:07.868,horizontal,,,0,3,0.9514,YOLO-omega,
cap_000937,2026-09-18T11:47:07.971,horizontal,,,0,4,0.9249,YOLO-omega,
cap_000938,2026-09-18T11:47:08.092,horizontal,,,0,4,0.9535,YOLO-omega,
cap_000939,2026-09-18T11:47:08.190,horizontal,,,0,4,0.9580,YOLO-omega,
cap_000940,2026-09-18T11:47:08.313,horizontal,,,0,4,0.9577,YOLO-omega,
cap_000941,2026-09-18T11:47:08.442,horizontal,,,0,4,0.9582,YOLO-omega,
cap_000942,2026-09-18T11:47:08.539,horizontal,,,0,4,0.9552,YOLO-omega,
cap_000943,2026-09-18T11:47:08.668,horizontal,,,0,4,0.9563,YOLO-omega,
cap_000944,2026-09-18T11:47:08.761,horizontal,,,0,4,0.9512,YOLO-omega,
cap_000945,2026-09-18T11:47:08.891,horizontal,,,0,4,0.9556,YOLO-omega,
cap_000946,2026-09-18T11:47:08.986,horizontal,,,0,4,0.9550,YOLO-omega,
cap_000947,2026-09-18T11:47:09.114,horizontal,,,0,5,0.9575,YOLO-omega,
cap_000948,2026-09-18T11:47:09.213,horizontal,,,0,3,0.9556,YOLO-omega,
cap_000949,2026-09-18T11:47:09.338,horizontal,,,0,2,0.9551,YOLO-omega,
cap_000950,2026-09-18T11:47:09.466,horizontal,,,0,3,0.9522,YOLO-omega,
cap_000951,2026-09-18T11:47:09.562,horizontal,,,0,4,0.9542,YOLO-omega,
cap_000952,2026-09-18T11:47:09.692,horizontal,,,0,4,0.9615,YOLO-omega,
cap_000953,2026-09-18T11:47:09.787,horizontal,,,0,4,0.9474,YOLO-omega,
cap_000954,2026-09-18T11:47:09.915,horizontal,,,0,4,0.9618,YOLO-omega,
cap_000955,2026-09-18T11:47:10.014,horizontal,,,0,4,0.9587,YOLO-omega,
cap_000956,2026-09-18T11:47:10.141,horizontal,,,0,4,0.9502,YOLO-omega,
cap_000957,2026-09-18T11:47:10.270,horizontal,,,0,4,0.9557,YOLO-omega,
cap_000958,2026-09-18T11:47:10.366,horizontal,,,0,4,0.9577,YOLO-omega,
cap_000959,2026-09-18T11:47:10.495,horizontal,,,0,4,0.9618,YOLO-omega,
cap_000960,2026-09-18T11:47:10.590,horizontal,,,0,3,0.9581,YOLO-omega,
cap_000961,2026-09-18T11:47:10.717,horizontal,,,0,3,0.9540,YOLO-omega,
cap_000962,2026-09-18T11:47:10.813,horizontal,,,0,3,0.9602,YOLO-omega,
cap_000963,2026-09-18T11:47:10.941,horizontal,,,0,3,0.9608,YOLO-omega,
cap_000964,2026-09-18T11:47:11.038,horizontal,,,0,3,0.9494,YOLO-omega,
cap_000965,2026-09-18T11:47:11.164,horizontal,,,0,3,0.9510,YOLO-omega,
cap_000966,2026-09-18T11:47:11.293,horizontal,,,0,3,0.9537,YOLO-omega,
cap_000967,2026-09-18T11:47:11.389,horizontal,,,0,3,0.9572,YOLO-omega,
cap_000968,2026-09-18T11:47:11.517,horizontal,,,0,4,0.9562,YOLO-omega,
cap_000969,2026-09-18T11:47:11.613,horizontal,,,0,4,0.9496,YOLO-omega,
cap_000970,2026-09-18T11:47:11.745,horizontal,,,0,3,0.9520,YOLO-omega,
cap_000971,2026-09-18T11:47:11.840,horizontal,,,0,4,0.9548,YOLO-omega,
cap_000972,2026-09-18T11:47:11.967,horizontal,,,0,4,0.9544,YOLO-omega,
cap_000973,2026-09-18T11:47:12.096,horizontal,,,0,4,0.9513,YOLO-omega,
cap_000974,2026-09-18T11:47:12.192,horizontal,,,0,4,0.9572,YOLO-omega,
cap_000975,2026-09-18T11:47:12.321,horizontal,,,0,4,0.9539,YOLO-omega,
cap_000976,2026-09-18T11:47:12.418,horizontal,,,0,4,0.9565,YOLO-omega,
cap_000977,2026-09-18T11:47:12.545,horizontal,,,0,3,0.9581,YOLO-omega,
cap_000978,2026-09-18T11:47:12.639,horizontal,,,0,4,0.9564,YOLO-omega,
cap_000979,2026-09-18T11:47:12.767,horizontal,,,0,4,0.9607,YOLO-omega,
cap_000980,2026-09-18T11:47:12.862,horizontal,,,0,4,0.9576,YOLO-omega,
cap_000981,2026-09-18T11:47:12.993,horizontal,,,0,4,0.9591,YOLO-omega,
cap_000982,2026-09-18T11:47:13.120,horizontal,,,0,4,0.9625,YOLO-omega,
cap_000983,2026-09-18T11:47:13.217,horizontal,,,0,4,0.9656,YOLO-omega,
cap_000984,2026-09-18T11:47:13.344,horizontal,,,0,4,0.9650,YOLO-omega,
cap_000985,2026-09-18T11:47:13.439,horizontal,,,0,4,0.9640,YOLO-omega,
cap_000986,2026-09-18T11:47:13.567,horizontal,,,0,4,0.9626,YOLO-omega,
cap_000987,2026-09-18T11:47:13.662,horizontal,,,0,4,0.9638,YOLO-omega,
cap_000988,2026-09-18T11:47:13.791,horizontal,,,0,4,0.9619,YOLO-omega,
cap_000989,2026-09-18T11:47:13.921,horizontal,,,0,4,0.9594,YOLO-omega,
cap_000990,2026-09-18T11:47:14.014,horizontal,,,0,4,0.9615,YOLO-omega,
cap_000991,2026-09-18T11:47:14.142,horizontal,,,0,3,0.9540,YOLO-omega,
cap_000992,2026-09-18T11:47:14.239,horizontal,,,0,3,0.9530,YOLO-omega,
cap_000993,2026-09-18T11:47:14.368,horizontal,,,0,3,0.9500,YOLO-omega,
cap_000994,2026-09-18T11:47:14.463,horizontal,,,0,3,0.9474,YOLO-omega,
cap_000995,2026-09-18T11:47:14.591,horizontal,,,0,2,0.9520,YOLO-omega,
cap_000996,2026-09-18T11:47:14.688,horizontal,,,0,3,0.9558,YOLO-omega,
cap_000997,2026-09-18T11:47:14.814,horizontal,,,0,3,0.9551,YOLO-omega,
cap_000998,2026-09-18T11:47:14.940,horizontal,,,0,3,0.9511,YOLO-omega,
cap_000999,2026-09-18T11:47:15.039,horizontal,,,0,3,0.9511,YOLO-omega,
cap_001000,2026-09-18T11:47:15.169,horizontal,,,0,3,0.9536,YOLO-omega,
cap_001001,2026-09-18T11:47:15.264,horizontal,,,0,3,0.9522,YOLO-omega,
cap_001002,2026-09-18T11:47:15.393,horizontal,,,0,3,0.9578,YOLO-omega,
cap_001003,2026-09-18T11:47:15.488,horizontal,,,0,3,0.9535,YOLO-omega,
cap_001004,2026-09-18T11:47:15.615,horizontal,,,0,3,0.9542,YOLO-omega,
cap_001005,2026-09-18T11:47:15.711,horizontal,,,0,3,0.9572,YOLO-omega,
cap_001006,2026-09-18T11:47:15.839,horizontal,,,0,3,0.9567,YOLO-omega,
cap_001007,2026-09-18T11:47:15.969,horizontal,,,0,4,0.9579,YOLO-omega,
cap_001008,2026-09-18T11:47:16.065,horizontal,,,0,4,0.9596,YOLO-omega,
cap_001009,2026-09-18T11:47:16.191,horizontal,,,0,4,0.9570,YOLO-omega,
cap_001010,2026-09-18T11:47:16.286,horizontal,,,0,4,0.9566,YOLO-omega,
cap_001011,2026-09-18T11:47:16.415,horizontal,,,0,4,0.9558,YOLO-omega,
cap_001012,2026-09-18T11:47:16.513,horizontal,,,0,4,0.9554,YOLO-omega,
cap_001013,2026-09-18T11:47:16.642,horizontal,,,0,4,0.9528,YOLO-omega,
cap_001014,2026-09-18T11:47:16.769,horizontal,,,0,4,0.9633,YOLO-omega,
cap_001015,2026-09-18T11:47:16.865,horizontal,,,0,5,0.9628,YOLO-omega,
cap_001016,2026-09-18T11:47:16.994,horizontal,,,0,4,0.9633,YOLO-omega,
cap_001017,2026-09-18T11:47:17.089,horizontal,,,0,4,0.9608,YOLO-omega,
cap_001018,2026-09-18T11:47:17.217,horizontal,,,0,4,0.9554,YOLO-omega,
cap_001019,2026-09-18T11:47:17.314,horizontal,,,0,4,0.9547,YOLO-omega,
cap_001020,2026-09-18T11:47:17.443,horizontal,,,0,4,0.9497,YOLO-omega,
cap_001021,2026-09-18T11:47:17.539,horizontal,,,0,4,0.9531,YOLO-omega,
cap_001022,2026-09-18T11:47:17.667,horizontal,,,0,4,0.9466,YOLO-omega,
cap_001023,2026-09-18T11:47:17.794,horizontal,,,0,4,0.9515,YOLO-omega,
cap_001024,2026-09-18T11:47:17.890,horizontal,,,0,4,0.9506,YOLO-omega,
cap_001025,2026-09-18T11:47:18.017,horizontal,,,0,4,0.9503,YOLO-omega,
cap_001026,2026-09-18T11:47:18.113,horizontal,,,0,4,0.9494,YOLO-omega,
cap_001027,2026-09-18T11:47:18.241,horizontal,,,0,4,0.9506,YOLO-omega,
cap_001028,2026-09-18T11:47:18.335,horizontal,,,0,4,0.9538,YOLO-omega,
cap_001029,2026-09-18T11:47:18.463,horizontal,,,0,4,0.9549,YOLO-omega,
cap_001030,2026-09-18T11:47:18.591,horizontal,,,0,4,0.9533,YOLO-omega,
cap_001031,2026-09-18T11:47:18.689,horizontal,,,0,4,0.9514,YOLO-omega,
cap_001032,2026-09-18T11:47:18.817,horizontal,,,0,4,0.9539,YOLO-omega,
cap_001033,2026-09-18T11:47:18.912,horizontal,,,0,4,0.9567,YOLO-omega,
cap_001034,2026-09-18T11:47:19.042,horizontal,,,0,4,0.9541,YOLO-omega,
cap_001035,2026-09-18T11:47:19.136,horizontal,,,0,4,0.9578,YOLO-omega,
cap_001036,2026-09-18T11:47:19.266,horizontal,,,0,4,0.9607,YOLO-omega,
cap_001037,2026-09-18T11:47:19.363,horizontal,,,0,4,0.9591,YOLO-omega,
cap_001038,2026-09-18T11:47:19.490,horizontal,,,0,4,0.9595,YOLO-omega,
cap_001039,2026-09-18T11:47:19.618,horizontal,,,0,4,0.9604,YOLO-omega,
cap_001040,2026-09-18T11:47:19.714,horizontal,,,0,4,0.9554,YOLO-omega,
cap_001041,2026-09-18T11:47:19.840,horizontal,,,0,4,0.9557,YOLO-omega,
cap_001042,2026-09-18T11:47:19.936,horizontal,,,0,4,0.9597,YOLO-omega,
cap_001043,2026-09-18T11:47:20.065,horizontal,,,0,4,0.9592,YOLO-omega,
cap_001044,2026-09-18T11:47:20.161,horizontal,,,0,4,0.9593,YOLO-omega,
cap_001045,2026-09-18T11:47:20.288,horizontal,,,0,4,0.9618,YOLO-omega,
cap_001046,2026-09-18T11:47:20.418,horizontal,,,0,4,0.9625,YOLO-omega,
cap_001047,2026-09-18T11:47:20.518,horizontal,,,0,4,0.9641,YOLO-omega,
cap_001048,2026-09-18T11:47:20.644,horizontal,,,0,3,0.9643,YOLO-omega,
cap_001049,2026-09-18T11:47:20.737,horizontal,,,0,4,0.9653,YOLO-omega,
cap_001050,2026-09-18T11:47:20.865,horizontal,,,0,5,0.9656,YOLO-omega,
cap_001051,2026-09-18T11:47:20.960,horizontal,,,0,4,0.9645,YOLO-omega,
cap_001052,2026-09-18T11:47:21.094,horizontal,,,0,4,0.9559,YOLO-omega,
cap_001053,2026-09-18T11:47:21.189,horizontal,,,0,4,0.9543,YOLO-omega,
cap_001054,2026-09-18T11:47:21.319,horizontal,,,0,4,0.9586,YOLO-omega,
cap_001055,2026-09-18T11:47:21.453,horizontal,,,0,5,0.9557,YOLO-omega,
cap_001056,2026-09-18T11:47:21.547,horizontal,,,0,4,0.9536,YOLO-omega,
cap_001057,2026-09-18T11:47:21.670,horizontal,,,0,4,0.9554,YOLO-omega,
cap_001058,2026-09-18T11:47:21.768,horizontal,,,0,4,0.9547,YOLO-omega,
cap_001059,2026-09-18T11:47:21.905,horizontal,,,0,5,0.9576,YOLO-omega,
cap_001060,2026-09-18T11:47:21.991,horizontal,,,0,4,0.9545,YOLO-omega,
cap_001061,2026-09-18T11:47:22.115,horizontal,,,0,4,0.9556,YOLO-omega,
cap_001062,2026-09-18T11:47:22.211,horizontal,,,0,4,0.9595,YOLO-omega,
cap_001063,2026-09-18T11:47:22.339,horizontal,,,0,4,0.9530,YOLO-omega,
cap_001064,2026-09-18T11:47:22.468,horizontal,,,0,4,0.9528,YOLO-omega,
cap_001065,2026-09-18T11:47:22.572,horizontal,,,0,4,0.9504,YOLO-omega,
cap_001066,2026-09-18T11:47:22.695,horizontal,,,0,3,0.9517,YOLO-omega,
cap_001067,2026-09-18T11:47:22.789,horizontal,,,0,4,0.9411,YOLO-omega,
cap_001068,2026-09-18T11:47:22.917,horizontal,,,0,3,0.9403,YOLO-omega,
cap_001069,2026-09-18T11:47:23.009,horizontal,,,0,3,0.9436,YOLO-omega,
cap_001070,2026-09-18T11:47:23.145,horizontal,,,0,4,0.9426,YOLO-omega,
cap_001071,2026-09-18T11:47:23.268,horizontal,,,0,4,0.9457,YOLO-omega,
cap_001072,2026-09-18T11:47:23.362,horizontal,,,0,3,0.9424,YOLO-omega,
cap_001073,2026-09-18T11:47:23.489,horizontal,,,0,4,0.9409,YOLO-omega,
cap_001074,2026-09-18T11:47:23.586,horizontal,,,0,3,0.9340,YOLO-omega,
cap_001075,2026-09-18T11:47:23.714,horizontal,,,0,4,0.9317,YOLO-omega,
cap_001076,2026-09-18T11:47:23.809,horizontal,,,0,3,0.9327,YOLO-omega,
cap_001077,2026-09-18T11:47:23.938,horizontal,,,0,4,0.9384,YOLO-omega,
cap_001078,2026-09-18T11:47:24.035,horizontal,,,0,4,0.9467,YOLO-omega,
cap_001079,2026-09-18T11:47:24.161,horizontal,,,0,4,0.9543,YOLO-omega,
cap_001080,2026-09-18T11:47:24.291,horizontal,,,0,3,0.9536,YOLO-omega,
cap_001081,2026-09-18T11:47:24.387,horizontal,,,0,4,0.9556,YOLO-omega,
cap_001082,2026-09-18T11:47:24.514,horizontal,,,0,4,0.9484,YOLO-omega,
cap_001083,2026-09-18T11:47:24.609,horizontal,,,0,4,0.9332,YOLO-omega,
cap_001084,2026-09-18T11:47:24.736,horizontal,,,0,3,0.9455,YOLO-omega,
cap_001085,2026-09-18T11:47:24.835,horizontal,,,0,4,0.9677,YOLO-omega,
cap_001086,2026-09-18T11:47:24.963,horizontal,,,0,4,0.9612,YOLO-omega,
cap_001087,2026-09-18T11:47:25.093,horizontal,,,0,5,0.9614,YOLO-omega,
cap_001088,2026-09-18T11:47:25.188,horizontal,,,0,4,0.9599,YOLO-omega,
cap_001089,2026-09-18T11:47:25.318,horizontal,,,0,3,0.9578,YOLO-omega,
cap_001090,2026-09-18T11:47:25.412,horizontal,,,0,4,0.9599,YOLO-omega,
cap_001091,2026-09-18T11:47:25.540,horizontal,,,0,4,0.9636,YOLO-omega,
cap_001092,2026-09-18T11:47:25.634,horizontal,,,0,4,0.9633,YOLO-omega,
cap_001093,2026-09-18T11:47:25.763,horizontal,,,0,4,0.9591,YOLO-omega,
cap_001094,2026-09-18T11:47:25.861,horizontal,,,0,4,0.9579,YOLO-omega,
cap_001095,2026-09-18T11:47:25.989,horizontal,,,0,4,0.9608,YOLO-omega,
cap_001096,2026-09-18T11:47:26.115,horizontal,,,0,4,0.9598,YOLO-omega,
cap_001097,2026-09-18T11:47:26.211,horizontal,,,0,4,0.9609,YOLO-omega,
cap_001098,2026-09-18T11:47:26.339,horizontal,,,0,4,0.9516,YOLO-omega,
cap_001099,2026-09-18T11:47:26.436,horizontal,,,0,4,0.9514,YOLO-omega,
cap_001100,2026-09-18T11:47:26.563,horizontal,,,0,4,0.9504,YOLO-omega,
cap_001101,2026-09-18T11:47:26.660,horizontal,,,0,4,0.9523,YOLO-omega,
cap_001102,2026-09-18T11:47:26.790,horizontal,,,0,4,0.9547,YOLO-omega,
cap_001103,2026-09-18T11:47:26.917,horizontal,,,0,3,0.9595,YOLO-omega,
cap_001104,2026-09-18T11:47:27.011,horizontal,,,0,4,0.9421,YOLO-omega,
cap_001105,2026-09-18T11:47:27.140,horizontal,,,0,4,0.9455,YOLO-omega,
cap_001106,2026-09-18T11:47:27.235,horizontal,,,0,4,0.9514,YOLO-omega,
cap_001107,2026-09-18T11:47:27.369,horizontal,,,0,4,0.9371,YOLO-omega,
cap_001108,2026-09-18T11:47:27.460,horizontal,,,0,4,0.9435,YOLO-omega,
cap_001109,2026-09-18T11:47:27.589,horizontal,,,0,4,0.9350,YOLO-omega,
cap_001110,2026-09-18T11:47:27.684,horizontal,,,0,4,0.9544,YOLO-omega,
cap_001111,2026-09-18T11:47:27.812,horizontal,,,0,4,0.9442,YOLO-omega,
cap_001112,2026-09-18T11:47:27.942,horizontal,,,0,4,0.9542,YOLO-omega,
cap_001113,2026-09-18T11:47:28.039,horizontal,,,0,4,0.9129,YOLO-omega,
cap_001114,2026-09-18T11:47:28.165,horizontal,,,0,3,0.9569,YOLO-omega,
cap_001115,2026-09-18T11:47:28.262,horizontal,,,0,3,0.9604,YOLO-omega,
cap_001116,2026-09-18T11:47:28.388,horizontal,,,0,3,0.9463,YOLO-omega,
cap_001117,2026-09-18T11:47:28.485,horizontal,,,0,3,0.9516,YOLO-omega,
cap_001118,2026-09-18T11:47:28.611,horizontal,,,0,3,0.9562,YOLO-omega,
cap_001119,2026-09-18T11:47:28.711,horizontal,,,0,3,0.9234,YOLO-omega,
cap_001120,2026-09-18T11:47:28.837,horizontal,,,0,3,0.9661,YOLO-omega,
cap_001121,2026-09-18T11:47:28.964,horizontal,,,0,3,0.9585,YOLO-omega,
cap_001122,2026-09-18T11:47:29.059,horizontal,,,0,3,0.9571,YOLO-omega,
cap_001123,2026-09-18T11:47:29.189,horizontal,,,0,3,0.9555,YOLO-omega,
cap_001124,2026-09-18T11:47:29.283,horizontal,,,0,3,0.9551,YOLO-omega,
cap_001125,2026-09-18T11:47:29.410,horizontal,,,0,3,0.9559,YOLO-omega,
cap_001126,2026-09-18T11:47:29.507,horizontal,,,0,4,0.9540,YOLO-omega,
cap_001127,2026-09-18T11:47:29.637,horizontal,,,0,3,0.9549,YOLO-omega,
cap_001128,2026-09-18T11:47:29.764,horizontal,,,0,3,0.9482,YOLO-omega,
cap_001129,2026-09-18T11:47:29.859,horizontal,,,0,3,0.8426,YOLO-omega,
cap_001130,2026-09-18T11:47:29.987,horizontal,,,0,4,0.9472,YOLO-omega,
cap_001131,2026-09-18T11:47:30.084,horizontal,,,0,4,0.9474,YOLO-omega,
cap_001132,2026-09-18T11:47:30.212,horizontal,,,0,3,0.9505,YOLO-omega,
cap_001133,2026-09-18T11:47:30.307,horizontal,,,0,3,0.9497,YOLO-omega,
cap_001134,2026-09-18T11:47:30.436,horizontal,,,0,3,0.9469,YOLO-omega,
cap_001135,2026-09-18T11:47:30.533,horizontal,,,0,3,0.9443,YOLO-omega,
cap_001136,2026-09-18T11:47:30.662,horizontal,,,0,3,0.9442,YOLO-omega,
cap_001137,2026-09-18T11:47:30.790,horizontal,,,0,3,0.9453,YOLO-omega,
cap_001138,2026-09-18T11:47:30.884,horizontal,,,0,3,0.9461,YOLO-omega,
cap_001139,2026-09-18T11:47:31.014,horizontal,,,0,3,0.9432,YOLO-omega,
cap_001140,2026-09-18T11:47:31.106,horizontal,,,0,3,0.9405,YOLO-omega,
cap_001141,2026-09-18T11:47:31.237,horizontal,,,0,3,0.9435,YOLO-omega,
cap_001142,2026-09-18T11:47:31.333,horizontal,,,0,3,0.9413,YOLO-omega,
cap_001143,2026-09-18T11:47:31.460,horizontal,,,0,3,0.9424,YOLO-omega,
cap_001144,2026-09-18T11:47:31.587,horizontal,,,0,3,0.9403,YOLO-omega,
cap_001145,2026-09-18T11:47:31.685,horizontal,,,0,3,0.9392,YOLO-omega,
cap_001146,2026-09-18T11:47:31.812,horizontal,,,0,3,0.9393,YOLO-omega,
cap_001147,2026-09-18T11:47:31.909,horizontal,,,0,2,0.8727,YOLO-omega,
cap_001148,2026-09-18T11:47:32.035,horizontal,,,0,4,0.9044,YOLO-omega,
cap_001149,2026-09-18T11:47:32.134,horizontal,,,0,4,0.9189,YOLO-omega,
cap_001150,2026-09-18T11:47:32.262,horizontal,,,0,4,0.9225,YOLO-omega,
cap_001151,2026-09-18T11:47:32.358,horizontal,,,0,4,0.9334,YOLO-omega,
cap_001152,2026-09-18T11:47:32.484,horizontal,,,0,4,0.9384,YOLO-omega,
cap_001153,2026-09-18T11:47:32.611,horizontal,,,0,4,0.9506,YOLO-omega,
cap_001154,2026-09-18T11:47:32.707,horizontal,,,0,4,0.9384,YOLO-omega,
cap_001155,2026-09-18T11:47:32.839,horizontal,,,0,4,0.9306,YOLO-omega,
cap_001156,2026-09-18T11:47:32.935,horizontal,,,0,4,0.9342,YOLO-omega,
cap_001157,2026-09-18T11:47:33.064,horizontal,,,0,4,0.9421,YOLO-omega,
cap_001158,2026-09-18T11:47:33.160,horizontal,,,0,4,0.9325,YOLO-omega,
cap_001159,2026-09-18T11:47:33.287,horizontal,,,0,4,0.9416,YOLO-omega,
cap_001160,2026-09-18T11:47:33.414,horizontal,,,0,4,0.9557,YOLO-omega,
cap_001161,2026-09-18T11:47:33.509,horizontal,,,0,4,0.9398,YOLO-omega,
cap_001162,2026-09-18T11:47:33.636,horizontal,,,0,4,0.9406,YOLO-omega,
cap_001163,2026-09-18T11:47:33.732,horizontal,,,0,4,0.9424,YOLO-omega,
cap_001164,2026-09-18T11:47:33.861,horizontal,,,0,4,0.9459,YOLO-omega,
cap_001165,2026-09-18T11:47:33.955,horizontal,,,0,4,0.9479,YOLO-omega,
cap_001166,2026-09-18T11:47:34.084,horizontal,,,0,4,0.9484,YOLO-omega,
cap_001167,2026-09-18T11:47:34.181,horizontal,,,0,4,0.9411,YOLO-omega,
cap_001168,2026-09-18T11:47:34.310,horizontal,,,0,4,0.9563,YOLO-omega,
cap_001169,2026-09-18T11:47:34.436,horizontal,,,0,4,0.9398,YOLO-omega,
cap_001170,2026-09-18T11:47:34.532,horizontal,,,0,4,0.9395,YOLO-omega,
cap_001171,2026-09-18T11:47:34.660,horizontal,,,0,4,0.9522,YOLO-omega,
cap_001172,2026-09-18T11:47:34.757,horizontal,,,0,4,0.9557,YOLO-omega,
cap_001173,2026-09-18T11:47:34.885,horizontal,,,0,4,0.9479,YOLO-omega,
cap_001174,2026-09-18T11:47:34.983,horizontal,,,0,4,0.9538,YOLO-omega,
cap_001175,2026-09-18T11:47:35.116,horizontal,,,0,4,0.9575,YOLO-omega,
cap_001176,2026-09-18T11:47:35.208,horizontal,,,0,4,0.9482,YOLO-omega,
cap_001177,2026-09-18T11:47:35.334,horizontal,,,0,4,0.9479,YOLO-omega,
cap_001178,2026-09-18T11:47:35.459,horizontal,,,0,4,0.9546,YOLO-omega,
cap_001179,2026-09-18T11:47:35.555,horizontal,,,0,4,0.9607,YOLO-omega,
cap_001180,2026-09-18T11:47:35.702,horizontal,,,0,4,0.9530,YOLO-omega,
cap_001181,2026-09-18T11:47:35.784,horizontal,,,0,5,0.9426,YOLO-omega,
cap_001182,2026-09-18T11:47:35.910,horizontal,,,0,4,0.9438,YOLO-omega,
cap_001183,2026-09-18T11:47:36.007,horizontal,,,0,4,0.9491,YOLO-omega,
cap_001184,2026-09-18T11:47:36.132,horizontal,,,0,4,0.9491,YOLO-omega,
cap_001185,2026-09-18T11:47:36.262,horizontal,,,0,4,0.9521,YOLO-omega,
cap_001186,2026-09-18T11:47:36.356,horizontal,,,0,4,0.9536,YOLO-omega,
cap_001187,2026-09-18T11:47:36.494,horizontal,,,0,4,0.9495,YOLO-omega,
cap_001188,2026-09-18T11:47:36.582,horizontal,,,0,4,0.9416,YOLO-omega,
cap_001189,2026-09-18T11:47:36.709,horizontal,,,0,4,0.9392,YOLO-omega,
cap_001190,2026-09-18T11:47:36.804,horizontal,,,0,4,0.9404,YOLO-omega,
cap_001191,2026-09-18T11:47:36.931,horizontal,,,0,4,0.9429,YOLO-omega,
cap_001192,2026-09-18T11:47:37.062,horizontal,,,0,4,0.9465,YOLO-omega,
cap_001193,2026-09-18T11:47:37.162,horizontal,,,0,4,0.9506,YOLO-omega,
cap_001194,2026-09-18T11:47:37.289,horizontal,,,0,4,0.9549,YOLO-omega,
cap_001195,2026-09-18T11:47:37.382,horizontal,,,0,4,0.9559,YOLO-omega,
cap_001196,2026-09-18T11:47:37.509,horizontal,,,0,3,0.9552,YOLO-omega,
cap_001197,2026-09-18T11:47:37.609,horizontal,,,0,4,0.9546,YOLO-omega,
cap_001198,2026-09-18T11:47:37.736,horizontal,,,0,4,0.9473,YOLO-omega,
cap_001199,2026-09-18T11:47:37.834,horizontal,,,0,4,0.9480,YOLO-omega,
cap_001200,2026-09-18T11:47:37.958,horizontal,,,0,5,0.9528,YOLO-omega,
cap_001201,2026-09-18T11:47:38.087,horizontal,,,0,4,0.9526,YOLO-omega,
cap_001202,2026-09-18T11:47:38.183,horizontal,,,0,4,0.9524,YOLO-omega,
cap_001203,2026-09-18T11:47:38.314,horizontal,,,0,3,0.9477,YOLO-omega,
cap_001204,2026-09-18T11:47:38.406,horizontal,,,0,4,0.9455,YOLO-omega,
cap_001205,2026-09-18T11:47:38.534,horizontal,,,0,4,0.9414,YOLO-omega,
cap_001206,2026-09-18T11:47:38.629,horizontal,,,0,4,0.9483,YOLO-omega,
cap_001207,2026-09-18T11:47:38.756,horizontal,,,0,4,0.9455,YOLO-omega,
cap_001208,2026-09-18T11:47:38.852,horizontal,,,0,4,0.9452,YOLO-omega,
cap_001209,2026-09-18T11:47:38.981,horizontal,,,0,3,0.9365,YOLO-omega,
cap_001210,2026-09-18T11:47:39.108,horizontal,,,0,4,0.9524,YOLO-omega,
cap_001211,2026-09-18T11:47:39.204,horizontal,,,0,4,0.9498,YOLO-omega,
cap_001212,2026-09-18T11:47:39.333,horizontal,,,0,4,0.9323,YOLO-omega,
cap_001213,2026-09-18T11:47:39.427,horizontal,,,0,4,0.9394,YOLO-omega,
cap_001214,2026-09-18T11:47:39.557,horizontal,,,0,4,0.9458,YOLO-omega,
cap_001215,2026-09-18T11:47:39.654,horizontal,,,0,4,0.9377,YOLO-omega,
cap_001216,2026-09-18T11:47:39.784,horizontal,,,0,4,0.9377,YOLO-omega,
cap_001217,2026-09-18T11:47:39.911,horizontal,,,0,4,0.9416,YOLO-omega,
cap_001218,2026-09-18T11:47:40.008,horizontal,,,0,4,0.9430,YOLO-omega,
cap_001219,2026-09-18T11:47:40.138,horizontal,,,0,4,0.9404,YOLO-omega,
cap_001220,2026-09-18T11:47:40.237,horizontal,,,0,4,0.9426,YOLO-omega,
cap_001221,2026-09-18T11:47:40.363,horizontal,,,0,4,0.9321,YOLO-omega,
cap_001222,2026-09-18T11:47:40.458,horizontal,,,0,4,0.9366,YOLO-omega,
cap_001223,2026-09-18T11:47:40.589,horizontal,,,0,3,0.9517,YOLO-omega,
cap_001224,2026-09-18T11:47:40.686,horizontal,,,0,3,0.9530,YOLO-omega,
cap_001225,2026-09-18T11:47:40.812,horizontal,,,0,3,0.9480,YOLO-omega,
cap_001226,2026-09-18T11:47:40.937,horizontal,,,0,3,0.9455,YOLO-omega,
cap_001227,2026-09-18T11:47:41.033,horizontal,,,0,3,0.9494,YOLO-omega,
cap_001228,2026-09-18T11:47:41.158,horizontal,,,0,5,0.9499,YOLO-omega,
cap_001229,2026-09-18T11:47:41.255,horizontal,,,0,5,0.9533,YOLO-omega,
cap_001230,2026-09-18T11:47:41.384,horizontal,,,0,4,0.9547,YOLO-omega,
cap_001231,2026-09-18T11:47:41.482,horizontal,,,0,4,0.9622,YOLO-omega,
cap_001232,2026-09-18T11:47:41.609,horizontal,,,0,3,0.9227,YOLO-omega,
cap_001233,2026-09-18T11:47:41.706,horizontal,,,0,4,0.9385,YOLO-omega,
cap_001234,2026-09-18T11:47:41.827,horizontal,,,0,4,0.9554,YOLO-omega,
cap_001235,2026-09-18T11:47:41.956,horizontal,,,0,4,0.9563,YOLO-omega,
cap_001236,2026-09-18T11:47:42.057,horizontal,,,0,4,0.9432,YOLO-omega,
cap_001237,2026-09-18T11:47:42.182,horizontal,,,0,5,0.9494,YOLO-omega,
cap_001238,2026-09-18T11:47:42.277,horizontal,,,0,3,0.9521,YOLO-omega,
cap_001239,2026-09-18T11:47:42.406,horizontal,,,0,2,0.9549,YOLO-omega,
cap_001240,2026-09-18T11:47:42.503,horizontal,,,0,2,0.9577,YOLO-omega,
cap_001241,2026-09-18T11:47:42.629,horizontal,,,0,2,0.9581,YOLO-omega,
cap_001242,2026-09-18T11:47:42.756,horizontal,,,0,1,0.9640,YOLO-omega,
cap_001243,2026-09-18T11:47:42.855,horizontal,,,0,1,0.9669,YOLO-omega,
cap_001244,2026-09-18T11:47:42.982,horizontal,,,0,1,0.9562,YOLO-omega,
cap_001245,2026-09-18T11:47:43.079,horizontal,,,0,2,0.9586,YOLO-omega,
cap_001246,2026-09-18T11:47:43.208,horizontal,,,0,4,0.9568,YOLO-omega,
cap_001247,2026-09-18T11:47:43.303,horizontal,,,0,3,0.9670,YOLO-omega,
cap_001248,2026-09-18T11:47:43.432,horizontal,,,0,2,0.9648,YOLO-omega,
cap_001249,2026-09-18T11:47:43.530,horizontal,,,0,3,0.9563,YOLO-omega,
cap_001250,2026-09-18T11:47:43.656,horizontal,,,0,2,0.9622,YOLO-omega,
cap_001251,2026-09-18T11:47:43.790,horizontal,,,0,2,0.9617,YOLO-omega,
cap_001252,2026-09-18T11:47:43.884,horizontal,,,0,3,0.9628,YOLO-omega,
cap_001253,2026-09-18T11:47:44.009,horizontal,,,0,2,0.9524,YOLO-omega,
cap_001254,2026-09-18T11:47:44.104,horizontal,,,0,2,0.9555,YOLO-omega,
cap_001255,2026-09-18T11:47:44.231,horizontal,,,0,2,0.9451,YOLO-omega,
cap_001256,2026-09-18T11:47:44.327,horizontal,,,0,2,0.9433,YOLO-omega,
cap_001257,2026-09-18T11:47:44.454,horizontal,,,0,2,0.9455,YOLO-omega,
cap_001258,2026-09-18T11:47:44.584,horizontal,,,0,2,0.9393,YOLO-omega,
cap_001259,2026-09-18T11:47:44.679,horizontal,,,0,3,0.9486,YOLO-omega,
cap_001260,2026-09-18T11:47:44.806,horizontal,,,0,2,0.9496,YOLO-omega,
cap_001261,2026-09-18T11:47:44.903,horizontal,,,0,2,0.9464,YOLO-omega,
cap_001262,2026-09-18T11:47:45.030,horizontal,,,0,2,0.9460,YOLO-omega,
cap_001263,2026-09-18T11:47:45.126,horizontal,,,0,2,0.9530,YOLO-omega,
cap_001264,2026-09-18T11:47:45.253,horizontal,,,0,2,0.9403,YOLO-omega,
cap_001265,2026-09-18T11:47:45.350,horizontal,,,0,2,0.9412,YOLO-omega,
cap_001266,2026-09-18T11:47:45.480,horizontal,,,0,2,0.9364,YOLO-omega,
cap_001267,2026-09-18T11:47:45.605,horizontal,,,0,3,0.9528,YOLO-omega,
cap_001268,2026-09-18T11:47:45.704,horizontal,,,0,4,0.9565,YOLO-omega,
cap_001269,2026-09-18T11:47:45.830,horizontal,,,0,5,0.9521,YOLO-omega,
cap_001270,2026-09-18T11:47:45.924,horizontal,,,0,4,0.9526,YOLO-omega,
cap_001271,2026-09-18T11:47:46.053,horizontal,,,0,4,0.9522,YOLO-omega,
cap_001272,2026-09-18T11:47:46.149,horizontal,,,0,3,0.9523,YOLO-omega,
cap_001273,2026-09-18T11:47:46.279,horizontal,,,0,3,0.9442,YOLO-omega,
cap_001274,2026-09-18T11:47:46.377,horizontal,,,0,3,0.9413,YOLO-omega,
cap_001275,2026-09-18T11:47:46.506,horizontal,,,0,2,0.9469,YOLO-omega,
cap_001276,2026-09-18T11:47:46.630,horizontal,,,0,1,0.9494,YOLO-omega,
cap_001277,2026-09-18T11:47:46.729,horizontal,,,0,1,0.9585,YOLO-omega,
cap_001278,2026-09-18T11:47:46.854,horizontal,,,0,1,0.9601,YOLO-omega,
cap_001279,2026-09-18T11:47:46.950,horizontal,,,0,2,0.9484,YOLO-omega,
cap_001280,2026-09-18T11:47:47.078,horizontal,,,0,2,0.9572,YOLO-omega,
cap_001281,2026-09-18T11:47:47.173,horizontal,,,0,3,0.9589,YOLO-omega,
cap_001282,2026-09-18T11:47:47.302,horizontal,,,0,2,0.9606,YOLO-omega,
cap_001283,2026-09-18T11:47:47.430,horizontal,,,0,2,0.9572,YOLO-omega,
cap_001284,2026-09-18T11:47:47.526,horizontal,,,0,2,0.9560,YOLO-omega,
cap_001285,2026-09-18T11:47:47.658,horizontal,,,0,2,0.9553,YOLO-omega,
cap_001286,2026-09-18T11:47:47.751,horizontal,,,0,2,0.9542,YOLO-omega,
cap_001287,2026-09-18T11:47:47.879,horizontal,,,0,1,0.9502,YOLO-omega,
cap_001288,2026-09-18T11:47:47.973,horizontal,,,0,2,0.9542,YOLO-omega,
cap_001289,2026-09-18T11:47:48.100,horizontal,,,0,1,0.9527,YOLO-omega,
cap_001290,2026-09-18T11:47:48.197,horizontal,,,0,2,0.9479,YOLO-omega,
cap_001291,2026-09-18T11:47:48.326,horizontal,,,0,2,0.9516,YOLO-omega,
cap_001292,2026-09-18T11:47:48.457,horizontal,,,0,3,0.9516,YOLO-omega,
cap_001293,2026-09-18T11:47:48.553,horizontal,,,0,4,0.9468,YOLO-omega,
cap_001294,2026-09-18T11:47:48.679,horizontal,,,0,3,0.9550,YOLO-omega,
cap_001295,2026-09-18T11:47:48.775,horizontal,,,0,3,0.9580,YOLO-omega,
cap_001296,2026-09-18T11:47:48.903,horizontal,,,0,3,0.9611,YOLO-omega,
cap_001297,2026-09-18T11:47:48.997,horizontal,,,0,3,0.9616,YOLO-omega,
cap_001298,2026-09-18T11:47:49.127,horizontal,,,0,3,0.9603,YOLO-omega,
cap_001299,2026-09-18T11:47:49.254,horizontal,,,0,3,0.9539,YOLO-omega,
cap_001300,2026-09-18T11:47:49.351,horizontal,,,0,2,0.9602,YOLO-omega,
cap_001301,2026-09-18T11:47:49.478,horizontal,,,0,2,0.9543,YOLO-omega,
cap_001302,2026-09-18T11:47:49.574,horizontal,,,0,2,0.9536,YOLO-omega,
cap_001303,2026-09-18T11:47:49.705,horizontal,,,0,2,0.9510,YOLO-omega,
cap_001304,2026-09-18T11:47:49.804,horizontal,,,0,2,0.9745,YOLO-omega,
cap_001305,2026-09-18T11:47:49.933,horizontal,,,0,3,0.7026,YOLO-omega,
cap_001306,2026-09-18T11:47:50.023,horizontal,,,0,2,0.9534,YOLO-omega,
cap_001307,2026-09-18T11:47:50.149,horizontal,,,0,2,0.9520,YOLO-omega,
cap_001308,2026-09-18T11:47:50.279,horizontal,,,0,4,0.9624,YOLO-omega,
cap_001309,2026-09-18T11:47:50.380,horizontal,,,0,4,0.9580,YOLO-omega,
cap_001310,2026-09-18T11:47:50.503,horizontal,,,0,4,0.9560,YOLO-omega,
cap_001311,2026-09-18T11:47:50.599,horizontal,,,0,4,0.9575,YOLO-omega,
cap_001312,2026-09-18T11:47:50.726,horizontal,,,0,4,0.9575,YOLO-omega,
cap_001313,2026-09-18T11:47:50.825,horizontal,,,0,5,0.9458,YOLO-omega,
cap_001314,2026-09-18T11:47:50.950,horizontal,,,0,3,0.9556,YOLO-omega,
cap_001315,2026-09-18T11:47:51.081,horizontal,,,0,5,0.9588,YOLO-omega,
cap_001316,2026-09-18T11:47:51.181,horizontal,,,0,4,0.9575,YOLO-omega,
cap_001317,2026-09-18T11:47:51.303,horizontal,,,0,4,0.9549,YOLO-omega,
cap_001318,2026-09-18T11:47:51.401,horizontal,,,0,4,0.9518,YOLO-omega,
cap_001319,2026-09-18T11:47:51.534,horizontal,,,0,4,0.9560,YOLO-omega,
cap_001320,2026-09-18T11:47:51.627,horizontal,,,0,3,0.9554,YOLO-omega,
cap_001321,2026-09-18T11:47:51.757,horizontal,,,0,3,0.9496,YOLO-omega,
cap_001322,2026-09-18T11:47:51.851,horizontal,,,0,4,0.9577,YOLO-omega,
cap_001323,2026-09-18T11:47:51.979,horizontal,,,0,3,0.9519,YOLO-omega,
cap_001324,2026-09-18T11:47:52.108,horizontal,,,0,4,0.9614,YOLO-omega,
cap_001325,2026-09-18T11:47:52.206,horizontal,,,0,3,0.9623,YOLO-omega,
cap_001326,2026-09-18T11:47:52.332,horizontal,,,0,2,0.9585,YOLO-omega,
cap_001327,2026-09-18T11:47:52.427,horizontal,,,0,3,0.9572,YOLO-omega,
cap_001328,2026-09-18T11:47:52.551,horizontal,,,0,3,0.9607,YOLO-omega,
cap_001329,2026-09-18T11:47:52.646,horizontal,,,0,3,0.9527,YOLO-omega,
cap_001330,2026-09-18T11:47:52.777,horizontal,,,0,4,0.9629,YOLO-omega,
cap_001331,2026-09-18T11:47:52.871,horizontal,,,0,4,0.9512,YOLO-omega,
cap_001332,2026-09-18T11:47:53.004,horizontal,,,0,4,0.9710,YOLO-omega,
cap_001333,2026-09-18T11:47:53.137,horizontal,,,0,4,0.9616,YOLO-omega,
cap_001334,2026-09-18T11:47:53.229,horizontal,,,0,4,0.9580,YOLO-omega,
cap_001335,2026-09-18T11:47:53.357,horizontal,,,0,4,0.9572,YOLO-omega,
cap_001336,2026-09-18T11:47:53.454,horizontal,,,0,5,0.9582,YOLO-omega,
cap_001337,2026-09-18T11:47:53.584,horizontal,,,0,3,0.9566,YOLO-omega,
cap_001338,2026-09-18T11:47:53.684,horizontal,,,0,3,0.9578,YOLO-omega,
cap_001339,2026-09-18T11:47:53.810,horizontal,,,0,3,0.9577,YOLO-omega,
cap_001340,2026-09-18T11:47:53.934,horizontal,,,0,3,0.9728,YOLO-omega,
cap_001341,2026-09-18T11:47:54.029,horizontal,,,0,3,0.9210,YOLO-omega,
cap_001342,2026-09-18T11:47:54.162,horizontal,,,0,3,0.9515,YOLO-omega,
cap_001343,2026-09-18T11:47:54.255,horizontal,,,0,3,0.9475,YOLO-omega,
cap_001344,2026-09-18T11:47:54.383,horizontal,,,0,3,0.9551,YOLO-omega,
cap_001345,2026-09-18T11:47:54.477,horizontal,,,0,3,0.9526,YOLO-omega,
cap_001346,2026-09-18T11:47:54.607,horizontal,,,0,3,0.9525,YOLO-omega,
cap_001347,2026-09-18T11:47:54.701,horizontal,,,0,3,0.9575,YOLO-omega,
cap_001348,2026-09-18T11:47:54.830,horizontal,,,0,3,0.9548,YOLO-omega,
cap_001349,2026-09-18T11:47:54.959,horizontal,,,0,3,0.9612,YOLO-omega,
cap_001350,2026-09-18T11:47:55.053,horizontal,,,0,3,0.9622,YOLO-omega,
cap_001351,2026-09-18T11:47:55.179,horizontal,,,0,3,0.9593,YOLO-omega,
cap_001352,2026-09-18T11:47:55.276,horizontal,,,0,3,0.9588,YOLO-omega,
cap_001353,2026-09-18T11:47:55.403,horizontal,,,0,3,0.9503,YOLO-omega,
cap_001354,2026-09-18T11:47:55.498,horizontal,,,0,3,0.9489,YOLO-omega,
cap_001355,2026-09-18T11:47:55.622,horizontal,,,0,3,0.9516,YOLO-omega,
cap_001356,2026-09-18T11:47:55.751,horizontal,,,0,3,0.9499,YOLO-omega,
cap_001357,2026-09-18T11:47:55.845,horizontal,,,0,3,0.9306,YOLO-omega,
cap_001358,2026-09-18T11:47:55.976,horizontal,,,0,3,0.9667,YOLO-omega,
cap_001359,2026-09-18T11:47:56.073,horizontal,,,0,2,0.9546,YOLO-omega,
cap_001360,2026-09-18T11:47:56.201,horizontal,,,0,2,0.9540,YOLO-omega,
cap_001361,2026-09-18T11:47:56.296,horizontal,,,0,2,0.9556,YOLO-omega,
cap_001362,2026-09-18T11:47:56.422,horizontal,,,0,2,0.9544,YOLO-omega,
cap_001363,2026-09-18T11:47:56.518,horizontal,,,0,2,0.9541,YOLO-omega,
cap_001364,2026-09-18T11:47:56.648,horizontal,,,0,2,0.9534,YOLO-omega,
cap_001365,2026-09-18T11:47:56.773,horizontal,,,0,2,0.9542,YOLO-omega,
cap_001366,2026-09-18T11:47:56.868,horizontal,,,0,2,0.9532,YOLO-omega,
cap_001367,2026-09-18T11:47:56.996,horizontal,,,0,2,0.9508,YOLO-omega,
cap_001368,2026-09-18T11:47:57.096,horizontal,,,0,2,0.9531,YOLO-omega,
cap_001369,2026-09-18T11:47:57.221,horizontal,,,0,3,0.9482,YOLO-omega,
cap_001370,2026-09-18T11:47:57.318,horizontal,,,0,3,0.9517,YOLO-omega,
cap_001371,2026-09-18T11:47:57.444,horizontal,,,0,3,0.9491,YOLO-omega,
cap_001372,2026-09-18T11:47:57.573,horizontal,,,0,3,0.9620,YOLO-omega,
cap_001373,2026-09-18T11:47:57.671,horizontal,,,0,3,0.9526,YOLO-omega,
cap_001374,2026-09-18T11:47:57.799,horizontal,,,0,3,0.9537,YOLO-omega,
cap_001375,2026-09-18T11:47:57.895,horizontal,,,0,3,0.9530,YOLO-omega,
cap_001376,2026-09-18T11:47:58.023,horizontal,,,0,3,0.9526,YOLO-omega,
cap_001377,2026-09-18T11:47:58.119,horizontal,,,0,3,0.9572,YOLO-omega,
cap_001378,2026-09-18T11:47:58.246,horizontal,,,0,3,0.9541,YOLO-omega,
cap_001379,2026-09-18T11:47:58.343,horizontal,,,0,2,0.9521,YOLO-omega,
cap_001380,2026-09-18T11:47:58.471,horizontal,,,0,2,0.9498,YOLO-omega,
cap_001381,2026-09-18T11:47:58.602,horizontal,,,0,1,0.9498,YOLO-omega,
cap_001382,2026-09-18T11:47:58.698,horizontal,,,0,2,0.9554,YOLO-omega,
cap_001383,2026-09-18T11:47:58.823,horizontal,,,0,2,0.9543,YOLO-omega,
cap_001384,2026-09-18T11:47:58.919,horizontal,,,0,1,0.9502,YOLO-omega,
cap_001385,2026-09-18T11:47:59.048,horizontal,,,0,3,0.9577,YOLO-omega,
cap_001386,2026-09-18T11:47:59.146,horizontal,,,0,4,0.9557,YOLO-omega,
cap_001387,2026-09-18T11:47:59.271,horizontal,,,0,4,0.9546,YOLO-omega,
cap_001388,2026-09-18T11:47:59.368,horizontal,,,0,4,0.9495,YOLO-omega,
cap_001389,2026-09-18T11:47:59.496,horizontal,,,0,3,0.9503,YOLO-omega,
cap_001390,2026-09-18T11:47:59.622,horizontal,,,0,4,0.9496,YOLO-omega,
cap_001391,2026-09-18T11:47:59.717,horizontal,,,0,3,0.9516,YOLO-omega,
cap_001392,2026-09-18T11:47:59.849,horizontal,,,0,3,0.9502,YOLO-omega,
cap_001393,2026-09-18T11:47:59.943,horizontal,,,0,3,0.9481,YOLO-omega,
cap_001394,2026-09-18T11:48:00.072,horizontal,,,0,3,0.9526,YOLO-omega,
cap_001395,2026-09-18T11:48:00.165,horizontal,,,0,4,0.9489,YOLO-omega,
cap_001396,2026-09-18T11:48:00.296,horizontal,,,0,3,0.9632,YOLO-omega,
cap_001397,2026-09-18T11:48:00.423,horizontal,,,0,3,0.9601,YOLO-omega,
cap_001398,2026-09-18T11:48:00.518,horizontal,,,0,3,0.9466,YOLO-omega,
cap_001399,2026-09-18T11:48:00.646,horizontal,,,0,4,0.9426,YOLO-omega,
cap_001400,2026-09-18T11:48:00.744,horizontal,,,0,3,0.9251,YOLO-omega,
cap_001401,2026-09-18T11:48:00.872,horizontal,,,0,4,0.9398,YOLO-omega,
cap_001402,2026-09-18T11:48:00.966,horizontal,,,0,3,0.9521,YOLO-omega,
cap_001403,2026-09-18T11:48:01.095,horizontal,,,0,3,0.9234,YOLO-omega,
cap_001404,2026-09-18T11:48:01.190,horizontal,,,0,4,0.9396,YOLO-omega,
cap_001405,2026-09-18T11:48:01.319,horizontal,,,0,4,0.9431,YOLO-omega,
cap_001406,2026-09-18T11:48:01.448,horizontal,,,0,4,0.9443,YOLO-omega,
cap_001407,2026-09-18T11:48:01.543,horizontal,,,0,4,0.9531,YOLO-omega,
cap_001408,2026-09-18T11:48:01.673,horizontal,,,0,4,0.9549,YOLO-omega,
cap_001409,2026-09-18T11:48:01.767,horizontal,,,0,4,0.9514,YOLO-omega,
cap_001410,2026-09-18T11:48:01.893,horizontal,,,0,4,0.9522,YOLO-omega,
cap_001411,2026-09-18T11:48:01.992,horizontal,,,0,4,0.9503,YOLO-omega,
cap_001412,2026-09-18T11:48:02.121,horizontal,,,0,4,0.9521,YOLO-omega,
cap_001413,2026-09-18T11:48:02.247,horizontal,,,0,4,0.9523,YOLO-omega,
cap_001414,2026-09-18T11:48:02.342,horizontal,,,0,3,0.9560,YOLO-omega,
cap_001415,2026-09-18T11:48:02.472,horizontal,,,0,3,0.9616,YOLO-omega,
cap_001416,2026-09-18T11:48:02.567,horizontal,,,0,2,0.9618,YOLO-omega,
cap_001417,2026-09-18T11:48:02.694,horizontal,,,0,2,0.9536,YOLO-omega,
cap_001418,2026-09-18T11:48:02.791,horizontal,,,0,3,0.9601,YOLO-omega,
cap_001419,2026-09-18T11:48:02.918,horizontal,,,0,3,0.9546,YOLO-omega,
cap_001420,2026-09-18T11:48:03.017,horizontal,,,0,3,0.9490,YOLO-omega,
cap_001421,2026-09-18T11:48:03.149,horizontal,,,0,3,0.9352,YOLO-omega,
cap_001422,2026-09-18T11:48:03.273,horizontal,,,0,3,0.9565,YOLO-omega,
cap_001423,2026-09-18T11:48:03.367,horizontal,,,0,3,0.9511,YOLO-omega,
cap_001424,2026-09-18T11:48:03.495,horizontal,,,0,3,0.9368,YOLO-omega,
cap_001425,2026-09-18T11:48:03.591,horizontal,,,0,3,0.9455,YOLO-omega,
cap_001426,2026-09-18T11:48:03.718,horizontal,,,0,4,0.9501,YOLO-omega,
cap_001427,2026-09-18T11:48:03.816,horizontal,,,0,4,0.9509,YOLO-omega,
cap_001428,2026-09-18T11:48:03.942,horizontal,,,0,3,0.9523,YOLO-omega,
cap_001429,2026-09-18T11:48:04.072,horizontal,,,0,3,0.9540,YOLO-omega,
cap_001430,2026-09-18T11:48:04.166,horizontal,,,0,2,0.9540,YOLO-omega,
cap_001431,2026-09-18T11:48:04.297,horizontal,,,0,2,0.9541,YOLO-omega,
cap_001432,2026-09-18T11:48:04.393,horizontal,,,0,2,0.9557,YOLO-omega,
cap_001433,2026-09-18T11:48:04.520,horizontal,,,0,2,0.9586,YOLO-omega,
cap_001434,2026-09-18T11:48:04.620,horizontal,,,0,2,0.9611,YOLO-omega,
cap_001435,2026-09-18T11:48:04.746,horizontal,,,0,2,0.9611,YOLO-omega,
cap_001436,2026-09-18T11:48:04.836,horizontal,,,0,3,0.9612,YOLO-omega,
cap_001437,2026-09-18T11:48:04.964,horizontal,,,0,3,0.9638,YOLO-omega,
cap_001438,2026-09-18T11:48:05.092,horizontal,,,0,2,0.9628,YOLO-omega,
cap_001439,2026-09-18T11:48:05.196,horizontal,,,0,3,0.9622,YOLO-omega,
cap_001440,2026-09-18T11:48:05.324,horizontal,,,0,3,0.9629,YOLO-omega,
cap_001441,2026-09-18T11:48:05.416,horizontal,,,0,3,0.9659,YOLO-omega,
cap_001442,2026-09-18T11:48:05.544,horizontal,,,0,3,0.9596,YOLO-omega,
cap_001443,2026-09-18T11:48:05.641,horizontal,,,0,3,0.9519,YOLO-omega,
cap_001444,2026-09-18T11:48:05.765,horizontal,,,0,4,0.9598,YOLO-omega,
cap_001445,2026-09-18T11:48:05.864,horizontal,,,0,4,0.9588,YOLO-omega,
cap_001446,2026-09-18T11:48:05.995,horizontal,,,0,4,0.9524,YOLO-omega,
cap_001447,2026-09-18T11:48:06.122,horizontal,,,0,4,0.9522,YOLO-omega,
cap_001448,2026-09-18T11:48:06.216,horizontal,,,0,4,0.9478,YOLO-omega,
cap_001449,2026-09-18T11:48:06.343,horizontal,,,0,4,0.9456,YOLO-omega,
cap_001450,2026-09-18T11:48:06.437,horizontal,,,0,4,0.9412,YOLO-omega,
cap_001451,2026-09-18T11:48:06.566,horizontal,,,0,4,0.9347,YOLO-omega,
cap_001452,2026-09-18T11:48:06.662,horizontal,,,0,4,0.9344,YOLO-omega,
cap_001453,2026-09-18T11:48:06.800,horizontal,,,0,4,0.9364,YOLO-omega,
cap_001454,2026-09-18T11:48:06.920,horizontal,,,0,4,0.9413,YOLO-omega,
cap_001455,2026-09-18T11:48:07.014,horizontal,,,0,4,0.9287,YOLO-omega,
cap_001456,2026-09-18T11:48:07.143,horizontal,,,0,4,0.9301,YOLO-omega,
cap_001457,2026-09-18T11:48:07.237,horizontal,,,0,4,0.9295,YOLO-omega,
cap_001458,2026-09-18T11:48:07.369,horizontal,,,0,4,0.9277,YOLO-omega,
cap_001459,2026-09-18T11:48:07.462,horizontal,,,0,4,0.9336,YOLO-omega,
cap_001460,2026-09-18T11:48:07.591,horizontal,,,0,4,0.9399,YOLO-omega,
cap_001461,2026-09-18T11:48:07.688,horizontal,,,0,4,0.9383,YOLO-omega,
cap_001462,2026-09-18T11:48:07.817,horizontal,,,0,4,0.9412,YOLO-omega,
cap_001463,2026-09-18T11:48:07.948,horizontal,,,0,4,0.9395,YOLO-omega,
cap_001464,2026-09-18T11:48:08.044,horizontal,,,0,4,0.9364,YOLO-omega,
cap_001465,2026-09-18T11:48:08.173,horizontal,,,0,5,0.9374,YOLO-omega,
cap_001466,2026-09-18T11:48:08.266,horizontal,,,0,4,0.9374,YOLO-omega,
cap_001467,2026-09-18T11:48:08.391,horizontal,,,0,4,0.9388,YOLO-omega,
cap_001468,2026-09-18T11:48:08.487,horizontal,,,0,4,0.9395,YOLO-omega,
cap_001469,2026-09-18T11:48:08.616,horizontal,,,0,4,0.9398,YOLO-omega,
cap_001470,2026-09-18T11:48:08.743,horizontal,,,0,4,0.9390,YOLO-omega,
cap_001471,2026-09-18T11:48:08.839,horizontal,,,0,4,0.9399,YOLO-omega,
cap_001472,2026-09-18T11:48:08.973,horizontal,,,0,4,0.9410,YOLO-omega,
cap_001473,2026-09-18T11:48:09.070,horizontal,,,0,4,0.9403,YOLO-omega,
cap_001474,2026-09-18T11:48:09.198,horizontal,,,0,4,0.9378,YOLO-omega,
cap_001475,2026-09-18T11:48:09.294,horizontal,,,0,4,0.9368,YOLO-omega,
cap_001476,2026-09-18T11:48:09.423,horizontal,,,0,4,0.9385,YOLO-omega,
cap_001477,2026-09-18T11:48:09.520,horizontal,,,0,4,0.9402,YOLO-omega,
cap_001478,2026-09-18T11:48:09.649,horizontal,,,0,4,0.9412,YOLO-omega,
cap_001479,2026-09-18T11:48:11.482,horizontal,,,0,4,0.9390,YOLO-omega,
cap_001480,2026-09-18T11:48:11.593,horizontal,,,0,4,0.9275,YOLO-omega,
cap_001481,2026-09-18T11:48:11.692,horizontal,,,0,4,0.9330,YOLO-omega,
cap_001482,2026-09-18T11:48:11.817,horizontal,,,0,4,0.9411,YOLO-omega,
cap_001483,2026-09-18T11:48:11.913,horizontal,,,0,4,0.9330,YOLO-omega,
cap_001484,2026-09-18T11:48:12.041,horizontal,,,0,4,0.9414,YOLO-omega,
cap_001485,2026-09-18T11:48:12.134,horizontal,,,0,4,0.9365,YOLO-omega,
cap_001486,2026-09-18T11:48:12.264,horizontal,,,0,3,0.9463,YOLO-omega,
cap_001487,2026-09-18T11:48:12.360,horizontal,,,0,4,0.9441,YOLO-omega,
cap_001488,2026-09-18T11:48:12.488,horizontal,,,0,4,0.9399,YOLO-omega,
cap_001489,2026-09-18T11:48:12.613,horizontal,,,0,4,0.9377,YOLO-omega,
cap_001490,2026-09-18T11:48:12.714,horizontal,,,0,4,0.9276,YOLO-omega,
cap_001491,2026-09-18T11:48:12.841,horizontal,,,0,4,0.9365,YOLO-omega,
cap_001492,2026-09-18T11:48:12.935,horizontal,,,0,4,0.9388,YOLO-omega,
cap_001493,2026-09-18T11:48:13.061,horizontal,,,0,4,0.9315,YOLO-omega,
cap_001494,2026-09-18T11:48:13.158,horizontal,,,0,4,0.9263,YOLO-omega,
cap_001495,2026-09-18T11:48:13.285,horizontal,,,0,4,0.9321,YOLO-omega,
cap_001496,2026-09-18T11:48:13.414,horizontal,,,0,4,0.9402,YOLO-omega,
cap_001497,2026-09-18T11:48:13.510,horizontal,,,0,4,0.9357,YOLO-omega,
cap_001498,2026-09-18T11:48:13.638,horizontal,,,0,4,0.9401,YOLO-omega,
cap_001499,2026-09-18T11:48:13.734,horizontal,,,0,4,0.9376,YOLO-omega,
cap_001500,2026-09-18T11:48:13.862,horizontal,,,0,4,0.9385,YOLO-omega,
cap_001501,2026-09-18T11:48:13.959,horizontal,,,0,4,0.9409,YOLO-omega,
cap_001502,2026-09-18T11:48:14.084,horizontal,,,0,4,0.9405,YOLO-omega,
cap_001503,2026-09-18T11:48:14.185,horizontal,,,0,4,0.9443,YOLO-omega,
cap_001504,2026-09-18T11:48:14.311,horizontal,,,0,4,0.9405,YOLO-omega,
cap_001505,2026-09-18T11:48:14.439,horizontal,,,0,4,0.9401,YOLO-omega,
cap_001506,2026-09-18T11:48:14.536,horizontal,,,0,4,0.9338,YOLO-omega,
cap_001507,2026-09-18T11:48:14.661,horizontal,,,0,4,0.9334,YOLO-omega,
cap_001508,2026-09-18T11:48:14.757,horizontal,,,0,4,0.9341,YOLO-omega,
cap_001509,2026-09-18T11:48:14.885,horizontal,,,0,4,0.9369,YOLO-omega,
cap_001510,2026-09-18T11:48:14.982,horizontal,,,0,4,0.9349,YOLO-omega,
cap_001511,2026-09-18T11:48:15.109,horizontal,,,0,4,0.9412,YOLO-omega,
cap_001512,2026-09-18T11:48:15.238,horizontal,,,0,4,0.9425,YOLO-omega,
cap_001513,2026-09-18T11:48:15.334,horizontal,,,0,4,0.9412,YOLO-omega,
cap_001514,2026-09-18T11:48:15.463,horizontal,,,0,4,0.9411,YOLO-omega,
cap_001515,2026-09-18T11:48:15.558,horizontal,,,0,4,0.9364,YOLO-omega,
cap_001516,2026-09-18T11:48:15.688,horizontal,,,0,3,0.9356,YOLO-omega,
cap_001517,2026-09-18T11:48:15.783,horizontal,,,0,3,0.9256,YOLO-omega,
cap_001518,2026-09-18T11:48:15.912,horizontal,,,0,3,0.9274,YOLO-omega,
cap_001519,2026-09-18T11:48:16.007,horizontal,,,0,3,0.9343,YOLO-omega,
cap_001520,2026-09-18T11:48:16.134,horizontal,,,0,3,0.9338,YOLO-omega,
cap_001521,2026-09-18T11:48:16.260,horizontal,,,0,3,0.9273,YOLO-omega,
cap_001522,2026-09-18T11:48:16.358,horizontal,,,0,3,0.9344,YOLO-omega,
cap_001523,2026-09-18T11:48:16.486,horizontal,,,0,3,0.9316,YOLO-omega,
cap_001524,2026-09-18T11:48:16.593,horizontal,,,0,3,0.9293,YOLO-omega,
cap_001525,2026-09-18T11:48:16.712,horizontal,,,0,3,0.9358,YOLO-omega,
cap_001526,2026-09-18T11:48:16.809,horizontal,,,0,3,0.9264,YOLO-omega,
cap_001527,2026-09-18T11:48:16.937,horizontal,,,0,3,0.9201,YOLO-omega,
cap_001528,2026-09-18T11:48:17.063,horizontal,,,0,3,0.9246,YOLO-omega,
cap_001529,2026-09-18T11:48:17.160,horizontal,,,0,3,0.9294,YOLO-omega,
cap_001530,2026-09-18T11:48:17.288,horizontal,,,0,3,0.9356,YOLO-omega,
cap_001531,2026-09-18T11:48:17.384,horizontal,,,0,3,0.9351,YOLO-omega,
cap_001532,2026-09-18T11:48:17.511,horizontal,,,0,3,0.9341,YOLO-omega,
cap_001533,2026-09-18T11:48:17.607,horizontal,,,0,3,0.9351,YOLO-omega,
cap_001534,2026-09-18T11:48:17.734,horizontal,,,0,4,0.9294,YOLO-omega,
cap_001535,2026-09-18T11:48:17.831,horizontal,,,0,4,0.9262,YOLO-omega,
cap_001536,2026-09-18T11:48:17.958,horizontal,,,0,3,0.9289,YOLO-omega,
cap_001537,2026-09-18T11:48:18.088,horizontal,,,0,3,0.9359,YOLO-omega,
cap_001538,2026-09-18T11:48:18.184,horizontal,,,0,2,0.9388,YOLO-omega,
cap_001539,2026-09-18T11:48:18.311,horizontal,,,0,3,0.9338,YOLO-omega,
cap_001540,2026-09-18T11:48:18.408,horizontal,,,0,4,0.9313,YOLO-omega,
cap_001541,2026-09-18T11:48:18.535,horizontal,,,0,4,0.9294,YOLO-omega,
cap_001542,2026-09-18T11:48:18.630,horizontal,,,0,3,0.9285,YOLO-omega,
cap_001543,2026-09-18T11:48:18.759,horizontal,,,0,3,0.9301,YOLO-omega,
cap_001544,2026-09-18T11:48:18.857,horizontal,,,0,3,0.9313,YOLO-omega,
cap_001545,2026-09-18T11:48:18.982,horizontal,,,0,4,0.9298,YOLO-omega,
cap_001546,2026-09-18T11:48:19.111,horizontal,,,0,5,0.9267,YOLO-omega,
cap_001547,2026-09-18T11:48:19.208,horizontal,,,0,4,0.9281,YOLO-omega,
cap_001548,2026-09-18T11:48:19.336,horizontal,,,0,5,0.9272,YOLO-omega,
cap_001549,2026-09-18T11:48:19.432,horizontal,,,0,5,0.9333,YOLO-omega,
cap_001550,2026-09-18T11:48:19.558,horizontal,,,0,4,0.9331,YOLO-omega,
cap_001551,2026-09-18T11:48:19.654,horizontal,,,0,4,0.9342,YOLO-omega,
cap_001552,2026-09-18T11:48:19.782,horizontal,,,0,4,0.9348,YOLO-omega,
cap_001553,2026-09-18T11:48:19.910,horizontal,,,0,5,0.9297,YOLO-omega,
cap_001554,2026-09-18T11:48:20.008,horizontal,,,0,5,0.9334,YOLO-omega,
cap_001555,2026-09-18T11:48:20.134,horizontal,,,0,5,0.9304,YOLO-omega,
cap_001556,2026-09-18T11:48:20.231,horizontal,,,0,4,0.9301,YOLO-omega,
cap_001557,2026-09-18T11:48:20.357,horizontal,,,0,3,0.9339,YOLO-omega,
cap_001558,2026-09-18T11:48:20.454,horizontal,,,0,4,0.9325,YOLO-omega,
cap_001559,2026-09-18T11:48:20.583,horizontal,,,0,6,0.9271,YOLO-omega,
cap_001560,2026-09-18T11:48:20.679,horizontal,,,0,4,0.9291,YOLO-omega,
cap_001561,2026-09-18T11:48:20.806,horizontal,,,0,4,0.9346,YOLO-omega,
cap_001562,2026-09-18T11:48:20.934,horizontal,,,0,4,0.9332,YOLO-omega,
cap_001563,2026-09-18T11:48:21.030,horizontal,,,0,3,0.9366,YOLO-omega,
cap_001564,2026-09-18T11:48:21.158,horizontal,,,0,4,0.9357,YOLO-omega,
cap_001565,2026-09-18T11:48:21.256,horizontal,,,0,3,0.9338,YOLO-omega,
cap_001566,2026-09-18T11:48:21.382,horizontal,,,0,4,0.9381,YOLO-omega,
cap_001567,2026-09-18T11:48:21.479,horizontal,,,0,4,0.9377,YOLO-omega,
cap_001568,2026-09-18T11:48:21.615,horizontal,,,0,4,0.9401,YOLO-omega,
cap_001569,2026-09-18T11:48:21.744,horizontal,,,0,4,0.9398,YOLO-omega,
cap_001570,2026-09-18T11:48:21.838,horizontal,,,0,4,0.9402,YOLO-omega,
cap_001571,2026-09-18T11:48:21.964,horizontal,,,0,4,0.9378,YOLO-omega,
cap_001572,2026-09-18T11:48:22.059,horizontal,,,0,4,0.9394,YOLO-omega,
cap_001573,2026-09-18T11:48:22.192,horizontal,,,0,4,0.9369,YOLO-omega,
cap_001574,2026-09-18T11:48:22.283,horizontal,,,0,4,0.9377,YOLO-omega,
cap_001575,2026-09-18T11:48:22.407,horizontal,,,0,4,0.9375,YOLO-omega,
cap_001576,2026-09-18T11:48:22.502,horizontal,,,0,4,0.9288,YOLO-omega,
cap_001577,2026-09-18T11:48:22.627,horizontal,,,0,4,0.9331,YOLO-omega,
cap_001578,2026-09-18T11:48:22.778,horizontal,,,0,4,0.9339,YOLO-omega,
cap_001579,2026-09-18T11:48:22.856,horizontal,,,0,4,0.9342,YOLO-omega,
cap_001580,2026-09-18T11:48:22.983,horizontal,,,0,4,0.9383,YOLO-omega,
cap_001581,2026-09-18T11:48:23.079,horizontal,,,0,4,0.9372,YOLO-omega,
cap_001582,2026-09-18T11:48:23.208,horizontal,,,0,3,0.9385,YOLO-omega,
cap_001583,2026-09-18T11:48:23.306,horizontal,,,0,4,0.9333,YOLO-omega,
cap_001584,2026-09-18T11:48:23.431,horizontal,,,0,4,0.9344,YOLO-omega,
cap_001585,2026-09-18T11:48:23.563,horizontal,,,0,4,0.9344,YOLO-omega,
cap_001586,2026-09-18T11:48:23.657,horizontal,,,0,3,0.9317,YOLO-omega,
cap_001587,2026-09-18T11:48:23.791,horizontal,,,0,2,0.9318,YOLO-omega,
cap_001588,2026-09-18T11:48:23.884,horizontal,,,0,3,0.9306,YOLO-omega,
cap_001589,2026-09-18T11:48:24.008,horizontal,,,0,3,0.9296,YOLO-omega,
cap_001590,2026-09-18T11:48:24.103,horizontal,,,0,3,0.9356,YOLO-omega,
cap_001591,2026-09-18T11:48:24.230,horizontal,,,0,3,0.9354,YOLO-omega,
cap_001592,2026-09-18T11:48:24.328,horizontal,,,0,3,0.9343,YOLO-omega,
cap_001593,2026-09-18T11:48:24.463,horizontal,,,0,3,0.9408,YOLO-omega,
cap_001594,2026-09-18T11:48:24.584,horizontal,,,0,3,0.9407,YOLO-omega,
cap_001595,2026-09-18T11:48:24.679,horizontal,,,0,3,0.9394,YOLO-omega,
cap_001596,2026-09-18T11:48:24.807,horizontal,,,0,3,0.9389,YOLO-omega,
cap_001597,2026-09-18T11:48:24.903,horizontal,,,0,3,0.9363,YOLO-omega,
cap_001598,2026-09-18T11:48:25.029,horizontal,,,0,3,0.9349,YOLO-omega,
cap_001599,2026-09-18T11:48:25.125,horizontal,,,0,2,0.9332,YOLO-omega,
cap_001600,2026-09-18T11:48:25.256,horizontal,,,0,3,0.9343,YOLO-omega,
cap_001601,2026-09-18T11:48:25.349,horizontal,,,0,3,0.9301,YOLO-omega,
cap_001602,2026-09-18T11:48:25.478,horizontal,,,0,3,0.9320,YOLO-omega,
cap_001603,2026-09-18T11:48:25.606,horizontal,,,0,4,0.9296,YOLO-omega,
cap_001604,2026-09-18T11:48:25.703,horizontal,,,0,3,0.9265,YOLO-omega,
cap_001605,2026-09-18T11:48:25.830,horizontal,,,0,4,0.9327,YOLO-omega,
cap_001606,2026-09-18T11:48:25.927,horizontal,,,0,3,0.9304,YOLO-omega,
cap_001607,2026-09-18T11:48:26.055,horizontal,,,0,3,0.9236,YOLO-omega,
cap_001608,2026-09-18T11:48:26.151,horizontal,,,0,3,0.9249,YOLO-omega,
cap_001609,2026-09-18T11:48:26.280,horizontal,,,0,3,0.9273,YOLO-omega,
cap_001610,2026-09-18T11:48:26.407,horizontal,,,0,4,0.9292,YOLO-omega,
cap_001611,2026-09-18T11:48:26.503,horizontal,,,0,4,0.9339,YOLO-omega,
cap_001612,2026-09-18T11:48:26.632,horizontal,,,0,3,0.9282,YOLO-omega,
cap_001613,2026-09-18T11:48:26.726,horizontal,,,0,4,0.9278,YOLO-omega,
cap_001614,2026-09-18T11:48:26.856,horizontal,,,0,4,0.9298,YOLO-omega,
cap_001615,2026-09-18T11:48:26.952,horizontal,,,0,4,0.9249,YOLO-omega,
cap_001616,2026-09-18T11:48:27.079,horizontal,,,0,4,0.9253,YOLO-omega,
cap_001617,2026-09-18T11:48:27.176,horizontal,,,0,4,0.9231,YOLO-omega,
cap_001618,2026-09-18T11:48:27.305,horizontal,,,0,4,0.9216,YOLO-omega,
cap_001619,2026-09-18T11:48:27.430,horizontal,,,0,4,0.9286,YOLO-omega,
cap_001620,2026-09-18T11:48:27.527,horizontal,,,0,4,0.9277,YOLO-omega,
cap_001621,2026-09-18T11:48:27.655,horizontal,,,0,3,0.9234,YOLO-omega,
cap_001622,2026-09-18T11:48:27.750,horizontal,,,0,3,0.9216,YOLO-omega,
cap_001623,2026-09-18T11:48:27.877,horizontal,,,0,3,0.9247,YOLO-omega,
cap_001624,2026-09-18T11:48:27.975,horizontal,,,0,3,0.9247,YOLO-omega,
cap_001625,2026-09-18T11:48:28.103,horizontal,,,0,4,0.9277,YOLO-omega,
cap_001626,2026-09-18T11:48:28.230,horizontal,,,0,4,0.9251,YOLO-omega,
cap_001627,2026-09-18T11:48:28.328,horizontal,,,0,4,0.9294,YOLO-omega,
cap_001628,2026-09-18T11:48:28.457,horizontal,,,0,4,0.9298,YOLO-omega,
cap_001629,2026-09-18T11:48:28.554,horizontal,,,0,4,0.9285,YOLO-omega,
cap_001630,2026-09-18T11:48:28.681,horizontal,,,0,5,0.9193,YOLO-omega,
cap_001631,2026-09-18T11:48:28.776,horizontal,,,0,5,0.9251,YOLO-omega,
cap_001632,2026-09-18T11:48:28.905,horizontal,,,0,5,0.9263,YOLO-omega,
cap_001633,2026-09-18T11:48:29.001,horizontal,,,0,5,0.9289,YOLO-omega,
cap_001634,2026-09-18T11:48:29.126,horizontal,,,0,4,0.9300,YOLO-omega,
cap_001635,2026-09-18T11:48:29.258,horizontal,,,0,4,0.9257,YOLO-omega,
cap_001636,2026-09-18T11:48:29.356,horizontal,,,0,4,0.9266,YOLO-omega,
cap_001637,2026-09-18T11:48:29.480,horizontal,,,0,4,0.9250,YOLO-omega,
cap_001638,2026-09-18T11:48:29.574,horizontal,,,0,4,0.9262,YOLO-omega,
cap_001639,2026-09-18T11:48:29.702,horizontal,,,0,3,0.9271,YOLO-omega,
cap_001640,2026-09-18T11:48:29.798,horizontal,,,0,4,0.9302,YOLO-omega,
cap_001641,2026-09-18T11:48:29.926,horizontal,,,0,4,0.9322,YOLO-omega,
cap_001642,2026-09-18T11:48:30.025,horizontal,,,0,4,0.9280,YOLO-omega,
cap_001643,2026-09-18T11:48:30.150,horizontal,,,0,3,0.9267,YOLO-omega,
cap_001644,2026-09-18T11:48:30.278,horizontal,,,0,4,0.9232,YOLO-omega,
cap_001645,2026-09-18T11:48:30.374,horizontal,,,0,4,0.9252,YOLO-omega,
cap_001646,2026-09-18T11:48:30.502,horizontal,,,0,4,0.9269,YOLO-omega,
cap_001647,2026-09-18T11:48:30.598,horizontal,,,0,4,0.9275,YOLO-omega,
cap_001648,2026-09-18T11:48:30.727,horizontal,,,0,4,0.9183,YOLO-omega,
cap_001649,2026-09-18T11:48:30.823,horizontal,,,0,4,0.9307,YOLO-omega,
cap_001650,2026-09-18T11:48:30.950,horizontal,,,0,4,0.9276,YOLO-omega,
cap_001651,2026-09-18T11:48:31.077,horizontal,,,0,4,0.9331,YOLO-omega,
cap_001652,2026-09-18T11:48:31.174,horizontal,,,0,4,0.9326,YOLO-omega,
cap_001653,2026-09-18T11:48:31.305,horizontal,,,0,4,0.9354,YOLO-omega,
cap_001654,2026-09-18T11:48:31.399,horizontal,,,0,4,0.9299,YOLO-omega,
cap_001655,2026-09-18T11:48:31.526,horizontal,,,0,4,0.9303,YOLO-omega,
cap_001656,2026-09-18T11:48:31.622,horizontal,,,0,4,0.9311,YOLO-omega,
cap_001657,2026-09-18T11:48:31.749,horizontal,,,0,4,0.9300,YOLO-omega,
cap_001658,2026-09-18T11:48:31.847,horizontal,,,0,4,0.9261,YOLO-omega,
cap_001659,2026-09-18T11:48:31.975,horizontal,,,0,4,0.9265,YOLO-omega,
cap_001660,2026-09-18T11:48:32.105,horizontal,,,0,4,0.9243,YOLO-omega,
cap_001661,2026-09-18T11:48:32.200,horizontal,,,0,4,0.9229,YOLO-omega,
cap_001662,2026-09-18T11:48:32.329,horizontal,,,0,4,0.9288,YOLO-omega,
cap_001663,2026-09-18T11:48:32.422,horizontal,,,0,4,0.9273,YOLO-omega,
cap_001664,2026-09-18T11:48:32.551,horizontal,,,0,4,0.9279,YOLO-omega,
cap_001665,2026-09-18T11:48:32.649,horizontal,,,0,4,0.9262,YOLO-omega,
cap_001666,2026-09-18T11:48:32.775,horizontal,,,0,4,0.9270,YOLO-omega,
cap_001667,2026-09-18T11:48:32.901,horizontal,,,0,4,0.9243,YOLO-omega,
cap_001668,2026-09-18T11:48:33.001,horizontal,,,0,4,0.9204,YOLO-omega,
cap_001669,2026-09-18T11:48:33.126,horizontal,,,0,4,0.9262,YOLO-omega,
cap_001670,2026-09-18T11:48:33.224,horizontal,,,0,4,0.9238,YOLO-omega,
cap_001671,2026-09-18T11:48:33.352,horizontal,,,0,4,0.9264,YOLO-omega,
cap_001672,2026-09-18T11:48:33.446,horizontal,,,0,4,0.9300,YOLO-omega,
cap_001673,2026-09-18T11:48:33.573,horizontal,,,0,4,0.9222,YOLO-omega,
cap_001674,2026-09-18T11:48:33.670,horizontal,,,0,4,0.9229,YOLO-omega,
cap_001675,2026-09-18T11:48:33.800,horizontal,,,0,4,0.9150,YOLO-omega,
cap_001676,2026-09-18T11:48:33.926,horizontal,,,0,4,0.9224,YOLO-omega,
cap_001677,2026-09-18T11:48:34.025,horizontal,,,0,4,0.9189,YOLO-omega,
cap_001678,2026-09-18T11:48:34.154,horizontal,,,0,3,0.9233,YOLO-omega,
cap_001679,2026-09-18T11:48:34.253,horizontal,,,0,4,0.9143,YOLO-omega,
cap_001680,2026-09-18T11:48:34.376,horizontal,,,0,4,0.9140,YOLO-omega,
cap_001681,2026-09-18T11:48:34.472,horizontal,,,0,4,0.9240,YOLO-omega,
cap_001682,2026-09-18T11:48:34.601,horizontal,,,0,4,0.9179,YOLO-omega,
cap_001683,2026-09-18T11:48:34.728,horizontal,,,0,3,0.9212,YOLO-omega,
cap_001684,2026-09-18T11:48:34.829,horizontal,,,0,4,0.9181,YOLO-omega,
cap_001685,2026-09-18T11:48:34.952,horizontal,,,0,5,0.9198,YOLO-omega,
cap_001686,2026-09-18T11:48:35.048,horizontal,,,0,4,0.9192,YOLO-omega,
cap_001687,2026-09-18T11:48:35.174,horizontal,,,0,3,0.9201,YOLO-omega,
cap_001688,2026-09-18T11:48:35.272,horizontal,,,0,4,0.9175,YOLO-omega,
cap_001689,2026-09-18T11:48:35.398,horizontal,,,0,4,0.9226,YOLO-omega,
cap_001690,2026-09-18T11:48:35.494,horizontal,,,0,4,0.9157,YOLO-omega,
cap_001691,2026-09-18T11:48:35.622,horizontal,,,0,4,0.9236,YOLO-omega,
cap_001692,2026-09-18T11:48:35.749,horizontal,,,0,4,0.9186,YOLO-omega,
cap_001693,2026-09-18T11:48:35.846,horizontal,,,0,4,0.9214,YOLO-omega,
cap_001694,2026-09-18T11:48:35.974,horizontal,,,0,4,0.9250,YOLO-omega,
cap_001695,2026-09-18T11:48:36.070,horizontal,,,0,4,0.9240,YOLO-omega,
cap_001696,2026-09-18T11:48:36.197,horizontal,,,0,4,0.9252,YOLO-omega,
cap_001697,2026-09-18T11:48:36.294,horizontal,,,0,4,0.9251,YOLO-omega,
cap_001698,2026-09-18T11:48:36.422,horizontal,,,0,4,0.9272,YOLO-omega,
cap_001699,2026-09-18T11:48:36.518,horizontal,,,0,4,0.9346,YOLO-omega,
cap_001700,2026-09-18T11:48:36.646,horizontal,,,0,4,0.9278,YOLO-omega,
cap_001701,2026-09-18T11:48:36.774,horizontal,,,0,4,0.9248,YOLO-omega,
cap_001702,2026-09-18T11:48:36.870,horizontal,,,0,4,0.9257,YOLO-omega,
cap_001703,2026-09-18T11:48:36.998,horizontal,,,0,4,0.9260,YOLO-omega,
cap_001704,2026-09-18T11:48:37.098,horizontal,,,0,4,0.9261,YOLO-omega,
cap_001705,2026-09-18T11:48:37.225,horizontal,,,0,4,0.9256,YOLO-omega,
cap_001706,2026-09-18T11:48:37.322,horizontal,,,0,4,0.9152,YOLO-omega,
cap_001707,2026-09-18T11:48:37.449,horizontal,,,0,4,0.9143,YOLO-omega,
cap_001708,2026-09-18T11:48:37.578,horizontal,,,0,4,0.9130,YOLO-omega,
cap_001709,2026-09-18T11:48:37.681,horizontal,,,0,4,0.9199,YOLO-omega,
cap_001710,2026-09-18T11:48:37.809,horizontal,,,0,4,0.9227,YOLO-omega,
cap_001711,2026-09-18T11:48:37.896,horizontal,,,0,4,0.9217,YOLO-omega,
cap_001712,2026-09-18T11:48:38.023,horizontal,,,0,4,0.9263,YOLO-omega,
cap_001713,2026-09-18T11:48:38.120,horizontal,,,0,4,0.9310,YOLO-omega,
cap_001714,2026-09-18T11:48:38.248,horizontal,,,0,4,0.9268,YOLO-omega,
cap_001715,2026-09-18T11:48:38.344,horizontal,,,0,4,0.9384,YOLO-omega,
cap_001716,2026-09-18T11:48:38.473,horizontal,,,0,4,0.9310,YOLO-omega,
cap_001717,2026-09-18T11:48:38.599,horizontal,,,0,4,0.9309,YOLO-omega,
cap_001718,2026-09-18T11:48:38.696,horizontal,,,0,4,0.9367,YOLO-omega,
cap_001719,2026-09-18T11:48:38.822,horizontal,,,0,4,0.9336,YOLO-omega,
cap_001720,2026-09-18T11:48:38.918,horizontal,,,0,4,0.9352,YOLO-omega,
cap_001721,2026-09-18T11:48:39.047,horizontal,,,0,4,0.9319,YOLO-omega,
cap_001722,2026-09-18T11:48:39.144,horizontal,,,0,4,0.9332,YOLO-omega,
cap_001723,2026-09-18T11:48:39.272,horizontal,,,0,4,0.9326,YOLO-omega,
cap_001724,2026-09-18T11:48:39.398,horizontal,,,0,4,0.9322,YOLO-omega,
cap_001725,2026-09-18T11:48:39.495,horizontal,,,0,4,0.9275,YOLO-omega,
cap_001726,2026-09-18T11:48:39.625,horizontal,,,0,4,0.9246,YOLO-omega,
cap_001727,2026-09-18T11:48:39.721,horizontal,,,0,4,0.9285,YOLO-omega,
cap_001728,2026-09-18T11:48:39.846,horizontal,,,0,4,0.9299,YOLO-omega,
cap_001729,2026-09-18T11:48:39.943,horizontal,,,0,4,0.9290,YOLO-omega,
cap_001730,2026-09-18T11:48:40.075,horizontal,,,0,4,0.9321,YOLO-omega,
cap_001731,2026-09-18T11:48:40.170,horizontal,,,0,4,0.9322,YOLO-omega,
cap_001732,2026-09-18T11:48:40.298,horizontal,,,0,4,0.9315,YOLO-omega,
cap_001733,2026-09-18T11:48:40.426,horizontal,,,0,4,0.9298,YOLO-omega,
cap_001734,2026-09-18T11:48:40.520,horizontal,,,0,4,0.9285,YOLO-omega,
cap_001735,2026-09-18T11:48:40.650,horizontal,,,0,4,0.9294,YOLO-omega,
cap_001736,2026-09-18T11:48:40.749,horizontal,,,0,4,0.9307,YOLO-omega,
cap_001737,2026-09-18T11:48:40.873,horizontal,,,0,5,0.9320,YOLO-omega,
cap_001738,2026-09-18T11:48:40.969,horizontal,,,0,5,0.9333,YOLO-omega,
cap_001739,2026-09-18T11:48:41.095,horizontal,,,0,4,0.9300,YOLO-omega,
cap_001740,2026-09-18T11:48:41.223,horizontal,,,0,4,0.9301,YOLO-omega,
cap_001741,2026-09-18T11:48:41.320,horizontal,,,0,4,0.9315,YOLO-omega,
cap_001742,2026-09-18T11:48:41.451,horizontal,,,0,4,0.9230,YOLO-omega,
cap_001743,2026-09-18T11:48:41.545,horizontal,,,0,4,0.9127,YOLO-omega,
cap_001744,2026-09-18T11:48:41.672,horizontal,,,0,3,0.9079,YOLO-omega,
cap_001745,2026-09-18T11:48:41.768,horizontal,,,0,3,0.9017,YOLO-omega,
cap_001746,2026-09-18T11:48:41.894,horizontal,,,0,3,0.8973,YOLO-omega,
cap_001747,2026-09-18T11:48:41.991,horizontal,,,0,3,0.8634,YOLO-omega,
cap_001748,2026-09-18T11:48:42.118,horizontal,,,0,3,0.8989,YOLO-omega,
cap_001749,2026-09-18T11:48:42.247,horizontal,,,0,3,0.8967,YOLO-omega,
cap_001750,2026-09-18T11:48:42.343,horizontal,,,0,4,0.9024,YOLO-omega,
cap_001751,2026-09-18T11:48:42.474,horizontal,,,0,3,0.9053,YOLO-omega,
cap_001752,2026-09-18T11:48:42.573,horizontal,,,0,3,0.9112,YOLO-omega,
cap_001753,2026-09-18T11:48:42.699,horizontal,,,0,4,0.9095,YOLO-omega,
cap_001754,2026-09-18T11:48:42.794,horizontal,,,0,4,0.9057,YOLO-omega,
cap_001755,2026-09-18T11:48:42.921,horizontal,,,0,4,0.9091,YOLO-omega,
cap_001756,2026-09-18T11:48:43.019,horizontal,,,0,4,0.9121,YOLO-omega,
cap_001757,2026-09-18T11:48:43.147,horizontal,,,0,4,0.9121,YOLO-omega,
cap_001758,2026-09-18T11:48:43.270,horizontal,,,0,3,0.9104,YOLO-omega,
cap_001759,2026-09-18T11:48:43.365,horizontal,,,0,4,0.9220,YOLO-omega,
cap_001760,2026-09-18T11:48:43.495,horizontal,,,0,4,0.9231,YOLO-omega,
cap_001761,2026-09-18T11:48:43.591,horizontal,,,0,4,0.9119,YOLO-omega,
cap_001762,2026-09-18T11:48:43.724,horizontal,,,0,4,0.9303,YOLO-omega,
cap_001763,2026-09-18T11:48:43.816,horizontal,,,0,4,0.9288,YOLO-omega,
cap_001764,2026-09-18T11:48:43.946,horizontal,,,0,4,0.9205,YOLO-omega,
cap_001765,2026-09-18T11:48:44.074,horizontal,,,0,4,0.9248,YOLO-omega,
cap_001766,2026-09-18T11:48:44.168,horizontal,,,0,5,0.9182,YOLO-omega,
cap_001767,2026-09-18T11:48:44.295,horizontal,,,0,4,0.9101,YOLO-omega,
cap_001768,2026-09-18T11:48:44.391,horizontal,,,0,4,0.9253,YOLO-omega,
cap_001769,2026-09-18T11:48:44.517,horizontal,,,0,4,0.9371,YOLO-omega,
cap_001770,2026-09-18T11:48:44.615,horizontal,,,0,3,0.9334,YOLO-omega,
cap_001771,2026-09-18T11:48:44.741,horizontal,,,0,3,0.9140,YOLO-omega,
cap_001772,2026-09-18T11:48:44.839,horizontal,,,0,4,0.9341,YOLO-omega,
cap_001773,2026-09-18T11:48:44.967,horizontal,,,0,4,0.9574,YOLO-omega,
cap_001774,2026-09-18T11:48:45.093,horizontal,,,0,3,0.9598,YOLO-omega,
cap_001775,2026-09-18T11:48:45.189,horizontal,,,0,4,0.9475,YOLO-omega,
cap_001776,2026-09-18T11:48:45.318,horizontal,,,0,4,0.9421,YOLO-omega,
cap_001777,2026-09-18T11:48:45.414,horizontal,,,0,3,0.9579,YOLO-omega,
cap_001778,2026-09-18T11:48:45.541,horizontal,,,0,4,0.9356,YOLO-omega,
cap_001779,2026-09-18T11:48:45.639,horizontal,,,0,5,0.9581,YOLO-omega,
cap_001780,2026-09-18T11:48:45.766,horizontal,,,0,4,0.9278,YOLO-omega,
cap_001781,2026-09-18T11:48:45.895,horizontal,,,0,5,0.9343,YOLO-omega,
cap_001782,2026-09-18T11:48:45.990,horizontal,,,0,5,0.9407,YOLO-omega,
cap_001783,2026-09-18T11:48:46.118,horizontal,,,0,4,0.9378,YOLO-omega,
cap_001784,2026-09-18T11:48:46.215,horizontal,,,0,4,0.9420,YOLO-omega,
cap_001785,2026-09-18T11:48:46.342,horizontal,,,0,4,0.9407,YOLO-omega,
cap_001786,2026-09-18T11:48:46.438,horizontal,,,0,4,0.9402,YOLO-omega,
cap_001787,2026-09-18T11:48:46.568,horizontal,,,0,4,0.9449,YOLO-omega,
cap_001788,2026-09-18T11:48:46.665,horizontal,,,0,4,0.9430,YOLO-omega,
cap_001789,2026-09-18T11:48:46.792,horizontal,,,0,4,0.9468,YOLO-omega,
cap_001790,2026-09-18T11:48:46.923,horizontal,,,0,4,0.9449,YOLO-omega,
cap_001791,2026-09-18T11:48:47.024,horizontal,,,0,4,0.9449,YOLO-omega,
cap_001792,2026-09-18T11:48:47.152,horizontal,,,0,4,0.9463,YOLO-omega,
cap_001793,2026-09-18T11:48:47.244,horizontal,,,0,4,0.9434,YOLO-omega,
cap_001794,2026-09-18T11:48:47.372,horizontal,,,0,4,0.9405,YOLO-omega,
cap_001795,2026-09-18T11:48:47.466,horizontal,,,0,4,0.9425,YOLO-omega,
cap_001796,2026-09-18T11:48:47.596,horizontal,,,0,4,0.9430,YOLO-omega,
cap_001797,2026-09-18T11:48:47.723,horizontal,,,0,4,0.9631,YOLO-omega,
cap_001798,2026-09-18T11:48:47.814,horizontal,,,0,4,0.9432,YOLO-omega,
cap_001799,2026-09-18T11:48:47.942,horizontal,,,0,4,0.9439,YOLO-omega,
cap_001800,2026-09-18T11:48:48.039,horizontal,,,0,4,0.9651,YOLO-omega,
cap_001801,2026-09-18T11:48:48.168,horizontal,,,0,4,0.9439,YOLO-omega,
cap_001802,2026-09-18T11:48:48.260,horizontal,,,0,4,0.9474,YOLO-omega,
cap_001803,2026-09-18T11:48:48.391,horizontal,,,0,5,0.9484,YOLO-omega,
cap_001804,2026-09-18T11:48:48.488,horizontal,,,0,4,0.9433,YOLO-omega,
cap_001805,2026-09-18T11:48:48.618,horizontal,,,0,4,0.9418,YOLO-omega,
cap_001806,2026-09-18T11:48:48.746,horizontal,,,0,4,0.9520,YOLO-omega,
cap_001807,2026-09-18T11:48:48.840,horizontal,,,0,4,0.9491,YOLO-omega,
cap_001808,2026-09-18T11:48:48.968,horizontal,,,0,4,0.9477,YOLO-omega,
cap_001809,2026-09-18T11:48:49.062,horizontal,,,0,3,0.9502,YOLO-omega,
cap_001810,2026-09-18T11:48:49.189,horizontal,,,0,3,0.9504,YOLO-omega,
cap_001811,2026-09-18T11:48:49.287,horizontal,,,0,3,0.9488,YOLO-omega,
cap_001812,2026-09-18T11:48:49.413,horizontal,,,0,4,0.9485,YOLO-omega,
cap_001813,2026-09-18T11:48:49.509,horizontal,,,0,4,0.9472,YOLO-omega,
cap_001814,2026-09-18T11:48:49.637,horizontal,,,0,3,0.8978,YOLO-omega,
cap_001815,2026-09-18T11:48:49.766,horizontal,,,0,4,0.9541,YOLO-omega,
cap_001816,2026-09-18T11:48:49.865,horizontal,,,0,4,0.9394,YOLO-omega,
cap_001817,2026-09-18T11:48:49.989,horizontal,,,0,4,0.9466,YOLO-omega,
cap_001818,2026-09-18T11:48:50.086,horizontal,,,0,4,0.9070,YOLO-omega,
cap_001819,2026-09-18T11:48:50.215,horizontal,,,0,4,0.9456,YOLO-omega,
cap_001820,2026-09-18T11:48:50.309,horizontal,,,0,4,0.9635,YOLO-omega,
cap_001821,2026-09-18T11:48:50.439,horizontal,,,0,3,0.9480,YOLO-omega,
cap_001822,2026-09-18T11:48:50.567,horizontal,,,0,4,0.8910,YOLO-omega,
cap_001823,2026-09-18T11:48:50.663,horizontal,,,0,4,0.9490,YOLO-omega,
cap_001824,2026-09-18T11:48:50.789,horizontal,,,0,4,0.9426,YOLO-omega,
cap_001825,2026-09-18T11:48:50.890,horizontal,,,0,4,0.9470,YOLO-omega,
cap_001826,2026-09-18T11:48:51.015,horizontal,,,0,4,0.9479,YOLO-omega,
cap_001827,2026-09-18T11:48:51.111,horizontal,,,0,4,0.9459,YOLO-omega,
cap_001828,2026-09-18T11:48:51.239,horizontal,,,0,4,0.9488,YOLO-omega,
cap_001829,2026-09-18T11:48:51.332,horizontal,,,0,4,0.9374,YOLO-omega,
cap_001830,2026-09-18T11:48:51.470,horizontal,,,0,4,0.9355,YOLO-omega,
cap_001831,2026-09-18T11:48:51.592,horizontal,,,0,4,0.9467,YOLO-omega,
cap_001832,2026-09-18T11:48:51.688,horizontal,,,0,4,0.9499,YOLO-omega,
cap_001833,2026-09-18T11:48:51.819,horizontal,,,0,4,0.9326,YOLO-omega,
cap_001834,2026-09-18T11:48:51.914,horizontal,,,0,4,0.9492,YOLO-omega,
cap_001835,2026-09-18T11:48:52.045,horizontal,,,0,4,0.9531,YOLO-omega,
cap_001836,2026-09-18T11:48:52.138,horizontal,,,0,4,0.9538,YOLO-omega,
cap_001837,2026-09-18T11:48:52.275,horizontal,,,0,4,0.9532,YOLO-omega,
cap_001838,2026-09-18T11:48:52.391,horizontal,,,0,4,0.9519,YOLO-omega,
cap_001839,2026-09-18T11:48:52.486,horizontal,,,0,4,0.9485,YOLO-omega,
cap_001840,2026-09-18T11:48:52.613,horizontal,,,0,4,0.9466,YOLO-omega,
cap_001841,2026-09-18T11:48:52.710,horizontal,,,0,4,0.9499,YOLO-omega,
cap_001842,2026-09-18T11:48:52.839,horizontal,,,0,4,0.9514,YOLO-omega,
cap_001843,2026-09-18T11:48:52.936,horizontal,,,0,4,0.9508,YOLO-omega,
cap_001844,2026-09-18T11:48:53.063,horizontal,,,0,4,0.9475,YOLO-omega,
cap_001845,2026-09-18T11:48:53.162,horizontal,,,0,4,0.9433,YOLO-omega,
cap_001846,2026-09-18T11:48:53.286,horizontal,,,0,4,0.9443,YOLO-omega,
cap_001847,2026-09-18T11:48:53.414,horizontal,,,0,4,0.9428,YOLO-omega,
cap_001848,2026-09-18T11:48:53.510,horizontal,,,0,4,0.9460,YOLO-omega,
cap_001849,2026-09-18T11:48:53.639,horizontal,,,0,4,0.9405,YOLO-omega,
cap_001850,2026-09-18T11:48:53.734,horizontal,,,0,4,0.9423,YOLO-omega,
cap_001851,2026-09-18T11:48:53.861,horizontal,,,0,4,0.9465,YOLO-omega,
cap_001852,2026-09-18T11:48:53.956,horizontal,,,0,4,0.9445,YOLO-omega,
cap_001853,2026-09-18T11:48:54.085,horizontal,,,0,4,0.9482,YOLO-omega,
cap_001854,2026-09-18T11:48:54.214,horizontal,,,0,4,0.9491,YOLO-omega,
cap_001855,2026-09-18T11:48:54.308,horizontal,,,0,4,0.9405,YOLO-omega,
cap_001856,2026-09-18T11:48:54.437,horizontal,,,0,4,0.9363,YOLO-omega,
cap_001857,2026-09-18T11:48:54.534,horizontal,,,0,4,0.9399,YOLO-omega,
cap_001858,2026-09-18T11:48:54.663,horizontal,,,0,4,0.9417,YOLO-omega,
cap_001859,2026-09-18T11:48:54.757,horizontal,,,0,4,0.9441,YOLO-omega,
cap_001860,2026-09-18T11:48:54.886,horizontal,,,0,3,0.9460,YOLO-omega,
cap_001861,2026-09-18T11:48:54.981,horizontal,,,0,4,0.9468,YOLO-omega,
cap_001862,2026-09-18T11:48:55.113,horizontal,,,0,4,0.9488,YOLO-omega,
cap_001863,2026-09-18T11:48:55.237,horizontal,,,0,4,0.9491,YOLO-omega,
cap_001864,2026-09-18T11:48:55.333,horizontal,,,0,3,0.9457,YOLO-omega,
cap_001865,2026-09-18T11:48:55.462,horizontal,,,0,3,0.9479,YOLO-omega,
cap_001866,2026-09-18T11:48:55.556,horizontal,,,0,4,0.9466,YOLO-omega,
cap_001867,2026-09-18T11:48:55.684,horizontal,,,0,4,0.9439,YOLO-omega,
cap_001868,2026-09-18T11:48:55.781,horizontal,,,0,4,0.9398,YOLO-omega,
cap_001869,2026-09-18T11:48:55.908,horizontal,,,0,4,0.9398,YOLO-omega,
cap_001870,2026-09-18T11:48:56.006,horizontal,,,0,4,0.9429,YOLO-omega,
cap_001871,2026-09-18T11:48:56.133,horizontal,,,0,4,0.9452,YOLO-omega,
cap_001872,2026-09-18T11:48:56.262,horizontal,,,0,3,0.9353,YOLO-omega,
cap_001873,2026-09-18T11:48:56.357,horizontal,,,0,4,0.9383,YOLO-omega,
cap_001874,2026-09-18T11:48:56.486,horizontal,,,0,3,0.9402,YOLO-omega,
cap_001875,2026-09-18T11:48:56.581,horizontal,,,0,4,0.9462,YOLO-omega,
cap_001876,2026-09-18T11:48:56.709,horizontal,,,0,4,0.9457,YOLO-omega,
cap_001877,2026-09-18T11:48:56.807,horizontal,,,0,3,0.9453,YOLO-omega,
cap_001878,2026-09-18T11:48:56.934,horizontal,,,0,4,0.9488,YOLO-omega,
cap_001879,2026-09-18T11:48:57.061,horizontal,,,0,4,0.9468,YOLO-omega,
cap_001880,2026-09-18T11:48:57.159,horizontal,,,0,3,0.9468,YOLO-omega,
cap_001881,2026-09-18T11:48:57.286,horizontal,,,0,3,0.9465,YOLO-omega,
cap_001882,2026-09-18T11:48:57.383,horizontal,,,0,4,0.9479,YOLO-omega,
cap_001883,2026-09-18T11:48:57.508,horizontal,,,0,4,0.9508,YOLO-omega,
cap_001884,2026-09-18T11:48:57.605,horizontal,,,0,4,0.9460,YOLO-omega,
cap_001885,2026-09-18T11:48:57.734,horizontal,,,0,3,0.9454,YOLO-omega,
cap_001886,2026-09-18T11:48:57.829,horizontal,,,0,4,0.9448,YOLO-omega,
cap_001887,2026-09-18T11:48:57.957,horizontal,,,0,4,0.9464,YOLO-omega,
cap_001888,2026-09-18T11:48:58.084,horizontal,,,0,4,0.9495,YOLO-omega,
cap_001889,2026-09-18T11:48:58.186,horizontal,,,0,4,0.9471,YOLO-omega,
cap_001890,2026-09-18T11:48:58.313,horizontal,,,0,4,0.9459,YOLO-omega,
cap_001891,2026-09-18T11:48:58.414,horizontal,,,0,4,0.9466,YOLO-omega,
cap_001892,2026-09-18T11:48:58.543,horizontal,,,0,4,0.9482,YOLO-omega,
cap_001893,2026-09-18T11:48:58.638,horizontal,,,0,3,0.9458,YOLO-omega,
cap_001894,2026-09-18T11:48:58.764,horizontal,,,0,4,0.9607,YOLO-omega,
cap_001895,2026-09-18T11:48:58.890,horizontal,,,0,4,0.9442,YOLO-omega,
cap_001896,2026-09-18T11:48:58.989,horizontal,,,0,4,0.9439,YOLO-omega,
cap_001897,2026-09-18T11:48:59.119,horizontal,,,0,3,0.9521,YOLO-omega,
cap_001898,2026-09-18T11:48:59.220,horizontal,,,0,3,0.9560,YOLO-omega,
cap_001899,2026-09-18T11:48:59.343,horizontal,,,0,4,0.9556,YOLO-omega,
cap_001900,2026-09-18T11:48:59.435,horizontal,,,0,3,0.9555,YOLO-omega,
cap_001901,2026-09-18T11:48:59.563,horizontal,,,0,3,0.9558,YOLO-omega,
cap_001902,2026-09-18T11:48:59.659,horizontal,,,0,3,0.9569,YOLO-omega,
cap_001903,2026-09-18T11:48:59.787,horizontal,,,0,3,0.9632,YOLO-omega,
cap_001904,2026-09-18T11:48:59.913,horizontal,,,0,3,0.9558,YOLO-omega,
cap_001905,2026-09-18T11:49:00.010,horizontal,,,0,3,0.9538,YOLO-omega,
cap_001906,2026-09-18T11:49:00.134,horizontal,,,0,3,0.9513,YOLO-omega,
cap_001907,2026-09-18T11:49:00.230,horizontal,,,0,3,0.9521,YOLO-omega,
cap_001908,2026-09-18T11:49:00.356,horizontal,,,0,4,0.9689,YOLO-omega,
cap_001909,2026-09-18T11:49:00.453,horizontal,,,0,4,0.9611,YOLO-omega,
cap_001910,2026-09-18T11:49:00.582,horizontal,,,0,4,0.9575,YOLO-omega,
cap_001911,2026-09-18T11:49:00.708,horizontal,,,0,4,0.9574,YOLO-omega,
cap_001912,2026-09-18T11:49:00.804,horizontal,,,0,4,0.9532,YOLO-omega,
cap_001913,2026-09-18T11:49:00.935,horizontal,,,0,4,0.9438,YOLO-omega,
cap_001914,2026-09-18T11:49:01.029,horizontal,,,0,4,0.9473,YOLO-omega,
cap_001915,2026-09-18T11:49:01.157,horizontal,,,0,4,0.9457,YOLO-omega,
cap_001916,2026-09-18T11:49:01.253,horizontal,,,0,4,0.9448,YOLO-omega,
cap_001917,2026-09-18T11:49:01.382,horizontal,,,0,4,0.9416,YOLO-omega,
cap_001918,2026-09-18T11:49:01.478,horizontal,,,0,4,0.9435,YOLO-omega,
cap_001919,2026-09-18T11:49:01.605,horizontal,,,0,4,0.9425,YOLO-omega,
cap_001920,2026-09-18T11:49:01.732,horizontal,,,0,4,0.9424,YOLO-omega,
cap_001921,2026-09-18T11:49:01.829,horizontal,,,0,4,0.9441,YOLO-omega,
cap_001922,2026-09-18T11:49:01.959,horizontal,,,0,4,0.9470,YOLO-omega,
cap_001923,2026-09-18T11:49:02.054,horizontal,,,0,4,0.9455,YOLO-omega,
cap_001924,2026-09-18T11:49:02.182,horizontal,,,0,4,0.9430,YOLO-omega,
cap_001925,2026-09-18T11:49:02.278,horizontal,,,0,4,0.9408,YOLO-omega,
cap_001926,2026-09-18T11:49:02.406,horizontal,,,0,3,0.9411,YOLO-omega,
cap_001927,2026-09-18T11:49:02.504,horizontal,,,0,4,0.9428,YOLO-omega,
cap_001928,2026-09-18T11:49:02.630,horizontal,,,0,4,0.9425,YOLO-omega,
cap_001929,2026-09-18T11:49:02.757,horizontal,,,0,4,0.9425,YOLO-omega,
cap_001930,2026-09-18T11:49:02.855,horizontal,,,0,4,0.9445,YOLO-omega,
cap_001931,2026-09-18T11:49:02.981,horizontal,,,0,4,0.9444,YOLO-omega,
cap_001932,2026-09-18T11:49:03.078,horizontal,,,0,4,0.9424,YOLO-omega,
cap_001933,2026-09-18T11:49:03.207,horizontal,,,0,4,0.9436,YOLO-omega,
cap_001934,2026-09-18T11:49:03.304,horizontal,,,0,4,0.9460,YOLO-omega,
cap_001935,2026-09-18T11:49:03.431,horizontal,,,0,4,0.9455,YOLO-omega,
cap_001936,2026-09-18T11:49:03.559,horizontal,,,0,4,0.9460,YOLO-omega,
cap_001937,2026-09-18T11:49:03.659,horizontal,,,0,3,0.9451,YOLO-omega,
cap_001938,2026-09-18T11:49:03.780,horizontal,,,0,4,0.9464,YOLO-omega,
cap_001939,2026-09-18T11:49:03.878,horizontal,,,0,4,0.9447,YOLO-omega,
cap_001940,2026-09-18T11:49:04.006,horizontal,,,0,3,0.9469,YOLO-omega,
cap_001941,2026-09-18T11:49:04.101,horizontal,,,0,4,0.9469,YOLO-omega,
cap_001942,2026-09-18T11:49:04.246,horizontal,,,0,4,0.9414,YOLO-omega,
cap_001943,2026-09-18T11:49:04.328,horizontal,,,0,4,0.9440,YOLO-omega,
cap_001944,2026-09-18T11:49:04.457,horizontal,,,0,4,0.9446,YOLO-omega,
cap_001945,2026-09-18T11:49:04.582,horizontal,,,0,4,0.9449,YOLO-omega,
cap_001946,2026-09-18T11:49:04.677,horizontal,,,0,3,0.9475,YOLO-omega,
cap_001947,2026-09-18T11:49:04.806,horizontal,,,0,4,0.9470,YOLO-omega,
cap_001948,2026-09-18T11:49:04.901,horizontal,,,0,4,0.9466,YOLO-omega,
cap_001949,2026-09-18T11:49:05.034,horizontal,,,0,4,0.9459,YOLO-omega,
cap_001950,2026-09-18T11:49:05.129,horizontal,,,0,4,0.9390,YOLO-omega,
cap_001951,2026-09-18T11:49:05.255,horizontal,,,0,4,0.9398,YOLO-omega,
cap_001952,2026-09-18T11:49:05.381,horizontal,,,0,4,0.9422,YOLO-omega,
cap_001953,2026-09-18T11:49:05.477,horizontal,,,0,4,0.9412,YOLO-omega,
cap_001954,2026-09-18T11:49:05.607,horizontal,,,0,4,0.9349,YOLO-omega,
cap_001955,2026-09-18T11:49:05.702,horizontal,,,0,4,0.9364,YOLO-omega,
cap_001956,2026-09-18T11:49:05.831,horizontal,,,0,4,0.9390,YOLO-omega,
cap_001957,2026-09-18T11:49:05.928,horizontal,,,0,4,0.9353,YOLO-omega,
cap_001958,2026-09-18T11:49:06.053,horizontal,,,0,4,0.9398,YOLO-omega,
cap_001959,2026-09-18T11:49:06.148,horizontal,,,0,4,0.9409,YOLO-omega,
cap_001960,2026-09-18T11:49:06.277,horizontal,,,0,4,0.9410,YOLO-omega,
cap_001961,2026-09-18T11:49:06.406,horizontal,,,0,4,0.9399,YOLO-omega,
cap_001962,2026-09-18T11:49:06.502,horizontal,,,0,4,0.9392,YOLO-omega,
cap_001963,2026-09-18T11:49:06.630,horizontal,,,0,4,0.9389,YOLO-omega,
cap_001964,2026-09-18T11:49:06.725,horizontal,,,0,4,0.9427,YOLO-omega,
cap_001965,2026-09-18T11:49:06.854,horizontal,,,0,4,0.9412,YOLO-omega,
cap_001966,2026-09-18T11:49:06.948,horizontal,,,0,4,0.9410,YOLO-omega,
cap_001967,2026-09-18T11:49:07.076,horizontal,,,0,4,0.9444,YOLO-omega,
cap_001968,2026-09-18T11:49:07.174,horizontal,,,0,4,0.9458,YOLO-omega,
cap_001969,2026-09-18T11:49:07.304,horizontal,,,0,4,0.9455,YOLO-omega,
cap_001970,2026-09-18T11:49:07.428,horizontal,,,0,4,0.9502,YOLO-omega,
cap_001971,2026-09-18T11:49:07.524,horizontal,,,0,4,0.9432,YOLO-omega,
cap_001972,2026-09-18T11:49:07.653,horizontal,,,0,4,0.9466,YOLO-omega,
cap_001973,2026-09-18T11:49:07.754,horizontal,,,0,4,0.9446,YOLO-omega,
cap_001974,2026-09-18T11:49:07.879,horizontal,,,0,4,0.9622,YOLO-omega,
cap_001975,2026-09-18T11:49:07.983,horizontal,,,0,4,0.9589,YOLO-omega,
cap_001976,2026-09-18T11:49:08.102,horizontal,,,0,4,0.9461,YOLO-omega,
cap_001977,2026-09-18T11:49:08.230,horizontal,,,0,4,0.9442,YOLO-omega,
cap_001978,2026-09-18T11:49:08.324,horizontal,,,0,4,0.9422,YOLO-omega,
cap_001979,2026-09-18T11:49:08.454,horizontal,,,0,4,0.9403,YOLO-omega,
cap_001980,2026-09-18T11:49:08.549,horizontal,,,0,4,0.9593,YOLO-omega,
cap_001981,2026-09-18T11:49:08.679,horizontal,,,0,4,0.9494,YOLO-omega,
cap_001982,2026-09-18T11:49:08.773,horizontal,,,0,4,0.9457,YOLO-omega,
cap_001983,2026-09-18T11:49:08.902,horizontal,,,0,4,0.9452,YOLO-omega,
cap_001984,2026-09-18T11:49:08.997,horizontal,,,0,4,0.9462,YOLO-omega,
cap_001985,2026-09-18T11:49:09.126,horizontal,,,0,4,0.9422,YOLO-omega,
cap_001986,2026-09-18T11:49:09.254,horizontal,,,0,4,0.9434,YOLO-omega,
cap_001987,2026-09-18T11:49:09.349,horizontal,,,0,4,0.9440,YOLO-omega,
cap_001988,2026-09-18T11:49:09.477,horizontal,,,0,4,0.9418,YOLO-omega,
cap_001989,2026-09-18T11:49:09.575,horizontal,,,0,4,0.9485,YOLO-omega,
cap_001990,2026-09-18T11:49:09.701,horizontal,,,0,4,0.9416,YOLO-omega,
cap_001991,2026-09-18T11:49:09.797,horizontal,,,0,4,0.9472,YOLO-omega,
cap_001992,2026-09-18T11:49:09.926,horizontal,,,0,4,0.9396,YOLO-omega,
cap_001993,2026-09-18T11:49:10.053,horizontal,,,0,3,0.9396,YOLO-omega,
cap_001994,2026-09-18T11:49:10.150,horizontal,,,0,4,0.9476,YOLO-omega,
cap_001995,2026-09-18T11:49:10.276,horizontal,,,0,4,0.9599,YOLO-omega,
cap_001996,2026-09-18T11:49:10.376,horizontal,,,0,4,0.9397,YOLO-omega,
cap_001997,2026-09-18T11:49:10.503,horizontal,,,0,4,0.9388,YOLO-omega,
cap_001998,2026-09-18T11:49:10.599,horizontal,,,0,4,0.9369,YOLO-omega,
cap_001999,2026-09-18T11:49:10.726,horizontal,,,0,4,0.9378,YOLO-omega,
cap_002000,2026-09-18T11:49:10.821,horizontal,,,0,4,0.9335,YOLO-omega,
cap_002001,2026-09-18T11:49:10.949,horizontal,,,0,5,0.9415,YOLO-omega,
cap_002002,2026-09-18T11:49:11.076,horizontal,,,0,5,0.9405,YOLO-omega,
cap_002003,2026-09-18T11:49:11.174,horizontal,,,0,4,0.9349,YOLO-omega,
cap_002004,2026-09-18T11:49:11.301,horizontal,,,0,4,0.9331,YOLO-omega,
cap_002005,2026-09-18T11:49:11.397,horizontal,,,0,4,0.9394,YOLO-omega,
cap_002006,2026-09-18T11:49:11.524,horizontal,,,0,4,0.9411,YOLO-omega,
cap_002007,2026-09-18T11:49:11.622,horizontal,,,0,4,0.9485,YOLO-omega,
cap_002008,2026-09-18T11:49:11.756,horizontal,,,0,4,0.9428,YOLO-omega,
cap_002009,2026-09-18T11:49:11.883,horizontal,,,0,4,0.9389,YOLO-omega,
cap_002010,2026-09-18T11:49:11.976,horizontal,,,0,4,0.9373,YOLO-omega,
cap_002011,2026-09-18T11:49:12.102,horizontal,,,0,4,0.9318,YOLO-omega,
cap_002012,2026-09-18T11:49:12.201,horizontal,,,0,4,0.9270,YOLO-omega,
cap_002013,2026-09-18T11:49:12.326,horizontal,,,0,4,0.9340,YOLO-omega,
cap_002014,2026-09-18T11:49:12.424,horizontal,,,0,4,0.9334,YOLO-omega,
cap_002015,2026-09-18T11:49:12.556,horizontal,,,0,4,0.9336,YOLO-omega,
cap_002016,2026-09-18T11:49:12.650,horizontal,,,0,4,0.9366,YOLO-omega,
cap_002017,2026-09-18T11:49:12.775,horizontal,,,0,4,0.9403,YOLO-omega,
cap_002018,2026-09-18T11:49:12.904,horizontal,,,0,4,0.9426,YOLO-omega,
cap_002019,2026-09-18T11:49:12.999,horizontal,,,0,4,0.9461,YOLO-omega,
cap_002020,2026-09-18T11:49:13.130,horizontal,,,0,5,0.9449,YOLO-omega,
cap_002021,2026-09-18T11:49:13.226,horizontal,,,0,4,0.9426,YOLO-omega,
cap_002022,2026-09-18T11:49:13.354,horizontal,,,0,5,0.9436,YOLO-omega,
cap_002023,2026-09-18T11:49:13.449,horizontal,,,0,5,0.9450,YOLO-omega,
cap_002024,2026-09-18T11:49:13.576,horizontal,,,0,5,0.9411,YOLO-omega,
cap_002025,2026-09-18T11:49:13.672,horizontal,,,0,4,0.9362,YOLO-omega,
cap_002026,2026-09-18T11:49:13.799,horizontal,,,0,4,0.9391,YOLO-omega,
cap_002027,2026-09-18T11:49:13.925,horizontal,,,0,4,0.9382,YOLO-omega,
cap_002028,2026-09-18T11:49:14.023,horizontal,,,0,4,0.9362,YOLO-omega,
cap_002029,2026-09-18T11:49:14.151,horizontal,,,0,4,0.9379,YOLO-omega,
cap_002030,2026-09-18T11:49:14.248,horizontal,,,0,4,0.9383,YOLO-omega,
cap_002031,2026-09-18T11:49:14.374,horizontal,,,0,4,0.9380,YOLO-omega,
cap_002032,2026-09-18T11:49:14.470,horizontal,,,0,4,0.9386,YOLO-omega,
cap_002033,2026-09-18T11:49:14.597,horizontal,,,0,4,0.9425,YOLO-omega,
cap_002034,2026-09-18T11:49:14.724,horizontal,,,0,4,0.9478,YOLO-omega,
cap_002035,2026-09-18T11:49:14.821,horizontal,,,0,4,0.9574,YOLO-omega,
cap_002036,2026-09-18T11:49:14.950,horizontal,,,0,4,0.9451,YOLO-omega,
cap_002037,2026-09-18T11:49:15.045,horizontal,,,0,4,0.9444,YOLO-omega,
cap_002038,2026-09-18T11:49:15.175,horizontal,,,0,4,0.9432,YOLO-omega,
cap_002039,2026-09-18T11:49:15.269,horizontal,,,0,5,0.9458,YOLO-omega,
cap_002040,2026-09-18T11:49:15.398,horizontal,,,0,4,0.9437,YOLO-omega,
cap_002041,2026-09-18T11:49:15.495,horizontal,,,0,4,0.9430,YOLO-omega,
cap_002042,2026-09-18T11:49:15.620,horizontal,,,0,4,0.9465,YOLO-omega,
cap_002043,2026-09-18T11:49:15.751,horizontal,,,0,4,0.9465,YOLO-omega,
cap_002044,2026-09-18T11:49:15.846,horizontal,,,0,4,0.9439,YOLO-omega,
cap_002045,2026-09-18T11:49:15.972,horizontal,,,0,4,0.9460,YOLO-omega,
cap_002046,2026-09-18T11:49:16.070,horizontal,,,0,4,0.9455,YOLO-omega,
cap_002047,2026-09-18T11:49:16.199,horizontal,,,0,4,0.9458,YOLO-omega,
cap_002048,2026-09-18T11:49:16.292,horizontal,,,0,4,0.9465,YOLO-omega,
cap_002049,2026-09-18T11:49:16.421,horizontal,,,0,4,0.9435,YOLO-omega,
cap_002050,2026-09-18T11:49:16.549,horizontal,,,0,4,0.9466,YOLO-omega,
cap_002051,2026-09-18T11:49:16.646,horizontal,,,0,4,0.9471,YOLO-omega,
cap_002052,2026-09-18T11:49:16.773,horizontal,,,0,4,0.9467,YOLO-omega,
cap_002053,2026-09-18T11:49:16.868,horizontal,,,0,4,0.9444,YOLO-omega,
cap_002054,2026-09-18T11:49:16.998,horizontal,,,0,4,0.9436,YOLO-omega,
cap_002055,2026-09-18T11:49:17.095,horizontal,,,0,4,0.9427,YOLO-omega,
cap_002056,2026-09-18T11:49:17.221,horizontal,,,0,4,0.9413,YOLO-omega,
cap_002057,2026-09-18T11:49:17.318,horizontal,,,0,4,0.9440,YOLO-omega,
cap_002058,2026-09-18T11:49:17.447,horizontal,,,0,4,0.9436,YOLO-omega,
cap_002059,2026-09-18T11:49:17.573,horizontal,,,0,4,0.9448,YOLO-omega,
cap_002060,2026-09-18T11:49:17.668,horizontal,,,0,4,0.9442,YOLO-omega,
cap_002061,2026-09-18T11:49:17.799,horizontal,,,0,4,0.9445,YOLO-omega,
cap_002062,2026-09-18T11:49:17.893,horizontal,,,0,4,0.9427,YOLO-omega,
cap_002063,2026-09-18T11:49:18.021,horizontal,,,0,4,0.9425,YOLO-omega,
cap_002064,2026-09-18T11:49:18.119,horizontal,,,0,4,0.9444,YOLO-omega,
cap_002065,2026-09-18T11:49:18.244,horizontal,,,0,4,0.9449,YOLO-omega,
cap_002066,2026-09-18T11:49:18.374,horizontal,,,0,3,0.9465,YOLO-omega,
cap_002067,2026-09-18T11:49:18.472,horizontal,,,0,3,0.9410,YOLO-omega,
cap_002068,2026-09-18T11:49:18.601,horizontal,,,0,3,0.9438,YOLO-omega,
cap_002069,2026-09-18T11:49:18.697,horizontal,,,0,4,0.9461,YOLO-omega,
cap_002070,2026-09-18T11:49:18.822,horizontal,,,0,4,0.9479,YOLO-omega,
cap_002071,2026-09-18T11:49:18.917,horizontal,,,0,4,0.9456,YOLO-omega,
cap_002072,2026-09-18T11:49:19.044,horizontal,,,0,4,0.9496,YOLO-omega,
cap_002073,2026-09-18T11:49:19.141,horizontal,,,0,4,0.9426,YOLO-omega,
cap_002074,2026-09-18T11:49:19.279,horizontal,,,0,4,0.9442,YOLO-omega,
cap_002075,2026-09-18T11:49:19.401,horizontal,,,0,3,0.9445,YOLO-omega,
cap_002076,2026-09-18T11:49:19.495,horizontal,,,0,4,0.9476,YOLO-omega,
cap_002077,2026-09-18T11:49:19.622,horizontal,,,0,4,0.9457,YOLO-omega,
cap_002078,2026-09-18T11:49:19.718,horizontal,,,0,3,0.9452,YOLO-omega,
cap_002079,2026-09-18T11:49:19.845,horizontal,,,0,3,0.9462,YOLO-omega,
cap_002080,2026-09-18T11:49:19.941,horizontal,,,0,3,0.9421,YOLO-omega,
cap_002081,2026-09-18T11:49:20.076,horizontal,,,0,3,0.9396,YOLO-omega,
cap_002082,2026-09-18T11:49:20.169,horizontal,,,0,3,0.9406,YOLO-omega,
cap_002083,2026-09-18T11:49:20.293,horizontal,,,0,3,0.9366,YOLO-omega,
cap_002084,2026-09-18T11:49:20.420,horizontal,,,0,3,0.9367,YOLO-omega,
cap_002085,2026-09-18T11:49:20.517,horizontal,,,0,3,0.9395,YOLO-omega,
cap_002086,2026-09-18T11:49:20.646,horizontal,,,0,3,0.9402,YOLO-omega,
cap_002087,2026-09-18T11:49:20.742,horizontal,,,0,3,0.9416,YOLO-omega,
cap_002088,2026-09-18T11:49:20.870,horizontal,,,0,3,0.9449,YOLO-omega,
cap_002089,2026-09-18T11:49:20.967,horizontal,,,0,3,0.9425,YOLO-omega,
cap_002090,2026-09-18T11:49:21.095,horizontal,,,0,3,0.9452,YOLO-omega,
cap_002091,2026-09-18T11:49:21.221,horizontal,,,0,3,0.9444,YOLO-omega,
cap_002092,2026-09-18T11:49:21.318,horizontal,,,0,3,0.9447,YOLO-omega,
cap_002093,2026-09-18T11:49:21.448,horizontal,,,0,3,0.9394,YOLO-omega,
cap_002094,2026-09-18T11:49:21.545,horizontal,,,0,3,0.9399,YOLO-omega,
cap_002095,2026-09-18T11:49:21.675,horizontal,,,0,4,0.9404,YOLO-omega,
cap_002096,2026-09-18T11:49:21.771,horizontal,,,0,3,0.9378,YOLO-omega,
cap_002097,2026-09-18T11:49:21.898,horizontal,,,0,4,0.9411,YOLO-omega,
cap_002098,2026-09-18T11:49:21.991,horizontal,,,0,3,0.9415,YOLO-omega,
cap_002099,2026-09-18T11:49:22.122,horizontal,,,0,3,0.9436,YOLO-omega,
cap_002100,2026-09-18T11:49:22.249,horizontal,,,0,3,0.9436,YOLO-omega,
cap_002101,2026-09-18T11:49:22.344,horizontal,,,0,3,0.9454,YOLO-omega,
cap_002102,2026-09-18T11:49:22.474,horizontal,,,0,3,0.9444,YOLO-omega,
cap_002103,2026-09-18T11:49:22.569,horizontal,,,0,3,0.9476,YOLO-omega,
cap_002104,2026-09-18T11:49:22.696,horizontal,,,0,3,0.9454,YOLO-omega,
cap_002105,2026-09-18T11:49:22.793,horizontal,,,0,3,0.9443,YOLO-omega,
cap_002106,2026-09-18T11:49:22.922,horizontal,,,0,3,0.9431,YOLO-omega,
cap_002107,2026-09-18T11:49:23.050,horizontal,,,0,3,0.9412,YOLO-omega,
cap_002108,2026-09-18T11:49:23.149,horizontal,,,0,3,0.9419,YOLO-omega,
cap_002109,2026-09-18T11:49:23.274,horizontal,,,0,3,0.9439,YOLO-omega,
cap_002110,2026-09-18T11:49:23.372,horizontal,,,0,3,0.9462,YOLO-omega,
cap_002111,2026-09-18T11:49:23.503,horizontal,,,0,3,0.9437,YOLO-omega,
cap_002112,2026-09-18T11:49:23.596,horizontal,,,0,3,0.9444,YOLO-omega,
cap_002113,2026-09-18T11:49:23.723,horizontal,,,0,4,0.9428,YOLO-omega,
cap_002114,2026-09-18T11:49:23.821,horizontal,,,0,3,0.9473,YOLO-omega,
cap_002115,2026-09-18T11:49:23.951,horizontal,,,0,3,0.9389,YOLO-omega,
cap_002116,2026-09-18T11:49:24.076,horizontal,,,0,3,0.9397,YOLO-omega,
cap_002117,2026-09-18T11:49:24.172,horizontal,,,0,3,0.9385,YOLO-omega,
cap_002118,2026-09-18T11:49:24.298,horizontal,,,0,3,0.9409,YOLO-omega,
cap_002119,2026-09-18T11:49:24.395,horizontal,,,0,3,0.9368,YOLO-omega,
cap_002120,2026-09-18T11:49:24.523,horizontal,,,0,3,0.9379,YOLO-omega,
cap_002121,2026-09-18T11:49:24.617,horizontal,,,0,4,0.9357,YOLO-omega,
cap_002122,2026-09-18T11:49:24.745,horizontal,,,0,3,0.9393,YOLO-omega,
cap_002123,2026-09-18T11:49:24.873,horizontal,,,0,4,0.9399,YOLO-omega,
cap_002124,2026-09-18T11:49:24.970,horizontal,,,0,3,0.9400,YOLO-omega,
cap_002125,2026-09-18T11:49:25.100,horizontal,,,0,3,0.9408,YOLO-omega,
cap_002126,2026-09-18T11:49:25.193,horizontal,,,0,3,0.9402,YOLO-omega,
cap_002127,2026-09-18T11:49:25.320,horizontal,,,0,3,0.9398,YOLO-omega,
cap_002128,2026-09-18T11:49:25.416,horizontal,,,0,3,0.9405,YOLO-omega,
cap_002129,2026-09-18T11:49:25.548,horizontal,,,0,3,0.9405,YOLO-omega,
cap_002130,2026-09-18T11:49:25.640,horizontal,,,0,3,0.9387,YOLO-omega,
cap_002131,2026-09-18T11:49:25.767,horizontal,,,0,3,0.9430,YOLO-omega,
cap_002132,2026-09-18T11:49:25.894,horizontal,,,0,4,0.9374,YOLO-omega,
cap_002133,2026-09-18T11:49:25.991,horizontal,,,0,4,0.9547,YOLO-omega,
cap_002134,2026-09-18T11:49:26.120,horizontal,,,0,4,0.9406,YOLO-omega,
cap_002135,2026-09-18T11:49:26.213,horizontal,,,0,4,0.9405,YOLO-omega,
cap_002136,2026-09-18T11:49:26.342,horizontal,,,0,4,0.9429,YOLO-omega,
cap_002137,2026-09-18T11:49:26.437,horizontal,,,0,4,0.9508,YOLO-omega,
cap_002138,2026-09-18T11:49:26.566,horizontal,,,0,4,0.9442,YOLO-omega,
cap_002139,2026-09-18T11:49:26.664,horizontal,,,0,4,0.9526,YOLO-omega,
cap_002140,2026-09-18T11:49:26.793,horizontal,,,0,4,0.9413,YOLO-omega,
cap_002141,2026-09-18T11:49:26.919,horizontal,,,0,3,0.9459,YOLO-omega,
cap_002142,2026-09-18T11:49:27.012,horizontal,,,0,3,0.9444,YOLO-omega,
cap_002143,2026-09-18T11:49:27.142,horizontal,,,0,5,0.9424,YOLO-omega,
cap_002144,2026-09-18T11:49:27.240,horizontal,,,0,5,0.9294,YOLO-omega,
cap_002145,2026-09-18T11:49:27.370,horizontal,,,0,5,0.9344,YOLO-omega,
cap_002146,2026-09-18T11:49:27.467,horizontal,,,0,5,0.9328,YOLO-omega,
cap_002147,2026-09-18T11:49:27.591,horizontal,,,0,4,0.9311,YOLO-omega,
cap_002148,2026-09-18T11:49:27.719,horizontal,,,0,4,0.9310,YOLO-omega,
cap_002149,2026-09-18T11:49:27.815,horizontal,,,0,4,0.9294,YOLO-omega,
cap_002150,2026-09-18T11:49:27.944,horizontal,,,0,5,0.9341,YOLO-omega,
cap_002151,2026-09-18T11:49:28.038,horizontal,,,0,5,0.9306,YOLO-omega,
cap_002152,2026-09-18T11:49:28.165,horizontal,,,0,5,0.9285,YOLO-omega,
cap_002153,2026-09-18T11:49:28.261,horizontal,,,0,3,0.9335,YOLO-omega,
cap_002154,2026-09-18T11:49:28.389,horizontal,,,0,3,0.9250,YOLO-omega,
cap_002155,2026-09-18T11:49:28.486,horizontal,,,0,3,0.9186,YOLO-omega,
cap_002156,2026-09-18T11:49:28.614,horizontal,,,0,4,0.9211,YOLO-omega,
cap_002157,2026-09-18T11:49:28.742,horizontal,,,0,3,0.9233,YOLO-omega,
cap_002158,2026-09-18T11:49:28.836,horizontal,,,0,4,0.9289,YOLO-omega,
cap_002159,2026-09-18T11:49:28.965,horizontal,,,0,4,0.9284,YOLO-omega,
cap_002160,2026-09-18T11:49:29.060,horizontal,,,0,3,0.9283,YOLO-omega,
cap_002161,2026-09-18T11:49:29.191,horizontal,,,0,4,0.9324,YOLO-omega,
cap_002162,2026-09-18T11:49:29.289,horizontal,,,0,4,0.9302,YOLO-omega,
cap_002163,2026-09-18T11:49:29.415,horizontal,,,0,3,0.9362,YOLO-omega,
cap_002164,2026-09-18T11:49:29.545,horizontal,,,0,3,0.9388,YOLO-omega,
cap_002165,2026-09-18T11:49:29.643,horizontal,,,0,4,0.9386,YOLO-omega,
cap_002166,2026-09-18T11:49:29.771,horizontal,,,0,4,0.9375,YOLO-omega,
cap_002167,2026-09-18T11:49:29.863,horizontal,,,0,4,0.9389,YOLO-omega,
cap_002168,2026-09-18T11:49:29.991,horizontal,,,0,4,0.9384,YOLO-omega,
cap_002169,2026-09-18T11:49:30.086,horizontal,,,0,3,0.9391,YOLO-omega,
cap_002170,2026-09-18T11:49:30.212,horizontal,,,0,3,0.9389,YOLO-omega,
cap_002171,2026-09-18T11:49:30.310,horizontal,,,0,3,0.9332,YOLO-omega,
cap_002172,2026-09-18T11:49:30.437,horizontal,,,0,3,0.9352,YOLO-omega,
cap_002173,2026-09-18T11:49:30.565,horizontal,,,0,3,0.9340,YOLO-omega,
cap_002174,2026-09-18T11:49:30.664,horizontal,,,0,3,0.9353,YOLO-omega,
cap_002175,2026-09-18T11:49:30.788,horizontal,,,0,3,0.9373,YOLO-omega,
cap_002176,2026-09-18T11:49:30.886,horizontal,,,0,3,0.9411,YOLO-omega,
cap_002177,2026-09-18T11:49:31.012,horizontal,,,0,3,0.9374,YOLO-omega,
cap_002178,2026-09-18T11:49:31.109,horizontal,,,0,3,0.9368,YOLO-omega,
cap_002179,2026-09-18T11:49:31.238,horizontal,,,0,3,0.9395,YOLO-omega,
cap_002180,2026-09-18T11:49:31.370,horizontal,,,0,3,0.9367,YOLO-omega,
cap_002181,2026-09-18T11:49:31.465,horizontal,,,0,4,0.9367,YOLO-omega,
cap_002182,2026-09-18T11:49:31.590,horizontal,,,0,4,0.9386,YOLO-omega,
cap_002183,2026-09-18T11:49:31.688,horizontal,,,0,4,0.9385,YOLO-omega,
cap_002184,2026-09-18T11:49:31.813,horizontal,,,0,4,0.9351,YOLO-omega,
cap_002185,2026-09-18T11:49:31.912,horizontal,,,0,4,0.9434,YOLO-omega,
cap_002186,2026-09-18T11:49:32.045,horizontal,,,0,5,0.9448,YOLO-omega,
cap_002187,2026-09-18T11:49:32.136,horizontal,,,0,4,0.9458,YOLO-omega,
cap_002188,2026-09-18T11:49:32.263,horizontal,,,0,5,0.9452,YOLO-omega,
