file,timestamp,view,background,threshold,n_det,omega_count,omega_score,flags,note
cap_000000,2026-09-22T14:45:00.522,horizontal,,,0,11,0.9050,YOLO-omega,
cap_000001,2026-09-22T14:45:00.634,horizontal,,,0,9,0.9101,YOLO-omega,
cap_000002,2026-09-22T14:45:00.728,horizontal,,,0,9,0.8996,YOLO-omega,
cap_000003,2026-09-22T14:45:00.856,horizontal,,,0,10,0.9048,YOLO-omega,
cap_000004,2026-09-22T14:45:00.952,horizontal,,,0,10,0.9042,YOLO-omega,
cap_000005,2026-09-22T14:45:01.084,horizontal,,,0,9,0.9120,YOLO-omega,
cap_000006,2026-09-22T14:45:01.222,horizontal,,,0,9,0.9060,YOLO-omega,
cap_000007,2026-09-22T14:45:01.307,horizontal,,,0,11,0.9034,YOLO-omega,
cap_000008,2026-09-22T14:45:01.434,horizontal,,,0,11,0.8914,YOLO-omega,
cap_000009,2026-09-22T14:45:01.541,horizontal,,,0,11,0.9076,YOLO-omega,
cap_000010,2026-09-22T14:45:01.658,horizontal,,,0,9,0.9049,YOLO-omega,
cap_000011,2026-09-22T14:45:01.759,horizontal,,,0,11,0.9033,YOLO-omega,
cap_000012,2026-09-22T14:45:01.883,horizontal,,,0,11,0.9024,YOLO-omega,
cap_000013,2026-09-22T14:45:01.981,horizontal,,,0,8,0.9029,YOLO-omega,
cap_000014,2026-09-22T14:45:02.106,horizontal,,,0,8,0.9021,YOLO-omega,
cap_000015,2026-09-22T14:45:02.232,horizontal,,,0,8,0.8894,YOLO-omega,
cap_000016,2026-09-22T14:45:02.326,horizontal,,,0,5,0.8932,YOLO-omega,
cap_000017,2026-09-22T14:45:02.457,horizontal,,,0,7,0.8969,YOLO-omega,
cap_000018,2026-09-22T14:45:02.550,horizontal,,,0,7,0.8875,YOLO-omega,
cap_000019,2026-09-22T14:45:02.678,horizontal,,,0,7,0.8764,YOLO-omega,
cap_000020,2026-09-22T14:45:02.772,horizontal,,,0,7,0.8861,YOLO-omega,
cap_000021,2026-09-22T14:45:02.901,horizontal,,,0,9,0.8821,YOLO-omega,
cap_000022,2026-09-22T14:45:03.029,horizontal,,,0,9,0.8800,YOLO-omega,
cap_000023,2026-09-22T14:45:03.132,horizontal,,,0,9,0.8887,YOLO-omega,
cap_000024,2026-09-22T14:45:03.253,horizontal,,,0,9,0.8735,YOLO-omega,
cap_000025,2026-09-22T14:45:03.353,horizontal,,,0,8,0.8714,YOLO-omega,
cap_000026,2026-09-22T14:45:03.518,horizontal,,,0,8,0.8708,YOLO-omega,
cap_000027,2026-09-22T14:45:03.596,horizontal,,,0,10,0.8768,YOLO-omega,
cap_000028,2026-09-22T14:45:03.703,horizontal,,,0,12,0.8738,YOLO-omega,
cap_000029,2026-09-22T14:45:03.800,horizontal,,,0,11,0.8776,YOLO-omega,
cap_000030,2026-09-22T14:45:03.925,horizontal,,,0,10,0.8859,YOLO-omega,
cap_000031,2026-09-22T14:45:04.057,horizontal,,,0,10,0.8878,YOLO-omega,
cap_000032,2026-09-22T14:45:04.149,horizontal,,,0,12,0.8923,YOLO-omega,
cap_000033,2026-09-22T14:45:04.278,horizontal,,,0,10,0.9035,YOLO-omega,
cap_000034,2026-09-22T14:45:04.376,horizontal,,,0,11,0.9073,YOLO-omega,
cap_000035,2026-09-22T14:45:04.511,horizontal,,,0,12,0.9113,YOLO-omega,
cap_000036,2026-09-22T14:45:04.603,horizontal,,,0,11,0.9128,YOLO-omega,
cap_000037,2026-09-22T14:45:04.731,horizontal,,,0,13,0.9198,YOLO-omega,
cap_000038,2026-09-22T14:45:04.825,horizontal,,,0,14,0.9108,YOLO-omega,
cap_000039,2026-09-22T14:45:04.949,horizontal,,,0,12,0.9130,YOLO-omega,
cap_000040,2026-09-22T14:45:05.079,horizontal,,,0,10,0.9093,YOLO-omega,
cap_000041,2026-09-22T14:45:05.171,horizontal,,,0,11,0.9182,YOLO-omega,
cap_000042,2026-09-22T14:45:05.301,horizontal,,,0,9,0.9203,YOLO-omega,
cap_000043,2026-09-22T14:45:05.398,horizontal,,,0,10,0.9190,YOLO-omega,
cap_000044,2026-09-22T14:45:05.526,horizontal,,,0,11,0.9105,YOLO-omega,
cap_000045,2026-09-22T14:45:05.623,horizontal,,,0,13,0.9068,YOLO-omega,
cap_000046,2026-09-22T14:45:05.752,horizontal,,,0,11,0.9096,YOLO-omega,
cap_000047,2026-09-22T14:45:05.881,horizontal,,,0,11,0.9069,YOLO-omega,
cap_000048,2026-09-22T14:45:05.977,horizontal,,,0,12,0.9043,YOLO-omega,
cap_000049,2026-09-22T14:45:06.106,horizontal,,,0,11,0.8897,YOLO-omega,
cap_000050,2026-09-22T14:45:06.205,horizontal,,,0,9,0.8886,YOLO-omega,
cap_000051,2026-09-22T14:45:06.333,horizontal,,,0,9,0.8914,YOLO-omega,
cap_000052,2026-09-22T14:45:06.422,horizontal,,,0,9,0.8965,YOLO-omega,
cap_000053,2026-09-22T14:45:06.548,horizontal,,,0,9,0.9011,YOLO-omega,
cap_000054,2026-09-22T14:45:06.646,horizontal,,,0,11,0.9085,YOLO-omega,
cap_000055,2026-09-22T14:45:06.773,horizontal,,,0,10,0.9043,YOLO-omega,
cap_000056,2026-09-22T14:45:06.903,horizontal,,,0,10,0.9119,YOLO-omega,
cap_000057,2026-09-22T14:45:07.000,horizontal,,,0,9,0.9150,YOLO-omega,
cap_000058,2026-09-22T14:45:07.125,horizontal,,,0,9,0.9130,YOLO-omega,
cap_000059,2026-09-22T14:45:07.223,horizontal,,,0,10,0.9082,YOLO-omega,
cap_000060,2026-09-22T14:45:07.349,horizontal,,,0,10,0.9111,YOLO-omega,
cap_000061,2026-09-22T14:45:07.448,horizontal,,,0,9,0.9121,YOLO-omega,
cap_000062,2026-09-22T14:45:07.576,horizontal,,,0,11,0.8983,YOLO-omega,
cap_000063,2026-09-22T14:45:07.701,horizontal,,,0,9,0.8975,YOLO-omega,
cap_000064,2026-09-22T14:45:07.801,horizontal,,,0,10,0.8947,YOLO-omega,
cap_000065,2026-09-22T14:45:07.924,horizontal,,,0,8,0.9103,YOLO-omega,
cap_000066,2026-09-22T14:45:08.023,horizontal,,,0,10,0.9099,YOLO-omega,
cap_000067,2026-09-22T14:45:08.146,horizontal,,,0,10,0.9084,YOLO-omega,
cap_000068,2026-09-22T14:45:08.247,horizontal,,,0,9,0.9064,YOLO-omega,
cap_000069,2026-09-22T14:45:08.374,horizontal,,,0,8,0.9078,YOLO-omega,
cap_000070,2026-09-22T14:45:08.472,horizontal,,,0,9,0.9069,YOLO-omega,
cap_000071,2026-09-22T14:45:08.597,horizontal,,,0,8,0.9091,YOLO-omega,
cap_000072,2026-09-22T14:45:08.725,horizontal,,,0,9,0.9074,YOLO-omega,
cap_000073,2026-09-22T14:45:08.825,horizontal,,,0,11,0.9082,YOLO-omega,
cap_000074,2026-09-22T14:45:08.956,horizontal,,,0,13,0.9155,YOLO-omega,
cap_000075,2026-09-22T14:45:09.048,horizontal,,,0,12,0.9139,YOLO-omega,
cap_000076,2026-09-22T14:45:09.176,horizontal,,,0,12,0.9140,YOLO-omega,
cap_000077,2026-09-22T14:45:09.274,horizontal,,,0,14,0.9102,YOLO-omega,
cap_000078,2026-09-22T14:45:09.401,horizontal,,,0,12,0.9129,YOLO-omega,
cap_000079,2026-09-22T14:45:09.534,horizontal,,,0,10,0.9203,YOLO-omega,
cap_000080,2026-09-22T14:45:09.625,horizontal,,,0,9,0.9201,YOLO-omega,
cap_000081,2026-09-22T14:45:09.751,horizontal,,,0,8,0.9167,YOLO-omega,
cap_000082,2026-09-22T14:45:09.860,horizontal,,,0,10,0.9121,YOLO-omega,
cap_000083,2026-09-22T14:45:09.973,horizontal,,,0,11,0.9072,YOLO-omega,
cap_000084,2026-09-22T14:45:10.069,horizontal,,,0,11,0.9134,YOLO-omega,
cap_000085,2026-09-22T14:45:10.198,horizontal,,,0,9,0.9100,YOLO-omega,
cap_000086,2026-09-22T14:45:10.294,horizontal,,,0,8,0.9166,YOLO-omega,
cap_000087,2026-09-22T14:45:10.421,horizontal,,,0,10,0.9092,YOLO-omega,
cap_000088,2026-09-22T14:45:10.555,horizontal,,,0,10,0.9041,YOLO-omega,
cap_000089,2026-09-22T14:45:10.656,horizontal,,,0,12,0.8932,YOLO-omega,
cap_000090,2026-09-22T14:45:10.776,horizontal,,,0,13,0.8821,YOLO-omega,
cap_000091,2026-09-22T14:45:10.872,horizontal,,,0,13,0.8877,YOLO-omega,
cap_000092,2026-09-22T14:45:11.004,horizontal,,,0,13,0.8917,YOLO-omega,
cap_000093,2026-09-22T14:45:11.096,horizontal,,,0,14,0.9039,YOLO-omega,
cap_000094,2026-09-22T14:45:11.225,horizontal,,,0,15,0.9069,YOLO-omega,
cap_000095,2026-09-22T14:45:11.323,horizontal,,,0,11,0.9023,YOLO-omega,
cap_000096,2026-09-22T14:45:11.471,horizontal,,,0,12,0.9068,YOLO-omega,
cap_000097,2026-09-22T14:45:11.581,horizontal,,,0,13,0.9093,YOLO-omega,
cap_000098,2026-09-22T14:45:11.674,horizontal,,,0,13,0.9109,YOLO-omega,
cap_000099,2026-09-22T14:45:11.802,horizontal,,,0,13,0.9144,YOLO-omega,
cap_000100,2026-09-22T14:45:11.893,horizontal,,,0,13,0.9189,YOLO-omega,
cap_000101,2026-09-22T14:45:12.025,horizontal,,,0,13,0.9073,YOLO-omega,
cap_000102,2026-09-22T14:45:12.121,horizontal,,,0,13,0.9083,YOLO-omega,
cap_000103,2026-09-22T14:45:12.247,horizontal,,,0,13,0.9114,YOLO-omega,
cap_000104,2026-09-22T14:45:12.375,horizontal,,,0,12,0.9172,YOLO-omega,
cap_000105,2026-09-22T14:45:12.471,horizontal,,,0,12,0.9168,YOLO-omega,
cap_000106,2026-09-22T14:45:12.603,horizontal,,,0,11,0.9195,YOLO-omega,
cap_000107,2026-09-22T14:45:12.700,horizontal,,,0,12,0.9165,YOLO-omega,
cap_000108,2026-09-22T14:45:12.838,horizontal,,,0,14,0.9144,YOLO-omega,
cap_000109,2026-09-22T14:45:12.927,horizontal,,,0,13,0.9127,YOLO-omega,
cap_000110,2026-09-22T14:45:13.058,horizontal,,,0,14,0.9136,YOLO-omega,
cap_000111,2026-09-22T14:45:13.150,horizontal,,,0,14,0.9129,YOLO-omega,
cap_000112,2026-09-22T14:45:13.277,horizontal,,,0,14,0.9130,YOLO-omega,
cap_000113,2026-09-22T14:45:13.411,horizontal,,,0,15,0.9071,YOLO-omega,
cap_000114,2026-09-22T14:45:13.514,horizontal,,,0,14,0.9142,YOLO-omega,
cap_000115,2026-09-22T14:45:13.635,horizontal,,,0,12,0.9042,YOLO-omega,
cap_000116,2026-09-22T14:45:13.724,horizontal,,,0,14,0.9114,YOLO-omega,
cap_000117,2026-09-22T14:45:13.854,horizontal,,,0,13,0.9104,YOLO-omega,
cap_000118,2026-09-22T14:45:13.949,horizontal,,,0,12,0.9037,YOLO-omega,
cap_000119,2026-09-22T14:45:14.085,horizontal,,,0,12,0.9090,YOLO-omega,
cap_000120,2026-09-22T14:45:14.210,horizontal,,,0,13,0.9006,YOLO-omega,
cap_000121,2026-09-22T14:45:14.304,horizontal,,,0,13,0.8969,YOLO-omega,
cap_000122,2026-09-22T14:45:14.432,horizontal,,,0,13,0.8814,YOLO-omega,
cap_000123,2026-09-22T14:45:14.527,horizontal,,,0,14,0.8898,YOLO-omega,
cap_000124,2026-09-22T14:45:14.657,horizontal,,,0,12,0.9034,YOLO-omega,
cap_000125,2026-09-22T14:45:14.748,horizontal,,,0,9,0.8904,YOLO-omega,
cap_000126,2026-09-22T14:45:14.885,horizontal,,,0,10,0.8934,YOLO-omega,
cap_000127,2026-09-22T14:45:14.976,horizontal,,,0,10,0.9096,YOLO-omega,
cap_000128,2026-09-22T14:45:15.099,horizontal,,,0,10,0.9108,YOLO-omega,
cap_000129,2026-09-22T14:45:15.225,horizontal,,,0,10,0.9117,YOLO-omega,
cap_000130,2026-09-22T14:45:15.319,horizontal,,,0,10,0.9141,YOLO-omega,
cap_000131,2026-09-22T14:45:15.468,horizontal,,,0,10,0.9051,YOLO-omega,
cap_000132,2026-09-22T14:45:15.583,horizontal,,,0,7,0.8992,YOLO-omega,
cap_000133,2026-09-22T14:45:15.687,horizontal,,,0,8,0.8891,YOLO-omega,
cap_000134,2026-09-22T14:45:15.781,horizontal,,,0,8,0.8915,YOLO-omega,
cap_000135,2026-09-22T14:45:15.918,horizontal,,,0,9,0.8847,YOLO-omega,
cap_000136,2026-09-22T14:45:16.044,horizontal,,,0,8,0.8887,YOLO-omega,
cap_000137,2026-09-22T14:45:16.149,horizontal,,,0,9,0.9015,YOLO-omega,
cap_000138,2026-09-22T14:45:16.267,horizontal,,,0,9,0.8995,YOLO-omega,
cap_000139,2026-09-22T14:45:16.439,horizontal,,,0,12,0.8974,YOLO-omega,
cap_000140,2026-09-22T14:45:16.527,horizontal,,,0,12,0.8943,YOLO-omega,
cap_000141,2026-09-22T14:45:16.609,horizontal,,,0,10,0.8971,YOLO-omega,
cap_000142,2026-09-22T14:45:16.700,horizontal,,,0,11,0.9004,YOLO-omega,
cap_000143,2026-09-22T14:45:16.808,horizontal,,,0,11,0.9011,YOLO-omega,
cap_000144,2026-09-22T14:45:16.921,horizontal,,,0,11,0.9019,YOLO-omega,
cap_000145,2026-09-22T14:45:17.052,horizontal,,,0,11,0.8992,YOLO-omega,
cap_000146,2026-09-22T14:45:17.152,horizontal,,,0,9,0.9040,YOLO-omega,
cap_000147,2026-09-22T14:45:17.271,horizontal,,,0,8,0.9043,YOLO-omega,
cap_000148,2026-09-22T14:45:17.367,horizontal,,,0,9,0.9036,YOLO-omega,
cap_000149,2026-09-22T14:45:17.497,horizontal,,,0,8,0.9025,YOLO-omega,
cap_000150,2026-09-22T14:45:17.589,horizontal,,,0,9,0.9075,YOLO-omega,
cap_000151,2026-09-22T14:45:17.715,horizontal,,,0,9,0.9054,YOLO-omega,
cap_000152,2026-09-22T14:45:17.816,horizontal,,,0,10,0.9075,YOLO-omega,
cap_000153,2026-09-22T14:45:17.946,horizontal,,,0,9,0.9073,YOLO-omega,
cap_000154,2026-09-22T14:45:18.078,horizontal,,,0,13,0.9024,YOLO-omega,
cap_000155,2026-09-22T14:45:18.172,horizontal,,,0,13,0.9021,YOLO-omega,
cap_000156,2026-09-22T14:45:18.302,horizontal,,,0,13,0.9055,YOLO-omega,
cap_000157,2026-09-22T14:45:18.400,horizontal,,,0,15,0.9058,YOLO-omega,
cap_000158,2026-09-22T14:45:18.528,horizontal,,,0,15,0.9048,YOLO-omega,
cap_000159,2026-09-22T14:45:18.622,horizontal,,,0,14,0.9094,YOLO-omega,
cap_000160,2026-09-22T14:45:18.748,horizontal,,,0,14,0.9093,YOLO-omega,
cap_000161,2026-09-22T14:45:18.874,horizontal,,,0,14,0.9096,YOLO-omega,
cap_000162,2026-09-22T14:45:18.971,horizontal,,,0,14,0.9098,YOLO-omega,
cap_000163,2026-09-22T14:45:19.100,horizontal,,,0,14,0.9171,YOLO-omega,
cap_000164,2026-09-22T14:45:19.193,horizontal,,,0,12,0.9049,YOLO-omega,
cap_000165,2026-09-22T14:45:19.317,horizontal,,,0,12,0.8980,YOLO-omega,
cap_000166,2026-09-22T14:45:19.413,horizontal,,,0,12,0.8995,YOLO-omega,
cap_000167,2026-09-22T14:45:19.543,horizontal,,,0,12,0.8959,YOLO-omega,
cap_000168,2026-09-22T14:45:19.638,horizontal,,,0,13,0.8987,YOLO-omega,
cap_000169,2026-09-22T14:45:19.769,horizontal,,,0,13,0.8930,YOLO-omega,
cap_000170,2026-09-22T14:45:19.895,horizontal,,,0,13,0.8976,YOLO-omega,
cap_000171,2026-09-22T14:45:19.990,horizontal,,,0,15,0.8984,YOLO-omega,
cap_000172,2026-09-22T14:45:20.117,horizontal,,,0,13,0.8947,YOLO-omega,
cap_000173,2026-09-22T14:45:20.217,horizontal,,,0,15,0.9084,YOLO-omega,
cap_000174,2026-09-22T14:45:20.341,horizontal,,,0,14,0.9189,YOLO-omega,
cap_000175,2026-09-22T14:45:20.441,horizontal,,,0,12,0.8991,YOLO-omega,
cap_000176,2026-09-22T14:45:20.566,horizontal,,,0,11,0.9180,YOLO-omega,
cap_000177,2026-09-22T14:45:20.691,horizontal,,,0,12,0.9122,YOLO-omega,
cap_000178,2026-09-22T14:45:20.787,horizontal,,,0,11,0.9034,YOLO-omega,
cap_000179,2026-09-22T14:45:20.920,horizontal,,,0,12,0.9146,YOLO-omega,
cap_000180,2026-09-22T14:45:21.014,horizontal,,,0,12,0.9260,YOLO-omega,
cap_000181,2026-09-22T14:45:21.142,horizontal,,,0,9,0.9282,YOLO-omega,
cap_000182,2026-09-22T14:45:21.240,horizontal,,,0,12,0.9287,YOLO-omega,
cap_000183,2026-09-22T14:45:21.363,horizontal,,,0,14,0.9189,YOLO-omega,
cap_000184,2026-09-22T14:45:21.462,horizontal,,,0,13,0.9204,YOLO-omega,
cap_000185,2026-09-22T14:45:21.590,horizontal,,,0,12,0.9218,YOLO-omega,
cap_000186,2026-09-22T14:45:21.720,horizontal,,,0,12,0.9201,YOLO-omega,
cap_000187,2026-09-22T14:45:21.813,horizontal,,,0,15,0.9214,YOLO-omega,
cap_000188,2026-09-22T14:45:21.943,horizontal,,,0,10,0.9210,YOLO-omega,
cap_000189,2026-09-22T14:45:22.042,horizontal,,,0,11,0.9212,YOLO-omega,
cap_000190,2026-09-22T14:45:22.167,horizontal,,,0,12,0.9194,YOLO-omega,
cap_000191,2026-09-22T14:45:22.262,horizontal,,,0,11,0.9234,YOLO-omega,
cap_000192,2026-09-22T14:45:22.392,horizontal,,,0,10,0.9221,YOLO-omega,
cap_000193,2026-09-22T14:45:22.524,horizontal,,,0,13,0.9243,YOLO-omega,
cap_000194,2026-09-22T14:45:22.617,horizontal,,,0,13,0.9220,YOLO-omega,
cap_000195,2026-09-22T14:45:22.760,horizontal,,,0,14,0.9203,YOLO-omega,
cap_000196,2026-09-22T14:45:22.837,horizontal,,,0,13,0.9217,YOLO-omega,
cap_000197,2026-09-22T14:45:22.967,horizontal,,,0,12,0.9210,YOLO-omega,
cap_000198,2026-09-22T14:45:23.067,horizontal,,,0,11,0.9193,YOLO-omega,
cap_000199,2026-09-22T14:45:23.192,horizontal,,,0,10,0.9198,YOLO-omega,
cap_000200,2026-09-22T14:45:23.289,horizontal,,,0,12,0.9196,YOLO-omega,
cap_000201,2026-09-22T14:45:23.416,horizontal,,,0,13,0.9195,YOLO-omega,
cap_000202,2026-09-22T14:45:23.541,horizontal,,,0,13,0.9183,YOLO-omega,
cap_000203,2026-09-22T14:45:23.639,horizontal,,,0,13,0.9181,YOLO-omega,
cap_000204,2026-09-22T14:45:23.769,horizontal,,,0,13,0.9187,YOLO-omega,
cap_000205,2026-09-22T14:45:23.884,horizontal,,,0,10,0.9148,YOLO-omega,
cap_000206,2026-09-22T14:45:23.996,horizontal,,,0,13,0.9198,YOLO-omega,
cap_000207,2026-09-22T14:45:24.088,horizontal,,,0,13,0.9223,YOLO-omega,
cap_000208,2026-09-22T14:45:24.216,horizontal,,,0,11,0.9204,YOLO-omega,
cap_000209,2026-09-22T14:45:24.310,horizontal,,,0,12,0.9218,YOLO-omega,
cap_000210,2026-09-22T14:45:24.439,horizontal,,,0,11,0.9266,YOLO-omega,
cap_000211,2026-09-22T14:45:24.567,horizontal,,,0,12,0.9283,YOLO-omega,
cap_000212,2026-09-22T14:45:24.663,horizontal,,,0,12,0.9259,YOLO-omega,
cap_000213,2026-09-22T14:45:24.792,horizontal,,,0,12,0.9210,YOLO-omega,
cap_000214,2026-09-22T14:45:24.887,horizontal,,,0,11,0.9222,YOLO-omega,
cap_000215,2026-09-22T14:45:25.013,horizontal,,,0,11,0.9199,YOLO-omega,
cap_000216,2026-09-22T14:45:25.111,horizontal,,,0,12,0.9203,YOLO-omega,
cap_000217,2026-09-22T14:45:25.240,horizontal,,,0,12,0.9222,YOLO-omega,
cap_000218,2026-09-22T14:45:25.363,horizontal,,,0,9,0.9197,YOLO-omega,
cap_000219,2026-09-22T14:45:25.462,horizontal,,,0,10,0.9159,YOLO-omega,
cap_000220,2026-09-22T14:45:25.588,horizontal,,,0,11,0.9142,YOLO-omega,
cap_000221,2026-09-22T14:45:25.686,horizontal,,,0,9,0.9157,YOLO-omega,
cap_000222,2026-09-22T14:45:25.810,horizontal,,,0,11,0.9146,YOLO-omega,
cap_000223,2026-09-22T14:45:25.913,horizontal,,,0,11,0.9143,YOLO-omega,
cap_000224,2026-09-22T14:45:26.039,horizontal,,,0,11,0.9133,YOLO-omega,
cap_000225,2026-09-22T14:45:26.134,horizontal,,,0,10,0.9132,YOLO-omega,
cap_000226,2026-09-22T14:45:26.262,horizontal,,,0,10,0.9160,YOLO-omega,
cap_000227,2026-09-22T14:45:26.390,horizontal,,,0,11,0.9187,YOLO-omega,
cap_000228,2026-09-22T14:45:26.485,horizontal,,,0,12,0.9198,YOLO-omega,
cap_000229,2026-09-22T14:45:26.613,horizontal,,,0,12,0.9187,YOLO-omega,
cap_000230,2026-09-22T14:45:26.710,horizontal,,,0,13,0.9182,YOLO-omega,
cap_000231,2026-09-22T14:45:26.839,horizontal,,,0,14,0.9219,YOLO-omega,
cap_000232,2026-09-22T14:45:26.938,horizontal,,,0,14,0.9210,YOLO-omega,
cap_000233,2026-09-22T14:45:27.062,horizontal,,,0,12,0.9263,YOLO-omega,
cap_000234,2026-09-22T14:45:27.188,horizontal,,,0,14,0.9187,YOLO-omega,
cap_000235,2026-09-22T14:45:27.286,horizontal,,,0,13,0.9201,YOLO-omega,
cap_000236,2026-09-22T14:45:27.411,horizontal,,,0,14,0.9234,YOLO-omega,
cap_000237,2026-09-22T14:45:27.510,horizontal,,,0,14,0.9198,YOLO-omega,
cap_000238,2026-09-22T14:45:27.637,horizontal,,,0,14,0.9225,YOLO-omega,
cap_000239,2026-09-22T14:45:27.736,horizontal,,,0,15,0.9218,YOLO-omega,
cap_000240,2026-09-22T14:45:27.862,horizontal,,,0,13,0.9168,YOLO-omega,
cap_000241,2026-09-22T14:45:27.958,horizontal,,,0,13,0.9193,YOLO-omega,
cap_000242,2026-09-22T14:45:28.085,horizontal,,,0,12,0.9230,YOLO-omega,
cap_000243,2026-09-22T14:45:28.216,horizontal,,,0,13,0.9188,YOLO-omega,
cap_000244,2026-09-22T14:45:28.309,horizontal,,,0,14,0.9159,YOLO-omega,
cap_000245,2026-09-22T14:45:28.435,horizontal,,,0,14,0.9152,YOLO-omega,
cap_000246,2026-09-22T14:45:28.534,horizontal,,,0,13,0.9168,YOLO-omega,
cap_000247,2026-09-22T14:45:28.662,horizontal,,,0,12,0.9183,YOLO-omega,
cap_000248,2026-09-22T14:45:28.757,horizontal,,,0,11,0.9243,YOLO-omega,
cap_000249,2026-09-22T14:45:28.887,horizontal,,,0,11,0.9196,YOLO-omega,
cap_000250,2026-09-22T14:45:29.013,horizontal,,,0,11,0.9209,YOLO-omega,
cap_000251,2026-09-22T14:45:29.121,horizontal,,,0,11,0.9187,YOLO-omega,
cap_000252,2026-09-22T14:45:29.236,horizontal,,,0,9,0.9139,YOLO-omega,
cap_000253,2026-09-22T14:45:29.334,horizontal,,,0,10,0.9196,YOLO-omega,
cap_000254,2026-09-22T14:45:29.460,horizontal,,,0,9,0.9232,YOLO-omega,
cap_000255,2026-09-22T14:45:29.558,horizontal,,,0,11,0.9121,YOLO-omega,
cap_000256,2026-09-22T14:45:29.685,horizontal,,,0,12,0.9088,YOLO-omega,
cap_000257,2026-09-22T14:45:29.782,horizontal,,,0,10,0.9155,YOLO-omega,
cap_000258,2026-09-22T14:45:29.910,horizontal,,,0,9,0.9144,YOLO-omega,
cap_000259,2026-09-22T14:45:30.038,horizontal,,,0,11,0.9121,YOLO-omega,
cap_000260,2026-09-22T14:45:30.141,horizontal,,,0,9,0.9210,YOLO-omega,
cap_000261,2026-09-22T14:45:30.263,horizontal,,,0,10,0.9181,YOLO-omega,
cap_000262,2026-09-22T14:45:30.362,horizontal,,,0,10,0.9175,YOLO-omega,
cap_000263,2026-09-22T14:45:30.490,horizontal,,,0,13,0.9154,YOLO-omega,
cap_000264,2026-09-22T14:45:30.591,horizontal,,,0,13,0.9271,YOLO-omega,
cap_000265,2026-09-22T14:45:30.721,horizontal,,,0,12,0.9250,YOLO-omega,
cap_000266,2026-09-22T14:45:30.816,horizontal,,,0,11,0.9185,YOLO-omega,
cap_000267,2026-09-22T14:45:30.943,horizontal,,,0,11,0.9180,YOLO-omega,
cap_000268,2026-09-22T14:45:31.066,horizontal,,,0,13,0.9058,YOLO-omega,
cap_000269,2026-09-22T14:45:31.161,horizontal,,,0,13,0.8991,YOLO-omega,
cap_000270,2026-09-22T14:45:31.285,horizontal,,,0,13,0.8950,YOLO-omega,
cap_000271,2026-09-22T14:45:31.383,horizontal,,,0,13,0.8976,YOLO-omega,
cap_000272,2026-09-22T14:45:31.510,horizontal,,,0,13,0.8797,YOLO-omega,
cap_000273,2026-09-22T14:45:31.604,horizontal,,,0,11,0.8880,YOLO-omega,
cap_000274,2026-09-22T14:45:31.735,horizontal,,,0,11,0.8560,YOLO-omega,
cap_000275,2026-09-22T14:45:31.861,horizontal,,,0,10,0.8443,YOLO-omega,
cap_000276,2026-09-22T14:45:31.961,horizontal,,,0,12,0.8392,YOLO-omega,
cap_000277,2026-09-22T14:45:32.091,horizontal,,,0,11,0.8643,YOLO-omega,
cap_000278,2026-09-22T14:45:32.190,horizontal,,,0,11,0.8692,YOLO-omega,
cap_000279,2026-09-22T14:45:32.316,horizontal,,,0,11,0.8662,YOLO-omega,
cap_000280,2026-09-22T14:45:32.412,horizontal,,,0,11,0.8798,YOLO-omega,
cap_000281,2026-09-22T14:45:32.537,horizontal,,,0,13,0.8763,YOLO-omega,
cap_000282,2026-09-22T14:45:32.629,horizontal,,,0,11,0.8838,YOLO-omega,
cap_000283,2026-09-22T14:45:32.759,horizontal,,,0,12,0.8903,YOLO-omega,
cap_000284,2026-09-22T14:45:32.882,horizontal,,,0,12,0.8966,YOLO-omega,
cap_000285,2026-09-22T14:45:32.987,horizontal,,,0,12,0.8840,YOLO-omega,
cap_000286,2026-09-22T14:45:33.112,horizontal,,,0,11,0.8915,YOLO-omega,
cap_000287,2026-09-22T14:45:33.204,horizontal,,,0,12,0.8906,YOLO-omega,
cap_000288,2026-09-22T14:45:33.331,horizontal,,,0,12,0.9168,YOLO-omega,
cap_000289,2026-09-22T14:45:33.430,horizontal,,,0,11,0.8986,YOLO-omega,
cap_000290,2026-09-22T14:45:33.564,horizontal,,,0,11,0.8961,YOLO-omega,
cap_000291,2026-09-22T14:45:33.703,horizontal,,,0,9,0.8949,YOLO-omega,
cap_000292,2026-09-22T14:45:33.787,horizontal,,,0,11,0.9072,YOLO-omega,
cap_000293,2026-09-22T14:45:33.917,horizontal,,,0,10,0.9126,YOLO-omega,
cap_000294,2026-09-22T14:45:34.004,horizontal,,,0,9,0.9093,YOLO-omega,
cap_000295,2026-09-22T14:45:34.132,horizontal,,,0,10,0.9117,YOLO-omega,
cap_000296,2026-09-22T14:45:34.230,horizontal,,,0,10,0.9136,YOLO-omega,
cap_000297,2026-09-22T14:45:34.358,horizontal,,,0,11,0.9191,YOLO-omega,
cap_000298,2026-09-22T14:45:34.461,horizontal,,,0,9,0.9193,YOLO-omega,
cap_000299,2026-09-22T14:45:34.585,horizontal,,,0,12,0.9324,YOLO-omega,
cap_000300,2026-09-22T14:45:34.708,horizontal,,,0,14,0.9256,YOLO-omega,
cap_000301,2026-09-22T14:45:34.805,horizontal,,,0,10,0.9152,YOLO-omega,
cap_000302,2026-09-22T14:45:34.936,horizontal,,,0,8,0.8823,YOLO-omega,
cap_000303,2026-09-22T14:45:35.031,horizontal,,,0,12,0.8877,YOLO-omega,
cap_000304,2026-09-22T14:45:35.190,horizontal,,,0,12,0.8703,YOLO-omega,
cap_000305,2026-09-22T14:45:35.271,horizontal,,,0,10,0.8663,YOLO-omega,
cap_000306,2026-09-22T14:45:35.382,horizontal,,,0,9,0.8646,YOLO-omega,
cap_000307,2026-09-22T14:45:35.480,horizontal,,,0,11,0.8622,YOLO-omega,
cap_000308,2026-09-22T14:45:35.626,horizontal,,,0,10,0.8591,YOLO-omega,
cap_000309,2026-09-22T14:45:35.737,horizontal,,,0,9,0.8606,YOLO-omega,
cap_000310,2026-09-22T14:45:35.829,horizontal,,,0,11,0.8681,YOLO-omega,
cap_000311,2026-09-22T14:45:35.957,horizontal,,,0,11,0.8651,YOLO-omega,
cap_000312,2026-09-22T14:45:36.055,horizontal,,,0,10,0.8684,YOLO-omega,
cap_000313,2026-09-22T14:45:36.181,horizontal,,,0,11,0.8831,YOLO-omega,
cap_000314,2026-09-22T14:45:36.282,horizontal,,,0,10,0.8802,YOLO-omega,
cap_000315,2026-09-22T14:45:36.406,horizontal,,,0,11,0.8789,YOLO-omega,
cap_000316,2026-09-22T14:45:36.535,horizontal,,,0,11,0.8670,YOLO-omega,
cap_000317,2026-09-22T14:45:36.638,horizontal,,,0,10,0.8432,YOLO-omega,
cap_000318,2026-09-22T14:45:36.759,horizontal,,,0,8,0.8376,YOLO-omega,
cap_000319,2026-09-22T14:45:36.856,horizontal,,,0,6,0.8132,YOLO-omega,
cap_000320,2026-09-22T14:45:36.985,horizontal,,,0,8,0.7974,YOLO-omega,
cap_000321,2026-09-22T14:45:37.077,horizontal,,,0,7,0.8101,YOLO-omega,
cap_000322,2026-09-22T14:45:37.208,horizontal,,,0,10,0.7793,YOLO-omega,
cap_000323,2026-09-22T14:45:37.301,horizontal,,,0,9,0.7663,YOLO-omega,
cap_000324,2026-09-22T14:45:37.429,horizontal,,,0,8,0.8233,YOLO-omega,
cap_000325,2026-09-22T14:45:37.558,horizontal,,,0,7,0.8415,YOLO-omega,
cap_000326,2026-09-22T14:45:37.653,horizontal,,,0,9,0.8068,YOLO-omega,
cap_000327,2026-09-22T14:45:37.783,horizontal,,,0,8,0.8249,YOLO-omega,
cap_000328,2026-09-22T14:45:37.881,horizontal,,,0,9,0.8315,YOLO-omega,
cap_000329,2026-09-22T14:45:38.004,horizontal,,,0,10,0.7892,YOLO-omega,
cap_000330,2026-09-22T14:45:38.100,horizontal,,,0,8,0.7602,YOLO-omega,
cap_000331,2026-09-22T14:45:38.235,horizontal,,,0,8,0.7899,YOLO-omega,
cap_000332,2026-09-22T14:45:38.354,horizontal,,,0,9,0.8414,YOLO-omega,
cap_000333,2026-09-22T14:45:38.455,horizontal,,,0,10,0.7941,YOLO-omega,
cap_000334,2026-09-22T14:45:38.581,horizontal,,,0,8,0.7866,YOLO-omega,
cap_000335,2026-09-22T14:45:38.679,horizontal,,,0,9,0.7902,YOLO-omega,
cap_000336,2026-09-22T14:45:38.811,horizontal,,,0,9,0.7704,YOLO-omega,
cap_000337,2026-09-22T14:45:38.904,horizontal,,,0,8,0.7708,YOLO-omega,
cap_000338,2026-09-22T14:45:39.034,horizontal,,,0,8,0.7813,YOLO-omega,
cap_000339,2026-09-22T14:45:39.133,horizontal,,,0,8,0.7923,YOLO-omega,
cap_000340,2026-09-22T14:45:39.257,horizontal,,,0,9,0.7831,YOLO-omega,
cap_000341,2026-09-22T14:45:39.394,horizontal,,,0,9,0.7614,YOLO-omega,
cap_000342,2026-09-22T14:45:39.500,horizontal,,,0,9,0.7905,YOLO-omega,
cap_000343,2026-09-22T14:45:39.616,horizontal,,,0,10,0.7977,YOLO-omega,
cap_000344,2026-09-22T14:45:39.720,horizontal,,,0,9,0.7864,YOLO-omega,
cap_000345,2026-09-22T14:45:39.848,horizontal,,,0,8,0.8269,YOLO-omega,
cap_000346,2026-09-22T14:45:39.944,horizontal,,,0,8,0.8442,YOLO-omega,
cap_000347,2026-09-22T14:45:40.095,horizontal,,,0,6,0.8152,YOLO-omega,
cap_000348,2026-09-22T14:45:40.286,horizontal,,,0,6,0.7784,YOLO-omega,
cap_000349,2026-09-22T14:45:40.404,horizontal,,,0,5,0.7757,YOLO-omega,
cap_000350,2026-09-22T14:45:40.503,horizontal,,,0,8,0.8346,YOLO-omega,
cap_000351,2026-09-22T14:45:40.597,horizontal,,,0,5,0.8459,YOLO-omega,
cap_000352,2026-09-22T14:45:40.706,horizontal,,,0,7,0.8256,YOLO-omega,
cap_000353,2026-09-22T14:45:40.807,horizontal,,,0,9,0.8180,YOLO-omega,
cap_000354,2026-09-22T14:45:40.893,horizontal,,,0,9,0.8510,YOLO-omega,
cap_000355,2026-09-22T14:45:40.982,horizontal,,,0,8,0.7867,YOLO-omega,
cap_000356,2026-09-22T14:45:41.099,horizontal,,,0,8,0.8102,YOLO-omega,
cap_000357,2026-09-22T14:45:41.217,horizontal,,,0,9,0.8366,YOLO-omega,
cap_000358,2026-09-22T14:45:41.311,horizontal,,,0,9,0.8410,YOLO-omega,
cap_000359,2026-09-22T14:45:41.439,horizontal,,,0,8,0.8576,YOLO-omega,
cap_000360,2026-09-22T14:45:41.534,horizontal,,,0,8,0.8677,YOLO-omega,
cap_000361,2026-09-22T14:45:41.669,horizontal,,,0,7,0.8553,YOLO-omega,
cap_000362,2026-09-22T14:45:41.761,horizontal,,,0,7,0.8426,YOLO-omega,
cap_000363,2026-09-22T14:45:41.892,horizontal,,,0,7,0.8248,YOLO-omega,
cap_000364,2026-09-22T14:45:42.018,horizontal,,,0,7,0.8311,YOLO-omega,
cap_000365,2026-09-22T14:45:42.116,horizontal,,,0,7,0.8382,YOLO-omega,
cap_000366,2026-09-22T14:45:42.245,horizontal,,,0,9,0.8299,YOLO-omega,
cap_000367,2026-09-22T14:45:42.334,horizontal,,,0,7,0.8529,YOLO-omega,
cap_000368,2026-09-22T14:45:42.461,horizontal,,,0,5,0.8370,YOLO-omega,
cap_000369,2026-09-22T14:45:42.557,horizontal,,,0,6,0.8262,YOLO-omega,
cap_000370,2026-09-22T14:45:42.722,horizontal,,,0,8,0.8294,YOLO-omega,
cap_000371,2026-09-22T14:45:42.822,horizontal,,,0,8,0.8343,YOLO-omega,
cap_000372,2026-09-22T14:45:42.932,horizontal,,,0,6,0.8101,YOLO-omega,
cap_000373,2026-09-22T14:45:43.039,horizontal,,,0,4,0.8358,YOLO-omega,
cap_000374,2026-09-22T14:45:43.133,horizontal,,,0,5,0.8528,YOLO-omega,
cap_000375,2026-09-22T14:45:43.258,horizontal,,,0,6,0.8620,YOLO-omega,
cap_000376,2026-09-22T14:45:43.351,horizontal,,,0,6,0.8517,YOLO-omega,
cap_000377,2026-09-22T14:45:43.481,horizontal,,,0,5,0.8505,YOLO-omega,
cap_000378,2026-09-22T14:45:43.580,horizontal,,,0,8,0.8584,YOLO-omega,
cap_000379,2026-09-22T14:45:43.705,horizontal,,,0,6,0.8576,YOLO-omega,
cap_000380,2026-09-22T14:45:43.803,horizontal,,,0,7,0.8579,YOLO-omega,
cap_000381,2026-09-22T14:45:43.931,horizontal,,,0,7,0.8424,YOLO-omega,
cap_000382,2026-09-22T14:45:44.062,horizontal,,,0,7,0.8248,YOLO-omega,
cap_000383,2026-09-22T14:45:44.158,horizontal,,,0,6,0.8112,YOLO-omega,
cap_000384,2026-09-22T14:45:44.278,horizontal,,,0,6,0.8177,YOLO-omega,
cap_000385,2026-09-22T14:45:44.375,horizontal,,,0,7,0.8198,YOLO-omega,
cap_000386,2026-09-22T14:45:44.537,horizontal,,,0,4,0.8277,YOLO-omega,
cap_000387,2026-09-22T14:45:44.648,horizontal,,,0,6,0.8376,YOLO-omega,
cap_000388,2026-09-22T14:45:44.739,horizontal,,,0,6,0.8354,YOLO-omega,
cap_000389,2026-09-22T14:45:44.870,horizontal,,,0,8,0.8282,YOLO-omega,
cap_000390,2026-09-22T14:45:44.961,horizontal,,,0,9,0.8321,YOLO-omega,
cap_000391,2026-09-22T14:45:45.088,horizontal,,,0,9,0.8358,YOLO-omega,
cap_000392,2026-09-22T14:45:45.184,horizontal,,,0,9,0.8406,YOLO-omega,
cap_000393,2026-09-22T14:45:45.309,horizontal,,,0,8,0.8214,YOLO-omega,
cap_000394,2026-09-22T14:45:45.431,horizontal,,,0,8,0.8390,YOLO-omega,
cap_000395,2026-09-22T14:45:45.682,horizontal,,,0,10,0.8412,YOLO-omega,
cap_000396,2026-09-22T14:45:45.884,horizontal,,,0,10,0.8246,YOLO-omega,
cap_000397,2026-09-22T14:45:46.064,horizontal,,,0,10,0.8204,YOLO-omega,
cap_000398,2026-09-22T14:45:46.239,horizontal,,,0,10,0.8145,YOLO-omega,
cap_000399,2026-09-22T14:45:46.328,horizontal,,,0,11,0.8153,YOLO-omega,
cap_000400,2026-09-22T14:45:46.410,horizontal,,,0,12,0.8423,YOLO-omega,
cap_000401,2026-09-22T14:45:46.486,horizontal,,,0,12,0.8466,YOLO-omega,
cap_000402,2026-09-22T14:45:46.564,horizontal,,,0,11,0.8553,YOLO-omega,
cap_000403,2026-09-22T14:45:46.639,horizontal,,,0,12,0.8601,YOLO-omega,
cap_000404,2026-09-22T14:45:46.717,horizontal,,,0,12,0.8529,YOLO-omega,
cap_000405,2026-09-22T14:45:46.794,horizontal,,,0,11,0.8605,YOLO-omega,
cap_000406,2026-09-22T14:45:46.902,horizontal,,,0,10,0.8632,YOLO-omega,
cap_000407,2026-09-22T14:45:46.999,horizontal,,,0,11,0.8436,YOLO-omega,
cap_000408,2026-09-22T14:45:47.166,horizontal,,,0,11,0.8374,YOLO-omega,
cap_000409,2026-09-22T14:45:47.248,horizontal,,,0,8,0.8690,YOLO-omega,
cap_000410,2026-09-22T14:45:47.365,horizontal,,,0,8,0.8549,YOLO-omega,
cap_000411,2026-09-22T14:45:47.451,horizontal,,,0,9,0.8624,YOLO-omega,
cap_000412,2026-09-22T14:45:47.579,horizontal,,,0,8,0.8166,YOLO-omega,
cap_000413,2026-09-22T14:45:47.705,horizontal,,,0,6,0.8250,YOLO-omega,
cap_000414,2026-09-22T14:45:47.800,horizontal,,,0,7,0.8116,YOLO-omega,
cap_000415,2026-09-22T14:45:47.924,horizontal,,,0,9,0.8322,YOLO-omega,
cap_000416,2026-09-22T14:45:48.029,horizontal,,,0,8,0.8284,YOLO-omega,
cap_000417,2026-09-22T14:45:48.150,horizontal,,,0,8,0.8430,YOLO-omega,
cap_000418,2026-09-22T14:45:48.245,horizontal,,,0,8,0.8379,YOLO-omega,
cap_000419,2026-09-22T14:45:48.382,horizontal,,,0,9,0.8628,YOLO-omega,
cap_000420,2026-09-22T14:45:48.470,horizontal,,,0,8,0.8542,YOLO-omega,
cap_000421,2026-09-22T14:45:48.627,horizontal,,,0,8,0.8562,YOLO-omega,
cap_000422,2026-09-22T14:45:48.732,horizontal,,,0,8,0.8407,YOLO-omega,
cap_000423,2026-09-22T14:45:48.820,horizontal,,,0,8,0.8586,YOLO-omega,
cap_000424,2026-09-22T14:45:48.954,horizontal,,,0,8,0.8173,YOLO-omega,
cap_000425,2026-09-22T14:45:49.047,horizontal,,,0,8,0.8368,YOLO-omega,
cap_000426,2026-09-22T14:45:49.189,horizontal,,,0,7,0.8000,YOLO-omega,
cap_000427,2026-09-22T14:45:49.279,horizontal,,,0,8,0.7987,YOLO-omega,
cap_000428,2026-09-22T14:45:49.406,horizontal,,,0,9,0.8187,YOLO-omega,
cap_000429,2026-09-22T14:45:49.532,horizontal,,,0,7,0.7981,YOLO-omega,
cap_000430,2026-09-22T14:45:49.630,horizontal,,,0,6,0.8442,YOLO-omega,
cap_000431,2026-09-22T14:45:49.755,horizontal,,,0,6,0.8019,YOLO-omega,
cap_000432,2026-09-22T14:45:49.857,horizontal,,,0,7,0.7967,YOLO-omega,
cap_000433,2026-09-22T14:45:49.975,horizontal,,,0,7,0.8110,YOLO-omega,
cap_000434,2026-09-22T14:45:50.073,horizontal,,,0,7,0.8396,YOLO-omega,
cap_000435,2026-09-22T14:45:50.198,horizontal,,,0,7,0.8405,YOLO-omega,
cap_000436,2026-09-22T14:45:50.298,horizontal,,,0,8,0.8265,YOLO-omega,
cap_000437,2026-09-22T14:45:50.439,horizontal,,,0,7,0.8526,YOLO-omega,
cap_000438,2026-09-22T14:45:50.574,horizontal,,,0,8,0.8565,YOLO-omega,
cap_000439,2026-09-22T14:45:50.660,horizontal,,,0,7,0.8241,YOLO-omega,
cap_000440,2026-09-22T14:45:50.781,horizontal,,,0,6,0.8228,YOLO-omega,
cap_000441,2026-09-22T14:45:50.872,horizontal,,,0,7,0.8281,YOLO-omega,
cap_000442,2026-09-22T14:45:51.020,horizontal,,,0,7,0.8018,YOLO-omega,
cap_000443,2026-09-22T14:45:51.109,horizontal,,,0,6,0.8363,YOLO-omega,
cap_000444,2026-09-22T14:45:51.231,horizontal,,,0,7,0.8359,YOLO-omega,
cap_000445,2026-09-22T14:45:51.356,horizontal,,,0,7,0.8383,YOLO-omega,
cap_000446,2026-09-22T14:45:51.457,horizontal,,,0,6,0.8182,YOLO-omega,
cap_000447,2026-09-22T14:45:51.575,horizontal,,,0,8,0.8566,YOLO-omega,
cap_000448,2026-09-22T14:45:51.674,horizontal,,,0,7,0.8406,YOLO-omega,
cap_000449,2026-09-22T14:45:51.803,horizontal,,,0,7,0.8994,YOLO-omega,
cap_000450,2026-09-22T14:45:51.897,horizontal,,,0,9,0.8805,YOLO-omega,
cap_000451,2026-09-22T14:45:52.025,horizontal,,,0,9,0.8516,YOLO-omega,
cap_000452,2026-09-22T14:45:52.120,horizontal,,,0,11,0.8590,YOLO-omega,
cap_000453,2026-09-22T14:45:52.248,horizontal,,,0,11,0.8655,YOLO-omega,
cap_000454,2026-09-22T14:45:52.374,horizontal,,,0,10,0.8790,YOLO-omega,
cap_000455,2026-09-22T14:45:52.470,horizontal,,,0,9,0.8860,YOLO-omega,
cap_000456,2026-09-22T14:45:52.600,horizontal,,,0,10,0.8912,YOLO-omega,
cap_000457,2026-09-22T14:45:52.692,horizontal,,,0,9,0.8906,YOLO-omega,
cap_000458,2026-09-22T14:45:52.822,horizontal,,,0,10,0.9008,YOLO-omega,
cap_000459,2026-09-22T14:45:52.920,horizontal,,,0,10,0.9085,YOLO-omega,
cap_000460,2026-09-22T14:45:53.045,horizontal,,,0,9,0.9156,YOLO-omega,
cap_000461,2026-09-22T14:45:53.174,horizontal,,,0,10,0.9218,YOLO-omega,
cap_000462,2026-09-22T14:45:53.270,horizontal,,,0,8,0.9144,YOLO-omega,
cap_000463,2026-09-22T14:45:53.399,horizontal,,,0,8,0.9178,YOLO-omega,
cap_000464,2026-09-22T14:45:53.497,horizontal,,,0,7,0.9159,YOLO-omega,
cap_000465,2026-09-22T14:45:53.621,horizontal,,,0,9,0.9062,YOLO-omega,
cap_000466,2026-09-22T14:45:53.720,horizontal,,,0,8,0.9057,YOLO-omega,
cap_000467,2026-09-22T14:45:53.852,horizontal,,,0,6,0.8980,YOLO-omega,
cap_000468,2026-09-22T14:45:53.944,horizontal,,,0,7,0.9038,YOLO-omega,
cap_000469,2026-09-22T14:45:54.073,horizontal,,,0,7,0.9107,YOLO-omega,
cap_000470,2026-09-22T14:45:54.198,horizontal,,,0,8,0.8952,YOLO-omega,
cap_000471,2026-09-22T14:45:54.292,horizontal,,,0,10,0.9008,YOLO-omega,
cap_000472,2026-09-22T14:45:54.420,horizontal,,,0,8,0.9096,YOLO-omega,
cap_000473,2026-09-22T14:45:54.520,horizontal,,,0,11,0.9099,YOLO-omega,
cap_000474,2026-09-22T14:45:54.651,horizontal,,,0,10,0.9034,YOLO-omega,
cap_000475,2026-09-22T14:45:54.745,horizontal,,,0,10,0.9064,YOLO-omega,
cap_000476,2026-09-22T14:45:54.873,horizontal,,,0,8,0.9016,YOLO-omega,
cap_000477,2026-09-22T14:45:54.967,horizontal,,,0,8,0.9031,YOLO-omega,
cap_000478,2026-09-22T14:45:55.093,horizontal,,,0,8,0.9041,YOLO-omega,
cap_000479,2026-09-22T14:45:55.223,horizontal,,,0,9,0.9087,YOLO-omega,
cap_000480,2026-09-22T14:45:55.318,horizontal,,,0,10,0.9022,YOLO-omega,
cap_000481,2026-09-22T14:45:55.445,horizontal,,,0,9,0.8961,YOLO-omega,
cap_000482,2026-09-22T14:45:55.540,horizontal,,,0,8,0.9002,YOLO-omega,
cap_000483,2026-09-22T14:45:55.666,horizontal,,,0,8,0.9007,YOLO-omega,
cap_000484,2026-09-22T14:45:55.767,horizontal,,,0,8,0.9086,YOLO-omega,
cap_000485,2026-09-22T14:45:55.896,horizontal,,,0,8,0.9081,YOLO-omega,
cap_000486,2026-09-22T14:45:56.024,horizontal,,,0,8,0.9052,YOLO-omega,
cap_000487,2026-09-22T14:45:56.119,horizontal,,,0,9,0.9048,YOLO-omega,
cap_000488,2026-09-22T14:45:56.244,horizontal,,,0,8,0.9145,YOLO-omega,
cap_000489,2026-09-22T14:45:56.341,horizontal,,,0,8,0.9040,YOLO-omega,
cap_000490,2026-09-22T14:45:56.472,horizontal,,,0,6,0.9024,YOLO-omega,
cap_000491,2026-09-22T14:45:56.567,horizontal,,,0,9,0.8941,YOLO-omega,
cap_000492,2026-09-22T14:45:56.694,horizontal,,,0,11,0.8942,YOLO-omega,
cap_000493,2026-09-22T14:45:56.790,horizontal,,,0,10,0.8939,YOLO-omega,
cap_000494,2026-09-22T14:45:56.919,horizontal,,,0,9,0.8964,YOLO-omega,
cap_000495,2026-09-22T14:45:57.046,horizontal,,,0,9,0.8941,YOLO-omega,
cap_000496,2026-09-22T14:45:57.143,horizontal,,,0,10,0.9068,YOLO-omega,
cap_000497,2026-09-22T14:45:57.266,horizontal,,,0,10,0.9070,YOLO-omega,
cap_000498,2026-09-22T14:45:57.363,horizontal,,,0,10,0.9069,YOLO-omega,
cap_000499,2026-09-22T14:45:57.492,horizontal,,,0,10,0.9071,YOLO-omega,
cap_000500,2026-09-22T14:45:57.588,horizontal,,,0,10,0.9035,YOLO-omega,
cap_000501,2026-09-22T14:45:57.717,horizontal,,,0,9,0.9067,YOLO-omega,
cap_000502,2026-09-22T14:45:57.844,horizontal,,,0,9,0.9018,YOLO-omega,
cap_000503,2026-09-22T14:45:57.942,horizontal,,,0,11,0.8951,YOLO-omega,
cap_000504,2026-09-22T14:45:58.068,horizontal,,,0,9,0.9071,YOLO-omega,
cap_000505,2026-09-22T14:45:58.169,horizontal,,,0,10,0.9160,YOLO-omega,
cap_000506,2026-09-22T14:45:58.299,horizontal,,,0,9,0.9128,YOLO-omega,
cap_000507,2026-09-22T14:45:58.390,horizontal,,,0,10,0.9107,YOLO-omega,
cap_000508,2026-09-22T14:45:58.518,horizontal,,,0,9,0.9057,YOLO-omega,
cap_000509,2026-09-22T14:45:58.615,horizontal,,,0,9,0.9054,YOLO-omega,
cap_000510,2026-09-22T14:45:58.744,horizontal,,,0,9,0.9040,YOLO-omega,
cap_000511,2026-09-22T14:45:58.870,horizontal,,,0,12,0.9032,YOLO-omega,
cap_000512,2026-09-22T14:45:58.965,horizontal,,,0,11,0.9065,YOLO-omega,
cap_000513,2026-09-22T14:45:59.094,horizontal,,,0,10,0.9108,YOLO-omega,
cap_000514,2026-09-22T14:45:59.191,horizontal,,,0,10,0.9102,YOLO-omega,
cap_000515,2026-09-22T14:45:59.318,horizontal,,,0,10,0.9171,YOLO-omega,
cap_000516,2026-09-22T14:45:59.413,horizontal,,,0,9,0.9179,YOLO-omega,
cap_000517,2026-09-22T14:45:59.554,horizontal,,,0,8,0.9098,YOLO-omega,
cap_000518,2026-09-22T14:45:59.750,horizontal,,,0,8,0.9158,YOLO-omega,
cap_000519,2026-09-22T14:45:59.833,horizontal,,,0,7,0.8936,YOLO-omega,
cap_000520,2026-09-22T14:45:59.920,horizontal,,,0,9,0.9033,YOLO-omega,
cap_000521,2026-09-22T14:46:00.001,horizontal,,,0,8,0.9128,YOLO-omega,
cap_000522,2026-09-22T14:46:00.123,horizontal,,,0,9,0.9208,YOLO-omega,
cap_000523,2026-09-22T14:46:00.215,horizontal,,,0,9,0.9158,YOLO-omega,
cap_000524,2026-09-22T14:46:00.343,horizontal,,,0,10,0.9125,YOLO-omega,
cap_000525,2026-09-22T14:46:00.441,horizontal,,,0,8,0.9144,YOLO-omega,
cap_000526,2026-09-22T14:46:00.573,horizontal,,,0,9,0.9087,YOLO-omega,
cap_000527,2026-09-22T14:46:00.696,horizontal,,,0,8,0.9108,YOLO-omega,
cap_000528,2026-09-22T14:46:00.813,horizontal,,,0,8,0.8933,YOLO-omega,
cap_000529,2026-09-22T14:46:00.933,horizontal,,,0,7,0.8672,YOLO-omega,
cap_000530,2026-09-22T14:46:01.024,horizontal,,,0,6,0.8781,YOLO-omega,
cap_000531,2026-09-22T14:46:01.154,horizontal,,,0,6,0.8228,YOLO-omega,
cap_000532,2026-09-22T14:46:01.245,horizontal,,,0,7,0.8869,YOLO-omega,
cap_000533,2026-09-22T14:46:01.373,horizontal,,,0,4,0.8098,YOLO-omega,
cap_000534,2026-09-22T14:46:01.478,horizontal,,,0,4,0.8538,YOLO-omega,
cap_000535,2026-09-22T14:46:01.605,horizontal,,,0,5,0.8835,YOLO-omega,
cap_000536,2026-09-22T14:46:01.720,horizontal,,,0,5,0.8779,YOLO-omega,
cap_000537,2026-09-22T14:46:01.824,horizontal,,,0,6,0.8534,YOLO-omega,
cap_000538,2026-09-22T14:46:01.948,horizontal,,,0,7,0.8567,YOLO-omega,
cap_000539,2026-09-22T14:46:02.037,horizontal,,,0,4,0.8477,YOLO-omega,
cap_000540,2026-09-22T14:46:02.172,horizontal,,,0,6,0.8538,YOLO-omega,
cap_000541,2026-09-22T14:46:02.275,horizontal,,,0,5,0.8537,YOLO-omega,
cap_000542,2026-09-22T14:46:02.397,horizontal,,,0,5,0.8578,YOLO-omega,
cap_000543,2026-09-22T14:46:02.535,horizontal,,,0,6,0.8741,YOLO-omega,
cap_000544,2026-09-22T14:46:02.613,horizontal,,,0,5,0.8674,YOLO-omega,
cap_000545,2026-09-22T14:46:02.755,horizontal,,,0,6,0.8743,YOLO-omega,
cap_000546,2026-09-22T14:46:02.839,horizontal,,,0,4,0.8658,YOLO-omega,
cap_000547,2026-09-22T14:46:02.967,horizontal,,,0,6,0.8671,YOLO-omega,
cap_000548,2026-09-22T14:46:03.069,horizontal,,,0,5,0.8807,YOLO-omega,
cap_000549,2026-09-22T14:46:03.190,horizontal,,,0,6,0.8986,YOLO-omega,
cap_000550,2026-09-22T14:46:03.294,horizontal,,,0,8,0.8970,YOLO-omega,
cap_000551,2026-09-22T14:46:03.429,horizontal,,,0,7,0.8775,YOLO-omega,
cap_000552,2026-09-22T14:46:03.549,horizontal,,,0,8,0.8820,YOLO-omega,
cap_000553,2026-09-22T14:46:03.652,horizontal,,,0,8,0.8741,YOLO-omega,
cap_000554,2026-09-22T14:46:03.770,horizontal,,,0,5,0.8901,YOLO-omega,
cap_000555,2026-09-22T14:46:03.869,horizontal,,,0,6,0.8695,YOLO-omega,
cap_000556,2026-09-22T14:46:03.997,horizontal,,,0,6,0.8659,YOLO-omega,
cap_000557,2026-09-22T14:46:04.105,horizontal,,,0,6,0.8812,YOLO-omega,
cap_000558,2026-09-22T14:46:04.223,horizontal,,,0,6,0.8480,YOLO-omega,
cap_000559,2026-09-22T14:46:04.345,horizontal,,,0,6,0.8851,YOLO-omega,
cap_000560,2026-09-22T14:46:04.450,horizontal,,,0,5,0.8369,YOLO-omega,
cap_000561,2026-09-22T14:46:04.576,horizontal,,,0,6,0.8371,YOLO-omega,
cap_000562,2026-09-22T14:46:04.676,horizontal,,,0,6,0.8395,YOLO-omega,
cap_000563,2026-09-22T14:46:04.793,horizontal,,,0,7,0.8233,YOLO-omega,
cap_000564,2026-09-22T14:46:04.887,horizontal,,,0,8,0.8324,YOLO-omega,
cap_000565,2026-09-22T14:46:05.028,horizontal,,,0,6,0.8486,YOLO-omega,
cap_000566,2026-09-22T14:46:05.114,horizontal,,,0,6,0.8578,YOLO-omega,
cap_000567,2026-09-22T14:46:05.263,horizontal,,,0,6,0.8923,YOLO-omega,
cap_000568,2026-09-22T14:46:05.373,horizontal,,,0,4,0.8687,YOLO-omega,
cap_000569,2026-09-22T14:46:05.467,horizontal,,,0,4,0.8687,YOLO-omega,
cap_000570,2026-09-22T14:46:05.611,horizontal,,,0,4,0.8615,YOLO-omega,
cap_000571,2026-09-22T14:46:05.691,horizontal,,,0,5,0.8619,YOLO-omega,
cap_000572,2026-09-22T14:46:05.816,horizontal,,,0,6,0.8592,YOLO-omega,
cap_000573,2026-09-22T14:46:05.909,horizontal,,,0,4,0.8637,YOLO-omega,
cap_000574,2026-09-22T14:46:06.048,horizontal,,,0,6,0.8096,YOLO-omega,
cap_000575,2026-09-22T14:46:06.174,horizontal,,,0,5,0.8210,YOLO-omega,
cap_000576,2026-09-22T14:46:06.263,horizontal,,,0,6,0.7698,YOLO-omega,
cap_000577,2026-09-22T14:46:06.397,horizontal,,,0,8,0.7886,YOLO-omega,
cap_000578,2026-09-22T14:46:06.494,horizontal,,,0,8,0.8205,YOLO-omega,
cap_000579,2026-09-22T14:46:06.624,horizontal,,,0,6,0.8651,YOLO-omega,
cap_000580,2026-09-22T14:46:06.732,horizontal,,,0,7,0.8599,YOLO-omega,
cap_000581,2026-09-22T14:46:06.850,horizontal,,,0,5,0.8032,YOLO-omega,
cap_000582,2026-09-22T14:46:06.943,horizontal,,,0,7,0.7772,YOLO-omega,
cap_000583,2026-09-22T14:46:07.063,horizontal,,,0,5,0.8212,YOLO-omega,
cap_000584,2026-09-22T14:46:07.196,horizontal,,,0,7,0.8177,YOLO-omega,
cap_000585,2026-09-22T14:46:07.295,horizontal,,,0,7,0.8112,YOLO-omega,
cap_000586,2026-09-22T14:46:07.430,horizontal,,,0,11,0.8060,YOLO-omega,
cap_000587,2026-09-22T14:46:07.532,horizontal,,,0,10,0.7944,YOLO-omega,
cap_000588,2026-09-22T14:46:07.636,horizontal,,,0,9,0.8060,YOLO-omega,
cap_000589,2026-09-22T14:46:07.745,horizontal,,,0,9,0.8117,YOLO-omega,
cap_000590,2026-09-22T14:46:07.867,horizontal,,,0,8,0.8030,YOLO-omega,
cap_000591,2026-09-22T14:46:07.964,horizontal,,,0,6,0.7841,YOLO-omega,
cap_000592,2026-09-22T14:46:08.085,horizontal,,,0,7,0.8297,YOLO-omega,
cap_000593,2026-09-22T14:46:08.217,horizontal,,,0,8,0.8553,YOLO-omega,
cap_000594,2026-09-22T14:46:08.308,horizontal,,,0,5,0.8577,YOLO-omega,
cap_000595,2026-09-22T14:46:08.441,horizontal,,,0,9,0.8657,YOLO-omega,
cap_000596,2026-09-22T14:46:08.540,horizontal,,,0,6,0.8649,YOLO-omega,
cap_000597,2026-09-22T14:46:08.665,horizontal,,,0,8,0.8579,YOLO-omega,
cap_000598,2026-09-22T14:46:08.761,horizontal,,,0,7,0.8346,YOLO-omega,
cap_000599,2026-09-22T14:46:08.889,horizontal,,,0,5,0.8309,YOLO-omega,
cap_000600,2026-09-22T14:46:09.016,horizontal,,,0,4,0.8408,YOLO-omega,
cap_000601,2026-09-22T14:46:09.113,horizontal,,,0,4,0.8739,YOLO-omega,
cap_000602,2026-09-22T14:46:09.241,horizontal,,,0,6,0.8601,YOLO-omega,
cap_000603,2026-09-22T14:46:09.339,horizontal,,,0,6,0.8693,YOLO-omega,
cap_000604,2026-09-22T14:46:09.496,horizontal,,,0,7,0.8717,YOLO-omega,
cap_000605,2026-09-22T14:46:09.616,horizontal,,,0,8,0.8707,YOLO-omega,
cap_000606,2026-09-22T14:46:09.826,horizontal,,,0,7,0.8452,YOLO-omega,
cap_000607,2026-09-22T14:46:09.915,horizontal,,,0,7,0.8339,YOLO-omega,
cap_000608,2026-09-22T14:46:10.023,horizontal,,,0,8,0.8356,YOLO-omega,
cap_000609,2026-09-22T14:46:10.112,horizontal,,,0,7,0.8261,YOLO-omega,
cap_000610,2026-09-22T14:46:10.194,horizontal,,,0,7,0.8640,YOLO-omega,
cap_000611,2026-09-22T14:46:10.279,horizontal,,,0,6,0.8046,YOLO-omega,
cap_000612,2026-09-22T14:46:10.374,horizontal,,,0,8,0.8098,YOLO-omega,
cap_000613,2026-09-22T14:46:10.509,horizontal,,,0,7,0.8318,YOLO-omega,
cap_000614,2026-09-22T14:46:10.610,horizontal,,,0,7,0.8052,YOLO-omega,
cap_000615,2026-09-22T14:46:10.725,horizontal,,,0,4,0.8130,YOLO-omega,
cap_000616,2026-09-22T14:46:10.851,horizontal,,,0,5,0.8178,YOLO-omega,
cap_000617,2026-09-22T14:46:10.946,horizontal,,,0,5,0.8179,YOLO-omega,
cap_000618,2026-09-22T14:46:11.071,horizontal,,,0,5,0.8288,YOLO-omega,
cap_000619,2026-09-22T14:46:11.171,horizontal,,,0,7,0.8211,YOLO-omega,
cap_000620,2026-09-22T14:46:11.293,horizontal,,,0,6,0.8022,YOLO-omega,
cap_000621,2026-09-22T14:46:11.398,horizontal,,,0,7,0.7998,YOLO-omega,
cap_000622,2026-09-22T14:46:11.519,horizontal,,,0,7,0.8142,YOLO-omega,
cap_000623,2026-09-22T14:46:11.625,horizontal,,,0,8,0.8489,YOLO-omega,
cap_000624,2026-09-22T14:46:11.740,horizontal,,,0,7,0.8511,YOLO-omega,
cap_000625,2026-09-22T14:46:11.872,horizontal,,,0,6,0.8980,YOLO-omega,
cap_000626,2026-09-22T14:46:11.974,horizontal,,,0,6,0.8970,YOLO-omega,
cap_000627,2026-09-22T14:46:12.101,horizontal,,,0,8,0.9142,YOLO-omega,
cap_000628,2026-09-22T14:46:12.198,horizontal,,,0,7,0.9252,YOLO-omega,
cap_000629,2026-09-22T14:46:12.322,horizontal,,,0,7,0.9142,YOLO-omega,
cap_000630,2026-09-22T14:46:12.419,horizontal,,,0,6,0.9082,YOLO-omega,
cap_000631,2026-09-22T14:46:12.547,horizontal,,,0,7,0.9149,YOLO-omega,
cap_000632,2026-09-22T14:46:12.659,horizontal,,,0,8,0.8931,YOLO-omega,
cap_000633,2026-09-22T14:46:12.784,horizontal,,,0,7,0.9147,YOLO-omega,
cap_000634,2026-09-22T14:46:12.902,horizontal,,,0,6,0.9039,YOLO-omega,
cap_000635,2026-09-22T14:46:13.037,horizontal,,,0,6,0.9126,YOLO-omega,
cap_000636,2026-09-22T14:46:13.234,horizontal,,,0,6,0.9250,YOLO-omega,
cap_000637,2026-09-22T14:46:13.333,horizontal,,,0,5,0.9294,YOLO-omega,
cap_000638,2026-09-22T14:46:13.422,horizontal,,,0,7,0.9333,YOLO-omega,
cap_000639,2026-09-22T14:46:13.518,horizontal,,,0,8,0.9293,YOLO-omega,
cap_000640,2026-09-22T14:46:13.621,horizontal,,,0,7,0.9308,YOLO-omega,
cap_000641,2026-09-22T14:46:13.931,horizontal,,,0,7,0.9347,YOLO-omega,
cap_000642,2026-09-22T14:46:14.020,horizontal,,,0,8,0.9267,YOLO-omega,
cap_000643,2026-09-22T14:46:14.182,horizontal,,,0,8,0.9340,YOLO-omega,
cap_000644,2026-09-22T14:46:14.346,horizontal,,,0,8,0.9109,YOLO-omega,
cap_000645,2026-09-22T14:46:14.444,horizontal,,,0,8,0.9164,YOLO-omega,
cap_000646,2026-09-22T14:46:14.545,horizontal,,,0,8,0.9122,YOLO-omega,
cap_000647,2026-09-22T14:46:14.658,horizontal,,,0,7,0.9174,YOLO-omega,
cap_000648,2026-09-22T14:46:14.762,horizontal,,,0,7,0.9218,YOLO-omega,
cap_000649,2026-09-22T14:46:14.858,horizontal,,,0,8,0.9160,YOLO-omega,
cap_000650,2026-09-22T14:46:14.958,horizontal,,,0,8,0.8858,YOLO-omega,
cap_000651,2026-09-22T14:46:15.054,horizontal,,,0,9,0.8873,YOLO-omega,
cap_000652,2026-09-22T14:46:15.156,horizontal,,,0,8,0.8929,YOLO-omega,
cap_000653,2026-09-22T14:46:15.269,horizontal,,,0,8,0.8931,YOLO-omega,
cap_000654,2026-09-22T14:46:15.377,horizontal,,,0,8,0.8933,YOLO-omega,
cap_000655,2026-09-22T14:46:15.478,horizontal,,,0,8,0.8920,YOLO-omega,
cap_000656,2026-09-22T14:46:15.575,horizontal,,,0,9,0.8949,YOLO-omega,
cap_000657,2026-09-22T14:46:15.674,horizontal,,,0,9,0.9089,YOLO-omega,
cap_000658,2026-09-22T14:46:15.778,horizontal,,,0,10,0.9026,YOLO-omega,
cap_000659,2026-09-22T14:46:15.918,horizontal,,,0,8,0.8934,YOLO-omega,
cap_000660,2026-09-22T14:46:16.036,horizontal,,,0,9,0.9034,YOLO-omega,
cap_000661,2026-09-22T14:46:16.136,horizontal,,,0,7,0.8699,YOLO-omega,
cap_000662,2026-09-22T14:46:16.229,horizontal,,,0,7,0.8772,YOLO-omega,
cap_000663,2026-09-22T14:46:16.335,horizontal,,,0,8,0.8927,YOLO-omega,
cap_000664,2026-09-22T14:46:16.619,horizontal,,,0,8,0.8988,YOLO-omega,
cap_000665,2026-09-22T14:46:16.751,horizontal,,,0,7,0.9067,YOLO-omega,
cap_000666,2026-09-22T14:46:16.857,horizontal,,,0,8,0.9049,YOLO-omega,
cap_000667,2026-09-22T14:46:16.955,horizontal,,,0,7,0.9123,YOLO-omega,
cap_000668,2026-09-22T14:46:17.043,horizontal,,,0,5,0.9123,YOLO-omega,
cap_000669,2026-09-22T14:46:17.132,horizontal,,,0,8,0.9109,YOLO-omega,
cap_000670,2026-09-22T14:46:17.219,horizontal,,,0,8,0.9176,YOLO-omega,
cap_000671,2026-09-22T14:46:17.310,horizontal,,,0,7,0.9136,YOLO-omega,
cap_000672,2026-09-22T14:46:17.399,horizontal,,,0,8,0.9163,YOLO-omega,
cap_000673,2026-09-22T14:46:17.488,horizontal,,,0,7,0.9134,YOLO-omega,
cap_000674,2026-09-22T14:46:17.579,horizontal,,,0,7,0.9176,YOLO-omega,
cap_000675,2026-09-22T14:46:17.664,horizontal,,,0,8,0.9082,YOLO-omega,
cap_000676,2026-09-22T14:46:17.801,horizontal,,,0,7,0.9124,YOLO-omega,
cap_000677,2026-09-22T14:46:17.898,horizontal,,,0,8,0.9137,YOLO-omega,
cap_000678,2026-09-22T14:46:18.214,horizontal,,,0,8,0.9095,YOLO-omega,
cap_000679,2026-09-22T14:46:18.300,horizontal,,,0,8,0.9045,YOLO-omega,
cap_000680,2026-09-22T14:46:18.390,horizontal,,,0,9,0.9196,YOLO-omega,
cap_000681,2026-09-22T14:46:18.481,horizontal,,,0,8,0.9123,YOLO-omega,
cap_000682,2026-09-22T14:46:18.570,horizontal,,,0,8,0.9093,YOLO-omega,
cap_000683,2026-09-22T14:46:18.655,horizontal,,,0,9,0.9052,YOLO-omega,
cap_000684,2026-09-22T14:46:18.746,horizontal,,,0,8,0.9002,YOLO-omega,
cap_000685,2026-09-22T14:46:18.831,horizontal,,,0,7,0.9078,YOLO-omega,
cap_000686,2026-09-22T14:46:18.924,horizontal,,,0,9,0.9170,YOLO-omega,
cap_000687,2026-09-22T14:46:19.035,horizontal,,,0,7,0.9104,YOLO-omega,
cap_000688,2026-09-22T14:46:19.138,horizontal,,,0,7,0.8851,YOLO-omega,
cap_000689,2026-09-22T14:46:19.278,horizontal,,,0,7,0.9112,YOLO-omega,
cap_000690,2026-09-22T14:46:19.434,horizontal,,,0,7,0.8919,YOLO-omega,
cap_000691,2026-09-22T14:46:19.536,horizontal,,,0,6,0.8804,YOLO-omega,
cap_000692,2026-09-22T14:46:19.639,horizontal,,,0,7,0.8858,YOLO-omega,
cap_000693,2026-09-22T14:46:19.735,horizontal,,,0,8,0.8871,YOLO-omega,
cap_000694,2026-09-22T14:46:19.851,horizontal,,,0,7,0.8854,YOLO-omega,
cap_000695,2026-09-22T14:46:19.947,horizontal,,,0,8,0.9044,YOLO-omega,
cap_000696,2026-09-22T14:46:20.077,horizontal,,,0,7,0.8867,YOLO-omega,
cap_000697,2026-09-22T14:46:20.205,horizontal,,,0,6,0.9046,YOLO-omega,
cap_000698,2026-09-22T14:46:20.297,horizontal,,,0,8,0.8936,YOLO-omega,
cap_000699,2026-09-22T14:46:20.414,horizontal,,,0,9,0.9073,YOLO-omega,
cap_000700,2026-09-22T14:46:20.511,horizontal,,,0,6,0.9090,YOLO-omega,
cap_000701,2026-09-22T14:46:20.642,horizontal,,,0,8,0.9050,YOLO-omega,
cap_000702,2026-09-22T14:46:20.734,horizontal,,,0,9,0.9021,YOLO-omega,
cap_000703,2026-09-22T14:46:20.866,horizontal,,,0,8,0.9162,YOLO-omega,
cap_000704,2026-09-22T14:46:20.958,horizontal,,,0,9,0.9078,YOLO-omega,
cap_000705,2026-09-22T14:46:21.095,horizontal,,,0,8,0.9027,YOLO-omega,
cap_000706,2026-09-22T14:46:21.212,horizontal,,,0,7,0.8919,YOLO-omega,
cap_000707,2026-09-22T14:46:21.312,horizontal,,,0,7,0.8885,YOLO-omega,
cap_000708,2026-09-22T14:46:21.446,horizontal,,,0,9,0.8926,YOLO-omega,
cap_000709,2026-09-22T14:46:21.535,horizontal,,,0,8,0.8884,YOLO-omega,
cap_000710,2026-09-22T14:46:21.671,horizontal,,,0,8,0.8974,YOLO-omega,
cap_000711,2026-09-22T14:46:21.770,horizontal,,,0,10,0.8899,YOLO-omega,
cap_000712,2026-09-22T14:46:21.899,horizontal,,,0,9,0.8967,YOLO-omega,
cap_000713,2026-09-22T14:46:22.018,horizontal,,,0,11,0.8972,YOLO-omega,
cap_000714,2026-09-22T14:46:22.110,horizontal,,,0,10,0.8935,YOLO-omega,
cap_000715,2026-09-22T14:46:22.242,horizontal,,,0,10,0.8939,YOLO-omega,
cap_000716,2026-09-22T14:46:22.341,horizontal,,,0,10,0.8999,YOLO-omega,
cap_000717,2026-09-22T14:46:22.464,horizontal,,,0,11,0.9014,YOLO-omega,
cap_000718,2026-09-22T14:46:22.559,horizontal,,,0,10,0.9093,YOLO-omega,
cap_000719,2026-09-22T14:46:22.688,horizontal,,,0,9,0.9089,YOLO-omega,
cap_000720,2026-09-22T14:46:22.781,horizontal,,,0,7,0.9074,YOLO-omega,
cap_000721,2026-09-22T14:46:22.913,horizontal,,,0,8,0.9120,YOLO-omega,
cap_000722,2026-09-22T14:46:23.039,horizontal,,,0,7,0.9146,YOLO-omega,
cap_000723,2026-09-22T14:46:23.169,horizontal,,,0,9,0.9117,YOLO-omega,
cap_000724,2026-09-22T14:46:23.265,horizontal,,,0,8,0.9119,YOLO-omega,
cap_000725,2026-09-22T14:46:23.360,horizontal,,,0,9,0.9093,YOLO-omega,
cap_000726,2026-09-22T14:46:23.488,horizontal,,,0,10,0.9092,YOLO-omega,
cap_000727,2026-09-22T14:46:23.594,horizontal,,,0,11,0.9067,YOLO-omega,
cap_000728,2026-09-22T14:46:23.720,horizontal,,,0,10,0.9097,YOLO-omega,
cap_000729,2026-09-22T14:46:23.840,horizontal,,,0,9,0.9085,YOLO-omega,
cap_000730,2026-09-22T14:46:23.945,horizontal,,,0,10,0.9005,YOLO-omega,
cap_000731,2026-09-22T14:46:24.069,horizontal,,,0,11,0.8998,YOLO-omega,
cap_000732,2026-09-22T14:46:24.165,horizontal,,,0,11,0.8950,YOLO-omega,
cap_000733,2026-09-22T14:46:24.287,horizontal,,,0,9,0.8892,YOLO-omega,
cap_000734,2026-09-22T14:46:24.384,horizontal,,,0,11,0.8891,YOLO-omega,
cap_000735,2026-09-22T14:46:24.523,horizontal,,,0,11,0.8832,YOLO-omega,
cap_000736,2026-09-22T14:46:24.604,horizontal,,,0,12,0.8856,YOLO-omega,
cap_000737,2026-09-22T14:46:24.738,horizontal,,,0,12,0.8890,YOLO-omega,
cap_000738,2026-09-22T14:46:24.864,horizontal,,,0,11,0.8921,YOLO-omega,
cap_000739,2026-09-22T14:46:24.959,horizontal,,,0,11,0.8906,YOLO-omega,
cap_000740,2026-09-22T14:46:25.087,horizontal,,,0,11,0.8950,YOLO-omega,
cap_000741,2026-09-22T14:46:25.181,horizontal,,,0,12,0.8914,YOLO-omega,
cap_000742,2026-09-22T14:46:25.311,horizontal,,,0,11,0.8932,YOLO-omega,
cap_000743,2026-09-22T14:46:25.406,horizontal,,,0,12,0.8915,YOLO-omega,
cap_000744,2026-09-22T14:46:25.539,horizontal,,,0,11,0.8937,YOLO-omega,
cap_000745,2026-09-22T14:46:25.629,horizontal,,,0,10,0.8967,YOLO-omega,
cap_000746,2026-09-22T14:46:25.753,horizontal,,,0,12,0.8932,YOLO-omega,
cap_000747,2026-09-22T14:46:25.888,horizontal,,,0,12,0.8965,YOLO-omega,
cap_000748,2026-09-22T14:46:25.980,horizontal,,,0,12,0.8903,YOLO-omega,
cap_000749,2026-09-22T14:46:26.111,horizontal,,,0,12,0.8858,YOLO-omega,
cap_000750,2026-09-22T14:46:26.202,horizontal,,,0,11,0.8886,YOLO-omega,
cap_000751,2026-09-22T14:46:26.328,horizontal,,,0,11,0.8880,YOLO-omega,
cap_000752,2026-09-22T14:46:26.427,horizontal,,,0,11,0.8803,YOLO-omega,
cap_000753,2026-09-22T14:46:26.560,horizontal,,,0,10,0.8865,YOLO-omega,
cap_000754,2026-09-22T14:46:26.687,horizontal,,,0,10,0.8731,YOLO-omega,
cap_000755,2026-09-22T14:46:26.783,horizontal,,,0,10,0.8824,YOLO-omega,
cap_000756,2026-09-22T14:46:26.925,horizontal,,,0,10,0.8878,YOLO-omega,
cap_000757,2026-09-22T14:46:27.044,horizontal,,,0,11,0.8926,YOLO-omega,
cap_000758,2026-09-22T14:46:27.136,horizontal,,,0,11,0.8893,YOLO-omega,
cap_000759,2026-09-22T14:46:27.231,horizontal,,,0,11,0.9088,YOLO-omega,
cap_000760,2026-09-22T14:46:27.373,horizontal,,,0,11,0.9105,YOLO-omega,
cap_000761,2026-09-22T14:46:27.475,horizontal,,,0,11,0.9172,YOLO-omega,
cap_000762,2026-09-22T14:46:27.590,horizontal,,,0,10,0.9139,YOLO-omega,
cap_000763,2026-09-22T14:46:27.718,horizontal,,,0,10,0.9175,YOLO-omega,
cap_000764,2026-09-22T14:46:27.812,horizontal,,,0,9,0.9174,YOLO-omega,
cap_000765,2026-09-22T14:46:27.946,horizontal,,,0,10,0.9168,YOLO-omega,
cap_000766,2026-09-22T14:46:28.040,horizontal,,,0,11,0.9125,YOLO-omega,
cap_000767,2026-09-22T14:46:28.168,horizontal,,,0,11,0.9159,YOLO-omega,
cap_000768,2026-09-22T14:46:28.263,horizontal,,,0,11,0.9179,YOLO-omega,
cap_000769,2026-09-22T14:46:28.387,horizontal,,,0,11,0.9216,YOLO-omega,
cap_000770,2026-09-22T14:46:28.513,horizontal,,,0,11,0.9233,YOLO-omega,
cap_000771,2026-09-22T14:46:28.607,horizontal,,,0,12,0.9236,YOLO-omega,
cap_000772,2026-09-22T14:46:28.733,horizontal,,,0,13,0.9213,YOLO-omega,
cap_000773,2026-09-22T14:46:28.831,horizontal,,,0,13,0.9215,YOLO-omega,
cap_000774,2026-09-22T14:46:28.959,horizontal,,,0,14,0.9263,YOLO-omega,
cap_000775,2026-09-22T14:46:29.059,horizontal,,,0,14,0.9178,YOLO-omega,
cap_000776,2026-09-22T14:46:29.180,horizontal,,,0,13,0.9127,YOLO-omega,
cap_000777,2026-09-22T14:46:29.280,horizontal,,,0,14,0.9088,YOLO-omega,
cap_000778,2026-09-22T14:46:29.407,horizontal,,,0,13,0.9012,YOLO-omega,
cap_000779,2026-09-22T14:46:29.536,horizontal,,,0,10,0.9045,YOLO-omega,
cap_000780,2026-09-22T14:46:29.630,horizontal,,,0,13,0.9111,YOLO-omega,
cap_000781,2026-09-22T14:46:29.765,horizontal,,,0,11,0.9148,YOLO-omega,
cap_000782,2026-09-22T14:46:29.868,horizontal,,,0,12,0.9145,YOLO-omega,
cap_000783,2026-09-22T14:46:29.987,horizontal,,,0,13,0.9172,YOLO-omega,
cap_000784,2026-09-22T14:46:30.093,horizontal,,,0,13,0.9120,YOLO-omega,
cap_000785,2026-09-22T14:46:30.214,horizontal,,,0,12,0.9152,YOLO-omega,
cap_000786,2026-09-22T14:46:30.343,horizontal,,,0,11,0.9197,YOLO-omega,
cap_000787,2026-09-22T14:46:30.443,horizontal,,,0,11,0.9143,YOLO-omega,
cap_000788,2026-09-22T14:46:30.557,horizontal,,,0,11,0.9045,YOLO-omega,
cap_000789,2026-09-22T14:46:30.655,horizontal,,,0,12,0.9123,YOLO-omega,
cap_000790,2026-09-22T14:46:30.853,horizontal,,,0,12,0.9067,YOLO-omega,
cap_000791,2026-09-22T14:46:31.057,horizontal,,,0,13,0.9190,YOLO-omega,
cap_000792,2026-09-22T14:46:31.234,horizontal,,,0,11,0.8908,YOLO-omega,
cap_000793,2026-09-22T14:46:31.329,horizontal,,,0,14,0.8886,YOLO-omega,
cap_000794,2026-09-22T14:46:31.417,horizontal,,,0,14,0.8947,YOLO-omega,
cap_000795,2026-09-22T14:46:31.501,horizontal,,,0,14,0.9077,YOLO-omega,
cap_000796,2026-09-22T14:46:31.579,horizontal,,,0,13,0.8943,YOLO-omega,
cap_000797,2026-09-22T14:46:31.653,horizontal,,,0,13,0.8910,YOLO-omega,
cap_000798,2026-09-22T14:46:31.731,horizontal,,,0,13,0.8906,YOLO-omega,
cap_000799,2026-09-22T14:46:31.810,horizontal,,,0,12,0.9076,YOLO-omega,
cap_000800,2026-09-22T14:46:31.906,horizontal,,,0,12,0.9201,YOLO-omega,
cap_000801,2026-09-22T14:46:32.097,horizontal,,,0,12,0.9165,YOLO-omega,
cap_000802,2026-09-22T14:46:32.178,horizontal,,,0,11,0.9155,YOLO-omega,
cap_000803,2026-09-22T14:46:32.279,horizontal,,,0,14,0.9023,YOLO-omega,
cap_000804,2026-09-22T14:46:32.386,horizontal,,,0,14,0.8977,YOLO-omega,
cap_000805,2026-09-22T14:46:32.496,horizontal,,,0,12,0.8985,YOLO-omega,
cap_000806,2026-09-22T14:46:32.611,horizontal,,,0,11,0.8994,YOLO-omega,
cap_000807,2026-09-22T14:46:32.726,horizontal,,,0,13,0.8879,YOLO-omega,
cap_000808,2026-09-22T14:46:32.838,horizontal,,,0,14,0.8995,YOLO-omega,
cap_000809,2026-09-22T14:46:32.931,horizontal,,,0,14,0.8925,YOLO-omega,
cap_000810,2026-09-22T14:46:33.055,horizontal,,,0,12,0.9025,YOLO-omega,
cap_000811,2026-09-22T14:46:33.203,horizontal,,,0,12,0.9077,YOLO-omega,
cap_000812,2026-09-22T14:46:33.290,horizontal,,,0,12,0.9023,YOLO-omega,
cap_000813,2026-09-22T14:46:33.418,horizontal,,,0,12,0.9064,YOLO-omega,
cap_000814,2026-09-22T14:46:33.562,horizontal,,,0,13,0.8973,YOLO-omega,
cap_000815,2026-09-22T14:46:33.661,horizontal,,,0,12,0.8966,YOLO-omega,
cap_000816,2026-09-22T14:46:33.756,horizontal,,,0,11,0.9049,YOLO-omega,
cap_000817,2026-09-22T14:46:33.878,horizontal,,,0,12,0.8966,YOLO-omega,
cap_000818,2026-09-22T14:46:33.974,horizontal,,,0,11,0.9121,YOLO-omega,
cap_000819,2026-09-22T14:46:34.094,horizontal,,,0,9,0.9065,YOLO-omega,
cap_000820,2026-09-22T14:46:34.465,horizontal,,,0,12,0.8984,YOLO-omega,
cap_000821,2026-09-22T14:46:34.597,horizontal,,,0,9,0.9142,YOLO-omega,
cap_000822,2026-09-22T14:46:34.696,horizontal,,,0,9,0.9125,YOLO-omega,
cap_000823,2026-09-22T14:46:34.890,horizontal,,,0,8,0.8989,YOLO-omega,
cap_000824,2026-09-22T14:46:35.039,horizontal,,,0,9,0.8957,YOLO-omega,
cap_000825,2026-09-22T14:46:35.134,horizontal,,,0,10,0.8925,YOLO-omega,
cap_000826,2026-09-22T14:46:35.230,horizontal,,,0,10,0.8823,YOLO-omega,
cap_000827,2026-09-22T14:46:35.324,horizontal,,,0,9,0.8889,YOLO-omega,
cap_000828,2026-09-22T14:46:35.399,horizontal,,,0,10,0.8997,YOLO-omega,
cap_000829,2026-09-22T14:46:35.481,horizontal,,,0,9,0.9104,YOLO-omega,
cap_000830,2026-09-22T14:46:35.558,horizontal,,,0,9,0.9115,YOLO-omega,
cap_000831,2026-09-22T14:46:35.678,horizontal,,,0,10,0.9041,YOLO-omega,
cap_000832,2026-09-22T14:46:35.781,horizontal,,,0,10,0.9087,YOLO-omega,
cap_000833,2026-09-22T14:46:35.901,horizontal,,,0,11,0.8993,YOLO-omega,
cap_000834,2026-09-22T14:46:36.027,horizontal,,,0,11,0.9100,YOLO-omega,
cap_000835,2026-09-22T14:46:36.126,horizontal,,,0,10,0.9096,YOLO-omega,
cap_000836,2026-09-22T14:46:36.249,horizontal,,,0,9,0.9022,YOLO-omega,
cap_000837,2026-09-22T14:46:36.394,horizontal,,,0,10,0.9099,YOLO-omega,
cap_000838,2026-09-22T14:46:36.482,horizontal,,,0,10,0.9028,YOLO-omega,
cap_000839,2026-09-22T14:46:36.572,horizontal,,,0,10,0.9006,YOLO-omega,
cap_000840,2026-09-22T14:46:36.700,horizontal,,,0,10,0.8955,YOLO-omega,
cap_000841,2026-09-22T14:46:36.830,horizontal,,,0,10,0.8947,YOLO-omega,
cap_000842,2026-09-22T14:46:36.925,horizontal,,,0,11,0.8999,YOLO-omega,
cap_000843,2026-09-22T14:46:37.054,horizontal,,,0,9,0.8882,YOLO-omega,
cap_000844,2026-09-22T14:46:37.149,horizontal,,,0,9,0.8946,YOLO-omega,
cap_000845,2026-09-22T14:46:37.277,horizontal,,,0,9,0.9011,YOLO-omega,
cap_000846,2026-09-22T14:46:37.373,horizontal,,,0,10,0.9042,YOLO-omega,
cap_000847,2026-09-22T14:46:37.510,horizontal,,,0,10,0.9099,YOLO-omega,
cap_000848,2026-09-22T14:46:37.595,horizontal,,,0,10,0.9107,YOLO-omega,
cap_000849,2026-09-22T14:46:37.729,horizontal,,,0,10,0.9201,YOLO-omega,
cap_000850,2026-09-22T14:46:37.854,horizontal,,,0,9,0.9116,YOLO-omega,
cap_000851,2026-09-22T14:46:37.949,horizontal,,,0,12,0.9039,YOLO-omega,
cap_000852,2026-09-22T14:46:38.084,horizontal,,,0,12,0.9126,YOLO-omega,
cap_000853,2026-09-22T14:46:38.171,horizontal,,,0,11,0.9179,YOLO-omega,
cap_000854,2026-09-22T14:46:38.300,horizontal,,,0,11,0.9174,YOLO-omega,
cap_000855,2026-09-22T14:46:38.398,horizontal,,,0,10,0.9166,YOLO-omega,
cap_000856,2026-09-22T14:46:38.523,horizontal,,,0,11,0.9234,YOLO-omega,
cap_000857,2026-09-22T14:46:38.621,horizontal,,,0,11,0.9294,YOLO-omega,
cap_000858,2026-09-22T14:46:38.751,horizontal,,,0,11,0.9303,YOLO-omega,
cap_000859,2026-09-22T14:46:38.879,horizontal,,,0,11,0.9330,YOLO-omega,
cap_000860,2026-09-22T14:46:38.974,horizontal,,,0,9,0.9310,YOLO-omega,
cap_000861,2026-09-22T14:46:39.114,horizontal,,,0,10,0.9370,YOLO-omega,
cap_000862,2026-09-22T14:46:39.201,horizontal,,,0,9,0.9371,YOLO-omega,
cap_000863,2026-09-22T14:46:39.320,horizontal,,,0,9,0.9347,YOLO-omega,
cap_000864,2026-09-22T14:46:39.422,horizontal,,,0,10,0.9400,YOLO-omega,
cap_000865,2026-09-22T14:46:39.545,horizontal,,,0,9,0.9383,YOLO-omega,
cap_000866,2026-09-22T14:46:39.681,horizontal,,,0,10,0.9376,YOLO-omega,
cap_000867,2026-09-22T14:46:39.779,horizontal,,,0,9,0.9398,YOLO-omega,
cap_000868,2026-09-22T14:46:39.928,horizontal,,,0,11,0.9413,YOLO-omega,
cap_000869,2026-09-22T14:46:40.018,horizontal,,,0,11,0.9420,YOLO-omega,
cap_000870,2026-09-22T14:46:40.132,horizontal,,,0,12,0.9369,YOLO-omega,
cap_000871,2026-09-22T14:46:40.224,horizontal,,,0,11,0.9332,YOLO-omega,
cap_000872,2026-09-22T14:46:40.358,horizontal,,,0,11,0.9326,YOLO-omega,
cap_000873,2026-09-22T14:46:40.456,horizontal,,,0,11,0.9294,YOLO-omega,
cap_000874,2026-09-22T14:46:40.588,horizontal,,,0,10,0.9285,YOLO-omega,
cap_000875,2026-09-22T14:46:40.722,horizontal,,,0,9,0.9231,YOLO-omega,
cap_000876,2026-09-22T14:46:40.817,horizontal,,,0,10,0.9214,YOLO-omega,
cap_000877,2026-09-22T14:46:40.927,horizontal,,,0,10,0.9095,YOLO-omega,
cap_000878,2026-09-22T14:46:41.024,horizontal,,,0,10,0.9129,YOLO-omega,
cap_000879,2026-09-22T14:46:41.156,horizontal,,,0,11,0.9140,YOLO-omega,
cap_000880,2026-09-22T14:46:41.246,horizontal,,,0,10,0.9150,YOLO-omega,
cap_000881,2026-09-22T14:46:41.377,horizontal,,,0,10,0.9201,YOLO-omega,
cap_000882,2026-09-22T14:46:41.505,horizontal,,,0,12,0.9218,YOLO-omega,
cap_000883,2026-09-22T14:46:41.607,horizontal,,,0,12,0.9221,YOLO-omega,
cap_000884,2026-09-22T14:46:41.729,horizontal,,,0,10,0.9246,YOLO-omega,
cap_000885,2026-09-22T14:46:41.829,horizontal,,,0,11,0.9262,YOLO-omega,
cap_000886,2026-09-22T14:46:41.954,horizontal,,,0,12,0.9253,YOLO-omega,
cap_000887,2026-09-22T14:46:42.053,horizontal,,,0,11,0.9272,YOLO-omega,
cap_000888,2026-09-22T14:46:42.179,horizontal,,,0,10,0.9237,YOLO-omega,
cap_000889,2026-09-22T14:46:42.267,horizontal,,,0,9,0.9276,YOLO-omega,
cap_000890,2026-09-22T14:46:42.395,horizontal,,,0,9,0.9289,YOLO-omega,
cap_000891,2026-09-22T14:46:42.523,horizontal,,,0,10,0.9275,YOLO-omega,
cap_000892,2026-09-22T14:46:42.634,horizontal,,,0,11,0.9273,YOLO-omega,
cap_000893,2026-09-22T14:46:42.784,horizontal,,,0,11,0.9236,YOLO-omega,
cap_000894,2026-09-22T14:46:42.872,horizontal,,,0,9,0.9200,YOLO-omega,
cap_000895,2026-09-22T14:46:42.974,horizontal,,,0,9,0.9220,YOLO-omega,
cap_000896,2026-09-22T14:46:43.071,horizontal,,,0,10,0.9212,YOLO-omega,
cap_000897,2026-09-22T14:46:43.199,horizontal,,,0,8,0.9233,YOLO-omega,
cap_000898,2026-09-22T14:46:43.329,horizontal,,,0,8,0.9238,YOLO-omega,
cap_000899,2026-09-22T14:46:43.423,horizontal,,,0,9,0.9218,YOLO-omega,
cap_000900,2026-09-22T14:46:43.550,horizontal,,,0,9,0.9229,YOLO-omega,
cap_000901,2026-09-22T14:46:43.653,horizontal,,,0,9,0.9225,YOLO-omega,
cap_000902,2026-09-22T14:46:43.846,horizontal,,,0,11,0.9139,YOLO-omega,
cap_000903,2026-09-22T14:46:43.945,horizontal,,,0,11,0.9152,YOLO-omega,
cap_000904,2026-09-22T14:46:44.040,horizontal,,,0,10,0.9229,YOLO-omega,
cap_000905,2026-09-22T14:46:44.133,horizontal,,,0,10,0.9243,YOLO-omega,
cap_000906,2026-09-22T14:46:44.235,horizontal,,,0,9,0.9228,YOLO-omega,
cap_000907,2026-09-22T14:46:44.359,horizontal,,,0,10,0.9167,YOLO-omega,
cap_000908,2026-09-22T14:46:44.454,horizontal,,,0,9,0.9187,YOLO-omega,
cap_000909,2026-09-22T14:46:44.578,horizontal,,,0,9,0.9199,YOLO-omega,
cap_000910,2026-09-22T14:46:44.675,horizontal,,,0,9,0.9198,YOLO-omega,
cap_000911,2026-09-22T14:46:44.843,horizontal,,,0,9,0.9203,YOLO-omega,
cap_000912,2026-09-22T14:46:44.942,horizontal,,,0,9,0.9204,YOLO-omega,
cap_000913,2026-09-22T14:46:45.036,horizontal,,,0,9,0.9269,YOLO-omega,
cap_000914,2026-09-22T14:46:45.131,horizontal,,,0,9,0.9289,YOLO-omega,
cap_000915,2026-09-22T14:46:45.254,horizontal,,,0,10,0.9261,YOLO-omega,
cap_000916,2026-09-22T14:46:45.379,horizontal,,,0,10,0.9250,YOLO-omega,
cap_000917,2026-09-22T14:46:45.475,horizontal,,,0,10,0.9242,YOLO-omega,
cap_000918,2026-09-22T14:46:45.600,horizontal,,,0,10,0.9244,YOLO-omega,
cap_000919,2026-09-22T14:46:45.695,horizontal,,,0,10,0.9185,YOLO-omega,
cap_000920,2026-09-22T14:46:45.826,horizontal,,,0,10,0.9154,YOLO-omega,
cap_000921,2026-09-22T14:46:45.928,horizontal,,,0,10,0.9206,YOLO-omega,
cap_000922,2026-09-22T14:46:46.049,horizontal,,,0,10,0.9228,YOLO-omega,
cap_000923,2026-09-22T14:46:46.190,horizontal,,,0,10,0.9248,YOLO-omega,
cap_000924,2026-09-22T14:46:46.274,horizontal,,,0,9,0.9293,YOLO-omega,
cap_000925,2026-09-22T14:46:46.404,horizontal,,,0,10,0.9311,YOLO-omega,
cap_000926,2026-09-22T14:46:46.497,horizontal,,,0,10,0.9312,YOLO-omega,
cap_000927,2026-09-22T14:46:46.638,horizontal,,,0,11,0.9287,YOLO-omega,
cap_000928,2026-09-22T14:46:46.725,horizontal,,,0,10,0.9294,YOLO-omega,
cap_000929,2026-09-22T14:46:46.846,horizontal,,,0,11,0.9289,YOLO-omega,
cap_000930,2026-09-22T14:46:46.956,horizontal,,,0,13,0.9273,YOLO-omega,
cap_000931,2026-09-22T14:46:47.085,horizontal,,,0,11,0.9283,YOLO-omega,
cap_000932,2026-09-22T14:46:47.219,horizontal,,,0,11,0.9250,YOLO-omega,
cap_000933,2026-09-22T14:46:47.311,horizontal,,,0,11,0.9238,YOLO-omega,
cap_000934,2026-09-22T14:46:47.463,horizontal,,,0,10,0.9226,YOLO-omega,
cap_000935,2026-09-22T14:46:47.661,horizontal,,,0,12,0.9238,YOLO-omega,
cap_000936,2026-09-22T14:46:47.782,horizontal,,,0,11,0.9258,YOLO-omega,
cap_000937,2026-09-22T14:46:47.881,horizontal,,,0,11,0.9252,YOLO-omega,
cap_000938,2026-09-22T14:46:47.970,horizontal,,,0,12,0.9221,YOLO-omega,
cap_000939,2026-09-22T14:46:48.149,horizontal,,,0,11,0.9235,YOLO-omega,
cap_000940,2026-09-22T14:46:48.279,horizontal,,,0,10,0.9198,YOLO-omega,
cap_000941,2026-09-22T14:46:48.370,horizontal,,,0,11,0.9083,YOLO-omega,
cap_000942,2026-09-22T14:46:48.455,horizontal,,,0,9,0.9069,YOLO-omega,
cap_000943,2026-09-22T14:46:48.548,horizontal,,,0,10,0.9052,YOLO-omega,
cap_000944,2026-09-22T14:46:48.634,horizontal,,,0,10,0.9003,YOLO-omega,
cap_000945,2026-09-22T14:46:48.722,horizontal,,,0,10,0.9013,YOLO-omega,
cap_000946,2026-09-22T14:46:48.806,horizontal,,,0,10,0.8966,YOLO-omega,
cap_000947,2026-09-22T14:46:48.896,horizontal,,,0,10,0.8831,YOLO-omega,
cap_000948,2026-09-22T14:46:49.018,horizontal,,,0,9,0.8982,YOLO-omega,
cap_000949,2026-09-22T14:46:49.117,horizontal,,,0,9,0.9072,YOLO-omega,
cap_000950,2026-09-22T14:46:49.280,horizontal,,,0,10,0.9229,YOLO-omega,
cap_000951,2026-09-22T14:46:49.357,horizontal,,,0,9,0.9215,YOLO-omega,
cap_000952,2026-09-22T14:46:49.467,horizontal,,,0,9,0.9116,YOLO-omega,
cap_000953,2026-09-22T14:46:49.564,horizontal,,,0,10,0.9111,YOLO-omega,
cap_000954,2026-09-22T14:46:49.689,horizontal,,,0,10,0.9152,YOLO-omega,
cap_000955,2026-09-22T14:46:49.817,horizontal,,,0,9,0.9156,YOLO-omega,
cap_000956,2026-09-22T14:46:49.909,horizontal,,,0,10,0.9138,YOLO-omega,
cap_000957,2026-09-22T14:46:50.039,horizontal,,,0,10,0.9151,YOLO-omega,
cap_000958,2026-09-22T14:46:50.136,horizontal,,,0,10,0.9251,YOLO-omega,
cap_000959,2026-09-22T14:46:50.262,horizontal,,,0,7,0.9296,YOLO-omega,
cap_000960,2026-09-22T14:46:50.357,horizontal,,,0,10,0.9139,YOLO-omega,
cap_000961,2026-09-22T14:46:50.488,horizontal,,,0,10,0.9008,YOLO-omega,
cap_000962,2026-09-22T14:46:50.581,horizontal,,,0,11,0.8847,YOLO-omega,
cap_000963,2026-09-22T14:46:50.712,horizontal,,,0,11,0.8801,YOLO-omega,
cap_000964,2026-09-22T14:46:50.851,horizontal,,,0,10,0.8759,YOLO-omega,
cap_000965,2026-09-22T14:46:50.954,horizontal,,,0,10,0.8816,YOLO-omega,
cap_000966,2026-09-22T14:46:51.079,horizontal,,,0,11,0.8828,YOLO-omega,
cap_000967,2026-09-22T14:46:51.174,horizontal,,,0,11,0.8871,YOLO-omega,
cap_000968,2026-09-22T14:46:51.307,horizontal,,,0,13,0.8920,YOLO-omega,
cap_000969,2026-09-22T14:46:51.398,horizontal,,,0,11,0.8799,YOLO-omega,
cap_000970,2026-09-22T14:46:51.531,horizontal,,,0,12,0.8832,YOLO-omega,
cap_000971,2026-09-22T14:46:51.619,horizontal,,,0,10,0.8848,YOLO-omega,
cap_000972,2026-09-22T14:46:51.748,horizontal,,,0,10,0.8901,YOLO-omega,
cap_000973,2026-09-22T14:46:51.883,horizontal,,,0,9,0.8917,YOLO-omega,
cap_000974,2026-09-22T14:46:51.971,horizontal,,,0,9,0.8901,YOLO-omega,
cap_000975,2026-09-22T14:46:52.098,horizontal,,,0,9,0.8908,YOLO-omega,
cap_000976,2026-09-22T14:46:52.202,horizontal,,,0,12,0.8868,YOLO-omega,
cap_000977,2026-09-22T14:46:52.322,horizontal,,,0,13,0.8883,YOLO-omega,
cap_000978,2026-09-22T14:46:52.415,horizontal,,,0,12,0.8828,YOLO-omega,
cap_000979,2026-09-22T14:46:52.542,horizontal,,,0,12,0.8994,YOLO-omega,
cap_000980,2026-09-22T14:46:52.667,horizontal,,,0,12,0.9196,YOLO-omega,
cap_000981,2026-09-22T14:46:52.768,horizontal,,,0,12,0.9093,YOLO-omega,
cap_000982,2026-09-22T14:46:52.896,horizontal,,,0,11,0.9114,YOLO-omega,
cap_000983,2026-09-22T14:46:52.991,horizontal,,,0,11,0.9157,YOLO-omega,
cap_000984,2026-09-22T14:46:53.122,horizontal,,,0,10,0.9191,YOLO-omega,
cap_000985,2026-09-22T14:46:53.215,horizontal,,,0,9,0.9212,YOLO-omega,
cap_000986,2026-09-22T14:46:53.344,horizontal,,,0,10,0.9257,YOLO-omega,
cap_000987,2026-09-22T14:46:53.450,horizontal,,,0,8,0.9245,YOLO-omega,
cap_000988,2026-09-22T14:46:53.573,horizontal,,,0,9,0.9202,YOLO-omega,
cap_000989,2026-09-22T14:46:53.697,horizontal,,,0,9,0.9201,YOLO-omega,
cap_000990,2026-09-22T14:46:53.796,horizontal,,,0,8,0.9127,YOLO-omega,
cap_000991,2026-09-22T14:46:53.917,horizontal,,,0,9,0.8919,YOLO-omega,
cap_000992,2026-09-22T14:46:54.017,horizontal,,,0,9,0.8966,YOLO-omega,
cap_000993,2026-09-22T14:46:54.145,horizontal,,,0,9,0.9008,YOLO-omega,
cap_000994,2026-09-22T14:46:54.239,horizontal,,,0,10,0.8908,YOLO-omega,
cap_000995,2026-09-22T14:46:54.372,horizontal,,,0,8,0.9093,YOLO-omega,
cap_000996,2026-09-22T14:46:54.506,horizontal,,,0,10,0.9019,YOLO-omega,
cap_000997,2026-09-22T14:46:54.591,horizontal,,,0,11,0.8896,YOLO-omega,
cap_000998,2026-09-22T14:46:54.725,horizontal,,,0,10,0.9082,YOLO-omega,
cap_000999,2026-09-22T14:46:54.819,horizontal,,,0,8,0.9025,YOLO-omega,
cap_001000,2026-09-22T14:46:54.948,horizontal,,,0,9,0.9006,YOLO-omega,
cap_001001,2026-09-22T14:46:55.038,horizontal,,,0,8,0.8884,YOLO-omega,
cap_001002,2026-09-22T14:46:55.172,horizontal,,,0,8,0.8840,YOLO-omega,
cap_001003,2026-09-22T14:46:55.262,horizontal,,,0,7,0.8837,YOLO-omega,
cap_001004,2026-09-22T14:46:55.394,horizontal,,,0,10,0.8828,YOLO-omega,
cap_001005,2026-09-22T14:46:55.521,horizontal,,,0,10,0.8834,YOLO-omega,
cap_001006,2026-09-22T14:46:55.643,horizontal,,,0,9,0.8852,YOLO-omega,
cap_001007,2026-09-22T14:46:55.742,horizontal,,,0,10,0.8881,YOLO-omega,
cap_001008,2026-09-22T14:46:55.839,horizontal,,,0,10,0.8904,YOLO-omega,
cap_001009,2026-09-22T14:46:55.968,horizontal,,,0,9,0.8872,YOLO-omega,
cap_001010,2026-09-22T14:46:56.061,horizontal,,,0,9,0.8861,YOLO-omega,
cap_001011,2026-09-22T14:46:56.192,horizontal,,,0,9,0.8860,YOLO-omega,
cap_001012,2026-09-22T14:46:56.286,horizontal,,,0,7,0.8891,YOLO-omega,
cap_001013,2026-09-22T14:46:56.418,horizontal,,,0,7,0.8908,YOLO-omega,
cap_001014,2026-09-22T14:46:56.546,horizontal,,,0,8,0.8903,YOLO-omega,
cap_001015,2026-09-22T14:46:56.641,horizontal,,,0,7,0.8904,YOLO-omega,
cap_001016,2026-09-22T14:46:56.763,horizontal,,,0,7,0.8906,YOLO-omega,
cap_001017,2026-09-22T14:46:56.866,horizontal,,,0,7,0.8923,YOLO-omega,
cap_001018,2026-09-22T14:46:56.987,horizontal,,,0,6,0.8913,YOLO-omega,
cap_001019,2026-09-22T14:46:57.087,horizontal,,,0,9,0.8929,YOLO-omega,
cap_001020,2026-09-22T14:46:57.221,horizontal,,,0,8,0.8964,YOLO-omega,
cap_001021,2026-09-22T14:46:57.379,horizontal,,,0,9,0.8990,YOLO-omega,
cap_001022,2026-09-22T14:46:57.487,horizontal,,,0,7,0.8938,YOLO-omega,
cap_001023,2026-09-22T14:46:57.587,horizontal,,,0,10,0.8950,YOLO-omega,
cap_001024,2026-09-22T14:46:57.680,horizontal,,,0,9,0.9062,YOLO-omega,
cap_001025,2026-09-22T14:46:57.796,horizontal,,,0,9,0.8962,YOLO-omega,
cap_001026,2026-09-22T14:46:57.891,horizontal,,,0,9,0.8977,YOLO-omega,
cap_001027,2026-09-22T14:46:58.017,horizontal,,,0,10,0.8984,YOLO-omega,
cap_001028,2026-09-22T14:46:58.114,horizontal,,,0,11,0.8967,YOLO-omega,
cap_001029,2026-09-22T14:46:58.317,horizontal,,,0,9,0.8953,YOLO-omega,
cap_001030,2026-09-22T14:46:58.424,horizontal,,,0,10,0.8930,YOLO-omega,
cap_001031,2026-09-22T14:46:58.533,horizontal,,,0,10,0.8887,YOLO-omega,
cap_001032,2026-09-22T14:46:58.729,horizontal,,,0,12,0.8863,YOLO-omega,
cap_001033,2026-09-22T14:46:58.820,horizontal,,,0,10,0.9318,YOLO-omega,
cap_001034,2026-09-22T14:46:58.914,horizontal,,,0,12,0.9151,YOLO-omega,
cap_001035,2026-09-22T14:46:59.005,horizontal,,,0,12,0.9111,YOLO-omega,
cap_001036,2026-09-22T14:46:59.098,horizontal,,,0,11,0.9127,YOLO-omega,
cap_001037,2026-09-22T14:46:59.192,horizontal,,,0,10,0.9146,YOLO-omega,
cap_001038,2026-09-22T14:46:59.276,horizontal,,,0,12,0.9135,YOLO-omega,
cap_001039,2026-09-22T14:46:59.389,horizontal,,,0,12,0.9149,YOLO-omega,
cap_001040,2026-09-22T14:46:59.487,horizontal,,,0,11,0.9159,YOLO-omega,
cap_001041,2026-09-22T14:46:59.622,horizontal,,,0,10,0.9183,YOLO-omega,
cap_001042,2026-09-22T14:46:59.714,horizontal,,,0,10,0.9170,YOLO-omega,
cap_001043,2026-09-22T14:46:59.846,horizontal,,,0,12,0.9140,YOLO-omega,
cap_001044,2026-09-22T14:46:59.937,horizontal,,,0,11,0.9123,YOLO-omega,
cap_001045,2026-09-22T14:47:00.062,horizontal,,,0,11,0.9125,YOLO-omega,
cap_001046,2026-09-22T14:47:00.190,horizontal,,,0,10,0.9055,YOLO-omega,
cap_001047,2026-09-22T14:47:00.286,horizontal,,,0,10,0.9123,YOLO-omega,
cap_001048,2026-09-22T14:47:00.414,horizontal,,,0,9,0.9160,YOLO-omega,
cap_001049,2026-09-22T14:47:00.506,horizontal,,,0,11,0.9223,YOLO-omega,
cap_001050,2026-09-22T14:47:00.634,horizontal,,,0,13,0.9226,YOLO-omega,
cap_001051,2026-09-22T14:47:00.727,horizontal,,,0,12,0.9212,YOLO-omega,
cap_001052,2026-09-22T14:47:00.854,horizontal,,,0,13,0.9229,YOLO-omega,
cap_001053,2026-09-22T14:47:00.982,horizontal,,,0,13,0.9226,YOLO-omega,
cap_001054,2026-09-22T14:47:01.078,horizontal,,,0,12,0.9279,YOLO-omega,
cap_001055,2026-09-22T14:47:01.211,horizontal,,,0,11,0.9260,YOLO-omega,
cap_001056,2026-09-22T14:47:01.303,horizontal,,,0,10,0.9244,YOLO-omega,
cap_001057,2026-09-22T14:47:01.429,horizontal,,,0,12,0.9204,YOLO-omega,
cap_001058,2026-09-22T14:47:01.529,horizontal,,,0,11,0.9128,YOLO-omega,
cap_001059,2026-09-22T14:47:01.652,horizontal,,,0,10,0.9117,YOLO-omega,
cap_001060,2026-09-22T14:47:01.753,horizontal,,,0,11,0.9097,YOLO-omega,
cap_001061,2026-09-22T14:47:01.884,horizontal,,,0,8,0.9131,YOLO-omega,
cap_001062,2026-09-22T14:47:02.010,horizontal,,,0,11,0.9074,YOLO-omega,
cap_001063,2026-09-22T14:47:02.102,horizontal,,,0,12,0.9070,YOLO-omega,
cap_001064,2026-09-22T14:47:02.231,horizontal,,,0,12,0.9089,YOLO-omega,
cap_001065,2026-09-22T14:47:02.327,horizontal,,,0,12,0.9137,YOLO-omega,
cap_001066,2026-09-22T14:47:02.453,horizontal,,,0,12,0.9114,YOLO-omega,
cap_001067,2026-09-22T14:47:02.557,horizontal,,,0,13,0.9131,YOLO-omega,
cap_001068,2026-09-22T14:47:02.688,horizontal,,,0,12,0.9019,YOLO-omega,
cap_001069,2026-09-22T14:47:02.779,horizontal,,,0,12,0.9015,YOLO-omega,
cap_001070,2026-09-22T14:47:02.906,horizontal,,,0,11,0.8984,YOLO-omega,
cap_001071,2026-09-22T14:47:03.035,horizontal,,,0,16,0.8912,YOLO-omega,
cap_001072,2026-09-22T14:47:03.126,horizontal,,,0,17,0.8967,YOLO-omega,
cap_001073,2026-09-22T14:47:03.257,horizontal,,,0,15,0.8923,YOLO-omega,
cap_001074,2026-09-22T14:47:03.355,horizontal,,,0,16,0.8967,YOLO-omega,
cap_001075,2026-09-22T14:47:03.479,horizontal,,,0,13,0.8992,YOLO-omega,
cap_001076,2026-09-22T14:47:03.577,horizontal,,,0,13,0.9047,YOLO-omega,
cap_001077,2026-09-22T14:47:03.706,horizontal,,,0,13,0.9018,YOLO-omega,
cap_001078,2026-09-22T14:47:03.832,horizontal,,,0,13,0.9024,YOLO-omega,
cap_001079,2026-09-22T14:47:03.927,horizontal,,,0,14,0.9085,YOLO-omega,
cap_001080,2026-09-22T14:47:04.055,horizontal,,,0,15,0.9173,YOLO-omega,
cap_001081,2026-09-22T14:47:04.151,horizontal,,,0,14,0.9147,YOLO-omega,
cap_001082,2026-09-22T14:47:04.278,horizontal,,,0,13,0.9135,YOLO-omega,
cap_001083,2026-09-22T14:47:04.375,horizontal,,,0,14,0.9121,YOLO-omega,
cap_001084,2026-09-22T14:47:04.502,horizontal,,,0,14,0.9148,YOLO-omega,
cap_001085,2026-09-22T14:47:04.595,horizontal,,,0,14,0.9142,YOLO-omega,
cap_001086,2026-09-22T14:47:04.727,horizontal,,,0,14,0.9114,YOLO-omega,
cap_001087,2026-09-22T14:47:04.854,horizontal,,,0,13,0.9094,YOLO-omega,
cap_001088,2026-09-22T14:47:04.951,horizontal,,,0,14,0.9203,YOLO-omega,
cap_001089,2026-09-22T14:47:05.078,horizontal,,,0,15,0.9187,YOLO-omega,
cap_001090,2026-09-22T14:47:05.176,horizontal,,,0,14,0.9158,YOLO-omega,
cap_001091,2026-09-22T14:47:05.304,horizontal,,,0,14,0.9132,YOLO-omega,
cap_001092,2026-09-22T14:47:05.398,horizontal,,,0,13,0.9181,YOLO-omega,
cap_001093,2026-09-22T14:47:05.523,horizontal,,,0,14,0.9159,YOLO-omega,
cap_001094,2026-09-22T14:47:05.656,horizontal,,,0,13,0.9054,YOLO-omega,
cap_001095,2026-09-22T14:47:05.752,horizontal,,,0,13,0.9145,YOLO-omega,
cap_001096,2026-09-22T14:47:05.883,horizontal,,,0,12,0.9056,YOLO-omega,
cap_001097,2026-09-22T14:47:05.981,horizontal,,,0,13,0.9075,YOLO-omega,
cap_001098,2026-09-22T14:47:06.102,horizontal,,,0,13,0.9075,YOLO-omega,
cap_001099,2026-09-22T14:47:06.199,horizontal,,,0,12,0.9119,YOLO-omega,
cap_001100,2026-09-22T14:47:06.328,horizontal,,,0,15,0.9090,YOLO-omega,
cap_001101,2026-09-22T14:47:06.422,horizontal,,,0,15,0.9092,YOLO-omega,
cap_001102,2026-09-22T14:47:06.549,horizontal,,,0,13,0.9162,YOLO-omega,
cap_001103,2026-09-22T14:47:06.680,horizontal,,,0,14,0.9201,YOLO-omega,
cap_001104,2026-09-22T14:47:06.773,horizontal,,,0,14,0.9153,YOLO-omega,
cap_001105,2026-09-22T14:47:06.899,horizontal,,,0,15,0.8988,YOLO-omega,
cap_001106,2026-09-22T14:47:06.998,horizontal,,,0,15,0.8937,YOLO-omega,
cap_001107,2026-09-22T14:47:07.127,horizontal,,,0,15,0.8767,YOLO-omega,
cap_001108,2026-09-22T14:47:07.225,horizontal,,,0,16,0.8769,YOLO-omega,
cap_001109,2026-09-22T14:47:07.345,horizontal,,,0,15,0.8641,YOLO-omega,
cap_001110,2026-09-22T14:47:07.476,horizontal,,,0,14,0.8742,YOLO-omega,
cap_001111,2026-09-22T14:47:07.574,horizontal,,,0,15,0.8749,YOLO-omega,
cap_001112,2026-09-22T14:47:07.702,horizontal,,,0,15,0.8794,YOLO-omega,
cap_001113,2026-09-22T14:47:07.798,horizontal,,,0,15,0.8755,YOLO-omega,
cap_001114,2026-09-22T14:47:07.924,horizontal,,,0,14,0.8768,YOLO-omega,
cap_001115,2026-09-22T14:47:08.023,horizontal,,,0,13,0.8718,YOLO-omega,
cap_001116,2026-09-22T14:47:08.151,horizontal,,,0,12,0.8694,YOLO-omega,
cap_001117,2026-09-22T14:47:08.246,horizontal,,,0,12,0.8585,YOLO-omega,
cap_001118,2026-09-22T14:47:08.375,horizontal,,,0,13,0.8539,YOLO-omega,
cap_001119,2026-09-22T14:47:08.500,horizontal,,,0,14,0.8611,YOLO-omega,
cap_001120,2026-09-22T14:47:08.600,horizontal,,,0,14,0.8600,YOLO-omega,
cap_001121,2026-09-22T14:47:08.727,horizontal,,,0,14,0.8639,YOLO-omega,
cap_001122,2026-09-22T14:47:08.829,horizontal,,,0,16,0.8655,YOLO-omega,
cap_001123,2026-09-22T14:47:08.955,horizontal,,,0,15,0.8608,YOLO-omega,
cap_001124,2026-09-22T14:47:09.051,horizontal,,,0,14,0.8600,YOLO-omega,
cap_001125,2026-09-22T14:47:09.177,horizontal,,,0,13,0.8586,YOLO-omega,
cap_001126,2026-09-22T14:47:09.274,horizontal,,,0,15,0.8805,YOLO-omega,
cap_001127,2026-09-22T14:47:09.408,horizontal,,,0,14,0.8875,YOLO-omega,
cap_001128,2026-09-22T14:47:09.534,horizontal,,,0,15,0.9004,YOLO-omega,
cap_001129,2026-09-22T14:47:09.625,horizontal,,,0,14,0.8966,YOLO-omega,
cap_001130,2026-09-22T14:47:09.755,horizontal,,,0,12,0.8940,YOLO-omega,
cap_001131,2026-09-22T14:47:09.849,horizontal,,,0,13,0.9019,YOLO-omega,
cap_001132,2026-09-22T14:47:09.975,horizontal,,,0,13,0.8908,YOLO-omega,
cap_001133,2026-09-22T14:47:10.073,horizontal,,,0,12,0.8890,YOLO-omega,
cap_001134,2026-09-22T14:47:10.199,horizontal,,,0,13,0.8877,YOLO-omega,
cap_001135,2026-09-22T14:47:10.324,horizontal,,,0,15,0.8973,YOLO-omega,
cap_001136,2026-09-22T14:47:10.421,horizontal,,,0,13,0.8991,YOLO-omega,
cap_001137,2026-09-22T14:47:10.554,horizontal,,,0,14,0.8877,YOLO-omega,
cap_001138,2026-09-22T14:47:10.651,horizontal,,,0,11,0.8821,YOLO-omega,
cap_001139,2026-09-22T14:47:10.800,horizontal,,,0,11,0.8839,YOLO-omega,
cap_001140,2026-09-22T14:47:10.886,horizontal,,,0,12,0.8717,YOLO-omega,
cap_001141,2026-09-22T14:47:11.005,horizontal,,,0,13,0.8918,YOLO-omega,
cap_001142,2026-09-22T14:47:11.100,horizontal,,,0,13,0.8927,YOLO-omega,
cap_001143,2026-09-22T14:47:11.228,horizontal,,,0,13,0.9126,YOLO-omega,
cap_001144,2026-09-22T14:47:11.354,horizontal,,,0,13,0.9189,YOLO-omega,
cap_001145,2026-09-22T14:47:11.450,horizontal,,,0,12,0.9224,YOLO-omega,
cap_001146,2026-09-22T14:47:11.580,horizontal,,,0,14,0.9133,YOLO-omega,
cap_001147,2026-09-22T14:47:11.674,horizontal,,,0,12,0.9197,YOLO-omega,
cap_001148,2026-09-22T14:47:11.805,horizontal,,,0,13,0.9142,YOLO-omega,
cap_001149,2026-09-22T14:47:11.910,horizontal,,,0,14,0.9112,YOLO-omega,
cap_001150,2026-09-22T14:47:12.040,horizontal,,,0,14,0.9171,YOLO-omega,
cap_001151,2026-09-22T14:47:12.168,horizontal,,,0,13,0.9179,YOLO-omega,
cap_001152,2026-09-22T14:47:12.265,horizontal,,,0,13,0.9178,YOLO-omega,
cap_001153,2026-09-22T14:47:12.389,horizontal,,,0,14,0.9176,YOLO-omega,
cap_001154,2026-09-22T14:47:12.490,horizontal,,,0,13,0.9157,YOLO-omega,
cap_001155,2026-09-22T14:47:12.622,horizontal,,,0,13,0.9054,YOLO-omega,
cap_001156,2026-09-22T14:47:12.716,horizontal,,,0,13,0.9162,YOLO-omega,
cap_001157,2026-09-22T14:47:12.826,horizontal,,,0,13,0.9171,YOLO-omega,
cap_001158,2026-09-22T14:47:12.930,horizontal,,,0,11,0.9056,YOLO-omega,
cap_001159,2026-09-22T14:47:13.053,horizontal,,,0,12,0.9082,YOLO-omega,
cap_001160,2026-09-22T14:47:13.182,horizontal,,,0,15,0.9114,YOLO-omega,
cap_001161,2026-09-22T14:47:13.276,horizontal,,,0,12,0.9099,YOLO-omega,
cap_001162,2026-09-22T14:47:13.404,horizontal,,,0,12,0.9161,YOLO-omega,
cap_001163,2026-09-22T14:47:13.499,horizontal,,,0,13,0.9076,YOLO-omega,
cap_001164,2026-09-22T14:47:13.627,horizontal,,,0,13,0.9079,YOLO-omega,
cap_001165,2026-09-22T14:47:13.728,horizontal,,,0,13,0.9099,YOLO-omega,
cap_001166,2026-09-22T14:47:13.855,horizontal,,,0,14,0.9097,YOLO-omega,
cap_001167,2026-09-22T14:47:13.978,horizontal,,,0,12,0.9075,YOLO-omega,
cap_001168,2026-09-22T14:47:14.072,horizontal,,,0,12,0.9085,YOLO-omega,
cap_001169,2026-09-22T14:47:14.198,horizontal,,,0,13,0.9086,YOLO-omega,
cap_001170,2026-09-22T14:47:14.296,horizontal,,,0,11,0.9127,YOLO-omega,
cap_001171,2026-09-22T14:47:14.424,horizontal,,,0,12,0.9084,YOLO-omega,
cap_001172,2026-09-22T14:47:14.521,horizontal,,,0,12,0.9112,YOLO-omega,
cap_001173,2026-09-22T14:47:14.669,horizontal,,,0,13,0.9180,YOLO-omega,
cap_001174,2026-09-22T14:47:14.766,horizontal,,,0,13,0.9235,YOLO-omega,
cap_001175,2026-09-22T14:47:14.884,horizontal,,,0,13,0.9246,YOLO-omega,
cap_001176,2026-09-22T14:47:15.006,horizontal,,,0,13,0.9246,YOLO-omega,
cap_001177,2026-09-22T14:47:15.103,horizontal,,,0,12,0.9233,YOLO-omega,
cap_001178,2026-09-22T14:47:15.229,horizontal,,,0,12,0.9257,YOLO-omega,
cap_001179,2026-09-22T14:47:15.318,horizontal,,,0,12,0.9234,YOLO-omega,
cap_001180,2026-09-22T14:47:15.451,horizontal,,,0,11,0.9247,YOLO-omega,
cap_001181,2026-09-22T14:47:15.564,horizontal,,,0,11,0.9258,YOLO-omega,
cap_001182,2026-09-22T14:47:15.710,horizontal,,,0,11,0.9235,YOLO-omega,
cap_001183,2026-09-22T14:47:15.792,horizontal,,,0,11,0.9257,YOLO-omega,
cap_001184,2026-09-22T14:47:15.899,horizontal,,,0,10,0.9245,YOLO-omega,
cap_001185,2026-09-22T14:47:16.034,horizontal,,,0,10,0.9213,YOLO-omega,
cap_001186,2026-09-22T14:47:16.124,horizontal,,,0,9,0.9182,YOLO-omega,
cap_001187,2026-09-22T14:47:16.250,horizontal,,,0,10,0.9210,YOLO-omega,
cap_001188,2026-09-22T14:47:16.345,horizontal,,,0,9,0.9193,YOLO-omega,
cap_001189,2026-09-22T14:47:16.468,horizontal,,,0,12,0.9110,YOLO-omega,
cap_001190,2026-09-22T14:47:16.565,horizontal,,,0,14,0.9054,YOLO-omega,
cap_001191,2026-09-22T14:47:16.695,horizontal,,,0,14,0.9090,YOLO-omega,
cap_001192,2026-09-22T14:47:16.822,horizontal,,,0,13,0.9049,YOLO-omega,
cap_001193,2026-09-22T14:47:16.917,horizontal,,,0,13,0.9005,YOLO-omega,
cap_001194,2026-09-22T14:47:17.045,horizontal,,,0,13,0.9005,YOLO-omega,
cap_001195,2026-09-22T14:47:17.142,horizontal,,,0,12,0.8979,YOLO-omega,
cap_001196,2026-09-22T14:47:17.269,horizontal,,,0,12,0.8900,YOLO-omega,
cap_001197,2026-09-22T14:47:17.378,horizontal,,,0,12,0.9121,YOLO-omega,
cap_001198,2026-09-22T14:47:17.504,horizontal,,,0,11,0.9115,YOLO-omega,
cap_001199,2026-09-22T14:47:17.610,horizontal,,,0,13,0.9109,YOLO-omega,
cap_001200,2026-09-22T14:47:17.722,horizontal,,,0,13,0.9034,YOLO-omega,
cap_001201,2026-09-22T14:47:17.851,horizontal,,,0,14,0.9058,YOLO-omega,
cap_001202,2026-09-22T14:47:17.951,horizontal,,,0,13,0.9066,YOLO-omega,
cap_001203,2026-09-22T14:47:18.079,horizontal,,,0,12,0.9051,YOLO-omega,
cap_001204,2026-09-22T14:47:18.174,horizontal,,,0,11,0.9042,YOLO-omega,
cap_001205,2026-09-22T14:47:18.304,horizontal,,,0,12,0.9035,YOLO-omega,
cap_001206,2026-09-22T14:47:18.401,horizontal,,,0,10,0.9015,YOLO-omega,
cap_001207,2026-09-22T14:47:18.533,horizontal,,,0,12,0.9088,YOLO-omega,
cap_001208,2026-09-22T14:47:18.667,horizontal,,,0,12,0.9034,YOLO-omega,
cap_001209,2026-09-22T14:47:18.745,horizontal,,,0,9,0.9044,YOLO-omega,
cap_001210,2026-09-22T14:47:18.873,horizontal,,,0,11,0.9025,YOLO-omega,
cap_001211,2026-09-22T14:47:18.970,horizontal,,,0,11,0.9079,YOLO-omega,
cap_001212,2026-09-22T14:47:19.096,horizontal,,,0,11,0.9084,YOLO-omega,
cap_001213,2026-09-22T14:47:19.193,horizontal,,,0,11,0.9028,YOLO-omega,
cap_001214,2026-09-22T14:47:19.323,horizontal,,,0,12,0.9065,YOLO-omega,
cap_001215,2026-09-22T14:47:19.421,horizontal,,,0,10,0.9086,YOLO-omega,
cap_001216,2026-09-22T14:47:19.543,horizontal,,,0,12,0.9094,YOLO-omega,
cap_001217,2026-09-22T14:47:19.670,horizontal,,,0,12,0.9088,YOLO-omega,
cap_001218,2026-09-22T14:47:19.768,horizontal,,,0,12,0.9105,YOLO-omega,
cap_001219,2026-09-22T14:47:19.892,horizontal,,,0,11,0.9224,YOLO-omega,
cap_001220,2026-09-22T14:47:20.018,horizontal,,,0,12,0.9233,YOLO-omega,
cap_001221,2026-09-22T14:47:20.119,horizontal,,,0,12,0.9073,YOLO-omega,
cap_001222,2026-09-22T14:47:20.213,horizontal,,,0,13,0.9240,YOLO-omega,
cap_001223,2026-09-22T14:47:20.346,horizontal,,,0,14,0.9245,YOLO-omega,
cap_001224,2026-09-22T14:47:20.469,horizontal,,,0,13,0.9279,YOLO-omega,
cap_001225,2026-09-22T14:47:20.568,horizontal,,,0,14,0.9225,YOLO-omega,
cap_001226,2026-09-22T14:47:20.706,horizontal,,,0,13,0.9171,YOLO-omega,
cap_001227,2026-09-22T14:47:20.802,horizontal,,,0,12,0.9196,YOLO-omega,
cap_001228,2026-09-22T14:47:20.928,horizontal,,,0,12,0.9130,YOLO-omega,
cap_001229,2026-09-22T14:47:21.023,horizontal,,,0,13,0.9177,YOLO-omega,
cap_001230,2026-09-22T14:47:21.151,horizontal,,,0,13,0.9163,YOLO-omega,
cap_001231,2026-09-22T14:47:21.246,horizontal,,,0,15,0.9081,YOLO-omega,
cap_001232,2026-09-22T14:47:21.376,horizontal,,,0,15,0.9134,YOLO-omega,
cap_001233,2026-09-22T14:47:21.516,horizontal,,,0,13,0.9165,YOLO-omega,
cap_001234,2026-09-22T14:47:21.619,horizontal,,,0,11,0.9146,YOLO-omega,
cap_001235,2026-09-22T14:47:21.735,horizontal,,,0,12,0.9129,YOLO-omega,
cap_001236,2026-09-22T14:47:21.822,horizontal,,,0,11,0.9198,YOLO-omega,
cap_001237,2026-09-22T14:47:21.949,horizontal,,,0,11,0.9181,YOLO-omega,
cap_001238,2026-09-22T14:47:22.049,horizontal,,,0,12,0.9100,YOLO-omega,
cap_001239,2026-09-22T14:47:22.184,horizontal,,,0,13,0.9069,YOLO-omega,
cap_001240,2026-09-22T14:47:22.276,horizontal,,,0,13,0.9105,YOLO-omega,
cap_001241,2026-09-22T14:47:22.401,horizontal,,,0,13,0.9043,YOLO-omega,
cap_001242,2026-09-22T14:47:22.526,horizontal,,,0,12,0.9054,YOLO-omega,
cap_001243,2026-09-22T14:47:22.626,horizontal,,,0,12,0.9073,YOLO-omega,
cap_001244,2026-09-22T14:47:22.755,horizontal,,,0,12,0.9094,YOLO-omega,
cap_001245,2026-09-22T14:47:22.863,horizontal,,,0,12,0.9103,YOLO-omega,
cap_001246,2026-09-22T14:47:22.986,horizontal,,,0,13,0.9229,YOLO-omega,
cap_001247,2026-09-22T14:47:23.078,horizontal,,,0,12,0.9139,YOLO-omega,
cap_001248,2026-09-22T14:47:23.202,horizontal,,,0,11,0.9126,YOLO-omega,
cap_001249,2026-09-22T14:47:23.330,horizontal,,,0,13,0.9113,YOLO-omega,
cap_001250,2026-09-22T14:47:23.425,horizontal,,,0,12,0.9054,YOLO-omega,
cap_001251,2026-09-22T14:47:23.552,horizontal,,,0,13,0.9050,YOLO-omega,
cap_001252,2026-09-22T14:47:23.651,horizontal,,,0,12,0.9086,YOLO-omega,
cap_001253,2026-09-22T14:47:23.771,horizontal,,,0,12,0.9117,YOLO-omega,
cap_001254,2026-09-22T14:47:23.869,horizontal,,,0,13,0.9029,YOLO-omega,
cap_001255,2026-09-22T14:47:23.993,horizontal,,,0,12,0.9014,YOLO-omega,
cap_001256,2026-09-22T14:47:24.094,horizontal,,,0,12,0.8812,YOLO-omega,
cap_001257,2026-09-22T14:47:24.225,horizontal,,,0,11,0.8874,YOLO-omega,
cap_001258,2026-09-22T14:47:24.345,horizontal,,,0,12,0.8999,YOLO-omega,
cap_001259,2026-09-22T14:47:24.443,horizontal,,,0,12,0.9022,YOLO-omega,
cap_001260,2026-09-22T14:47:24.574,horizontal,,,0,12,0.9073,YOLO-omega,
cap_001261,2026-09-22T14:47:24.681,horizontal,,,0,11,0.9068,YOLO-omega,
cap_001262,2026-09-22T14:47:24.804,horizontal,,,0,11,0.9145,YOLO-omega,
cap_001263,2026-09-22T14:47:24.906,horizontal,,,0,12,0.9296,YOLO-omega,
cap_001264,2026-09-22T14:47:25.016,horizontal,,,0,12,0.9294,YOLO-omega,
cap_001265,2026-09-22T14:47:25.165,horizontal,,,0,11,0.9188,YOLO-omega,
cap_001266,2026-09-22T14:47:25.250,horizontal,,,0,12,0.9290,YOLO-omega,
cap_001267,2026-09-22T14:47:25.385,horizontal,,,0,10,0.9298,YOLO-omega,
cap_001268,2026-09-22T14:47:25.466,horizontal,,,0,11,0.9084,YOLO-omega,
cap_001269,2026-09-22T14:47:25.608,horizontal,,,0,10,0.9134,YOLO-omega,
cap_001270,2026-09-22T14:47:25.693,horizontal,,,0,10,0.9113,YOLO-omega,
cap_001271,2026-09-22T14:47:25.831,horizontal,,,0,11,0.9098,YOLO-omega,
cap_001272,2026-09-22T14:47:25.941,horizontal,,,0,9,0.9189,YOLO-omega,
cap_001273,2026-09-22T14:47:26.042,horizontal,,,0,10,0.9353,YOLO-omega,
cap_001274,2026-09-22T14:47:26.170,horizontal,,,0,11,0.9336,YOLO-omega,
cap_001275,2026-09-22T14:47:26.262,horizontal,,,0,9,0.9060,YOLO-omega,
cap_001276,2026-09-22T14:47:26.395,horizontal,,,0,11,0.9256,YOLO-omega,
cap_001277,2026-09-22T14:47:26.489,horizontal,,,0,12,0.9336,YOLO-omega,
cap_001278,2026-09-22T14:47:26.628,horizontal,,,0,11,0.9206,YOLO-omega,
cap_001279,2026-09-22T14:47:26.715,horizontal,,,0,12,0.9245,YOLO-omega,
cap_001280,2026-09-22T14:47:26.849,horizontal,,,0,11,0.9286,YOLO-omega,
cap_001281,2026-09-22T14:47:26.979,horizontal,,,0,11,0.9315,YOLO-omega,
cap_001282,2026-09-22T14:47:27.074,horizontal,,,0,11,0.9152,YOLO-omega,
cap_001283,2026-09-22T14:47:27.222,horizontal,,,0,10,0.9041,YOLO-omega,
cap_001284,2026-09-22T14:47:27.300,horizontal,,,0,11,0.9046,YOLO-omega,
cap_001285,2026-09-22T14:47:27.432,horizontal,,,0,10,0.9031,YOLO-omega,
cap_001286,2026-09-22T14:47:27.512,horizontal,,,0,10,0.9024,YOLO-omega,
cap_001287,2026-09-22T14:47:27.644,horizontal,,,0,10,0.8970,YOLO-omega,
cap_001288,2026-09-22T14:47:27.740,horizontal,,,0,11,0.9018,YOLO-omega,
cap_001289,2026-09-22T14:47:27.870,horizontal,,,0,12,0.8956,YOLO-omega,
cap_001290,2026-09-22T14:47:28.021,horizontal,,,0,13,0.8978,YOLO-omega,
cap_001291,2026-09-22T14:47:28.110,horizontal,,,0,12,0.9017,YOLO-omega,
cap_001292,2026-09-22T14:47:28.230,horizontal,,,0,11,0.9045,YOLO-omega,
cap_001293,2026-09-22T14:47:28.315,horizontal,,,0,11,0.9092,YOLO-omega,
cap_001294,2026-09-22T14:47:28.451,horizontal,,,0,11,0.9089,YOLO-omega,
cap_001295,2026-09-22T14:47:28.539,horizontal,,,0,12,0.9132,YOLO-omega,
cap_001296,2026-09-22T14:47:28.675,horizontal,,,0,12,0.9176,YOLO-omega,
cap_001297,2026-09-22T14:47:28.762,horizontal,,,0,10,0.8972,YOLO-omega,
cap_001298,2026-09-22T14:47:28.889,horizontal,,,0,11,0.8793,YOLO-omega,
cap_001299,2026-09-22T14:47:29.021,horizontal,,,0,10,0.8841,YOLO-omega,
cap_001300,2026-09-22T14:47:29.111,horizontal,,,0,10,0.8861,YOLO-omega,
cap_001301,2026-09-22T14:47:29.244,horizontal,,,0,10,0.8894,YOLO-omega,
cap_001302,2026-09-22T14:47:29.334,horizontal,,,0,11,0.8936,YOLO-omega,
cap_001303,2026-09-22T14:47:29.463,horizontal,,,0,10,0.8795,YOLO-omega,
cap_001304,2026-09-22T14:47:29.559,horizontal,,,0,9,0.9004,YOLO-omega,
cap_001305,2026-09-22T14:47:29.692,horizontal,,,0,10,0.8959,YOLO-omega,
cap_001306,2026-09-22T14:47:29.822,horizontal,,,0,12,0.8882,YOLO-omega,
cap_001307,2026-09-22T14:47:29.919,horizontal,,,0,12,0.9021,YOLO-omega,
cap_001308,2026-09-22T14:47:30.048,horizontal,,,0,9,0.9097,YOLO-omega,
cap_001309,2026-09-22T14:47:30.145,horizontal,,,0,10,0.9120,YOLO-omega,
cap_001310,2026-09-22T14:47:30.270,horizontal,,,0,11,0.9119,YOLO-omega,
cap_001311,2026-09-22T14:47:30.365,horizontal,,,0,9,0.9188,YOLO-omega,
cap_001312,2026-09-22T14:47:30.506,horizontal,,,0,10,0.9107,YOLO-omega,
cap_001313,2026-09-22T14:47:30.607,horizontal,,,0,10,0.9142,YOLO-omega,
cap_001314,2026-09-22T14:47:30.737,horizontal,,,0,12,0.9152,YOLO-omega,
cap_001315,2026-09-22T14:47:30.869,horizontal,,,0,11,0.9161,YOLO-omega,
cap_001316,2026-09-22T14:47:30.965,horizontal,,,0,11,0.9145,YOLO-omega,
cap_001317,2026-09-22T14:47:31.075,horizontal,,,0,11,0.9163,YOLO-omega,
cap_001318,2026-09-22T14:47:31.168,horizontal,,,0,8,0.9143,YOLO-omega,
cap_001319,2026-09-22T14:47:31.291,horizontal,,,0,9,0.9153,YOLO-omega,
cap_001320,2026-09-22T14:47:31.387,horizontal,,,0,10,0.9115,YOLO-omega,
cap_001321,2026-09-22T14:47:31.518,horizontal,,,0,11,0.9119,YOLO-omega,
cap_001322,2026-09-22T14:47:31.640,horizontal,,,0,11,0.9185,YOLO-omega,
cap_001323,2026-09-22T14:47:31.742,horizontal,,,0,14,0.9211,YOLO-omega,
cap_001324,2026-09-22T14:47:31.866,horizontal,,,0,13,0.9186,YOLO-omega,
cap_001325,2026-09-22T14:47:31.971,horizontal,,,0,14,0.9229,YOLO-omega,
cap_001326,2026-09-22T14:47:32.095,horizontal,,,0,13,0.9173,YOLO-omega,
cap_001327,2026-09-22T14:47:32.190,horizontal,,,0,14,0.9185,YOLO-omega,
cap_001328,2026-09-22T14:47:32.316,horizontal,,,0,14,0.9381,YOLO-omega,
cap_001329,2026-09-22T14:47:32.413,horizontal,,,0,14,0.9231,YOLO-omega,
cap_001330,2026-09-22T14:47:32.539,horizontal,,,0,14,0.9240,YOLO-omega,
cap_001331,2026-09-22T14:47:32.666,horizontal,,,0,12,0.9230,YOLO-omega,
cap_001332,2026-09-22T14:47:32.770,horizontal,,,0,11,0.9205,YOLO-omega,
cap_001333,2026-09-22T14:47:32.889,horizontal,,,0,12,0.9188,YOLO-omega,
cap_001334,2026-09-22T14:47:32.990,horizontal,,,0,11,0.9252,YOLO-omega,
cap_001335,2026-09-22T14:47:33.125,horizontal,,,0,12,0.9227,YOLO-omega,
cap_001336,2026-09-22T14:47:33.209,horizontal,,,0,11,0.9250,YOLO-omega,
cap_001337,2026-09-22T14:47:33.339,horizontal,,,0,12,0.9186,YOLO-omega,
cap_001338,2026-09-22T14:47:33.433,horizontal,,,0,13,0.9180,YOLO-omega,
cap_001339,2026-09-22T14:47:33.564,horizontal,,,0,14,0.9159,YOLO-omega,
cap_001340,2026-09-22T14:47:33.699,horizontal,,,0,13,0.9147,YOLO-omega,
cap_001341,2026-09-22T14:47:33.786,horizontal,,,0,11,0.9183,YOLO-omega,
cap_001342,2026-09-22T14:47:33.920,horizontal,,,0,12,0.9192,YOLO-omega,
cap_001343,2026-09-22T14:47:34.019,horizontal,,,0,13,0.9197,YOLO-omega,
cap_001344,2026-09-22T14:47:34.150,horizontal,,,0,12,0.9227,YOLO-omega,
cap_001345,2026-09-22T14:47:34.238,horizontal,,,0,14,0.9188,YOLO-omega,
cap_001346,2026-09-22T14:47:34.367,horizontal,,,0,13,0.9179,YOLO-omega,
cap_001347,2026-09-22T14:47:34.486,horizontal,,,0,11,0.9224,YOLO-omega,
cap_001348,2026-09-22T14:47:34.604,horizontal,,,0,10,0.9176,YOLO-omega,
cap_001349,2026-09-22T14:47:34.718,horizontal,,,0,11,0.9178,YOLO-omega,
cap_001350,2026-09-22T14:47:34.812,horizontal,,,0,10,0.9147,YOLO-omega,
cap_001351,2026-09-22T14:47:34.939,horizontal,,,0,10,0.9124,YOLO-omega,
cap_001352,2026-09-22T14:47:35.048,horizontal,,,0,10,0.9127,YOLO-omega,
cap_001353,2026-09-22T14:47:35.163,horizontal,,,0,12,0.9139,YOLO-omega,
cap_001354,2026-09-22T14:47:35.256,horizontal,,,0,11,0.9152,YOLO-omega,
cap_001355,2026-09-22T14:47:35.388,horizontal,,,0,12,0.9180,YOLO-omega,
cap_001356,2026-09-22T14:47:35.518,horizontal,,,0,12,0.9155,YOLO-omega,
cap_001357,2026-09-22T14:47:35.610,horizontal,,,0,14,0.9138,YOLO-omega,
cap_001358,2026-09-22T14:47:35.746,horizontal,,,0,13,0.9144,YOLO-omega,
cap_001359,2026-09-22T14:47:35.848,horizontal,,,0,13,0.9234,YOLO-omega,
cap_001360,2026-09-22T14:47:35.966,horizontal,,,0,13,0.9165,YOLO-omega,
cap_001361,2026-09-22T14:47:36.059,horizontal,,,0,14,0.9049,YOLO-omega,
cap_001362,2026-09-22T14:47:36.180,horizontal,,,0,12,0.8985,YOLO-omega,
cap_001363,2026-09-22T14:47:36.314,horizontal,,,0,14,0.8939,YOLO-omega,
cap_001364,2026-09-22T14:47:36.406,horizontal,,,0,14,0.8938,YOLO-omega,
cap_001365,2026-09-22T14:47:36.534,horizontal,,,0,13,0.8980,YOLO-omega,
cap_001366,2026-09-22T14:47:36.636,horizontal,,,0,13,0.9014,YOLO-omega,
cap_001367,2026-09-22T14:47:36.763,horizontal,,,0,12,0.8968,YOLO-omega,
cap_001368,2026-09-22T14:47:36.861,horizontal,,,0,12,0.8937,YOLO-omega,
cap_001369,2026-09-22T14:47:36.987,horizontal,,,0,10,0.8926,YOLO-omega,
cap_001370,2026-09-22T14:47:37.084,horizontal,,,0,10,0.8924,YOLO-omega,
cap_001371,2026-09-22T14:47:37.211,horizontal,,,0,14,0.8930,YOLO-omega,
cap_001372,2026-09-22T14:47:37.337,horizontal,,,0,12,0.8903,YOLO-omega,
cap_001373,2026-09-22T14:47:37.455,horizontal,,,0,11,0.8923,YOLO-omega,
cap_001374,2026-09-22T14:47:37.565,horizontal,,,0,10,0.8927,YOLO-omega,
cap_001375,2026-09-22T14:47:37.677,horizontal,,,0,10,0.8860,YOLO-omega,
cap_001376,2026-09-22T14:47:37.789,horizontal,,,0,11,0.8862,YOLO-omega,
cap_001377,2026-09-22T14:47:37.887,horizontal,,,0,12,0.8749,YOLO-omega,
cap_001378,2026-09-22T14:47:38.017,horizontal,,,0,10,0.8829,YOLO-omega,
cap_001379,2026-09-22T14:47:38.135,horizontal,,,0,9,0.8958,YOLO-omega,
cap_001380,2026-09-22T14:47:38.228,horizontal,,,0,12,0.9004,YOLO-omega,
cap_001381,2026-09-22T14:47:38.359,horizontal,,,0,12,0.9138,YOLO-omega,
cap_001382,2026-09-22T14:47:38.456,horizontal,,,0,9,0.9164,YOLO-omega,
cap_001383,2026-09-22T14:47:38.606,horizontal,,,0,11,0.9116,YOLO-omega,
cap_001384,2026-09-22T14:47:38.694,horizontal,,,0,10,0.9099,YOLO-omega,
cap_001385,2026-09-22T14:47:38.817,horizontal,,,0,10,0.9122,YOLO-omega,
cap_001386,2026-09-22T14:47:38.920,horizontal,,,0,9,0.9107,YOLO-omega,
cap_001387,2026-09-22T14:47:39.047,horizontal,,,0,10,0.9141,YOLO-omega,
cap_001388,2026-09-22T14:47:39.169,horizontal,,,0,11,0.9143,YOLO-omega,
cap_001389,2026-09-22T14:47:39.269,horizontal,,,0,12,0.9186,YOLO-omega,
cap_001390,2026-09-22T14:47:39.395,horizontal,,,0,12,0.9159,YOLO-omega,
cap_001391,2026-09-22T14:47:39.491,horizontal,,,0,11,0.9052,YOLO-omega,
cap_001392,2026-09-22T14:47:39.620,horizontal,,,0,12,0.9025,YOLO-omega,
cap_001393,2026-09-22T14:47:39.707,horizontal,,,0,13,0.8998,YOLO-omega,
cap_001394,2026-09-22T14:47:39.848,horizontal,,,0,13,0.9101,YOLO-omega,
cap_001395,2026-09-22T14:47:39.937,horizontal,,,0,12,0.8986,YOLO-omega,
cap_001396,2026-09-22T14:47:40.061,horizontal,,,0,11,0.9080,YOLO-omega,
cap_001397,2026-09-22T14:47:40.224,horizontal,,,0,12,0.9077,YOLO-omega,
cap_001398,2026-09-22T14:47:40.311,horizontal,,,0,11,0.9203,YOLO-omega,
cap_001399,2026-09-22T14:47:40.411,horizontal,,,0,11,0.9054,YOLO-omega,
cap_001400,2026-09-22T14:47:40.510,horizontal,,,0,10,0.9096,YOLO-omega,
cap_001401,2026-09-22T14:47:40.656,horizontal,,,0,11,0.9075,YOLO-omega,
cap_001402,2026-09-22T14:47:40.753,horizontal,,,0,10,0.9111,YOLO-omega,
cap_001403,2026-09-22T14:47:40.866,horizontal,,,0,11,0.9131,YOLO-omega,
cap_001404,2026-09-22T14:47:40.989,horizontal,,,0,12,0.9190,YOLO-omega,
cap_001405,2026-09-22T14:47:41.088,horizontal,,,0,11,0.9159,YOLO-omega,
cap_001406,2026-09-22T14:47:41.218,horizontal,,,0,11,0.9103,YOLO-omega,
cap_001407,2026-09-22T14:47:41.308,horizontal,,,0,12,0.9136,YOLO-omega,
cap_001408,2026-09-22T14:47:41.439,horizontal,,,0,12,0.9168,YOLO-omega,
cap_001409,2026-09-22T14:47:41.535,horizontal,,,0,10,0.8928,YOLO-omega,
cap_001410,2026-09-22T14:47:41.700,horizontal,,,0,10,0.8940,YOLO-omega,
cap_001411,2026-09-22T14:47:41.782,horizontal,,,0,12,0.8865,YOLO-omega,
cap_001412,2026-09-22T14:47:41.885,horizontal,,,0,11,0.8911,YOLO-omega,
cap_001413,2026-09-22T14:47:42.009,horizontal,,,0,8,0.8984,YOLO-omega,
cap_001414,2026-09-22T14:47:42.112,horizontal,,,0,9,0.9044,YOLO-omega,
cap_001415,2026-09-22T14:47:42.236,horizontal,,,0,10,0.9015,YOLO-omega,
cap_001416,2026-09-22T14:47:42.330,horizontal,,,0,8,0.9105,YOLO-omega,
cap_001417,2026-09-22T14:47:42.458,horizontal,,,0,9,0.9234,YOLO-omega,
cap_001418,2026-09-22T14:47:42.553,horizontal,,,0,9,0.9151,YOLO-omega,
cap_001419,2026-09-22T14:47:42.689,horizontal,,,0,9,0.9122,YOLO-omega,
cap_001420,2026-09-22T14:47:42.814,horizontal,,,0,10,0.9145,YOLO-omega,
cap_001421,2026-09-22T14:47:42.910,horizontal,,,0,10,0.9132,YOLO-omega,
cap_001422,2026-09-22T14:47:43.037,horizontal,,,0,10,0.9135,YOLO-omega,
cap_001423,2026-09-22T14:47:43.135,horizontal,,,0,10,0.9124,YOLO-omega,
cap_001424,2026-09-22T14:47:43.255,horizontal,,,0,9,0.9192,YOLO-omega,
cap_001425,2026-09-22T14:47:43.355,horizontal,,,0,8,0.9149,YOLO-omega,
cap_001426,2026-09-22T14:47:43.481,horizontal,,,0,10,0.9161,YOLO-omega,
cap_001427,2026-09-22T14:47:43.588,horizontal,,,0,8,0.9214,YOLO-omega,
cap_001428,2026-09-22T14:47:43.729,horizontal,,,0,7,0.9148,YOLO-omega,
cap_001429,2026-09-22T14:47:43.836,horizontal,,,0,8,0.9128,YOLO-omega,
cap_001430,2026-09-22T14:47:43.931,horizontal,,,0,8,0.9074,YOLO-omega,
cap_001431,2026-09-22T14:47:44.065,horizontal,,,0,8,0.9012,YOLO-omega,
cap_001432,2026-09-22T14:47:44.158,horizontal,,,0,8,0.9029,YOLO-omega,
cap_001433,2026-09-22T14:47:44.289,horizontal,,,0,9,0.9058,YOLO-omega,
cap_001434,2026-09-22T14:47:44.380,horizontal,,,0,9,0.9062,YOLO-omega,
cap_001435,2026-09-22T14:47:44.516,horizontal,,,0,10,0.9112,YOLO-omega,
cap_001436,2026-09-22T14:47:44.635,horizontal,,,0,10,0.9071,YOLO-omega,
cap_001437,2026-09-22T14:47:44.737,horizontal,,,0,11,0.9073,YOLO-omega,
cap_001438,2026-09-22T14:47:44.862,horizontal,,,0,11,0.9059,YOLO-omega,
cap_001439,2026-09-22T14:47:44.955,horizontal,,,0,12,0.9043,YOLO-omega,
cap_001440,2026-09-22T14:47:45.086,horizontal,,,0,12,0.9075,YOLO-omega,
cap_001441,2026-09-22T14:47:45.182,horizontal,,,0,11,0.9048,YOLO-omega,
cap_001442,2026-09-22T14:47:45.308,horizontal,,,0,12,0.8981,YOLO-omega,
cap_001443,2026-09-22T14:47:45.404,horizontal,,,0,11,0.9212,YOLO-omega,
cap_001444,2026-09-22T14:47:45.532,horizontal,,,0,10,0.9042,YOLO-omega,
cap_001445,2026-09-22T14:47:45.661,horizontal,,,0,9,0.9122,YOLO-omega,
cap_001446,2026-09-22T14:47:45.757,horizontal,,,0,10,0.9052,YOLO-omega,
cap_001447,2026-09-22T14:47:45.882,horizontal,,,0,9,0.9029,YOLO-omega,
cap_001448,2026-09-22T14:47:45.978,horizontal,,,0,9,0.9025,YOLO-omega,
cap_001449,2026-09-22T14:47:46.105,horizontal,,,0,9,0.9063,YOLO-omega,
cap_001450,2026-09-22T14:47:46.198,horizontal,,,0,10,0.8890,YOLO-omega,
cap_001451,2026-09-22T14:47:48.063,horizontal,,,0,7,0.8775,YOLO-omega,
cap_001452,2026-09-22T14:47:48.154,horizontal,,,0,8,0.8909,YOLO-omega,
cap_001453,2026-09-22T14:47:48.252,horizontal,,,0,6,0.8895,YOLO-omega,
cap_001454,2026-09-22T14:47:48.378,horizontal,,,0,8,0.8827,YOLO-omega,
cap_001455,2026-09-22T14:47:48.514,horizontal,,,0,9,0.8766,YOLO-omega,
cap_001456,2026-09-22T14:47:48.612,horizontal,,,0,7,0.8718,YOLO-omega,
cap_001457,2026-09-22T14:47:48.730,horizontal,,,0,8,0.8766,YOLO-omega,
cap_001458,2026-09-22T14:47:48.829,horizontal,,,0,9,0.8837,YOLO-omega,
cap_001459,2026-09-22T14:47:48.955,horizontal,,,0,8,0.8761,YOLO-omega,
cap_001460,2026-09-22T14:47:49.048,horizontal,,,0,8,0.8807,YOLO-omega,
cap_001461,2026-09-22T14:47:49.178,horizontal,,,0,11,0.8816,YOLO-omega,
cap_001462,2026-09-22T14:47:49.304,horizontal,,,0,12,0.8778,YOLO-omega,
cap_001463,2026-09-22T14:47:49.400,horizontal,,,0,11,0.8714,YOLO-omega,
cap_001464,2026-09-22T14:47:49.528,horizontal,,,0,11,0.8695,YOLO-omega,
cap_001465,2026-09-22T14:47:49.664,horizontal,,,0,12,0.8828,YOLO-omega,
cap_001466,2026-09-22T14:47:49.764,horizontal,,,0,12,0.8832,YOLO-omega,
cap_001467,2026-09-22T14:47:49.862,horizontal,,,0,12,0.8781,YOLO-omega,
cap_001468,2026-09-22T14:47:50.138,horizontal,,,0,13,0.8892,YOLO-omega,
cap_001469,2026-09-22T14:47:50.305,horizontal,,,0,14,0.8844,YOLO-omega,
cap_001470,2026-09-22T14:47:50.398,horizontal,,,0,12,0.8945,YOLO-omega,
cap_001471,2026-09-22T14:47:50.503,horizontal,,,0,12,0.8919,YOLO-omega,
cap_001472,2026-09-22T14:47:50.824,horizontal,,,0,12,0.8945,YOLO-omega,
cap_001473,2026-09-22T14:47:50.976,horizontal,,,0,12,0.9024,YOLO-omega,
cap_001474,2026-09-22T14:47:51.067,horizontal,,,0,12,0.9002,YOLO-omega,
cap_001475,2026-09-22T14:47:51.223,horizontal,,,0,12,0.8998,YOLO-omega,
cap_001476,2026-09-22T14:47:51.348,horizontal,,,0,9,0.9027,YOLO-omega,
cap_001477,2026-09-22T14:47:51.450,horizontal,,,0,10,0.9036,YOLO-omega,
cap_001478,2026-09-22T14:47:51.542,horizontal,,,0,11,0.9018,YOLO-omega,
cap_001479,2026-09-22T14:47:51.639,horizontal,,,0,10,0.9023,YOLO-omega,
cap_001480,2026-09-22T14:47:51.734,horizontal,,,0,10,0.9014,YOLO-omega,
cap_001481,2026-09-22T14:47:51.829,horizontal,,,0,11,0.8978,YOLO-omega,
cap_001482,2026-09-22T14:47:51.928,horizontal,,,0,11,0.8969,YOLO-omega,
cap_001483,2026-09-22T14:47:52.018,horizontal,,,0,12,0.9000,YOLO-omega,
cap_001484,2026-09-22T14:47:52.126,horizontal,,,0,11,0.9034,YOLO-omega,
cap_001485,2026-09-22T14:47:52.223,horizontal,,,0,10,0.9074,YOLO-omega,
cap_001486,2026-09-22T14:47:52.306,horizontal,,,0,8,0.9023,YOLO-omega,
cap_001487,2026-09-22T14:47:52.390,horizontal,,,0,8,0.9013,YOLO-omega,
cap_001488,2026-09-22T14:47:52.478,horizontal,,,0,8,0.9020,YOLO-omega,
cap_001489,2026-09-22T14:47:52.633,horizontal,,,0,9,0.9004,YOLO-omega,
cap_001490,2026-09-22T14:47:52.718,horizontal,,,0,9,0.8956,YOLO-omega,
cap_001491,2026-09-22T14:47:52.830,horizontal,,,0,10,0.8965,YOLO-omega,
cap_001492,2026-09-22T14:47:52.923,horizontal,,,0,10,0.9006,YOLO-omega,
cap_001493,2026-09-22T14:47:53.048,horizontal,,,0,10,0.9008,YOLO-omega,
cap_001494,2026-09-22T14:47:53.178,horizontal,,,0,11,0.9021,YOLO-omega,
cap_001495,2026-09-22T14:47:53.269,horizontal,,,0,9,0.8965,YOLO-omega,
cap_001496,2026-09-22T14:47:53.400,horizontal,,,0,9,0.9018,YOLO-omega,
cap_001497,2026-09-22T14:47:53.493,horizontal,,,0,8,0.9014,YOLO-omega,
