file,timestamp,view,background,threshold,n_det,omega_count,omega_score,flags,note
cap_000000,2026-09-18T10:31:36.831,horizontal,,,0,2,0.9138,YOLO-omega,
cap_000001,2026-09-18T10:31:36.919,horizontal,,,0,2,0.9024,YOLO-omega,
cap_000002,2026-09-18T10:31:37.047,horizontal,,,0,2,0.9229,YOLO-omega,
cap_000003,2026-09-18T10:31:37.143,horizontal,,,0,2,0.9273,YOLO-omega,
cap_000004,2026-09-18T10:31:37.275,horizontal,,,0,2,0.9350,YOLO-omega,
cap_000005,2026-09-18T10:31:37.405,horizontal,,,0,2,0.9366,YOLO-omega,
cap_000006,2026-09-18T10:31:37.512,horizontal,,,0,2,0.9317,YOLO-omega,
cap_000007,2026-09-18T10:31:37.634,horizontal,,,0,2,0.9211,YOLO-omega,
cap_000008,2026-09-18T10:31:37.728,horizontal,,,0,2,0.9273,YOLO-omega,
cap_000009,2026-09-18T10:31:37.854,horizontal,,,0,2,0.9171,YOLO-omega,
cap_000010,2026-09-18T10:31:37.955,horizontal,,,0,2,0.9185,YOLO-omega,
cap_000011,2026-09-18T10:31:38.076,horizontal,,,0,2,0.9329,YOLO-omega,
cap_000012,2026-09-18T10:31:38.169,horizontal,,,0,2,0.9389,YOLO-omega,
cap_000013,2026-09-18T10:31:38.298,horizontal,,,0,3,0.9403,YOLO-omega,
cap_000014,2026-09-18T10:31:38.432,horizontal,,,0,2,0.9385,YOLO-omega,
cap_000015,2026-09-18T10:31:38.525,horizontal,,,0,2,0.9323,YOLO-omega,
cap_000016,2026-09-18T10:31:38.694,horizontal,,,0,2,0.9472,YOLO-omega,
cap_000017,2026-09-18T10:31:38.772,horizontal,,,0,2,0.9311,YOLO-omega,
cap_000018,2026-09-18T10:31:38.878,horizontal,,,0,2,0.9264,YOLO-omega,
cap_000019,2026-09-18T10:31:38.997,horizontal,,,0,2,0.9216,YOLO-omega,
cap_000020,2026-09-18T10:31:39.101,horizontal,,,0,2,0.9283,YOLO-omega,
cap_000021,2026-09-18T10:31:39.196,horizontal,,,0,3,0.9249,YOLO-omega,
cap_000022,2026-09-18T10:31:39.328,horizontal,,,0,3,0.9251,YOLO-omega,
cap_000023,2026-09-18T10:31:39.452,horizontal,,,0,4,0.9227,YOLO-omega,
cap_000024,2026-09-18T10:31:39.545,horizontal,,,0,3,0.9207,YOLO-omega,
cap_000025,2026-09-18T10:31:39.674,horizontal,,,0,3,0.9406,YOLO-omega,
cap_000026,2026-09-18T10:31:39.770,horizontal,,,0,3,0.9395,YOLO-omega,
cap_000027,2026-09-18T10:31:39.902,horizontal,,,0,3,0.9350,YOLO-omega,
cap_000028,2026-09-18T10:31:39.991,horizontal,,,0,3,0.9293,YOLO-omega,
cap_000029,2026-09-18T10:31:40.126,horizontal,,,0,3,0.9035,YOLO-omega,
cap_000030,2026-09-18T10:31:40.254,horizontal,,,0,3,0.9191,YOLO-omega,
cap_000031,2026-09-18T10:31:40.353,horizontal,,,0,3,0.9167,YOLO-omega,
cap_000032,2026-09-18T10:31:40.478,horizontal,,,0,1,0.9300,YOLO-omega,
cap_000033,2026-09-18T10:31:40.570,horizontal,,,0,2,0.9090,YOLO-omega,
cap_000034,2026-09-18T10:31:40.700,horizontal,,,0,1,0.9126,YOLO-omega,
cap_000035,2026-09-18T10:31:40.798,horizontal,,,0,1,0.9184,YOLO-omega,
cap_000036,2026-09-18T10:31:40.925,horizontal,,,0,2,0.9342,YOLO-omega,
cap_000037,2026-09-18T10:31:41.019,horizontal,,,0,1,0.9436,YOLO-omega,
cap_000038,2026-09-18T10:31:41.176,horizontal,,,0,1,0.9434,YOLO-omega,
cap_000039,2026-09-18T10:31:41.286,horizontal,,,0,1,0.9387,YOLO-omega,
cap_000040,2026-09-18T10:31:41.377,horizontal,,,0,1,0.9312,YOLO-omega,
cap_000041,2026-09-18T10:31:41.509,horizontal,,,0,1,0.9283,YOLO-omega,
cap_000042,2026-09-18T10:31:41.603,horizontal,,,0,1,0.9252,YOLO-omega,
cap_000043,2026-09-18T10:31:41.724,horizontal,,,0,1,0.9213,YOLO-omega,
cap_000044,2026-09-18T10:31:41.822,horizontal,,,0,1,0.9175,YOLO-omega,
cap_000045,2026-09-18T10:31:41.948,horizontal,,,0,1,0.9298,YOLO-omega,
cap_000046,2026-09-18T10:31:42.079,horizontal,,,0,1,0.9277,YOLO-omega,
cap_000047,2026-09-18T10:31:42.173,horizontal,,,0,1,0.9182,YOLO-omega,
cap_000048,2026-09-18T10:31:42.302,horizontal,,,0,1,0.9133,YOLO-omega,
cap_000049,2026-09-18T10:31:42.398,horizontal,,,0,1,0.9228,YOLO-omega,
cap_000050,2026-09-18T10:31:42.526,horizontal,,,0,1,0.9298,YOLO-omega,
cap_000051,2026-09-18T10:31:42.621,horizontal,,,0,1,0.9240,YOLO-omega,
cap_000052,2026-09-18T10:31:42.745,horizontal,,,0,1,0.9248,YOLO-omega,
cap_000053,2026-09-18T10:31:42.842,horizontal,,,0,1,0.9167,YOLO-omega,
cap_000054,2026-09-18T10:31:42.965,horizontal,,,0,1,0.9091,YOLO-omega,
cap_000055,2026-09-18T10:31:43.096,horizontal,,,0,1,0.9018,YOLO-omega,
cap_000056,2026-09-18T10:31:43.191,horizontal,,,0,1,0.9099,YOLO-omega,
cap_000057,2026-09-18T10:31:43.319,horizontal,,,0,1,0.8832,YOLO-omega,
cap_000058,2026-09-18T10:31:43.416,horizontal,,,0,1,0.8729,YOLO-omega,
cap_000059,2026-09-18T10:31:43.542,horizontal,,,0,1,0.9033,YOLO-omega,
cap_000060,2026-09-18T10:31:43.640,horizontal,,,0,1,0.8936,YOLO-omega,
cap_000061,2026-09-18T10:31:43.767,horizontal,,,0,1,0.8862,YOLO-omega,
cap_000062,2026-09-18T10:31:43.897,horizontal,,,0,1,0.8922,YOLO-omega,
cap_000063,2026-09-18T10:31:43.994,horizontal,,,0,1,0.8963,YOLO-omega,
cap_000064,2026-09-18T10:31:44.119,horizontal,,,0,1,0.8898,YOLO-omega,
cap_000065,2026-09-18T10:31:44.218,horizontal,,,0,1,0.9073,YOLO-omega,
cap_000066,2026-09-18T10:31:44.343,horizontal,,,0,1,0.8878,YOLO-omega,
cap_000067,2026-09-18T10:31:44.445,horizontal,,,0,1,0.9134,YOLO-omega,
cap_000068,2026-09-18T10:31:44.575,horizontal,,,0,1,0.9281,YOLO-omega,
cap_000069,2026-09-18T10:31:44.671,horizontal,,,0,1,0.9207,YOLO-omega,
cap_000070,2026-09-18T10:31:44.799,horizontal,,,0,1,0.9335,YOLO-omega,
cap_000071,2026-09-18T10:31:44.929,horizontal,,,0,1,0.9428,YOLO-omega,
cap_000072,2026-09-18T10:31:45.025,horizontal,,,0,1,0.9447,YOLO-omega,
cap_000073,2026-09-18T10:31:45.150,horizontal,,,0,1,0.9413,YOLO-omega,
cap_000074,2026-09-18T10:31:45.245,horizontal,,,0,1,0.9462,YOLO-omega,
cap_000075,2026-09-18T10:31:45.373,horizontal,,,0,1,0.9450,YOLO-omega,
cap_000076,2026-09-18T10:31:45.471,horizontal,,,0,1,0.9451,YOLO-omega,
cap_000077,2026-09-18T10:31:45.598,horizontal,,,0,1,0.9357,YOLO-omega,
cap_000078,2026-09-18T10:31:45.693,horizontal,,,0,1,0.9310,YOLO-omega,
cap_000079,2026-09-18T10:31:45.821,horizontal,,,0,1,0.9344,YOLO-omega,
cap_000080,2026-09-18T10:31:45.945,horizontal,,,0,2,0.9442,YOLO-omega,
cap_000081,2026-09-18T10:31:46.040,horizontal,,,0,1,0.9370,YOLO-omega,
cap_000082,2026-09-18T10:31:46.175,horizontal,,,0,1,0.9454,YOLO-omega,
cap_000083,2026-09-18T10:31:46.270,horizontal,,,0,1,0.9187,YOLO-omega,
cap_000084,2026-09-18T10:31:46.400,horizontal,,,0,1,0.9249,YOLO-omega,
cap_000085,2026-09-18T10:31:46.493,horizontal,,,0,1,0.9043,YOLO-omega,
cap_000086,2026-09-18T10:31:46.619,horizontal,,,0,1,0.9194,YOLO-omega,
cap_000087,2026-09-18T10:31:46.754,horizontal,,,0,1,0.9324,YOLO-omega,
cap_000088,2026-09-18T10:31:46.843,horizontal,,,0,1,0.9166,YOLO-omega,
cap_000089,2026-09-18T10:31:46.972,horizontal,,,0,1,0.9095,YOLO-omega,
cap_000090,2026-09-18T10:31:47.065,horizontal,,,0,1,0.9121,YOLO-omega,
cap_000091,2026-09-18T10:31:47.193,horizontal,,,0,1,0.9298,YOLO-omega,
cap_000092,2026-09-18T10:31:47.287,horizontal,,,0,1,0.9371,YOLO-omega,
cap_000093,2026-09-18T10:31:47.415,horizontal,,,0,1,0.9437,YOLO-omega,
cap_000094,2026-09-18T10:31:47.513,horizontal,,,0,1,0.9308,YOLO-omega,
cap_000095,2026-09-18T10:31:47.641,horizontal,,,0,1,0.9264,YOLO-omega,
cap_000096,2026-09-18T10:31:47.769,horizontal,,,0,1,0.9244,YOLO-omega,
cap_000097,2026-09-18T10:31:47.864,horizontal,,,0,1,0.9267,YOLO-omega,
cap_000098,2026-09-18T10:31:47.992,horizontal,,,0,1,0.9389,YOLO-omega,
cap_000099,2026-09-18T10:31:48.086,horizontal,,,0,1,0.9343,YOLO-omega,
cap_000100,2026-09-18T10:31:48.217,horizontal,,,0,1,0.9344,YOLO-omega,
cap_000101,2026-09-18T10:31:48.313,horizontal,,,0,1,0.9442,YOLO-omega,
cap_000102,2026-09-18T10:31:48.441,horizontal,,,0,1,0.9431,YOLO-omega,
cap_000103,2026-09-18T10:31:48.568,horizontal,,,0,1,0.9385,YOLO-omega,
cap_000104,2026-09-18T10:31:48.663,horizontal,,,0,1,0.9442,YOLO-omega,
cap_000105,2026-09-18T10:31:48.791,horizontal,,,0,1,0.9404,YOLO-omega,
cap_000106,2026-09-18T10:31:48.888,horizontal,,,0,1,0.9325,YOLO-omega,
cap_000107,2026-09-18T10:31:49.017,horizontal,,,0,1,0.9125,YOLO-omega,
cap_000108,2026-09-18T10:31:49.128,horizontal,,,0,1,0.8986,YOLO-omega,
cap_000109,2026-09-18T10:31:49.244,horizontal,,,0,1,0.9095,YOLO-omega,
cap_000110,2026-09-18T10:31:49.341,horizontal,,,0,1,0.9117,YOLO-omega,
cap_000111,2026-09-18T10:31:49.469,horizontal,,,0,1,0.9279,YOLO-omega,
cap_000112,2026-09-18T10:31:49.595,horizontal,,,0,1,0.9252,YOLO-omega,
cap_000113,2026-09-18T10:31:49.694,horizontal,,,0,1,0.9191,YOLO-omega,
cap_000114,2026-09-18T10:31:49.825,horizontal,,,0,1,0.9298,YOLO-omega,
cap_000115,2026-09-18T10:31:49.918,horizontal,,,0,1,0.9341,YOLO-omega,
cap_000116,2026-09-18T10:31:50.046,horizontal,,,0,1,0.9320,YOLO-omega,
cap_000117,2026-09-18T10:31:50.144,horizontal,,,0,1,0.9397,YOLO-omega,
cap_000118,2026-09-18T10:31:50.269,horizontal,,,0,1,0.9330,YOLO-omega,
cap_000119,2026-09-18T10:31:50.399,horizontal,,,0,1,0.9266,YOLO-omega,
cap_000120,2026-09-18T10:31:50.492,horizontal,,,0,1,0.9369,YOLO-omega,
cap_000121,2026-09-18T10:31:50.620,horizontal,,,0,1,0.9325,YOLO-omega,
cap_000122,2026-09-18T10:31:50.713,horizontal,,,0,1,0.9380,YOLO-omega,
cap_000123,2026-09-18T10:31:50.843,horizontal,,,0,1,0.9373,YOLO-omega,
cap_000124,2026-09-18T10:31:50.943,horizontal,,,0,1,0.9397,YOLO-omega,
cap_000125,2026-09-18T10:31:51.068,horizontal,,,0,1,0.9472,YOLO-omega,
cap_000126,2026-09-18T10:31:51.164,horizontal,,,0,1,0.9482,YOLO-omega,
cap_000127,2026-09-18T10:31:51.296,horizontal,,,0,1,0.9401,YOLO-omega,
cap_000128,2026-09-18T10:31:51.418,horizontal,,,0,1,0.9342,YOLO-omega,
cap_000129,2026-09-18T10:31:51.512,horizontal,,,0,1,0.9358,YOLO-omega,
cap_000130,2026-09-18T10:31:51.641,horizontal,,,0,1,0.9332,YOLO-omega,
cap_000131,2026-09-18T10:31:51.740,horizontal,,,0,1,0.9331,YOLO-omega,
cap_000132,2026-09-18T10:31:51.861,horizontal,,,0,1,0.9316,YOLO-omega,
cap_000133,2026-09-18T10:31:51.955,horizontal,,,0,1,0.9407,YOLO-omega,
cap_000134,2026-09-18T10:31:52.085,horizontal,,,0,1,0.9484,YOLO-omega,
cap_000135,2026-09-18T10:31:52.181,horizontal,,,0,1,0.9391,YOLO-omega,
cap_000136,2026-09-18T10:31:52.308,horizontal,,,0,1,0.9509,YOLO-omega,
cap_000137,2026-09-18T10:31:52.436,horizontal,,,0,1,0.9478,YOLO-omega,
cap_000138,2026-09-18T10:31:52.532,horizontal,,,0,1,0.9504,YOLO-omega,
cap_000139,2026-09-18T10:31:52.677,horizontal,,,0,1,0.9522,YOLO-omega,
cap_000140,2026-09-18T10:31:52.755,horizontal,,,0,1,0.9527,YOLO-omega,
cap_000141,2026-09-18T10:31:52.891,horizontal,,,0,1,0.9561,YOLO-omega,
cap_000142,2026-09-18T10:31:52.981,horizontal,,,0,1,0.9510,YOLO-omega,
cap_000143,2026-09-18T10:31:53.108,horizontal,,,0,1,0.9518,YOLO-omega,
cap_000144,2026-09-18T10:31:53.237,horizontal,,,0,1,0.9499,YOLO-omega,
cap_000145,2026-09-18T10:31:53.331,horizontal,,,0,1,0.9492,YOLO-omega,
cap_000146,2026-09-18T10:31:53.461,horizontal,,,0,1,0.9474,YOLO-omega,
cap_000147,2026-09-18T10:31:53.556,horizontal,,,0,1,0.9418,YOLO-omega,
cap_000148,2026-09-18T10:31:53.688,horizontal,,,0,1,0.9506,YOLO-omega,
cap_000149,2026-09-18T10:31:53.780,horizontal,,,0,1,0.9493,YOLO-omega,
cap_000150,2026-09-18T10:31:53.908,horizontal,,,0,1,0.9447,YOLO-omega,
cap_000151,2026-09-18T10:31:54.003,horizontal,,,0,1,0.9427,YOLO-omega,
cap_000152,2026-09-18T10:31:54.132,horizontal,,,0,1,0.9418,YOLO-omega,
cap_000153,2026-09-18T10:31:54.259,horizontal,,,0,1,0.9380,YOLO-omega,
cap_000154,2026-09-18T10:31:54.356,horizontal,,,0,1,0.9441,YOLO-omega,
cap_000155,2026-09-18T10:31:54.485,horizontal,,,0,1,0.9418,YOLO-omega,
cap_000156,2026-09-18T10:31:54.584,horizontal,,,0,1,0.9324,YOLO-omega,
cap_000157,2026-09-18T10:31:54.707,horizontal,,,0,1,0.9359,YOLO-omega,
cap_000158,2026-09-18T10:31:54.804,horizontal,,,0,1,0.9298,YOLO-omega,
cap_000159,2026-09-18T10:31:54.931,horizontal,,,0,1,0.9248,YOLO-omega,
cap_000160,2026-09-18T10:31:55.061,horizontal,,,0,1,0.9253,YOLO-omega,
cap_000161,2026-09-18T10:31:55.160,horizontal,,,0,1,0.9313,YOLO-omega,
cap_000162,2026-09-18T10:31:55.284,horizontal,,,0,1,0.9266,YOLO-omega,
cap_000163,2026-09-18T10:31:55.381,horizontal,,,0,1,0.9260,YOLO-omega,
cap_000164,2026-09-18T10:31:55.508,horizontal,,,0,1,0.9279,YOLO-omega,
cap_000165,2026-09-18T10:31:55.606,horizontal,,,0,1,0.9182,YOLO-omega,
cap_000166,2026-09-18T10:31:55.735,horizontal,,,0,1,0.9115,YOLO-omega,
cap_000167,2026-09-18T10:31:55.833,horizontal,,,0,1,0.9095,YOLO-omega,
cap_000168,2026-09-18T10:31:55.961,horizontal,,,0,1,0.9236,YOLO-omega,
cap_000169,2026-09-18T10:31:56.085,horizontal,,,0,1,0.9310,YOLO-omega,
cap_000170,2026-09-18T10:31:56.181,horizontal,,,0,1,0.9389,YOLO-omega,
cap_000171,2026-09-18T10:31:56.313,horizontal,,,0,1,0.9409,YOLO-omega,
cap_000172,2026-09-18T10:31:56.410,horizontal,,,0,1,0.9362,YOLO-omega,
cap_000173,2026-09-18T10:31:56.540,horizontal,,,0,1,0.9365,YOLO-omega,
cap_000174,2026-09-18T10:31:56.637,horizontal,,,0,1,0.9349,YOLO-omega,
cap_000175,2026-09-18T10:31:56.762,horizontal,,,0,1,0.9386,YOLO-omega,
cap_000176,2026-09-18T10:31:56.888,horizontal,,,0,1,0.9428,YOLO-omega,
cap_000177,2026-09-18T10:31:56.987,horizontal,,,0,1,0.9438,YOLO-omega,
cap_000178,2026-09-18T10:31:57.113,horizontal,,,0,1,0.9359,YOLO-omega,
cap_000179,2026-09-18T10:31:57.214,horizontal,,,0,1,0.9423,YOLO-omega,
cap_000180,2026-09-18T10:31:57.339,horizontal,,,0,1,0.9405,YOLO-omega,
cap_000181,2026-09-18T10:31:57.437,horizontal,,,0,1,0.9394,YOLO-omega,
cap_000182,2026-09-18T10:31:57.563,horizontal,,,0,1,0.9369,YOLO-omega,
cap_000183,2026-09-18T10:31:57.658,horizontal,,,0,1,0.9352,YOLO-omega,
cap_000184,2026-09-18T10:31:57.787,horizontal,,,0,1,0.9209,YOLO-omega,
cap_000185,2026-09-18T10:31:57.911,horizontal,,,0,1,0.9301,YOLO-omega,
cap_000186,2026-09-18T10:31:58.008,horizontal,,,0,1,0.9350,YOLO-omega,
cap_000187,2026-09-18T10:31:58.134,horizontal,,,0,1,0.9317,YOLO-omega,
cap_000188,2026-09-18T10:31:58.233,horizontal,,,0,1,0.9306,YOLO-omega,
cap_000189,2026-09-18T10:31:58.360,horizontal,,,0,1,0.9298,YOLO-omega,
cap_000190,2026-09-18T10:31:58.457,horizontal,,,0,1,0.9217,YOLO-omega,
cap_000191,2026-09-18T10:31:58.584,horizontal,,,0,1,0.9271,YOLO-omega,
cap_000192,2026-09-18T10:31:58.679,horizontal,,,0,1,0.9207,YOLO-omega,
cap_000193,2026-09-18T10:31:58.808,horizontal,,,0,1,0.9131,YOLO-omega,
cap_000194,2026-09-18T10:31:58.933,horizontal,,,0,1,0.8902,YOLO-omega,
cap_000195,2026-09-18T10:31:59.030,horizontal,,,0,1,0.9096,YOLO-omega,
cap_000196,2026-09-18T10:31:59.162,horizontal,,,0,1,0.9072,YOLO-omega,
cap_000197,2026-09-18T10:31:59.258,horizontal,,,0,1,0.9133,YOLO-omega,
cap_000198,2026-09-18T10:31:59.385,horizontal,,,0,1,0.9001,YOLO-omega,
cap_000199,2026-09-18T10:31:59.485,horizontal,,,0,1,0.9139,YOLO-omega,
cap_000200,2026-09-18T10:31:59.609,horizontal,,,0,1,0.9162,YOLO-omega,
cap_000201,2026-09-18T10:32:01.447,horizontal,,,0,1,0.9386,YOLO-omega,
cap_000202,2026-09-18T10:32:01.559,horizontal,,,0,1,0.9382,YOLO-omega,
cap_000203,2026-09-18T10:32:01.655,horizontal,,,0,1,0.9430,YOLO-omega,
cap_000204,2026-09-18T10:32:01.783,horizontal,,,0,1,0.9307,YOLO-omega,
cap_000205,2026-09-18T10:32:01.879,horizontal,,,0,1,0.9493,YOLO-omega,
cap_000206,2026-09-18T10:32:02.007,horizontal,,,0,1,0.9588,YOLO-omega,
cap_000207,2026-09-18T10:32:02.105,horizontal,,,0,1,0.9514,YOLO-omega,
cap_000208,2026-09-18T10:32:02.229,horizontal,,,0,1,0.9491,YOLO-omega,
cap_000209,2026-09-18T10:32:02.326,horizontal,,,0,1,0.9481,YOLO-omega,
cap_000210,2026-09-18T10:32:02.454,horizontal,,,0,1,0.9428,YOLO-omega,
cap_000211,2026-09-18T10:32:02.586,horizontal,,,0,1,0.9457,YOLO-omega,
cap_000212,2026-09-18T10:32:02.679,horizontal,,,0,1,0.9338,YOLO-omega,
cap_000213,2026-09-18T10:32:02.809,horizontal,,,0,1,0.9340,YOLO-omega,
cap_000214,2026-09-18T10:32:02.902,horizontal,,,0,1,0.9273,YOLO-omega,
cap_000215,2026-09-18T10:32:03.031,horizontal,,,0,2,0.9417,YOLO-omega,
cap_000216,2026-09-18T10:32:03.126,horizontal,,,0,1,0.9386,YOLO-omega,
cap_000217,2026-09-18T10:32:03.255,horizontal,,,0,1,0.9311,YOLO-omega,
cap_000218,2026-09-18T10:32:03.386,horizontal,,,0,1,0.9290,YOLO-omega,
cap_000219,2026-09-18T10:32:03.479,horizontal,,,0,1,0.9462,YOLO-omega,
cap_000220,2026-09-18T10:32:03.607,horizontal,,,0,1,0.9249,YOLO-omega,
cap_000221,2026-09-18T10:32:03.704,horizontal,,,0,1,0.9235,YOLO-omega,
cap_000222,2026-09-18T10:32:03.829,horizontal,,,0,1,0.9271,YOLO-omega,
cap_000223,2026-09-18T10:32:03.927,horizontal,,,0,1,0.9279,YOLO-omega,
cap_000224,2026-09-18T10:32:04.054,horizontal,,,0,1,0.9348,YOLO-omega,
cap_000225,2026-09-18T10:32:04.152,horizontal,,,0,2,0.9399,YOLO-omega,
cap_000226,2026-09-18T10:32:04.281,horizontal,,,0,2,0.9393,YOLO-omega,
cap_000227,2026-09-18T10:32:04.407,horizontal,,,0,1,0.9380,YOLO-omega,
cap_000228,2026-09-18T10:32:04.500,horizontal,,,0,1,0.9327,YOLO-omega,
cap_000229,2026-09-18T10:32:04.632,horizontal,,,0,1,0.9454,YOLO-omega,
cap_000230,2026-09-18T10:32:04.727,horizontal,,,0,1,0.9397,YOLO-omega,
cap_000231,2026-09-18T10:32:04.858,horizontal,,,0,1,0.9214,YOLO-omega,
cap_000232,2026-09-18T10:32:04.955,horizontal,,,0,1,0.9080,YOLO-omega,
cap_000233,2026-09-18T10:32:05.082,horizontal,,,0,1,0.8891,YOLO-omega,
cap_000234,2026-09-18T10:32:05.180,horizontal,,,0,1,0.9155,YOLO-omega,
cap_000235,2026-09-18T10:32:05.307,horizontal,,,0,1,0.9274,YOLO-omega,
cap_000236,2026-09-18T10:32:05.435,horizontal,,,0,1,0.9303,YOLO-omega,
cap_000237,2026-09-18T10:32:05.530,horizontal,,,0,1,0.9275,YOLO-omega,
cap_000238,2026-09-18T10:32:05.659,horizontal,,,0,1,0.9301,YOLO-omega,
cap_000239,2026-09-18T10:32:05.756,horizontal,,,0,1,0.9211,YOLO-omega,
cap_000240,2026-09-18T10:32:05.883,horizontal,,,0,1,0.8741,YOLO-omega,
cap_000241,2026-09-18T10:32:05.978,horizontal,,,0,1,0.8895,YOLO-omega,
cap_000242,2026-09-18T10:32:06.107,horizontal,,,0,1,0.9313,YOLO-omega,
cap_000243,2026-09-18T10:32:06.235,horizontal,,,0,1,0.9333,YOLO-omega,
cap_000244,2026-09-18T10:32:06.330,horizontal,,,0,1,0.9243,YOLO-omega,
cap_000245,2026-09-18T10:32:06.457,horizontal,,,0,1,0.9160,YOLO-omega,
cap_000246,2026-09-18T10:32:06.554,horizontal,,,0,1,0.8895,YOLO-omega,
cap_000247,2026-09-18T10:32:06.682,horizontal,,,0,1,0.9453,YOLO-omega,
cap_000248,2026-09-18T10:32:06.778,horizontal,,,0,1,0.9373,YOLO-omega,
cap_000249,2026-09-18T10:32:06.907,horizontal,,,0,1,0.9202,YOLO-omega,
cap_000250,2026-09-18T10:32:07.004,horizontal,,,0,1,0.9002,YOLO-omega,
cap_000251,2026-09-18T10:32:07.128,horizontal,,,0,1,0.9027,YOLO-omega,
cap_000252,2026-09-18T10:32:07.255,horizontal,,,0,1,0.9358,YOLO-omega,
cap_000253,2026-09-18T10:32:07.352,horizontal,,,0,1,0.9403,YOLO-omega,
cap_000254,2026-09-18T10:32:07.480,horizontal,,,0,1,0.9288,YOLO-omega,
cap_000255,2026-09-18T10:32:07.578,horizontal,,,0,2,0.8844,YOLO-omega,
cap_000256,2026-09-18T10:32:07.705,horizontal,,,0,1,0.7556,YOLO-omega,
cap_000257,2026-09-18T10:32:07.801,horizontal,,,0,2,0.9259,YOLO-omega,
cap_000258,2026-09-18T10:32:07.928,horizontal,,,0,2,0.8827,YOLO-omega,
cap_000259,2026-09-18T10:32:08.057,horizontal,,,0,2,0.8010,YOLO-omega,
cap_000260,2026-09-18T10:32:08.150,horizontal,,,0,2,0.8216,YOLO-omega,
cap_000261,2026-09-18T10:32:08.277,horizontal,,,0,1,0.8382,YOLO-omega,
cap_000262,2026-09-18T10:32:08.377,horizontal,,,0,1,0.9055,YOLO-omega,
cap_000263,2026-09-18T10:32:08.502,horizontal,,,0,2,0.9120,YOLO-omega,
cap_000264,2026-09-18T10:32:08.600,horizontal,,,0,1,0.9123,YOLO-omega,
cap_000265,2026-09-18T10:32:08.730,horizontal,,,0,1,0.8827,YOLO-omega,
cap_000266,2026-09-18T10:32:08.828,horizontal,,,0,1,0.8803,YOLO-omega,
cap_000267,2026-09-18T10:32:08.958,horizontal,,,0,1,0.9070,YOLO-omega,
cap_000268,2026-09-18T10:32:09.083,horizontal,,,0,1,0.9247,YOLO-omega,
cap_000269,2026-09-18T10:32:09.177,horizontal,,,0,1,0.9399,YOLO-omega,
cap_000270,2026-09-18T10:32:09.305,horizontal,,,0,1,0.9367,YOLO-omega,
cap_000271,2026-09-18T10:32:09.400,horizontal,,,0,1,0.9325,YOLO-omega,
cap_000272,2026-09-18T10:32:09.525,horizontal,,,0,1,0.9127,YOLO-omega,
cap_000273,2026-09-18T10:32:09.623,horizontal,,,0,1,0.9203,YOLO-omega,
cap_000274,2026-09-18T10:32:09.752,horizontal,,,0,1,0.9035,YOLO-omega,
cap_000275,2026-09-18T10:32:09.878,horizontal,,,0,1,0.8960,YOLO-omega,
cap_000276,2026-09-18T10:32:09.974,horizontal,,,0,1,0.8723,YOLO-omega,
cap_000277,2026-09-18T10:32:10.104,horizontal,,,0,1,0.8768,YOLO-omega,
cap_000278,2026-09-18T10:32:10.198,horizontal,,,0,1,0.9128,YOLO-omega,
cap_000279,2026-09-18T10:32:10.324,horizontal,,,0,1,0.9093,YOLO-omega,
cap_000280,2026-09-18T10:32:10.424,horizontal,,,0,1,0.9069,YOLO-omega,
cap_000281,2026-09-18T10:32:10.550,horizontal,,,0,1,0.9139,YOLO-omega,
cap_000282,2026-09-18T10:32:10.648,horizontal,,,0,1,0.9144,YOLO-omega,
cap_000283,2026-09-18T10:32:10.774,horizontal,,,0,1,0.9115,YOLO-omega,
cap_000284,2026-09-18T10:32:10.904,horizontal,,,0,1,0.9348,YOLO-omega,
cap_000285,2026-09-18T10:32:11.002,horizontal,,,0,1,0.9331,YOLO-omega,
cap_000286,2026-09-18T10:32:11.133,horizontal,,,0,1,0.9202,YOLO-omega,
cap_000287,2026-09-18T10:32:11.230,horizontal,,,0,1,0.9131,YOLO-omega,
cap_000288,2026-09-18T10:32:11.353,horizontal,,,0,1,0.9312,YOLO-omega,
cap_000289,2026-09-18T10:32:11.450,horizontal,,,0,1,0.9062,YOLO-omega,
cap_000290,2026-09-18T10:32:11.576,horizontal,,,0,1,0.9119,YOLO-omega,
cap_000291,2026-09-18T10:32:11.671,horizontal,,,0,1,0.9208,YOLO-omega,
cap_000292,2026-09-18T10:32:11.802,horizontal,,,0,1,0.9205,YOLO-omega,
cap_000293,2026-09-18T10:32:11.927,horizontal,,,0,1,0.9180,YOLO-omega,
cap_000294,2026-09-18T10:32:12.024,horizontal,,,0,1,0.9196,YOLO-omega,
cap_000295,2026-09-18T10:32:12.149,horizontal,,,0,1,0.9124,YOLO-omega,
cap_000296,2026-09-18T10:32:12.246,horizontal,,,0,1,0.9286,YOLO-omega,
cap_000297,2026-09-18T10:32:12.372,horizontal,,,0,1,0.9178,YOLO-omega,
cap_000298,2026-09-18T10:32:12.470,horizontal,,,0,1,0.9103,YOLO-omega,
cap_000299,2026-09-18T10:32:12.599,horizontal,,,0,1,0.9107,YOLO-omega,
cap_000300,2026-09-18T10:32:12.725,horizontal,,,0,1,0.9169,YOLO-omega,
cap_000301,2026-09-18T10:32:12.822,horizontal,,,0,1,0.9180,YOLO-omega,
cap_000302,2026-09-18T10:32:12.951,horizontal,,,0,1,0.9137,YOLO-omega,
cap_000303,2026-09-18T10:32:13.047,horizontal,,,0,1,0.9154,YOLO-omega,
cap_000304,2026-09-18T10:32:13.174,horizontal,,,0,1,0.8862,YOLO-omega,
cap_000305,2026-09-18T10:32:13.274,horizontal,,,0,1,0.8464,YOLO-omega,
cap_000306,2026-09-18T10:32:13.400,horizontal,,,0,1,0.8776,YOLO-omega,
cap_000307,2026-09-18T10:32:13.495,horizontal,,,0,1,0.8823,YOLO-omega,
cap_000308,2026-09-18T10:32:13.625,horizontal,,,0,1,0.8938,YOLO-omega,
cap_000309,2026-09-18T10:32:13.751,horizontal,,,0,1,0.9084,YOLO-omega,
cap_000310,2026-09-18T10:32:13.846,horizontal,,,0,1,0.9125,YOLO-omega,
cap_000311,2026-09-18T10:32:13.974,horizontal,,,0,1,0.9135,YOLO-omega,
cap_000312,2026-09-18T10:32:14.071,horizontal,,,0,1,0.8977,YOLO-omega,
cap_000313,2026-09-18T10:32:14.202,horizontal,,,0,1,0.9121,YOLO-omega,
cap_000314,2026-09-18T10:32:14.296,horizontal,,,0,1,0.9114,YOLO-omega,
cap_000315,2026-09-18T10:32:14.420,horizontal,,,0,1,0.8836,YOLO-omega,
cap_000316,2026-09-18T10:32:14.550,horizontal,,,0,1,0.8588,YOLO-omega,
cap_000317,2026-09-18T10:32:14.648,horizontal,,,0,1,0.6412,YOLO-omega,
cap_000318,2026-09-18T10:32:14.776,horizontal,,,0,1,0.7707,YOLO-omega,
cap_000319,2026-09-18T10:32:14.874,horizontal,,,0,0,0.0000,YOLO-omega,
cap_000320,2026-09-18T10:32:15.003,horizontal,,,0,0,0.0000,YOLO-omega,
cap_000321,2026-09-18T10:32:15.101,horizontal,,,0,0,0.0000,YOLO-omega,
cap_000322,2026-09-18T10:32:15.227,horizontal,,,0,1,0.8762,YOLO-omega,
cap_000323,2026-09-18T10:32:15.324,horizontal,,,0,1,0.4711,YOLO-omega,
cap_000324,2026-09-18T10:32:15.450,horizontal,,,0,1,0.8427,YOLO-omega,
cap_000325,2026-09-18T10:32:15.576,horizontal,,,0,2,0.5528,YOLO-omega,
cap_000326,2026-09-18T10:32:15.675,horizontal,,,0,1,0.4970,YOLO-omega,
cap_000327,2026-09-18T10:32:15.802,horizontal,,,0,1,0.7810,YOLO-omega,
cap_000328,2026-09-18T10:32:15.896,horizontal,,,0,1,0.7636,YOLO-omega,
cap_000329,2026-09-18T10:32:16.025,horizontal,,,0,1,0.8182,YOLO-omega,
cap_000330,2026-09-18T10:32:16.122,horizontal,,,0,1,0.6997,YOLO-omega,
cap_000331,2026-09-18T10:32:16.245,horizontal,,,0,0,0.0000,YOLO-omega,
cap_000332,2026-09-18T10:32:16.344,horizontal,,,0,0,0.0000,YOLO-omega,
cap_000333,2026-09-18T10:32:16.471,horizontal,,,0,1,0.5379,YOLO-omega,
cap_000334,2026-09-18T10:32:16.598,horizontal,,,0,0,0.0000,YOLO-omega,
cap_000335,2026-09-18T10:32:16.697,horizontal,,,0,1,0.7934,YOLO-omega,
cap_000336,2026-09-18T10:32:16.824,horizontal,,,0,1,0.8202,YOLO-omega,
cap_000337,2026-09-18T10:32:16.921,horizontal,,,0,1,0.6959,YOLO-omega,
cap_000338,2026-09-18T10:32:17.051,horizontal,,,0,1,0.6560,YOLO-omega,
cap_000339,2026-09-18T10:32:17.144,horizontal,,,0,1,0.7352,YOLO-omega,
cap_000340,2026-09-18T10:32:17.272,horizontal,,,0,1,0.8768,YOLO-omega,
cap_000341,2026-09-18T10:32:17.397,horizontal,,,0,1,0.8606,YOLO-omega,
cap_000342,2026-09-18T10:32:17.496,horizontal,,,0,1,0.8432,YOLO-omega,
cap_000343,2026-09-18T10:32:17.630,horizontal,,,0,1,0.6749,YOLO-omega,
cap_000344,2026-09-18T10:32:17.723,horizontal,,,0,1,0.7374,YOLO-omega,
cap_000345,2026-09-18T10:32:17.851,horizontal,,,0,1,0.8069,YOLO-omega,
cap_000346,2026-09-18T10:32:17.947,horizontal,,,0,1,0.8349,YOLO-omega,
cap_000347,2026-09-18T10:32:18.071,horizontal,,,0,1,0.9135,YOLO-omega,
cap_000348,2026-09-18T10:32:18.169,horizontal,,,0,1,0.9059,YOLO-omega,
cap_000349,2026-09-18T10:32:18.293,horizontal,,,0,1,0.8662,YOLO-omega,
cap_000350,2026-09-18T10:32:18.424,horizontal,,,0,1,0.7490,YOLO-omega,
cap_000351,2026-09-18T10:32:18.517,horizontal,,,0,1,0.7518,YOLO-omega,
cap_000352,2026-09-18T10:32:18.650,horizontal,,,0,1,0.6601,YOLO-omega,
cap_000353,2026-09-18T10:32:18.743,horizontal,,,0,1,0.8445,YOLO-omega,
cap_000354,2026-09-18T10:32:18.871,horizontal,,,0,1,0.8741,YOLO-omega,
cap_000355,2026-09-18T10:32:18.966,horizontal,,,0,2,0.8835,YOLO-omega,
cap_000356,2026-09-18T10:32:19.096,horizontal,,,0,1,0.9063,YOLO-omega,
cap_000357,2026-09-18T10:32:19.225,horizontal,,,0,1,0.9123,YOLO-omega,
cap_000358,2026-09-18T10:32:19.322,horizontal,,,0,1,0.9206,YOLO-omega,
cap_000359,2026-09-18T10:32:19.450,horizontal,,,0,1,0.9221,YOLO-omega,
cap_000360,2026-09-18T10:32:19.546,horizontal,,,0,1,0.9233,YOLO-omega,
cap_000361,2026-09-18T10:32:19.676,horizontal,,,0,1,0.8971,YOLO-omega,
cap_000362,2026-09-18T10:32:19.778,horizontal,,,0,1,0.8937,YOLO-omega,
cap_000363,2026-09-18T10:32:19.904,horizontal,,,0,1,0.8383,YOLO-omega,
cap_000364,2026-09-18T10:32:19.999,horizontal,,,0,1,0.8676,YOLO-omega,
cap_000365,2026-09-18T10:32:20.128,horizontal,,,0,1,0.8569,YOLO-omega,
cap_000366,2026-09-18T10:32:20.258,horizontal,,,0,1,0.8778,YOLO-omega,
cap_000367,2026-09-18T10:32:20.352,horizontal,,,0,2,0.8978,YOLO-omega,
cap_000368,2026-09-18T10:32:20.480,horizontal,,,0,2,0.8780,YOLO-omega,
cap_000369,2026-09-18T10:32:20.573,horizontal,,,0,2,0.8039,YOLO-omega,
cap_000370,2026-09-18T10:32:20.700,horizontal,,,0,1,0.8947,YOLO-omega,
cap_000371,2026-09-18T10:32:20.795,horizontal,,,0,1,0.8885,YOLO-omega,
cap_000372,2026-09-18T10:32:20.925,horizontal,,,0,1,0.9156,YOLO-omega,
cap_000373,2026-09-18T10:32:21.051,horizontal,,,0,1,0.9078,YOLO-omega,
cap_000374,2026-09-18T10:32:21.145,horizontal,,,0,1,0.9058,YOLO-omega,
cap_000375,2026-09-18T10:32:21.275,horizontal,,,0,3,0.9177,YOLO-omega,
cap_000376,2026-09-18T10:32:21.372,horizontal,,,0,2,0.9126,YOLO-omega,
cap_000377,2026-09-18T10:32:21.496,horizontal,,,0,1,0.9104,YOLO-omega,
cap_000378,2026-09-18T10:32:21.592,horizontal,,,0,1,0.8749,YOLO-omega,
cap_000379,2026-09-18T10:32:21.721,horizontal,,,0,1,0.7336,YOLO-omega,
cap_000380,2026-09-18T10:32:21.816,horizontal,,,0,1,0.8526,YOLO-omega,
cap_000381,2026-09-18T10:32:21.945,horizontal,,,0,1,0.8802,YOLO-omega,
cap_000382,2026-09-18T10:32:22.072,horizontal,,,0,1,0.8801,YOLO-omega,
cap_000383,2026-09-18T10:32:22.168,horizontal,,,0,1,0.8992,YOLO-omega,
cap_000384,2026-09-18T10:32:22.293,horizontal,,,0,1,0.8928,YOLO-omega,
cap_000385,2026-09-18T10:32:22.392,horizontal,,,0,1,0.8905,YOLO-omega,
cap_000386,2026-09-18T10:32:22.521,horizontal,,,0,1,0.9002,YOLO-omega,
cap_000387,2026-09-18T10:32:22.618,horizontal,,,0,1,0.9178,YOLO-omega,
cap_000388,2026-09-18T10:32:22.742,horizontal,,,0,1,0.9204,YOLO-omega,
cap_000389,2026-09-18T10:32:22.840,horizontal,,,0,1,0.9249,YOLO-omega,
cap_000390,2026-09-18T10:32:22.968,horizontal,,,0,1,0.9279,YOLO-omega,
cap_000391,2026-09-18T10:32:23.095,horizontal,,,0,1,0.9244,YOLO-omega,
cap_000392,2026-09-18T10:32:23.192,horizontal,,,0,1,0.9342,YOLO-omega,
cap_000393,2026-09-18T10:32:23.318,horizontal,,,0,1,0.9348,YOLO-omega,
cap_000394,2026-09-18T10:32:23.415,horizontal,,,0,1,0.9282,YOLO-omega,
cap_000395,2026-09-18T10:32:23.545,horizontal,,,0,1,0.9201,YOLO-omega,
cap_000396,2026-09-18T10:32:23.640,horizontal,,,0,1,0.9104,YOLO-omega,
cap_000397,2026-09-18T10:32:23.773,horizontal,,,0,1,0.5605,YOLO-omega,
cap_000398,2026-09-18T10:32:23.897,horizontal,,,0,1,0.5568,YOLO-omega,
cap_000399,2026-09-18T10:32:23.993,horizontal,,,0,1,0.9133,YOLO-omega,
cap_000400,2026-09-18T10:32:24.120,horizontal,,,0,1,0.9028,YOLO-omega,
cap_000401,2026-09-18T10:32:24.217,horizontal,,,0,1,0.8910,YOLO-omega,
cap_000402,2026-09-18T10:32:24.348,horizontal,,,0,1,0.9175,YOLO-omega,
cap_000403,2026-09-18T10:32:24.444,horizontal,,,0,1,0.9191,YOLO-omega,
cap_000404,2026-09-18T10:32:24.570,horizontal,,,0,1,0.9097,YOLO-omega,
cap_000405,2026-09-18T10:32:24.664,horizontal,,,0,1,0.9166,YOLO-omega,
cap_000406,2026-09-18T10:32:24.792,horizontal,,,0,1,0.9167,YOLO-omega,
cap_000407,2026-09-18T10:32:24.921,horizontal,,,0,1,0.9085,YOLO-omega,
cap_000408,2026-09-18T10:32:25.016,horizontal,,,0,1,0.9034,YOLO-omega,
cap_000409,2026-09-18T10:32:25.145,horizontal,,,0,1,0.8875,YOLO-omega,
cap_000410,2026-09-18T10:32:25.237,horizontal,,,0,1,0.9010,YOLO-omega,
cap_000411,2026-09-18T10:32:25.366,horizontal,,,0,1,0.9062,YOLO-omega,
cap_000412,2026-09-18T10:32:25.466,horizontal,,,0,1,0.9074,YOLO-omega,
cap_000413,2026-09-18T10:32:25.595,horizontal,,,0,1,0.9093,YOLO-omega,
cap_000414,2026-09-18T10:32:25.724,horizontal,,,0,1,0.9029,YOLO-omega,
cap_000415,2026-09-18T10:32:25.819,horizontal,,,0,1,0.9163,YOLO-omega,
cap_000416,2026-09-18T10:32:25.946,horizontal,,,0,1,0.8942,YOLO-omega,
cap_000417,2026-09-18T10:32:26.041,horizontal,,,0,1,0.9082,YOLO-omega,
cap_000418,2026-09-18T10:32:26.169,horizontal,,,0,1,0.9061,YOLO-omega,
cap_000419,2026-09-18T10:32:26.262,horizontal,,,0,1,0.8943,YOLO-omega,
cap_000420,2026-09-18T10:32:26.399,horizontal,,,0,1,0.9037,YOLO-omega,
cap_000421,2026-09-18T10:32:26.491,horizontal,,,0,1,0.9105,YOLO-omega,
cap_000422,2026-09-18T10:32:26.618,horizontal,,,0,1,0.9181,YOLO-omega,
cap_000423,2026-09-18T10:32:26.743,horizontal,,,0,1,0.9124,YOLO-omega,
cap_000424,2026-09-18T10:32:26.839,horizontal,,,0,1,0.9244,YOLO-omega,
cap_000425,2026-09-18T10:32:26.967,horizontal,,,0,1,0.9182,YOLO-omega,
cap_000426,2026-09-18T10:32:27.066,horizontal,,,0,1,0.9312,YOLO-omega,
cap_000427,2026-09-18T10:32:27.191,horizontal,,,0,1,0.9264,YOLO-omega,
cap_000428,2026-09-18T10:32:27.287,horizontal,,,0,1,0.9276,YOLO-omega,
cap_000429,2026-09-18T10:32:27.415,horizontal,,,0,1,0.9234,YOLO-omega,
cap_000430,2026-09-18T10:32:27.541,horizontal,,,0,1,0.9134,YOLO-omega,
cap_000431,2026-09-18T10:32:27.637,horizontal,,,0,1,0.9149,YOLO-omega,
cap_000432,2026-09-18T10:32:27.764,horizontal,,,0,1,0.9087,YOLO-omega,
cap_000433,2026-09-18T10:32:27.860,horizontal,,,0,1,0.8979,YOLO-omega,
cap_000434,2026-09-18T10:32:27.990,horizontal,,,0,1,0.8998,YOLO-omega,
cap_000435,2026-09-18T10:32:28.086,horizontal,,,0,1,0.9010,YOLO-omega,
cap_000436,2026-09-18T10:32:28.213,horizontal,,,0,1,0.8943,YOLO-omega,
cap_000437,2026-09-18T10:32:28.309,horizontal,,,0,1,0.9108,YOLO-omega,
cap_000438,2026-09-18T10:32:28.436,horizontal,,,0,1,0.9104,YOLO-omega,
cap_000439,2026-09-18T10:32:28.564,horizontal,,,0,1,0.8902,YOLO-omega,
cap_000440,2026-09-18T10:32:28.661,horizontal,,,0,1,0.8895,YOLO-omega,
cap_000441,2026-09-18T10:32:28.789,horizontal,,,0,1,0.9084,YOLO-omega,
cap_000442,2026-09-18T10:32:28.886,horizontal,,,0,1,0.9053,YOLO-omega,
cap_000443,2026-09-18T10:32:29.014,horizontal,,,0,1,0.9018,YOLO-omega,
cap_000444,2026-09-18T10:32:29.109,horizontal,,,0,1,0.9012,YOLO-omega,
cap_000445,2026-09-18T10:32:29.240,horizontal,,,0,1,0.9117,YOLO-omega,
cap_000446,2026-09-18T10:32:29.337,horizontal,,,0,1,0.9159,YOLO-omega,
cap_000447,2026-09-18T10:32:29.465,horizontal,,,0,1,0.9199,YOLO-omega,
cap_000448,2026-09-18T10:32:29.591,horizontal,,,0,1,0.9281,YOLO-omega,
cap_000449,2026-09-18T10:32:29.688,horizontal,,,0,1,0.9138,YOLO-omega,
cap_000450,2026-09-18T10:32:29.816,horizontal,,,0,1,0.9077,YOLO-omega,
cap_000451,2026-09-18T10:32:29.910,horizontal,,,0,1,0.9145,YOLO-omega,
cap_000452,2026-09-18T10:32:30.038,horizontal,,,0,1,0.9284,YOLO-omega,
cap_000453,2026-09-18T10:32:30.134,horizontal,,,0,1,0.9268,YOLO-omega,
cap_000454,2026-09-18T10:32:30.261,horizontal,,,0,1,0.9177,YOLO-omega,
cap_000455,2026-09-18T10:32:30.392,horizontal,,,0,1,0.9065,YOLO-omega,
cap_000456,2026-09-18T10:32:30.490,horizontal,,,0,1,0.9089,YOLO-omega,
cap_000457,2026-09-18T10:32:30.615,horizontal,,,0,1,0.8887,YOLO-omega,
cap_000458,2026-09-18T10:32:30.712,horizontal,,,0,1,0.8893,YOLO-omega,
cap_000459,2026-09-18T10:32:30.838,horizontal,,,0,1,0.9058,YOLO-omega,
cap_000460,2026-09-18T10:32:30.934,horizontal,,,0,1,0.8871,YOLO-omega,
cap_000461,2026-09-18T10:32:31.067,horizontal,,,0,1,0.8811,YOLO-omega,
cap_000462,2026-09-18T10:32:31.162,horizontal,,,0,1,0.8806,YOLO-omega,
cap_000463,2026-09-18T10:32:31.289,horizontal,,,0,1,0.8935,YOLO-omega,
cap_000464,2026-09-18T10:32:31.414,horizontal,,,0,1,0.9055,YOLO-omega,
cap_000465,2026-09-18T10:32:31.510,horizontal,,,0,1,0.9168,YOLO-omega,
cap_000466,2026-09-18T10:32:31.639,horizontal,,,0,1,0.9161,YOLO-omega,
cap_000467,2026-09-18T10:32:31.735,horizontal,,,0,1,0.9094,YOLO-omega,
cap_000468,2026-09-18T10:32:31.863,horizontal,,,0,1,0.9067,YOLO-omega,
cap_000469,2026-09-18T10:32:31.958,horizontal,,,0,1,0.9178,YOLO-omega,
cap_000470,2026-09-18T10:32:32.085,horizontal,,,0,1,0.9219,YOLO-omega,
cap_000471,2026-09-18T10:32:32.213,horizontal,,,0,1,0.9206,YOLO-omega,
cap_000472,2026-09-18T10:32:32.309,horizontal,,,0,1,0.9122,YOLO-omega,
cap_000473,2026-09-18T10:32:32.436,horizontal,,,0,1,0.9187,YOLO-omega,
cap_000474,2026-09-18T10:32:32.535,horizontal,,,0,1,0.9232,YOLO-omega,
cap_000475,2026-09-18T10:32:32.663,horizontal,,,0,1,0.9197,YOLO-omega,
cap_000476,2026-09-18T10:32:32.759,horizontal,,,0,1,0.9017,YOLO-omega,
cap_000477,2026-09-18T10:32:32.888,horizontal,,,0,1,0.9019,YOLO-omega,
cap_000478,2026-09-18T10:32:32.981,horizontal,,,0,1,0.9038,YOLO-omega,
cap_000479,2026-09-18T10:32:33.112,horizontal,,,0,1,0.9098,YOLO-omega,
cap_000480,2026-09-18T10:32:33.241,horizontal,,,0,1,0.9055,YOLO-omega,
cap_000481,2026-09-18T10:32:33.336,horizontal,,,0,1,0.8968,YOLO-omega,
cap_000482,2026-09-18T10:32:33.463,horizontal,,,0,1,0.9063,YOLO-omega,
cap_000483,2026-09-18T10:32:33.559,horizontal,,,0,1,0.8939,YOLO-omega,
cap_000484,2026-09-18T10:32:33.686,horizontal,,,0,1,0.8968,YOLO-omega,
cap_000485,2026-09-18T10:32:33.781,horizontal,,,0,1,0.8957,YOLO-omega,
cap_000486,2026-09-18T10:32:33.909,horizontal,,,0,1,0.8862,YOLO-omega,
cap_000487,2026-09-18T10:32:34.038,horizontal,,,0,1,0.8999,YOLO-omega,
cap_000488,2026-09-18T10:32:34.135,horizontal,,,0,1,0.8998,YOLO-omega,
cap_000489,2026-09-18T10:32:34.270,horizontal,,,0,1,0.9078,YOLO-omega,
cap_000490,2026-09-18T10:32:34.364,horizontal,,,0,1,0.9047,YOLO-omega,
cap_000491,2026-09-18T10:32:34.491,horizontal,,,0,1,0.9032,YOLO-omega,
cap_000492,2026-09-18T10:32:34.586,horizontal,,,0,1,0.9137,YOLO-omega,
cap_000493,2026-09-18T10:32:34.711,horizontal,,,0,1,0.9198,YOLO-omega,
cap_000494,2026-09-18T10:32:34.807,horizontal,,,0,1,0.9260,YOLO-omega,
cap_000495,2026-09-18T10:32:34.945,horizontal,,,0,1,0.9319,YOLO-omega,
cap_000496,2026-09-18T10:32:35.067,horizontal,,,0,1,0.9273,YOLO-omega,
cap_000497,2026-09-18T10:32:35.164,horizontal,,,0,1,0.9245,YOLO-omega,
cap_000498,2026-09-18T10:32:35.294,horizontal,,,0,2,0.9316,YOLO-omega,
cap_000499,2026-09-18T10:32:35.387,horizontal,,,0,2,0.9089,YOLO-omega,
cap_000500,2026-09-18T10:32:35.512,horizontal,,,0,2,0.9186,YOLO-omega,
cap_000501,2026-09-18T10:32:35.607,horizontal,,,0,2,0.9236,YOLO-omega,
cap_000502,2026-09-18T10:32:35.735,horizontal,,,0,1,0.9149,YOLO-omega,
cap_000503,2026-09-18T10:32:35.838,horizontal,,,0,2,0.9137,YOLO-omega,
cap_000504,2026-09-18T10:32:35.966,horizontal,,,0,2,0.9233,YOLO-omega,
cap_000505,2026-09-18T10:32:36.095,horizontal,,,0,1,0.9201,YOLO-omega,
cap_000506,2026-09-18T10:32:36.189,horizontal,,,0,2,0.9082,YOLO-omega,
cap_000507,2026-09-18T10:32:36.315,horizontal,,,0,2,0.9145,YOLO-omega,
cap_000508,2026-09-18T10:32:36.414,horizontal,,,0,2,0.8882,YOLO-omega,
cap_000509,2026-09-18T10:32:36.537,horizontal,,,0,1,0.9116,YOLO-omega,
cap_000510,2026-09-18T10:32:36.630,horizontal,,,0,1,0.8941,YOLO-omega,
cap_000511,2026-09-18T10:32:36.760,horizontal,,,0,2,0.9328,YOLO-omega,
cap_000512,2026-09-18T10:32:36.886,horizontal,,,0,2,0.8940,YOLO-omega,
cap_000513,2026-09-18T10:32:36.984,horizontal,,,0,3,0.9121,YOLO-omega,
cap_000514,2026-09-18T10:32:37.112,horizontal,,,0,1,0.8632,YOLO-omega,
cap_000515,2026-09-18T10:32:37.208,horizontal,,,0,1,0.8789,YOLO-omega,
cap_000516,2026-09-18T10:32:37.335,horizontal,,,0,2,0.8821,YOLO-omega,
cap_000517,2026-09-18T10:32:37.430,horizontal,,,0,2,0.9064,YOLO-omega,
cap_000518,2026-09-18T10:32:37.558,horizontal,,,0,2,0.8853,YOLO-omega,
cap_000519,2026-09-18T10:32:37.654,horizontal,,,0,2,0.8896,YOLO-omega,
cap_000520,2026-09-18T10:32:37.783,horizontal,,,0,2,0.9228,YOLO-omega,
cap_000521,2026-09-18T10:32:37.911,horizontal,,,0,2,0.8815,YOLO-omega,
cap_000522,2026-09-18T10:32:38.007,horizontal,,,0,2,0.8897,YOLO-omega,
cap_000523,2026-09-18T10:32:38.133,horizontal,,,0,2,0.9102,YOLO-omega,
cap_000524,2026-09-18T10:32:38.231,horizontal,,,0,2,0.9062,YOLO-omega,
cap_000525,2026-09-18T10:32:38.358,horizontal,,,0,2,0.9124,YOLO-omega,
cap_000526,2026-09-18T10:32:38.453,horizontal,,,0,2,0.9201,YOLO-omega,
cap_000527,2026-09-18T10:32:38.583,horizontal,,,0,2,0.9146,YOLO-omega,
cap_000528,2026-09-18T10:32:38.710,horizontal,,,0,2,0.9057,YOLO-omega,
cap_000529,2026-09-18T10:32:38.807,horizontal,,,0,2,0.9107,YOLO-omega,
cap_000530,2026-09-18T10:32:38.934,horizontal,,,0,2,0.9029,YOLO-omega,
cap_000531,2026-09-18T10:32:39.028,horizontal,,,0,2,0.9125,YOLO-omega,
cap_000532,2026-09-18T10:32:39.158,horizontal,,,0,2,0.9170,YOLO-omega,
cap_000533,2026-09-18T10:32:39.254,horizontal,,,0,2,0.9189,YOLO-omega,
cap_000534,2026-09-18T10:32:39.384,horizontal,,,0,2,0.9189,YOLO-omega,
cap_000535,2026-09-18T10:32:39.480,horizontal,,,0,2,0.9172,YOLO-omega,
cap_000536,2026-09-18T10:32:39.606,horizontal,,,0,2,0.9060,YOLO-omega,
cap_000537,2026-09-18T10:32:39.734,horizontal,,,0,2,0.9188,YOLO-omega,
cap_000538,2026-09-18T10:32:39.830,horizontal,,,0,2,0.9260,YOLO-omega,
cap_000539,2026-09-18T10:32:39.961,horizontal,,,0,2,0.9270,YOLO-omega,
cap_000540,2026-09-18T10:32:40.057,horizontal,,,0,2,0.9314,YOLO-omega,
cap_000541,2026-09-18T10:32:40.185,horizontal,,,0,2,0.9306,YOLO-omega,
cap_000542,2026-09-18T10:32:40.281,horizontal,,,0,2,0.9305,YOLO-omega,
cap_000543,2026-09-18T10:32:40.409,horizontal,,,0,2,0.9313,YOLO-omega,
cap_000544,2026-09-18T10:32:40.535,horizontal,,,0,2,0.9318,YOLO-omega,
cap_000545,2026-09-18T10:32:40.631,horizontal,,,0,2,0.9325,YOLO-omega,
cap_000546,2026-09-18T10:32:40.758,horizontal,,,0,2,0.9307,YOLO-omega,
cap_000547,2026-09-18T10:32:40.855,horizontal,,,0,2,0.9313,YOLO-omega,
cap_000548,2026-09-18T10:32:40.981,horizontal,,,0,2,0.9354,YOLO-omega,
cap_000549,2026-09-18T10:32:41.081,horizontal,,,0,3,0.9273,YOLO-omega,
cap_000550,2026-09-18T10:32:41.207,horizontal,,,0,2,0.9341,YOLO-omega,
cap_000551,2026-09-18T10:32:41.302,horizontal,,,0,2,0.9325,YOLO-omega,
cap_000552,2026-09-18T10:32:41.430,horizontal,,,0,2,0.9360,YOLO-omega,
cap_000553,2026-09-18T10:32:41.558,horizontal,,,0,2,0.9358,YOLO-omega,
cap_000554,2026-09-18T10:32:41.656,horizontal,,,0,2,0.9367,YOLO-omega,
cap_000555,2026-09-18T10:32:41.782,horizontal,,,0,2,0.9252,YOLO-omega,
cap_000556,2026-09-18T10:32:41.881,horizontal,,,0,2,0.9250,YOLO-omega,
cap_000557,2026-09-18T10:32:42.007,horizontal,,,0,2,0.9389,YOLO-omega,
cap_000558,2026-09-18T10:32:42.106,horizontal,,,0,2,0.9350,YOLO-omega,
cap_000559,2026-09-18T10:32:42.231,horizontal,,,0,2,0.9423,YOLO-omega,
cap_000560,2026-09-18T10:32:42.328,horizontal,,,0,2,0.9370,YOLO-omega,
cap_000561,2026-09-18T10:32:42.455,horizontal,,,0,2,0.9345,YOLO-omega,
cap_000562,2026-09-18T10:32:42.583,horizontal,,,0,2,0.9121,YOLO-omega,
cap_000563,2026-09-18T10:32:42.680,horizontal,,,0,2,0.9312,YOLO-omega,
cap_000564,2026-09-18T10:32:42.815,horizontal,,,0,2,0.9379,YOLO-omega,
cap_000565,2026-09-18T10:32:42.909,horizontal,,,0,2,0.9330,YOLO-omega,
cap_000566,2026-09-18T10:32:43.037,horizontal,,,0,2,0.9351,YOLO-omega,
cap_000567,2026-09-18T10:32:43.134,horizontal,,,0,2,0.9389,YOLO-omega,
cap_000568,2026-09-18T10:32:43.260,horizontal,,,0,2,0.9433,YOLO-omega,
cap_000569,2026-09-18T10:32:43.389,horizontal,,,0,2,0.9333,YOLO-omega,
cap_000570,2026-09-18T10:32:43.488,horizontal,,,0,2,0.9263,YOLO-omega,
cap_000571,2026-09-18T10:32:43.612,horizontal,,,0,2,0.9240,YOLO-omega,
cap_000572,2026-09-18T10:32:43.707,horizontal,,,0,2,0.9270,YOLO-omega,
cap_000573,2026-09-18T10:32:43.831,horizontal,,,0,2,0.9370,YOLO-omega,
cap_000574,2026-09-18T10:32:43.929,horizontal,,,0,2,0.9335,YOLO-omega,
cap_000575,2026-09-18T10:32:44.061,horizontal,,,0,2,0.9249,YOLO-omega,
cap_000576,2026-09-18T10:32:44.157,horizontal,,,0,2,0.9299,YOLO-omega,
cap_000577,2026-09-18T10:32:44.282,horizontal,,,0,2,0.9254,YOLO-omega,
cap_000578,2026-09-18T10:32:44.412,horizontal,,,0,2,0.9214,YOLO-omega,
cap_000579,2026-09-18T10:32:44.509,horizontal,,,0,2,0.9159,YOLO-omega,
cap_000580,2026-09-18T10:32:44.633,horizontal,,,0,2,0.9179,YOLO-omega,
cap_000581,2026-09-18T10:32:44.726,horizontal,,,0,2,0.9170,YOLO-omega,
cap_000582,2026-09-18T10:32:44.854,horizontal,,,0,2,0.9230,YOLO-omega,
cap_000583,2026-09-18T10:32:44.948,horizontal,,,0,2,0.9417,YOLO-omega,
cap_000584,2026-09-18T10:32:45.075,horizontal,,,0,3,0.9373,YOLO-omega,
cap_000585,2026-09-18T10:32:45.204,horizontal,,,0,2,0.9378,YOLO-omega,
cap_000586,2026-09-18T10:32:45.301,horizontal,,,0,2,0.9377,YOLO-omega,
cap_000587,2026-09-18T10:32:45.428,horizontal,,,0,2,0.9354,YOLO-omega,
cap_000588,2026-09-18T10:32:45.524,horizontal,,,0,2,0.9415,YOLO-omega,
cap_000589,2026-09-18T10:32:45.652,horizontal,,,0,2,0.9417,YOLO-omega,
cap_000590,2026-09-18T10:32:45.748,horizontal,,,0,2,0.9465,YOLO-omega,
cap_000591,2026-09-18T10:32:45.876,horizontal,,,0,2,0.9434,YOLO-omega,
cap_000592,2026-09-18T10:32:45.972,horizontal,,,0,2,0.9288,YOLO-omega,
cap_000593,2026-09-18T10:32:46.099,horizontal,,,0,2,0.9208,YOLO-omega,
cap_000594,2026-09-18T10:32:46.235,horizontal,,,0,2,0.9126,YOLO-omega,
cap_000595,2026-09-18T10:32:46.324,horizontal,,,0,2,0.9178,YOLO-omega,
cap_000596,2026-09-18T10:32:46.452,horizontal,,,0,2,0.9085,YOLO-omega,
cap_000597,2026-09-18T10:32:46.554,horizontal,,,0,2,0.9209,YOLO-omega,
cap_000598,2026-09-18T10:32:46.684,horizontal,,,0,2,0.9340,YOLO-omega,
cap_000599,2026-09-18T10:32:46.780,horizontal,,,0,2,0.9410,YOLO-omega,
cap_000600,2026-09-18T10:32:46.906,horizontal,,,0,2,0.9377,YOLO-omega,
cap_000601,2026-09-18T10:32:47.029,horizontal,,,0,2,0.9393,YOLO-omega,
cap_000602,2026-09-18T10:32:47.124,horizontal,,,0,2,0.9296,YOLO-omega,
cap_000603,2026-09-18T10:32:47.253,horizontal,,,0,2,0.9353,YOLO-omega,
cap_000604,2026-09-18T10:32:47.350,horizontal,,,0,2,0.9318,YOLO-omega,
cap_000605,2026-09-18T10:32:47.476,horizontal,,,0,2,0.9364,YOLO-omega,
cap_000606,2026-09-18T10:32:47.579,horizontal,,,0,2,0.9353,YOLO-omega,
cap_000607,2026-09-18T10:32:47.700,horizontal,,,0,2,0.9192,YOLO-omega,
cap_000608,2026-09-18T10:32:47.795,horizontal,,,0,3,0.9189,YOLO-omega,
cap_000609,2026-09-18T10:32:47.927,horizontal,,,0,2,0.9194,YOLO-omega,
cap_000610,2026-09-18T10:32:48.055,horizontal,,,0,2,0.9303,YOLO-omega,
cap_000611,2026-09-18T10:32:48.150,horizontal,,,0,2,0.9221,YOLO-omega,
cap_000612,2026-09-18T10:32:48.285,horizontal,,,0,2,0.9174,YOLO-omega,
cap_000613,2026-09-18T10:32:48.378,horizontal,,,0,2,0.9197,YOLO-omega,
cap_000614,2026-09-18T10:32:48.508,horizontal,,,0,2,0.9206,YOLO-omega,
cap_000615,2026-09-18T10:32:48.603,horizontal,,,0,2,0.9164,YOLO-omega,
cap_000616,2026-09-18T10:32:48.732,horizontal,,,0,2,0.9121,YOLO-omega,
cap_000617,2026-09-18T10:32:48.829,horizontal,,,0,2,0.9224,YOLO-omega,
cap_000618,2026-09-18T10:32:48.956,horizontal,,,0,2,0.9116,YOLO-omega,
cap_000619,2026-09-18T10:32:49.080,horizontal,,,0,2,0.9202,YOLO-omega,
cap_000620,2026-09-18T10:32:49.179,horizontal,,,0,2,0.9128,YOLO-omega,
cap_000621,2026-09-18T10:32:49.307,horizontal,,,0,2,0.9198,YOLO-omega,
cap_000622,2026-09-18T10:32:49.406,horizontal,,,0,2,0.9215,YOLO-omega,
cap_000623,2026-09-18T10:32:49.533,horizontal,,,0,2,0.9187,YOLO-omega,
cap_000624,2026-09-18T10:32:49.644,horizontal,,,0,2,0.9218,YOLO-omega,
cap_000625,2026-09-18T10:32:49.756,horizontal,,,0,2,0.9253,YOLO-omega,
cap_000626,2026-09-18T10:32:49.880,horizontal,,,0,2,0.9232,YOLO-omega,
cap_000627,2026-09-18T10:32:49.978,horizontal,,,0,2,0.9323,YOLO-omega,
cap_000628,2026-09-18T10:32:50.113,horizontal,,,0,2,0.9286,YOLO-omega,
cap_000629,2026-09-18T10:32:50.206,horizontal,,,0,2,0.9349,YOLO-omega,
cap_000630,2026-09-18T10:32:50.336,horizontal,,,0,2,0.9352,YOLO-omega,
cap_000631,2026-09-18T10:32:50.437,horizontal,,,0,2,0.9350,YOLO-omega,
cap_000632,2026-09-18T10:32:50.559,horizontal,,,0,2,0.9401,YOLO-omega,
cap_000633,2026-09-18T10:32:50.653,horizontal,,,0,2,0.9431,YOLO-omega,
cap_000634,2026-09-18T10:32:50.783,horizontal,,,0,2,0.9426,YOLO-omega,
cap_000635,2026-09-18T10:32:50.908,horizontal,,,0,3,0.9396,YOLO-omega,
cap_000636,2026-09-18T10:32:51.006,horizontal,,,0,2,0.9397,YOLO-omega,
cap_000637,2026-09-18T10:32:51.132,horizontal,,,0,2,0.9485,YOLO-omega,
cap_000638,2026-09-18T10:32:51.229,horizontal,,,0,2,0.9468,YOLO-omega,
cap_000639,2026-09-18T10:32:51.364,horizontal,,,0,2,0.9433,YOLO-omega,
cap_000640,2026-09-18T10:32:51.452,horizontal,,,0,2,0.9307,YOLO-omega,
cap_000641,2026-09-18T10:32:51.582,horizontal,,,0,2,0.9302,YOLO-omega,
cap_000642,2026-09-18T10:32:51.709,horizontal,,,0,2,0.9394,YOLO-omega,
cap_000643,2026-09-18T10:32:51.805,horizontal,,,0,2,0.9334,YOLO-omega,
cap_000644,2026-09-18T10:32:51.932,horizontal,,,0,2,0.9416,YOLO-omega,
cap_000645,2026-09-18T10:32:52.026,horizontal,,,0,2,0.9262,YOLO-omega,
cap_000646,2026-09-18T10:32:52.158,horizontal,,,0,2,0.9270,YOLO-omega,
cap_000647,2026-09-18T10:32:52.251,horizontal,,,0,2,0.9194,YOLO-omega,
cap_000648,2026-09-18T10:32:52.377,horizontal,,,0,2,0.9204,YOLO-omega,
cap_000649,2026-09-18T10:32:52.474,horizontal,,,0,2,0.9254,YOLO-omega,
cap_000650,2026-09-18T10:32:52.601,horizontal,,,0,2,0.9300,YOLO-omega,
cap_000651,2026-09-18T10:32:52.730,horizontal,,,0,2,0.9184,YOLO-omega,
cap_000652,2026-09-18T10:32:52.826,horizontal,,,0,2,0.9126,YOLO-omega,
cap_000653,2026-09-18T10:32:52.951,horizontal,,,0,2,0.9076,YOLO-omega,
cap_000654,2026-09-18T10:32:53.045,horizontal,,,0,2,0.9310,YOLO-omega,
cap_000655,2026-09-18T10:32:53.172,horizontal,,,0,2,0.9266,YOLO-omega,
cap_000656,2026-09-18T10:32:53.270,horizontal,,,0,2,0.9320,YOLO-omega,
cap_000657,2026-09-18T10:32:53.400,horizontal,,,0,2,0.9229,YOLO-omega,
cap_000658,2026-09-18T10:32:53.527,horizontal,,,0,2,0.9137,YOLO-omega,
cap_000659,2026-09-18T10:32:53.623,horizontal,,,0,2,0.9059,YOLO-omega,
cap_000660,2026-09-18T10:32:53.749,horizontal,,,0,2,0.9205,YOLO-omega,
cap_000661,2026-09-18T10:32:53.845,horizontal,,,0,2,0.9312,YOLO-omega,
cap_000662,2026-09-18T10:32:53.973,horizontal,,,0,2,0.9229,YOLO-omega,
cap_000663,2026-09-18T10:32:54.069,horizontal,,,0,2,0.9243,YOLO-omega,
cap_000664,2026-09-18T10:32:54.199,horizontal,,,0,2,0.9258,YOLO-omega,
cap_000665,2026-09-18T10:32:54.298,horizontal,,,0,2,0.9250,YOLO-omega,
cap_000666,2026-09-18T10:32:54.428,horizontal,,,0,2,0.9116,YOLO-omega,
cap_000667,2026-09-18T10:32:54.556,horizontal,,,0,2,0.9110,YOLO-omega,
cap_000668,2026-09-18T10:32:54.647,horizontal,,,0,2,0.9113,YOLO-omega,
cap_000669,2026-09-18T10:32:54.774,horizontal,,,0,2,0.9321,YOLO-omega,
cap_000670,2026-09-18T10:32:54.871,horizontal,,,0,2,0.9246,YOLO-omega,
cap_000671,2026-09-18T10:32:54.999,horizontal,,,0,2,0.9258,YOLO-omega,
cap_000672,2026-09-18T10:32:55.098,horizontal,,,0,2,0.9183,YOLO-omega,
cap_000673,2026-09-18T10:32:55.228,horizontal,,,0,2,0.9326,YOLO-omega,
cap_000674,2026-09-18T10:32:55.324,horizontal,,,0,2,0.9423,YOLO-omega,
cap_000675,2026-09-18T10:32:55.455,horizontal,,,0,2,0.9390,YOLO-omega,
cap_000676,2026-09-18T10:32:55.579,horizontal,,,0,2,0.9449,YOLO-omega,
cap_000677,2026-09-18T10:32:55.673,horizontal,,,0,2,0.9406,YOLO-omega,
cap_000678,2026-09-18T10:32:55.800,horizontal,,,0,2,0.9372,YOLO-omega,
cap_000679,2026-09-18T10:32:55.897,horizontal,,,0,2,0.9385,YOLO-omega,
cap_000680,2026-09-18T10:32:56.024,horizontal,,,0,2,0.9429,YOLO-omega,
cap_000681,2026-09-18T10:32:56.123,horizontal,,,0,2,0.9437,YOLO-omega,
cap_000682,2026-09-18T10:32:56.251,horizontal,,,0,2,0.9400,YOLO-omega,
cap_000683,2026-09-18T10:32:56.378,horizontal,,,0,2,0.9321,YOLO-omega,
cap_000684,2026-09-18T10:32:56.472,horizontal,,,0,2,0.9366,YOLO-omega,
cap_000685,2026-09-18T10:32:56.599,horizontal,,,0,2,0.9358,YOLO-omega,
cap_000686,2026-09-18T10:32:56.698,horizontal,,,0,2,0.9415,YOLO-omega,
cap_000687,2026-09-18T10:32:56.824,horizontal,,,0,2,0.9331,YOLO-omega,
cap_000688,2026-09-18T10:32:56.921,horizontal,,,0,2,0.9287,YOLO-omega,
cap_000689,2026-09-18T10:32:57.048,horizontal,,,0,2,0.9307,YOLO-omega,
cap_000690,2026-09-18T10:32:57.147,horizontal,,,0,2,0.9379,YOLO-omega,
cap_000691,2026-09-18T10:32:57.274,horizontal,,,0,2,0.9404,YOLO-omega,
cap_000692,2026-09-18T10:32:57.402,horizontal,,,0,2,0.9470,YOLO-omega,
cap_000693,2026-09-18T10:32:57.503,horizontal,,,0,2,0.9382,YOLO-omega,
cap_000694,2026-09-18T10:32:57.628,horizontal,,,0,2,0.9361,YOLO-omega,
cap_000695,2026-09-18T10:32:57.723,horizontal,,,0,2,0.9371,YOLO-omega,
cap_000696,2026-09-18T10:32:57.848,horizontal,,,0,2,0.9336,YOLO-omega,
cap_000697,2026-09-18T10:32:57.945,horizontal,,,0,2,0.9211,YOLO-omega,
cap_000698,2026-09-18T10:32:58.071,horizontal,,,0,2,0.9193,YOLO-omega,
cap_000699,2026-09-18T10:32:58.197,horizontal,,,0,2,0.9364,YOLO-omega,
cap_000700,2026-09-18T10:32:58.293,horizontal,,,0,2,0.9414,YOLO-omega,
cap_000701,2026-09-18T10:32:58.423,horizontal,,,0,3,0.9242,YOLO-omega,
cap_000702,2026-09-18T10:32:58.518,horizontal,,,0,3,0.7747,YOLO-omega,
cap_000703,2026-09-18T10:32:58.645,horizontal,,,0,2,0.9482,YOLO-omega,
cap_000704,2026-09-18T10:32:58.741,horizontal,,,0,2,0.9463,YOLO-omega,
cap_000705,2026-09-18T10:32:58.868,horizontal,,,0,2,0.9430,YOLO-omega,
cap_000706,2026-09-18T10:32:58.966,horizontal,,,0,2,0.9357,YOLO-omega,
cap_000707,2026-09-18T10:32:59.093,horizontal,,,0,2,0.9370,YOLO-omega,
cap_000708,2026-09-18T10:32:59.224,horizontal,,,0,2,0.9268,YOLO-omega,
cap_000709,2026-09-18T10:32:59.316,horizontal,,,0,2,0.9261,YOLO-omega,
cap_000710,2026-09-18T10:32:59.445,horizontal,,,0,2,0.9303,YOLO-omega,
cap_000711,2026-09-18T10:32:59.541,horizontal,,,0,2,0.9392,YOLO-omega,
cap_000712,2026-09-18T10:32:59.670,horizontal,,,0,2,0.9359,YOLO-omega,
cap_000713,2026-09-18T10:32:59.768,horizontal,,,0,2,0.9377,YOLO-omega,
cap_000714,2026-09-18T10:32:59.894,horizontal,,,0,1,0.9367,YOLO-omega,
cap_000715,2026-09-18T10:32:59.990,horizontal,,,0,1,0.9437,YOLO-omega,
cap_000716,2026-09-18T10:33:00.122,horizontal,,,0,1,0.9382,YOLO-omega,
cap_000717,2026-09-18T10:33:00.249,horizontal,,,0,1,0.9409,YOLO-omega,
cap_000718,2026-09-18T10:33:00.345,horizontal,,,0,1,0.9366,YOLO-omega,
cap_000719,2026-09-18T10:33:00.472,horizontal,,,0,2,0.9337,YOLO-omega,
cap_000720,2026-09-18T10:33:00.566,horizontal,,,0,1,0.9436,YOLO-omega,
cap_000721,2026-09-18T10:33:00.696,horizontal,,,0,1,0.9394,YOLO-omega,
cap_000722,2026-09-18T10:33:00.793,horizontal,,,0,1,0.9360,YOLO-omega,
cap_000723,2026-09-18T10:33:00.922,horizontal,,,0,1,0.9456,YOLO-omega,
cap_000724,2026-09-18T10:33:01.048,horizontal,,,0,1,0.9427,YOLO-omega,
cap_000725,2026-09-18T10:33:01.144,horizontal,,,0,1,0.9390,YOLO-omega,
cap_000726,2026-09-18T10:33:01.274,horizontal,,,0,1,0.9366,YOLO-omega,
cap_000727,2026-09-18T10:33:01.368,horizontal,,,0,1,0.9376,YOLO-omega,
cap_000728,2026-09-18T10:33:01.493,horizontal,,,0,1,0.9481,YOLO-omega,
cap_000729,2026-09-18T10:33:01.590,horizontal,,,0,1,0.9487,YOLO-omega,
cap_000730,2026-09-18T10:33:01.721,horizontal,,,0,1,0.9448,YOLO-omega,
cap_000731,2026-09-18T10:33:01.820,horizontal,,,0,1,0.9346,YOLO-omega,
cap_000732,2026-09-18T10:33:01.945,horizontal,,,0,1,0.9355,YOLO-omega,
cap_000733,2026-09-18T10:33:02.070,horizontal,,,0,1,0.9395,YOLO-omega,
cap_000734,2026-09-18T10:33:02.166,horizontal,,,0,1,0.9375,YOLO-omega,
cap_000735,2026-09-18T10:33:02.291,horizontal,,,0,1,0.9330,YOLO-omega,
cap_000736,2026-09-18T10:33:02.390,horizontal,,,0,1,0.9254,YOLO-omega,
cap_000737,2026-09-18T10:33:02.518,horizontal,,,0,1,0.9322,YOLO-omega,
cap_000738,2026-09-18T10:33:02.612,horizontal,,,0,1,0.9434,YOLO-omega,
cap_000739,2026-09-18T10:33:02.741,horizontal,,,0,1,0.9404,YOLO-omega,
cap_000740,2026-09-18T10:33:02.867,horizontal,,,0,1,0.9417,YOLO-omega,
cap_000741,2026-09-18T10:33:02.964,horizontal,,,0,1,0.9443,YOLO-omega,
cap_000742,2026-09-18T10:33:03.092,horizontal,,,0,1,0.9399,YOLO-omega,
cap_000743,2026-09-18T10:33:03.188,horizontal,,,0,2,0.9332,YOLO-omega,
cap_000744,2026-09-18T10:33:03.317,horizontal,,,0,1,0.9273,YOLO-omega,
cap_000745,2026-09-18T10:33:03.412,horizontal,,,0,1,0.9296,YOLO-omega,
cap_000746,2026-09-18T10:33:03.540,horizontal,,,0,1,0.9293,YOLO-omega,
cap_000747,2026-09-18T10:33:03.639,horizontal,,,0,1,0.9347,YOLO-omega,
cap_000748,2026-09-18T10:33:03.766,horizontal,,,0,1,0.9319,YOLO-omega,
cap_000749,2026-09-18T10:33:03.892,horizontal,,,0,1,0.9386,YOLO-omega,
cap_000750,2026-09-18T10:33:03.990,horizontal,,,0,1,0.9210,YOLO-omega,
cap_000751,2026-09-18T10:33:04.121,horizontal,,,0,1,0.9261,YOLO-omega,
cap_000752,2026-09-18T10:33:04.216,horizontal,,,0,1,0.9324,YOLO-omega,
cap_000753,2026-09-18T10:33:04.343,horizontal,,,0,1,0.9456,YOLO-omega,
cap_000754,2026-09-18T10:33:04.445,horizontal,,,0,2,0.9487,YOLO-omega,
cap_000755,2026-09-18T10:33:04.566,horizontal,,,0,2,0.9447,YOLO-omega,
cap_000756,2026-09-18T10:33:04.692,horizontal,,,0,1,0.9329,YOLO-omega,
cap_000757,2026-09-18T10:33:04.791,horizontal,,,0,2,0.9350,YOLO-omega,
cap_000758,2026-09-18T10:33:04.922,horizontal,,,0,1,0.9337,YOLO-omega,
cap_000759,2026-09-18T10:33:05.016,horizontal,,,0,1,0.9312,YOLO-omega,
cap_000760,2026-09-18T10:33:05.146,horizontal,,,0,1,0.9366,YOLO-omega,
cap_000761,2026-09-18T10:33:05.242,horizontal,,,0,2,0.9428,YOLO-omega,
cap_000762,2026-09-18T10:33:05.370,horizontal,,,0,2,0.9456,YOLO-omega,
cap_000763,2026-09-18T10:33:05.466,horizontal,,,0,2,0.9372,YOLO-omega,
cap_000764,2026-09-18T10:33:05.599,horizontal,,,0,2,0.9404,YOLO-omega,
cap_000765,2026-09-18T10:33:05.721,horizontal,,,0,2,0.9364,YOLO-omega,
cap_000766,2026-09-18T10:33:05.815,horizontal,,,0,2,0.9316,YOLO-omega,
cap_000767,2026-09-18T10:33:05.951,horizontal,,,0,2,0.9347,YOLO-omega,
cap_000768,2026-09-18T10:33:06.049,horizontal,,,0,2,0.9317,YOLO-omega,
cap_000769,2026-09-18T10:33:06.173,horizontal,,,0,2,0.9355,YOLO-omega,
cap_000770,2026-09-18T10:33:06.268,horizontal,,,0,2,0.9315,YOLO-omega,
cap_000771,2026-09-18T10:33:06.392,horizontal,,,0,2,0.9300,YOLO-omega,
cap_000772,2026-09-18T10:33:06.490,horizontal,,,0,2,0.9276,YOLO-omega,
cap_000773,2026-09-18T10:33:06.616,horizontal,,,0,2,0.9108,YOLO-omega,
cap_000774,2026-09-18T10:33:06.743,horizontal,,,0,2,0.9007,YOLO-omega,
cap_000775,2026-09-18T10:33:06.838,horizontal,,,0,3,0.9201,YOLO-omega,
cap_000776,2026-09-18T10:33:06.965,horizontal,,,0,1,0.9116,YOLO-omega,
cap_000777,2026-09-18T10:33:07.061,horizontal,,,0,2,0.9158,YOLO-omega,
cap_000778,2026-09-18T10:33:07.190,horizontal,,,0,2,0.9110,YOLO-omega,
cap_000779,2026-09-18T10:33:07.286,horizontal,,,0,2,0.9241,YOLO-omega,
cap_000780,2026-09-18T10:33:07.415,horizontal,,,0,1,0.9239,YOLO-omega,
cap_000781,2026-09-18T10:33:07.543,horizontal,,,0,1,0.9187,YOLO-omega,
cap_000782,2026-09-18T10:33:07.637,horizontal,,,0,1,0.9219,YOLO-omega,
cap_000783,2026-09-18T10:33:07.764,horizontal,,,0,2,0.9164,YOLO-omega,
cap_000784,2026-09-18T10:33:07.862,horizontal,,,0,1,0.8991,YOLO-omega,
cap_000785,2026-09-18T10:33:07.992,horizontal,,,0,2,0.9163,YOLO-omega,
cap_000786,2026-09-18T10:33:08.086,horizontal,,,0,2,0.8876,YOLO-omega,
cap_000787,2026-09-18T10:33:08.216,horizontal,,,0,2,0.9243,YOLO-omega,
cap_000788,2026-09-18T10:33:08.309,horizontal,,,0,2,0.9203,YOLO-omega,
cap_000789,2026-09-18T10:33:08.437,horizontal,,,0,2,0.9302,YOLO-omega,
cap_000790,2026-09-18T10:33:08.564,horizontal,,,0,2,0.9288,YOLO-omega,
cap_000791,2026-09-18T10:33:08.660,horizontal,,,0,2,0.9289,YOLO-omega,
cap_000792,2026-09-18T10:33:08.789,horizontal,,,0,2,0.9511,YOLO-omega,
cap_000793,2026-09-18T10:33:08.884,horizontal,,,0,2,0.9250,YOLO-omega,
cap_000794,2026-09-18T10:33:09.014,horizontal,,,0,2,0.9251,YOLO-omega,
cap_000795,2026-09-18T10:33:09.110,horizontal,,,0,2,0.9174,YOLO-omega,
cap_000796,2026-09-18T10:33:09.241,horizontal,,,0,2,0.9079,YOLO-omega,
cap_000797,2026-09-18T10:33:09.365,horizontal,,,0,2,0.8830,YOLO-omega,
cap_000798,2026-09-18T10:33:09.461,horizontal,,,0,2,0.8908,YOLO-omega,
cap_000799,2026-09-18T10:33:09.591,horizontal,,,0,2,0.9322,YOLO-omega,
cap_000800,2026-09-18T10:33:09.686,horizontal,,,0,2,0.9025,YOLO-omega,
cap_000801,2026-09-18T10:33:09.814,horizontal,,,0,2,0.9307,YOLO-omega,
cap_000802,2026-09-18T10:33:09.910,horizontal,,,0,2,0.9411,YOLO-omega,
cap_000803,2026-09-18T10:33:10.038,horizontal,,,0,2,0.9417,YOLO-omega,
cap_000804,2026-09-18T10:33:10.135,horizontal,,,0,1,0.9520,YOLO-omega,
cap_000805,2026-09-18T10:33:10.261,horizontal,,,0,1,0.9398,YOLO-omega,
cap_000806,2026-09-18T10:33:10.389,horizontal,,,0,1,0.9466,YOLO-omega,
cap_000807,2026-09-18T10:33:10.486,horizontal,,,0,1,0.9363,YOLO-omega,
cap_000808,2026-09-18T10:33:10.615,horizontal,,,0,1,0.9096,YOLO-omega,
cap_000809,2026-09-18T10:33:10.709,horizontal,,,0,1,0.9245,YOLO-omega,
cap_000810,2026-09-18T10:33:10.838,horizontal,,,0,2,0.8873,YOLO-omega,
cap_000811,2026-09-18T10:33:10.933,horizontal,,,0,1,0.9429,YOLO-omega,
cap_000812,2026-09-18T10:33:11.063,horizontal,,,0,2,0.9174,YOLO-omega,
cap_000813,2026-09-18T10:33:11.188,horizontal,,,0,2,0.8774,YOLO-omega,
cap_000814,2026-09-18T10:33:11.284,horizontal,,,0,2,0.9044,YOLO-omega,
cap_000815,2026-09-18T10:33:11.413,horizontal,,,0,2,0.9251,YOLO-omega,
cap_000816,2026-09-18T10:33:11.510,horizontal,,,0,2,0.9205,YOLO-omega,
cap_000817,2026-09-18T10:33:11.640,horizontal,,,0,2,0.9288,YOLO-omega,
cap_000818,2026-09-18T10:33:11.734,horizontal,,,0,2,0.9312,YOLO-omega,
cap_000819,2026-09-18T10:33:11.863,horizontal,,,0,2,0.9442,YOLO-omega,
cap_000820,2026-09-18T10:33:11.958,horizontal,,,0,2,0.9282,YOLO-omega,
cap_000821,2026-09-18T10:33:12.085,horizontal,,,0,2,0.9315,YOLO-omega,
cap_000822,2026-09-18T10:33:12.213,horizontal,,,0,2,0.9444,YOLO-omega,
cap_000823,2026-09-18T10:33:12.311,horizontal,,,0,2,0.9425,YOLO-omega,
cap_000824,2026-09-18T10:33:12.438,horizontal,,,0,2,0.9138,YOLO-omega,
cap_000825,2026-09-18T10:33:12.534,horizontal,,,0,2,0.8908,YOLO-omega,
cap_000826,2026-09-18T10:33:12.661,horizontal,,,0,2,0.9054,YOLO-omega,
cap_000827,2026-09-18T10:33:12.760,horizontal,,,0,2,0.9444,YOLO-omega,
cap_000828,2026-09-18T10:33:12.885,horizontal,,,0,2,0.9286,YOLO-omega,
cap_000829,2026-09-18T10:33:12.983,horizontal,,,0,2,0.9140,YOLO-omega,
cap_000830,2026-09-18T10:33:13.112,horizontal,,,0,2,0.9037,YOLO-omega,
cap_000831,2026-09-18T10:33:13.237,horizontal,,,0,2,0.8652,YOLO-omega,
cap_000832,2026-09-18T10:33:13.333,horizontal,,,0,2,0.8999,YOLO-omega,
cap_000833,2026-09-18T10:33:13.463,horizontal,,,0,2,0.9134,YOLO-omega,
cap_000834,2026-09-18T10:33:13.558,horizontal,,,0,2,0.9218,YOLO-omega,
cap_000835,2026-09-18T10:33:13.686,horizontal,,,0,2,0.9188,YOLO-omega,
cap_000836,2026-09-18T10:33:13.786,horizontal,,,0,2,0.9179,YOLO-omega,
cap_000837,2026-09-18T10:33:13.912,horizontal,,,0,2,0.9288,YOLO-omega,
cap_000838,2026-09-18T10:33:14.039,horizontal,,,0,2,0.9228,YOLO-omega,
cap_000839,2026-09-18T10:33:14.134,horizontal,,,0,2,0.9046,YOLO-omega,
cap_000840,2026-09-18T10:33:14.260,horizontal,,,0,1,0.9090,YOLO-omega,
cap_000841,2026-09-18T10:33:14.359,horizontal,,,0,2,0.9300,YOLO-omega,
cap_000842,2026-09-18T10:33:14.490,horizontal,,,0,1,0.9082,YOLO-omega,
cap_000843,2026-09-18T10:33:14.587,horizontal,,,0,2,0.8957,YOLO-omega,
cap_000844,2026-09-18T10:33:14.716,horizontal,,,0,1,0.9048,YOLO-omega,
cap_000845,2026-09-18T10:33:14.811,horizontal,,,0,2,0.7049,YOLO-omega,
cap_000846,2026-09-18T10:33:14.939,horizontal,,,0,2,0.9207,YOLO-omega,
cap_000847,2026-09-18T10:33:15.067,horizontal,,,0,2,0.9041,YOLO-omega,
cap_000848,2026-09-18T10:33:15.160,horizontal,,,0,2,0.9243,YOLO-omega,
cap_000849,2026-09-18T10:33:15.287,horizontal,,,0,2,0.9314,YOLO-omega,
cap_000850,2026-09-18T10:33:15.384,horizontal,,,0,1,0.8352,YOLO-omega,
cap_000851,2026-09-18T10:33:15.513,horizontal,,,0,1,0.9249,YOLO-omega,
cap_000852,2026-09-18T10:33:15.606,horizontal,,,0,1,0.9205,YOLO-omega,
cap_000853,2026-09-18T10:33:15.738,horizontal,,,0,2,0.9367,YOLO-omega,
cap_000854,2026-09-18T10:33:15.866,horizontal,,,0,2,0.9332,YOLO-omega,
cap_000855,2026-09-18T10:33:15.961,horizontal,,,0,1,0.9364,YOLO-omega,
cap_000856,2026-09-18T10:33:16.090,horizontal,,,0,1,0.9368,YOLO-omega,
cap_000857,2026-09-18T10:33:16.184,horizontal,,,0,1,0.9333,YOLO-omega,
cap_000858,2026-09-18T10:33:16.313,horizontal,,,0,2,0.9329,YOLO-omega,
cap_000859,2026-09-18T10:33:16.408,horizontal,,,0,1,0.9383,YOLO-omega,
cap_000860,2026-09-18T10:33:16.533,horizontal,,,0,1,0.9393,YOLO-omega,
cap_000861,2026-09-18T10:33:16.629,horizontal,,,0,1,0.8840,YOLO-omega,
cap_000862,2026-09-18T10:33:16.758,horizontal,,,0,1,0.9399,YOLO-omega,
cap_000863,2026-09-18T10:33:16.886,horizontal,,,0,1,0.9404,YOLO-omega,
cap_000864,2026-09-18T10:33:16.983,horizontal,,,0,1,0.9364,YOLO-omega,
cap_000865,2026-09-18T10:33:17.111,horizontal,,,0,1,0.9381,YOLO-omega,
cap_000866,2026-09-18T10:33:17.207,horizontal,,,0,1,0.9285,YOLO-omega,
cap_000867,2026-09-18T10:33:17.334,horizontal,,,0,1,0.9289,YOLO-omega,
cap_000868,2026-09-18T10:33:17.432,horizontal,,,0,1,0.9251,YOLO-omega,
cap_000869,2026-09-18T10:33:17.561,horizontal,,,0,1,0.9242,YOLO-omega,
cap_000870,2026-09-18T10:33:17.692,horizontal,,,0,1,0.9363,YOLO-omega,
cap_000871,2026-09-18T10:33:17.784,horizontal,,,0,1,0.9360,YOLO-omega,
cap_000872,2026-09-18T10:33:17.909,horizontal,,,0,1,0.9283,YOLO-omega,
cap_000873,2026-09-18T10:33:18.006,horizontal,,,0,2,0.9336,YOLO-omega,
cap_000874,2026-09-18T10:33:18.132,horizontal,,,0,2,0.9363,YOLO-omega,
cap_000875,2026-09-18T10:33:18.227,horizontal,,,0,2,0.9357,YOLO-omega,
cap_000876,2026-09-18T10:33:18.356,horizontal,,,0,1,0.9392,YOLO-omega,
cap_000877,2026-09-18T10:33:18.453,horizontal,,,0,1,0.9442,YOLO-omega,
cap_000878,2026-09-18T10:33:18.583,horizontal,,,0,1,0.9400,YOLO-omega,
cap_000879,2026-09-18T10:33:18.707,horizontal,,,0,3,0.9291,YOLO-omega,
cap_000880,2026-09-18T10:33:18.804,horizontal,,,0,3,0.9211,YOLO-omega,
cap_000881,2026-09-18T10:33:18.930,horizontal,,,0,2,0.9046,YOLO-omega,
cap_000882,2026-09-18T10:33:19.030,horizontal,,,0,2,0.9114,YOLO-omega,
cap_000883,2026-09-18T10:33:19.156,horizontal,,,0,2,0.9060,YOLO-omega,
cap_000884,2026-09-18T10:33:19.252,horizontal,,,0,2,0.9241,YOLO-omega,
cap_000885,2026-09-18T10:33:19.380,horizontal,,,0,3,0.9318,YOLO-omega,
cap_000886,2026-09-18T10:33:19.475,horizontal,,,0,2,0.9379,YOLO-omega,
cap_000887,2026-09-18T10:33:19.601,horizontal,,,0,2,0.9284,YOLO-omega,
cap_000888,2026-09-18T10:33:19.736,horizontal,,,0,2,0.9310,YOLO-omega,
cap_000889,2026-09-18T10:33:19.836,horizontal,,,0,3,0.9331,YOLO-omega,
cap_000890,2026-09-18T10:33:19.960,horizontal,,,0,3,0.9140,YOLO-omega,
cap_000891,2026-09-18T10:33:20.056,horizontal,,,0,2,0.9152,YOLO-omega,
cap_000892,2026-09-18T10:33:20.188,horizontal,,,0,2,0.9218,YOLO-omega,
cap_000893,2026-09-18T10:33:20.282,horizontal,,,0,4,0.9307,YOLO-omega,
cap_000894,2026-09-18T10:33:20.407,horizontal,,,0,2,0.9283,YOLO-omega,
cap_000895,2026-09-18T10:33:20.535,horizontal,,,0,2,0.9414,YOLO-omega,
cap_000896,2026-09-18T10:33:20.632,horizontal,,,0,2,0.8833,YOLO-omega,
cap_000897,2026-09-18T10:33:20.759,horizontal,,,0,3,0.9545,YOLO-omega,
cap_000898,2026-09-18T10:33:20.854,horizontal,,,0,3,0.9520,YOLO-omega,
cap_000899,2026-09-18T10:33:20.982,horizontal,,,0,2,0.9483,YOLO-omega,
cap_000900,2026-09-18T10:33:21.078,horizontal,,,0,2,0.9466,YOLO-omega,
cap_000901,2026-09-18T10:33:21.206,horizontal,,,0,2,0.9350,YOLO-omega,
cap_000902,2026-09-18T10:33:21.306,horizontal,,,0,3,0.9268,YOLO-omega,
cap_000903,2026-09-18T10:33:21.442,horizontal,,,0,3,0.9143,YOLO-omega,
cap_000904,2026-09-18T10:33:21.560,horizontal,,,0,4,0.9111,YOLO-omega,
cap_000905,2026-09-18T10:33:21.658,horizontal,,,0,4,0.9132,YOLO-omega,
cap_000906,2026-09-18T10:33:21.783,horizontal,,,0,3,0.9332,YOLO-omega,
cap_000907,2026-09-18T10:33:21.881,horizontal,,,0,4,0.9246,YOLO-omega,
cap_000908,2026-09-18T10:33:22.008,horizontal,,,0,4,0.9039,YOLO-omega,
cap_000909,2026-09-18T10:33:22.103,horizontal,,,0,2,0.9153,YOLO-omega,
cap_000910,2026-09-18T10:33:22.229,horizontal,,,0,3,0.9090,YOLO-omega,
cap_000911,2026-09-18T10:33:22.359,horizontal,,,0,1,0.9099,YOLO-omega,
cap_000912,2026-09-18T10:33:22.452,horizontal,,,0,3,0.9124,YOLO-omega,
cap_000913,2026-09-18T10:33:22.581,horizontal,,,0,2,0.9148,YOLO-omega,
cap_000914,2026-09-18T10:33:22.678,horizontal,,,0,2,0.9282,YOLO-omega,
cap_000915,2026-09-18T10:33:22.808,horizontal,,,0,1,0.9105,YOLO-omega,
cap_000916,2026-09-18T10:33:22.901,horizontal,,,0,2,0.9292,YOLO-omega,
cap_000917,2026-09-18T10:33:23.031,horizontal,,,0,2,0.9188,YOLO-omega,
cap_000918,2026-09-18T10:33:23.127,horizontal,,,0,2,0.9158,YOLO-omega,
cap_000919,2026-09-18T10:33:23.258,horizontal,,,0,3,0.9344,YOLO-omega,
cap_000920,2026-09-18T10:33:23.385,horizontal,,,0,2,0.9301,YOLO-omega,
cap_000921,2026-09-18T10:33:23.481,horizontal,,,0,2,0.9374,YOLO-omega,
cap_000922,2026-09-18T10:33:23.608,horizontal,,,0,2,0.9381,YOLO-omega,
cap_000923,2026-09-18T10:33:23.701,horizontal,,,0,2,0.9313,YOLO-omega,
cap_000924,2026-09-18T10:33:23.835,horizontal,,,0,2,0.9283,YOLO-omega,
cap_000925,2026-09-18T10:33:23.925,horizontal,,,0,2,0.9329,YOLO-omega,
cap_000926,2026-09-18T10:33:24.054,horizontal,,,0,2,0.9281,YOLO-omega,
cap_000927,2026-09-18T10:33:24.181,horizontal,,,0,2,0.9293,YOLO-omega,
cap_000928,2026-09-18T10:33:24.278,horizontal,,,0,2,0.9271,YOLO-omega,
cap_000929,2026-09-18T10:33:24.406,horizontal,,,0,1,0.9361,YOLO-omega,
cap_000930,2026-09-18T10:33:24.504,horizontal,,,0,1,0.9386,YOLO-omega,
cap_000931,2026-09-18T10:33:24.631,horizontal,,,0,1,0.9318,YOLO-omega,
cap_000932,2026-09-18T10:33:24.726,horizontal,,,0,1,0.9420,YOLO-omega,
cap_000933,2026-09-18T10:33:24.855,horizontal,,,0,1,0.9326,YOLO-omega,
cap_000934,2026-09-18T10:33:24.949,horizontal,,,0,1,0.9272,YOLO-omega,
cap_000935,2026-09-18T10:33:25.078,horizontal,,,0,1,0.9290,YOLO-omega,
cap_000936,2026-09-18T10:33:25.205,horizontal,,,0,1,0.9347,YOLO-omega,
cap_000937,2026-09-18T10:33:25.301,horizontal,,,0,1,0.9338,YOLO-omega,
cap_000938,2026-09-18T10:33:25.427,horizontal,,,0,1,0.9366,YOLO-omega,
cap_000939,2026-09-18T10:33:25.524,horizontal,,,0,1,0.9298,YOLO-omega,
cap_000940,2026-09-18T10:33:25.655,horizontal,,,0,2,0.9288,YOLO-omega,
cap_000941,2026-09-18T10:33:25.750,horizontal,,,0,1,0.9309,YOLO-omega,
cap_000942,2026-09-18T10:33:25.879,horizontal,,,0,1,0.9284,YOLO-omega,
cap_000943,2026-09-18T10:33:25.974,horizontal,,,0,1,0.9323,YOLO-omega,
cap_000944,2026-09-18T10:33:26.102,horizontal,,,0,1,0.9364,YOLO-omega,
cap_000945,2026-09-18T10:33:26.230,horizontal,,,0,1,0.9252,YOLO-omega,
cap_000946,2026-09-18T10:33:26.325,horizontal,,,0,1,0.9104,YOLO-omega,
cap_000947,2026-09-18T10:33:26.454,horizontal,,,0,1,0.9288,YOLO-omega,
cap_000948,2026-09-18T10:33:26.551,horizontal,,,0,1,0.9241,YOLO-omega,
cap_000949,2026-09-18T10:33:26.681,horizontal,,,0,1,0.9291,YOLO-omega,
cap_000950,2026-09-18T10:33:26.775,horizontal,,,0,1,0.9285,YOLO-omega,
cap_000951,2026-09-18T10:33:26.900,horizontal,,,0,1,0.9248,YOLO-omega,
cap_000952,2026-09-18T10:33:27.031,horizontal,,,0,1,0.9276,YOLO-omega,
cap_000953,2026-09-18T10:33:27.126,horizontal,,,0,1,0.9297,YOLO-omega,
cap_000954,2026-09-18T10:33:27.256,horizontal,,,0,1,0.9346,YOLO-omega,
cap_000955,2026-09-18T10:33:27.351,horizontal,,,0,1,0.9345,YOLO-omega,
cap_000956,2026-09-18T10:33:27.480,horizontal,,,0,1,0.9350,YOLO-omega,
cap_000957,2026-09-18T10:33:27.574,horizontal,,,0,1,0.9194,YOLO-omega,
cap_000958,2026-09-18T10:33:27.701,horizontal,,,0,1,0.9228,YOLO-omega,
cap_000959,2026-09-18T10:33:27.799,horizontal,,,0,2,0.9202,YOLO-omega,
cap_000960,2026-09-18T10:33:27.926,horizontal,,,0,1,0.9252,YOLO-omega,
cap_000961,2026-09-18T10:33:28.056,horizontal,,,0,2,0.9275,YOLO-omega,
cap_000962,2026-09-18T10:33:28.150,horizontal,,,0,2,0.9277,YOLO-omega,
cap_000963,2026-09-18T10:33:28.278,horizontal,,,0,2,0.9339,YOLO-omega,
cap_000964,2026-09-18T10:33:28.373,horizontal,,,0,2,0.9379,YOLO-omega,
cap_000965,2026-09-18T10:33:28.505,horizontal,,,0,2,0.9341,YOLO-omega,
cap_000966,2026-09-18T10:33:28.594,horizontal,,,0,2,0.9275,YOLO-omega,
cap_000967,2026-09-18T10:33:28.721,horizontal,,,0,2,0.9186,YOLO-omega,
cap_000968,2026-09-18T10:33:28.850,horizontal,,,0,2,0.9292,YOLO-omega,
cap_000969,2026-09-18T10:33:28.948,horizontal,,,0,2,0.9359,YOLO-omega,
cap_000970,2026-09-18T10:33:29.074,horizontal,,,0,2,0.9396,YOLO-omega,
cap_000971,2026-09-18T10:33:29.171,horizontal,,,0,2,0.9436,YOLO-omega,
cap_000972,2026-09-18T10:33:29.302,horizontal,,,0,2,0.9340,YOLO-omega,
cap_000973,2026-09-18T10:33:29.399,horizontal,,,0,2,0.9366,YOLO-omega,
cap_000974,2026-09-18T10:33:29.529,horizontal,,,0,2,0.9317,YOLO-omega,
cap_000975,2026-09-18T10:33:29.627,horizontal,,,0,2,0.9311,YOLO-omega,
cap_000976,2026-09-18T10:33:29.751,horizontal,,,0,2,0.9268,YOLO-omega,
cap_000977,2026-09-18T10:33:29.881,horizontal,,,0,2,0.9288,YOLO-omega,
cap_000978,2026-09-18T10:33:29.975,horizontal,,,0,3,0.9345,YOLO-omega,
cap_000979,2026-09-18T10:33:30.103,horizontal,,,0,2,0.9265,YOLO-omega,
cap_000980,2026-09-18T10:33:30.199,horizontal,,,0,2,0.9238,YOLO-omega,
cap_000981,2026-09-18T10:33:30.328,horizontal,,,0,2,0.9037,YOLO-omega,
cap_000982,2026-09-18T10:33:30.424,horizontal,,,0,2,0.9220,YOLO-omega,
cap_000983,2026-09-18T10:33:30.548,horizontal,,,0,2,0.9156,YOLO-omega,
cap_000984,2026-09-18T10:33:30.676,horizontal,,,0,2,0.9121,YOLO-omega,
cap_000985,2026-09-18T10:33:30.772,horizontal,,,0,2,0.9186,YOLO-omega,
cap_000986,2026-09-18T10:33:30.907,horizontal,,,0,2,0.9161,YOLO-omega,
cap_000987,2026-09-18T10:33:31.002,horizontal,,,0,2,0.9147,YOLO-omega,
cap_000988,2026-09-18T10:33:31.128,horizontal,,,0,2,0.9147,YOLO-omega,
cap_000989,2026-09-18T10:33:31.223,horizontal,,,0,2,0.9084,YOLO-omega,
cap_000990,2026-09-18T10:33:31.349,horizontal,,,0,2,0.9191,YOLO-omega,
cap_000991,2026-09-18T10:33:31.446,horizontal,,,0,2,0.9310,YOLO-omega,
cap_000992,2026-09-18T10:33:31.574,horizontal,,,0,2,0.9359,YOLO-omega,
cap_000993,2026-09-18T10:33:31.702,horizontal,,,0,2,0.9276,YOLO-omega,
cap_000994,2026-09-18T10:33:31.798,horizontal,,,0,2,0.9211,YOLO-omega,
cap_000995,2026-09-18T10:33:31.927,horizontal,,,0,2,0.9205,YOLO-omega,
cap_000996,2026-09-18T10:33:32.022,horizontal,,,0,2,0.9116,YOLO-omega,
cap_000997,2026-09-18T10:33:32.151,horizontal,,,0,2,0.9151,YOLO-omega,
cap_000998,2026-09-18T10:33:32.246,horizontal,,,0,2,0.9210,YOLO-omega,
cap_000999,2026-09-18T10:33:32.375,horizontal,,,0,3,0.9299,YOLO-omega,
cap_001000,2026-09-18T10:33:32.473,horizontal,,,0,2,0.9305,YOLO-omega,
cap_001001,2026-09-18T10:33:32.601,horizontal,,,0,2,0.9440,YOLO-omega,
cap_001002,2026-09-18T10:33:32.726,horizontal,,,0,2,0.9324,YOLO-omega,
cap_001003,2026-09-18T10:33:32.824,horizontal,,,0,2,0.9375,YOLO-omega,
cap_001004,2026-09-18T10:33:32.948,horizontal,,,0,2,0.9172,YOLO-omega,
cap_001005,2026-09-18T10:33:33.044,horizontal,,,0,2,0.9351,YOLO-omega,
cap_001006,2026-09-18T10:33:33.173,horizontal,,,0,2,0.9383,YOLO-omega,
cap_001007,2026-09-18T10:33:33.273,horizontal,,,0,2,0.8973,YOLO-omega,
cap_001008,2026-09-18T10:33:33.397,horizontal,,,0,2,0.9042,YOLO-omega,
cap_001009,2026-09-18T10:33:33.525,horizontal,,,0,2,0.8943,YOLO-omega,
cap_001010,2026-09-18T10:33:33.620,horizontal,,,0,2,0.9120,YOLO-omega,
cap_001011,2026-09-18T10:33:33.749,horizontal,,,0,2,0.8655,YOLO-omega,
cap_001012,2026-09-18T10:33:33.845,horizontal,,,0,2,0.8878,YOLO-omega,
cap_001013,2026-09-18T10:33:33.974,horizontal,,,0,2,0.9559,YOLO-omega,
cap_001014,2026-09-18T10:33:34.067,horizontal,,,0,2,0.9411,YOLO-omega,
cap_001015,2026-09-18T10:33:34.198,horizontal,,,0,2,0.9135,YOLO-omega,
cap_001016,2026-09-18T10:33:34.294,horizontal,,,0,1,0.9051,YOLO-omega,
cap_001017,2026-09-18T10:33:34.423,horizontal,,,0,3,0.9184,YOLO-omega,
cap_001018,2026-09-18T10:33:34.551,horizontal,,,0,3,0.9198,YOLO-omega,
cap_001019,2026-09-18T10:33:34.648,horizontal,,,0,2,0.9062,YOLO-omega,
cap_001020,2026-09-18T10:33:34.775,horizontal,,,0,2,0.7029,YOLO-omega,
cap_001021,2026-09-18T10:33:34.871,horizontal,,,0,2,0.9192,YOLO-omega,
cap_001022,2026-09-18T10:33:34.999,horizontal,,,0,2,0.8693,YOLO-omega,
cap_001023,2026-09-18T10:33:35.095,horizontal,,,0,2,0.9174,YOLO-omega,
cap_001024,2026-09-18T10:33:35.222,horizontal,,,0,3,0.9305,YOLO-omega,
cap_001025,2026-09-18T10:33:35.350,horizontal,,,0,2,0.9442,YOLO-omega,
cap_001026,2026-09-18T10:33:35.450,horizontal,,,0,3,0.9404,YOLO-omega,
cap_001027,2026-09-18T10:33:35.580,horizontal,,,0,3,0.9351,YOLO-omega,
cap_001028,2026-09-18T10:33:35.673,horizontal,,,0,4,0.9325,YOLO-omega,
cap_001029,2026-09-18T10:33:35.800,horizontal,,,0,3,0.8880,YOLO-omega,
cap_001030,2026-09-18T10:33:35.901,horizontal,,,0,1,0.7889,YOLO-omega,
cap_001031,2026-09-18T10:33:36.030,horizontal,,,0,2,0.5043,YOLO-omega,
cap_001032,2026-09-18T10:33:36.121,horizontal,,,0,1,0.4605,YOLO-omega,
cap_001033,2026-09-18T10:33:36.249,horizontal,,,0,1,0.4428,YOLO-omega,
cap_001034,2026-09-18T10:33:36.374,horizontal,,,0,2,0.8458,YOLO-omega,
cap_001035,2026-09-18T10:33:36.470,horizontal,,,0,1,0.8825,YOLO-omega,
cap_001036,2026-09-18T10:33:36.606,horizontal,,,0,2,0.3930,YOLO-omega,
cap_001037,2026-09-18T10:33:36.694,horizontal,,,0,0,0.0000,YOLO-omega,
cap_001038,2026-09-18T10:33:36.827,horizontal,,,0,0,0.0000,YOLO-omega,
cap_001039,2026-09-18T10:33:36.922,horizontal,,,0,0,0.0000,YOLO-omega,
cap_001040,2026-09-18T10:33:37.050,horizontal,,,0,1,0.3766,YOLO-omega,
cap_001041,2026-09-18T10:33:37.175,horizontal,,,0,1,0.5972,YOLO-omega,
cap_001042,2026-09-18T10:33:37.270,horizontal,,,0,1,0.5492,YOLO-omega,
cap_001043,2026-09-18T10:33:37.399,horizontal,,,0,1,0.6654,YOLO-omega,
cap_001044,2026-09-18T10:33:37.493,horizontal,,,0,1,0.5485,YOLO-omega,
cap_001045,2026-09-18T10:33:37.622,horizontal,,,0,2,0.7078,YOLO-omega,
cap_001046,2026-09-18T10:33:37.720,horizontal,,,0,2,0.8351,YOLO-omega,
cap_001047,2026-09-18T10:33:37.845,horizontal,,,0,2,0.8679,YOLO-omega,
cap_001048,2026-09-18T10:33:37.940,horizontal,,,0,2,0.8819,YOLO-omega,
cap_001049,2026-09-18T10:33:38.067,horizontal,,,0,2,0.8979,YOLO-omega,
cap_001050,2026-09-18T10:33:38.194,horizontal,,,0,2,0.9117,YOLO-omega,
cap_001051,2026-09-18T10:33:38.293,horizontal,,,0,2,0.9166,YOLO-omega,
cap_001052,2026-09-18T10:33:38.431,horizontal,,,0,2,0.8981,YOLO-omega,
cap_001053,2026-09-18T10:33:38.514,horizontal,,,0,2,0.9037,YOLO-omega,
cap_001054,2026-09-18T10:33:38.643,horizontal,,,0,3,0.8794,YOLO-omega,
cap_001055,2026-09-18T10:33:38.740,horizontal,,,0,3,0.8220,YOLO-omega,
cap_001056,2026-09-18T10:33:38.865,horizontal,,,0,3,0.8812,YOLO-omega,
cap_001057,2026-09-18T10:33:38.965,horizontal,,,0,3,0.8571,YOLO-omega,
cap_001058,2026-09-18T10:33:39.092,horizontal,,,0,3,0.9084,YOLO-omega,
cap_001059,2026-09-18T10:33:39.219,horizontal,,,0,2,0.9074,YOLO-omega,
cap_001060,2026-09-18T10:33:39.315,horizontal,,,0,2,0.8682,YOLO-omega,
cap_001061,2026-09-18T10:33:39.448,horizontal,,,0,1,0.8941,YOLO-omega,
cap_001062,2026-09-18T10:33:39.542,horizontal,,,0,1,0.9117,YOLO-omega,
cap_001063,2026-09-18T10:33:39.672,horizontal,,,0,1,0.9251,YOLO-omega,
cap_001064,2026-09-18T10:33:39.766,horizontal,,,0,2,0.9373,YOLO-omega,
cap_001065,2026-09-18T10:33:39.903,horizontal,,,0,2,0.9322,YOLO-omega,
cap_001066,2026-09-18T10:33:40.024,horizontal,,,0,3,0.9392,YOLO-omega,
cap_001067,2026-09-18T10:33:40.120,horizontal,,,0,1,0.9050,YOLO-omega,
cap_001068,2026-09-18T10:33:40.246,horizontal,,,0,2,0.9311,YOLO-omega,
cap_001069,2026-09-18T10:33:40.342,horizontal,,,0,2,0.9373,YOLO-omega,
cap_001070,2026-09-18T10:33:40.473,horizontal,,,0,2,0.9253,YOLO-omega,
cap_001071,2026-09-18T10:33:40.568,horizontal,,,0,2,0.9040,YOLO-omega,
cap_001072,2026-09-18T10:33:40.694,horizontal,,,0,2,0.9153,YOLO-omega,
cap_001073,2026-09-18T10:33:40.793,horizontal,,,0,3,0.9270,YOLO-omega,
cap_001074,2026-09-18T10:33:40.918,horizontal,,,0,2,0.9317,YOLO-omega,
cap_001075,2026-09-18T10:33:41.044,horizontal,,,0,3,0.9295,YOLO-omega,
cap_001076,2026-09-18T10:33:41.142,horizontal,,,0,2,0.9122,YOLO-omega,
cap_001077,2026-09-18T10:33:41.270,horizontal,,,0,2,0.9375,YOLO-omega,
cap_001078,2026-09-18T10:33:41.365,horizontal,,,0,3,0.9232,YOLO-omega,
cap_001079,2026-09-18T10:33:41.492,horizontal,,,0,2,0.9464,YOLO-omega,
cap_001080,2026-09-18T10:33:41.589,horizontal,,,0,2,0.9241,YOLO-omega,
cap_001081,2026-09-18T10:33:41.717,horizontal,,,0,2,0.9300,YOLO-omega,
cap_001082,2026-09-18T10:33:41.847,horizontal,,,0,3,0.9378,YOLO-omega,
cap_001083,2026-09-18T10:33:41.943,horizontal,,,0,3,0.9281,YOLO-omega,
cap_001084,2026-09-18T10:33:42.068,horizontal,,,0,3,0.9056,YOLO-omega,
cap_001085,2026-09-18T10:33:42.165,horizontal,,,0,2,0.9162,YOLO-omega,
cap_001086,2026-09-18T10:33:42.293,horizontal,,,0,3,0.9340,YOLO-omega,
cap_001087,2026-09-18T10:33:42.390,horizontal,,,0,2,0.9285,YOLO-omega,
cap_001088,2026-09-18T10:33:42.518,horizontal,,,0,3,0.9173,YOLO-omega,
cap_001089,2026-09-18T10:33:42.613,horizontal,,,0,3,0.9142,YOLO-omega,
cap_001090,2026-09-18T10:33:42.742,horizontal,,,0,2,0.9103,YOLO-omega,
cap_001091,2026-09-18T10:33:42.870,horizontal,,,0,2,0.8981,YOLO-omega,
cap_001092,2026-09-18T10:33:42.966,horizontal,,,0,3,0.7954,YOLO-omega,
cap_001093,2026-09-18T10:33:43.096,horizontal,,,0,2,0.9223,YOLO-omega,
cap_001094,2026-09-18T10:33:43.191,horizontal,,,0,0,0.0000,YOLO-omega,
cap_001095,2026-09-18T10:33:43.320,horizontal,,,0,0,0.0000,YOLO-omega,
cap_001096,2026-09-18T10:33:43.415,horizontal,,,0,2,0.8169,YOLO-omega,
cap_001097,2026-09-18T10:33:43.543,horizontal,,,0,2,0.8613,YOLO-omega,
cap_001098,2026-09-18T10:33:43.640,horizontal,,,0,2,0.9128,YOLO-omega,
cap_001099,2026-09-18T10:33:43.767,horizontal,,,0,1,0.9219,YOLO-omega,
cap_001100,2026-09-18T10:33:43.897,horizontal,,,0,1,0.9230,YOLO-omega,
cap_001101,2026-09-18T10:33:43.989,horizontal,,,0,1,0.9338,YOLO-omega,
cap_001102,2026-09-18T10:33:44.119,horizontal,,,0,1,0.9395,YOLO-omega,
cap_001103,2026-09-18T10:33:44.216,horizontal,,,0,1,0.9054,YOLO-omega,
cap_001104,2026-09-18T10:33:44.342,horizontal,,,0,1,0.9192,YOLO-omega,
cap_001105,2026-09-18T10:33:44.440,horizontal,,,0,1,0.8965,YOLO-omega,
cap_001106,2026-09-18T10:33:44.568,horizontal,,,0,1,0.7965,YOLO-omega,
cap_001107,2026-09-18T10:33:44.695,horizontal,,,0,1,0.9069,YOLO-omega,
cap_001108,2026-09-18T10:33:44.790,horizontal,,,0,2,0.8801,YOLO-omega,
cap_001109,2026-09-18T10:33:44.918,horizontal,,,0,2,0.7578,YOLO-omega,
cap_001110,2026-09-18T10:33:45.012,horizontal,,,0,2,0.8668,YOLO-omega,
cap_001111,2026-09-18T10:33:45.140,horizontal,,,0,1,0.7027,YOLO-omega,
cap_001112,2026-09-18T10:33:45.237,horizontal,,,0,2,0.8960,YOLO-omega,
cap_001113,2026-09-18T10:33:45.366,horizontal,,,0,2,0.8034,YOLO-omega,
cap_001114,2026-09-18T10:33:45.461,horizontal,,,0,2,0.6274,YOLO-omega,
cap_001115,2026-09-18T10:33:45.590,horizontal,,,0,1,0.9054,YOLO-omega,
cap_001116,2026-09-18T10:33:45.719,horizontal,,,0,1,0.9008,YOLO-omega,
cap_001117,2026-09-18T10:33:45.814,horizontal,,,0,1,0.8992,YOLO-omega,
cap_001118,2026-09-18T10:33:45.941,horizontal,,,0,1,0.8013,YOLO-omega,
cap_001119,2026-09-18T10:33:46.038,horizontal,,,0,2,0.8804,YOLO-omega,
cap_001120,2026-09-18T10:33:46.165,horizontal,,,0,2,0.8815,YOLO-omega,
cap_001121,2026-09-18T10:33:46.262,horizontal,,,0,2,0.9119,YOLO-omega,
cap_001122,2026-09-18T10:33:46.389,horizontal,,,0,2,0.9109,YOLO-omega,
cap_001123,2026-09-18T10:33:46.519,horizontal,,,0,2,0.9223,YOLO-omega,
cap_001124,2026-09-18T10:33:46.615,horizontal,,,0,2,0.9224,YOLO-omega,
cap_001125,2026-09-18T10:33:46.750,horizontal,,,0,1,0.9213,YOLO-omega,
cap_001126,2026-09-18T10:33:46.843,horizontal,,,0,1,0.9255,YOLO-omega,
cap_001127,2026-09-18T10:33:46.972,horizontal,,,0,2,0.9348,YOLO-omega,
cap_001128,2026-09-18T10:33:47.070,horizontal,,,0,3,0.9253,YOLO-omega,
cap_001129,2026-09-18T10:33:47.198,horizontal,,,0,2,0.9308,YOLO-omega,
cap_001130,2026-09-18T10:33:47.293,horizontal,,,0,2,0.9088,YOLO-omega,
cap_001131,2026-09-18T10:33:47.423,horizontal,,,0,2,0.9160,YOLO-omega,
cap_001132,2026-09-18T10:33:47.546,horizontal,,,0,2,0.9199,YOLO-omega,
cap_001133,2026-09-18T10:33:47.644,horizontal,,,0,2,0.9319,YOLO-omega,
cap_001134,2026-09-18T10:33:47.769,horizontal,,,0,2,0.9348,YOLO-omega,
cap_001135,2026-09-18T10:33:47.867,horizontal,,,0,2,0.9313,YOLO-omega,
cap_001136,2026-09-18T10:33:47.994,horizontal,,,0,2,0.9330,YOLO-omega,
cap_001137,2026-09-18T10:33:48.090,horizontal,,,0,2,0.8750,YOLO-omega,
cap_001138,2026-09-18T10:33:48.216,horizontal,,,0,2,0.9072,YOLO-omega,
cap_001139,2026-09-18T10:33:48.343,horizontal,,,0,2,0.9100,YOLO-omega,
cap_001140,2026-09-18T10:33:48.440,horizontal,,,0,2,0.8988,YOLO-omega,
cap_001141,2026-09-18T10:33:48.568,horizontal,,,0,2,0.9287,YOLO-omega,
cap_001142,2026-09-18T10:33:48.665,horizontal,,,0,3,0.9207,YOLO-omega,
cap_001143,2026-09-18T10:33:48.789,horizontal,,,0,2,0.9294,YOLO-omega,
cap_001144,2026-09-18T10:33:48.887,horizontal,,,0,2,0.9289,YOLO-omega,
cap_001145,2026-09-18T10:33:49.013,horizontal,,,0,2,0.9225,YOLO-omega,
cap_001146,2026-09-18T10:33:49.110,horizontal,,,0,1,0.9290,YOLO-omega,
cap_001147,2026-09-18T10:33:49.242,horizontal,,,0,1,0.9260,YOLO-omega,
cap_001148,2026-09-18T10:33:49.365,horizontal,,,0,1,0.9250,YOLO-omega,
cap_001149,2026-09-18T10:33:49.465,horizontal,,,0,1,0.9175,YOLO-omega,
cap_001150,2026-09-18T10:33:49.593,horizontal,,,0,1,0.9298,YOLO-omega,
cap_001151,2026-09-18T10:33:49.694,horizontal,,,0,1,0.9372,YOLO-omega,
cap_001152,2026-09-18T10:33:49.821,horizontal,,,0,1,0.9383,YOLO-omega,
cap_001153,2026-09-18T10:33:49.916,horizontal,,,0,2,0.9271,YOLO-omega,
cap_001154,2026-09-18T10:33:50.041,horizontal,,,0,1,0.9275,YOLO-omega,
cap_001155,2026-09-18T10:33:50.145,horizontal,,,0,1,0.9254,YOLO-omega,
cap_001156,2026-09-18T10:33:50.270,horizontal,,,0,1,0.9297,YOLO-omega,
cap_001157,2026-09-18T10:33:50.397,horizontal,,,0,1,0.9245,YOLO-omega,
cap_001158,2026-09-18T10:33:50.492,horizontal,,,0,1,0.9349,YOLO-omega,
cap_001159,2026-09-18T10:33:50.621,horizontal,,,0,2,0.9031,YOLO-omega,
cap_001160,2026-09-18T10:33:50.716,horizontal,,,0,1,0.9248,YOLO-omega,
cap_001161,2026-09-18T10:33:50.849,horizontal,,,0,1,0.9316,YOLO-omega,
cap_001162,2026-09-18T10:33:50.939,horizontal,,,0,1,0.9338,YOLO-omega,
cap_001163,2026-09-18T10:33:51.064,horizontal,,,0,2,0.9320,YOLO-omega,
cap_001164,2026-09-18T10:33:51.196,horizontal,,,0,2,0.9310,YOLO-omega,
cap_001165,2026-09-18T10:33:51.294,horizontal,,,0,2,0.9269,YOLO-omega,
cap_001166,2026-09-18T10:33:51.421,horizontal,,,0,2,0.9330,YOLO-omega,
cap_001167,2026-09-18T10:33:51.513,horizontal,,,0,2,0.9229,YOLO-omega,
cap_001168,2026-09-18T10:33:51.640,horizontal,,,0,2,0.9354,YOLO-omega,
cap_001169,2026-09-18T10:33:51.735,horizontal,,,0,2,0.9223,YOLO-omega,
cap_001170,2026-09-18T10:33:51.862,horizontal,,,0,2,0.9108,YOLO-omega,
cap_001171,2026-09-18T10:33:51.959,horizontal,,,0,3,0.9290,YOLO-omega,
cap_001172,2026-09-18T10:33:52.089,horizontal,,,0,2,0.9311,YOLO-omega,
cap_001173,2026-09-18T10:33:52.215,horizontal,,,0,2,0.9168,YOLO-omega,
cap_001174,2026-09-18T10:33:52.308,horizontal,,,0,1,0.9206,YOLO-omega,
cap_001175,2026-09-18T10:33:52.435,horizontal,,,0,2,0.9205,YOLO-omega,
cap_001176,2026-09-18T10:33:52.531,horizontal,,,0,2,0.9180,YOLO-omega,
cap_001177,2026-09-18T10:33:52.658,horizontal,,,0,2,0.9140,YOLO-omega,
cap_001178,2026-09-18T10:33:52.758,horizontal,,,0,2,0.9256,YOLO-omega,
cap_001179,2026-09-18T10:33:52.885,horizontal,,,0,1,0.9295,YOLO-omega,
cap_001180,2026-09-18T10:33:53.011,horizontal,,,0,1,0.9041,YOLO-omega,
cap_001181,2026-09-18T10:33:53.106,horizontal,,,0,2,0.9289,YOLO-omega,
cap_001182,2026-09-18T10:33:53.232,horizontal,,,0,1,0.9397,YOLO-omega,
cap_001183,2026-09-18T10:33:53.330,horizontal,,,0,1,0.9448,YOLO-omega,
cap_001184,2026-09-18T10:33:53.457,horizontal,,,0,1,0.9419,YOLO-omega,
cap_001185,2026-09-18T10:33:53.555,horizontal,,,0,1,0.9407,YOLO-omega,
cap_001186,2026-09-18T10:33:53.685,horizontal,,,0,1,0.9436,YOLO-omega,
cap_001187,2026-09-18T10:33:53.779,horizontal,,,0,1,0.9431,YOLO-omega,
cap_001188,2026-09-18T10:33:53.907,horizontal,,,0,1,0.9380,YOLO-omega,
cap_001189,2026-09-18T10:33:54.035,horizontal,,,0,1,0.9401,YOLO-omega,
cap_001190,2026-09-18T10:33:54.129,horizontal,,,0,1,0.9329,YOLO-omega,
cap_001191,2026-09-18T10:33:54.257,horizontal,,,0,1,0.9306,YOLO-omega,
cap_001192,2026-09-18T10:33:54.354,horizontal,,,0,1,0.9349,YOLO-omega,
cap_001193,2026-09-18T10:33:54.486,horizontal,,,0,2,0.9369,YOLO-omega,
cap_001194,2026-09-18T10:33:54.585,horizontal,,,0,2,0.9442,YOLO-omega,
cap_001195,2026-09-18T10:33:54.714,horizontal,,,0,2,0.9121,YOLO-omega,
cap_001196,2026-09-18T10:33:54.844,horizontal,,,0,2,0.9110,YOLO-omega,
cap_001197,2026-09-18T10:33:54.939,horizontal,,,0,1,0.9204,YOLO-omega,
cap_001198,2026-09-18T10:33:55.068,horizontal,,,0,1,0.9216,YOLO-omega,
cap_001199,2026-09-18T10:33:55.164,horizontal,,,0,2,0.9127,YOLO-omega,
cap_001200,2026-09-18T10:33:55.293,horizontal,,,0,2,0.9200,YOLO-omega,
cap_001201,2026-09-18T10:33:55.387,horizontal,,,0,2,0.9037,YOLO-omega,
cap_001202,2026-09-18T10:33:55.515,horizontal,,,0,2,0.8992,YOLO-omega,
cap_001203,2026-09-18T10:33:55.611,horizontal,,,0,2,0.8821,YOLO-omega,
cap_001204,2026-09-18T10:33:55.740,horizontal,,,0,2,0.9179,YOLO-omega,
cap_001205,2026-09-18T10:33:55.866,horizontal,,,0,1,0.9176,YOLO-omega,
cap_001206,2026-09-18T10:33:55.968,horizontal,,,0,1,0.9158,YOLO-omega,
cap_001207,2026-09-18T10:33:56.087,horizontal,,,0,1,0.9162,YOLO-omega,
cap_001208,2026-09-18T10:33:56.190,horizontal,,,0,1,0.9129,YOLO-omega,
cap_001209,2026-09-18T10:33:56.313,horizontal,,,0,1,0.9105,YOLO-omega,
cap_001210,2026-09-18T10:33:56.413,horizontal,,,0,1,0.9142,YOLO-omega,
cap_001211,2026-09-18T10:33:56.539,horizontal,,,0,1,0.9220,YOLO-omega,
cap_001212,2026-09-18T10:33:56.635,horizontal,,,0,1,0.9229,YOLO-omega,
cap_001213,2026-09-18T10:33:56.764,horizontal,,,0,1,0.9361,YOLO-omega,
cap_001214,2026-09-18T10:33:56.892,horizontal,,,0,1,0.9263,YOLO-omega,
cap_001215,2026-09-18T10:33:56.988,horizontal,,,0,2,0.9172,YOLO-omega,
cap_001216,2026-09-18T10:33:57.116,horizontal,,,0,1,0.9177,YOLO-omega,
cap_001217,2026-09-18T10:33:57.211,horizontal,,,0,1,0.9212,YOLO-omega,
cap_001218,2026-09-18T10:33:57.338,horizontal,,,0,1,0.9227,YOLO-omega,
cap_001219,2026-09-18T10:33:57.437,horizontal,,,0,1,0.9212,YOLO-omega,
cap_001220,2026-09-18T10:33:57.560,horizontal,,,0,2,0.9265,YOLO-omega,
cap_001221,2026-09-18T10:33:57.687,horizontal,,,0,2,0.9237,YOLO-omega,
cap_001222,2026-09-18T10:33:57.780,horizontal,,,0,1,0.9022,YOLO-omega,
cap_001223,2026-09-18T10:33:57.910,horizontal,,,0,1,0.8959,YOLO-omega,
cap_001224,2026-09-18T10:33:58.006,horizontal,,,0,2,0.9249,YOLO-omega,
cap_001225,2026-09-18T10:33:58.134,horizontal,,,0,1,0.9183,YOLO-omega,
cap_001226,2026-09-18T10:33:58.230,horizontal,,,0,2,0.9229,YOLO-omega,
cap_001227,2026-09-18T10:33:58.358,horizontal,,,0,2,0.9098,YOLO-omega,
cap_001228,2026-09-18T10:33:58.455,horizontal,,,0,1,0.8706,YOLO-omega,
cap_001229,2026-09-18T10:33:58.582,horizontal,,,0,1,0.8084,YOLO-omega,
cap_001230,2026-09-18T10:33:58.712,horizontal,,,0,1,0.8382,YOLO-omega,
cap_001231,2026-09-18T10:33:58.806,horizontal,,,0,1,0.8811,YOLO-omega,
cap_001232,2026-09-18T10:33:58.934,horizontal,,,0,1,0.8807,YOLO-omega,
cap_001233,2026-09-18T10:33:59.030,horizontal,,,0,1,0.8909,YOLO-omega,
cap_001234,2026-09-18T10:33:59.157,horizontal,,,0,1,0.6893,YOLO-omega,
cap_001235,2026-09-18T10:33:59.254,horizontal,,,0,1,0.7176,YOLO-omega,
cap_001236,2026-09-18T10:33:59.381,horizontal,,,0,2,0.7905,YOLO-omega,
cap_001237,2026-09-18T10:33:59.510,horizontal,,,0,1,0.7743,YOLO-omega,
cap_001238,2026-09-18T10:33:59.604,horizontal,,,0,1,0.7260,YOLO-omega,
cap_001239,2026-09-18T10:33:59.734,horizontal,,,0,1,0.6529,YOLO-omega,
cap_001240,2026-09-18T10:33:59.829,horizontal,,,0,1,0.8148,YOLO-omega,
cap_001241,2026-09-18T10:33:59.956,horizontal,,,0,1,0.6071,YOLO-omega,
cap_001242,2026-09-18T10:34:00.054,horizontal,,,0,1,0.6728,YOLO-omega,
cap_001243,2026-09-18T10:34:00.182,horizontal,,,0,1,0.6539,YOLO-omega,
cap_001244,2026-09-18T10:34:00.279,horizontal,,,0,1,0.8108,YOLO-omega,
cap_001245,2026-09-18T10:34:00.406,horizontal,,,0,0,0.0000,YOLO-omega,
cap_001246,2026-09-18T10:34:00.533,horizontal,,,0,1,0.8823,YOLO-omega,
cap_001247,2026-09-18T10:34:00.630,horizontal,,,0,2,0.7640,YOLO-omega,
cap_001248,2026-09-18T10:34:00.757,horizontal,,,0,1,0.8154,YOLO-omega,
cap_001249,2026-09-18T10:34:00.852,horizontal,,,0,1,0.7388,YOLO-omega,
cap_001250,2026-09-18T10:34:00.982,horizontal,,,0,1,0.6669,YOLO-omega,
cap_001251,2026-09-18T10:34:01.076,horizontal,,,0,1,0.8157,YOLO-omega,
cap_001252,2026-09-18T10:34:01.204,horizontal,,,0,2,0.9120,YOLO-omega,
cap_001253,2026-09-18T10:34:01.336,horizontal,,,0,1,0.9091,YOLO-omega,
cap_001254,2026-09-18T10:34:01.431,horizontal,,,0,2,0.8558,YOLO-omega,
cap_001255,2026-09-18T10:34:01.560,horizontal,,,0,2,0.8909,YOLO-omega,
cap_001256,2026-09-18T10:34:01.654,horizontal,,,0,2,0.9176,YOLO-omega,
cap_001257,2026-09-18T10:34:01.781,horizontal,,,0,2,0.8723,YOLO-omega,
cap_001258,2026-09-18T10:34:01.877,horizontal,,,0,2,0.7563,YOLO-omega,
cap_001259,2026-09-18T10:34:02.005,horizontal,,,0,2,0.7358,YOLO-omega,
cap_001260,2026-09-18T10:34:02.100,horizontal,,,0,2,0.5711,YOLO-omega,
cap_001261,2026-09-18T10:34:02.230,horizontal,,,0,1,0.8725,YOLO-omega,
cap_001262,2026-09-18T10:34:02.357,horizontal,,,0,2,0.8672,YOLO-omega,
cap_001263,2026-09-18T10:34:02.453,horizontal,,,0,1,0.8094,YOLO-omega,
cap_001264,2026-09-18T10:34:02.581,horizontal,,,0,1,0.8859,YOLO-omega,
cap_001265,2026-09-18T10:34:02.677,horizontal,,,0,1,0.8515,YOLO-omega,
cap_001266,2026-09-18T10:34:02.805,horizontal,,,0,1,0.8485,YOLO-omega,
cap_001267,2026-09-18T10:34:02.899,horizontal,,,0,1,0.7411,YOLO-omega,
cap_001268,2026-09-18T10:34:03.028,horizontal,,,0,1,0.6022,YOLO-omega,
cap_001269,2026-09-18T10:34:03.127,horizontal,,,0,2,0.5442,YOLO-omega,
cap_001270,2026-09-18T10:34:03.252,horizontal,,,0,1,0.4150,YOLO-omega,
cap_001271,2026-09-18T10:34:03.380,horizontal,,,0,1,0.7555,YOLO-omega,
cap_001272,2026-09-18T10:34:03.476,horizontal,,,0,1,0.6912,YOLO-omega,
cap_001273,2026-09-18T10:34:03.602,horizontal,,,0,1,0.6123,YOLO-omega,
cap_001274,2026-09-18T10:34:03.697,horizontal,,,0,1,0.8919,YOLO-omega,
cap_001275,2026-09-18T10:34:03.828,horizontal,,,0,1,0.6415,YOLO-omega,
cap_001276,2026-09-18T10:34:03.922,horizontal,,,0,1,0.7577,YOLO-omega,
cap_001277,2026-09-18T10:34:04.052,horizontal,,,0,1,0.7338,YOLO-omega,
cap_001278,2026-09-18T10:34:04.180,horizontal,,,0,1,0.7114,YOLO-omega,
cap_001279,2026-09-18T10:34:04.277,horizontal,,,0,1,0.6693,YOLO-omega,
cap_001280,2026-09-18T10:34:04.405,horizontal,,,0,1,0.7810,YOLO-omega,
cap_001281,2026-09-18T10:34:04.501,horizontal,,,0,1,0.7386,YOLO-omega,
cap_001282,2026-09-18T10:34:04.633,horizontal,,,0,1,0.6017,YOLO-omega,
cap_001283,2026-09-18T10:34:04.727,horizontal,,,0,1,0.5031,YOLO-omega,
cap_001284,2026-09-18T10:34:04.857,horizontal,,,0,1,0.6777,YOLO-omega,
cap_001285,2026-09-18T10:34:04.957,horizontal,,,0,1,0.8656,YOLO-omega,
cap_001286,2026-09-18T10:34:05.085,horizontal,,,0,1,0.7966,YOLO-omega,
cap_001287,2026-09-18T10:34:05.208,horizontal,,,0,1,0.8805,YOLO-omega,
cap_001288,2026-09-18T10:34:05.307,horizontal,,,0,1,0.8674,YOLO-omega,
cap_001289,2026-09-18T10:34:05.432,horizontal,,,0,1,0.8305,YOLO-omega,
cap_001290,2026-09-18T10:34:05.533,horizontal,,,0,1,0.8836,YOLO-omega,
cap_001291,2026-09-18T10:34:05.657,horizontal,,,0,1,0.8533,YOLO-omega,
cap_001292,2026-09-18T10:34:05.751,horizontal,,,0,1,0.8092,YOLO-omega,
cap_001293,2026-09-18T10:34:05.880,horizontal,,,0,1,0.8779,YOLO-omega,
cap_001294,2026-09-18T10:34:06.012,horizontal,,,0,1,0.8636,YOLO-omega,
cap_001295,2026-09-18T10:34:06.104,horizontal,,,0,1,0.9035,YOLO-omega,
cap_001296,2026-09-18T10:34:06.233,horizontal,,,0,1,0.8576,YOLO-omega,
cap_001297,2026-09-18T10:34:06.329,horizontal,,,0,1,0.8975,YOLO-omega,
cap_001298,2026-09-18T10:34:06.455,horizontal,,,0,2,0.7779,YOLO-omega,
cap_001299,2026-09-18T10:34:06.553,horizontal,,,0,2,0.8576,YOLO-omega,
cap_001300,2026-09-18T10:34:06.678,horizontal,,,0,2,0.8368,YOLO-omega,
cap_001301,2026-09-18T10:34:06.774,horizontal,,,0,2,0.8836,YOLO-omega,
cap_001302,2026-09-18T10:34:06.903,horizontal,,,0,3,0.5396,YOLO-omega,
cap_001303,2026-09-18T10:34:07.028,horizontal,,,0,2,0.8149,YOLO-omega,
cap_001304,2026-09-18T10:34:07.123,horizontal,,,0,2,0.9252,YOLO-omega,
cap_001305,2026-09-18T10:34:07.251,horizontal,,,0,2,0.9153,YOLO-omega,
cap_001306,2026-09-18T10:34:07.348,horizontal,,,0,2,0.9360,YOLO-omega,
cap_001307,2026-09-18T10:34:07.477,horizontal,,,0,2,0.9297,YOLO-omega,
cap_001308,2026-09-18T10:34:07.572,horizontal,,,0,2,0.9356,YOLO-omega,
cap_001309,2026-09-18T10:34:07.702,horizontal,,,0,2,0.9292,YOLO-omega,
cap_001310,2026-09-18T10:34:07.830,horizontal,,,0,2,0.9450,YOLO-omega,
cap_001311,2026-09-18T10:34:07.925,horizontal,,,0,2,0.9294,YOLO-omega,
cap_001312,2026-09-18T10:34:08.053,horizontal,,,0,2,0.9311,YOLO-omega,
cap_001313,2026-09-18T10:34:08.149,horizontal,,,0,2,0.9240,YOLO-omega,
cap_001314,2026-09-18T10:34:08.276,horizontal,,,0,1,0.9139,YOLO-omega,
cap_001315,2026-09-18T10:34:08.374,horizontal,,,0,1,0.9095,YOLO-omega,
cap_001316,2026-09-18T10:34:08.504,horizontal,,,0,2,0.9193,YOLO-omega,
cap_001317,2026-09-18T10:34:08.597,horizontal,,,0,2,0.9219,YOLO-omega,
cap_001318,2026-09-18T10:34:08.725,horizontal,,,0,1,0.9265,YOLO-omega,
cap_001319,2026-09-18T10:34:08.853,horizontal,,,0,1,0.9272,YOLO-omega,
cap_001320,2026-09-18T10:34:08.947,horizontal,,,0,1,0.9286,YOLO-omega,
cap_001321,2026-09-18T10:34:09.075,horizontal,,,0,1,0.9278,YOLO-omega,
cap_001322,2026-09-18T10:34:09.173,horizontal,,,0,1,0.9181,YOLO-omega,
cap_001323,2026-09-18T10:34:09.302,horizontal,,,0,1,0.9037,YOLO-omega,
cap_001324,2026-09-18T10:34:09.395,horizontal,,,0,1,0.7296,YOLO-omega,
cap_001325,2026-09-18T10:34:09.524,horizontal,,,0,1,0.8838,YOLO-omega,
cap_001326,2026-09-18T10:34:09.620,horizontal,,,0,1,0.7721,YOLO-omega,
cap_001327,2026-09-18T10:34:09.748,horizontal,,,0,2,0.8417,YOLO-omega,
cap_001328,2026-09-18T10:34:09.875,horizontal,,,0,1,0.8479,YOLO-omega,
cap_001329,2026-09-18T10:34:09.977,horizontal,,,0,1,0.7878,YOLO-omega,
cap_001330,2026-09-18T10:34:10.101,horizontal,,,0,1,0.8632,YOLO-omega,
cap_001331,2026-09-18T10:34:10.197,horizontal,,,0,1,0.9081,YOLO-omega,
cap_001332,2026-09-18T10:34:10.326,horizontal,,,0,1,0.8968,YOLO-omega,
cap_001333,2026-09-18T10:34:10.421,horizontal,,,0,1,0.8877,YOLO-omega,
cap_001334,2026-09-18T10:34:10.552,horizontal,,,0,1,0.8965,YOLO-omega,
cap_001335,2026-09-18T10:34:10.678,horizontal,,,0,1,0.9044,YOLO-omega,
cap_001336,2026-09-18T10:34:10.776,horizontal,,,0,1,0.8346,YOLO-omega,
cap_001337,2026-09-18T10:34:10.903,horizontal,,,0,1,0.8960,YOLO-omega,
cap_001338,2026-09-18T10:34:10.996,horizontal,,,0,1,0.9295,YOLO-omega,
cap_001339,2026-09-18T10:34:11.126,horizontal,,,0,1,0.9239,YOLO-omega,
cap_001340,2026-09-18T10:34:11.220,horizontal,,,0,1,0.9073,YOLO-omega,
cap_001341,2026-09-18T10:34:11.354,horizontal,,,0,1,0.9135,YOLO-omega,
cap_001342,2026-09-18T10:34:11.451,horizontal,,,0,1,0.9087,YOLO-omega,
cap_001343,2026-09-18T10:34:11.579,horizontal,,,0,1,0.9157,YOLO-omega,
cap_001344,2026-09-18T10:34:11.705,horizontal,,,0,1,0.9175,YOLO-omega,
cap_001345,2026-09-18T10:34:11.800,horizontal,,,0,1,0.9162,YOLO-omega,
cap_001346,2026-09-18T10:34:11.926,horizontal,,,0,1,0.9249,YOLO-omega,
cap_001347,2026-09-18T10:34:12.022,horizontal,,,0,1,0.8971,YOLO-omega,
cap_001348,2026-09-18T10:34:12.151,horizontal,,,0,1,0.8987,YOLO-omega,
cap_001349,2026-09-18T10:34:12.247,horizontal,,,0,1,0.8938,YOLO-omega,
cap_001350,2026-09-18T10:34:12.373,horizontal,,,0,1,0.8964,YOLO-omega,
cap_001351,2026-09-18T10:34:12.503,horizontal,,,0,1,0.8887,YOLO-omega,
cap_001352,2026-09-18T10:34:12.599,horizontal,,,0,1,0.8624,YOLO-omega,
cap_001353,2026-09-18T10:34:12.727,horizontal,,,0,1,0.8552,YOLO-omega,
cap_001354,2026-09-18T10:34:12.821,horizontal,,,0,1,0.9183,YOLO-omega,
cap_001355,2026-09-18T10:34:12.957,horizontal,,,0,1,0.8768,YOLO-omega,
cap_001356,2026-09-18T10:34:13.045,horizontal,,,0,1,0.9290,YOLO-omega,
cap_001357,2026-09-18T10:34:13.173,horizontal,,,0,1,0.9257,YOLO-omega,
cap_001358,2026-09-18T10:34:13.269,horizontal,,,0,1,0.9170,YOLO-omega,
cap_001359,2026-09-18T10:34:13.398,horizontal,,,0,1,0.9017,YOLO-omega,
cap_001360,2026-09-18T10:34:13.526,horizontal,,,0,1,0.8541,YOLO-omega,
cap_001361,2026-09-18T10:34:13.620,horizontal,,,0,1,0.8419,YOLO-omega,
cap_001362,2026-09-18T10:34:13.749,horizontal,,,0,1,0.8756,YOLO-omega,
cap_001363,2026-09-18T10:34:13.848,horizontal,,,0,1,0.8246,YOLO-omega,
cap_001364,2026-09-18T10:34:13.972,horizontal,,,0,1,0.7589,YOLO-omega,
cap_001365,2026-09-18T10:34:14.068,horizontal,,,0,1,0.7178,YOLO-omega,
cap_001366,2026-09-18T10:34:14.195,horizontal,,,0,0,0.0000,YOLO-omega,
cap_001367,2026-09-18T10:34:14.324,horizontal,,,0,1,0.7390,YOLO-omega,
cap_001368,2026-09-18T10:34:14.420,horizontal,,,0,1,0.8556,YOLO-omega,
cap_001369,2026-09-18T10:34:14.549,horizontal,,,0,2,0.8427,YOLO-omega,
cap_001370,2026-09-18T10:34:14.648,horizontal,,,0,1,0.7973,YOLO-omega,
cap_001371,2026-09-18T10:34:14.775,horizontal,,,0,1,0.4239,YOLO-omega,
cap_001372,2026-09-18T10:34:14.870,horizontal,,,0,1,0.5656,YOLO-omega,
cap_001373,2026-09-18T10:34:14.996,horizontal,,,0,2,0.6617,YOLO-omega,
cap_001374,2026-09-18T10:34:15.090,horizontal,,,0,2,0.7547,YOLO-omega,
cap_001375,2026-09-18T10:34:15.222,horizontal,,,0,2,0.8297,YOLO-omega,
cap_001376,2026-09-18T10:34:15.350,horizontal,,,0,2,0.8605,YOLO-omega,
cap_001377,2026-09-18T10:34:15.448,horizontal,,,0,2,0.8960,YOLO-omega,
cap_001378,2026-09-18T10:34:15.572,horizontal,,,0,2,0.8844,YOLO-omega,
cap_001379,2026-09-18T10:34:15.668,horizontal,,,0,2,0.8905,YOLO-omega,
cap_001380,2026-09-18T10:34:15.795,horizontal,,,0,2,0.8532,YOLO-omega,
cap_001381,2026-09-18T10:34:15.892,horizontal,,,0,2,0.9305,YOLO-omega,
cap_001382,2026-09-18T10:34:16.021,horizontal,,,0,2,0.9063,YOLO-omega,
cap_001383,2026-09-18T10:34:16.116,horizontal,,,0,1,0.9034,YOLO-omega,
cap_001384,2026-09-18T10:34:16.243,horizontal,,,0,1,0.8834,YOLO-omega,
cap_001385,2026-09-18T10:34:16.371,horizontal,,,0,1,0.8759,YOLO-omega,
cap_001386,2026-09-18T10:34:16.468,horizontal,,,0,1,0.8435,YOLO-omega,
cap_001387,2026-09-18T10:34:16.596,horizontal,,,0,2,0.8054,YOLO-omega,
cap_001388,2026-09-18T10:34:16.693,horizontal,,,0,1,0.8651,YOLO-omega,
cap_001389,2026-09-18T10:34:16.820,horizontal,,,0,1,0.8750,YOLO-omega,
cap_001390,2026-09-18T10:34:16.916,horizontal,,,0,1,0.4995,YOLO-omega,
cap_001391,2026-09-18T10:34:17.043,horizontal,,,0,1,0.7396,YOLO-omega,
cap_001392,2026-09-18T10:34:17.173,horizontal,,,0,1,0.7559,YOLO-omega,
cap_001393,2026-09-18T10:34:17.268,horizontal,,,0,1,0.7547,YOLO-omega,
cap_001394,2026-09-18T10:34:17.395,horizontal,,,0,1,0.6332,YOLO-omega,
cap_001395,2026-09-18T10:34:17.492,horizontal,,,0,0,0.0000,YOLO-omega,
cap_001396,2026-09-18T10:34:17.620,horizontal,,,0,0,0.0000,YOLO-omega,
cap_001397,2026-09-18T10:34:17.715,horizontal,,,0,0,0.0000,YOLO-omega,
cap_001398,2026-09-18T10:34:17.843,horizontal,,,0,1,0.6114,YOLO-omega,
cap_001399,2026-09-18T10:34:17.940,horizontal,,,0,1,0.8278,YOLO-omega,
cap_001400,2026-09-18T10:34:18.068,horizontal,,,0,1,0.6393,YOLO-omega,
cap_001401,2026-09-18T10:34:18.195,horizontal,,,0,1,0.4071,YOLO-omega,
cap_001402,2026-09-18T10:34:18.291,horizontal,,,0,1,0.3789,YOLO-omega,
cap_001403,2026-09-18T10:34:18.419,horizontal,,,0,2,0.7389,YOLO-omega,
cap_001404,2026-09-18T10:34:18.516,horizontal,,,0,2,0.9260,YOLO-omega,
cap_001405,2026-09-18T10:34:18.645,horizontal,,,0,1,0.9143,YOLO-omega,
cap_001406,2026-09-18T10:34:18.740,horizontal,,,0,1,0.9063,YOLO-omega,
cap_001407,2026-09-18T10:34:18.867,horizontal,,,0,1,0.8225,YOLO-omega,
cap_001408,2026-09-18T10:34:18.995,horizontal,,,0,2,0.7308,YOLO-omega,
cap_001409,2026-09-18T10:34:19.093,horizontal,,,0,1,0.7924,YOLO-omega,
cap_001410,2026-09-18T10:34:19.222,horizontal,,,0,2,0.5571,YOLO-omega,
cap_001411,2026-09-18T10:34:19.323,horizontal,,,0,2,0.7706,YOLO-omega,
cap_001412,2026-09-18T10:34:19.445,horizontal,,,0,2,0.8004,YOLO-omega,
cap_001413,2026-09-18T10:34:19.540,horizontal,,,0,1,0.7746,YOLO-omega,
cap_001414,2026-09-18T10:34:19.670,horizontal,,,0,1,0.7604,YOLO-omega,
cap_001415,2026-09-18T10:34:19.766,horizontal,,,0,1,0.4916,YOLO-omega,
cap_001416,2026-09-18T10:34:19.900,horizontal,,,0,0,0.0000,YOLO-omega,
cap_001417,2026-09-18T10:34:20.028,horizontal,,,0,0,0.0000,YOLO-omega,
cap_001418,2026-09-18T10:34:20.123,horizontal,,,0,1,0.7350,YOLO-omega,
cap_001419,2026-09-18T10:34:20.249,horizontal,,,0,1,0.7236,YOLO-omega,
cap_001420,2026-09-18T10:34:20.344,horizontal,,,0,0,0.0000,YOLO-omega,
cap_001421,2026-09-18T10:34:20.473,horizontal,,,0,1,0.5941,YOLO-omega,
cap_001422,2026-09-18T10:34:20.565,horizontal,,,0,0,0.0000,YOLO-omega,
cap_001423,2026-09-18T10:34:20.694,horizontal,,,0,0,0.0000,YOLO-omega,
cap_001424,2026-09-18T10:34:20.821,horizontal,,,0,0,0.0000,YOLO-omega,
cap_001425,2026-09-18T10:34:20.917,horizontal,,,0,1,0.4878,YOLO-omega,
cap_001426,2026-09-18T10:34:21.050,horizontal,,,0,1,0.4308,YOLO-omega,
cap_001427,2026-09-18T10:34:21.142,horizontal,,,0,0,0.0000,YOLO-omega,
cap_001428,2026-09-18T10:34:21.276,horizontal,,,0,0,0.0000,YOLO-omega,
cap_001429,2026-09-18T10:34:21.369,horizontal,,,0,2,0.7211,YOLO-omega,
cap_001430,2026-09-18T10:34:21.498,horizontal,,,0,1,0.4504,YOLO-omega,
cap_001431,2026-09-18T10:34:21.594,horizontal,,,0,0,0.0000,YOLO-omega,
cap_001432,2026-09-18T10:34:21.722,horizontal,,,0,0,0.0000,YOLO-omega,
cap_001433,2026-09-18T10:34:21.849,horizontal,,,0,0,0.0000,YOLO-omega,
cap_001434,2026-09-18T10:34:21.947,horizontal,,,0,1,0.6192,YOLO-omega,
cap_001435,2026-09-18T10:34:22.072,horizontal,,,0,0,0.0000,YOLO-omega,
cap_001436,2026-09-18T10:34:22.169,horizontal,,,0,1,0.4666,YOLO-omega,
cap_001437,2026-09-18T10:34:22.296,horizontal,,,0,1,0.5227,YOLO-omega,
cap_001438,2026-09-18T10:34:22.390,horizontal,,,0,2,0.4305,YOLO-omega,
cap_001439,2026-09-18T10:34:22.521,horizontal,,,0,1,0.4070,YOLO-omega,
cap_001440,2026-09-18T10:34:22.615,horizontal,,,0,0,0.0000,YOLO-omega,
cap_001441,2026-09-18T10:34:22.740,horizontal,,,0,0,0.0000,YOLO-omega,
cap_001442,2026-09-18T10:34:22.872,horizontal,,,0,1,0.4229,YOLO-omega,
cap_001443,2026-09-18T10:34:22.969,horizontal,,,0,1,0.8445,YOLO-omega,
cap_001444,2026-09-18T10:34:23.094,horizontal,,,0,1,0.7222,YOLO-omega,
cap_001445,2026-09-18T10:34:23.190,horizontal,,,0,1,0.9177,YOLO-omega,
cap_001446,2026-09-18T10:34:23.319,horizontal,,,0,1,0.9121,YOLO-omega,
cap_001447,2026-09-18T10:34:23.414,horizontal,,,0,2,0.9006,YOLO-omega,
cap_001448,2026-09-18T10:34:23.541,horizontal,,,0,1,0.9022,YOLO-omega,
cap_001449,2026-09-18T10:34:23.670,horizontal,,,0,1,0.8928,YOLO-omega,
cap_001450,2026-09-18T10:34:23.763,horizontal,,,0,1,0.9009,YOLO-omega,
cap_001451,2026-09-18T10:34:23.894,horizontal,,,0,1,0.8953,YOLO-omega,
cap_001452,2026-09-18T10:34:23.990,horizontal,,,0,1,0.9122,YOLO-omega,
cap_001453,2026-09-18T10:34:24.116,horizontal,,,0,1,0.9069,YOLO-omega,
cap_001454,2026-09-18T10:34:24.212,horizontal,,,0,1,0.9138,YOLO-omega,
cap_001455,2026-09-18T10:34:24.341,horizontal,,,0,1,0.9092,YOLO-omega,
cap_001456,2026-09-18T10:34:24.440,horizontal,,,0,1,0.9073,YOLO-omega,
cap_001457,2026-09-18T10:34:24.567,horizontal,,,0,1,0.9033,YOLO-omega,
cap_001458,2026-09-18T10:34:24.692,horizontal,,,0,1,0.8969,YOLO-omega,
cap_001459,2026-09-18T10:34:24.789,horizontal,,,0,1,0.9117,YOLO-omega,
cap_001460,2026-09-18T10:34:24.916,horizontal,,,0,1,0.7877,YOLO-omega,
cap_001461,2026-09-18T10:34:25.013,horizontal,,,0,1,0.9065,YOLO-omega,
cap_001462,2026-09-18T10:34:25.140,horizontal,,,0,1,0.8508,YOLO-omega,
cap_001463,2026-09-18T10:34:25.237,horizontal,,,0,1,0.8717,YOLO-omega,
cap_001464,2026-09-18T10:34:25.363,horizontal,,,0,1,0.8157,YOLO-omega,
cap_001465,2026-09-18T10:34:25.491,horizontal,,,0,1,0.8996,YOLO-omega,
cap_001466,2026-09-18T10:34:25.587,horizontal,,,0,1,0.9282,YOLO-omega,
cap_001467,2026-09-18T10:34:25.716,horizontal,,,0,1,0.9120,YOLO-omega,
cap_001468,2026-09-18T10:34:25.810,horizontal,,,0,1,0.9364,YOLO-omega,
cap_001469,2026-09-18T10:34:25.939,horizontal,,,0,1,0.7856,YOLO-omega,
cap_001470,2026-09-18T10:34:26.033,horizontal,,,0,1,0.4004,YOLO-omega,
cap_001471,2026-09-18T10:34:26.163,horizontal,,,0,1,0.8999,YOLO-omega,
cap_001472,2026-09-18T10:34:26.260,horizontal,,,0,1,0.8661,YOLO-omega,
cap_001473,2026-09-18T10:34:26.388,horizontal,,,0,1,0.8808,YOLO-omega,
cap_001474,2026-09-18T10:34:26.515,horizontal,,,0,1,0.8657,YOLO-omega,
cap_001475,2026-09-18T10:34:26.610,horizontal,,,0,1,0.9014,YOLO-omega,
cap_001476,2026-09-18T10:34:26.747,horizontal,,,0,1,0.9180,YOLO-omega,
cap_001477,2026-09-18T10:34:26.839,horizontal,,,0,1,0.8649,YOLO-omega,
cap_001478,2026-09-18T10:34:26.965,horizontal,,,0,1,0.8838,YOLO-omega,
cap_001479,2026-09-18T10:34:27.059,horizontal,,,0,1,0.9197,YOLO-omega,
cap_001480,2026-09-18T10:34:27.187,horizontal,,,0,1,0.9046,YOLO-omega,
cap_001481,2026-09-18T10:34:27.286,horizontal,,,0,1,0.8922,YOLO-omega,
cap_001482,2026-09-18T10:34:27.413,horizontal,,,0,1,0.8890,YOLO-omega,
cap_001483,2026-09-18T10:34:27.539,horizontal,,,0,1,0.9066,YOLO-omega,
cap_001484,2026-09-18T10:34:27.638,horizontal,,,0,1,0.9265,YOLO-omega,
cap_001485,2026-09-18T10:34:27.765,horizontal,,,0,1,0.9188,YOLO-omega,
cap_001486,2026-09-18T10:34:27.862,horizontal,,,0,1,0.8877,YOLO-omega,
cap_001487,2026-09-18T10:34:27.991,horizontal,,,0,1,0.9207,YOLO-omega,
cap_001488,2026-09-18T10:34:28.086,horizontal,,,0,1,0.9072,YOLO-omega,
cap_001489,2026-09-18T10:34:28.213,horizontal,,,0,1,0.9056,YOLO-omega,
cap_001490,2026-09-18T10:34:28.341,horizontal,,,0,1,0.9121,YOLO-omega,
cap_001491,2026-09-18T10:34:28.436,horizontal,,,0,1,0.9259,YOLO-omega,
cap_001492,2026-09-18T10:34:28.565,horizontal,,,0,1,0.8105,YOLO-omega,
cap_001493,2026-09-18T10:34:28.664,horizontal,,,0,1,0.8903,YOLO-omega,
cap_001494,2026-09-18T10:34:28.790,horizontal,,,0,1,0.8835,YOLO-omega,
cap_001495,2026-09-18T10:34:28.885,horizontal,,,0,1,0.8279,YOLO-omega,
cap_001496,2026-09-18T10:34:29.015,horizontal,,,0,1,0.8723,YOLO-omega,
cap_001497,2026-09-18T10:34:29.114,horizontal,,,0,1,0.9301,YOLO-omega,
cap_001498,2026-09-18T10:34:29.237,horizontal,,,0,1,0.9143,YOLO-omega,
cap_001499,2026-09-18T10:34:29.370,horizontal,,,0,1,0.9216,YOLO-omega,
cap_001500,2026-09-18T10:34:29.463,horizontal,,,0,1,0.9312,YOLO-omega,
cap_001501,2026-09-18T10:34:29.595,horizontal,,,0,1,0.9188,YOLO-omega,
cap_001502,2026-09-18T10:34:29.690,horizontal,,,0,1,0.9132,YOLO-omega,
cap_001503,2026-09-18T10:34:29.815,horizontal,,,0,1,0.9009,YOLO-omega,
cap_001504,2026-09-18T10:34:29.913,horizontal,,,0,1,0.8280,YOLO-omega,
cap_001505,2026-09-18T10:34:30.041,horizontal,,,0,1,0.9107,YOLO-omega,
cap_001506,2026-09-18T10:34:30.169,horizontal,,,0,1,0.8980,YOLO-omega,
cap_001507,2026-09-18T10:34:30.263,horizontal,,,0,1,0.8660,YOLO-omega,
cap_001508,2026-09-18T10:34:30.390,horizontal,,,0,2,0.8269,YOLO-omega,
cap_001509,2026-09-18T10:34:30.487,horizontal,,,0,2,0.8398,YOLO-omega,
cap_001510,2026-09-18T10:34:30.619,horizontal,,,0,1,0.7528,YOLO-omega,
cap_001511,2026-09-18T10:34:30.712,horizontal,,,0,1,0.8193,YOLO-omega,
cap_001512,2026-09-18T10:34:30.842,horizontal,,,0,1,0.7622,YOLO-omega,
cap_001513,2026-09-18T10:34:30.933,horizontal,,,0,1,0.5247,YOLO-omega,
cap_001514,2026-09-18T10:34:31.061,horizontal,,,0,1,0.7486,YOLO-omega,
cap_001515,2026-09-18T10:34:31.192,horizontal,,,0,1,0.6289,YOLO-omega,
cap_001516,2026-09-18T10:34:31.288,horizontal,,,0,1,0.8817,YOLO-omega,
cap_001517,2026-09-18T10:34:31.414,horizontal,,,0,1,0.8949,YOLO-omega,
cap_001518,2026-09-18T10:34:31.507,horizontal,,,0,1,0.8560,YOLO-omega,
cap_001519,2026-09-18T10:34:31.653,horizontal,,,0,1,0.7873,YOLO-omega,
cap_001520,2026-09-18T10:34:31.732,horizontal,,,0,1,0.7614,YOLO-omega,
cap_001521,2026-09-18T10:34:31.860,horizontal,,,0,1,0.7649,YOLO-omega,
cap_001522,2026-09-18T10:34:31.988,horizontal,,,0,1,0.8533,YOLO-omega,
cap_001523,2026-09-18T10:34:32.085,horizontal,,,0,1,0.8074,YOLO-omega,
cap_001524,2026-09-18T10:34:32.212,horizontal,,,0,1,0.4973,YOLO-omega,
cap_001525,2026-09-18T10:34:32.308,horizontal,,,0,1,0.8514,YOLO-omega,
cap_001526,2026-09-18T10:34:32.435,horizontal,,,0,1,0.8641,YOLO-omega,
cap_001527,2026-09-18T10:34:32.530,horizontal,,,0,1,0.8990,YOLO-omega,
cap_001528,2026-09-18T10:34:32.659,horizontal,,,0,1,0.8075,YOLO-omega,
cap_001529,2026-09-18T10:34:32.755,horizontal,,,0,1,0.8804,YOLO-omega,
cap_001530,2026-09-18T10:34:32.883,horizontal,,,0,1,0.9171,YOLO-omega,
cap_001531,2026-09-18T10:34:33.010,horizontal,,,0,1,0.9094,YOLO-omega,
cap_001532,2026-09-18T10:34:33.106,horizontal,,,0,1,0.9158,YOLO-omega,
cap_001533,2026-09-18T10:34:33.235,horizontal,,,0,1,0.9050,YOLO-omega,
cap_001534,2026-09-18T10:34:33.336,horizontal,,,0,1,0.9183,YOLO-omega,
cap_001535,2026-09-18T10:34:33.467,horizontal,,,0,1,0.9101,YOLO-omega,
cap_001536,2026-09-18T10:34:33.564,horizontal,,,0,1,0.9161,YOLO-omega,
cap_001537,2026-09-18T10:34:33.692,horizontal,,,0,1,0.9211,YOLO-omega,
cap_001538,2026-09-18T10:34:33.788,horizontal,,,0,1,0.9168,YOLO-omega,
cap_001539,2026-09-18T10:34:33.918,horizontal,,,0,1,0.9015,YOLO-omega,
cap_001540,2026-09-18T10:34:34.045,horizontal,,,0,1,0.9349,YOLO-omega,
cap_001541,2026-09-18T10:34:34.139,horizontal,,,0,1,0.9373,YOLO-omega,
cap_001542,2026-09-18T10:34:34.262,horizontal,,,0,1,0.9408,YOLO-omega,
cap_001543,2026-09-18T10:34:34.359,horizontal,,,0,1,0.9394,YOLO-omega,
cap_001544,2026-09-18T10:34:34.489,horizontal,,,0,1,0.9360,YOLO-omega,
cap_001545,2026-09-18T10:34:34.583,horizontal,,,0,1,0.9365,YOLO-omega,
cap_001546,2026-09-18T10:34:34.710,horizontal,,,0,1,0.9424,YOLO-omega,
cap_001547,2026-09-18T10:34:34.836,horizontal,,,0,1,0.9300,YOLO-omega,
cap_001548,2026-09-18T10:34:34.931,horizontal,,,0,1,0.9312,YOLO-omega,
cap_001549,2026-09-18T10:34:35.060,horizontal,,,0,1,0.9224,YOLO-omega,
cap_001550,2026-09-18T10:34:35.154,horizontal,,,0,1,0.9386,YOLO-omega,
cap_001551,2026-09-18T10:34:35.286,horizontal,,,0,1,0.9255,YOLO-omega,
cap_001552,2026-09-18T10:34:35.381,horizontal,,,0,1,0.9360,YOLO-omega,
cap_001553,2026-09-18T10:34:35.507,horizontal,,,0,1,0.9313,YOLO-omega,
cap_001554,2026-09-18T10:34:35.604,horizontal,,,0,1,0.9356,YOLO-omega,
cap_001555,2026-09-18T10:34:35.732,horizontal,,,0,1,0.9223,YOLO-omega,
cap_001556,2026-09-18T10:34:35.860,horizontal,,,0,1,0.9255,YOLO-omega,
cap_001557,2026-09-18T10:34:35.967,horizontal,,,0,1,0.9233,YOLO-omega,
cap_001558,2026-09-18T10:34:36.085,horizontal,,,0,1,0.9321,YOLO-omega,
cap_001559,2026-09-18T10:34:36.184,horizontal,,,0,1,0.9300,YOLO-omega,
cap_001560,2026-09-18T10:34:36.313,horizontal,,,0,1,0.9323,YOLO-omega,
cap_001561,2026-09-18T10:34:36.409,horizontal,,,0,1,0.9335,YOLO-omega,
cap_001562,2026-09-18T10:34:36.536,horizontal,,,0,1,0.9294,YOLO-omega,
cap_001563,2026-09-18T10:34:36.665,horizontal,,,0,1,0.9288,YOLO-omega,
cap_001564,2026-09-18T10:34:36.761,horizontal,,,0,1,0.9378,YOLO-omega,
cap_001565,2026-09-18T10:34:36.892,horizontal,,,0,1,0.9308,YOLO-omega,
cap_001566,2026-09-18T10:34:36.983,horizontal,,,0,1,0.9436,YOLO-omega,
cap_001567,2026-09-18T10:34:37.114,horizontal,,,0,1,0.9452,YOLO-omega,
cap_001568,2026-09-18T10:34:37.210,horizontal,,,0,1,0.9402,YOLO-omega,
cap_001569,2026-09-18T10:34:37.336,horizontal,,,0,1,0.9422,YOLO-omega,
cap_001570,2026-09-18T10:34:37.433,horizontal,,,0,1,0.9437,YOLO-omega,
cap_001571,2026-09-18T10:34:37.561,horizontal,,,0,1,0.9366,YOLO-omega,
cap_001572,2026-09-18T10:34:37.692,horizontal,,,0,1,0.9307,YOLO-omega,
cap_001573,2026-09-18T10:34:37.783,horizontal,,,0,1,0.9260,YOLO-omega,
cap_001574,2026-09-18T10:34:37.916,horizontal,,,0,1,0.9397,YOLO-omega,
cap_001575,2026-09-18T10:34:38.004,horizontal,,,0,1,0.9363,YOLO-omega,
cap_001576,2026-09-18T10:34:38.130,horizontal,,,0,1,0.9388,YOLO-omega,
cap_001577,2026-09-18T10:34:38.226,horizontal,,,0,1,0.9406,YOLO-omega,
cap_001578,2026-09-18T10:34:38.359,horizontal,,,0,1,0.9438,YOLO-omega,
cap_001579,2026-09-18T10:34:38.481,horizontal,,,0,1,0.9391,YOLO-omega,
cap_001580,2026-09-18T10:34:38.577,horizontal,,,0,1,0.9376,YOLO-omega,
cap_001581,2026-09-18T10:34:38.705,horizontal,,,0,1,0.9330,YOLO-omega,
cap_001582,2026-09-18T10:34:38.801,horizontal,,,0,1,0.9230,YOLO-omega,
cap_001583,2026-09-18T10:34:38.932,horizontal,,,0,1,0.9252,YOLO-omega,
cap_001584,2026-09-18T10:34:39.025,horizontal,,,0,1,0.9264,YOLO-omega,
cap_001585,2026-09-18T10:34:39.153,horizontal,,,0,1,0.9276,YOLO-omega,
cap_001586,2026-09-18T10:34:39.249,horizontal,,,0,1,0.9245,YOLO-omega,
cap_001587,2026-09-18T10:34:39.381,horizontal,,,0,1,0.9266,YOLO-omega,
cap_001588,2026-09-18T10:34:39.505,horizontal,,,0,1,0.9297,YOLO-omega,
cap_001589,2026-09-18T10:34:39.601,horizontal,,,0,1,0.9373,YOLO-omega,
cap_001590,2026-09-18T10:34:39.729,horizontal,,,0,1,0.9388,YOLO-omega,
cap_001591,2026-09-18T10:34:39.825,horizontal,,,0,1,0.9267,YOLO-omega,
cap_001592,2026-09-18T10:34:39.954,horizontal,,,0,1,0.9355,YOLO-omega,
cap_001593,2026-09-18T10:34:40.049,horizontal,,,0,1,0.9344,YOLO-omega,
cap_001594,2026-09-18T10:34:40.179,horizontal,,,0,1,0.9350,YOLO-omega,
cap_001595,2026-09-18T10:34:40.273,horizontal,,,0,1,0.9350,YOLO-omega,
cap_001596,2026-09-18T10:34:40.401,horizontal,,,0,1,0.9360,YOLO-omega,
cap_001597,2026-09-18T10:34:40.532,horizontal,,,0,1,0.9368,YOLO-omega,
cap_001598,2026-09-18T10:34:40.625,horizontal,,,0,1,0.9311,YOLO-omega,
cap_001599,2026-09-18T10:34:40.753,horizontal,,,0,1,0.9370,YOLO-omega,
cap_001600,2026-09-18T10:34:40.849,horizontal,,,0,1,0.9249,YOLO-omega,
cap_001601,2026-09-18T10:34:40.978,horizontal,,,0,1,0.9319,YOLO-omega,
cap_001602,2026-09-18T10:34:41.072,horizontal,,,0,1,0.9360,YOLO-omega,
cap_001603,2026-09-18T10:34:41.202,horizontal,,,0,1,0.9348,YOLO-omega,
cap_001604,2026-09-18T10:34:41.330,horizontal,,,0,2,0.9314,YOLO-omega,
cap_001605,2026-09-18T10:34:41.425,horizontal,,,0,2,0.9197,YOLO-omega,
cap_001606,2026-09-18T10:34:41.555,horizontal,,,0,2,0.9063,YOLO-omega,
cap_001607,2026-09-18T10:34:41.653,horizontal,,,0,2,0.9261,YOLO-omega,
cap_001608,2026-09-18T10:34:41.780,horizontal,,,0,2,0.9210,YOLO-omega,
cap_001609,2026-09-18T10:34:41.875,horizontal,,,0,2,0.9241,YOLO-omega,
cap_001610,2026-09-18T10:34:42.001,horizontal,,,0,2,0.9265,YOLO-omega,
cap_001611,2026-09-18T10:34:42.099,horizontal,,,0,2,0.9003,YOLO-omega,
cap_001612,2026-09-18T10:34:42.225,horizontal,,,0,2,0.8470,YOLO-omega,
cap_001613,2026-09-18T10:34:42.353,horizontal,,,0,1,0.9287,YOLO-omega,
cap_001614,2026-09-18T10:34:42.451,horizontal,,,0,1,0.9080,YOLO-omega,
cap_001615,2026-09-18T10:34:42.582,horizontal,,,0,1,0.9075,YOLO-omega,
cap_001616,2026-09-18T10:34:42.676,horizontal,,,0,1,0.8693,YOLO-omega,
cap_001617,2026-09-18T10:34:42.802,horizontal,,,0,1,0.9005,YOLO-omega,
cap_001618,2026-09-18T10:34:42.898,horizontal,,,0,1,0.8989,YOLO-omega,
cap_001619,2026-09-18T10:34:43.026,horizontal,,,0,1,0.9154,YOLO-omega,
cap_001620,2026-09-18T10:34:43.152,horizontal,,,0,2,0.8803,YOLO-omega,
cap_001621,2026-09-18T10:34:43.249,horizontal,,,0,2,0.8905,YOLO-omega,
cap_001622,2026-09-18T10:34:43.378,horizontal,,,0,2,0.8938,YOLO-omega,
cap_001623,2026-09-18T10:34:43.475,horizontal,,,0,3,0.9136,YOLO-omega,
cap_001624,2026-09-18T10:34:43.602,horizontal,,,0,2,0.9044,YOLO-omega,
cap_001625,2026-09-18T10:34:43.697,horizontal,,,0,2,0.9178,YOLO-omega,
cap_001626,2026-09-18T10:34:43.825,horizontal,,,0,1,0.9227,YOLO-omega,
cap_001627,2026-09-18T10:34:43.922,horizontal,,,0,2,0.9271,YOLO-omega,
cap_001628,2026-09-18T10:34:44.053,horizontal,,,0,1,0.9219,YOLO-omega,
cap_001629,2026-09-18T10:34:44.176,horizontal,,,0,1,0.9181,YOLO-omega,
cap_001630,2026-09-18T10:34:44.273,horizontal,,,0,1,0.9072,YOLO-omega,
cap_001631,2026-09-18T10:34:44.401,horizontal,,,0,1,0.9158,YOLO-omega,
cap_001632,2026-09-18T10:34:44.498,horizontal,,,0,1,0.9186,YOLO-omega,
cap_001633,2026-09-18T10:34:44.627,horizontal,,,0,1,0.9300,YOLO-omega,
cap_001634,2026-09-18T10:34:44.722,horizontal,,,0,1,0.9361,YOLO-omega,
cap_001635,2026-09-18T10:34:44.849,horizontal,,,0,1,0.9342,YOLO-omega,
cap_001636,2026-09-18T10:34:44.976,horizontal,,,0,1,0.9497,YOLO-omega,
cap_001637,2026-09-18T10:34:45.072,horizontal,,,0,1,0.9466,YOLO-omega,
cap_001638,2026-09-18T10:34:45.201,horizontal,,,0,1,0.9453,YOLO-omega,
cap_001639,2026-09-18T10:34:45.295,horizontal,,,0,1,0.9426,YOLO-omega,
cap_001640,2026-09-18T10:34:45.425,horizontal,,,0,1,0.9448,YOLO-omega,
cap_001641,2026-09-18T10:34:45.522,horizontal,,,0,1,0.9421,YOLO-omega,
cap_001642,2026-09-18T10:34:45.650,horizontal,,,0,1,0.9418,YOLO-omega,
cap_001643,2026-09-18T10:34:45.746,horizontal,,,0,1,0.9314,YOLO-omega,
cap_001644,2026-09-18T10:34:45.874,horizontal,,,0,1,0.9329,YOLO-omega,
cap_001645,2026-09-18T10:34:46.001,horizontal,,,0,1,0.9324,YOLO-omega,
cap_001646,2026-09-18T10:34:46.096,horizontal,,,0,1,0.9282,YOLO-omega,
cap_001647,2026-09-18T10:34:46.224,horizontal,,,0,1,0.9336,YOLO-omega,
cap_001648,2026-09-18T10:34:46.320,horizontal,,,0,1,0.9380,YOLO-omega,
cap_001649,2026-09-18T10:34:46.447,horizontal,,,0,1,0.9414,YOLO-omega,
cap_001650,2026-09-18T10:34:46.546,horizontal,,,0,1,0.9319,YOLO-omega,
cap_001651,2026-09-18T10:34:46.675,horizontal,,,0,1,0.9389,YOLO-omega,
cap_001652,2026-09-18T10:34:46.773,horizontal,,,0,1,0.9353,YOLO-omega,
cap_001653,2026-09-18T10:34:46.899,horizontal,,,0,1,0.9411,YOLO-omega,
cap_001654,2026-09-18T10:34:47.025,horizontal,,,0,1,0.9354,YOLO-omega,
cap_001655,2026-09-18T10:34:47.119,horizontal,,,0,1,0.9267,YOLO-omega,
cap_001656,2026-09-18T10:34:47.247,horizontal,,,0,1,0.9162,YOLO-omega,
cap_001657,2026-09-18T10:34:47.343,horizontal,,,0,1,0.8934,YOLO-omega,
cap_001658,2026-09-18T10:34:47.476,horizontal,,,0,1,0.9206,YOLO-omega,
cap_001659,2026-09-18T10:34:47.570,horizontal,,,0,1,0.9227,YOLO-omega,
cap_001660,2026-09-18T10:34:47.698,horizontal,,,0,1,0.9324,YOLO-omega,
cap_001661,2026-09-18T10:34:47.825,horizontal,,,0,1,0.9247,YOLO-omega,
cap_001662,2026-09-18T10:34:47.919,horizontal,,,0,1,0.9218,YOLO-omega,
cap_001663,2026-09-18T10:34:48.054,horizontal,,,0,1,0.9196,YOLO-omega,
cap_001664,2026-09-18T10:34:48.144,horizontal,,,0,1,0.9240,YOLO-omega,
cap_001665,2026-09-18T10:34:48.273,horizontal,,,0,1,0.9226,YOLO-omega,
cap_001666,2026-09-18T10:34:48.369,horizontal,,,0,1,0.9203,YOLO-omega,
cap_001667,2026-09-18T10:34:48.497,horizontal,,,0,1,0.9259,YOLO-omega,
cap_001668,2026-09-18T10:34:48.595,horizontal,,,0,1,0.9294,YOLO-omega,
cap_001669,2026-09-18T10:34:48.723,horizontal,,,0,1,0.9315,YOLO-omega,
cap_001670,2026-09-18T10:34:48.850,horizontal,,,0,1,0.9353,YOLO-omega,
cap_001671,2026-09-18T10:34:48.947,horizontal,,,0,1,0.9225,YOLO-omega,
cap_001672,2026-09-18T10:34:49.075,horizontal,,,0,1,0.9128,YOLO-omega,
cap_001673,2026-09-18T10:34:49.168,horizontal,,,0,1,0.9180,YOLO-omega,
cap_001674,2026-09-18T10:34:49.300,horizontal,,,0,1,0.9042,YOLO-omega,
cap_001675,2026-09-18T10:34:49.399,horizontal,,,0,1,0.8981,YOLO-omega,
cap_001676,2026-09-18T10:34:49.525,horizontal,,,0,1,0.9054,YOLO-omega,
cap_001677,2026-09-18T10:34:49.655,horizontal,,,0,1,0.9134,YOLO-omega,
cap_001678,2026-09-18T10:34:49.749,horizontal,,,0,1,0.9416,YOLO-omega,
cap_001679,2026-09-18T10:34:49.882,horizontal,,,0,2,0.9395,YOLO-omega,
cap_001680,2026-09-18T10:34:49.974,horizontal,,,0,1,0.9387,YOLO-omega,
cap_001681,2026-09-18T10:34:50.107,horizontal,,,0,1,0.9271,YOLO-omega,
cap_001682,2026-09-18T10:34:50.200,horizontal,,,0,1,0.9177,YOLO-omega,
cap_001683,2026-09-18T10:34:50.332,horizontal,,,0,1,0.9234,YOLO-omega,
cap_001684,2026-09-18T10:34:50.426,horizontal,,,0,1,0.9186,YOLO-omega,
cap_001685,2026-09-18T10:34:50.553,horizontal,,,0,1,0.9290,YOLO-omega,
cap_001686,2026-09-18T10:34:50.688,horizontal,,,0,1,0.9160,YOLO-omega,
cap_001687,2026-09-18T10:34:50.781,horizontal,,,0,1,0.9125,YOLO-omega,
cap_001688,2026-09-18T10:34:50.910,horizontal,,,0,1,0.9355,YOLO-omega,
cap_001689,2026-09-18T10:34:51.005,horizontal,,,0,1,0.9304,YOLO-omega,
cap_001690,2026-09-18T10:34:51.131,horizontal,,,0,1,0.9337,YOLO-omega,
cap_001691,2026-09-18T10:34:51.231,horizontal,,,0,1,0.9334,YOLO-omega,
cap_001692,2026-09-18T10:34:51.360,horizontal,,,0,1,0.9257,YOLO-omega,
cap_001693,2026-09-18T10:34:51.492,horizontal,,,0,1,0.9324,YOLO-omega,
cap_001694,2026-09-18T10:34:51.581,horizontal,,,0,1,0.9378,YOLO-omega,
cap_001695,2026-09-18T10:34:51.704,horizontal,,,0,1,0.9391,YOLO-omega,
cap_001696,2026-09-18T10:34:51.803,horizontal,,,0,1,0.9426,YOLO-omega,
cap_001697,2026-09-18T10:34:51.933,horizontal,,,0,1,0.9464,YOLO-omega,
cap_001698,2026-09-18T10:34:52.027,horizontal,,,0,1,0.9362,YOLO-omega,
cap_001699,2026-09-18T10:34:52.156,horizontal,,,0,1,0.9425,YOLO-omega,
cap_001700,2026-09-18T10:34:52.252,horizontal,,,0,1,0.9410,YOLO-omega,
cap_001701,2026-09-18T10:34:52.380,horizontal,,,0,2,0.9329,YOLO-omega,
cap_001702,2026-09-18T10:34:52.507,horizontal,,,0,1,0.9328,YOLO-omega,
cap_001703,2026-09-18T10:34:52.603,horizontal,,,0,1,0.9256,YOLO-omega,
cap_001704,2026-09-18T10:34:52.732,horizontal,,,0,1,0.9425,YOLO-omega,
cap_001705,2026-09-18T10:34:52.828,horizontal,,,0,1,0.9399,YOLO-omega,
cap_001706,2026-09-18T10:34:52.957,horizontal,,,0,1,0.9425,YOLO-omega,
cap_001707,2026-09-18T10:34:53.048,horizontal,,,0,1,0.9326,YOLO-omega,
cap_001708,2026-09-18T10:34:53.178,horizontal,,,0,1,0.9264,YOLO-omega,
cap_001709,2026-09-18T10:34:53.275,horizontal,,,0,1,0.9271,YOLO-omega,
cap_001710,2026-09-18T10:34:53.400,horizontal,,,0,1,0.9361,YOLO-omega,
cap_001711,2026-09-18T10:34:53.530,horizontal,,,0,1,0.9393,YOLO-omega,
cap_001712,2026-09-18T10:34:53.628,horizontal,,,0,1,0.9363,YOLO-omega,
cap_001713,2026-09-18T10:34:53.754,horizontal,,,0,1,0.9307,YOLO-omega,
cap_001714,2026-09-18T10:34:53.847,horizontal,,,0,1,0.9312,YOLO-omega,
cap_001715,2026-09-18T10:34:53.979,horizontal,,,0,1,0.9368,YOLO-omega,
cap_001716,2026-09-18T10:34:54.074,horizontal,,,0,1,0.9390,YOLO-omega,
cap_001717,2026-09-18T10:34:54.201,horizontal,,,0,1,0.9407,YOLO-omega,
cap_001718,2026-09-18T10:34:54.330,horizontal,,,0,1,0.9378,YOLO-omega,
cap_001719,2026-09-18T10:34:54.429,horizontal,,,0,1,0.9372,YOLO-omega,
cap_001720,2026-09-18T10:34:54.552,horizontal,,,0,1,0.9421,YOLO-omega,
cap_001721,2026-09-18T10:34:54.647,horizontal,,,0,1,0.9491,YOLO-omega,
cap_001722,2026-09-18T10:34:54.774,horizontal,,,0,1,0.9473,YOLO-omega,
cap_001723,2026-09-18T10:34:54.871,horizontal,,,0,1,0.9449,YOLO-omega,
cap_001724,2026-09-18T10:34:54.998,horizontal,,,0,1,0.9412,YOLO-omega,
cap_001725,2026-09-18T10:34:55.099,horizontal,,,0,1,0.9433,YOLO-omega,
cap_001726,2026-09-18T10:34:55.223,horizontal,,,0,1,0.9427,YOLO-omega,
cap_001727,2026-09-18T10:34:55.352,horizontal,,,0,1,0.9357,YOLO-omega,
cap_001728,2026-09-18T10:34:55.444,horizontal,,,0,1,0.9449,YOLO-omega,
cap_001729,2026-09-18T10:34:55.575,horizontal,,,0,1,0.9456,YOLO-omega,
cap_001730,2026-09-18T10:34:55.672,horizontal,,,0,1,0.9417,YOLO-omega,
cap_001731,2026-09-18T10:34:55.801,horizontal,,,0,1,0.9371,YOLO-omega,
cap_001732,2026-09-18T10:34:55.895,horizontal,,,0,1,0.9322,YOLO-omega,
cap_001733,2026-09-18T10:34:56.022,horizontal,,,0,1,0.9315,YOLO-omega,
cap_001734,2026-09-18T10:34:56.150,horizontal,,,0,1,0.9323,YOLO-omega,
cap_001735,2026-09-18T10:34:56.249,horizontal,,,0,1,0.9375,YOLO-omega,
cap_001736,2026-09-18T10:34:56.374,horizontal,,,0,1,0.9387,YOLO-omega,
cap_001737,2026-09-18T10:34:56.466,horizontal,,,0,1,0.9377,YOLO-omega,
cap_001738,2026-09-18T10:34:56.602,horizontal,,,0,1,0.9449,YOLO-omega,
cap_001739,2026-09-18T10:34:56.693,horizontal,,,0,1,0.9393,YOLO-omega,
cap_001740,2026-09-18T10:34:56.820,horizontal,,,0,1,0.9431,YOLO-omega,
cap_001741,2026-09-18T10:34:56.914,horizontal,,,0,1,0.9380,YOLO-omega,
cap_001742,2026-09-18T10:34:57.044,horizontal,,,0,1,0.9365,YOLO-omega,
cap_001743,2026-09-18T10:34:57.174,horizontal,,,0,1,0.9359,YOLO-omega,
cap_001744,2026-09-18T10:34:57.274,horizontal,,,0,1,0.9335,YOLO-omega,
cap_001745,2026-09-18T10:34:57.399,horizontal,,,0,1,0.9361,YOLO-omega,
cap_001746,2026-09-18T10:34:57.495,horizontal,,,0,1,0.9271,YOLO-omega,
cap_001747,2026-09-18T10:34:57.628,horizontal,,,0,1,0.9303,YOLO-omega,
cap_001748,2026-09-18T10:34:57.738,horizontal,,,0,1,0.9281,YOLO-omega,
cap_001749,2026-09-18T10:34:57.844,horizontal,,,0,1,0.9266,YOLO-omega,
cap_001750,2026-09-18T10:34:57.974,horizontal,,,0,1,0.9339,YOLO-omega,
cap_001751,2026-09-18T10:34:58.075,horizontal,,,0,1,0.9361,YOLO-omega,
cap_001752,2026-09-18T10:34:58.197,horizontal,,,0,1,0.9372,YOLO-omega,
cap_001753,2026-09-18T10:34:58.292,horizontal,,,0,1,0.9439,YOLO-omega,
cap_001754,2026-09-18T10:34:58.423,horizontal,,,0,1,0.9424,YOLO-omega,
cap_001755,2026-09-18T10:34:58.527,horizontal,,,0,1,0.9450,YOLO-omega,
cap_001756,2026-09-18T10:34:58.644,horizontal,,,0,1,0.9419,YOLO-omega,
cap_001757,2026-09-18T10:34:58.739,horizontal,,,0,1,0.9391,YOLO-omega,
cap_001758,2026-09-18T10:34:58.872,horizontal,,,0,1,0.9238,YOLO-omega,
cap_001759,2026-09-18T10:34:58.997,horizontal,,,0,1,0.9402,YOLO-omega,
cap_001760,2026-09-18T10:34:59.091,horizontal,,,0,1,0.9428,YOLO-omega,
cap_001761,2026-09-18T10:34:59.220,horizontal,,,0,1,0.9363,YOLO-omega,
cap_001762,2026-09-18T10:34:59.324,horizontal,,,0,1,0.9341,YOLO-omega,
cap_001763,2026-09-18T10:34:59.445,horizontal,,,0,1,0.9389,YOLO-omega,
cap_001764,2026-09-18T10:34:59.539,horizontal,,,0,1,0.9371,YOLO-omega,
cap_001765,2026-09-18T10:34:59.669,horizontal,,,0,1,0.9350,YOLO-omega,
cap_001766,2026-09-18T10:34:59.764,horizontal,,,0,1,0.9322,YOLO-omega,
cap_001767,2026-09-18T10:34:59.892,horizontal,,,0,1,0.9344,YOLO-omega,
cap_001768,2026-09-18T10:35:00.018,horizontal,,,0,1,0.9310,YOLO-omega,
cap_001769,2026-09-18T10:35:00.114,horizontal,,,0,1,0.9303,YOLO-omega,
cap_001770,2026-09-18T10:35:00.244,horizontal,,,0,1,0.9367,YOLO-omega,
cap_001771,2026-09-18T10:35:00.340,horizontal,,,0,1,0.9367,YOLO-omega,
cap_001772,2026-09-18T10:35:00.469,horizontal,,,0,1,0.9303,YOLO-omega,
cap_001773,2026-09-18T10:35:00.562,horizontal,,,0,1,0.9370,YOLO-omega,
cap_001774,2026-09-18T10:35:00.692,horizontal,,,0,1,0.9339,YOLO-omega,
cap_001775,2026-09-18T10:35:00.819,horizontal,,,0,1,0.9354,YOLO-omega,
cap_001776,2026-09-18T10:35:00.916,horizontal,,,0,1,0.9284,YOLO-omega,
cap_001777,2026-09-18T10:35:01.044,horizontal,,,0,1,0.9391,YOLO-omega,
cap_001778,2026-09-18T10:35:01.140,horizontal,,,0,1,0.9379,YOLO-omega,
cap_001779,2026-09-18T10:35:01.267,horizontal,,,0,1,0.9384,YOLO-omega,
cap_001780,2026-09-18T10:35:01.362,horizontal,,,0,1,0.9354,YOLO-omega,
cap_001781,2026-09-18T10:35:01.498,horizontal,,,0,1,0.9196,YOLO-omega,
cap_001782,2026-09-18T10:35:01.594,horizontal,,,0,1,0.9213,YOLO-omega,
cap_001783,2026-09-18T10:35:01.718,horizontal,,,0,1,0.9252,YOLO-omega,
cap_001784,2026-09-18T10:35:01.848,horizontal,,,0,1,0.9223,YOLO-omega,
cap_001785,2026-09-18T10:35:01.944,horizontal,,,0,1,0.9168,YOLO-omega,
cap_001786,2026-09-18T10:35:02.071,horizontal,,,0,1,0.9061,YOLO-omega,
cap_001787,2026-09-18T10:35:02.162,horizontal,,,0,2,0.9040,YOLO-omega,
cap_001788,2026-09-18T10:35:02.293,horizontal,,,0,2,0.8948,YOLO-omega,
cap_001789,2026-09-18T10:35:02.388,horizontal,,,0,2,0.9061,YOLO-omega,
cap_001790,2026-09-18T10:35:04.227,horizontal,,,0,1,0.9398,YOLO-omega,
cap_001791,2026-09-18T10:35:04.339,horizontal,,,0,1,0.9173,YOLO-omega,
cap_001792,2026-09-18T10:35:04.434,horizontal,,,0,1,0.9233,YOLO-omega,
cap_001793,2026-09-18T10:35:04.566,horizontal,,,0,1,0.9260,YOLO-omega,
cap_001794,2026-09-18T10:35:04.692,horizontal,,,0,1,0.9294,YOLO-omega,
cap_001795,2026-09-18T10:35:04.788,horizontal,,,0,1,0.9171,YOLO-omega,
cap_001796,2026-09-18T10:35:04.915,horizontal,,,0,1,0.9290,YOLO-omega,
cap_001797,2026-09-18T10:35:05.011,horizontal,,,0,1,0.9348,YOLO-omega,
cap_001798,2026-09-18T10:35:05.147,horizontal,,,0,1,0.9353,YOLO-omega,
cap_001799,2026-09-18T10:35:05.240,horizontal,,,0,1,0.9455,YOLO-omega,
cap_001800,2026-09-18T10:35:05.368,horizontal,,,0,1,0.9430,YOLO-omega,
cap_001801,2026-09-18T10:35:05.496,horizontal,,,0,1,0.9420,YOLO-omega,
cap_001802,2026-09-18T10:35:05.592,horizontal,,,0,1,0.9363,YOLO-omega,
cap_001803,2026-09-18T10:35:05.716,horizontal,,,0,1,0.9218,YOLO-omega,
cap_001804,2026-09-18T10:35:05.828,horizontal,,,0,1,0.9228,YOLO-omega,
cap_001805,2026-09-18T10:35:05.949,horizontal,,,0,1,0.9319,YOLO-omega,
cap_001806,2026-09-18T10:35:06.044,horizontal,,,0,1,0.9355,YOLO-omega,
cap_001807,2026-09-18T10:35:06.169,horizontal,,,0,1,0.9318,YOLO-omega,
cap_001808,2026-09-18T10:35:06.265,horizontal,,,0,1,0.9366,YOLO-omega,
cap_001809,2026-09-18T10:35:06.392,horizontal,,,0,1,0.9346,YOLO-omega,
cap_001810,2026-09-18T10:35:06.526,horizontal,,,0,1,0.9338,YOLO-omega,
cap_001811,2026-09-18T10:35:06.616,horizontal,,,0,1,0.9277,YOLO-omega,
cap_001812,2026-09-18T10:35:06.747,horizontal,,,0,1,0.9279,YOLO-omega,
cap_001813,2026-09-18T10:35:06.842,horizontal,,,0,1,0.9284,YOLO-omega,
cap_001814,2026-09-18T10:35:06.966,horizontal,,,0,1,0.9331,YOLO-omega,
cap_001815,2026-09-18T10:35:07.061,horizontal,,,0,1,0.9431,YOLO-omega,
cap_001816,2026-09-18T10:35:07.186,horizontal,,,0,1,0.9455,YOLO-omega,
cap_001817,2026-09-18T10:35:07.316,horizontal,,,0,2,0.9380,YOLO-omega,
cap_001818,2026-09-18T10:35:07.413,horizontal,,,0,1,0.9362,YOLO-omega,
cap_001819,2026-09-18T10:35:07.552,horizontal,,,0,1,0.9351,YOLO-omega,
cap_001820,2026-09-18T10:35:07.643,horizontal,,,0,1,0.9260,YOLO-omega,
cap_001821,2026-09-18T10:35:07.770,horizontal,,,0,1,0.9187,YOLO-omega,
cap_001822,2026-09-18T10:35:07.867,horizontal,,,0,1,0.9229,YOLO-omega,
cap_001823,2026-09-18T10:35:07.995,horizontal,,,0,1,0.9205,YOLO-omega,
cap_001824,2026-09-18T10:35:08.091,horizontal,,,0,1,0.9297,YOLO-omega,
cap_001825,2026-09-18T10:35:08.224,horizontal,,,0,1,0.9247,YOLO-omega,
cap_001826,2026-09-18T10:35:08.342,horizontal,,,0,1,0.9246,YOLO-omega,
cap_001827,2026-09-18T10:35:08.441,horizontal,,,0,1,0.9185,YOLO-omega,
cap_001828,2026-09-18T10:35:08.567,horizontal,,,0,1,0.9215,YOLO-omega,
cap_001829,2026-09-18T10:35:08.660,horizontal,,,0,1,0.9032,YOLO-omega,
cap_001830,2026-09-18T10:35:08.788,horizontal,,,0,1,0.9375,YOLO-omega,
cap_001831,2026-09-18T10:35:08.883,horizontal,,,0,1,0.9255,YOLO-omega,
cap_001832,2026-09-18T10:35:09.013,horizontal,,,0,1,0.9445,YOLO-omega,
cap_001833,2026-09-18T10:35:09.139,horizontal,,,0,1,0.8679,YOLO-omega,
cap_001834,2026-09-18T10:35:09.234,horizontal,,,0,1,0.9144,YOLO-omega,
cap_001835,2026-09-18T10:35:09.363,horizontal,,,0,1,0.9362,YOLO-omega,
cap_001836,2026-09-18T10:35:09.458,horizontal,,,0,1,0.9352,YOLO-omega,
cap_001837,2026-09-18T10:35:09.587,horizontal,,,0,1,0.9336,YOLO-omega,
cap_001838,2026-09-18T10:35:09.682,horizontal,,,0,1,0.9176,YOLO-omega,
cap_001839,2026-09-18T10:35:09.809,horizontal,,,0,1,0.9048,YOLO-omega,
cap_001840,2026-09-18T10:35:09.906,horizontal,,,0,1,0.9030,YOLO-omega,
cap_001841,2026-09-18T10:35:10.033,horizontal,,,0,1,0.8314,YOLO-omega,
cap_001842,2026-09-18T10:35:10.163,horizontal,,,0,1,0.8406,YOLO-omega,
cap_001843,2026-09-18T10:35:10.258,horizontal,,,0,1,0.9113,YOLO-omega,
cap_001844,2026-09-18T10:35:10.385,horizontal,,,0,1,0.8776,YOLO-omega,
cap_001845,2026-09-18T10:35:10.483,horizontal,,,0,1,0.9020,YOLO-omega,
cap_001846,2026-09-18T10:35:10.610,horizontal,,,0,1,0.8855,YOLO-omega,
cap_001847,2026-09-18T10:35:10.708,horizontal,,,0,2,0.7351,YOLO-omega,
cap_001848,2026-09-18T10:35:10.834,horizontal,,,0,1,0.4034,YOLO-omega,
cap_001849,2026-09-18T10:35:10.933,horizontal,,,0,2,0.6730,YOLO-omega,
cap_001850,2026-09-18T10:35:11.063,horizontal,,,0,1,0.5973,YOLO-omega,
