file,cluster,score,why,decision
cap_000000,0,-1.0000,MISS: 176px blob unboxed,approve
cap_000001,0,-1.0000,MISS: 175px blob unboxed,approve
cap_000002,0,-1.0000,MISS: 175px blob unboxed,approve
cap_000003,0,-1.0000,MISS: 176px blob unboxed,approve
cap_000004,0,-1.0000,MISS: 178px blob unboxed,approve
cap_000005,1,-1.0000,MISS: 177px blob unboxed,approve
cap_000006,1,-1.0000,MISS: 178px blob unboxed,approve
cap_000007,2,-1.0000,MISS: 175px blob unboxed,approve
cap_000008,2,-1.0000,MISS: 175px blob unboxed,approve
cap_000009,2,-1.0000,MISS: 178px blob unboxed,approve
cap_000010,2,-1.0000,MISS: 180px blob unboxed,approve
cap_000011,2,-1.0000,MISS: 180px blob unboxed,approve
cap_000012,3,-1.0000,MISS: 179px blob unboxed,approve
cap_000013,3,-1.0000,MISS: 179px blob unboxed,approve
cap_000014,3,-1.0000,MISS: 178px blob unboxed,approve
cap_000015,3,-1.0000,MISS: 179px blob unboxed,approve
cap_000016,3,-1.0000,MISS: 179px blob unboxed,approve
cap_000017,4,-1.0000,MISS: 179px blob unboxed,approve
cap_000018,4,-1.0000,MISS: 179px blob unboxed,approve
cap_000019,4,-1.0000,MISS: 176px blob unboxed,approve
cap_000020,4,-1.0000,MISS: 177px blob unboxed,approve
cap_000021,5,-1.0000,MISS: 172px blob unboxed,approve
cap_000022,5,-1.0000,MISS: 171px blob unboxed,approve
cap_000023,5,-1.0000,MISS: 171px blob unboxed,approve
cap_000024,5,-1.0000,MISS: 171px blob unboxed,approve
cap_000025,5,-1.0000,MISS: 173px blob unboxed,approve
cap_000026,6,-1.0000,MISS: 173px blob unboxed,approve
cap_000027,7,-1.0000,MISS: 181px blob unboxed,approve
cap_000028,7,-1.0000,MISS: 180px blob unboxed,approve
cap_000029,7,-1.0000,MISS: 180px blob unboxed,approve
cap_000030,7,-1.0000,MISS: 180px blob unboxed,approve
cap_000031,7,-1.0000,MISS: 179px blob unboxed,approve
cap_000032,8,-1.0000,MISS: 178px blob unboxed,approve
cap_000033,8,-1.0000,MISS: 173px blob unboxed,approve
cap_000034,8,-1.0000,MISS: 173px blob unboxed,approve
cap_000035,8,-1.0000,MISS: 173px blob unboxed,approve
cap_000036,8,-1.0000,MISS: 174px blob unboxed,approve
cap_000037,9,-1.0000,MISS: 173px blob unboxed,approve
cap_000038,9,-1.0000,MISS: 175px blob unboxed,delete
cap_000039,9,-1.0000,MISS: 174px blob unboxed,delete
cap_000040,9,-1.0000,MISS: 175px blob unboxed,delete
cap_000041,9,-1.0000,MISS: 174px blob unboxed,delete
cap_000042,10,-1.0000,MISS: 176px blob unboxed,approve
cap_000043,10,-1.0000,MISS: 172px blob unboxed,approve
cap_000044,10,-1.0000,MISS: 173px blob unboxed,delete
cap_000045,10,-1.0000,MISS: 173px blob unboxed,delete
cap_000046,11,-1.0000,MISS: 169px blob unboxed,delete
cap_000047,11,-1.0000,MISS: 170px blob unboxed,delete
cap_000048,11,-1.0000,MISS: 170px blob unboxed,delete
cap_000049,11,-1.0000,MISS: 171px blob unboxed,delete
cap_000050,11,-1.0000,MISS: 172px blob unboxed,delete
cap_000051,12,-1.0000,MISS: 170px blob unboxed,delete
cap_000052,13,-1.0000,MISS: 173px blob unboxed,approve
cap_000053,13,-1.0000,MISS: 174px blob unboxed,approve
cap_000054,14,-1.0000,MISS: 176px blob unboxed,approve
cap_000055,15,-1.0000,MISS: 172px blob unboxed,approve
cap_000056,16,-1.0000,MISS: 170px blob unboxed,approve
cap_000057,17,-1.0000,MISS: 170px blob unboxed,approve
cap_000058,18,-1.0000,MISS: 172px blob unboxed,approve
cap_000059,18,-1.0000,MISS: 170px blob unboxed,approve
cap_000060,19,-1.0000,MISS: 167px blob unboxed,approve
cap_000061,20,-1.0000,MISS: 163px blob unboxed,approve
cap_000062,20,-1.0000,MISS: 168px blob unboxed,approve
cap_000063,21,-1.0000,MISS: 165px blob unboxed,approve
cap_000064,22,-1.0000,MISS: 168px blob unboxed,approve
cap_000065,23,-1.0000,MISS: 167px blob unboxed,approve
cap_000066,24,-1.0000,MISS: 168px blob unboxed,approve
cap_000067,25,-1.0000,MISS: 164px blob unboxed,approve
cap_000068,26,-1.0000,MISS: 162px blob unboxed,approve
cap_000069,27,-1.0000,MISS: 164px blob unboxed,approve
cap_000070,28,-1.0000,MISS: 167px blob unboxed,approve
cap_000071,29,-1.0000,MISS: 164px blob unboxed,approve
cap_000072,30,-1.0000,MISS: 163px blob unboxed,approve
cap_000073,31,-1.0000,MISS: 166px blob unboxed,approve
cap_000074,32,-1.0000,MISS: 166px blob unboxed,approve
cap_000075,32,-1.0000,MISS: 164px blob unboxed,approve
cap_000076,32,-1.0000,MISS: 167px blob unboxed,approve
cap_000077,33,-1.0000,MISS: 167px blob unboxed,approve
cap_000078,33,-1.0000,MISS: 172px blob unboxed,approve
cap_000079,34,-1.0000,MISS: 175px blob unboxed,approve
cap_000080,34,-1.0000,MISS: 170px blob unboxed,approve
cap_000081,35,-1.0000,MISS: 175px blob unboxed,approve
cap_000082,36,-1.0000,MISS: 170px blob unboxed,approve
cap_000083,36,-1.0000,MISS: 169px blob unboxed,approve
cap_000084,37,-1.0000,MISS: 174px blob unboxed,approve
cap_000085,37,-1.0000,MISS: 175px blob unboxed,approve
cap_000086,38,-1.0000,MISS: 158px blob unboxed,approve
cap_000087,38,-1.0000,MISS: 161px blob unboxed,approve
cap_000088,38,-1.0000,MISS: 169px blob unboxed,approve
cap_000089,39,-1.0000,MISS: 174px blob unboxed,approve
cap_000090,39,-1.0000,MISS: 171px blob unboxed,approve
cap_000091,39,-1.0000,MISS: 174px blob unboxed,approve
cap_000092,39,-1.0000,MISS: 177px blob unboxed,approve
cap_000093,39,-1.0000,MISS: 170px blob unboxed,approve
cap_000094,40,-1.0000,MISS: 174px blob unboxed,approve
cap_000095,40,-1.0000,MISS: 174px blob unboxed,approve
cap_000096,40,-1.0000,MISS: 175px blob unboxed,approve
cap_000097,40,-1.0000,MISS: 174px blob unboxed,approve
cap_000098,40,-1.0000,MISS: 171px blob unboxed,approve
cap_000099,41,-1.0000,MISS: 169px blob unboxed,approve
cap_000100,41,-1.0000,MISS: 169px blob unboxed,approve
cap_000101,41,-1.0000,MISS: 168px blob unboxed,approve
cap_000102,42,-1.0000,MISS: 168px blob unboxed,approve
cap_000103,42,-1.0000,MISS: 167px blob unboxed,approve
cap_000104,42,-1.0000,MISS: 169px blob unboxed,approve
cap_000105,42,-1.0000,MISS: 169px blob unboxed,approve
cap_000106,43,-1.0000,MISS: 176px blob unboxed,approve
cap_000107,43,-1.0000,MISS: 176px blob unboxed,approve
cap_000108,44,-1.0000,MISS: 176px blob unboxed,approve
cap_000109,44,-1.0000,MISS: 176px blob unboxed,approve
cap_000110,44,-1.0000,MISS: 176px blob unboxed,approve
cap_000111,44,-1.0000,MISS: 171px blob unboxed,delete
cap_000112,44,-1.0000,MISS: 174px blob unboxed,approve
cap_000113,45,-1.0000,MISS: 174px blob unboxed,approve
cap_000114,45,-1.0000,MISS: 174px blob unboxed,approve
cap_000115,46,-1.0000,MISS: 170px blob unboxed,approve
cap_000116,46,-1.0000,MISS: 168px blob unboxed,approve
cap_000117,46,-1.0000,MISS: 167px blob unboxed,approve
cap_000118,46,-1.0000,MISS: 170px blob unboxed,approve
cap_000119,46,-1.0000,MISS: 169px blob unboxed,approve
cap_000120,47,-1.0000,MISS: 169px blob unboxed,approve
cap_000121,47,-1.0000,MISS: 169px blob unboxed,approve
cap_000122,48,-1.0000,MISS: 169px blob unboxed,approve
cap_000123,49,-1.0000,MISS: 169px blob unboxed,approve
cap_000124,50,-1.0000,MISS: 171px blob unboxed,approve
cap_000125,51,-1.0000,MISS: 171px blob unboxed,approve
cap_000126,52,-1.0000,MISS: 171px blob unboxed,approve
cap_000127,53,-1.0000,MISS: 172px blob unboxed,approve
cap_000128,54,-1.0000,MISS: 172px blob unboxed,approve
cap_000129,55,-1.0000,MISS: 171px blob unboxed,approve
cap_000130,55,-1.0000,MISS: 169px blob unboxed,approve
cap_000131,56,-1.0000,MISS: 171px blob unboxed,approve
cap_000132,57,-1.0000,MISS: 178px blob unboxed,approve
cap_000133,58,-1.0000,MISS: 171px blob unboxed,approve
cap_000134,59,-1.0000,MISS: 180px blob unboxed,approve
cap_000135,59,-1.0000,MISS: 180px blob unboxed,delete
cap_000136,60,-1.0000,MISS: 180px blob unboxed,approve
cap_000137,60,-1.0000,MISS: 176px blob unboxed,approve
cap_000138,61,-1.0000,MISS: 175px blob unboxed,approve
cap_000139,62,-1.0000,MISS: 175px blob unboxed,approve
cap_000140,63,-1.0000,MISS: 170px blob unboxed,approve
cap_000141,64,-1.0000,MISS: 165px blob unboxed,approve
cap_000142,65,-1.0000,MISS: 159px blob unboxed,approve
cap_000143,66,-1.0000,MISS: 163px blob unboxed,approve
cap_000144,66,-1.0000,MISS: 162px blob unboxed,approve
cap_000145,67,-1.0000,MISS: 161px blob unboxed,approve
cap_000146,68,-1.0000,MISS: 160px blob unboxed,approve
cap_000147,69,-1.0000,MISS: 163px blob unboxed,approve
cap_000148,70,-1.0000,MISS: 164px blob unboxed,approve
cap_000149,71,-1.0000,MISS: 163px blob unboxed,approve
cap_000150,72,-1.0000,MISS: 165px blob unboxed,approve
cap_000151,73,-1.0000,MISS: 166px blob unboxed,approve
cap_000152,74,-1.0000,MISS: 164px blob unboxed,approve
cap_000153,75,-1.0000,MISS: 163px blob unboxed,approve
cap_000154,75,-1.0000,MISS: 165px blob unboxed,approve
cap_000155,76,-1.0000,MISS: 162px blob unboxed,approve
cap_000156,76,-1.0000,MISS: 162px blob unboxed,approve
cap_000157,77,-1.0000,MISS: 156px blob unboxed,approve
cap_000158,77,-1.0000,MISS: 163px blob unboxed,approve
cap_000159,78,-1.0000,MISS: 174px blob unboxed,approve
cap_000160,78,-1.0000,MISS: 173px blob unboxed,approve
cap_000161,79,-1.0000,MISS: 171px blob unboxed,approve
cap_000162,79,-1.0000,MISS: 173px blob unboxed,approve
cap_000163,80,-1.0000,MISS: 172px blob unboxed,approve
cap_000164,80,-1.0000,MISS: 169px blob unboxed,approve
cap_000165,81,-1.0000,MISS: 168px blob unboxed,approve
cap_000166,81,-1.0000,MISS: 158px blob unboxed,delete
cap_000167,82,-1.0000,MISS: 161px blob unboxed,approve
cap_000168,83,-1.0000,MISS: 171px blob unboxed,approve
cap_000169,84,-1.0000,MISS: 164px blob unboxed,approve
cap_000170,85,-1.0000,MISS: 175px blob unboxed,approve
cap_000171,86,-1.0000,MISS: 174px blob unboxed,approve
cap_000172,87,-1.0000,MISS: 174px blob unboxed,approve
cap_000173,88,-1.0000,MISS: 171px blob unboxed,approve
cap_000174,88,-1.0000,MISS: 175px blob unboxed,approve
cap_000175,89,-1.0000,MISS: 175px blob unboxed,approve
cap_000176,89,-1.0000,MISS: 174px blob unboxed,approve
cap_000177,89,-1.0000,MISS: 172px blob unboxed,approve
cap_000178,90,-1.0000,MISS: 174px blob unboxed,approve
cap_000179,90,-1.0000,MISS: 174px blob unboxed,approve
cap_000180,91,-1.0000,MISS: 174px blob unboxed,approve
cap_000181,92,-1.0000,MISS: 172px blob unboxed,approve
cap_000182,92,-1.0000,MISS: 175px blob unboxed,approve
cap_000183,93,-1.0000,MISS: 173px blob unboxed,approve
cap_000184,94,-1.0000,MISS: 173px blob unboxed,approve
cap_000185,94,-1.0000,MISS: 167px blob unboxed,approve
cap_000186,94,-1.0000,MISS: 166px blob unboxed,approve
cap_000187,95,-1.0000,MISS: 170px blob unboxed,approve
cap_000188,95,-1.0000,MISS: 166px blob unboxed,approve
cap_000189,96,-1.0000,MISS: 166px blob unboxed,approve
cap_000190,96,-1.0000,MISS: 169px blob unboxed,approve
cap_000191,97,-1.0000,MISS: 164px blob unboxed,approve
cap_000192,97,-1.0000,MISS: 175px blob unboxed,approve
cap_000193,98,-1.0000,MISS: 173px blob unboxed,approve
cap_000194,98,-1.0000,MISS: 174px blob unboxed,approve
cap_000195,99,-1.0000,MISS: 174px blob unboxed,approve
cap_000196,99,-1.0000,MISS: 168px blob unboxed,approve
cap_000197,100,-1.0000,MISS: 176px blob unboxed,approve
cap_000198,100,-1.0000,MISS: 174px blob unboxed,approve
cap_000199,101,-1.0000,MISS: 174px blob unboxed,approve
cap_000200,102,-1.0000,MISS: 174px blob unboxed,approve
cap_000201,103,-1.0000,MISS: 171px blob unboxed,approve
cap_000202,104,-1.0000,MISS: 168px blob unboxed,approve
cap_000203,105,-1.0000,MISS: 168px blob unboxed,approve
cap_000204,106,-1.0000,MISS: 166px blob unboxed,approve
cap_000205,106,-1.0000,MISS: 168px blob unboxed,approve
cap_000206,107,-1.0000,MISS: 167px blob unboxed,approve
cap_000207,107,-1.0000,MISS: 167px blob unboxed,approve
cap_000208,108,-1.0000,MISS: 167px blob unboxed,approve
cap_000209,109,-1.0000,MISS: 167px blob unboxed,approve
cap_000210,110,-1.0000,MISS: 163px blob unboxed,approve
cap_000211,111,-1.0000,MISS: 164px blob unboxed,approve
cap_000212,111,-1.0000,MISS: 162px blob unboxed,approve
cap_000213,112,-1.0000,MISS: 166px blob unboxed,approve
cap_000214,113,-1.0000,MISS: 162px blob unboxed,approve
cap_000215,114,-1.0000,MISS: 162px blob unboxed,approve
cap_000216,115,-1.0000,MISS: 167px blob unboxed,approve
cap_000217,116,-1.0000,MISS: 169px blob unboxed,approve
cap_000218,117,-1.0000,MISS: 170px blob unboxed,approve
cap_000219,118,-1.0000,MISS: 176px blob unboxed,approve
cap_000220,119,-1.0000,MISS: 172px blob unboxed,approve
cap_000221,120,-1.0000,MISS: 178px blob unboxed,approve
cap_000222,121,-1.0000,MISS: 173px blob unboxed,approve
cap_000223,122,-1.0000,MISS: 170px blob unboxed,approve
cap_000224,123,-1.0000,MISS: 167px blob unboxed,approve
cap_000225,124,-1.0000,MISS: 175px blob unboxed,approve
cap_000226,125,-1.0000,MISS: 166px blob unboxed,approve
cap_000227,126,-1.0000,MISS: 165px blob unboxed,approve
cap_000228,127,-1.0000,MISS: 168px blob unboxed,approve
cap_000229,128,-1.0000,MISS: 170px blob unboxed,approve
cap_000230,128,-1.0000,MISS: 168px blob unboxed,approve
cap_000231,129,-1.0000,MISS: 164px blob unboxed,approve
cap_000232,129,-1.0000,MISS: 167px blob unboxed,approve
cap_000233,129,-1.0000,MISS: 168px blob unboxed,approve
cap_000234,129,-1.0000,MISS: 168px blob unboxed,approve
cap_000235,129,-1.0000,MISS: 168px blob unboxed,approve
cap_000236,130,-1.0000,MISS: 170px blob unboxed,approve
cap_000237,130,-1.0000,MISS: 171px blob unboxed,approve
cap_000238,131,-1.0000,MISS: 176px blob unboxed,approve
cap_000239,131,-1.0000,MISS: 164px blob unboxed,approve
cap_000240,132,-1.0000,MISS: 163px blob unboxed,approve
cap_000241,133,-1.0000,MISS: 166px blob unboxed,approve
cap_000242,134,-1.0000,MISS: 167px blob unboxed,approve
cap_000243,135,-1.0000,MISS: 166px blob unboxed,approve
cap_000244,136,-1.0000,MISS: 174px blob unboxed,approve
cap_000245,137,-1.0000,MISS: 170px blob unboxed,approve
cap_000246,138,-1.0000,MISS: 166px blob unboxed,approve
cap_000247,139,-1.0000,MISS: 169px blob unboxed,approve
cap_000248,139,-1.0000,MISS: 169px blob unboxed,approve
cap_000249,140,-1.0000,MISS: 169px blob unboxed,approve
cap_000250,141,-1.0000,MISS: 170px blob unboxed,approve
cap_000251,142,-1.0000,MISS: 172px blob unboxed,approve
cap_000252,143,-1.0000,MISS: 169px blob unboxed,approve
cap_000253,144,-1.0000,MISS: 169px blob unboxed,approve
cap_000254,145,-1.0000,MISS: 166px blob unboxed,approve
cap_000255,146,-1.0000,MISS: 168px blob unboxed,approve
cap_000256,147,-1.0000,MISS: 170px blob unboxed,approve
cap_000257,148,-1.0000,MISS: 168px blob unboxed,approve
cap_000258,148,-1.0000,MISS: 169px blob unboxed,approve
cap_000259,149,-1.0000,MISS: 167px blob unboxed,approve
cap_000260,150,-1.0000,MISS: 171px blob unboxed,approve
cap_000261,151,-1.0000,MISS: 175px blob unboxed,approve
cap_000262,151,-1.0000,MISS: 167px blob unboxed,approve
cap_000263,152,-1.0000,MISS: 167px blob unboxed,approve
cap_000264,152,-1.0000,MISS: 161px blob unboxed,approve
cap_000265,153,-1.0000,MISS: 159px blob unboxed,approve
cap_000266,154,-1.0000,MISS: 170px blob unboxed,approve
cap_000267,155,-1.0000,MISS: 174px blob unboxed,approve
cap_000268,156,-1.0000,MISS: 173px blob unboxed,approve
cap_000269,157,-1.0000,MISS: 173px blob unboxed,approve
cap_000270,157,-1.0000,MISS: 176px blob unboxed,approve
cap_000271,158,-1.0000,MISS: 176px blob unboxed,approve
cap_000272,158,-1.0000,MISS: 174px blob unboxed,approve
cap_000273,159,-1.0000,MISS: 177px blob unboxed,approve
cap_000274,160,-1.0000,MISS: 177px blob unboxed,approve
cap_000275,160,-1.0000,MISS: 178px blob unboxed,approve
cap_000276,161,-1.0000,MISS: 179px blob unboxed,approve
cap_000277,161,-1.0000,MISS: 180px blob unboxed,approve
cap_000278,162,-1.0000,MISS: 180px blob unboxed,approve
cap_000279,163,-1.0000,MISS: 180px blob unboxed,approve
cap_000280,164,-1.0000,MISS: 179px blob unboxed,approve
cap_000281,165,-1.0000,MISS: 176px blob unboxed,approve
cap_000282,166,-1.0000,MISS: 173px blob unboxed,approve
cap_000283,167,-1.0000,MISS: 175px blob unboxed,approve
cap_000284,168,-1.0000,MISS: 171px blob unboxed,approve
cap_000285,168,-1.0000,MISS: 170px blob unboxed,approve
cap_000286,169,-1.0000,MISS: 169px blob unboxed,approve
cap_000287,170,-1.0000,MISS: 169px blob unboxed,approve
cap_000288,171,-1.0000,MISS: 168px blob unboxed,approve
cap_000289,171,-1.0000,MISS: 168px blob unboxed,approve
cap_000290,172,-1.0000,MISS: 172px blob unboxed,approve
cap_000291,172,-1.0000,MISS: 172px blob unboxed,approve
cap_000292,173,-1.0000,MISS: 169px blob unboxed,approve
cap_000293,173,-1.0000,MISS: 169px blob unboxed,approve
cap_000294,173,-1.0000,MISS: 172px blob unboxed,approve
cap_000295,174,-1.0000,MISS: 173px blob unboxed,approve
cap_000296,174,-1.0000,MISS: 173px blob unboxed,approve
cap_000297,175,-1.0000,MISS: 177px blob unboxed,approve
cap_000298,175,-1.0000,MISS: 170px blob unboxed,approve
cap_000299,176,-1.0000,MISS: 175px blob unboxed,approve
cap_000300,176,-1.0000,MISS: 175px blob unboxed,approve
cap_000301,177,-1.0000,MISS: 172px blob unboxed,approve
cap_000302,177,-1.0000,MISS: 172px blob unboxed,approve
cap_000303,177,-1.0000,MISS: 171px blob unboxed,approve
cap_000304,178,-1.0000,MISS: 170px blob unboxed,approve
cap_000305,178,-1.0000,MISS: 170px blob unboxed,approve
cap_000306,179,-1.0000,MISS: 171px blob unboxed,approve
cap_000307,179,-1.0000,MISS: 169px blob unboxed,approve
cap_000308,180,-1.0000,MISS: 169px blob unboxed,approve
cap_000309,180,-1.0000,MISS: 166px blob unboxed,approve
cap_000310,181,-1.0000,MISS: 170px blob unboxed,approve
cap_000311,181,-1.0000,MISS: 180px blob unboxed,approve
cap_000312,182,-1.0000,MISS: 179px blob unboxed,approve
cap_000313,183,-1.0000,MISS: 179px blob unboxed,approve
cap_000314,184,-1.0000,MISS: 177px blob unboxed,approve
cap_000315,185,-1.0000,MISS: 176px blob unboxed,approve
cap_000316,186,-1.0000,MISS: 175px blob unboxed,approve
cap_000317,186,-1.0000,MISS: 176px blob unboxed,approve
cap_000318,187,-1.0000,MISS: 170px blob unboxed,approve
cap_000319,187,-1.0000,MISS: 172px blob unboxed,approve
cap_000320,188,-1.0000,MISS: 172px blob unboxed,approve
cap_000321,189,-1.0000,MISS: 172px blob unboxed,approve
cap_000322,190,-1.0000,MISS: 171px blob unboxed,approve
cap_000323,190,-1.0000,MISS: 180px blob unboxed,approve
cap_000324,191,-1.0000,MISS: 170px blob unboxed,approve
cap_000325,192,-1.0000,MISS: 170px blob unboxed,approve
cap_000326,193,-1.0000,MISS: 169px blob unboxed,approve
cap_000327,194,-1.0000,MISS: 169px blob unboxed,approve
cap_000328,195,-1.0000,MISS: 180px blob unboxed,approve
cap_000329,196,-1.0000,MISS: 169px blob unboxed,approve
cap_000330,197,-1.0000,MISS: 174px blob unboxed,approve
cap_000331,198,-1.0000,MISS: 173px blob unboxed,approve
cap_000332,199,-1.0000,MISS: 172px blob unboxed,approve
cap_000333,200,-1.0000,MISS: 174px blob unboxed,approve
cap_000334,201,-1.0000,MISS: 177px blob unboxed,approve
cap_000335,202,-1.0000,MISS: 170px blob unboxed,approve
cap_000336,203,-1.0000,MISS: 172px blob unboxed,approve
cap_000337,204,-1.0000,MISS: 174px blob unboxed,approve
cap_000338,205,-1.0000,MISS: 171px blob unboxed,approve
cap_000339,205,-1.0000,MISS: 177px blob unboxed,approve
cap_000340,206,-1.0000,MISS: 177px blob unboxed,approve
cap_000341,206,-1.0000,MISS: 177px blob unboxed,approve
cap_000342,207,-1.0000,MISS: 178px blob unboxed,approve
cap_000343,207,-1.0000,MISS: 175px blob unboxed,approve
cap_000344,208,-1.0000,MISS: 175px blob unboxed,approve
cap_000345,209,-1.0000,MISS: 174px blob unboxed,approve
cap_000346,209,-1.0000,MISS: 174px blob unboxed,delete
cap_000347,210,-1.0000,MISS: 180px blob unboxed,approve
cap_000348,210,-1.0000,MISS: 181px blob unboxed,approve
cap_000349,210,-1.0000,MISS: 182px blob unboxed,approve
cap_000350,211,-1.0000,MISS: 181px blob unboxed,approve
cap_000351,211,-1.0000,MISS: 181px blob unboxed,approve
cap_000352,211,-1.0000,MISS: 179px blob unboxed,approve
cap_000353,212,-1.0000,MISS: 177px blob unboxed,approve
cap_000354,212,-1.0000,MISS: 174px blob unboxed,approve
cap_000355,212,-1.0000,MISS: 174px blob unboxed,approve
cap_000356,213,-1.0000,MISS: 169px blob unboxed,approve
cap_000357,213,-1.0000,MISS: 168px blob unboxed,approve
cap_000358,213,-1.0000,MISS: 167px blob unboxed,approve
cap_000359,213,-1.0000,MISS: 167px blob unboxed,approve
cap_000360,214,-1.0000,MISS: 168px blob unboxed,approve
cap_000361,214,-1.0000,MISS: 176px blob unboxed,approve
cap_000362,214,-1.0000,MISS: 171px blob unboxed,approve
cap_000363,214,-1.0000,MISS: 176px blob unboxed,approve
cap_000364,214,-1.0000,MISS: 176px blob unboxed,approve
cap_000365,215,-1.0000,MISS: 174px blob unboxed,approve
cap_000366,215,-1.0000,MISS: 176px blob unboxed,approve
cap_000367,215,-1.0000,MISS: 176px blob unboxed,approve
cap_000368,215,-1.0000,MISS: 172px blob unboxed,approve
cap_000369,215,-1.0000,MISS: 179px blob unboxed,approve
cap_000370,216,-1.0000,MISS: 178px blob unboxed,approve
cap_000371,216,-1.0000,MISS: 176px blob unboxed,approve
cap_000372,216,-1.0000,MISS: 176px blob unboxed,approve
cap_000373,216,-1.0000,MISS: 169px blob unboxed,approve
cap_000374,216,-1.0000,MISS: 171px blob unboxed,approve
cap_000375,217,-1.0000,MISS: 169px blob unboxed,approve
cap_000376,217,-1.0000,MISS: 173px blob unboxed,approve
cap_000377,217,-1.0000,MISS: 172px blob unboxed,approve
cap_000378,217,-1.0000,MISS: 178px blob unboxed,approve
cap_000379,217,-1.0000,MISS: 178px blob unboxed,approve
cap_000380,218,-1.0000,MISS: 181px blob unboxed,approve
cap_000381,218,-1.0000,MISS: 181px blob unboxed,approve
cap_000382,218,-1.0000,MISS: 175px blob unboxed,approve
cap_000383,219,-1.0000,MISS: 188px blob unboxed,approve
cap_000384,219,-1.0000,MISS: 189px blob unboxed,delete
cap_000385,219,-1.0000,MISS: 190px blob unboxed,delete
cap_000386,220,-1.0000,MISS: 193px blob unboxed,approve
cap_000387,221,-1.0000,MISS: 191px blob unboxed,approve
cap_000388,222,-1.0000,MISS: 180px blob unboxed,approve
cap_000389,222,-1.0000,MISS: 191px blob unboxed,delete
cap_000390,223,-1.0000,MISS: 183px blob unboxed,approve
cap_000391,224,-1.0000,MISS: 184px blob unboxed,approve
cap_000392,224,-1.0000,MISS: 183px blob unboxed,delete
cap_000393,225,-1.0000,MISS: 189px blob unboxed,approve
cap_000394,226,-1.0000,MISS: 180px blob unboxed,approve
cap_000395,227,-1.0000,MISS: 195px blob unboxed,approve
cap_000396,228,-1.0000,MISS: 192px blob unboxed,approve
cap_000397,229,-1.0000,MISS: 190px blob unboxed,approve
cap_000398,229,-1.0000,MISS: 199px blob unboxed,delete
cap_000399,229,-1.0000,MISS: 190px blob unboxed,delete
cap_000400,230,-1.0000,MISS: 189px blob unboxed,approve
cap_000401,230,-1.0000,MISS: 194px blob unboxed,delete
cap_000402,231,-1.0000,MISS: 192px blob unboxed,approve
cap_000403,232,-1.0000,MISS: 192px blob unboxed,approve
cap_000404,233,-1.0000,MISS: 189px blob unboxed,approve
cap_000405,234,-1.0000,MISS: 186px blob unboxed,approve
cap_000406,235,-1.0000,MISS: 186px blob unboxed,approve
cap_000407,236,-1.0000,MISS: 185px blob unboxed,approve
cap_000408,237,-1.0000,MISS: 183px blob unboxed,approve
cap_000409,238,-1.0000,MISS: 183px blob unboxed,approve
cap_000410,239,-1.0000,MISS: 184px blob unboxed,approve
cap_000411,240,-1.0000,MISS: 182px blob unboxed,approve
cap_000412,241,-1.0000,MISS: 182px blob unboxed,approve
cap_000413,242,-1.0000,MISS: 187px blob unboxed,approve
cap_000414,243,-1.0000,MISS: 184px blob unboxed,approve
cap_000415,244,-1.0000,MISS: 182px blob unboxed,approve
cap_000416,245,-1.0000,MISS: 182px blob unboxed,approve
cap_000417,246,-1.0000,MISS: 181px blob unboxed,approve
cap_000418,247,-1.0000,MISS: 177px blob unboxed,approve
cap_000419,247,-1.0000,MISS: 176px blob unboxed,approve
cap_000420,248,-1.0000,MISS: 176px blob unboxed,approve
cap_000421,248,-1.0000,MISS: 176px blob unboxed,approve
cap_000422,248,-1.0000,MISS: 176px blob unboxed,approve
cap_000423,249,-1.0000,MISS: 175px blob unboxed,approve
cap_000424,250,-1.0000,MISS: 176px blob unboxed,approve
cap_000425,251,-1.0000,MISS: 176px blob unboxed,approve
cap_000426,251,-1.0000,MISS: 175px blob unboxed,approve
cap_000427,252,-1.0000,MISS: 177px blob unboxed,approve
cap_000428,252,-1.0000,MISS: 178px blob unboxed,approve
cap_000429,253,-1.0000,MISS: 181px blob unboxed,approve
cap_000430,253,-1.0000,MISS: 178px blob unboxed,delete
cap_000431,254,-1.0000,MISS: 178px blob unboxed,approve
cap_000432,254,-1.0000,MISS: 182px blob unboxed,approve
cap_000433,255,-1.0000,MISS: 181px blob unboxed,approve
cap_000434,255,-1.0000,MISS: 181px blob unboxed,approve
cap_000435,255,-1.0000,MISS: 181px blob unboxed,approve
cap_000436,256,-1.0000,MISS: 178px blob unboxed,approve
cap_000437,256,-1.0000,MISS: 178px blob unboxed,approve
cap_000438,257,-1.0000,MISS: 179px blob unboxed,approve
cap_000439,258,-1.0000,MISS: 176px blob unboxed,approve
cap_000440,259,-1.0000,MISS: 176px blob unboxed,approve
cap_000441,260,-1.0000,MISS: 177px blob unboxed,approve
cap_000442,261,-1.0000,MISS: 180px blob unboxed,approve
cap_000443,262,-1.0000,MISS: 182px blob unboxed,approve
cap_000444,263,-1.0000,MISS: 179px blob unboxed,approve
cap_000445,264,-1.0000,MISS: 175px blob unboxed,approve
cap_000446,265,-1.0000,MISS: 176px blob unboxed,approve
cap_000447,266,-1.0000,MISS: 176px blob unboxed,approve
cap_000448,267,-1.0000,MISS: 176px blob unboxed,approve
cap_000449,267,-1.0000,MISS: 176px blob unboxed,approve
cap_000450,268,-1.0000,MISS: 177px blob unboxed,approve
cap_000451,268,-1.0000,MISS: 176px blob unboxed,approve
cap_000452,269,-1.0000,MISS: 176px blob unboxed,approve
cap_000453,269,-1.0000,MISS: 176px blob unboxed,approve
cap_000454,270,-1.0000,MISS: 176px blob unboxed,approve
cap_000455,270,-1.0000,MISS: 180px blob unboxed,approve
cap_000456,271,-1.0000,MISS: 176px blob unboxed,approve
cap_000457,272,-1.0000,MISS: 177px blob unboxed,approve
cap_000458,273,-1.0000,MISS: 171px blob unboxed,approve
cap_000459,274,-1.0000,MISS: 176px blob unboxed,approve
cap_000460,275,-1.0000,MISS: 168px blob unboxed,approve
cap_000461,276,-1.0000,MISS: 167px blob unboxed,approve
cap_000462,277,-1.0000,MISS: 169px blob unboxed,approve
cap_000463,278,-1.0000,MISS: 172px blob unboxed,approve
cap_000464,278,-1.0000,MISS: 173px blob unboxed,approve
cap_000465,279,-1.0000,MISS: 173px blob unboxed,approve
cap_000466,279,-1.0000,MISS: 180px blob unboxed,approve
cap_000467,280,-1.0000,MISS: 184px blob unboxed,approve
cap_000468,281,-1.0000,MISS: 183px blob unboxed,approve
cap_000469,282,-1.0000,MISS: 179px blob unboxed,approve
cap_000470,283,-1.0000,MISS: 182px blob unboxed,approve
cap_000471,284,-1.0000,MISS: 180px blob unboxed,approve
cap_000472,285,-1.0000,MISS: 179px blob unboxed,approve
cap_000473,286,-1.0000,MISS: 178px blob unboxed,approve
cap_000474,287,-1.0000,MISS: 184px blob unboxed,approve
cap_000475,288,-1.0000,MISS: 183px blob unboxed,approve
cap_000476,289,-1.0000,MISS: 179px blob unboxed,approve
cap_000477,290,-1.0000,MISS: 183px blob unboxed,approve
cap_000478,291,-1.0000,MISS: 180px blob unboxed,approve
cap_000479,292,-1.0000,MISS: 179px blob unboxed,approve
cap_000480,293,-1.0000,MISS: 172px blob unboxed,approve
cap_000481,294,-1.0000,MISS: 172px blob unboxed,approve
cap_000482,295,-1.0000,MISS: 172px blob unboxed,approve
cap_000483,296,-1.0000,MISS: 173px blob unboxed,approve
cap_000484,297,-1.0000,MISS: 179px blob unboxed,approve
cap_000485,298,-1.0000,MISS: 179px blob unboxed,approve
cap_000486,299,-1.0000,MISS: 165px blob unboxed,approve
cap_000487,300,-1.0000,MISS: 173px blob unboxed,approve
cap_000488,301,-1.0000,MISS: 180px blob unboxed,approve
cap_000489,301,-1.0000,MISS: 179px blob unboxed,approve
cap_000490,302,-1.0000,MISS: 181px blob unboxed,approve
cap_000491,303,-1.0000,MISS: 180px blob unboxed,approve
cap_000492,304,-1.0000,MISS: 171px blob unboxed,approve
cap_000493,305,-1.0000,MISS: 168px blob unboxed,approve
cap_000494,306,-1.0000,MISS: 167px blob unboxed,approve
cap_000495,307,-1.0000,MISS: 176px blob unboxed,approve
cap_000496,308,-1.0000,MISS: 174px blob unboxed,approve
cap_000497,309,-1.0000,MISS: 174px blob unboxed,approve
cap_000498,309,-1.0000,MISS: 175px blob unboxed,delete
cap_000499,310,-1.0000,MISS: 174px blob unboxed,approve
cap_000500,310,-1.0000,MISS: 174px blob unboxed,approve
cap_000501,311,-1.0000,MISS: 172px blob unboxed,approve
cap_000502,312,-1.0000,MISS: 174px blob unboxed,approve
cap_000503,313,-1.0000,MISS: 176px blob unboxed,approve
cap_000504,314,-1.0000,MISS: 173px blob unboxed,approve
cap_000505,315,-1.0000,MISS: 178px blob unboxed,approve
cap_000506,316,-1.0000,MISS: 177px blob unboxed,approve
cap_000507,317,-1.0000,MISS: 173px blob unboxed,approve
cap_000508,318,-1.0000,MISS: 171px blob unboxed,approve
cap_000509,319,-1.0000,MISS: 174px blob unboxed,approve
cap_000510,320,-1.0000,MISS: 177px blob unboxed,approve
cap_000511,321,-1.0000,MISS: 172px blob unboxed,approve
cap_000512,322,-1.0000,MISS: 173px blob unboxed,approve
cap_000513,323,-1.0000,MISS: 173px blob unboxed,approve
cap_000514,324,-1.0000,MISS: 175px blob unboxed,approve
cap_000515,324,-1.0000,MISS: 175px blob unboxed,approve
cap_000516,325,-1.0000,MISS: 173px blob unboxed,approve
cap_000517,326,-1.0000,MISS: 174px blob unboxed,approve
cap_000518,327,-1.0000,MISS: 178px blob unboxed,approve
cap_000519,328,-1.0000,MISS: 182px blob unboxed,approve
cap_000520,329,-1.0000,MISS: 170px blob unboxed,approve
cap_000521,329,-1.0000,MISS: 167px blob unboxed,approve
cap_000522,330,-1.0000,MISS: 177px blob unboxed,approve
cap_000523,330,-1.0000,MISS: 180px blob unboxed,delete
cap_000524,330,-1.0000,MISS: 180px blob unboxed,delete
cap_000525,331,-1.0000,MISS: 181px blob unboxed,approve
cap_000526,331,-1.0000,MISS: 178px blob unboxed,delete
cap_000527,332,-1.0000,MISS: 184px blob unboxed,approve
cap_000528,333,-1.0000,MISS: 182px blob unboxed,approve
cap_000529,333,-1.0000,MISS: 184px blob unboxed,delete
cap_000530,333,-1.0000,MISS: 188px blob unboxed,approve
cap_000531,334,-1.0000,MISS: 188px blob unboxed,approve
cap_000532,334,-1.0000,MISS: 181px blob unboxed,delete
cap_000533,334,-1.0000,MISS: 187px blob unboxed,approve
cap_000534,335,-1.0000,MISS: 187px blob unboxed,approve
cap_000535,335,-1.0000,MISS: 186px blob unboxed,delete
cap_000536,336,-1.0000,MISS: 185px blob unboxed,approve
cap_000537,336,-1.0000,MISS: 182px blob unboxed,approve
cap_000538,337,-1.0000,MISS: 178px blob unboxed,approve
cap_000539,338,-1.0000,MISS: 180px blob unboxed,approve
cap_000540,339,-1.0000,MISS: 180px blob unboxed,approve
cap_000541,340,-1.0000,MISS: 179px blob unboxed,approve
cap_000542,341,-1.0000,MISS: 176px blob unboxed,approve
cap_000543,342,-1.0000,MISS: 178px blob unboxed,approve
cap_000544,343,-1.0000,MISS: 175px blob unboxed,approve
cap_000545,344,-1.0000,MISS: 172px blob unboxed,approve
cap_000546,345,-1.0000,MISS: 171px blob unboxed,approve
cap_000547,346,-1.0000,MISS: 176px blob unboxed,approve
cap_000548,347,-1.0000,MISS: 173px blob unboxed,approve
cap_000549,348,-1.0000,MISS: 172px blob unboxed,approve
cap_000550,349,-1.0000,MISS: 171px blob unboxed,approve
cap_000551,350,-1.0000,MISS: 180px blob unboxed,approve
cap_000552,351,-1.0000,MISS: 177px blob unboxed,approve
cap_000553,352,-1.0000,MISS: 177px blob unboxed,approve
cap_000554,353,-1.0000,MISS: 174px blob unboxed,approve
cap_000555,354,-1.0000,MISS: 176px blob unboxed,approve
cap_000556,355,-1.0000,MISS: 171px blob unboxed,approve
cap_000557,356,-1.0000,MISS: 173px blob unboxed,approve
cap_000558,357,-1.0000,MISS: 174px blob unboxed,approve
cap_000559,358,-1.0000,MISS: 177px blob unboxed,approve
cap_000560,359,-1.0000,MISS: 176px blob unboxed,approve
cap_000561,360,-1.0000,MISS: 172px blob unboxed,approve
cap_000562,361,-1.0000,MISS: 171px blob unboxed,approve
cap_000563,362,-1.0000,MISS: 173px blob unboxed,approve
cap_000564,362,-1.0000,MISS: 172px blob unboxed,approve
cap_000565,363,-1.0000,MISS: 173px blob unboxed,approve
cap_000566,364,-1.0000,MISS: 174px blob unboxed,approve
cap_000567,365,-1.0000,MISS: 174px blob unboxed,approve
cap_000568,366,-1.0000,MISS: 175px blob unboxed,approve
cap_000569,367,-1.0000,MISS: 176px blob unboxed,approve
cap_000570,368,-1.0000,MISS: 176px blob unboxed,approve
cap_000571,369,-1.0000,MISS: 174px blob unboxed,approve
cap_000572,370,-1.0000,MISS: 173px blob unboxed,approve
cap_000573,371,-1.0000,MISS: 172px blob unboxed,approve
cap_000574,372,-1.0000,MISS: 173px blob unboxed,delete
cap_000575,373,-1.0000,MISS: 174px blob unboxed,delete
cap_000576,374,-1.0000,MISS: 178px blob unboxed,delete
cap_000577,375,-1.0000,MISS: 179px blob unboxed,delete
cap_000578,376,-1.0000,MISS: 174px blob unboxed,delete
cap_000579,377,-1.0000,MISS: 175px blob unboxed,delete
cap_000580,378,-1.0000,MISS: 176px blob unboxed,delete
cap_000581,379,-1.0000,MISS: 175px blob unboxed,delete
cap_000582,380,-1.0000,MISS: 177px blob unboxed,delete
cap_000583,381,-1.0000,MISS: 160px blob unboxed,delete
cap_000584,382,-1.0000,MISS: 174px blob unboxed,delete
cap_000585,383,-1.0000,MISS: 177px blob unboxed,delete
cap_000586,384,-1.0000,MISS: 174px blob unboxed,approve
cap_000587,385,-1.0000,MISS: 176px blob unboxed,approve
cap_000588,386,-1.0000,MISS: 178px blob unboxed,approve
cap_000589,387,-1.0000,MISS: 173px blob unboxed,delete
cap_000590,388,-1.0000,MISS: 173px blob unboxed,delete
cap_000591,389,-1.0000,MISS: 168px blob unboxed,delete
cap_000592,390,-1.0000,MISS: 165px blob unboxed,approve
cap_000593,391,-1.0000,MISS: 170px blob unboxed,delete
cap_000594,392,-1.0000,MISS: 173px blob unboxed,approve
cap_000595,393,-1.0000,MISS: 174px blob unboxed,delete
cap_000596,394,-1.0000,MISS: 173px blob unboxed,delete
cap_000597,395,-1.0000,MISS: 177px blob unboxed,approve
cap_000598,396,-1.0000,MISS: 177px blob unboxed,approve
cap_000599,397,-1.0000,MISS: 183px blob unboxed,approve
cap_000600,398,-1.0000,MISS: 177px blob unboxed,approve
cap_000601,399,-1.0000,MISS: 176px blob unboxed,approve
cap_000602,400,-1.0000,MISS: 178px blob unboxed,approve
cap_000603,401,-1.0000,MISS: 180px blob unboxed,approve
cap_000604,402,-1.0000,MISS: 181px blob unboxed,approve
cap_000605,403,-1.0000,MISS: 180px blob unboxed,approve
cap_000606,404,-1.0000,MISS: 181px blob unboxed,approve
cap_000607,405,-1.0000,MISS: 184px blob unboxed,approve
cap_000608,406,-1.0000,MISS: 176px blob unboxed,approve
cap_000609,407,-1.0000,MISS: 174px blob unboxed,approve
cap_000610,408,-1.0000,MISS: 166px blob unboxed,approve
cap_000611,409,-1.0000,MISS: 172px blob unboxed,approve
cap_000612,410,-1.0000,MISS: 172px blob unboxed,approve
cap_000613,411,-1.0000,MISS: 173px blob unboxed,approve
cap_000614,412,-1.0000,MISS: 171px blob unboxed,approve
cap_000615,413,-1.0000,MISS: 173px blob unboxed,approve
cap_000616,414,-1.0000,MISS: 170px blob unboxed,approve
cap_000617,415,-1.0000,MISS: 173px blob unboxed,approve
cap_000618,416,-1.0000,MISS: 173px blob unboxed,approve
cap_000619,417,-1.0000,MISS: 173px blob unboxed,approve
cap_000620,418,-1.0000,MISS: 171px blob unboxed,approve
cap_000621,419,-1.0000,MISS: 156px blob unboxed,approve
cap_000622,420,-1.0000,MISS: 151px blob unboxed,approve
cap_000623,421,-1.0000,MISS: 150px blob unboxed,approve
cap_000624,422,-1.0000,MISS: 148px blob unboxed,approve
cap_000625,423,-1.0000,MISS: 145px blob unboxed,approve
cap_000626,424,-1.0000,MISS: 156px blob unboxed,approve
cap_000627,425,-1.0000,MISS: 158px blob unboxed,approve
cap_000628,426,-1.0000,MISS: 146px blob unboxed,approve
cap_000629,427,-1.0000,MISS: 146px blob unboxed,approve
cap_000630,428,-1.0000,MISS: 146px blob unboxed,approve
cap_000631,429,-1.0000,MISS: 146px blob unboxed,approve
cap_000632,430,-1.0000,MISS: 157px blob unboxed,approve
cap_000633,431,-1.0000,MISS: 158px blob unboxed,approve
cap_000634,432,-1.0000,MISS: 163px blob unboxed,approve
cap_000635,433,-1.0000,MISS: 160px blob unboxed,approve
cap_000636,434,-1.0000,MISS: 158px blob unboxed,delete
cap_000637,435,-1.0000,MISS: 158px blob unboxed,delete
cap_000638,436,-1.0000,MISS: 158px blob unboxed,delete
cap_000639,436,-1.0000,MISS: 157px blob unboxed,delete
cap_000640,437,-1.0000,MISS: 158px blob unboxed,delete
cap_000641,438,-1.0000,MISS: 159px blob unboxed,delete
cap_000642,439,-1.0000,MISS: 158px blob unboxed,delete
cap_000643,440,-1.0000,MISS: 163px blob unboxed,approve
cap_000644,441,-1.0000,MISS: 165px blob unboxed,approve
cap_000645,442,-1.0000,MISS: 163px blob unboxed,approve
cap_000646,443,-1.0000,MISS: 165px blob unboxed,delete
cap_000647,444,-1.0000,MISS: 168px blob unboxed,approve
cap_000648,445,-1.0000,MISS: 159px blob unboxed,approve
cap_000649,446,-1.0000,MISS: 166px blob unboxed,approve
cap_000650,447,-1.0000,MISS: 166px blob unboxed,approve
cap_000651,448,-1.0000,MISS: 161px blob unboxed,approve
cap_000652,449,-1.0000,MISS: 159px blob unboxed,approve
cap_000653,450,-1.0000,MISS: 159px blob unboxed,approve
cap_000654,451,-1.0000,MISS: 163px blob unboxed,approve
cap_000655,452,-1.0000,MISS: 169px blob unboxed,approve
cap_000656,452,-1.0000,MISS: 164px blob unboxed,delete
cap_000657,453,-1.0000,MISS: 167px blob unboxed,approve
cap_000658,453,-1.0000,MISS: 162px blob unboxed,delete
cap_000659,454,-1.0000,MISS: 161px blob unboxed,approve
cap_000660,455,-1.0000,MISS: 163px blob unboxed,approve
cap_000661,456,-1.0000,MISS: 165px blob unboxed,approve
cap_000662,457,-1.0000,MISS: 164px blob unboxed,delete
cap_000663,458,-1.0000,MISS: 152px blob unboxed,delete
cap_000664,459,-1.0000,MISS: 150px blob unboxed,delete
cap_000665,460,-1.0000,MISS: 168px blob unboxed,delete
cap_000666,461,-1.0000,MISS: 167px blob unboxed,delete
cap_000667,462,-1.0000,MISS: 162px blob unboxed,approve
cap_000668,463,-1.0000,MISS: 160px blob unboxed,approve
cap_000669,464,-1.0000,MISS: 163px blob unboxed,approve
cap_000670,465,-1.0000,MISS: 164px blob unboxed,approve
cap_000671,466,-1.0000,MISS: 164px blob unboxed,approve
cap_000672,466,-1.0000,MISS: 164px blob unboxed,approve
cap_000673,467,-1.0000,MISS: 162px blob unboxed,approve
cap_000674,468,-1.0000,MISS: 162px blob unboxed,approve
cap_000675,469,-1.0000,MISS: 159px blob unboxed,approve
cap_000676,470,-1.0000,MISS: 161px blob unboxed,approve
cap_000677,470,-1.0000,MISS: 161px blob unboxed,approve
cap_000678,470,-1.0000,MISS: 158px blob unboxed,approve
cap_000679,471,-1.0000,MISS: 159px blob unboxed,approve
cap_000680,471,-1.0000,MISS: 160px blob unboxed,approve
cap_000681,472,-1.0000,MISS: 159px blob unboxed,approve
cap_000682,472,-1.0000,MISS: 162px blob unboxed,approve
cap_000683,472,-1.0000,MISS: 160px blob unboxed,approve
cap_000684,472,-1.0000,MISS: 160px blob unboxed,approve
cap_000685,472,-1.0000,MISS: 162px blob unboxed,approve
cap_000686,473,-1.0000,MISS: 159px blob unboxed,approve
cap_000687,473,-1.0000,MISS: 160px blob unboxed,approve
cap_000688,474,-1.0000,MISS: 161px blob unboxed,approve
cap_000689,474,-1.0000,MISS: 158px blob unboxed,approve
cap_000690,475,-1.0000,MISS: 155px blob unboxed,approve
cap_000691,475,-1.0000,MISS: 163px blob unboxed,delete
cap_000692,475,-1.0000,MISS: 155px blob unboxed,delete
cap_000693,476,-1.0000,MISS: 153px blob unboxed,approve
cap_000694,476,-1.0000,MISS: 152px blob unboxed,delete
cap_000695,476,-1.0000,MISS: 155px blob unboxed,delete
cap_000696,476,-1.0000,MISS: 153px blob unboxed,delete
cap_000697,477,-1.0000,MISS: 156px blob unboxed,approve
cap_000698,477,-1.0000,MISS: 155px blob unboxed,delete
cap_000699,477,-1.0000,MISS: 159px blob unboxed,approve
cap_000700,477,-1.0000,MISS: 159px blob unboxed,approve
cap_000701,478,-1.0000,MISS: 145px blob unboxed,approve
cap_000702,478,-1.0000,MISS: 146px blob unboxed,delete
cap_000703,479,-1.0000,MISS: 145px blob unboxed,delete
cap_000704,479,-1.0000,MISS: 147px blob unboxed,delete
cap_000705,480,-1.0000,MISS: 160px blob unboxed,delete
cap_000706,480,-1.0000,MISS: 166px blob unboxed,delete
cap_000707,480,-1.0000,MISS: 166px blob unboxed,delete
cap_000708,481,-1.0000,MISS: 166px blob unboxed,delete
cap_000709,482,-1.0000,MISS: 165px blob unboxed,delete
cap_000710,483,-1.0000,MISS: 164px blob unboxed,approve
cap_000711,484,-1.0000,MISS: 162px blob unboxed,approve
cap_000712,485,-1.0000,MISS: 161px blob unboxed,approve
cap_000713,486,-1.0000,MISS: 162px blob unboxed,approve
cap_000714,487,-1.0000,MISS: 161px blob unboxed,approve
cap_000715,488,-1.0000,MISS: 158px blob unboxed,approve
cap_000716,489,-1.0000,MISS: 158px blob unboxed,approve
cap_000717,490,-1.0000,MISS: 158px blob unboxed,approve
cap_000718,491,-1.0000,MISS: 155px blob unboxed,delete
cap_000719,492,-1.0000,MISS: 156px blob unboxed,delete
cap_000720,493,-1.0000,MISS: 151px blob unboxed,delete
cap_000721,494,-1.0000,MISS: 155px blob unboxed,approve
cap_000722,495,-1.0000,MISS: 152px blob unboxed,approve
cap_000723,496,-1.0000,MISS: 153px blob unboxed,approve
cap_000724,497,-1.0000,MISS: 149px blob unboxed,approve
cap_000725,498,-1.0000,MISS: 157px blob unboxed,delete
cap_000726,499,-1.0000,MISS: 158px blob unboxed,delete
cap_000727,500,-1.0000,MISS: 163px blob unboxed,delete
cap_000728,501,-1.0000,MISS: 163px blob unboxed,delete
cap_000729,502,-1.0000,MISS: 156px blob unboxed,delete
cap_000730,503,-1.0000,MISS: 156px blob unboxed,delete
cap_000731,504,-1.0000,MISS: 155px blob unboxed,delete
cap_000732,504,-1.0000,MISS: 158px blob unboxed,delete
cap_000733,504,-1.0000,MISS: 156px blob unboxed,delete
cap_000734,505,-1.0000,MISS: 165px blob unboxed,delete
cap_000735,505,-1.0000,MISS: 163px blob unboxed,delete
cap_000736,505,-1.0000,MISS: 158px blob unboxed,delete
cap_000737,506,-1.0000,MISS: 157px blob unboxed,delete
cap_000738,506,-1.0000,MISS: 145px blob unboxed,delete
cap_000739,506,-1.0000,MISS: 154px blob unboxed,delete
cap_000740,506,-1.0000,MISS: 155px blob unboxed,delete
cap_000741,506,-1.0000,MISS: 160px blob unboxed,delete
cap_000742,507,-1.0000,MISS: 155px blob unboxed,approve
cap_000743,507,-1.0000,MISS: 156px blob unboxed,delete
cap_000744,508,-1.0000,MISS: 162px blob unboxed,delete
cap_000745,509,-1.0000,MISS: 160px blob unboxed,approve
cap_000746,510,-1.0000,MISS: 163px blob unboxed,delete
cap_000747,511,-1.0000,MISS: 161px blob unboxed,delete
cap_000748,512,-1.0000,MISS: 161px blob unboxed,approve
cap_000749,513,-1.0000,MISS: 159px blob unboxed,approve
cap_000750,514,-1.0000,MISS: 155px blob unboxed,approve
cap_000751,515,-1.0000,MISS: 156px blob unboxed,approve
cap_000752,516,-1.0000,MISS: 155px blob unboxed,approve
cap_000753,517,-1.0000,MISS: 155px blob unboxed,approve
cap_000754,518,-1.0000,MISS: 162px blob unboxed,approve
cap_000755,519,-1.0000,MISS: 164px blob unboxed,approve
cap_000756,520,-1.0000,MISS: 161px blob unboxed,approve
cap_000757,521,-1.0000,MISS: 158px blob unboxed,approve
cap_000758,522,-1.0000,MISS: 162px blob unboxed,approve
cap_000759,523,-1.0000,MISS: 155px blob unboxed,delete
cap_000760,524,-1.0000,MISS: 159px blob unboxed,delete
cap_000761,525,-1.0000,MISS: 159px blob unboxed,approve
cap_000762,526,-1.0000,MISS: 162px blob unboxed,delete
cap_000763,527,-1.0000,MISS: 162px blob unboxed,delete
cap_000764,528,-1.0000,MISS: 165px blob unboxed,delete
cap_000765,529,-1.0000,MISS: 165px blob unboxed,delete
cap_000766,530,-1.0000,MISS: 160px blob unboxed,delete
cap_000767,531,-1.0000,MISS: 159px blob unboxed,approve
cap_000768,531,-1.0000,MISS: 160px blob unboxed,delete
cap_000769,532,-1.0000,MISS: 162px blob unboxed,delete
cap_000770,532,-1.0000,MISS: 164px blob unboxed,delete
cap_000771,533,-1.0000,MISS: 164px blob unboxed,delete
cap_000772,533,-1.0000,MISS: 157px blob unboxed,approve
cap_000773,534,-1.0000,MISS: 161px blob unboxed,delete
cap_000774,534,-1.0000,MISS: 158px blob unboxed,delete
cap_000775,535,-1.0000,MISS: 157px blob unboxed,approve
cap_000776,535,-1.0000,MISS: 164px blob unboxed,delete
cap_000777,536,-1.0000,MISS: 156px blob unboxed,delete
cap_000778,536,-1.0000,MISS: 158px blob unboxed,delete
cap_000779,536,-1.0000,MISS: 156px blob unboxed,delete
cap_000780,537,-1.0000,MISS: 158px blob unboxed,delete
cap_000781,537,-1.0000,MISS: 157px blob unboxed,delete
cap_000782,538,-1.0000,MISS: 157px blob unboxed,delete
cap_000783,538,-1.0000,MISS: 157px blob unboxed,delete
cap_000784,538,-1.0000,MISS: 157px blob unboxed,delete
cap_000785,539,-1.0000,MISS: 156px blob unboxed,delete
cap_000786,539,-1.0000,MISS: 157px blob unboxed,delete
cap_000787,540,-1.0000,MISS: 153px blob unboxed,approve
cap_000788,540,-1.0000,MISS: 153px blob unboxed,delete
cap_000789,541,-1.0000,MISS: 150px blob unboxed,approve
cap_000790,542,-1.0000,MISS: 164px blob unboxed,approve
cap_000791,542,-1.0000,MISS: 164px blob unboxed,delete
cap_000792,543,-1.0000,MISS: 158px blob unboxed,approve
cap_000793,543,-1.0000,MISS: 155px blob unboxed,delete
cap_000794,544,-1.0000,MISS: 157px blob unboxed,approve
cap_000795,544,-1.0000,MISS: 161px blob unboxed,delete
cap_000796,544,-1.0000,MISS: 161px blob unboxed,delete
cap_000797,545,-1.0000,MISS: 158px blob unboxed,approve
cap_000798,545,-1.0000,MISS: 154px blob unboxed,delete
cap_000799,545,-1.0000,MISS: 158px blob unboxed,approve
cap_000800,545,-1.0000,MISS: 157px blob unboxed,delete
cap_000801,545,-1.0000,MISS: 159px blob unboxed,delete
cap_000802,546,-1.0000,MISS: 156px blob unboxed,approve
cap_000803,546,-1.0000,MISS: 154px blob unboxed,delete
cap_000804,546,-1.0000,MISS: 157px blob unboxed,approve
cap_000805,546,-1.0000,MISS: 152px blob unboxed,delete
cap_000806,546,-1.0000,MISS: 143px blob unboxed,delete
cap_000807,547,-1.0000,MISS: 143px blob unboxed,approve
cap_000808,547,-1.0000,MISS: 142px blob unboxed,delete
cap_000809,547,-1.0000,MISS: 144px blob unboxed,delete
cap_000810,548,-1.0000,MISS: 144px blob unboxed,approve
cap_000811,548,-1.0000,MISS: 144px blob unboxed,approve
cap_000812,549,-1.0000,MISS: 157px blob unboxed,approve
cap_000813,550,-1.0000,MISS: 144px blob unboxed,delete
cap_000814,550,-1.0000,MISS: 153px blob unboxed,delete
cap_000815,551,-1.0000,MISS: 163px blob unboxed,approve
cap_000816,552,-1.0000,MISS: 160px blob unboxed,delete
cap_000817,553,-1.0000,MISS: 163px blob unboxed,delete
cap_000818,554,-1.0000,MISS: 148px blob unboxed,delete
cap_000819,555,-1.0000,MISS: 159px blob unboxed,delete
cap_000820,555,-1.0000,MISS: 159px blob unboxed,delete
cap_000821,556,-1.0000,MISS: 158px blob unboxed,delete
cap_000822,556,-1.0000,MISS: 164px blob unboxed,delete
cap_000823,556,-1.0000,MISS: 165px blob unboxed,delete
cap_000824,557,-1.0000,MISS: 166px blob unboxed,approve
cap_000825,557,-1.0000,MISS: 164px blob unboxed,approve
cap_000826,558,-1.0000,MISS: 164px blob unboxed,approve
cap_000827,558,-1.0000,MISS: 158px blob unboxed,approve
cap_000828,559,-1.0000,MISS: 155px blob unboxed,approve
cap_000829,560,-1.0000,MISS: 155px blob unboxed,approve
cap_000830,561,-1.0000,MISS: 161px blob unboxed,delete
cap_000831,562,-1.0000,MISS: 153px blob unboxed,approve
cap_000832,563,-1.0000,MISS: 157px blob unboxed,delete
cap_000833,564,-1.0000,MISS: 144px blob unboxed,approve
cap_000834,565,-1.0000,MISS: 141px blob unboxed,approve
cap_000835,566,-1.0000,MISS: 141px blob unboxed,approve
cap_000836,566,-1.0000,MISS: 140px blob unboxed,approve
cap_000837,567,-1.0000,MISS: 140px blob unboxed,approve
cap_000838,567,-1.0000,MISS: 149px blob unboxed,delete
cap_000839,568,-1.0000,MISS: 149px blob unboxed,approve
cap_000840,569,-1.0000,MISS: 162px blob unboxed,approve
cap_000841,570,-1.0000,MISS: 158px blob unboxed,approve
cap_000842,571,-1.0000,MISS: 161px blob unboxed,approve
cap_000843,572,-1.0000,MISS: 158px blob unboxed,approve
cap_000844,573,-1.0000,MISS: 149px blob unboxed,approve
cap_000845,574,-1.0000,MISS: 152px blob unboxed,approve
cap_000846,575,-1.0000,MISS: 152px blob unboxed,approve
cap_000847,576,-1.0000,MISS: 152px blob unboxed,approve
cap_000848,577,-1.0000,MISS: 150px blob unboxed,delete
cap_000849,578,-1.0000,MISS: 149px blob unboxed,approve
cap_000850,579,-1.0000,MISS: 150px blob unboxed,delete
cap_000851,580,-1.0000,MISS: 151px blob unboxed,approve
cap_000852,581,-1.0000,MISS: 151px blob unboxed,approve
cap_000853,582,-1.0000,MISS: 155px blob unboxed,approve
cap_000854,583,-1.0000,MISS: 155px blob unboxed,approve
cap_000855,584,-1.0000,MISS: 156px blob unboxed,approve
cap_000856,585,-1.0000,MISS: 156px blob unboxed,approve
cap_000857,586,-1.0000,MISS: 156px blob unboxed,approve
cap_000858,587,-1.0000,MISS: 156px blob unboxed,approve
cap_000859,588,-1.0000,MISS: 155px blob unboxed,approve
cap_000860,589,-1.0000,MISS: 160px blob unboxed,approve
cap_000861,590,-1.0000,MISS: 159px blob unboxed,approve
cap_000862,591,-1.0000,MISS: 157px blob unboxed,approve
cap_000863,592,-1.0000,MISS: 156px blob unboxed,approve
cap_000864,592,-1.0000,MISS: 158px blob unboxed,approve
cap_000865,593,-1.0000,MISS: 158px blob unboxed,approve
cap_000866,593,-1.0000,MISS: 158px blob unboxed,approve
cap_000867,594,-1.0000,MISS: 158px blob unboxed,approve
cap_000868,595,-1.0000,MISS: 157px blob unboxed,approve
cap_000869,596,-1.0000,MISS: 157px blob unboxed,approve
cap_000870,597,-1.0000,MISS: 158px blob unboxed,approve
cap_000871,598,-1.0000,MISS: 175px blob unboxed,approve
cap_000872,599,-1.0000,MISS: 167px blob unboxed,approve
cap_000873,600,-1.0000,MISS: 163px blob unboxed,approve
cap_000874,601,-1.0000,MISS: 165px blob unboxed,approve
cap_000875,602,-1.0000,MISS: 159px blob unboxed,approve
cap_000876,603,-1.0000,MISS: 164px blob unboxed,approve
cap_000877,604,-1.0000,MISS: 158px blob unboxed,approve
cap_000878,604,-1.0000,MISS: 160px blob unboxed,delete
cap_000879,605,-1.0000,MISS: 168px blob unboxed,approve
cap_000880,606,-1.0000,MISS: 176px blob unboxed,approve
cap_000881,607,-1.0000,MISS: 173px blob unboxed,approve
cap_000882,608,-1.0000,MISS: 165px blob unboxed,approve
cap_000883,609,-1.0000,MISS: 173px blob unboxed,approve
cap_000884,610,-1.0000,MISS: 171px blob unboxed,approve
cap_000885,611,-1.0000,MISS: 165px blob unboxed,approve
cap_000886,611,-1.0000,MISS: 168px blob unboxed,delete
cap_000887,612,-1.0000,MISS: 169px blob unboxed,approve
cap_000888,613,-1.0000,MISS: 171px blob unboxed,approve
cap_000889,613,-1.0000,MISS: 173px blob unboxed,delete
cap_000890,614,-1.0000,MISS: 172px blob unboxed,approve
cap_000891,614,-1.0000,MISS: 179px blob unboxed,delete
cap_000892,615,-1.0000,MISS: 173px blob unboxed,approve
cap_000893,615,-1.0000,MISS: 173px blob unboxed,delete
cap_000894,615,-1.0000,MISS: 172px blob unboxed,delete
cap_000895,616,-1.0000,MISS: 175px blob unboxed,approve
cap_000896,617,-1.0000,MISS: 177px blob unboxed,approve
cap_000897,617,-1.0000,MISS: 182px blob unboxed,delete
cap_000898,617,-1.0000,MISS: 182px blob unboxed,delete
cap_000899,618,-1.0000,MISS: 183px blob unboxed,approve
cap_000900,618,-1.0000,MISS: 182px blob unboxed,delete
cap_000901,618,-1.0000,MISS: 184px blob unboxed,delete
cap_000902,619,-1.0000,MISS: 177px blob unboxed,approve
cap_000903,619,-1.0000,MISS: 177px blob unboxed,delete
cap_000904,619,-1.0000,MISS: 179px blob unboxed,delete
cap_000905,620,-1.0000,MISS: 178px blob unboxed,approve
cap_000906,620,-1.0000,MISS: 182px blob unboxed,delete
cap_000907,621,-1.0000,MISS: 186px blob unboxed,approve
cap_000908,622,-1.0000,MISS: 184px blob unboxed,approve
cap_000909,622,-1.0000,MISS: 178px blob unboxed,delete
cap_000910,623,-1.0000,MISS: 183px blob unboxed,approve
cap_000911,623,-1.0000,MISS: 184px blob unboxed,approve
cap_000912,623,-1.0000,MISS: 186px blob unboxed,approve
cap_000913,624,-1.0000,MISS: 188px blob unboxed,approve
cap_000914,625,-1.0000,MISS: 186px blob unboxed,approve
cap_000915,625,-1.0000,MISS: 182px blob unboxed,approve
cap_000916,626,-1.0000,MISS: 178px blob unboxed,approve
cap_000917,626,-1.0000,MISS: 179px blob unboxed,delete
cap_000918,626,-1.0000,MISS: 187px blob unboxed,delete
cap_000919,626,-1.0000,MISS: 183px blob unboxed,approve
cap_000920,627,-1.0000,MISS: 184px blob unboxed,approve
cap_000921,628,-1.0000,MISS: 185px blob unboxed,approve
cap_000922,628,-1.0000,MISS: 185px blob unboxed,delete
cap_000923,628,-1.0000,MISS: 184px blob unboxed,approve
cap_000924,629,-1.0000,MISS: 183px blob unboxed,approve
cap_000925,629,-1.0000,MISS: 184px blob unboxed,delete
cap_000926,630,-1.0000,MISS: 185px blob unboxed,approve
cap_000927,630,-1.0000,MISS: 187px blob unboxed,approve
cap_000928,631,-1.0000,MISS: 179px blob unboxed,approve
cap_000929,631,-1.0000,MISS: 186px blob unboxed,delete
cap_000930,631,-1.0000,MISS: 182px blob unboxed,delete
cap_000931,631,-1.0000,MISS: 181px blob unboxed,approve
cap_000932,632,-1.0000,MISS: 181px blob unboxed,approve
cap_000933,632,-1.0000,MISS: 179px blob unboxed,approve
cap_000934,632,-1.0000,MISS: 179px blob unboxed,approve
cap_000935,632,-1.0000,MISS: 183px blob unboxed,approve
cap_000936,632,-1.0000,MISS: 185px blob unboxed,approve
cap_000937,633,-1.0000,MISS: 182px blob unboxed,approve
cap_000938,633,-1.0000,MISS: 184px blob unboxed,approve
cap_000939,634,-1.0000,MISS: 188px blob unboxed,approve
cap_000940,635,-1.0000,MISS: 182px blob unboxed,approve
cap_000941,635,-1.0000,MISS: 184px blob unboxed,delete
cap_000942,636,-1.0000,MISS: 185px blob unboxed,approve
cap_000943,637,-1.0000,MISS: 183px blob unboxed,approve
cap_000944,638,-1.0000,MISS: 185px blob unboxed,approve
cap_000945,639,-1.0000,MISS: 183px blob unboxed,approve
cap_000946,640,-1.0000,MISS: 185px blob unboxed,approve
cap_000947,641,-1.0000,MISS: 182px blob unboxed,approve
cap_000948,642,-1.0000,MISS: 188px blob unboxed,approve
cap_000949,643,-1.0000,MISS: 192px blob unboxed,approve
cap_000950,643,-1.0000,MISS: 195px blob unboxed,delete
cap_000951,644,-1.0000,MISS: 195px blob unboxed,approve
cap_000952,644,-1.0000,MISS: 193px blob unboxed,delete
cap_000953,645,-1.0000,MISS: 195px blob unboxed,approve
cap_000954,645,-1.0000,MISS: 197px blob unboxed,delete
cap_000955,645,-1.0000,MISS: 196px blob unboxed,delete
cap_000956,646,-1.0000,MISS: 194px blob unboxed,approve
cap_000957,647,-1.0000,MISS: 287px blob unboxed,approve
cap_000958,648,-1.0000,MISS: 292px blob unboxed,approve
cap_000959,648,-1.0000,MISS: 290px blob unboxed,approve
cap_000960,649,-1.0000,MISS: 293px blob unboxed,approve
cap_000961,650,-1.0000,MISS: 293px blob unboxed,delete
cap_000962,650,-1.0000,MISS: 293px blob unboxed,delete
cap_000963,651,-1.0000,MISS: 292px blob unboxed,approve
cap_000964,652,-1.0000,MISS: 300px blob unboxed,approve
cap_000965,652,-1.0000,MISS: 298px blob unboxed,approve
cap_000966,653,-1.0000,MISS: 295px blob unboxed,approve
cap_000967,653,-1.0000,MISS: 298px blob unboxed,approve
cap_000968,653,-1.0000,MISS: 296px blob unboxed,approve
cap_000969,654,-1.0000,MISS: 292px blob unboxed,approve
cap_000970,654,-1.0000,MISS: 291px blob unboxed,approve
cap_000971,654,-1.0000,MISS: 291px blob unboxed,approve
cap_000972,654,-1.0000,MISS: 291px blob unboxed,approve
cap_000973,655,-1.0000,MISS: 289px blob unboxed,approve
cap_000974,656,-1.0000,MISS: 295px blob unboxed,approve
cap_000975,657,-1.0000,MISS: 297px blob unboxed,approve
cap_000976,658,-1.0000,MISS: 294px blob unboxed,approve
cap_000977,659,-1.0000,MISS: 292px blob unboxed,approve
cap_000978,660,-1.0000,MISS: 294px blob unboxed,approve
cap_000979,660,-1.0000,MISS: 298px blob unboxed,approve
cap_000980,661,-1.0000,MISS: 291px blob unboxed,approve
cap_000981,661,-1.0000,MISS: 288px blob unboxed,delete
cap_000982,662,-1.0000,MISS: 292px blob unboxed,approve
cap_000983,663,-1.0000,MISS: 291px blob unboxed,approve
cap_000984,664,-1.0000,MISS: 297px blob unboxed,approve
cap_000985,665,-1.0000,MISS: 298px blob unboxed,approve
cap_000986,666,-1.0000,MISS: 289px blob unboxed,approve
cap_000987,666,-1.0000,MISS: 296px blob unboxed,delete
cap_000988,667,-1.0000,MISS: 291px blob unboxed,approve
cap_000989,668,-1.0000,MISS: 287px blob unboxed,approve
cap_000990,669,-1.0000,MISS: 288px blob unboxed,approve
cap_000991,669,-1.0000,MISS: 288px blob unboxed,approve
cap_000992,670,-1.0000,MISS: 289px blob unboxed,delete
cap_000993,671,-1.0000,MISS: 288px blob unboxed,approve
cap_000994,672,-1.0000,MISS: 288px blob unboxed,approve
cap_000995,673,-1.0000,MISS: 297px blob unboxed,approve
cap_000996,674,-1.0000,MISS: 297px blob unboxed,approve
cap_000997,675,-1.0000,MISS: 289px blob unboxed,approve
cap_000998,675,-1.0000,MISS: 289px blob unboxed,delete
cap_000999,676,-1.0000,MISS: 297px blob unboxed,approve
cap_001000,676,-1.0000,MISS: 296px blob unboxed,delete
cap_001001,677,-1.0000,MISS: 292px blob unboxed,approve
cap_001002,677,-1.0000,MISS: 291px blob unboxed,delete
cap_001003,678,-1.0000,MISS: 301px blob unboxed,approve
cap_001004,678,-1.0000,MISS: 294px blob unboxed,delete
cap_001005,679,-1.0000,MISS: 294px blob unboxed,approve
cap_001006,679,-1.0000,MISS: 292px blob unboxed,delete
cap_001007,680,-1.0000,MISS: 295px blob unboxed,approve
cap_001008,681,-1.0000,MISS: 295px blob unboxed,approve
cap_001009,681,-1.0000,MISS: 290px blob unboxed,delete
cap_001010,682,-1.0000,MISS: 295px blob unboxed,approve
cap_001011,682,-1.0000,MISS: 295px blob unboxed,delete
cap_001012,682,-1.0000,MISS: 296px blob unboxed,delete
cap_001013,682,-1.0000,MISS: 292px blob unboxed,delete
cap_001014,682,-1.0000,MISS: 294px blob unboxed,delete
cap_001015,683,-1.0000,MISS: 296px blob unboxed,approve
cap_001016,683,-1.0000,MISS: 295px blob unboxed,delete
cap_001017,684,-1.0000,MISS: 294px blob unboxed,approve
cap_001018,685,-1.0000,MISS: 297px blob unboxed,approve
cap_001019,686,-1.0000,MISS: 297px blob unboxed,approve
cap_001020,687,-1.0000,MISS: 297px blob unboxed,approve
cap_001021,688,-1.0000,MISS: 298px blob unboxed,approve
cap_001022,689,-1.0000,MISS: 296px blob unboxed,approve
cap_001023,689,-1.0000,MISS: 294px blob unboxed,delete
cap_001024,690,-1.0000,MISS: 294px blob unboxed,approve
cap_001025,690,-1.0000,MISS: 294px blob unboxed,delete
cap_001026,690,-1.0000,MISS: 297px blob unboxed,delete
cap_001027,691,-1.0000,MISS: 294px blob unboxed,delete
cap_001028,691,-1.0000,MISS: 294px blob unboxed,delete
cap_001029,691,-1.0000,MISS: 294px blob unboxed,delete
cap_001030,692,-1.0000,MISS: 298px blob unboxed,delete
cap_001031,692,-1.0000,MISS: 298px blob unboxed,delete
cap_001032,692,-1.0000,MISS: 298px blob unboxed,delete
cap_001033,693,-1.0000,MISS: 295px blob unboxed,delete
cap_001034,694,-1.0000,MISS: 297px blob unboxed,approve
cap_001035,694,-1.0000,MISS: 297px blob unboxed,delete
cap_001036,694,-1.0000,MISS: 297px blob unboxed,delete
cap_001037,694,-1.0000,MISS: 297px blob unboxed,delete
cap_001038,694,-1.0000,MISS: 296px blob unboxed,delete
cap_001039,695,-1.0000,MISS: 296px blob unboxed,approve
cap_001040,695,-1.0000,MISS: 292px blob unboxed,delete
cap_001041,696,-1.0000,MISS: 292px blob unboxed,approve
cap_001042,696,-1.0000,MISS: 291px blob unboxed,approve
cap_001043,697,-1.0000,MISS: 291px blob unboxed,approve
cap_001044,697,-1.0000,MISS: 291px blob unboxed,approve
cap_001045,697,-1.0000,MISS: 292px blob unboxed,approve
cap_001046,697,-1.0000,MISS: 292px blob unboxed,delete
cap_001047,698,-1.0000,MISS: 292px blob unboxed,approve
cap_001048,698,-1.0000,MISS: 291px blob unboxed,delete
cap_001049,698,-1.0000,MISS: 292px blob unboxed,delete
cap_001050,699,-1.0000,MISS: 292px blob unboxed,approve
cap_001051,699,-1.0000,MISS: 293px blob unboxed,delete
cap_001052,699,-1.0000,MISS: 293px blob unboxed,delete
cap_001053,699,-1.0000,MISS: 293px blob unboxed,delete
cap_001054,699,-1.0000,MISS: 296px blob unboxed,delete
cap_001055,700,-1.0000,MISS: 296px blob unboxed,approve
cap_001056,700,-1.0000,MISS: 296px blob unboxed,delete
cap_001057,700,-1.0000,MISS: 295px blob unboxed,delete
cap_001058,700,-1.0000,MISS: 292px blob unboxed,approve
cap_001059,701,-1.0000,MISS: 289px blob unboxed,approve
cap_001060,701,-1.0000,MISS: 289px blob unboxed,delete
cap_001061,701,-1.0000,MISS: 290px blob unboxed,delete
cap_001062,702,-1.0000,MISS: 290px blob unboxed,approve
cap_001063,703,-1.0000,MISS: 287px blob unboxed,approve
cap_001064,703,-1.0000,MISS: 292px blob unboxed,delete
cap_001065,704,-1.0000,MISS: 291px blob unboxed,approve
cap_001066,704,-1.0000,MISS: 291px blob unboxed,approve
cap_001067,705,-1.0000,MISS: 290px blob unboxed,approve
cap_001068,705,-1.0000,MISS: 295px blob unboxed,delete
cap_001069,706,-1.0000,MISS: 296px blob unboxed,approve
cap_001070,706,-1.0000,MISS: 298px blob unboxed,delete
cap_001071,707,-1.0000,MISS: 297px blob unboxed,approve
cap_001072,707,-1.0000,MISS: 296px blob unboxed,delete
cap_001073,707,-1.0000,MISS: 292px blob unboxed,delete
cap_001074,707,-1.0000,MISS: 291px blob unboxed,delete
cap_001075,708,-1.0000,MISS: 292px blob unboxed,approve
cap_001076,708,-1.0000,MISS: 294px blob unboxed,delete
cap_001077,709,-1.0000,MISS: 295px blob unboxed,approve
cap_001078,709,-1.0000,MISS: 296px blob unboxed,delete
cap_001079,710,-1.0000,MISS: 293px blob unboxed,approve
cap_001080,710,-1.0000,MISS: 291px blob unboxed,delete
cap_001081,711,-1.0000,MISS: 293px blob unboxed,approve
cap_001082,711,-1.0000,MISS: 292px blob unboxed,delete
cap_001083,712,-1.0000,MISS: 295px blob unboxed,approve
cap_001084,713,-1.0000,MISS: 295px blob unboxed,approve
cap_001085,713,-1.0000,MISS: 295px blob unboxed,delete
cap_001086,714,-1.0000,MISS: 295px blob unboxed,delete
cap_001087,714,-1.0000,MISS: 296px blob unboxed,delete
cap_001088,715,-1.0000,MISS: 297px blob unboxed,delete
cap_001089,715,-1.0000,MISS: 294px blob unboxed,delete
cap_001090,715,-1.0000,MISS: 295px blob unboxed,delete
cap_001091,715,-1.0000,MISS: 294px blob unboxed,delete
cap_001092,715,-1.0000,MISS: 294px blob unboxed,delete
cap_001093,716,-1.0000,MISS: 294px blob unboxed,approve
cap_001094,716,-1.0000,MISS: 295px blob unboxed,delete
cap_001095,717,-1.0000,MISS: 295px blob unboxed,approve
cap_001096,717,-1.0000,MISS: 298px blob unboxed,delete
cap_001097,718,-1.0000,MISS: 297px blob unboxed,approve
cap_001098,718,-1.0000,MISS: 297px blob unboxed,delete
cap_001099,718,-1.0000,MISS: 299px blob unboxed,delete
cap_001100,719,-1.0000,MISS: 298px blob unboxed,approve
cap_001101,719,-1.0000,MISS: 298px blob unboxed,delete
cap_001102,720,-1.0000,MISS: 299px blob unboxed,approve
cap_001103,720,-1.0000,MISS: 296px blob unboxed,delete
cap_001104,720,-1.0000,MISS: 295px blob unboxed,delete
cap_001105,720,-1.0000,MISS: 294px blob unboxed,delete
cap_001106,720,-1.0000,MISS: 303px blob unboxed,delete
cap_001107,721,-1.0000,MISS: 295px blob unboxed,approve
cap_001108,721,-1.0000,MISS: 295px blob unboxed,delete
cap_001109,721,-1.0000,MISS: 295px blob unboxed,delete
cap_001110,721,-1.0000,MISS: 295px blob unboxed,delete
cap_001111,722,-1.0000,MISS: 298px blob unboxed,approve
cap_001112,722,-1.0000,MISS: 298px blob unboxed,delete
cap_001113,723,-1.0000,MISS: 296px blob unboxed,approve
cap_001114,723,-1.0000,MISS: 296px blob unboxed,delete
cap_001115,723,-1.0000,MISS: 293px blob unboxed,delete
cap_001116,723,-1.0000,MISS: 297px blob unboxed,delete
cap_001117,724,-1.0000,MISS: 297px blob unboxed,approve
cap_001118,724,-1.0000,MISS: 292px blob unboxed,delete
cap_001119,725,-1.0000,MISS: 291px blob unboxed,approve
cap_001120,725,-1.0000,MISS: 292px blob unboxed,delete
cap_001121,726,-1.0000,MISS: 295px blob unboxed,approve
cap_001122,726,-1.0000,MISS: 295px blob unboxed,delete
cap_001123,727,-1.0000,MISS: 293px blob unboxed,approve
cap_001124,727,-1.0000,MISS: 293px blob unboxed,delete
cap_001125,728,-1.0000,MISS: 290px blob unboxed,approve
cap_001126,728,-1.0000,MISS: 294px blob unboxed,delete
cap_001127,728,-1.0000,MISS: 297px blob unboxed,delete
cap_001128,728,-1.0000,MISS: 287px blob unboxed,delete
cap_001129,728,-1.0000,MISS: 295px blob unboxed,delete
cap_001130,729,-1.0000,MISS: 291px blob unboxed,approve
cap_001131,729,-1.0000,MISS: 290px blob unboxed,delete
cap_001132,729,-1.0000,MISS: 290px blob unboxed,delete
cap_001133,730,-1.0000,MISS: 288px blob unboxed,approve
cap_001134,730,-1.0000,MISS: 289px blob unboxed,delete
cap_001135,730,-1.0000,MISS: 290px blob unboxed,delete
cap_001136,731,-1.0000,MISS: 289px blob unboxed,approve
cap_001137,731,-1.0000,MISS: 290px blob unboxed,delete
cap_001138,732,-1.0000,MISS: 288px blob unboxed,approve
cap_001139,732,-1.0000,MISS: 289px blob unboxed,delete
cap_001140,732,-1.0000,MISS: 293px blob unboxed,delete
cap_001141,733,-1.0000,MISS: 293px blob unboxed,approve
cap_001142,733,-1.0000,MISS: 293px blob unboxed,delete
cap_001143,733,-1.0000,MISS: 293px blob unboxed,delete
cap_001144,734,-1.0000,MISS: 293px blob unboxed,approve
cap_001145,734,-1.0000,MISS: 293px blob unboxed,delete
cap_001146,735,-1.0000,MISS: 289px blob unboxed,approve
cap_001147,735,-1.0000,MISS: 288px blob unboxed,delete
cap_001148,736,-1.0000,MISS: 290px blob unboxed,approve
cap_001149,737,-1.0000,MISS: 290px blob unboxed,approve
cap_001150,737,-1.0000,MISS: 290px blob unboxed,delete
cap_001151,737,-1.0000,MISS: 290px blob unboxed,delete
cap_001152,737,-1.0000,MISS: 290px blob unboxed,delete
cap_001153,738,-1.0000,MISS: 289px blob unboxed,approve
cap_001154,738,-1.0000,MISS: 289px blob unboxed,delete
cap_001155,739,-1.0000,MISS: 288px blob unboxed,approve
cap_001156,739,-1.0000,MISS: 293px blob unboxed,delete
cap_001157,740,-1.0000,MISS: 289px blob unboxed,approve
cap_001158,740,-1.0000,MISS: 289px blob unboxed,delete
cap_001159,740,-1.0000,MISS: 288px blob unboxed,delete
cap_001160,741,-1.0000,MISS: 290px blob unboxed,approve
cap_001161,741,-1.0000,MISS: 289px blob unboxed,delete
cap_001162,742,-1.0000,MISS: 288px blob unboxed,approve
cap_001163,743,-1.0000,MISS: 289px blob unboxed,approve
cap_001164,744,-1.0000,MISS: 289px blob unboxed,approve
cap_001165,745,-1.0000,MISS: 291px blob unboxed,approve
cap_001166,746,-1.0000,MISS: 292px blob unboxed,approve
cap_001167,747,-1.0000,MISS: 291px blob unboxed,approve
cap_001168,748,-1.0000,MISS: 293px blob unboxed,approve
cap_001169,749,-1.0000,MISS: 294px blob unboxed,approve
cap_001170,749,-1.0000,MISS: 294px blob unboxed,delete
cap_001171,750,-1.0000,MISS: 293px blob unboxed,approve
cap_001172,751,-1.0000,MISS: 288px blob unboxed,approve
cap_001173,752,-1.0000,MISS: 289px blob unboxed,approve
cap_001174,753,-1.0000,MISS: 285px blob unboxed,approve
cap_001175,754,-1.0000,MISS: 290px blob unboxed,approve
cap_001176,755,-1.0000,MISS: 290px blob unboxed,approve
cap_001177,756,-1.0000,MISS: 288px blob unboxed,approve
cap_001178,757,-1.0000,MISS: 289px blob unboxed,approve
cap_001179,758,-1.0000,MISS: 289px blob unboxed,delete
cap_001180,759,-1.0000,MISS: 289px blob unboxed,approve
cap_001181,760,-1.0000,MISS: 288px blob unboxed,approve
cap_001182,761,-1.0000,MISS: 288px blob unboxed,approve
cap_001183,762,-1.0000,MISS: 288px blob unboxed,approve
cap_001184,763,-1.0000,MISS: 288px blob unboxed,delete
cap_001185,764,-1.0000,MISS: 288px blob unboxed,delete
cap_001186,765,-1.0000,MISS: 287px blob unboxed,approve
cap_001187,766,-1.0000,MISS: 286px blob unboxed,delete
cap_001188,767,-1.0000,MISS: 284px blob unboxed,approve
cap_001189,767,-1.0000,MISS: 287px blob unboxed,delete
cap_001190,768,-1.0000,MISS: 289px blob unboxed,delete
cap_001191,768,-1.0000,MISS: 289px blob unboxed,delete
cap_001192,769,-1.0000,MISS: 287px blob unboxed,approve
cap_001193,769,-1.0000,MISS: 286px blob unboxed,delete
cap_001194,770,-1.0000,MISS: 286px blob unboxed,delete
cap_001195,771,-1.0000,MISS: 288px blob unboxed,approve
cap_001196,771,-1.0000,MISS: 286px blob unboxed,delete
cap_001197,772,-1.0000,MISS: 285px blob unboxed,delete
cap_001198,772,-1.0000,MISS: 282px blob unboxed,approve
cap_001199,772,-1.0000,MISS: 282px blob unboxed,approve
cap_001200,772,-1.0000,MISS: 281px blob unboxed,delete
cap_001201,772,-1.0000,MISS: 281px blob unboxed,delete
cap_001202,773,-1.0000,MISS: 282px blob unboxed,delete
cap_001203,773,-1.0000,MISS: 285px blob unboxed,delete
cap_001204,774,-1.0000,MISS: 298px blob unboxed,delete
cap_001205,775,-1.0000,MISS: 303px blob unboxed,approve
cap_001206,776,-1.0000,MISS: 312px blob unboxed,approve
cap_001207,777,-1.0000,MISS: 311px blob unboxed,approve
cap_001208,778,-1.0000,MISS: 312px blob unboxed,approve
cap_001209,779,-1.0000,MISS: 312px blob unboxed,approve
cap_001210,780,-1.0000,MISS: 310px blob unboxed,approve
cap_001211,781,-1.0000,MISS: 311px blob unboxed,approve
cap_001212,782,-1.0000,MISS: 308px blob unboxed,approve
cap_001213,783,-1.0000,MISS: 311px blob unboxed,approve
cap_001214,784,-1.0000,MISS: 312px blob unboxed,approve
cap_001215,785,-1.0000,MISS: 312px blob unboxed,approve
cap_001216,786,-1.0000,MISS: 303px blob unboxed,approve
cap_001217,787,-1.0000,MISS: 301px blob unboxed,approve
cap_001218,788,-1.0000,MISS: 303px blob unboxed,approve
cap_001219,789,-1.0000,MISS: 303px blob unboxed,approve
cap_001220,790,-1.0000,MISS: 301px blob unboxed,approve
cap_001221,791,-1.0000,MISS: 303px blob unboxed,approve
cap_001222,792,-1.0000,MISS: 301px blob unboxed,approve
cap_001223,793,-1.0000,MISS: 289px blob unboxed,approve
cap_001224,794,-1.0000,MISS: 286px blob unboxed,approve
cap_001225,795,-1.0000,MISS: 287px blob unboxed,delete
cap_001226,796,-1.0000,MISS: 286px blob unboxed,delete
cap_001227,797,-1.0000,MISS: 283px blob unboxed,delete
cap_001228,798,-1.0000,MISS: 279px blob unboxed,delete
cap_001229,799,-1.0000,MISS: 281px blob unboxed,delete
cap_001230,800,-1.0000,MISS: 286px blob unboxed,approve
cap_001231,801,-1.0000,MISS: 286px blob unboxed,approve
cap_001232,802,-1.0000,MISS: 287px blob unboxed,approve
cap_001233,803,-1.0000,MISS: 289px blob unboxed,approve
cap_001234,804,-1.0000,MISS: 289px blob unboxed,approve
cap_001235,805,-1.0000,MISS: 290px blob unboxed,approve
cap_001236,806,-1.0000,MISS: 294px blob unboxed,approve
cap_001237,807,-1.0000,MISS: 289px blob unboxed,approve
cap_001238,808,-1.0000,MISS: 286px blob unboxed,approve
cap_001239,809,-1.0000,MISS: 279px blob unboxed,approve
cap_001240,810,-1.0000,MISS: 280px blob unboxed,approve
cap_001241,811,-1.0000,MISS: 282px blob unboxed,approve
cap_001242,812,-1.0000,MISS: 294px blob unboxed,approve
cap_001243,813,-1.0000,MISS: 293px blob unboxed,delete
cap_001244,814,-1.0000,MISS: 293px blob unboxed,approve
cap_001245,815,-1.0000,MISS: 294px blob unboxed,approve
cap_001246,816,-1.0000,MISS: 297px blob unboxed,approve
cap_001247,817,-1.0000,MISS: 298px blob unboxed,approve
cap_001248,818,-1.0000,MISS: 295px blob unboxed,approve
cap_001249,819,-1.0000,MISS: 291px blob unboxed,approve
cap_001250,820,-1.0000,MISS: 801px blob unboxed,approve
cap_001251,821,-1.0000,MISS: 799px blob unboxed,approve
cap_001252,822,-1.0000,MISS: 810px blob unboxed,approve
cap_001253,823,-1.0000,MISS: 803px blob unboxed,approve
cap_001254,824,-1.0000,MISS: 825px blob unboxed,delete
cap_001255,825,-1.0000,MISS: 817px blob unboxed,approve
cap_001256,826,-1.0000,MISS: 843px blob unboxed,delete
cap_001257,826,-1.0000,MISS: 870px blob unboxed,delete
cap_001258,827,-1.0000,MISS: 867px blob unboxed,approve
cap_001259,827,-1.0000,MISS: 923px blob unboxed,delete
cap_001260,828,-1.0000,MISS: 919px blob unboxed,delete
cap_001261,828,-1.0000,MISS: 910px blob unboxed,delete
cap_001262,829,-1.0000,MISS: 905px blob unboxed,approve
cap_001263,830,-1.0000,MISS: 937px blob unboxed,approve
cap_001264,831,-1.0000,MISS: 889px blob unboxed,approve
cap_001265,832,-1.0000,MISS: 797px blob unboxed,approve
cap_001266,833,-1.0000,MISS: 649px blob unboxed,delete
cap_001267,834,-1.0000,MISS: 655px blob unboxed,approve
cap_001268,835,-1.0000,MISS: 637px blob unboxed,approve
cap_001269,836,-1.0000,MISS: 450px blob unboxed,approve
cap_001270,837,-1.0000,MISS: 411px blob unboxed,approve
cap_001271,838,-1.0000,MISS: 312px blob unboxed,approve
cap_001272,838,-1.0000,MISS: 304px blob unboxed,delete
cap_001273,839,-1.0000,MISS: 298px blob unboxed,approve
cap_001274,839,-1.0000,MISS: 299px blob unboxed,approve
cap_001275,840,-1.0000,MISS: 299px blob unboxed,approve
cap_001276,840,-1.0000,MISS: 298px blob unboxed,approve
cap_001277,841,-1.0000,MISS: 298px blob unboxed,approve
cap_001278,841,-1.0000,MISS: 298px blob unboxed,approve
cap_001279,841,-1.0000,MISS: 299px blob unboxed,approve
cap_001280,842,-1.0000,MISS: 301px blob unboxed,approve
cap_001281,842,-1.0000,MISS: 302px blob unboxed,delete
cap_001282,842,-1.0000,MISS: 301px blob unboxed,delete
cap_001283,843,-1.0000,MISS: 298px blob unboxed,approve
cap_001284,844,-1.0000,MISS: 304px blob unboxed,approve
cap_001285,844,-1.0000,MISS: 304px blob unboxed,delete
cap_001286,845,-1.0000,MISS: 303px blob unboxed,approve
cap_001287,845,-1.0000,MISS: 303px blob unboxed,delete
cap_001288,845,-1.0000,MISS: 307px blob unboxed,delete
cap_001289,845,-1.0000,MISS: 309px blob unboxed,approve
cap_001290,846,-1.0000,MISS: 306px blob unboxed,approve
cap_001291,846,-1.0000,MISS: 304px blob unboxed,delete
cap_001292,847,-1.0000,MISS: 300px blob unboxed,approve
cap_001293,847,-1.0000,MISS: 299px blob unboxed,delete
cap_001294,848,-1.0000,MISS: 299px blob unboxed,approve
cap_001295,848,-1.0000,MISS: 298px blob unboxed,approve
cap_001296,848,-1.0000,MISS: 298px blob unboxed,approve
cap_001297,849,-1.0000,MISS: 301px blob unboxed,approve
cap_001298,849,-1.0000,MISS: 300px blob unboxed,delete
cap_001299,849,-1.0000,MISS: 302px blob unboxed,delete
cap_001300,850,-1.0000,MISS: 302px blob unboxed,approve
cap_001301,850,-1.0000,MISS: 300px blob unboxed,delete
cap_001302,851,-1.0000,MISS: 303px blob unboxed,approve
cap_001303,851,-1.0000,MISS: 302px blob unboxed,delete
cap_001304,851,-1.0000,MISS: 301px blob unboxed,delete
cap_001305,852,-1.0000,MISS: 300px blob unboxed,approve
cap_001306,852,-1.0000,MISS: 304px blob unboxed,delete
cap_001307,853,-1.0000,MISS: 302px blob unboxed,approve
cap_001308,853,-1.0000,MISS: 304px blob unboxed,approve
cap_001309,853,-1.0000,MISS: 304px blob unboxed,approve
cap_001310,854,-1.0000,MISS: 301px blob unboxed,approve
cap_001311,854,-1.0000,MISS: 305px blob unboxed,delete
cap_001312,855,-1.0000,MISS: 305px blob unboxed,approve
cap_001313,855,-1.0000,MISS: 304px blob unboxed,approve
cap_001314,855,-1.0000,MISS: 300px blob unboxed,delete
cap_001315,855,-1.0000,MISS: 300px blob unboxed,approve
cap_001316,856,-1.0000,MISS: 300px blob unboxed,approve
cap_001317,856,-1.0000,MISS: 304px blob unboxed,delete
cap_001318,856,-1.0000,MISS: 299px blob unboxed,delete
cap_001319,857,-1.0000,MISS: 299px blob unboxed,approve
cap_001320,857,-1.0000,MISS: 299px blob unboxed,delete
cap_001321,857,-1.0000,MISS: 302px blob unboxed,delete
cap_001322,858,-1.0000,MISS: 301px blob unboxed,approve
cap_001323,858,-1.0000,MISS: 299px blob unboxed,approve
cap_001324,858,-1.0000,MISS: 301px blob unboxed,delete
cap_001325,858,-1.0000,MISS: 303px blob unboxed,delete
cap_001326,859,-1.0000,MISS: 300px blob unboxed,approve
cap_001327,859,-1.0000,MISS: 303px blob unboxed,delete
cap_001328,859,-1.0000,MISS: 305px blob unboxed,delete
cap_001329,859,-1.0000,MISS: 312px blob unboxed,delete
cap_001330,860,-1.0000,MISS: 308px blob unboxed,approve
cap_001331,860,-1.0000,MISS: 309px blob unboxed,delete
cap_001332,860,-1.0000,MISS: 307px blob unboxed,delete
cap_001333,861,-1.0000,MISS: 308px blob unboxed,approve
cap_001334,861,-1.0000,MISS: 308px blob unboxed,delete
cap_001335,861,-1.0000,MISS: 307px blob unboxed,delete
cap_001336,862,-1.0000,MISS: 312px blob unboxed,approve
cap_001337,862,-1.0000,MISS: 312px blob unboxed,delete
cap_001338,862,-1.0000,MISS: 309px blob unboxed,delete
cap_001339,862,-1.0000,MISS: 310px blob unboxed,delete
cap_001340,863,-1.0000,MISS: 309px blob unboxed,approve
cap_001341,863,-1.0000,MISS: 302px blob unboxed,delete
cap_001342,863,-1.0000,MISS: 302px blob unboxed,delete
cap_001343,864,-1.0000,MISS: 130px blob unboxed,approve
cap_001344,864,-1.0000,MISS: 133px blob unboxed,delete
cap_001345,864,-1.0000,MISS: 141px blob unboxed,delete
cap_001346,865,-1.0000,MISS: 156px blob unboxed,approve
cap_001347,865,-1.0000,MISS: 156px blob unboxed,delete
cap_001348,865,-1.0000,MISS: 174px blob unboxed,delete
cap_001349,865,-1.0000,MISS: 176px blob unboxed,delete
cap_001350,866,-1.0000,MISS: 177px blob unboxed,approve
cap_001351,866,-1.0000,MISS: 186px blob unboxed,delete
cap_001352,867,-1.0000,MISS: 203px blob unboxed,approve
cap_001353,867,-1.0000,MISS: 218px blob unboxed,delete
cap_001354,867,-1.0000,MISS: 224px blob unboxed,delete
cap_001355,868,-1.0000,MISS: 225px blob unboxed,delete
cap_001356,868,-1.0000,MISS: 233px blob unboxed,delete
cap_001357,868,-1.0000,MISS: 246px blob unboxed,delete
cap_001358,869,-1.0000,MISS: 304px blob unboxed,approve
cap_001359,869,-1.0000,MISS: 304px blob unboxed,delete
cap_001360,870,-1.0000,MISS: 304px blob unboxed,approve
cap_001361,870,-1.0000,MISS: 298px blob unboxed,delete
cap_001362,870,-1.0000,MISS: 297px blob unboxed,delete
cap_001363,871,-1.0000,MISS: 302px blob unboxed,approve
cap_001364,871,-1.0000,MISS: 300px blob unboxed,delete
cap_001365,872,-1.0000,MISS: 304px blob unboxed,approve
cap_001366,872,-1.0000,MISS: 300px blob unboxed,delete
cap_001367,873,-1.0000,MISS: 301px blob unboxed,approve
cap_001368,874,-1.0000,MISS: 302px blob unboxed,approve
cap_001369,875,-1.0000,MISS: 301px blob unboxed,approve
cap_001370,876,-1.0000,MISS: 301px blob unboxed,approve
cap_001371,877,-1.0000,MISS: 299px blob unboxed,approve
cap_001372,878,-1.0000,MISS: 300px blob unboxed,approve
cap_001373,879,-1.0000,MISS: 299px blob unboxed,approve
cap_001374,880,-1.0000,MISS: 299px blob unboxed,approve
cap_001375,881,-1.0000,MISS: 300px blob unboxed,approve
cap_001376,882,-1.0000,MISS: 299px blob unboxed,approve
cap_001377,883,-1.0000,MISS: 300px blob unboxed,approve
cap_001378,884,-1.0000,MISS: 300px blob unboxed,delete
cap_001379,885,-1.0000,MISS: 299px blob unboxed,approve
cap_001380,886,-1.0000,MISS: 300px blob unboxed,approve
cap_001381,887,-1.0000,MISS: 300px blob unboxed,approve
cap_001382,888,-1.0000,MISS: 300px blob unboxed,approve
cap_001383,889,-1.0000,MISS: 296px blob unboxed,approve
cap_001384,890,-1.0000,MISS: 292px blob unboxed,approve
cap_001385,891,-1.0000,MISS: 296px blob unboxed,approve
cap_001386,892,-1.0000,MISS: 299px blob unboxed,approve
cap_001387,893,-1.0000,MISS: 300px blob unboxed,approve
cap_001388,894,-1.0000,MISS: 303px blob unboxed,approve
cap_001389,895,-1.0000,MISS: 301px blob unboxed,approve
cap_001390,896,-1.0000,MISS: 298px blob unboxed,approve
cap_001391,897,-1.0000,MISS: 301px blob unboxed,approve
cap_001392,898,-1.0000,MISS: 301px blob unboxed,approve
cap_001393,899,-1.0000,MISS: 303px blob unboxed,approve
cap_001394,900,-1.0000,MISS: 301px blob unboxed,approve
cap_001395,901,-1.0000,MISS: 301px blob unboxed,approve
cap_001396,902,-1.0000,MISS: 299px blob unboxed,approve
cap_001397,903,-1.0000,MISS: 297px blob unboxed,approve
cap_001398,904,-1.0000,MISS: 298px blob unboxed,approve
cap_001399,905,-1.0000,MISS: 305px blob unboxed,approve
cap_001400,906,-1.0000,MISS: 303px blob unboxed,approve
cap_001401,907,-1.0000,MISS: 300px blob unboxed,delete
cap_001402,908,-1.0000,MISS: 296px blob unboxed,delete
cap_001403,909,-1.0000,MISS: 294px blob unboxed,delete
cap_001404,910,-1.0000,MISS: 295px blob unboxed,delete
cap_001405,910,-1.0000,MISS: 295px blob unboxed,delete
cap_001406,911,-1.0000,MISS: 295px blob unboxed,delete
cap_001407,911,-1.0000,MISS: 300px blob unboxed,delete
cap_001408,911,-1.0000,MISS: 300px blob unboxed,delete
cap_001409,911,-1.0000,MISS: 302px blob unboxed,delete
cap_001410,911,-1.0000,MISS: 302px blob unboxed,delete
cap_001411,912,-1.0000,MISS: 299px blob unboxed,delete
cap_001412,912,-1.0000,MISS: 299px blob unboxed,delete
cap_001413,912,-1.0000,MISS: 299px blob unboxed,delete
cap_001414,913,-1.0000,MISS: 301px blob unboxed,approve
cap_001415,913,-1.0000,MISS: 301px blob unboxed,delete
cap_001416,914,-1.0000,MISS: 301px blob unboxed,approve
cap_001417,914,-1.0000,MISS: 301px blob unboxed,delete
cap_001418,915,-1.0000,MISS: 305px blob unboxed,approve
cap_001419,915,-1.0000,MISS: 305px blob unboxed,delete
cap_001420,916,-1.0000,MISS: 305px blob unboxed,approve
cap_001421,917,-1.0000,MISS: 303px blob unboxed,approve
cap_001422,918,-1.0000,MISS: 303px blob unboxed,approve
cap_001423,919,-1.0000,MISS: 302px blob unboxed,approve
cap_001424,920,-1.0000,MISS: 301px blob unboxed,approve
cap_001425,921,-1.0000,MISS: 299px blob unboxed,approve
cap_001426,922,-1.0000,MISS: 301px blob unboxed,approve
cap_001427,923,-1.0000,MISS: 301px blob unboxed,approve
cap_001428,924,-1.0000,MISS: 301px blob unboxed,approve
cap_001429,925,-1.0000,MISS: 303px blob unboxed,approve
cap_001430,926,-1.0000,MISS: 302px blob unboxed,approve
cap_001431,927,-1.0000,MISS: 304px blob unboxed,approve
cap_001432,928,-1.0000,MISS: 303px blob unboxed,approve
cap_001433,929,-1.0000,MISS: 298px blob unboxed,delete
cap_001434,930,-1.0000,MISS: 298px blob unboxed,delete
cap_001435,931,-1.0000,MISS: 291px blob unboxed,approve
cap_001436,932,-1.0000,MISS: 288px blob unboxed,delete
cap_001437,933,-1.0000,MISS: 279px blob unboxed,delete
cap_001438,934,-1.0000,MISS: 278px blob unboxed,approve
cap_001439,935,-1.0000,MISS: 280px blob unboxed,approve
cap_001440,936,-1.0000,MISS: 278px blob unboxed,delete
cap_001441,937,-1.0000,MISS: 278px blob unboxed,delete
cap_001442,938,-1.0000,MISS: 281px blob unboxed,delete
cap_001443,939,-1.0000,MISS: 281px blob unboxed,delete
cap_001444,940,-1.0000,MISS: 280px blob unboxed,delete
cap_001445,941,-1.0000,MISS: 280px blob unboxed,delete
cap_001446,942,-1.0000,MISS: 281px blob unboxed,approve
cap_001447,943,-1.0000,MISS: 282px blob unboxed,delete
cap_001448,944,-1.0000,MISS: 282px blob unboxed,delete
cap_001449,945,-1.0000,MISS: 279px blob unboxed,delete
cap_001450,946,-1.0000,MISS: 277px blob unboxed,delete
cap_001451,947,-1.0000,MISS: 279px blob unboxed,delete
cap_001452,948,-1.0000,MISS: 279px blob unboxed,delete
cap_001453,949,-1.0000,MISS: 277px blob unboxed,delete
cap_001454,950,-1.0000,MISS: 275px blob unboxed,delete
cap_001455,951,-1.0000,MISS: 277px blob unboxed,approve
cap_001456,951,-1.0000,MISS: 279px blob unboxed,delete
cap_001457,952,-1.0000,MISS: 279px blob unboxed,delete
cap_001458,953,-1.0000,MISS: 282px blob unboxed,delete
cap_001459,954,-1.0000,MISS: 281px blob unboxed,delete
cap_001460,955,-1.0000,MISS: 276px blob unboxed,approve
cap_001461,955,-1.0000,MISS: 280px blob unboxed,delete
cap_001462,955,-1.0000,MISS: 284px blob unboxed,delete
cap_001463,956,-1.0000,MISS: 282px blob unboxed,approve
cap_001464,956,-1.0000,MISS: 278px blob unboxed,delete
cap_001465,957,-1.0000,MISS: 277px blob unboxed,approve
cap_001466,958,-1.0000,MISS: 278px blob unboxed,delete
cap_001467,959,-1.0000,MISS: 272px blob unboxed,approve
cap_001468,960,-1.0000,MISS: 277px blob unboxed,delete
cap_001469,961,-1.0000,MISS: 278px blob unboxed,approve
cap_001470,961,-1.0000,MISS: 278px blob unboxed,delete
cap_001471,962,-1.0000,MISS: 279px blob unboxed,delete
cap_001472,963,-1.0000,MISS: 279px blob unboxed,delete
cap_001473,964,-1.0000,MISS: 279px blob unboxed,delete
cap_001474,965,-1.0000,MISS: 278px blob unboxed,approve
cap_001475,966,-1.0000,MISS: 275px blob unboxed,delete
cap_001476,967,-1.0000,MISS: 278px blob unboxed,delete
cap_001477,968,-1.0000,MISS: 276px blob unboxed,delete
cap_001478,969,-1.0000,MISS: 276px blob unboxed,approve
cap_001479,970,-1.0000,MISS: 278px blob unboxed,delete
cap_001480,971,-1.0000,MISS: 277px blob unboxed,delete
cap_001481,972,-1.0000,MISS: 278px blob unboxed,approve
cap_001482,973,-1.0000,MISS: 278px blob unboxed,approve
cap_001483,974,-1.0000,MISS: 278px blob unboxed,approve
cap_001484,975,-1.0000,MISS: 278px blob unboxed,approve
cap_001485,976,-1.0000,MISS: 277px blob unboxed,approve
cap_001486,977,-1.0000,MISS: 277px blob unboxed,approve
cap_001487,978,-1.0000,MISS: 277px blob unboxed,approve
cap_001488,979,-1.0000,MISS: 279px blob unboxed,delete
cap_001489,980,-1.0000,MISS: 277px blob unboxed,delete
cap_001490,981,-1.0000,MISS: 279px blob unboxed,approve
cap_001491,982,-1.0000,MISS: 280px blob unboxed,approve
cap_001492,983,-1.0000,MISS: 280px blob unboxed,approve
cap_001493,984,-1.0000,MISS: 280px blob unboxed,approve
cap_001494,985,-1.0000,MISS: 280px blob unboxed,approve
cap_001495,986,-1.0000,MISS: 280px blob unboxed,approve
cap_001496,987,-1.0000,MISS: 280px blob unboxed,approve
cap_001497,988,-1.0000,MISS: 277px blob unboxed,approve
cap_001498,989,-1.0000,MISS: 279px blob unboxed,approve
cap_001499,989,-1.0000,MISS: 277px blob unboxed,delete
cap_001500,990,-1.0000,MISS: 274px blob unboxed,approve
cap_001501,991,-1.0000,MISS: 276px blob unboxed,approve
cap_001502,992,-1.0000,MISS: 274px blob unboxed,approve
cap_001503,993,-1.0000,MISS: 275px blob unboxed,approve
cap_001504,994,-1.0000,MISS: 275px blob unboxed,approve
cap_001505,995,-1.0000,MISS: 274px blob unboxed,approve
cap_001506,996,-1.0000,MISS: 274px blob unboxed,approve
cap_001507,997,-1.0000,MISS: 275px blob unboxed,delete
cap_001508,998,-1.0000,MISS: 271px blob unboxed,delete
cap_001509,999,-1.0000,MISS: 275px blob unboxed,approve
cap_001510,1000,-1.0000,MISS: 272px blob unboxed,approve
cap_001511,1001,-1.0000,MISS: 280px blob unboxed,approve
cap_001512,1001,-1.0000,MISS: 279px blob unboxed,delete
cap_001513,1002,-1.0000,MISS: 279px blob unboxed,approve
cap_001514,1002,-1.0000,MISS: 279px blob unboxed,delete
cap_001515,1003,-1.0000,MISS: 279px blob unboxed,approve
cap_001516,1003,-1.0000,MISS: 284px blob unboxed,delete
cap_001517,1003,-1.0000,MISS: 283px blob unboxed,delete
cap_001518,1003,-1.0000,MISS: 283px blob unboxed,delete
cap_001519,1004,-1.0000,MISS: 282px blob unboxed,approve
cap_001520,1004,-1.0000,MISS: 279px blob unboxed,delete
cap_001521,1004,-1.0000,MISS: 282px blob unboxed,delete
cap_001522,1004,-1.0000,MISS: 282px blob unboxed,delete
cap_001523,1004,-1.0000,MISS: 278px blob unboxed,delete
cap_001524,1005,-1.0000,MISS: 277px blob unboxed,approve
cap_001525,1005,-1.0000,MISS: 277px blob unboxed,delete
cap_001526,1005,-1.0000,MISS: 277px blob unboxed,delete
cap_001527,1005,-1.0000,MISS: 276px blob unboxed,delete
cap_001528,1006,-1.0000,MISS: 277px blob unboxed,approve
cap_001529,1006,-1.0000,MISS: 277px blob unboxed,delete
cap_001530,1006,-1.0000,MISS: 275px blob unboxed,delete
cap_001531,1006,-1.0000,MISS: 277px blob unboxed,delete
cap_001532,1006,-1.0000,MISS: 277px blob unboxed,delete
cap_001533,1007,-1.0000,MISS: 276px blob unboxed,approve
cap_001534,1007,-1.0000,MISS: 276px blob unboxed,delete
cap_001535,1008,-1.0000,MISS: 274px blob unboxed,approve
cap_001536,1008,-1.0000,MISS: 274px blob unboxed,delete
cap_001537,1008,-1.0000,MISS: 275px blob unboxed,delete
cap_001538,1008,-1.0000,MISS: 274px blob unboxed,delete
cap_001539,1008,-1.0000,MISS: 273px blob unboxed,delete
cap_001540,1009,-1.0000,MISS: 274px blob unboxed,approve
cap_001541,1009,-1.0000,MISS: 273px blob unboxed,delete
cap_001542,1009,-1.0000,MISS: 274px blob unboxed,delete
cap_001543,1010,-1.0000,MISS: 280px blob unboxed,approve
cap_001544,1010,-1.0000,MISS: 278px blob unboxed,delete
cap_001545,1010,-1.0000,MISS: 278px blob unboxed,delete
cap_001546,1010,-1.0000,MISS: 277px blob unboxed,delete
cap_001547,1010,-1.0000,MISS: 279px blob unboxed,delete
cap_001548,1011,-1.0000,MISS: 278px blob unboxed,approve
cap_001549,1011,-1.0000,MISS: 280px blob unboxed,delete
cap_001550,1011,-1.0000,MISS: 280px blob unboxed,delete
cap_001551,1011,-1.0000,MISS: 280px blob unboxed,delete
cap_001552,1012,-1.0000,MISS: 279px blob unboxed,approve
cap_001553,1012,-1.0000,MISS: 279px blob unboxed,delete
cap_001554,1012,-1.0000,MISS: 276px blob unboxed,delete
cap_001555,1012,-1.0000,MISS: 280px blob unboxed,delete
cap_001556,1013,-1.0000,MISS: 280px blob unboxed,approve
cap_001557,1013,-1.0000,MISS: 280px blob unboxed,delete
cap_001558,1014,-1.0000,MISS: 276px blob unboxed,approve
cap_001559,1014,-1.0000,MISS: 276px blob unboxed,delete
cap_001560,1015,-1.0000,MISS: 278px blob unboxed,approve
cap_001561,1015,-1.0000,MISS: 279px blob unboxed,delete
cap_001562,1016,-1.0000,MISS: 276px blob unboxed,approve
cap_001563,1016,-1.0000,MISS: 275px blob unboxed,delete
cap_001564,1017,-1.0000,MISS: 275px blob unboxed,approve
cap_001565,1018,-1.0000,MISS: 277px blob unboxed,approve
cap_001566,1019,-1.0000,MISS: 276px blob unboxed,approve
cap_001567,1020,-1.0000,MISS: 276px blob unboxed,approve
cap_001568,1021,-1.0000,MISS: 279px blob unboxed,approve
cap_001569,1022,-1.0000,MISS: 277px blob unboxed,approve
cap_001570,1023,-1.0000,MISS: 276px blob unboxed,approve
cap_001571,1024,-1.0000,MISS: 280px blob unboxed,approve
cap_001572,1025,-1.0000,MISS: 277px blob unboxed,approve
cap_001573,1026,-1.0000,MISS: 277px blob unboxed,approve
cap_001574,1027,-1.0000,MISS: 277px blob unboxed,approve
cap_001575,1028,-1.0000,MISS: 278px blob unboxed,approve
cap_001576,1029,-1.0000,MISS: 278px blob unboxed,approve
cap_001577,1029,-1.0000,MISS: 278px blob unboxed,delete
cap_001578,1030,-1.0000,MISS: 278px blob unboxed,approve
cap_001579,1031,-1.0000,MISS: 278px blob unboxed,approve
cap_001580,1032,-1.0000,MISS: 277px blob unboxed,approve
cap_001581,1033,-1.0000,MISS: 277px blob unboxed,approve
cap_001582,1033,-1.0000,MISS: 277px blob unboxed,delete
cap_001583,1034,-1.0000,MISS: 277px blob unboxed,approve
cap_001584,1035,-1.0000,MISS: 282px blob unboxed,approve
cap_001585,1036,-1.0000,MISS: 275px blob unboxed,approve
cap_001586,1037,-1.0000,MISS: 275px blob unboxed,approve
cap_001587,1038,-1.0000,MISS: 275px blob unboxed,approve
cap_001588,1039,-1.0000,MISS: 278px blob unboxed,approve
cap_001589,1040,-1.0000,MISS: 274px blob unboxed,approve
cap_001590,1041,-1.0000,MISS: 274px blob unboxed,approve
cap_001591,1042,-1.0000,MISS: 276px blob unboxed,approve
cap_001592,1043,-1.0000,MISS: 277px blob unboxed,delete
cap_001593,1043,-1.0000,MISS: 277px blob unboxed,delete
cap_001594,1044,-1.0000,MISS: 277px blob unboxed,delete
cap_001595,1044,-1.0000,MISS: 277px blob unboxed,delete
cap_001596,1045,-1.0000,MISS: 273px blob unboxed,delete
cap_001597,1046,-1.0000,MISS: 273px blob unboxed,approve
cap_001598,1046,-1.0000,MISS: 276px blob unboxed,delete
cap_001599,1047,-1.0000,MISS: 274px blob unboxed,approve
cap_001600,1048,-1.0000,MISS: 286px blob unboxed,delete
cap_001601,1049,-1.0000,MISS: 290px blob unboxed,delete
cap_001602,1050,-1.0000,MISS: 281px blob unboxed,delete
cap_001603,1051,-1.0000,MISS: 282px blob unboxed,delete
cap_001604,1052,-1.0000,MISS: 291px blob unboxed,approve
cap_001605,1053,-1.0000,MISS: 283px blob unboxed,approve
cap_001606,1054,-1.0000,MISS: 280px blob unboxed,approve
cap_001607,1055,-1.0000,MISS: 274px blob unboxed,approve
cap_001608,1056,-1.0000,MISS: 281px blob unboxed,approve
cap_001609,1057,-1.0000,MISS: 280px blob unboxed,delete
cap_001610,1058,-1.0000,MISS: 277px blob unboxed,delete
cap_001611,1059,-1.0000,MISS: 290px blob unboxed,delete
cap_001612,1060,-1.0000,MISS: 285px blob unboxed,approve
cap_001613,1061,-1.0000,MISS: 278px blob unboxed,delete
cap_001614,1062,-1.0000,MISS: 283px blob unboxed,delete
cap_001615,1063,-1.0000,MISS: 286px blob unboxed,delete
cap_001616,1064,-1.0000,MISS: 284px blob unboxed,approve
cap_001617,1065,-1.0000,MISS: 281px blob unboxed,delete
cap_001618,1066,-1.0000,MISS: 286px blob unboxed,approve
cap_001619,1067,-1.0000,MISS: 285px blob unboxed,delete
cap_001620,1068,-1.0000,MISS: 284px blob unboxed,delete
cap_001621,1069,-1.0000,MISS: 285px blob unboxed,approve
cap_001622,1070,-1.0000,MISS: 285px blob unboxed,approve
cap_001623,1070,-1.0000,MISS: 285px blob unboxed,delete
cap_001624,1071,-1.0000,MISS: 285px blob unboxed,delete
cap_001625,1072,-1.0000,MISS: 279px blob unboxed,delete
cap_001626,1072,-1.0000,MISS: 276px blob unboxed,delete
cap_001627,1073,-1.0000,MISS: 276px blob unboxed,delete
cap_001628,1074,-1.0000,MISS: 275px blob unboxed,delete
cap_001629,1075,-1.0000,MISS: 275px blob unboxed,approve
cap_001630,1076,-1.0000,MISS: 280px blob unboxed,approve
cap_001631,1077,-1.0000,MISS: 274px blob unboxed,approve
cap_001632,1078,-1.0000,MISS: 273px blob unboxed,approve
cap_001633,1078,-1.0000,MISS: 270px blob unboxed,delete
cap_001634,1079,-1.0000,MISS: 273px blob unboxed,delete
cap_001635,1080,-1.0000,MISS: 271px blob unboxed,approve
cap_001636,1081,-1.0000,MISS: 265px blob unboxed,delete
cap_001637,1081,-1.0000,MISS: 269px blob unboxed,delete
cap_001638,1082,-1.0000,MISS: 265px blob unboxed,delete
cap_001639,1082,-1.0000,MISS: 266px blob unboxed,delete
cap_001640,1083,-1.0000,MISS: 266px blob unboxed,approve
cap_001641,1083,-1.0000,MISS: 265px blob unboxed,delete
cap_001642,1084,-1.0000,MISS: 264px blob unboxed,approve
cap_001643,1085,-1.0000,MISS: 267px blob unboxed,delete
cap_001644,1086,-1.0000,MISS: 265px blob unboxed,delete
cap_001645,1087,-1.0000,MISS: 269px blob unboxed,approve
cap_001646,1088,-1.0000,MISS: 263px blob unboxed,approve
cap_001647,1089,-1.0000,MISS: 266px blob unboxed,approve
cap_001648,1090,-1.0000,MISS: 265px blob unboxed,approve
cap_001649,1091,-1.0000,MISS: 269px blob unboxed,approve
cap_001650,1092,-1.0000,MISS: 266px blob unboxed,approve
cap_001651,1092,-1.0000,MISS: 266px blob unboxed,delete
cap_001652,1093,-1.0000,MISS: 267px blob unboxed,approve
cap_001653,1093,-1.0000,MISS: 267px blob unboxed,delete
cap_001654,1094,-1.0000,MISS: 266px blob unboxed,delete
cap_001655,1095,-1.0000,MISS: 262px blob unboxed,approve
cap_001656,1096,-1.0000,MISS: 265px blob unboxed,delete
cap_001657,1097,-1.0000,MISS: 123px blob unboxed,delete
cap_001658,1097,-1.0000,MISS: 264px blob unboxed,delete
cap_001659,1098,-1.0000,MISS: 263px blob unboxed,delete
cap_001660,1099,-1.0000,MISS: 263px blob unboxed,delete
cap_001661,1100,-1.0000,MISS: 265px blob unboxed,approve
cap_001662,1101,-1.0000,MISS: 265px blob unboxed,approve
cap_001663,1102,-1.0000,MISS: 268px blob unboxed,approve
cap_001664,1103,-1.0000,MISS: 260px blob unboxed,approve
cap_001665,1104,-1.0000,MISS: 258px blob unboxed,delete
cap_001666,1105,-1.0000,MISS: 259px blob unboxed,delete
cap_001667,1106,-1.0000,MISS: 259px blob unboxed,approve
cap_001668,1107,-1.0000,MISS: 262px blob unboxed,delete
cap_001669,1107,-1.0000,MISS: 262px blob unboxed,delete
cap_001670,1107,-1.0000,MISS: 264px blob unboxed,delete
cap_001671,1108,-1.0000,MISS: 126px blob unboxed,approve
cap_001672,1108,-1.0000,MISS: 121px blob unboxed,delete
cap_001673,1109,-1.0000,MISS: 255px blob unboxed,approve
cap_001674,1109,-1.0000,MISS: 122px blob unboxed,delete
cap_001675,1110,-1.0000,MISS: 258px blob unboxed,approve
cap_001676,1110,-1.0000,MISS: 127px blob unboxed,delete
cap_001677,1111,-1.0000,MISS: 259px blob unboxed,delete
cap_001678,1112,-1.0000,MISS: 265px blob unboxed,delete
cap_001679,1112,-1.0000,MISS: 263px blob unboxed,delete
cap_001680,1113,-1.0000,MISS: 263px blob unboxed,delete
cap_001681,1113,-1.0000,MISS: 262px blob unboxed,delete
cap_001682,1113,-1.0000,MISS: 264px blob unboxed,delete
cap_001683,1114,-1.0000,MISS: 126px blob unboxed,delete
cap_001684,1114,-1.0000,MISS: 138px blob unboxed,delete
cap_001685,1114,-1.0000,MISS: 132px blob unboxed,delete
cap_001686,1115,-1.0000,MISS: 134px blob unboxed,delete
cap_001687,1115,-1.0000,MISS: 132px blob unboxed,delete
cap_001688,1115,-1.0000,MISS: 127px blob unboxed,delete
cap_001689,1115,-1.0000,MISS: 123px blob unboxed,delete
cap_001690,1116,-1.0000,MISS: 263px blob unboxed,delete
cap_001691,1116,-1.0000,MISS: 260px blob unboxed,delete
cap_001692,1116,-1.0000,MISS: 261px blob unboxed,delete
cap_001693,1116,-1.0000,MISS: 140px blob unboxed,delete
cap_001694,1117,-1.0000,MISS: 141px blob unboxed,delete
cap_001695,1118,-1.0000,MISS: 155px blob unboxed,delete
cap_001696,1119,-1.0000,MISS: 149px blob unboxed,delete
cap_001697,1120,-1.0000,MISS: 146px blob unboxed,delete
cap_001698,1120,-1.0000,MISS: 143px blob unboxed,delete
cap_001699,1121,-1.0000,MISS: 140px blob unboxed,delete
cap_001700,1121,-1.0000,MISS: 153px blob unboxed,delete
cap_001701,1121,-1.0000,MISS: 150px blob unboxed,delete
cap_001702,1122,-1.0000,MISS: 161px blob unboxed,delete
cap_001703,1123,-1.0000,MISS: 147px blob unboxed,delete
cap_001704,1123,-1.0000,MISS: 152px blob unboxed,delete
cap_001705,1123,-1.0000,MISS: 154px blob unboxed,delete
cap_001706,1124,-1.0000,MISS: 151px blob unboxed,delete
cap_001707,1124,-1.0000,MISS: 149px blob unboxed,delete
cap_001708,1124,-1.0000,MISS: 160px blob unboxed,delete
cap_001709,1124,-1.0000,MISS: 151px blob unboxed,delete
cap_001710,1124,-1.0000,MISS: 148px blob unboxed,delete
cap_001711,1125,-1.0000,MISS: 143px blob unboxed,delete
cap_001712,1125,-1.0000,MISS: 144px blob unboxed,delete
cap_001713,1126,-1.0000,MISS: 147px blob unboxed,delete
cap_001714,1126,-1.0000,MISS: 141px blob unboxed,delete
cap_001715,1127,-1.0000,MISS: 150px blob unboxed,delete
cap_001716,1128,-1.0000,MISS: 165px blob unboxed,delete
cap_001717,1129,-1.0000,MISS: 159px blob unboxed,delete
cap_001718,1130,-1.0000,MISS: 169px blob unboxed,delete
cap_001719,1131,-1.0000,MISS: 151px blob unboxed,delete
cap_001720,1132,-1.0000,MISS: 151px blob unboxed,delete
cap_001721,1132,-1.0000,MISS: 148px blob unboxed,delete
cap_001722,1133,-1.0000,MISS: 154px blob unboxed,delete
cap_001723,1133,-1.0000,MISS: 172px blob unboxed,delete
cap_001724,1133,-1.0000,MISS: 164px blob unboxed,delete
cap_001725,1133,-1.0000,MISS: 164px blob unboxed,delete
cap_001726,1133,-1.0000,MISS: 177px blob unboxed,delete
cap_001727,1134,-1.0000,MISS: 170px blob unboxed,delete
cap_001728,1134,-1.0000,MISS: 168px blob unboxed,delete
cap_001729,1134,-1.0000,MISS: 168px blob unboxed,delete
cap_001730,1134,-1.0000,MISS: 151px blob unboxed,delete
cap_001731,1135,-1.0000,MISS: 158px blob unboxed,delete
cap_001732,1135,-1.0000,MISS: 158px blob unboxed,delete
cap_001733,1136,-1.0000,MISS: 161px blob unboxed,delete
cap_001734,1137,-1.0000,MISS: 149px blob unboxed,delete
cap_001735,1138,-1.0000,MISS: 124px blob unboxed,delete
cap_001736,1138,-1.0000,MISS: 124px blob unboxed,delete
cap_001737,1139,-1.0000,MISS: 265px blob unboxed,delete
cap_001738,1140,-1.0000,MISS: 124px blob unboxed,delete
cap_001739,1140,-1.0000,MISS: 151px blob unboxed,delete
cap_001740,1141,-1.0000,MISS: 166px blob unboxed,delete
cap_001741,1141,-1.0000,MISS: 165px blob unboxed,delete
cap_001742,1141,-1.0000,MISS: 138px blob unboxed,delete
cap_001743,1142,-1.0000,MISS: 157px blob unboxed,delete
cap_001744,1142,-1.0000,MISS: 155px blob unboxed,delete
cap_001745,1142,-1.0000,MISS: 150px blob unboxed,delete
cap_001746,1143,-1.0000,MISS: 152px blob unboxed,delete
cap_001747,1143,-1.0000,MISS: 171px blob unboxed,delete
cap_001748,1144,-1.0000,MISS: 150px blob unboxed,delete
cap_001749,1144,-1.0000,MISS: 149px blob unboxed,delete
cap_001750,1144,-1.0000,MISS: 149px blob unboxed,delete
cap_001751,1145,-1.0000,MISS: 148px blob unboxed,delete
cap_001752,1146,-1.0000,MISS: 142px blob unboxed,delete
cap_001753,1147,-1.0000,MISS: 148px blob unboxed,delete
cap_001754,1148,-1.0000,MISS: 163px blob unboxed,delete
cap_001755,1149,-1.0000,MISS: 162px blob unboxed,delete
cap_001756,1149,-1.0000,MISS: 166px blob unboxed,delete
cap_001757,1150,-1.0000,MISS: 162px blob unboxed,delete
cap_001758,1150,-1.0000,MISS: 166px blob unboxed,delete
cap_001759,1151,-1.0000,MISS: 166px blob unboxed,delete
cap_001760,1151,-1.0000,MISS: 168px blob unboxed,delete
cap_001761,1151,-1.0000,MISS: 166px blob unboxed,delete
cap_001762,1152,-1.0000,MISS: 171px blob unboxed,delete
cap_001763,1152,-1.0000,MISS: 161px blob unboxed,delete
cap_001764,1152,-1.0000,MISS: 152px blob unboxed,delete
cap_001765,1153,-1.0000,MISS: 157px blob unboxed,delete
cap_001766,1153,-1.0000,MISS: 162px blob unboxed,delete
cap_001767,1154,-1.0000,MISS: 154px blob unboxed,delete
cap_001768,1154,-1.0000,MISS: 161px blob unboxed,delete
cap_001769,1155,-1.0000,MISS: 147px blob unboxed,delete
cap_001770,1156,-1.0000,MISS: 158px blob unboxed,delete
cap_001771,1157,-1.0000,MISS: 141px blob unboxed,delete
cap_001772,1158,-1.0000,MISS: 143px blob unboxed,delete
cap_001773,1158,-1.0000,MISS: 143px blob unboxed,delete
cap_001774,1159,-1.0000,MISS: 141px blob unboxed,delete
cap_001775,1159,-1.0000,MISS: 260px blob unboxed,delete
cap_001776,1160,-1.0000,MISS: 124px blob unboxed,delete
cap_001777,1160,-1.0000,MISS: 141px blob unboxed,delete
cap_001778,1160,-1.0000,MISS: 140px blob unboxed,delete
cap_001779,1161,-1.0000,MISS: 140px blob unboxed,delete
cap_001780,1161,-1.0000,MISS: 138px blob unboxed,delete
cap_001781,1162,-1.0000,MISS: 258px blob unboxed,delete
cap_001782,1162,-1.0000,MISS: 260px blob unboxed,delete
cap_001783,1163,-1.0000,MISS: 123px blob unboxed,delete
cap_001784,1163,-1.0000,MISS: 121px blob unboxed,delete
cap_001785,1164,-1.0000,MISS: 262px blob unboxed,delete
cap_001786,1165,-1.0000,MISS: 264px blob unboxed,delete
cap_001787,1165,-1.0000,MISS: 127px blob unboxed,delete
cap_001788,1166,-1.0000,MISS: 137px blob unboxed,delete
cap_001789,1166,-1.0000,MISS: 132px blob unboxed,delete
cap_001790,1166,-1.0000,MISS: 142px blob unboxed,delete
cap_001791,1167,-1.0000,MISS: 132px blob unboxed,approve
cap_001792,1167,-1.0000,MISS: 134px blob unboxed,delete
cap_001793,1168,-1.0000,MISS: 147px blob unboxed,delete
cap_001794,1168,-1.0000,MISS: 140px blob unboxed,delete
cap_001795,1168,-1.0000,MISS: 142px blob unboxed,delete
cap_001796,1168,-1.0000,MISS: 162px blob unboxed,delete
cap_001797,1169,-1.0000,MISS: 161px blob unboxed,delete
cap_001798,1169,-1.0000,MISS: 155px blob unboxed,delete
cap_001799,1170,-1.0000,MISS: 153px blob unboxed,delete
cap_001800,1170,-1.0000,MISS: 147px blob unboxed,delete
cap_001801,1171,-1.0000,MISS: 121px blob unboxed,delete
cap_001802,1171,-1.0000,MISS: 263px blob unboxed,delete
cap_001803,1172,-1.0000,MISS: 264px blob unboxed,delete
cap_001804,1173,-1.0000,MISS: 264px blob unboxed,delete
cap_001805,1174,-1.0000,MISS: 261px blob unboxed,delete
cap_001806,1175,-1.0000,MISS: 254px blob unboxed,approve
cap_001807,1176,-1.0000,MISS: 269px blob unboxed,delete
cap_001808,1177,-1.0000,MISS: 274px blob unboxed,delete
cap_001809,1178,-1.0000,MISS: 279px blob unboxed,delete
cap_001810,1179,-1.0000,MISS: 272px blob unboxed,delete
cap_001811,1179,-1.0000,MISS: 122px blob unboxed,delete
cap_001812,1180,-1.0000,MISS: 124px blob unboxed,delete
cap_001813,1181,-1.0000,MISS: 126px blob unboxed,delete
cap_001814,1181,-1.0000,MISS: 127px blob unboxed,delete
cap_001815,1182,-1.0000,MISS: 131px blob unboxed,delete
cap_001816,1183,-1.0000,MISS: 121px blob unboxed,delete
cap_001817,1184,-1.0000,MISS: 268px blob unboxed,delete
cap_001818,1185,-1.0000,MISS: 268px blob unboxed,delete
cap_001819,1186,-1.0000,MISS: 269px blob unboxed,delete
cap_001820,1187,-1.0000,MISS: 120px blob unboxed,delete
cap_001821,1188,-1.0000,MISS: 264px blob unboxed,delete
cap_001822,1189,-1.0000,MISS: 273px blob unboxed,delete
cap_001823,1190,-1.0000,MISS: 129px blob unboxed,delete
cap_001824,1191,-1.0000,MISS: 133px blob unboxed,delete
cap_001825,1191,-1.0000,MISS: 121px blob unboxed,delete
cap_001826,1192,-1.0000,MISS: 270px blob unboxed,delete
cap_001827,1192,-1.0000,MISS: 272px blob unboxed,delete
cap_001828,1193,-1.0000,MISS: 124px blob unboxed,delete
cap_001829,1193,-1.0000,MISS: 274px blob unboxed,delete
cap_001830,1194,-1.0000,MISS: 274px blob unboxed,approve
cap_001831,1194,-1.0000,MISS: 275px blob unboxed,delete
cap_001832,1195,-1.0000,MISS: 264px blob unboxed,approve
cap_001833,1195,-1.0000,MISS: 257px blob unboxed,delete
cap_001834,1196,-1.0000,MISS: 255px blob unboxed,approve
cap_001835,1196,-1.0000,MISS: 256px blob unboxed,delete
cap_001836,1196,-1.0000,MISS: 261px blob unboxed,approve
cap_001837,1197,-1.0000,MISS: 261px blob unboxed,approve
cap_001838,1197,-1.0000,MISS: 131px blob unboxed,delete
cap_001839,1197,-1.0000,MISS: 131px blob unboxed,delete
cap_001840,1198,-1.0000,MISS: 123px blob unboxed,delete
cap_001841,1198,-1.0000,MISS: 128px blob unboxed,delete
cap_001842,1198,-1.0000,MISS: 263px blob unboxed,delete
cap_001843,1198,-1.0000,MISS: 269px blob unboxed,delete
cap_001844,1199,-1.0000,MISS: 269px blob unboxed,delete
cap_001845,1199,-1.0000,MISS: 266px blob unboxed,delete
cap_001846,1199,-1.0000,MISS: 261px blob unboxed,delete
cap_001847,1199,-1.0000,MISS: 130px blob unboxed,delete
cap_001848,1199,-1.0000,MISS: 124px blob unboxed,delete
cap_001849,1200,-1.0000,MISS: 267px blob unboxed,delete
cap_001850,1200,-1.0000,MISS: 121px blob unboxed,delete
cap_001851,1200,-1.0000,MISS: 126px blob unboxed,delete
cap_001852,1200,-1.0000,MISS: 127px blob unboxed,delete
cap_001853,1200,-1.0000,MISS: 130px blob unboxed,delete
