file,timestamp,view,background,threshold,n_det,omega_count,omega_score,flags,note
cap_000000,2026-09-09T13:24:47.408,horizontal,,,0,3,0.8776,YOLO-omega,
cap_000001,2026-09-09T13:24:47.536,horizontal,,,0,3,0.8555,YOLO-omega,
cap_000002,2026-09-09T13:24:47.627,horizontal,,,0,3,0.8525,YOLO-omega,
cap_000003,2026-09-09T13:24:47.756,horizontal,,,0,3,0.8486,YOLO-omega,
cap_000004,2026-09-09T13:24:47.888,horizontal,,,0,3,0.8533,YOLO-omega,
cap_000005,2026-09-09T13:24:47.988,horizontal,,,0,3,0.8533,YOLO-omega,
cap_000006,2026-09-09T13:24:48.116,horizontal,,,0,3,0.8609,YOLO-omega,
cap_000007,2026-09-09T13:24:48.211,horizontal,,,0,3,0.8527,YOLO-omega,
cap_000008,2026-09-09T13:24:48.337,horizontal,,,0,3,0.8522,YOLO-omega,
cap_000009,2026-09-09T13:24:48.430,horizontal,,,0,3,0.8589,YOLO-omega,
cap_000010,2026-09-09T13:24:48.561,horizontal,,,0,3,0.8567,YOLO-omega,
cap_000011,2026-09-09T13:24:48.689,horizontal,,,0,3,0.8642,YOLO-omega,
cap_000012,2026-09-09T13:24:48.783,horizontal,,,0,3,0.8659,YOLO-omega,
cap_000013,2026-09-09T13:24:48.912,horizontal,,,0,3,0.8559,YOLO-omega,
cap_000014,2026-09-09T13:24:49.006,horizontal,,,0,3,0.8604,YOLO-omega,
cap_000015,2026-09-09T13:24:49.132,horizontal,,,0,3,0.8698,YOLO-omega,
cap_000016,2026-09-09T13:24:49.230,horizontal,,,0,3,0.8613,YOLO-omega,
cap_000017,2026-09-09T13:24:49.355,horizontal,,,0,3,0.8559,YOLO-omega,
cap_000018,2026-09-09T13:24:49.453,horizontal,,,0,3,0.8556,YOLO-omega,
cap_000019,2026-09-09T13:24:49.575,horizontal,,,0,3,0.8563,YOLO-omega,
cap_000020,2026-09-09T13:24:49.703,horizontal,,,0,3,0.8608,YOLO-omega,
cap_000021,2026-09-09T13:24:49.806,horizontal,,,0,3,0.8541,YOLO-omega,
cap_000022,2026-09-09T13:24:49.933,horizontal,,,0,3,0.8525,YOLO-omega,
cap_000023,2026-09-09T13:24:50.028,horizontal,,,0,3,0.8554,YOLO-omega,
cap_000024,2026-09-09T13:24:50.160,horizontal,,,0,3,0.8507,YOLO-omega,
cap_000025,2026-09-09T13:24:50.249,horizontal,,,0,3,0.8452,YOLO-omega,
cap_000026,2026-09-09T13:24:50.381,horizontal,,,0,3,0.8426,YOLO-omega,
cap_000027,2026-09-09T13:24:50.506,horizontal,,,0,3,0.8962,YOLO-omega,
cap_000028,2026-09-09T13:24:50.600,horizontal,,,0,3,0.9026,YOLO-omega,
cap_000029,2026-09-09T13:24:50.732,horizontal,,,0,3,0.9047,YOLO-omega,
cap_000030,2026-09-09T13:24:50.829,horizontal,,,0,3,0.8897,YOLO-omega,
cap_000031,2026-09-09T13:24:50.956,horizontal,,,0,3,0.8877,YOLO-omega,
cap_000032,2026-09-09T13:24:51.050,horizontal,,,0,3,0.8990,YOLO-omega,
cap_000033,2026-09-09T13:24:51.177,horizontal,,,0,3,0.8850,YOLO-omega,
cap_000034,2026-09-09T13:24:51.289,horizontal,,,0,3,0.8834,YOLO-omega,
cap_000035,2026-09-09T13:24:51.404,horizontal,,,0,3,0.8725,YOLO-omega,
cap_000036,2026-09-09T13:24:51.529,horizontal,,,0,3,0.8745,YOLO-omega,
cap_000037,2026-09-09T13:24:51.628,horizontal,,,0,3,0.8816,YOLO-omega,
cap_000038,2026-09-09T13:24:51.756,horizontal,,,0,4,0.8749,YOLO-omega,
cap_000039,2026-09-09T13:24:51.850,horizontal,,,0,3,0.8765,YOLO-omega,
cap_000040,2026-09-09T13:24:51.981,horizontal,,,0,3,0.8825,YOLO-omega,
cap_000041,2026-09-09T13:24:52.072,horizontal,,,0,3,0.8831,YOLO-omega,
cap_000042,2026-09-09T13:24:52.201,horizontal,,,0,4,0.8814,YOLO-omega,
cap_000043,2026-09-09T13:24:52.296,horizontal,,,0,3,0.8849,YOLO-omega,
cap_000044,2026-09-09T13:24:52.426,horizontal,,,0,3,0.8790,YOLO-omega,
cap_000045,2026-09-09T13:24:52.551,horizontal,,,0,3,0.8756,YOLO-omega,
cap_000046,2026-09-09T13:24:52.648,horizontal,,,0,3,0.8761,YOLO-omega,
cap_000047,2026-09-09T13:24:52.779,horizontal,,,0,3,0.8695,YOLO-omega,
cap_000048,2026-09-09T13:24:52.873,horizontal,,,0,3,0.8659,YOLO-omega,
cap_000049,2026-09-09T13:24:53.002,horizontal,,,0,3,0.8688,YOLO-omega,
cap_000050,2026-09-09T13:24:53.098,horizontal,,,0,3,0.8731,YOLO-omega,
cap_000051,2026-09-09T13:24:53.225,horizontal,,,0,3,0.8829,YOLO-omega,
cap_000052,2026-09-09T13:24:53.353,horizontal,,,0,4,0.8763,YOLO-omega,
cap_000053,2026-09-09T13:24:53.449,horizontal,,,0,4,0.8959,YOLO-omega,
cap_000054,2026-09-09T13:24:53.578,horizontal,,,0,4,0.8752,YOLO-omega,
cap_000055,2026-09-09T13:24:53.671,horizontal,,,0,3,0.8820,YOLO-omega,
cap_000056,2026-09-09T13:24:53.803,horizontal,,,0,4,0.8728,YOLO-omega,
cap_000057,2026-09-09T13:24:53.900,horizontal,,,0,4,0.8837,YOLO-omega,
cap_000058,2026-09-09T13:24:54.030,horizontal,,,0,4,0.9074,YOLO-omega,
cap_000059,2026-09-09T13:24:54.124,horizontal,,,0,4,0.9008,YOLO-omega,
cap_000060,2026-09-09T13:24:54.259,horizontal,,,0,3,0.8637,YOLO-omega,
cap_000061,2026-09-09T13:24:54.383,horizontal,,,0,4,0.9005,YOLO-omega,
cap_000062,2026-09-09T13:24:54.478,horizontal,,,0,4,0.9093,YOLO-omega,
cap_000063,2026-09-09T13:24:54.604,horizontal,,,0,4,0.9439,YOLO-omega,
cap_000064,2026-09-09T13:24:54.702,horizontal,,,0,4,0.8716,YOLO-omega,
cap_000065,2026-09-09T13:24:54.828,horizontal,,,0,4,0.9199,YOLO-omega,
cap_000066,2026-09-09T13:24:54.922,horizontal,,,0,4,0.9049,YOLO-omega,
cap_000067,2026-09-09T13:24:55.049,horizontal,,,0,4,0.9020,YOLO-omega,
cap_000068,2026-09-09T13:24:55.176,horizontal,,,0,4,0.8928,YOLO-omega,
cap_000069,2026-09-09T13:24:55.274,horizontal,,,0,4,0.8886,YOLO-omega,
cap_000070,2026-09-09T13:24:55.401,horizontal,,,0,4,0.9178,YOLO-omega,
cap_000071,2026-09-09T13:24:55.495,horizontal,,,0,4,0.9281,YOLO-omega,
cap_000072,2026-09-09T13:24:55.624,horizontal,,,0,4,0.9407,YOLO-omega,
cap_000073,2026-09-09T13:24:55.722,horizontal,,,0,4,0.8819,YOLO-omega,
cap_000074,2026-09-09T13:24:55.849,horizontal,,,0,4,0.9586,YOLO-omega,
cap_000075,2026-09-09T13:24:55.945,horizontal,,,0,4,0.9602,YOLO-omega,
cap_000076,2026-09-09T13:24:56.072,horizontal,,,0,4,0.9624,YOLO-omega,
cap_000077,2026-09-09T13:24:56.201,horizontal,,,0,4,0.9608,YOLO-omega,
cap_000078,2026-09-09T13:24:56.298,horizontal,,,0,4,0.9484,YOLO-omega,
cap_000079,2026-09-09T13:24:56.426,horizontal,,,0,4,0.8945,YOLO-omega,
cap_000080,2026-09-09T13:24:56.521,horizontal,,,0,4,0.9624,YOLO-omega,
cap_000081,2026-09-09T13:24:56.648,horizontal,,,0,4,0.9230,YOLO-omega,
cap_000082,2026-09-09T13:24:56.745,horizontal,,,0,4,0.8887,YOLO-omega,
cap_000083,2026-09-09T13:24:56.874,horizontal,,,0,4,0.9316,YOLO-omega,
cap_000084,2026-09-09T13:24:57.001,horizontal,,,0,3,0.8561,YOLO-omega,
cap_000085,2026-09-09T13:24:57.132,horizontal,,,0,4,0.9015,YOLO-omega,
cap_000086,2026-09-09T13:24:57.228,horizontal,,,0,4,0.8998,YOLO-omega,
cap_000087,2026-09-09T13:24:57.324,horizontal,,,0,4,0.9115,YOLO-omega,
cap_000088,2026-09-09T13:24:57.451,horizontal,,,0,4,0.9150,YOLO-omega,
cap_000089,2026-09-09T13:24:57.547,horizontal,,,0,4,0.9177,YOLO-omega,
cap_000090,2026-09-09T13:24:57.672,horizontal,,,0,4,0.9099,YOLO-omega,
cap_000091,2026-09-09T13:24:57.770,horizontal,,,0,4,0.9142,YOLO-omega,
cap_000092,2026-09-09T13:24:57.897,horizontal,,,0,4,0.9179,YOLO-omega,
cap_000093,2026-09-09T13:24:58.024,horizontal,,,0,4,0.9175,YOLO-omega,
cap_000094,2026-09-09T13:24:58.121,horizontal,,,0,4,0.9116,YOLO-omega,
cap_000095,2026-09-09T13:24:58.253,horizontal,,,0,4,0.9029,YOLO-omega,
cap_000096,2026-09-09T13:24:58.348,horizontal,,,0,4,0.9061,YOLO-omega,
cap_000097,2026-09-09T13:24:58.481,horizontal,,,0,4,0.8932,YOLO-omega,
cap_000098,2026-09-09T13:24:58.577,horizontal,,,0,4,0.8703,YOLO-omega,
cap_000099,2026-09-09T13:24:58.699,horizontal,,,0,4,0.8750,YOLO-omega,
cap_000100,2026-09-09T13:24:58.795,horizontal,,,0,4,0.9258,YOLO-omega,
cap_000101,2026-09-09T13:24:58.926,horizontal,,,0,4,0.9197,YOLO-omega,
cap_000102,2026-09-09T13:24:59.052,horizontal,,,0,4,0.9170,YOLO-omega,
cap_000103,2026-09-09T13:24:59.146,horizontal,,,0,4,0.9119,YOLO-omega,
cap_000104,2026-09-09T13:24:59.274,horizontal,,,0,4,0.9125,YOLO-omega,
cap_000105,2026-09-09T13:24:59.370,horizontal,,,0,4,0.8697,YOLO-omega,
cap_000106,2026-09-09T13:24:59.497,horizontal,,,0,4,0.8996,YOLO-omega,
cap_000107,2026-09-09T13:24:59.592,horizontal,,,0,4,0.8955,YOLO-omega,
cap_000108,2026-09-09T13:24:59.721,horizontal,,,0,4,0.8998,YOLO-omega,
cap_000109,2026-09-09T13:24:59.847,horizontal,,,0,4,0.8998,YOLO-omega,
cap_000110,2026-09-09T13:24:59.944,horizontal,,,0,4,0.9038,YOLO-omega,
cap_000111,2026-09-09T13:25:00.072,horizontal,,,0,3,0.9063,YOLO-omega,
cap_000112,2026-09-09T13:25:00.169,horizontal,,,0,4,0.8978,YOLO-omega,
cap_000113,2026-09-09T13:25:00.297,horizontal,,,0,4,0.8952,YOLO-omega,
cap_000114,2026-09-09T13:25:00.393,horizontal,,,0,4,0.8755,YOLO-omega,
cap_000115,2026-09-09T13:25:00.522,horizontal,,,0,3,0.8752,YOLO-omega,
cap_000116,2026-09-09T13:25:00.617,horizontal,,,0,4,0.8989,YOLO-omega,
cap_000117,2026-09-09T13:25:00.751,horizontal,,,0,4,0.8907,YOLO-omega,
cap_000118,2026-09-09T13:25:00.878,horizontal,,,0,4,0.8987,YOLO-omega,
cap_000119,2026-09-09T13:25:00.974,horizontal,,,0,4,0.9108,YOLO-omega,
cap_000120,2026-09-09T13:25:01.102,horizontal,,,0,4,0.9200,YOLO-omega,
cap_000121,2026-09-09T13:25:01.200,horizontal,,,0,4,0.8948,YOLO-omega,
cap_000122,2026-09-09T13:25:01.325,horizontal,,,0,4,0.9224,YOLO-omega,
cap_000123,2026-09-09T13:25:01.424,horizontal,,,0,4,0.9356,YOLO-omega,
cap_000124,2026-09-09T13:25:01.547,horizontal,,,0,4,0.9292,YOLO-omega,
cap_000125,2026-09-09T13:25:01.686,horizontal,,,0,4,0.9418,YOLO-omega,
cap_000126,2026-09-09T13:25:01.776,horizontal,,,0,4,0.8587,YOLO-omega,
cap_000127,2026-09-09T13:25:01.900,horizontal,,,0,4,0.8596,YOLO-omega,
cap_000128,2026-09-09T13:25:01.993,horizontal,,,0,4,0.8555,YOLO-omega,
cap_000129,2026-09-09T13:25:02.131,horizontal,,,0,4,0.9427,YOLO-omega,
cap_000130,2026-09-09T13:25:02.227,horizontal,,,0,4,0.9506,YOLO-omega,
cap_000131,2026-09-09T13:25:02.353,horizontal,,,0,4,0.8889,YOLO-omega,
cap_000132,2026-09-09T13:25:02.448,horizontal,,,0,4,0.8613,YOLO-omega,
cap_000133,2026-09-09T13:25:02.577,horizontal,,,0,4,0.8553,YOLO-omega,
cap_000134,2026-09-09T13:25:02.703,horizontal,,,0,4,0.8652,YOLO-omega,
cap_000135,2026-09-09T13:25:02.799,horizontal,,,0,3,0.8711,YOLO-omega,
cap_000136,2026-09-09T13:25:02.928,horizontal,,,0,4,0.8707,YOLO-omega,
cap_000137,2026-09-09T13:25:03.024,horizontal,,,0,4,0.9282,YOLO-omega,
cap_000138,2026-09-09T13:25:03.150,horizontal,,,0,4,0.8849,YOLO-omega,
cap_000139,2026-09-09T13:25:03.253,horizontal,,,0,4,0.9297,YOLO-omega,
cap_000140,2026-09-09T13:25:03.373,horizontal,,,0,4,0.8780,YOLO-omega,
cap_000141,2026-09-09T13:25:03.502,horizontal,,,0,4,0.8893,YOLO-omega,
cap_000142,2026-09-09T13:25:03.595,horizontal,,,0,4,0.9446,YOLO-omega,
cap_000143,2026-09-09T13:25:03.724,horizontal,,,0,4,0.9202,YOLO-omega,
cap_000144,2026-09-09T13:25:03.845,horizontal,,,0,4,0.8863,YOLO-omega,
cap_000145,2026-09-09T13:25:03.949,horizontal,,,0,4,0.8646,YOLO-omega,
cap_000146,2026-09-09T13:25:04.045,horizontal,,,0,4,0.9350,YOLO-omega,
cap_000147,2026-09-09T13:25:04.170,horizontal,,,0,4,0.9634,YOLO-omega,
cap_000148,2026-09-09T13:25:04.264,horizontal,,,0,4,0.8731,YOLO-omega,
cap_000149,2026-09-09T13:25:04.392,horizontal,,,0,4,0.8735,YOLO-omega,
cap_000150,2026-09-09T13:25:04.520,horizontal,,,0,4,0.9549,YOLO-omega,
cap_000151,2026-09-09T13:25:04.635,horizontal,,,0,4,0.8709,YOLO-omega,
cap_000152,2026-09-09T13:25:04.746,horizontal,,,0,4,0.9287,YOLO-omega,
cap_000153,2026-09-09T13:25:04.841,horizontal,,,0,4,0.9227,YOLO-omega,
cap_000154,2026-09-09T13:25:04.970,horizontal,,,0,4,0.8761,YOLO-omega,
cap_000155,2026-09-09T13:25:05.066,horizontal,,,0,4,0.8935,YOLO-omega,
cap_000156,2026-09-09T13:25:05.192,horizontal,,,0,5,0.9009,YOLO-omega,
cap_000157,2026-09-09T13:25:05.289,horizontal,,,0,5,0.8870,YOLO-omega,
cap_000158,2026-09-09T13:25:05.420,horizontal,,,0,4,0.9031,YOLO-omega,
cap_000159,2026-09-09T13:25:05.545,horizontal,,,0,4,0.8526,YOLO-omega,
cap_000160,2026-09-09T13:25:05.642,horizontal,,,0,5,0.8646,YOLO-omega,
cap_000161,2026-09-09T13:25:05.770,horizontal,,,0,4,0.8682,YOLO-omega,
cap_000162,2026-09-09T13:25:05.867,horizontal,,,0,4,0.8664,YOLO-omega,
cap_000163,2026-09-09T13:25:05.998,horizontal,,,0,4,0.9034,YOLO-omega,
cap_000164,2026-09-09T13:25:06.088,horizontal,,,0,5,0.8712,YOLO-omega,
cap_000165,2026-09-09T13:25:06.217,horizontal,,,0,4,0.8687,YOLO-omega,
cap_000166,2026-09-09T13:25:06.343,horizontal,,,0,3,0.8691,YOLO-omega,
cap_000167,2026-09-09T13:25:06.440,horizontal,,,0,5,0.8960,YOLO-omega,
cap_000168,2026-09-09T13:25:06.568,horizontal,,,0,4,0.8667,YOLO-omega,
cap_000169,2026-09-09T13:25:06.663,horizontal,,,0,4,0.9087,YOLO-omega,
cap_000170,2026-09-09T13:25:06.793,horizontal,,,0,4,0.8752,YOLO-omega,
cap_000171,2026-09-09T13:25:06.888,horizontal,,,0,4,0.8899,YOLO-omega,
cap_000172,2026-09-09T13:25:07.016,horizontal,,,0,4,0.8743,YOLO-omega,
cap_000173,2026-09-09T13:25:07.112,horizontal,,,0,5,0.8757,YOLO-omega,
cap_000174,2026-09-09T13:25:07.241,horizontal,,,0,4,0.9216,YOLO-omega,
cap_000175,2026-09-09T13:25:07.368,horizontal,,,0,4,0.9146,YOLO-omega,
cap_000176,2026-09-09T13:25:07.464,horizontal,,,0,4,0.8785,YOLO-omega,
cap_000177,2026-09-09T13:25:07.597,horizontal,,,0,4,0.9082,YOLO-omega,
cap_000178,2026-09-09T13:25:07.690,horizontal,,,0,4,0.8934,YOLO-omega,
cap_000179,2026-09-09T13:25:07.818,horizontal,,,0,3,0.8662,YOLO-omega,
cap_000180,2026-09-09T13:25:07.918,horizontal,,,0,4,0.8857,YOLO-omega,
cap_000181,2026-09-09T13:25:08.041,horizontal,,,0,4,0.9039,YOLO-omega,
cap_000182,2026-09-09T13:25:08.169,horizontal,,,0,5,0.8704,YOLO-omega,
cap_000183,2026-09-09T13:25:08.263,horizontal,,,0,4,0.8553,YOLO-omega,
cap_000184,2026-09-09T13:25:08.392,horizontal,,,0,4,0.9028,YOLO-omega,
cap_000185,2026-09-09T13:25:08.490,horizontal,,,0,4,0.9093,YOLO-omega,
cap_000186,2026-09-09T13:25:08.616,horizontal,,,0,4,0.8936,YOLO-omega,
cap_000187,2026-09-09T13:25:08.714,horizontal,,,0,4,0.9057,YOLO-omega,
cap_000188,2026-09-09T13:25:08.840,horizontal,,,0,4,0.8753,YOLO-omega,
cap_000189,2026-09-09T13:25:08.935,horizontal,,,0,4,0.8622,YOLO-omega,
cap_000190,2026-09-09T13:25:09.065,horizontal,,,0,4,0.8629,YOLO-omega,
cap_000191,2026-09-09T13:25:09.193,horizontal,,,0,4,0.8637,YOLO-omega,
cap_000192,2026-09-09T13:25:09.288,horizontal,,,0,4,0.8750,YOLO-omega,
cap_000193,2026-09-09T13:25:09.416,horizontal,,,0,4,0.8639,YOLO-omega,
cap_000194,2026-09-09T13:25:09.512,horizontal,,,0,4,0.8730,YOLO-omega,
cap_000195,2026-09-09T13:25:09.640,horizontal,,,0,4,0.8727,YOLO-omega,
cap_000196,2026-09-09T13:25:09.739,horizontal,,,0,5,0.8691,YOLO-omega,
cap_000197,2026-09-09T13:25:09.866,horizontal,,,0,5,0.8647,YOLO-omega,
cap_000198,2026-09-09T13:25:09.993,horizontal,,,0,4,0.8599,YOLO-omega,
cap_000199,2026-09-09T13:25:10.093,horizontal,,,0,5,0.8535,YOLO-omega,
cap_000200,2026-09-09T13:25:10.222,horizontal,,,0,5,0.8815,YOLO-omega,
cap_000201,2026-09-09T13:25:10.315,horizontal,,,0,5,0.8648,YOLO-omega,
cap_000202,2026-09-09T13:25:10.447,horizontal,,,0,4,0.8966,YOLO-omega,
cap_000203,2026-09-09T13:25:10.542,horizontal,,,0,3,0.8589,YOLO-omega,
cap_000204,2026-09-09T13:25:10.665,horizontal,,,0,4,0.9048,YOLO-omega,
cap_000205,2026-09-09T13:25:10.764,horizontal,,,0,4,0.9421,YOLO-omega,
cap_000206,2026-09-09T13:25:10.892,horizontal,,,0,4,0.9412,YOLO-omega,
cap_000207,2026-09-09T13:25:11.019,horizontal,,,0,4,0.8800,YOLO-omega,
cap_000208,2026-09-09T13:25:11.113,horizontal,,,0,4,0.8868,YOLO-omega,
cap_000209,2026-09-09T13:25:11.241,horizontal,,,0,4,0.9439,YOLO-omega,
cap_000210,2026-09-09T13:25:11.339,horizontal,,,0,4,0.9009,YOLO-omega,
cap_000211,2026-09-09T13:25:11.468,horizontal,,,0,4,0.9304,YOLO-omega,
cap_000212,2026-09-09T13:25:11.562,horizontal,,,0,4,0.9631,YOLO-omega,
cap_000213,2026-09-09T13:25:11.696,horizontal,,,0,5,0.8916,YOLO-omega,
cap_000214,2026-09-09T13:25:11.789,horizontal,,,0,4,0.9042,YOLO-omega,
cap_000215,2026-09-09T13:25:11.917,horizontal,,,0,4,0.9483,YOLO-omega,
cap_000216,2026-09-09T13:25:12.045,horizontal,,,0,4,0.8622,YOLO-omega,
cap_000217,2026-09-09T13:25:12.138,horizontal,,,0,4,0.9518,YOLO-omega,
cap_000218,2026-09-09T13:25:12.265,horizontal,,,0,4,0.8961,YOLO-omega,
cap_000219,2026-09-09T13:25:12.361,horizontal,,,0,4,0.8606,YOLO-omega,
cap_000220,2026-09-09T13:25:12.485,horizontal,,,0,4,0.9216,YOLO-omega,
cap_000221,2026-09-09T13:25:12.583,horizontal,,,0,3,0.8659,YOLO-omega,
cap_000222,2026-09-09T13:25:12.713,horizontal,,,0,4,0.8668,YOLO-omega,
cap_000223,2026-09-09T13:25:12.841,horizontal,,,0,4,0.8664,YOLO-omega,
cap_000224,2026-09-09T13:25:12.938,horizontal,,,0,3,0.8660,YOLO-omega,
cap_000225,2026-09-09T13:25:13.066,horizontal,,,0,4,0.8604,YOLO-omega,
cap_000226,2026-09-09T13:25:13.164,horizontal,,,0,4,0.8601,YOLO-omega,
cap_000227,2026-09-09T13:25:13.292,horizontal,,,0,4,0.8654,YOLO-omega,
cap_000228,2026-09-09T13:25:13.387,horizontal,,,0,4,0.9026,YOLO-omega,
cap_000229,2026-09-09T13:25:13.514,horizontal,,,0,4,0.8515,YOLO-omega,
cap_000230,2026-09-09T13:25:13.610,horizontal,,,0,4,0.9000,YOLO-omega,
cap_000231,2026-09-09T13:25:13.737,horizontal,,,0,4,0.9211,YOLO-omega,
cap_000232,2026-09-09T13:25:13.867,horizontal,,,0,4,0.9166,YOLO-omega,
cap_000233,2026-09-09T13:25:13.961,horizontal,,,0,4,0.9312,YOLO-omega,
cap_000234,2026-09-09T13:25:14.088,horizontal,,,0,4,0.9202,YOLO-omega,
cap_000235,2026-09-09T13:25:14.190,horizontal,,,0,4,0.9388,YOLO-omega,
cap_000236,2026-09-09T13:25:14.312,horizontal,,,0,4,0.8821,YOLO-omega,
cap_000237,2026-09-09T13:25:14.408,horizontal,,,0,4,0.9377,YOLO-omega,
cap_000238,2026-09-09T13:25:14.536,horizontal,,,0,4,0.8707,YOLO-omega,
cap_000239,2026-09-09T13:25:14.664,horizontal,,,0,4,0.9341,YOLO-omega,
cap_000240,2026-09-09T13:25:14.797,horizontal,,,0,4,0.9399,YOLO-omega,
cap_000241,2026-09-09T13:25:14.894,horizontal,,,0,4,0.8941,YOLO-omega,
cap_000242,2026-09-09T13:25:14.987,horizontal,,,0,4,0.8881,YOLO-omega,
cap_000243,2026-09-09T13:25:15.114,horizontal,,,0,4,0.9296,YOLO-omega,
cap_000244,2026-09-09T13:25:15.208,horizontal,,,0,4,0.9458,YOLO-omega,
cap_000245,2026-09-09T13:25:15.336,horizontal,,,0,4,0.9562,YOLO-omega,
cap_000246,2026-09-09T13:25:15.432,horizontal,,,0,4,0.8688,YOLO-omega,
cap_000247,2026-09-09T13:25:15.566,horizontal,,,0,4,0.8729,YOLO-omega,
cap_000248,2026-09-09T13:25:15.690,horizontal,,,0,5,0.8689,YOLO-omega,
cap_000249,2026-09-09T13:25:15.791,horizontal,,,0,4,0.8705,YOLO-omega,
cap_000250,2026-09-09T13:25:15.915,horizontal,,,0,4,0.9167,YOLO-omega,
cap_000251,2026-09-09T13:25:16.009,horizontal,,,0,4,0.8595,YOLO-omega,
cap_000252,2026-09-09T13:25:16.139,horizontal,,,0,4,0.8831,YOLO-omega,
cap_000253,2026-09-09T13:25:16.233,horizontal,,,0,4,0.9138,YOLO-omega,
cap_000254,2026-09-09T13:25:16.361,horizontal,,,0,4,0.9030,YOLO-omega,
cap_000255,2026-09-09T13:25:16.489,horizontal,,,0,4,0.9283,YOLO-omega,
cap_000256,2026-09-09T13:25:16.585,horizontal,,,0,4,0.9484,YOLO-omega,
cap_000257,2026-09-09T13:25:16.715,horizontal,,,0,4,0.9468,YOLO-omega,
cap_000258,2026-09-09T13:25:16.809,horizontal,,,0,4,0.9320,YOLO-omega,
cap_000259,2026-09-09T13:25:16.937,horizontal,,,0,4,0.8884,YOLO-omega,
cap_000260,2026-09-09T13:25:17.033,horizontal,,,0,4,0.8922,YOLO-omega,
cap_000261,2026-09-09T13:25:17.162,horizontal,,,0,4,0.8901,YOLO-omega,
cap_000262,2026-09-09T13:25:17.257,horizontal,,,0,4,0.8856,YOLO-omega,
cap_000263,2026-09-09T13:25:17.386,horizontal,,,0,4,0.8656,YOLO-omega,
cap_000264,2026-09-09T13:25:17.514,horizontal,,,0,4,0.9154,YOLO-omega,
cap_000265,2026-09-09T13:25:17.607,horizontal,,,0,4,0.9288,YOLO-omega,
cap_000266,2026-09-09T13:25:17.739,horizontal,,,0,5,0.8448,YOLO-omega,
cap_000267,2026-09-09T13:25:17.834,horizontal,,,0,4,0.8445,YOLO-omega,
cap_000268,2026-09-09T13:25:17.961,horizontal,,,0,5,0.8531,YOLO-omega,
cap_000269,2026-09-09T13:25:18.057,horizontal,,,0,5,0.8389,YOLO-omega,
cap_000270,2026-09-09T13:25:18.185,horizontal,,,0,4,0.8591,YOLO-omega,
cap_000271,2026-09-09T13:25:18.283,horizontal,,,0,4,0.8587,YOLO-omega,
cap_000272,2026-09-09T13:25:18.408,horizontal,,,0,4,0.8879,YOLO-omega,
cap_000273,2026-09-09T13:25:18.538,horizontal,,,0,5,0.8481,YOLO-omega,
cap_000274,2026-09-09T13:25:18.632,horizontal,,,0,4,0.8799,YOLO-omega,
cap_000275,2026-09-09T13:25:18.761,horizontal,,,0,4,0.8497,YOLO-omega,
cap_000276,2026-09-09T13:25:18.856,horizontal,,,0,4,0.9302,YOLO-omega,
cap_000277,2026-09-09T13:25:18.985,horizontal,,,0,4,0.9102,YOLO-omega,
cap_000278,2026-09-09T13:25:19.079,horizontal,,,0,4,0.9171,YOLO-omega,
cap_000279,2026-09-09T13:25:19.207,horizontal,,,0,4,0.9059,YOLO-omega,
cap_000280,2026-09-09T13:25:19.337,horizontal,,,0,4,0.9246,YOLO-omega,
cap_000281,2026-09-09T13:25:19.433,horizontal,,,0,4,0.9074,YOLO-omega,
cap_000282,2026-09-09T13:25:19.561,horizontal,,,0,4,0.8679,YOLO-omega,
cap_000283,2026-09-09T13:25:19.656,horizontal,,,0,4,0.8722,YOLO-omega,
cap_000284,2026-09-09T13:25:19.786,horizontal,,,0,4,0.8688,YOLO-omega,
cap_000285,2026-09-09T13:25:19.889,horizontal,,,0,4,0.8563,YOLO-omega,
cap_000286,2026-09-09T13:25:20.011,horizontal,,,0,4,0.8636,YOLO-omega,
cap_000287,2026-09-09T13:25:20.104,horizontal,,,0,4,0.8630,YOLO-omega,
cap_000288,2026-09-09T13:25:20.233,horizontal,,,0,4,0.8751,YOLO-omega,
cap_000289,2026-09-09T13:25:20.359,horizontal,,,0,4,0.8939,YOLO-omega,
cap_000290,2026-09-09T13:25:20.456,horizontal,,,0,4,0.8771,YOLO-omega,
cap_000291,2026-09-09T13:25:20.585,horizontal,,,0,4,0.8602,YOLO-omega,
cap_000292,2026-09-09T13:25:20.683,horizontal,,,0,4,0.8894,YOLO-omega,
cap_000293,2026-09-09T13:25:20.809,horizontal,,,0,4,0.8868,YOLO-omega,
cap_000294,2026-09-09T13:25:20.906,horizontal,,,0,4,0.8833,YOLO-omega,
cap_000295,2026-09-09T13:25:21.034,horizontal,,,0,4,0.8960,YOLO-omega,
cap_000296,2026-09-09T13:25:21.159,horizontal,,,0,5,0.8774,YOLO-omega,
cap_000297,2026-09-09T13:25:21.256,horizontal,,,0,4,0.8733,YOLO-omega,
cap_000298,2026-09-09T13:25:21.383,horizontal,,,0,4,0.8677,YOLO-omega,
cap_000299,2026-09-09T13:25:21.480,horizontal,,,0,5,0.8543,YOLO-omega,
cap_000300,2026-09-09T13:25:21.607,horizontal,,,0,4,0.9022,YOLO-omega,
cap_000301,2026-09-09T13:25:21.706,horizontal,,,0,4,0.9003,YOLO-omega,
cap_000302,2026-09-09T13:25:21.833,horizontal,,,0,4,0.8695,YOLO-omega,
cap_000303,2026-09-09T13:25:21.928,horizontal,,,0,4,0.8636,YOLO-omega,
cap_000304,2026-09-09T13:25:22.056,horizontal,,,0,4,0.8587,YOLO-omega,
cap_000305,2026-09-09T13:25:22.186,horizontal,,,0,4,0.8523,YOLO-omega,
cap_000306,2026-09-09T13:25:22.282,horizontal,,,0,4,0.8575,YOLO-omega,
cap_000307,2026-09-09T13:25:22.411,horizontal,,,0,4,0.8556,YOLO-omega,
cap_000308,2026-09-09T13:25:22.507,horizontal,,,0,4,0.8604,YOLO-omega,
cap_000309,2026-09-09T13:25:22.634,horizontal,,,0,4,0.8581,YOLO-omega,
cap_000310,2026-09-09T13:25:22.732,horizontal,,,0,4,0.8483,YOLO-omega,
cap_000311,2026-09-09T13:25:22.862,horizontal,,,0,5,0.8573,YOLO-omega,
cap_000312,2026-09-09T13:25:22.992,horizontal,,,0,4,0.8625,YOLO-omega,
cap_000313,2026-09-09T13:25:23.084,horizontal,,,0,4,0.8614,YOLO-omega,
cap_000314,2026-09-09T13:25:23.208,horizontal,,,0,3,0.8739,YOLO-omega,
cap_000315,2026-09-09T13:25:23.305,horizontal,,,0,4,0.8840,YOLO-omega,
cap_000316,2026-09-09T13:25:23.433,horizontal,,,0,4,0.8976,YOLO-omega,
cap_000317,2026-09-09T13:25:23.531,horizontal,,,0,4,0.9350,YOLO-omega,
cap_000318,2026-09-09T13:25:23.656,horizontal,,,0,4,0.8756,YOLO-omega,
cap_000319,2026-09-09T13:25:23.753,horizontal,,,0,5,0.8615,YOLO-omega,
cap_000320,2026-09-09T13:25:23.881,horizontal,,,0,3,0.8589,YOLO-omega,
cap_000321,2026-09-09T13:25:24.009,horizontal,,,0,4,0.8683,YOLO-omega,
cap_000322,2026-09-09T13:25:24.105,horizontal,,,0,4,0.9099,YOLO-omega,
cap_000323,2026-09-09T13:25:24.233,horizontal,,,0,4,0.8716,YOLO-omega,
cap_000324,2026-09-09T13:25:24.329,horizontal,,,0,4,0.9484,YOLO-omega,
cap_000325,2026-09-09T13:25:24.457,horizontal,,,0,4,0.8909,YOLO-omega,
cap_000326,2026-09-09T13:25:24.553,horizontal,,,0,4,0.8827,YOLO-omega,
cap_000327,2026-09-09T13:25:24.679,horizontal,,,0,4,0.8906,YOLO-omega,
cap_000328,2026-09-09T13:25:24.779,horizontal,,,0,4,0.9614,YOLO-omega,
cap_000329,2026-09-09T13:25:24.906,horizontal,,,0,4,0.9558,YOLO-omega,
cap_000330,2026-09-09T13:25:25.033,horizontal,,,0,4,0.9156,YOLO-omega,
cap_000331,2026-09-09T13:25:25.128,horizontal,,,0,4,0.9247,YOLO-omega,
cap_000332,2026-09-09T13:25:25.258,horizontal,,,0,4,0.8724,YOLO-omega,
cap_000333,2026-09-09T13:25:25.353,horizontal,,,0,4,0.9053,YOLO-omega,
cap_000334,2026-09-09T13:25:25.481,horizontal,,,0,4,0.8898,YOLO-omega,
cap_000335,2026-09-09T13:25:25.580,horizontal,,,0,4,0.8820,YOLO-omega,
cap_000336,2026-09-09T13:25:25.705,horizontal,,,0,4,0.8929,YOLO-omega,
cap_000337,2026-09-09T13:25:25.835,horizontal,,,0,4,0.8943,YOLO-omega,
cap_000338,2026-09-09T13:25:25.930,horizontal,,,0,4,0.8953,YOLO-omega,
cap_000339,2026-09-09T13:25:26.058,horizontal,,,0,5,0.8998,YOLO-omega,
cap_000340,2026-09-09T13:25:26.154,horizontal,,,0,4,0.8736,YOLO-omega,
cap_000341,2026-09-09T13:25:26.280,horizontal,,,0,4,0.9313,YOLO-omega,
cap_000342,2026-09-09T13:25:26.377,horizontal,,,0,4,0.8785,YOLO-omega,
cap_000343,2026-09-09T13:25:26.505,horizontal,,,0,4,0.8792,YOLO-omega,
cap_000344,2026-09-09T13:25:26.601,horizontal,,,0,4,0.9208,YOLO-omega,
cap_000345,2026-09-09T13:25:26.731,horizontal,,,0,5,0.8953,YOLO-omega,
cap_000346,2026-09-09T13:25:26.859,horizontal,,,0,3,0.8830,YOLO-omega,
cap_000347,2026-09-09T13:25:26.954,horizontal,,,0,4,0.8726,YOLO-omega,
cap_000348,2026-09-09T13:25:27.081,horizontal,,,0,4,0.8734,YOLO-omega,
cap_000349,2026-09-09T13:25:27.178,horizontal,,,0,4,0.8923,YOLO-omega,
cap_000350,2026-09-09T13:25:27.308,horizontal,,,0,4,0.8954,YOLO-omega,
cap_000351,2026-09-09T13:25:27.404,horizontal,,,0,3,0.8854,YOLO-omega,
cap_000352,2026-09-09T13:25:27.529,horizontal,,,0,3,0.8892,YOLO-omega,
cap_000353,2026-09-09T13:25:27.656,horizontal,,,0,3,0.8753,YOLO-omega,
cap_000354,2026-09-09T13:25:27.755,horizontal,,,0,3,0.8614,YOLO-omega,
cap_000355,2026-09-09T13:25:27.882,horizontal,,,0,3,0.8692,YOLO-omega,
cap_000356,2026-09-09T13:25:27.980,horizontal,,,0,3,0.8710,YOLO-omega,
cap_000357,2026-09-09T13:25:28.106,horizontal,,,0,3,0.8752,YOLO-omega,
cap_000358,2026-09-09T13:25:28.202,horizontal,,,0,3,0.8702,YOLO-omega,
cap_000359,2026-09-09T13:25:28.328,horizontal,,,0,3,0.8916,YOLO-omega,
cap_000360,2026-09-09T13:25:28.425,horizontal,,,0,3,0.8985,YOLO-omega,
cap_000361,2026-09-09T13:25:28.554,horizontal,,,0,3,0.8678,YOLO-omega,
cap_000362,2026-09-09T13:25:28.683,horizontal,,,0,3,0.8726,YOLO-omega,
cap_000363,2026-09-09T13:25:28.778,horizontal,,,0,3,0.8739,YOLO-omega,
cap_000364,2026-09-09T13:25:28.906,horizontal,,,0,3,0.8695,YOLO-omega,
cap_000365,2026-09-09T13:25:29.003,horizontal,,,0,3,0.8714,YOLO-omega,
cap_000366,2026-09-09T13:25:29.129,horizontal,,,0,3,0.8735,YOLO-omega,
cap_000367,2026-09-09T13:25:29.224,horizontal,,,0,3,0.8691,YOLO-omega,
cap_000368,2026-09-09T13:25:29.351,horizontal,,,0,3,0.8861,YOLO-omega,
cap_000369,2026-09-09T13:25:29.450,horizontal,,,0,3,0.8740,YOLO-omega,
cap_000370,2026-09-09T13:25:29.579,horizontal,,,0,3,0.8698,YOLO-omega,
cap_000371,2026-09-09T13:25:29.706,horizontal,,,0,3,0.8726,YOLO-omega,
cap_000372,2026-09-09T13:25:29.801,horizontal,,,0,3,0.8708,YOLO-omega,
cap_000373,2026-09-09T13:25:29.928,horizontal,,,0,3,0.8647,YOLO-omega,
cap_000374,2026-09-09T13:25:30.025,horizontal,,,0,3,0.8658,YOLO-omega,
cap_000375,2026-09-09T13:25:30.154,horizontal,,,0,3,0.8636,YOLO-omega,
cap_000376,2026-09-09T13:25:30.249,horizontal,,,0,3,0.8606,YOLO-omega,
cap_000377,2026-09-09T13:25:30.375,horizontal,,,0,3,0.8533,YOLO-omega,
cap_000378,2026-09-09T13:25:30.505,horizontal,,,0,3,0.8602,YOLO-omega,
cap_000379,2026-09-09T13:25:30.601,horizontal,,,0,3,0.8655,YOLO-omega,
cap_000380,2026-09-09T13:25:30.732,horizontal,,,0,3,0.8543,YOLO-omega,
cap_000381,2026-09-09T13:25:30.825,horizontal,,,0,3,0.8644,YOLO-omega,
cap_000382,2026-09-09T13:25:30.954,horizontal,,,0,3,0.8633,YOLO-omega,
cap_000383,2026-09-09T13:30:31.889,horizontal,,,0,3,0.7539,YOLO-omega,
cap_000384,2026-09-09T13:30:32.000,horizontal,,,0,3,0.7561,YOLO-omega,
cap_000385,2026-09-09T13:30:32.095,horizontal,,,0,2,0.7740,YOLO-omega,
cap_000386,2026-09-09T13:30:32.223,horizontal,,,0,2,0.7629,YOLO-omega,
cap_000387,2026-09-09T13:30:32.331,horizontal,,,0,3,0.7619,YOLO-omega,
cap_000388,2026-09-09T13:30:32.456,horizontal,,,0,1,0.7685,YOLO-omega,
cap_000389,2026-09-09T13:30:32.585,horizontal,,,0,3,0.7842,YOLO-omega,
cap_000390,2026-09-09T13:30:32.676,horizontal,,,0,3,0.8034,YOLO-omega,
cap_000391,2026-09-09T13:30:32.805,horizontal,,,0,2,0.8084,YOLO-omega,
cap_000392,2026-09-09T13:30:32.901,horizontal,,,0,1,0.7775,YOLO-omega,
cap_000393,2026-09-09T13:30:33.027,horizontal,,,0,3,0.7869,YOLO-omega,
cap_000394,2026-09-09T13:30:33.125,horizontal,,,0,4,0.8404,YOLO-omega,
cap_000395,2026-09-09T13:30:33.250,horizontal,,,0,3,0.8422,YOLO-omega,
cap_000396,2026-09-09T13:30:33.345,horizontal,,,0,3,0.8188,YOLO-omega,
cap_000397,2026-09-09T13:30:33.476,horizontal,,,0,3,0.7837,YOLO-omega,
cap_000398,2026-09-09T13:30:33.605,horizontal,,,0,3,0.7971,YOLO-omega,
cap_000399,2026-09-09T13:30:33.711,horizontal,,,0,2,0.7877,YOLO-omega,
cap_000400,2026-09-09T13:30:33.828,horizontal,,,0,3,0.8250,YOLO-omega,
cap_000401,2026-09-09T13:30:33.922,horizontal,,,0,3,0.8425,YOLO-omega,
cap_000402,2026-09-09T13:30:34.049,horizontal,,,0,4,0.8436,YOLO-omega,
cap_000403,2026-09-09T13:30:34.143,horizontal,,,0,3,0.8349,YOLO-omega,
cap_000404,2026-09-09T13:30:34.269,horizontal,,,0,3,0.7978,YOLO-omega,
cap_000405,2026-09-09T13:30:34.396,horizontal,,,0,3,0.7965,YOLO-omega,
cap_000406,2026-09-09T13:30:34.494,horizontal,,,0,5,0.7748,YOLO-omega,
cap_000407,2026-09-09T13:30:34.621,horizontal,,,0,4,0.8716,YOLO-omega,
cap_000408,2026-09-09T13:30:34.721,horizontal,,,0,4,0.7415,YOLO-omega,
cap_000409,2026-09-09T13:30:34.845,horizontal,,,0,5,0.9408,YOLO-omega,
cap_000410,2026-09-09T13:30:34.940,horizontal,,,0,4,0.8580,YOLO-omega,
cap_000411,2026-09-09T13:30:35.071,horizontal,,,0,3,0.7815,YOLO-omega,
cap_000412,2026-09-09T13:30:35.172,horizontal,,,0,2,0.7893,YOLO-omega,
cap_000413,2026-09-09T13:30:35.294,horizontal,,,0,4,0.7837,YOLO-omega,
cap_000414,2026-09-09T13:30:35.425,horizontal,,,0,4,0.9105,YOLO-omega,
cap_000415,2026-09-09T13:30:35.519,horizontal,,,0,5,0.8858,YOLO-omega,
cap_000416,2026-09-09T13:30:35.647,horizontal,,,0,4,0.8708,YOLO-omega,
cap_000417,2026-09-09T13:30:35.743,horizontal,,,0,4,0.9270,YOLO-omega,
cap_000418,2026-09-09T13:30:35.873,horizontal,,,0,5,0.9227,YOLO-omega,
cap_000419,2026-09-09T13:30:35.968,horizontal,,,0,4,0.9410,YOLO-omega,
cap_000420,2026-09-09T13:30:36.095,horizontal,,,0,5,0.9549,YOLO-omega,
cap_000421,2026-09-09T13:30:36.222,horizontal,,,0,5,0.9532,YOLO-omega,
cap_000422,2026-09-09T13:30:36.317,horizontal,,,0,5,0.9522,YOLO-omega,
cap_000423,2026-09-09T13:30:36.445,horizontal,,,0,4,0.9570,YOLO-omega,
cap_000424,2026-09-09T13:30:36.542,horizontal,,,0,4,0.9549,YOLO-omega,
cap_000425,2026-09-09T13:30:36.669,horizontal,,,0,5,0.9528,YOLO-omega,
cap_000426,2026-09-09T13:30:36.764,horizontal,,,0,4,0.9529,YOLO-omega,
cap_000427,2026-09-09T13:30:36.892,horizontal,,,0,4,0.9583,YOLO-omega,
cap_000428,2026-09-09T13:30:36.990,horizontal,,,0,4,0.9537,YOLO-omega,
cap_000429,2026-09-09T13:30:37.118,horizontal,,,0,5,0.9588,YOLO-omega,
cap_000430,2026-09-09T13:30:37.243,horizontal,,,0,4,0.9645,YOLO-omega,
cap_000431,2026-09-09T13:30:37.339,horizontal,,,0,4,0.8042,YOLO-omega,
cap_000432,2026-09-09T13:30:37.469,horizontal,,,0,5,0.8100,YOLO-omega,
cap_000433,2026-09-09T13:30:37.562,horizontal,,,0,3,0.9500,YOLO-omega,
cap_000434,2026-09-09T13:30:37.707,horizontal,,,0,4,0.9515,YOLO-omega,
cap_000435,2026-09-09T13:30:37.793,horizontal,,,0,4,0.9490,YOLO-omega,
cap_000436,2026-09-09T13:30:37.937,horizontal,,,0,4,0.9469,YOLO-omega,
cap_000437,2026-09-09T13:30:38.014,horizontal,,,0,5,0.8951,YOLO-omega,
cap_000438,2026-09-09T13:30:38.141,horizontal,,,0,3,0.8515,YOLO-omega,
cap_000439,2026-09-09T13:30:38.267,horizontal,,,0,5,0.8811,YOLO-omega,
cap_000440,2026-09-09T13:30:38.367,horizontal,,,0,5,0.9256,YOLO-omega,
cap_000441,2026-09-09T13:30:38.492,horizontal,,,0,6,0.8633,YOLO-omega,
cap_000442,2026-09-09T13:30:38.588,horizontal,,,0,5,0.9113,YOLO-omega,
cap_000443,2026-09-09T13:30:38.716,horizontal,,,0,5,0.9248,YOLO-omega,
cap_000444,2026-09-09T13:30:38.812,horizontal,,,0,5,0.9567,YOLO-omega,
cap_000445,2026-09-09T13:30:38.940,horizontal,,,0,5,0.9646,YOLO-omega,
cap_000446,2026-09-09T13:30:39.067,horizontal,,,0,4,0.8081,YOLO-omega,
cap_000447,2026-09-09T13:30:39.164,horizontal,,,0,5,0.8417,YOLO-omega,
cap_000448,2026-09-09T13:30:39.292,horizontal,,,0,6,0.8662,YOLO-omega,
cap_000449,2026-09-09T13:30:39.388,horizontal,,,0,6,0.9068,YOLO-omega,
cap_000450,2026-09-09T13:30:39.522,horizontal,,,0,6,0.8984,YOLO-omega,
cap_000451,2026-09-09T13:30:39.619,horizontal,,,0,6,0.9283,YOLO-omega,
cap_000452,2026-09-09T13:30:39.748,horizontal,,,0,5,0.9256,YOLO-omega,
cap_000453,2026-09-09T13:30:39.845,horizontal,,,0,5,0.9502,YOLO-omega,
cap_000454,2026-09-09T13:30:39.982,horizontal,,,0,5,0.9511,YOLO-omega,
cap_000455,2026-09-09T13:30:40.108,horizontal,,,0,5,0.8578,YOLO-omega,
cap_000456,2026-09-09T13:30:40.208,horizontal,,,0,5,0.8346,YOLO-omega,
cap_000457,2026-09-09T13:30:40.319,horizontal,,,0,4,0.8484,YOLO-omega,
cap_000458,2026-09-09T13:30:40.415,horizontal,,,0,4,0.8446,YOLO-omega,
cap_000459,2026-09-09T13:30:40.546,horizontal,,,0,5,0.9094,YOLO-omega,
cap_000460,2026-09-09T13:30:40.641,horizontal,,,0,3,0.9023,YOLO-omega,
cap_000461,2026-09-09T13:30:40.767,horizontal,,,0,3,0.8650,YOLO-omega,
cap_000462,2026-09-09T13:30:40.894,horizontal,,,0,3,0.9307,YOLO-omega,
cap_000463,2026-09-09T13:30:40.989,horizontal,,,0,5,0.8995,YOLO-omega,
cap_000464,2026-09-09T13:30:41.117,horizontal,,,0,4,0.8585,YOLO-omega,
cap_000465,2026-09-09T13:30:41.211,horizontal,,,0,3,0.8175,YOLO-omega,
cap_000466,2026-09-09T13:30:41.339,horizontal,,,0,3,0.8591,YOLO-omega,
cap_000467,2026-09-09T13:30:41.435,horizontal,,,0,4,0.8970,YOLO-omega,
cap_000468,2026-09-09T13:30:41.562,horizontal,,,0,4,0.9255,YOLO-omega,
cap_000469,2026-09-09T13:30:41.662,horizontal,,,0,4,0.8301,YOLO-omega,
cap_000470,2026-09-09T13:30:41.789,horizontal,,,0,3,0.9213,YOLO-omega,
cap_000471,2026-09-09T13:30:41.918,horizontal,,,0,3,0.8409,YOLO-omega,
cap_000472,2026-09-09T13:30:42.011,horizontal,,,0,5,0.8542,YOLO-omega,
cap_000473,2026-09-09T13:30:42.141,horizontal,,,0,5,0.8522,YOLO-omega,
cap_000474,2026-09-09T13:30:42.236,horizontal,,,0,5,0.8435,YOLO-omega,
cap_000475,2026-09-09T13:30:42.365,horizontal,,,0,5,0.8894,YOLO-omega,
cap_000476,2026-09-09T13:30:42.462,horizontal,,,0,4,0.7960,YOLO-omega,
cap_000477,2026-09-09T13:30:42.587,horizontal,,,0,4,0.9593,YOLO-omega,
cap_000478,2026-09-09T13:30:42.716,horizontal,,,0,5,0.9029,YOLO-omega,
cap_000479,2026-09-09T13:30:42.819,horizontal,,,0,5,0.7913,YOLO-omega,
cap_000480,2026-09-09T13:30:42.940,horizontal,,,0,6,0.8098,YOLO-omega,
cap_000481,2026-09-09T13:30:43.043,horizontal,,,0,5,0.8244,YOLO-omega,
cap_000482,2026-09-09T13:30:43.164,horizontal,,,0,5,0.7763,YOLO-omega,
cap_000483,2026-09-09T13:30:43.260,horizontal,,,0,5,0.8050,YOLO-omega,
cap_000484,2026-09-09T13:30:43.387,horizontal,,,0,6,0.8087,YOLO-omega,
cap_000485,2026-09-09T13:30:43.484,horizontal,,,0,5,0.9258,YOLO-omega,
cap_000486,2026-09-09T13:30:43.612,horizontal,,,0,4,0.9343,YOLO-omega,
cap_000487,2026-09-09T13:30:43.744,horizontal,,,0,6,0.7879,YOLO-omega,
cap_000488,2026-09-09T13:30:43.838,horizontal,,,0,7,0.7746,YOLO-omega,
cap_000489,2026-09-09T13:30:43.965,horizontal,,,0,4,0.8797,YOLO-omega,
cap_000490,2026-09-09T13:30:44.061,horizontal,,,0,4,0.9028,YOLO-omega,
cap_000491,2026-09-09T13:30:44.191,horizontal,,,0,6,0.7918,YOLO-omega,
cap_000492,2026-09-09T13:30:44.285,horizontal,,,0,5,0.7709,YOLO-omega,
cap_000493,2026-09-09T13:30:44.412,horizontal,,,0,5,0.9335,YOLO-omega,
cap_000494,2026-09-09T13:30:44.509,horizontal,,,0,5,0.9505,YOLO-omega,
cap_000495,2026-09-09T13:30:44.637,horizontal,,,0,5,0.9413,YOLO-omega,
cap_000496,2026-09-09T13:30:44.770,horizontal,,,0,4,0.7791,YOLO-omega,
cap_000497,2026-09-09T13:30:44.866,horizontal,,,0,5,0.8677,YOLO-omega,
cap_000498,2026-09-09T13:30:44.992,horizontal,,,0,4,0.8733,YOLO-omega,
cap_000499,2026-09-09T13:30:45.086,horizontal,,,0,5,0.7585,YOLO-omega,
cap_000500,2026-09-09T13:30:45.217,horizontal,,,0,5,0.9474,YOLO-omega,
cap_000501,2026-09-09T13:30:45.310,horizontal,,,0,4,0.9132,YOLO-omega,
cap_000502,2026-09-09T13:30:45.439,horizontal,,,0,5,0.9412,YOLO-omega,
cap_000503,2026-09-09T13:30:45.563,horizontal,,,0,4,0.9503,YOLO-omega,
cap_000504,2026-09-09T13:30:45.661,horizontal,,,0,5,0.9486,YOLO-omega,
cap_000505,2026-09-09T13:30:45.791,horizontal,,,0,5,0.9397,YOLO-omega,
cap_000506,2026-09-09T13:30:45.885,horizontal,,,0,5,0.7756,YOLO-omega,
cap_000507,2026-09-09T13:30:46.015,horizontal,,,0,5,0.8090,YOLO-omega,
cap_000508,2026-09-09T13:30:46.109,horizontal,,,0,5,0.9501,YOLO-omega,
cap_000509,2026-09-09T13:30:46.241,horizontal,,,0,5,0.9304,YOLO-omega,
cap_000510,2026-09-09T13:30:46.339,horizontal,,,0,4,0.7402,YOLO-omega,
cap_000511,2026-09-09T13:30:46.469,horizontal,,,0,4,0.7361,YOLO-omega,
cap_000512,2026-09-09T13:30:46.595,horizontal,,,0,5,0.7200,YOLO-omega,
cap_000513,2026-09-09T13:30:46.698,horizontal,,,0,6,0.8155,YOLO-omega,
cap_000514,2026-09-09T13:30:46.828,horizontal,,,0,6,0.7407,YOLO-omega,
cap_000515,2026-09-09T13:30:46.920,horizontal,,,0,5,0.7818,YOLO-omega,
cap_000516,2026-09-09T13:30:47.039,horizontal,,,0,5,0.7383,YOLO-omega,
cap_000517,2026-09-09T13:30:47.132,horizontal,,,0,5,0.7322,YOLO-omega,
cap_000518,2026-09-09T13:30:47.261,horizontal,,,0,5,0.7633,YOLO-omega,
cap_000519,2026-09-09T13:30:47.388,horizontal,,,0,6,0.7527,YOLO-omega,
cap_000520,2026-09-09T13:30:47.497,horizontal,,,0,4,0.7592,YOLO-omega,
cap_000521,2026-09-09T13:30:47.615,horizontal,,,0,5,0.7617,YOLO-omega,
cap_000522,2026-09-09T13:30:47.710,horizontal,,,0,5,0.7760,YOLO-omega,
cap_000523,2026-09-09T13:30:47.836,horizontal,,,0,5,0.7908,YOLO-omega,
cap_000524,2026-09-09T13:30:47.933,horizontal,,,0,5,0.8168,YOLO-omega,
cap_000525,2026-09-09T13:30:48.064,horizontal,,,0,3,0.7685,YOLO-omega,
cap_000526,2026-09-09T13:30:48.157,horizontal,,,0,5,0.7771,YOLO-omega,
cap_000527,2026-09-09T13:30:48.289,horizontal,,,0,5,0.7781,YOLO-omega,
cap_000528,2026-09-09T13:30:48.413,horizontal,,,0,4,0.7743,YOLO-omega,
cap_000529,2026-09-09T13:30:48.542,horizontal,,,0,4,0.7779,YOLO-omega,
cap_000530,2026-09-09T13:30:48.640,horizontal,,,0,5,0.7836,YOLO-omega,
cap_000531,2026-09-09T13:30:48.739,horizontal,,,0,5,0.7925,YOLO-omega,
cap_000532,2026-09-09T13:30:48.867,horizontal,,,0,5,0.8075,YOLO-omega,
cap_000533,2026-09-09T13:30:48.965,horizontal,,,0,5,0.7992,YOLO-omega,
cap_000534,2026-09-09T13:30:49.096,horizontal,,,0,5,0.8394,YOLO-omega,
cap_000535,2026-09-09T13:30:49.230,horizontal,,,0,5,0.8481,YOLO-omega,
cap_000536,2026-09-09T13:30:49.321,horizontal,,,0,6,0.8338,YOLO-omega,
cap_000537,2026-09-09T13:30:49.456,horizontal,,,0,6,0.8212,YOLO-omega,
cap_000538,2026-09-09T13:30:49.536,horizontal,,,0,5,0.7949,YOLO-omega,
cap_000539,2026-09-09T13:30:49.663,horizontal,,,0,5,0.8436,YOLO-omega,
cap_000540,2026-09-09T13:30:49.763,horizontal,,,0,6,0.8565,YOLO-omega,
cap_000541,2026-09-09T13:30:49.901,horizontal,,,0,5,0.8262,YOLO-omega,
cap_000542,2026-09-09T13:30:49.984,horizontal,,,0,7,0.8440,YOLO-omega,
cap_000543,2026-09-09T13:30:50.114,horizontal,,,0,4,0.8321,YOLO-omega,
cap_000544,2026-09-09T13:30:50.239,horizontal,,,0,6,0.8123,YOLO-omega,
cap_000545,2026-09-09T13:30:50.335,horizontal,,,0,6,0.8289,YOLO-omega,
cap_000546,2026-09-09T13:30:50.460,horizontal,,,0,6,0.8275,YOLO-omega,
cap_000547,2026-09-09T13:30:50.557,horizontal,,,0,5,0.8593,YOLO-omega,
cap_000548,2026-09-09T13:30:50.685,horizontal,,,0,6,0.8604,YOLO-omega,
cap_000549,2026-09-09T13:30:50.782,horizontal,,,0,6,0.8638,YOLO-omega,
cap_000550,2026-09-09T13:30:50.909,horizontal,,,0,6,0.8151,YOLO-omega,
cap_000551,2026-09-09T13:30:51.005,horizontal,,,0,6,0.7974,YOLO-omega,
cap_000552,2026-09-09T13:30:51.132,horizontal,,,0,5,0.8251,YOLO-omega,
cap_000553,2026-09-09T13:30:51.262,horizontal,,,0,6,0.8494,YOLO-omega,
cap_000554,2026-09-09T13:30:51.359,horizontal,,,0,5,0.8507,YOLO-omega,
cap_000555,2026-09-09T13:30:51.487,horizontal,,,0,4,0.8353,YOLO-omega,
cap_000556,2026-09-09T13:30:51.582,horizontal,,,0,5,0.7845,YOLO-omega,
cap_000557,2026-09-09T13:30:51.711,horizontal,,,0,7,0.7747,YOLO-omega,
cap_000558,2026-09-09T13:30:51.806,horizontal,,,0,6,0.8099,YOLO-omega,
cap_000559,2026-09-09T13:30:51.932,horizontal,,,0,5,0.8346,YOLO-omega,
cap_000560,2026-09-09T13:30:52.060,horizontal,,,0,6,0.8171,YOLO-omega,
cap_000561,2026-09-09T13:30:52.156,horizontal,,,0,8,0.8745,YOLO-omega,
cap_000562,2026-09-09T13:30:52.283,horizontal,,,0,6,0.8542,YOLO-omega,
cap_000563,2026-09-09T13:30:52.380,horizontal,,,0,5,0.8654,YOLO-omega,
cap_000564,2026-09-09T13:30:52.508,horizontal,,,0,8,0.7957,YOLO-omega,
cap_000565,2026-09-09T13:30:52.605,horizontal,,,0,6,0.8204,YOLO-omega,
cap_000566,2026-09-09T13:30:52.738,horizontal,,,0,7,0.8847,YOLO-omega,
cap_000567,2026-09-09T13:30:52.835,horizontal,,,0,5,0.7484,YOLO-omega,
cap_000568,2026-09-09T13:30:52.959,horizontal,,,0,5,0.7342,YOLO-omega,
cap_000569,2026-09-09T13:30:53.088,horizontal,,,0,6,0.7674,YOLO-omega,
cap_000570,2026-09-09T13:30:53.182,horizontal,,,0,5,0.7878,YOLO-omega,
cap_000571,2026-09-09T13:30:53.309,horizontal,,,0,6,0.7863,YOLO-omega,
cap_000572,2026-09-09T13:30:53.406,horizontal,,,0,4,0.7177,YOLO-omega,
cap_000573,2026-09-09T13:30:53.538,horizontal,,,0,5,0.7556,YOLO-omega,
cap_000574,2026-09-09T13:30:53.631,horizontal,,,0,5,0.7644,YOLO-omega,
cap_000575,2026-09-09T13:30:53.761,horizontal,,,0,5,0.7852,YOLO-omega,
cap_000576,2026-09-09T13:30:53.886,horizontal,,,0,4,0.8560,YOLO-omega,
cap_000577,2026-09-09T13:30:53.980,horizontal,,,0,4,0.8835,YOLO-omega,
cap_000578,2026-09-09T13:30:54.108,horizontal,,,0,3,0.8105,YOLO-omega,
cap_000579,2026-09-09T13:30:54.206,horizontal,,,0,3,0.6927,YOLO-omega,
cap_000580,2026-09-09T13:30:54.333,horizontal,,,0,1,0.8270,YOLO-omega,
cap_000581,2026-09-09T13:30:54.428,horizontal,,,0,7,0.8164,YOLO-omega,
cap_000582,2026-09-09T13:30:54.556,horizontal,,,0,7,0.7717,YOLO-omega,
cap_000583,2026-09-09T13:30:54.652,horizontal,,,0,6,0.8682,YOLO-omega,
cap_000584,2026-09-09T13:30:54.781,horizontal,,,0,8,0.8249,YOLO-omega,
cap_000585,2026-09-09T13:30:54.908,horizontal,,,0,5,0.8061,YOLO-omega,
cap_000586,2026-09-09T13:30:55.004,horizontal,,,0,6,0.8396,YOLO-omega,
cap_000587,2026-09-09T13:30:55.130,horizontal,,,0,4,0.7797,YOLO-omega,
cap_000588,2026-09-09T13:30:55.229,horizontal,,,0,4,0.8811,YOLO-omega,
cap_000589,2026-09-09T13:30:55.356,horizontal,,,0,4,0.8555,YOLO-omega,
cap_000590,2026-09-09T13:30:55.453,horizontal,,,0,5,0.8578,YOLO-omega,
cap_000591,2026-09-09T13:30:55.579,horizontal,,,0,3,0.7997,YOLO-omega,
cap_000592,2026-09-09T13:30:55.707,horizontal,,,0,6,0.7628,YOLO-omega,
cap_000593,2026-09-09T13:30:55.805,horizontal,,,0,3,0.8014,YOLO-omega,
cap_000594,2026-09-09T13:30:55.931,horizontal,,,0,4,0.8305,YOLO-omega,
cap_000595,2026-09-09T13:30:56.028,horizontal,,,0,5,0.7800,YOLO-omega,
cap_000596,2026-09-09T13:30:56.155,horizontal,,,0,5,0.7823,YOLO-omega,
cap_000597,2026-09-09T13:30:56.253,horizontal,,,0,5,0.7730,YOLO-omega,
cap_000598,2026-09-09T13:30:56.382,horizontal,,,0,5,0.7893,YOLO-omega,
cap_000599,2026-09-09T13:30:56.475,horizontal,,,0,5,0.8860,YOLO-omega,
cap_000600,2026-09-09T13:30:56.604,horizontal,,,0,6,0.7760,YOLO-omega,
cap_000601,2026-09-09T13:30:56.733,horizontal,,,0,5,0.8542,YOLO-omega,
cap_000602,2026-09-09T13:30:56.830,horizontal,,,0,5,0.8101,YOLO-omega,
cap_000603,2026-09-09T13:30:56.956,horizontal,,,0,5,0.8391,YOLO-omega,
cap_000604,2026-09-09T13:30:57.050,horizontal,,,0,3,0.7879,YOLO-omega,
cap_000605,2026-09-09T13:30:57.179,horizontal,,,0,4,0.8578,YOLO-omega,
cap_000606,2026-09-09T13:30:57.276,horizontal,,,0,4,0.8693,YOLO-omega,
cap_000607,2026-09-09T13:30:57.404,horizontal,,,0,5,0.7688,YOLO-omega,
cap_000608,2026-09-09T13:30:57.501,horizontal,,,0,5,0.7114,YOLO-omega,
cap_000609,2026-09-09T13:30:57.629,horizontal,,,0,4,0.7253,YOLO-omega,
cap_000610,2026-09-09T13:30:57.758,horizontal,,,0,4,0.8210,YOLO-omega,
cap_000611,2026-09-09T13:30:57.854,horizontal,,,0,4,0.7166,YOLO-omega,
cap_000612,2026-09-09T13:30:57.981,horizontal,,,0,4,0.7111,YOLO-omega,
cap_000613,2026-09-09T13:30:58.081,horizontal,,,0,3,0.7059,YOLO-omega,
cap_000614,2026-09-09T13:30:58.204,horizontal,,,0,6,0.7263,YOLO-omega,
cap_000615,2026-09-09T13:30:58.301,horizontal,,,0,3,0.7507,YOLO-omega,
cap_000616,2026-09-09T13:30:58.434,horizontal,,,0,5,0.6794,YOLO-omega,
cap_000617,2026-09-09T13:30:58.560,horizontal,,,0,3,0.7559,YOLO-omega,
cap_000618,2026-09-09T13:30:58.656,horizontal,,,0,5,0.6249,YOLO-omega,
cap_000619,2026-09-09T13:30:58.783,horizontal,,,0,4,0.7571,YOLO-omega,
cap_000620,2026-09-09T13:30:58.883,horizontal,,,0,4,0.6942,YOLO-omega,
cap_000621,2026-09-09T13:30:59.011,horizontal,,,0,5,0.8083,YOLO-omega,
cap_000622,2026-09-09T13:30:59.106,horizontal,,,0,6,0.8350,YOLO-omega,
cap_000623,2026-09-09T13:30:59.236,horizontal,,,0,4,0.7713,YOLO-omega,
cap_000624,2026-09-09T13:30:59.331,horizontal,,,0,4,0.7316,YOLO-omega,
cap_000625,2026-09-09T13:30:59.458,horizontal,,,0,4,0.8283,YOLO-omega,
cap_000626,2026-09-09T13:30:59.586,horizontal,,,0,6,0.8498,YOLO-omega,
cap_000627,2026-09-09T13:30:59.683,horizontal,,,0,5,0.8894,YOLO-omega,
cap_000628,2026-09-09T13:30:59.807,horizontal,,,0,7,0.6926,YOLO-omega,
cap_000629,2026-09-09T13:30:59.905,horizontal,,,0,7,0.8080,YOLO-omega,
cap_000630,2026-09-09T13:31:00.032,horizontal,,,0,7,0.7445,YOLO-omega,
cap_000631,2026-09-09T13:31:00.124,horizontal,,,0,4,0.7176,YOLO-omega,
cap_000632,2026-09-09T13:31:00.254,horizontal,,,0,5,0.8204,YOLO-omega,
cap_000633,2026-09-09T13:31:00.379,horizontal,,,0,3,0.7351,YOLO-omega,
cap_000634,2026-09-09T13:31:00.480,horizontal,,,0,5,0.8941,YOLO-omega,
cap_000635,2026-09-09T13:31:00.608,horizontal,,,0,4,0.7612,YOLO-omega,
cap_000636,2026-09-09T13:31:00.701,horizontal,,,0,5,0.9319,YOLO-omega,
cap_000637,2026-09-09T13:31:00.829,horizontal,,,0,4,0.8783,YOLO-omega,
cap_000638,2026-09-09T13:31:00.925,horizontal,,,0,5,0.8792,YOLO-omega,
cap_000639,2026-09-09T13:31:01.052,horizontal,,,0,4,0.7663,YOLO-omega,
cap_000640,2026-09-09T13:31:01.174,horizontal,,,0,2,0.8963,YOLO-omega,
cap_000641,2026-09-09T13:31:01.279,horizontal,,,0,5,0.9120,YOLO-omega,
cap_000642,2026-09-09T13:31:01.410,horizontal,,,0,4,0.8808,YOLO-omega,
cap_000643,2026-09-09T13:31:01.506,horizontal,,,0,7,0.8814,YOLO-omega,
cap_000644,2026-09-09T13:31:01.638,horizontal,,,0,7,0.8777,YOLO-omega,
cap_000645,2026-09-09T13:31:01.737,horizontal,,,0,6,0.7507,YOLO-omega,
cap_000646,2026-09-09T13:31:01.868,horizontal,,,0,5,0.7724,YOLO-omega,
cap_000647,2026-09-09T13:31:01.962,horizontal,,,0,5,0.8728,YOLO-omega,
cap_000648,2026-09-09T13:31:02.082,horizontal,,,0,5,0.7072,YOLO-omega,
cap_000649,2026-09-09T13:31:02.210,horizontal,,,0,5,0.7227,YOLO-omega,
cap_000650,2026-09-09T13:31:02.308,horizontal,,,0,3,0.7489,YOLO-omega,
cap_000651,2026-09-09T13:31:02.447,horizontal,,,0,3,0.7609,YOLO-omega,
cap_000652,2026-09-09T13:31:02.537,horizontal,,,0,4,0.7548,YOLO-omega,
cap_000653,2026-09-09T13:31:02.670,horizontal,,,0,4,0.7673,YOLO-omega,
cap_000654,2026-09-09T13:31:02.757,horizontal,,,0,4,0.7611,YOLO-omega,
cap_000655,2026-09-09T13:31:02.884,horizontal,,,0,4,0.8110,YOLO-omega,
cap_000656,2026-09-09T13:31:02.980,horizontal,,,0,5,0.7494,YOLO-omega,
cap_000657,2026-09-09T13:31:03.118,horizontal,,,0,3,0.7376,YOLO-omega,
cap_000658,2026-09-09T13:31:03.238,horizontal,,,0,4,0.6725,YOLO-omega,
cap_000659,2026-09-09T13:31:03.331,horizontal,,,0,4,0.7264,YOLO-omega,
cap_000660,2026-09-09T13:31:03.458,horizontal,,,0,5,0.8433,YOLO-omega,
cap_000661,2026-09-09T13:31:03.553,horizontal,,,0,5,0.7821,YOLO-omega,
cap_000662,2026-09-09T13:31:03.683,horizontal,,,0,4,0.7300,YOLO-omega,
cap_000663,2026-09-09T13:31:03.780,horizontal,,,0,4,0.7307,YOLO-omega,
cap_000664,2026-09-09T13:31:03.901,horizontal,,,0,4,0.7388,YOLO-omega,
cap_000665,2026-09-09T13:31:03.998,horizontal,,,0,5,0.7365,YOLO-omega,
cap_000666,2026-09-09T13:31:04.122,horizontal,,,0,4,0.7900,YOLO-omega,
cap_000667,2026-09-09T13:31:04.257,horizontal,,,0,4,0.7914,YOLO-omega,
cap_000668,2026-09-09T13:31:04.353,horizontal,,,0,5,0.7612,YOLO-omega,
cap_000669,2026-09-09T13:31:04.487,horizontal,,,0,4,0.7323,YOLO-omega,
cap_000670,2026-09-09T13:31:04.580,horizontal,,,0,4,0.7344,YOLO-omega,
cap_000671,2026-09-09T13:31:04.711,horizontal,,,0,5,0.6830,YOLO-omega,
cap_000672,2026-09-09T13:31:04.809,horizontal,,,0,5,0.6964,YOLO-omega,
cap_000673,2026-09-09T13:31:04.927,horizontal,,,0,5,0.6926,YOLO-omega,
cap_000674,2026-09-09T13:31:05.055,horizontal,,,0,6,0.7029,YOLO-omega,
cap_000675,2026-09-09T13:31:05.151,horizontal,,,0,5,0.8759,YOLO-omega,
cap_000676,2026-09-09T13:31:05.277,horizontal,,,0,4,0.7399,YOLO-omega,
cap_000677,2026-09-09T13:31:05.372,horizontal,,,0,5,0.8448,YOLO-omega,
cap_000678,2026-09-09T13:31:05.500,horizontal,,,0,5,0.8428,YOLO-omega,
cap_000679,2026-09-09T13:31:05.595,horizontal,,,0,5,0.8371,YOLO-omega,
cap_000680,2026-09-09T13:31:05.724,horizontal,,,0,5,0.8064,YOLO-omega,
cap_000681,2026-09-09T13:31:05.823,horizontal,,,0,6,0.8097,YOLO-omega,
cap_000682,2026-09-09T13:31:05.950,horizontal,,,0,6,0.7171,YOLO-omega,
cap_000683,2026-09-09T13:31:06.077,horizontal,,,0,5,0.7331,YOLO-omega,
cap_000684,2026-09-09T13:31:06.172,horizontal,,,0,5,0.7492,YOLO-omega,
cap_000685,2026-09-09T13:31:06.300,horizontal,,,0,4,0.8280,YOLO-omega,
cap_000686,2026-09-09T13:31:06.399,horizontal,,,0,4,0.7734,YOLO-omega,
cap_000687,2026-09-09T13:31:06.524,horizontal,,,0,4,0.7407,YOLO-omega,
cap_000688,2026-09-09T13:31:06.622,horizontal,,,0,5,0.8789,YOLO-omega,
cap_000689,2026-09-09T13:31:06.749,horizontal,,,0,5,0.8133,YOLO-omega,
cap_000690,2026-09-09T13:31:06.878,horizontal,,,0,4,0.8205,YOLO-omega,
cap_000691,2026-09-09T13:31:06.974,horizontal,,,0,2,0.8072,YOLO-omega,
cap_000692,2026-09-09T13:31:07.100,horizontal,,,0,2,0.7667,YOLO-omega,
cap_000693,2026-09-09T13:31:07.197,horizontal,,,0,1,0.7853,YOLO-omega,
cap_000694,2026-09-09T13:31:07.330,horizontal,,,0,3,0.7869,YOLO-omega,
cap_000695,2026-09-09T13:31:07.429,horizontal,,,0,2,0.7225,YOLO-omega,
cap_000696,2026-09-09T13:31:07.556,horizontal,,,0,2,0.7126,YOLO-omega,
cap_000697,2026-09-09T13:31:07.653,horizontal,,,0,3,0.6670,YOLO-omega,
cap_000698,2026-09-09T13:31:07.788,horizontal,,,0,3,0.6932,YOLO-omega,
cap_000699,2026-09-09T13:31:07.905,horizontal,,,0,3,0.7163,YOLO-omega,
cap_000700,2026-09-09T13:31:07.999,horizontal,,,0,4,0.7782,YOLO-omega,
cap_000701,2026-09-09T13:31:08.132,horizontal,,,0,5,0.7997,YOLO-omega,
cap_000702,2026-09-09T13:31:08.221,horizontal,,,0,5,0.7103,YOLO-omega,
cap_000703,2026-09-09T13:31:08.348,horizontal,,,0,5,0.7805,YOLO-omega,
cap_000704,2026-09-09T13:31:08.443,horizontal,,,0,4,0.7647,YOLO-omega,
cap_000705,2026-09-09T13:31:08.573,horizontal,,,0,5,0.8085,YOLO-omega,
cap_000706,2026-09-09T13:31:08.668,horizontal,,,0,4,0.7879,YOLO-omega,
cap_000707,2026-09-09T13:31:08.799,horizontal,,,0,3,0.7847,YOLO-omega,
cap_000708,2026-09-09T13:31:08.926,horizontal,,,0,4,0.7037,YOLO-omega,
cap_000709,2026-09-09T13:31:09.020,horizontal,,,0,4,0.7137,YOLO-omega,
cap_000710,2026-09-09T13:31:09.149,horizontal,,,0,4,0.7328,YOLO-omega,
cap_000711,2026-09-09T13:31:09.243,horizontal,,,0,3,0.7402,YOLO-omega,
cap_000712,2026-09-09T13:31:09.370,horizontal,,,0,4,0.7020,YOLO-omega,
cap_000713,2026-09-09T13:31:09.468,horizontal,,,0,5,0.7741,YOLO-omega,
cap_000714,2026-09-09T13:31:09.597,horizontal,,,0,6,0.8222,YOLO-omega,
cap_000715,2026-09-09T13:31:09.724,horizontal,,,0,3,0.8047,YOLO-omega,
cap_000716,2026-09-09T13:31:09.819,horizontal,,,0,6,0.7888,YOLO-omega,
cap_000717,2026-09-09T13:31:09.949,horizontal,,,0,6,0.7893,YOLO-omega,
cap_000718,2026-09-09T13:31:10.047,horizontal,,,0,6,0.8403,YOLO-omega,
cap_000719,2026-09-09T13:31:10.180,horizontal,,,0,4,0.7970,YOLO-omega,
cap_000720,2026-09-09T13:31:10.282,horizontal,,,0,5,0.8243,YOLO-omega,
cap_000721,2026-09-09T13:31:10.416,horizontal,,,0,3,0.8157,YOLO-omega,
cap_000722,2026-09-09T13:31:10.500,horizontal,,,0,4,0.8147,YOLO-omega,
cap_000723,2026-09-09T13:31:10.633,horizontal,,,0,4,0.8478,YOLO-omega,
cap_000724,2026-09-09T13:31:10.755,horizontal,,,0,4,0.8493,YOLO-omega,
cap_000725,2026-09-09T13:31:10.851,horizontal,,,0,4,0.8320,YOLO-omega,
cap_000726,2026-09-09T13:31:10.980,horizontal,,,0,4,0.8160,YOLO-omega,
cap_000727,2026-09-09T13:31:11.073,horizontal,,,0,5,0.8188,YOLO-omega,
cap_000728,2026-09-09T13:31:11.200,horizontal,,,0,4,0.8274,YOLO-omega,
cap_000729,2026-09-09T13:31:11.298,horizontal,,,0,4,0.8279,YOLO-omega,
cap_000730,2026-09-09T13:31:11.423,horizontal,,,0,4,0.8333,YOLO-omega,
cap_000731,2026-09-09T13:31:11.551,horizontal,,,0,4,0.8075,YOLO-omega,
cap_000732,2026-09-09T13:31:11.653,horizontal,,,0,5,0.8526,YOLO-omega,
cap_000733,2026-09-09T13:31:11.778,horizontal,,,0,5,0.7150,YOLO-omega,
cap_000734,2026-09-09T13:31:11.879,horizontal,,,0,5,0.8389,YOLO-omega,
cap_000735,2026-09-09T13:31:12.007,horizontal,,,0,5,0.8254,YOLO-omega,
cap_000736,2026-09-09T13:31:12.102,horizontal,,,0,6,0.7623,YOLO-omega,
cap_000737,2026-09-09T13:31:12.229,horizontal,,,0,6,0.7463,YOLO-omega,
cap_000738,2026-09-09T13:31:12.326,horizontal,,,0,4,0.8062,YOLO-omega,
cap_000739,2026-09-09T13:31:12.453,horizontal,,,0,5,0.7801,YOLO-omega,
cap_000740,2026-09-09T13:31:12.581,horizontal,,,0,6,0.8366,YOLO-omega,
cap_000741,2026-09-09T13:31:12.677,horizontal,,,0,5,0.6815,YOLO-omega,
cap_000742,2026-09-09T13:31:12.806,horizontal,,,0,3,0.7537,YOLO-omega,
cap_000743,2026-09-09T13:31:12.901,horizontal,,,0,3,0.7156,YOLO-omega,
cap_000744,2026-09-09T13:31:13.038,horizontal,,,0,3,0.8132,YOLO-omega,
cap_000745,2026-09-09T13:31:13.134,horizontal,,,0,4,0.8057,YOLO-omega,
cap_000746,2026-09-09T13:31:13.254,horizontal,,,0,4,0.8011,YOLO-omega,
cap_000747,2026-09-09T13:31:13.380,horizontal,,,0,5,0.8232,YOLO-omega,
cap_000748,2026-09-09T13:31:13.474,horizontal,,,0,4,0.8530,YOLO-omega,
cap_000749,2026-09-09T13:31:13.605,horizontal,,,0,4,0.8371,YOLO-omega,
cap_000750,2026-09-09T13:31:13.697,horizontal,,,0,3,0.8392,YOLO-omega,
cap_000751,2026-09-09T13:31:13.827,horizontal,,,0,4,0.8489,YOLO-omega,
cap_000752,2026-09-09T13:31:13.924,horizontal,,,0,4,0.8255,YOLO-omega,
cap_000753,2026-09-09T13:31:14.050,horizontal,,,0,4,0.8426,YOLO-omega,
cap_000754,2026-09-09T13:31:14.154,horizontal,,,0,4,0.8200,YOLO-omega,
cap_000755,2026-09-09T13:31:14.276,horizontal,,,0,4,0.8142,YOLO-omega,
cap_000756,2026-09-09T13:31:14.404,horizontal,,,0,3,0.8058,YOLO-omega,
cap_000757,2026-09-09T13:31:14.497,horizontal,,,0,5,0.7886,YOLO-omega,
cap_000758,2026-09-09T13:31:14.626,horizontal,,,0,5,0.6823,YOLO-omega,
cap_000759,2026-09-09T13:31:14.728,horizontal,,,0,5,0.7331,YOLO-omega,
cap_000760,2026-09-09T13:31:14.856,horizontal,,,0,5,0.7722,YOLO-omega,
cap_000761,2026-09-09T13:31:14.944,horizontal,,,0,5,0.8059,YOLO-omega,
cap_000762,2026-09-09T13:31:15.069,horizontal,,,0,4,0.7777,YOLO-omega,
cap_000763,2026-09-09T13:31:15.165,horizontal,,,0,5,0.7986,YOLO-omega,
cap_000764,2026-09-09T13:31:15.294,horizontal,,,0,5,0.8015,YOLO-omega,
cap_000765,2026-09-09T13:31:15.425,horizontal,,,0,4,0.8098,YOLO-omega,
cap_000766,2026-09-09T13:31:15.521,horizontal,,,0,5,0.8130,YOLO-omega,
cap_000767,2026-09-09T13:31:15.645,horizontal,,,0,5,0.8043,YOLO-omega,
cap_000768,2026-09-09T13:31:15.740,horizontal,,,0,5,0.7967,YOLO-omega,
cap_000769,2026-09-09T13:31:15.869,horizontal,,,0,5,0.7883,YOLO-omega,
cap_000770,2026-09-09T13:31:15.964,horizontal,,,0,5,0.7995,YOLO-omega,
cap_000771,2026-09-09T13:31:16.092,horizontal,,,0,4,0.8166,YOLO-omega,
cap_000772,2026-09-09T13:31:16.233,horizontal,,,0,4,0.8208,YOLO-omega,
cap_000773,2026-09-09T13:31:16.316,horizontal,,,0,5,0.8254,YOLO-omega,
cap_000774,2026-09-09T13:31:16.445,horizontal,,,0,5,0.8266,YOLO-omega,
cap_000775,2026-09-09T13:31:16.541,horizontal,,,0,5,0.7762,YOLO-omega,
cap_000776,2026-09-09T13:31:16.668,horizontal,,,0,5,0.8109,YOLO-omega,
cap_000777,2026-09-09T13:31:16.765,horizontal,,,0,5,0.7265,YOLO-omega,
cap_000778,2026-09-09T13:31:16.892,horizontal,,,0,5,0.7330,YOLO-omega,
cap_000779,2026-09-09T13:31:16.989,horizontal,,,0,5,0.7416,YOLO-omega,
cap_000780,2026-09-09T13:31:17.115,horizontal,,,0,3,0.8008,YOLO-omega,
cap_000781,2026-09-09T13:31:17.242,horizontal,,,0,4,0.8019,YOLO-omega,
cap_000782,2026-09-09T13:31:17.339,horizontal,,,0,4,0.7874,YOLO-omega,
cap_000783,2026-09-09T13:31:17.468,horizontal,,,0,5,0.7864,YOLO-omega,
cap_000784,2026-09-09T13:31:17.563,horizontal,,,0,5,0.8037,YOLO-omega,
cap_000785,2026-09-09T13:31:17.694,horizontal,,,0,4,0.7865,YOLO-omega,
cap_000786,2026-09-09T13:31:17.789,horizontal,,,0,4,0.7812,YOLO-omega,
cap_000787,2026-09-09T13:31:17.917,horizontal,,,0,3,0.8009,YOLO-omega,
cap_000788,2026-09-09T13:31:18.045,horizontal,,,0,3,0.8115,YOLO-omega,
cap_000789,2026-09-09T13:31:18.144,horizontal,,,0,3,0.7667,YOLO-omega,
cap_000790,2026-09-09T13:31:18.270,horizontal,,,0,3,0.8173,YOLO-omega,
cap_000791,2026-09-09T13:31:18.364,horizontal,,,0,2,0.8272,YOLO-omega,
cap_000792,2026-09-09T13:31:18.491,horizontal,,,0,3,0.8471,YOLO-omega,
cap_000793,2026-09-09T13:31:18.589,horizontal,,,0,3,0.8400,YOLO-omega,
cap_000794,2026-09-09T13:31:18.719,horizontal,,,0,3,0.8514,YOLO-omega,
cap_000795,2026-09-09T13:31:18.813,horizontal,,,0,3,0.8256,YOLO-omega,
cap_000796,2026-09-09T13:31:18.941,horizontal,,,0,3,0.8030,YOLO-omega,
cap_000797,2026-09-09T13:31:19.067,horizontal,,,0,4,0.8265,YOLO-omega,
cap_000798,2026-09-09T13:31:19.164,horizontal,,,0,4,0.8159,YOLO-omega,
cap_000799,2026-09-09T13:31:19.291,horizontal,,,0,4,0.7973,YOLO-omega,
cap_000800,2026-09-09T13:31:19.387,horizontal,,,0,4,0.7845,YOLO-omega,
cap_000801,2026-09-09T13:31:19.517,horizontal,,,0,4,0.7886,YOLO-omega,
cap_000802,2026-09-09T13:31:19.614,horizontal,,,0,5,0.7951,YOLO-omega,
cap_000803,2026-09-09T13:31:19.745,horizontal,,,0,4,0.7972,YOLO-omega,
cap_000804,2026-09-09T13:31:19.872,horizontal,,,0,4,0.8100,YOLO-omega,
cap_000805,2026-09-09T13:31:19.967,horizontal,,,0,5,0.8188,YOLO-omega,
cap_000806,2026-09-09T13:31:20.094,horizontal,,,0,4,0.8140,YOLO-omega,
cap_000807,2026-09-09T13:31:20.189,horizontal,,,0,5,0.7789,YOLO-omega,
cap_000808,2026-09-09T13:31:20.317,horizontal,,,0,5,0.8109,YOLO-omega,
cap_000809,2026-09-09T13:31:20.411,horizontal,,,0,5,0.8332,YOLO-omega,
cap_000810,2026-09-09T13:31:20.539,horizontal,,,0,5,0.8571,YOLO-omega,
cap_000811,2026-09-09T13:31:20.636,horizontal,,,0,5,0.8571,YOLO-omega,
cap_000812,2026-09-09T13:31:20.767,horizontal,,,0,6,0.8358,YOLO-omega,
cap_000813,2026-09-09T13:31:20.894,horizontal,,,0,5,0.8633,YOLO-omega,
cap_000814,2026-09-09T13:31:20.989,horizontal,,,0,6,0.8736,YOLO-omega,
cap_000815,2026-09-09T13:31:21.115,horizontal,,,0,4,0.8576,YOLO-omega,
cap_000816,2026-09-09T13:31:21.213,horizontal,,,0,6,0.8489,YOLO-omega,
cap_000817,2026-09-09T13:31:21.340,horizontal,,,0,5,0.8588,YOLO-omega,
cap_000818,2026-09-09T13:31:21.436,horizontal,,,0,4,0.8608,YOLO-omega,
cap_000819,2026-09-09T13:31:21.563,horizontal,,,0,5,0.8694,YOLO-omega,
cap_000820,2026-09-09T13:31:21.659,horizontal,,,0,6,0.8764,YOLO-omega,
cap_000821,2026-09-09T13:31:21.790,horizontal,,,0,3,0.8621,YOLO-omega,
cap_000822,2026-09-09T13:31:21.918,horizontal,,,0,5,0.8546,YOLO-omega,
cap_000823,2026-09-09T13:31:22.014,horizontal,,,0,5,0.7836,YOLO-omega,
cap_000824,2026-09-09T13:31:22.141,horizontal,,,0,5,0.8278,YOLO-omega,
cap_000825,2026-09-09T13:31:22.237,horizontal,,,0,5,0.6661,YOLO-omega,
cap_000826,2026-09-09T13:31:22.363,horizontal,,,0,4,0.8823,YOLO-omega,
cap_000827,2026-09-09T13:31:22.463,horizontal,,,0,5,0.7100,YOLO-omega,
cap_000828,2026-09-09T13:31:22.591,horizontal,,,0,5,0.7350,YOLO-omega,
cap_000829,2026-09-09T13:31:22.719,horizontal,,,0,4,0.8204,YOLO-omega,
cap_000830,2026-09-09T13:31:22.815,horizontal,,,0,4,0.8321,YOLO-omega,
cap_000831,2026-09-09T13:31:22.943,horizontal,,,0,5,0.8284,YOLO-omega,
cap_000832,2026-09-09T13:31:23.037,horizontal,,,0,5,0.8025,YOLO-omega,
cap_000833,2026-09-09T13:31:23.174,horizontal,,,0,4,0.8109,YOLO-omega,
cap_000834,2026-09-09T13:31:23.266,horizontal,,,0,5,0.7887,YOLO-omega,
cap_000835,2026-09-09T13:31:23.397,horizontal,,,0,5,0.7455,YOLO-omega,
cap_000836,2026-09-09T13:31:23.495,horizontal,,,0,4,0.7753,YOLO-omega,
cap_000837,2026-09-09T13:31:23.621,horizontal,,,0,5,0.8027,YOLO-omega,
cap_000838,2026-09-09T13:31:23.751,horizontal,,,0,4,0.7811,YOLO-omega,
cap_000839,2026-09-09T13:31:23.852,horizontal,,,0,5,0.7624,YOLO-omega,
cap_000840,2026-09-09T13:31:23.981,horizontal,,,0,4,0.7471,YOLO-omega,
cap_000841,2026-09-09T13:31:24.069,horizontal,,,0,4,0.7293,YOLO-omega,
cap_000842,2026-09-09T13:31:24.194,horizontal,,,0,5,0.7679,YOLO-omega,
cap_000843,2026-09-09T13:31:24.288,horizontal,,,0,3,0.7637,YOLO-omega,
cap_000844,2026-09-09T13:31:24.414,horizontal,,,0,5,0.7502,YOLO-omega,
cap_000845,2026-09-09T13:31:24.541,horizontal,,,0,4,0.8021,YOLO-omega,
cap_000846,2026-09-09T13:31:24.638,horizontal,,,0,5,0.7256,YOLO-omega,
cap_000847,2026-09-09T13:31:24.765,horizontal,,,0,3,0.8175,YOLO-omega,
cap_000848,2026-09-09T13:31:24.859,horizontal,,,0,5,0.8139,YOLO-omega,
cap_000849,2026-09-09T13:31:24.988,horizontal,,,0,4,0.7973,YOLO-omega,
cap_000850,2026-09-09T13:31:25.084,horizontal,,,0,4,0.8307,YOLO-omega,
cap_000851,2026-09-09T13:31:25.221,horizontal,,,0,4,0.8238,YOLO-omega,
cap_000852,2026-09-09T13:31:25.312,horizontal,,,0,3,0.8136,YOLO-omega,
cap_000853,2026-09-09T13:31:25.449,horizontal,,,0,4,0.8108,YOLO-omega,
cap_000854,2026-09-09T13:31:25.573,horizontal,,,0,4,0.8524,YOLO-omega,
cap_000855,2026-09-09T13:31:25.675,horizontal,,,0,4,0.8645,YOLO-omega,
cap_000856,2026-09-09T13:31:25.800,horizontal,,,0,2,0.8956,YOLO-omega,
cap_000857,2026-09-09T13:31:25.894,horizontal,,,0,2,0.8367,YOLO-omega,
cap_000858,2026-09-09T13:31:26.019,horizontal,,,0,3,0.7736,YOLO-omega,
cap_000859,2026-09-09T13:31:26.113,horizontal,,,0,3,0.7767,YOLO-omega,
cap_000860,2026-09-09T13:31:26.252,horizontal,,,0,4,0.7514,YOLO-omega,
cap_000861,2026-09-09T13:31:26.374,horizontal,,,0,5,0.8140,YOLO-omega,
cap_000862,2026-09-09T13:31:26.471,horizontal,,,0,4,0.8237,YOLO-omega,
cap_000863,2026-09-09T13:31:26.600,horizontal,,,0,4,0.7847,YOLO-omega,
cap_000864,2026-09-09T13:31:26.697,horizontal,,,0,5,0.7971,YOLO-omega,
cap_000865,2026-09-09T13:31:26.827,horizontal,,,0,5,0.7814,YOLO-omega,
cap_000866,2026-09-09T13:31:26.922,horizontal,,,0,5,0.8590,YOLO-omega,
cap_000867,2026-09-09T13:31:27.047,horizontal,,,0,5,0.7893,YOLO-omega,
cap_000868,2026-09-09T13:31:27.141,horizontal,,,0,6,0.8071,YOLO-omega,
cap_000869,2026-09-09T13:31:27.269,horizontal,,,0,4,0.8290,YOLO-omega,
cap_000870,2026-09-09T13:31:29.106,horizontal,,,0,3,0.8340,YOLO-omega,
cap_000871,2026-09-09T13:31:29.213,horizontal,,,0,4,0.8967,YOLO-omega,
cap_000872,2026-09-09T13:31:29.309,horizontal,,,0,2,0.8822,YOLO-omega,
cap_000873,2026-09-09T13:31:29.438,horizontal,,,0,3,0.8516,YOLO-omega,
cap_000874,2026-09-09T13:31:29.532,horizontal,,,0,2,0.8830,YOLO-omega,
cap_000875,2026-09-09T13:31:29.661,horizontal,,,0,2,0.9141,YOLO-omega,
cap_000876,2026-09-09T13:31:29.761,horizontal,,,0,2,0.9248,YOLO-omega,
cap_000877,2026-09-09T13:31:29.889,horizontal,,,0,2,0.9277,YOLO-omega,
cap_000878,2026-09-09T13:31:29.981,horizontal,,,0,3,0.9194,YOLO-omega,
cap_000879,2026-09-09T13:31:30.113,horizontal,,,0,2,0.8481,YOLO-omega,
cap_000880,2026-09-09T13:31:30.237,horizontal,,,0,2,0.8054,YOLO-omega,
cap_000881,2026-09-09T13:31:30.332,horizontal,,,0,2,0.8082,YOLO-omega,
cap_000882,2026-09-09T13:31:30.461,horizontal,,,0,2,0.8250,YOLO-omega,
cap_000883,2026-09-09T13:31:30.558,horizontal,,,0,2,0.8888,YOLO-omega,
cap_000884,2026-09-09T13:31:30.684,horizontal,,,0,3,0.8718,YOLO-omega,
cap_000885,2026-09-09T13:31:30.783,horizontal,,,0,3,0.8850,YOLO-omega,
cap_000886,2026-09-09T13:31:30.913,horizontal,,,0,3,0.8901,YOLO-omega,
cap_000887,2026-09-09T13:31:31.046,horizontal,,,0,2,0.8718,YOLO-omega,
cap_000888,2026-09-09T13:31:31.143,horizontal,,,0,2,0.8917,YOLO-omega,
cap_000889,2026-09-09T13:31:31.269,horizontal,,,0,3,0.8946,YOLO-omega,
cap_000890,2026-09-09T13:31:31.366,horizontal,,,0,2,0.9116,YOLO-omega,
cap_000891,2026-09-09T13:31:31.493,horizontal,,,0,3,0.9052,YOLO-omega,
cap_000892,2026-09-09T13:31:31.588,horizontal,,,0,3,0.9006,YOLO-omega,
cap_000893,2026-09-09T13:31:31.716,horizontal,,,0,3,0.8968,YOLO-omega,
cap_000894,2026-09-09T13:31:31.811,horizontal,,,0,3,0.9029,YOLO-omega,
cap_000895,2026-09-09T13:31:31.938,horizontal,,,0,3,0.8928,YOLO-omega,
cap_000896,2026-09-09T13:31:32.067,horizontal,,,0,3,0.8848,YOLO-omega,
cap_000897,2026-09-09T13:31:32.159,horizontal,,,0,2,0.8941,YOLO-omega,
cap_000898,2026-09-09T13:31:32.285,horizontal,,,0,3,0.8823,YOLO-omega,
cap_000899,2026-09-09T13:31:32.384,horizontal,,,0,3,0.8798,YOLO-omega,
cap_000900,2026-09-09T13:31:32.512,horizontal,,,0,3,0.8670,YOLO-omega,
cap_000901,2026-09-09T13:31:32.610,horizontal,,,0,3,0.8765,YOLO-omega,
cap_000902,2026-09-09T13:31:32.743,horizontal,,,0,2,0.8626,YOLO-omega,
cap_000903,2026-09-09T13:31:32.874,horizontal,,,0,2,0.8378,YOLO-omega,
cap_000904,2026-09-09T13:31:32.971,horizontal,,,0,2,0.8451,YOLO-omega,
cap_000905,2026-09-09T13:31:33.104,horizontal,,,0,2,0.8319,YOLO-omega,
cap_000906,2026-09-09T13:31:33.193,horizontal,,,0,2,0.8529,YOLO-omega,
cap_000907,2026-09-09T13:31:33.318,horizontal,,,0,2,0.8730,YOLO-omega,
cap_000908,2026-09-09T13:31:33.410,horizontal,,,0,2,0.8945,YOLO-omega,
cap_000909,2026-09-09T13:31:33.539,horizontal,,,0,2,0.8927,YOLO-omega,
cap_000910,2026-09-09T13:31:33.632,horizontal,,,0,2,0.8827,YOLO-omega,
cap_000911,2026-09-09T13:31:33.762,horizontal,,,0,3,0.8614,YOLO-omega,
cap_000912,2026-09-09T13:31:33.892,horizontal,,,0,3,0.8740,YOLO-omega,
cap_000913,2026-09-09T13:31:33.980,horizontal,,,0,3,0.8792,YOLO-omega,
cap_000914,2026-09-09T13:31:34.114,horizontal,,,0,4,0.8771,YOLO-omega,
cap_000915,2026-09-09T13:31:34.207,horizontal,,,0,4,0.8701,YOLO-omega,
cap_000916,2026-09-09T13:31:34.335,horizontal,,,0,3,0.8847,YOLO-omega,
cap_000917,2026-09-09T13:31:34.431,horizontal,,,0,3,0.8849,YOLO-omega,
cap_000918,2026-09-09T13:31:34.556,horizontal,,,0,2,0.9072,YOLO-omega,
cap_000919,2026-09-09T13:31:34.654,horizontal,,,0,4,0.8952,YOLO-omega,
cap_000920,2026-09-09T13:31:34.782,horizontal,,,0,2,0.8731,YOLO-omega,
cap_000921,2026-09-09T13:31:34.912,horizontal,,,0,3,0.8736,YOLO-omega,
cap_000922,2026-09-09T13:31:35.006,horizontal,,,0,2,0.8804,YOLO-omega,
cap_000923,2026-09-09T13:31:35.134,horizontal,,,0,5,0.8755,YOLO-omega,
cap_000924,2026-09-09T13:31:35.228,horizontal,,,0,2,0.8731,YOLO-omega,
cap_000925,2026-09-09T13:31:35.356,horizontal,,,0,2,0.7913,YOLO-omega,
cap_000926,2026-09-09T13:31:35.452,horizontal,,,0,2,0.7184,YOLO-omega,
cap_000927,2026-09-09T13:31:35.580,horizontal,,,0,2,0.8131,YOLO-omega,
cap_000928,2026-09-09T13:31:35.708,horizontal,,,0,2,0.8718,YOLO-omega,
cap_000929,2026-09-09T13:31:35.805,horizontal,,,0,2,0.8899,YOLO-omega,
cap_000930,2026-09-09T13:31:35.932,horizontal,,,0,2,0.8717,YOLO-omega,
cap_000931,2026-09-09T13:31:36.031,horizontal,,,0,2,0.6349,YOLO-omega,
cap_000932,2026-09-09T13:31:36.159,horizontal,,,0,4,0.6644,YOLO-omega,
cap_000933,2026-09-09T13:31:36.256,horizontal,,,0,4,0.8843,YOLO-omega,
cap_000934,2026-09-09T13:31:36.381,horizontal,,,0,4,0.8498,YOLO-omega,
cap_000935,2026-09-09T13:31:36.478,horizontal,,,0,4,0.8744,YOLO-omega,
cap_000936,2026-09-09T13:31:36.607,horizontal,,,0,3,0.8715,YOLO-omega,
cap_000937,2026-09-09T13:31:36.734,horizontal,,,0,3,0.8585,YOLO-omega,
cap_000938,2026-09-09T13:31:36.831,horizontal,,,0,3,0.8651,YOLO-omega,
cap_000939,2026-09-09T13:31:36.956,horizontal,,,0,3,0.8659,YOLO-omega,
cap_000940,2026-09-09T13:31:37.052,horizontal,,,0,3,0.9126,YOLO-omega,
cap_000941,2026-09-09T13:31:37.178,horizontal,,,0,3,0.8573,YOLO-omega,
cap_000942,2026-09-09T13:31:37.275,horizontal,,,0,3,0.8824,YOLO-omega,
cap_000943,2026-09-09T13:31:37.403,horizontal,,,0,3,0.8737,YOLO-omega,
cap_000944,2026-09-09T13:31:37.536,horizontal,,,0,3,0.9546,YOLO-omega,
cap_000945,2026-09-09T13:31:37.629,horizontal,,,0,3,0.8664,YOLO-omega,
cap_000946,2026-09-09T13:31:37.761,horizontal,,,0,3,0.8639,YOLO-omega,
cap_000947,2026-09-09T13:31:37.855,horizontal,,,0,2,0.8636,YOLO-omega,
cap_000948,2026-09-09T13:31:37.982,horizontal,,,0,1,0.8671,YOLO-omega,
cap_000949,2026-09-09T13:31:38.083,horizontal,,,0,1,0.8882,YOLO-omega,
cap_000950,2026-09-09T13:31:38.205,horizontal,,,0,1,0.7416,YOLO-omega,
cap_000951,2026-09-09T13:31:38.300,horizontal,,,0,2,0.7326,YOLO-omega,
cap_000952,2026-09-09T13:31:38.430,horizontal,,,0,4,0.4792,YOLO-omega,
cap_000953,2026-09-09T13:31:38.555,horizontal,,,0,1,0.8626,YOLO-omega,
cap_000954,2026-09-09T13:31:38.651,horizontal,,,0,1,0.8729,YOLO-omega,
cap_000955,2026-09-09T13:31:38.779,horizontal,,,0,1,0.8621,YOLO-omega,
cap_000956,2026-09-09T13:31:38.879,horizontal,,,0,1,0.8621,YOLO-omega,
cap_000957,2026-09-09T13:33:16.903,horizontal,,,0,4,0.7547,YOLO-omega,
cap_000958,2026-09-09T13:33:17.016,horizontal,,,0,3,0.7678,YOLO-omega,
cap_000959,2026-09-09T13:33:17.111,horizontal,,,0,4,0.7649,YOLO-omega,
cap_000960,2026-09-09T13:33:17.241,horizontal,,,0,3,0.7401,YOLO-omega,
cap_000961,2026-09-09T13:33:17.374,horizontal,,,0,4,0.7784,YOLO-omega,
cap_000962,2026-09-09T13:33:17.467,horizontal,,,0,3,0.7845,YOLO-omega,
cap_000963,2026-09-09T13:33:17.593,horizontal,,,0,3,0.7882,YOLO-omega,
cap_000964,2026-09-09T13:33:17.689,horizontal,,,0,3,0.7542,YOLO-omega,
cap_000965,2026-09-09T13:33:17.819,horizontal,,,0,4,0.7275,YOLO-omega,
cap_000966,2026-09-09T13:33:17.914,horizontal,,,0,4,0.7401,YOLO-omega,
cap_000967,2026-09-09T13:33:18.043,horizontal,,,0,5,0.7842,YOLO-omega,
cap_000968,2026-09-09T13:33:18.141,horizontal,,,0,5,0.7858,YOLO-omega,
cap_000969,2026-09-09T13:33:18.264,horizontal,,,0,5,0.8062,YOLO-omega,
cap_000970,2026-09-09T13:33:18.411,horizontal,,,0,4,0.8914,YOLO-omega,
cap_000971,2026-09-09T13:33:18.490,horizontal,,,0,4,0.8777,YOLO-omega,
cap_000972,2026-09-09T13:33:18.614,horizontal,,,0,4,0.7638,YOLO-omega,
cap_000973,2026-09-09T13:33:18.713,horizontal,,,0,4,0.8082,YOLO-omega,
cap_000974,2026-09-09T13:33:18.849,horizontal,,,0,3,0.8435,YOLO-omega,
cap_000975,2026-09-09T13:33:18.934,horizontal,,,0,3,0.8132,YOLO-omega,
cap_000976,2026-09-09T13:33:19.060,horizontal,,,0,4,0.8937,YOLO-omega,
cap_000977,2026-09-09T13:33:19.188,horizontal,,,0,4,0.8257,YOLO-omega,
cap_000978,2026-09-09T13:33:19.286,horizontal,,,0,3,0.8022,YOLO-omega,
cap_000979,2026-09-09T13:33:19.410,horizontal,,,0,4,0.8188,YOLO-omega,
cap_000980,2026-09-09T13:33:19.505,horizontal,,,0,3,0.7511,YOLO-omega,
cap_000981,2026-09-09T13:33:19.635,horizontal,,,0,3,0.7533,YOLO-omega,
cap_000982,2026-09-09T13:33:19.731,horizontal,,,0,3,0.8064,YOLO-omega,
cap_000983,2026-09-09T13:33:19.861,horizontal,,,0,4,0.8574,YOLO-omega,
cap_000984,2026-09-09T13:33:19.954,horizontal,,,0,3,0.8370,YOLO-omega,
cap_000985,2026-09-09T13:33:20.083,horizontal,,,0,4,0.7694,YOLO-omega,
cap_000986,2026-09-09T13:33:20.211,horizontal,,,0,3,0.8179,YOLO-omega,
cap_000987,2026-09-09T13:33:20.306,horizontal,,,0,3,0.8070,YOLO-omega,
cap_000988,2026-09-09T13:33:20.434,horizontal,,,0,3,0.8202,YOLO-omega,
cap_000989,2026-09-09T13:33:20.530,horizontal,,,0,3,0.7670,YOLO-omega,
cap_000990,2026-09-09T13:33:20.657,horizontal,,,0,3,0.7341,YOLO-omega,
cap_000991,2026-09-09T13:33:20.755,horizontal,,,0,3,0.7473,YOLO-omega,
cap_000992,2026-09-09T13:33:20.883,horizontal,,,0,4,0.8155,YOLO-omega,
cap_000993,2026-09-09T13:33:20.977,horizontal,,,0,4,0.7983,YOLO-omega,
cap_000994,2026-09-09T13:33:21.107,horizontal,,,0,3,0.7398,YOLO-omega,
cap_000995,2026-09-09T13:33:21.234,horizontal,,,0,4,0.7352,YOLO-omega,
cap_000996,2026-09-09T13:33:21.331,horizontal,,,0,3,0.7612,YOLO-omega,
cap_000997,2026-09-09T13:33:21.458,horizontal,,,0,3,0.7563,YOLO-omega,
cap_000998,2026-09-09T13:33:21.554,horizontal,,,0,3,0.8036,YOLO-omega,
cap_000999,2026-09-09T13:33:21.683,horizontal,,,0,4,0.7737,YOLO-omega,
cap_001000,2026-09-09T13:33:21.778,horizontal,,,0,3,0.7672,YOLO-omega,
cap_001001,2026-09-09T13:33:21.906,horizontal,,,0,3,0.7640,YOLO-omega,
cap_001002,2026-09-09T13:33:22.033,horizontal,,,0,3,0.7783,YOLO-omega,
cap_001003,2026-09-09T13:33:22.131,horizontal,,,0,3,0.7574,YOLO-omega,
cap_001004,2026-09-09T13:33:22.258,horizontal,,,0,3,0.7940,YOLO-omega,
cap_001005,2026-09-09T13:33:22.357,horizontal,,,0,3,0.8054,YOLO-omega,
cap_001006,2026-09-09T13:33:22.483,horizontal,,,0,3,0.7754,YOLO-omega,
cap_001007,2026-09-09T13:33:22.578,horizontal,,,0,3,0.7807,YOLO-omega,
cap_001008,2026-09-09T13:33:22.705,horizontal,,,0,4,0.7794,YOLO-omega,
cap_001009,2026-09-09T13:33:22.802,horizontal,,,0,4,0.7723,YOLO-omega,
cap_001010,2026-09-09T13:33:22.930,horizontal,,,0,4,0.7753,YOLO-omega,
cap_001011,2026-09-09T13:33:23.058,horizontal,,,0,3,0.7998,YOLO-omega,
cap_001012,2026-09-09T13:33:23.155,horizontal,,,0,3,0.7817,YOLO-omega,
cap_001013,2026-09-09T13:33:23.284,horizontal,,,0,3,0.7902,YOLO-omega,
cap_001014,2026-09-09T13:33:23.378,horizontal,,,0,3,0.7582,YOLO-omega,
cap_001015,2026-09-09T13:33:23.507,horizontal,,,0,3,0.7508,YOLO-omega,
cap_001016,2026-09-09T13:33:23.603,horizontal,,,0,3,0.7441,YOLO-omega,
cap_001017,2026-09-09T13:33:23.731,horizontal,,,0,4,0.7339,YOLO-omega,
cap_001018,2026-09-09T13:33:23.860,horizontal,,,0,2,0.7233,YOLO-omega,
cap_001019,2026-09-09T13:33:23.959,horizontal,,,0,3,0.7209,YOLO-omega,
cap_001020,2026-09-09T13:33:24.086,horizontal,,,0,2,0.7299,YOLO-omega,
cap_001021,2026-09-09T13:33:24.187,horizontal,,,0,3,0.9114,YOLO-omega,
cap_001022,2026-09-09T13:33:24.309,horizontal,,,0,3,0.9081,YOLO-omega,
cap_001023,2026-09-09T13:33:24.404,horizontal,,,0,3,0.9038,YOLO-omega,
cap_001024,2026-09-09T13:33:24.530,horizontal,,,0,3,0.9108,YOLO-omega,
cap_001025,2026-09-09T13:33:24.629,horizontal,,,0,3,0.8952,YOLO-omega,
cap_001026,2026-09-09T13:33:24.755,horizontal,,,0,3,0.8894,YOLO-omega,
cap_001027,2026-09-09T13:33:24.887,horizontal,,,0,3,0.9170,YOLO-omega,
cap_001028,2026-09-09T13:33:24.980,horizontal,,,0,3,0.9238,YOLO-omega,
cap_001029,2026-09-09T13:33:25.108,horizontal,,,0,3,0.9266,YOLO-omega,
cap_001030,2026-09-09T13:33:25.204,horizontal,,,0,3,0.9241,YOLO-omega,
cap_001031,2026-09-09T13:33:25.331,horizontal,,,0,2,0.9292,YOLO-omega,
cap_001032,2026-09-09T13:33:25.426,horizontal,,,0,3,0.9361,YOLO-omega,
cap_001033,2026-09-09T13:33:25.556,horizontal,,,0,3,0.9312,YOLO-omega,
cap_001034,2026-09-09T13:33:25.651,horizontal,,,0,3,0.9263,YOLO-omega,
cap_001035,2026-09-09T13:33:25.779,horizontal,,,0,3,0.9313,YOLO-omega,
cap_001036,2026-09-09T13:33:25.905,horizontal,,,0,2,0.9276,YOLO-omega,
cap_001037,2026-09-09T13:33:26.002,horizontal,,,0,3,0.9251,YOLO-omega,
cap_001038,2026-09-09T13:33:26.130,horizontal,,,0,3,0.9368,YOLO-omega,
cap_001039,2026-09-09T13:33:26.226,horizontal,,,0,3,0.9336,YOLO-omega,
cap_001040,2026-09-09T13:33:26.356,horizontal,,,0,2,0.9347,YOLO-omega,
cap_001041,2026-09-09T13:33:26.450,horizontal,,,0,4,0.9324,YOLO-omega,
cap_001042,2026-09-09T13:33:26.578,horizontal,,,0,5,0.9411,YOLO-omega,
cap_001043,2026-09-09T13:33:26.707,horizontal,,,0,3,0.9461,YOLO-omega,
cap_001044,2026-09-09T13:33:26.803,horizontal,,,0,4,0.9440,YOLO-omega,
cap_001045,2026-09-09T13:33:26.932,horizontal,,,0,3,0.9459,YOLO-omega,
cap_001046,2026-09-09T13:33:27.026,horizontal,,,0,2,0.9431,YOLO-omega,
cap_001047,2026-09-09T13:33:27.155,horizontal,,,0,2,0.9377,YOLO-omega,
cap_001048,2026-09-09T13:33:27.253,horizontal,,,0,2,0.9278,YOLO-omega,
cap_001049,2026-09-09T13:33:27.379,horizontal,,,0,4,0.9315,YOLO-omega,
cap_001050,2026-09-09T13:33:27.475,horizontal,,,0,4,0.9330,YOLO-omega,
cap_001051,2026-09-09T13:33:27.604,horizontal,,,0,4,0.9265,YOLO-omega,
cap_001052,2026-09-09T13:33:27.730,horizontal,,,0,4,0.9231,YOLO-omega,
cap_001053,2026-09-09T13:33:27.827,horizontal,,,0,4,0.9183,YOLO-omega,
cap_001054,2026-09-09T13:33:27.955,horizontal,,,0,3,0.9198,YOLO-omega,
cap_001055,2026-09-09T13:33:28.057,horizontal,,,0,3,0.9296,YOLO-omega,
cap_001056,2026-09-09T13:33:28.182,horizontal,,,0,2,0.9253,YOLO-omega,
cap_001057,2026-09-09T13:33:28.279,horizontal,,,0,2,0.9179,YOLO-omega,
cap_001058,2026-09-09T13:33:28.407,horizontal,,,0,2,0.9224,YOLO-omega,
cap_001059,2026-09-09T13:33:28.534,horizontal,,,0,3,0.9273,YOLO-omega,
cap_001060,2026-09-09T13:33:28.631,horizontal,,,0,3,0.9258,YOLO-omega,
cap_001061,2026-09-09T13:33:28.759,horizontal,,,0,3,0.9320,YOLO-omega,
cap_001062,2026-09-09T13:33:28.853,horizontal,,,0,3,0.9461,YOLO-omega,
cap_001063,2026-09-09T13:33:28.980,horizontal,,,0,3,0.9419,YOLO-omega,
cap_001064,2026-09-09T13:33:29.077,horizontal,,,0,3,0.9162,YOLO-omega,
cap_001065,2026-09-09T13:33:29.208,horizontal,,,0,4,0.8344,YOLO-omega,
cap_001066,2026-09-09T13:33:29.304,horizontal,,,0,3,0.8950,YOLO-omega,
cap_001067,2026-09-09T13:33:29.431,horizontal,,,0,4,0.7916,YOLO-omega,
cap_001068,2026-09-09T13:33:29.558,horizontal,,,0,3,0.7739,YOLO-omega,
cap_001069,2026-09-09T13:33:29.653,horizontal,,,0,4,0.9338,YOLO-omega,
cap_001070,2026-09-09T13:33:29.783,horizontal,,,0,3,0.9186,YOLO-omega,
cap_001071,2026-09-09T13:33:29.877,horizontal,,,0,4,0.9219,YOLO-omega,
cap_001072,2026-09-09T13:33:30.005,horizontal,,,0,3,0.9105,YOLO-omega,
cap_001073,2026-09-09T13:33:30.105,horizontal,,,0,4,0.9242,YOLO-omega,
cap_001074,2026-09-09T13:33:30.233,horizontal,,,0,4,0.9059,YOLO-omega,
cap_001075,2026-09-09T13:33:30.358,horizontal,,,0,4,0.8716,YOLO-omega,
cap_001076,2026-09-09T13:33:30.455,horizontal,,,0,4,0.7369,YOLO-omega,
cap_001077,2026-09-09T13:33:30.580,horizontal,,,0,4,0.7411,YOLO-omega,
cap_001078,2026-09-09T13:33:30.677,horizontal,,,0,3,0.9045,YOLO-omega,
cap_001079,2026-09-09T13:33:30.803,horizontal,,,0,3,0.9088,YOLO-omega,
cap_001080,2026-09-09T13:33:30.900,horizontal,,,0,3,0.8724,YOLO-omega,
cap_001081,2026-09-09T13:33:31.025,horizontal,,,0,4,0.8877,YOLO-omega,
cap_001082,2026-09-09T13:33:31.125,horizontal,,,0,2,0.7926,YOLO-omega,
cap_001083,2026-09-09T13:33:31.267,horizontal,,,0,4,0.7913,YOLO-omega,
cap_001084,2026-09-09T13:33:31.381,horizontal,,,0,3,0.8605,YOLO-omega,
cap_001085,2026-09-09T13:33:31.482,horizontal,,,0,4,0.8659,YOLO-omega,
cap_001086,2026-09-09T13:33:31.605,horizontal,,,0,5,0.8996,YOLO-omega,
cap_001087,2026-09-09T13:33:31.701,horizontal,,,0,5,0.8755,YOLO-omega,
cap_001088,2026-09-09T13:33:31.827,horizontal,,,0,5,0.7381,YOLO-omega,
cap_001089,2026-09-09T13:33:31.942,horizontal,,,0,5,0.7508,YOLO-omega,
cap_001090,2026-09-09T13:33:32.066,horizontal,,,0,4,0.7316,YOLO-omega,
cap_001091,2026-09-09T13:33:32.150,horizontal,,,0,4,0.8982,YOLO-omega,
cap_001092,2026-09-09T13:33:32.274,horizontal,,,0,4,0.9063,YOLO-omega,
cap_001093,2026-09-09T13:33:32.401,horizontal,,,0,4,0.9298,YOLO-omega,
cap_001094,2026-09-09T13:33:32.499,horizontal,,,0,4,0.9467,YOLO-omega,
cap_001095,2026-09-09T13:33:32.628,horizontal,,,0,4,0.9469,YOLO-omega,
cap_001096,2026-09-09T13:33:32.724,horizontal,,,0,4,0.9295,YOLO-omega,
cap_001097,2026-09-09T13:33:32.855,horizontal,,,0,4,0.9347,YOLO-omega,
cap_001098,2026-09-09T13:33:32.950,horizontal,,,0,4,0.9416,YOLO-omega,
cap_001099,2026-09-09T13:33:33.075,horizontal,,,0,4,0.9247,YOLO-omega,
cap_001100,2026-09-09T13:33:33.207,horizontal,,,0,4,0.9259,YOLO-omega,
cap_001101,2026-09-09T13:33:33.309,horizontal,,,0,4,0.9150,YOLO-omega,
cap_001102,2026-09-09T13:33:33.475,horizontal,,,0,4,0.9285,YOLO-omega,
cap_001103,2026-09-09T13:33:33.550,horizontal,,,0,4,0.9210,YOLO-omega,
cap_001104,2026-09-09T13:33:33.663,horizontal,,,0,4,0.9316,YOLO-omega,
cap_001105,2026-09-09T13:33:33.763,horizontal,,,0,4,0.9260,YOLO-omega,
cap_001106,2026-09-09T13:33:33.882,horizontal,,,0,4,0.9321,YOLO-omega,
cap_001107,2026-09-09T13:33:33.978,horizontal,,,0,4,0.9354,YOLO-omega,
cap_001108,2026-09-09T13:33:34.119,horizontal,,,0,4,0.9370,YOLO-omega,
cap_001109,2026-09-09T13:33:34.234,horizontal,,,0,4,0.9375,YOLO-omega,
cap_001110,2026-09-09T13:33:34.330,horizontal,,,0,4,0.9295,YOLO-omega,
cap_001111,2026-09-09T13:33:34.458,horizontal,,,0,4,0.9022,YOLO-omega,
cap_001112,2026-09-09T13:33:34.552,horizontal,,,0,4,0.7424,YOLO-omega,
cap_001113,2026-09-09T13:33:34.686,horizontal,,,0,4,0.7512,YOLO-omega,
cap_001114,2026-09-09T13:33:34.779,horizontal,,,0,3,0.7567,YOLO-omega,
cap_001115,2026-09-09T13:33:34.908,horizontal,,,0,4,0.7599,YOLO-omega,
cap_001116,2026-09-09T13:33:35.034,horizontal,,,0,3,0.8626,YOLO-omega,
cap_001117,2026-09-09T13:33:35.130,horizontal,,,0,3,0.7512,YOLO-omega,
cap_001118,2026-09-09T13:33:35.259,horizontal,,,0,4,0.7496,YOLO-omega,
cap_001119,2026-09-09T13:33:35.351,horizontal,,,0,3,0.9116,YOLO-omega,
cap_001120,2026-09-09T13:33:35.482,horizontal,,,0,4,0.9540,YOLO-omega,
cap_001121,2026-09-09T13:33:35.579,horizontal,,,0,4,0.9255,YOLO-omega,
cap_001122,2026-09-09T13:33:35.705,horizontal,,,0,3,0.9456,YOLO-omega,
cap_001123,2026-09-09T13:33:35.800,horizontal,,,0,5,0.7612,YOLO-omega,
cap_001124,2026-09-09T13:33:35.927,horizontal,,,0,3,0.7495,YOLO-omega,
cap_001125,2026-09-09T13:33:36.052,horizontal,,,0,3,0.7412,YOLO-omega,
cap_001126,2026-09-09T13:33:36.150,horizontal,,,0,3,0.8612,YOLO-omega,
cap_001127,2026-09-09T13:33:36.276,horizontal,,,0,4,0.8573,YOLO-omega,
cap_001128,2026-09-09T13:33:36.370,horizontal,,,0,3,0.8241,YOLO-omega,
cap_001129,2026-09-09T13:33:36.498,horizontal,,,0,5,0.7443,YOLO-omega,
cap_001130,2026-09-09T13:33:36.594,horizontal,,,0,4,0.8519,YOLO-omega,
cap_001131,2026-09-09T13:33:36.723,horizontal,,,0,4,0.9225,YOLO-omega,
cap_001132,2026-09-09T13:33:36.850,horizontal,,,0,4,0.9240,YOLO-omega,
cap_001133,2026-09-09T13:33:36.946,horizontal,,,0,3,0.9217,YOLO-omega,
cap_001134,2026-09-09T13:33:37.075,horizontal,,,0,3,0.9143,YOLO-omega,
cap_001135,2026-09-09T13:33:37.170,horizontal,,,0,2,0.9118,YOLO-omega,
cap_001136,2026-09-09T13:33:37.299,horizontal,,,0,3,0.8840,YOLO-omega,
cap_001137,2026-09-09T13:33:37.393,horizontal,,,0,3,0.7350,YOLO-omega,
cap_001138,2026-09-09T13:33:37.522,horizontal,,,0,2,0.8751,YOLO-omega,
cap_001139,2026-09-09T13:33:37.620,horizontal,,,0,3,0.9144,YOLO-omega,
cap_001140,2026-09-09T13:33:37.748,horizontal,,,0,2,0.9135,YOLO-omega,
cap_001141,2026-09-09T13:33:37.876,horizontal,,,0,2,0.9073,YOLO-omega,
cap_001142,2026-09-09T13:33:37.971,horizontal,,,0,3,0.9147,YOLO-omega,
cap_001143,2026-09-09T13:33:38.099,horizontal,,,0,3,0.9309,YOLO-omega,
cap_001144,2026-09-09T13:33:38.194,horizontal,,,0,3,0.9340,YOLO-omega,
cap_001145,2026-09-09T13:33:38.323,horizontal,,,0,3,0.9341,YOLO-omega,
cap_001146,2026-09-09T13:33:38.419,horizontal,,,0,4,0.9424,YOLO-omega,
cap_001147,2026-09-09T13:33:38.546,horizontal,,,0,4,0.8823,YOLO-omega,
cap_001148,2026-09-09T13:33:38.642,horizontal,,,0,4,0.8584,YOLO-omega,
cap_001149,2026-09-09T13:33:38.772,horizontal,,,0,4,0.8735,YOLO-omega,
cap_001150,2026-09-09T13:33:38.899,horizontal,,,0,3,0.7511,YOLO-omega,
cap_001151,2026-09-09T13:33:38.997,horizontal,,,0,2,0.7541,YOLO-omega,
cap_001152,2026-09-09T13:33:39.124,horizontal,,,0,2,0.7579,YOLO-omega,
cap_001153,2026-09-09T13:33:39.224,horizontal,,,0,3,0.7640,YOLO-omega,
cap_001154,2026-09-09T13:33:39.348,horizontal,,,0,2,0.7750,YOLO-omega,
cap_001155,2026-09-09T13:33:39.441,horizontal,,,0,2,0.7829,YOLO-omega,
cap_001156,2026-09-09T13:33:39.574,horizontal,,,0,3,0.7893,YOLO-omega,
cap_001157,2026-09-09T13:33:39.699,horizontal,,,0,3,0.8500,YOLO-omega,
cap_001158,2026-09-09T13:33:39.797,horizontal,,,0,4,0.8118,YOLO-omega,
cap_001159,2026-09-09T13:33:39.922,horizontal,,,0,4,0.8843,YOLO-omega,
cap_001160,2026-09-09T13:33:40.018,horizontal,,,0,4,0.8982,YOLO-omega,
cap_001161,2026-09-09T13:33:40.152,horizontal,,,0,3,0.8250,YOLO-omega,
cap_001162,2026-09-09T13:33:40.248,horizontal,,,0,4,0.7875,YOLO-omega,
cap_001163,2026-09-09T13:33:40.376,horizontal,,,0,4,0.7845,YOLO-omega,
cap_001164,2026-09-09T13:33:40.470,horizontal,,,0,4,0.7922,YOLO-omega,
cap_001165,2026-09-09T13:33:40.599,horizontal,,,0,4,0.8334,YOLO-omega,
cap_001166,2026-09-09T13:33:40.726,horizontal,,,0,4,0.8958,YOLO-omega,
cap_001167,2026-09-09T13:33:40.820,horizontal,,,0,3,0.7426,YOLO-omega,
cap_001168,2026-09-09T13:33:40.948,horizontal,,,0,4,0.8677,YOLO-omega,
cap_001169,2026-09-09T13:33:41.044,horizontal,,,0,3,0.7860,YOLO-omega,
cap_001170,2026-09-09T13:33:41.173,horizontal,,,0,4,0.7325,YOLO-omega,
cap_001171,2026-09-09T13:33:41.268,horizontal,,,0,3,0.7548,YOLO-omega,
cap_001172,2026-09-09T13:33:41.397,horizontal,,,0,6,0.7923,YOLO-omega,
cap_001173,2026-09-09T13:33:41.522,horizontal,,,0,4,0.7605,YOLO-omega,
cap_001174,2026-09-09T13:33:41.620,horizontal,,,0,3,0.7801,YOLO-omega,
cap_001175,2026-09-09T13:33:41.749,horizontal,,,0,3,0.7529,YOLO-omega,
cap_001176,2026-09-09T13:33:41.844,horizontal,,,0,3,0.7575,YOLO-omega,
cap_001177,2026-09-09T13:33:41.971,horizontal,,,0,4,0.8007,YOLO-omega,
cap_001178,2026-09-09T13:33:42.068,horizontal,,,0,4,0.8053,YOLO-omega,
cap_001179,2026-09-09T13:33:42.196,horizontal,,,0,3,0.7686,YOLO-omega,
cap_001180,2026-09-09T13:33:42.297,horizontal,,,0,4,0.7539,YOLO-omega,
cap_001181,2026-09-09T13:33:42.421,horizontal,,,0,4,0.7986,YOLO-omega,
cap_001182,2026-09-09T13:33:42.548,horizontal,,,0,3,0.8389,YOLO-omega,
cap_001183,2026-09-09T13:33:42.645,horizontal,,,0,4,0.7739,YOLO-omega,
cap_001184,2026-09-09T13:33:42.770,horizontal,,,0,4,0.7474,YOLO-omega,
cap_001185,2026-09-09T13:33:42.866,horizontal,,,0,4,0.9197,YOLO-omega,
cap_001186,2026-09-09T13:33:42.995,horizontal,,,0,4,0.7638,YOLO-omega,
cap_001187,2026-09-09T13:33:43.105,horizontal,,,0,4,0.7542,YOLO-omega,
cap_001188,2026-09-09T13:33:43.225,horizontal,,,0,3,0.8093,YOLO-omega,
cap_001189,2026-09-09T13:33:43.357,horizontal,,,0,3,0.8017,YOLO-omega,
cap_001190,2026-09-09T13:33:43.444,horizontal,,,0,3,0.8525,YOLO-omega,
cap_001191,2026-09-09T13:33:43.576,horizontal,,,0,4,0.8467,YOLO-omega,
cap_001192,2026-09-09T13:33:43.671,horizontal,,,0,3,0.8407,YOLO-omega,
cap_001193,2026-09-09T13:33:43.797,horizontal,,,0,3,0.8324,YOLO-omega,
cap_001194,2026-09-09T13:33:43.890,horizontal,,,0,3,0.8270,YOLO-omega,
cap_001195,2026-09-09T13:33:44.020,horizontal,,,0,3,0.8324,YOLO-omega,
cap_001196,2026-09-09T13:33:44.117,horizontal,,,0,3,0.8290,YOLO-omega,
cap_001197,2026-09-09T13:33:44.246,horizontal,,,0,4,0.8338,YOLO-omega,
cap_001198,2026-09-09T13:33:44.374,horizontal,,,0,4,0.8328,YOLO-omega,
cap_001199,2026-09-09T13:33:44.470,horizontal,,,0,4,0.8398,YOLO-omega,
cap_001200,2026-09-09T13:33:44.600,horizontal,,,0,3,0.8382,YOLO-omega,
cap_001201,2026-09-09T13:33:44.700,horizontal,,,0,3,0.8392,YOLO-omega,
cap_001202,2026-09-09T13:33:44.823,horizontal,,,0,3,0.8223,YOLO-omega,
cap_001203,2026-09-09T13:33:44.918,horizontal,,,0,3,0.8501,YOLO-omega,
cap_001204,2026-09-09T13:33:45.050,horizontal,,,0,4,0.8454,YOLO-omega,
cap_001205,2026-09-09T13:33:45.148,horizontal,,,0,3,0.8468,YOLO-omega,
cap_001206,2026-09-09T13:33:45.277,horizontal,,,0,4,0.8099,YOLO-omega,
cap_001207,2026-09-09T13:33:45.398,horizontal,,,0,3,0.7812,YOLO-omega,
cap_001208,2026-09-09T13:33:45.493,horizontal,,,0,2,0.7726,YOLO-omega,
cap_001209,2026-09-09T13:33:45.627,horizontal,,,0,4,0.7793,YOLO-omega,
cap_001210,2026-09-09T13:33:45.720,horizontal,,,0,5,0.8291,YOLO-omega,
cap_001211,2026-09-09T13:33:45.849,horizontal,,,0,4,0.7966,YOLO-omega,
cap_001212,2026-09-09T13:33:45.944,horizontal,,,0,3,0.7899,YOLO-omega,
cap_001213,2026-09-09T13:33:46.074,horizontal,,,0,3,0.8040,YOLO-omega,
cap_001214,2026-09-09T13:33:46.197,horizontal,,,0,4,0.8115,YOLO-omega,
cap_001215,2026-09-09T13:33:46.300,horizontal,,,0,5,0.7800,YOLO-omega,
cap_001216,2026-09-09T13:33:46.425,horizontal,,,0,5,0.7811,YOLO-omega,
cap_001217,2026-09-09T13:33:46.519,horizontal,,,0,5,0.7932,YOLO-omega,
cap_001218,2026-09-09T13:33:46.649,horizontal,,,0,4,0.8070,YOLO-omega,
cap_001219,2026-09-09T13:33:46.745,horizontal,,,0,4,0.8372,YOLO-omega,
cap_001220,2026-09-09T13:33:46.871,horizontal,,,0,3,0.7727,YOLO-omega,
cap_001221,2026-09-09T13:33:46.967,horizontal,,,0,5,0.8208,YOLO-omega,
cap_001222,2026-09-09T13:33:47.091,horizontal,,,0,3,0.7480,YOLO-omega,
cap_001223,2026-09-09T13:33:47.224,horizontal,,,0,4,0.7614,YOLO-omega,
cap_001224,2026-09-09T13:33:47.321,horizontal,,,0,4,0.8175,YOLO-omega,
cap_001225,2026-09-09T13:33:47.445,horizontal,,,0,4,0.7840,YOLO-omega,
cap_001226,2026-09-09T13:33:47.542,horizontal,,,0,4,0.7658,YOLO-omega,
cap_001227,2026-09-09T13:33:47.668,horizontal,,,0,4,0.7600,YOLO-omega,
cap_001228,2026-09-09T13:33:47.766,horizontal,,,0,4,0.7745,YOLO-omega,
cap_001229,2026-09-09T13:33:47.893,horizontal,,,0,3,0.6316,YOLO-omega,
cap_001230,2026-09-09T13:33:48.017,horizontal,,,0,3,0.7931,YOLO-omega,
cap_001231,2026-09-09T13:33:48.118,horizontal,,,0,4,0.8204,YOLO-omega,
cap_001232,2026-09-09T13:33:48.246,horizontal,,,0,4,0.8388,YOLO-omega,
cap_001233,2026-09-09T13:33:48.340,horizontal,,,0,4,0.7743,YOLO-omega,
cap_001234,2026-09-09T13:33:48.469,horizontal,,,0,3,0.7564,YOLO-omega,
cap_001235,2026-09-09T13:33:48.565,horizontal,,,0,3,0.8071,YOLO-omega,
cap_001236,2026-09-09T13:33:48.693,horizontal,,,0,4,0.7727,YOLO-omega,
cap_001237,2026-09-09T13:33:48.789,horizontal,,,0,3,0.7830,YOLO-omega,
cap_001238,2026-09-09T13:33:48.916,horizontal,,,0,2,0.7144,YOLO-omega,
cap_001239,2026-09-09T13:33:49.045,horizontal,,,0,4,0.7579,YOLO-omega,
cap_001240,2026-09-09T13:33:49.140,horizontal,,,0,3,0.7043,YOLO-omega,
cap_001241,2026-09-09T13:33:49.266,horizontal,,,0,3,0.7129,YOLO-omega,
cap_001242,2026-09-09T13:33:49.362,horizontal,,,0,3,0.8055,YOLO-omega,
cap_001243,2026-09-09T13:33:49.492,horizontal,,,0,2,0.8116,YOLO-omega,
cap_001244,2026-09-09T13:33:49.587,horizontal,,,0,3,0.8217,YOLO-omega,
cap_001245,2026-09-09T13:33:49.716,horizontal,,,0,2,0.7853,YOLO-omega,
cap_001246,2026-09-09T13:33:49.843,horizontal,,,0,2,0.7801,YOLO-omega,
cap_001247,2026-09-09T13:33:49.939,horizontal,,,0,2,0.7917,YOLO-omega,
cap_001248,2026-09-09T13:33:50.072,horizontal,,,0,2,0.7926,YOLO-omega,
cap_001249,2026-09-09T13:33:50.166,horizontal,,,0,2,0.7612,YOLO-omega,
cap_001250,2026-09-09T13:33:50.293,horizontal,,,0,3,0.7558,YOLO-omega,
cap_001251,2026-09-09T13:33:50.394,horizontal,,,0,3,0.7614,YOLO-omega,
cap_001252,2026-09-09T13:33:50.523,horizontal,,,0,2,0.8060,YOLO-omega,
cap_001253,2026-09-09T13:33:50.617,horizontal,,,0,3,0.8333,YOLO-omega,
cap_001254,2026-09-09T13:33:50.747,horizontal,,,0,3,0.8417,YOLO-omega,
cap_001255,2026-09-09T13:33:50.873,horizontal,,,0,2,0.7846,YOLO-omega,
cap_001256,2026-09-09T13:33:50.966,horizontal,,,0,4,0.6283,YOLO-omega,
cap_001257,2026-09-09T13:33:51.101,horizontal,,,0,3,0.8239,YOLO-omega,
cap_001258,2026-09-09T13:33:51.195,horizontal,,,0,4,0.6225,YOLO-omega,
cap_001259,2026-09-09T13:33:51.324,horizontal,,,0,5,0.6869,YOLO-omega,
cap_001260,2026-09-09T13:33:51.415,horizontal,,,0,3,0.7710,YOLO-omega,
cap_001261,2026-09-09T13:33:51.544,horizontal,,,0,3,0.7653,YOLO-omega,
cap_001262,2026-09-09T13:33:51.638,horizontal,,,0,3,0.7867,YOLO-omega,
cap_001263,2026-09-09T13:33:51.766,horizontal,,,0,3,0.7561,YOLO-omega,
cap_001264,2026-09-09T13:33:51.893,horizontal,,,0,3,0.8111,YOLO-omega,
cap_001265,2026-09-09T13:33:51.990,horizontal,,,0,4,0.6920,YOLO-omega,
cap_001266,2026-09-09T13:33:52.120,horizontal,,,0,3,0.7630,YOLO-omega,
cap_001267,2026-09-09T13:33:52.215,horizontal,,,0,4,0.8277,YOLO-omega,
cap_001268,2026-09-09T13:33:52.342,horizontal,,,0,3,0.8160,YOLO-omega,
cap_001269,2026-09-09T13:33:52.434,horizontal,,,0,4,0.8108,YOLO-omega,
cap_001270,2026-09-09T13:33:52.562,horizontal,,,0,5,0.8142,YOLO-omega,
cap_001271,2026-09-09T13:33:52.691,horizontal,,,0,4,0.8491,YOLO-omega,
cap_001272,2026-09-09T13:33:52.788,horizontal,,,0,3,0.7750,YOLO-omega,
cap_001273,2026-09-09T13:33:52.915,horizontal,,,0,5,0.8820,YOLO-omega,
cap_001274,2026-09-09T13:33:53.009,horizontal,,,0,6,0.8055,YOLO-omega,
cap_001275,2026-09-09T13:33:53.137,horizontal,,,0,5,0.8445,YOLO-omega,
cap_001276,2026-09-09T13:33:53.236,horizontal,,,0,6,0.8429,YOLO-omega,
cap_001277,2026-09-09T13:33:53.364,horizontal,,,0,4,0.8264,YOLO-omega,
cap_001278,2026-09-09T13:33:53.460,horizontal,,,0,6,0.8516,YOLO-omega,
cap_001279,2026-09-09T13:33:53.586,horizontal,,,0,6,0.8042,YOLO-omega,
cap_001280,2026-09-09T13:33:53.714,horizontal,,,0,4,0.8101,YOLO-omega,
cap_001281,2026-09-09T13:33:53.812,horizontal,,,0,4,0.8619,YOLO-omega,
cap_001282,2026-09-09T13:33:53.938,horizontal,,,0,3,0.8181,YOLO-omega,
cap_001283,2026-09-09T13:33:54.036,horizontal,,,0,4,0.8734,YOLO-omega,
cap_001284,2026-09-09T13:33:54.166,horizontal,,,0,4,0.7178,YOLO-omega,
cap_001285,2026-09-09T13:33:54.260,horizontal,,,0,3,0.8150,YOLO-omega,
cap_001286,2026-09-09T13:33:54.387,horizontal,,,0,3,0.8536,YOLO-omega,
cap_001287,2026-09-09T13:33:54.516,horizontal,,,0,3,0.8353,YOLO-omega,
cap_001288,2026-09-09T13:33:54.618,horizontal,,,0,4,0.7924,YOLO-omega,
cap_001289,2026-09-09T13:33:54.739,horizontal,,,0,5,0.8154,YOLO-omega,
cap_001290,2026-09-09T13:33:54.837,horizontal,,,0,4,0.7799,YOLO-omega,
cap_001291,2026-09-09T13:33:54.964,horizontal,,,0,4,0.7627,YOLO-omega,
cap_001292,2026-09-09T13:33:55.060,horizontal,,,0,4,0.7693,YOLO-omega,
cap_001293,2026-09-09T13:33:55.190,horizontal,,,0,4,0.7627,YOLO-omega,
cap_001294,2026-09-09T13:33:55.286,horizontal,,,0,4,0.8098,YOLO-omega,
cap_001295,2026-09-09T13:33:55.412,horizontal,,,0,5,0.7872,YOLO-omega,
cap_001296,2026-09-09T13:33:55.539,horizontal,,,0,5,0.7996,YOLO-omega,
cap_001297,2026-09-09T13:33:55.634,horizontal,,,0,4,0.7986,YOLO-omega,
cap_001298,2026-09-09T13:33:55.765,horizontal,,,0,3,0.7692,YOLO-omega,
cap_001299,2026-09-09T13:33:55.859,horizontal,,,0,3,0.8756,YOLO-omega,
cap_001300,2026-09-09T13:33:55.987,horizontal,,,0,4,0.7403,YOLO-omega,
cap_001301,2026-09-09T13:33:56.085,horizontal,,,0,4,0.7328,YOLO-omega,
cap_001302,2026-09-09T13:33:56.214,horizontal,,,0,4,0.7751,YOLO-omega,
cap_001303,2026-09-09T13:33:56.339,horizontal,,,0,3,0.7600,YOLO-omega,
cap_001304,2026-09-09T13:33:56.437,horizontal,,,0,3,0.8254,YOLO-omega,
cap_001305,2026-09-09T13:33:56.563,horizontal,,,0,4,0.8138,YOLO-omega,
cap_001306,2026-09-09T13:33:56.658,horizontal,,,0,4,0.8537,YOLO-omega,
cap_001307,2026-09-09T13:33:56.795,horizontal,,,0,5,0.8234,YOLO-omega,
cap_001308,2026-09-09T13:33:56.886,horizontal,,,0,5,0.8143,YOLO-omega,
cap_001309,2026-09-09T13:33:57.013,horizontal,,,0,5,0.8695,YOLO-omega,
cap_001310,2026-09-09T13:33:57.112,horizontal,,,0,5,0.7563,YOLO-omega,
cap_001311,2026-09-09T13:33:57.235,horizontal,,,0,4,0.8734,YOLO-omega,
cap_001312,2026-09-09T13:33:57.363,horizontal,,,0,4,0.8698,YOLO-omega,
cap_001313,2026-09-09T13:33:57.460,horizontal,,,0,4,0.8685,YOLO-omega,
cap_001314,2026-09-09T13:33:57.588,horizontal,,,0,4,0.8826,YOLO-omega,
cap_001315,2026-09-09T13:33:57.683,horizontal,,,0,4,0.8659,YOLO-omega,
cap_001316,2026-09-09T13:33:57.809,horizontal,,,0,4,0.8648,YOLO-omega,
cap_001317,2026-09-09T13:33:57.907,horizontal,,,0,5,0.8658,YOLO-omega,
cap_001318,2026-09-09T13:33:58.034,horizontal,,,0,3,0.8103,YOLO-omega,
cap_001319,2026-09-09T13:33:58.132,horizontal,,,0,4,0.8144,YOLO-omega,
cap_001320,2026-09-09T13:33:58.257,horizontal,,,0,4,0.8524,YOLO-omega,
cap_001321,2026-09-09T13:33:58.386,horizontal,,,0,3,0.8469,YOLO-omega,
cap_001322,2026-09-09T13:33:58.481,horizontal,,,0,4,0.8803,YOLO-omega,
cap_001323,2026-09-09T13:33:58.611,horizontal,,,0,4,0.8755,YOLO-omega,
cap_001324,2026-09-09T13:33:58.706,horizontal,,,0,3,0.8801,YOLO-omega,
cap_001325,2026-09-09T13:33:58.835,horizontal,,,0,4,0.8416,YOLO-omega,
cap_001326,2026-09-09T13:33:58.932,horizontal,,,0,3,0.8150,YOLO-omega,
cap_001327,2026-09-09T13:33:59.057,horizontal,,,0,3,0.8096,YOLO-omega,
cap_001328,2026-09-09T13:33:59.190,horizontal,,,0,3,0.8016,YOLO-omega,
cap_001329,2026-09-09T13:33:59.282,horizontal,,,0,3,0.8302,YOLO-omega,
cap_001330,2026-09-09T13:33:59.412,horizontal,,,0,4,0.8138,YOLO-omega,
cap_001331,2026-09-09T13:33:59.509,horizontal,,,0,4,0.7819,YOLO-omega,
cap_001332,2026-09-09T13:33:59.635,horizontal,,,0,4,0.8150,YOLO-omega,
cap_001333,2026-09-09T13:33:59.734,horizontal,,,0,4,0.8149,YOLO-omega,
cap_001334,2026-09-09T13:33:59.861,horizontal,,,0,4,0.8201,YOLO-omega,
cap_001335,2026-09-09T13:33:59.954,horizontal,,,0,4,0.8389,YOLO-omega,
cap_001336,2026-09-09T13:34:00.085,horizontal,,,0,3,0.8221,YOLO-omega,
cap_001337,2026-09-09T13:34:00.212,horizontal,,,0,3,0.8354,YOLO-omega,
cap_001338,2026-09-09T13:34:00.305,horizontal,,,0,3,0.8247,YOLO-omega,
cap_001339,2026-09-09T13:34:00.434,horizontal,,,0,3,0.8619,YOLO-omega,
cap_001340,2026-09-09T13:34:00.531,horizontal,,,0,4,0.8710,YOLO-omega,
cap_001341,2026-09-09T13:34:00.658,horizontal,,,0,4,0.8382,YOLO-omega,
cap_001342,2026-09-09T13:34:00.755,horizontal,,,0,4,0.8250,YOLO-omega,
cap_001343,2026-09-09T13:34:00.883,horizontal,,,0,3,0.8240,YOLO-omega,
cap_001344,2026-09-09T13:34:01.011,horizontal,,,0,4,0.8407,YOLO-omega,
cap_001345,2026-09-09T13:34:01.107,horizontal,,,0,4,0.8298,YOLO-omega,
cap_001346,2026-09-09T13:34:01.235,horizontal,,,0,4,0.8138,YOLO-omega,
cap_001347,2026-09-09T13:34:01.331,horizontal,,,0,4,0.8328,YOLO-omega,
cap_001348,2026-09-09T13:34:01.461,horizontal,,,0,4,0.8098,YOLO-omega,
cap_001349,2026-09-09T13:34:01.554,horizontal,,,0,4,0.8136,YOLO-omega,
cap_001350,2026-09-09T13:34:01.683,horizontal,,,0,4,0.8190,YOLO-omega,
cap_001351,2026-09-09T13:34:01.778,horizontal,,,0,3,0.7981,YOLO-omega,
cap_001352,2026-09-09T13:34:01.909,horizontal,,,0,4,0.8938,YOLO-omega,
cap_001353,2026-09-09T13:34:02.033,horizontal,,,0,4,0.7857,YOLO-omega,
cap_001354,2026-09-09T13:34:02.131,horizontal,,,0,4,0.7901,YOLO-omega,
cap_001355,2026-09-09T13:34:02.259,horizontal,,,0,4,0.7926,YOLO-omega,
cap_001356,2026-09-09T13:34:02.355,horizontal,,,0,3,0.8316,YOLO-omega,
cap_001357,2026-09-09T13:34:02.483,horizontal,,,0,3,0.8978,YOLO-omega,
cap_001358,2026-09-09T13:34:02.578,horizontal,,,0,4,0.8298,YOLO-omega,
cap_001359,2026-09-09T13:34:02.707,horizontal,,,0,4,0.7694,YOLO-omega,
cap_001360,2026-09-09T13:34:02.836,horizontal,,,0,4,0.7725,YOLO-omega,
cap_001361,2026-09-09T13:34:02.931,horizontal,,,0,4,0.7618,YOLO-omega,
cap_001362,2026-09-09T13:34:03.058,horizontal,,,0,3,0.8300,YOLO-omega,
cap_001363,2026-09-09T13:34:03.156,horizontal,,,0,3,0.7492,YOLO-omega,
cap_001364,2026-09-09T13:34:03.284,horizontal,,,0,3,0.8056,YOLO-omega,
cap_001365,2026-09-09T13:34:03.380,horizontal,,,0,3,0.8054,YOLO-omega,
cap_001366,2026-09-09T13:34:03.509,horizontal,,,0,3,0.7567,YOLO-omega,
cap_001367,2026-09-09T13:34:03.609,horizontal,,,0,4,0.7663,YOLO-omega,
cap_001368,2026-09-09T13:34:03.738,horizontal,,,0,3,0.8035,YOLO-omega,
cap_001369,2026-09-09T13:34:03.862,horizontal,,,0,3,0.7770,YOLO-omega,
cap_001370,2026-09-09T13:34:03.956,horizontal,,,0,3,0.7788,YOLO-omega,
cap_001371,2026-09-09T13:34:04.086,horizontal,,,0,4,0.7882,YOLO-omega,
cap_001372,2026-09-09T13:34:04.183,horizontal,,,0,2,0.7763,YOLO-omega,
cap_001373,2026-09-09T13:34:04.315,horizontal,,,0,3,0.7815,YOLO-omega,
cap_001374,2026-09-09T13:34:04.406,horizontal,,,0,4,0.8664,YOLO-omega,
cap_001375,2026-09-09T13:34:04.539,horizontal,,,0,4,0.7983,YOLO-omega,
cap_001376,2026-09-09T13:34:04.633,horizontal,,,0,4,0.7834,YOLO-omega,
cap_001377,2026-09-09T13:34:04.773,horizontal,,,0,4,0.8494,YOLO-omega,
cap_001378,2026-09-09T13:34:04.885,horizontal,,,0,4,0.8001,YOLO-omega,
cap_001379,2026-09-09T13:34:04.981,horizontal,,,0,2,0.7887,YOLO-omega,
cap_001380,2026-09-09T13:34:05.108,horizontal,,,0,3,0.7897,YOLO-omega,
cap_001381,2026-09-09T13:34:05.207,horizontal,,,0,4,0.7807,YOLO-omega,
cap_001382,2026-09-09T13:34:05.333,horizontal,,,0,2,0.7764,YOLO-omega,
cap_001383,2026-09-09T13:34:05.428,horizontal,,,0,3,0.8513,YOLO-omega,
cap_001384,2026-09-09T13:34:05.556,horizontal,,,0,4,0.7744,YOLO-omega,
cap_001385,2026-09-09T13:34:05.682,horizontal,,,0,3,0.7674,YOLO-omega,
cap_001386,2026-09-09T13:34:05.780,horizontal,,,0,3,0.8398,YOLO-omega,
cap_001387,2026-09-09T13:34:05.906,horizontal,,,0,3,0.7582,YOLO-omega,
cap_001388,2026-09-09T13:34:06.005,horizontal,,,0,2,0.7658,YOLO-omega,
cap_001389,2026-09-09T13:34:06.134,horizontal,,,0,3,0.7716,YOLO-omega,
cap_001390,2026-09-09T13:34:06.227,horizontal,,,0,3,0.7539,YOLO-omega,
cap_001391,2026-09-09T13:34:06.356,horizontal,,,0,3,0.7706,YOLO-omega,
cap_001392,2026-09-09T13:34:06.454,horizontal,,,0,5,0.7601,YOLO-omega,
cap_001393,2026-09-09T13:34:06.578,horizontal,,,0,3,0.7742,YOLO-omega,
cap_001394,2026-09-09T13:34:06.707,horizontal,,,0,4,0.7822,YOLO-omega,
cap_001395,2026-09-09T13:34:06.802,horizontal,,,0,4,0.7726,YOLO-omega,
cap_001396,2026-09-09T13:34:06.933,horizontal,,,0,4,0.7575,YOLO-omega,
cap_001397,2026-09-09T13:34:07.027,horizontal,,,0,4,0.7823,YOLO-omega,
cap_001398,2026-09-09T13:34:07.156,horizontal,,,0,3,0.7939,YOLO-omega,
cap_001399,2026-09-09T13:34:07.251,horizontal,,,0,2,0.8184,YOLO-omega,
cap_001400,2026-09-09T13:34:07.382,horizontal,,,0,2,0.7984,YOLO-omega,
cap_001401,2026-09-09T13:34:07.507,horizontal,,,0,4,0.7838,YOLO-omega,
cap_001402,2026-09-09T13:34:07.602,horizontal,,,0,2,0.7778,YOLO-omega,
cap_001403,2026-09-09T13:34:07.731,horizontal,,,0,3,0.7750,YOLO-omega,
cap_001404,2026-09-09T13:34:07.826,horizontal,,,0,3,0.7535,YOLO-omega,
cap_001405,2026-09-09T13:34:07.954,horizontal,,,0,2,0.7720,YOLO-omega,
cap_001406,2026-09-09T13:34:08.051,horizontal,,,0,3,0.7791,YOLO-omega,
cap_001407,2026-09-09T13:34:08.180,horizontal,,,0,3,0.7835,YOLO-omega,
cap_001408,2026-09-09T13:34:08.276,horizontal,,,0,2,0.7783,YOLO-omega,
cap_001409,2026-09-09T13:34:08.401,horizontal,,,0,3,0.7793,YOLO-omega,
cap_001410,2026-09-09T13:34:08.529,horizontal,,,0,2,0.8192,YOLO-omega,
cap_001411,2026-09-09T13:34:08.627,horizontal,,,0,3,0.8055,YOLO-omega,
cap_001412,2026-09-09T13:34:08.759,horizontal,,,0,3,0.8182,YOLO-omega,
cap_001413,2026-09-09T13:34:08.854,horizontal,,,0,3,0.7942,YOLO-omega,
cap_001414,2026-09-09T13:34:08.980,horizontal,,,0,3,0.8048,YOLO-omega,
cap_001415,2026-09-09T13:34:09.077,horizontal,,,0,3,0.7929,YOLO-omega,
cap_001416,2026-09-09T13:34:09.202,horizontal,,,0,3,0.7922,YOLO-omega,
cap_001417,2026-09-09T13:34:09.300,horizontal,,,0,3,0.7754,YOLO-omega,
cap_001418,2026-09-09T13:34:09.427,horizontal,,,0,3,0.7736,YOLO-omega,
cap_001419,2026-09-09T13:34:09.554,horizontal,,,0,4,0.7796,YOLO-omega,
cap_001420,2026-09-09T13:34:09.650,horizontal,,,0,4,0.8196,YOLO-omega,
cap_001421,2026-09-09T13:34:09.779,horizontal,,,0,3,0.8238,YOLO-omega,
cap_001422,2026-09-09T13:34:09.878,horizontal,,,0,4,0.8115,YOLO-omega,
cap_001423,2026-09-09T13:34:10.002,horizontal,,,0,2,0.7684,YOLO-omega,
cap_001424,2026-09-09T13:34:10.104,horizontal,,,0,4,0.7529,YOLO-omega,
cap_001425,2026-09-09T13:34:10.230,horizontal,,,0,4,0.7848,YOLO-omega,
cap_001426,2026-09-09T13:34:10.358,horizontal,,,0,4,0.7810,YOLO-omega,
cap_001427,2026-09-09T13:34:10.455,horizontal,,,0,3,0.7983,YOLO-omega,
cap_001428,2026-09-09T13:34:10.587,horizontal,,,0,4,0.7941,YOLO-omega,
cap_001429,2026-09-09T13:34:10.678,horizontal,,,0,4,0.8220,YOLO-omega,
cap_001430,2026-09-09T13:34:10.806,horizontal,,,0,4,0.7755,YOLO-omega,
cap_001431,2026-09-09T13:34:10.900,horizontal,,,0,4,0.7728,YOLO-omega,
cap_001432,2026-09-09T13:34:11.027,horizontal,,,0,4,0.7507,YOLO-omega,
cap_001433,2026-09-09T13:34:11.127,horizontal,,,0,4,0.8352,YOLO-omega,
cap_001434,2026-09-09T13:34:11.249,horizontal,,,0,2,0.7482,YOLO-omega,
cap_001435,2026-09-09T13:34:11.377,horizontal,,,0,4,0.8019,YOLO-omega,
cap_001436,2026-09-09T13:34:11.477,horizontal,,,0,4,0.7630,YOLO-omega,
cap_001437,2026-09-09T13:34:11.602,horizontal,,,0,4,0.7697,YOLO-omega,
cap_001438,2026-09-09T13:34:11.705,horizontal,,,0,4,0.7977,YOLO-omega,
cap_001439,2026-09-09T13:34:11.827,horizontal,,,0,4,0.7480,YOLO-omega,
cap_001440,2026-09-09T13:34:11.923,horizontal,,,0,3,0.7690,YOLO-omega,
cap_001441,2026-09-09T13:34:12.050,horizontal,,,0,4,0.7493,YOLO-omega,
cap_001442,2026-09-09T13:34:12.178,horizontal,,,0,4,0.7438,YOLO-omega,
cap_001443,2026-09-09T13:34:12.276,horizontal,,,0,4,0.7910,YOLO-omega,
cap_001444,2026-09-09T13:34:12.406,horizontal,,,0,4,0.7518,YOLO-omega,
cap_001445,2026-09-09T13:34:12.501,horizontal,,,0,4,0.7554,YOLO-omega,
cap_001446,2026-09-09T13:34:12.628,horizontal,,,0,4,0.8038,YOLO-omega,
cap_001447,2026-09-09T13:34:12.723,horizontal,,,0,4,0.7873,YOLO-omega,
cap_001448,2026-09-09T13:34:12.851,horizontal,,,0,4,0.7551,YOLO-omega,
cap_001449,2026-09-09T13:34:12.948,horizontal,,,0,4,0.7782,YOLO-omega,
cap_001450,2026-09-09T13:34:13.075,horizontal,,,0,4,0.7559,YOLO-omega,
cap_001451,2026-09-09T13:34:13.201,horizontal,,,0,4,0.7637,YOLO-omega,
cap_001452,2026-09-09T13:34:13.300,horizontal,,,0,3,0.7567,YOLO-omega,
cap_001453,2026-09-09T13:34:13.429,horizontal,,,0,3,0.7532,YOLO-omega,
cap_001454,2026-09-09T13:34:13.522,horizontal,,,0,4,0.7446,YOLO-omega,
cap_001455,2026-09-09T13:34:13.651,horizontal,,,0,4,0.8006,YOLO-omega,
cap_001456,2026-09-09T13:34:13.752,horizontal,,,0,4,0.7543,YOLO-omega,
cap_001457,2026-09-09T13:34:13.877,horizontal,,,0,3,0.7682,YOLO-omega,
cap_001458,2026-09-09T13:34:14.003,horizontal,,,0,4,0.7807,YOLO-omega,
cap_001459,2026-09-09T13:34:14.100,horizontal,,,0,4,0.7397,YOLO-omega,
cap_001460,2026-09-09T13:34:14.226,horizontal,,,0,4,0.7403,YOLO-omega,
cap_001461,2026-09-09T13:34:14.322,horizontal,,,0,4,0.7434,YOLO-omega,
cap_001462,2026-09-09T13:34:14.454,horizontal,,,0,3,0.7357,YOLO-omega,
cap_001463,2026-09-09T13:34:14.552,horizontal,,,0,3,0.7155,YOLO-omega,
cap_001464,2026-09-09T13:34:14.678,horizontal,,,0,4,0.7483,YOLO-omega,
cap_001465,2026-09-09T13:34:14.772,horizontal,,,0,3,0.7563,YOLO-omega,
cap_001466,2026-09-09T13:34:14.904,horizontal,,,0,4,0.7583,YOLO-omega,
cap_001467,2026-09-09T13:34:15.028,horizontal,,,0,4,0.7344,YOLO-omega,
cap_001468,2026-09-09T13:34:15.123,horizontal,,,0,4,0.7468,YOLO-omega,
cap_001469,2026-09-09T13:34:15.253,horizontal,,,0,4,0.8195,YOLO-omega,
cap_001470,2026-09-09T13:34:15.349,horizontal,,,0,3,0.7737,YOLO-omega,
cap_001471,2026-09-09T13:34:15.475,horizontal,,,0,4,0.7530,YOLO-omega,
cap_001472,2026-09-09T13:34:15.571,horizontal,,,0,4,0.7683,YOLO-omega,
cap_001473,2026-09-09T13:34:15.697,horizontal,,,0,4,0.7840,YOLO-omega,
cap_001474,2026-09-09T13:34:15.794,horizontal,,,0,4,0.8064,YOLO-omega,
cap_001475,2026-09-09T13:34:15.924,horizontal,,,0,4,0.8439,YOLO-omega,
cap_001476,2026-09-09T13:34:16.050,horizontal,,,0,4,0.8324,YOLO-omega,
cap_001477,2026-09-09T13:34:16.148,horizontal,,,0,5,0.8105,YOLO-omega,
cap_001478,2026-09-09T13:34:16.275,horizontal,,,0,4,0.8360,YOLO-omega,
cap_001479,2026-09-09T13:34:16.370,horizontal,,,0,5,0.7773,YOLO-omega,
cap_001480,2026-09-09T13:34:16.498,horizontal,,,0,4,0.7854,YOLO-omega,
cap_001481,2026-09-09T13:34:16.594,horizontal,,,0,4,0.7575,YOLO-omega,
cap_001482,2026-09-09T13:34:16.723,horizontal,,,0,4,0.7639,YOLO-omega,
cap_001483,2026-09-09T13:34:16.854,horizontal,,,0,3,0.7490,YOLO-omega,
cap_001484,2026-09-09T13:34:16.949,horizontal,,,0,3,0.7350,YOLO-omega,
cap_001485,2026-09-09T13:34:17.077,horizontal,,,0,3,0.7358,YOLO-omega,
cap_001486,2026-09-09T13:34:17.173,horizontal,,,0,4,0.7648,YOLO-omega,
cap_001487,2026-09-09T13:34:17.300,horizontal,,,0,4,0.7693,YOLO-omega,
cap_001488,2026-09-09T13:34:17.396,horizontal,,,0,4,0.7731,YOLO-omega,
cap_001489,2026-09-09T13:34:17.526,horizontal,,,0,3,0.7417,YOLO-omega,
cap_001490,2026-09-09T13:34:17.621,horizontal,,,0,4,0.7490,YOLO-omega,
cap_001491,2026-09-09T13:34:17.746,horizontal,,,0,3,0.7744,YOLO-omega,
cap_001492,2026-09-09T13:34:17.877,horizontal,,,0,2,0.7597,YOLO-omega,
cap_001493,2026-09-09T13:34:17.973,horizontal,,,0,3,0.8040,YOLO-omega,
cap_001494,2026-09-09T13:34:18.105,horizontal,,,0,3,0.7443,YOLO-omega,
cap_001495,2026-09-09T13:34:18.199,horizontal,,,0,2,0.7145,YOLO-omega,
cap_001496,2026-09-09T13:34:18.328,horizontal,,,0,3,0.8636,YOLO-omega,
cap_001497,2026-09-09T13:34:18.422,horizontal,,,0,3,0.7768,YOLO-omega,
cap_001498,2026-09-09T13:34:18.550,horizontal,,,0,3,0.7527,YOLO-omega,
cap_001499,2026-09-09T13:34:18.675,horizontal,,,0,2,0.7684,YOLO-omega,
cap_001500,2026-09-09T13:34:18.773,horizontal,,,0,2,0.7668,YOLO-omega,
cap_001501,2026-09-09T13:34:18.901,horizontal,,,0,4,0.7296,YOLO-omega,
cap_001502,2026-09-09T13:34:18.996,horizontal,,,0,4,0.7593,YOLO-omega,
cap_001503,2026-09-09T13:34:19.123,horizontal,,,0,3,0.8413,YOLO-omega,
cap_001504,2026-09-09T13:34:19.220,horizontal,,,0,3,0.8052,YOLO-omega,
cap_001505,2026-09-09T13:34:19.350,horizontal,,,0,4,0.7972,YOLO-omega,
cap_001506,2026-09-09T13:34:19.444,horizontal,,,0,4,0.7433,YOLO-omega,
cap_001507,2026-09-09T13:34:19.578,horizontal,,,0,4,0.7943,YOLO-omega,
cap_001508,2026-09-09T13:34:19.703,horizontal,,,0,3,0.7502,YOLO-omega,
cap_001509,2026-09-09T13:34:19.802,horizontal,,,0,3,0.7620,YOLO-omega,
cap_001510,2026-09-09T13:34:19.936,horizontal,,,0,4,0.7489,YOLO-omega,
cap_001511,2026-09-09T13:34:20.020,horizontal,,,0,3,0.7088,YOLO-omega,
cap_001512,2026-09-09T13:34:20.148,horizontal,,,0,3,0.7217,YOLO-omega,
cap_001513,2026-09-09T13:34:20.243,horizontal,,,0,3,0.7301,YOLO-omega,
cap_001514,2026-09-09T13:34:20.370,horizontal,,,0,3,0.7333,YOLO-omega,
cap_001515,2026-09-09T13:34:20.497,horizontal,,,0,3,0.7307,YOLO-omega,
cap_001516,2026-09-09T13:34:20.594,horizontal,,,0,3,0.7292,YOLO-omega,
cap_001517,2026-09-09T13:34:20.722,horizontal,,,0,3,0.7276,YOLO-omega,
cap_001518,2026-09-09T13:34:20.820,horizontal,,,0,3,0.7340,YOLO-omega,
cap_001519,2026-09-09T13:34:20.946,horizontal,,,0,3,0.7798,YOLO-omega,
cap_001520,2026-09-09T13:34:21.042,horizontal,,,0,3,0.7269,YOLO-omega,
cap_001521,2026-09-09T13:34:21.173,horizontal,,,0,3,0.8021,YOLO-omega,
cap_001522,2026-09-09T13:34:21.267,horizontal,,,0,3,0.7294,YOLO-omega,
cap_001523,2026-09-09T13:34:21.395,horizontal,,,0,2,0.7360,YOLO-omega,
cap_001524,2026-09-09T13:34:21.522,horizontal,,,0,3,0.8014,YOLO-omega,
cap_001525,2026-09-09T13:34:21.619,horizontal,,,0,2,0.7815,YOLO-omega,
cap_001526,2026-09-09T13:34:21.747,horizontal,,,0,3,0.7674,YOLO-omega,
cap_001527,2026-09-09T13:34:21.843,horizontal,,,0,3,0.7987,YOLO-omega,
cap_001528,2026-09-09T13:34:21.972,horizontal,,,0,3,0.7283,YOLO-omega,
cap_001529,2026-09-09T13:34:22.068,horizontal,,,0,3,0.7270,YOLO-omega,
cap_001530,2026-09-09T13:34:22.196,horizontal,,,0,2,0.7260,YOLO-omega,
cap_001531,2026-09-09T13:34:22.290,horizontal,,,0,2,0.7600,YOLO-omega,
cap_001532,2026-09-09T13:34:22.418,horizontal,,,0,2,0.7317,YOLO-omega,
cap_001533,2026-09-09T13:34:22.550,horizontal,,,0,3,0.7327,YOLO-omega,
cap_001534,2026-09-09T13:34:22.644,horizontal,,,0,2,0.7170,YOLO-omega,
cap_001535,2026-09-09T13:34:22.771,horizontal,,,0,3,0.7107,YOLO-omega,
cap_001536,2026-09-09T13:34:22.866,horizontal,,,0,3,0.7649,YOLO-omega,
cap_001537,2026-09-09T13:34:23.001,horizontal,,,0,3,0.7685,YOLO-omega,
cap_001538,2026-09-09T13:34:23.093,horizontal,,,0,2,0.6997,YOLO-omega,
cap_001539,2026-09-09T13:34:23.223,horizontal,,,0,2,0.7643,YOLO-omega,
cap_001540,2026-09-09T13:34:23.348,horizontal,,,0,3,0.7707,YOLO-omega,
cap_001541,2026-09-09T13:34:23.445,horizontal,,,0,2,0.7316,YOLO-omega,
cap_001542,2026-09-09T13:34:23.572,horizontal,,,0,2,0.7384,YOLO-omega,
cap_001543,2026-09-09T13:34:23.683,horizontal,,,0,2,0.7283,YOLO-omega,
cap_001544,2026-09-09T13:34:23.795,horizontal,,,0,2,0.7544,YOLO-omega,
cap_001545,2026-09-09T13:34:23.893,horizontal,,,0,2,0.7485,YOLO-omega,
cap_001546,2026-09-09T13:34:24.025,horizontal,,,0,2,0.7384,YOLO-omega,
cap_001547,2026-09-09T13:34:24.125,horizontal,,,0,2,0.7520,YOLO-omega,
cap_001548,2026-09-09T13:34:24.247,horizontal,,,0,3,0.7400,YOLO-omega,
cap_001549,2026-09-09T13:34:24.373,horizontal,,,0,3,0.7324,YOLO-omega,
cap_001550,2026-09-09T13:34:24.470,horizontal,,,0,3,0.7978,YOLO-omega,
cap_001551,2026-09-09T13:34:24.599,horizontal,,,0,3,0.8040,YOLO-omega,
cap_001552,2026-09-09T13:34:24.693,horizontal,,,0,3,0.7974,YOLO-omega,
cap_001553,2026-09-09T13:34:24.820,horizontal,,,0,2,0.7761,YOLO-omega,
cap_001554,2026-09-09T13:34:24.916,horizontal,,,0,3,0.7199,YOLO-omega,
cap_001555,2026-09-09T13:34:25.047,horizontal,,,0,3,0.7137,YOLO-omega,
cap_001556,2026-09-09T13:34:25.173,horizontal,,,0,3,0.7330,YOLO-omega,
cap_001557,2026-09-09T13:34:25.267,horizontal,,,0,3,0.7430,YOLO-omega,
cap_001558,2026-09-09T13:34:25.395,horizontal,,,0,3,0.7278,YOLO-omega,
cap_001559,2026-09-09T13:34:25.491,horizontal,,,0,3,0.7672,YOLO-omega,
cap_001560,2026-09-09T13:34:25.619,horizontal,,,0,3,0.7697,YOLO-omega,
cap_001561,2026-09-09T13:34:25.715,horizontal,,,0,2,0.7652,YOLO-omega,
cap_001562,2026-09-09T13:34:25.842,horizontal,,,0,3,0.7797,YOLO-omega,
cap_001563,2026-09-09T13:34:25.938,horizontal,,,0,2,0.7304,YOLO-omega,
cap_001564,2026-09-09T13:34:26.065,horizontal,,,0,2,0.7743,YOLO-omega,
cap_001565,2026-09-09T13:34:26.194,horizontal,,,0,4,0.7630,YOLO-omega,
cap_001566,2026-09-09T13:34:26.291,horizontal,,,0,3,0.8279,YOLO-omega,
cap_001567,2026-09-09T13:34:26.420,horizontal,,,0,4,0.8359,YOLO-omega,
cap_001568,2026-09-09T13:34:26.517,horizontal,,,0,4,0.7918,YOLO-omega,
cap_001569,2026-09-09T13:34:26.643,horizontal,,,0,4,0.7625,YOLO-omega,
cap_001570,2026-09-09T13:34:26.740,horizontal,,,0,3,0.7723,YOLO-omega,
cap_001571,2026-09-09T13:34:26.867,horizontal,,,0,4,0.7861,YOLO-omega,
cap_001572,2026-09-09T13:34:26.995,horizontal,,,0,4,0.7060,YOLO-omega,
cap_001573,2026-09-09T13:34:27.091,horizontal,,,0,4,0.7680,YOLO-omega,
cap_001574,2026-09-09T13:34:27.220,horizontal,,,0,4,0.7694,YOLO-omega,
cap_001575,2026-09-09T13:34:27.317,horizontal,,,0,4,0.7482,YOLO-omega,
cap_001576,2026-09-09T13:34:27.443,horizontal,,,0,4,0.7209,YOLO-omega,
cap_001577,2026-09-09T13:34:27.538,horizontal,,,0,4,0.7178,YOLO-omega,
cap_001578,2026-09-09T13:34:27.668,horizontal,,,0,4,0.7456,YOLO-omega,
cap_001579,2026-09-09T13:34:27.762,horizontal,,,0,4,0.7167,YOLO-omega,
cap_001580,2026-09-09T13:34:27.890,horizontal,,,0,3,0.7717,YOLO-omega,
cap_001581,2026-09-09T13:34:28.018,horizontal,,,0,4,0.7206,YOLO-omega,
cap_001582,2026-09-09T13:34:28.117,horizontal,,,0,4,0.7164,YOLO-omega,
cap_001583,2026-09-09T13:34:28.244,horizontal,,,0,4,0.8259,YOLO-omega,
cap_001584,2026-09-09T13:34:28.339,horizontal,,,0,3,0.7511,YOLO-omega,
cap_001585,2026-09-09T13:34:28.469,horizontal,,,0,4,0.8144,YOLO-omega,
cap_001586,2026-09-09T13:34:28.565,horizontal,,,0,3,0.7464,YOLO-omega,
cap_001587,2026-09-09T13:34:28.693,horizontal,,,0,4,0.8291,YOLO-omega,
cap_001588,2026-09-09T13:34:28.788,horizontal,,,0,5,0.7934,YOLO-omega,
cap_001589,2026-09-09T13:34:28.914,horizontal,,,0,3,0.7427,YOLO-omega,
cap_001590,2026-09-09T13:34:29.043,horizontal,,,0,4,0.7406,YOLO-omega,
cap_001591,2026-09-09T13:34:29.141,horizontal,,,0,3,0.7527,YOLO-omega,
cap_001592,2026-09-09T13:34:29.267,horizontal,,,0,4,0.7347,YOLO-omega,
cap_001593,2026-09-09T13:34:29.363,horizontal,,,0,2,0.7249,YOLO-omega,
cap_001594,2026-09-09T13:34:29.491,horizontal,,,0,2,0.7154,YOLO-omega,
cap_001595,2026-09-09T13:34:29.586,horizontal,,,0,2,0.7337,YOLO-omega,
cap_001596,2026-09-09T13:34:29.715,horizontal,,,0,3,0.7297,YOLO-omega,
cap_001597,2026-09-09T13:34:29.841,horizontal,,,0,2,0.7278,YOLO-omega,
cap_001598,2026-09-09T13:34:29.939,horizontal,,,0,3,0.7473,YOLO-omega,
cap_001599,2026-09-09T13:34:30.074,horizontal,,,0,3,0.7346,YOLO-omega,
cap_001600,2026-09-09T13:34:31.904,horizontal,,,0,3,0.8735,YOLO-omega,
cap_001601,2026-09-09T13:34:31.990,horizontal,,,0,1,0.8892,YOLO-omega,
cap_001602,2026-09-09T13:34:32.115,horizontal,,,0,4,0.8635,YOLO-omega,
cap_001603,2026-09-09T13:34:32.212,horizontal,,,0,3,0.9342,YOLO-omega,
cap_001604,2026-09-09T13:34:32.338,horizontal,,,0,3,0.8590,YOLO-omega,
cap_001605,2026-09-09T13:34:32.437,horizontal,,,0,3,0.7340,YOLO-omega,
cap_001606,2026-09-09T13:34:32.570,horizontal,,,0,2,0.7687,YOLO-omega,
cap_001607,2026-09-09T13:34:32.696,horizontal,,,0,3,0.7785,YOLO-omega,
cap_001608,2026-09-09T13:34:32.786,horizontal,,,0,3,0.7019,YOLO-omega,
cap_001609,2026-09-09T13:34:32.916,horizontal,,,0,3,0.7287,YOLO-omega,
cap_001610,2026-09-09T13:34:33.012,horizontal,,,0,2,0.7489,YOLO-omega,
cap_001611,2026-09-09T13:34:33.140,horizontal,,,0,3,0.7617,YOLO-omega,
cap_001612,2026-09-09T13:34:33.234,horizontal,,,0,4,0.7939,YOLO-omega,
cap_001613,2026-09-09T13:34:33.366,horizontal,,,0,4,0.7106,YOLO-omega,
cap_001614,2026-09-09T13:34:33.494,horizontal,,,0,3,0.8736,YOLO-omega,
cap_001615,2026-09-09T13:34:33.595,horizontal,,,0,3,0.7640,YOLO-omega,
cap_001616,2026-09-09T13:34:33.719,horizontal,,,0,3,0.8028,YOLO-omega,
cap_001617,2026-09-09T13:34:33.812,horizontal,,,0,5,0.7569,YOLO-omega,
cap_001618,2026-09-09T13:34:33.941,horizontal,,,0,2,0.7606,YOLO-omega,
cap_001619,2026-09-09T13:34:34.036,horizontal,,,0,3,0.7271,YOLO-omega,
cap_001620,2026-09-09T13:34:34.166,horizontal,,,0,2,0.7799,YOLO-omega,
cap_001621,2026-09-09T13:34:34.260,horizontal,,,0,2,0.7123,YOLO-omega,
cap_001622,2026-09-09T13:34:34.387,horizontal,,,0,3,0.7161,YOLO-omega,
cap_001623,2026-09-09T13:34:34.515,horizontal,,,0,4,0.7376,YOLO-omega,
cap_001624,2026-09-09T13:34:34.611,horizontal,,,0,3,0.7134,YOLO-omega,
cap_001625,2026-09-09T13:34:34.739,horizontal,,,0,3,0.7505,YOLO-omega,
cap_001626,2026-09-09T13:34:34.837,horizontal,,,0,3,0.7292,YOLO-omega,
cap_001627,2026-09-09T13:34:34.964,horizontal,,,0,2,0.7302,YOLO-omega,
cap_001628,2026-09-09T13:34:35.061,horizontal,,,0,2,0.7547,YOLO-omega,
cap_001629,2026-09-09T13:34:35.188,horizontal,,,0,2,0.7361,YOLO-omega,
cap_001630,2026-09-09T13:34:35.285,horizontal,,,0,3,0.7416,YOLO-omega,
cap_001631,2026-09-09T13:34:35.410,horizontal,,,0,2,0.7063,YOLO-omega,
cap_001632,2026-09-09T13:34:35.540,horizontal,,,0,2,0.7127,YOLO-omega,
cap_001633,2026-09-09T13:34:35.635,horizontal,,,0,2,0.7248,YOLO-omega,
cap_001634,2026-09-09T13:34:35.764,horizontal,,,0,3,0.7550,YOLO-omega,
cap_001635,2026-09-09T13:34:35.859,horizontal,,,0,3,0.7554,YOLO-omega,
cap_001636,2026-09-09T13:34:35.986,horizontal,,,0,5,0.7331,YOLO-omega,
cap_001637,2026-09-09T13:34:36.082,horizontal,,,0,2,0.7493,YOLO-omega,
cap_001638,2026-09-09T13:34:36.212,horizontal,,,0,4,0.7898,YOLO-omega,
cap_001639,2026-09-09T13:34:36.340,horizontal,,,0,3,0.7811,YOLO-omega,
cap_001640,2026-09-09T13:34:36.433,horizontal,,,0,3,0.7648,YOLO-omega,
cap_001641,2026-09-09T13:34:36.563,horizontal,,,0,2,0.7749,YOLO-omega,
cap_001642,2026-09-09T13:34:36.659,horizontal,,,0,3,0.7942,YOLO-omega,
cap_001643,2026-09-09T13:34:36.787,horizontal,,,0,3,0.7626,YOLO-omega,
cap_001644,2026-09-09T13:34:36.883,horizontal,,,0,3,0.7414,YOLO-omega,
cap_001645,2026-09-09T13:34:37.013,horizontal,,,0,3,0.7560,YOLO-omega,
cap_001646,2026-09-09T13:34:37.108,horizontal,,,0,3,0.7448,YOLO-omega,
cap_001647,2026-09-09T13:34:37.235,horizontal,,,0,2,0.7253,YOLO-omega,
cap_001648,2026-09-09T13:34:37.370,horizontal,,,0,3,0.7409,YOLO-omega,
cap_001649,2026-09-09T13:34:37.465,horizontal,,,0,3,0.7361,YOLO-omega,
cap_001650,2026-09-09T13:34:37.593,horizontal,,,0,2,0.7248,YOLO-omega,
cap_001651,2026-09-09T13:34:37.691,horizontal,,,0,3,0.7425,YOLO-omega,
cap_001652,2026-09-09T13:34:37.818,horizontal,,,0,3,0.7362,YOLO-omega,
cap_001653,2026-09-09T13:34:37.915,horizontal,,,0,3,0.7571,YOLO-omega,
cap_001654,2026-09-09T13:34:38.044,horizontal,,,0,3,0.7417,YOLO-omega,
cap_001655,2026-09-09T13:34:38.174,horizontal,,,0,3,0.8347,YOLO-omega,
cap_001656,2026-09-09T13:34:38.269,horizontal,,,0,3,0.8772,YOLO-omega,
cap_001657,2026-09-09T13:34:38.393,horizontal,,,0,4,0.7187,YOLO-omega,
cap_001658,2026-09-09T13:34:38.490,horizontal,,,0,3,0.7663,YOLO-omega,
cap_001659,2026-09-09T13:34:38.621,horizontal,,,0,3,0.7362,YOLO-omega,
cap_001660,2026-09-09T13:34:38.715,horizontal,,,0,3,0.7191,YOLO-omega,
cap_001661,2026-09-09T13:34:38.843,horizontal,,,0,2,0.7434,YOLO-omega,
cap_001662,2026-09-09T13:34:38.939,horizontal,,,0,2,0.7415,YOLO-omega,
cap_001663,2026-09-09T13:34:39.065,horizontal,,,0,2,0.7485,YOLO-omega,
cap_001664,2026-09-09T13:34:39.193,horizontal,,,0,3,0.7305,YOLO-omega,
cap_001665,2026-09-09T13:34:39.290,horizontal,,,0,3,0.7342,YOLO-omega,
cap_001666,2026-09-09T13:34:39.420,horizontal,,,0,3,0.7989,YOLO-omega,
cap_001667,2026-09-09T13:34:39.517,horizontal,,,0,3,0.7669,YOLO-omega,
cap_001668,2026-09-09T13:34:39.639,horizontal,,,0,3,0.8268,YOLO-omega,
cap_001669,2026-09-09T13:34:39.736,horizontal,,,0,3,0.7365,YOLO-omega,
cap_001670,2026-09-09T13:34:39.864,horizontal,,,0,3,0.7425,YOLO-omega,
cap_001671,2026-09-09T13:34:39.997,horizontal,,,0,3,0.7302,YOLO-omega,
cap_001672,2026-09-09T13:34:40.090,horizontal,,,0,2,0.7712,YOLO-omega,
cap_001673,2026-09-09T13:34:40.222,horizontal,,,0,2,0.7406,YOLO-omega,
cap_001674,2026-09-09T13:34:40.312,horizontal,,,0,3,0.7316,YOLO-omega,
cap_001675,2026-09-09T13:34:40.441,horizontal,,,0,2,0.7363,YOLO-omega,
cap_001676,2026-09-09T13:34:40.537,horizontal,,,0,3,0.8072,YOLO-omega,
cap_001677,2026-09-09T13:34:40.664,horizontal,,,0,3,0.8195,YOLO-omega,
cap_001678,2026-09-09T13:34:40.757,horizontal,,,0,3,0.6789,YOLO-omega,
cap_001679,2026-09-09T13:34:40.887,horizontal,,,0,3,0.7059,YOLO-omega,
cap_001680,2026-09-09T13:34:41.012,horizontal,,,0,2,0.7437,YOLO-omega,
cap_001681,2026-09-09T13:34:41.108,horizontal,,,0,3,0.8682,YOLO-omega,
cap_001682,2026-09-09T13:34:41.234,horizontal,,,0,3,0.6840,YOLO-omega,
cap_001683,2026-09-09T13:34:41.329,horizontal,,,0,2,0.5409,YOLO-omega,
cap_001684,2026-09-09T13:34:41.459,horizontal,,,0,3,0.5050,YOLO-omega,
cap_001685,2026-09-09T13:34:41.556,horizontal,,,0,2,0.6710,YOLO-omega,
cap_001686,2026-09-09T13:34:41.688,horizontal,,,0,2,0.6907,YOLO-omega,
cap_001687,2026-09-09T13:34:41.781,horizontal,,,0,2,0.6815,YOLO-omega,
cap_001688,2026-09-09T13:34:41.908,horizontal,,,0,2,0.7062,YOLO-omega,
cap_001689,2026-09-09T13:34:42.034,horizontal,,,0,2,0.7381,YOLO-omega,
cap_001690,2026-09-09T13:34:42.139,horizontal,,,0,4,0.7334,YOLO-omega,
cap_001691,2026-09-09T13:34:42.258,horizontal,,,0,3,0.7265,YOLO-omega,
cap_001692,2026-09-09T13:34:42.355,horizontal,,,0,4,0.7076,YOLO-omega,
cap_001693,2026-09-09T13:34:42.481,horizontal,,,0,4,0.7062,YOLO-omega,
cap_001694,2026-09-09T13:34:42.579,horizontal,,,0,3,0.7054,YOLO-omega,
cap_001695,2026-09-09T13:34:42.706,horizontal,,,0,3,0.7457,YOLO-omega,
cap_001696,2026-09-09T13:34:42.833,horizontal,,,0,3,0.7738,YOLO-omega,
cap_001697,2026-09-09T13:34:42.930,horizontal,,,0,3,0.6871,YOLO-omega,
cap_001698,2026-09-09T13:34:43.059,horizontal,,,0,3,0.8260,YOLO-omega,
cap_001699,2026-09-09T13:34:43.155,horizontal,,,0,3,0.7518,YOLO-omega,
cap_001700,2026-09-09T13:34:43.281,horizontal,,,0,3,0.7745,YOLO-omega,
cap_001701,2026-09-09T13:34:43.378,horizontal,,,0,3,0.7543,YOLO-omega,
cap_001702,2026-09-09T13:34:43.507,horizontal,,,0,3,0.7795,YOLO-omega,
cap_001703,2026-09-09T13:34:43.603,horizontal,,,0,3,0.7875,YOLO-omega,
cap_001704,2026-09-09T13:34:43.729,horizontal,,,0,3,0.7990,YOLO-omega,
cap_001705,2026-09-09T13:34:43.857,horizontal,,,0,3,0.8237,YOLO-omega,
cap_001706,2026-09-09T13:34:43.955,horizontal,,,0,3,0.8167,YOLO-omega,
cap_001707,2026-09-09T13:34:44.084,horizontal,,,0,3,0.8138,YOLO-omega,
cap_001708,2026-09-09T13:34:44.178,horizontal,,,0,3,0.8486,YOLO-omega,
cap_001709,2026-09-09T13:34:44.308,horizontal,,,0,3,0.8365,YOLO-omega,
cap_001710,2026-09-09T13:34:44.405,horizontal,,,0,3,0.7716,YOLO-omega,
cap_001711,2026-09-09T13:34:44.531,horizontal,,,0,3,0.7361,YOLO-omega,
cap_001712,2026-09-09T13:34:44.660,horizontal,,,0,4,0.7068,YOLO-omega,
cap_001713,2026-09-09T13:34:44.754,horizontal,,,0,3,0.8446,YOLO-omega,
cap_001714,2026-09-09T13:34:44.882,horizontal,,,0,3,0.6924,YOLO-omega,
cap_001715,2026-09-09T13:34:44.980,horizontal,,,0,3,0.7754,YOLO-omega,
cap_001716,2026-09-09T13:34:45.108,horizontal,,,0,3,0.7988,YOLO-omega,
cap_001717,2026-09-09T13:34:45.203,horizontal,,,0,3,0.6901,YOLO-omega,
cap_001718,2026-09-09T13:34:45.332,horizontal,,,0,2,0.6838,YOLO-omega,
cap_001719,2026-09-09T13:34:45.428,horizontal,,,0,3,0.7150,YOLO-omega,
cap_001720,2026-09-09T13:34:45.555,horizontal,,,0,2,0.7070,YOLO-omega,
cap_001721,2026-09-09T13:34:45.682,horizontal,,,0,3,0.6960,YOLO-omega,
cap_001722,2026-09-09T13:34:45.783,horizontal,,,0,3,0.6859,YOLO-omega,
cap_001723,2026-09-09T13:34:45.908,horizontal,,,0,3,0.6586,YOLO-omega,
cap_001724,2026-09-09T13:34:46.003,horizontal,,,0,2,0.7205,YOLO-omega,
cap_001725,2026-09-09T13:34:46.130,horizontal,,,0,2,0.6749,YOLO-omega,
cap_001726,2026-09-09T13:34:46.227,horizontal,,,0,3,0.6672,YOLO-omega,
cap_001727,2026-09-09T13:34:46.357,horizontal,,,0,2,0.6809,YOLO-omega,
cap_001728,2026-09-09T13:34:46.451,horizontal,,,0,3,0.6718,YOLO-omega,
cap_001729,2026-09-09T13:34:46.578,horizontal,,,0,3,0.7145,YOLO-omega,
cap_001730,2026-09-09T13:34:46.706,horizontal,,,0,3,0.7215,YOLO-omega,
cap_001731,2026-09-09T13:34:46.801,horizontal,,,0,2,0.6287,YOLO-omega,
cap_001732,2026-09-09T13:34:46.930,horizontal,,,0,2,0.6674,YOLO-omega,
cap_001733,2026-09-09T13:34:47.027,horizontal,,,0,3,0.8443,YOLO-omega,
cap_001734,2026-09-09T13:34:47.155,horizontal,,,0,3,0.8919,YOLO-omega,
cap_001735,2026-09-09T13:34:47.256,horizontal,,,0,3,0.8921,YOLO-omega,
cap_001736,2026-09-09T13:34:47.380,horizontal,,,0,3,0.7855,YOLO-omega,
cap_001737,2026-09-09T13:34:47.506,horizontal,,,0,3,0.8596,YOLO-omega,
cap_001738,2026-09-09T13:34:47.604,horizontal,,,0,3,0.6981,YOLO-omega,
cap_001739,2026-09-09T13:34:47.731,horizontal,,,0,3,0.8870,YOLO-omega,
cap_001740,2026-09-09T13:34:47.826,horizontal,,,0,3,0.8551,YOLO-omega,
cap_001741,2026-09-09T13:34:47.955,horizontal,,,0,3,0.8754,YOLO-omega,
cap_001742,2026-09-09T13:34:48.052,horizontal,,,0,3,0.8985,YOLO-omega,
cap_001743,2026-09-09T13:34:48.179,horizontal,,,0,3,0.8886,YOLO-omega,
cap_001744,2026-09-09T13:34:48.282,horizontal,,,0,3,0.8683,YOLO-omega,
cap_001745,2026-09-09T13:34:48.403,horizontal,,,0,3,0.8782,YOLO-omega,
cap_001746,2026-09-09T13:34:48.531,horizontal,,,0,3,0.8674,YOLO-omega,
cap_001747,2026-09-09T13:34:48.628,horizontal,,,0,3,0.8835,YOLO-omega,
cap_001748,2026-09-09T13:34:48.755,horizontal,,,0,3,0.9128,YOLO-omega,
cap_001749,2026-09-09T13:34:48.849,horizontal,,,0,3,0.8789,YOLO-omega,
cap_001750,2026-09-09T13:34:48.979,horizontal,,,0,3,0.9099,YOLO-omega,
cap_001751,2026-09-09T13:34:49.077,horizontal,,,0,3,0.8819,YOLO-omega,
cap_001752,2026-09-09T13:34:49.204,horizontal,,,0,3,0.9061,YOLO-omega,
cap_001753,2026-09-09T13:34:49.335,horizontal,,,0,3,0.8301,YOLO-omega,
cap_001754,2026-09-09T13:34:49.429,horizontal,,,0,3,0.7234,YOLO-omega,
cap_001755,2026-09-09T13:34:49.555,horizontal,,,0,3,0.7238,YOLO-omega,
cap_001756,2026-09-09T13:34:49.651,horizontal,,,0,5,0.6973,YOLO-omega,
cap_001757,2026-09-09T13:34:49.779,horizontal,,,0,3,0.6997,YOLO-omega,
cap_001758,2026-09-09T13:34:49.877,horizontal,,,0,3,0.7051,YOLO-omega,
cap_001759,2026-09-09T13:34:50.009,horizontal,,,0,3,0.7132,YOLO-omega,
cap_001760,2026-09-09T13:34:50.109,horizontal,,,0,3,0.7013,YOLO-omega,
cap_001761,2026-09-09T13:34:50.233,horizontal,,,0,3,0.7069,YOLO-omega,
cap_001762,2026-09-09T13:34:50.363,horizontal,,,0,2,0.7181,YOLO-omega,
cap_001763,2026-09-09T13:34:50.459,horizontal,,,0,2,0.7242,YOLO-omega,
cap_001764,2026-09-09T13:34:50.585,horizontal,,,0,3,0.7233,YOLO-omega,
cap_001765,2026-09-09T13:34:50.682,horizontal,,,0,3,0.7565,YOLO-omega,
cap_001766,2026-09-09T13:34:50.812,horizontal,,,0,3,0.7131,YOLO-omega,
cap_001767,2026-09-09T13:34:50.905,horizontal,,,0,3,0.7846,YOLO-omega,
cap_001768,2026-09-09T13:34:51.031,horizontal,,,0,3,0.8845,YOLO-omega,
cap_001769,2026-09-09T13:34:51.158,horizontal,,,0,3,0.8961,YOLO-omega,
cap_001770,2026-09-09T13:34:51.253,horizontal,,,0,3,0.9065,YOLO-omega,
cap_001771,2026-09-09T13:34:51.379,horizontal,,,0,3,0.8867,YOLO-omega,
cap_001772,2026-09-09T13:34:51.475,horizontal,,,0,3,0.9347,YOLO-omega,
cap_001773,2026-09-09T13:34:51.603,horizontal,,,0,3,0.8737,YOLO-omega,
cap_001774,2026-09-09T13:34:51.700,horizontal,,,0,3,0.8595,YOLO-omega,
cap_001775,2026-09-09T13:34:51.827,horizontal,,,0,3,0.9209,YOLO-omega,
cap_001776,2026-09-09T13:34:51.923,horizontal,,,0,3,0.9062,YOLO-omega,
cap_001777,2026-09-09T13:34:52.050,horizontal,,,0,3,0.9105,YOLO-omega,
cap_001778,2026-09-09T13:34:52.180,horizontal,,,0,3,0.8891,YOLO-omega,
cap_001779,2026-09-09T13:34:52.275,horizontal,,,0,3,0.8774,YOLO-omega,
cap_001780,2026-09-09T13:34:52.407,horizontal,,,0,3,0.8465,YOLO-omega,
cap_001781,2026-09-09T13:34:52.499,horizontal,,,0,3,0.7371,YOLO-omega,
cap_001782,2026-09-09T13:34:52.626,horizontal,,,0,2,0.7153,YOLO-omega,
cap_001783,2026-09-09T13:34:52.721,horizontal,,,0,3,0.7497,YOLO-omega,
cap_001784,2026-09-09T13:34:52.850,horizontal,,,0,3,0.9529,YOLO-omega,
cap_001785,2026-09-09T13:34:52.947,horizontal,,,0,3,0.8799,YOLO-omega,
cap_001786,2026-09-09T13:34:53.086,horizontal,,,0,3,0.9237,YOLO-omega,
cap_001787,2026-09-09T13:34:53.206,horizontal,,,0,3,0.7269,YOLO-omega,
cap_001788,2026-09-09T13:34:53.301,horizontal,,,0,3,0.7129,YOLO-omega,
cap_001789,2026-09-09T13:34:53.428,horizontal,,,0,3,0.7286,YOLO-omega,
cap_001790,2026-09-09T13:34:53.524,horizontal,,,0,3,0.8716,YOLO-omega,
cap_001791,2026-09-09T13:34:53.650,horizontal,,,0,3,0.7031,YOLO-omega,
cap_001792,2026-09-09T13:34:53.750,horizontal,,,0,3,0.7042,YOLO-omega,
cap_001793,2026-09-09T13:34:53.875,horizontal,,,0,3,0.7671,YOLO-omega,
cap_001794,2026-09-09T13:34:54.002,horizontal,,,0,3,0.7575,YOLO-omega,
cap_001795,2026-09-09T13:34:54.100,horizontal,,,0,2,0.7078,YOLO-omega,
cap_001796,2026-09-09T13:34:54.230,horizontal,,,0,3,0.7178,YOLO-omega,
cap_001797,2026-09-09T13:34:54.328,horizontal,,,0,3,0.8696,YOLO-omega,
cap_001798,2026-09-09T13:34:54.457,horizontal,,,0,3,0.9083,YOLO-omega,
cap_001799,2026-09-09T13:34:54.551,horizontal,,,0,3,0.9344,YOLO-omega,
cap_001800,2026-09-09T13:34:54.676,horizontal,,,0,3,0.8798,YOLO-omega,
cap_001801,2026-09-09T13:34:54.772,horizontal,,,0,2,0.7275,YOLO-omega,
cap_001802,2026-09-09T13:34:54.901,horizontal,,,0,3,0.7698,YOLO-omega,
cap_001803,2026-09-09T13:34:55.035,horizontal,,,0,3,0.8731,YOLO-omega,
cap_001804,2026-09-09T13:34:55.134,horizontal,,,0,3,0.8315,YOLO-omega,
cap_001805,2026-09-09T13:34:55.254,horizontal,,,0,3,0.8726,YOLO-omega,
cap_001806,2026-09-09T13:34:55.348,horizontal,,,0,1,0.6998,YOLO-omega,
cap_001807,2026-09-09T13:34:55.476,horizontal,,,0,3,0.7173,YOLO-omega,
cap_001808,2026-09-09T13:34:55.573,horizontal,,,0,3,0.7578,YOLO-omega,
cap_001809,2026-09-09T13:34:55.704,horizontal,,,0,3,0.7206,YOLO-omega,
cap_001810,2026-09-09T13:34:55.829,horizontal,,,0,1,0.6801,YOLO-omega,
cap_001811,2026-09-09T13:34:55.926,horizontal,,,0,2,0.6807,YOLO-omega,
cap_001812,2026-09-09T13:34:56.049,horizontal,,,0,3,0.6611,YOLO-omega,
cap_001813,2026-09-09T13:34:56.148,horizontal,,,0,3,0.6602,YOLO-omega,
cap_001814,2026-09-09T13:34:56.274,horizontal,,,0,2,0.6555,YOLO-omega,
cap_001815,2026-09-09T13:34:56.371,horizontal,,,0,2,0.6881,YOLO-omega,
cap_001816,2026-09-09T13:34:56.500,horizontal,,,0,2,0.6998,YOLO-omega,
cap_001817,2026-09-09T13:34:56.595,horizontal,,,0,3,0.7023,YOLO-omega,
cap_001818,2026-09-09T13:34:56.723,horizontal,,,0,4,0.6962,YOLO-omega,
cap_001819,2026-09-09T13:34:56.849,horizontal,,,0,4,0.6841,YOLO-omega,
cap_001820,2026-09-09T13:34:56.947,horizontal,,,0,4,0.6766,YOLO-omega,
cap_001821,2026-09-09T13:34:57.075,horizontal,,,0,4,0.7600,YOLO-omega,
cap_001822,2026-09-09T13:34:57.173,horizontal,,,0,3,0.7269,YOLO-omega,
cap_001823,2026-09-09T13:34:57.300,horizontal,,,0,3,0.8942,YOLO-omega,
cap_001824,2026-09-09T13:34:57.395,horizontal,,,0,3,0.7570,YOLO-omega,
cap_001825,2026-09-09T13:34:57.527,horizontal,,,0,2,0.6543,YOLO-omega,
cap_001826,2026-09-09T13:34:57.651,horizontal,,,0,4,0.6749,YOLO-omega,
cap_001827,2026-09-09T13:34:57.749,horizontal,,,0,3,0.6613,YOLO-omega,
cap_001828,2026-09-09T13:34:57.876,horizontal,,,0,3,0.8124,YOLO-omega,
cap_001829,2026-09-09T13:34:57.970,horizontal,,,0,3,0.6525,YOLO-omega,
cap_001830,2026-09-09T13:34:58.100,horizontal,,,0,4,0.8599,YOLO-omega,
cap_001831,2026-09-09T13:34:58.196,horizontal,,,0,3,0.6584,YOLO-omega,
cap_001832,2026-09-09T13:34:58.323,horizontal,,,0,4,0.8627,YOLO-omega,
cap_001833,2026-09-09T13:34:58.419,horizontal,,,0,4,0.6710,YOLO-omega,
cap_001834,2026-09-09T13:34:58.547,horizontal,,,0,5,0.6939,YOLO-omega,
cap_001835,2026-09-09T13:34:58.678,horizontal,,,0,4,0.8382,YOLO-omega,
cap_001836,2026-09-09T13:34:58.771,horizontal,,,0,4,0.8784,YOLO-omega,
cap_001837,2026-09-09T13:34:58.898,horizontal,,,0,4,0.8888,YOLO-omega,
cap_001838,2026-09-09T13:34:58.993,horizontal,,,0,3,0.7865,YOLO-omega,
cap_001839,2026-09-09T13:34:59.123,horizontal,,,0,3,0.8443,YOLO-omega,
cap_001840,2026-09-09T13:34:59.220,horizontal,,,0,3,0.6828,YOLO-omega,
cap_001841,2026-09-09T13:34:59.348,horizontal,,,0,3,0.6718,YOLO-omega,
cap_001842,2026-09-09T13:34:59.442,horizontal,,,0,3,0.8044,YOLO-omega,
cap_001843,2026-09-09T13:34:59.570,horizontal,,,0,2,0.6764,YOLO-omega,
cap_001844,2026-09-09T13:34:59.698,horizontal,,,0,3,0.6638,YOLO-omega,
cap_001845,2026-09-09T13:34:59.793,horizontal,,,0,4,0.8217,YOLO-omega,
cap_001846,2026-09-09T13:34:59.924,horizontal,,,0,4,0.7883,YOLO-omega,
cap_001847,2026-09-09T13:35:00.018,horizontal,,,0,4,0.8955,YOLO-omega,
cap_001848,2026-09-09T13:35:00.148,horizontal,,,0,3,0.8981,YOLO-omega,
cap_001849,2026-09-09T13:35:00.245,horizontal,,,0,3,0.8767,YOLO-omega,
cap_001850,2026-09-09T13:35:00.370,horizontal,,,0,3,0.7717,YOLO-omega,
cap_001851,2026-09-09T13:35:00.501,horizontal,,,0,3,0.6845,YOLO-omega,
cap_001852,2026-09-09T13:35:00.596,horizontal,,,0,3,0.6977,YOLO-omega,
cap_001853,2026-09-09T13:35:00.725,horizontal,,,0,3,0.8114,YOLO-omega,
