timestamp,frame,mode,view,n_det,background,threshold,cx,cy,area_px,val_max,aspect,extent,peaks,std_c,skin_px,priority,note
2026-08-24T15:29:54.785,46,RAD,horizontal,1,22.98,25.48,91.8,35.4,40,27.49,1.67,0.67,2,1.04,0,0,horizontal best
2026-08-24T15:29:54.911,47,RAD,horizontal,1,22.98,25.48,91.7,35.4,40,27.54,1.67,0.67,2,1.05,0,0,horizontal best
2026-08-24T15:29:55.009,48,RAD,horizontal,1,22.98,25.48,91.7,35.4,40,27.52,1.67,0.67,2,1.06,0,0,horizontal best
2026-08-24T15:29:55.135,49,RAD,horizontal,1,22.98,25.48,91.7,35.4,40,27.52,1.67,0.67,2,1.07,0,0,horizontal best
2026-08-24T15:29:55.232,50,RAD,horizontal,1,22.96,25.46,91.7,35.4,40,27.52,1.67,0.67,2,1.08,0,0,horizontal best
2026-08-24T15:29:55.359,51,RAD,horizontal,1,22.94,25.44,91.7,35.4,40,27.52,1.67,0.67,2,1.08,0,0,horizontal best
2026-08-24T15:29:55.488,52,RAD,horizontal,1,22.91,25.41,91.7,35.4,40,27.56,1.67,0.67,2,1.08,0,0,horizontal best
2026-08-24T15:29:55.584,53,RAD,horizontal,1,22.94,25.44,91.8,35.4,40,27.63,1.67,0.67,2,1.10,0,0,horizontal best
2026-08-24T15:29:55.712,54,RAD,horizontal,1,22.94,25.44,91.8,35.4,40,27.63,1.67,0.67,2,1.10,0,0,horizontal best
2026-08-24T15:29:55.811,55,RAD,horizontal,1,22.91,25.41,91.7,35.5,42,27.63,1.67,0.70,2,1.08,0,0,horizontal best
2026-08-24T15:29:55.936,56,RAD,horizontal,2,22.91,25.41,91.8,35.4,39,27.63,1.67,0.65,2,1.11,0,0,horizontal best
2026-08-24T15:29:55.936,56,RAD,horizontal,2,22.91,25.41,28.8,43.3,60,28.99,2.00,0.61,1,1.60,0,0,horizontal best
2026-08-24T15:29:56.034,57,RAD,horizontal,2,22.91,25.41,91.8,35.4,39,27.56,1.67,0.65,2,1.10,0,0,horizontal best
2026-08-24T15:29:56.034,57,RAD,horizontal,2,22.91,25.41,28.9,44.0,62,29.01,1.86,0.68,1,1.66,0,0,horizontal best
2026-08-24T15:29:56.160,58,RAD,horizontal,2,22.91,25.41,91.8,35.4,39,27.56,1.67,0.65,2,1.09,0,0,horizontal best
2026-08-24T15:29:56.160,58,RAD,horizontal,2,22.91,25.41,28.8,44.4,60,29.06,1.71,0.71,2,1.66,0,0,horizontal best
2026-08-24T15:29:56.257,59,RAD,horizontal,2,22.89,25.39,91.8,35.4,39,27.54,1.67,0.65,2,1.09,0,0,horizontal best
2026-08-24T15:29:56.257,59,RAD,horizontal,2,22.89,25.39,28.7,44.7,64,29.12,1.86,0.70,2,1.69,0,0,horizontal best
2026-08-24T15:29:56.384,60,RAD,horizontal,2,22.89,25.39,91.8,35.4,39,27.54,1.67,0.65,2,1.08,0,0,horizontal best
2026-08-24T15:29:56.384,60,RAD,horizontal,2,22.89,25.39,28.7,44.6,66,29.14,2.00,0.67,2,1.67,0,0,horizontal best
2026-08-24T15:29:56.510,61,RAD,horizontal,2,22.87,25.37,91.8,35.4,40,27.54,1.67,0.67,2,1.07,0,0,horizontal best
2026-08-24T15:29:56.510,61,RAD,horizontal,2,22.87,25.37,28.8,44.7,70,29.21,2.00,0.71,1,1.67,0,0,horizontal best
2026-08-24T15:29:56.606,62,RAD,horizontal,2,22.87,25.37,91.7,35.4,40,27.52,1.67,0.67,2,1.05,0,0,horizontal best
2026-08-24T15:29:56.606,62,RAD,horizontal,2,22.87,25.37,28.9,44.9,67,29.19,1.86,0.74,2,1.66,0,0,horizontal best
2026-08-24T15:29:56.737,63,RAD,horizontal,2,22.87,25.37,91.7,35.4,40,27.52,1.67,0.67,2,1.05,0,0,horizontal best
2026-08-24T15:29:56.737,63,RAD,horizontal,2,22.87,25.37,29.2,44.9,74,29.26,1.62,0.71,2,1.66,0,0,horizontal best
2026-08-24T15:29:56.834,64,RAD,horizontal,2,22.87,25.37,91.7,35.4,40,27.52,1.67,0.67,2,1.06,0,0,horizontal best
2026-08-24T15:29:56.834,64,RAD,horizontal,2,22.87,25.37,29.6,44.7,72,29.21,1.75,0.64,1,1.61,0,0,horizontal best
2026-08-24T15:29:56.961,65,RAD,horizontal,2,22.84,25.34,91.7,35.4,40,27.52,1.67,0.67,2,1.06,0,0,horizontal best
2026-08-24T15:29:56.961,65,RAD,horizontal,2,22.84,25.34,30.1,44.3,70,29.12,1.62,0.67,1,1.63,0,0,horizontal best
2026-08-24T15:29:57.058,66,RAD,horizontal,2,22.84,25.34,91.7,35.4,40,27.52,1.67,0.67,2,1.06,0,0,horizontal best
2026-08-24T15:29:57.058,66,RAD,horizontal,2,22.84,25.34,30.6,44.3,72,29.14,1.62,0.69,1,1.60,0,0,horizontal best
2026-08-24T15:29:57.186,67,RAD,horizontal,2,22.82,25.32,91.7,35.4,40,27.52,1.67,0.67,2,1.07,0,0,horizontal best
2026-08-24T15:29:57.186,67,RAD,horizontal,2,22.82,25.32,31.2,44.3,69,29.10,1.62,0.66,1,1.65,0,0,horizontal best
2026-08-24T15:29:57.314,68,RAD,horizontal,2,22.82,25.32,91.7,35.4,40,27.49,1.67,0.67,2,1.07,0,0,horizontal best
2026-08-24T15:29:57.314,68,RAD,horizontal,2,22.82,25.32,31.4,44.1,71,29.10,1.62,0.68,1,1.61,0,0,horizontal best
2026-08-24T15:29:57.410,69,RAD,horizontal,2,22.80,25.30,91.8,35.4,40,27.49,1.67,0.67,2,1.07,0,0,horizontal best
2026-08-24T15:29:57.410,69,RAD,horizontal,2,22.80,25.30,31.6,44.1,73,29.10,1.62,0.70,1,1.57,0,0,horizontal best
2026-08-24T15:29:57.536,70,RAD,horizontal,2,22.80,25.30,91.8,35.4,40,27.49,1.67,0.67,2,1.06,0,0,horizontal best
2026-08-24T15:29:57.536,70,RAD,horizontal,2,22.80,25.30,31.7,44.2,74,29.19,1.62,0.71,1,1.58,0,0,horizontal best
2026-08-24T15:29:57.632,71,RAD,horizontal,2,22.80,25.30,91.8,35.4,40,27.49,1.67,0.67,2,1.06,0,0,horizontal best
2026-08-24T15:29:57.632,71,RAD,horizontal,2,22.80,25.30,31.8,44.2,71,29.19,1.62,0.68,1,1.56,0,0,horizontal best
2026-08-24T15:29:57.761,72,RAD,horizontal,2,22.77,25.27,91.8,35.4,40,27.47,1.67,0.67,2,1.08,0,0,horizontal best
2026-08-24T15:29:57.761,72,RAD,horizontal,2,22.77,25.27,32.0,44.1,70,29.19,1.44,0.60,1,1.52,0,0,horizontal best
2026-08-24T15:29:57.856,73,RAD,horizontal,2,22.77,25.27,91.8,35.4,40,27.47,1.67,0.67,2,1.08,0,0,horizontal best
2026-08-24T15:29:57.856,73,RAD,horizontal,2,22.77,25.27,32.1,44.1,70,29.17,1.44,0.60,1,1.52,0,0,horizontal best
2026-08-24T15:29:57.985,74,RAD,horizontal,2,22.75,25.25,91.8,35.4,40,27.38,1.67,0.67,2,1.07,0,0,horizontal best
2026-08-24T15:29:57.985,74,RAD,horizontal,2,22.75,25.25,32.2,44.1,68,29.03,1.62,0.65,1,1.52,0,0,horizontal best
2026-08-24T15:29:58.082,75,RAD,horizontal,2,22.77,25.27,91.7,35.4,40,27.38,1.67,0.67,2,1.06,0,0,horizontal best
2026-08-24T15:29:58.082,75,RAD,horizontal,2,22.77,25.27,32.2,44.1,69,29.03,1.62,0.66,1,1.58,0,0,horizontal best
2026-08-24T15:29:58.208,76,RAD,horizontal,2,22.77,25.27,91.7,35.4,40,27.38,1.67,0.67,2,1.06,0,0,horizontal best
2026-08-24T15:29:58.208,76,RAD,horizontal,2,22.77,25.27,32.2,44.1,69,29.03,1.62,0.66,1,1.57,0,0,horizontal best
2026-08-24T15:29:58.337,77,RAD,horizontal,2,22.75,25.25,91.8,35.3,42,27.38,1.67,0.70,2,1.15,0,0,horizontal best
2026-08-24T15:29:58.337,77,RAD,horizontal,2,22.75,25.25,32.2,44.2,68,29.01,1.62,0.65,1,1.58,0,0,horizontal best
2026-08-24T15:29:58.433,78,RAD,horizontal,2,22.75,25.25,91.8,35.4,40,27.38,1.67,0.67,2,1.06,0,0,horizontal best
2026-08-24T15:29:58.433,78,RAD,horizontal,2,22.75,25.25,32.1,44.2,67,29.01,1.86,0.74,1,1.57,0,0,horizontal best
2026-08-24T15:29:58.562,79,RAD,horizontal,2,22.75,25.25,91.8,35.3,42,27.42,1.67,0.70,2,1.15,0,0,horizontal best
2026-08-24T15:29:58.562,79,RAD,horizontal,2,22.75,25.25,32.0,44.3,65,29.01,1.86,0.71,1,1.58,0,0,horizontal best
2026-08-24T15:29:58.657,80,RAD,horizontal,2,22.77,25.27,91.8,35.5,41,27.42,1.67,0.68,2,1.11,0,0,horizontal best
2026-08-24T15:29:58.657,80,RAD,horizontal,2,22.77,25.27,31.9,44.2,66,29.45,1.86,0.73,1,1.63,0,0,horizontal best
2026-08-24T15:29:58.785,81,RAD,horizontal,2,22.80,25.30,91.8,35.4,40,27.40,1.67,0.67,2,1.04,0,0,horizontal best
2026-08-24T15:29:58.785,81,RAD,horizontal,2,22.80,25.30,31.9,44.2,66,29.45,1.86,0.73,1,1.63,0,0,horizontal best
2026-08-24T15:29:58.880,82,RAD,horizontal,2,22.82,25.32,91.8,35.4,39,27.40,1.67,0.65,2,1.06,0,0,horizontal best
2026-08-24T15:29:58.880,82,RAD,horizontal,2,22.82,25.32,31.7,44.3,68,29.45,1.62,0.65,1,1.56,0,0,horizontal best
2026-08-24T15:29:59.010,83,RAD,horizontal,2,22.82,25.32,91.8,35.4,39,27.38,1.67,0.65,2,1.06,0,0,horizontal best
2026-08-24T15:29:59.010,83,RAD,horizontal,2,22.82,25.32,31.6,44.4,68,29.45,1.62,0.65,1,1.59,0,0,horizontal best
2026-08-24T15:29:59.137,84,RAD,horizontal,2,22.82,25.32,91.8,35.4,40,27.38,1.67,0.67,2,1.06,0,0,horizontal best
2026-08-24T15:29:59.137,84,RAD,horizontal,2,22.82,25.32,31.5,44.5,70,29.45,1.62,0.67,1,1.61,0,0,horizontal best
2026-08-24T15:29:59.233,85,RAD,horizontal,2,22.82,25.32,91.7,35.4,40,27.38,1.67,0.67,2,1.06,0,0,horizontal best
2026-08-24T15:29:59.233,85,RAD,horizontal,2,22.82,25.32,31.4,44.5,69,29.43,1.62,0.66,1,1.61,0,0,horizontal best
2026-08-24T15:29:59.362,86,RAD,horizontal,2,22.84,25.34,91.7,35.4,40,27.38,1.67,0.67,2,1.05,0,0,horizontal best
2026-08-24T15:29:59.362,86,RAD,horizontal,2,22.84,25.34,31.4,44.6,69,29.43,1.62,0.66,1,1.62,0,0,horizontal best
2026-08-24T15:29:59.458,87,RAD,horizontal,2,22.84,25.34,91.8,35.4,39,27.38,1.67,0.65,2,1.06,0,0,horizontal best
2026-08-24T15:29:59.458,87,RAD,horizontal,2,22.84,25.34,31.3,44.6,70,29.03,1.62,0.67,1,1.67,0,0,horizontal best
2026-08-24T15:29:59.586,88,RAD,horizontal,2,22.84,25.34,91.8,35.5,40,27.38,1.67,0.67,2,1.11,0,0,horizontal best
2026-08-24T15:29:59.586,88,RAD,horizontal,2,22.84,25.34,31.3,44.7,68,28.90,1.50,0.71,1,1.66,0,0,horizontal best
2026-08-24T15:29:59.682,89,RAD,horizontal,2,22.87,25.37,91.9,35.5,40,27.38,1.67,0.67,2,1.12,0,0,horizontal best
2026-08-24T15:29:59.682,89,RAD,horizontal,2,22.87,25.37,31.3,44.7,68,28.90,1.50,0.71,2,1.66,0,0,horizontal best
2026-08-24T15:29:59.807,90,RAD,horizontal,2,22.87,25.37,91.9,35.5,43,27.36,1.67,0.72,2,1.17,0,0,horizontal best
2026-08-24T15:29:59.807,90,RAD,horizontal,2,22.87,25.37,31.3,44.8,68,29.03,1.50,0.71,1,1.64,0,0,horizontal best
2026-08-24T15:29:59.904,91,RAD,horizontal,2,22.84,25.34,91.9,35.4,44,27.38,1.67,0.73,2,1.19,0,0,horizontal best
2026-08-24T15:29:59.904,91,RAD,horizontal,2,22.84,25.34,31.2,44.9,68,28.94,1.50,0.71,1,1.63,0,0,horizontal best
2026-08-24T15:30:00.033,92,RAD,horizontal,2,22.84,25.34,92.0,35.4,44,27.40,1.67,0.73,2,1.18,0,0,horizontal best
2026-08-24T15:30:00.033,92,RAD,horizontal,2,22.84,25.34,31.2,44.9,68,28.92,1.50,0.71,1,1.62,0,0,horizontal best
2026-08-24T15:30:00.158,93,RAD,horizontal,2,22.87,25.37,92.0,35.4,44,27.40,1.67,0.73,2,1.18,0,0,horizontal best
2026-08-24T15:30:00.158,93,RAD,horizontal,2,22.87,25.37,31.2,45.0,64,28.94,1.71,0.76,1,1.59,0,0,horizontal best
2026-08-24T15:30:00.254,94,RAD,horizontal,2,22.87,25.37,91.9,35.4,47,27.40,1.67,0.78,2,1.17,0,0,horizontal best
2026-08-24T15:30:00.254,94,RAD,horizontal,2,22.87,25.37,31.3,45.0,70,28.99,1.62,0.67,1,1.65,0,0,horizontal best
2026-08-24T15:30:00.383,95,RAD,horizontal,2,22.87,25.37,91.8,35.3,49,27.40,1.83,0.74,2,1.18,0,0,horizontal best
2026-08-24T15:30:00.383,95,RAD,horizontal,2,22.87,25.37,31.6,45.0,66,29.01,1.50,0.69,1,1.65,0,0,horizontal best
2026-08-24T15:30:00.478,96,RAD,horizontal,2,22.87,25.37,91.8,35.2,48,27.40,1.83,0.73,2,1.17,0,0,horizontal best
2026-08-24T15:30:00.478,96,RAD,horizontal,2,22.87,25.37,31.8,44.9,64,28.97,1.71,0.76,1,1.59,0,0,horizontal best
2026-08-24T15:30:00.610,97,RAD,horizontal,2,22.87,25.37,91.8,35.2,48,27.40,1.83,0.73,2,1.17,0,0,horizontal best
2026-08-24T15:30:00.610,97,RAD,horizontal,2,22.87,25.37,32.3,44.7,68,29.03,1.50,0.71,1,1.61,0,0,horizontal best
2026-08-24T15:30:00.703,98,RAD,horizontal,2,22.84,25.34,91.7,35.2,47,27.67,1.83,0.71,2,1.22,0,0,horizontal best
2026-08-24T15:30:00.703,98,RAD,horizontal,2,22.84,25.34,32.8,44.7,62,28.99,1.71,0.74,1,1.52,0,0,horizontal best
2026-08-24T15:30:00.832,99,RAD,horizontal,2,22.84,25.34,91.7,35.2,48,27.67,1.83,0.73,2,1.23,0,0,horizontal best
2026-08-24T15:30:00.832,99,RAD,horizontal,2,22.84,25.34,33.3,44.5,74,28.92,1.62,0.71,1,1.63,0,0,horizontal best
2026-08-24T15:30:00.927,100,RAD,horizontal,2,22.84,25.34,91.7,35.2,48,27.67,1.83,0.73,2,1.24,0,0,horizontal best
2026-08-24T15:30:00.927,100,RAD,horizontal,2,22.84,25.34,34.0,44.2,73,29.17,1.62,0.70,2,1.67,0,0,horizontal best
2026-08-24T15:30:01.056,101,RAD,horizontal,2,22.87,25.37,91.5,35.3,43,27.26,1.83,0.65,2,1.12,0,0,horizontal best
2026-08-24T15:30:01.056,101,RAD,horizontal,2,22.87,25.37,34.4,44.0,77,29.17,1.75,0.69,2,1.59,0,0,horizontal best
2026-08-24T15:30:01.182,102,RAD,horizontal,2,22.87,25.37,91.5,35.3,44,27.99,1.83,0.67,2,1.19,0,0,horizontal best
2026-08-24T15:30:01.182,102,RAD,horizontal,2,22.87,25.37,34.9,43.6,78,29.52,2.00,0.80,2,1.69,0,0,horizontal best
2026-08-24T15:30:01.280,103,RAD,horizontal,2,22.89,25.39,91.3,35.2,41,27.99,1.83,0.62,2,1.11,0,0,horizontal best
2026-08-24T15:30:01.280,103,RAD,horizontal,2,22.89,25.39,35.3,43.6,75,29.48,1.75,0.67,2,1.72,0,0,horizontal best
2026-08-24T15:30:01.409,104,RAD,horizontal,2,22.89,25.39,91.3,35.2,41,27.97,1.83,0.62,2,1.12,0,0,horizontal best
2026-08-24T15:30:01.409,104,RAD,horizontal,2,22.89,25.39,35.7,43.4,67,29.12,1.86,0.74,2,1.64,0,0,horizontal best
2026-08-24T15:30:01.503,105,RAD,horizontal,2,22.89,25.39,91.3,35.2,41,27.99,1.83,0.62,2,1.12,0,0,horizontal best
2026-08-24T15:30:01.503,105,RAD,horizontal,2,22.89,25.39,36.0,43.4,65,29.12,1.86,0.71,2,1.59,0,0,horizontal best
2026-08-24T15:30:01.631,106,RAD,horizontal,2,22.87,25.37,91.3,35.3,42,27.94,1.83,0.64,2,1.18,0,0,horizontal best
2026-08-24T15:30:01.631,106,RAD,horizontal,2,22.87,25.37,36.4,43.2,67,28.90,2.00,0.68,2,1.69,0,0,horizontal best
2026-08-24T15:30:01.727,107,RAD,horizontal,2,22.87,25.37,91.4,35.3,42,27.92,1.83,0.64,2,1.18,0,0,horizontal best
2026-08-24T15:30:01.727,107,RAD,horizontal,2,22.87,25.37,36.8,43.2,63,28.92,1.86,0.69,2,1.64,0,0,horizontal best
2026-08-24T15:30:01.856,108,RAD,horizontal,2,22.87,25.37,91.4,35.1,46,27.90,2.00,0.64,2,1.16,0,0,horizontal best
2026-08-24T15:30:01.856,108,RAD,horizontal,2,22.87,25.37,37.0,43.4,63,28.92,1.86,0.69,2,1.59,0,0,horizontal best
2026-08-24T15:30:01.985,109,RAD,horizontal,2,22.87,25.37,91.4,35.0,46,27.70,2.00,0.64,2,1.14,0,0,horizontal best
2026-08-24T15:30:01.985,109,RAD,horizontal,2,22.87,25.37,37.4,43.4,67,28.94,1.62,0.64,2,1.65,0,0,horizontal best
2026-08-24T15:30:02.081,110,RAD,horizontal,2,22.87,25.37,91.4,35.0,45,27.65,2.00,0.62,2,1.10,0,0,horizontal best
2026-08-24T15:30:02.081,110,RAD,horizontal,2,22.87,25.37,37.7,43.5,70,29.03,1.62,0.67,2,1.69,0,0,horizontal best
2026-08-24T15:30:02.208,111,RAD,horizontal,2,22.87,25.37,91.2,35.0,47,27.22,1.71,0.56,2,1.09,0,0,horizontal best
2026-08-24T15:30:02.208,111,RAD,horizontal,2,22.87,25.37,38.0,43.6,69,29.10,1.62,0.66,2,1.69,0,0,horizontal best
2026-08-24T15:30:02.304,112,RAD,horizontal,2,22.87,25.37,91.2,34.8,48,27.22,1.71,0.57,2,1.09,0,0,horizontal best
2026-08-24T15:30:02.304,112,RAD,horizontal,2,22.87,25.37,38.3,43.5,70,29.30,1.62,0.67,2,1.67,0,0,horizontal best
2026-08-24T15:30:02.430,113,RAD,horizontal,2,22.89,25.39,91.2,34.7,50,27.52,1.71,0.60,2,1.14,0,0,horizontal best
2026-08-24T15:30:02.430,113,RAD,horizontal,2,22.89,25.39,38.6,43.5,71,29.30,1.62,0.68,2,1.75,0,0,horizontal best
2026-08-24T15:30:02.528,114,RAD,horizontal,2,22.87,25.37,91.1,34.6,49,27.49,1.71,0.58,2,1.15,0,0,horizontal best
2026-08-24T15:30:02.528,114,RAD,horizontal,2,22.87,25.37,39.1,43.4,71,29.26,1.62,0.68,2,1.77,0,0,horizontal best
2026-08-24T15:30:02.656,115,RAD,horizontal,2,22.87,25.37,91.2,34.6,53,27.56,1.50,0.55,2,1.21,0,0,horizontal best
2026-08-24T15:30:02.656,115,RAD,horizontal,2,22.87,25.37,39.5,43.4,70,29.28,1.62,0.67,2,1.72,0,0,horizontal best
2026-08-24T15:30:02.753,116,RAD,horizontal,2,22.84,25.34,91.3,34.6,55,27.70,1.50,0.57,2,1.18,0,0,horizontal best
2026-08-24T15:30:02.753,116,RAD,horizontal,2,22.84,25.34,40.1,43.2,73,29.34,1.62,0.70,2,1.75,0,0,horizontal best
2026-08-24T15:30:02.880,117,RAD,horizontal,2,22.84,25.34,91.3,34.7,53,27.70,1.86,0.58,2,1.18,0,0,horizontal best
2026-08-24T15:30:02.880,117,RAD,horizontal,2,22.84,25.34,40.4,43.0,72,29.32,1.62,0.69,1,1.68,0,0,horizontal best
2026-08-24T15:30:03.008,118,RAD,horizontal,2,22.84,25.34,91.0,34.2,45,27.70,1.57,0.58,2,1.11,0,0,horizontal best
2026-08-24T15:30:03.008,118,RAD,horizontal,2,22.84,25.34,40.7,43.0,73,29.23,1.44,0.62,2,1.69,0,0,horizontal best
2026-08-24T15:30:03.104,119,RAD,horizontal,2,22.84,25.34,90.9,34.0,45,27.70,1.57,0.58,2,1.24,0,0,horizontal best
2026-08-24T15:30:03.104,119,RAD,horizontal,2,22.84,25.34,41.1,43.0,75,29.23,1.44,0.64,1,1.74,0,0,horizontal best
2026-08-24T15:30:03.233,120,RAD,horizontal,2,22.82,25.32,90.1,33.4,36,27.72,2.20,0.65,2,0.72,0,0,horizontal best
2026-08-24T15:30:03.233,120,RAD,horizontal,2,22.82,25.32,41.3,43.0,72,29.26,1.62,0.69,1,1.72,0,0,horizontal best
2026-08-24T15:30:03.328,121,RAD,horizontal,2,22.82,25.32,90.6,34.5,46,27.47,2.00,0.64,2,1.17,0,0,horizontal best
2026-08-24T15:30:03.328,121,RAD,horizontal,2,22.82,25.32,41.4,43.0,70,29.32,1.62,0.67,1,1.69,0,0,horizontal best
2026-08-24T15:30:03.460,122,RAD,horizontal,2,22.82,25.32,91.0,35.3,44,27.40,1.83,0.67,2,1.10,0,0,horizontal best
2026-08-24T15:30:03.460,122,RAD,horizontal,2,22.82,25.32,41.6,42.9,72,29.39,1.75,0.64,1,1.71,0,0,horizontal best
2026-08-24T15:30:03.551,123,RAD,horizontal,2,22.82,25.32,91.1,35.4,45,27.85,2.00,0.62,3,1.17,0,0,horizontal best
2026-08-24T15:30:03.551,123,RAD,horizontal,2,22.82,25.32,41.8,42.7,77,29.30,1.56,0.61,2,1.74,0,0,horizontal best
2026-08-24T15:30:03.679,124,RAD,horizontal,2,22.80,25.30,90.9,34.9,59,28.03,1.86,0.65,3,1.24,0,0,horizontal best
2026-08-24T15:30:03.679,124,RAD,horizontal,2,22.80,25.30,42.0,42.6,75,29.21,1.75,0.67,2,1.76,0,0,horizontal best
2026-08-24T15:30:03.809,125,RAD,horizontal,2,22.82,25.32,90.6,33.9,63,28.72,1.75,0.56,3,1.37,0,0,horizontal best
2026-08-24T15:30:03.809,125,RAD,horizontal,2,22.82,25.32,42.1,42.6,75,29.23,1.75,0.67,2,1.73,0,0,horizontal best
2026-08-24T15:30:03.904,126,RAD,horizontal,2,22.84,25.34,90.0,33.0,70,28.59,1.88,0.58,3,1.35,0,0,horizontal best
2026-08-24T15:30:03.904,126,RAD,horizontal,2,22.84,25.34,42.1,42.6,75,29.26,1.75,0.67,2,1.72,0,0,horizontal best
2026-08-24T15:30:04.031,127,RAD,horizontal,2,22.82,25.32,89.5,32.3,68,28.41,2.00,0.69,4,1.30,0,0,horizontal best
2026-08-24T15:30:04.031,127,RAD,horizontal,2,22.82,25.32,42.1,42.6,75,29.37,1.75,0.67,2,1.71,0,0,horizontal best
2026-08-24T15:30:04.126,128,RAD,horizontal,2,22.82,25.32,89.2,32.4,71,28.37,2.14,0.68,3,1.31,0,0,horizontal best
2026-08-24T15:30:04.126,128,RAD,horizontal,2,22.82,25.32,42.1,42.7,74,29.32,1.75,0.66,2,1.69,0,0,horizontal best
2026-08-24T15:30:04.255,129,RAD,horizontal,2,22.82,25.32,89.1,32.7,66,28.37,2.14,0.63,3,1.35,0,0,horizontal best
2026-08-24T15:30:04.255,129,RAD,horizontal,2,22.82,25.32,42.1,42.7,74,29.30,1.75,0.66,2,1.68,0,0,horizontal best
2026-08-24T15:30:04.350,130,RAD,horizontal,2,22.82,25.32,88.9,32.9,67,28.08,2.29,0.60,3,1.40,0,0,horizontal best
2026-08-24T15:30:04.350,130,RAD,horizontal,2,22.82,25.32,42.1,42.7,73,29.32,1.75,0.65,2,1.73,0,0,horizontal best
2026-08-24T15:30:04.480,131,RAD,horizontal,2,22.84,25.34,88.5,33.0,68,28.46,2.29,0.61,3,1.39,0,0,horizontal best
2026-08-24T15:30:04.480,131,RAD,horizontal,2,22.84,25.34,42.1,42.6,75,29.28,1.75,0.67,2,1.74,0,0,horizontal best
2026-08-24T15:30:04.575,132,RAD,horizontal,2,22.91,25.41,88.1,33.4,82,28.46,2.43,0.69,4,1.35,0,0,horizontal best
2026-08-24T15:30:04.575,132,RAD,horizontal,2,22.91,25.41,42.0,42.7,76,29.39,1.75,0.68,2,1.79,0,0,horizontal best
2026-08-24T15:30:04.703,133,RAD,horizontal,2,22.96,25.46,87.5,34.1,79,28.52,3.00,0.73,3,1.30,0,0,horizontal best
2026-08-24T15:30:04.703,133,RAD,horizontal,2,22.96,25.46,41.8,42.9,75,29.50,1.56,0.60,2,1.76,0,0,horizontal best
2026-08-24T15:30:04.831,134,RAD,horizontal,2,22.96,25.46,86.8,34.4,87,28.86,2.43,0.73,3,1.33,0,0,horizontal best
2026-08-24T15:30:04.831,134,RAD,horizontal,2,22.96,25.46,41.5,42.9,74,29.52,1.75,0.66,2,1.70,0,0,horizontal best
2026-08-24T15:30:04.935,135,RAD,horizontal,2,22.96,25.46,86.0,34.5,81,28.88,2.57,0.64,4,1.32,0,0,horizontal best
2026-08-24T15:30:04.935,135,RAD,horizontal,2,22.96,25.46,41.2,43.1,69,29.50,1.62,0.66,2,1.74,0,0,horizontal best
2026-08-24T15:30:05.060,136,RAD,horizontal,2,22.94,25.44,85.1,35.5,88,28.66,2.57,0.70,3,1.31,0,0,horizontal best
2026-08-24T15:30:05.060,136,RAD,horizontal,2,22.94,25.44,40.9,43.3,70,29.48,1.44,0.60,2,1.70,0,0,horizontal best
2026-08-24T15:30:05.156,137,RAD,horizontal,3,22.94,25.44,84.0,35.6,90,28.92,2.57,0.71,4,1.35,0,0,horizontal best
2026-08-24T15:30:05.156,137,RAD,horizontal,3,22.94,25.44,40.6,43.3,75,29.39,1.44,0.64,1,1.75,0,0,horizontal best
2026-08-24T15:30:05.156,137,RAD,horizontal,3,22.94,25.44,66.4,113.0,166,29.74,1.06,0.49,5,0.90,0,0,horizontal best
2026-08-24T15:30:05.285,138,RAD,horizontal,3,22.94,25.44,83.0,35.1,85,29.03,2.57,0.67,3,1.39,0,0,horizontal best
2026-08-24T15:30:05.285,138,RAD,horizontal,3,22.94,25.44,40.2,43.2,67,29.41,1.62,0.64,1,1.67,0,0,horizontal best
2026-08-24T15:30:05.285,138,RAD,horizontal,3,22.94,25.44,71.8,112.8,149,29.68,1.12,0.52,7,0.86,0,0,horizontal best
2026-08-24T15:30:05.380,139,RAD,horizontal,3,22.94,25.44,82.0,35.2,86,29.03,2.50,0.54,3,1.35,0,0,horizontal best
2026-08-24T15:30:05.380,139,RAD,horizontal,3,22.94,25.44,40.0,43.3,65,29.41,1.62,0.62,1,1.67,0,0,horizontal best
2026-08-24T15:30:05.380,139,RAD,horizontal,3,22.94,25.44,78.3,111.5,242,29.72,1.18,0.71,4,1.08,0,0,horizontal best
2026-08-24T15:30:05.508,140,RAD,horizontal,3,22.96,25.46,81.0,35.9,90,28.92,2.38,0.59,3,1.41,0,0,horizontal best
2026-08-24T15:30:05.508,140,RAD,horizontal,3,22.96,25.46,39.6,43.3,70,29.41,1.62,0.67,2,1.66,0,0,horizontal best
2026-08-24T15:30:05.508,140,RAD,horizontal,3,22.96,25.46,84.7,110.5,293,30.41,1.05,0.70,4,1.28,0,0,horizontal best
2026-08-24T15:30:05.641,141,RAD,horizontal,3,22.94,25.44,80.0,36.7,100,28.77,3.00,0.68,4,1.38,0,0,horizontal best
2026-08-24T15:30:05.641,141,RAD,horizontal,3,22.94,25.44,39.5,43.5,68,29.34,1.62,0.65,2,1.67,0,0,horizontal best
2026-08-24T15:30:05.641,141,RAD,horizontal,3,22.94,25.44,90.2,109.1,357,31.41,1.05,0.71,4,1.51,0,0,horizontal best
2026-08-24T15:30:05.732,142,RAD,horizontal,3,22.94,25.44,78.9,37.6,109,28.94,2.86,0.78,4,1.34,0,0,horizontal best
2026-08-24T15:30:05.732,142,RAD,horizontal,3,22.94,25.44,39.4,43.5,67,29.28,1.62,0.64,2,1.70,0,0,horizontal best
2026-08-24T15:30:05.732,142,RAD,horizontal,3,22.94,25.44,92.8,110.6,252,31.52,0.85,0.74,5,1.00,0,0,horizontal best
2026-08-24T15:30:05.864,143,RAD,horizontal,3,22.91,25.41,77.6,38.1,108,29.19,2.62,0.64,3,1.33,0,0,horizontal best
2026-08-24T15:30:05.864,143,RAD,horizontal,3,22.91,25.41,39.3,43.4,70,29.19,1.62,0.67,2,1.70,0,0,horizontal best
2026-08-24T15:30:05.864,143,RAD,horizontal,3,22.91,25.41,97.1,108.1,457,31.57,1.17,0.68,3,1.56,0,0,horizontal best
2026-08-24T15:30:05.956,144,RAD,horizontal,3,22.94,25.44,76.5,38.9,119,28.83,2.62,0.71,6,1.37,0,0,horizontal best
2026-08-24T15:30:05.956,144,RAD,horizontal,3,22.94,25.44,39.2,43.4,68,29.39,1.62,0.65,2,1.72,0,0,horizontal best
2026-08-24T15:30:05.956,144,RAD,horizontal,3,22.94,25.44,100.2,107.8,355,31.33,1.45,0.61,5,1.03,0,0,horizontal best
2026-08-24T15:30:06.086,145,RAD,horizontal,3,22.94,25.44,75.0,39.5,112,29.03,3.14,0.73,3,1.22,0,0,horizontal best
2026-08-24T15:30:06.086,145,RAD,horizontal,3,22.94,25.44,39.1,43.5,65,29.37,1.62,0.62,2,1.68,0,0,horizontal best
2026-08-24T15:30:06.086,145,RAD,horizontal,3,22.94,25.44,103.2,106.8,375,31.15,0.00,0.00,6,0.96,0,0,horizontal best
2026-08-24T15:30:06.181,146,RAD,horizontal,3,22.91,25.41,73.5,40.0,117,28.88,2.88,0.64,4,1.32,0,0,horizontal best
2026-08-24T15:30:06.181,146,RAD,horizontal,3,22.91,25.41,39.1,43.6,65,29.37,1.62,0.62,2,1.69,0,0,horizontal best
2026-08-24T15:30:06.181,146,RAD,horizontal,3,22.91,25.41,106.1,104.3,624,30.91,1.58,0.68,5,1.38,0,0,horizontal best
2026-08-24T15:30:06.312,147,RAD,horizontal,3,22.91,25.41,72.0,39.2,106,29.28,2.75,0.60,3,1.40,0,0,horizontal best
2026-08-24T15:30:06.312,147,RAD,horizontal,3,22.91,25.41,39.1,43.6,65,29.37,1.62,0.62,2,1.69,0,0,horizontal best
2026-08-24T15:30:06.312,147,RAD,horizontal,3,22.91,25.41,108.7,101.9,350,30.74,1.45,0.50,5,1.02,0,0,horizontal best
2026-08-24T15:30:06.407,148,RAD,horizontal,3,22.94,25.44,70.5,39.5,117,29.26,2.88,0.64,3,1.34,0,0,horizontal best
2026-08-24T15:30:06.407,148,RAD,horizontal,3,22.94,25.44,39.1,43.6,66,29.39,1.62,0.63,2,1.69,0,0,horizontal best
2026-08-24T15:30:06.407,148,RAD,horizontal,3,22.94,25.44,110.0,100.4,780,30.76,1.57,0.63,3,1.32,0,0,horizontal best
2026-08-24T15:30:06.535,149,RAD,horizontal,3,22.94,25.44,69.1,40.2,112,29.23,2.44,0.57,3,1.38,0,0,horizontal best
2026-08-24T15:30:06.535,149,RAD,horizontal,3,22.94,25.44,38.9,43.6,64,29.32,1.86,0.70,2,1.65,0,0,horizontal best
2026-08-24T15:30:06.535,149,RAD,horizontal,3,22.94,25.44,110.6,98.6,812,30.78,1.53,0.59,4,1.33,0,0,horizontal best
2026-08-24T15:30:06.662,150,RAD,horizontal,3,22.96,25.46,67.3,40.1,104,29.19,2.75,0.59,3,1.41,0,0,horizontal best
2026-08-24T15:30:06.662,150,RAD,horizontal,3,22.96,25.46,38.8,43.7,64,29.34,1.71,0.76,2,1.68,0,0,horizontal best
2026-08-24T15:30:06.662,150,RAD,horizontal,3,22.96,25.46,111.1,93.5,406,30.87,0.00,0.00,5,1.00,0,0,horizontal best
2026-08-24T15:30:06.762,151,RAD,horizontal,3,22.96,25.46,65.2,39.0,86,29.12,2.38,0.57,2,1.46,0,0,horizontal best
2026-08-24T15:30:06.762,151,RAD,horizontal,3,22.96,25.46,38.7,43.8,64,29.34,1.71,0.76,2,1.71,0,0,horizontal best
2026-08-24T15:30:06.762,151,RAD,horizontal,3,22.96,25.46,110.9,92.9,703,31.00,1.96,0.53,4,1.31,0,0,horizontal best
2026-08-24T15:30:06.885,152,RAD,horizontal,3,22.96,25.46,63.1,38.3,80,29.06,2.00,0.62,2,1.40,0,0,horizontal best
2026-08-24T15:30:06.885,152,RAD,horizontal,3,22.96,25.46,38.5,43.6,62,29.32,1.50,0.65,2,1.67,0,0,horizontal best
2026-08-24T15:30:06.885,152,RAD,horizontal,3,22.96,25.46,111.0,86.2,264,30.89,1.38,0.43,5,0.91,0,0,horizontal best
2026-08-24T15:30:06.980,153,RAD,horizontal,3,22.94,25.44,61.1,38.3,74,29.01,1.75,0.66,3,1.42,0,0,horizontal best
2026-08-24T15:30:06.980,153,RAD,horizontal,3,22.94,25.44,38.2,43.7,62,29.32,1.71,0.74,2,1.63,0,0,horizontal best
2026-08-24T15:30:06.980,153,RAD,horizontal,3,22.94,25.44,110.1,82.7,218,30.69,1.56,0.43,7,0.90,0,0,horizontal best
2026-08-24T15:30:07.111,154,RAD,horizontal,3,22.94,25.44,59.2,38.8,73,28.99,2.00,0.74,2,1.47,0,0,horizontal best
2026-08-24T15:30:07.111,154,RAD,horizontal,3,22.94,25.44,37.9,43.7,62,29.19,1.71,0.74,2,1.65,0,0,horizontal best
2026-08-24T15:30:07.111,154,RAD,horizontal,3,22.94,25.44,108.2,81.2,205,30.52,1.88,0.43,5,0.92,0,0,horizontal best
2026-08-24T15:30:07.206,155,RAD,horizontal,3,22.94,25.44,57.0,39.6,79,28.94,1.88,0.66,3,1.45,0,0,horizontal best
2026-08-24T15:30:07.206,155,RAD,horizontal,3,22.94,25.44,37.3,43.8,59,28.83,1.71,0.70,2,1.37,0,0,horizontal best
2026-08-24T15:30:07.206,155,RAD,horizontal,3,22.94,25.44,105.7,85.1,476,30.34,2.63,0.50,4,1.24,0,0,horizontal best
2026-08-24T15:30:07.334,156,RAD,horizontal,2,22.91,25.41,55.2,39.7,81,28.88,1.88,0.68,3,1.41,0,0,horizontal best
2026-08-24T15:30:07.334,156,RAD,horizontal,2,22.91,25.41,103.1,83.2,214,30.43,2.38,0.53,5,0.97,0,0,horizontal best
2026-08-24T15:30:07.432,157,RAD,horizontal,2,22.91,25.41,53.5,39.6,82,29.26,1.88,0.68,3,1.41,0,0,horizontal best
2026-08-24T15:30:07.432,157,RAD,horizontal,2,22.91,25.41,101.1,80.1,197,30.39,2.23,0.52,5,0.90,0,0,horizontal best
2026-08-24T15:30:07.559,158,RAD,horizontal,2,22.94,25.44,52.1,39.9,86,29.57,1.75,0.77,3,1.43,0,0,horizontal best
2026-08-24T15:30:07.559,158,RAD,horizontal,2,22.94,25.44,99.2,80.5,372,30.65,3.77,0.58,3,1.27,0,0,horizontal best
2026-08-24T15:30:07.684,159,RAD,horizontal,2,22.94,25.44,51.0,40.3,84,29.23,1.88,0.70,3,1.44,0,0,horizontal best
2026-08-24T15:30:07.684,159,RAD,horizontal,2,22.94,25.44,97.9,80.5,366,30.39,3.85,0.56,3,1.24,0,0,horizontal best
2026-08-24T15:30:07.779,160,RAD,horizontal,2,22.94,25.44,50.0,40.5,83,29.30,1.88,0.69,2,1.43,0,0,horizontal best
2026-08-24T15:30:07.779,160,RAD,horizontal,2,22.94,25.44,97.1,76.8,181,30.52,3.00,0.60,5,0.79,0,0,horizontal best
2026-08-24T15:30:07.907,161,RAD,horizontal,2,22.94,25.44,48.8,40.6,86,29.23,1.67,0.64,3,1.46,0,0,horizontal best
2026-08-24T15:30:07.907,161,RAD,horizontal,2,22.94,25.44,95.9,73.2,165,30.23,3.00,0.55,5,0.79,0,0,horizontal best
2026-08-24T15:30:08.004,162,RAD,horizontal,3,22.94,25.44,47.7,41.1,84,29.30,1.56,0.67,2,1.46,0,0,horizontal best
2026-08-24T15:30:08.004,162,RAD,horizontal,3,22.94,25.44,30.8,44.6,57,28.92,1.71,0.68,1,1.30,0,0,horizontal best
2026-08-24T15:30:08.004,162,RAD,horizontal,3,22.94,25.44,94.4,74.9,347,30.34,4.73,0.61,4,1.12,0,0,horizontal best
2026-08-24T15:30:08.133,163,RAD,horizontal,2,22.94,25.44,46.8,41.5,82,29.21,1.67,0.61,3,1.43,0,0,horizontal best
2026-08-24T15:30:08.133,163,RAD,horizontal,2,22.94,25.44,92.9,75.2,363,30.12,4.00,0.63,4,1.09,0,0,horizontal best
2026-08-24T15:30:08.230,164,RAD,horizontal,2,22.91,25.41,46.2,41.6,80,29.26,1.88,0.67,3,1.42,0,0,horizontal best
2026-08-24T15:30:08.230,164,RAD,horizontal,2,22.91,25.41,91.8,74.5,400,30.01,3.29,0.62,4,1.19,0,0,horizontal best
2026-08-24T15:30:08.356,165,RAD,horizontal,2,22.91,25.41,45.9,41.3,79,29.26,1.75,0.71,3,1.46,0,0,horizontal best
2026-08-24T15:30:08.356,165,RAD,horizontal,2,22.91,25.41,90.5,72.7,354,30.28,3.14,0.57,3,1.11,0,0,horizontal best
2026-08-24T15:30:08.484,166,RAD,horizontal,2,22.94,25.44,45.8,41.6,83,29.23,1.75,0.74,3,1.47,0,0,horizontal best
2026-08-24T15:30:08.484,166,RAD,horizontal,2,22.94,25.44,88.1,65.0,118,30.30,2.09,0.47,5,0.88,0,0,horizontal best
2026-08-24T15:30:08.581,167,RAD,horizontal,2,22.91,25.41,46.0,42.1,84,29.12,1.56,0.67,3,1.45,0,0,horizontal best
2026-08-24T15:30:08.581,167,RAD,horizontal,2,22.91,25.41,86.7,67.7,346,30.50,2.81,0.48,3,1.18,0,0,horizontal best
2026-08-24T15:30:08.711,168,RAD,horizontal,2,22.94,25.44,46.1,42.8,87,29.32,1.30,0.67,3,1.40,0,0,horizontal best
2026-08-24T15:30:08.711,168,RAD,horizontal,2,22.94,25.44,84.4,67.1,310,30.56,3.00,0.53,2,1.21,0,0,horizontal best
2026-08-24T15:30:08.806,169,RAD,horizontal,2,22.94,25.44,46.4,43.3,84,29.32,1.20,0.70,3,1.30,0,0,horizontal best
2026-08-24T15:30:08.806,169,RAD,horizontal,2,22.94,25.44,82.1,65.1,279,30.41,3.25,0.60,2,1.22,0,0,horizontal best
2026-08-24T15:30:08.933,170,RAD,horizontal,2,22.91,25.41,46.9,44.0,88,29.30,1.09,0.67,3,1.41,0,0,horizontal best
2026-08-24T15:30:08.933,170,RAD,horizontal,2,22.91,25.41,80.1,62.5,224,30.30,3.09,0.60,3,1.25,0,0,horizontal best
2026-08-24T15:30:09.029,171,RAD,horizontal,2,22.94,25.44,47.2,44.7,95,29.37,1.00,0.56,3,1.50,0,0,horizontal best
2026-08-24T15:30:09.029,171,RAD,horizontal,2,22.94,25.44,78.2,60.8,191,30.47,3.20,0.60,3,1.20,0,0,horizontal best
2026-08-24T15:30:09.157,172,RAD,horizontal,2,22.94,25.44,47.4,44.8,95,29.37,0.92,0.61,3,1.41,0,0,horizontal best
2026-08-24T15:30:09.157,172,RAD,horizontal,2,22.94,25.44,75.9,59.2,170,30.36,2.60,0.65,2,1.23,0,0,horizontal best
2026-08-24T15:30:09.252,173,RAD,horizontal,2,22.94,25.44,47.5,44.9,90,29.17,0.85,0.63,3,1.32,0,0,horizontal best
2026-08-24T15:30:09.252,173,RAD,horizontal,2,22.94,25.44,73.4,57.9,149,30.28,2.67,0.69,2,1.15,0,0,horizontal best
2026-08-24T15:30:09.380,174,RAD,horizontal,2,22.94,25.44,47.6,44.9,90,29.28,0.85,0.63,2,1.36,0,0,horizontal best
2026-08-24T15:30:09.380,174,RAD,horizontal,2,22.94,25.44,70.8,57.6,154,30.50,2.67,0.71,2,1.18,0,0,horizontal best
2026-08-24T15:30:09.511,175,RAD,horizontal,2,22.94,25.44,47.7,44.9,89,29.28,0.92,0.67,3,1.39,0,0,horizontal best
2026-08-24T15:30:09.511,175,RAD,horizontal,2,22.94,25.44,68.6,57.6,158,30.45,2.78,0.70,2,1.17,0,0,horizontal best
2026-08-24T15:30:09.605,176,RAD,horizontal,2,22.91,25.41,47.9,44.9,89,29.41,0.92,0.67,3,1.43,0,0,horizontal best
2026-08-24T15:30:09.605,176,RAD,horizontal,2,22.91,25.41,66.4,57.8,163,30.23,3.25,0.78,2,1.16,0,0,horizontal best
2026-08-24T15:30:09.735,177,RAD,horizontal,2,22.91,25.41,47.9,44.9,89,29.43,0.92,0.67,4,1.43,0,0,horizontal best
2026-08-24T15:30:09.735,177,RAD,horizontal,2,22.91,25.41,64.2,58.5,167,30.43,2.50,0.67,2,1.14,0,0,horizontal best
2026-08-24T15:30:09.829,178,RAD,horizontal,2,22.91,25.41,47.9,44.9,89,29.43,0.92,0.67,4,1.42,0,0,horizontal best
2026-08-24T15:30:09.829,178,RAD,horizontal,2,22.91,25.41,61.6,59.7,140,30.25,3.12,0.70,2,1.09,0,0,horizontal best
2026-08-24T15:30:09.959,179,RAD,horizontal,2,22.89,25.39,47.9,44.9,88,29.43,0.92,0.67,4,1.37,0,0,horizontal best
2026-08-24T15:30:09.959,179,RAD,horizontal,2,22.89,25.39,59.0,61.7,122,29.03,2.22,0.68,2,0.93,0,0,horizontal best
2026-08-24T15:30:10.052,180,RAD,horizontal,1,22.87,25.37,54.0,57.0,266,30.25,1.70,0.39,6,1.08,0,0,horizontal best
2026-08-24T15:30:10.181,181,RAD,horizontal,1,22.84,25.34,51.1,54.9,254,30.28,1.94,0.40,6,1.07,0,0,horizontal best
2026-08-24T15:30:10.310,182,RAD,horizontal,1,22.84,25.34,49.4,54.1,251,30.28,2.06,0.42,4,1.11,0,0,horizontal best
2026-08-24T15:30:10.404,183,RAD,horizontal,1,22.84,25.34,47.9,53.8,247,30.03,2.57,0.49,5,1.06,0,0,horizontal best
2026-08-24T15:30:10.535,184,RAD,horizontal,1,22.82,25.32,46.3,53.9,251,29.97,3.08,0.57,5,1.06,0,0,horizontal best
2026-08-24T15:30:10.629,185,RAD,horizontal,1,22.82,25.32,44.9,54.5,242,30.50,2.64,0.47,5,1.09,0,0,horizontal best
2026-08-24T15:30:10.758,186,RAD,horizontal,1,22.80,25.30,43.5,55.0,246,30.36,2.25,0.43,5,1.08,0,0,horizontal best
2026-08-24T15:30:10.854,187,RAD,horizontal,1,22.80,25.30,42.1,55.5,254,29.90,2.00,0.39,6,1.05,0,0,horizontal best
2026-08-24T15:30:10.982,188,RAD,horizontal,1,22.77,25.27,38.9,61.1,169,29.65,2.25,0.52,3,1.05,0,0,horizontal best
2026-08-24T15:30:11.077,189,RAD,horizontal,1,22.80,25.30,35.6,63.2,184,30.08,1.53,0.42,2,1.17,0,0,horizontal best
2026-08-24T15:30:11.207,190,RAD,horizontal,2,22.80,25.30,32.6,63.4,182,30.54,2.08,0.52,2,1.16,0,0,horizontal best
2026-08-24T15:30:11.207,190,RAD,horizontal,2,22.80,25.30,48.0,44.5,93,29.45,1.00,0.65,3,1.44,0,0,horizontal best
2026-08-24T15:30:11.334,191,RAD,horizontal,2,22.82,25.32,29.2,60.4,237,29.74,2.47,0.43,4,1.09,0,0,horizontal best
2026-08-24T15:30:11.334,191,RAD,horizontal,2,22.82,25.32,48.0,44.5,93,29.45,1.00,0.65,3,1.45,0,0,horizontal best
2026-08-24T15:30:11.428,192,RAD,horizontal,2,22.80,25.30,27.1,58.8,222,29.99,3.08,0.50,4,1.10,0,0,horizontal best
2026-08-24T15:30:11.428,192,RAD,horizontal,2,22.80,25.30,48.0,44.5,93,29.43,1.00,0.65,3,1.45,0,0,horizontal best
2026-08-24T15:30:11.558,193,RAD,horizontal,2,22.80,25.30,25.7,58.3,208,29.83,3.08,0.47,4,1.04,0,0,horizontal best
2026-08-24T15:30:11.558,193,RAD,horizontal,2,22.80,25.30,48.1,44.5,92,29.43,1.00,0.64,3,1.43,0,0,horizontal best
2026-08-24T15:30:11.648,194,RAD,horizontal,1,22.80,25.30,48.1,44.5,93,29.32,1.00,0.65,3,1.45,0,0,horizontal best
2026-08-24T15:30:11.775,195,RAD,horizontal,2,22.80,25.30,22.5,63.4,146,29.52,2.08,0.49,2,1.04,0,0,horizontal best
2026-08-24T15:30:11.775,195,RAD,horizontal,2,22.80,25.30,48.1,44.5,93,29.30,1.00,0.65,3,1.45,0,0,horizontal best
2026-08-24T15:30:11.875,196,RAD,horizontal,2,22.80,25.30,20.6,64.8,140,29.21,2.27,0.51,3,1.02,0,0,horizontal best
2026-08-24T15:30:11.875,196,RAD,horizontal,2,22.80,25.30,48.1,44.5,93,29.28,1.00,0.65,2,1.45,0,0,horizontal best
2026-08-24T15:30:12.002,197,RAD,horizontal,2,22.80,25.30,18.7,65.3,139,29.08,2.27,0.51,3,1.04,0,0,horizontal best
2026-08-24T15:30:12.002,197,RAD,horizontal,2,22.80,25.30,48.0,44.7,89,29.26,1.00,0.62,2,1.43,0,0,horizontal best
2026-08-24T15:30:12.131,198,RAD,horizontal,2,22.77,25.27,17.2,65.8,143,29.21,2.18,0.54,2,1.00,0,0,horizontal best
2026-08-24T15:30:12.131,198,RAD,horizontal,2,22.77,25.27,48.1,44.6,87,29.48,1.09,0.66,2,1.44,0,0,horizontal best
2026-08-24T15:30:12.229,199,RAD,horizontal,2,22.77,25.27,15.6,66.3,145,29.06,1.92,0.53,3,1.03,0,0,horizontal best
2026-08-24T15:30:12.229,199,RAD,horizontal,2,22.77,25.27,48.1,44.6,88,29.45,1.09,0.67,2,1.42,0,0,horizontal best
2026-08-24T15:30:12.355,200,RAD,horizontal,2,22.77,25.27,14.2,67.1,135,28.99,1.91,0.58,2,0.98,0,0,horizontal best
2026-08-24T15:30:12.355,200,RAD,horizontal,2,22.77,25.27,48.0,44.5,89,29.37,1.09,0.67,3,1.39,0,0,horizontal best
2026-08-24T15:30:12.453,201,RAD,horizontal,2,22.75,25.25,12.7,68.1,139,28.74,1.91,0.60,3,0.99,0,0,horizontal best
2026-08-24T15:30:12.453,201,RAD,horizontal,2,22.75,25.25,48.0,44.5,89,29.12,1.09,0.67,2,1.37,0,0,horizontal best
2026-08-24T15:30:12.581,202,RAD,horizontal,2,22.73,25.23,11.3,69.2,150,28.81,1.67,0.62,2,0.99,0,0,horizontal best
2026-08-24T15:30:12.581,202,RAD,horizontal,2,22.73,25.23,48.1,44.6,86,28.88,1.00,0.71,3,1.36,0,0,horizontal best
2026-08-24T15:30:12.677,203,RAD,horizontal,2,22.70,25.20,10.1,70.1,158,28.97,1.58,0.69,2,1.02,0,0,horizontal best
2026-08-24T15:30:12.677,203,RAD,horizontal,2,22.70,25.20,48.1,44.7,85,28.90,1.00,0.70,4,1.36,0,0,horizontal best
2026-08-24T15:30:12.807,204,RAD,horizontal,2,22.70,25.20,8.8,71.2,164,29.17,1.67,0.68,2,1.02,0,0,horizontal best
2026-08-24T15:30:12.807,204,RAD,horizontal,2,22.70,25.20,48.1,44.8,85,28.94,1.00,0.70,4,1.37,0,0,horizontal best
2026-08-24T15:30:12.900,205,RAD,horizontal,2,22.68,25.18,7.5,72.8,177,29.01,1.54,0.68,2,1.04,0,0,horizontal best
2026-08-24T15:30:12.900,205,RAD,horizontal,2,22.68,25.18,48.1,44.8,85,28.94,1.00,0.70,4,1.36,0,0,horizontal best
2026-08-24T15:30:13.029,206,RAD,horizontal,2,22.68,25.18,6.2,74.1,184,29.03,1.50,0.63,2,1.07,0,0,horizontal best
2026-08-24T15:30:13.029,206,RAD,horizontal,2,22.68,25.18,48.1,44.8,85,29.23,1.00,0.70,4,1.38,0,0,horizontal best
2026-08-24T15:30:13.157,207,RAD,horizontal,2,22.68,25.18,5.0,75.6,202,28.79,1.92,0.62,4,1.03,0,0,horizontal best
2026-08-24T15:30:13.157,207,RAD,horizontal,2,22.68,25.18,48.1,44.6,88,29.26,1.00,0.73,4,1.40,0,0,horizontal best
2026-08-24T15:30:13.250,208,RAD,horizontal,1,22.68,25.18,48.1,44.6,88,29.21,1.00,0.73,4,1.41,0,0,horizontal best
2026-08-24T15:30:13.380,209,RAD,horizontal,2,22.68,25.18,4.4,79.5,172,28.23,1.73,0.82,3,0.88,0,0,horizontal best
2026-08-24T15:30:13.380,209,RAD,horizontal,2,22.68,25.18,48.0,44.5,93,29.39,1.09,0.70,4,1.42,0,0,horizontal best
2026-08-24T15:30:13.475,210,RAD,horizontal,2,22.73,25.23,4.2,81.3,164,28.74,1.73,0.78,3,0.94,0,0,horizontal best
2026-08-24T15:30:13.475,210,RAD,horizontal,2,22.73,25.23,47.9,44.5,93,29.43,1.09,0.70,4,1.44,0,0,horizontal best
2026-08-24T15:30:13.605,211,RAD,horizontal,2,22.75,25.25,4.1,82.8,161,29.01,1.90,0.85,3,0.97,0,0,horizontal best
2026-08-24T15:30:13.605,211,RAD,horizontal,2,22.75,25.25,47.8,44.5,93,29.41,1.09,0.70,4,1.43,0,0,horizontal best
2026-08-24T15:30:13.703,212,RAD,horizontal,2,22.73,25.23,3.9,83.9,158,29.10,2.00,0.79,3,1.04,0,0,horizontal best
2026-08-24T15:30:13.703,212,RAD,horizontal,2,22.73,25.23,47.8,44.5,93,29.37,1.09,0.70,4,1.43,0,0,horizontal best
2026-08-24T15:30:13.831,213,RAD,horizontal,2,22.70,25.20,3.7,85.1,162,29.06,2.20,0.74,4,1.09,0,0,horizontal best
2026-08-24T15:30:13.831,213,RAD,horizontal,2,22.70,25.20,47.8,44.5,93,29.37,1.09,0.70,4,1.43,0,0,horizontal best
2026-08-24T15:30:13.925,214,RAD,horizontal,2,22.68,25.18,3.5,86.5,166,29.03,2.30,0.72,3,1.08,0,0,horizontal best
2026-08-24T15:30:13.925,214,RAD,horizontal,2,22.68,25.18,47.8,44.5,93,29.37,1.09,0.70,4,1.42,0,0,horizontal best
2026-08-24T15:30:14.055,215,RAD,horizontal,2,22.70,25.20,3.7,87.9,174,29.12,2.09,0.69,4,1.11,0,0,horizontal best
2026-08-24T15:30:14.055,215,RAD,horizontal,2,22.70,25.20,47.8,44.5,94,29.37,1.09,0.71,4,1.44,0,0,horizontal best
2026-08-24T15:30:14.183,216,RAD,horizontal,2,22.68,25.18,3.8,90.0,178,29.10,2.09,0.70,4,1.10,0,0,horizontal best
2026-08-24T15:30:14.183,216,RAD,horizontal,2,22.68,25.18,47.9,44.5,94,29.34,1.09,0.71,4,1.44,0,0,horizontal best
2026-08-24T15:30:14.277,217,RAD,horizontal,2,22.70,25.20,3.9,92.9,172,28.99,2.00,0.71,4,0.97,0,0,horizontal best
2026-08-24T15:30:14.277,217,RAD,horizontal,2,22.70,25.20,47.8,44.4,95,29.50,1.09,0.72,4,1.45,0,0,horizontal best
2026-08-24T15:30:14.404,218,RAD,horizontal,1,22.68,25.18,47.7,44.4,93,29.50,1.09,0.70,4,1.43,0,0,horizontal best
2026-08-24T15:30:14.495,219,RAD,horizontal,1,22.68,25.18,47.4,44.4,96,29.32,1.00,0.67,4,1.44,0,0,horizontal best
2026-08-24T15:30:14.624,220,RAD,horizontal,1,22.66,25.16,47.3,44.3,98,29.32,1.00,0.68,3,1.46,0,0,horizontal best
2026-08-24T15:30:14.728,221,RAD,horizontal,1,22.66,25.16,47.1,44.2,92,29.43,1.09,0.70,4,1.47,0,0,horizontal best
2026-08-24T15:30:14.858,222,RAD,horizontal,2,22.68,25.18,4.8,103.2,208,29.12,1.50,0.54,3,1.02,0,0,horizontal best
2026-08-24T15:30:14.858,222,RAD,horizontal,2,22.68,25.18,47.0,44.1,90,29.34,1.09,0.68,3,1.56,0,0,horizontal best
2026-08-24T15:30:14.984,223,RAD,horizontal,2,22.68,25.18,5.0,105.5,248,29.01,1.59,0.54,5,1.10,0,0,horizontal best
2026-08-24T15:30:14.984,223,RAD,horizontal,2,22.68,25.18,46.9,44.0,85,29.39,1.33,0.79,3,1.54,0,0,horizontal best
2026-08-24T15:30:15.076,224,RAD,horizontal,2,22.68,25.18,5.2,106.3,245,29.01,1.44,0.52,3,1.03,0,0,horizontal best
2026-08-24T15:30:15.076,224,RAD,horizontal,2,22.68,25.18,46.5,44.0,85,29.41,1.20,0.71,2,1.54,0,0,horizontal best
2026-08-24T15:30:15.203,225,RAD,horizontal,2,22.66,25.16,2.9,105.7,97,29.03,3.00,0.66,5,0.59,0,0,horizontal best
2026-08-24T15:30:15.203,225,RAD,horizontal,2,22.66,25.16,46.3,44.1,90,29.37,1.20,0.75,2,1.61,0,0,horizontal best
2026-08-24T15:30:15.299,226,RAD,horizontal,2,22.68,25.18,4.7,106.7,273,29.37,1.25,0.55,4,1.09,0,0,horizontal best
2026-08-24T15:30:15.299,226,RAD,horizontal,2,22.68,25.18,45.9,44.2,95,29.54,1.09,0.72,3,1.60,0,0,horizontal best
2026-08-24T15:30:15.428,227,RAD,horizontal,2,22.68,25.18,6.1,107.2,291,29.39,1.19,0.55,4,1.14,0,0,horizontal best
2026-08-24T15:30:15.428,227,RAD,horizontal,2,22.68,25.18,45.1,44.5,98,29.61,0.86,0.58,4,1.59,0,0,horizontal best
2026-08-24T15:30:15.525,228,RAD,horizontal,2,22.68,25.18,7.5,107.3,329,29.85,1.09,0.57,5,1.21,0,0,horizontal best
2026-08-24T15:30:15.525,228,RAD,horizontal,2,22.68,25.18,44.2,44.5,110,29.57,0.81,0.53,4,1.58,0,0,horizontal best
2026-08-24T15:30:15.655,229,RAD,horizontal,2,22.68,25.18,9.0,107.2,371,29.70,0.96,0.57,6,1.22,0,0,horizontal best
2026-08-24T15:30:15.655,229,RAD,horizontal,2,22.68,25.18,43.8,44.5,107,29.77,0.87,0.55,3,1.57,0,0,horizontal best
2026-08-24T15:30:15.751,230,RAD,horizontal,2,22.68,25.18,9.6,107.0,255,29.70,0.85,0.41,6,1.14,0,0,horizontal best
2026-08-24T15:30:15.751,230,RAD,horizontal,2,22.68,25.18,43.7,44.4,109,29.63,0.87,0.56,4,1.54,0,0,horizontal best
2026-08-24T15:30:15.880,231,RAD,horizontal,2,22.70,25.20,12.1,106.8,444,29.65,0.94,0.49,5,1.26,0,0,horizontal best
2026-08-24T15:30:15.880,231,RAD,horizontal,2,22.70,25.20,44.1,44.2,114,29.65,0.88,0.51,3,1.57,0,0,horizontal best
2026-08-24T15:30:16.005,232,RAD,horizontal,2,22.70,25.20,13.9,107.2,282,29.85,0.96,0.51,7,0.75,0,0,horizontal best
2026-08-24T15:30:16.005,232,RAD,horizontal,2,22.70,25.20,44.7,44.2,108,29.50,0.87,0.55,4,1.54,0,0,horizontal best
2026-08-24T15:30:16.103,233,RAD,horizontal,2,22.68,25.18,15.4,107.6,264,29.99,1.28,0.64,7,0.73,0,0,horizontal best
2026-08-24T15:30:16.103,233,RAD,horizontal,2,22.68,25.18,45.6,44.3,93,29.45,1.00,0.65,4,1.52,0,0,horizontal best
2026-08-24T15:30:16.227,234,RAD,horizontal,2,22.68,25.18,18.6,107.8,299,30.19,0.82,0.46,5,0.80,0,0,horizontal best
2026-08-24T15:30:16.227,234,RAD,horizontal,2,22.68,25.18,46.2,44.2,86,29.41,1.09,0.65,3,1.56,0,0,horizontal best
2026-08-24T15:30:16.324,235,RAD,horizontal,2,22.68,25.18,23.0,108.5,328,30.34,0.76,0.51,5,0.88,0,0,horizontal best
2026-08-24T15:30:16.324,235,RAD,horizontal,2,22.68,25.18,46.5,44.0,79,29.41,1.20,0.66,3,1.57,0,0,horizontal best
2026-08-24T15:30:16.453,236,RAD,horizontal,2,22.68,25.18,26.9,108.8,272,30.10,1.17,0.72,6,0.74,0,0,horizontal best
2026-08-24T15:30:16.453,236,RAD,horizontal,2,22.68,25.18,46.7,44.0,76,29.28,1.20,0.63,3,1.58,0,0,horizontal best
2026-08-24T15:30:16.548,237,RAD,horizontal,2,22.66,25.16,31.3,108.9,286,30.25,1.10,0.65,6,0.81,0,0,horizontal best
2026-08-24T15:30:16.548,237,RAD,horizontal,2,22.66,25.16,46.7,44.0,77,29.01,1.20,0.64,3,1.58,0,0,horizontal best
2026-08-24T15:30:16.677,238,RAD,horizontal,2,22.68,25.18,35.9,108.1,312,30.43,0.79,0.47,8,0.87,0,0,horizontal best
2026-08-24T15:30:16.677,238,RAD,horizontal,2,22.68,25.18,46.7,44.0,77,29.06,1.20,0.64,3,1.58,0,0,horizontal best
2026-08-24T15:30:16.804,239,RAD,horizontal,2,22.68,25.18,38.8,108.1,329,30.67,0.73,0.50,8,0.97,0,0,horizontal best
2026-08-24T15:30:16.804,239,RAD,horizontal,2,22.68,25.18,46.7,43.9,75,29.06,1.10,0.68,3,1.56,0,0,horizontal best
2026-08-24T15:30:16.901,240,RAD,horizontal,2,22.68,25.18,40.5,108.5,341,30.69,0.71,0.50,7,0.98,0,0,horizontal best
2026-08-24T15:30:16.901,240,RAD,horizontal,2,22.68,25.18,46.7,43.9,74,29.08,1.10,0.67,3,1.57,0,0,horizontal best
2026-08-24T15:30:17.032,241,RAD,horizontal,2,22.68,25.18,41.7,109.2,356,30.74,0.71,0.52,6,0.96,0,0,horizontal best
2026-08-24T15:30:17.032,241,RAD,horizontal,2,22.68,25.18,46.8,43.9,72,29.08,1.22,0.73,3,1.56,0,0,horizontal best
2026-08-24T15:30:17.124,242,RAD,horizontal,2,22.66,25.16,43.2,110.2,380,30.65,0.68,0.58,8,0.97,0,0,horizontal best
2026-08-24T15:30:17.124,242,RAD,horizontal,2,22.66,25.16,46.7,43.9,74,29.08,1.10,0.67,3,1.55,0,0,horizontal best
2026-08-24T15:30:17.250,243,RAD,horizontal,2,22.66,25.16,43.7,110.4,492,30.56,0.87,0.63,7,1.30,0,0,horizontal best
2026-08-24T15:30:17.250,243,RAD,horizontal,2,22.66,25.16,46.7,43.9,74,29.08,1.10,0.67,3,1.56,0,0,horizontal best
2026-08-24T15:30:17.344,244,RAD,horizontal,2,22.66,25.16,44.5,111.0,433,30.50,0.77,0.63,7,1.36,0,0,horizontal best
2026-08-24T15:30:17.344,244,RAD,horizontal,2,22.66,25.16,46.7,43.9,74,29.06,1.10,0.67,3,1.56,0,0,horizontal best
2026-08-24T15:30:17.477,245,RAD,horizontal,2,22.68,25.18,45.6,111.9,381,30.78,0.70,0.60,6,1.49,0,0,horizontal best
2026-08-24T15:30:17.477,245,RAD,horizontal,2,22.68,25.18,46.6,43.9,75,29.30,1.10,0.68,3,1.56,0,0,horizontal best
2026-08-24T15:30:17.570,246,RAD,horizontal,2,22.68,25.18,47.1,112.8,323,30.36,0.63,0.57,4,1.53,0,0,horizontal best
2026-08-24T15:30:17.570,246,RAD,horizontal,2,22.68,25.18,46.5,43.9,72,29.26,1.10,0.65,3,1.52,0,0,horizontal best
2026-08-24T15:30:17.698,247,RAD,horizontal,1,22.66,25.16,46.5,44.0,76,29.10,1.20,0.63,3,1.55,0,0,horizontal best
2026-08-24T15:30:17.826,248,RAD,horizontal,1,22.68,25.18,46.4,43.9,75,29.41,1.10,0.68,3,1.51,0,0,horizontal best
2026-08-24T15:30:17.921,249,RAD,horizontal,1,22.68,25.18,46.3,43.9,76,29.41,1.10,0.69,3,1.54,0,0,horizontal best
2026-08-24T15:30:18.049,250,RAD,horizontal,1,22.68,25.18,46.3,43.9,75,29.39,1.10,0.68,3,1.53,0,0,horizontal best
2026-08-24T15:30:18.144,251,RAD,horizontal,1,22.66,25.16,46.2,43.9,73,29.39,1.22,0.74,3,1.50,0,0,horizontal best
2026-08-24T15:30:18.273,252,RAD,horizontal,1,22.63,25.13,46.1,43.8,74,29.39,1.22,0.75,3,1.50,0,0,horizontal best
2026-08-24T15:30:18.373,253,RAD,horizontal,1,22.61,25.11,46.1,43.9,78,29.39,1.33,0.72,3,1.56,0,0,horizontal best
2026-08-24T15:30:18.497,254,RAD,horizontal,1,22.61,25.11,45.9,44.1,82,29.39,1.20,0.68,2,1.57,0,0,horizontal best
2026-08-24T15:30:18.594,255,RAD,horizontal,1,22.61,25.11,45.7,44.1,90,29.48,1.09,0.68,3,1.55,0,0,horizontal best
2026-08-24T15:30:18.722,256,RAD,horizontal,1,22.61,25.11,45.3,44.3,92,29.48,1.00,0.64,4,1.58,0,0,horizontal best
2026-08-24T15:30:18.849,257,RAD,horizontal,1,22.61,25.11,44.9,44.3,100,29.59,0.92,0.64,3,1.57,0,0,horizontal best
2026-08-24T15:30:18.950,258,RAD,horizontal,1,22.61,25.11,43.9,44.4,109,29.59,0.75,0.57,3,1.62,0,0,horizontal best
2026-08-24T15:30:19.079,259,RAD,horizontal,1,22.63,25.13,43.1,44.7,115,29.59,0.78,0.46,4,1.59,0,0,horizontal best
2026-08-24T15:30:19.173,260,RAD,horizontal,1,22.63,25.13,42.6,44.7,119,29.63,0.83,0.44,3,1.59,0,0,horizontal best
2026-08-24T15:30:19.297,261,RAD,horizontal,1,22.63,25.13,42.5,44.6,119,29.39,0.78,0.47,3,1.51,0,0,horizontal best
2026-08-24T15:30:19.392,262,RAD,horizontal,1,22.63,25.13,43.1,44.5,113,29.34,0.76,0.51,4,1.47,0,0,horizontal best
2026-08-24T15:30:19.521,263,RAD,horizontal,1,22.61,25.11,44.1,44.5,104,28.72,0.71,0.51,2,1.43,0,0,horizontal best
2026-08-24T15:30:19.648,264,RAD,horizontal,1,22.61,25.11,45.2,44.3,101,29.30,0.69,0.57,2,1.43,0,0,horizontal best
2026-08-24T15:30:19.743,265,RAD,horizontal,1,22.58,25.08,46.4,44.2,100,28.99,0.80,0.56,2,1.38,0,0,horizontal best
2026-08-24T15:30:19.873,266,RAD,horizontal,1,22.58,25.08,47.4,44.4,96,28.79,0.92,0.62,2,1.41,0,0,horizontal best
2026-08-24T15:30:19.969,267,RAD,horizontal,1,22.58,25.08,48.0,44.5,86,28.81,1.09,0.65,3,1.38,0,0,horizontal best
2026-08-24T15:30:20.096,268,RAD,horizontal,1,22.56,25.06,48.4,44.4,85,28.99,1.20,0.71,3,1.39,0,0,horizontal best
2026-08-24T15:30:20.192,269,RAD,horizontal,1,22.56,25.06,48.7,44.4,88,28.90,1.09,0.67,3,1.48,0,0,horizontal best
2026-08-24T15:30:20.321,270,RAD,horizontal,1,22.56,25.06,48.7,44.4,86,28.86,1.09,0.65,3,1.44,0,0,horizontal best
2026-08-24T15:30:20.418,271,RAD,horizontal,1,22.54,25.04,48.7,44.5,87,28.92,1.09,0.66,3,1.45,0,0,horizontal best
2026-08-24T15:30:20.544,272,RAD,horizontal,1,22.54,25.04,48.7,44.5,87,28.90,1.09,0.66,3,1.43,0,0,horizontal best
2026-08-24T15:30:20.672,273,RAD,horizontal,1,22.54,25.04,48.7,44.5,87,28.79,1.09,0.66,3,1.42,0,0,horizontal best
2026-08-24T15:30:20.769,274,RAD,horizontal,1,22.54,25.04,48.6,44.6,85,28.68,1.00,0.70,3,1.41,0,0,horizontal best
2026-08-24T15:30:20.896,275,RAD,horizontal,1,22.54,25.04,48.7,44.7,84,28.68,1.00,0.69,3,1.41,0,0,horizontal best
2026-08-24T15:30:20.991,276,RAD,horizontal,1,22.54,25.04,48.7,44.7,84,28.66,1.00,0.69,3,1.41,0,0,horizontal best
2026-08-24T15:30:21.121,277,RAD,horizontal,1,22.54,25.04,48.7,44.7,84,28.66,1.00,0.69,3,1.41,0,0,horizontal best
2026-08-24T15:30:21.218,278,RAD,horizontal,1,22.51,25.01,48.7,44.7,84,28.66,1.00,0.69,3,1.41,0,0,horizontal best
2026-08-24T15:30:21.345,279,RAD,horizontal,1,22.47,24.97,48.7,44.7,84,28.72,1.00,0.69,4,1.44,0,0,horizontal best
2026-08-24T15:30:21.475,280,RAD,horizontal,1,22.47,24.97,48.7,44.7,84,28.72,1.00,0.69,4,1.46,0,0,horizontal best
2026-08-24T15:30:21.569,281,RAD,horizontal,1,22.47,24.97,48.6,44.7,85,28.61,1.00,0.70,4,1.45,0,0,horizontal best
2026-08-24T15:30:21.697,282,RAD,horizontal,1,22.47,24.97,48.6,44.7,85,28.57,1.00,0.70,4,1.44,0,0,horizontal best
2026-08-24T15:30:21.793,283,RAD,horizontal,1,22.49,24.99,48.6,44.7,86,28.57,1.00,0.71,4,1.46,0,0,horizontal best
2026-08-24T15:30:21.921,284,RAD,horizontal,1,22.47,24.97,48.6,44.8,85,28.63,1.00,0.70,4,1.47,0,0,horizontal best
2026-08-24T15:30:22.015,285,RAD,horizontal,1,22.47,24.97,48.6,44.8,85,28.77,1.00,0.70,4,1.45,0,0,horizontal best
2026-08-24T15:30:22.144,286,RAD,horizontal,1,22.47,24.97,48.6,44.9,83,28.77,0.91,0.75,4,1.45,0,0,horizontal best
2026-08-24T15:30:22.241,287,RAD,horizontal,1,22.47,24.97,48.6,45.0,82,29.14,0.91,0.75,5,1.48,0,0,horizontal best
2026-08-24T15:30:22.368,288,RAD,horizontal,1,22.49,24.99,48.6,45.0,82,29.14,0.91,0.75,5,1.44,0,0,horizontal best
2026-08-24T15:30:22.499,289,RAD,horizontal,1,22.47,24.97,48.6,45.1,80,29.14,0.82,0.81,4,1.45,0,0,horizontal best
2026-08-24T15:30:22.594,290,RAD,horizontal,1,22.47,24.97,48.6,45.1,80,29.14,0.82,0.81,4,1.45,0,0,horizontal best
2026-08-24T15:30:22.723,291,RAD,horizontal,2,22.47,24.97,48.6,45.1,80,29.14,0.82,0.81,4,1.45,0,0,horizontal best
2026-08-24T15:30:22.723,291,RAD,horizontal,2,22.47,24.97,62.2,110.1,522,31.30,0.85,0.56,6,1.52,0,0,horizontal best
2026-08-24T15:30:22.819,292,RAD,horizontal,2,22.47,24.97,48.6,45.1,79,29.14,0.82,0.80,4,1.45,0,0,horizontal best
2026-08-24T15:30:22.819,292,RAD,horizontal,2,22.47,24.97,61.5,108.8,589,31.20,0.94,0.61,9,1.45,0,0,horizontal best
2026-08-24T15:30:22.953,293,RAD,horizontal,2,22.47,24.97,48.6,45.2,79,29.12,0.82,0.80,4,1.45,0,0,horizontal best
2026-08-24T15:30:22.953,293,RAD,horizontal,2,22.47,24.97,62.3,109.7,464,31.24,0.70,0.74,7,0.94,0,0,horizontal best
2026-08-24T15:30:23.044,294,RAD,horizontal,2,22.42,24.92,48.6,45.1,80,28.99,0.82,0.81,4,1.45,0,0,horizontal best
2026-08-24T15:30:23.044,294,RAD,horizontal,2,22.42,24.92,62.7,109.5,466,30.95,0.76,0.73,9,0.93,0,0,horizontal best
2026-08-24T15:30:23.175,295,RAD,horizontal,2,22.42,24.92,48.6,45.1,80,28.99,0.82,0.81,4,1.45,0,0,horizontal best
2026-08-24T15:30:23.175,295,RAD,horizontal,2,22.42,24.92,63.7,108.2,426,31.15,0.79,0.64,8,0.85,0,0,horizontal best
2026-08-24T15:30:23.303,296,RAD,horizontal,2,22.44,24.94,48.6,45.1,80,29.03,0.82,0.81,4,1.46,0,0,horizontal best
2026-08-24T15:30:23.303,296,RAD,horizontal,2,22.44,24.94,65.0,107.8,488,31.06,0.83,0.70,9,0.91,0,0,horizontal best
2026-08-24T15:30:23.399,297,RAD,horizontal,2,22.47,24.97,48.6,45.1,80,29.03,0.82,0.81,4,1.47,0,0,horizontal best
2026-08-24T15:30:23.399,297,RAD,horizontal,2,22.47,24.97,66.5,107.2,490,31.20,0.86,0.68,8,0.91,0,0,horizontal best
2026-08-24T15:30:23.523,298,RAD,horizontal,2,22.47,24.97,48.6,45.1,80,29.03,0.82,0.81,4,1.47,0,0,horizontal best
2026-08-24T15:30:23.523,298,RAD,horizontal,2,22.47,24.97,67.8,106.9,494,31.15,0.89,0.71,7,0.90,0,0,horizontal best
2026-08-24T15:30:23.620,299,RAD,horizontal,2,22.51,25.01,48.6,45.1,80,29.01,0.82,0.81,4,1.45,0,0,horizontal best
2026-08-24T15:30:23.620,299,RAD,horizontal,2,22.51,25.01,69.1,106.4,476,31.20,0.89,0.68,7,0.85,0,0,horizontal best
2026-08-24T15:30:23.747,300,RAD,horizontal,2,22.51,25.01,48.6,45.0,82,28.77,0.91,0.75,4,1.41,0,0,horizontal best
2026-08-24T15:30:23.747,300,RAD,horizontal,2,22.51,25.01,69.7,105.9,477,31.04,0.93,0.66,7,0.85,0,0,horizontal best
2026-08-24T15:30:23.842,301,RAD,horizontal,2,22.51,25.01,48.5,44.8,78,28.68,1.00,0.78,4,1.30,0,0,horizontal best
2026-08-24T15:30:23.842,301,RAD,horizontal,2,22.51,25.01,69.8,105.7,484,31.26,0.93,0.66,8,0.86,0,0,horizontal best
2026-08-24T15:30:23.970,302,RAD,horizontal,2,22.49,24.99,48.5,44.7,78,28.63,1.00,0.78,3,1.32,0,0,horizontal best
2026-08-24T15:30:23.970,302,RAD,horizontal,2,22.49,24.99,69.8,105.7,482,31.20,0.93,0.66,5,0.86,0,0,horizontal best
2026-08-24T15:30:24.067,303,RAD,horizontal,2,22.51,25.01,48.4,44.7,80,28.48,1.00,0.80,4,1.35,0,0,horizontal best
2026-08-24T15:30:24.067,303,RAD,horizontal,2,22.51,25.01,69.4,105.9,491,31.17,0.93,0.67,5,0.89,0,0,horizontal best
2026-08-24T15:30:24.196,304,RAD,horizontal,2,22.49,24.99,48.4,44.7,80,28.48,1.00,0.80,3,1.36,0,0,horizontal best
2026-08-24T15:30:24.196,304,RAD,horizontal,2,22.49,24.99,68.9,105.9,466,31.04,0.93,0.64,6,0.86,0,0,horizontal best
2026-08-24T15:30:24.323,305,RAD,horizontal,2,22.49,24.99,48.5,44.8,81,28.72,0.91,0.74,3,1.47,0,0,horizontal best
2026-08-24T15:30:24.323,305,RAD,horizontal,2,22.49,24.99,68.3,106.2,468,31.28,0.93,0.64,8,0.88,0,0,horizontal best
2026-08-24T15:30:24.420,306,RAD,horizontal,2,22.47,24.97,48.5,44.8,82,28.72,0.91,0.75,3,1.48,0,0,horizontal best
2026-08-24T15:30:24.420,306,RAD,horizontal,2,22.47,24.97,67.2,106.1,422,31.02,0.89,0.60,7,0.84,0,0,horizontal best
2026-08-24T15:30:24.549,307,RAD,horizontal,2,22.47,24.97,48.5,44.7,87,29.10,1.00,0.72,3,1.50,0,0,horizontal best
2026-08-24T15:30:24.549,307,RAD,horizontal,2,22.47,24.97,65.5,107.1,469,31.04,0.86,0.70,8,0.95,0,0,horizontal best
2026-08-24T15:30:24.644,308,RAD,horizontal,2,22.47,24.97,48.5,44.7,87,29.10,1.00,0.72,3,1.49,0,0,horizontal best
2026-08-24T15:30:24.644,308,RAD,horizontal,2,22.47,24.97,63.5,107.5,441,30.95,0.83,0.63,9,0.92,0,0,horizontal best
2026-08-24T15:30:24.773,309,RAD,horizontal,2,22.47,24.97,48.5,44.7,86,29.10,1.00,0.71,3,1.50,0,0,horizontal best
2026-08-24T15:30:24.773,309,RAD,horizontal,2,22.47,24.97,62.0,108.5,444,30.93,0.77,0.64,7,0.90,0,0,horizontal best
2026-08-24T15:30:24.869,310,RAD,horizontal,2,22.47,24.97,48.5,44.7,86,29.17,1.00,0.71,3,1.51,0,0,horizontal best
2026-08-24T15:30:24.869,310,RAD,horizontal,2,22.47,24.97,60.7,109.2,439,30.95,0.73,0.67,8,0.88,0,0,horizontal best
2026-08-24T15:30:24.994,311,RAD,horizontal,2,22.44,24.94,48.5,44.6,87,29.10,1.00,0.72,3,1.51,0,0,horizontal best
2026-08-24T15:30:24.994,311,RAD,horizontal,2,22.44,24.94,59.6,109.0,644,30.85,0.89,0.59,7,1.40,0,0,horizontal best
2026-08-24T15:30:25.094,312,RAD,horizontal,2,22.49,24.99,48.5,44.7,86,29.10,1.00,0.71,3,1.51,0,0,horizontal best
2026-08-24T15:30:25.094,312,RAD,horizontal,2,22.49,24.99,59.7,111.0,393,30.91,0.66,0.71,5,0.89,0,0,horizontal best
2026-08-24T15:30:25.218,313,RAD,horizontal,2,22.47,24.97,48.6,44.6,84,29.08,1.00,0.69,3,1.50,0,0,horizontal best
2026-08-24T15:30:25.218,313,RAD,horizontal,2,22.47,24.97,61.1,111.4,507,30.85,0.68,0.51,7,1.50,0,0,horizontal best
2026-08-24T15:30:25.345,314,RAD,horizontal,1,22.47,24.97,48.6,44.6,84,29.08,1.00,0.69,3,1.49,0,0,horizontal best
2026-08-24T15:30:25.441,315,RAD,horizontal,1,22.44,24.94,48.6,44.6,85,29.08,1.00,0.70,3,1.49,0,0,horizontal best
2026-08-24T15:30:25.568,316,RAD,horizontal,1,22.44,24.94,48.6,44.6,85,29.03,1.00,0.70,3,1.49,0,0,horizontal best
2026-08-24T15:30:25.664,317,RAD,horizontal,1,22.44,24.94,48.6,44.5,83,29.03,1.00,0.69,3,1.47,0,0,horizontal best
2026-08-24T15:30:25.793,318,RAD,horizontal,1,22.42,24.92,48.6,44.5,83,28.97,1.00,0.69,3,1.47,0,0,horizontal best
2026-08-24T15:30:25.890,319,RAD,horizontal,1,22.42,24.92,49.4,44.6,87,28.61,1.00,0.72,4,1.46,0,0,horizontal best
2026-08-24T15:30:26.016,320,RAD,horizontal,1,22.42,24.92,51.0,44.9,85,28.90,1.09,0.64,3,1.46,0,0,horizontal best
2026-08-24T15:30:26.145,321,RAD,horizontal,1,22.40,24.90,52.3,45.3,80,28.88,1.10,0.73,3,1.43,0,0,horizontal best
2026-08-24T15:30:26.242,322,RAD,horizontal,1,22.40,24.90,52.6,45.5,84,28.86,1.10,0.76,3,1.46,0,0,horizontal best
2026-08-24T15:30:26.368,323,RAD,horizontal,1,22.40,24.90,52.3,45.7,86,28.86,1.00,0.71,4,1.48,0,0,horizontal best
2026-08-24T15:30:26.465,324,RAD,horizontal,1,22.40,24.90,52.0,45.7,85,28.86,1.00,0.70,3,1.47,0,0,horizontal best
2026-08-24T15:30:26.592,325,RAD,horizontal,1,22.40,24.90,51.9,45.6,84,28.86,1.00,0.69,3,1.46,0,0,horizontal best
2026-08-24T15:30:26.690,326,RAD,horizontal,1,22.40,24.90,52.4,45.3,84,28.86,1.09,0.64,3,1.51,0,0,horizontal best
2026-08-24T15:30:26.817,327,RAD,horizontal,1,22.40,24.90,53.5,44.9,85,28.72,1.00,0.70,3,1.52,0,0,horizontal best
2026-08-24T15:30:26.914,328,RAD,horizontal,1,22.37,24.87,54.0,44.7,85,28.70,1.00,0.70,4,1.48,0,0,horizontal best
2026-08-24T15:30:27.040,329,RAD,horizontal,1,22.37,24.87,53.9,44.7,88,28.79,0.92,0.67,4,1.51,0,0,horizontal best
2026-08-24T15:30:27.169,330,RAD,horizontal,1,22.37,24.87,53.7,44.7,89,29.03,0.92,0.67,4,1.53,0,0,horizontal best
2026-08-24T15:30:27.265,331,RAD,horizontal,1,22.35,24.85,53.3,44.8,94,29.01,0.92,0.60,4,1.58,0,0,horizontal best
2026-08-24T15:30:27.393,332,RAD,horizontal,1,22.35,24.85,52.9,44.9,94,29.06,1.00,0.65,4,1.53,0,0,horizontal best
2026-08-24T15:30:27.488,333,RAD,horizontal,1,22.35,24.85,52.8,44.9,94,29.12,1.00,0.65,4,1.53,0,0,horizontal best
2026-08-24T15:30:27.616,334,RAD,horizontal,1,22.35,24.85,52.5,45.0,97,29.06,0.92,0.62,4,1.55,0,0,horizontal best
2026-08-24T15:30:27.713,335,RAD,horizontal,1,22.33,24.83,52.3,44.7,96,29.19,0.92,0.62,4,1.50,0,0,horizontal best
2026-08-24T15:30:27.841,336,RAD,horizontal,1,22.33,24.83,52.1,44.6,92,29.08,1.00,0.64,3,1.53,0,0,horizontal best
2026-08-24T15:30:27.969,337,RAD,horizontal,1,22.33,24.83,52.0,44.6,93,29.26,1.00,0.65,3,1.60,0,0,horizontal best
2026-08-24T15:30:28.065,338,RAD,horizontal,1,22.30,24.80,51.7,44.8,84,29.21,1.00,0.69,3,1.51,0,0,horizontal best
2026-08-24T15:30:28.191,339,RAD,horizontal,1,22.30,24.80,51.4,44.5,90,29.17,1.09,0.68,2,1.51,0,0,horizontal best
2026-08-24T15:30:28.288,340,RAD,horizontal,1,22.30,24.80,51.2,44.5,88,29.12,1.09,0.67,2,1.52,0,0,horizontal best
2026-08-24T15:30:28.416,341,RAD,horizontal,1,22.28,24.78,51.1,44.5,88,29.10,1.09,0.67,3,1.55,0,0,horizontal best
2026-08-24T15:30:28.512,342,RAD,horizontal,1,22.28,24.78,51.0,44.4,90,29.19,1.09,0.68,2,1.59,0,0,horizontal best
2026-08-24T15:30:28.640,343,RAD,horizontal,1,22.28,24.78,51.0,44.4,88,29.19,1.09,0.67,2,1.57,0,0,horizontal best
2026-08-24T15:30:28.737,344,RAD,horizontal,1,22.26,24.76,50.9,44.4,87,29.19,1.09,0.66,2,1.60,0,0,horizontal best
2026-08-24T15:30:28.864,345,RAD,horizontal,1,22.26,24.76,50.9,44.4,88,29.19,1.09,0.67,2,1.60,0,0,horizontal best
2026-08-24T15:30:28.993,346,RAD,horizontal,1,22.23,24.73,50.9,44.4,88,29.23,1.09,0.67,2,1.61,0,0,horizontal best
2026-08-24T15:30:29.088,347,RAD,horizontal,1,22.23,24.73,50.9,44.4,88,29.28,1.09,0.67,2,1.61,0,0,horizontal best
2026-08-24T15:30:29.216,348,RAD,horizontal,1,22.23,24.73,50.9,44.4,89,29.28,1.09,0.67,3,1.61,0,0,horizontal best
2026-08-24T15:30:29.313,349,RAD,horizontal,1,22.26,24.76,50.8,44.5,86,29.28,1.20,0.72,4,1.59,0,0,horizontal best
2026-08-24T15:30:29.441,350,RAD,horizontal,2,22.26,24.76,50.8,44.6,83,29.28,1.10,0.75,3,1.64,0,0,horizontal best
2026-08-24T15:30:29.441,350,RAD,horizontal,2,22.26,24.76,31.7,44.1,51,28.26,1.57,0.66,1,0.87,0,0,horizontal best
2026-08-24T15:30:29.537,351,RAD,horizontal,1,22.26,24.76,50.8,44.4,84,29.28,1.20,0.70,3,1.62,0,0,horizontal best
2026-08-24T15:30:29.666,352,RAD,horizontal,2,22.26,24.76,50.8,44.3,85,29.28,1.20,0.71,3,1.61,0,0,horizontal best
2026-08-24T15:30:29.666,352,RAD,horizontal,2,22.26,24.76,31.8,44.2,54,28.32,1.38,0.61,1,0.86,0,0,horizontal best
2026-08-24T15:30:29.793,353,RAD,horizontal,2,22.26,24.76,50.8,44.3,85,29.30,1.20,0.71,3,1.61,0,0,horizontal best
2026-08-24T15:30:29.793,353,RAD,horizontal,2,22.26,24.76,31.8,44.2,54,28.32,1.38,0.61,1,0.86,0,0,horizontal best
2026-08-24T15:30:29.887,354,RAD,horizontal,2,22.33,24.83,50.7,44.3,85,29.30,1.20,0.71,3,1.57,0,0,horizontal best
2026-08-24T15:30:29.887,354,RAD,horizontal,2,22.33,24.83,32.4,45.2,64,28.32,1.50,0.67,1,1.23,0,0,horizontal best
2026-08-24T15:30:30.014,355,RAD,horizontal,2,22.33,24.83,50.7,44.4,85,29.30,1.20,0.71,3,1.59,0,0,horizontal best
2026-08-24T15:30:30.014,355,RAD,horizontal,2,22.33,24.83,32.6,45.6,64,28.39,1.50,0.67,1,1.25,0,0,horizontal best
2026-08-24T15:30:30.111,356,RAD,horizontal,1,22.30,24.80,50.7,44.4,86,29.30,1.20,0.72,3,1.62,0,0,horizontal best
2026-08-24T15:30:30.241,357,RAD,horizontal,2,22.30,24.80,50.7,44.4,86,29.30,1.20,0.72,3,1.67,0,0,horizontal best
2026-08-24T15:30:30.241,357,RAD,horizontal,2,22.30,24.80,32.6,45.6,64,28.39,1.50,0.67,1,1.25,0,0,horizontal best
2026-08-24T15:30:30.336,358,RAD,horizontal,1,22.33,24.83,50.7,44.3,83,29.30,1.20,0.69,3,1.63,0,0,horizontal best
2026-08-24T15:30:30.465,359,RAD,horizontal,1,22.33,24.83,50.5,44.2,82,29.30,1.30,0.63,2,1.59,0,0,horizontal best
2026-08-24T15:30:30.563,360,RAD,horizontal,1,22.33,24.83,50.4,44.3,82,29.30,1.30,0.63,2,1.62,0,0,horizontal best
2026-08-24T15:30:30.691,361,RAD,horizontal,1,22.33,24.83,50.4,44.3,82,29.37,1.30,0.63,2,1.62,0,0,horizontal best
2026-08-24T15:30:30.820,362,RAD,horizontal,1,22.33,24.83,50.4,44.3,82,29.34,1.30,0.63,2,1.62,0,0,horizontal best
2026-08-24T15:30:30.914,363,RAD,horizontal,2,22.33,24.83,50.4,44.2,78,29.21,1.20,0.65,2,1.58,0,0,horizontal best
2026-08-24T15:30:30.914,363,RAD,horizontal,2,22.33,24.83,60.3,111.0,461,30.65,0.76,0.56,6,1.46,0,0,horizontal best
2026-08-24T15:30:31.044,364,RAD,horizontal,3,22.30,24.80,50.6,44.0,75,29.10,1.33,0.69,3,1.57,0,0,horizontal best
2026-08-24T15:30:31.044,364,RAD,horizontal,3,22.30,24.80,31.8,44.2,55,28.37,1.57,0.71,1,0.85,0,0,horizontal best
2026-08-24T15:30:31.044,364,RAD,horizontal,3,22.30,24.80,60.1,110.4,504,30.39,0.79,0.59,5,1.44,0,0,horizontal best
2026-08-24T15:30:31.138,365,RAD,horizontal,3,22.30,24.80,50.9,44.0,79,29.08,1.33,0.73,3,1.54,0,0,horizontal best
2026-08-24T15:30:31.138,365,RAD,horizontal,3,22.30,24.80,31.8,44.2,55,28.48,1.57,0.71,1,0.86,0,0,horizontal best
2026-08-24T15:30:31.138,365,RAD,horizontal,3,22.30,24.80,60.3,109.9,539,30.50,0.82,0.60,6,1.42,0,0,horizontal best
2026-08-24T15:30:31.268,366,RAD,horizontal,3,22.30,24.80,51.1,44.0,78,29.08,1.20,0.65,3,1.51,0,0,horizontal best
2026-08-24T15:30:31.268,366,RAD,horizontal,3,22.30,24.80,32.5,45.2,64,28.41,1.71,0.76,1,1.29,0,0,horizontal best
2026-08-24T15:30:31.268,366,RAD,horizontal,3,22.30,24.80,60.8,109.5,571,30.63,0.82,0.60,8,1.39,0,0,horizontal best
2026-08-24T15:30:31.363,367,RAD,horizontal,3,22.33,24.83,51.3,44.0,82,29.08,1.20,0.68,3,1.52,0,0,horizontal best
2026-08-24T15:30:31.363,367,RAD,horizontal,3,22.33,24.83,32.6,45.5,64,28.41,1.50,0.67,1,1.30,0,0,horizontal best
2026-08-24T15:30:31.363,367,RAD,horizontal,3,22.33,24.83,61.5,109.1,605,30.60,0.85,0.61,8,1.37,0,0,horizontal best
2026-08-24T15:30:31.492,368,RAD,horizontal,3,22.30,24.80,51.5,44.2,81,29.08,1.10,0.74,3,1.56,0,0,horizontal best
2026-08-24T15:30:31.492,368,RAD,horizontal,3,22.30,24.80,32.8,45.6,61,28.41,1.71,0.73,1,1.28,0,0,horizontal best
2026-08-24T15:30:31.492,368,RAD,horizontal,3,22.30,24.80,62.6,108.6,626,30.43,0.91,0.59,8,1.32,0,0,horizontal best
2026-08-24T15:30:31.590,369,RAD,horizontal,2,22.30,24.80,51.5,44.3,81,29.10,1.10,0.74,3,1.57,0,0,horizontal best
2026-08-24T15:30:31.590,369,RAD,horizontal,2,22.30,24.80,64.4,109.2,422,30.65,0.68,0.65,6,0.78,0,0,horizontal best
2026-08-24T15:30:31.719,370,RAD,horizontal,2,22.30,24.80,51.5,44.5,79,29.10,1.22,0.80,3,1.60,0,0,horizontal best
2026-08-24T15:30:31.719,370,RAD,horizontal,2,22.30,24.80,66.4,108.6,411,30.95,0.73,0.62,7,0.73,0,0,horizontal best
2026-08-24T15:30:31.845,371,RAD,horizontal,2,22.30,24.80,51.5,44.5,79,29.08,1.22,0.80,3,1.60,0,0,horizontal best
2026-08-24T15:30:31.845,371,RAD,horizontal,2,22.30,24.80,67.8,107.7,409,30.87,0.77,0.59,9,0.75,0,0,horizontal best
2026-08-24T15:30:31.940,372,RAD,horizontal,3,22.30,24.80,51.3,44.5,76,29.08,1.38,0.86,3,1.52,0,0,horizontal best
2026-08-24T15:30:31.940,372,RAD,horizontal,3,22.30,24.80,31.8,44.2,56,28.41,1.57,0.73,1,0.90,0,0,horizontal best
2026-08-24T15:30:31.940,372,RAD,horizontal,3,22.30,24.80,69.2,106.8,397,31.09,0.77,0.58,5,0.73,0,0,horizontal best
2026-08-24T15:30:32.073,373,RAD,horizontal,3,22.30,24.80,51.2,44.5,76,29.10,1.38,0.86,3,1.53,0,0,horizontal best
2026-08-24T15:30:32.073,373,RAD,horizontal,3,22.30,24.80,31.8,44.0,54,28.39,1.57,0.70,1,0.86,0,0,horizontal best
2026-08-24T15:30:32.073,373,RAD,horizontal,3,22.30,24.80,70.1,106.2,417,30.85,0.80,0.58,9,0.77,0,0,horizontal best
2026-08-24T15:30:32.166,374,RAD,horizontal,3,22.30,24.80,51.2,44.5,76,29.10,1.38,0.86,3,1.55,0,0,horizontal best
2026-08-24T15:30:32.166,374,RAD,horizontal,3,22.30,24.80,31.8,44.0,54,28.37,1.57,0.70,1,0.85,0,0,horizontal best
2026-08-24T15:30:32.166,374,RAD,horizontal,3,22.30,24.80,70.8,105.7,407,30.98,0.83,0.58,8,0.76,0,0,horizontal best
2026-08-24T15:30:32.295,375,RAD,horizontal,3,22.28,24.78,51.2,44.4,76,29.08,1.38,0.86,3,1.56,0,0,horizontal best
2026-08-24T15:30:32.295,375,RAD,horizontal,3,22.28,24.78,32.6,44.8,65,28.37,1.86,0.71,1,1.30,0,0,horizontal best
2026-08-24T15:30:32.295,375,RAD,horizontal,3,22.28,24.78,71.0,105.4,411,30.91,0.86,0.57,10,0.76,0,0,horizontal best
2026-08-24T15:30:32.389,376,RAD,horizontal,3,22.30,24.80,51.2,44.4,76,29.10,1.38,0.86,3,1.56,0,0,horizontal best
2026-08-24T15:30:32.389,376,RAD,horizontal,3,22.30,24.80,32.2,44.4,54,28.37,1.57,0.70,1,0.86,0,0,horizontal best
2026-08-24T15:30:32.389,376,RAD,horizontal,3,22.30,24.80,70.8,105.3,426,30.85,0.86,0.59,9,0.77,0,0,horizontal best
2026-08-24T15:30:32.522,377,RAD,horizontal,3,22.28,24.78,51.2,44.5,77,29.10,1.38,0.88,3,1.59,0,0,horizontal best
2026-08-24T15:30:32.522,377,RAD,horizontal,3,22.28,24.78,32.0,44.1,54,28.37,1.57,0.70,1,0.86,0,0,horizontal best
2026-08-24T15:30:32.522,377,RAD,horizontal,3,22.28,24.78,70.0,105.1,415,30.74,0.83,0.55,10,0.71,0,0,horizontal best
2026-08-24T15:30:32.645,378,RAD,horizontal,3,22.28,24.78,51.2,44.4,77,29.10,1.38,0.88,3,1.57,0,0,horizontal best
2026-08-24T15:30:32.645,378,RAD,horizontal,3,22.28,24.78,32.6,44.9,65,28.37,1.86,0.71,1,1.33,0,0,horizontal best
2026-08-24T15:30:32.645,378,RAD,horizontal,3,22.28,24.78,68.9,105.0,417,30.95,0.83,0.56,9,0.74,0,0,horizontal best
2026-08-24T15:30:32.741,379,RAD,horizontal,3,22.28,24.78,51.2,44.4,77,29.17,1.38,0.88,3,1.57,0,0,horizontal best
2026-08-24T15:30:32.741,379,RAD,horizontal,3,22.28,24.78,32.9,45.2,65,28.37,1.86,0.71,1,1.33,0,0,horizontal best
2026-08-24T15:30:32.741,379,RAD,horizontal,3,22.28,24.78,68.0,105.1,413,31.00,0.86,0.57,9,0.73,0,0,horizontal best
2026-08-24T15:30:32.871,380,RAD,horizontal,3,22.28,24.78,51.2,44.4,77,29.17,1.38,0.88,3,1.55,0,0,horizontal best
2026-08-24T15:30:32.871,380,RAD,horizontal,3,22.28,24.78,32.2,44.5,54,28.37,1.57,0.70,1,0.89,0,0,horizontal best
2026-08-24T15:30:32.871,380,RAD,horizontal,3,22.28,24.78,67.5,105.1,413,30.93,0.83,0.55,9,0.73,0,0,horizontal best
2026-08-24T15:30:32.966,381,RAD,horizontal,3,22.28,24.78,51.3,44.4,76,29.32,1.38,0.86,3,1.54,0,0,horizontal best
2026-08-24T15:30:32.966,381,RAD,horizontal,3,22.28,24.78,32.7,44.9,65,28.37,1.86,0.71,1,1.32,0,0,horizontal best
2026-08-24T15:30:32.966,381,RAD,horizontal,3,22.28,24.78,67.4,105.3,416,30.95,0.83,0.55,8,0.75,0,0,horizontal best
2026-08-24T15:30:33.097,382,RAD,horizontal,3,22.28,24.78,51.3,44.4,77,29.32,1.38,0.88,3,1.53,0,0,horizontal best
2026-08-24T15:30:33.097,382,RAD,horizontal,3,22.28,24.78,32.1,44.3,54,28.39,1.57,0.70,1,0.90,0,0,horizontal best
2026-08-24T15:30:33.097,382,RAD,horizontal,3,22.28,24.78,67.4,105.4,417,30.95,0.83,0.56,6,0.76,0,0,horizontal best
2026-08-24T15:30:33.188,383,RAD,horizontal,3,22.30,24.80,51.3,44.2,79,29.28,1.50,0.82,3,1.50,0,0,horizontal best
2026-08-24T15:30:33.188,383,RAD,horizontal,3,22.30,24.80,31.9,44.2,53,28.41,1.57,0.69,1,0.89,0,0,horizontal best
2026-08-24T15:30:33.188,383,RAD,horizontal,3,22.30,24.80,67.4,105.5,426,30.85,0.83,0.57,8,0.79,0,0,horizontal best
2026-08-24T15:30:33.320,384,RAD,horizontal,3,22.30,24.80,51.3,44.2,79,29.28,1.50,0.82,3,1.50,0,0,horizontal best
2026-08-24T15:30:33.320,384,RAD,horizontal,3,22.30,24.80,31.8,44.1,53,28.41,1.57,0.69,1,0.90,0,0,horizontal best
2026-08-24T15:30:33.320,384,RAD,horizontal,3,22.30,24.80,67.4,105.6,419,30.85,0.83,0.56,8,0.77,0,0,horizontal best
2026-08-24T15:30:33.415,385,RAD,horizontal,3,22.30,24.80,51.3,44.2,79,29.23,1.50,0.82,3,1.50,0,0,horizontal best
2026-08-24T15:30:33.415,385,RAD,horizontal,3,22.30,24.80,31.9,44.1,53,28.41,1.57,0.69,1,0.90,0,0,horizontal best
2026-08-24T15:30:33.415,385,RAD,horizontal,3,22.30,24.80,67.4,105.7,416,30.85,0.83,0.55,8,0.75,0,0,horizontal best
2026-08-24T15:30:33.545,386,RAD,horizontal,3,22.30,24.80,51.3,44.2,79,29.23,1.50,0.82,3,1.50,0,0,horizontal best
2026-08-24T15:30:33.545,386,RAD,horizontal,3,22.30,24.80,31.9,44.1,53,28.41,1.57,0.69,1,0.90,0,0,horizontal best
2026-08-24T15:30:33.545,386,RAD,horizontal,3,22.30,24.80,67.4,105.7,415,30.85,0.83,0.55,8,0.76,0,0,horizontal best
2026-08-24T15:30:33.674,387,RAD,horizontal,3,22.37,24.87,51.3,44.3,76,29.23,1.50,0.79,3,1.51,0,0,horizontal best
2026-08-24T15:30:33.674,387,RAD,horizontal,3,22.37,24.87,32.6,44.8,63,28.50,1.86,0.69,1,1.29,0,0,horizontal best
2026-08-24T15:30:33.674,387,RAD,horizontal,3,22.37,24.87,67.5,106.0,449,30.91,0.83,0.60,10,0.82,0,0,horizontal best
2026-08-24T15:30:33.765,388,RAD,horizontal,3,22.35,24.85,51.4,44.4,76,29.23,1.50,0.79,3,1.52,0,0,horizontal best
2026-08-24T15:30:33.765,388,RAD,horizontal,3,22.35,24.85,32.8,45.2,65,28.50,1.86,0.71,1,1.31,0,0,horizontal best
2026-08-24T15:30:33.765,388,RAD,horizontal,3,22.35,24.85,67.5,106.2,447,30.89,0.83,0.60,10,0.81,0,0,horizontal best
2026-08-24T15:30:33.893,389,RAD,horizontal,3,22.33,24.83,51.4,44.4,76,29.23,1.50,0.79,3,1.52,0,0,horizontal best
2026-08-24T15:30:33.893,389,RAD,horizontal,3,22.33,24.83,32.9,45.3,64,28.50,1.86,0.70,1,1.33,0,0,horizontal best
2026-08-24T15:30:33.893,389,RAD,horizontal,3,22.33,24.83,67.4,106.2,445,30.89,0.83,0.59,10,0.81,0,0,horizontal best
2026-08-24T15:30:33.989,390,RAD,horizontal,3,22.33,24.83,51.4,44.4,76,29.23,1.50,0.79,3,1.51,0,0,horizontal best
2026-08-24T15:30:33.989,390,RAD,horizontal,3,22.33,24.83,32.9,45.2,64,28.50,1.86,0.70,1,1.33,0,0,horizontal best
2026-08-24T15:30:33.989,390,RAD,horizontal,3,22.33,24.83,67.4,106.3,445,30.93,0.83,0.59,9,0.81,0,0,horizontal best
2026-08-24T15:30:34.115,391,RAD,horizontal,3,22.37,24.87,51.4,44.3,75,29.21,1.50,0.78,3,1.47,0,0,horizontal best
2026-08-24T15:30:34.115,391,RAD,horizontal,3,22.37,24.87,32.9,45.3,62,28.50,1.71,0.74,1,1.33,0,0,horizontal best
2026-08-24T15:30:34.115,391,RAD,horizontal,3,22.37,24.87,67.4,106.4,455,31.04,0.81,0.59,6,0.82,0,0,horizontal best
2026-08-24T15:30:34.215,392,RAD,horizontal,3,22.35,24.85,51.3,44.2,77,29.14,1.50,0.80,3,1.46,0,0,horizontal best
2026-08-24T15:30:34.215,392,RAD,horizontal,3,22.35,24.85,32.9,45.2,65,28.46,1.86,0.71,1,1.34,0,0,horizontal best
2026-08-24T15:30:34.215,392,RAD,horizontal,3,22.35,24.85,67.2,106.4,448,31.02,0.83,0.60,8,0.82,0,0,horizontal best
2026-08-24T15:30:34.343,393,RAD,horizontal,3,22.33,24.83,51.3,44.2,77,29.17,1.50,0.80,3,1.46,0,0,horizontal best
2026-08-24T15:30:34.343,393,RAD,horizontal,3,22.33,24.83,32.9,45.2,65,28.46,1.86,0.71,1,1.34,0,0,horizontal best
2026-08-24T15:30:34.343,393,RAD,horizontal,3,22.33,24.83,66.8,106.2,433,31.00,0.83,0.58,11,0.81,0,0,horizontal best
2026-08-24T15:30:34.471,394,RAD,horizontal,3,22.33,24.83,51.3,44.2,77,29.17,1.50,0.80,3,1.47,0,0,horizontal best
2026-08-24T15:30:34.471,394,RAD,horizontal,3,22.33,24.83,32.9,45.2,65,28.46,1.86,0.71,1,1.34,0,0,horizontal best
2026-08-24T15:30:34.471,394,RAD,horizontal,3,22.33,24.83,66.7,106.1,432,31.00,0.80,0.60,10,0.81,0,0,horizontal best
2026-08-24T15:30:34.566,395,RAD,horizontal,3,22.33,24.83,51.3,44.2,78,29.17,1.50,0.81,3,1.48,0,0,horizontal best
2026-08-24T15:30:34.566,395,RAD,horizontal,3,22.33,24.83,32.9,45.2,65,28.59,1.86,0.71,1,1.35,0,0,horizontal best
2026-08-24T15:30:34.566,395,RAD,horizontal,3,22.33,24.83,66.7,106.1,437,30.98,0.73,0.66,9,0.82,0,0,horizontal best
2026-08-24T15:30:34.698,396,RAD,horizontal,3,22.33,24.83,51.3,44.2,79,29.32,1.50,0.82,3,1.50,0,0,horizontal best
2026-08-24T15:30:34.698,396,RAD,horizontal,3,22.33,24.83,32.2,44.5,54,28.55,1.57,0.70,1,0.90,0,0,horizontal best
2026-08-24T15:30:34.698,396,RAD,horizontal,3,22.33,24.83,67.0,106.4,452,30.98,0.77,0.61,10,0.83,0,0,horizontal best
2026-08-24T15:30:34.791,397,RAD,horizontal,2,22.35,24.85,51.4,44.2,82,29.32,1.33,0.76,3,1.58,0,0,horizontal best
2026-08-24T15:30:34.791,397,RAD,horizontal,2,22.35,24.85,67.2,106.4,455,31.37,0.83,0.61,8,0.84,0,0,horizontal best
2026-08-24T15:30:34.920,398,RAD,horizontal,3,22.37,24.87,51.5,44.2,80,29.32,1.33,0.74,3,1.52,0,0,horizontal best
2026-08-24T15:30:34.920,398,RAD,horizontal,3,22.37,24.87,32.7,45.5,67,28.55,2.00,0.68,2,1.29,0,0,horizontal best
2026-08-24T15:30:34.920,398,RAD,horizontal,3,22.37,24.87,67.6,106.3,453,31.28,0.83,0.60,9,0.82,0,0,horizontal best
2026-08-24T15:30:35.014,399,RAD,horizontal,3,22.37,24.87,51.7,44.2,84,29.32,1.33,0.78,3,1.53,0,0,horizontal best
2026-08-24T15:30:35.014,399,RAD,horizontal,3,22.37,24.87,32.1,44.6,53,28.55,1.57,0.69,2,0.89,0,0,horizontal best
2026-08-24T15:30:35.014,399,RAD,horizontal,3,22.37,24.87,67.9,106.1,432,31.13,0.86,0.60,10,0.80,0,0,horizontal best
2026-08-24T15:30:35.144,400,RAD,horizontal,3,22.40,24.90,52.0,44.4,84,29.37,1.20,0.70,3,1.59,0,0,horizontal best
2026-08-24T15:30:35.144,400,RAD,horizontal,3,22.40,24.90,31.8,44.3,53,28.55,1.57,0.69,2,0.90,0,0,horizontal best
2026-08-24T15:30:35.144,400,RAD,horizontal,3,22.40,24.90,68.4,106.0,436,31.02,0.76,0.68,8,0.82,0,0,horizontal best
2026-08-24T15:30:35.237,401,RAD,horizontal,2,22.47,24.97,52.3,44.3,87,29.34,1.20,0.72,4,1.60,0,0,horizontal best
2026-08-24T15:30:35.237,401,RAD,horizontal,2,22.47,24.97,69.0,106.6,471,31.24,0.76,0.74,9,0.92,0,0,horizontal best
2026-08-24T15:30:35.365,402,RAD,horizontal,2,22.44,24.94,52.7,44.5,83,29.34,1.00,0.69,3,1.57,0,0,horizontal best
2026-08-24T15:30:35.365,402,RAD,horizontal,2,22.44,24.94,69.3,106.8,431,31.41,0.83,0.62,8,0.89,0,0,horizontal best
2026-08-24T15:30:35.497,403,RAD,horizontal,2,22.44,24.94,52.9,44.5,87,29.30,1.09,0.66,3,1.56,0,0,horizontal best
2026-08-24T15:30:35.497,403,RAD,horizontal,2,22.44,24.94,68.8,107.1,420,30.95,0.83,0.60,9,0.86,0,0,horizontal best
2026-08-24T15:30:35.589,404,RAD,horizontal,2,22.40,24.90,53.3,44.5,85,29.26,1.10,0.77,3,1.53,0,0,horizontal best
2026-08-24T15:30:35.589,404,RAD,horizontal,2,22.40,24.90,67.7,107.1,399,30.95,0.83,0.57,8,0.81,0,0,horizontal best
2026-08-24T15:30:35.718,405,RAD,horizontal,2,22.37,24.87,53.4,44.6,84,29.26,1.10,0.76,3,1.50,0,0,horizontal best
2026-08-24T15:30:35.718,405,RAD,horizontal,2,22.37,24.87,65.5,106.8,388,30.85,0.86,0.58,7,0.81,0,0,horizontal best
2026-08-24T15:30:35.812,406,RAD,horizontal,2,22.33,24.83,53.7,44.6,86,29.10,1.00,0.71,3,1.57,0,0,horizontal best
2026-08-24T15:30:35.812,406,RAD,horizontal,2,22.33,24.83,63.0,106.4,376,30.71,0.96,0.54,6,0.87,0,0,horizontal best
2026-08-24T15:30:35.944,407,RAD,horizontal,2,22.33,24.83,53.8,44.6,86,29.10,1.00,0.71,3,1.55,0,0,horizontal best
2026-08-24T15:30:35.944,407,RAD,horizontal,2,22.33,24.83,60.5,105.9,328,30.85,1.12,0.51,7,0.93,0,0,horizontal best
2026-08-24T15:30:36.039,408,RAD,horizontal,2,22.28,24.78,53.8,44.7,85,28.81,1.00,0.70,3,1.53,0,0,horizontal best
2026-08-24T15:30:36.039,408,RAD,horizontal,2,22.28,24.78,57.8,104.8,505,31.11,1.30,0.53,3,1.49,0,0,horizontal best
2026-08-24T15:30:36.170,409,RAD,horizontal,2,22.28,24.78,53.8,44.7,84,28.81,1.00,0.69,3,1.51,0,0,horizontal best
2026-08-24T15:30:36.170,409,RAD,horizontal,2,22.28,24.78,55.8,103.9,469,31.17,1.38,0.50,3,1.54,0,0,horizontal best
2026-08-24T15:30:36.297,410,RAD,horizontal,2,22.30,24.80,53.9,44.7,85,28.94,1.00,0.70,3,1.53,0,0,horizontal best
2026-08-24T15:30:36.297,410,RAD,horizontal,2,22.30,24.80,54.2,103.3,466,31.15,1.38,0.50,4,1.60,0,0,horizontal best
2026-08-24T15:30:36.391,411,RAD,horizontal,2,22.28,24.78,53.8,44.7,84,28.92,1.00,0.69,3,1.51,0,0,horizontal best
2026-08-24T15:30:36.391,411,RAD,horizontal,2,22.28,24.78,52.9,103.5,470,31.13,1.35,0.52,4,1.59,0,0,horizontal best
2026-08-24T15:30:36.517,412,RAD,horizontal,2,22.28,24.78,53.8,44.7,84,28.99,1.00,0.69,3,1.50,0,0,horizontal best
2026-08-24T15:30:36.517,412,RAD,horizontal,2,22.28,24.78,51.3,103.7,279,31.13,1.47,0.52,5,1.00,0,0,horizontal best
2026-08-24T15:30:36.615,413,RAD,horizontal,2,22.30,24.80,53.8,44.6,85,28.99,1.00,0.70,3,1.50,0,0,horizontal best
2026-08-24T15:30:36.615,413,RAD,horizontal,2,22.30,24.80,49.2,104.3,477,31.22,1.21,0.50,4,1.57,0,0,horizontal best
2026-08-24T15:30:36.741,414,RAD,horizontal,2,22.33,24.83,53.8,44.6,85,28.97,1.00,0.70,3,1.51,0,0,horizontal best
2026-08-24T15:30:36.741,414,RAD,horizontal,2,22.33,24.83,46.5,105.3,276,31.72,1.25,0.55,5,0.98,0,0,horizontal best
2026-08-24T15:30:36.837,415,RAD,horizontal,2,22.30,24.80,53.7,44.6,85,28.94,1.00,0.70,4,1.52,0,0,horizontal best
2026-08-24T15:30:36.837,415,RAD,horizontal,2,22.30,24.80,43.4,105.7,435,31.33,1.11,0.50,4,1.56,0,0,horizontal best
2026-08-24T15:30:36.967,416,RAD,horizontal,2,22.30,24.80,53.7,44.6,85,28.94,1.00,0.70,4,1.52,0,0,horizontal best
2026-08-24T15:30:36.967,416,RAD,horizontal,2,22.30,24.80,40.7,105.7,416,31.28,1.15,0.50,4,1.60,0,0,horizontal best
2026-08-24T15:30:37.062,417,RAD,horizontal,2,22.33,24.83,53.8,44.6,85,28.83,1.00,0.70,4,1.51,0,0,horizontal best
2026-08-24T15:30:37.062,417,RAD,horizontal,2,22.33,24.83,38.2,106.0,397,31.00,1.15,0.51,4,1.56,0,0,horizontal best
2026-08-24T15:30:37.192,418,RAD,horizontal,2,22.33,24.83,53.7,44.6,84,28.83,1.00,0.69,4,1.49,0,0,horizontal best
2026-08-24T15:30:37.192,418,RAD,horizontal,2,22.33,24.83,35.6,106.8,399,31.22,1.12,0.53,2,1.55,0,0,horizontal best
2026-08-24T15:30:37.321,419,RAD,horizontal,2,22.35,24.85,53.7,44.6,86,28.72,1.00,0.71,4,1.52,0,0,horizontal best
2026-08-24T15:30:37.321,419,RAD,horizontal,2,22.35,24.85,32.9,107.9,383,30.78,1.00,0.49,2,1.47,0,0,horizontal best
2026-08-24T15:30:37.413,420,RAD,horizontal,3,22.35,24.85,53.7,44.6,86,28.77,1.00,0.71,4,1.52,0,0,horizontal best
2026-08-24T15:30:37.413,420,RAD,horizontal,3,22.35,24.85,29.7,109.0,359,29.79,0.84,0.45,2,1.36,0,0,horizontal best
2026-08-24T15:30:37.413,420,RAD,horizontal,3,22.35,24.85,31.7,44.3,53,28.68,1.71,0.63,2,0.97,0,0,horizontal best
2026-08-24T15:30:37.545,421,RAD,horizontal,2,22.33,24.83,53.7,44.6,86,28.66,1.00,0.71,4,1.52,0,0,horizontal best
2026-08-24T15:30:37.545,421,RAD,horizontal,2,22.33,24.83,26.0,110.2,344,29.10,0.78,0.61,4,1.17,0,0,horizontal best
2026-08-24T15:30:37.637,422,RAD,horizontal,2,22.33,24.83,53.7,44.6,85,28.66,1.00,0.70,3,1.53,0,0,horizontal best
2026-08-24T15:30:37.637,422,RAD,horizontal,2,22.33,24.83,21.1,109.9,375,29.32,0.84,0.43,4,1.23,0,0,horizontal best
2026-08-24T15:30:37.769,423,RAD,horizontal,2,22.33,24.83,53.8,44.6,85,28.59,1.00,0.70,4,1.52,0,0,horizontal best
2026-08-24T15:30:37.769,423,RAD,horizontal,2,22.33,24.83,17.8,109.8,334,28.90,0.69,0.47,4,1.17,0,0,horizontal best
2026-08-24T15:30:37.861,424,RAD,horizontal,2,22.30,24.80,53.8,44.6,85,28.61,1.00,0.70,4,1.53,0,0,horizontal best
2026-08-24T15:30:37.861,424,RAD,horizontal,2,22.30,24.80,15.3,109.6,300,28.97,0.76,0.47,5,1.15,0,0,horizontal best
2026-08-24T15:30:37.993,425,RAD,horizontal,2,22.30,24.80,53.8,44.6,85,28.61,1.00,0.70,4,1.52,0,0,horizontal best
2026-08-24T15:30:37.993,425,RAD,horizontal,2,22.30,24.80,13.6,109.5,282,28.92,0.81,0.47,4,1.13,0,0,horizontal best
2026-08-24T15:30:38.087,426,RAD,horizontal,2,22.28,24.78,53.8,44.6,85,28.61,1.00,0.70,4,1.53,0,0,horizontal best
2026-08-24T15:30:38.087,426,RAD,horizontal,2,22.28,24.78,12.2,109.3,272,28.88,0.79,0.44,3,1.16,0,0,horizontal best
2026-08-24T15:30:38.215,427,RAD,horizontal,2,22.28,24.78,53.8,44.6,85,28.61,1.00,0.70,4,1.53,0,0,horizontal best
2026-08-24T15:30:38.215,427,RAD,horizontal,2,22.28,24.78,11.2,109.2,259,28.97,0.85,0.45,3,1.09,0,0,horizontal best
2026-08-24T15:30:38.343,428,RAD,horizontal,2,22.28,24.78,53.8,44.6,85,28.61,1.00,0.70,4,1.54,0,0,horizontal best
2026-08-24T15:30:38.343,428,RAD,horizontal,2,22.28,24.78,10.2,109.4,251,29.01,0.88,0.46,4,1.10,0,0,horizontal best
2026-08-24T15:30:38.435,429,RAD,horizontal,2,22.26,24.76,53.8,44.6,85,28.61,1.00,0.70,4,1.55,0,0,horizontal best
2026-08-24T15:30:38.435,429,RAD,horizontal,2,22.26,24.76,9.2,109.6,234,28.79,0.96,0.46,3,1.10,0,0,horizontal best
2026-08-24T15:30:38.575,430,RAD,horizontal,2,22.28,24.78,53.7,44.6,86,28.61,1.00,0.71,4,1.54,0,0,horizontal best
2026-08-24T15:30:38.575,430,RAD,horizontal,2,22.28,24.78,7.9,109.9,218,29.03,1.05,0.47,2,1.16,0,0,horizontal best
2026-08-24T15:30:38.660,431,RAD,horizontal,2,22.26,24.76,53.7,44.6,86,28.63,1.00,0.71,4,1.56,0,0,horizontal best
2026-08-24T15:30:38.660,431,RAD,horizontal,2,22.26,24.76,6.4,110.2,196,29.14,1.24,0.55,2,1.19,0,0,horizontal best
2026-08-24T15:30:38.787,432,RAD,horizontal,2,22.26,24.76,53.6,44.6,85,28.63,1.10,0.77,4,1.53,0,0,horizontal best
2026-08-24T15:30:38.787,432,RAD,horizontal,2,22.26,24.76,5.0,110.7,199,28.79,1.40,0.63,1,1.11,0,0,horizontal best
2026-08-24T15:30:38.884,433,RAD,horizontal,2,22.26,24.76,53.5,44.6,85,28.59,1.10,0.77,4,1.51,0,0,horizontal best
2026-08-24T15:30:38.884,433,RAD,horizontal,2,22.26,24.76,4.5,110.8,209,28.86,1.47,0.63,2,1.06,0,0,horizontal best
2026-08-24T15:30:39.009,434,RAD,horizontal,2,22.26,24.76,53.4,44.6,87,28.57,1.10,0.79,4,1.50,0,0,horizontal best
2026-08-24T15:30:39.009,434,RAD,horizontal,2,22.26,24.76,4.6,110.6,214,28.81,1.47,0.65,2,0.95,0,0,horizontal best
2026-08-24T15:30:39.138,435,RAD,horizontal,3,22.26,24.76,53.4,44.6,87,28.68,1.10,0.79,4,1.50,0,0,horizontal best
2026-08-24T15:30:39.138,435,RAD,horizontal,3,22.26,24.76,4.6,110.4,213,28.74,1.53,0.62,2,0.85,0,0,horizontal best
2026-08-24T15:30:39.138,435,RAD,horizontal,3,22.26,24.76,31.9,44.2,54,28.59,1.57,0.70,2,0.93,0,0,horizontal best
2026-08-24T15:30:39.233,436,RAD,horizontal,3,22.26,24.76,53.4,44.6,87,28.68,1.10,0.79,4,1.49,0,0,horizontal best
2026-08-24T15:30:39.233,436,RAD,horizontal,3,22.26,24.76,4.6,109.7,214,28.74,1.67,0.57,3,0.83,0,0,horizontal best
2026-08-24T15:30:39.233,436,RAD,horizontal,3,22.26,24.76,31.9,44.2,54,28.57,1.57,0.70,2,0.93,0,0,horizontal best
2026-08-24T15:30:39.365,437,RAD,horizontal,3,22.26,24.76,53.4,44.6,87,28.68,1.10,0.79,4,1.48,0,0,horizontal best
2026-08-24T15:30:39.365,437,RAD,horizontal,3,22.26,24.76,4.7,108.6,207,28.55,1.80,0.51,4,0.74,0,0,horizontal best
2026-08-24T15:30:39.365,437,RAD,horizontal,3,22.26,24.76,31.8,44.2,53,28.57,1.57,0.69,2,0.92,0,0,horizontal best
2026-08-24T15:30:39.456,438,RAD,horizontal,2,22.26,24.76,53.4,44.6,87,28.68,1.10,0.79,4,1.47,0,0,horizontal best
2026-08-24T15:30:39.456,438,RAD,horizontal,2,22.26,24.76,32.5,45.0,65,28.55,1.86,0.71,2,1.35,0,0,horizontal best
2026-08-24T15:30:39.585,439,RAD,horizontal,2,22.26,24.76,53.4,44.6,87,28.68,1.10,0.79,4,1.47,0,0,horizontal best
2026-08-24T15:30:39.585,439,RAD,horizontal,2,22.26,24.76,32.8,45.4,66,28.55,1.86,0.73,2,1.37,0,0,horizontal best
2026-08-24T15:30:39.681,440,RAD,horizontal,2,22.23,24.73,53.4,44.6,87,28.66,1.10,0.79,4,1.47,0,0,horizontal best
2026-08-24T15:30:39.681,440,RAD,horizontal,2,22.23,24.73,32.9,45.6,67,28.52,2.00,0.68,2,1.38,0,0,horizontal best
2026-08-24T15:30:39.809,441,RAD,horizontal,2,22.23,24.73,53.3,44.7,89,28.63,1.00,0.74,4,1.46,0,0,horizontal best
2026-08-24T15:30:39.809,441,RAD,horizontal,2,22.23,24.73,32.9,45.7,67,28.52,2.00,0.68,2,1.37,0,0,horizontal best
2026-08-24T15:30:39.906,442,RAD,horizontal,3,22.26,24.76,53.3,44.7,89,28.66,1.00,0.74,4,1.46,0,0,horizontal best
2026-08-24T15:30:39.906,442,RAD,horizontal,3,22.26,24.76,3.2,94.9,110,28.30,2.22,0.61,2,0.82,0,0,horizontal best
2026-08-24T15:30:39.906,442,RAD,horizontal,3,22.26,24.76,32.8,45.7,67,28.57,2.00,0.68,2,1.36,0,0,horizontal best
2026-08-24T15:30:40.034,443,RAD,horizontal,2,22.28,24.78,53.3,44.8,92,28.66,1.09,0.70,4,1.51,0,0,horizontal best
2026-08-24T15:30:40.034,443,RAD,horizontal,2,22.28,24.78,32.1,44.7,56,28.57,1.57,0.73,2,0.94,0,0,horizontal best
2026-08-24T15:30:40.160,444,RAD,horizontal,2,22.26,24.76,53.3,44.8,92,28.55,1.09,0.70,4,1.50,0,0,horizontal best
2026-08-24T15:30:40.160,444,RAD,horizontal,2,22.26,24.76,32.5,45.3,68,28.57,2.00,0.69,2,1.36,0,0,horizontal best
2026-08-24T15:30:40.258,445,RAD,horizontal,3,22.28,24.78,53.3,44.9,91,28.50,1.09,0.69,4,1.47,0,0,horizontal best
2026-08-24T15:30:40.258,445,RAD,horizontal,3,22.28,24.78,4.2,86.5,160,28.28,2.42,0.46,2,0.85,0,0,horizontal best
2026-08-24T15:30:40.258,445,RAD,horizontal,3,22.28,24.78,32.7,45.6,68,28.57,2.00,0.69,2,1.36,0,0,horizontal best
2026-08-24T15:30:40.386,446,RAD,horizontal,3,22.28,24.78,53.3,44.9,91,28.43,1.09,0.69,4,1.46,0,0,horizontal best
2026-08-24T15:30:40.386,446,RAD,horizontal,3,22.28,24.78,4.8,83.9,156,28.59,2.17,0.50,2,0.92,0,0,horizontal best
2026-08-24T15:30:40.386,446,RAD,horizontal,3,22.28,24.78,32.8,45.7,68,28.59,2.00,0.69,2,1.36,0,0,horizontal best
2026-08-24T15:30:40.482,447,RAD,horizontal,3,22.28,24.78,53.3,44.9,91,28.41,1.09,0.69,4,1.45,0,0,horizontal best
2026-08-24T15:30:40.482,447,RAD,horizontal,3,22.28,24.78,6.3,81.8,137,28.17,1.43,0.49,2,0.91,0,0,horizontal best
2026-08-24T15:30:40.482,447,RAD,horizontal,3,22.28,24.78,32.8,45.7,68,28.59,2.00,0.69,2,1.37,0,0,horizontal best
2026-08-24T15:30:40.609,448,RAD,horizontal,2,22.28,24.78,53.3,44.9,91,28.41,1.09,0.69,4,1.44,0,0,horizontal best
2026-08-24T15:30:40.609,448,RAD,horizontal,2,22.28,24.78,32.8,45.7,68,28.59,2.00,0.69,2,1.37,0,0,horizontal best
2026-08-24T15:30:40.706,449,RAD,horizontal,3,22.28,24.78,53.3,44.9,91,28.50,1.09,0.69,4,1.44,0,0,horizontal best
2026-08-24T15:30:40.706,449,RAD,horizontal,3,22.28,24.78,9.2,74.8,148,28.46,2.18,0.56,3,1.00,0,0,horizontal best
2026-08-24T15:30:40.706,449,RAD,horizontal,3,22.28,24.78,32.8,45.7,69,28.59,2.00,0.70,1,1.39,0,0,horizontal best
2026-08-24T15:30:40.834,450,RAD,horizontal,3,22.30,24.80,53.2,44.9,92,28.50,1.09,0.70,5,1.45,0,0,horizontal best
2026-08-24T15:30:40.834,450,RAD,horizontal,3,22.30,24.80,10.6,72.2,140,28.77,2.18,0.53,3,1.10,0,0,horizontal best
2026-08-24T15:30:40.834,450,RAD,horizontal,3,22.30,24.80,32.8,45.6,68,28.59,2.00,0.69,1,1.39,0,0,horizontal best
2026-08-24T15:30:40.964,451,RAD,horizontal,3,22.33,24.83,53.2,44.9,92,28.50,1.09,0.70,5,1.46,0,0,horizontal best
2026-08-24T15:30:40.964,451,RAD,horizontal,3,22.33,24.83,12.5,70.4,125,28.90,2.44,0.63,2,1.11,0,0,horizontal best
2026-08-24T15:30:40.964,451,RAD,horizontal,3,22.33,24.83,32.8,45.6,66,28.59,2.00,0.67,1,1.37,0,0,horizontal best
2026-08-24T15:30:41.059,452,RAD,horizontal,3,22.33,24.83,53.2,44.9,90,28.50,1.09,0.68,5,1.43,0,0,horizontal best
2026-08-24T15:30:41.059,452,RAD,horizontal,3,22.33,24.83,14.7,69.0,116,28.43,2.10,0.55,4,1.02,0,0,horizontal best
2026-08-24T15:30:41.059,452,RAD,horizontal,3,22.33,24.83,32.1,44.5,53,28.55,1.71,0.63,1,0.88,0,0,horizontal best
2026-08-24T15:30:41.186,453,RAD,horizontal,2,22.33,24.83,53.2,44.9,90,28.50,1.09,0.68,5,1.43,0,0,horizontal best
2026-08-24T15:30:41.186,453,RAD,horizontal,2,22.33,24.83,17.1,68.0,111,28.21,2.75,0.63,3,0.89,0,0,horizontal best
2026-08-24T15:30:41.282,454,RAD,horizontal,2,22.30,24.80,53.2,44.9,91,28.48,1.09,0.69,5,1.46,0,0,horizontal best
2026-08-24T15:30:41.282,454,RAD,horizontal,2,22.30,24.80,19.0,67.2,132,28.61,2.44,0.67,3,0.98,0,0,horizontal best
2026-08-24T15:30:41.410,455,RAD,horizontal,2,22.30,24.80,53.3,44.9,91,28.48,1.09,0.69,4,1.46,0,0,horizontal best
2026-08-24T15:30:41.410,455,RAD,horizontal,2,22.30,24.80,21.6,67.3,133,29.10,2.10,0.63,3,1.00,0,0,horizontal best
2026-08-24T15:30:41.506,456,RAD,horizontal,3,22.30,24.80,53.3,44.9,89,28.48,1.09,0.67,4,1.43,0,0,horizontal best
2026-08-24T15:30:41.506,456,RAD,horizontal,3,22.30,24.80,24.3,66.9,140,29.03,2.30,0.61,3,1.02,0,0,horizontal best
2026-08-24T15:30:41.506,456,RAD,horizontal,3,22.30,24.80,31.8,44.1,52,28.50,1.57,0.68,2,0.88,0,0,horizontal best
2026-08-24T15:30:41.635,457,RAD,horizontal,3,22.30,24.80,53.3,44.9,88,28.48,1.09,0.67,4,1.43,0,0,horizontal best
2026-08-24T15:30:41.635,457,RAD,horizontal,3,22.30,24.80,26.7,66.3,137,29.19,2.30,0.60,3,1.02,0,0,horizontal best
2026-08-24T15:30:41.635,457,RAD,horizontal,3,22.30,24.80,31.8,44.3,51,28.50,1.57,0.66,2,0.87,0,0,horizontal best
2026-08-24T15:30:41.731,458,RAD,horizontal,3,22.28,24.78,53.3,44.9,89,28.50,1.09,0.67,4,1.48,0,0,horizontal best
2026-08-24T15:30:41.731,458,RAD,horizontal,3,22.28,24.78,29.5,65.7,166,29.17,1.92,0.60,3,1.05,0,0,horizontal best
2026-08-24T15:30:41.731,458,RAD,horizontal,3,22.28,24.78,31.9,44.3,51,28.50,1.57,0.66,2,0.87,0,0,horizontal best
2026-08-24T15:30:41.862,459,RAD,horizontal,2,22.30,24.80,53.4,44.9,90,28.50,1.09,0.68,4,1.47,0,0,horizontal best
2026-08-24T15:30:41.862,459,RAD,horizontal,2,22.30,24.80,31.7,65.3,175,29.21,1.71,0.52,4,1.05,0,0,horizontal best
2026-08-24T15:30:41.991,460,RAD,horizontal,2,22.30,24.80,53.5,44.8,88,28.52,1.20,0.73,4,1.47,0,0,horizontal best
2026-08-24T15:30:41.991,460,RAD,horizontal,2,22.30,24.80,33.5,64.8,180,29.45,1.71,0.54,4,1.07,0,0,horizontal best
2026-08-24T15:30:42.085,461,RAD,horizontal,2,22.33,24.83,53.5,44.8,88,28.57,1.20,0.73,4,1.47,0,0,horizontal best
2026-08-24T15:30:42.085,461,RAD,horizontal,2,22.33,24.83,35.0,61.5,257,29.54,2.53,0.45,6,1.10,0,0,horizontal best
2026-08-24T15:30:42.216,462,RAD,horizontal,2,22.33,24.83,53.6,44.8,87,28.57,1.20,0.72,4,1.48,0,0,horizontal best
2026-08-24T15:30:42.216,462,RAD,horizontal,2,22.33,24.83,36.9,60.3,256,29.50,2.38,0.42,7,1.09,0,0,horizontal best
2026-08-24T15:30:42.307,463,RAD,horizontal,1,22.35,24.85,41.7,56.5,86,29.92,0.00,0.00,5,0.65,0,0,horizontal best
2026-08-24T15:30:42.439,464,RAD,horizontal,2,22.37,24.87,53.7,44.9,89,28.59,1.09,0.67,4,1.51,0,0,horizontal best
2026-08-24T15:30:42.439,464,RAD,horizontal,2,22.37,24.87,42.9,60.7,224,30.12,1.39,0.50,3,1.12,0,0,horizontal best
2026-08-24T15:30:42.531,465,RAD,horizontal,1,22.42,24.92,45.9,57.2,114,30.30,0.00,0.00,5,0.68,0,0,horizontal best
2026-08-24T15:30:42.660,466,RAD,horizontal,1,22.44,24.94,47.8,55.7,118,30.10,0.00,0.00,6,0.67,0,0,horizontal best
2026-08-24T15:30:42.789,467,RAD,horizontal,1,22.44,24.94,49.4,54.6,108,30.03,0.00,0.00,6,0.70,0,0,horizontal best
2026-08-24T15:30:42.885,468,RAD,horizontal,2,22.47,24.97,35.0,44.7,52,28.55,2.60,0.80,2,1.26,0,0,horizontal best
2026-08-24T15:30:42.885,468,RAD,horizontal,2,22.47,24.97,50.5,54.5,107,30.25,0.00,0.00,6,0.66,0,0,horizontal best
2026-08-24T15:30:43.011,469,RAD,horizontal,1,22.47,24.97,51.7,54.2,106,29.88,0.00,0.00,6,0.64,0,0,horizontal best
2026-08-24T15:30:43.109,470,RAD,horizontal,2,22.47,24.97,33.7,44.7,62,28.57,1.86,0.68,3,1.51,0,0,horizontal best
2026-08-24T15:30:43.109,470,RAD,horizontal,2,22.47,24.97,52.8,54.2,107,30.01,0.00,0.00,6,0.67,0,0,horizontal best
2026-08-24T15:30:43.237,471,RAD,horizontal,2,22.44,24.94,34.2,44.8,65,28.57,2.00,0.66,3,1.52,0,0,horizontal best
2026-08-24T15:30:43.237,471,RAD,horizontal,2,22.44,24.94,54.0,54.0,102,30.10,0.00,0.00,5,0.68,0,0,horizontal best
2026-08-24T15:30:43.333,472,RAD,horizontal,2,22.47,24.97,34.6,45.3,65,28.57,1.86,0.71,2,1.56,0,0,horizontal best
2026-08-24T15:30:43.333,472,RAD,horizontal,2,22.47,24.97,55.9,56.3,284,30.34,1.89,0.46,6,1.04,0,0,horizontal best
2026-08-24T15:30:43.460,473,RAD,horizontal,2,22.47,24.97,35.0,45.5,65,28.57,1.62,0.62,2,1.48,0,0,horizontal best
2026-08-24T15:30:43.460,473,RAD,horizontal,2,22.47,24.97,57.1,55.0,107,30.16,0.00,0.00,5,0.72,0,0,horizontal best
2026-08-24T15:30:43.555,474,RAD,horizontal,2,22.49,24.99,35.2,45.6,65,28.61,1.62,0.62,2,1.45,0,0,horizontal best
2026-08-24T15:30:43.555,474,RAD,horizontal,2,22.49,24.99,58.7,54.3,110,30.14,0.00,0.00,5,0.70,0,0,horizontal best
2026-08-24T15:30:43.685,475,RAD,horizontal,2,22.54,25.04,35.3,45.6,66,28.72,1.62,0.63,2,1.44,0,0,horizontal best
2026-08-24T15:30:43.685,475,RAD,horizontal,2,22.54,25.04,61.3,54.4,93,30.21,0.00,0.00,5,0.71,0,0,horizontal best
2026-08-24T15:30:43.815,476,RAD,horizontal,2,22.54,25.04,35.4,45.7,65,28.81,1.86,0.71,2,1.43,0,0,horizontal best
2026-08-24T15:30:43.815,476,RAD,horizontal,2,22.54,25.04,66.0,59.7,190,30.36,1.57,0.62,3,1.05,0,0,horizontal best
2026-08-24T15:30:43.911,477,RAD,horizontal,2,22.51,25.01,35.6,45.8,66,28.81,1.86,0.73,3,1.49,0,0,horizontal best
2026-08-24T15:30:43.911,477,RAD,horizontal,2,22.51,25.01,68.7,61.3,195,30.12,1.71,0.58,3,1.08,0,0,horizontal best
2026-08-24T15:30:44.039,478,RAD,horizontal,3,22.51,25.01,35.5,45.8,62,28.81,1.86,0.68,2,1.51,0,0,horizontal best
2026-08-24T15:30:44.039,478,RAD,horizontal,3,22.51,25.01,70.3,61.3,187,30.19,2.00,0.65,2,1.13,0,0,horizontal best
2026-08-24T15:30:44.039,478,RAD,horizontal,3,22.51,25.01,53.6,44.9,85,28.70,0.83,0.71,4,1.44,0,0,horizontal best
2026-08-24T15:30:44.132,479,RAD,horizontal,3,22.49,24.99,35.5,45.6,58,28.61,1.86,0.64,2,1.45,0,0,horizontal best
2026-08-24T15:30:44.132,479,RAD,horizontal,3,22.49,24.99,71.7,61.0,186,30.16,1.92,0.67,4,1.10,0,0,horizontal best
2026-08-24T15:30:44.132,479,RAD,horizontal,3,22.49,24.99,53.6,45.0,87,28.68,0.92,0.66,4,1.49,0,0,horizontal best
2026-08-24T15:30:44.261,480,RAD,horizontal,2,22.47,24.97,73.3,61.0,178,30.10,1.92,0.64,2,1.12,0,0,horizontal best
2026-08-24T15:30:44.261,480,RAD,horizontal,2,22.47,24.97,53.6,45.0,88,28.68,0.92,0.67,4,1.50,0,0,horizontal best
2026-08-24T15:30:44.356,481,RAD,horizontal,2,22.47,24.97,75.1,60.8,178,29.88,1.77,0.60,2,1.13,0,0,horizontal best
2026-08-24T15:30:44.356,481,RAD,horizontal,2,22.47,24.97,53.8,45.0,87,28.72,1.00,0.72,3,1.50,0,0,horizontal best
2026-08-24T15:30:44.484,482,RAD,horizontal,2,22.47,24.97,76.9,60.3,188,30.01,1.69,0.66,2,1.12,0,0,horizontal best
2026-08-24T15:30:44.484,482,RAD,horizontal,2,22.47,24.97,53.8,44.9,84,28.72,0.91,0.76,4,1.47,0,0,horizontal best
2026-08-24T15:30:44.583,483,RAD,horizontal,2,22.44,24.94,78.7,60.6,191,29.94,1.57,0.62,5,1.11,0,0,horizontal best
2026-08-24T15:30:44.583,483,RAD,horizontal,2,22.44,24.94,53.7,44.8,85,28.59,0.83,0.71,5,1.47,0,0,horizontal best
2026-08-24T15:30:44.709,484,RAD,horizontal,2,22.44,24.94,80.2,60.6,198,29.99,1.57,0.64,5,1.13,0,0,horizontal best
2026-08-24T15:30:44.709,484,RAD,horizontal,2,22.44,24.94,53.6,44.8,87,28.59,0.83,0.72,4,1.47,0,0,horizontal best
2026-08-24T15:30:44.838,485,RAD,horizontal,2,22.47,24.97,81.6,60.7,205,30.10,1.64,0.64,4,1.14,0,0,horizontal best
2026-08-24T15:30:44.838,485,RAD,horizontal,2,22.47,24.97,53.5,44.7,89,28.70,0.92,0.67,4,1.47,0,0,horizontal best
2026-08-24T15:30:44.934,486,RAD,horizontal,2,22.49,24.99,83.3,60.9,215,30.23,1.64,0.67,3,1.12,0,0,horizontal best
2026-08-24T15:30:44.934,486,RAD,horizontal,2,22.49,24.99,53.5,44.7,89,28.70,0.92,0.67,4,1.50,0,0,horizontal best
2026-08-24T15:30:45.063,487,RAD,horizontal,2,22.47,24.97,85.2,61.0,225,30.03,1.71,0.67,4,1.09,0,0,horizontal best
2026-08-24T15:30:45.063,487,RAD,horizontal,2,22.47,24.97,53.5,44.6,86,28.70,0.92,0.65,4,1.53,0,0,horizontal best
2026-08-24T15:30:45.157,488,RAD,horizontal,2,22.47,24.97,87.0,63.1,288,30.16,2.40,0.53,3,1.13,0,0,horizontal best
2026-08-24T15:30:45.157,488,RAD,horizontal,2,22.47,24.97,53.5,44.7,88,28.81,0.92,0.67,4,1.55,0,0,horizontal best
2026-08-24T15:30:45.287,489,RAD,horizontal,2,22.47,24.97,88.2,64.1,299,29.99,2.40,0.55,5,1.14,0,0,horizontal best
2026-08-24T15:30:45.287,489,RAD,horizontal,2,22.47,24.97,53.5,44.7,87,29.01,0.92,0.66,4,1.54,0,0,horizontal best
2026-08-24T15:30:45.382,490,RAD,horizontal,2,22.47,24.97,89.0,64.7,311,30.05,2.33,0.59,5,1.16,0,0,horizontal best
2026-08-24T15:30:45.382,490,RAD,horizontal,2,22.47,24.97,53.5,44.6,85,28.97,0.92,0.64,4,1.54,0,0,horizontal best
2026-08-24T15:30:45.512,491,RAD,horizontal,2,22.42,24.92,89.7,65.3,319,29.85,2.31,0.54,6,1.15,0,0,horizontal best
2026-08-24T15:30:45.512,491,RAD,horizontal,2,22.42,24.92,53.5,44.6,86,28.97,0.92,0.65,4,1.54,0,0,horizontal best
2026-08-24T15:30:45.638,492,RAD,horizontal,2,22.37,24.87,90.3,62.6,121,29.83,1.20,0.45,5,0.68,0,0,horizontal best
2026-08-24T15:30:45.638,492,RAD,horizontal,2,22.37,24.87,53.6,44.6,86,28.86,0.92,0.65,5,1.55,0,0,horizontal best
2026-08-24T15:30:45.735,493,RAD,horizontal,2,22.37,24.87,90.6,65.6,314,29.19,2.31,0.53,8,1.12,0,0,horizontal best
2026-08-24T15:30:45.735,493,RAD,horizontal,2,22.37,24.87,53.6,44.6,86,28.86,0.92,0.65,5,1.56,0,0,horizontal best
2026-08-24T15:30:45.862,494,RAD,horizontal,2,22.35,24.85,91.1,67.2,331,30.03,2.18,0.53,5,1.15,0,0,horizontal best
2026-08-24T15:30:45.862,494,RAD,horizontal,2,22.35,24.85,53.6,44.6,86,28.83,0.92,0.65,5,1.56,0,0,horizontal best
2026-08-24T15:30:45.958,495,RAD,horizontal,2,22.35,24.85,91.6,67.6,325,29.97,1.61,0.62,5,1.13,0,0,horizontal best
2026-08-24T15:30:45.958,495,RAD,horizontal,2,22.35,24.85,53.6,44.6,85,28.83,0.92,0.64,5,1.57,0,0,horizontal best
2026-08-24T15:30:46.088,496,RAD,horizontal,2,22.35,24.85,92.0,68.2,336,30.12,1.53,0.61,6,1.16,0,0,horizontal best
2026-08-24T15:30:46.088,496,RAD,horizontal,2,22.35,24.85,53.6,44.7,86,28.83,0.92,0.65,5,1.57,0,0,horizontal best
2026-08-24T15:30:46.182,497,RAD,horizontal,2,22.40,24.90,92.6,68.9,350,30.41,1.53,0.64,4,1.15,0,0,horizontal best
2026-08-24T15:30:46.182,497,RAD,horizontal,2,22.40,24.90,53.6,44.7,85,28.72,0.92,0.64,5,1.55,0,0,horizontal best
2026-08-24T15:30:46.311,498,RAD,horizontal,2,22.44,24.94,93.3,70.2,362,30.23,1.50,0.60,5,1.14,0,0,horizontal best
2026-08-24T15:30:46.311,498,RAD,horizontal,2,22.44,24.94,53.6,44.7,86,28.72,0.92,0.65,5,1.55,0,0,horizontal best
2026-08-24T15:30:46.404,499,RAD,horizontal,2,22.44,24.94,94.3,69.7,169,30.19,1.00,0.52,6,0.64,0,0,horizontal best
2026-08-24T15:30:46.404,499,RAD,horizontal,2,22.44,24.94,53.6,44.7,86,28.74,0.92,0.65,5,1.56,0,0,horizontal best
2026-08-24T15:30:46.533,500,RAD,horizontal,2,22.44,24.94,95.7,70.8,187,30.16,1.06,0.55,6,0.66,0,0,horizontal best
2026-08-24T15:30:46.533,500,RAD,horizontal,2,22.44,24.94,53.6,44.7,86,28.72,0.92,0.65,4,1.56,0,0,horizontal best
2026-08-24T15:30:46.662,501,RAD,horizontal,2,22.47,24.97,97.6,72.2,198,30.36,1.11,0.55,5,0.67,0,0,horizontal best
2026-08-24T15:30:46.662,501,RAD,horizontal,2,22.47,24.97,53.6,44.6,83,28.72,0.92,0.63,4,1.51,0,0,horizontal best
2026-08-24T15:30:46.758,502,RAD,horizontal,2,22.49,24.99,99.3,74.6,222,30.32,1.42,0.43,7,0.64,0,0,horizontal best
2026-08-24T15:30:46.758,502,RAD,horizontal,2,22.49,24.99,53.6,44.6,86,28.70,0.92,0.65,4,1.54,0,0,horizontal best
2026-08-24T15:30:46.886,503,RAD,horizontal,2,22.49,24.99,100.9,76.4,233,30.14,1.42,0.45,7,0.62,0,0,horizontal best
2026-08-24T15:30:46.886,503,RAD,horizontal,2,22.49,24.99,53.6,44.6,85,28.70,0.92,0.64,4,1.53,0,0,horizontal best
2026-08-24T15:30:46.983,504,RAD,horizontal,2,22.49,24.99,102.3,78.2,250,30.12,0.00,0.00,6,0.70,0,0,horizontal best
2026-08-24T15:30:46.983,504,RAD,horizontal,2,22.49,24.99,53.6,44.6,79,28.68,0.75,0.73,4,1.47,0,0,horizontal best
2026-08-24T15:30:47.111,505,RAD,horizontal,2,22.47,24.97,103.6,81.1,248,30.25,0.00,0.00,7,0.69,0,0,horizontal best
2026-08-24T15:30:47.111,505,RAD,horizontal,2,22.47,24.97,53.6,44.6,81,28.68,0.83,0.68,4,1.52,0,0,horizontal best
2026-08-24T15:30:47.207,506,RAD,horizontal,2,22.47,24.97,104.1,83.8,262,30.69,1.58,0.46,6,0.73,0,0,horizontal best
2026-08-24T15:30:47.207,506,RAD,horizontal,2,22.47,24.97,53.6,44.7,81,28.77,0.83,0.68,4,1.54,0,0,horizontal best
2026-08-24T15:30:47.336,507,RAD,horizontal,2,22.47,24.97,104.6,86.9,275,30.91,1.43,0.44,5,0.75,0,0,horizontal best
2026-08-24T15:30:47.336,507,RAD,horizontal,2,22.47,24.97,53.7,44.7,80,28.77,0.91,0.73,4,1.55,0,0,horizontal best
2026-08-24T15:30:47.462,508,RAD,horizontal,2,22.54,25.04,105.1,90.4,342,30.63,1.36,0.52,7,0.83,0,0,horizontal best
2026-08-24T15:30:47.462,508,RAD,horizontal,2,22.54,25.04,53.7,44.7,80,28.90,0.91,0.73,3,1.56,0,0,horizontal best
2026-08-24T15:30:47.556,509,RAD,horizontal,2,22.56,25.06,106.6,93.0,384,30.71,1.21,0.55,10,0.83,0,0,horizontal best
2026-08-24T15:30:47.556,509,RAD,horizontal,2,22.56,25.06,53.7,44.5,82,28.90,1.00,0.68,3,1.53,0,0,horizontal best
2026-08-24T15:30:47.684,510,RAD,horizontal,2,22.56,25.06,108.0,95.3,368,30.76,0.75,0.63,7,0.83,0,0,horizontal best
2026-08-24T15:30:47.684,510,RAD,horizontal,2,22.56,25.06,53.7,44.4,82,28.90,1.00,0.68,4,1.53,0,0,horizontal best
2026-08-24T15:30:47.781,511,RAD,horizontal,2,22.56,25.06,109.3,99.8,411,30.87,0.81,0.53,9,0.84,0,0,horizontal best
2026-08-24T15:30:47.781,511,RAD,horizontal,2,22.56,25.06,53.7,44.5,80,28.90,0.91,0.73,4,1.55,0,0,horizontal best
2026-08-24T15:30:47.913,512,RAD,horizontal,2,22.54,25.04,110.8,102.1,390,30.63,0.86,0.54,8,0.78,0,0,horizontal best
2026-08-24T15:30:47.913,512,RAD,horizontal,2,22.54,25.04,53.7,44.6,80,28.86,0.91,0.73,4,1.55,0,0,horizontal best
2026-08-24T15:30:48.005,513,RAD,horizontal,2,22.54,25.04,110.8,104.0,405,30.85,0.93,0.52,9,0.81,0,0,horizontal best
2026-08-24T15:30:48.005,513,RAD,horizontal,2,22.54,25.04,53.7,44.6,80,28.81,0.91,0.73,4,1.55,0,0,horizontal best
2026-08-24T15:30:48.136,514,RAD,horizontal,2,22.51,25.01,109.0,105.5,377,30.82,0.73,0.57,8,0.80,0,0,horizontal best
2026-08-24T15:30:48.136,514,RAD,horizontal,2,22.51,25.01,53.7,44.5,82,28.81,1.00,0.68,4,1.54,0,0,horizontal best
2026-08-24T15:30:48.230,515,RAD,horizontal,2,22.49,24.99,107.0,107.6,389,30.63,0.81,0.65,10,0.82,0,0,horizontal best
2026-08-24T15:30:48.230,515,RAD,horizontal,2,22.49,24.99,53.7,44.5,81,28.70,1.00,0.67,4,1.55,0,0,horizontal best
2026-08-24T15:30:48.358,516,RAD,horizontal,2,22.47,24.97,102.7,109.0,368,30.54,0.69,0.63,7,0.80,0,0,horizontal best
2026-08-24T15:30:48.358,516,RAD,horizontal,2,22.47,24.97,53.7,44.5,81,28.68,1.00,0.67,4,1.55,0,0,horizontal best
2026-08-24T15:30:48.489,517,RAD,horizontal,2,22.44,24.94,97.3,110.2,359,30.47,0.74,0.66,11,0.83,0,0,horizontal best
2026-08-24T15:30:48.489,517,RAD,horizontal,2,22.44,24.94,53.7,44.5,81,28.63,1.00,0.67,4,1.55,0,0,horizontal best
2026-08-24T15:30:48.583,518,RAD,horizontal,2,22.47,24.97,91.7,110.8,364,30.74,0.74,0.67,8,0.85,0,0,horizontal best
2026-08-24T15:30:48.583,518,RAD,horizontal,2,22.47,24.97,53.7,44.5,81,28.63,1.00,0.67,4,1.54,0,0,horizontal best
2026-08-24T15:30:48.708,519,RAD,horizontal,2,22.44,24.94,87.0,111.2,340,30.47,0.76,0.72,7,0.87,0,0,horizontal best
2026-08-24T15:30:48.708,519,RAD,horizontal,2,22.44,24.94,53.6,44.5,84,28.55,0.92,0.64,4,1.54,0,0,horizontal best
2026-08-24T15:30:48.804,520,RAD,horizontal,2,22.42,24.92,83.7,112.1,323,30.54,0.75,0.75,8,0.81,0,0,horizontal best
2026-08-24T15:30:48.804,520,RAD,horizontal,2,22.42,24.92,53.5,44.6,84,28.52,0.92,0.64,4,1.54,0,0,horizontal best
2026-08-24T15:30:48.932,521,RAD,horizontal,2,22.40,24.90,81.5,113.3,257,30.25,0.65,0.74,6,0.72,0,0,horizontal best
2026-08-24T15:30:48.932,521,RAD,horizontal,2,22.40,24.90,53.6,44.5,85,28.52,0.92,0.64,4,1.54,0,0,horizontal best
2026-08-24T15:30:49.023,522,RAD,horizontal,1,22.37,24.87,53.6,44.6,86,28.52,0.92,0.65,4,1.54,0,0,horizontal best
2026-08-24T15:30:49.150,523,RAD,horizontal,1,22.40,24.90,53.5,44.6,85,28.70,0.92,0.64,4,1.55,0,0,horizontal best
2026-08-24T15:30:49.279,524,RAD,horizontal,1,22.40,24.90,53.5,44.7,85,28.72,0.83,0.71,4,1.57,0,0,horizontal best
2026-08-24T15:30:49.375,525,RAD,horizontal,1,22.40,24.90,53.5,44.8,85,28.70,0.83,0.71,4,1.55,0,0,horizontal best
2026-08-24T15:30:49.503,526,RAD,horizontal,1,22.40,24.90,53.5,44.8,85,28.66,0.83,0.71,4,1.56,0,0,horizontal best
2026-08-24T15:30:49.599,527,RAD,horizontal,1,22.37,24.87,53.5,44.8,85,28.66,0.83,0.71,4,1.56,0,0,horizontal best
2026-08-24T15:30:49.728,528,RAD,horizontal,1,22.35,24.85,53.5,44.7,85,28.57,0.83,0.71,5,1.55,0,0,horizontal best
2026-08-24T15:30:49.824,529,RAD,horizontal,1,22.33,24.83,53.5,44.7,85,28.59,0.83,0.71,5,1.56,0,0,horizontal best
2026-08-24T15:30:49.954,530,RAD,horizontal,1,22.33,24.83,53.5,44.7,83,28.68,0.83,0.69,4,1.56,0,0,horizontal best
2026-08-24T15:30:50.050,531,RAD,horizontal,1,22.30,24.80,53.5,44.8,84,28.70,0.83,0.70,4,1.57,0,0,horizontal best
2026-08-24T15:30:50.176,532,RAD,horizontal,1,22.30,24.80,53.5,44.8,85,28.70,0.83,0.71,3,1.59,0,0,horizontal best
2026-08-24T15:30:50.304,533,RAD,horizontal,1,22.28,24.78,53.4,44.8,86,28.70,0.83,0.72,3,1.59,0,0,horizontal best
2026-08-24T15:30:50.401,534,RAD,horizontal,1,22.26,24.76,53.4,44.8,86,28.70,0.83,0.72,3,1.59,0,0,horizontal best
2026-08-24T15:30:50.528,535,RAD,horizontal,1,22.26,24.76,53.4,44.8,85,28.70,0.83,0.71,4,1.58,0,0,horizontal best
2026-08-24T15:30:50.625,536,RAD,horizontal,1,22.28,24.78,53.4,44.8,85,28.70,0.83,0.71,3,1.59,0,0,horizontal best
2026-08-24T15:30:50.752,537,RAD,horizontal,1,22.26,24.76,53.5,44.8,82,28.70,0.83,0.68,3,1.58,0,0,horizontal best
2026-08-24T15:30:50.848,538,RAD,horizontal,1,22.26,24.76,53.5,44.8,82,28.70,0.83,0.68,3,1.59,0,0,horizontal best
2026-08-24T15:30:50.976,539,RAD,horizontal,1,22.23,24.73,53.6,44.8,82,28.66,0.83,0.68,3,1.59,0,0,horizontal best
2026-08-24T15:30:51.074,540,RAD,horizontal,1,22.26,24.76,53.5,44.8,81,28.63,0.83,0.68,3,1.56,0,0,horizontal best
2026-08-24T15:30:51.201,541,RAD,horizontal,1,22.23,24.73,53.6,44.8,82,28.66,0.83,0.68,3,1.58,0,0,horizontal best
2026-08-24T15:30:51.329,542,RAD,horizontal,1,22.23,24.73,53.6,44.8,82,28.66,0.83,0.68,4,1.58,0,0,horizontal best
2026-08-24T15:30:51.425,543,RAD,horizontal,1,22.23,24.73,53.6,44.8,82,28.68,0.83,0.68,3,1.59,0,0,horizontal best
2026-08-24T15:30:51.554,544,RAD,horizontal,1,22.26,24.76,53.6,44.8,81,28.68,0.83,0.68,4,1.61,0,0,horizontal best
2026-08-24T15:30:51.649,545,RAD,horizontal,1,22.26,24.76,53.6,44.8,81,28.68,0.83,0.68,4,1.60,0,0,horizontal best
2026-08-24T15:30:51.776,546,RAD,horizontal,1,22.28,24.78,53.5,44.7,82,28.77,0.83,0.68,4,1.59,0,0,horizontal best
2026-08-24T15:30:51.872,547,RAD,horizontal,1,22.28,24.78,53.5,44.7,82,28.79,0.83,0.68,4,1.59,0,0,horizontal best
2026-08-24T15:30:52.000,548,RAD,horizontal,1,22.26,24.76,53.6,44.6,77,28.81,0.82,0.78,4,1.55,0,0,horizontal best
2026-08-24T15:30:52.129,549,RAD,horizontal,1,22.26,24.76,53.6,44.5,77,28.81,0.82,0.78,4,1.55,0,0,horizontal best
2026-08-24T15:30:52.224,550,RAD,horizontal,1,22.26,24.76,53.7,44.5,76,28.81,0.82,0.77,4,1.55,0,0,horizontal best
2026-08-24T15:30:52.353,551,RAD,horizontal,1,22.26,24.76,53.7,44.7,81,28.81,0.91,0.74,4,1.58,0,0,horizontal best
2026-08-24T15:30:52.448,552,RAD,horizontal,1,22.26,24.76,53.7,44.9,80,28.81,0.91,0.73,4,1.58,0,0,horizontal best
2026-08-24T15:30:52.576,553,RAD,horizontal,1,22.26,24.76,53.7,44.9,80,28.81,0.91,0.73,3,1.56,0,0,horizontal best
2026-08-24T15:30:52.673,554,RAD,horizontal,1,22.23,24.73,53.7,44.9,80,28.81,0.91,0.73,3,1.55,0,0,horizontal best
2026-08-24T15:30:52.801,555,RAD,horizontal,1,22.21,24.71,53.7,44.9,80,28.81,0.91,0.73,3,1.55,0,0,horizontal best
2026-08-24T15:30:52.896,556,RAD,horizontal,1,22.26,24.76,53.7,44.9,80,28.88,0.91,0.73,3,1.53,0,0,horizontal best
2026-08-24T15:30:53.024,557,RAD,horizontal,1,22.26,24.76,53.7,44.9,80,28.88,0.91,0.73,3,1.53,0,0,horizontal best
2026-08-24T15:30:53.152,558,RAD,horizontal,1,22.26,24.76,53.7,44.9,80,28.86,0.91,0.73,3,1.53,0,0,horizontal best
2026-08-24T15:30:53.247,559,RAD,horizontal,1,22.26,24.76,53.7,44.9,80,28.86,0.91,0.73,3,1.53,0,0,horizontal best
2026-08-24T15:30:53.376,560,RAD,horizontal,1,22.23,24.73,53.7,44.9,80,28.99,0.91,0.73,3,1.54,0,0,horizontal best
2026-08-24T15:30:53.473,561,RAD,horizontal,1,22.23,24.73,53.7,44.9,80,28.99,0.91,0.73,3,1.53,0,0,horizontal best
2026-08-24T15:30:53.600,562,RAD,horizontal,1,22.23,24.73,53.7,44.9,80,28.99,0.91,0.73,3,1.53,0,0,horizontal best
2026-08-24T15:30:53.697,563,RAD,horizontal,1,22.23,24.73,53.7,44.9,80,28.99,0.91,0.73,3,1.54,0,0,horizontal best
2026-08-24T15:30:53.825,564,RAD,horizontal,1,22.23,24.73,53.7,44.9,80,28.83,0.91,0.73,3,1.52,0,0,horizontal best
2026-08-24T15:30:53.952,565,RAD,horizontal,1,22.23,24.73,53.7,44.9,81,28.81,0.91,0.74,3,1.51,0,0,horizontal best
2026-08-24T15:30:54.050,566,RAD,horizontal,1,22.23,24.73,53.6,44.9,83,28.81,0.83,0.69,3,1.51,0,0,horizontal best
2026-08-24T15:30:54.177,567,RAD,horizontal,1,22.23,24.73,53.5,44.9,83,28.81,0.83,0.69,3,1.51,0,0,horizontal best
2026-08-24T15:30:54.272,568,RAD,horizontal,1,22.23,24.73,53.5,44.9,83,28.79,0.83,0.69,3,1.50,0,0,horizontal best
2026-08-24T15:30:54.401,569,RAD,horizontal,1,22.21,24.71,53.5,44.9,84,28.72,0.83,0.70,3,1.50,0,0,horizontal best
2026-08-24T15:30:54.498,570,RAD,horizontal,1,22.21,24.71,53.6,44.9,82,28.70,0.91,0.75,3,1.50,0,0,horizontal best
2026-08-24T15:30:54.625,571,RAD,horizontal,1,22.21,24.71,53.7,44.9,81,28.70,0.91,0.74,3,1.49,0,0,horizontal best
2026-08-24T15:30:54.721,572,RAD,horizontal,1,22.21,24.71,53.7,44.9,81,28.63,0.91,0.74,3,1.48,0,0,horizontal best
2026-08-24T15:30:54.848,573,RAD,horizontal,1,22.23,24.73,53.7,44.8,81,28.46,0.91,0.74,4,1.48,0,0,horizontal best
2026-08-24T15:30:54.979,574,RAD,horizontal,1,22.23,24.73,53.7,44.8,81,28.48,0.91,0.74,4,1.48,0,0,horizontal best
2026-08-24T15:30:55.074,575,RAD,horizontal,2,22.23,24.73,53.7,44.8,81,28.48,0.91,0.74,4,1.48,0,0,horizontal best
2026-08-24T15:30:55.074,575,RAD,horizontal,2,22.23,24.73,28.3,43.3,56,28.15,2.00,0.57,1,1.01,0,0,horizontal best
2026-08-24T15:30:55.200,576,RAD,horizontal,2,22.21,24.71,53.7,44.9,81,28.48,0.91,0.74,4,1.49,0,0,horizontal best
2026-08-24T15:30:55.200,576,RAD,horizontal,2,22.21,24.71,29.0,43.9,72,28.06,2.29,0.64,2,1.43,0,0,horizontal best
2026-08-24T15:30:55.297,577,RAD,horizontal,2,22.21,24.71,53.7,44.9,81,28.48,0.91,0.74,4,1.49,0,0,horizontal best
2026-08-24T15:30:55.297,577,RAD,horizontal,2,22.21,24.71,29.3,44.2,71,28.10,2.29,0.63,2,1.44,0,0,horizontal best
2026-08-24T15:30:55.424,578,RAD,horizontal,2,22.23,24.73,53.7,44.9,81,28.52,0.91,0.74,4,1.49,0,0,horizontal best
2026-08-24T15:30:55.424,578,RAD,horizontal,2,22.23,24.73,29.4,44.7,69,28.10,2.14,0.66,2,1.47,0,0,horizontal best
2026-08-24T15:30:55.519,579,RAD,horizontal,2,22.21,24.71,53.7,44.9,80,28.50,0.91,0.73,4,1.50,0,0,horizontal best
2026-08-24T15:30:55.519,579,RAD,horizontal,2,22.21,24.71,29.4,44.9,68,28.08,2.14,0.65,2,1.44,0,0,horizontal best
2026-08-24T15:30:55.650,580,RAD,horizontal,2,22.21,24.71,53.7,44.9,80,28.50,0.91,0.73,4,1.50,0,0,horizontal best
2026-08-24T15:30:55.650,580,RAD,horizontal,2,22.21,24.71,29.4,45.1,68,27.92,2.14,0.65,2,1.41,0,0,horizontal best
2026-08-24T15:30:55.777,581,RAD,horizontal,2,22.21,24.71,53.7,44.9,80,28.50,0.91,0.73,4,1.50,0,0,horizontal best
2026-08-24T15:30:55.777,581,RAD,horizontal,2,22.21,24.71,29.4,45.3,73,27.90,2.00,0.57,2,1.43,0,0,horizontal best
2026-08-24T15:30:55.873,582,RAD,horizontal,2,22.18,24.68,53.7,44.9,80,28.50,0.91,0.73,4,1.50,0,0,horizontal best
2026-08-24T15:30:55.873,582,RAD,horizontal,2,22.18,24.68,29.6,45.8,82,27.90,2.12,0.60,2,1.46,0,0,horizontal best
2026-08-24T15:30:56.001,583,RAD,horizontal,2,22.18,24.68,53.7,44.9,80,28.50,0.91,0.73,4,1.50,0,0,horizontal best
2026-08-24T15:30:56.001,583,RAD,horizontal,2,22.18,24.68,29.8,46.1,76,27.90,2.29,0.68,2,1.46,0,0,horizontal best
2026-08-24T15:30:56.096,584,RAD,horizontal,2,22.18,24.68,53.7,44.8,82,28.35,0.91,0.75,4,1.48,0,0,horizontal best
2026-08-24T15:30:56.096,584,RAD,horizontal,2,22.18,24.68,30.1,46.2,79,27.83,2.29,0.71,2,1.42,0,0,horizontal best
2026-08-24T15:30:56.225,585,RAD,horizontal,2,22.18,24.68,53.7,44.9,83,28.28,0.91,0.75,4,1.53,0,0,horizontal best
2026-08-24T15:30:56.225,585,RAD,horizontal,2,22.18,24.68,30.5,46.0,75,27.76,1.88,0.62,1,1.41,0,0,horizontal best
2026-08-24T15:30:56.320,586,RAD,horizontal,2,22.18,24.68,53.7,44.9,84,28.21,0.91,0.76,4,1.50,0,0,horizontal best
2026-08-24T15:30:56.320,586,RAD,horizontal,2,22.18,24.68,31.2,45.8,79,28.01,1.88,0.66,1,1.54,0,0,horizontal best
2026-08-24T15:30:56.448,587,RAD,horizontal,2,22.21,24.71,53.7,44.9,84,28.66,0.91,0.76,4,1.50,0,0,horizontal best
2026-08-24T15:30:56.448,587,RAD,horizontal,2,22.21,24.71,31.8,45.4,78,28.01,1.88,0.65,1,1.46,0,0,horizontal best
2026-08-24T15:30:56.544,588,RAD,horizontal,2,22.21,24.71,53.7,44.9,84,28.57,0.91,0.76,4,1.52,0,0,horizontal best
2026-08-24T15:30:56.544,588,RAD,horizontal,2,22.21,24.71,32.4,45.1,71,28.01,1.50,0.74,1,1.48,0,0,horizontal best
2026-08-24T15:30:56.673,589,RAD,horizontal,2,22.21,24.71,53.7,44.9,83,28.57,0.91,0.75,4,1.54,0,0,horizontal best
2026-08-24T15:30:56.673,589,RAD,horizontal,2,22.21,24.71,32.8,45.0,70,28.01,1.50,0.73,2,1.46,0,0,horizontal best
2026-08-24T15:30:56.800,590,RAD,horizontal,2,22.23,24.73,53.7,44.9,83,28.61,0.91,0.75,4,1.56,0,0,horizontal best
2026-08-24T15:30:56.800,590,RAD,horizontal,2,22.23,24.73,33.1,44.9,73,28.01,1.33,0.68,1,1.49,0,0,horizontal best
2026-08-24T15:30:56.898,591,RAD,horizontal,2,22.23,24.73,53.7,44.9,83,28.61,0.91,0.75,4,1.57,0,0,horizontal best
2026-08-24T15:30:56.898,591,RAD,horizontal,2,22.23,24.73,33.3,44.9,68,27.97,1.50,0.71,1,1.47,0,0,horizontal best
2026-08-24T15:30:57.025,592,RAD,horizontal,2,22.23,24.73,53.7,44.8,81,28.61,0.91,0.74,4,1.54,0,0,horizontal best
2026-08-24T15:30:57.025,592,RAD,horizontal,2,22.23,24.73,33.4,45.1,66,27.92,1.38,0.75,2,1.47,0,0,horizontal best
2026-08-24T15:30:57.120,593,RAD,horizontal,2,22.23,24.73,53.7,44.8,84,28.61,0.91,0.76,4,1.57,0,0,horizontal best
2026-08-24T15:30:57.120,593,RAD,horizontal,2,22.23,24.73,33.2,45.5,70,27.94,1.33,0.65,2,1.47,0,0,horizontal best
2026-08-24T15:30:57.249,594,RAD,horizontal,2,22.26,24.76,53.7,44.8,86,28.90,1.00,0.71,4,1.54,0,0,horizontal best
2026-08-24T15:30:57.249,594,RAD,horizontal,2,22.26,24.76,33.1,45.8,73,27.90,1.33,0.68,2,1.46,0,0,horizontal best
2026-08-24T15:30:57.345,595,RAD,horizontal,2,22.26,24.76,53.7,44.7,86,28.90,1.00,0.71,4,1.54,0,0,horizontal best
2026-08-24T15:30:57.345,595,RAD,horizontal,2,22.26,24.76,32.9,46.2,76,27.90,1.44,0.65,2,1.48,0,0,horizontal best
2026-08-24T15:30:57.472,596,RAD,horizontal,2,22.23,24.73,53.7,44.7,87,28.88,1.00,0.72,3,1.54,0,0,horizontal best
2026-08-24T15:30:57.472,596,RAD,horizontal,2,22.23,24.73,32.8,46.4,74,27.85,1.62,0.71,2,1.42,0,0,horizontal best
2026-08-24T15:30:57.571,597,RAD,horizontal,2,22.23,24.73,53.6,44.6,84,28.83,1.10,0.76,3,1.44,0,0,horizontal best
2026-08-24T15:30:57.571,597,RAD,horizontal,2,22.23,24.73,32.7,46.5,76,27.85,1.62,0.73,2,1.43,0,0,horizontal best
2026-08-24T15:30:57.696,598,RAD,horizontal,2,22.21,24.71,53.8,44.7,92,28.63,1.09,0.70,3,1.53,0,0,horizontal best
2026-08-24T15:30:57.696,598,RAD,horizontal,2,22.21,24.71,32.6,46.5,77,27.83,1.62,0.74,2,1.40,0,0,horizontal best
2026-08-24T15:30:57.826,599,RAD,horizontal,2,22.21,24.71,53.9,44.8,90,28.63,1.09,0.68,3,1.55,0,0,horizontal best
2026-08-24T15:30:57.826,599,RAD,horizontal,2,22.21,24.71,32.8,46.6,76,27.88,1.44,0.65,1,1.42,0,0,horizontal best
2026-08-24T15:30:57.920,600,RAD,horizontal,2,22.21,24.71,53.9,44.8,90,28.63,1.09,0.68,3,1.55,0,0,horizontal best
2026-08-24T15:30:57.920,600,RAD,horizontal,2,22.21,24.71,33.1,46.7,73,27.97,1.50,0.76,1,1.46,0,0,horizontal best
2026-08-24T15:30:58.051,601,RAD,horizontal,2,22.23,24.73,54.0,44.7,90,28.72,1.09,0.68,4,1.52,0,0,horizontal best
2026-08-24T15:30:58.051,601,RAD,horizontal,2,22.23,24.73,33.6,46.7,81,28.06,1.44,0.69,1,1.48,0,0,horizontal best
2026-08-24T15:30:58.144,602,RAD,horizontal,2,22.21,24.71,54.0,44.6,87,28.81,1.00,0.72,3,1.53,0,0,horizontal best
2026-08-24T15:30:58.144,602,RAD,horizontal,2,22.21,24.71,33.8,46.8,82,28.01,1.56,0.65,2,1.51,0,0,horizontal best
2026-08-24T15:30:58.277,603,RAD,horizontal,1,22.26,24.76,47.7,44.3,69,28.81,0.30,0.32,5,0.43,0,0,horizontal best
2026-08-24T15:30:58.368,604,RAD,horizontal,2,22.26,24.76,51.5,44.5,86,28.83,1.00,0.71,3,1.60,0,0,horizontal best
2026-08-24T15:30:58.368,604,RAD,horizontal,2,22.26,24.76,34.0,46.8,81,28.06,1.44,0.69,2,1.48,0,0,horizontal best
2026-08-24T15:30:58.498,605,RAD,horizontal,2,22.26,24.76,53.5,44.4,83,28.68,1.00,0.69,3,1.55,0,0,horizontal best
2026-08-24T15:30:58.498,605,RAD,horizontal,2,22.26,24.76,33.7,47.1,76,28.03,1.62,0.73,2,1.46,0,0,horizontal best
2026-08-24T15:30:58.625,606,RAD,horizontal,2,22.26,24.76,54.2,44.4,84,28.74,1.00,0.69,2,1.55,0,0,horizontal best
2026-08-24T15:30:58.625,606,RAD,horizontal,2,22.26,24.76,33.4,47.5,77,28.17,1.62,0.74,2,1.57,0,0,horizontal best
2026-08-24T15:30:58.722,607,RAD,horizontal,2,22.30,24.80,54.4,44.6,83,28.88,0.91,0.75,2,1.58,0,0,horizontal best
2026-08-24T15:30:58.722,607,RAD,horizontal,2,22.30,24.80,32.7,47.8,72,28.12,1.50,0.75,2,1.49,0,0,horizontal best
2026-08-24T15:30:58.849,608,RAD,horizontal,2,22.30,24.80,54.3,44.7,84,28.88,0.91,0.76,3,1.60,0,0,horizontal best
2026-08-24T15:30:58.849,608,RAD,horizontal,2,22.30,24.80,32.2,48.3,71,28.08,1.62,0.68,2,1.48,0,0,horizontal best
2026-08-24T15:30:58.946,609,RAD,horizontal,2,22.30,24.80,54.2,44.7,84,28.88,0.91,0.76,4,1.60,0,0,horizontal best
2026-08-24T15:30:58.946,609,RAD,horizontal,2,22.30,24.80,31.5,48.6,75,28.10,1.62,0.72,2,1.44,0,0,horizontal best
2026-08-24T15:30:59.073,610,RAD,horizontal,2,22.30,24.80,54.1,44.7,84,28.88,0.91,0.76,4,1.58,0,0,horizontal best
2026-08-24T15:30:59.073,610,RAD,horizontal,2,22.30,24.80,31.3,48.8,73,28.06,1.50,0.76,2,1.45,0,0,horizontal best
2026-08-24T15:30:59.169,611,RAD,horizontal,2,22.30,24.80,54.1,44.7,84,28.88,0.91,0.76,4,1.58,0,0,horizontal best
2026-08-24T15:30:59.169,611,RAD,horizontal,2,22.30,24.80,31.2,48.9,70,27.90,1.50,0.73,3,1.46,0,0,horizontal best
2026-08-24T15:30:59.297,612,RAD,horizontal,2,22.30,24.80,54.1,44.7,84,28.86,0.91,0.76,4,1.59,0,0,horizontal best
2026-08-24T15:30:59.297,612,RAD,horizontal,2,22.30,24.80,31.1,49.0,68,27.90,1.50,0.71,4,1.49,0,0,horizontal best
2026-08-24T15:30:59.393,613,RAD,horizontal,2,22.30,24.80,54.1,44.7,84,28.86,0.91,0.76,4,1.58,0,0,horizontal best
2026-08-24T15:30:59.393,613,RAD,horizontal,2,22.30,24.80,31.0,49.0,75,28.08,1.75,0.67,2,1.53,0,0,horizontal best
2026-08-24T15:30:59.521,614,RAD,horizontal,2,22.30,24.80,54.1,44.7,83,28.86,0.91,0.75,4,1.57,0,0,horizontal best
2026-08-24T15:30:59.521,614,RAD,horizontal,2,22.30,24.80,31.0,49.0,75,28.10,1.75,0.67,2,1.54,0,0,horizontal best
2026-08-24T15:30:59.649,615,RAD,horizontal,2,22.33,24.83,54.1,44.6,83,28.86,0.91,0.75,4,1.56,0,0,horizontal best
2026-08-24T15:30:59.649,615,RAD,horizontal,2,22.33,24.83,31.0,48.9,76,28.50,1.75,0.68,2,1.58,0,0,horizontal best
2026-08-24T15:30:59.747,616,RAD,horizontal,2,22.30,24.80,54.1,44.6,83,28.86,0.91,0.75,3,1.57,0,0,horizontal best
2026-08-24T15:30:59.747,616,RAD,horizontal,2,22.30,24.80,31.1,49.0,75,28.50,1.75,0.67,2,1.53,0,0,horizontal best
2026-08-24T15:30:59.875,617,RAD,horizontal,2,22.30,24.80,54.1,44.6,83,28.99,0.91,0.75,3,1.57,0,0,horizontal best
2026-08-24T15:30:59.875,617,RAD,horizontal,2,22.30,24.80,31.2,49.1,76,28.52,1.75,0.68,2,1.51,0,0,horizontal best
2026-08-24T15:30:59.969,618,RAD,horizontal,2,22.33,24.83,54.1,44.7,84,28.99,0.91,0.76,3,1.58,0,0,horizontal best
2026-08-24T15:30:59.969,618,RAD,horizontal,2,22.33,24.83,31.1,49.2,74,28.66,1.75,0.66,2,1.47,0,0,horizontal best
2026-08-24T15:31:00.095,619,RAD,horizontal,2,22.33,24.83,54.1,44.7,84,28.99,0.91,0.76,3,1.58,0,0,horizontal best
2026-08-24T15:31:00.095,619,RAD,horizontal,2,22.33,24.83,31.1,49.2,74,28.63,1.75,0.66,2,1.47,0,0,horizontal best
2026-08-24T15:31:00.191,620,RAD,horizontal,2,22.40,24.90,54.0,44.7,81,28.99,0.91,0.74,3,1.53,0,0,horizontal best
2026-08-24T15:31:00.191,620,RAD,horizontal,2,22.40,24.90,31.1,49.2,74,28.63,1.75,0.66,2,1.53,0,0,horizontal best
2026-08-24T15:31:00.323,621,RAD,horizontal,2,22.40,24.90,54.0,44.6,81,28.97,0.91,0.74,3,1.54,0,0,horizontal best
2026-08-24T15:31:00.323,621,RAD,horizontal,2,22.40,24.90,31.2,49.0,77,28.63,1.75,0.69,2,1.56,0,0,horizontal best
2026-08-24T15:31:00.451,622,RAD,horizontal,2,22.42,24.92,54.0,44.6,81,28.81,0.91,0.74,3,1.55,0,0,horizontal best
2026-08-24T15:31:00.451,622,RAD,horizontal,2,22.42,24.92,31.2,48.8,76,28.63,1.75,0.68,2,1.56,0,0,horizontal best
2026-08-24T15:31:00.547,623,RAD,horizontal,3,22.44,24.94,54.0,44.6,81,28.81,0.91,0.74,3,1.55,0,0,horizontal best
2026-08-24T15:31:00.547,623,RAD,horizontal,3,22.44,24.94,31.4,48.6,81,28.68,1.67,0.60,2,1.57,0,0,horizontal best
2026-08-24T15:31:00.547,623,RAD,horizontal,3,22.44,24.94,73.6,109.4,575,30.56,0.88,0.60,9,1.38,0,0,horizontal best
2026-08-24T15:31:00.676,624,RAD,horizontal,3,22.44,24.94,54.0,44.7,83,28.99,0.91,0.75,3,1.58,0,0,horizontal best
2026-08-24T15:31:00.676,624,RAD,horizontal,3,22.44,24.94,31.5,48.6,82,28.77,1.67,0.61,2,1.46,0,0,horizontal best
2026-08-24T15:31:00.676,624,RAD,horizontal,3,22.44,24.94,75.6,108.3,629,30.45,0.97,0.63,10,1.30,0,0,horizontal best
2026-08-24T15:31:00.769,625,RAD,horizontal,3,22.47,24.97,54.1,44.8,80,29.08,0.91,0.73,3,1.58,0,0,horizontal best
2026-08-24T15:31:00.769,625,RAD,horizontal,3,22.47,24.97,31.7,48.6,79,28.83,1.67,0.59,2,1.49,0,0,horizontal best
2026-08-24T15:31:00.769,625,RAD,horizontal,3,22.47,24.97,76.9,107.4,687,30.69,1.06,0.67,8,1.29,0,0,horizontal best
2026-08-24T15:31:00.903,626,RAD,horizontal,3,22.44,24.94,54.1,44.7,82,29.08,0.91,0.75,3,1.59,0,0,horizontal best
2026-08-24T15:31:00.903,626,RAD,horizontal,3,22.44,24.94,31.9,48.2,73,28.81,1.75,0.65,2,1.51,0,0,horizontal best
2026-08-24T15:31:00.903,626,RAD,horizontal,3,22.44,24.94,78.1,107.3,483,30.60,0.79,0.72,9,0.86,0,0,horizontal best
2026-08-24T15:31:00.997,627,RAD,horizontal,3,22.44,24.94,54.1,44.8,85,29.08,1.00,0.70,3,1.62,0,0,horizontal best
2026-08-24T15:31:00.997,627,RAD,horizontal,3,22.44,24.94,32.2,47.7,76,28.77,1.75,0.68,2,1.52,0,0,horizontal best
2026-08-24T15:31:00.997,627,RAD,horizontal,3,22.44,24.94,78.5,106.5,507,30.67,0.89,0.72,12,0.91,0,0,horizontal best
2026-08-24T15:31:01.127,628,RAD,horizontal,3,22.44,24.94,54.0,44.9,85,29.08,1.00,0.70,3,1.62,0,0,horizontal best
2026-08-24T15:31:01.127,628,RAD,horizontal,3,22.44,24.94,32.4,47.2,62,28.55,2.00,0.63,2,1.40,0,0,horizontal best
2026-08-24T15:31:01.127,628,RAD,horizontal,3,22.44,24.94,78.7,104.6,470,30.89,1.04,0.67,8,0.87,0,0,horizontal best
2026-08-24T15:31:01.223,629,RAD,horizontal,3,22.42,24.92,54.0,44.9,85,29.08,1.00,0.70,3,1.62,0,0,horizontal best
2026-08-24T15:31:01.223,629,RAD,horizontal,3,22.42,24.92,31.8,45.4,46,28.48,1.71,0.55,2,0.87,0,0,horizontal best
2026-08-24T15:31:01.223,629,RAD,horizontal,3,22.42,24.92,78.9,102.4,449,30.80,1.11,0.55,8,0.85,0,0,horizontal best
2026-08-24T15:31:01.350,630,RAD,horizontal,2,22.42,24.92,54.0,44.9,85,29.01,1.00,0.70,3,1.62,0,0,horizontal best
2026-08-24T15:31:01.350,630,RAD,horizontal,2,22.42,24.92,79.6,100.7,461,30.80,1.11,0.53,11,0.83,0,0,horizontal best
2026-08-24T15:31:01.476,631,RAD,horizontal,2,22.42,24.92,54.0,44.9,84,28.81,1.00,0.69,3,1.61,0,0,horizontal best
2026-08-24T15:31:01.476,631,RAD,horizontal,2,22.42,24.92,80.2,99.1,445,30.80,1.11,0.55,11,0.83,0,0,horizontal best
2026-08-24T15:31:01.572,632,RAD,horizontal,2,22.40,24.90,54.0,44.9,85,28.81,1.00,0.70,3,1.61,0,0,horizontal best
2026-08-24T15:31:01.572,632,RAD,horizontal,2,22.40,24.90,80.9,98.5,459,31.00,1.07,0.55,9,0.82,0,0,horizontal best
2026-08-24T15:31:01.701,633,RAD,horizontal,2,22.42,24.92,54.0,44.8,82,28.79,0.91,0.75,3,1.58,0,0,horizontal best
2026-08-24T15:31:01.701,633,RAD,horizontal,2,22.42,24.92,81.8,98.0,467,30.95,1.07,0.56,11,0.80,0,0,horizontal best
2026-08-24T15:31:01.797,634,RAD,horizontal,2,22.42,24.92,54.0,44.8,81,28.77,0.91,0.74,3,1.55,0,0,horizontal best
2026-08-24T15:31:01.797,634,RAD,horizontal,2,22.42,24.92,83.5,98.0,502,30.89,1.04,0.62,11,0.83,0,0,horizontal best
2026-08-24T15:31:01.928,635,RAD,horizontal,2,22.44,24.94,53.9,44.8,81,28.77,0.91,0.74,3,1.55,0,0,horizontal best
2026-08-24T15:31:01.928,635,RAD,horizontal,2,22.44,24.94,85.8,97.1,451,30.98,0.93,0.62,9,0.82,0,0,horizontal best
2026-08-24T15:31:02.022,636,RAD,horizontal,2,22.42,24.92,53.9,44.8,81,28.72,0.91,0.74,3,1.54,0,0,horizontal best
2026-08-24T15:31:02.022,636,RAD,horizontal,2,22.42,24.92,88.7,96.2,427,30.87,0.89,0.66,7,0.82,0,0,horizontal best
2026-08-24T15:31:02.152,637,RAD,horizontal,2,22.42,24.92,53.9,44.8,81,28.72,0.91,0.74,3,1.54,0,0,horizontal best
2026-08-24T15:31:02.152,637,RAD,horizontal,2,22.42,24.92,91.2,97.9,797,31.02,1.64,0.62,4,1.36,0,0,horizontal best
2026-08-24T15:31:02.247,638,RAD,horizontal,2,22.47,24.97,53.9,44.8,79,28.72,0.91,0.72,3,1.51,0,0,horizontal best
2026-08-24T15:31:02.247,638,RAD,horizontal,2,22.47,24.97,94.1,96.2,421,30.98,1.24,0.54,8,0.84,0,0,horizontal best
2026-08-24T15:31:02.376,639,RAD,horizontal,2,22.44,24.94,54.0,44.8,81,28.72,0.91,0.74,2,1.56,0,0,horizontal best
2026-08-24T15:31:02.376,639,RAD,horizontal,2,22.44,24.94,96.2,95.0,400,30.80,1.20,0.53,6,0.80,0,0,horizontal best
2026-08-24T15:31:02.506,640,RAD,horizontal,3,22.44,24.94,54.0,44.8,80,28.70,0.91,0.73,2,1.54,0,0,horizontal best
2026-08-24T15:31:02.506,640,RAD,horizontal,3,22.44,24.94,97.7,94.4,368,30.58,0.00,0.00,10,0.77,0,0,horizontal best
2026-08-24T15:31:02.506,640,RAD,horizontal,3,22.44,24.94,34.1,47.3,60,28.30,1.57,0.78,1,1.43,0,0,horizontal best
2026-08-24T15:31:02.595,641,RAD,horizontal,3,22.47,24.97,54.0,44.8,82,28.97,0.91,0.75,2,1.58,0,0,horizontal best
2026-08-24T15:31:02.595,641,RAD,horizontal,3,22.47,24.97,98.3,94.6,376,30.89,1.35,0.53,8,0.78,0,0,horizontal best
2026-08-24T15:31:02.595,641,RAD,horizontal,3,22.47,24.97,34.2,47.5,63,28.52,1.38,0.72,2,1.48,0,0,horizontal best
2026-08-24T15:31:02.726,642,RAD,horizontal,3,22.49,24.99,54.0,44.8,80,28.94,0.91,0.73,2,1.55,0,0,horizontal best
2026-08-24T15:31:02.726,642,RAD,horizontal,3,22.49,24.99,98.5,95.3,380,30.91,1.39,0.52,9,0.80,0,0,horizontal best
2026-08-24T15:31:02.726,642,RAD,horizontal,3,22.49,24.99,34.2,47.6,63,28.50,1.38,0.72,2,1.46,0,0,horizontal best
2026-08-24T15:31:02.821,643,RAD,horizontal,3,22.47,24.97,54.0,44.8,81,28.94,0.91,0.74,2,1.56,0,0,horizontal best
2026-08-24T15:31:02.821,643,RAD,horizontal,3,22.47,24.97,98.7,95.7,356,30.76,1.45,0.51,8,0.77,0,0,horizontal best
2026-08-24T15:31:02.821,643,RAD,horizontal,3,22.47,24.97,34.2,47.6,63,28.41,1.38,0.72,2,1.46,0,0,horizontal best
2026-08-24T15:31:02.951,644,RAD,horizontal,3,22.44,24.94,54.0,44.8,81,28.92,0.91,0.74,2,1.57,0,0,horizontal best
2026-08-24T15:31:02.951,644,RAD,horizontal,3,22.44,24.94,99.0,95.9,333,30.54,0.00,0.00,8,0.72,0,0,horizontal best
2026-08-24T15:31:02.951,644,RAD,horizontal,3,22.44,24.94,34.2,47.6,62,28.41,1.38,0.70,2,1.45,0,0,horizontal best
2026-08-24T15:31:03.046,645,RAD,horizontal,3,22.44,24.94,54.0,44.8,80,28.92,0.91,0.73,2,1.54,0,0,horizontal best
2026-08-24T15:31:03.046,645,RAD,horizontal,3,22.44,24.94,98.6,97.0,347,30.63,0.00,0.00,9,0.71,0,0,horizontal best
2026-08-24T15:31:03.046,645,RAD,horizontal,3,22.44,24.94,34.1,47.3,63,28.48,1.71,0.75,2,1.42,0,0,horizontal best
2026-08-24T15:31:03.174,646,RAD,horizontal,3,22.44,24.94,54.0,44.8,80,28.92,0.91,0.73,2,1.54,0,0,horizontal best
2026-08-24T15:31:03.174,646,RAD,horizontal,3,22.44,24.94,98.0,99.0,409,30.74,1.33,0.53,10,0.79,0,0,horizontal best
2026-08-24T15:31:03.174,646,RAD,horizontal,3,22.44,24.94,34.1,47.0,66,28.48,1.50,0.69,2,1.50,0,0,horizontal best
2026-08-24T15:31:03.304,647,RAD,horizontal,3,22.44,24.94,54.0,44.8,80,28.92,0.91,0.73,2,1.54,0,0,horizontal best
2026-08-24T15:31:03.304,647,RAD,horizontal,3,22.44,24.94,97.2,101.0,438,30.74,1.25,0.61,11,0.79,0,0,horizontal best
2026-08-24T15:31:03.304,647,RAD,horizontal,3,22.44,24.94,34.2,46.6,61,28.28,1.86,0.67,2,1.45,0,0,horizontal best
2026-08-24T15:31:03.396,648,RAD,horizontal,3,22.44,24.94,54.0,44.8,80,28.92,0.91,0.73,2,1.54,0,0,horizontal best
2026-08-24T15:31:03.396,648,RAD,horizontal,3,22.44,24.94,96.4,102.9,479,30.80,1.12,0.64,11,0.88,0,0,horizontal best
2026-08-24T15:31:03.396,648,RAD,horizontal,3,22.44,24.94,33.5,45.5,51,28.28,1.86,0.56,2,0.92,0,0,horizontal best
2026-08-24T15:31:03.529,649,RAD,horizontal,3,22.44,24.94,54.0,44.8,80,28.92,0.91,0.73,2,1.54,0,0,horizontal best
2026-08-24T15:31:03.529,649,RAD,horizontal,3,22.44,24.94,95.3,104.6,484,30.82,0.96,0.64,7,0.90,0,0,horizontal best
2026-08-24T15:31:03.529,649,RAD,horizontal,3,22.44,24.94,33.8,45.6,59,28.28,2.00,0.60,2,1.33,0,0,horizontal best
2026-08-24T15:31:03.620,650,RAD,horizontal,3,22.44,24.94,54.0,44.8,80,28.92,0.91,0.73,3,1.55,0,0,horizontal best
2026-08-24T15:31:03.620,650,RAD,horizontal,3,22.44,24.94,94.5,105.7,481,30.76,0.86,0.66,9,0.85,0,0,horizontal best
2026-08-24T15:31:03.620,650,RAD,horizontal,3,22.44,24.94,33.8,45.7,64,28.12,2.00,0.65,2,1.28,0,0,horizontal best
2026-08-24T15:31:03.748,651,RAD,horizontal,3,22.44,24.94,54.0,44.8,80,28.92,0.91,0.73,3,1.55,0,0,horizontal best
2026-08-24T15:31:03.748,651,RAD,horizontal,3,22.44,24.94,93.7,106.8,487,31.11,0.86,0.72,8,0.80,0,0,horizontal best
2026-08-24T15:31:03.748,651,RAD,horizontal,3,22.44,24.94,33.6,45.4,66,28.01,1.62,0.63,1,1.31,0,0,horizontal best
2026-08-24T15:31:03.845,652,RAD,horizontal,3,22.44,24.94,54.0,44.8,80,28.90,0.91,0.73,3,1.55,0,0,horizontal best
2026-08-24T15:31:03.845,652,RAD,horizontal,3,22.44,24.94,93.6,107.9,458,30.60,0.81,0.77,9,0.81,0,0,horizontal best
2026-08-24T15:31:03.845,652,RAD,horizontal,3,22.44,24.94,32.5,44.6,52,28.01,1.71,0.62,1,0.87,0,0,horizontal best
2026-08-24T15:31:03.975,653,RAD,horizontal,2,22.40,24.90,54.0,44.8,80,28.79,0.91,0.73,3,1.54,0,0,horizontal best
2026-08-24T15:31:03.975,653,RAD,horizontal,2,22.40,24.90,93.2,109.1,435,30.65,0.78,0.77,11,0.85,0,0,horizontal best
2026-08-24T15:31:04.066,654,RAD,horizontal,3,22.42,24.92,54.0,44.8,80,28.77,0.91,0.73,3,1.54,0,0,horizontal best
2026-08-24T15:31:04.066,654,RAD,horizontal,3,22.42,24.92,91.8,108.6,616,30.74,1.00,0.64,8,1.33,0,0,horizontal best
2026-08-24T15:31:04.066,654,RAD,horizontal,3,22.42,24.92,33.0,45.3,69,28.15,1.62,0.66,1,1.32,0,0,horizontal best
2026-08-24T15:31:04.195,655,RAD,horizontal,3,22.42,24.92,54.0,44.8,80,28.74,0.91,0.73,3,1.54,0,0,horizontal best
2026-08-24T15:31:04.195,655,RAD,horizontal,3,22.42,24.92,90.3,108.9,550,30.52,1.00,0.61,7,1.37,0,0,horizontal best
2026-08-24T15:31:04.195,655,RAD,horizontal,3,22.42,24.92,33.3,45.3,65,28.17,1.86,0.71,1,1.29,0,0,horizontal best
2026-08-24T15:31:04.324,656,RAD,horizontal,3,22.42,24.92,54.0,44.8,80,28.74,0.91,0.73,3,1.54,0,0,horizontal best
2026-08-24T15:31:04.324,656,RAD,horizontal,3,22.42,24.92,88.5,109.3,496,30.32,0.97,0.61,7,1.47,0,0,horizontal best
2026-08-24T15:31:04.324,656,RAD,horizontal,3,22.42,24.92,33.6,45.4,61,28.21,1.86,0.67,1,1.24,0,0,horizontal best
2026-08-24T15:31:04.418,657,RAD,horizontal,2,22.42,24.92,54.0,44.8,80,28.79,0.91,0.73,3,1.55,0,0,horizontal best
2026-08-24T15:31:04.418,657,RAD,horizontal,2,22.42,24.92,86.7,110.1,429,30.23,0.90,0.57,7,1.46,0,0,horizontal best
2026-08-24T15:31:04.549,658,RAD,horizontal,3,22.42,24.92,54.0,44.8,80,28.81,0.91,0.73,3,1.55,0,0,horizontal best
2026-08-24T15:31:04.549,658,RAD,horizontal,3,22.42,24.92,84.7,110.7,384,30.12,0.89,0.55,7,1.53,0,0,horizontal best
2026-08-24T15:31:04.549,658,RAD,horizontal,3,22.42,24.92,34.2,44.7,50,27.99,1.38,0.57,2,0.83,0,0,horizontal best
2026-08-24T15:31:04.644,659,RAD,horizontal,3,22.40,24.90,54.0,44.8,80,28.81,0.91,0.73,4,1.55,0,0,horizontal best
2026-08-24T15:31:04.644,659,RAD,horizontal,3,22.40,24.90,82.7,111.1,361,30.12,0.86,0.54,6,1.57,0,0,horizontal best
2026-08-24T15:31:04.644,659,RAD,horizontal,3,22.40,24.90,35.0,44.6,47,27.92,1.57,0.61,2,0.81,0,0,horizontal best
2026-08-24T15:31:04.772,660,RAD,horizontal,3,22.40,24.90,54.0,44.8,80,28.81,0.91,0.73,4,1.55,0,0,horizontal best
2026-08-24T15:31:04.772,660,RAD,horizontal,3,22.40,24.90,81.0,111.2,350,30.03,0.86,0.52,6,1.54,0,0,horizontal best
2026-08-24T15:31:04.772,660,RAD,horizontal,3,22.40,24.90,36.7,45.4,55,28.17,1.38,0.62,2,1.39,0,0,horizontal best
2026-08-24T15:31:04.867,661,RAD,horizontal,3,22.37,24.87,54.0,44.8,80,28.81,0.91,0.73,4,1.56,0,0,horizontal best
2026-08-24T15:31:04.867,661,RAD,horizontal,3,22.37,24.87,79.4,111.2,353,30.36,0.86,0.53,4,1.55,0,0,horizontal best
2026-08-24T15:31:04.867,661,RAD,horizontal,3,22.37,24.87,37.8,45.6,62,28.35,1.50,0.65,2,1.42,0,0,horizontal best
2026-08-24T15:31:04.995,662,RAD,horizontal,3,22.40,24.90,54.0,44.8,81,28.86,0.91,0.74,3,1.56,0,0,horizontal best
2026-08-24T15:31:04.995,662,RAD,horizontal,3,22.40,24.90,77.7,110.9,386,30.23,0.86,0.53,7,1.59,0,0,horizontal best
2026-08-24T15:31:04.995,662,RAD,horizontal,3,22.40,24.90,38.7,45.8,62,28.66,1.50,0.65,2,1.46,0,0,horizontal best
2026-08-24T15:31:05.124,663,RAD,horizontal,3,22.42,24.92,53.9,44.8,81,29.06,0.91,0.74,2,1.59,0,0,horizontal best
2026-08-24T15:31:05.124,663,RAD,horizontal,3,22.42,24.92,76.1,110.3,419,30.71,0.93,0.58,6,1.53,0,0,horizontal best
2026-08-24T15:31:05.124,663,RAD,horizontal,3,22.42,24.92,39.1,46.2,64,28.35,1.50,0.67,2,1.39,0,0,horizontal best
2026-08-24T15:31:05.220,664,RAD,horizontal,3,22.44,24.94,53.9,44.9,82,29.03,0.91,0.75,2,1.59,0,0,horizontal best
2026-08-24T15:31:05.220,664,RAD,horizontal,3,22.44,24.94,75.8,112.1,304,30.47,0.67,0.79,6,0.74,0,0,horizontal best
2026-08-24T15:31:05.220,664,RAD,horizontal,3,22.44,24.94,39.2,46.2,60,28.52,1.50,0.62,2,1.38,0,0,horizontal best
2026-08-24T15:31:05.350,665,RAD,horizontal,3,22.44,24.94,53.9,44.9,82,29.01,0.91,0.75,3,1.59,0,0,horizontal best
2026-08-24T15:31:05.350,665,RAD,horizontal,3,22.44,24.94,74.8,112.0,334,30.60,0.75,0.77,6,0.78,0,0,horizontal best
2026-08-24T15:31:05.350,665,RAD,horizontal,3,22.44,24.94,39.3,46.2,63,28.50,1.50,0.66,2,1.38,0,0,horizontal best
2026-08-24T15:31:05.445,666,RAD,horizontal,3,22.44,24.94,53.9,44.9,82,28.92,0.91,0.75,3,1.58,0,0,horizontal best
2026-08-24T15:31:05.445,666,RAD,horizontal,3,22.44,24.94,73.6,110.9,366,30.85,0.91,0.76,6,0.87,0,0,horizontal best
2026-08-24T15:31:05.445,666,RAD,horizontal,3,22.44,24.94,39.5,46.4,58,28.48,1.57,0.75,2,1.37,0,0,horizontal best
2026-08-24T15:31:05.576,667,RAD,horizontal,3,22.47,24.97,53.9,44.9,81,28.88,0.91,0.74,3,1.55,0,0,horizontal best
2026-08-24T15:31:05.576,667,RAD,horizontal,3,22.47,24.97,72.9,109.3,359,30.98,0.96,0.71,7,0.83,0,0,horizontal best
2026-08-24T15:31:05.576,667,RAD,horizontal,3,22.47,24.97,39.6,46.5,58,28.30,1.57,0.75,2,1.34,0,0,horizontal best
2026-08-24T15:31:05.668,668,RAD,horizontal,3,22.47,24.97,53.9,44.9,82,28.88,0.91,0.75,3,1.57,0,0,horizontal best
2026-08-24T15:31:05.668,668,RAD,horizontal,3,22.47,24.97,72.3,108.0,372,31.06,0.96,0.67,6,0.89,0,0,horizontal best
2026-08-24T15:31:05.668,668,RAD,horizontal,3,22.47,24.97,39.7,46.6,60,28.52,1.38,0.68,2,1.42,0,0,horizontal best
2026-08-24T15:31:05.799,669,RAD,horizontal,3,22.47,24.97,53.9,44.9,82,28.86,0.91,0.75,3,1.57,0,0,horizontal best
2026-08-24T15:31:05.799,669,RAD,horizontal,3,22.47,24.97,72.2,107.3,390,31.06,0.96,0.65,7,0.91,0,0,horizontal best
2026-08-24T15:31:05.799,669,RAD,horizontal,3,22.47,24.97,39.7,46.6,60,28.52,1.38,0.68,3,1.41,0,0,horizontal best
2026-08-24T15:31:05.892,670,RAD,horizontal,3,22.47,24.97,53.9,44.9,82,28.90,0.91,0.75,4,1.55,0,0,horizontal best
2026-08-24T15:31:05.892,670,RAD,horizontal,3,22.47,24.97,72.4,106.7,386,31.13,0.96,0.59,5,0.92,0,0,horizontal best
2026-08-24T15:31:05.892,670,RAD,horizontal,3,22.47,24.97,39.7,46.6,60,28.41,1.38,0.68,2,1.41,0,0,horizontal best
2026-08-24T15:31:06.021,671,RAD,horizontal,3,22.47,24.97,53.9,44.7,85,28.88,1.00,0.70,4,1.55,0,0,horizontal best
2026-08-24T15:31:06.021,671,RAD,horizontal,3,22.47,24.97,73.1,106.1,392,31.00,0.96,0.60,7,0.87,0,0,horizontal best
2026-08-24T15:31:06.021,671,RAD,horizontal,3,22.47,24.97,39.7,46.5,61,28.39,1.38,0.69,2,1.45,0,0,horizontal best
2026-08-24T15:31:06.151,672,RAD,horizontal,3,22.49,24.99,53.9,44.6,85,28.88,1.00,0.70,4,1.54,0,0,horizontal best
2026-08-24T15:31:06.151,672,RAD,horizontal,3,22.49,24.99,73.9,105.7,398,31.28,1.00,0.59,6,0.88,0,0,horizontal best
2026-08-24T15:31:06.151,672,RAD,horizontal,3,22.49,24.99,39.6,46.5,59,28.37,1.38,0.67,1,1.44,0,0,horizontal best
2026-08-24T15:31:06.245,673,RAD,horizontal,3,22.51,25.01,53.9,44.6,85,28.81,1.00,0.70,4,1.52,0,0,horizontal best
2026-08-24T15:31:06.245,673,RAD,horizontal,3,22.51,25.01,75.0,106.0,458,31.28,0.96,0.65,7,0.97,0,0,horizontal best
2026-08-24T15:31:06.245,673,RAD,horizontal,3,22.51,25.01,39.6,46.6,59,28.37,1.38,0.67,2,1.45,0,0,horizontal best
2026-08-24T15:31:06.375,674,RAD,horizontal,3,22.54,25.04,53.8,44.6,87,29.45,1.00,0.72,3,1.57,0,0,horizontal best
2026-08-24T15:31:06.375,674,RAD,horizontal,3,22.54,25.04,76.6,106.0,474,31.26,1.00,0.70,7,1.01,0,0,horizontal best
2026-08-24T15:31:06.375,674,RAD,horizontal,3,22.54,25.04,39.7,46.5,59,28.37,1.38,0.67,2,1.48,0,0,horizontal best
2026-08-24T15:31:06.469,675,RAD,horizontal,3,22.51,25.01,53.8,44.6,88,29.34,1.00,0.73,3,1.58,0,0,horizontal best
2026-08-24T15:31:06.469,675,RAD,horizontal,3,22.51,25.01,78.5,105.1,446,31.26,1.00,0.61,8,0.89,0,0,horizontal best
2026-08-24T15:31:06.469,675,RAD,horizontal,3,22.51,25.01,39.6,46.4,58,28.37,1.57,0.75,2,1.44,0,0,horizontal best
2026-08-24T15:31:06.601,676,RAD,horizontal,3,22.51,25.01,53.7,44.5,89,29.34,1.00,0.74,3,1.59,0,0,horizontal best
2026-08-24T15:31:06.601,676,RAD,horizontal,3,22.51,25.01,80.0,104.3,434,31.02,1.00,0.60,6,0.90,0,0,horizontal best
2026-08-24T15:31:06.601,676,RAD,horizontal,3,22.51,25.01,39.5,46.3,57,28.35,1.57,0.74,2,1.42,0,0,horizontal best
2026-08-24T15:31:06.698,677,RAD,horizontal,3,22.56,25.06,53.6,44.4,91,29.54,1.09,0.69,4,1.62,0,0,horizontal best
2026-08-24T15:31:06.698,677,RAD,horizontal,3,22.56,25.06,81.0,104.5,494,31.06,1.04,0.65,8,1.01,0,0,horizontal best
2026-08-24T15:31:06.698,677,RAD,horizontal,3,22.56,25.06,39.5,46.2,59,28.72,1.57,0.77,2,1.46,0,0,horizontal best
2026-08-24T15:31:06.824,678,RAD,horizontal,3,22.54,25.04,53.4,44.3,88,29.48,1.20,0.73,4,1.60,0,0,horizontal best
2026-08-24T15:31:06.824,678,RAD,horizontal,3,22.54,25.04,81.6,104.2,488,31.30,1.04,0.65,6,1.03,0,0,horizontal best
2026-08-24T15:31:06.824,678,RAD,horizontal,3,22.54,25.04,39.5,46.2,58,28.68,1.57,0.75,2,1.45,0,0,horizontal best
2026-08-24T15:31:06.949,679,RAD,horizontal,3,22.56,25.06,53.2,44.1,86,29.61,1.20,0.72,3,1.65,0,0,horizontal best
2026-08-24T15:31:06.949,679,RAD,horizontal,3,22.56,25.06,81.8,103.8,470,31.11,1.08,0.65,9,0.98,0,0,horizontal best
2026-08-24T15:31:06.949,679,RAD,horizontal,3,22.56,25.06,39.5,46.1,58,28.66,1.57,0.75,2,1.46,0,0,horizontal best
2026-08-24T15:31:07.044,680,RAD,horizontal,3,22.56,25.06,52.9,44.0,81,29.57,1.33,0.75,3,1.69,0,0,horizontal best
2026-08-24T15:31:07.044,680,RAD,horizontal,3,22.56,25.06,81.6,103.5,470,31.02,1.08,0.65,8,0.98,0,0,horizontal best
2026-08-24T15:31:07.044,680,RAD,horizontal,3,22.56,25.06,39.5,46.1,59,28.66,1.57,0.77,2,1.48,0,0,horizontal best
2026-08-24T15:31:07.174,681,RAD,horizontal,3,22.58,25.08,52.3,43.9,79,29.57,1.33,0.73,3,1.64,0,0,horizontal best
2026-08-24T15:31:07.174,681,RAD,horizontal,3,22.58,25.08,81.2,103.0,460,31.06,1.12,0.61,7,0.91,0,0,horizontal best
2026-08-24T15:31:07.174,681,RAD,horizontal,3,22.58,25.08,39.4,46.2,55,28.77,1.57,0.71,2,1.46,0,0,horizontal best
2026-08-24T15:31:07.269,682,RAD,horizontal,3,22.58,25.08,52.0,44.1,77,29.43,1.20,0.64,3,1.63,0,0,horizontal best
2026-08-24T15:31:07.269,682,RAD,horizontal,3,22.58,25.08,80.6,102.7,463,31.06,1.15,0.59,8,0.92,0,0,horizontal best
2026-08-24T15:31:07.269,682,RAD,horizontal,3,22.58,25.08,39.4,46.0,57,28.77,1.71,0.68,2,1.45,0,0,horizontal best
2026-08-24T15:31:07.397,683,RAD,horizontal,3,22.63,25.13,51.8,44.2,79,29.50,1.20,0.66,3,1.70,0,0,horizontal best
2026-08-24T15:31:07.397,683,RAD,horizontal,3,22.63,25.13,79.7,103.0,496,31.15,1.12,0.66,8,0.98,0,0,horizontal best
2026-08-24T15:31:07.397,683,RAD,horizontal,3,22.63,25.13,39.4,46.2,56,28.77,1.57,0.73,2,1.47,0,0,horizontal best
2026-08-24T15:31:07.492,684,RAD,horizontal,3,22.63,25.13,51.4,44.3,75,29.48,1.33,0.69,3,1.55,0,0,horizontal best
2026-08-24T15:31:07.492,684,RAD,horizontal,3,22.63,25.13,79.0,103.1,494,31.09,1.20,0.66,9,0.99,0,0,horizontal best
2026-08-24T15:31:07.492,684,RAD,horizontal,3,22.63,25.13,39.4,46.1,58,28.77,1.71,0.69,2,1.47,0,0,horizontal best
2026-08-24T15:31:07.622,685,RAD,horizontal,3,22.63,25.13,51.2,44.3,75,29.48,1.33,0.69,3,1.57,0,0,horizontal best
2026-08-24T15:31:07.622,685,RAD,horizontal,3,22.63,25.13,78.7,102.9,487,31.09,1.20,0.65,9,0.98,0,0,horizontal best
2026-08-24T15:31:07.622,685,RAD,horizontal,3,22.63,25.13,39.4,46.1,58,28.77,1.71,0.69,2,1.46,0,0,horizontal best
2026-08-24T15:31:07.719,686,RAD,horizontal,3,22.66,25.16,51.1,44.3,77,29.45,1.33,0.71,3,1.56,0,0,horizontal best
2026-08-24T15:31:07.719,686,RAD,horizontal,3,22.66,25.16,78.5,102.9,493,31.24,1.15,0.63,8,0.98,0,0,horizontal best
2026-08-24T15:31:07.719,686,RAD,horizontal,3,22.66,25.16,39.3,46.1,57,28.77,1.71,0.68,2,1.45,0,0,horizontal best
2026-08-24T15:31:07.848,687,RAD,horizontal,3,22.66,25.16,51.4,44.4,81,29.45,1.20,0.68,3,1.69,0,0,horizontal best
2026-08-24T15:31:07.848,687,RAD,horizontal,3,22.66,25.16,78.6,102.7,482,31.22,1.15,0.62,7,0.94,0,0,horizontal best
2026-08-24T15:31:07.848,687,RAD,horizontal,3,22.66,25.16,39.3,46.1,57,28.79,1.71,0.68,2,1.45,0,0,horizontal best
2026-08-24T15:31:07.976,688,RAD,horizontal,3,22.66,25.16,51.6,44.4,81,29.45,1.20,0.68,3,1.66,0,0,horizontal best
2026-08-24T15:31:07.976,688,RAD,horizontal,3,22.66,25.16,78.5,102.6,482,31.22,1.15,0.62,8,0.93,0,0,horizontal best
2026-08-24T15:31:07.976,688,RAD,horizontal,3,22.66,25.16,39.4,46.0,59,28.81,1.71,0.70,2,1.48,0,0,horizontal best
2026-08-24T15:31:08.069,689,RAD,horizontal,3,22.66,25.16,51.6,44.4,81,29.45,1.20,0.68,3,1.65,0,0,horizontal best
2026-08-24T15:31:08.069,689,RAD,horizontal,3,22.66,25.16,78.6,102.6,481,31.22,1.15,0.62,8,0.92,0,0,horizontal best
2026-08-24T15:31:08.069,689,RAD,horizontal,3,22.66,25.16,39.4,46.0,59,28.81,1.71,0.70,2,1.47,0,0,horizontal best
2026-08-24T15:31:08.199,690,RAD,horizontal,3,22.66,25.16,51.7,44.5,80,29.45,1.10,0.73,3,1.66,0,0,horizontal best
2026-08-24T15:31:08.199,690,RAD,horizontal,3,22.66,25.16,78.5,102.6,483,31.22,1.15,0.62,8,0.93,0,0,horizontal best
2026-08-24T15:31:08.199,690,RAD,horizontal,3,22.66,25.16,39.5,45.9,57,28.86,1.71,0.68,2,1.45,0,0,horizontal best
2026-08-24T15:31:08.294,691,RAD,horizontal,3,22.66,25.16,51.7,44.5,79,29.45,1.10,0.72,3,1.64,0,0,horizontal best
2026-08-24T15:31:08.294,691,RAD,horizontal,3,22.66,25.16,78.5,102.6,476,31.22,1.15,0.61,8,0.92,0,0,horizontal best
2026-08-24T15:31:08.294,691,RAD,horizontal,3,22.66,25.16,39.5,45.9,57,28.86,1.71,0.68,2,1.46,0,0,horizontal best
2026-08-24T15:31:08.423,692,RAD,horizontal,3,22.66,25.16,51.7,44.5,79,29.43,1.10,0.72,3,1.64,0,0,horizontal best
2026-08-24T15:31:08.423,692,RAD,horizontal,3,22.66,25.16,78.5,102.6,478,31.20,1.15,0.61,9,0.92,0,0,horizontal best
2026-08-24T15:31:08.423,692,RAD,horizontal,3,22.66,25.16,39.5,45.9,57,28.86,1.71,0.68,2,1.47,0,0,horizontal best
2026-08-24T15:31:08.517,693,RAD,horizontal,3,22.68,25.18,51.7,44.5,79,29.43,1.10,0.72,3,1.64,0,0,horizontal best
2026-08-24T15:31:08.517,693,RAD,horizontal,3,22.68,25.18,78.4,102.7,478,31.20,1.15,0.61,9,0.93,0,0,horizontal best
2026-08-24T15:31:08.517,693,RAD,horizontal,3,22.68,25.18,39.5,45.9,57,28.86,1.71,0.68,2,1.46,0,0,horizontal best
2026-08-24T15:31:08.647,694,RAD,horizontal,3,22.68,25.18,51.7,44.5,78,29.43,1.10,0.71,3,1.63,0,0,horizontal best
2026-08-24T15:31:08.647,694,RAD,horizontal,3,22.68,25.18,78.5,102.7,483,31.20,1.15,0.62,10,0.93,0,0,horizontal best
2026-08-24T15:31:08.647,694,RAD,horizontal,3,22.68,25.18,39.5,45.9,57,28.81,1.71,0.68,2,1.47,0,0,horizontal best
2026-08-24T15:31:08.743,695,RAD,horizontal,3,22.70,25.20,51.8,44.5,78,29.41,1.10,0.71,3,1.61,0,0,horizontal best
2026-08-24T15:31:08.743,695,RAD,horizontal,3,22.70,25.20,78.3,103.0,502,31.20,1.15,0.64,10,0.98,0,0,horizontal best
2026-08-24T15:31:08.743,695,RAD,horizontal,3,22.70,25.20,39.5,46.1,57,28.99,1.71,0.68,2,1.52,0,0,horizontal best
2026-08-24T15:31:08.870,696,RAD,horizontal,3,22.68,25.18,51.8,44.5,78,29.41,1.10,0.71,3,1.61,0,0,horizontal best
2026-08-24T15:31:08.870,696,RAD,horizontal,3,22.68,25.18,78.5,102.8,487,31.20,1.15,0.62,8,0.95,0,0,horizontal best
2026-08-24T15:31:08.870,696,RAD,horizontal,3,22.68,25.18,39.5,46.1,59,28.99,1.71,0.70,2,1.52,0,0,horizontal best
2026-08-24T15:31:08.998,697,RAD,horizontal,3,22.70,25.20,51.7,44.4,76,29.41,1.10,0.69,3,1.57,0,0,horizontal best
2026-08-24T15:31:08.998,697,RAD,horizontal,3,22.70,25.20,78.3,103.0,505,31.15,1.15,0.65,9,0.99,0,0,horizontal best
2026-08-24T15:31:08.998,697,RAD,horizontal,3,22.70,25.20,39.3,46.0,62,29.23,1.50,0.65,2,1.56,0,0,horizontal best
2026-08-24T15:31:09.093,698,RAD,horizontal,3,22.70,25.20,51.7,44.4,76,29.41,1.10,0.69,3,1.58,0,0,horizontal best
2026-08-24T15:31:09.093,698,RAD,horizontal,3,22.70,25.20,78.1,103.0,501,31.13,1.15,0.64,8,0.99,0,0,horizontal best
2026-08-24T15:31:09.093,698,RAD,horizontal,3,22.70,25.20,39.1,45.7,59,29.30,1.86,0.65,2,1.49,0,0,horizontal best
2026-08-24T15:31:09.223,699,RAD,horizontal,3,22.70,25.20,51.7,44.4,76,29.41,1.10,0.69,3,1.58,0,0,horizontal best
2026-08-24T15:31:09.223,699,RAD,horizontal,3,22.70,25.20,78.0,103.0,497,31.11,1.15,0.64,8,0.98,0,0,horizontal best
2026-08-24T15:31:09.223,699,RAD,horizontal,3,22.70,25.20,38.9,45.5,59,28.81,1.86,0.65,2,1.45,0,0,horizontal best
2026-08-24T15:31:09.317,700,RAD,horizontal,3,22.70,25.20,51.7,44.4,76,29.41,1.10,0.69,3,1.58,0,0,horizontal best
2026-08-24T15:31:09.317,700,RAD,horizontal,3,22.70,25.20,77.9,102.9,490,31.11,1.15,0.63,7,0.96,0,0,horizontal best
2026-08-24T15:31:09.317,700,RAD,horizontal,3,22.70,25.20,38.7,45.2,57,28.50,1.86,0.63,2,1.42,0,0,horizontal best
2026-08-24T15:31:09.448,701,RAD,horizontal,3,22.70,25.20,51.7,44.4,77,29.41,1.10,0.70,3,1.61,0,0,horizontal best
2026-08-24T15:31:09.448,701,RAD,horizontal,3,22.70,25.20,77.7,102.9,491,31.11,1.15,0.63,7,0.97,0,0,horizontal best
2026-08-24T15:31:09.448,701,RAD,horizontal,3,22.70,25.20,37.6,44.2,48,29.01,2.00,0.67,2,0.84,0,0,horizontal best
2026-08-24T15:31:09.542,702,RAD,horizontal,3,22.70,25.20,51.8,44.4,77,29.41,1.10,0.70,3,1.60,0,0,horizontal best
2026-08-24T15:31:09.542,702,RAD,horizontal,3,22.70,25.20,77.4,103.0,506,31.20,1.15,0.65,9,0.99,0,0,horizontal best
2026-08-24T15:31:09.542,702,RAD,horizontal,3,22.70,25.20,36.8,43.7,45,28.92,1.71,0.54,2,0.93,0,0,horizontal best
2026-08-24T15:31:09.671,703,RAD,horizontal,2,22.70,25.20,51.8,44.5,78,29.39,1.10,0.71,3,1.63,0,0,horizontal best
2026-08-24T15:31:09.671,703,RAD,horizontal,2,22.70,25.20,77.1,103.1,504,31.30,1.15,0.65,9,1.01,0,0,horizontal best
2026-08-24T15:31:09.801,704,RAD,horizontal,2,22.73,25.23,51.8,44.5,78,29.34,1.10,0.71,3,1.62,0,0,horizontal best
2026-08-24T15:31:09.801,704,RAD,horizontal,2,22.73,25.23,76.6,103.1,511,31.30,1.15,0.66,8,1.01,0,0,horizontal best
2026-08-24T15:31:09.893,705,RAD,horizontal,2,22.70,25.20,51.8,44.5,78,29.34,1.10,0.71,3,1.62,0,0,horizontal best
2026-08-24T15:31:09.893,705,RAD,horizontal,2,22.70,25.20,76.3,102.8,471,31.50,1.15,0.60,7,0.95,0,0,horizontal best
2026-08-24T15:31:10.025,706,RAD,horizontal,3,22.73,25.23,51.8,44.5,78,29.34,1.10,0.71,3,1.61,0,0,horizontal best
2026-08-24T15:31:10.025,706,RAD,horizontal,3,22.73,25.23,75.4,102.6,727,31.74,1.43,0.65,4,1.38,0,0,horizontal best
2026-08-24T15:31:10.025,706,RAD,horizontal,3,22.73,25.23,35.8,44.5,61,28.57,1.86,0.67,1,1.27,0,0,horizontal best
2026-08-24T15:31:10.116,707,RAD,horizontal,2,22.73,25.23,51.8,44.5,78,29.34,1.10,0.71,3,1.61,0,0,horizontal best
2026-08-24T15:31:10.116,707,RAD,horizontal,2,22.73,25.23,75.1,102.7,488,31.74,1.11,0.60,6,0.97,0,0,horizontal best
2026-08-24T15:31:10.243,708,RAD,horizontal,2,22.73,25.23,51.7,44.4,79,29.34,1.10,0.72,3,1.59,0,0,horizontal best
2026-08-24T15:31:10.243,708,RAD,horizontal,2,22.73,25.23,74.3,103.0,499,31.48,1.15,0.64,7,1.01,0,0,horizontal best
2026-08-24T15:31:10.341,709,RAD,horizontal,2,22.73,25.23,51.6,44.4,81,29.43,1.10,0.74,3,1.63,0,0,horizontal best
2026-08-24T15:31:10.341,709,RAD,horizontal,2,22.73,25.23,73.7,102.9,490,31.35,1.15,0.59,8,0.98,0,0,horizontal best
2026-08-24T15:31:10.473,710,RAD,horizontal,2,22.77,25.27,51.6,44.4,82,29.68,1.10,0.75,3,1.66,0,0,horizontal best
2026-08-24T15:31:10.473,710,RAD,horizontal,2,22.77,25.27,73.1,102.9,500,31.39,1.19,0.62,9,0.98,0,0,horizontal best
2026-08-24T15:31:10.569,711,RAD,horizontal,2,22.77,25.27,51.5,44.4,84,29.68,1.10,0.76,3,1.66,0,0,horizontal best
2026-08-24T15:31:10.569,711,RAD,horizontal,2,22.77,25.27,72.6,102.7,475,31.37,1.19,0.59,8,0.98,0,0,horizontal best
2026-08-24T15:31:10.697,712,RAD,horizontal,2,22.75,25.25,51.4,44.4,85,29.68,1.10,0.77,3,1.65,0,0,horizontal best
2026-08-24T15:31:10.697,712,RAD,horizontal,2,22.75,25.25,72.2,102.3,477,31.35,1.32,0.58,6,1.00,0,0,horizontal best
2026-08-24T15:31:10.825,713,RAD,horizontal,2,22.77,25.27,51.4,44.4,85,29.68,1.10,0.77,3,1.64,0,0,horizontal best
2026-08-24T15:31:10.825,713,RAD,horizontal,2,22.77,25.27,71.7,102.2,463,31.24,1.28,0.58,9,0.98,0,0,horizontal best
2026-08-24T15:31:10.920,714,RAD,horizontal,2,22.77,25.27,51.4,44.4,85,29.61,1.10,0.77,3,1.62,0,0,horizontal best
2026-08-24T15:31:10.920,714,RAD,horizontal,2,22.77,25.27,71.3,102.6,448,31.44,1.29,0.60,7,0.98,0,0,horizontal best
2026-08-24T15:31:11.049,715,RAD,horizontal,2,22.75,25.25,51.4,44.4,84,29.61,1.10,0.76,3,1.62,0,0,horizontal best
2026-08-24T15:31:11.049,715,RAD,horizontal,2,22.75,25.25,70.7,102.8,429,31.13,1.39,0.58,7,0.98,0,0,horizontal best
2026-08-24T15:31:11.143,716,RAD,horizontal,2,22.73,25.23,51.5,44.4,83,29.59,1.10,0.75,3,1.59,0,0,horizontal best
2026-08-24T15:31:11.143,716,RAD,horizontal,2,22.73,25.23,70.2,103.4,409,31.04,1.30,0.59,9,0.99,0,0,horizontal best
2026-08-24T15:31:11.272,717,RAD,horizontal,2,22.70,25.20,51.5,44.4,82,29.59,1.10,0.75,3,1.58,0,0,horizontal best
2026-08-24T15:31:11.272,717,RAD,horizontal,2,22.70,25.20,69.7,103.9,385,30.82,1.36,0.58,7,0.97,0,0,horizontal best
2026-08-24T15:31:11.368,718,RAD,horizontal,2,22.70,25.20,51.6,44.4,82,29.59,1.10,0.75,3,1.58,0,0,horizontal best
2026-08-24T15:31:11.368,718,RAD,horizontal,2,22.70,25.20,68.9,104.9,345,31.22,1.33,0.59,5,0.94,0,0,horizontal best
2026-08-24T15:31:11.494,719,RAD,horizontal,2,22.68,25.18,51.6,44.4,84,29.61,1.10,0.76,3,1.65,0,0,horizontal best
2026-08-24T15:31:11.494,719,RAD,horizontal,2,22.68,25.18,67.9,106.1,316,30.89,1.30,0.61,5,0.94,0,0,horizontal best
2026-08-24T15:31:11.627,720,RAD,horizontal,2,22.68,25.18,51.5,44.4,86,29.59,1.10,0.78,3,1.68,0,0,horizontal best
2026-08-24T15:31:11.627,720,RAD,horizontal,2,22.68,25.18,66.7,107.4,303,30.95,1.25,0.61,5,0.93,0,0,horizontal best
2026-08-24T15:31:11.720,721,RAD,horizontal,2,22.68,25.18,51.5,44.4,85,29.57,1.10,0.77,3,1.67,0,0,horizontal best
2026-08-24T15:31:11.720,721,RAD,horizontal,2,22.68,25.18,63.9,107.1,452,31.00,1.39,0.61,4,1.49,0,0,horizontal best
2026-08-24T15:31:11.848,722,RAD,horizontal,2,22.68,25.18,51.5,44.4,85,29.57,1.10,0.77,3,1.67,0,0,horizontal best
2026-08-24T15:31:11.848,722,RAD,horizontal,2,22.68,25.18,63.3,109.9,292,30.80,1.11,0.73,5,0.97,0,0,horizontal best
2026-08-24T15:31:11.945,723,RAD,horizontal,2,22.70,25.20,51.5,44.4,84,29.54,1.10,0.76,3,1.65,0,0,horizontal best
2026-08-24T15:31:11.945,723,RAD,horizontal,2,22.70,25.20,61.1,108.7,424,30.98,1.20,0.57,4,1.51,0,0,horizontal best
2026-08-24T15:31:12.074,724,RAD,horizontal,2,22.75,25.25,51.5,44.4,83,29.61,1.10,0.75,3,1.64,0,0,horizontal best
2026-08-24T15:31:12.074,724,RAD,horizontal,2,22.75,25.25,59.3,108.0,418,30.85,1.20,0.56,3,1.52,0,0,horizontal best
2026-08-24T15:31:12.169,725,RAD,horizontal,2,22.73,25.23,51.5,44.4,84,29.61,1.10,0.76,3,1.65,0,0,horizontal best
2026-08-24T15:31:12.169,725,RAD,horizontal,2,22.73,25.23,57.8,107.7,415,30.39,1.15,0.53,4,1.50,0,0,horizontal best
2026-08-24T15:31:12.297,726,RAD,horizontal,2,22.73,25.23,51.5,44.4,83,29.61,1.10,0.75,3,1.63,0,0,horizontal best
2026-08-24T15:31:12.297,726,RAD,horizontal,2,22.73,25.23,56.3,107.4,431,30.95,1.24,0.56,4,1.47,0,0,horizontal best
2026-08-24T15:31:12.391,727,RAD,horizontal,2,22.73,25.23,51.5,44.4,85,29.61,1.10,0.77,3,1.67,0,0,horizontal best
2026-08-24T15:31:12.391,727,RAD,horizontal,2,22.73,25.23,56.0,108.9,289,30.65,1.10,0.66,5,0.95,0,0,horizontal best
2026-08-24T15:31:12.519,728,RAD,horizontal,2,22.75,25.25,51.5,44.4,85,29.61,1.10,0.77,3,1.65,0,0,horizontal best
2026-08-24T15:31:12.519,728,RAD,horizontal,2,22.75,25.25,55.0,109.2,307,30.65,1.10,0.64,6,0.99,0,0,horizontal best
2026-08-24T15:31:12.649,729,RAD,horizontal,2,22.73,25.23,51.5,44.4,84,29.50,1.10,0.76,3,1.63,0,0,horizontal best
2026-08-24T15:31:12.649,729,RAD,horizontal,2,22.73,25.23,53.7,108.9,314,30.67,1.05,0.62,6,0.95,0,0,horizontal best
2026-08-24T15:31:12.743,730,RAD,horizontal,2,22.70,25.20,51.6,44.4,84,29.48,1.10,0.76,3,1.63,0,0,horizontal best
2026-08-24T15:31:12.743,730,RAD,horizontal,2,22.70,25.20,51.7,107.3,511,30.67,1.10,0.55,4,1.41,0,0,horizontal best
2026-08-24T15:31:12.872,731,RAD,horizontal,2,22.73,25.23,51.6,44.4,83,29.59,1.10,0.75,3,1.66,0,0,horizontal best
2026-08-24T15:31:12.872,731,RAD,horizontal,2,22.73,25.23,51.7,108.1,341,30.58,0.96,0.62,6,0.93,0,0,horizontal best
2026-08-24T15:31:12.966,732,RAD,horizontal,2,22.70,25.20,51.6,44.4,82,29.59,1.10,0.75,3,1.65,0,0,horizontal best
2026-08-24T15:31:12.966,732,RAD,horizontal,2,22.70,25.20,51.5,108.7,280,30.78,0.95,0.61,7,0.92,0,0,horizontal best
2026-08-24T15:31:13.097,733,RAD,horizontal,2,22.70,25.20,51.7,44.4,82,29.59,1.10,0.75,3,1.65,0,0,horizontal best
2026-08-24T15:31:13.097,733,RAD,horizontal,2,22.70,25.20,51.4,110.0,361,30.93,0.88,0.72,5,0.96,0,0,horizontal best
2026-08-24T15:31:13.191,734,RAD,horizontal,2,22.73,25.23,51.7,44.4,81,29.59,1.10,0.74,3,1.65,0,0,horizontal best
2026-08-24T15:31:13.191,734,RAD,horizontal,2,22.73,25.23,51.8,111.2,340,31.22,0.80,0.68,5,0.90,0,0,horizontal best
2026-08-24T15:31:13.321,735,RAD,horizontal,2,22.75,25.25,51.6,44.4,83,29.63,1.10,0.75,3,1.68,0,0,horizontal best
2026-08-24T15:31:13.321,735,RAD,horizontal,2,22.75,25.25,52.5,112.5,311,30.65,0.68,0.73,7,0.84,0,0,horizontal best
2026-08-24T15:31:13.448,736,RAD,horizontal,2,22.77,25.27,51.6,44.4,83,29.61,1.10,0.75,3,1.66,0,0,horizontal best
2026-08-24T15:31:13.448,736,RAD,horizontal,2,22.77,25.27,51.6,111.4,414,30.71,0.86,0.57,6,1.52,0,0,horizontal best
2026-08-24T15:31:13.541,737,RAD,horizontal,2,22.77,25.27,51.6,44.4,84,29.61,1.10,0.76,3,1.66,0,0,horizontal best
2026-08-24T15:31:13.541,737,RAD,horizontal,2,22.77,25.27,51.5,111.4,371,30.32,0.79,0.56,7,1.57,0,0,horizontal best
2026-08-24T15:31:13.673,738,RAD,horizontal,2,22.77,25.27,51.6,44.4,84,29.63,1.10,0.76,3,1.66,0,0,horizontal best
2026-08-24T15:31:13.673,738,RAD,horizontal,2,22.77,25.27,51.7,111.9,332,30.65,0.72,0.55,6,1.58,0,0,horizontal best
2026-08-24T15:31:13.764,739,RAD,horizontal,2,22.77,25.27,51.6,44.3,82,29.61,1.10,0.75,3,1.64,0,0,horizontal best
2026-08-24T15:31:13.764,739,RAD,horizontal,2,22.77,25.27,51.5,112.6,299,31.00,0.66,0.54,3,1.61,0,0,horizontal best
2026-08-24T15:31:13.893,740,RAD,horizontal,1,22.77,25.27,51.6,44.3,81,29.63,1.10,0.74,3,1.64,0,0,horizontal best
2026-08-24T15:31:13.987,741,RAD,horizontal,1,22.75,25.25,51.7,44.3,81,29.63,1.10,0.74,3,1.64,0,0,horizontal best
2026-08-24T15:31:14.116,742,RAD,horizontal,1,22.75,25.25,51.7,44.3,81,29.63,1.10,0.74,3,1.64,0,0,horizontal best
2026-08-24T15:31:14.210,743,RAD,horizontal,1,22.75,25.25,51.7,44.3,81,29.61,1.10,0.74,3,1.64,0,0,horizontal best
2026-08-24T15:31:14.342,744,RAD,horizontal,1,22.75,25.25,51.6,44.3,83,29.61,1.10,0.75,3,1.66,0,0,horizontal best
2026-08-24T15:31:14.468,745,RAD,horizontal,1,22.73,25.23,51.6,44.4,83,29.61,1.10,0.75,3,1.66,0,0,horizontal best
2026-08-24T15:31:14.566,746,RAD,horizontal,1,22.75,25.25,51.6,44.4,83,29.61,1.10,0.75,3,1.66,0,0,horizontal best
2026-08-24T15:31:14.694,747,RAD,horizontal,1,22.75,25.25,51.6,44.4,83,29.61,1.10,0.75,3,1.65,0,0,horizontal best
2026-08-24T15:31:14.789,748,RAD,horizontal,2,22.75,25.25,51.6,44.4,83,29.59,1.10,0.75,3,1.64,0,0,horizontal best
2026-08-24T15:31:14.789,748,RAD,horizontal,2,22.75,25.25,38.2,39.3,32,28.32,2.75,0.73,2,0.77,0,0,horizontal best
2026-08-24T15:31:14.917,749,RAD,horizontal,1,22.75,25.25,51.6,44.4,83,29.59,1.10,0.75,3,1.64,0,0,horizontal best
2026-08-24T15:31:15.011,750,RAD,horizontal,1,22.75,25.25,51.6,44.4,83,29.57,1.10,0.75,3,1.64,0,0,horizontal best
2026-08-24T15:31:15.141,751,RAD,horizontal,1,22.75,25.25,51.6,44.4,83,29.57,1.10,0.75,3,1.64,0,0,horizontal best
2026-08-24T15:31:15.236,752,RAD,horizontal,2,22.75,25.25,51.6,44.4,84,29.68,1.10,0.76,3,1.68,0,0,horizontal best
2026-08-24T15:31:15.236,752,RAD,horizontal,2,22.75,25.25,38.2,39.4,31,28.26,2.50,0.78,2,0.78,0,0,horizontal best
2026-08-24T15:31:15.375,753,RAD,horizontal,1,22.75,25.25,51.6,44.4,84,29.68,1.10,0.76,3,1.68,0,0,horizontal best
2026-08-24T15:31:15.493,754,RAD,horizontal,1,22.75,25.25,51.6,44.4,84,29.65,1.10,0.76,3,1.67,0,0,horizontal best
2026-08-24T15:31:15.594,755,RAD,horizontal,1,22.73,25.23,51.6,44.4,84,29.65,1.10,0.76,3,1.68,0,0,horizontal best
2026-08-24T15:31:15.716,756,RAD,horizontal,1,22.73,25.23,51.6,44.4,84,29.65,1.10,0.76,3,1.68,0,0,horizontal best
2026-08-24T15:31:15.811,757,RAD,horizontal,1,22.75,25.25,51.6,44.4,84,29.63,1.10,0.76,3,1.67,0,0,horizontal best
2026-08-24T15:31:15.940,758,RAD,horizontal,1,22.75,25.25,51.6,44.4,82,29.65,1.10,0.75,3,1.68,0,0,horizontal best
2026-08-24T15:31:16.034,759,RAD,horizontal,1,22.75,25.25,51.7,44.4,81,29.63,1.10,0.74,3,1.67,0,0,horizontal best
2026-08-24T15:31:16.164,760,RAD,horizontal,1,22.73,25.23,51.7,44.4,81,29.65,1.10,0.74,3,1.66,0,0,horizontal best
2026-08-24T15:31:16.293,761,RAD,horizontal,1,22.75,25.25,51.7,44.4,81,29.65,1.10,0.74,3,1.66,0,0,horizontal best
2026-08-24T15:31:16.390,762,RAD,horizontal,1,22.75,25.25,51.7,44.4,81,29.68,1.10,0.74,3,1.66,0,0,horizontal best
2026-08-24T15:31:16.517,763,RAD,horizontal,1,22.77,25.27,51.7,44.4,81,29.68,1.10,0.74,3,1.66,0,0,horizontal best
2026-08-24T15:31:16.614,764,RAD,horizontal,2,22.80,25.30,51.7,44.3,79,29.68,1.10,0.72,3,1.64,0,0,horizontal best
2026-08-24T15:31:16.614,764,RAD,horizontal,2,22.80,25.30,54.6,109.6,494,31.28,0.87,0.59,6,1.46,0,0,horizontal best
2026-08-24T15:31:16.742,765,RAD,horizontal,2,22.82,25.32,51.8,44.3,80,29.70,1.10,0.73,3,1.66,0,0,horizontal best
2026-08-24T15:31:16.742,765,RAD,horizontal,2,22.82,25.32,56.9,110.7,409,31.20,0.71,0.73,6,0.92,0,0,horizontal best
2026-08-24T15:31:16.840,766,RAD,horizontal,2,22.82,25.32,51.8,44.3,80,29.70,1.10,0.73,3,1.66,0,0,horizontal best
2026-08-24T15:31:16.840,766,RAD,horizontal,2,22.82,25.32,58.2,110.5,469,31.04,0.71,0.69,9,0.94,0,0,horizontal best
2026-08-24T15:31:16.970,767,RAD,horizontal,2,22.82,25.32,51.8,44.3,80,29.68,1.10,0.73,3,1.65,0,0,horizontal best
2026-08-24T15:31:16.970,767,RAD,horizontal,2,22.82,25.32,59.8,110.0,517,31.28,0.77,0.75,7,0.95,0,0,horizontal best
2026-08-24T15:31:17.064,768,RAD,horizontal,2,22.84,25.34,51.7,44.3,79,29.68,1.10,0.72,3,1.64,0,0,horizontal best
2026-08-24T15:31:17.064,768,RAD,horizontal,2,22.84,25.34,61.6,109.3,560,31.39,0.80,0.78,8,1.02,0,0,horizontal best
2026-08-24T15:31:17.191,769,RAD,horizontal,2,22.87,25.37,51.8,44.3,78,29.68,1.10,0.71,3,1.65,0,0,horizontal best
2026-08-24T15:31:17.191,769,RAD,horizontal,2,22.87,25.37,63.2,108.1,564,31.55,0.83,0.75,6,1.04,0,0,horizontal best
2026-08-24T15:31:17.319,770,RAD,horizontal,2,22.87,25.37,51.8,44.3,79,29.68,1.10,0.72,3,1.65,0,0,horizontal best
2026-08-24T15:31:17.319,770,RAD,horizontal,2,22.87,25.37,64.6,106.3,517,31.39,0.93,0.66,8,0.96,0,0,horizontal best
2026-08-24T15:31:17.414,771,RAD,horizontal,2,22.89,25.39,51.7,44.3,79,29.68,1.10,0.72,3,1.63,0,0,horizontal best
2026-08-24T15:31:17.414,771,RAD,horizontal,2,22.89,25.39,65.5,105.5,543,31.33,0.93,0.69,7,1.00,0,0,horizontal best
2026-08-24T15:31:17.544,772,RAD,horizontal,2,22.89,25.39,51.7,44.3,79,29.68,1.10,0.72,3,1.63,0,0,horizontal best
2026-08-24T15:31:17.544,772,RAD,horizontal,2,22.89,25.39,66.0,104.7,530,31.41,0.97,0.65,8,0.97,0,0,horizontal best
2026-08-24T15:31:17.640,773,RAD,horizontal,2,22.89,25.39,51.7,44.3,79,29.68,1.10,0.72,3,1.63,0,0,horizontal best
2026-08-24T15:31:17.640,773,RAD,horizontal,2,22.89,25.39,66.0,104.5,540,31.35,0.97,0.67,9,0.96,0,0,horizontal best
2026-08-24T15:31:17.768,774,RAD,horizontal,2,22.91,25.41,51.7,44.3,79,29.79,1.10,0.72,3,1.64,0,0,horizontal best
2026-08-24T15:31:17.768,774,RAD,horizontal,2,22.91,25.41,65.6,104.4,542,31.30,0.97,0.67,10,0.95,0,0,horizontal best
2026-08-24T15:31:17.863,775,RAD,horizontal,2,22.91,25.41,51.7,44.3,79,29.79,1.10,0.72,3,1.64,0,0,horizontal best
2026-08-24T15:31:17.863,775,RAD,horizontal,2,22.91,25.41,64.8,104.4,538,31.57,1.00,0.64,6,0.93,0,0,horizontal best
2026-08-24T15:31:17.993,776,RAD,horizontal,2,22.91,25.41,51.7,44.3,79,29.79,1.10,0.72,3,1.64,0,0,horizontal best
2026-08-24T15:31:17.993,776,RAD,horizontal,2,22.91,25.41,64.0,104.4,545,31.46,1.00,0.65,8,0.97,0,0,horizontal best
2026-08-24T15:31:18.121,777,RAD,horizontal,2,22.96,25.46,51.7,44.3,79,29.79,1.10,0.72,3,1.63,0,0,horizontal best
2026-08-24T15:31:18.121,777,RAD,horizontal,2,22.96,25.46,63.0,104.8,562,31.57,0.97,0.65,7,1.01,0,0,horizontal best
2026-08-24T15:31:18.216,778,RAD,horizontal,2,22.96,25.46,51.7,44.3,79,29.79,1.10,0.72,3,1.62,0,0,horizontal best
2026-08-24T15:31:18.216,778,RAD,horizontal,2,22.96,25.46,62.2,105.0,560,31.48,1.00,0.67,10,1.03,0,0,horizontal best
2026-08-24T15:31:18.344,779,RAD,horizontal,2,22.98,25.48,51.8,44.3,78,29.79,1.10,0.71,3,1.63,0,0,horizontal best
2026-08-24T15:31:18.344,779,RAD,horizontal,2,22.98,25.48,61.3,105.0,568,31.44,1.03,0.65,10,1.03,0,0,horizontal best
2026-08-24T15:31:18.439,780,RAD,horizontal,2,22.98,25.48,51.8,44.3,78,29.79,1.10,0.71,3,1.63,0,0,horizontal best
2026-08-24T15:31:18.439,780,RAD,horizontal,2,22.98,25.48,60.5,105.0,545,31.61,0.97,0.63,7,0.99,0,0,horizontal best
2026-08-24T15:31:18.568,781,RAD,horizontal,2,22.98,25.48,51.8,44.3,78,29.83,1.10,0.71,3,1.65,0,0,horizontal best
2026-08-24T15:31:18.568,781,RAD,horizontal,2,22.98,25.48,59.7,105.1,543,31.61,0.97,0.62,7,0.99,0,0,horizontal best
2026-08-24T15:31:18.662,782,RAD,horizontal,2,22.98,25.48,51.9,44.2,77,29.83,1.22,0.78,3,1.65,0,0,horizontal best
2026-08-24T15:31:18.662,782,RAD,horizontal,2,22.98,25.48,59.0,105.3,546,31.68,0.97,0.63,9,1.01,0,0,horizontal best
2026-08-24T15:31:18.795,783,RAD,horizontal,2,22.98,25.48,51.9,44.2,77,29.83,1.22,0.78,3,1.65,0,0,horizontal best
2026-08-24T15:31:18.795,783,RAD,horizontal,2,22.98,25.48,58.3,105.7,536,31.78,0.93,0.64,8,0.99,0,0,horizontal best
2026-08-24T15:31:18.888,784,RAD,horizontal,2,22.98,25.48,51.9,44.2,77,29.81,1.22,0.78,3,1.65,0,0,horizontal best
2026-08-24T15:31:18.888,784,RAD,horizontal,2,22.98,25.48,57.7,106.0,517,31.68,0.90,0.64,8,0.99,0,0,horizontal best
2026-08-24T15:31:19.017,785,RAD,horizontal,2,22.98,25.48,51.9,44.2,76,29.81,1.22,0.77,3,1.66,0,0,horizontal best
2026-08-24T15:31:19.017,785,RAD,horizontal,2,22.98,25.48,57.2,106.6,526,31.30,0.90,0.65,8,1.01,0,0,horizontal best
2026-08-24T15:31:19.146,786,RAD,horizontal,2,22.96,25.46,51.9,44.2,78,29.81,1.22,0.79,3,1.64,0,0,horizontal best
2026-08-24T15:31:19.146,786,RAD,horizontal,2,22.96,25.46,56.9,107.6,518,31.35,0.83,0.69,8,1.02,0,0,horizontal best
2026-08-24T15:31:19.238,787,RAD,horizontal,2,22.96,25.46,50.1,42.9,114,29.79,1.07,0.47,5,1.63,0,0,horizontal best
2026-08-24T15:31:19.238,787,RAD,horizontal,2,22.96,25.46,57.1,109.1,506,31.22,0.80,0.70,9,1.02,0,0,horizontal best
2026-08-24T15:31:19.366,788,RAD,horizontal,2,22.96,25.46,49.5,42.4,115,29.79,1.07,0.48,4,1.59,0,0,horizontal best
2026-08-24T15:31:19.366,788,RAD,horizontal,2,22.96,25.46,57.0,110.5,436,31.26,0.70,0.69,9,0.96,0,0,horizontal best
2026-08-24T15:31:19.461,789,RAD,horizontal,2,22.94,25.44,49.6,42.2,114,29.79,1.14,0.51,5,1.57,0,0,horizontal best
2026-08-24T15:31:19.461,789,RAD,horizontal,2,22.94,25.44,55.5,110.5,477,31.39,0.84,0.59,4,1.41,0,0,horizontal best
2026-08-24T15:31:19.590,790,RAD,horizontal,2,22.94,25.44,49.9,42.3,112,29.77,1.23,0.54,4,1.56,0,0,horizontal best
2026-08-24T15:31:19.590,790,RAD,horizontal,2,22.94,25.44,54.1,111.2,404,31.20,0.80,0.56,5,1.48,0,0,horizontal best
2026-08-24T15:31:19.685,791,RAD,horizontal,2,22.94,25.44,50.2,42.3,111,29.77,1.23,0.53,4,1.53,0,0,horizontal best
2026-08-24T15:31:19.685,791,RAD,horizontal,2,22.94,25.44,52.9,112.0,344,31.28,0.70,0.55,3,1.60,0,0,horizontal best
2026-08-24T15:31:19.815,792,RAD,horizontal,2,22.94,25.44,50.4,42.2,112,29.77,1.42,0.55,4,1.54,0,0,horizontal best
2026-08-24T15:31:19.815,792,RAD,horizontal,2,22.94,25.44,51.5,112.6,298,31.22,0.63,0.52,5,1.70,0,0,horizontal best
2026-08-24T15:31:19.940,793,RAD,horizontal,1,22.94,25.44,50.7,42.4,104,29.77,1.33,0.54,4,1.55,0,0,horizontal best
2026-08-24T15:31:20.037,794,RAD,horizontal,1,22.91,25.41,50.8,42.4,108,29.77,1.55,0.58,4,1.61,0,0,horizontal best
2026-08-24T15:31:20.165,795,RAD,horizontal,1,22.91,25.41,50.9,42.3,108,29.74,1.55,0.58,4,1.59,0,0,horizontal best
2026-08-24T15:31:20.262,796,RAD,horizontal,1,22.91,25.41,51.2,42.2,107,29.74,1.70,0.63,4,1.60,0,0,horizontal best
2026-08-24T15:31:20.389,797,RAD,horizontal,1,22.91,25.41,51.4,42.0,113,30.08,1.70,0.66,4,1.62,0,0,horizontal best
2026-08-24T15:31:20.484,798,RAD,horizontal,1,22.89,25.39,51.8,41.9,113,30.08,1.89,0.74,4,1.59,0,0,horizontal best
2026-08-24T15:31:20.613,799,RAD,horizontal,1,22.89,25.39,52.0,41.8,120,30.08,1.70,0.71,4,1.61,0,0,horizontal best
2026-08-24T15:31:20.709,800,RAD,horizontal,1,22.89,25.39,51.5,40.9,118,30.03,1.80,0.66,4,1.14,0,0,horizontal best
2026-08-24T15:31:20.838,801,RAD,horizontal,1,22.89,25.39,51.4,40.6,117,30.01,1.64,0.59,4,1.10,0,0,horizontal best
2026-08-24T15:31:20.964,802,RAD,horizontal,1,22.89,25.39,51.5,40.5,120,29.97,1.64,0.61,3,1.13,0,0,horizontal best
2026-08-24T15:31:21.062,803,RAD,horizontal,1,22.91,25.41,51.5,40.5,121,29.94,1.55,0.65,4,1.14,0,0,horizontal best
2026-08-24T15:31:21.188,804,RAD,horizontal,1,22.96,25.46,51.6,40.6,113,29.92,1.45,0.64,3,1.03,0,0,horizontal best
2026-08-24T15:31:21.284,805,RAD,horizontal,1,22.96,25.46,51.7,40.6,112,29.92,1.55,0.60,3,1.02,0,0,horizontal best
2026-08-24T15:31:21.411,806,RAD,horizontal,1,22.98,25.48,51.7,40.8,113,29.92,1.42,0.55,3,1.04,0,0,horizontal best
2026-08-24T15:31:21.506,807,RAD,horizontal,1,22.98,25.48,51.7,40.8,111,29.85,1.50,0.51,3,1.03,0,0,horizontal best
2026-08-24T15:31:21.636,808,RAD,horizontal,1,23.01,25.51,51.6,40.9,110,29.97,1.42,0.54,3,1.03,0,0,horizontal best
2026-08-24T15:31:21.732,809,RAD,horizontal,1,23.01,25.51,51.6,40.9,111,29.99,1.50,0.51,3,1.05,0,0,horizontal best
2026-08-24T15:31:21.860,810,RAD,horizontal,1,23.01,25.51,51.6,40.9,111,29.94,1.50,0.51,3,1.05,0,0,horizontal best
2026-08-24T15:31:21.988,811,RAD,horizontal,1,23.01,25.51,51.6,40.9,111,29.94,1.50,0.51,3,1.05,0,0,horizontal best
2026-08-24T15:31:22.084,812,RAD,horizontal,1,23.01,25.51,51.6,40.9,110,29.94,1.50,0.51,3,1.04,0,0,horizontal best
2026-08-24T15:31:22.212,813,RAD,horizontal,1,23.01,25.51,51.6,41.0,111,29.94,1.50,0.51,3,1.04,0,0,horizontal best
2026-08-24T15:31:22.309,814,RAD,horizontal,1,23.01,25.51,51.6,40.9,110,29.92,1.50,0.51,3,1.02,0,0,horizontal best
2026-08-24T15:31:22.438,815,RAD,horizontal,1,22.98,25.48,51.5,41.0,112,29.94,1.50,0.52,3,1.05,0,0,horizontal best
2026-08-24T15:31:22.531,816,RAD,horizontal,1,22.98,25.48,51.6,40.9,114,29.90,1.50,0.53,3,1.06,0,0,horizontal best
2026-08-24T15:31:22.661,817,RAD,horizontal,1,22.96,25.46,51.6,40.9,114,29.90,1.50,0.53,3,1.06,0,0,horizontal best
2026-08-24T15:31:22.790,818,RAD,horizontal,1,22.96,25.46,51.6,40.8,114,29.83,1.64,0.58,3,1.06,0,0,horizontal best
2026-08-24T15:31:22.884,819,RAD,horizontal,1,22.94,25.44,51.6,40.8,113,29.83,1.64,0.57,4,1.05,0,0,horizontal best
2026-08-24T15:31:23.014,820,RAD,horizontal,1,22.94,25.44,51.6,40.8,111,29.83,1.64,0.56,4,1.05,0,0,horizontal best
2026-08-24T15:31:23.108,821,RAD,horizontal,1,22.94,25.44,51.6,40.8,111,29.83,1.64,0.56,4,1.07,0,0,horizontal best
2026-08-24T15:31:23.235,822,RAD,horizontal,1,22.94,25.44,51.7,40.8,112,29.83,1.64,0.57,4,1.08,0,0,horizontal best
2026-08-24T15:31:23.332,823,RAD,horizontal,1,22.96,25.46,52.4,41.5,119,29.83,1.55,0.64,4,1.58,0,0,horizontal best
2026-08-24T15:31:23.458,824,RAD,horizontal,1,22.96,25.46,52.7,41.8,118,29.83,1.55,0.63,4,1.59,0,0,horizontal best
2026-08-24T15:31:23.557,825,RAD,horizontal,1,22.94,25.44,52.8,41.9,118,29.83,1.55,0.63,4,1.59,0,0,horizontal best
2026-08-24T15:31:23.683,826,RAD,horizontal,1,22.94,25.44,52.8,42.0,117,29.83,1.55,0.63,4,1.58,0,0,horizontal best
2026-08-24T15:31:23.812,827,RAD,horizontal,1,22.96,25.46,52.8,41.9,117,29.83,1.55,0.63,4,1.57,0,0,horizontal best
2026-08-24T15:31:23.906,828,RAD,horizontal,1,22.96,25.46,52.8,41.8,115,29.81,1.70,0.68,4,1.58,0,0,horizontal best
2026-08-24T15:31:24.037,829,RAD,horizontal,1,22.96,25.46,52.9,41.8,115,29.88,1.70,0.68,4,1.59,0,0,horizontal best
2026-08-24T15:31:24.132,830,RAD,horizontal,1,22.96,25.46,52.9,41.7,116,29.88,1.70,0.68,4,1.59,0,0,horizontal best
2026-08-24T15:31:24.260,831,RAD,horizontal,1,22.98,25.48,52.9,41.6,116,29.88,1.70,0.68,4,1.61,0,0,horizontal best
2026-08-24T15:31:24.357,832,RAD,horizontal,1,22.96,25.46,52.8,41.6,115,29.90,1.70,0.68,4,1.62,0,0,horizontal best
2026-08-24T15:31:24.484,833,RAD,horizontal,1,22.96,25.46,52.7,41.6,115,29.90,1.70,0.68,4,1.64,0,0,horizontal best
2026-08-24T15:31:24.613,834,RAD,horizontal,1,22.98,25.48,52.5,41.5,112,29.90,2.12,0.82,4,1.63,0,0,horizontal best
2026-08-24T15:31:24.708,835,RAD,horizontal,1,22.98,25.48,52.2,41.6,106,29.92,2.12,0.78,4,1.60,0,0,horizontal best
2026-08-24T15:31:24.836,836,RAD,horizontal,1,22.98,25.48,51.9,41.7,107,29.92,1.89,0.70,4,1.57,0,0,horizontal best
2026-08-24T15:31:24.932,837,RAD,horizontal,1,23.01,25.51,51.7,41.6,109,29.90,1.89,0.71,4,1.56,0,0,horizontal best
2026-08-24T15:31:25.061,838,RAD,horizontal,1,23.03,25.53,51.5,41.7,103,29.90,1.89,0.67,4,1.50,0,0,horizontal best
2026-08-24T15:31:25.158,839,RAD,horizontal,1,23.03,25.53,51.3,41.9,109,29.77,1.60,0.68,4,1.48,0,0,horizontal best
2026-08-24T15:31:25.286,840,RAD,horizontal,1,23.05,25.55,51.1,42.1,106,29.70,1.70,0.62,4,1.48,0,0,horizontal best
2026-08-24T15:31:25.380,841,RAD,horizontal,2,23.08,25.58,50.7,42.2,108,29.70,1.33,0.56,4,1.46,0,0,horizontal best
2026-08-24T15:31:25.380,841,RAD,horizontal,2,23.08,25.58,56.1,110.4,494,30.67,0.81,0.59,8,1.32,0,0,horizontal best
2026-08-24T15:31:25.510,842,RAD,horizontal,2,23.08,25.58,50.2,42.3,115,29.65,1.23,0.55,4,1.46,0,0,horizontal best
2026-08-24T15:31:25.510,842,RAD,horizontal,2,23.08,25.58,57.1,109.9,515,31.09,0.87,0.62,6,1.31,0,0,horizontal best
2026-08-24T15:31:27.333,843,RAD,horizontal,2,21.73,24.23,51.6,43.8,71,28.59,1.38,0.81,3,1.61,0,0,horizontal best
2026-08-24T15:31:27.333,843,RAD,horizontal,2,21.73,24.23,52.5,106.4,300,30.25,0.80,0.42,7,0.69,0,0,horizontal best
2026-08-24T15:31:27.461,844,RAD,horizontal,2,21.87,24.37,52.3,44.3,71,28.50,1.38,0.81,3,1.60,0,0,horizontal best
2026-08-24T15:31:27.461,844,RAD,horizontal,2,21.87,24.37,50.6,105.3,322,30.23,0.80,0.45,9,0.70,0,0,horizontal best
2026-08-24T15:31:27.554,845,RAD,horizontal,3,22.16,24.66,52.5,44.5,71,28.77,1.38,0.81,3,1.58,0,0,horizontal best
2026-08-24T15:31:27.554,845,RAD,horizontal,3,22.16,24.66,50.6,105.6,352,30.65,0.77,0.47,8,0.70,0,0,horizontal best
2026-08-24T15:31:27.554,845,RAD,horizontal,3,22.16,24.66,35.2,44.2,74,28.17,1.62,0.71,1,1.50,0,0,horizontal best
2026-08-24T15:31:27.686,846,RAD,horizontal,3,22.28,24.78,52.5,44.4,70,28.83,1.38,0.80,3,1.56,0,0,horizontal best
2026-08-24T15:31:27.686,846,RAD,horizontal,3,22.28,24.78,51.1,106.3,383,30.74,0.80,0.53,9,0.76,0,0,horizontal best
2026-08-24T15:31:27.686,846,RAD,horizontal,3,22.28,24.78,35.5,44.3,73,28.50,1.62,0.70,1,1.54,0,0,horizontal best
2026-08-24T15:31:27.782,847,RAD,horizontal,2,22.47,24.97,52.1,107.5,444,30.87,0.80,0.62,7,0.90,0,0,horizontal best
2026-08-24T15:31:27.782,847,RAD,horizontal,2,22.47,24.97,41.4,43.5,65,29.03,0.30,0.40,5,0.54,0,0,horizontal best
2026-08-24T15:31:27.911,848,RAD,horizontal,2,22.73,25.23,52.7,108.4,505,31.30,0.81,0.65,8,0.93,0,0,horizontal best
2026-08-24T15:31:27.911,848,RAD,horizontal,2,22.73,25.23,43.8,43.3,74,29.19,0.00,0.00,5,0.55,0,0,horizontal best
2026-08-24T15:31:28.005,849,RAD,horizontal,2,22.80,25.30,52.9,108.8,502,31.30,0.77,0.67,8,0.95,0,0,horizontal best
2026-08-24T15:31:28.005,849,RAD,horizontal,2,22.80,25.30,44.2,43.5,77,29.23,0.00,0.00,5,0.58,0,0,horizontal best
2026-08-24T15:31:28.139,850,RAD,horizontal,2,23.13,25.63,53.2,109.2,532,31.65,0.77,0.72,10,0.99,0,0,horizontal best
2026-08-24T15:31:28.139,850,RAD,horizontal,2,23.13,25.63,43.8,43.8,86,29.70,0.38,0.40,5,0.65,0,0,horizontal best
2026-08-24T15:31:28.229,851,RAD,horizontal,2,23.03,25.53,53.3,109.3,527,31.61,0.77,0.71,9,0.99,0,0,horizontal best
2026-08-24T15:31:28.229,851,RAD,horizontal,2,23.03,25.53,43.4,44.1,80,29.65,0.39,0.39,5,0.59,0,0,horizontal best
2026-08-24T15:31:28.358,852,RAD,horizontal,2,22.94,25.44,53.4,109.3,525,31.26,0.77,0.71,11,0.98,0,0,horizontal best
2026-08-24T15:31:28.358,852,RAD,horizontal,2,22.94,25.44,43.4,44.3,75,29.61,0.43,0.33,5,0.59,0,0,horizontal best
2026-08-24T15:31:28.489,853,RAD,horizontal,2,22.80,25.30,53.1,109.0,495,31.11,0.77,0.67,8,0.94,0,0,horizontal best
2026-08-24T15:31:28.489,853,RAD,horizontal,2,22.80,25.30,43.2,44.3,70,29.28,0.43,0.30,5,0.53,0,0,horizontal best
2026-08-24T15:31:28.582,854,RAD,horizontal,2,22.75,25.25,53.0,108.8,498,31.11,0.77,0.67,7,0.96,0,0,horizontal best
2026-08-24T15:31:28.582,854,RAD,horizontal,2,22.75,25.25,43.1,44.3,71,29.26,0.43,0.31,5,0.55,0,0,horizontal best
2026-08-24T15:31:28.713,855,RAD,horizontal,2,22.68,25.18,53.0,108.8,492,31.09,0.77,0.66,9,0.95,0,0,horizontal best
2026-08-24T15:31:28.713,855,RAD,horizontal,2,22.68,25.18,43.1,44.3,69,29.26,0.43,0.30,5,0.56,0,0,horizontal best
2026-08-24T15:31:28.805,856,RAD,horizontal,2,22.66,25.16,52.8,108.6,488,31.09,0.77,0.66,8,0.95,0,0,horizontal best
2026-08-24T15:31:28.805,856,RAD,horizontal,2,22.66,25.16,43.2,44.2,69,29.26,0.43,0.30,5,0.56,0,0,horizontal best
2026-08-24T15:31:28.936,857,RAD,horizontal,2,22.54,25.04,52.8,108.6,489,31.02,0.77,0.66,10,0.96,0,0,horizontal best
2026-08-24T15:31:28.936,857,RAD,horizontal,2,22.54,25.04,43.5,44.2,66,29.12,0.43,0.29,5,0.55,0,0,horizontal best
2026-08-24T15:31:29.030,858,RAD,horizontal,2,22.49,24.99,52.5,107.4,420,31.04,0.81,0.54,10,0.86,0,0,horizontal best
2026-08-24T15:31:29.030,858,RAD,horizontal,2,22.49,24.99,43.6,44.2,66,29.10,0.43,0.29,5,0.54,0,0,horizontal best
2026-08-24T15:31:29.160,859,RAD,horizontal,2,22.44,24.94,52.3,106.9,408,30.80,0.80,0.57,12,0.82,0,0,horizontal best
2026-08-24T15:31:29.160,859,RAD,horizontal,2,22.44,24.94,43.7,44.1,62,29.06,0.43,0.27,5,0.54,0,0,horizontal best
2026-08-24T15:31:29.288,860,RAD,horizontal,2,22.37,24.87,51.9,106.5,391,30.69,0.83,0.52,11,0.82,0,0,horizontal best
2026-08-24T15:31:29.288,860,RAD,horizontal,2,22.37,24.87,43.7,44.1,63,29.06,0.43,0.27,5,0.55,0,0,horizontal best
2026-08-24T15:31:29.384,861,RAD,horizontal,2,22.28,24.78,51.6,106.2,388,30.67,0.83,0.52,9,0.79,0,0,horizontal best
2026-08-24T15:31:29.384,861,RAD,horizontal,2,22.28,24.78,43.8,44.1,59,29.06,0.43,0.26,5,0.58,0,0,horizontal best
2026-08-24T15:31:29.512,862,RAD,horizontal,2,22.26,24.76,51.2,105.9,392,30.82,0.90,0.48,6,0.83,0,0,horizontal best
2026-08-24T15:31:29.512,862,RAD,horizontal,2,22.26,24.76,44.4,44.1,55,29.03,0.43,0.24,5,0.57,0,0,horizontal best
2026-08-24T15:31:29.603,863,RAD,horizontal,2,22.26,24.76,50.9,105.5,375,30.91,0.87,0.48,5,0.81,0,0,horizontal best
2026-08-24T15:31:29.603,863,RAD,horizontal,2,22.26,24.76,50.1,44.3,74,29.03,1.22,0.75,3,1.63,0,0,horizontal best
2026-08-24T15:31:29.736,864,RAD,horizontal,2,22.23,24.73,50.5,105.0,362,30.67,0.90,0.48,7,0.79,0,0,horizontal best
2026-08-24T15:31:29.736,864,RAD,horizontal,2,22.23,24.73,52.3,44.3,75,29.10,1.22,0.76,3,1.64,0,0,horizontal best
2026-08-24T15:31:29.828,865,RAD,horizontal,3,22.18,24.68,50.1,104.5,341,30.98,0.93,0.44,5,0.78,0,0,horizontal best
2026-08-24T15:31:29.828,865,RAD,horizontal,3,22.18,24.68,52.8,44.3,75,29.10,1.22,0.76,3,1.66,0,0,horizontal best
2026-08-24T15:31:29.828,865,RAD,horizontal,3,22.18,24.68,32.7,44.5,49,28.06,1.86,0.54,2,0.88,0,0,horizontal best
2026-08-24T15:31:29.958,866,RAD,horizontal,2,22.16,24.66,49.9,103.9,343,30.93,0.97,0.42,7,0.77,0,0,horizontal best
2026-08-24T15:31:29.958,866,RAD,horizontal,2,22.16,24.66,52.7,44.3,75,29.10,1.22,0.76,3,1.65,0,0,horizontal best
2026-08-24T15:31:30.052,867,RAD,horizontal,2,22.14,24.64,50.1,103.4,339,30.69,1.00,0.43,8,0.75,0,0,horizontal best
2026-08-24T15:31:30.052,867,RAD,horizontal,2,22.14,24.64,52.4,44.3,74,29.03,1.22,0.75,3,1.63,0,0,horizontal best
2026-08-24T15:31:30.182,868,RAD,horizontal,2,22.14,24.64,50.4,102.9,355,30.67,1.07,0.42,7,0.80,0,0,horizontal best
2026-08-24T15:31:30.182,868,RAD,horizontal,2,22.14,24.64,52.2,44.2,74,29.01,1.22,0.75,3,1.64,0,0,horizontal best
2026-08-24T15:31:30.310,869,RAD,horizontal,2,22.14,24.64,51.1,102.2,332,30.78,1.04,0.44,7,0.78,0,0,horizontal best
2026-08-24T15:31:30.310,869,RAD,horizontal,2,22.14,24.64,52.1,44.2,74,28.97,1.22,0.75,3,1.65,0,0,horizontal best
2026-08-24T15:31:30.405,870,RAD,horizontal,3,22.14,24.64,51.9,101.8,342,30.58,1.00,0.47,7,0.77,0,0,horizontal best
2026-08-24T15:31:30.405,870,RAD,horizontal,3,22.14,24.64,52.1,44.2,74,28.94,1.22,0.75,3,1.65,0,0,horizontal best
2026-08-24T15:31:30.405,870,RAD,horizontal,3,22.14,24.64,34.2,44.8,73,28.03,2.00,0.74,1,1.36,0,0,horizontal best
2026-08-24T15:31:30.536,871,RAD,horizontal,2,22.14,24.64,53.2,101.5,329,30.71,1.07,0.39,7,0.75,0,0,horizontal best
2026-08-24T15:31:30.536,871,RAD,horizontal,2,22.14,24.64,52.0,44.3,75,28.94,1.22,0.76,3,1.67,0,0,horizontal best
2026-08-24T15:31:30.628,872,RAD,horizontal,2,22.14,24.64,53.9,100.9,329,30.71,0.93,0.49,6,0.75,0,0,horizontal best
2026-08-24T15:31:30.628,872,RAD,horizontal,2,22.14,24.64,52.0,44.3,75,28.94,1.22,0.76,3,1.67,0,0,horizontal best
2026-08-24T15:31:30.758,873,RAD,horizontal,2,22.14,24.64,54.4,100.9,344,30.60,0.96,0.46,7,0.74,0,0,horizontal best
2026-08-24T15:31:30.758,873,RAD,horizontal,2,22.14,24.64,51.9,44.4,76,28.88,1.10,0.69,3,1.66,0,0,horizontal best
2026-08-24T15:31:30.852,874,RAD,horizontal,2,22.14,24.64,54.5,100.8,342,30.76,1.00,0.47,6,0.76,0,0,horizontal best
2026-08-24T15:31:30.852,874,RAD,horizontal,2,22.14,24.64,51.8,44.3,79,28.88,1.10,0.72,3,1.64,0,0,horizontal best
2026-08-24T15:31:30.983,875,RAD,horizontal,2,22.16,24.66,54.6,100.8,336,30.76,1.00,0.46,7,0.73,0,0,horizontal best
2026-08-24T15:31:30.983,875,RAD,horizontal,2,22.16,24.66,51.8,44.3,77,28.88,1.10,0.70,4,1.65,0,0,horizontal best
2026-08-24T15:31:31.110,876,RAD,horizontal,2,22.16,24.66,54.8,100.8,345,30.76,1.04,0.46,6,0.75,0,0,horizontal best
2026-08-24T15:31:31.110,876,RAD,horizontal,2,22.16,24.66,51.8,44.3,78,28.99,1.10,0.71,3,1.69,0,0,horizontal best
2026-08-24T15:31:31.206,877,RAD,horizontal,2,22.26,24.76,55.3,101.1,358,30.74,1.15,0.43,6,0.76,0,0,horizontal best
2026-08-24T15:31:31.206,877,RAD,horizontal,2,22.26,24.76,51.8,44.3,77,28.99,1.10,0.70,3,1.66,0,0,horizontal best
2026-08-24T15:31:31.333,878,RAD,horizontal,2,22.23,24.73,55.3,101.2,350,30.67,1.11,0.43,8,0.76,0,0,horizontal best
2026-08-24T15:31:31.333,878,RAD,horizontal,2,22.23,24.73,51.8,44.3,77,28.99,1.10,0.70,3,1.67,0,0,horizontal best
2026-08-24T15:31:31.429,879,RAD,horizontal,2,22.23,24.73,55.2,101.1,353,30.67,1.11,0.44,7,0.75,0,0,horizontal best
2026-08-24T15:31:31.429,879,RAD,horizontal,2,22.23,24.73,51.8,44.3,77,28.99,1.10,0.70,3,1.68,0,0,horizontal best
2026-08-24T15:31:31.557,880,RAD,horizontal,2,22.26,24.76,55.3,101.0,353,30.67,1.11,0.44,8,0.76,0,0,horizontal best
2026-08-24T15:31:31.557,880,RAD,horizontal,2,22.26,24.76,51.8,44.3,77,28.99,1.10,0.70,3,1.67,0,0,horizontal best
2026-08-24T15:31:31.652,881,RAD,horizontal,2,22.26,24.76,55.4,101.0,357,30.67,1.15,0.43,8,0.76,0,0,horizontal best
2026-08-24T15:31:31.652,881,RAD,horizontal,2,22.26,24.76,51.8,44.3,77,29.03,1.10,0.70,3,1.67,0,0,horizontal best
2026-08-24T15:31:31.782,882,RAD,horizontal,2,22.28,24.78,55.5,101.1,362,30.67,1.19,0.45,7,0.78,0,0,horizontal best
2026-08-24T15:31:31.782,882,RAD,horizontal,2,22.28,24.78,51.8,44.3,78,29.06,1.10,0.71,3,1.70,0,0,horizontal best
2026-08-24T15:31:31.877,883,RAD,horizontal,2,22.33,24.83,55.5,100.8,365,30.69,1.23,0.44,6,0.80,0,0,horizontal best
2026-08-24T15:31:31.877,883,RAD,horizontal,2,22.33,24.83,51.8,44.3,78,29.03,1.10,0.71,3,1.71,0,0,horizontal best
2026-08-24T15:31:32.006,884,RAD,horizontal,2,22.35,24.85,55.6,100.9,369,30.74,1.19,0.46,9,0.79,0,0,horizontal best
2026-08-24T15:31:32.006,884,RAD,horizontal,2,22.35,24.85,51.8,44.2,78,29.03,1.10,0.71,3,1.68,0,0,horizontal best
2026-08-24T15:31:32.135,885,RAD,horizontal,2,22.40,24.90,55.9,101.1,378,30.82,1.19,0.47,7,0.80,0,0,horizontal best
2026-08-24T15:31:32.135,885,RAD,horizontal,2,22.40,24.90,51.8,44.3,78,29.06,1.10,0.71,3,1.68,0,0,horizontal best
2026-08-24T15:31:32.229,886,RAD,horizontal,2,22.42,24.92,55.9,101.1,378,30.93,1.19,0.47,6,0.80,0,0,horizontal best
2026-08-24T15:31:32.229,886,RAD,horizontal,2,22.42,24.92,51.8,44.3,78,29.06,1.10,0.71,3,1.68,0,0,horizontal best
2026-08-24T15:31:32.360,887,RAD,horizontal,2,22.44,24.94,55.7,102.6,719,31.30,1.43,0.64,4,1.33,0,0,horizontal best
2026-08-24T15:31:32.360,887,RAD,horizontal,2,22.44,24.94,51.8,44.3,78,29.03,1.10,0.71,3,1.68,0,0,horizontal best
2026-08-24T15:31:32.452,888,RAD,horizontal,2,22.49,24.99,55.9,102.8,425,31.20,1.11,0.52,10,0.83,0,0,horizontal best
2026-08-24T15:31:32.452,888,RAD,horizontal,2,22.49,24.99,51.8,44.3,78,29.50,1.10,0.71,3,1.72,0,0,horizontal best
2026-08-24T15:31:32.581,889,RAD,horizontal,2,22.56,25.06,56.1,103.4,458,31.37,1.04,0.56,5,0.91,0,0,horizontal best
2026-08-24T15:31:32.581,889,RAD,horizontal,2,22.56,25.06,51.8,44.3,78,29.50,1.10,0.71,3,1.70,0,0,horizontal best
2026-08-24T15:31:32.677,890,RAD,horizontal,2,22.58,25.08,55.8,104.2,455,30.74,1.00,0.58,9,0.89,0,0,horizontal best
2026-08-24T15:31:32.677,890,RAD,horizontal,2,22.58,25.08,51.8,44.3,78,29.48,1.10,0.71,3,1.68,0,0,horizontal best
2026-08-24T15:31:32.806,891,RAD,horizontal,2,22.61,25.11,55.3,105.5,464,30.95,0.96,0.61,7,0.90,0,0,horizontal best
2026-08-24T15:31:32.806,891,RAD,horizontal,2,22.61,25.11,51.8,44.2,77,29.48,1.10,0.70,3,1.65,0,0,horizontal best
2026-08-24T15:31:32.935,892,RAD,horizontal,2,22.63,25.13,54.6,107.4,449,30.85,0.86,0.62,8,0.88,0,0,horizontal best
2026-08-24T15:31:32.935,892,RAD,horizontal,2,22.63,25.13,50.4,42.8,109,29.45,1.14,0.49,4,1.63,0,0,horizontal best
2026-08-24T15:31:33.029,893,RAD,horizontal,2,22.58,25.08,53.7,110.0,401,30.65,0.72,0.66,6,0.85,0,0,horizontal best
2026-08-24T15:31:33.029,893,RAD,horizontal,2,22.58,25.08,50.0,42.4,112,29.41,1.14,0.50,4,1.58,0,0,horizontal best
2026-08-24T15:31:33.154,894,RAD,horizontal,2,22.58,25.08,50.8,111.0,459,30.67,0.75,0.60,4,1.48,0,0,horizontal best
2026-08-24T15:31:33.154,894,RAD,horizontal,2,22.58,25.08,49.8,42.2,119,29.41,1.31,0.54,4,1.57,0,0,horizontal best
2026-08-24T15:31:33.251,895,RAD,horizontal,1,22.56,25.06,50.0,42.3,116,29.39,1.23,0.56,4,1.51,0,0,horizontal best
2026-08-24T15:31:33.381,896,RAD,horizontal,1,22.56,25.06,50.3,42.2,112,29.30,1.33,0.58,4,1.51,0,0,horizontal best
2026-08-24T15:31:33.475,897,RAD,horizontal,1,22.58,25.08,50.6,42.1,111,29.28,1.55,0.59,5,1.53,0,0,horizontal best
2026-08-24T15:31:33.600,898,RAD,horizontal,1,22.61,25.11,51.1,42.3,106,29.32,1.70,0.62,4,1.54,0,0,horizontal best
2026-08-24T15:31:33.701,899,RAD,horizontal,1,22.63,25.13,51.5,42.2,107,29.30,1.70,0.63,4,1.58,0,0,horizontal best
2026-08-24T15:31:33.827,900,RAD,horizontal,1,22.68,25.18,51.7,42.1,110,29.34,1.70,0.65,4,1.57,0,0,horizontal best
2026-08-24T15:31:33.955,901,RAD,horizontal,1,22.70,25.20,51.9,42.0,111,29.48,1.70,0.65,4,1.54,0,0,horizontal best
2026-08-24T15:31:34.053,902,RAD,horizontal,1,22.70,25.20,52.0,42.0,112,29.45,1.70,0.66,4,1.60,0,0,horizontal best
2026-08-24T15:31:34.180,903,RAD,horizontal,1,22.73,25.23,52.1,42.0,109,29.43,1.70,0.64,4,1.60,0,0,horizontal best
2026-08-24T15:31:34.277,904,RAD,horizontal,1,22.73,25.23,52.2,42.0,106,29.43,1.89,0.69,4,1.59,0,0,horizontal best
2026-08-24T15:31:34.404,905,RAD,horizontal,1,22.73,25.23,52.3,41.9,105,29.43,1.89,0.69,4,1.55,0,0,horizontal best
2026-08-24T15:31:34.501,906,RAD,horizontal,1,22.73,25.23,52.5,41.8,108,29.45,1.89,0.71,4,1.55,0,0,horizontal best
2026-08-24T15:31:34.625,907,RAD,horizontal,1,22.75,25.25,52.6,41.8,109,29.48,1.89,0.71,4,1.55,0,0,horizontal best
2026-08-24T15:31:34.722,908,RAD,horizontal,1,22.77,25.27,52.9,41.7,113,29.37,1.70,0.66,4,1.57,0,0,horizontal best
2026-08-24T15:31:34.850,909,RAD,horizontal,1,22.80,25.30,53.3,41.4,117,29.39,1.80,0.65,4,1.56,0,0,horizontal best
2026-08-24T15:31:34.981,910,RAD,horizontal,1,22.80,25.30,52.8,40.7,109,29.41,1.42,0.53,4,1.02,0,0,horizontal best
2026-08-24T15:31:35.076,911,RAD,horizontal,1,22.80,25.30,52.9,40.3,114,29.41,1.42,0.56,4,1.04,0,0,horizontal best
2026-08-24T15:31:35.203,912,RAD,horizontal,1,22.87,25.37,53.1,40.4,69,29.59,1.36,0.42,5,0.82,0,0,horizontal best
2026-08-24T15:31:35.301,913,RAD,horizontal,1,22.89,25.39,53.5,40.6,124,29.30,1.38,0.53,4,1.03,0,0,horizontal best
2026-08-24T15:31:35.428,914,RAD,horizontal,1,22.91,25.41,53.7,40.8,121,29.23,1.29,0.48,5,1.02,0,0,horizontal best
2026-08-24T15:31:35.524,915,RAD,horizontal,1,22.91,25.41,54.0,41.1,118,29.23,1.38,0.50,5,1.02,0,0,horizontal best
2026-08-24T15:31:35.653,916,RAD,horizontal,1,22.94,25.44,53.9,41.9,76,28.90,1.23,0.37,5,0.81,0,0,horizontal best
2026-08-24T15:31:35.782,917,RAD,horizontal,1,22.94,25.44,54.2,41.4,120,28.90,1.29,0.48,5,0.98,0,0,horizontal best
2026-08-24T15:31:35.878,918,RAD,horizontal,1,22.96,25.46,54.5,41.1,119,28.90,1.20,0.44,5,0.99,0,0,horizontal best
2026-08-24T15:31:36.005,919,RAD,horizontal,1,22.96,25.46,54.5,41.0,118,28.90,1.29,0.47,4,0.99,0,0,horizontal best
2026-08-24T15:31:36.102,920,RAD,horizontal,1,23.05,25.55,54.6,41.0,117,28.90,1.29,0.46,4,0.99,0,0,horizontal best
2026-08-24T15:31:36.228,921,RAD,horizontal,1,23.03,25.53,54.1,43.8,82,29.06,0.91,0.75,4,1.46,0,0,horizontal best
2026-08-24T15:31:36.325,922,RAD,horizontal,1,23.03,25.53,53.9,44.9,82,28.94,0.91,0.75,4,1.45,0,0,horizontal best
2026-08-24T15:31:36.452,923,RAD,horizontal,2,23.03,25.53,53.9,45.2,82,29.01,0.91,0.75,4,1.46,0,0,horizontal best
2026-08-24T15:31:36.452,923,RAD,horizontal,2,23.03,25.53,59.1,36.1,31,28.43,1.40,0.89,2,1.80,0,0,horizontal best
2026-08-24T15:31:36.548,924,RAD,horizontal,1,23.01,25.51,54.9,43.3,115,28.88,1.31,0.52,6,1.59,0,0,horizontal best
2026-08-24T15:31:36.675,925,RAD,horizontal,2,22.98,25.48,54.3,44.3,81,28.83,0.91,0.74,4,1.44,0,0,horizontal best
2026-08-24T15:31:36.675,925,RAD,horizontal,2,22.98,25.48,59.1,36.3,30,28.59,1.40,0.86,2,1.79,0,0,horizontal best
2026-08-24T15:31:36.806,926,RAD,horizontal,2,22.98,25.48,54.0,44.7,82,28.83,0.91,0.75,4,1.44,0,0,horizontal best
2026-08-24T15:31:36.806,926,RAD,horizontal,2,22.98,25.48,59.2,36.4,32,28.52,1.17,0.76,1,1.77,0,0,horizontal best
2026-08-24T15:31:36.900,927,RAD,horizontal,2,22.96,25.46,53.9,44.9,82,28.83,0.91,0.75,4,1.43,0,0,horizontal best
2026-08-24T15:31:36.900,927,RAD,horizontal,2,22.96,25.46,59.3,36.4,33,28.61,1.17,0.79,1,1.72,0,0,horizontal best
2026-08-24T15:31:37.027,928,RAD,horizontal,2,22.96,25.46,53.8,44.9,83,28.83,0.91,0.75,4,1.44,0,0,horizontal best
2026-08-24T15:31:37.027,928,RAD,horizontal,2,22.96,25.46,59.3,36.3,33,28.61,1.17,0.79,1,1.78,0,0,horizontal best
2026-08-24T15:31:37.125,929,RAD,horizontal,1,22.96,25.46,55.0,43.1,120,28.81,1.21,0.50,6,1.55,0,0,horizontal best
2026-08-24T15:31:37.252,930,RAD,horizontal,1,22.96,25.46,55.4,42.3,119,28.81,1.21,0.50,6,1.54,0,0,horizontal best
2026-08-24T15:31:37.346,931,RAD,horizontal,1,22.96,25.46,54.4,41.9,72,28.79,1.33,0.38,6,0.74,0,0,horizontal best
2026-08-24T15:31:37.477,932,RAD,horizontal,1,22.94,25.44,53.9,41.9,71,28.79,1.33,0.37,6,0.74,0,0,horizontal best
2026-08-24T15:31:37.604,933,RAD,horizontal,1,22.94,25.44,53.7,42.0,71,28.72,1.33,0.37,6,0.75,0,0,horizontal best
2026-08-24T15:31:37.701,934,RAD,horizontal,2,22.94,25.44,53.8,44.0,82,28.70,0.91,0.75,4,1.41,0,0,horizontal best
2026-08-24T15:31:37.701,934,RAD,horizontal,2,22.94,25.44,59.0,36.1,31,28.57,1.60,0.78,2,1.55,0,0,horizontal best
2026-08-24T15:31:37.830,935,RAD,horizontal,2,22.94,25.44,53.8,44.9,82,28.68,0.91,0.75,4,1.41,0,0,horizontal best
2026-08-24T15:31:37.830,935,RAD,horizontal,2,22.94,25.44,59.0,36.1,31,28.57,1.60,0.78,2,1.55,0,0,horizontal best
2026-08-24T15:31:37.923,936,RAD,horizontal,2,22.91,25.41,53.9,45.1,82,28.66,0.91,0.75,4,1.41,0,0,horizontal best
2026-08-24T15:31:37.923,936,RAD,horizontal,2,22.91,25.41,59.0,36.1,31,28.57,1.60,0.78,2,1.56,0,0,horizontal best
2026-08-24T15:31:38.054,937,RAD,horizontal,2,22.91,25.41,53.9,45.0,82,28.66,0.91,0.75,4,1.40,0,0,horizontal best
2026-08-24T15:31:38.054,937,RAD,horizontal,2,22.91,25.41,59.0,36.1,31,28.57,1.60,0.78,2,1.56,0,0,horizontal best
2026-08-24T15:31:38.148,938,RAD,horizontal,2,22.91,25.41,53.9,45.0,82,28.66,0.91,0.75,4,1.41,0,0,horizontal best
2026-08-24T15:31:38.148,938,RAD,horizontal,2,22.91,25.41,59.1,36.1,33,28.57,1.33,0.69,2,1.61,0,0,horizontal best
2026-08-24T15:31:38.274,939,RAD,horizontal,2,22.91,25.41,53.8,44.9,84,28.66,0.83,0.70,4,1.40,0,0,horizontal best
2026-08-24T15:31:38.274,939,RAD,horizontal,2,22.91,25.41,59.2,36.2,33,28.50,1.33,0.69,2,1.61,0,0,horizontal best
2026-08-24T15:31:38.372,940,RAD,horizontal,2,22.96,25.46,52.9,44.4,50,28.94,0.80,0.62,5,0.54,0,0,horizontal best
2026-08-24T15:31:38.372,940,RAD,horizontal,2,22.96,25.46,59.2,34.4,10,28.43,1.33,0.83,1,1.44,0,0,horizontal best
2026-08-24T15:31:38.500,941,RAD,horizontal,2,22.98,25.48,52.5,44.2,50,28.97,0.80,0.62,5,0.54,0,0,horizontal best
2026-08-24T15:31:38.500,941,RAD,horizontal,2,22.98,25.48,59.2,33.6,10,28.43,1.33,0.83,1,1.44,0,0,horizontal best
2026-08-24T15:31:38.631,942,RAD,horizontal,2,22.96,25.46,53.3,44.6,85,28.97,0.83,0.71,4,1.42,0,0,horizontal best
2026-08-24T15:31:38.631,942,RAD,horizontal,2,22.96,25.46,59.2,35.5,31,28.50,1.17,0.74,2,1.60,0,0,horizontal best
2026-08-24T15:31:38.724,943,RAD,horizontal,2,22.94,25.44,53.6,44.8,85,28.68,0.83,0.71,4,1.41,0,0,horizontal best
2026-08-24T15:31:38.724,943,RAD,horizontal,2,22.94,25.44,59.2,36.3,31,28.50,1.17,0.74,2,1.61,0,0,horizontal best
2026-08-24T15:31:38.849,944,RAD,horizontal,2,22.94,25.44,53.8,44.9,85,28.66,0.83,0.71,4,1.40,0,0,horizontal best
2026-08-24T15:31:38.849,944,RAD,horizontal,2,22.94,25.44,59.2,36.6,31,28.50,1.17,0.74,2,1.61,0,0,horizontal best
2026-08-24T15:31:38.944,945,RAD,horizontal,2,22.94,25.44,53.9,44.9,82,28.66,0.91,0.75,4,1.39,0,0,horizontal best
2026-08-24T15:31:38.944,945,RAD,horizontal,2,22.94,25.44,59.2,36.6,31,28.50,1.17,0.74,2,1.61,0,0,horizontal best
2026-08-24T15:31:39.072,946,RAD,horizontal,2,22.94,25.44,54.0,44.9,82,28.68,0.91,0.75,4,1.39,0,0,horizontal best
2026-08-24T15:31:39.072,946,RAD,horizontal,2,22.94,25.44,59.0,36.5,29,28.52,1.40,0.83,2,1.58,0,0,horizontal best
2026-08-24T15:31:39.172,947,RAD,horizontal,1,22.91,25.41,54.7,42.3,53,28.68,1.36,0.32,6,0.76,0,0,horizontal best
2026-08-24T15:31:39.300,948,RAD,horizontal,1,22.91,25.41,55.1,41.3,49,28.68,1.36,0.30,6,0.76,0,0,horizontal best
2026-08-24T15:31:39.427,949,RAD,horizontal,1,22.94,25.44,55.3,40.7,54,28.70,1.36,0.33,6,0.82,0,0,horizontal best
2026-08-24T15:31:39.524,950,RAD,horizontal,1,22.94,25.44,55.3,40.7,54,28.70,1.36,0.33,6,0.82,0,0,horizontal best
2026-08-24T15:31:39.652,951,RAD,horizontal,1,22.96,25.46,55.2,40.5,62,28.72,1.36,0.38,6,0.86,0,0,horizontal best
2026-08-24T15:31:39.746,952,RAD,horizontal,1,22.96,25.46,54.9,40.7,58,28.72,1.36,0.35,6,0.81,0,0,horizontal best
2026-08-24T15:31:39.884,953,RAD,horizontal,1,22.94,25.44,54.8,40.8,58,28.72,1.36,0.35,6,0.81,0,0,horizontal best
2026-08-24T15:31:39.968,954,RAD,horizontal,1,22.89,25.39,54.3,41.0,113,28.68,1.31,0.51,7,0.87,0,0,horizontal best
2026-08-24T15:31:40.095,955,RAD,horizontal,1,22.89,25.39,54.8,42.0,117,28.72,1.33,0.61,7,1.41,0,0,horizontal best
2026-08-24T15:31:40.196,956,RAD,horizontal,1,22.89,25.39,54.0,41.9,64,28.74,1.40,0.46,6,0.71,0,0,horizontal best
2026-08-24T15:31:40.320,957,RAD,horizontal,1,22.89,25.39,54.7,42.2,120,28.72,1.42,0.59,6,1.38,0,0,horizontal best
2026-08-24T15:31:40.447,958,RAD,horizontal,1,22.91,25.41,55.0,42.1,120,28.86,1.55,0.64,6,1.40,0,0,horizontal best
2026-08-24T15:31:40.545,959,RAD,horizontal,1,22.89,25.39,54.5,41.5,111,28.83,1.55,0.59,6,0.86,0,0,horizontal best
2026-08-24T15:31:40.672,960,RAD,horizontal,1,22.89,25.39,54.2,41.2,111,28.79,1.55,0.59,6,0.87,0,0,horizontal best
2026-08-24T15:31:40.768,961,RAD,horizontal,1,22.89,25.39,54.9,41.7,120,28.77,1.55,0.64,6,1.42,0,0,horizontal best
2026-08-24T15:31:40.899,962,RAD,horizontal,1,22.87,25.37,53.6,43.5,48,28.77,1.00,0.59,5,0.62,0,0,horizontal best
2026-08-24T15:31:40.998,963,RAD,horizontal,1,22.87,25.37,53.8,42.0,113,28.74,1.55,0.60,5,0.85,0,0,horizontal best
2026-08-24T15:31:41.125,964,RAD,horizontal,1,22.84,25.34,53.6,42.3,63,28.74,1.67,0.47,5,0.67,0,0,horizontal best
2026-08-24T15:31:41.220,965,RAD,horizontal,1,22.82,25.32,53.5,42.4,63,28.74,1.67,0.47,5,0.67,0,0,horizontal best
2026-08-24T15:31:41.348,966,RAD,horizontal,1,22.80,25.30,53.5,42.3,65,28.74,1.67,0.48,5,0.66,0,0,horizontal best
2026-08-24T15:31:41.473,967,RAD,horizontal,1,22.77,25.27,53.9,41.4,112,28.68,1.55,0.60,5,0.86,0,0,horizontal best
2026-08-24T15:31:41.568,968,RAD,horizontal,1,22.75,25.25,54.7,41.8,119,28.61,1.55,0.64,5,1.49,0,0,horizontal best
2026-08-24T15:31:41.700,969,RAD,horizontal,1,22.75,25.25,54.9,41.9,120,28.59,1.70,0.71,5,1.48,0,0,horizontal best
2026-08-24T15:31:41.798,970,RAD,horizontal,1,22.75,25.25,54.7,42.2,112,28.55,1.70,0.66,5,1.41,0,0,horizontal best
2026-08-24T15:31:41.924,971,RAD,horizontal,1,22.75,25.25,54.4,42.3,114,28.55,1.60,0.71,5,1.45,0,0,horizontal best
2026-08-24T15:31:42.020,972,RAD,horizontal,1,22.73,25.23,54.1,42.2,118,28.55,1.70,0.69,5,1.39,0,0,horizontal best
2026-08-24T15:31:42.147,973,RAD,horizontal,1,22.70,25.20,53.9,42.2,117,28.55,1.70,0.69,5,1.43,0,0,horizontal best
2026-08-24T15:31:42.278,974,RAD,horizontal,1,22.70,25.20,53.8,42.1,120,28.55,1.70,0.71,5,1.41,0,0,horizontal best
2026-08-24T15:31:42.371,975,RAD,horizontal,1,22.70,25.20,53.8,42.1,120,28.55,1.70,0.71,5,1.41,0,0,horizontal best
2026-08-24T15:31:42.501,976,RAD,horizontal,1,22.73,25.23,53.1,41.3,115,28.55,1.89,0.75,5,0.92,0,0,horizontal best
2026-08-24T15:31:42.594,977,RAD,horizontal,1,22.70,25.20,53.7,41.7,119,28.57,1.70,0.70,4,1.42,0,0,horizontal best
2026-08-24T15:31:42.725,978,RAD,horizontal,1,22.68,25.18,53.9,42.0,119,28.55,1.70,0.70,4,1.41,0,0,horizontal best
2026-08-24T15:31:42.821,979,RAD,horizontal,1,22.68,25.18,53.1,41.3,116,28.55,1.89,0.76,4,0.92,0,0,horizontal best
2026-08-24T15:31:42.943,980,RAD,horizontal,1,22.68,25.18,53.4,41.9,117,28.55,1.70,0.69,4,1.36,0,0,horizontal best
2026-08-24T15:31:43.044,981,RAD,horizontal,1,22.70,25.20,53.5,42.1,120,28.63,1.55,0.64,4,1.41,0,0,horizontal best
2026-08-24T15:31:43.173,982,RAD,horizontal,1,22.70,25.20,53.4,42.2,119,28.66,1.55,0.64,4,1.37,0,0,horizontal best
2026-08-24T15:31:43.301,983,RAD,horizontal,1,22.70,25.20,53.3,42.3,117,28.66,1.33,0.61,4,1.38,0,0,horizontal best
2026-08-24T15:31:43.397,984,RAD,horizontal,1,22.73,25.23,53.1,42.4,119,28.63,1.33,0.62,4,1.35,0,0,horizontal best
2026-08-24T15:31:43.524,985,RAD,horizontal,1,22.75,25.25,53.0,42.4,119,28.70,1.33,0.62,4,1.39,0,0,horizontal best
2026-08-24T15:31:43.622,986,RAD,horizontal,1,22.75,25.25,53.0,42.4,118,28.70,1.33,0.61,4,1.35,0,0,horizontal best
2026-08-24T15:31:43.751,987,RAD,horizontal,1,22.80,25.30,52.9,42.4,119,28.70,1.33,0.62,4,1.35,0,0,horizontal best
2026-08-24T15:31:43.844,988,RAD,horizontal,2,22.80,25.30,52.9,42.4,118,28.70,1.33,0.61,4,1.36,0,0,horizontal best
2026-08-24T15:31:43.844,988,RAD,horizontal,2,22.80,25.30,56.6,111.4,433,31.04,0.70,0.57,6,1.45,0,0,horizontal best
2026-08-24T15:31:43.970,989,RAD,horizontal,2,22.80,25.30,53.0,42.4,116,28.70,1.33,0.60,4,1.38,0,0,horizontal best
2026-08-24T15:31:43.970,989,RAD,horizontal,2,22.80,25.30,58.9,110.7,490,30.80,0.76,0.59,6,1.43,0,0,horizontal best
2026-08-24T15:31:44.099,990,RAD,horizontal,2,22.80,25.30,53.0,42.3,117,28.92,1.33,0.61,4,1.39,0,0,horizontal best
2026-08-24T15:31:44.099,990,RAD,horizontal,2,22.80,25.30,60.3,110.1,525,30.71,0.84,0.61,8,1.35,0,0,horizontal best
2026-08-24T15:31:44.195,991,RAD,horizontal,2,22.80,25.30,52.9,42.2,115,28.92,1.45,0.65,4,1.33,0,0,horizontal best
2026-08-24T15:31:44.195,991,RAD,horizontal,2,22.80,25.30,60.8,109.5,550,30.69,0.88,0.61,5,1.30,0,0,horizontal best
2026-08-24T15:31:44.325,992,RAD,horizontal,2,22.77,25.27,52.9,42.2,114,28.97,1.45,0.65,4,1.32,0,0,horizontal best
2026-08-24T15:31:44.325,992,RAD,horizontal,2,22.77,25.27,61.0,109.0,568,30.85,0.97,0.61,8,1.26,0,0,horizontal best
2026-08-24T15:31:44.426,993,RAD,horizontal,2,22.77,25.27,52.8,42.2,116,29.06,1.33,0.60,4,1.33,0,0,horizontal best
2026-08-24T15:31:44.426,993,RAD,horizontal,2,22.77,25.27,61.7,110.3,449,30.85,0.70,0.71,9,0.84,0,0,horizontal best
2026-08-24T15:31:44.553,994,RAD,horizontal,2,22.77,25.27,52.8,42.3,118,29.12,1.23,0.57,4,1.40,0,0,horizontal best
2026-08-24T15:31:44.553,994,RAD,horizontal,2,22.77,25.27,61.5,110.5,470,30.71,0.73,0.71,9,0.87,0,0,horizontal best
2026-08-24T15:31:44.647,995,RAD,horizontal,2,22.77,25.27,52.9,42.3,118,29.12,1.23,0.57,4,1.40,0,0,horizontal best
2026-08-24T15:31:44.647,995,RAD,horizontal,2,22.77,25.27,60.7,110.4,475,31.00,0.76,0.74,9,0.88,0,0,horizontal best
2026-08-24T15:31:44.777,996,RAD,horizontal,2,22.77,25.27,52.9,42.3,118,29.14,1.23,0.57,4,1.40,0,0,horizontal best
2026-08-24T15:31:44.777,996,RAD,horizontal,2,22.77,25.27,59.8,110.0,492,30.93,0.79,0.74,9,0.90,0,0,horizontal best
2026-08-24T15:31:44.870,997,RAD,horizontal,2,22.77,25.27,52.8,42.3,119,29.12,1.23,0.57,4,1.41,0,0,horizontal best
2026-08-24T15:31:44.870,997,RAD,horizontal,2,22.77,25.27,59.0,109.6,502,30.80,0.77,0.73,7,0.93,0,0,horizontal best
2026-08-24T15:31:45.001,998,RAD,horizontal,2,22.77,25.27,52.8,42.2,119,29.12,1.23,0.57,4,1.41,0,0,horizontal best
2026-08-24T15:31:45.001,998,RAD,horizontal,2,22.77,25.27,58.2,109.1,484,30.87,0.83,0.70,8,0.91,0,0,horizontal best
2026-08-24T15:31:45.128,999,RAD,horizontal,2,22.77,25.27,52.8,42.2,119,29.12,1.23,0.57,4,1.42,0,0,horizontal best
2026-08-24T15:31:45.128,999,RAD,horizontal,2,22.77,25.27,57.8,108.7,492,30.87,0.83,0.71,9,0.92,0,0,horizontal best
2026-08-24T15:31:45.219,1000,RAD,horizontal,2,22.80,25.30,52.8,42.3,118,29.12,1.23,0.57,4,1.41,0,0,horizontal best
2026-08-24T15:31:45.219,1000,RAD,horizontal,2,22.80,25.30,57.5,108.6,496,30.91,0.80,0.69,9,0.91,0,0,horizontal best
2026-08-24T15:31:45.350,1001,RAD,horizontal,2,22.82,25.32,52.7,42.2,117,29.10,1.33,0.61,4,1.34,0,0,horizontal best
2026-08-24T15:31:45.350,1001,RAD,horizontal,2,22.82,25.32,57.3,108.6,491,30.89,0.83,0.71,9,0.92,0,0,horizontal best
2026-08-24T15:31:45.444,1002,RAD,horizontal,2,22.87,25.37,52.7,42.1,116,29.28,1.33,0.60,4,1.33,0,0,horizontal best
2026-08-24T15:31:45.444,1002,RAD,horizontal,2,22.87,25.37,57.3,108.6,495,30.93,0.83,0.71,9,0.92,0,0,horizontal best
2026-08-24T15:31:45.574,1003,RAD,horizontal,2,22.84,25.34,52.7,42.1,119,29.26,1.45,0.68,4,1.38,0,0,horizontal best
2026-08-24T15:31:45.574,1003,RAD,horizontal,2,22.84,25.34,57.2,108.5,495,30.95,0.83,0.71,8,0.93,0,0,horizontal best
2026-08-24T15:31:45.668,1004,RAD,horizontal,2,22.84,25.34,52.7,42.2,118,29.23,1.33,0.61,4,1.39,0,0,horizontal best
2026-08-24T15:31:45.668,1004,RAD,horizontal,2,22.84,25.34,57.1,108.5,498,30.95,0.83,0.72,8,0.92,0,0,horizontal best
2026-08-24T15:31:45.804,1005,RAD,horizontal,2,22.80,25.30,52.7,42.2,118,29.19,1.33,0.61,4,1.38,0,0,horizontal best
2026-08-24T15:31:45.804,1005,RAD,horizontal,2,22.80,25.30,57.1,108.6,495,30.95,0.83,0.71,8,0.92,0,0,horizontal best
2026-08-24T15:31:45.892,1006,RAD,horizontal,2,22.80,25.30,52.7,42.2,118,29.19,1.33,0.61,4,1.39,0,0,horizontal best
2026-08-24T15:31:45.892,1006,RAD,horizontal,2,22.80,25.30,56.9,108.7,499,30.95,0.83,0.72,8,0.92,0,0,horizontal best
2026-08-24T15:31:46.021,1007,RAD,horizontal,2,22.77,25.27,52.6,42.2,119,29.19,1.33,0.62,4,1.38,0,0,horizontal best
2026-08-24T15:31:46.021,1007,RAD,horizontal,2,22.77,25.27,56.7,108.8,494,30.95,0.80,0.69,8,0.91,0,0,horizontal best
2026-08-24T15:31:46.151,1008,RAD,horizontal,2,22.77,25.27,52.6,42.2,119,29.19,1.33,0.62,4,1.38,0,0,horizontal best
2026-08-24T15:31:46.151,1008,RAD,horizontal,2,22.77,25.27,56.5,108.7,483,30.95,0.80,0.67,7,0.90,0,0,horizontal best
2026-08-24T15:31:46.246,1009,RAD,horizontal,2,22.77,25.27,52.6,42.2,119,29.19,1.33,0.62,4,1.39,0,0,horizontal best
2026-08-24T15:31:46.246,1009,RAD,horizontal,2,22.77,25.27,56.4,108.7,488,31.11,0.80,0.68,10,0.90,0,0,horizontal best
2026-08-24T15:31:46.373,1010,RAD,horizontal,2,22.77,25.27,52.6,42.2,119,29.19,1.33,0.62,4,1.38,0,0,horizontal best
2026-08-24T15:31:46.373,1010,RAD,horizontal,2,22.77,25.27,56.2,108.7,476,30.91,0.80,0.66,9,0.89,0,0,horizontal best
2026-08-24T15:31:46.473,1011,RAD,horizontal,2,22.82,25.32,52.7,42.1,116,29.19,1.33,0.60,4,1.34,0,0,horizontal best
2026-08-24T15:31:46.473,1011,RAD,horizontal,2,22.82,25.32,56.2,108.8,488,30.95,0.83,0.70,10,0.91,0,0,horizontal best
2026-08-24T15:31:46.599,1012,RAD,horizontal,2,22.82,25.32,52.8,42.2,115,29.19,1.45,0.65,4,1.35,0,0,horizontal best
2026-08-24T15:31:46.599,1012,RAD,horizontal,2,22.82,25.32,56.1,109.0,487,31.00,0.83,0.70,10,0.93,0,0,horizontal best
2026-08-24T15:31:46.696,1013,RAD,horizontal,2,22.84,25.34,52.9,42.2,116,29.17,1.45,0.66,4,1.34,0,0,horizontal best
2026-08-24T15:31:46.696,1013,RAD,horizontal,2,22.84,25.34,56.0,109.4,519,31.00,0.83,0.75,11,1.00,0,0,horizontal best
2026-08-24T15:31:46.824,1014,RAD,horizontal,2,22.82,25.32,53.0,42.2,118,29.17,1.45,0.67,4,1.40,0,0,horizontal best
2026-08-24T15:31:46.824,1014,RAD,horizontal,2,22.82,25.32,55.8,109.2,503,31.00,0.80,0.70,7,0.97,0,0,horizontal best
2026-08-24T15:31:46.952,1015,RAD,horizontal,2,22.82,25.32,53.1,42.2,117,29.17,1.45,0.66,4,1.39,0,0,horizontal best
2026-08-24T15:31:46.952,1015,RAD,horizontal,2,22.82,25.32,55.5,108.8,510,31.50,0.78,0.64,5,1.09,0,0,horizontal best
2026-08-24T15:31:47.048,1016,RAD,horizontal,2,22.84,25.34,53.1,42.1,119,29.23,1.55,0.64,4,1.38,0,0,horizontal best
2026-08-24T15:31:47.048,1016,RAD,horizontal,2,22.84,25.34,55.3,108.7,521,31.70,0.76,0.63,5,1.11,0,0,horizontal best
2026-08-24T15:31:47.176,1017,RAD,horizontal,2,22.82,25.32,53.3,42.2,115,29.17,1.70,0.68,4,1.34,0,0,horizontal best
2026-08-24T15:31:47.176,1017,RAD,horizontal,2,22.82,25.32,55.2,108.7,518,31.70,0.76,0.63,6,1.09,0,0,horizontal best
2026-08-24T15:31:47.270,1018,RAD,horizontal,2,22.80,25.30,53.3,42.3,115,29.17,1.45,0.65,4,1.38,0,0,horizontal best
2026-08-24T15:31:47.270,1018,RAD,horizontal,2,22.80,25.30,55.1,108.5,495,31.63,0.73,0.62,6,1.04,0,0,horizontal best
2026-08-24T15:31:47.400,1019,RAD,horizontal,2,22.80,25.30,53.4,42.1,116,29.17,1.70,0.68,4,1.39,0,0,horizontal best
2026-08-24T15:31:47.400,1019,RAD,horizontal,2,22.80,25.30,55.1,108.8,520,31.68,0.73,0.66,6,1.09,0,0,horizontal best
2026-08-24T15:31:47.495,1020,RAD,horizontal,2,22.80,25.30,53.5,42.1,116,29.17,1.70,0.68,4,1.40,0,0,horizontal best
2026-08-24T15:31:47.495,1020,RAD,horizontal,2,22.80,25.30,55.2,109.0,513,31.57,0.70,0.68,6,1.08,0,0,horizontal best
2026-08-24T15:31:47.622,1021,RAD,horizontal,2,22.82,25.32,53.5,42.0,117,29.14,1.70,0.69,4,1.40,0,0,horizontal best
2026-08-24T15:31:47.622,1021,RAD,horizontal,2,22.82,25.32,55.3,109.1,517,31.65,0.70,0.68,6,1.10,0,0,horizontal best
2026-08-24T15:31:47.720,1022,RAD,horizontal,2,22.82,25.32,53.5,42.0,117,29.14,1.70,0.69,4,1.40,0,0,horizontal best
2026-08-24T15:31:47.720,1022,RAD,horizontal,2,22.82,25.32,55.4,109.0,504,31.61,0.73,0.64,6,1.08,0,0,horizontal best
2026-08-24T15:31:47.849,1023,RAD,horizontal,2,22.87,25.37,53.5,42.0,116,29.06,1.70,0.68,4,1.39,0,0,horizontal best
2026-08-24T15:31:47.849,1023,RAD,horizontal,2,22.87,25.37,55.5,109.1,503,31.63,0.73,0.64,7,1.07,0,0,horizontal best
2026-08-24T15:31:47.979,1024,RAD,horizontal,2,22.89,25.39,53.5,41.9,117,29.12,1.70,0.69,4,1.38,0,0,horizontal best
2026-08-24T15:31:47.979,1024,RAD,horizontal,2,22.89,25.39,55.5,109.1,510,31.63,0.73,0.64,5,1.08,0,0,horizontal best
2026-08-24T15:31:48.074,1025,RAD,horizontal,2,22.87,25.37,53.5,42.0,113,29.12,1.89,0.74,4,1.39,0,0,horizontal best
2026-08-24T15:31:48.074,1025,RAD,horizontal,2,22.87,25.37,55.5,109.2,507,31.55,0.73,0.64,6,1.06,0,0,horizontal best
2026-08-24T15:31:48.202,1026,RAD,horizontal,2,22.87,25.37,53.6,42.1,115,29.17,1.89,0.75,4,1.41,0,0,horizontal best
2026-08-24T15:31:48.202,1026,RAD,horizontal,2,22.87,25.37,55.6,109.2,509,31.55,0.75,0.66,7,1.06,0,0,horizontal best
2026-08-24T15:31:48.297,1027,RAD,horizontal,2,22.84,25.34,53.7,42.1,115,29.19,1.89,0.75,4,1.39,0,0,horizontal best
2026-08-24T15:31:48.297,1027,RAD,horizontal,2,22.84,25.34,55.7,109.3,503,31.55,0.72,0.68,8,1.07,0,0,horizontal best
2026-08-24T15:31:48.425,1028,RAD,horizontal,2,22.84,25.34,53.7,42.1,115,29.19,1.89,0.75,4,1.38,0,0,horizontal best
2026-08-24T15:31:48.425,1028,RAD,horizontal,2,22.84,25.34,55.8,109.3,502,31.55,0.72,0.68,6,1.08,0,0,horizontal best
2026-08-24T15:31:48.521,1029,RAD,horizontal,2,22.82,25.32,53.8,42.2,118,29.19,1.70,0.69,4,1.43,0,0,horizontal best
2026-08-24T15:31:48.521,1029,RAD,horizontal,2,22.82,25.32,55.9,109.4,495,31.55,0.72,0.67,8,1.07,0,0,horizontal best
2026-08-24T15:31:48.648,1030,RAD,horizontal,2,22.82,25.32,53.9,42.1,120,29.19,1.70,0.71,4,1.46,0,0,horizontal best
2026-08-24T15:31:48.648,1030,RAD,horizontal,2,22.82,25.32,55.9,109.5,495,31.55,0.72,0.67,8,1.07,0,0,horizontal best
2026-08-24T15:31:48.777,1031,RAD,horizontal,2,22.82,25.32,53.9,42.2,120,29.19,1.70,0.71,4,1.47,0,0,horizontal best
2026-08-24T15:31:48.777,1031,RAD,horizontal,2,22.82,25.32,55.9,109.6,497,31.50,0.72,0.68,8,1.06,0,0,horizontal best
2026-08-24T15:31:48.869,1032,RAD,horizontal,2,22.82,25.32,53.9,42.0,118,29.19,1.89,0.77,4,1.40,0,0,horizontal best
2026-08-24T15:31:48.869,1032,RAD,horizontal,2,22.82,25.32,56.0,109.6,486,31.59,0.72,0.66,6,1.05,0,0,horizontal best
2026-08-24T15:31:48.997,1033,RAD,horizontal,2,22.82,25.32,53.9,42.0,117,29.19,1.89,0.76,4,1.37,0,0,horizontal best
2026-08-24T15:31:48.997,1033,RAD,horizontal,2,22.82,25.32,56.1,109.6,488,31.68,0.72,0.66,7,1.07,0,0,horizontal best
2026-08-24T15:31:49.093,1034,RAD,horizontal,2,22.82,25.32,53.9,42.0,117,29.14,1.89,0.76,4,1.36,0,0,horizontal best
2026-08-24T15:31:49.093,1034,RAD,horizontal,2,22.82,25.32,56.1,109.6,486,31.72,0.72,0.66,7,1.06,0,0,horizontal best
2026-08-24T15:31:49.222,1035,RAD,horizontal,2,22.82,25.32,53.9,42.1,118,29.12,1.89,0.77,4,1.39,0,0,horizontal best
2026-08-24T15:31:49.222,1035,RAD,horizontal,2,22.82,25.32,56.1,109.7,490,31.83,0.72,0.67,6,1.11,0,0,horizontal best
2026-08-24T15:31:49.322,1036,RAD,horizontal,2,22.84,25.34,53.8,42.0,119,29.19,1.89,0.78,4,1.37,0,0,horizontal best
2026-08-24T15:31:49.322,1036,RAD,horizontal,2,22.84,25.34,54.9,108.2,651,31.89,0.97,0.62,3,1.46,0,0,horizontal best
2026-08-24T15:31:49.447,1037,RAD,horizontal,2,22.82,25.32,53.8,42.1,115,29.21,1.78,0.80,4,1.41,0,0,horizontal best
2026-08-24T15:31:49.447,1037,RAD,horizontal,2,22.82,25.32,54.4,107.7,649,31.83,0.94,0.63,3,1.47,0,0,horizontal best
2026-08-24T15:31:49.543,1038,RAD,horizontal,2,22.82,25.32,53.7,42.1,118,29.21,1.70,0.69,4,1.42,0,0,horizontal best
2026-08-24T15:31:49.543,1038,RAD,horizontal,2,22.82,25.32,54.3,107.6,651,31.76,0.94,0.64,3,1.49,0,0,horizontal best
2026-08-24T15:31:49.672,1039,RAD,horizontal,2,22.82,25.32,53.5,42.2,114,29.19,1.70,0.67,4,1.42,0,0,horizontal best
2026-08-24T15:31:49.672,1039,RAD,horizontal,2,22.82,25.32,54.2,107.7,654,31.61,0.94,0.64,3,1.51,0,0,horizontal best
2026-08-24T15:31:49.802,1040,RAD,horizontal,2,22.77,25.27,53.2,42.3,116,29.19,1.45,0.66,4,1.46,0,0,horizontal best
2026-08-24T15:31:49.802,1040,RAD,horizontal,2,22.77,25.27,54.1,107.8,647,31.61,0.94,0.63,4,1.51,0,0,horizontal best
2026-08-24T15:31:49.895,1041,RAD,horizontal,2,22.77,25.27,52.7,42.5,120,29.21,1.23,0.58,4,1.42,0,0,horizontal best
2026-08-24T15:31:49.895,1041,RAD,horizontal,2,22.77,25.27,55.3,109.4,480,31.61,0.71,0.70,6,1.12,0,0,horizontal best
2026-08-24T15:31:50.024,1042,RAD,horizontal,2,22.80,25.30,51.3,41.7,114,29.41,1.23,0.55,4,0.97,0,0,horizontal best
2026-08-24T15:31:50.024,1042,RAD,horizontal,2,22.80,25.30,54.6,108.6,647,31.61,0.94,0.63,4,1.49,0,0,horizontal best
2026-08-24T15:31:50.120,1043,RAD,horizontal,2,22.82,25.32,50.5,41.2,117,29.41,1.14,0.52,4,1.01,0,0,horizontal best
2026-08-24T15:31:50.120,1043,RAD,horizontal,2,22.82,25.32,54.2,108.2,649,31.98,0.94,0.63,3,1.53,0,0,horizontal best
2026-08-24T15:31:50.248,1044,RAD,horizontal,2,22.87,25.37,50.1,41.0,119,29.61,1.07,0.50,4,1.10,0,0,horizontal best
2026-08-24T15:31:50.248,1044,RAD,horizontal,2,22.87,25.37,53.9,108.0,651,31.98,0.94,0.64,4,1.53,0,0,horizontal best
2026-08-24T15:31:50.344,1045,RAD,horizontal,2,22.87,25.37,50.1,41.2,113,29.61,1.07,0.47,4,1.04,0,0,horizontal best
2026-08-24T15:31:50.344,1045,RAD,horizontal,2,22.87,25.37,55.1,109.5,491,31.76,0.74,0.69,5,1.15,0,0,horizontal best
2026-08-24T15:31:50.472,1046,RAD,horizontal,2,22.87,25.37,47.2,38.7,37,28.39,1.33,0.77,1,1.45,0,0,horizontal best
2026-08-24T15:31:50.472,1046,RAD,horizontal,2,22.87,25.37,55.4,110.3,508,31.55,0.74,0.71,6,1.24,0,0,horizontal best
2026-08-24T15:31:50.600,1047,RAD,horizontal,2,22.87,25.37,46.0,37.8,36,28.32,1.33,0.75,1,1.53,0,0,horizontal best
2026-08-24T15:31:50.600,1047,RAD,horizontal,2,22.87,25.37,55.5,110.5,504,30.93,0.73,0.76,9,0.91,0,0,horizontal best
2026-08-24T15:31:50.694,1048,RAD,horizontal,3,22.87,25.37,45.0,37.5,35,28.28,1.33,0.73,1,1.45,0,0,horizontal best
2026-08-24T15:31:50.694,1048,RAD,horizontal,3,22.87,25.37,55.6,110.5,498,31.02,0.73,0.75,7,0.98,0,0,horizontal best
2026-08-24T15:31:50.694,1048,RAD,horizontal,3,22.87,25.37,53.8,44.7,83,29.57,1.00,0.69,3,1.54,0,0,horizontal best
2026-08-24T15:31:50.823,1049,RAD,horizontal,3,22.87,25.37,44.0,37.6,30,28.37,1.00,0.83,1,1.33,0,0,horizontal best
2026-08-24T15:31:50.823,1049,RAD,horizontal,3,22.87,25.37,55.9,110.3,481,31.09,0.73,0.73,8,0.93,0,0,horizontal best
2026-08-24T15:31:50.823,1049,RAD,horizontal,3,22.87,25.37,53.8,44.7,83,29.50,1.00,0.69,3,1.55,0,0,horizontal best
2026-08-24T15:31:50.917,1050,RAD,horizontal,3,22.87,25.37,42.7,38.1,30,28.17,1.60,0.75,1,1.41,0,0,horizontal best
2026-08-24T15:31:50.917,1050,RAD,horizontal,3,22.87,25.37,56.1,110.2,475,31.09,0.73,0.72,7,0.93,0,0,horizontal best
2026-08-24T15:31:50.917,1050,RAD,horizontal,3,22.87,25.37,53.9,44.6,81,29.50,1.10,0.74,3,1.55,0,0,horizontal best
2026-08-24T15:31:51.046,1051,RAD,horizontal,3,22.87,25.37,41.9,38.4,35,28.26,1.33,0.73,1,1.46,0,0,horizontal best
2026-08-24T15:31:51.046,1051,RAD,horizontal,3,22.87,25.37,56.1,110.1,477,31.26,0.73,0.72,7,0.94,0,0,horizontal best
2026-08-24T15:31:51.046,1051,RAD,horizontal,3,22.87,25.37,54.0,44.6,81,29.45,1.10,0.74,3,1.56,0,0,horizontal best
2026-08-24T15:31:51.140,1052,RAD,horizontal,3,22.84,25.34,41.5,38.7,31,28.26,1.60,0.78,1,1.43,0,0,horizontal best
2026-08-24T15:31:51.140,1052,RAD,horizontal,3,22.84,25.34,56.0,110.1,474,31.26,0.73,0.72,6,0.94,0,0,horizontal best
2026-08-24T15:31:51.140,1052,RAD,horizontal,3,22.84,25.34,54.0,44.6,81,29.45,1.10,0.74,3,1.56,0,0,horizontal best
2026-08-24T15:31:51.270,1053,RAD,horizontal,3,22.84,25.34,41.1,39.2,37,28.19,1.33,0.77,1,1.51,0,0,horizontal best
2026-08-24T15:31:51.270,1053,RAD,horizontal,3,22.84,25.34,55.9,110.1,474,31.26,0.73,0.72,6,0.94,0,0,horizontal best
2026-08-24T15:31:51.270,1053,RAD,horizontal,3,22.84,25.34,54.0,44.6,80,29.32,1.10,0.73,3,1.53,0,0,horizontal best
2026-08-24T15:31:51.365,1054,RAD,horizontal,3,22.82,25.32,40.8,39.6,41,28.30,1.14,0.73,1,1.46,0,0,horizontal best
2026-08-24T15:31:51.365,1054,RAD,horizontal,3,22.82,25.32,55.9,110.1,473,31.15,0.73,0.72,5,0.94,0,0,horizontal best
2026-08-24T15:31:51.365,1054,RAD,horizontal,3,22.82,25.32,54.0,44.6,76,29.23,1.22,0.77,4,1.42,0,0,horizontal best
2026-08-24T15:31:51.495,1055,RAD,horizontal,3,22.80,25.30,40.6,39.9,44,28.46,1.29,0.70,1,1.54,0,0,horizontal best
2026-08-24T15:31:51.495,1055,RAD,horizontal,3,22.80,25.30,56.1,110.1,473,31.11,0.73,0.72,6,0.93,0,0,horizontal best
2026-08-24T15:31:51.495,1055,RAD,horizontal,3,22.80,25.30,54.0,44.7,78,29.23,1.10,0.71,4,1.50,0,0,horizontal best
2026-08-24T15:31:51.624,1056,RAD,horizontal,3,22.80,25.30,40.4,40.2,44,28.52,1.50,0.81,1,1.48,0,0,horizontal best
2026-08-24T15:31:51.624,1056,RAD,horizontal,3,22.80,25.30,56.1,110.2,473,30.98,0.73,0.72,6,0.94,0,0,horizontal best
2026-08-24T15:31:51.624,1056,RAD,horizontal,3,22.80,25.30,54.0,44.7,79,29.23,1.10,0.72,3,1.55,0,0,horizontal best
2026-08-24T15:31:51.717,1057,RAD,horizontal,3,22.80,25.30,40.4,40.2,48,28.43,1.83,0.73,1,1.49,0,0,horizontal best
2026-08-24T15:31:51.717,1057,RAD,horizontal,3,22.80,25.30,56.2,110.2,475,30.98,0.71,0.70,6,0.94,0,0,horizontal best
2026-08-24T15:31:51.717,1057,RAD,horizontal,3,22.80,25.30,54.0,44.7,78,29.30,1.10,0.71,3,1.55,0,0,horizontal best
2026-08-24T15:31:51.849,1058,RAD,horizontal,3,22.80,25.30,40.5,40.5,42,28.19,1.67,0.70,2,1.40,0,0,horizontal best
2026-08-24T15:31:51.849,1058,RAD,horizontal,3,22.80,25.30,56.3,110.2,476,30.98,0.71,0.70,6,0.93,0,0,horizontal best
2026-08-24T15:31:51.849,1058,RAD,horizontal,3,22.80,25.30,54.0,44.6,79,29.30,1.10,0.72,3,1.52,0,0,horizontal best
2026-08-24T15:31:51.941,1059,RAD,horizontal,3,22.80,25.30,39.9,39.7,35,28.12,1.80,0.78,2,0.87,0,0,horizontal best
2026-08-24T15:31:51.941,1059,RAD,horizontal,3,22.80,25.30,56.4,110.2,481,30.95,0.71,0.71,7,0.95,0,0,horizontal best
2026-08-24T15:31:51.941,1059,RAD,horizontal,3,22.80,25.30,54.0,44.6,79,29.30,1.10,0.72,3,1.51,0,0,horizontal best
2026-08-24T15:31:52.071,1060,RAD,horizontal,3,22.80,25.30,39.6,39.5,32,28.01,1.80,0.71,2,0.78,0,0,horizontal best
2026-08-24T15:31:52.071,1060,RAD,horizontal,3,22.80,25.30,56.4,110.2,481,30.98,0.71,0.71,8,0.95,0,0,horizontal best
2026-08-24T15:31:52.071,1060,RAD,horizontal,3,22.80,25.30,53.9,44.6,81,29.45,1.00,0.67,3,1.51,0,0,horizontal best
2026-08-24T15:31:52.164,1061,RAD,horizontal,3,22.80,25.30,39.4,39.5,35,27.99,1.67,0.58,2,0.81,0,0,horizontal best
2026-08-24T15:31:52.164,1061,RAD,horizontal,3,22.80,25.30,56.4,110.2,477,30.95,0.73,0.72,7,0.94,0,0,horizontal best
2026-08-24T15:31:52.164,1061,RAD,horizontal,3,22.80,25.30,53.8,44.6,83,29.43,1.00,0.69,3,1.49,0,0,horizontal best
2026-08-24T15:31:52.294,1062,RAD,horizontal,3,22.80,25.30,39.2,39.7,33,28.03,1.67,0.55,2,0.73,0,0,horizontal best
2026-08-24T15:31:52.294,1062,RAD,horizontal,3,22.80,25.30,56.4,110.2,479,30.95,0.73,0.73,6,0.95,0,0,horizontal best
2026-08-24T15:31:52.294,1062,RAD,horizontal,3,22.80,25.30,53.7,44.6,85,29.32,1.00,0.70,3,1.52,0,0,horizontal best
2026-08-24T15:31:52.394,1063,RAD,horizontal,3,22.80,25.30,39.0,39.8,35,28.17,1.67,0.58,2,0.78,0,0,horizontal best
2026-08-24T15:31:52.394,1063,RAD,horizontal,3,22.80,25.30,56.3,110.2,480,30.95,0.71,0.70,7,0.95,0,0,horizontal best
2026-08-24T15:31:52.394,1063,RAD,horizontal,3,22.80,25.30,53.6,44.6,86,29.34,1.00,0.71,4,1.52,0,0,horizontal best
2026-08-24T15:31:52.517,1064,RAD,horizontal,3,22.80,25.30,39.0,39.8,35,28.17,1.67,0.58,2,0.78,0,0,horizontal best
2026-08-24T15:31:52.517,1064,RAD,horizontal,3,22.80,25.30,56.3,110.2,475,30.95,0.71,0.70,8,0.95,0,0,horizontal best
2026-08-24T15:31:52.517,1064,RAD,horizontal,3,22.80,25.30,53.6,44.6,84,29.34,1.00,0.69,4,1.50,0,0,horizontal best
2026-08-24T15:31:52.653,1065,RAD,horizontal,3,22.80,25.30,39.0,39.8,35,28.15,1.67,0.58,2,0.80,0,0,horizontal best
2026-08-24T15:31:52.653,1065,RAD,horizontal,3,22.80,25.30,56.3,110.2,474,30.93,0.71,0.70,8,0.95,0,0,horizontal best
2026-08-24T15:31:52.653,1065,RAD,horizontal,3,22.80,25.30,53.6,44.6,86,29.54,1.00,0.71,3,1.53,0,0,horizontal best
2026-08-24T15:31:52.742,1066,RAD,horizontal,3,22.82,25.32,39.0,39.7,35,28.26,1.67,0.58,2,0.81,0,0,horizontal best
2026-08-24T15:31:52.742,1066,RAD,horizontal,3,22.82,25.32,56.1,110.1,394,31.02,0.71,0.70,8,0.93,0,0,horizontal best
2026-08-24T15:31:52.742,1066,RAD,horizontal,3,22.82,25.32,53.6,44.8,90,29.57,1.09,0.68,3,1.58,0,0,horizontal best
2026-08-24T15:31:52.870,1067,RAD,horizontal,3,22.80,25.30,39.1,39.7,34,28.26,1.67,0.57,2,0.80,0,0,horizontal best
2026-08-24T15:31:52.870,1067,RAD,horizontal,3,22.80,25.30,56.0,110.0,397,31.02,0.71,0.71,8,0.94,0,0,horizontal best
2026-08-24T15:31:52.870,1067,RAD,horizontal,3,22.80,25.30,53.6,44.8,90,29.45,1.09,0.68,3,1.57,0,0,horizontal best
2026-08-24T15:31:52.965,1068,RAD,horizontal,3,22.80,25.30,39.2,39.7,33,28.03,1.67,0.55,2,0.75,0,0,horizontal best
2026-08-24T15:31:52.965,1068,RAD,horizontal,3,22.80,25.30,56.0,110.1,474,31.02,0.71,0.70,8,0.97,0,0,horizontal best
2026-08-24T15:31:52.965,1068,RAD,horizontal,3,22.80,25.30,53.5,44.8,87,29.41,1.00,0.72,3,1.56,0,0,horizontal best
2026-08-24T15:31:53.100,1069,RAD,horizontal,3,22.80,25.30,39.2,39.5,33,28.03,2.00,0.66,2,0.76,0,0,horizontal best
2026-08-24T15:31:53.100,1069,RAD,horizontal,3,22.80,25.30,56.0,110.2,474,31.02,0.71,0.70,8,0.97,0,0,horizontal best
2026-08-24T15:31:53.100,1069,RAD,horizontal,3,22.80,25.30,53.1,44.6,91,29.37,1.09,0.69,4,1.59,0,0,horizontal best
2026-08-24T15:31:53.192,1070,RAD,horizontal,3,22.80,25.30,39.2,39.4,34,28.35,2.20,0.62,2,0.82,0,0,horizontal best
2026-08-24T15:31:53.192,1070,RAD,horizontal,3,22.80,25.30,56.0,110.1,476,31.22,0.71,0.70,7,0.97,0,0,horizontal best
2026-08-24T15:31:53.192,1070,RAD,horizontal,3,22.80,25.30,52.7,44.3,87,29.43,1.20,0.72,3,1.58,0,0,horizontal best
2026-08-24T15:31:53.319,1071,RAD,horizontal,2,22.78,25.28,56.0,110.1,473,31.20,0.71,0.69,7,0.97,0,0,horizontal best
2026-08-24T15:31:53.319,1071,RAD,horizontal,2,22.78,25.28,52.1,44.3,81,29.45,1.33,0.75,3,1.54,0,0,horizontal best
2026-08-24T15:31:53.447,1072,RAD,horizontal,2,22.80,25.30,56.0,110.1,473,31.17,0.71,0.69,6,0.96,0,0,horizontal best
2026-08-24T15:31:53.447,1072,RAD,horizontal,2,22.80,25.30,51.7,44.4,82,29.50,1.44,0.70,3,1.65,0,0,horizontal best
2026-08-24T15:31:53.540,1073,RAD,horizontal,2,22.80,25.30,56.0,110.1,473,31.04,0.71,0.69,6,0.96,0,0,horizontal best
2026-08-24T15:31:53.540,1073,RAD,horizontal,2,22.80,25.30,51.4,44.5,76,29.23,1.62,0.73,3,1.54,0,0,horizontal best
2026-08-24T15:31:53.669,1074,RAD,horizontal,2,22.80,25.30,56.1,110.1,473,31.04,0.71,0.69,6,0.96,0,0,horizontal best
2026-08-24T15:31:53.669,1074,RAD,horizontal,2,22.80,25.30,51.3,44.5,76,29.39,1.62,0.73,3,1.55,0,0,horizontal best
2026-08-24T15:31:53.765,1075,RAD,horizontal,2,22.80,25.30,56.1,110.1,473,31.04,0.71,0.69,6,0.96,0,0,horizontal best
2026-08-24T15:31:53.765,1075,RAD,horizontal,2,22.80,25.30,51.5,44.4,78,29.37,1.33,0.72,3,1.61,0,0,horizontal best
2026-08-24T15:31:53.896,1076,RAD,horizontal,2,22.80,25.30,56.1,110.2,470,31.02,0.71,0.69,7,0.95,0,0,horizontal best
2026-08-24T15:31:53.896,1076,RAD,horizontal,2,22.80,25.30,51.6,44.1,75,29.37,1.33,0.69,3,1.51,0,0,horizontal best
2026-08-24T15:31:53.990,1077,RAD,horizontal,2,22.77,25.27,56.1,110.2,468,31.02,0.71,0.69,7,0.96,0,0,horizontal best
2026-08-24T15:31:53.990,1077,RAD,horizontal,2,22.77,25.27,51.9,44.1,75,29.48,1.33,0.69,3,1.59,0,0,horizontal best
2026-08-24T15:31:54.121,1078,RAD,horizontal,2,22.77,25.27,56.1,110.2,468,31.02,0.71,0.69,7,0.96,0,0,horizontal best
2026-08-24T15:31:54.121,1078,RAD,horizontal,2,22.77,25.27,52.0,44.1,75,29.41,1.33,0.69,3,1.53,0,0,horizontal best
2026-08-24T15:31:54.213,1079,RAD,horizontal,2,22.77,25.27,55.9,110.0,475,31.04,0.77,0.69,8,0.97,0,0,horizontal best
2026-08-24T15:31:54.213,1079,RAD,horizontal,2,22.77,25.27,52.2,44.1,79,29.43,1.20,0.66,3,1.62,0,0,horizontal best
2026-08-24T15:31:54.343,1080,RAD,horizontal,2,22.77,25.27,55.9,109.9,480,31.15,0.77,0.70,6,0.97,0,0,horizontal best
2026-08-24T15:31:54.343,1080,RAD,horizontal,2,22.77,25.27,52.5,44.3,72,29.43,1.22,0.73,3,1.59,0,0,horizontal best
2026-08-24T15:31:54.471,1081,RAD,horizontal,3,22.77,25.27,55.7,109.9,485,31.20,0.77,0.70,6,0.98,0,0,horizontal best
2026-08-24T15:31:54.471,1081,RAD,horizontal,3,22.77,25.27,52.8,44.1,79,29.39,1.33,0.73,2,1.67,0,0,horizontal best
2026-08-24T15:31:54.471,1081,RAD,horizontal,3,22.77,25.27,39.9,38.6,33,28.41,2.00,0.66,1,0.77,0,0,horizontal best
2026-08-24T15:31:54.567,1082,RAD,horizontal,3,22.77,25.27,55.6,109.8,485,31.20,0.77,0.70,7,0.97,0,0,horizontal best
2026-08-24T15:31:54.567,1082,RAD,horizontal,3,22.77,25.27,52.9,44.1,78,29.34,1.33,0.72,3,1.69,0,0,horizontal best
2026-08-24T15:31:54.567,1082,RAD,horizontal,3,22.77,25.27,39.9,38.4,31,28.41,1.80,0.69,1,0.77,0,0,horizontal best
2026-08-24T15:31:54.694,1083,RAD,horizontal,3,22.80,25.30,55.4,109.6,491,31.09,0.80,0.68,7,0.98,0,0,horizontal best
2026-08-24T15:31:54.694,1083,RAD,horizontal,3,22.80,25.30,52.9,44.1,78,29.17,1.33,0.72,3,1.64,0,0,horizontal best
2026-08-24T15:31:54.694,1083,RAD,horizontal,3,22.80,25.30,39.8,38.4,31,28.41,1.80,0.69,1,0.76,0,0,horizontal best
2026-08-24T15:31:54.790,1084,RAD,horizontal,3,22.80,25.30,55.1,109.6,491,31.33,0.77,0.66,7,0.98,0,0,horizontal best
2026-08-24T15:31:54.790,1084,RAD,horizontal,3,22.80,25.30,52.9,44.2,75,29.17,1.22,0.76,3,1.64,0,0,horizontal best
2026-08-24T15:31:54.790,1084,RAD,horizontal,3,22.80,25.30,39.8,38.5,31,28.37,1.80,0.69,1,0.74,0,0,horizontal best
2026-08-24T15:31:54.918,1085,RAD,horizontal,3,22.84,25.34,54.8,109.3,506,31.48,0.83,0.67,8,1.01,0,0,horizontal best
2026-08-24T15:31:54.918,1085,RAD,horizontal,3,22.84,25.34,52.9,44.2,75,29.28,1.22,0.76,3,1.65,0,0,horizontal best
2026-08-24T15:31:54.918,1085,RAD,horizontal,3,22.84,25.34,39.8,38.5,32,28.35,1.80,0.71,1,0.77,0,0,horizontal best
2026-08-24T15:31:55.013,1086,RAD,horizontal,3,22.84,25.34,54.3,109.0,516,31.46,0.87,0.66,6,1.02,0,0,horizontal best
2026-08-24T15:31:55.013,1086,RAD,horizontal,3,22.84,25.34,52.9,44.2,75,29.28,1.22,0.76,3,1.65,0,0,horizontal best
2026-08-24T15:31:55.013,1086,RAD,horizontal,3,22.84,25.34,39.8,38.5,32,28.37,1.80,0.71,1,0.79,0,0,horizontal best
2026-08-24T15:31:55.143,1087,RAD,horizontal,3,22.84,25.34,53.9,108.9,511,31.37,0.87,0.66,9,1.00,0,0,horizontal best
2026-08-24T15:31:55.143,1087,RAD,horizontal,3,22.84,25.34,52.9,44.3,74,29.26,1.22,0.75,3,1.66,0,0,horizontal best
2026-08-24T15:31:55.143,1087,RAD,horizontal,3,22.84,25.34,39.8,38.5,32,28.37,1.80,0.71,2,0.80,0,0,horizontal best
2026-08-24T15:31:55.272,1088,RAD,horizontal,3,22.87,25.37,53.4,108.7,521,31.39,0.87,0.67,6,1.02,0,0,horizontal best
2026-08-24T15:31:55.272,1088,RAD,horizontal,3,22.87,25.37,52.9,44.2,75,29.30,1.22,0.76,2,1.67,0,0,horizontal best
2026-08-24T15:31:55.272,1088,RAD,horizontal,3,22.87,25.37,39.8,38.5,31,28.41,1.80,0.69,2,0.80,0,0,horizontal best
2026-08-24T15:31:55.365,1089,RAD,horizontal,3,22.84,25.34,53.0,108.5,529,31.28,0.90,0.65,7,1.05,0,0,horizontal best
2026-08-24T15:31:55.365,1089,RAD,horizontal,3,22.84,25.34,52.9,44.2,75,29.30,1.22,0.76,3,1.67,0,0,horizontal best
2026-08-24T15:31:55.365,1089,RAD,horizontal,3,22.84,25.34,39.8,38.5,31,28.41,1.80,0.69,2,0.80,0,0,horizontal best
2026-08-24T15:31:55.495,1090,RAD,horizontal,3,22.89,25.39,52.8,108.3,535,31.46,0.87,0.64,8,1.07,0,0,horizontal best
2026-08-24T15:31:55.495,1090,RAD,horizontal,3,22.89,25.39,52.9,44.2,75,29.32,1.22,0.76,3,1.67,0,0,horizontal best
2026-08-24T15:31:55.495,1090,RAD,horizontal,3,22.89,25.39,39.8,38.5,31,28.41,1.80,0.69,2,0.80,0,0,horizontal best
2026-08-24T15:31:55.587,1091,RAD,horizontal,3,22.89,25.39,52.6,108.2,534,31.37,0.90,0.66,6,1.08,0,0,horizontal best
2026-08-24T15:31:55.587,1091,RAD,horizontal,3,22.89,25.39,52.9,44.2,75,29.32,1.22,0.76,3,1.66,0,0,horizontal best
2026-08-24T15:31:55.587,1091,RAD,horizontal,3,22.89,25.39,39.8,38.5,31,28.41,1.80,0.69,2,0.78,0,0,horizontal best
2026-08-24T15:31:55.719,1092,RAD,horizontal,3,22.89,25.39,52.4,107.9,546,31.37,0.93,0.65,6,1.10,0,0,horizontal best
2026-08-24T15:31:55.719,1092,RAD,horizontal,3,22.89,25.39,52.9,44.2,75,29.32,1.22,0.76,3,1.67,0,0,horizontal best
2026-08-24T15:31:55.719,1092,RAD,horizontal,3,22.89,25.39,39.8,38.4,31,28.57,1.80,0.69,1,0.85,0,0,horizontal best
2026-08-24T15:31:55.813,1093,RAD,horizontal,3,22.91,25.41,52.3,107.9,541,31.44,0.93,0.64,7,1.09,0,0,horizontal best
2026-08-24T15:31:55.813,1093,RAD,horizontal,3,22.91,25.41,52.9,44.2,74,29.30,1.22,0.75,3,1.66,0,0,horizontal best
2026-08-24T15:31:55.813,1093,RAD,horizontal,3,22.91,25.41,39.8,38.6,32,28.55,2.00,0.64,2,0.82,0,0,horizontal best
2026-08-24T15:31:55.942,1094,RAD,horizontal,2,22.94,25.44,52.5,107.5,517,31.44,0.93,0.62,8,1.06,0,0,horizontal best
2026-08-24T15:31:55.942,1094,RAD,horizontal,2,22.94,25.44,53.0,44.2,74,29.32,1.22,0.75,3,1.68,0,0,horizontal best
2026-08-24T15:31:56.038,1095,RAD,horizontal,2,22.94,25.44,52.4,107.7,538,31.44,0.93,0.64,8,1.09,0,0,horizontal best
2026-08-24T15:31:56.038,1095,RAD,horizontal,2,22.94,25.44,53.0,44.2,74,29.30,1.22,0.75,3,1.68,0,0,horizontal best
2026-08-24T15:31:56.164,1096,RAD,horizontal,2,22.94,25.44,52.2,107.5,517,31.33,0.93,0.62,8,1.05,0,0,horizontal best
2026-08-24T15:31:56.164,1096,RAD,horizontal,2,22.94,25.44,53.0,44.3,73,29.30,1.22,0.74,3,1.67,0,0,horizontal best
2026-08-24T15:31:56.294,1097,RAD,horizontal,2,22.91,25.41,52.0,107.3,520,31.33,0.93,0.62,9,1.08,0,0,horizontal best
2026-08-24T15:31:56.294,1097,RAD,horizontal,2,22.91,25.41,53.0,44.3,73,29.30,1.22,0.74,3,1.67,0,0,horizontal best
2026-08-24T15:31:56.390,1098,RAD,horizontal,2,22.94,25.44,52.0,107.2,524,31.52,0.97,0.60,6,1.09,0,0,horizontal best
2026-08-24T15:31:56.390,1098,RAD,horizontal,2,22.94,25.44,53.0,44.3,73,29.28,1.22,0.74,3,1.66,0,0,horizontal best
2026-08-24T15:31:56.516,1099,RAD,horizontal,2,22.94,25.44,52.0,107.2,524,31.50,0.97,0.60,6,1.09,0,0,horizontal best
2026-08-24T15:31:56.516,1099,RAD,horizontal,2,22.94,25.44,53.0,44.3,73,29.28,1.22,0.74,3,1.65,0,0,horizontal best
2026-08-24T15:31:56.614,1100,RAD,horizontal,2,22.94,25.44,52.1,106.9,511,31.50,0.97,0.59,6,1.05,0,0,horizontal best
2026-08-24T15:31:56.614,1100,RAD,horizontal,2,22.94,25.44,53.0,44.3,73,29.21,1.22,0.74,3,1.65,0,0,horizontal best
2026-08-24T15:31:56.744,1101,RAD,horizontal,2,22.94,25.44,52.1,107.1,526,31.50,0.97,0.60,6,1.10,0,0,horizontal best
2026-08-24T15:31:56.744,1101,RAD,horizontal,2,22.94,25.44,53.0,44.3,73,29.34,1.22,0.74,3,1.64,0,0,horizontal best
2026-08-24T15:31:56.836,1102,RAD,horizontal,2,22.94,25.44,52.3,106.7,509,31.50,0.97,0.59,6,1.04,0,0,horizontal best
2026-08-24T15:31:56.836,1102,RAD,horizontal,2,22.94,25.44,53.0,44.3,73,29.30,1.22,0.74,3,1.63,0,0,horizontal best
2026-08-24T15:31:56.964,1103,RAD,horizontal,2,22.94,25.44,52.5,106.3,428,31.48,1.00,0.59,6,1.06,0,0,horizontal best
2026-08-24T15:31:56.964,1103,RAD,horizontal,2,22.94,25.44,52.9,44.3,75,29.23,1.10,0.68,3,1.63,0,0,horizontal best
2026-08-24T15:31:57.095,1104,RAD,horizontal,2,22.94,25.44,52.9,106.2,497,31.46,1.00,0.59,6,1.03,0,0,horizontal best
2026-08-24T15:31:57.095,1104,RAD,horizontal,2,22.94,25.44,52.8,44.4,75,29.14,1.10,0.68,3,1.61,0,0,horizontal best
2026-08-24T15:31:57.187,1105,RAD,horizontal,2,22.94,25.44,53.5,106.1,490,31.30,1.07,0.58,10,1.01,0,0,horizontal best
2026-08-24T15:31:57.187,1105,RAD,horizontal,2,22.94,25.44,53.0,44.3,72,29.10,1.22,0.73,3,1.59,0,0,horizontal best
2026-08-24T15:31:57.316,1106,RAD,horizontal,2,22.96,25.46,54.0,106.0,511,31.44,1.03,0.59,5,1.04,0,0,horizontal best
2026-08-24T15:31:57.316,1106,RAD,horizontal,2,22.96,25.46,53.0,44.4,73,29.10,1.22,0.74,3,1.62,0,0,horizontal best
2026-08-24T15:31:57.413,1107,RAD,horizontal,2,22.96,25.46,54.7,106.1,508,31.44,1.04,0.63,6,1.04,0,0,horizontal best
2026-08-24T15:31:57.413,1107,RAD,horizontal,2,22.96,25.46,53.0,44.4,73,29.10,1.22,0.74,3,1.62,0,0,horizontal best
2026-08-24T15:31:57.539,1108,RAD,horizontal,2,22.94,25.44,55.5,106.2,509,31.70,1.04,0.63,5,1.02,0,0,horizontal best
2026-08-24T15:31:57.539,1108,RAD,horizontal,2,22.94,25.44,53.0,44.4,72,29.12,1.22,0.73,3,1.62,0,0,horizontal best
2026-08-24T15:31:57.636,1109,RAD,horizontal,2,22.94,25.44,56.2,106.2,505,31.55,1.00,0.60,6,1.03,0,0,horizontal best
2026-08-24T15:31:57.636,1109,RAD,horizontal,2,22.94,25.44,53.0,44.4,72,29.12,1.22,0.73,3,1.62,0,0,horizontal best
2026-08-24T15:31:57.767,1110,RAD,horizontal,2,22.94,25.44,56.9,106.4,498,31.20,1.00,0.64,7,1.03,0,0,horizontal best
2026-08-24T15:31:57.767,1110,RAD,horizontal,2,22.94,25.44,53.0,44.5,72,29.12,1.22,0.73,3,1.62,0,0,horizontal best
2026-08-24T15:31:57.859,1111,RAD,horizontal,2,22.94,25.44,57.3,106.7,476,31.13,0.93,0.65,7,1.01,0,0,horizontal best
2026-08-24T15:31:57.859,1111,RAD,horizontal,2,22.94,25.44,53.0,44.5,72,29.12,1.22,0.73,3,1.62,0,0,horizontal best
2026-08-24T15:31:57.992,1112,RAD,horizontal,3,22.94,25.44,57.2,107.0,462,31.09,0.93,0.63,7,0.99,0,0,horizontal best
2026-08-24T15:31:57.992,1112,RAD,horizontal,3,22.94,25.44,53.0,44.4,72,29.12,1.22,0.73,3,1.62,0,0,horizontal best
2026-08-24T15:31:57.992,1112,RAD,horizontal,3,22.94,25.44,39.7,38.9,32,28.72,2.00,0.64,2,0.75,0,0,horizontal best
2026-08-24T15:31:58.118,1113,RAD,horizontal,3,22.91,25.41,56.4,107.2,446,31.30,0.89,0.64,7,0.97,0,0,horizontal best
2026-08-24T15:31:58.118,1113,RAD,horizontal,3,22.91,25.41,53.0,44.4,72,29.12,1.22,0.73,3,1.62,0,0,horizontal best
2026-08-24T15:31:58.118,1113,RAD,horizontal,3,22.91,25.41,39.7,38.9,32,28.72,2.00,0.64,2,0.76,0,0,horizontal best
2026-08-24T15:31:58.211,1114,RAD,horizontal,2,22.89,25.39,54.8,107.2,438,31.13,0.86,0.60,8,0.95,0,0,horizontal best
2026-08-24T15:31:58.211,1114,RAD,horizontal,2,22.89,25.39,53.0,44.4,72,29.12,1.22,0.73,3,1.62,0,0,horizontal best
2026-08-24T15:31:58.344,1115,RAD,horizontal,3,22.87,25.37,52.5,107.3,440,31.06,0.86,0.61,7,0.95,0,0,horizontal best
2026-08-24T15:31:58.344,1115,RAD,horizontal,3,22.87,25.37,53.0,44.4,72,29.12,1.22,0.73,3,1.61,0,0,horizontal best
2026-08-24T15:31:58.344,1115,RAD,horizontal,3,22.87,25.37,39.7,38.9,32,28.55,2.00,0.64,2,0.74,0,0,horizontal best
2026-08-24T15:31:58.438,1116,RAD,horizontal,3,22.87,25.37,49.8,107.0,423,31.00,0.86,0.58,10,0.94,0,0,horizontal best
2026-08-24T15:31:58.438,1116,RAD,horizontal,3,22.87,25.37,53.0,44.4,72,29.08,1.22,0.73,3,1.61,0,0,horizontal best
2026-08-24T15:31:58.438,1116,RAD,horizontal,3,22.87,25.37,39.6,38.9,33,28.55,2.00,0.66,2,0.76,0,0,horizontal best
2026-08-24T15:31:58.567,1117,RAD,horizontal,3,22.84,25.34,47.3,106.9,438,31.00,0.87,0.56,9,0.97,0,0,horizontal best
2026-08-24T15:31:58.567,1117,RAD,horizontal,3,22.84,25.34,53.0,44.4,72,29.08,1.22,0.73,3,1.62,0,0,horizontal best
2026-08-24T15:31:58.567,1117,RAD,horizontal,3,22.84,25.34,39.6,38.8,33,28.55,2.00,0.66,2,0.75,0,0,horizontal best
2026-08-24T15:31:58.660,1118,RAD,horizontal,3,22.82,25.32,45.5,106.3,422,31.30,0.87,0.54,7,0.93,0,0,horizontal best
2026-08-24T15:31:58.660,1118,RAD,horizontal,3,22.82,25.32,53.0,44.5,71,29.08,1.22,0.72,3,1.64,0,0,horizontal best
2026-08-24T15:31:58.660,1118,RAD,horizontal,3,22.82,25.32,39.6,38.8,33,28.55,2.00,0.66,2,0.75,0,0,horizontal best
2026-08-24T15:31:58.791,1119,RAD,horizontal,3,22.82,25.32,44.2,106.6,451,31.28,0.84,0.56,7,0.99,0,0,horizontal best
2026-08-24T15:31:58.791,1119,RAD,horizontal,3,22.82,25.32,53.0,44.5,71,29.08,1.22,0.72,3,1.65,0,0,horizontal best
2026-08-24T15:31:58.791,1119,RAD,horizontal,3,22.82,25.32,39.6,38.8,33,28.55,2.00,0.66,2,0.76,0,0,horizontal best
2026-08-24T15:31:58.887,1120,RAD,horizontal,3,22.80,25.30,43.4,106.2,413,31.33,0.87,0.53,6,0.96,0,0,horizontal best
2026-08-24T15:31:58.887,1120,RAD,horizontal,3,22.80,25.30,53.0,44.4,73,29.08,1.22,0.74,3,1.62,0,0,horizontal best
2026-08-24T15:31:58.887,1120,RAD,horizontal,3,22.80,25.30,39.6,38.8,33,28.55,2.00,0.66,2,0.78,0,0,horizontal best
2026-08-24T15:31:59.014,1121,RAD,horizontal,3,22.80,25.30,42.7,106.3,425,31.26,0.90,0.52,5,0.99,0,0,horizontal best
2026-08-24T15:31:59.014,1121,RAD,horizontal,3,22.80,25.30,53.0,44.4,73,29.06,1.22,0.74,3,1.62,0,0,horizontal best
2026-08-24T15:31:59.014,1121,RAD,horizontal,3,22.80,25.30,39.5,39.0,33,28.55,1.67,0.55,1,0.80,0,0,horizontal best
2026-08-24T15:31:59.142,1122,RAD,horizontal,3,22.80,25.30,42.3,106.3,414,31.22,0.93,0.53,6,0.99,0,0,horizontal best
2026-08-24T15:31:59.142,1122,RAD,horizontal,3,22.80,25.30,53.0,44.4,73,29.06,1.22,0.74,3,1.63,0,0,horizontal best
2026-08-24T15:31:59.142,1122,RAD,horizontal,3,22.80,25.30,39.4,39.1,33,28.55,1.67,0.55,2,0.79,0,0,horizontal best
2026-08-24T15:31:59.238,1123,RAD,horizontal,3,22.77,25.27,42.1,106.3,411,31.13,0.93,0.52,7,1.01,0,0,horizontal best
2026-08-24T15:31:59.238,1123,RAD,horizontal,3,22.77,25.27,53.0,44.4,73,29.03,1.22,0.74,3,1.63,0,0,horizontal best
2026-08-24T15:31:59.238,1123,RAD,horizontal,3,22.77,25.27,39.2,39.5,39,28.48,1.83,0.59,2,0.95,0,0,horizontal best
2026-08-24T15:31:59.367,1124,RAD,horizontal,2,22.77,25.27,42.1,106.4,417,31.15,0.93,0.53,7,1.00,0,0,horizontal best
2026-08-24T15:31:59.367,1124,RAD,horizontal,2,22.77,25.27,48.8,42.6,55,29.03,0.00,0.00,5,0.55,0,0,horizontal best
2026-08-24T15:31:59.460,1125,RAD,horizontal,3,22.80,25.30,42.3,106.5,417,31.15,0.93,0.53,6,0.99,0,0,horizontal best
2026-08-24T15:31:59.460,1125,RAD,horizontal,3,22.80,25.30,51.2,43.7,75,29.06,1.10,0.68,3,1.64,0,0,horizontal best
2026-08-24T15:31:59.460,1125,RAD,horizontal,3,22.80,25.30,38.6,42.2,55,28.57,2.33,0.65,2,1.55,0,0,horizontal best
2026-08-24T15:31:59.591,1126,RAD,horizontal,2,22.77,25.27,42.6,106.6,411,31.15,0.90,0.55,6,0.98,0,0,horizontal best
2026-08-24T15:31:59.591,1126,RAD,horizontal,2,22.77,25.27,47.2,42.8,60,29.03,0.00,0.00,5,0.57,0,0,horizontal best
2026-08-24T15:31:59.687,1127,RAD,horizontal,2,22.75,25.25,43.0,106.7,404,30.98,0.83,0.54,5,0.99,0,0,horizontal best
2026-08-24T15:31:59.687,1127,RAD,horizontal,2,22.75,25.25,45.3,42.4,64,29.01,0.41,0.32,5,0.57,0,0,horizontal best
2026-08-24T15:31:59.814,1128,RAD,horizontal,2,22.77,25.27,43.7,106.9,423,31.46,0.83,0.56,7,0.96,0,0,horizontal best
2026-08-24T15:31:59.814,1128,RAD,horizontal,2,22.77,25.27,44.2,42.3,71,29.14,0.39,0.34,5,0.59,0,0,horizontal best
2026-08-24T15:31:59.947,1129,RAD,horizontal,3,22.80,25.30,44.9,107.3,433,31.02,0.83,0.58,8,0.94,0,0,horizontal best
2026-08-24T15:31:59.947,1129,RAD,horizontal,3,22.80,25.30,50.1,43.8,76,29.12,1.10,0.69,3,1.61,0,0,horizontal best
2026-08-24T15:31:59.947,1129,RAD,horizontal,3,22.80,25.30,36.4,44.0,74,28.88,1.75,0.66,1,1.53,0,0,horizontal best
2026-08-24T15:32:00.038,1130,RAD,horizontal,2,22.82,25.32,46.5,107.5,450,31.39,0.77,0.60,7,0.93,0,0,horizontal best
2026-08-24T15:32:00.038,1130,RAD,horizontal,2,22.82,25.32,41.9,43.3,70,29.12,0.35,0.38,5,0.58,0,0,horizontal best
2026-08-24T15:32:00.166,1131,RAD,horizontal,3,22.82,25.32,48.8,107.3,442,30.89,0.77,0.59,9,0.88,0,0,horizontal best
2026-08-24T15:32:00.166,1131,RAD,horizontal,3,22.82,25.32,53.0,44.6,75,29.12,1.10,0.68,3,1.62,0,0,horizontal best
2026-08-24T15:32:00.166,1131,RAD,horizontal,3,22.82,25.32,38.5,44.1,71,29.03,1.62,0.68,1,1.54,0,0,horizontal best
2026-08-24T15:32:00.262,1132,RAD,horizontal,3,22.82,25.32,51.5,107.3,469,31.30,0.80,0.65,8,0.88,0,0,horizontal best
2026-08-24T15:32:00.262,1132,RAD,horizontal,3,22.82,25.32,53.3,44.7,75,29.10,1.10,0.68,3,1.62,0,0,horizontal best
2026-08-24T15:32:00.262,1132,RAD,horizontal,3,22.82,25.32,37.0,44.5,73,28.83,1.62,0.70,1,1.47,0,0,horizontal best
2026-08-24T15:32:00.393,1133,RAD,horizontal,2,22.82,25.32,54.2,107.3,470,31.33,0.80,0.65,9,0.87,0,0,horizontal best
2026-08-24T15:32:00.393,1133,RAD,horizontal,2,22.82,25.32,41.8,43.7,76,29.37,0.00,0.00,5,0.61,0,0,horizontal best
2026-08-24T15:32:00.486,1134,RAD,horizontal,2,22.84,25.34,56.4,107.3,472,31.20,0.80,0.66,9,0.86,0,0,horizontal best
2026-08-24T15:32:00.486,1134,RAD,horizontal,2,22.84,25.34,44.1,43.2,75,29.37,0.00,0.00,5,0.61,0,0,horizontal best
2026-08-24T15:32:00.617,1135,RAD,horizontal,3,22.84,25.34,58.0,107.0,456,31.30,0.83,0.66,10,0.84,0,0,horizontal best
2026-08-24T15:32:00.617,1135,RAD,horizontal,3,22.84,25.34,53.0,44.5,76,29.37,1.10,0.69,3,1.61,0,0,horizontal best
2026-08-24T15:32:00.617,1135,RAD,horizontal,3,22.84,25.34,39.3,44.5,79,28.79,1.56,0.63,1,1.54,0,0,horizontal best
2026-08-24T15:32:00.709,1136,RAD,horizontal,2,22.84,25.34,59.6,107.0,475,31.33,0.83,0.68,7,0.91,0,0,horizontal best
2026-08-24T15:32:00.709,1136,RAD,horizontal,2,22.84,25.34,42.1,44.1,72,29.37,0.43,0.31,5,0.59,0,0,horizontal best
2026-08-24T15:32:00.838,1137,RAD,horizontal,2,22.84,25.34,59.9,106.4,703,31.48,1.17,0.67,4,1.23,0,0,horizontal best
2026-08-24T15:32:00.838,1137,RAD,horizontal,2,22.84,25.34,43.8,43.9,68,29.34,0.43,0.30,5,0.58,0,0,horizontal best
2026-08-24T15:32:00.969,1138,RAD,horizontal,2,22.82,25.32,60.3,106.1,708,31.48,1.17,0.67,4,1.22,0,0,horizontal best
2026-08-24T15:32:00.969,1138,RAD,horizontal,2,22.82,25.32,44.6,43.8,64,29.32,0.43,0.28,5,0.58,0,0,horizontal best
2026-08-24T15:32:01.066,1139,RAD,horizontal,2,22.82,25.32,60.6,106.7,459,31.48,0.83,0.66,6,0.86,0,0,horizontal best
2026-08-24T15:32:01.066,1139,RAD,horizontal,2,22.82,25.32,44.4,44.0,70,29.32,0.48,0.28,5,0.59,0,0,horizontal best
2026-08-24T15:32:01.191,1140,RAD,horizontal,2,22.80,25.30,61.0,107.1,474,31.26,0.86,0.71,9,0.89,0,0,horizontal best
2026-08-24T15:32:01.191,1140,RAD,horizontal,2,22.80,25.30,44.2,44.2,70,29.32,0.48,0.28,5,0.59,0,0,horizontal best
2026-08-24T15:32:01.288,1141,RAD,horizontal,2,22.80,25.30,61.1,107.2,481,31.35,0.86,0.72,9,0.90,0,0,horizontal best
2026-08-24T15:32:01.288,1141,RAD,horizontal,2,22.80,25.30,43.9,44.2,69,29.39,0.48,0.27,5,0.63,0,0,horizontal best
2026-08-24T15:32:01.417,1142,RAD,horizontal,2,22.80,25.30,61.1,107.3,481,31.30,0.86,0.72,11,0.90,0,0,horizontal best
2026-08-24T15:32:01.417,1142,RAD,horizontal,2,22.80,25.30,44.0,44.2,68,29.26,0.48,0.27,5,0.63,0,0,horizontal best
2026-08-24T15:32:01.512,1143,RAD,horizontal,2,22.80,25.30,61.1,107.3,480,31.30,0.86,0.71,9,0.90,0,0,horizontal best
2026-08-24T15:32:01.512,1143,RAD,horizontal,2,22.80,25.30,44.1,44.1,66,29.26,0.48,0.26,5,0.68,0,0,horizontal best
2026-08-24T15:32:01.638,1144,RAD,horizontal,2,22.80,25.30,61.1,107.2,481,31.30,0.86,0.72,9,0.90,0,0,horizontal best
2026-08-24T15:32:01.638,1144,RAD,horizontal,2,22.80,25.30,38.3,45.4,54,29.10,2.00,0.75,2,1.55,0,0,horizontal best
2026-08-24T15:32:01.766,1145,RAD,horizontal,2,22.80,25.30,61.0,107.2,479,31.30,0.86,0.71,9,0.90,0,0,horizontal best
2026-08-24T15:32:01.766,1145,RAD,horizontal,2,22.80,25.30,35.9,45.8,56,29.10,2.17,0.72,2,1.47,0,0,horizontal best
2026-08-24T15:32:01.861,1146,RAD,horizontal,3,22.80,25.30,61.0,107.2,480,31.30,0.86,0.71,9,0.89,0,0,horizontal best
2026-08-24T15:32:01.861,1146,RAD,horizontal,3,22.80,25.30,35.2,45.7,56,28.46,1.86,0.62,2,1.34,0,0,horizontal best
2026-08-24T15:32:01.861,1146,RAD,horizontal,3,22.80,25.30,52.8,44.2,79,29.23,1.20,0.66,3,1.67,0,0,horizontal best
2026-08-24T15:32:01.989,1147,RAD,horizontal,3,22.80,25.30,60.9,107.1,479,31.30,0.86,0.71,9,0.90,0,0,horizontal best
2026-08-24T15:32:01.989,1147,RAD,horizontal,3,22.80,25.30,34.4,44.6,47,28.46,1.71,0.56,2,0.83,0,0,horizontal best
2026-08-24T15:32:01.989,1147,RAD,horizontal,3,22.80,25.30,52.7,44.3,78,29.19,1.20,0.65,3,1.64,0,0,horizontal best
2026-08-24T15:32:02.085,1148,RAD,horizontal,3,22.77,25.27,60.9,107.1,479,31.33,0.86,0.71,9,0.91,0,0,horizontal best
2026-08-24T15:32:02.085,1148,RAD,horizontal,3,22.77,25.27,34.2,43.8,43,28.43,2.00,0.60,2,0.84,0,0,horizontal best
2026-08-24T15:32:02.085,1148,RAD,horizontal,3,22.77,25.27,52.6,44.2,80,29.45,1.20,0.67,3,1.65,0,0,horizontal best
2026-08-24T15:32:02.216,1149,RAD,horizontal,3,22.78,25.28,60.9,107.1,480,31.33,0.86,0.71,9,0.90,0,0,horizontal best
2026-08-24T15:32:02.216,1149,RAD,horizontal,3,22.78,25.28,34.6,43.4,46,28.43,2.00,0.64,1,0.83,0,0,horizontal best
2026-08-24T15:32:02.216,1149,RAD,horizontal,3,22.78,25.28,52.4,44.1,83,29.30,1.20,0.69,3,1.64,0,0,horizontal best
2026-08-24T15:32:02.310,1150,RAD,horizontal,3,22.77,25.27,60.9,107.1,479,31.33,0.86,0.71,9,0.90,0,0,horizontal best
2026-08-24T15:32:02.310,1150,RAD,horizontal,3,22.77,25.27,35.2,43.5,44,28.66,2.00,0.61,2,0.82,0,0,horizontal best
2026-08-24T15:32:02.310,1150,RAD,horizontal,3,22.77,25.27,52.1,44.1,76,29.32,1.33,0.70,3,1.58,0,0,horizontal best
2026-08-24T15:32:02.438,1151,RAD,horizontal,3,22.77,25.27,60.9,107.1,479,31.33,0.86,0.71,9,0.90,0,0,horizontal best
2026-08-24T15:32:02.438,1151,RAD,horizontal,3,22.77,25.27,36.0,43.7,48,28.61,2.17,0.62,2,0.82,0,0,horizontal best
2026-08-24T15:32:02.438,1151,RAD,horizontal,3,22.77,25.27,52.0,44.0,77,29.28,1.33,0.71,3,1.60,0,0,horizontal best
2026-08-24T15:32:02.533,1152,RAD,horizontal,3,22.77,25.27,61.0,107.1,478,31.33,0.86,0.71,9,0.91,0,0,horizontal best
2026-08-24T15:32:02.533,1152,RAD,horizontal,3,22.77,25.27,38.1,44.3,54,28.88,1.86,0.59,2,1.36,0,0,horizontal best
2026-08-24T15:32:02.533,1152,RAD,horizontal,3,22.77,25.27,51.8,44.1,75,29.32,1.33,0.69,3,1.62,0,0,horizontal best
2026-08-24T15:32:02.662,1153,RAD,horizontal,3,22.77,25.27,61.0,107.1,478,31.33,0.86,0.71,9,0.91,0,0,horizontal best
2026-08-24T15:32:02.662,1153,RAD,horizontal,3,22.77,25.27,39.1,43.5,47,28.39,2.40,0.78,2,0.79,0,0,horizontal best
2026-08-24T15:32:02.662,1153,RAD,horizontal,3,22.77,25.27,51.7,44.0,78,29.32,1.33,0.72,3,1.66,0,0,horizontal best
2026-08-24T15:32:02.791,1154,RAD,horizontal,3,22.77,25.27,61.0,107.2,479,31.30,0.86,0.71,9,0.91,0,0,horizontal best
2026-08-24T15:32:02.791,1154,RAD,horizontal,3,22.77,25.27,40.0,43.0,38,28.72,3.00,0.79,2,0.87,0,0,horizontal best
2026-08-24T15:32:02.791,1154,RAD,horizontal,3,22.77,25.27,51.6,43.9,78,29.41,1.33,0.72,2,1.70,0,0,horizontal best
2026-08-24T15:32:02.887,1155,RAD,horizontal,2,22.77,25.27,61.1,107.2,482,31.26,0.86,0.72,9,0.91,0,0,horizontal best
2026-08-24T15:32:02.887,1155,RAD,horizontal,2,22.77,25.27,47.9,43.0,136,29.72,0.71,0.67,5,1.26,0,0,horizontal best
2026-08-24T15:32:03.019,1156,RAD,horizontal,2,22.77,25.27,61.1,107.2,481,31.15,0.86,0.72,11,0.91,0,0,horizontal best
2026-08-24T15:32:03.019,1156,RAD,horizontal,2,22.77,25.27,46.8,42.4,128,29.54,0.80,0.71,5,1.17,0,0,horizontal best
2026-08-24T15:32:03.112,1157,RAD,horizontal,2,22.77,25.27,61.1,107.0,475,31.15,0.86,0.71,11,0.88,0,0,horizontal best
2026-08-24T15:32:03.112,1157,RAD,horizontal,2,22.77,25.27,46.6,42.2,132,29.54,0.86,0.79,5,1.29,0,0,horizontal best
2026-08-24T15:32:03.239,1158,RAD,horizontal,2,22.77,25.27,61.0,107.0,475,31.17,0.86,0.71,9,0.89,0,0,horizontal best
2026-08-24T15:32:03.239,1158,RAD,horizontal,2,22.77,25.27,46.9,42.3,74,29.52,0.75,0.69,5,1.19,0,0,horizontal best
2026-08-24T15:32:03.334,1159,RAD,horizontal,2,22.75,25.25,60.9,106.6,381,31.17,0.85,0.67,9,0.89,0,0,horizontal best
2026-08-24T15:32:03.334,1159,RAD,horizontal,2,22.75,25.25,47.1,42.2,130,29.45,0.86,0.77,5,1.19,0,0,horizontal best
2026-08-24T15:32:03.461,1160,RAD,horizontal,2,22.73,25.23,60.8,106.5,380,31.15,0.85,0.66,10,0.88,0,0,horizontal best
2026-08-24T15:32:03.461,1160,RAD,horizontal,2,22.73,25.23,47.4,42.3,128,29.37,0.86,0.76,5,1.15,0,0,horizontal best
2026-08-24T15:32:03.588,1161,RAD,horizontal,2,22.73,25.23,60.9,106.3,381,31.15,0.88,0.64,9,0.88,0,0,horizontal best
2026-08-24T15:32:03.588,1161,RAD,horizontal,2,22.73,25.23,47.5,42.4,127,29.45,0.86,0.76,5,1.12,0,0,horizontal best
2026-08-24T15:32:03.688,1162,RAD,horizontal,2,22.77,25.27,60.8,106.4,386,31.15,0.88,0.65,11,0.89,0,0,horizontal best
2026-08-24T15:32:03.688,1162,RAD,horizontal,2,22.77,25.27,47.6,42.4,126,29.43,0.86,0.75,5,1.11,0,0,horizontal best
2026-08-24T15:32:03.820,1163,RAD,horizontal,2,22.77,25.27,60.9,106.4,381,31.13,0.88,0.64,11,0.87,0,0,horizontal best
2026-08-24T15:32:03.820,1163,RAD,horizontal,2,22.77,25.27,47.7,42.5,50,29.43,0.78,0.79,5,0.88,0,0,horizontal best
2026-08-24T15:32:03.908,1164,RAD,horizontal,2,22.77,25.27,61.5,106.1,356,31.13,0.88,0.65,11,0.85,0,0,horizontal best
2026-08-24T15:32:03.908,1164,RAD,horizontal,2,22.77,25.27,47.8,42.6,118,29.41,0.85,0.83,4,1.10,0,0,horizontal best
2026-08-24T15:32:04.044,1165,RAD,horizontal,2,22.75,25.25,62.5,106.6,471,31.04,0.89,0.67,10,0.93,0,0,horizontal best
2026-08-24T15:32:04.044,1165,RAD,horizontal,2,22.75,25.25,48.8,43.4,118,29.41,1.08,0.76,3,1.60,0,0,horizontal best
2026-08-24T15:32:04.134,1166,RAD,horizontal,2,22.77,25.27,63.0,107.1,471,31.00,0.89,0.73,6,0.90,0,0,horizontal best
2026-08-24T15:32:04.134,1166,RAD,horizontal,2,22.77,25.27,49.6,43.7,108,29.65,1.18,0.76,3,1.67,0,0,horizontal best
2026-08-24T15:32:04.264,1167,RAD,horizontal,2,22.77,25.27,63.7,107.8,459,31.06,0.85,0.74,6,0.91,0,0,horizontal best
2026-08-24T15:32:04.264,1167,RAD,horizontal,2,22.77,25.27,50.5,43.9,93,29.61,1.30,0.72,3,1.68,0,0,horizontal best
2026-08-24T15:32:04.358,1168,RAD,horizontal,2,22.75,25.25,64.9,108.9,417,30.98,0.88,0.76,7,0.87,0,0,horizontal best
2026-08-24T15:32:04.358,1168,RAD,horizontal,2,22.75,25.25,51.3,43.5,94,29.43,1.40,0.67,3,1.68,0,0,horizontal best
2026-08-24T15:32:04.488,1169,RAD,horizontal,2,22.77,25.27,66.7,109.6,404,30.12,0.00,0.00,11,0.84,0,0,horizontal best
2026-08-24T15:32:04.488,1169,RAD,horizontal,2,22.77,25.27,52.0,43.0,95,29.34,1.67,0.70,5,1.64,0,0,horizontal best
2026-08-24T15:32:04.618,1170,RAD,horizontal,2,22.75,25.25,69.6,108.5,463,31.04,1.26,0.69,4,1.39,0,0,horizontal best
2026-08-24T15:32:04.618,1170,RAD,horizontal,2,22.75,25.25,52.7,42.9,109,29.34,1.25,0.61,4,1.65,0,0,horizontal best
2026-08-24T15:32:04.711,1171,RAD,horizontal,2,22.75,25.25,74.0,107.9,395,30.95,1.35,0.73,4,1.51,0,0,horizontal best
2026-08-24T15:32:04.711,1171,RAD,horizontal,2,22.75,25.25,53.3,43.1,117,29.34,1.07,0.56,4,1.61,0,0,horizontal best
2026-08-24T15:32:04.842,1172,RAD,horizontal,2,22.77,25.27,79.6,107.7,383,31.22,1.35,0.71,3,1.58,0,0,horizontal best
2026-08-24T15:32:04.842,1172,RAD,horizontal,2,22.77,25.27,53.3,42.6,126,29.34,0.88,0.49,6,1.02,0,0,horizontal best
2026-08-24T15:32:04.933,1173,RAD,horizontal,2,22.77,25.27,85.1,107.1,396,31.46,1.35,0.73,3,1.61,0,0,horizontal best
2026-08-24T15:32:04.933,1173,RAD,horizontal,2,22.77,25.27,54.1,42.4,140,29.34,0.79,0.49,6,1.04,0,0,horizontal best
2026-08-24T15:32:05.066,1174,RAD,horizontal,2,22.77,25.27,90.1,106.7,420,31.39,1.27,0.68,3,1.56,0,0,horizontal best
2026-08-24T15:32:05.066,1174,RAD,horizontal,2,22.77,25.27,52.7,44.1,85,29.32,0.92,0.64,4,1.53,0,0,horizontal best
2026-08-24T15:32:05.158,1175,RAD,horizontal,2,22.80,25.30,95.1,106.2,454,30.95,1.43,0.72,5,1.48,0,0,horizontal best
2026-08-24T15:32:05.158,1175,RAD,horizontal,2,22.80,25.30,52.1,44.9,88,29.30,1.00,0.61,3,1.56,0,0,horizontal best
2026-08-24T15:32:05.288,1176,RAD,horizontal,3,22.82,25.32,100.1,105.2,488,30.56,1.65,0.74,4,1.38,0,0,horizontal best
2026-08-24T15:32:05.288,1176,RAD,horizontal,3,22.82,25.32,51.9,45.1,84,29.28,0.92,0.64,4,1.53,0,0,horizontal best
2026-08-24T15:32:05.288,1176,RAD,horizontal,3,22.82,25.32,64.9,40.0,67,28.17,1.56,0.53,1,1.34,0,0,horizontal best
2026-08-24T15:32:05.381,1177,RAD,horizontal,3,22.82,25.32,104.7,103.7,552,30.56,1.76,0.71,4,1.37,0,0,horizontal best
2026-08-24T15:32:05.381,1177,RAD,horizontal,3,22.82,25.32,52.0,44.9,79,29.23,1.00,0.65,3,1.50,0,0,horizontal best
2026-08-24T15:32:05.381,1177,RAD,horizontal,3,22.82,25.32,66.2,39.8,65,28.23,1.44,0.56,1,1.26,0,0,horizontal best
2026-08-24T15:32:05.509,1178,RAD,horizontal,3,22.84,25.34,109.0,101.9,352,30.45,1.52,0.52,5,0.92,0,0,horizontal best
2026-08-24T15:32:05.509,1178,RAD,horizontal,3,22.84,25.34,52.0,44.8,81,29.21,1.00,0.67,2,1.56,0,0,horizontal best
2026-08-24T15:32:05.509,1178,RAD,horizontal,3,22.84,25.34,67.4,39.5,66,28.23,1.44,0.56,1,1.27,0,0,horizontal best
2026-08-24T15:32:05.638,1179,RAD,horizontal,3,22.87,25.37,112.2,98.7,349,30.34,1.26,0.52,6,0.94,0,0,horizontal best
2026-08-24T15:32:05.638,1179,RAD,horizontal,3,22.87,25.37,51.9,44.7,77,29.21,1.10,0.70,2,1.51,0,0,horizontal best
2026-08-24T15:32:05.638,1179,RAD,horizontal,3,22.87,25.37,68.7,39.1,66,28.17,1.33,0.61,1,1.21,0,0,horizontal best
2026-08-24T15:32:05.733,1180,RAD,horizontal,3,22.87,25.37,113.8,98.2,769,30.34,1.73,0.66,6,1.30,0,0,horizontal best
2026-08-24T15:32:05.733,1180,RAD,horizontal,3,22.87,25.37,51.8,44.7,77,29.21,1.10,0.70,3,1.53,0,0,horizontal best
2026-08-24T15:32:05.733,1180,RAD,horizontal,3,22.87,25.37,69.9,38.8,69,28.08,1.20,0.57,1,1.20,0,0,horizontal best
2026-08-24T15:32:05.862,1181,RAD,horizontal,3,22.87,25.37,116.4,93.5,351,30.25,1.17,0.52,5,0.99,0,0,horizontal best
2026-08-24T15:32:05.862,1181,RAD,horizontal,3,22.87,25.37,51.7,44.7,77,29.21,1.10,0.70,3,1.53,0,0,horizontal best
2026-08-24T15:32:05.862,1181,RAD,horizontal,3,22.87,25.37,71.0,38.8,75,28.39,1.09,0.57,1,1.21,0,0,horizontal best
2026-08-24T15:32:05.958,1182,RAD,horizontal,3,22.89,25.39,118.4,88.6,319,30.16,1.17,0.51,5,0.97,0,0,horizontal best
2026-08-24T15:32:05.958,1182,RAD,horizontal,3,22.89,25.39,51.7,44.7,77,29.23,1.10,0.70,3,1.54,0,0,horizontal best
2026-08-24T15:32:05.958,1182,RAD,horizontal,3,22.89,25.39,72.0,38.5,77,28.41,1.18,0.54,1,1.20,0,0,horizontal best
2026-08-24T15:32:06.087,1183,RAD,horizontal,3,22.89,25.39,120.1,83.6,266,30.25,1.33,0.45,5,0.92,0,0,horizontal best
2026-08-24T15:32:06.087,1183,RAD,horizontal,3,22.89,25.39,51.6,44.7,80,29.28,1.10,0.73,3,1.52,0,0,horizontal best
2026-08-24T15:32:06.087,1183,RAD,horizontal,3,22.89,25.39,73.1,38.2,72,28.35,1.20,0.60,1,1.24,0,0,horizontal best
2026-08-24T15:32:06.182,1184,RAD,horizontal,3,22.87,25.37,119.4,84.9,643,30.43,2.08,0.54,4,1.25,0,0,horizontal best
2026-08-24T15:32:06.182,1184,RAD,horizontal,3,22.87,25.37,51.6,44.6,80,29.34,1.10,0.73,3,1.51,0,0,horizontal best
2026-08-24T15:32:06.182,1184,RAD,horizontal,3,22.87,25.37,74.0,38.1,67,28.10,1.20,0.56,1,1.17,0,0,horizontal best
2026-08-24T15:32:06.313,1185,RAD,horizontal,3,22.89,25.39,118.8,84.4,590,30.58,2.43,0.55,5,1.25,0,0,horizontal best
2026-08-24T15:32:06.313,1185,RAD,horizontal,3,22.89,25.39,51.6,44.6,79,29.34,1.10,0.72,3,1.50,0,0,horizontal best
2026-08-24T15:32:06.313,1185,RAD,horizontal,3,22.89,25.39,74.3,38.0,66,28.10,1.33,0.61,2,1.18,0,0,horizontal best
2026-08-24T15:32:06.438,1186,RAD,horizontal,3,22.89,25.39,117.7,83.3,566,29.97,2.52,0.51,6,1.20,0,0,horizontal best
2026-08-24T15:32:06.438,1186,RAD,horizontal,3,22.89,25.39,51.5,44.6,79,29.34,1.10,0.72,3,1.50,0,0,horizontal best
2026-08-24T15:32:06.438,1186,RAD,horizontal,3,22.89,25.39,74.5,37.9,60,28.12,1.50,0.62,2,1.17,0,0,horizontal best
2026-08-24T15:32:06.535,1187,RAD,horizontal,3,22.89,25.39,116.5,80.5,544,30.16,2.42,0.62,4,1.18,0,0,horizontal best
2026-08-24T15:32:06.535,1187,RAD,horizontal,3,22.89,25.39,51.5,44.6,79,29.34,1.10,0.72,3,1.47,0,0,horizontal best
2026-08-24T15:32:06.535,1187,RAD,horizontal,3,22.89,25.39,74.3,37.8,58,28.17,1.71,0.69,1,1.16,0,0,horizontal best
2026-08-24T15:32:06.663,1188,RAD,horizontal,3,22.89,25.39,115.3,77.3,519,30.14,2.15,0.60,5,1.18,0,0,horizontal best
2026-08-24T15:32:06.663,1188,RAD,horizontal,3,22.89,25.39,51.6,44.6,79,29.34,1.10,0.72,3,1.47,0,0,horizontal best
2026-08-24T15:32:06.663,1188,RAD,horizontal,3,22.89,25.39,73.7,37.6,52,28.17,1.57,0.68,1,1.16,0,0,horizontal best
2026-08-24T15:32:06.756,1189,RAD,horizontal,3,22.87,25.37,114.3,74.8,474,30.10,2.26,0.58,3,1.12,0,0,horizontal best
2026-08-24T15:32:06.756,1189,RAD,horizontal,3,22.87,25.37,51.6,44.6,79,29.34,1.10,0.72,3,1.47,0,0,horizontal best
2026-08-24T15:32:06.756,1189,RAD,horizontal,3,22.87,25.37,73.3,37.4,51,28.03,1.57,0.66,1,1.20,0,0,horizontal best
2026-08-24T15:32:06.886,1190,RAD,horizontal,3,22.89,25.39,113.5,72.7,437,30.08,2.26,0.53,4,1.13,0,0,horizontal best
2026-08-24T15:32:06.886,1190,RAD,horizontal,3,22.89,25.39,51.8,44.5,79,29.52,1.10,0.72,3,1.43,0,0,horizontal best
2026-08-24T15:32:06.886,1190,RAD,horizontal,3,22.89,25.39,72.7,37.0,52,28.03,1.57,0.68,1,1.21,0,0,horizontal best
2026-08-24T15:32:06.981,1191,RAD,horizontal,3,22.87,25.37,112.7,71.1,391,30.05,2.47,0.55,5,1.10,0,0,horizontal best
2026-08-24T15:32:06.981,1191,RAD,horizontal,3,22.87,25.37,52.0,44.5,79,29.50,1.10,0.72,3,1.49,0,0,horizontal best
2026-08-24T15:32:06.981,1191,RAD,horizontal,3,22.87,25.37,72.4,36.8,51,27.97,1.43,0.73,2,1.25,0,0,horizontal best
2026-08-24T15:32:07.112,1192,RAD,horizontal,3,22.84,25.34,112.8,63.3,109,30.12,1.23,0.52,5,0.68,0,0,horizontal best
2026-08-24T15:32:07.112,1192,RAD,horizontal,3,22.84,25.34,52.2,44.4,76,29.41,1.10,0.69,3,1.45,0,0,horizontal best
2026-08-24T15:32:07.112,1192,RAD,horizontal,3,22.84,25.34,72.5,36.6,47,27.90,1.43,0.67,2,1.23,0,0,horizontal best
2026-08-24T15:32:07.205,1193,RAD,horizontal,3,22.84,25.34,111.2,65.6,335,29.97,2.31,0.57,4,1.17,0,0,horizontal best
2026-08-24T15:32:07.205,1193,RAD,horizontal,3,22.84,25.34,52.3,44.4,75,29.39,1.10,0.68,3,1.45,0,0,horizontal best
2026-08-24T15:32:07.205,1193,RAD,horizontal,3,22.84,25.34,72.5,36.1,48,27.90,1.57,0.62,1,1.26,0,0,horizontal best
2026-08-24T15:32:07.335,1194,RAD,horizontal,3,22.84,25.34,109.5,66.0,297,29.83,2.53,0.52,4,1.10,0,0,horizontal best
2026-08-24T15:32:07.335,1194,RAD,horizontal,3,22.84,25.34,52.4,44.5,75,29.39,1.10,0.68,3,1.48,0,0,horizontal best
2026-08-24T15:32:07.335,1194,RAD,horizontal,3,22.84,25.34,72.5,35.8,45,27.88,1.67,0.75,1,1.21,0,0,horizontal best
2026-08-24T15:32:07.462,1195,RAD,horizontal,3,22.84,25.34,107.6,66.7,274,29.88,3.08,0.53,3,1.10,0,0,horizontal best
2026-08-24T15:32:07.462,1195,RAD,horizontal,3,22.84,25.34,52.4,44.5,75,29.12,1.10,0.68,3,1.46,0,0,horizontal best
2026-08-24T15:32:07.462,1195,RAD,horizontal,3,22.84,25.34,71.6,35.9,53,27.97,0.91,0.48,2,1.26,0,0,horizontal best
2026-08-24T15:32:07.557,1196,RAD,horizontal,3,22.82,25.32,105.4,66.7,260,29.52,2.77,0.56,2,1.06,0,0,horizontal best
2026-08-24T15:32:07.557,1196,RAD,horizontal,3,22.82,25.32,52.4,44.4,75,29.10,1.10,0.68,3,1.46,0,0,horizontal best
2026-08-24T15:32:07.557,1196,RAD,horizontal,3,22.82,25.32,71.3,35.8,46,28.01,1.43,0.66,1,1.22,0,0,horizontal best
2026-08-24T15:32:07.687,1197,RAD,horizontal,3,22.84,25.34,102.5,65.6,224,29.48,3.00,0.62,4,1.04,0,0,horizontal best
2026-08-24T15:32:07.687,1197,RAD,horizontal,3,22.84,25.34,52.5,44.5,74,29.10,1.10,0.67,3,1.50,0,0,horizontal best
2026-08-24T15:32:07.687,1197,RAD,horizontal,3,22.84,25.34,71.1,35.7,41,28.17,1.29,0.65,1,1.20,0,0,horizontal best
2026-08-24T15:32:07.778,1198,RAD,horizontal,3,22.82,25.32,99.8,64.6,192,29.08,3.30,0.58,5,1.01,0,0,horizontal best
2026-08-24T15:32:07.778,1198,RAD,horizontal,3,22.82,25.32,52.5,44.5,75,29.08,1.10,0.68,3,1.50,0,0,horizontal best
2026-08-24T15:32:07.778,1198,RAD,horizontal,3,22.82,25.32,70.7,35.8,37,28.08,1.33,0.77,1,1.15,0,0,horizontal best
2026-08-24T15:32:07.907,1199,RAD,horizontal,3,22.82,25.32,97.5,64.3,188,29.41,3.67,0.63,4,1.01,0,0,horizontal best
2026-08-24T15:32:07.907,1199,RAD,horizontal,3,22.82,25.32,52.5,44.5,75,29.06,1.10,0.68,3,1.50,0,0,horizontal best
2026-08-24T15:32:07.907,1199,RAD,horizontal,3,22.82,25.32,70.4,35.7,38,28.03,1.50,0.70,1,1.15,0,0,horizontal best
2026-08-24T15:32:08.003,1200,RAD,horizontal,3,22.80,25.30,95.0,63.9,185,29.54,3.56,0.64,4,1.05,0,0,horizontal best
2026-08-24T15:32:08.003,1200,RAD,horizontal,3,22.80,25.30,52.5,44.5,75,29.01,1.10,0.68,3,1.50,0,0,horizontal best
2026-08-24T15:32:08.003,1200,RAD,horizontal,3,22.80,25.30,70.1,35.6,33,27.85,1.80,0.73,1,1.04,0,0,horizontal best
2026-08-24T15:32:08.131,1201,RAD,horizontal,3,22.77,25.27,92.3,63.7,184,29.28,2.91,0.52,4,1.05,0,0,horizontal best
2026-08-24T15:32:08.131,1201,RAD,horizontal,3,22.77,25.27,52.5,44.5,74,29.01,1.10,0.67,3,1.48,0,0,horizontal best
2026-08-24T15:32:08.131,1201,RAD,horizontal,3,22.77,25.27,70.0,35.7,31,27.81,1.60,0.78,2,1.07,0,0,horizontal best
2026-08-24T15:32:08.260,1202,RAD,horizontal,3,22.75,25.25,89.2,62.7,167,29.59,3.20,0.52,3,1.03,0,0,horizontal best
2026-08-24T15:32:08.260,1202,RAD,horizontal,3,22.75,25.25,52.5,44.4,74,28.97,1.10,0.67,2,1.46,0,0,horizontal best
2026-08-24T15:32:08.260,1202,RAD,horizontal,3,22.75,25.25,69.4,35.0,28,27.79,1.50,0.52,2,0.70,0,0,horizontal best
2026-08-24T15:32:08.355,1203,RAD,horizontal,3,22.73,25.23,86.4,60.8,173,29.72,4.25,0.64,3,1.10,0,0,horizontal best
2026-08-24T15:32:08.355,1203,RAD,horizontal,3,22.73,25.23,52.5,44.4,74,28.97,1.10,0.67,3,1.47,0,0,horizontal best
2026-08-24T15:32:08.355,1203,RAD,horizontal,3,22.73,25.23,70.1,35.3,28,28.01,2.25,0.78,2,1.11,0,0,horizontal best
2026-08-24T15:32:08.484,1204,RAD,horizontal,3,22.73,25.23,83.9,59.4,168,29.92,3.56,0.58,3,1.08,0,0,horizontal best
2026-08-24T15:32:08.484,1204,RAD,horizontal,3,22.73,25.23,52.5,44.4,73,28.97,1.10,0.66,3,1.46,0,0,horizontal best
2026-08-24T15:32:08.484,1204,RAD,horizontal,3,22.73,25.23,70.4,35.5,28,28.01,2.25,0.78,2,1.10,0,0,horizontal best
2026-08-24T15:32:08.579,1205,RAD,horizontal,3,22.75,25.25,81.9,59.0,162,29.97,3.33,0.60,2,1.10,0,0,horizontal best
2026-08-24T15:32:08.579,1205,RAD,horizontal,3,22.75,25.25,52.6,44.4,75,29.01,1.10,0.68,3,1.52,0,0,horizontal best
2026-08-24T15:32:08.579,1205,RAD,horizontal,3,22.75,25.25,70.6,35.6,30,28.03,1.80,0.67,2,1.25,0,0,horizontal best
2026-08-24T15:32:08.710,1206,RAD,horizontal,3,22.77,25.27,79.3,57.5,146,29.79,1.64,0.45,3,1.15,0,0,horizontal best
2026-08-24T15:32:08.710,1206,RAD,horizontal,3,22.77,25.27,52.6,44.5,78,29.30,1.10,0.71,4,1.51,0,0,horizontal best
2026-08-24T15:32:08.710,1206,RAD,horizontal,3,22.77,25.27,70.5,35.4,33,28.03,1.50,0.61,2,1.18,0,0,horizontal best
2026-08-24T15:32:08.806,1207,RAD,horizontal,3,22.77,25.27,76.8,57.2,140,29.85,2.09,0.55,3,1.11,0,0,horizontal best
2026-08-24T15:32:08.806,1207,RAD,horizontal,3,22.77,25.27,52.7,44.5,79,29.48,1.10,0.72,4,1.53,0,0,horizontal best
2026-08-24T15:32:08.806,1207,RAD,horizontal,3,22.77,25.27,70.5,35.3,34,28.03,1.50,0.63,1,1.20,0,0,horizontal best
2026-08-24T15:32:08.935,1208,RAD,horizontal,3,22.75,25.25,74.4,57.7,144,29.72,2.56,0.70,2,1.12,0,0,horizontal best
2026-08-24T15:32:08.935,1208,RAD,horizontal,3,22.75,25.25,52.7,44.5,79,29.48,1.10,0.72,3,1.52,0,0,horizontal best
2026-08-24T15:32:08.935,1208,RAD,horizontal,3,22.75,25.25,70.6,35.6,37,28.03,1.67,0.62,1,1.24,0,0,horizontal best
2026-08-24T15:32:09.028,1209,RAD,horizontal,3,22.75,25.25,72.4,58.4,144,29.70,2.56,0.70,2,1.11,0,0,horizontal best
2026-08-24T15:32:09.028,1209,RAD,horizontal,3,22.75,25.25,52.8,44.5,81,29.48,1.00,0.67,3,1.55,0,0,horizontal best
2026-08-24T15:32:09.028,1209,RAD,horizontal,3,22.75,25.25,70.7,35.5,35,27.79,1.50,0.65,1,1.23,0,0,horizontal best
2026-08-24T15:32:09.160,1210,RAD,horizontal,3,22.73,25.23,70.4,58.7,150,29.94,2.30,0.65,2,1.12,0,0,horizontal best
2026-08-24T15:32:09.160,1210,RAD,horizontal,3,22.73,25.23,52.9,44.5,81,29.48,1.00,0.67,4,1.55,0,0,horizontal best
2026-08-24T15:32:09.160,1210,RAD,horizontal,3,22.73,25.23,70.5,35.5,38,27.85,1.50,0.70,1,1.24,0,0,horizontal best
2026-08-24T15:32:09.288,1211,RAD,horizontal,3,22.75,25.25,68.2,59.7,144,29.99,2.20,0.65,2,1.13,0,0,horizontal best
2026-08-24T15:32:09.288,1211,RAD,horizontal,3,22.75,25.25,52.9,44.4,84,29.48,1.09,0.64,4,1.51,0,0,horizontal best
2026-08-24T15:32:09.288,1211,RAD,horizontal,3,22.75,25.25,70.3,35.3,37,27.85,1.29,0.59,1,1.20,0,0,horizontal best
2026-08-24T15:32:09.381,1212,RAD,horizontal,3,22.75,25.25,65.8,61.2,133,28.97,2.10,0.63,3,1.01,0,0,horizontal best
2026-08-24T15:32:09.381,1212,RAD,horizontal,3,22.75,25.25,52.9,44.3,84,29.32,1.09,0.64,4,1.49,0,0,horizontal best
2026-08-24T15:32:09.381,1212,RAD,horizontal,3,22.75,25.25,69.9,35.3,35,27.94,1.50,0.65,1,1.14,0,0,horizontal best
2026-08-24T15:32:09.509,1213,RAD,horizontal,3,22.77,25.27,63.0,62.4,124,29.03,1.60,0.78,2,0.99,0,0,horizontal best
2026-08-24T15:32:09.509,1213,RAD,horizontal,3,22.77,25.27,52.9,44.3,84,29.30,1.09,0.64,4,1.44,0,0,horizontal best
2026-08-24T15:32:09.509,1213,RAD,horizontal,3,22.77,25.27,69.4,35.3,36,27.83,1.50,0.67,1,1.07,0,0,horizontal best
2026-08-24T15:32:09.605,1214,RAD,horizontal,2,22.75,25.25,58.0,57.4,250,30.39,1.79,0.39,5,1.11,0,0,horizontal best
2026-08-24T15:32:09.605,1214,RAD,horizontal,2,22.75,25.25,69.2,35.3,33,27.79,1.50,0.61,1,1.00,0,0,horizontal best
2026-08-24T15:32:09.733,1215,RAD,horizontal,2,22.75,25.25,55.2,55.6,243,30.19,2.12,0.45,6,1.03,0,0,horizontal best
2026-08-24T15:32:09.733,1215,RAD,horizontal,2,22.75,25.25,69.2,35.2,33,27.79,1.50,0.61,2,1.06,0,0,horizontal best
2026-08-24T15:32:09.828,1216,RAD,horizontal,2,22.77,25.27,53.5,55.1,240,30.28,2.50,0.49,5,1.07,0,0,horizontal best
2026-08-24T15:32:09.828,1216,RAD,horizontal,2,22.77,25.27,69.1,35.1,31,27.79,1.80,0.69,2,1.00,0,0,horizontal best
2026-08-24T15:32:09.958,1217,RAD,horizontal,2,22.77,25.27,52.1,55.3,249,29.85,2.69,0.55,5,1.14,0,0,horizontal best
2026-08-24T15:32:09.958,1217,RAD,horizontal,2,22.77,25.27,69.1,35.0,33,27.97,1.80,0.73,2,1.16,0,0,horizontal best
2026-08-24T15:32:10.088,1218,RAD,horizontal,3,22.75,25.25,50.6,61.5,134,30.08,1.64,0.68,2,1.17,0,0,horizontal best
2026-08-24T15:32:10.088,1218,RAD,horizontal,3,22.75,25.25,52.9,44.6,82,29.41,1.00,0.68,4,1.49,0,0,horizontal best
2026-08-24T15:32:10.088,1218,RAD,horizontal,3,22.75,25.25,69.1,34.9,32,27.97,1.80,0.71,2,1.20,0,0,horizontal best
2026-08-24T15:32:10.180,1219,RAD,horizontal,3,22.75,25.25,48.1,64.4,128,30.03,1.64,0.65,2,1.12,0,0,horizontal best
2026-08-24T15:32:10.180,1219,RAD,horizontal,3,22.75,25.25,53.0,44.7,81,29.34,1.00,0.67,3,1.49,0,0,horizontal best
2026-08-24T15:32:10.180,1219,RAD,horizontal,3,22.75,25.25,69.2,34.6,28,27.97,1.60,0.70,2,1.17,0,0,horizontal best
2026-08-24T15:32:10.311,1220,RAD,horizontal,3,22.73,25.23,45.1,65.1,138,30.08,2.00,0.57,3,1.17,0,0,horizontal best
2026-08-24T15:32:10.311,1220,RAD,horizontal,3,22.73,25.23,53.0,44.7,81,29.19,1.00,0.67,4,1.48,0,0,horizontal best
2026-08-24T15:32:10.311,1220,RAD,horizontal,3,22.73,25.23,69.2,34.8,29,27.85,1.80,0.64,2,1.19,0,0,horizontal best
2026-08-24T15:32:10.405,1221,RAD,horizontal,3,22.73,25.23,42.5,64.8,143,29.77,2.30,0.62,2,1.13,0,0,horizontal best
2026-08-24T15:32:10.405,1221,RAD,horizontal,3,22.73,25.23,53.0,44.7,81,29.08,1.00,0.67,4,1.48,0,0,horizontal best
2026-08-24T15:32:10.405,1221,RAD,horizontal,3,22.73,25.23,69.0,34.9,32,27.90,1.50,0.59,2,1.42,0,0,horizontal best
2026-08-24T15:32:10.534,1222,RAD,horizontal,3,22.73,25.23,40.1,64.8,138,29.97,1.91,0.60,2,1.14,0,0,horizontal best
2026-08-24T15:32:10.534,1222,RAD,horizontal,3,22.73,25.23,53.0,44.7,81,29.10,1.00,0.67,4,1.48,0,0,horizontal best
2026-08-24T15:32:10.534,1222,RAD,horizontal,3,22.73,25.23,68.2,34.8,26,28.15,1.17,0.62,1,1.22,0,0,horizontal best
2026-08-24T15:32:10.630,1223,RAD,horizontal,3,22.70,25.20,37.8,64.8,143,30.03,2.00,0.59,3,1.16,0,0,horizontal best
2026-08-24T15:32:10.630,1223,RAD,horizontal,3,22.70,25.20,53.0,44.7,81,28.79,1.00,0.67,4,1.46,0,0,horizontal best
2026-08-24T15:32:10.630,1223,RAD,horizontal,3,22.70,25.20,67.5,34.7,28,28.23,1.00,0.57,1,1.52,0,0,horizontal best
2026-08-24T15:32:10.757,1224,RAD,horizontal,3,22.70,25.20,35.6,65.3,143,30.05,2.00,0.59,2,1.17,0,0,horizontal best
2026-08-24T15:32:10.757,1224,RAD,horizontal,3,22.70,25.20,53.0,44.7,80,28.79,1.00,0.66,4,1.46,0,0,horizontal best
2026-08-24T15:32:10.757,1224,RAD,horizontal,3,22.70,25.20,66.2,34.3,28,28.28,1.00,0.57,1,1.33,0,0,horizontal best
2026-08-24T15:32:10.853,1225,RAD,horizontal,3,22.70,25.20,33.0,65.4,143,30.08,2.00,0.59,2,1.11,0,0,horizontal best
2026-08-24T15:32:10.853,1225,RAD,horizontal,3,22.70,25.20,53.0,44.7,80,28.88,1.00,0.66,4,1.46,0,0,horizontal best
2026-08-24T15:32:10.853,1225,RAD,horizontal,3,22.70,25.20,65.6,34.1,31,28.17,1.00,0.63,1,1.54,0,0,horizontal best
2026-08-24T15:32:10.983,1226,RAD,horizontal,3,22.68,25.18,30.7,65.3,147,29.81,2.00,0.61,2,1.17,0,0,horizontal best
2026-08-24T15:32:10.983,1226,RAD,horizontal,3,22.68,25.18,53.0,44.7,80,29.01,1.00,0.66,3,1.45,0,0,horizontal best
2026-08-24T15:32:10.983,1226,RAD,horizontal,3,22.68,25.18,64.9,33.8,27,28.15,0.86,0.64,1,1.32,0,0,horizontal best
2026-08-24T15:32:11.110,1227,RAD,horizontal,3,22.68,25.18,28.8,65.5,145,30.12,2.09,0.57,2,1.10,0,0,horizontal best
2026-08-24T15:32:11.110,1227,RAD,horizontal,3,22.68,25.18,52.9,44.7,78,29.14,1.10,0.71,3,1.37,0,0,horizontal best
2026-08-24T15:32:11.110,1227,RAD,horizontal,3,22.68,25.18,64.5,33.8,28,28.15,0.86,0.67,1,1.36,0,0,horizontal best
2026-08-24T15:32:11.205,1228,RAD,horizontal,3,22.66,25.16,27.1,65.6,149,29.68,1.83,0.56,2,1.15,0,0,horizontal best
2026-08-24T15:32:11.205,1228,RAD,horizontal,3,22.66,25.16,52.9,44.7,78,29.12,1.10,0.71,3,1.37,0,0,horizontal best
2026-08-24T15:32:11.205,1228,RAD,horizontal,3,22.66,25.16,64.4,33.9,28,28.15,0.86,0.67,1,1.45,0,0,horizontal best
2026-08-24T15:32:11.329,1229,RAD,horizontal,3,22.66,25.16,25.7,66.2,138,29.63,1.91,0.60,2,1.09,0,0,horizontal best
2026-08-24T15:32:11.329,1229,RAD,horizontal,3,22.66,25.16,52.8,44.7,78,29.12,1.10,0.71,3,1.37,0,0,horizontal best
2026-08-24T15:32:11.329,1229,RAD,horizontal,3,22.66,25.16,64.5,33.9,28,28.12,0.86,0.67,1,1.47,0,0,horizontal best
2026-08-24T15:32:11.426,1230,RAD,horizontal,3,22.61,25.11,24.2,67.0,130,29.43,1.75,0.52,2,1.08,0,0,horizontal best
2026-08-24T15:32:11.426,1230,RAD,horizontal,3,22.61,25.11,52.8,44.7,78,29.06,1.10,0.71,4,1.38,0,0,horizontal best
2026-08-24T15:32:11.426,1230,RAD,horizontal,3,22.61,25.11,64.5,34.1,30,28.08,1.00,0.61,1,1.52,0,0,horizontal best
2026-08-24T15:32:11.554,1231,RAD,horizontal,3,22.58,25.08,22.3,67.5,128,29.54,1.75,0.51,2,1.11,0,0,horizontal best
2026-08-24T15:32:11.554,1231,RAD,horizontal,3,22.58,25.08,52.9,44.7,80,29.03,1.10,0.73,4,1.41,0,0,horizontal best
2026-08-24T15:32:11.554,1231,RAD,horizontal,3,22.58,25.08,64.5,34.1,30,28.10,1.00,0.61,1,1.53,0,0,horizontal best
2026-08-24T15:32:11.654,1232,RAD,horizontal,3,22.58,25.08,20.3,67.4,143,29.65,1.69,0.50,2,1.12,0,0,horizontal best
2026-08-24T15:32:11.654,1232,RAD,horizontal,3,22.58,25.08,52.8,44.7,79,29.03,1.10,0.72,4,1.38,0,0,horizontal best
2026-08-24T15:32:11.654,1232,RAD,horizontal,3,22.58,25.08,64.5,34.2,30,28.03,1.00,0.61,1,1.52,0,0,horizontal best
2026-08-24T15:32:11.785,1233,RAD,horizontal,3,22.58,25.08,18.6,67.6,159,29.23,1.83,0.60,3,1.04,0,0,horizontal best
2026-08-24T15:32:11.785,1233,RAD,horizontal,3,22.58,25.08,52.8,44.7,79,28.99,1.10,0.72,4,1.38,0,0,horizontal best
2026-08-24T15:32:11.785,1233,RAD,horizontal,3,22.58,25.08,64.5,34.2,30,28.08,1.00,0.61,1,1.51,0,0,horizontal best
2026-08-24T15:32:11.877,1234,RAD,horizontal,3,22.61,25.11,17.6,68.2,184,28.94,1.92,0.67,3,1.00,0,0,horizontal best
2026-08-24T15:32:11.877,1234,RAD,horizontal,3,22.61,25.11,52.8,44.7,80,28.99,1.10,0.73,4,1.39,0,0,horizontal best
2026-08-24T15:32:11.877,1234,RAD,horizontal,3,22.61,25.11,64.5,34.1,30,27.92,1.00,0.61,1,1.48,0,0,horizontal best
2026-08-24T15:32:12.006,1235,RAD,horizontal,3,22.63,25.13,16.6,68.5,191,28.90,2.00,0.66,4,0.99,0,0,horizontal best
2026-08-24T15:32:12.006,1235,RAD,horizontal,3,22.63,25.13,52.8,44.7,80,28.99,1.10,0.73,4,1.38,0,0,horizontal best
2026-08-24T15:32:12.006,1235,RAD,horizontal,3,22.63,25.13,64.5,34.1,30,27.92,1.00,0.61,1,1.49,0,0,horizontal best
2026-08-24T15:32:12.135,1236,RAD,horizontal,3,22.63,25.13,16.1,68.9,200,28.74,1.92,0.62,4,0.94,0,0,horizontal best
2026-08-24T15:32:12.135,1236,RAD,horizontal,3,22.63,25.13,52.7,44.8,81,28.99,1.10,0.74,4,1.39,0,0,horizontal best
2026-08-24T15:32:12.135,1236,RAD,horizontal,3,22.63,25.13,64.4,34.1,27,27.94,1.17,0.64,1,1.43,0,0,horizontal best
2026-08-24T15:32:12.224,1237,RAD,horizontal,3,22.63,25.13,15.3,68.3,200,28.77,1.92,0.62,2,0.91,0,0,horizontal best
2026-08-24T15:32:12.224,1237,RAD,horizontal,3,22.63,25.13,52.7,44.8,81,28.99,1.10,0.74,4,1.39,0,0,horizontal best
2026-08-24T15:32:12.224,1237,RAD,horizontal,3,22.63,25.13,64.3,34.2,26,27.94,1.17,0.62,1,1.47,0,0,horizontal best
2026-08-24T15:32:12.356,1238,RAD,horizontal,3,22.63,25.13,14.9,67.9,210,28.57,2.00,0.62,4,0.88,0,0,horizontal best
2026-08-24T15:32:12.356,1238,RAD,horizontal,3,22.63,25.13,52.7,44.8,82,28.97,1.10,0.75,4,1.40,0,0,horizontal best
2026-08-24T15:32:12.356,1238,RAD,horizontal,3,22.63,25.13,64.0,34.3,25,27.97,1.60,0.62,1,1.62,0,0,horizontal best
2026-08-24T15:32:12.450,1239,RAD,horizontal,3,22.61,25.11,14.5,67.4,216,28.74,2.08,0.62,4,0.88,0,0,horizontal best
2026-08-24T15:32:12.450,1239,RAD,horizontal,3,22.61,25.11,52.7,44.9,80,28.68,1.00,0.80,4,1.40,0,0,horizontal best
2026-08-24T15:32:12.450,1239,RAD,horizontal,3,22.61,25.11,64.0,34.5,23,28.08,2.00,0.72,1,1.61,0,0,horizontal best
2026-08-24T15:32:12.578,1240,RAD,horizontal,1,22.58,25.08,52.7,45.0,79,28.68,1.00,0.79,4,1.40,0,0,horizontal best
2026-08-24T15:32:12.672,1241,RAD,horizontal,2,22.56,25.06,52.7,45.1,79,28.68,1.00,0.79,4,1.40,0,0,horizontal best
2026-08-24T15:32:12.672,1241,RAD,horizontal,2,22.56,25.06,63.5,33.0,14,27.83,1.50,0.58,1,0.83,0,0,horizontal best
2026-08-24T15:32:12.802,1242,RAD,horizontal,2,22.56,25.06,52.7,45.0,80,28.66,1.00,0.80,4,1.40,0,0,horizontal best
2026-08-24T15:32:12.802,1242,RAD,horizontal,2,22.56,25.06,63.3,32.5,13,27.76,1.50,0.54,1,0.88,0,0,horizontal best
2026-08-24T15:32:12.929,1243,RAD,horizontal,2,22.56,25.06,52.7,45.0,80,28.66,1.00,0.80,4,1.40,0,0,horizontal best
2026-08-24T15:32:12.929,1243,RAD,horizontal,2,22.56,25.06,62.9,32.3,13,27.85,1.20,0.43,1,0.92,0,0,horizontal best
2026-08-24T15:32:13.025,1244,RAD,horizontal,2,22.56,25.06,52.7,45.0,80,28.66,1.00,0.80,4,1.41,0,0,horizontal best
2026-08-24T15:32:13.025,1244,RAD,horizontal,2,22.56,25.06,62.8,34.2,29,28.19,1.50,0.54,2,1.58,0,0,horizontal best
2026-08-24T15:32:13.152,1245,RAD,horizontal,1,22.54,25.04,52.7,45.0,80,28.66,1.00,0.80,4,1.40,0,0,horizontal best
2026-08-24T15:32:13.248,1246,RAD,horizontal,1,22.54,25.04,52.8,44.9,82,28.66,1.00,0.82,4,1.40,0,0,horizontal best
2026-08-24T15:32:13.376,1247,RAD,horizontal,2,22.56,25.06,53.0,44.9,86,28.66,0.83,0.72,4,1.45,0,0,horizontal best
2026-08-24T15:32:13.376,1247,RAD,horizontal,2,22.56,25.06,60.9,35.3,39,28.61,1.29,0.62,1,1.53,0,0,horizontal best
2026-08-24T15:32:13.474,1248,RAD,horizontal,2,22.54,25.04,53.0,44.9,84,28.59,0.91,0.76,4,1.41,0,0,horizontal best
2026-08-24T15:32:13.474,1248,RAD,horizontal,2,22.54,25.04,60.0,35.7,35,27.99,1.33,0.73,1,1.54,0,0,horizontal best
2026-08-24T15:32:13.601,1249,RAD,horizontal,1,22.54,25.04,53.7,42.2,116,28.63,1.29,0.46,5,0.91,0,0,horizontal best
2026-08-24T15:32:13.697,1250,RAD,horizontal,1,22.54,25.04,53.8,40.9,116,28.68,1.29,0.46,5,0.90,0,0,horizontal best
2026-08-24T15:32:13.825,1251,RAD,horizontal,1,22.56,25.06,53.5,40.7,114,28.66,1.38,0.49,5,0.87,0,0,horizontal best
2026-08-24T15:32:13.954,1252,RAD,horizontal,1,22.54,25.04,53.3,40.8,114,28.66,1.38,0.49,5,0.86,0,0,horizontal best
2026-08-24T15:32:14.049,1253,RAD,horizontal,1,22.54,25.04,53.1,40.9,118,28.68,1.31,0.53,6,0.93,0,0,horizontal best
2026-08-24T15:32:14.177,1254,RAD,horizontal,1,22.56,25.06,53.1,41.1,117,28.66,1.42,0.57,5,0.92,0,0,horizontal best
2026-08-24T15:32:14.273,1255,RAD,horizontal,1,22.53,25.03,53.0,41.2,114,28.66,1.42,0.56,5,0.89,0,0,horizontal best
2026-08-24T15:32:14.401,1256,RAD,horizontal,1,22.51,25.01,53.0,41.4,115,28.68,1.42,0.56,5,0.87,0,0,horizontal best
2026-08-24T15:32:14.497,1257,RAD,horizontal,1,22.51,25.01,52.9,41.3,115,28.70,1.42,0.56,5,0.84,0,0,horizontal best
2026-08-24T15:32:14.624,1258,RAD,horizontal,1,22.49,24.99,53.0,41.3,117,28.70,1.42,0.57,6,0.87,0,0,horizontal best
2026-08-24T15:32:14.753,1259,RAD,horizontal,1,22.49,24.99,53.0,41.3,117,28.70,1.42,0.57,6,0.85,0,0,horizontal best
2026-08-24T15:32:14.849,1260,RAD,horizontal,1,22.49,24.99,53.0,41.3,117,28.70,1.42,0.57,5,0.86,0,0,horizontal best
2026-08-24T15:32:14.977,1261,RAD,horizontal,1,22.51,25.01,53.0,41.3,117,28.72,1.42,0.57,5,0.88,0,0,horizontal best
2026-08-24T15:32:15.073,1262,RAD,horizontal,2,22.51,25.01,52.9,41.2,116,28.72,1.42,0.57,5,0.90,0,0,horizontal best
2026-08-24T15:32:15.073,1262,RAD,horizontal,2,22.51,25.01,22.5,53.4,118,28.08,2.44,0.60,2,1.09,0,0,horizontal best
2026-08-24T15:32:15.202,1263,RAD,horizontal,2,22.51,25.01,52.7,41.3,117,28.77,1.45,0.66,5,1.00,0,0,horizontal best
2026-08-24T15:32:15.202,1263,RAD,horizontal,2,22.51,25.01,23.0,53.0,111,27.81,2.33,0.59,3,1.11,0,0,horizontal best
2026-08-24T15:32:15.297,1264,RAD,horizontal,2,22.49,24.99,53.1,42.1,121,28.77,1.80,0.67,5,1.42,0,0,horizontal best
2026-08-24T15:32:15.297,1264,RAD,horizontal,2,22.49,24.99,23.4,52.5,114,27.72,2.44,0.58,3,1.09,0,0,horizontal best
2026-08-24T15:32:15.426,1265,RAD,horizontal,2,22.51,25.01,52.4,41.6,114,28.72,1.70,0.67,5,0.86,0,0,horizontal best
2026-08-24T15:32:15.426,1265,RAD,horizontal,2,22.51,25.01,23.9,52.1,106,27.72,2.22,0.59,2,1.02,0,0,horizontal best
2026-08-24T15:32:15.522,1266,RAD,horizontal,2,22.54,25.04,51.9,41.2,122,28.90,1.80,0.68,4,0.95,0,0,horizontal best
2026-08-24T15:32:15.522,1266,RAD,horizontal,2,22.54,25.04,24.4,51.7,113,27.79,2.33,0.60,3,1.03,0,0,horizontal best
2026-08-24T15:32:15.651,1267,RAD,horizontal,2,22.54,25.04,51.6,41.1,123,28.88,1.80,0.68,4,0.97,0,0,horizontal best
2026-08-24T15:32:15.651,1267,RAD,horizontal,2,22.54,25.04,24.8,51.1,105,28.06,2.22,0.58,3,1.04,0,0,horizontal best
2026-08-24T15:32:15.777,1268,RAD,horizontal,1,22.54,25.04,51.5,41.1,123,28.88,1.80,0.68,4,0.95,0,0,horizontal best
2026-08-24T15:32:15.873,1269,RAD,horizontal,1,22.54,25.04,51.5,41.2,119,28.86,1.80,0.66,4,0.87,0,0,horizontal best
2026-08-24T15:32:16.002,1270,RAD,horizontal,1,22.54,25.04,51.5,41.3,119,28.86,1.80,0.66,4,0.87,0,0,horizontal best
2026-08-24T15:32:16.098,1271,RAD,horizontal,2,22.54,25.04,51.5,41.4,116,28.88,1.70,0.68,4,0.86,0,0,horizontal best
2026-08-24T15:32:16.098,1271,RAD,horizontal,2,22.54,25.04,27.7,48.1,96,28.17,2.25,0.67,2,1.09,0,0,horizontal best
2026-08-24T15:32:16.226,1272,RAD,horizontal,1,22.54,25.04,51.5,41.5,116,28.88,1.80,0.64,4,0.90,0,0,horizontal best
2026-08-24T15:32:16.321,1273,RAD,horizontal,1,22.51,25.01,51.5,41.4,118,28.79,1.80,0.66,4,0.90,0,0,horizontal best
2026-08-24T15:32:16.448,1274,RAD,horizontal,1,22.54,25.04,51.5,41.3,119,28.79,1.80,0.66,4,0.92,0,0,horizontal best
2026-08-24T15:32:16.577,1275,RAD,horizontal,1,22.54,25.04,51.5,41.3,117,28.81,1.80,0.65,5,0.88,0,0,horizontal best
2026-08-24T15:32:16.670,1276,RAD,horizontal,1,22.54,25.04,51.5,41.3,115,28.86,1.70,0.68,5,0.88,0,0,horizontal best
2026-08-24T15:32:16.800,1277,RAD,horizontal,1,22.54,25.04,51.5,41.3,116,28.79,1.70,0.68,4,0.95,0,0,horizontal best
2026-08-24T15:32:16.894,1278,RAD,horizontal,1,22.54,25.04,52.2,42.1,120,28.81,1.60,0.75,4,1.43,0,0,horizontal best
2026-08-24T15:32:17.024,1279,RAD,horizontal,1,22.56,25.06,52.4,42.5,120,29.10,1.45,0.68,4,1.48,0,0,horizontal best
2026-08-24T15:32:17.120,1280,RAD,horizontal,1,22.56,25.06,52.3,42.5,114,29.03,1.60,0.71,4,1.43,0,0,horizontal best
2026-08-24T15:32:17.247,1281,RAD,horizontal,1,22.56,25.06,52.1,42.6,116,29.50,1.60,0.72,4,1.49,0,0,horizontal best
2026-08-24T15:32:17.348,1282,RAD,horizontal,1,22.56,25.06,52.1,42.5,115,29.41,1.60,0.72,4,1.52,0,0,horizontal best
2026-08-24T15:32:17.476,1283,RAD,horizontal,1,22.56,25.06,52.0,42.5,116,29.43,1.60,0.72,4,1.51,0,0,horizontal best
2026-08-24T15:32:17.600,1284,RAD,horizontal,1,22.56,25.06,51.9,42.5,115,29.43,1.60,0.72,4,1.52,0,0,horizontal best
2026-08-24T15:32:17.696,1285,RAD,horizontal,1,22.61,25.11,51.9,42.5,118,29.65,1.60,0.74,4,1.53,0,0,horizontal best
2026-08-24T15:32:17.824,1286,RAD,horizontal,1,22.61,25.11,51.8,42.4,116,29.65,1.60,0.72,4,1.49,0,0,horizontal best
2026-08-24T15:32:17.920,1287,RAD,horizontal,1,22.61,25.11,51.9,42.4,116,29.65,1.60,0.72,4,1.48,0,0,horizontal best
2026-08-24T15:32:18.048,1288,RAD,horizontal,1,22.58,25.08,51.9,42.3,112,29.65,1.78,0.78,4,1.48,0,0,horizontal best
2026-08-24T15:32:18.146,1289,RAD,horizontal,1,22.58,25.08,52.0,42.2,113,29.65,1.78,0.78,4,1.48,0,0,horizontal best
2026-08-24T15:32:18.273,1290,RAD,horizontal,1,22.58,25.08,52.0,42.2,113,29.50,1.78,0.78,4,1.45,0,0,horizontal best
2026-08-24T15:32:18.370,1291,RAD,horizontal,1,22.58,25.08,50.4,40.8,133,29.45,1.23,0.64,5,1.09,0,0,horizontal best
2026-08-24T15:32:18.498,1292,RAD,horizontal,1,22.58,25.08,49.9,40.2,136,29.57,1.33,0.71,5,1.10,0,0,horizontal best
2026-08-24T15:32:18.624,1293,RAD,horizontal,1,22.58,25.08,50.1,40.1,131,29.57,1.60,0.82,4,1.10,0,0,horizontal best
2026-08-24T15:32:18.721,1294,RAD,horizontal,1,22.56,25.06,50.5,40.3,120,29.54,1.89,0.78,4,1.01,0,0,horizontal best
2026-08-24T15:32:18.847,1295,RAD,horizontal,1,22.56,25.06,51.6,41.2,120,29.54,1.89,0.78,4,1.41,0,0,horizontal best
2026-08-24T15:32:18.945,1296,RAD,horizontal,1,22.56,25.06,52.1,41.7,116,29.54,1.89,0.76,4,1.43,0,0,horizontal best
2026-08-24T15:32:19.077,1297,RAD,horizontal,1,22.56,25.06,52.3,41.9,115,29.54,1.89,0.75,4,1.43,0,0,horizontal best
2026-08-24T15:32:19.171,1298,RAD,horizontal,1,22.54,25.04,51.7,41.1,120,29.54,1.70,0.71,4,0.98,0,0,horizontal best
2026-08-24T15:32:19.302,1299,RAD,horizontal,1,22.56,25.06,51.8,40.3,133,29.52,1.80,0.74,5,1.06,0,0,horizontal best
2026-08-24T15:32:19.429,1300,RAD,horizontal,1,22.56,25.06,52.0,39.9,134,29.61,1.64,0.68,4,1.00,0,0,horizontal best
2026-08-24T15:32:19.523,1301,RAD,horizontal,1,22.56,25.06,52.3,39.8,135,29.63,1.38,0.58,4,1.03,0,0,horizontal best
2026-08-24T15:32:19.652,1302,RAD,horizontal,1,22.56,25.06,52.5,41.1,119,29.63,1.70,0.70,3,1.43,0,0,horizontal best
2026-08-24T15:32:19.749,1303,RAD,horizontal,1,22.56,25.06,51.9,41.1,112,29.63,1.60,0.70,3,0.98,0,0,horizontal best
2026-08-24T15:32:19.878,1304,RAD,horizontal,2,22.58,25.08,51.6,40.9,114,29.63,1.70,0.67,3,0.99,0,0,horizontal best
2026-08-24T15:32:19.878,1304,RAD,horizontal,2,22.58,25.08,73.3,30.3,11,26.58,1.67,0.73,1,0.39,0,0,horizontal best
2026-08-24T15:32:19.973,1305,RAD,horizontal,2,22.56,25.06,51.5,40.8,115,29.65,1.70,0.68,3,1.00,0,0,horizontal best
2026-08-24T15:32:19.973,1305,RAD,horizontal,2,22.56,25.06,67.0,31.9,15,27.17,2.33,0.71,1,0.60,0,0,horizontal best
2026-08-24T15:32:20.103,1306,RAD,horizontal,2,22.56,25.06,52.3,41.4,120,29.48,1.70,0.71,3,1.48,0,0,horizontal best
2026-08-24T15:32:20.103,1306,RAD,horizontal,2,22.56,25.06,64.8,32.3,11,27.11,3.00,0.92,1,0.52,0,0,horizontal best
2026-08-24T15:32:20.195,1307,RAD,horizontal,1,22.56,25.06,52.6,41.7,119,29.48,1.70,0.70,3,1.47,0,0,horizontal best
2026-08-24T15:32:20.326,1308,RAD,horizontal,2,22.56,25.06,52.6,41.9,115,29.41,1.89,0.75,3,1.43,0,0,horizontal best
2026-08-24T15:32:20.326,1308,RAD,horizontal,2,22.56,25.06,66.6,33.1,16,26.95,2.33,0.76,1,0.57,0,0,horizontal best
2026-08-24T15:32:20.451,1309,RAD,horizontal,1,22.56,25.06,52.5,41.9,119,29.41,1.70,0.70,3,1.48,0,0,horizontal best
2026-08-24T15:32:20.546,1310,RAD,horizontal,1,22.58,25.08,52.2,42.0,118,29.41,1.70,0.69,4,1.46,0,0,horizontal best
2026-08-24T15:32:20.677,1311,RAD,horizontal,1,22.58,25.08,51.7,42.1,119,29.34,1.33,0.62,4,1.46,0,0,horizontal best
2026-08-24T15:32:20.772,1312,RAD,horizontal,1,22.56,25.06,51.2,42.1,117,29.23,1.33,0.61,4,1.42,0,0,horizontal best
2026-08-24T15:32:20.901,1313,RAD,horizontal,1,22.56,25.06,50.2,41.4,111,29.37,1.23,0.53,4,0.98,0,0,horizontal best
2026-08-24T15:32:20.997,1314,RAD,horizontal,1,22.56,25.06,49.6,41.1,114,29.37,1.23,0.55,4,0.98,0,0,horizontal best
2026-08-24T15:32:21.125,1315,RAD,horizontal,1,22.56,25.06,49.4,41.1,114,29.30,1.14,0.51,4,0.97,0,0,horizontal best
2026-08-24T15:32:21.253,1316,RAD,horizontal,1,22.56,25.06,49.3,41.2,114,29.30,1.14,0.51,4,0.98,0,0,horizontal best
2026-08-24T15:32:21.348,1317,RAD,horizontal,1,22.56,25.06,49.2,41.4,116,29.30,1.00,0.52,4,1.03,0,0,horizontal best
2026-08-24T15:32:21.477,1318,RAD,horizontal,1,22.58,25.08,49.1,41.4,115,29.28,1.00,0.51,4,1.07,0,0,horizontal best
2026-08-24T15:32:21.568,1319,RAD,horizontal,1,22.66,25.16,51.5,43.7,83,29.28,1.10,0.75,3,1.52,0,0,horizontal best
2026-08-24T15:32:21.697,1320,RAD,horizontal,1,22.66,25.16,52.5,44.6,82,29.28,1.10,0.75,3,1.50,0,0,horizontal best
2026-08-24T15:32:21.792,1321,RAD,horizontal,2,22.66,25.16,52.8,44.8,82,29.19,1.10,0.75,3,1.47,0,0,horizontal best
2026-08-24T15:32:21.792,1321,RAD,horizontal,2,22.66,25.16,41.7,39.1,42,28.46,1.29,0.67,1,1.48,0,0,horizontal best
2026-08-24T15:32:21.920,1322,RAD,horizontal,2,22.63,25.13,52.7,44.7,80,29.17,1.10,0.73,4,1.43,0,0,horizontal best
2026-08-24T15:32:21.920,1322,RAD,horizontal,2,22.63,25.13,41.0,39.5,46,28.32,1.43,0.66,1,1.44,0,0,horizontal best
2026-08-24T15:32:22.016,1323,RAD,horizontal,2,22.63,25.13,52.7,44.6,80,29.17,1.10,0.73,4,1.45,0,0,horizontal best
2026-08-24T15:32:22.016,1323,RAD,horizontal,2,22.63,25.13,40.7,39.9,48,28.39,1.29,0.76,1,1.49,0,0,horizontal best
2026-08-24T15:32:22.151,1324,RAD,horizontal,2,22.63,25.13,52.6,44.5,80,29.17,1.10,0.73,3,1.45,0,0,horizontal best
2026-08-24T15:32:22.151,1324,RAD,horizontal,2,22.63,25.13,40.5,40.0,49,28.39,1.43,0.70,1,1.53,0,0,horizontal best
2026-08-24T15:32:22.272,1325,RAD,horizontal,2,22.61,25.11,52.7,44.5,81,29.17,1.10,0.74,3,1.47,0,0,horizontal best
2026-08-24T15:32:22.272,1325,RAD,horizontal,2,22.61,25.11,40.2,40.9,61,28.28,2.00,0.62,1,1.48,0,0,horizontal best
2026-08-24T15:32:22.370,1326,RAD,horizontal,2,22.56,25.06,52.7,44.5,81,29.12,1.10,0.74,3,1.46,0,0,horizontal best
2026-08-24T15:32:22.370,1326,RAD,horizontal,2,22.56,25.06,39.3,40.2,40,28.41,2.40,0.67,1,1.08,0,0,horizontal best
2026-08-24T15:32:22.497,1327,RAD,horizontal,2,22.56,25.06,52.8,44.5,80,28.92,1.10,0.73,3,1.44,0,0,horizontal best
2026-08-24T15:32:22.497,1327,RAD,horizontal,2,22.56,25.06,39.1,39.4,39,28.55,2.00,0.78,1,1.01,0,0,horizontal best
2026-08-24T15:32:22.594,1328,RAD,horizontal,2,22.61,25.11,52.9,44.5,84,28.68,1.00,0.69,2,1.54,0,0,horizontal best
2026-08-24T15:32:22.594,1328,RAD,horizontal,2,22.61,25.11,39.1,39.8,45,28.48,3.00,0.60,2,1.15,0,0,horizontal best
2026-08-24T15:32:22.719,1329,RAD,horizontal,1,22.61,25.11,52.8,44.5,82,28.63,1.10,0.75,3,1.46,0,0,horizontal best
2026-08-24T15:32:22.816,1330,RAD,horizontal,1,22.63,25.13,52.9,44.6,84,28.90,1.00,0.69,2,1.52,0,0,horizontal best
2026-08-24T15:32:22.944,1331,RAD,horizontal,1,22.63,25.13,52.9,44.6,83,28.97,1.00,0.69,3,1.52,0,0,horizontal best
2026-08-24T15:32:23.073,1332,RAD,horizontal,1,22.63,25.13,52.9,44.6,83,29.03,1.00,0.69,3,1.53,0,0,horizontal best
2026-08-24T15:32:23.169,1333,RAD,horizontal,1,22.61,25.11,53.0,44.6,82,29.03,1.00,0.68,2,1.52,0,0,horizontal best
2026-08-24T15:32:23.297,1334,RAD,horizontal,2,22.61,25.11,52.9,44.6,80,29.03,1.10,0.73,3,1.45,0,0,horizontal best
2026-08-24T15:32:23.297,1334,RAD,horizontal,2,22.61,25.11,88.2,38.9,71,27.70,1.88,0.59,3,1.15,0,0,horizontal best
2026-08-24T15:32:23.392,1335,RAD,horizontal,2,22.61,25.11,52.8,44.5,80,29.03,1.10,0.73,3,1.45,0,0,horizontal best
2026-08-24T15:32:23.392,1335,RAD,horizontal,2,22.61,25.11,88.8,38.8,68,27.72,1.33,0.63,2,1.05,0,0,horizontal best
2026-08-24T15:32:23.519,1336,RAD,horizontal,2,22.61,25.11,52.9,44.5,81,29.03,1.10,0.74,3,1.48,0,0,horizontal best
2026-08-24T15:32:23.519,1336,RAD,horizontal,2,22.61,25.11,89.5,39.9,88,27.63,2.00,0.69,2,1.07,0,0,horizontal best
2026-08-24T15:32:23.616,1337,RAD,horizontal,2,22.61,25.11,52.9,44.5,81,29.03,1.10,0.74,3,1.48,0,0,horizontal best
2026-08-24T15:32:23.616,1337,RAD,horizontal,2,22.61,25.11,89.8,41.1,91,27.63,2.25,0.63,4,1.02,0,0,horizontal best
2026-08-24T15:32:23.744,1338,RAD,horizontal,2,22.61,25.11,53.0,44.5,83,29.03,1.00,0.69,3,1.53,0,0,horizontal best
2026-08-24T15:32:23.744,1338,RAD,horizontal,2,22.61,25.11,90.1,41.4,93,27.94,2.00,0.57,2,1.20,0,0,horizontal best
2026-08-24T15:32:23.841,1339,RAD,horizontal,2,22.61,25.11,53.0,44.6,84,29.03,1.00,0.69,3,1.54,0,0,horizontal best
2026-08-24T15:32:23.841,1339,RAD,horizontal,2,22.61,25.11,90.5,40.8,77,27.58,1.62,0.74,3,1.17,0,0,horizontal best
2026-08-24T15:32:23.968,1340,RAD,horizontal,2,22.61,25.11,53.0,44.6,84,29.01,1.00,0.69,3,1.54,0,0,horizontal best
2026-08-24T15:32:23.968,1340,RAD,horizontal,2,22.61,25.11,90.6,40.6,79,27.56,1.44,0.68,4,1.10,0,0,horizontal best
2026-08-24T15:32:24.097,1341,RAD,horizontal,2,22.58,25.08,53.0,44.6,85,28.97,1.00,0.70,3,1.55,0,0,horizontal best
2026-08-24T15:32:24.097,1341,RAD,horizontal,2,22.58,25.08,91.0,42.3,115,27.52,2.22,0.64,5,1.13,0,0,horizontal best
2026-08-24T15:32:24.193,1342,RAD,horizontal,2,22.56,25.06,53.0,44.5,85,28.97,1.00,0.70,3,1.55,0,0,horizontal best
2026-08-24T15:32:24.193,1342,RAD,horizontal,2,22.56,25.06,91.4,43.3,108,28.03,2.11,0.63,5,1.04,0,0,horizontal best
2026-08-24T15:32:24.323,1343,RAD,horizontal,2,22.58,25.08,52.9,44.5,83,28.97,1.10,0.75,3,1.50,0,0,horizontal best
2026-08-24T15:32:24.323,1343,RAD,horizontal,2,22.58,25.08,91.8,43.6,110,27.61,2.11,0.64,4,1.15,0,0,horizontal best
2026-08-24T15:32:24.419,1344,RAD,horizontal,2,22.58,25.08,52.8,44.5,82,28.97,1.10,0.75,3,1.47,0,0,horizontal best
2026-08-24T15:32:24.419,1344,RAD,horizontal,2,22.58,25.08,92.2,44.0,110,28.01,2.00,0.68,4,1.17,0,0,horizontal best
2026-08-24T15:32:24.545,1345,RAD,horizontal,3,22.61,25.11,52.8,44.5,81,28.92,1.10,0.74,2,1.48,0,0,horizontal best
2026-08-24T15:32:24.545,1345,RAD,horizontal,3,22.61,25.11,92.8,44.7,122,27.97,2.10,0.58,5,1.23,0,0,horizontal best
2026-08-24T15:32:24.545,1345,RAD,horizontal,3,22.61,25.11,38.2,41.0,45,28.41,1.86,0.49,2,1.06,0,0,horizontal best
2026-08-24T15:32:24.639,1346,RAD,horizontal,3,22.61,25.11,52.9,44.5,81,28.94,1.10,0.74,2,1.48,0,0,horizontal best
2026-08-24T15:32:24.639,1346,RAD,horizontal,3,22.61,25.11,92.9,45.2,132,28.01,1.91,0.57,5,1.23,0,0,horizontal best
2026-08-24T15:32:24.639,1346,RAD,horizontal,3,22.61,25.11,38.2,42.6,61,28.41,1.86,0.67,2,1.52,0,0,horizontal best
2026-08-24T15:32:24.768,1347,RAD,horizontal,3,22.63,25.13,52.9,44.5,81,28.94,1.10,0.74,2,1.48,0,0,horizontal best
2026-08-24T15:32:24.768,1347,RAD,horizontal,3,22.63,25.13,92.9,45.5,132,28.15,1.82,0.60,4,1.24,0,0,horizontal best
2026-08-24T15:32:24.768,1347,RAD,horizontal,3,22.63,25.13,37.6,43.5,64,28.72,2.00,0.65,2,1.53,0,0,horizontal best
2026-08-24T15:32:24.870,1348,RAD,horizontal,3,22.63,25.13,52.9,44.4,83,28.94,1.10,0.75,2,1.50,0,0,horizontal best
2026-08-24T15:32:24.870,1348,RAD,horizontal,3,22.63,25.13,92.0,44.3,102,27.97,1.50,0.68,5,0.81,0,0,horizontal best
2026-08-24T15:32:24.870,1348,RAD,horizontal,3,22.63,25.13,37.0,43.9,75,28.77,1.75,0.67,1,1.58,0,0,horizontal best
2026-08-24T15:32:24.997,1349,RAD,horizontal,3,22.63,25.13,52.9,44.4,82,28.94,1.10,0.75,2,1.47,0,0,horizontal best
2026-08-24T15:32:24.997,1349,RAD,horizontal,3,22.63,25.13,92.0,46.6,134,27.94,2.30,0.58,5,1.25,0,0,horizontal best
2026-08-24T15:32:24.997,1349,RAD,horizontal,3,22.63,25.13,36.8,43.8,70,28.81,1.75,0.62,1,1.53,0,0,horizontal best
2026-08-24T15:32:25.126,1350,RAD,horizontal,3,22.63,25.13,52.9,44.4,82,28.97,1.10,0.75,3,1.47,0,0,horizontal best
2026-08-24T15:32:25.126,1350,RAD,horizontal,3,22.63,25.13,90.9,45.5,106,28.48,1.60,0.66,5,0.80,0,0,horizontal best
2026-08-24T15:32:25.126,1350,RAD,horizontal,3,22.63,25.13,36.9,43.6,69,28.70,2.00,0.70,2,1.57,0,0,horizontal best
2026-08-24T15:32:25.220,1351,RAD,horizontal,3,22.66,25.16,52.9,44.5,81,29.10,1.10,0.74,2,1.48,0,0,horizontal best
2026-08-24T15:32:25.220,1351,RAD,horizontal,3,22.66,25.16,90.1,45.5,117,28.66,1.45,0.66,5,0.82,0,0,horizontal best
2026-08-24T15:32:25.220,1351,RAD,horizontal,3,22.66,25.16,37.0,43.8,70,28.70,2.00,0.71,2,1.55,0,0,horizontal best
2026-08-24T15:32:25.345,1352,RAD,horizontal,3,22.68,25.18,52.9,44.5,81,29.10,1.10,0.74,2,1.49,0,0,horizontal best
2026-08-24T15:32:25.345,1352,RAD,horizontal,3,22.68,25.18,90.4,46.0,115,28.52,1.17,0.68,4,1.17,0,0,horizontal best
2026-08-24T15:32:25.345,1352,RAD,horizontal,3,22.68,25.18,37.5,44.2,70,28.59,1.62,0.67,2,1.52,0,0,horizontal best
2026-08-24T15:32:25.441,1353,RAD,horizontal,3,22.66,25.16,52.9,44.4,82,29.10,1.10,0.75,2,1.49,0,0,horizontal best
2026-08-24T15:32:25.441,1353,RAD,horizontal,3,22.66,25.16,89.9,47.1,125,28.35,1.00,0.64,3,1.27,0,0,horizontal best
2026-08-24T15:32:25.441,1353,RAD,horizontal,3,22.66,25.16,38.0,44.2,68,28.68,1.86,0.75,2,1.52,0,0,horizontal best
2026-08-24T15:32:25.569,1354,RAD,horizontal,3,22.66,25.16,52.9,44.4,82,29.10,1.10,0.75,2,1.50,0,0,horizontal best
2026-08-24T15:32:25.569,1354,RAD,horizontal,3,22.66,25.16,89.7,48.4,133,28.30,1.13,0.52,3,1.37,0,0,horizontal best
2026-08-24T15:32:25.569,1354,RAD,horizontal,3,22.66,25.16,38.5,44.3,72,28.90,1.62,0.69,2,1.56,0,0,horizontal best
2026-08-24T15:32:25.668,1355,RAD,horizontal,3,22.66,25.16,52.9,44.4,82,29.08,1.10,0.75,2,1.50,0,0,horizontal best
2026-08-24T15:32:25.668,1355,RAD,horizontal,3,22.66,25.16,88.4,50.2,154,28.94,1.93,0.41,5,0.96,0,0,horizontal best
2026-08-24T15:32:25.668,1355,RAD,horizontal,3,22.66,25.16,38.8,44.3,69,28.88,1.50,0.72,2,1.45,0,0,horizontal best
2026-08-24T15:32:25.798,1356,RAD,horizontal,3,22.61,25.11,52.9,44.4,82,29.06,1.10,0.75,2,1.50,0,0,horizontal best
2026-08-24T15:32:25.798,1356,RAD,horizontal,3,22.61,25.11,87.5,49.8,131,29.14,1.46,0.53,5,0.92,0,0,horizontal best
2026-08-24T15:32:25.798,1356,RAD,horizontal,3,22.61,25.11,39.2,44.5,77,28.81,1.44,0.66,2,1.61,0,0,horizontal best
2026-08-24T15:32:25.928,1357,RAD,horizontal,3,22.61,25.11,52.9,44.4,82,29.01,1.10,0.75,2,1.53,0,0,horizontal best
2026-08-24T15:32:25.928,1357,RAD,horizontal,3,22.61,25.11,86.3,51.8,174,29.14,2.17,0.56,4,1.04,0,0,horizontal best
2026-08-24T15:32:25.928,1357,RAD,horizontal,3,22.61,25.11,39.2,44.8,79,28.61,1.44,0.68,2,1.54,0,0,horizontal best
2026-08-24T15:32:26.019,1358,RAD,horizontal,3,22.61,25.11,52.9,44.4,82,29.21,1.10,0.75,2,1.53,0,0,horizontal best
2026-08-24T15:32:26.019,1358,RAD,horizontal,3,22.61,25.11,85.1,53.6,178,28.97,2.33,0.53,4,0.95,0,0,horizontal best
2026-08-24T15:32:26.019,1358,RAD,horizontal,3,22.61,25.11,39.0,45.3,75,28.66,1.33,0.69,2,1.54,0,0,horizontal best
2026-08-24T15:32:26.150,1359,RAD,horizontal,3,22.61,25.11,52.9,44.4,82,29.34,1.10,0.75,2,1.54,0,0,horizontal best
2026-08-24T15:32:26.150,1359,RAD,horizontal,3,22.61,25.11,83.9,55.1,181,29.41,2.45,0.61,5,1.01,0,0,horizontal best
2026-08-24T15:32:26.150,1359,RAD,horizontal,3,22.61,25.11,38.9,45.7,84,28.66,1.18,0.59,3,1.53,0,0,horizontal best
2026-08-24T15:32:26.247,1360,RAD,horizontal,3,22.63,25.13,52.8,44.3,85,29.39,1.20,0.71,2,1.59,0,0,horizontal best
2026-08-24T15:32:26.247,1360,RAD,horizontal,3,22.63,25.13,82.6,55.9,187,29.23,2.00,0.55,7,0.94,0,0,horizontal best
2026-08-24T15:32:26.247,1360,RAD,horizontal,3,22.63,25.13,38.8,46.2,85,28.97,1.00,0.59,3,1.49,0,0,horizontal best
2026-08-24T15:32:26.376,1361,RAD,horizontal,3,22.63,25.13,52.8,44.3,85,29.39,1.20,0.71,2,1.59,0,0,horizontal best
2026-08-24T15:32:26.376,1361,RAD,horizontal,3,22.63,25.13,81.5,54.9,182,29.54,1.40,0.58,6,0.95,0,0,horizontal best
2026-08-24T15:32:26.376,1361,RAD,horizontal,3,22.63,25.13,38.8,46.4,86,28.97,1.00,0.60,3,1.49,0,0,horizontal best
2026-08-24T15:32:26.465,1362,RAD,horizontal,3,22.63,25.13,52.8,44.3,85,29.32,1.20,0.71,2,1.58,0,0,horizontal best
2026-08-24T15:32:26.465,1362,RAD,horizontal,3,22.63,25.13,80.3,54.8,183,29.45,1.24,0.51,5,1.00,0,0,horizontal best
2026-08-24T15:32:26.465,1362,RAD,horizontal,3,22.63,25.13,38.8,46.4,83,28.97,1.00,0.58,3,1.47,0,0,horizontal best
2026-08-24T15:32:26.595,1363,RAD,horizontal,3,22.63,25.13,52.9,44.3,84,29.59,1.20,0.70,2,1.56,0,0,horizontal best
2026-08-24T15:32:26.595,1363,RAD,horizontal,3,22.63,25.13,78.7,56.0,186,29.41,1.18,0.55,6,0.98,0,0,horizontal best
2026-08-24T15:32:26.595,1363,RAD,horizontal,3,22.63,25.13,38.8,46.4,85,28.97,1.00,0.59,1,1.48,0,0,horizontal best
2026-08-24T15:32:26.695,1364,RAD,horizontal,3,22.61,25.11,52.8,44.4,81,29.43,1.10,0.74,2,1.53,0,0,horizontal best
2026-08-24T15:32:26.695,1364,RAD,horizontal,3,22.61,25.11,77.1,57.5,191,29.57,1.40,0.61,4,0.99,0,0,horizontal best
2026-08-24T15:32:26.695,1364,RAD,horizontal,3,22.61,25.11,38.9,46.6,83,28.90,0.92,0.63,2,1.50,0,0,horizontal best
2026-08-24T15:32:26.825,1365,RAD,horizontal,3,22.66,25.16,52.8,44.5,81,29.37,1.10,0.74,2,1.55,0,0,horizontal best
2026-08-24T15:32:26.825,1365,RAD,horizontal,3,22.66,25.16,75.2,58.7,179,29.52,1.62,0.66,3,0.93,0,0,horizontal best
2026-08-24T15:32:26.825,1365,RAD,horizontal,3,22.66,25.16,38.9,46.7,82,29.01,0.92,0.62,3,1.51,0,0,horizontal best
2026-08-24T15:32:26.956,1366,RAD,horizontal,3,22.63,25.13,52.9,44.5,81,29.21,1.10,0.74,2,1.54,0,0,horizontal best
2026-08-24T15:32:26.956,1366,RAD,horizontal,3,22.63,25.13,72.9,59.3,169,29.48,1.75,0.67,5,1.00,0,0,horizontal best
2026-08-24T15:32:26.956,1366,RAD,horizontal,3,22.63,25.13,38.9,46.7,81,29.01,0.92,0.61,3,1.50,0,0,horizontal best
2026-08-24T15:32:27.044,1367,RAD,horizontal,3,22.58,25.08,52.9,44.5,83,28.92,1.10,0.75,2,1.58,0,0,horizontal best
2026-08-24T15:32:27.044,1367,RAD,horizontal,3,22.58,25.08,70.3,60.2,164,29.57,1.82,0.75,6,0.97,0,0,horizontal best
2026-08-24T15:32:27.044,1367,RAD,horizontal,3,22.58,25.08,39.0,46.7,80,28.97,0.92,0.61,3,1.50,0,0,horizontal best
2026-08-24T15:32:27.172,1368,RAD,horizontal,1,22.58,25.08,54.1,48.6,107,29.45,0.00,0.00,6,0.56,0,0,horizontal best
2026-08-24T15:32:27.269,1369,RAD,horizontal,3,22.58,25.08,53.4,46.1,83,28.92,1.10,0.75,2,1.57,0,0,horizontal best
2026-08-24T15:32:27.269,1369,RAD,horizontal,3,22.58,25.08,64.8,61.8,131,28.39,1.90,0.69,3,0.94,0,0,horizontal best
2026-08-24T15:32:27.269,1369,RAD,horizontal,3,22.58,25.08,38.9,46.7,81,28.97,0.85,0.57,3,1.49,0,0,horizontal best
2026-08-24T15:32:27.394,1370,RAD,horizontal,2,22.58,25.08,56.0,50.5,72,29.61,0.00,0.00,5,0.61,0,0,horizontal best
2026-08-24T15:32:27.394,1370,RAD,horizontal,2,22.58,25.08,37.7,46.7,59,28.97,1.38,0.67,2,1.49,0,0,horizontal best
2026-08-24T15:32:27.491,1371,RAD,horizontal,2,22.63,25.13,55.8,53.0,87,29.99,0.00,0.00,5,0.63,0,0,horizontal best
2026-08-24T15:32:27.491,1371,RAD,horizontal,2,22.63,25.13,37.3,46.7,59,28.83,1.38,0.67,2,1.48,0,0,horizontal best
2026-08-24T15:32:27.617,1372,RAD,horizontal,3,22.63,25.13,53.9,47.3,83,28.86,1.10,0.75,2,1.52,0,0,horizontal best
2026-08-24T15:32:27.617,1372,RAD,horizontal,3,22.63,25.13,56.6,63.7,142,29.59,1.23,0.68,2,1.01,0,0,horizontal best
2026-08-24T15:32:27.617,1372,RAD,horizontal,3,22.63,25.13,38.1,46.7,81,28.81,0.85,0.57,3,1.45,0,0,horizontal best
2026-08-24T15:32:27.750,1373,RAD,horizontal,3,22.61,25.11,53.0,44.7,83,28.86,1.10,0.75,2,1.55,0,0,horizontal best
2026-08-24T15:32:27.750,1373,RAD,horizontal,3,22.61,25.11,53.7,64.2,141,29.12,1.21,0.59,3,0.95,0,0,horizontal best
2026-08-24T15:32:27.750,1373,RAD,horizontal,3,22.61,25.11,38.5,46.7,83,28.81,0.85,0.58,3,1.45,0,0,horizontal best
2026-08-24T15:32:27.842,1374,RAD,horizontal,1,22.61,25.11,44.3,50.2,107,29.88,0.00,0.00,5,0.56,0,0,horizontal best
2026-08-24T15:32:27.972,1375,RAD,horizontal,1,22.61,25.11,45.4,51.8,111,29.57,0.00,0.00,5,0.60,0,0,horizontal best
2026-08-24T15:32:28.069,1376,RAD,horizontal,1,22.61,25.11,44.6,51.9,106,29.37,0.00,0.00,6,0.58,0,0,horizontal best
2026-08-24T15:32:28.196,1377,RAD,horizontal,1,22.61,25.11,43.1,51.8,107,29.65,0.00,0.00,6,0.58,0,0,horizontal best
2026-08-24T15:32:28.293,1378,RAD,horizontal,1,22.58,25.08,41.8,51.6,104,29.45,0.00,0.00,6,0.61,0,0,horizontal best
2026-08-24T15:32:28.418,1379,RAD,horizontal,1,22.58,25.08,40.5,51.6,104,29.21,0.00,0.00,6,0.58,0,0,horizontal best
2026-08-24T15:32:28.518,1380,RAD,horizontal,3,22.58,25.08,52.8,44.4,82,28.88,1.10,0.75,2,1.52,0,0,horizontal best
2026-08-24T15:32:28.518,1380,RAD,horizontal,3,22.58,25.08,32.8,67.5,134,29.23,1.58,0.59,4,1.03,0,0,horizontal best
2026-08-24T15:32:28.518,1380,RAD,horizontal,3,22.58,25.08,38.7,48.0,83,28.77,0.85,0.58,2,1.45,0,0,horizontal best
2026-08-24T15:32:28.645,1381,RAD,horizontal,2,22.56,25.06,54.4,44.0,22,28.21,3.00,0.81,2,0.80,0,0,horizontal best
2026-08-24T15:32:28.645,1381,RAD,horizontal,2,22.56,25.06,33.7,53.6,82,29.19,2.00,0.14,5,0.52,0,0,horizontal best
2026-08-24T15:32:28.772,1382,RAD,horizontal,1,22.56,25.06,33.6,55.1,120,29.43,0.00,0.00,6,0.60,0,0,horizontal best
2026-08-24T15:32:28.869,1383,RAD,horizontal,3,22.56,25.06,53.2,44.5,82,29.01,1.10,0.75,3,1.54,0,0,horizontal best
2026-08-24T15:32:28.869,1383,RAD,horizontal,3,22.56,25.06,25.2,67.7,141,29.32,1.58,0.62,3,1.09,0,0,horizontal best
2026-08-24T15:32:28.869,1383,RAD,horizontal,3,22.56,25.06,36.7,49.2,85,28.90,0.92,0.54,3,1.48,0,0,horizontal best
2026-08-24T15:32:28.998,1384,RAD,horizontal,3,22.56,25.06,52.8,44.5,83,28.88,1.10,0.75,3,1.53,0,0,horizontal best
2026-08-24T15:32:28.998,1384,RAD,horizontal,3,22.56,25.06,22.8,68.3,134,28.94,1.50,0.62,4,1.03,0,0,horizontal best
2026-08-24T15:32:28.998,1384,RAD,horizontal,3,22.56,25.06,38.3,46.6,85,29.17,0.92,0.54,3,1.50,0,0,horizontal best
2026-08-24T15:32:29.092,1385,RAD,horizontal,3,22.54,25.04,52.7,44.6,81,28.88,1.10,0.74,3,1.49,0,0,horizontal best
2026-08-24T15:32:29.092,1385,RAD,horizontal,3,22.54,25.04,19.9,69.3,134,28.99,1.64,0.68,2,1.07,0,0,horizontal best
2026-08-24T15:32:29.092,1385,RAD,horizontal,3,22.54,25.04,38.8,45.8,86,29.17,0.92,0.55,2,1.51,0,0,horizontal best
2026-08-24T15:32:29.220,1386,RAD,horizontal,3,22.54,25.04,52.6,44.5,84,28.88,1.10,0.76,4,1.49,0,0,horizontal best
2026-08-24T15:32:29.220,1386,RAD,horizontal,3,22.54,25.04,17.5,70.3,129,28.88,1.73,0.62,2,1.00,0,0,horizontal best
2026-08-24T15:32:29.220,1386,RAD,horizontal,3,22.54,25.04,39.0,45.6,87,29.12,0.92,0.56,2,1.52,0,0,horizontal best
2026-08-24T15:32:29.318,1387,RAD,horizontal,3,22.54,25.04,52.6,44.5,84,28.79,1.10,0.76,3,1.54,0,0,horizontal best
2026-08-24T15:32:29.318,1387,RAD,horizontal,3,22.54,25.04,15.3,71.4,134,28.55,1.75,0.53,3,0.96,0,0,horizontal best
2026-08-24T15:32:29.318,1387,RAD,horizontal,3,22.54,25.04,39.2,45.6,88,29.12,1.00,0.61,2,1.61,0,0,horizontal best
2026-08-24T15:32:29.448,1388,RAD,horizontal,3,22.54,25.04,52.6,44.4,85,28.79,1.10,0.77,4,1.53,0,0,horizontal best
2026-08-24T15:32:29.448,1388,RAD,horizontal,3,22.54,25.04,13.4,72.7,146,28.61,1.62,0.53,4,0.98,0,0,horizontal best
2026-08-24T15:32:29.448,1388,RAD,horizontal,3,22.54,25.04,39.5,45.4,82,28.90,1.30,0.63,2,1.58,0,0,horizontal best
2026-08-24T15:32:29.541,1389,RAD,horizontal,3,22.54,25.04,52.6,44.5,86,28.79,1.10,0.78,4,1.53,0,0,horizontal best
2026-08-24T15:32:29.541,1389,RAD,horizontal,3,22.54,25.04,11.6,74.6,166,28.79,1.62,0.61,3,1.03,0,0,horizontal best
2026-08-24T15:32:29.541,1389,RAD,horizontal,3,22.54,25.04,39.9,45.2,80,29.23,1.20,0.67,2,1.60,0,0,horizontal best
2026-08-24T15:32:29.669,1390,RAD,horizontal,3,22.58,25.08,52.5,44.6,85,28.83,1.10,0.77,4,1.50,0,0,horizontal best
2026-08-24T15:32:29.669,1390,RAD,horizontal,3,22.58,25.08,10.1,76.8,169,28.61,1.54,0.65,2,0.92,0,0,horizontal best
2026-08-24T15:32:29.669,1390,RAD,horizontal,3,22.58,25.08,40.2,44.9,80,29.19,1.44,0.68,2,1.58,0,0,horizontal best
2026-08-24T15:32:29.798,1391,RAD,horizontal,3,22.56,25.06,52.5,44.6,85,28.83,1.10,0.77,4,1.51,0,0,horizontal best
2026-08-24T15:32:29.798,1391,RAD,horizontal,3,22.56,25.06,9.0,79.2,180,28.39,1.27,0.63,5,0.90,0,0,horizontal best
2026-08-24T15:32:29.798,1391,RAD,horizontal,3,22.56,25.06,40.4,44.7,78,28.94,1.44,0.67,2,1.60,0,0,horizontal best
2026-08-24T15:32:29.898,1392,RAD,horizontal,3,22.56,25.06,52.4,44.6,85,28.83,1.10,0.77,4,1.51,0,0,horizontal best
2026-08-24T15:32:29.898,1392,RAD,horizontal,3,22.56,25.06,7.6,80.9,201,28.41,1.12,0.70,4,0.91,0,0,horizontal best
2026-08-24T15:32:29.898,1392,RAD,horizontal,3,22.56,25.06,40.3,44.6,74,28.70,1.44,0.63,2,1.58,0,0,horizontal best
2026-08-24T15:32:30.020,1393,RAD,horizontal,3,22.56,25.06,52.4,44.6,85,28.88,1.10,0.77,4,1.52,0,0,horizontal best
2026-08-24T15:32:30.020,1393,RAD,horizontal,3,22.56,25.06,6.4,81.0,101,29.03,1.00,0.52,5,0.58,0,0,horizontal best
2026-08-24T15:32:30.020,1393,RAD,horizontal,3,22.56,25.06,40.2,44.6,76,28.68,1.44,0.65,2,1.58,0,0,horizontal best
2026-08-24T15:32:30.117,1394,RAD,horizontal,3,22.56,25.06,52.5,44.6,85,28.88,1.10,0.77,4,1.52,0,0,horizontal best
2026-08-24T15:32:30.117,1394,RAD,horizontal,3,22.56,25.06,6.1,83.9,229,28.92,1.27,0.80,3,1.03,0,0,horizontal best
2026-08-24T15:32:30.117,1394,RAD,horizontal,3,22.56,25.06,40.1,44.6,76,28.63,1.44,0.65,2,1.59,0,0,horizontal best
2026-08-24T15:32:30.247,1395,RAD,horizontal,3,22.56,25.06,52.5,44.6,85,28.92,1.10,0.77,4,1.50,0,0,horizontal best
2026-08-24T15:32:30.247,1395,RAD,horizontal,3,22.56,25.06,5.8,86.9,235,29.01,1.53,0.68,3,1.04,0,0,horizontal best
2026-08-24T15:32:30.247,1395,RAD,horizontal,3,22.56,25.06,40.1,44.6,78,28.55,1.44,0.67,2,1.58,0,0,horizontal best
2026-08-24T15:32:30.341,1396,RAD,horizontal,3,22.56,25.06,52.5,44.6,85,28.92,1.10,0.77,4,1.50,0,0,horizontal best
2026-08-24T15:32:30.341,1396,RAD,horizontal,3,22.56,25.06,5.7,89.6,236,28.83,1.64,0.73,2,0.97,0,0,horizontal best
2026-08-24T15:32:30.341,1396,RAD,horizontal,3,22.56,25.06,39.9,44.5,80,28.55,1.30,0.62,2,1.57,0,0,horizontal best
2026-08-24T15:32:30.473,1397,RAD,horizontal,3,22.61,25.11,52.5,44.6,84,28.94,1.10,0.76,4,1.54,0,0,horizontal best
2026-08-24T15:32:30.473,1397,RAD,horizontal,3,22.61,25.11,5.6,92.2,246,28.94,1.71,0.73,4,1.00,0,0,horizontal best
2026-08-24T15:32:30.473,1397,RAD,horizontal,3,22.61,25.11,39.9,44.5,81,28.48,1.30,0.62,2,1.57,0,0,horizontal best
2026-08-24T15:32:30.601,1398,RAD,horizontal,2,22.61,25.11,52.5,44.6,84,28.94,1.10,0.76,4,1.54,0,0,horizontal best
2026-08-24T15:32:30.601,1398,RAD,horizontal,2,22.61,25.11,39.9,44.4,81,28.48,1.30,0.62,2,1.57,0,0,horizontal best
2026-08-24T15:32:30.695,1399,RAD,horizontal,3,22.61,25.11,52.6,44.6,83,28.94,1.10,0.75,4,1.52,0,0,horizontal best
2026-08-24T15:32:30.695,1399,RAD,horizontal,3,22.61,25.11,6.3,100.0,304,29.21,2.19,0.54,5,1.08,0,0,horizontal best
2026-08-24T15:32:30.695,1399,RAD,horizontal,3,22.61,25.11,39.9,44.5,82,28.48,1.30,0.63,3,1.58,0,0,horizontal best
2026-08-24T15:32:30.825,1400,RAD,horizontal,2,22.58,25.08,52.5,44.6,84,28.90,1.10,0.76,4,1.51,0,0,horizontal best
2026-08-24T15:32:30.825,1400,RAD,horizontal,2,22.58,25.08,39.9,44.6,80,28.48,1.30,0.62,3,1.55,0,0,horizontal best
2026-08-24T15:32:30.919,1401,RAD,horizontal,2,22.58,25.08,52.5,44.6,84,28.90,1.10,0.76,4,1.50,0,0,horizontal best
2026-08-24T15:32:30.919,1401,RAD,horizontal,2,22.58,25.08,39.9,44.6,80,28.52,1.30,0.62,3,1.56,0,0,horizontal best
2026-08-24T15:32:31.048,1402,RAD,horizontal,2,22.61,25.11,52.6,44.6,83,28.92,1.10,0.75,4,1.51,0,0,horizontal best
2026-08-24T15:32:31.048,1402,RAD,horizontal,2,22.61,25.11,39.9,44.7,79,28.52,1.30,0.61,2,1.56,0,0,horizontal best
2026-08-24T15:32:31.142,1403,RAD,horizontal,3,22.58,25.08,52.5,44.6,84,28.97,1.10,0.76,4,1.51,0,0,horizontal best
2026-08-24T15:32:31.142,1403,RAD,horizontal,3,22.58,25.08,6.2,107.1,297,28.99,1.42,0.58,8,1.01,0,0,horizontal best
2026-08-24T15:32:31.142,1403,RAD,horizontal,3,22.58,25.08,39.9,44.7,82,28.52,1.30,0.63,2,1.58,0,0,horizontal best
2026-08-24T15:32:31.273,1404,RAD,horizontal,3,22.58,25.08,52.5,44.5,83,28.97,1.10,0.75,4,1.50,0,0,horizontal best
2026-08-24T15:32:31.273,1404,RAD,horizontal,3,22.58,25.08,6.4,107.2,300,29.19,1.30,0.58,4,1.09,0,0,horizontal best
2026-08-24T15:32:31.273,1404,RAD,horizontal,3,22.58,25.08,40.0,44.7,81,28.52,1.30,0.62,2,1.58,0,0,horizontal best
2026-08-24T15:32:31.369,1405,RAD,horizontal,3,22.58,25.08,52.6,44.5,82,28.90,1.10,0.75,4,1.49,0,0,horizontal best
2026-08-24T15:32:31.369,1405,RAD,horizontal,3,22.58,25.08,7.2,107.2,330,29.54,1.09,0.57,4,1.19,0,0,horizontal best
2026-08-24T15:32:31.369,1405,RAD,horizontal,3,22.58,25.08,40.0,44.7,81,28.52,1.30,0.62,2,1.58,0,0,horizontal best
2026-08-24T15:32:31.496,1406,RAD,horizontal,3,22.58,25.08,52.6,44.5,82,28.90,1.10,0.75,4,1.49,0,0,horizontal best
2026-08-24T15:32:31.496,1406,RAD,horizontal,3,22.58,25.08,8.7,106.7,382,29.32,0.96,0.59,4,1.20,0,0,horizontal best
2026-08-24T15:32:31.496,1406,RAD,horizontal,3,22.58,25.08,40.0,44.8,80,28.50,1.30,0.62,2,1.58,0,0,horizontal best
2026-08-24T15:32:31.627,1407,RAD,horizontal,3,22.56,25.06,52.6,44.6,81,28.90,1.10,0.74,4,1.49,0,0,horizontal best
2026-08-24T15:32:31.627,1407,RAD,horizontal,3,22.56,25.06,10.1,106.3,400,29.34,0.83,0.53,6,1.22,0,0,horizontal best
2026-08-24T15:32:31.627,1407,RAD,horizontal,3,22.56,25.06,40.0,44.7,79,28.50,1.30,0.61,2,1.57,0,0,horizontal best
2026-08-24T15:32:31.721,1408,RAD,horizontal,3,22.54,25.04,52.6,44.6,82,28.86,1.10,0.75,3,1.50,0,0,horizontal best
2026-08-24T15:32:31.721,1408,RAD,horizontal,3,22.54,25.04,12.3,106.3,398,29.28,0.81,0.51,5,1.24,0,0,horizontal best
2026-08-24T15:32:31.721,1408,RAD,horizontal,3,22.54,25.04,40.0,44.6,77,28.43,1.44,0.66,2,1.54,0,0,horizontal best
2026-08-24T15:32:31.848,1409,RAD,horizontal,3,22.54,25.04,52.6,44.7,82,28.86,1.10,0.75,4,1.49,0,0,horizontal best
2026-08-24T15:32:31.848,1409,RAD,horizontal,3,22.54,25.04,14.8,106.6,385,29.17,0.77,0.52,6,1.14,0,0,horizontal best
2026-08-24T15:32:31.848,1409,RAD,horizontal,3,22.54,25.04,40.1,44.5,78,28.43,1.44,0.67,2,1.56,0,0,horizontal best
2026-08-24T15:32:31.944,1410,RAD,horizontal,3,22.54,25.04,52.6,44.7,82,28.88,1.10,0.75,3,1.50,0,0,horizontal best
2026-08-24T15:32:31.944,1410,RAD,horizontal,3,22.54,25.04,18.1,107.1,381,29.48,0.73,0.48,7,1.11,0,0,horizontal best
2026-08-24T15:32:31.944,1410,RAD,horizontal,3,22.54,25.04,40.1,44.4,76,28.43,1.33,0.70,2,1.54,0,0,horizontal best
2026-08-24T15:32:32.073,1411,RAD,horizontal,3,22.51,25.01,52.6,44.7,82,28.90,1.10,0.75,3,1.50,0,0,horizontal best
2026-08-24T15:32:32.073,1411,RAD,horizontal,3,22.51,25.01,21.4,107.2,388,29.43,0.73,0.49,5,1.12,0,0,horizontal best
2026-08-24T15:32:32.073,1411,RAD,horizontal,3,22.51,25.01,40.1,44.5,78,28.43,1.44,0.67,1,1.54,0,0,horizontal best
2026-08-24T15:32:32.171,1412,RAD,horizontal,3,22.51,25.01,52.6,44.7,82,28.92,1.10,0.75,3,1.51,0,0,horizontal best
2026-08-24T15:32:32.171,1412,RAD,horizontal,3,22.51,25.01,24.0,107.4,400,29.65,0.73,0.51,6,1.14,0,0,horizontal best
2026-08-24T15:32:32.171,1412,RAD,horizontal,3,22.51,25.01,40.1,44.6,78,28.43,1.44,0.67,1,1.54,0,0,horizontal best
2026-08-24T15:32:32.295,1413,RAD,horizontal,3,22.54,25.04,52.6,44.6,83,28.92,1.10,0.75,3,1.53,0,0,horizontal best
2026-08-24T15:32:32.295,1413,RAD,horizontal,3,22.54,25.04,24.9,107.7,257,29.57,0.00,0.00,8,0.65,0,0,horizontal best
2026-08-24T15:32:32.295,1413,RAD,horizontal,3,22.54,25.04,40.1,44.5,76,28.48,1.33,0.70,1,1.53,0,0,horizontal best
2026-08-24T15:32:32.423,1414,RAD,horizontal,3,22.54,25.04,52.6,44.6,83,28.92,1.10,0.75,3,1.53,0,0,horizontal best
2026-08-24T15:32:32.423,1414,RAD,horizontal,3,22.54,25.04,24.9,107.9,236,29.54,1.53,0.68,6,0.64,0,0,horizontal best
2026-08-24T15:32:32.423,1414,RAD,horizontal,3,22.54,25.04,40.1,44.6,79,28.48,1.44,0.68,1,1.55,0,0,horizontal best
2026-08-24T15:32:32.521,1415,RAD,horizontal,3,22.56,25.06,52.6,44.6,83,28.92,1.10,0.75,4,1.54,0,0,horizontal best
2026-08-24T15:32:32.521,1415,RAD,horizontal,3,22.56,25.06,27.8,108.3,302,29.81,0.69,0.43,5,0.81,0,0,horizontal best
2026-08-24T15:32:32.521,1415,RAD,horizontal,3,22.56,25.06,39.9,44.9,80,28.48,1.20,0.67,2,1.56,0,0,horizontal best
2026-08-24T15:32:32.645,1416,RAD,horizontal,2,22.56,25.06,52.6,44.6,83,28.92,1.10,0.75,4,1.54,0,0,horizontal best
2026-08-24T15:32:32.645,1416,RAD,horizontal,2,22.56,25.06,39.6,45.3,79,28.48,1.20,0.66,1,1.55,0,0,horizontal best
2026-08-24T15:32:32.744,1417,RAD,horizontal,2,22.56,25.06,52.6,44.6,83,28.92,1.10,0.75,4,1.53,0,0,horizontal best
2026-08-24T15:32:32.744,1417,RAD,horizontal,2,22.56,25.06,38.9,45.5,79,28.48,1.33,0.73,2,1.51,0,0,horizontal best
2026-08-24T15:32:32.865,1418,RAD,horizontal,2,22.51,25.01,52.6,44.6,83,28.94,1.10,0.75,3,1.53,0,0,horizontal best
2026-08-24T15:32:32.865,1418,RAD,horizontal,2,22.51,25.01,38.1,45.9,76,28.43,1.33,0.70,2,1.46,0,0,horizontal best
2026-08-24T15:32:32.969,1419,RAD,horizontal,3,22.51,25.01,52.6,44.6,83,28.99,1.10,0.75,3,1.53,0,0,horizontal best
2026-08-24T15:32:32.969,1419,RAD,horizontal,3,22.51,25.01,45.4,111.4,441,29.94,0.62,0.69,4,1.25,0,0,horizontal best
2026-08-24T15:32:32.969,1419,RAD,horizontal,3,22.51,25.01,37.5,46.2,74,28.46,1.33,0.69,2,1.53,0,0,horizontal best
2026-08-24T15:32:33.096,1420,RAD,horizontal,3,22.51,25.01,52.6,44.6,83,28.99,1.10,0.75,3,1.53,0,0,horizontal best
2026-08-24T15:32:33.096,1420,RAD,horizontal,3,22.51,25.01,46.9,111.1,250,29.88,0.86,0.60,5,0.68,0,0,horizontal best
2026-08-24T15:32:33.096,1420,RAD,horizontal,3,22.51,25.01,36.9,46.5,76,28.46,1.22,0.77,1,1.52,0,0,horizontal best
2026-08-24T15:32:33.190,1421,RAD,horizontal,3,22.51,25.01,52.6,44.6,83,29.03,1.10,0.75,3,1.54,0,0,horizontal best
2026-08-24T15:32:33.190,1421,RAD,horizontal,3,22.51,25.01,48.2,111.6,239,29.68,0.82,0.60,5,0.65,0,0,horizontal best
2026-08-24T15:32:33.190,1421,RAD,horizontal,3,22.51,25.01,36.6,46.6,75,28.46,1.22,0.76,1,1.59,0,0,horizontal best
2026-08-24T15:32:33.316,1422,RAD,horizontal,2,22.49,24.99,52.6,44.6,82,29.03,1.10,0.75,3,1.51,0,0,horizontal best
2026-08-24T15:32:33.316,1422,RAD,horizontal,2,22.49,24.99,36.5,46.8,74,28.32,1.22,0.75,1,1.58,0,0,horizontal best
2026-08-24T15:32:33.445,1423,RAD,horizontal,2,22.49,24.99,52.6,44.6,82,29.06,1.10,0.75,3,1.51,0,0,horizontal best
2026-08-24T15:32:33.445,1423,RAD,horizontal,2,22.49,24.99,36.4,46.9,73,28.30,1.10,0.66,1,1.56,0,0,horizontal best
2026-08-24T15:32:33.536,1424,RAD,horizontal,2,22.47,24.97,52.6,44.6,82,29.12,1.10,0.75,3,1.50,0,0,horizontal best
2026-08-24T15:32:33.536,1424,RAD,horizontal,2,22.47,24.97,36.2,47.1,72,28.17,1.00,0.72,1,1.50,0,0,horizontal best
2026-08-24T15:32:33.669,1425,RAD,horizontal,2,22.47,24.97,52.6,44.6,82,29.12,1.10,0.75,3,1.50,0,0,horizontal best
2026-08-24T15:32:33.669,1425,RAD,horizontal,2,22.47,24.97,36.2,47.4,69,28.12,1.00,0.85,3,1.39,0,0,horizontal best
2026-08-24T15:32:33.760,1426,RAD,horizontal,2,22.44,24.94,52.6,44.6,83,29.12,1.10,0.75,3,1.53,0,0,horizontal best
2026-08-24T15:32:33.760,1426,RAD,horizontal,2,22.44,24.94,36.1,47.7,77,27.85,1.00,0.77,2,1.41,0,0,horizontal best
2026-08-24T15:32:33.888,1427,RAD,horizontal,2,22.44,24.94,52.6,44.6,83,29.12,1.10,0.75,3,1.52,0,0,horizontal best
2026-08-24T15:32:33.888,1427,RAD,horizontal,2,22.44,24.94,36.0,47.9,75,27.85,1.00,0.75,2,1.39,0,0,horizontal best
2026-08-24T15:32:33.983,1428,RAD,horizontal,2,22.42,24.92,52.6,44.6,83,29.12,1.10,0.75,3,1.53,0,0,horizontal best
2026-08-24T15:32:33.983,1428,RAD,horizontal,2,22.42,24.92,36.0,48.0,75,27.85,1.00,0.75,2,1.37,0,0,horizontal best
2026-08-24T15:32:34.112,1429,RAD,horizontal,2,22.42,24.92,52.6,44.6,83,29.12,1.10,0.75,3,1.52,0,0,horizontal best
2026-08-24T15:32:34.112,1429,RAD,horizontal,2,22.42,24.92,36.0,48.1,74,27.97,1.00,0.74,3,1.36,0,0,horizontal best
2026-08-24T15:32:34.240,1430,RAD,horizontal,2,22.42,24.92,52.6,44.6,83,29.14,1.10,0.75,3,1.53,0,0,horizontal best
2026-08-24T15:32:34.240,1430,RAD,horizontal,2,22.42,24.92,36.0,48.1,73,28.01,1.00,0.73,3,1.36,0,0,horizontal best
2026-08-24T15:32:34.337,1431,RAD,horizontal,2,22.40,24.90,52.6,44.6,83,29.14,1.10,0.75,3,1.53,0,0,horizontal best
2026-08-24T15:32:34.337,1431,RAD,horizontal,2,22.40,24.90,36.0,48.1,73,28.01,1.00,0.73,3,1.36,0,0,horizontal best
2026-08-24T15:32:34.465,1432,RAD,horizontal,2,22.40,24.90,52.6,44.6,83,29.14,1.10,0.75,3,1.53,0,0,horizontal best
2026-08-24T15:32:34.465,1432,RAD,horizontal,2,22.40,24.90,36.0,48.1,73,28.03,1.00,0.73,3,1.36,0,0,horizontal best
2026-08-24T15:32:34.560,1433,RAD,horizontal,2,22.40,24.90,52.6,44.6,83,29.14,1.10,0.75,3,1.53,0,0,horizontal best
2026-08-24T15:32:34.560,1433,RAD,horizontal,2,22.40,24.90,36.0,48.1,73,28.03,1.00,0.73,3,1.36,0,0,horizontal best
2026-08-24T15:32:34.689,1434,RAD,horizontal,2,22.37,24.87,52.6,44.6,83,28.97,1.10,0.75,3,1.53,0,0,horizontal best
2026-08-24T15:32:34.689,1434,RAD,horizontal,2,22.37,24.87,36.0,48.1,73,28.03,1.00,0.73,2,1.35,0,0,horizontal best
2026-08-24T15:32:34.785,1435,RAD,horizontal,2,22.40,24.90,52.7,44.6,82,28.97,1.10,0.75,3,1.53,0,0,horizontal best
2026-08-24T15:32:34.785,1435,RAD,horizontal,2,22.40,24.90,36.0,48.1,73,28.01,1.00,0.73,2,1.35,0,0,horizontal best
2026-08-24T15:32:34.912,1436,RAD,horizontal,2,22.40,24.90,52.7,44.6,82,28.94,1.10,0.75,4,1.53,0,0,horizontal best
2026-08-24T15:32:34.912,1436,RAD,horizontal,2,22.40,24.90,36.0,48.1,73,28.01,1.00,0.73,2,1.35,0,0,horizontal best
2026-08-24T15:32:35.010,1437,RAD,horizontal,2,22.35,24.85,52.7,44.6,82,28.90,1.10,0.75,4,1.48,0,0,horizontal best
2026-08-24T15:32:35.010,1437,RAD,horizontal,2,22.35,24.85,36.0,48.1,73,27.97,1.00,0.73,3,1.35,0,0,horizontal best
2026-08-24T15:32:35.137,1438,RAD,horizontal,2,22.35,24.85,52.7,44.5,82,28.66,1.10,0.75,4,1.50,0,0,horizontal best
2026-08-24T15:32:35.137,1438,RAD,horizontal,2,22.35,24.85,36.0,48.0,73,27.97,1.00,0.73,3,1.35,0,0,horizontal best
2026-08-24T15:32:35.265,1439,RAD,horizontal,2,22.35,24.85,52.5,44.5,88,29.06,1.00,0.73,3,1.57,0,0,horizontal best
2026-08-24T15:32:35.265,1439,RAD,horizontal,2,22.35,24.85,36.0,48.0,74,27.94,1.00,0.74,2,1.36,0,0,horizontal best
2026-08-24T15:32:35.360,1440,RAD,horizontal,2,22.35,24.85,52.4,44.6,86,29.01,1.00,0.71,3,1.60,0,0,horizontal best
2026-08-24T15:32:35.360,1440,RAD,horizontal,2,22.35,24.85,36.0,48.0,74,27.94,1.00,0.74,2,1.36,0,0,horizontal best
2026-08-24T15:32:35.488,1441,RAD,horizontal,2,22.35,24.85,52.1,44.7,88,29.19,1.00,0.73,2,1.61,0,0,horizontal best
2026-08-24T15:32:35.488,1441,RAD,horizontal,2,22.35,24.85,36.0,48.0,74,27.99,1.00,0.74,3,1.39,0,0,horizontal best
2026-08-24T15:32:35.584,1442,RAD,horizontal,2,22.35,24.85,51.9,44.7,83,29.12,1.10,0.75,3,1.63,0,0,horizontal best
2026-08-24T15:32:35.584,1442,RAD,horizontal,2,22.35,24.85,36.0,47.9,74,28.03,1.00,0.74,3,1.45,0,0,horizontal best
2026-08-24T15:32:35.712,1443,RAD,horizontal,2,22.35,24.85,51.7,44.6,85,29.28,1.10,0.77,3,1.68,0,0,horizontal best
2026-08-24T15:32:35.712,1443,RAD,horizontal,2,22.35,24.85,36.3,47.6,73,28.28,1.10,0.66,2,1.52,0,0,horizontal best
2026-08-24T15:32:35.815,1444,RAD,horizontal,2,22.37,24.87,51.5,44.6,83,29.39,1.10,0.75,3,1.65,0,0,horizontal best
2026-08-24T15:32:35.815,1444,RAD,horizontal,2,22.37,24.87,36.6,47.2,73,28.46,1.00,0.73,1,1.58,0,0,horizontal best
2026-08-24T15:32:35.942,1445,RAD,horizontal,2,22.42,24.92,51.4,44.6,83,29.30,1.10,0.75,3,1.64,0,0,horizontal best
2026-08-24T15:32:35.942,1445,RAD,horizontal,2,22.42,24.92,37.1,46.9,77,28.83,1.10,0.70,2,1.57,0,0,horizontal best
2026-08-24T15:32:36.033,1446,RAD,horizontal,2,22.40,24.90,51.3,44.6,80,29.28,1.10,0.73,3,1.61,0,0,horizontal best
2026-08-24T15:32:36.033,1446,RAD,horizontal,2,22.40,24.90,37.6,46.6,70,28.59,1.22,0.71,2,1.56,0,0,horizontal best
2026-08-24T15:32:36.165,1447,RAD,horizontal,2,22.40,24.90,51.3,44.7,82,29.23,1.10,0.75,3,1.65,0,0,horizontal best
2026-08-24T15:32:36.165,1447,RAD,horizontal,2,22.40,24.90,38.0,46.5,73,28.88,1.22,0.74,2,1.62,0,0,horizontal best
2026-08-24T15:32:36.296,1448,RAD,horizontal,2,22.42,24.92,51.2,44.6,81,29.23,1.10,0.74,3,1.64,0,0,horizontal best
2026-08-24T15:32:36.296,1448,RAD,horizontal,2,22.42,24.92,38.5,46.7,74,28.92,1.22,0.75,2,1.62,0,0,horizontal best
2026-08-24T15:32:36.387,1449,RAD,horizontal,1,22.44,24.94,43.2,45.0,67,29.23,0.00,0.00,5,0.64,0,0,horizontal best
2026-08-24T15:32:36.518,1450,RAD,horizontal,2,22.44,24.94,51.4,44.4,84,29.23,1.20,0.70,3,1.67,0,0,horizontal best
2026-08-24T15:32:36.518,1450,RAD,horizontal,2,22.44,24.94,40.7,46.0,76,28.97,1.20,0.63,2,1.59,0,0,horizontal best
2026-08-24T15:32:36.610,1451,RAD,horizontal,1,22.47,24.97,43.6,44.8,69,29.43,0.00,0.00,5,0.65,0,0,horizontal best
2026-08-24T15:32:36.740,1452,RAD,horizontal,1,22.47,24.97,45.3,44.2,64,29.43,0.00,0.00,5,0.64,0,0,horizontal best
2026-08-24T15:32:36.834,1453,RAD,horizontal,1,22.44,24.94,45.7,44.0,64,29.41,0.00,0.00,5,0.64,0,0,horizontal best
2026-08-24T15:32:36.965,1454,RAD,horizontal,2,22.44,24.94,51.5,44.3,84,29.41,1.20,0.70,3,1.67,0,0,horizontal best
2026-08-24T15:32:36.965,1454,RAD,horizontal,2,22.44,24.94,41.2,45.9,74,28.70,1.10,0.67,2,1.54,0,0,horizontal best
2026-08-24T15:32:37.093,1455,RAD,horizontal,2,22.42,24.92,51.5,44.3,84,29.39,1.20,0.70,3,1.66,0,0,horizontal best
2026-08-24T15:32:37.093,1455,RAD,horizontal,2,22.42,24.92,39.2,46.8,72,28.70,1.10,0.65,2,1.52,0,0,horizontal best
2026-08-24T15:32:37.188,1456,RAD,horizontal,2,22.42,24.92,51.5,44.3,84,29.39,1.20,0.70,3,1.66,0,0,horizontal best
2026-08-24T15:32:37.188,1456,RAD,horizontal,2,22.42,24.92,38.6,47.1,72,28.70,1.10,0.65,2,1.51,0,0,horizontal best
2026-08-24T15:32:37.317,1457,RAD,horizontal,2,22.37,24.87,51.5,44.3,84,29.30,1.20,0.70,3,1.65,0,0,horizontal best
2026-08-24T15:32:37.317,1457,RAD,horizontal,2,22.37,24.87,38.7,47.1,73,28.63,1.10,0.66,2,1.53,0,0,horizontal best
2026-08-24T15:32:37.413,1458,RAD,horizontal,2,22.37,24.87,51.5,44.3,84,29.30,1.20,0.70,3,1.64,0,0,horizontal best
2026-08-24T15:32:37.413,1458,RAD,horizontal,2,22.37,24.87,38.9,47.0,73,28.63,1.10,0.66,2,1.55,0,0,horizontal best
2026-08-24T15:32:37.542,1459,RAD,horizontal,2,22.37,24.87,51.5,44.3,84,29.30,1.20,0.70,3,1.65,0,0,horizontal best
2026-08-24T15:32:37.542,1459,RAD,horizontal,2,22.37,24.87,38.9,46.7,74,28.63,1.20,0.62,2,1.55,0,0,horizontal best
2026-08-24T15:32:37.636,1460,RAD,horizontal,2,22.37,24.87,51.5,44.3,84,29.30,1.20,0.70,3,1.65,0,0,horizontal best
2026-08-24T15:32:37.636,1460,RAD,horizontal,2,22.37,24.87,38.9,46.6,72,28.63,1.33,0.67,2,1.54,0,0,horizontal best
2026-08-24T15:32:37.765,1461,RAD,horizontal,2,22.37,24.87,51.5,44.3,84,29.30,1.20,0.70,3,1.64,0,0,horizontal best
2026-08-24T15:32:37.765,1461,RAD,horizontal,2,22.37,24.87,38.8,46.5,72,28.72,1.33,0.67,2,1.54,0,0,horizontal best
2026-08-24T15:32:37.859,1462,RAD,horizontal,2,22.37,24.87,51.5,44.3,84,29.19,1.20,0.70,3,1.61,0,0,horizontal best
2026-08-24T15:32:37.859,1462,RAD,horizontal,2,22.37,24.87,38.7,46.4,74,28.72,1.33,0.69,2,1.54,0,0,horizontal best
2026-08-24T15:32:37.988,1463,RAD,horizontal,2,22.37,24.87,51.4,44.4,86,29.17,1.20,0.72,3,1.63,0,0,horizontal best
2026-08-24T15:32:37.988,1463,RAD,horizontal,2,22.37,24.87,38.6,46.4,73,28.86,1.50,0.76,2,1.50,0,0,horizontal best
2026-08-24T15:32:38.118,1464,RAD,horizontal,2,22.37,24.87,51.3,44.5,88,29.17,1.09,0.67,3,1.62,0,0,horizontal best
2026-08-24T15:32:38.118,1464,RAD,horizontal,2,22.37,24.87,38.6,46.4,73,28.86,1.33,0.68,2,1.56,0,0,horizontal best
2026-08-24T15:32:38.209,1465,RAD,horizontal,2,22.35,24.85,51.2,44.4,91,29.14,1.09,0.69,4,1.65,0,0,horizontal best
2026-08-24T15:32:38.209,1465,RAD,horizontal,2,22.35,24.85,38.5,46.5,74,28.86,1.33,0.69,2,1.52,0,0,horizontal best
2026-08-24T15:32:38.337,1466,RAD,horizontal,2,22.37,24.87,51.1,44.4,92,29.14,1.00,0.64,3,1.64,0,0,horizontal best
2026-08-24T15:32:38.337,1466,RAD,horizontal,2,22.37,24.87,38.5,46.6,81,28.74,1.44,0.69,2,1.57,0,0,horizontal best
2026-08-24T15:32:38.433,1467,RAD,horizontal,2,22.37,24.87,51.1,44.4,91,29.14,1.00,0.63,3,1.64,0,0,horizontal best
2026-08-24T15:32:38.433,1467,RAD,horizontal,2,22.37,24.87,38.3,46.6,77,28.72,1.62,0.74,3,1.47,0,0,horizontal best
2026-08-24T15:32:38.558,1468,RAD,horizontal,2,22.37,24.87,51.1,44.4,92,29.14,1.00,0.64,4,1.65,0,0,horizontal best
2026-08-24T15:32:38.558,1468,RAD,horizontal,2,22.37,24.87,38.2,46.6,80,28.86,1.44,0.68,3,1.50,0,0,horizontal best
2026-08-24T15:32:38.655,1469,RAD,horizontal,2,22.35,24.85,51.1,44.4,92,29.14,1.00,0.64,4,1.64,0,0,horizontal best
2026-08-24T15:32:38.655,1469,RAD,horizontal,2,22.35,24.85,38.0,46.5,79,28.83,1.33,0.73,3,1.48,0,0,horizontal best
2026-08-24T15:32:38.787,1470,RAD,horizontal,2,22.35,24.85,51.1,44.4,92,29.14,1.00,0.64,4,1.65,0,0,horizontal best
2026-08-24T15:32:38.787,1470,RAD,horizontal,2,22.35,24.85,38.0,46.4,79,28.83,1.33,0.73,3,1.48,0,0,horizontal best
2026-08-24T15:32:38.913,1471,RAD,horizontal,2,22.35,24.85,51.1,44.4,92,29.14,1.00,0.64,4,1.68,0,0,horizontal best
2026-08-24T15:32:38.913,1471,RAD,horizontal,2,22.35,24.85,38.0,46.4,78,28.83,1.33,0.72,3,1.54,0,0,horizontal best
2026-08-24T15:32:39.014,1472,RAD,horizontal,2,22.37,24.87,51.1,44.4,92,29.14,1.00,0.64,4,1.67,0,0,horizontal best
2026-08-24T15:32:39.014,1472,RAD,horizontal,2,22.37,24.87,38.0,46.4,83,29.08,1.20,0.69,2,1.65,0,0,horizontal best
2026-08-24T15:32:39.144,1473,RAD,horizontal,2,22.40,24.90,51.1,44.4,92,29.14,1.00,0.64,4,1.67,0,0,horizontal best
2026-08-24T15:32:39.144,1473,RAD,horizontal,2,22.40,24.90,37.9,46.4,81,29.06,1.33,0.75,3,1.59,0,0,horizontal best
2026-08-24T15:32:39.236,1474,RAD,horizontal,2,22.37,24.87,51.1,44.4,92,29.14,1.00,0.64,4,1.67,0,0,horizontal best
2026-08-24T15:32:39.236,1474,RAD,horizontal,2,22.37,24.87,37.7,46.2,77,28.97,1.33,0.71,2,1.51,0,0,horizontal best
2026-08-24T15:32:39.367,1475,RAD,horizontal,2,22.37,24.87,51.1,44.4,92,29.14,1.00,0.64,4,1.68,0,0,horizontal best
2026-08-24T15:32:39.367,1475,RAD,horizontal,2,22.37,24.87,37.7,46.2,79,28.81,1.33,0.73,2,1.56,0,0,horizontal best
2026-08-24T15:32:39.461,1476,RAD,horizontal,2,22.37,24.87,51.1,44.4,91,29.14,1.00,0.63,3,1.68,0,0,horizontal best
2026-08-24T15:32:39.461,1476,RAD,horizontal,2,22.37,24.87,37.7,46.3,82,28.72,1.33,0.76,2,1.57,0,0,horizontal best
2026-08-24T15:32:39.587,1477,RAD,horizontal,2,22.35,24.85,51.3,44.3,88,29.14,1.09,0.67,3,1.65,0,0,horizontal best
2026-08-24T15:32:39.587,1477,RAD,horizontal,2,22.35,24.85,37.6,46.4,80,29.06,1.33,0.74,2,1.62,0,0,horizontal best
2026-08-24T15:32:39.683,1478,RAD,horizontal,2,22.33,24.83,51.4,44.2,88,29.14,1.09,0.67,3,1.65,0,0,horizontal best
2026-08-24T15:32:39.683,1478,RAD,horizontal,2,22.33,24.83,37.6,46.5,79,29.03,1.33,0.73,2,1.63,0,0,horizontal best
2026-08-24T15:32:39.814,1479,RAD,horizontal,2,22.33,24.83,51.5,44.2,86,29.14,1.20,0.72,3,1.64,0,0,horizontal best
2026-08-24T15:32:39.814,1479,RAD,horizontal,2,22.33,24.83,37.5,46.4,84,29.01,1.20,0.70,2,1.61,0,0,horizontal best
2026-08-24T15:32:39.941,1480,RAD,horizontal,2,22.33,24.83,51.5,44.1,86,29.14,1.20,0.72,3,1.63,0,0,horizontal best
2026-08-24T15:32:39.941,1480,RAD,horizontal,2,22.33,24.83,37.3,46.5,81,28.97,1.20,0.68,2,1.58,0,0,horizontal best
2026-08-24T15:32:40.036,1481,RAD,horizontal,2,22.33,24.83,51.5,44.1,86,29.23,1.20,0.72,3,1.62,0,0,horizontal best
2026-08-24T15:32:40.036,1481,RAD,horizontal,2,22.33,24.83,37.2,46.5,80,28.99,1.20,0.67,2,1.58,0,0,horizontal best
2026-08-24T15:32:40.167,1482,RAD,horizontal,2,22.33,24.83,51.5,44.1,86,29.23,1.20,0.72,3,1.62,0,0,horizontal best
2026-08-24T15:32:40.167,1482,RAD,horizontal,2,22.33,24.83,37.2,46.5,79,28.99,1.20,0.66,2,1.57,0,0,horizontal best
2026-08-24T15:32:40.258,1483,RAD,horizontal,2,22.33,24.83,51.5,44.1,86,29.23,1.20,0.72,3,1.62,0,0,horizontal best
2026-08-24T15:32:40.258,1483,RAD,horizontal,2,22.33,24.83,37.1,46.4,80,29.03,1.20,0.67,2,1.56,0,0,horizontal best
2026-08-24T15:32:40.390,1484,RAD,horizontal,2,22.33,24.83,51.5,44.1,87,29.21,1.20,0.72,3,1.62,0,0,horizontal best
2026-08-24T15:32:40.390,1484,RAD,horizontal,2,22.33,24.83,37.0,46.3,80,29.12,1.20,0.67,2,1.56,0,0,horizontal best
2026-08-24T15:32:40.483,1485,RAD,horizontal,2,22.33,24.83,51.5,44.1,87,29.21,1.20,0.72,3,1.63,0,0,horizontal best
2026-08-24T15:32:40.483,1485,RAD,horizontal,2,22.33,24.83,36.8,46.3,79,29.06,1.33,0.73,2,1.52,0,0,horizontal best
2026-08-24T15:32:40.613,1486,RAD,horizontal,2,22.33,24.83,51.5,44.1,87,29.21,1.20,0.72,3,1.64,0,0,horizontal best
2026-08-24T15:32:40.613,1486,RAD,horizontal,2,22.33,24.83,36.7,46.5,82,28.66,1.44,0.70,2,1.56,0,0,horizontal best
2026-08-24T15:32:40.737,1487,RAD,horizontal,2,22.35,24.85,51.5,44.1,87,29.21,1.20,0.72,3,1.65,0,0,horizontal best
2026-08-24T15:32:40.737,1487,RAD,horizontal,2,22.35,24.85,36.8,46.6,81,28.50,1.44,0.69,3,1.46,0,0,horizontal best
2026-08-24T15:32:40.844,1488,RAD,horizontal,2,22.33,24.83,51.5,44.1,86,29.21,1.20,0.72,3,1.68,0,0,horizontal best
2026-08-24T15:32:40.844,1488,RAD,horizontal,2,22.33,24.83,37.2,46.6,75,28.50,1.62,0.72,3,1.42,0,0,horizontal best
2026-08-24T15:32:40.960,1489,RAD,horizontal,2,22.33,24.83,51.5,44.1,86,29.21,1.20,0.72,3,1.68,0,0,horizontal best
2026-08-24T15:32:40.960,1489,RAD,horizontal,2,22.33,24.83,38.1,46.3,75,28.21,1.50,0.78,2,1.39,0,0,horizontal best
2026-08-24T15:32:41.055,1490,RAD,horizontal,2,22.33,24.83,51.5,44.2,85,29.19,1.20,0.71,3,1.68,0,0,horizontal best
2026-08-24T15:32:41.055,1490,RAD,horizontal,2,22.33,24.83,39.1,46.1,72,28.23,1.50,0.75,2,1.39,0,0,horizontal best
2026-08-24T15:32:41.185,1491,RAD,horizontal,2,22.33,24.83,51.5,44.2,85,29.19,1.20,0.71,3,1.68,0,0,horizontal best
2026-08-24T15:32:41.185,1491,RAD,horizontal,2,22.33,24.83,39.9,45.7,72,28.23,1.62,0.69,2,1.40,0,0,horizontal best
2026-08-24T15:32:41.279,1492,RAD,horizontal,2,22.33,24.83,51.5,44.2,84,29.19,1.20,0.70,3,1.67,0,0,horizontal best
2026-08-24T15:32:41.279,1492,RAD,horizontal,2,22.33,24.83,40.5,45.3,69,28.23,1.50,0.72,1,1.39,0,0,horizontal best
2026-08-24T15:32:41.409,1493,RAD,horizontal,2,22.26,24.76,51.5,44.3,84,29.17,1.20,0.70,3,1.69,0,0,horizontal best
2026-08-24T15:32:41.409,1493,RAD,horizontal,2,22.26,24.76,40.7,45.2,66,28.17,1.50,0.69,1,1.32,0,0,horizontal best
2026-08-24T15:32:41.503,1494,RAD,horizontal,2,22.26,24.76,51.5,44.3,84,29.14,1.20,0.70,3,1.69,0,0,horizontal best
2026-08-24T15:32:41.503,1494,RAD,horizontal,2,22.26,24.76,40.4,45.1,71,28.17,1.50,0.74,2,1.26,0,0,horizontal best
2026-08-24T15:32:41.631,1495,RAD,horizontal,2,22.30,24.80,51.5,44.3,84,29.17,1.20,0.70,3,1.68,0,0,horizontal best
2026-08-24T15:32:41.631,1495,RAD,horizontal,2,22.30,24.80,40.3,45.3,78,28.23,1.44,0.67,2,1.41,0,0,horizontal best
2026-08-24T15:32:41.760,1496,RAD,horizontal,2,22.30,24.80,51.5,44.3,84,29.17,1.20,0.70,3,1.68,0,0,horizontal best
2026-08-24T15:32:41.760,1496,RAD,horizontal,2,22.30,24.80,40.2,45.4,77,28.23,1.44,0.66,1,1.40,0,0,horizontal best
2026-08-24T15:32:41.856,1497,RAD,horizontal,2,22.35,24.85,51.4,44.2,84,29.17,1.20,0.70,3,1.65,0,0,horizontal best
2026-08-24T15:32:41.856,1497,RAD,horizontal,2,22.35,24.85,40.0,45.5,81,28.21,1.30,0.62,1,1.38,0,0,horizontal best
2026-08-24T15:32:41.989,1498,RAD,horizontal,2,22.37,24.87,51.4,44.1,84,29.17,1.20,0.70,3,1.63,0,0,horizontal best
2026-08-24T15:32:41.989,1498,RAD,horizontal,2,22.37,24.87,39.7,45.5,87,28.35,1.30,0.67,1,1.41,0,0,horizontal best
2026-08-24T15:32:42.089,1499,RAD,horizontal,2,22.37,24.87,51.4,44.1,84,29.17,1.20,0.70,3,1.63,0,0,horizontal best
2026-08-24T15:32:42.089,1499,RAD,horizontal,2,22.37,24.87,39.4,45.6,81,28.35,1.33,0.75,1,1.40,0,0,horizontal best
2026-08-24T15:32:42.215,1500,RAD,horizontal,2,22.40,24.90,51.4,44.1,84,29.17,1.20,0.70,3,1.62,0,0,horizontal best
2026-08-24T15:32:42.215,1500,RAD,horizontal,2,22.40,24.90,39.0,45.9,85,28.48,1.20,0.71,2,1.41,0,0,horizontal best
2026-08-24T15:32:42.303,1501,RAD,horizontal,2,22.40,24.90,51.4,44.1,84,29.17,1.20,0.70,3,1.62,0,0,horizontal best
2026-08-24T15:32:42.303,1501,RAD,horizontal,2,22.40,24.90,38.7,46.3,78,28.48,1.22,0.79,1,1.43,0,0,horizontal best
2026-08-24T15:32:42.437,1502,RAD,horizontal,2,22.40,24.90,51.5,44.2,83,29.14,1.20,0.69,3,1.62,0,0,horizontal best
2026-08-24T15:32:42.437,1502,RAD,horizontal,2,22.40,24.90,38.0,46.6,74,28.43,1.22,0.75,2,1.36,0,0,horizontal best
2026-08-24T15:32:42.531,1503,RAD,horizontal,2,22.44,24.94,51.5,44.2,84,29.21,1.20,0.70,3,1.65,0,0,horizontal best
2026-08-24T15:32:42.531,1503,RAD,horizontal,2,22.44,24.94,37.3,46.7,71,28.52,1.38,0.81,2,1.45,0,0,horizontal best
2026-08-24T15:32:42.660,1504,RAD,horizontal,2,22.42,24.92,51.5,44.1,84,29.19,1.20,0.70,3,1.65,0,0,horizontal best
2026-08-24T15:32:42.660,1504,RAD,horizontal,2,22.42,24.92,37.0,46.7,69,28.66,1.38,0.78,2,1.46,0,0,horizontal best
2026-08-24T15:32:42.788,1505,RAD,horizontal,2,22.44,24.94,51.5,44.1,84,29.19,1.20,0.70,3,1.66,0,0,horizontal best
2026-08-24T15:32:42.788,1505,RAD,horizontal,2,22.44,24.94,36.8,46.6,74,28.57,1.22,0.75,2,1.42,0,0,horizontal best
2026-08-24T15:32:42.885,1506,RAD,horizontal,2,22.42,24.92,51.5,44.1,84,29.19,1.20,0.70,3,1.66,0,0,horizontal best
2026-08-24T15:32:42.885,1506,RAD,horizontal,2,22.42,24.92,36.7,46.6,75,28.59,1.22,0.76,2,1.40,0,0,horizontal best
2026-08-24T15:32:43.010,1507,RAD,horizontal,2,22.42,24.92,51.5,44.2,83,29.21,1.20,0.69,3,1.63,0,0,horizontal best
2026-08-24T15:32:43.010,1507,RAD,horizontal,2,22.42,24.92,36.6,46.4,78,28.59,1.33,0.72,2,1.40,0,0,horizontal best
2026-08-24T15:32:43.109,1508,RAD,horizontal,3,22.47,24.97,51.5,44.2,84,29.28,1.20,0.70,3,1.57,0,0,horizontal best
2026-08-24T15:32:43.109,1508,RAD,horizontal,3,22.47,24.97,36.3,46.5,87,28.90,1.30,0.67,2,1.48,0,0,horizontal best
2026-08-24T15:32:43.109,1508,RAD,horizontal,3,22.47,24.97,63.2,111.5,430,30.58,0.75,0.56,7,1.41,0,0,horizontal best
2026-08-24T15:32:43.238,1509,RAD,horizontal,3,22.47,24.97,51.7,44.3,80,29.17,1.22,0.81,3,1.60,0,0,horizontal best
2026-08-24T15:32:43.238,1509,RAD,horizontal,3,22.47,24.97,35.6,46.9,83,28.79,1.30,0.64,2,1.51,0,0,horizontal best
2026-08-24T15:32:43.238,1509,RAD,horizontal,3,22.47,24.97,63.0,110.9,476,30.58,0.81,0.57,9,1.40,0,0,horizontal best
2026-08-24T15:32:43.332,1510,RAD,horizontal,3,22.47,24.97,52.0,44.4,82,29.21,1.20,0.68,3,1.60,0,0,horizontal best
2026-08-24T15:32:43.332,1510,RAD,horizontal,3,22.47,24.97,35.0,47.3,78,28.50,1.20,0.65,3,1.52,0,0,horizontal best
2026-08-24T15:32:43.332,1510,RAD,horizontal,3,22.47,24.97,62.3,110.3,512,30.71,0.82,0.57,6,1.41,0,0,horizontal best
2026-08-24T15:32:43.461,1511,RAD,horizontal,2,22.51,25.01,45.6,44.5,70,29.21,0.48,0.23,5,0.59,0,0,horizontal best
2026-08-24T15:32:43.461,1511,RAD,horizontal,2,22.51,25.01,61.2,109.7,543,31.00,0.88,0.57,7,1.38,0,0,horizontal best
2026-08-24T15:32:43.587,1512,RAD,horizontal,3,22.51,25.01,49.6,44.4,82,29.06,1.20,0.68,4,1.56,0,0,horizontal best
2026-08-24T15:32:43.587,1512,RAD,horizontal,3,22.51,25.01,33.9,47.6,76,28.77,1.44,0.65,2,1.52,0,0,horizontal best
2026-08-24T15:32:43.587,1512,RAD,horizontal,3,22.51,25.01,60.0,109.2,565,30.89,0.94,0.59,9,1.34,0,0,horizontal best
2026-08-24T15:32:43.685,1513,RAD,horizontal,2,22.51,25.01,45.4,44.6,70,28.97,0.46,0.22,5,0.60,0,0,horizontal best
2026-08-24T15:32:43.685,1513,RAD,horizontal,2,22.51,25.01,58.6,108.7,586,30.98,0.97,0.59,9,1.33,0,0,horizontal best
2026-08-24T15:32:43.816,1514,RAD,horizontal,2,22.54,25.04,44.0,44.6,67,28.94,0.46,0.21,5,0.60,0,0,horizontal best
2026-08-24T15:32:43.816,1514,RAD,horizontal,2,22.54,25.04,58.2,109.5,444,31.06,0.70,0.70,8,0.85,0,0,horizontal best
2026-08-24T15:32:43.912,1515,RAD,horizontal,3,22.54,25.04,49.8,44.7,80,29.12,1.10,0.73,4,1.54,0,0,horizontal best
2026-08-24T15:32:43.912,1515,RAD,horizontal,3,22.54,25.04,33.1,47.8,72,28.79,1.62,0.69,2,1.49,0,0,horizontal best
2026-08-24T15:32:43.912,1515,RAD,horizontal,3,22.54,25.04,57.6,109.6,451,30.98,0.71,0.66,7,0.87,0,0,horizontal best
2026-08-24T15:32:44.037,1516,RAD,horizontal,3,22.51,25.01,52.3,44.7,81,29.12,1.10,0.74,4,1.55,0,0,horizontal best
2026-08-24T15:32:44.037,1516,RAD,horizontal,3,22.51,25.01,32.9,47.6,69,28.81,1.86,0.76,2,1.50,0,0,horizontal best
2026-08-24T15:32:44.037,1516,RAD,horizontal,3,22.51,25.01,57.2,109.2,438,30.78,0.73,0.66,8,0.86,0,0,horizontal best
2026-08-24T15:32:44.130,1517,RAD,horizontal,3,22.51,25.01,53.1,44.7,81,29.12,1.10,0.74,4,1.54,0,0,horizontal best
2026-08-24T15:32:44.130,1517,RAD,horizontal,3,22.51,25.01,32.8,47.5,65,28.68,1.86,0.71,2,1.51,0,0,horizontal best
2026-08-24T15:32:44.130,1517,RAD,horizontal,3,22.51,25.01,57.1,108.5,429,30.87,0.77,0.62,8,0.87,0,0,horizontal best
2026-08-24T15:32:44.262,1518,RAD,horizontal,3,22.51,25.01,53.2,44.6,84,29.12,1.10,0.76,4,1.55,0,0,horizontal best
2026-08-24T15:32:44.262,1518,RAD,horizontal,3,22.51,25.01,32.8,47.4,64,28.68,1.86,0.70,2,1.53,0,0,horizontal best
2026-08-24T15:32:44.262,1518,RAD,horizontal,3,22.51,25.01,57.4,108.6,454,30.82,0.77,0.66,6,0.90,0,0,horizontal best
2026-08-24T15:32:44.358,1519,RAD,horizontal,3,22.51,25.01,53.0,44.6,84,29.12,1.10,0.76,4,1.55,0,0,horizontal best
2026-08-24T15:32:44.358,1519,RAD,horizontal,3,22.51,25.01,32.7,47.5,60,28.52,1.86,0.66,2,1.43,0,0,horizontal best
2026-08-24T15:32:44.358,1519,RAD,horizontal,3,22.51,25.01,57.5,108.5,436,30.78,0.79,0.65,7,0.89,0,0,horizontal best
2026-08-24T15:32:44.487,1520,RAD,horizontal,3,22.51,25.01,52.8,44.6,83,29.10,1.10,0.75,4,1.58,0,0,horizontal best
2026-08-24T15:32:44.487,1520,RAD,horizontal,3,22.51,25.01,32.6,47.6,60,28.55,1.86,0.66,2,1.41,0,0,horizontal best
2026-08-24T15:32:44.487,1520,RAD,horizontal,3,22.51,25.01,57.9,108.6,448,30.89,0.77,0.65,8,0.90,0,0,horizontal best
2026-08-24T15:32:44.616,1521,RAD,horizontal,3,22.51,25.01,52.7,44.6,83,29.10,1.10,0.75,4,1.58,0,0,horizontal best
2026-08-24T15:32:44.616,1521,RAD,horizontal,3,22.51,25.01,32.5,47.6,60,28.50,2.17,0.77,2,1.40,0,0,horizontal best
2026-08-24T15:32:44.616,1521,RAD,horizontal,3,22.51,25.01,58.3,108.6,451,31.09,0.77,0.65,8,0.92,0,0,horizontal best
2026-08-24T15:32:44.710,1522,RAD,horizontal,3,22.56,25.06,52.6,44.6,82,29.14,1.10,0.75,4,1.54,0,0,horizontal best
2026-08-24T15:32:44.710,1522,RAD,horizontal,3,22.56,25.06,32.7,47.7,65,28.68,1.86,0.71,2,1.49,0,0,horizontal best
2026-08-24T15:32:44.710,1522,RAD,horizontal,3,22.56,25.06,58.6,108.8,461,31.09,0.77,0.67,9,0.92,0,0,horizontal best
2026-08-24T15:32:44.839,1523,RAD,horizontal,3,22.54,25.04,52.5,44.6,81,29.14,1.10,0.74,3,1.51,0,0,horizontal best
2026-08-24T15:32:44.839,1523,RAD,horizontal,3,22.54,25.04,32.7,47.7,65,28.68,1.86,0.71,2,1.52,0,0,horizontal best
2026-08-24T15:32:44.839,1523,RAD,horizontal,3,22.54,25.04,58.8,108.8,454,31.02,0.77,0.66,9,0.92,0,0,horizontal best
2026-08-24T15:32:44.933,1524,RAD,horizontal,3,22.51,25.01,52.5,44.6,82,29.14,1.10,0.75,3,1.54,0,0,horizontal best
2026-08-24T15:32:44.933,1524,RAD,horizontal,3,22.51,25.01,32.8,47.5,62,28.68,1.86,0.68,2,1.50,0,0,horizontal best
2026-08-24T15:32:44.933,1524,RAD,horizontal,3,22.51,25.01,59.0,108.7,446,31.02,0.79,0.67,9,0.91,0,0,horizontal best
2026-08-24T15:32:45.063,1525,RAD,horizontal,3,22.51,25.01,52.5,44.6,82,29.17,1.10,0.75,3,1.55,0,0,horizontal best
2026-08-24T15:32:45.063,1525,RAD,horizontal,3,22.51,25.01,32.9,47.5,64,28.68,1.62,0.62,2,1.49,0,0,horizontal best
2026-08-24T15:32:45.063,1525,RAD,horizontal,3,22.51,25.01,59.0,108.7,447,31.02,0.79,0.67,9,0.90,0,0,horizontal best
2026-08-24T15:32:45.158,1526,RAD,horizontal,3,22.49,24.99,52.5,44.6,81,29.17,1.10,0.74,3,1.54,0,0,horizontal best
2026-08-24T15:32:45.158,1526,RAD,horizontal,3,22.49,24.99,33.1,47.4,68,28.68,1.56,0.54,2,1.46,0,0,horizontal best
2026-08-24T15:32:45.158,1526,RAD,horizontal,3,22.49,24.99,58.9,108.4,430,31.02,0.79,0.64,8,0.89,0,0,horizontal best
2026-08-24T15:32:45.288,1527,RAD,horizontal,3,22.49,24.99,52.5,44.6,81,29.17,1.10,0.74,3,1.55,0,0,horizontal best
2026-08-24T15:32:45.288,1527,RAD,horizontal,3,22.49,24.99,33.2,47.8,65,28.59,1.30,0.50,2,1.38,0,0,horizontal best
2026-08-24T15:32:45.288,1527,RAD,horizontal,3,22.49,24.99,58.9,108.3,430,31.02,0.79,0.64,8,0.89,0,0,horizontal best
2026-08-24T15:32:45.414,1528,RAD,horizontal,3,22.49,24.99,52.4,44.6,82,29.19,1.10,0.75,3,1.54,0,0,horizontal best
2026-08-24T15:32:45.414,1528,RAD,horizontal,3,22.49,24.99,33.5,48.0,71,28.86,1.18,0.50,2,1.46,0,0,horizontal best
2026-08-24T15:32:45.414,1528,RAD,horizontal,3,22.49,24.99,58.9,108.2,434,30.95,0.79,0.65,8,0.89,0,0,horizontal best
2026-08-24T15:32:45.509,1529,RAD,horizontal,3,22.49,24.99,52.4,44.5,83,29.19,1.10,0.75,3,1.53,0,0,horizontal best
2026-08-24T15:32:45.509,1529,RAD,horizontal,3,22.49,24.99,33.5,47.8,77,28.55,1.30,0.59,2,1.42,0,0,horizontal best
2026-08-24T15:32:45.509,1529,RAD,horizontal,3,22.49,24.99,59.1,108.3,446,30.95,0.79,0.67,7,0.89,0,0,horizontal best
2026-08-24T15:32:45.636,1530,RAD,horizontal,3,22.47,24.97,52.5,44.5,85,29.19,1.10,0.77,3,1.58,0,0,horizontal best
2026-08-24T15:32:45.636,1530,RAD,horizontal,3,22.47,24.97,33.3,47.4,72,28.72,1.44,0.62,3,1.49,0,0,horizontal best
2026-08-24T15:32:45.636,1530,RAD,horizontal,3,22.47,24.97,59.2,108.4,447,30.71,0.77,0.65,8,0.90,0,0,horizontal best
2026-08-24T15:32:45.736,1531,RAD,horizontal,3,22.47,24.97,52.5,44.5,85,29.14,1.10,0.77,3,1.58,0,0,horizontal best
2026-08-24T15:32:45.736,1531,RAD,horizontal,3,22.47,24.97,33.2,47.1,71,28.72,1.44,0.61,2,1.53,0,0,horizontal best
2026-08-24T15:32:45.736,1531,RAD,horizontal,3,22.47,24.97,59.3,108.7,458,30.71,0.77,0.66,8,0.90,0,0,horizontal best
2026-08-24T15:32:45.865,1532,RAD,horizontal,3,22.47,24.97,52.5,44.4,87,29.14,1.20,0.72,3,1.58,0,0,horizontal best
2026-08-24T15:32:45.865,1532,RAD,horizontal,3,22.47,24.97,33.2,47.1,74,28.97,1.44,0.63,2,1.63,0,0,horizontal best
2026-08-24T15:32:45.865,1532,RAD,horizontal,3,22.47,24.97,59.3,108.9,454,30.69,0.77,0.66,8,0.89,0,0,horizontal best
2026-08-24T15:32:45.960,1533,RAD,horizontal,3,22.49,24.99,52.4,44.4,86,29.14,1.00,0.71,3,1.55,0,0,horizontal best
2026-08-24T15:32:45.960,1533,RAD,horizontal,3,22.49,24.99,33.4,47.1,76,29.08,1.44,0.65,2,1.66,0,0,horizontal best
2026-08-24T15:32:45.960,1533,RAD,horizontal,3,22.49,24.99,59.8,109.2,466,30.87,0.73,0.71,10,0.90,0,0,horizontal best
2026-08-24T15:32:46.090,1534,RAD,horizontal,3,22.49,24.99,52.4,44.5,85,29.14,1.00,0.70,3,1.55,0,0,horizontal best
2026-08-24T15:32:46.090,1534,RAD,horizontal,3,22.49,24.99,33.9,47.1,84,28.99,1.56,0.67,2,1.64,0,0,horizontal best
2026-08-24T15:32:46.090,1534,RAD,horizontal,3,22.49,24.99,60.0,109.3,449,30.80,0.76,0.70,9,0.89,0,0,horizontal best
2026-08-24T15:32:46.184,1535,RAD,horizontal,3,22.51,25.01,52.4,44.6,86,29.12,1.00,0.71,3,1.57,0,0,horizontal best
2026-08-24T15:32:46.184,1535,RAD,horizontal,3,22.51,25.01,34.6,46.8,87,29.19,1.44,0.74,2,1.61,0,0,horizontal best
2026-08-24T15:32:46.184,1535,RAD,horizontal,3,22.51,25.01,60.6,109.7,455,30.82,0.73,0.69,9,0.87,0,0,horizontal best
2026-08-24T15:32:46.312,1536,RAD,horizontal,3,22.51,25.01,52.4,44.6,86,29.03,1.00,0.71,3,1.58,0,0,horizontal best
2026-08-24T15:32:46.312,1536,RAD,horizontal,3,22.51,25.01,35.2,46.8,86,28.97,1.30,0.66,2,1.69,0,0,horizontal best
2026-08-24T15:32:46.312,1536,RAD,horizontal,3,22.51,25.01,61.0,110.0,439,30.82,0.72,0.72,9,0.87,0,0,horizontal best
2026-08-24T15:32:46.438,1537,RAD,horizontal,2,22.51,25.01,39.2,45.2,71,29.01,0.00,0.00,5,0.56,0,0,horizontal best
2026-08-24T15:32:46.438,1537,RAD,horizontal,2,22.51,25.01,61.9,110.6,448,30.82,0.70,0.71,10,0.86,0,0,horizontal best
2026-08-24T15:32:46.535,1538,RAD,horizontal,3,22.49,24.99,52.5,44.6,83,28.79,1.00,0.69,2,1.58,0,0,horizontal best
2026-08-24T15:32:46.535,1538,RAD,horizontal,3,22.49,24.99,37.1,46.0,87,29.01,1.30,0.67,2,1.67,0,0,horizontal best
2026-08-24T15:32:46.535,1538,RAD,horizontal,3,22.49,24.99,62.3,111.2,417,30.50,0.67,0.69,9,0.82,0,0,horizontal best
2026-08-24T15:32:46.662,1539,RAD,horizontal,3,22.51,25.01,52.5,44.5,83,28.81,1.00,0.69,2,1.56,0,0,horizontal best
2026-08-24T15:32:46.662,1539,RAD,horizontal,3,22.51,25.01,35.7,46.4,91,29.01,1.30,0.70,2,1.68,0,0,horizontal best
2026-08-24T15:32:46.662,1539,RAD,horizontal,3,22.51,25.01,61.3,109.9,550,30.63,0.94,0.61,9,1.35,0,0,horizontal best
2026-08-24T15:32:46.756,1540,RAD,horizontal,3,22.51,25.01,52.5,44.5,82,28.81,1.00,0.68,2,1.58,0,0,horizontal best
2026-08-24T15:32:46.756,1540,RAD,horizontal,3,22.51,25.01,35.1,46.6,90,29.19,1.30,0.69,2,1.72,0,0,horizontal best
2026-08-24T15:32:46.756,1540,RAD,horizontal,3,22.51,25.01,60.2,109.8,510,30.87,0.88,0.57,9,1.42,0,0,horizontal best
2026-08-24T15:32:46.884,1541,RAD,horizontal,3,22.54,25.04,52.6,44.5,82,28.72,1.00,0.68,2,1.57,0,0,horizontal best
2026-08-24T15:32:46.884,1541,RAD,horizontal,3,22.54,25.04,34.8,46.6,90,29.23,1.09,0.68,2,1.68,0,0,horizontal best
2026-08-24T15:32:46.884,1541,RAD,horizontal,3,22.54,25.04,58.6,110.5,445,30.76,0.81,0.57,6,1.46,0,0,horizontal best
2026-08-24T15:32:46.981,1542,RAD,horizontal,3,22.49,24.99,52.6,44.6,83,28.72,1.00,0.69,2,1.60,0,0,horizontal best
2026-08-24T15:32:46.981,1542,RAD,horizontal,3,22.49,24.99,34.6,46.6,91,29.19,1.30,0.70,2,1.61,0,0,horizontal best
2026-08-24T15:32:46.981,1542,RAD,horizontal,3,22.49,24.99,56.1,111.7,361,30.47,0.74,0.51,4,1.52,0,0,horizontal best
2026-08-24T15:32:47.110,1543,RAD,horizontal,3,22.49,24.99,52.6,44.6,84,28.72,1.00,0.69,2,1.58,0,0,horizontal best
2026-08-24T15:32:47.110,1543,RAD,horizontal,3,22.49,24.99,34.6,46.6,94,29.19,1.18,0.66,2,1.63,0,0,horizontal best
2026-08-24T15:32:47.110,1543,RAD,horizontal,3,22.49,24.99,52.5,112.6,303,30.45,0.70,0.48,5,1.61,0,0,horizontal best
2026-08-24T15:32:47.238,1544,RAD,horizontal,2,22.49,24.99,52.6,44.6,84,28.70,1.00,0.69,2,1.57,0,0,horizontal best
2026-08-24T15:32:47.238,1544,RAD,horizontal,2,22.49,24.99,34.7,46.6,94,29.17,1.18,0.66,2,1.63,0,0,horizontal best
2026-08-24T15:32:47.330,1545,RAD,horizontal,2,22.47,24.97,52.5,44.5,84,28.72,1.00,0.69,3,1.56,0,0,horizontal best
2026-08-24T15:32:47.330,1545,RAD,horizontal,2,22.47,24.97,34.9,46.5,92,29.28,1.30,0.71,2,1.60,0,0,horizontal best
2026-08-24T15:32:47.456,1546,RAD,horizontal,2,22.44,24.94,52.5,44.5,84,28.83,1.00,0.69,2,1.55,0,0,horizontal best
2026-08-24T15:32:47.456,1546,RAD,horizontal,2,22.44,24.94,35.3,46.5,89,29.03,1.20,0.74,1,1.61,0,0,horizontal best
2026-08-24T15:32:47.552,1547,RAD,horizontal,2,22.42,24.92,52.6,44.5,82,28.86,1.10,0.75,2,1.55,0,0,horizontal best
2026-08-24T15:32:47.552,1547,RAD,horizontal,2,22.42,24.92,35.9,46.4,87,29.14,1.20,0.72,2,1.59,0,0,horizontal best
2026-08-24T15:32:47.684,1548,RAD,horizontal,2,22.42,24.92,52.6,44.5,84,29.06,1.10,0.76,2,1.58,0,0,horizontal best
2026-08-24T15:32:47.684,1548,RAD,horizontal,2,22.42,24.92,36.6,46.3,85,28.79,1.09,0.64,2,1.61,0,0,horizontal best
2026-08-24T15:32:47.777,1549,RAD,horizontal,2,22.40,24.90,52.6,44.3,87,29.06,1.20,0.72,3,1.58,0,0,horizontal best
2026-08-24T15:32:47.777,1549,RAD,horizontal,2,22.40,24.90,37.8,46.2,83,28.57,1.20,0.69,2,1.61,0,0,horizontal best
2026-08-24T15:32:47.903,1550,RAD,horizontal,2,22.37,24.87,52.6,44.2,84,29.10,1.20,0.70,3,1.58,0,0,horizontal best
2026-08-24T15:32:47.903,1550,RAD,horizontal,2,22.37,24.87,38.9,46.1,85,29.03,1.20,0.71,2,1.71,0,0,horizontal best
2026-08-24T15:32:48.005,1551,RAD,horizontal,2,22.40,24.90,52.1,44.1,85,29.23,1.20,0.71,3,1.54,0,0,horizontal best
2026-08-24T15:32:48.005,1551,RAD,horizontal,2,22.40,24.90,40.1,46.0,80,29.03,1.33,0.74,2,1.62,0,0,horizontal best
2026-08-24T15:32:48.134,1552,RAD,horizontal,1,22.37,24.87,44.3,44.7,152,29.12,0.70,0.54,6,1.12,0,0,horizontal best
2026-08-24T15:32:48.262,1553,RAD,horizontal,1,22.37,24.87,45.7,44.2,154,29.10,0.79,0.54,6,1.07,0,0,horizontal best
2026-08-24T15:32:48.356,1554,RAD,horizontal,1,22.35,24.85,46.1,44.2,151,28.92,0.83,0.56,6,1.09,0,0,horizontal best
2026-08-24T15:32:48.486,1555,RAD,horizontal,1,22.35,24.85,45.9,44.3,150,28.97,0.83,0.56,5,1.09,0,0,horizontal best
2026-08-24T15:32:48.580,1556,RAD,horizontal,1,22.35,24.85,45.7,44.4,151,29.01,0.83,0.56,5,1.10,0,0,horizontal best
2026-08-24T15:32:48.708,1557,RAD,horizontal,1,22.35,24.85,45.7,44.4,147,29.08,0.78,0.58,5,1.11,0,0,horizontal best
2026-08-24T15:32:48.805,1558,RAD,horizontal,1,22.37,24.87,45.5,44.4,145,29.08,0.78,0.58,5,1.09,0,0,horizontal best
2026-08-24T15:32:48.934,1559,RAD,horizontal,1,22.40,24.90,45.5,44.4,144,29.06,0.78,0.57,6,1.08,0,0,horizontal best
2026-08-24T15:32:49.030,1560,RAD,horizontal,1,22.42,24.92,45.6,44.5,140,29.06,0.78,0.56,6,1.06,0,0,horizontal best
2026-08-24T15:32:49.156,1561,RAD,horizontal,1,22.44,24.94,45.6,44.6,142,29.06,0.78,0.56,5,1.07,0,0,horizontal best
2026-08-24T15:32:49.279,1562,RAD,horizontal,1,22.42,24.92,45.7,44.7,142,29.06,0.78,0.56,5,1.06,0,0,horizontal best
2026-08-24T15:32:49.375,1563,RAD,horizontal,1,22.44,24.94,45.8,44.8,139,29.12,0.78,0.55,5,1.02,0,0,horizontal best
2026-08-24T15:32:49.504,1564,RAD,horizontal,1,22.44,24.94,45.9,44.8,139,29.10,0.78,0.55,5,1.03,0,0,horizontal best
2026-08-24T15:32:49.599,1565,RAD,horizontal,1,22.42,24.92,45.9,44.8,139,29.10,0.78,0.55,5,1.03,0,0,horizontal best
2026-08-24T15:32:49.727,1566,RAD,horizontal,1,22.44,24.94,45.9,44.8,138,29.10,0.78,0.55,5,1.02,0,0,horizontal best
2026-08-24T15:32:49.823,1567,RAD,horizontal,1,22.44,24.94,45.9,44.8,138,29.08,0.78,0.55,5,1.02,0,0,horizontal best
2026-08-24T15:32:49.951,1568,RAD,horizontal,1,22.44,24.94,45.9,44.8,138,29.08,0.78,0.55,5,1.02,0,0,horizontal best
2026-08-24T15:32:50.081,1569,RAD,horizontal,1,22.42,24.92,45.9,44.8,137,29.06,0.78,0.54,5,1.02,0,0,horizontal best
2026-08-24T15:32:50.174,1570,RAD,horizontal,1,22.44,24.94,45.9,44.8,137,29.06,0.78,0.54,5,1.02,0,0,horizontal best
2026-08-24T15:32:50.303,1571,RAD,horizontal,1,22.44,24.94,45.9,44.7,137,29.03,0.78,0.54,5,1.01,0,0,horizontal best
2026-08-24T15:32:50.400,1572,RAD,horizontal,1,22.44,24.94,45.9,44.7,137,29.06,0.78,0.54,5,1.01,0,0,horizontal best
2026-08-24T15:32:50.528,1573,RAD,horizontal,1,22.44,24.94,46.0,44.7,137,29.06,0.78,0.54,5,1.01,0,0,horizontal best
2026-08-24T15:32:50.625,1574,RAD,horizontal,1,22.44,24.94,45.9,44.7,136,29.06,0.78,0.54,5,1.00,0,0,horizontal best
2026-08-24T15:32:50.751,1575,RAD,horizontal,1,22.44,24.94,45.9,44.8,136,29.06,0.78,0.54,5,1.00,0,0,horizontal best
2026-08-24T15:32:50.848,1576,RAD,horizontal,1,22.44,24.94,45.9,44.8,135,29.03,0.72,0.58,5,0.99,0,0,horizontal best
2026-08-24T15:32:50.976,1577,RAD,horizontal,1,22.44,24.94,45.9,44.8,135,29.03,0.72,0.58,5,0.99,0,0,horizontal best
2026-08-24T15:32:51.104,1578,RAD,horizontal,1,22.47,24.97,45.9,44.8,135,29.01,0.72,0.58,5,0.97,0,0,horizontal best
2026-08-24T15:32:51.199,1579,RAD,horizontal,1,22.44,24.94,45.9,44.8,135,28.99,0.72,0.58,5,0.98,0,0,horizontal best
2026-08-24T15:32:51.327,1580,RAD,horizontal,1,22.44,24.94,45.9,44.8,136,28.99,0.72,0.58,5,0.98,0,0,horizontal best
2026-08-24T15:32:51.425,1581,RAD,horizontal,1,22.44,24.94,46.0,44.8,136,28.97,0.72,0.58,5,0.98,0,0,horizontal best
2026-08-24T15:32:51.552,1582,RAD,horizontal,1,22.47,24.97,45.9,44.8,136,29.03,0.78,0.54,5,0.98,0,0,horizontal best
2026-08-24T15:32:51.647,1583,RAD,horizontal,1,22.47,24.97,45.9,44.8,136,29.12,0.78,0.54,5,1.00,0,0,horizontal best
2026-08-24T15:32:51.775,1584,RAD,horizontal,1,22.47,24.97,45.9,44.8,136,29.10,0.78,0.54,5,0.99,0,0,horizontal best
2026-08-24T15:32:51.904,1585,RAD,horizontal,1,22.47,24.97,45.9,44.8,136,29.19,0.78,0.54,5,1.00,0,0,horizontal best
2026-08-24T15:32:52.000,1586,RAD,horizontal,1,22.44,24.94,45.9,44.8,137,29.21,0.78,0.54,5,1.00,0,0,horizontal best
2026-08-24T15:32:52.130,1587,RAD,horizontal,1,22.44,24.94,45.9,44.8,137,29.23,0.78,0.54,5,1.00,0,0,horizontal best
2026-08-24T15:32:52.224,1588,RAD,horizontal,1,22.44,24.94,45.9,44.8,137,29.19,0.78,0.54,5,1.00,0,0,horizontal best
2026-08-24T15:32:52.352,1589,RAD,horizontal,1,22.47,24.97,45.9,44.8,141,29.26,0.78,0.56,5,1.05,0,0,horizontal best
2026-08-24T15:32:52.448,1590,RAD,horizontal,1,22.47,24.97,45.9,44.7,141,29.17,0.78,0.56,5,1.05,0,0,horizontal best
2026-08-24T15:32:52.583,1591,RAD,horizontal,1,22.47,24.97,45.9,44.7,141,29.14,0.78,0.56,5,1.05,0,0,horizontal best
2026-08-24T15:32:52.672,1592,RAD,horizontal,1,22.47,24.97,45.9,44.7,141,29.12,0.78,0.56,5,1.03,0,0,horizontal best
2026-08-24T15:32:52.799,1593,RAD,horizontal,1,22.47,24.97,45.9,44.7,141,29.12,0.78,0.56,5,1.03,0,0,horizontal best
2026-08-24T15:32:52.934,1594,RAD,horizontal,1,22.47,24.97,45.8,44.7,140,29.10,0.78,0.56,5,1.05,0,0,horizontal best
2026-08-24T15:32:53.025,1595,RAD,horizontal,1,22.44,24.94,42.5,46.5,69,28.63,1.38,0.78,2,1.59,0,0,horizontal best
2026-08-24T15:32:53.158,1596,RAD,horizontal,1,22.44,24.94,41.1,47.1,74,28.92,1.33,0.69,2,1.64,0,0,horizontal best
2026-08-24T15:32:53.255,1597,RAD,horizontal,2,22.44,24.94,40.6,46.8,71,29.21,1.38,0.81,1,1.61,0,0,horizontal best
2026-08-24T15:32:53.255,1597,RAD,horizontal,2,22.44,24.94,51.0,44.1,82,29.10,1.20,0.68,3,1.57,0,0,horizontal best
2026-08-24T15:32:53.381,1598,RAD,horizontal,2,22.44,24.94,40.4,46.4,72,29.21,1.50,0.75,1,1.70,0,0,horizontal best
2026-08-24T15:32:53.381,1598,RAD,horizontal,2,22.44,24.94,51.0,44.0,81,29.14,1.20,0.68,3,1.58,0,0,horizontal best
2026-08-24T15:32:53.475,1599,RAD,horizontal,2,22.44,24.94,40.3,46.1,71,29.14,1.50,0.74,2,1.65,0,0,horizontal best
2026-08-24T15:32:53.475,1599,RAD,horizontal,2,22.44,24.94,51.0,44.1,79,29.21,1.20,0.66,3,1.58,0,0,horizontal best
2026-08-24T15:32:53.605,1600,RAD,horizontal,2,22.44,24.94,39.9,45.9,75,29.28,1.22,0.76,1,1.61,0,0,horizontal best
2026-08-24T15:32:53.605,1600,RAD,horizontal,2,22.44,24.94,50.9,44.1,80,29.21,1.20,0.67,3,1.60,0,0,horizontal best
2026-08-24T15:32:53.735,1601,RAD,horizontal,2,22.42,24.92,39.7,45.8,77,29.45,1.10,0.70,1,1.65,0,0,horizontal best
2026-08-24T15:32:53.735,1601,RAD,horizontal,2,22.42,24.92,50.9,44.1,80,29.21,1.20,0.67,3,1.60,0,0,horizontal best
2026-08-24T15:32:53.829,1602,RAD,horizontal,2,22.42,24.92,39.5,45.9,78,29.41,1.10,0.71,1,1.65,0,0,horizontal best
2026-08-24T15:32:53.829,1602,RAD,horizontal,2,22.42,24.92,50.9,44.1,80,29.21,1.20,0.67,3,1.61,0,0,horizontal best
2026-08-24T15:32:53.952,1603,RAD,horizontal,2,22.40,24.90,39.3,46.2,79,29.41,1.20,0.66,3,1.70,0,0,horizontal best
2026-08-24T15:32:53.952,1603,RAD,horizontal,2,22.40,24.90,50.9,44.1,81,29.14,1.20,0.68,3,1.63,0,0,horizontal best
2026-08-24T15:32:54.049,1604,RAD,horizontal,2,22.40,24.90,39.1,46.3,79,29.21,1.20,0.66,3,1.66,0,0,horizontal best
2026-08-24T15:32:54.049,1604,RAD,horizontal,2,22.40,24.90,50.9,44.1,81,29.12,1.20,0.68,3,1.63,0,0,horizontal best
2026-08-24T15:32:54.176,1605,RAD,horizontal,2,22.37,24.87,39.1,46.4,81,29.19,1.20,0.68,2,1.70,0,0,horizontal best
2026-08-24T15:32:54.176,1605,RAD,horizontal,2,22.37,24.87,51.0,44.2,82,29.10,1.20,0.68,3,1.64,0,0,horizontal best
2026-08-24T15:32:54.278,1606,RAD,horizontal,2,22.37,24.87,39.1,46.4,81,29.10,1.20,0.68,2,1.71,0,0,horizontal best
2026-08-24T15:32:54.278,1606,RAD,horizontal,2,22.37,24.87,51.0,44.3,82,29.10,1.20,0.68,3,1.64,0,0,horizontal best
2026-08-24T15:32:54.406,1607,RAD,horizontal,2,22.37,24.87,39.1,46.5,79,29.10,1.20,0.66,2,1.69,0,0,horizontal best
2026-08-24T15:32:54.406,1607,RAD,horizontal,2,22.37,24.87,51.0,44.2,81,29.12,1.20,0.68,3,1.62,0,0,horizontal best
2026-08-24T15:32:54.494,1608,RAD,horizontal,2,22.37,24.87,39.1,46.5,79,29.10,1.20,0.66,2,1.67,0,0,horizontal best
2026-08-24T15:32:54.494,1608,RAD,horizontal,2,22.37,24.87,51.0,44.2,81,29.12,1.20,0.68,3,1.62,0,0,horizontal best
2026-08-24T15:32:54.631,1609,RAD,horizontal,2,22.37,24.87,39.1,46.4,79,29.10,1.20,0.66,2,1.67,0,0,horizontal best
2026-08-24T15:32:54.631,1609,RAD,horizontal,2,22.37,24.87,51.0,44.2,82,29.12,1.20,0.68,3,1.60,0,0,horizontal best
2026-08-24T15:32:54.759,1610,RAD,horizontal,2,22.37,24.87,39.2,46.6,79,29.08,1.20,0.66,2,1.68,0,0,horizontal best
2026-08-24T15:32:54.759,1610,RAD,horizontal,2,22.37,24.87,51.2,44.4,88,29.12,1.09,0.67,3,1.65,0,0,horizontal best
2026-08-24T15:32:54.853,1611,RAD,horizontal,1,22.35,24.85,42.9,45.0,70,29.14,0.00,0.00,5,0.56,0,0,horizontal best
2026-08-24T15:32:54.983,1612,RAD,horizontal,2,22.35,24.85,40.7,46.0,79,29.08,1.20,0.66,3,1.70,0,0,horizontal best
2026-08-24T15:32:54.983,1612,RAD,horizontal,2,22.35,24.85,51.3,44.4,88,29.14,1.09,0.67,3,1.57,0,0,horizontal best
2026-08-24T15:32:55.076,1613,RAD,horizontal,2,22.33,24.83,39.5,46.5,79,29.08,1.20,0.66,3,1.69,0,0,horizontal best
2026-08-24T15:32:55.076,1613,RAD,horizontal,2,22.33,24.83,51.3,44.4,87,29.17,1.09,0.66,3,1.57,0,0,horizontal best
2026-08-24T15:32:55.205,1614,RAD,horizontal,2,22.33,24.83,39.1,46.7,80,28.99,1.20,0.67,2,1.69,0,0,horizontal best
2026-08-24T15:32:55.205,1614,RAD,horizontal,2,22.33,24.83,51.3,44.4,87,29.30,1.09,0.66,3,1.56,0,0,horizontal best
2026-08-24T15:32:55.298,1615,RAD,horizontal,2,22.33,24.83,39.1,46.8,79,28.99,1.20,0.66,1,1.73,0,0,horizontal best
2026-08-24T15:32:55.298,1615,RAD,horizontal,2,22.33,24.83,51.3,44.4,87,29.41,1.09,0.66,3,1.55,0,0,horizontal best
2026-08-24T15:32:55.429,1616,RAD,horizontal,2,22.33,24.83,39.4,46.7,78,28.97,1.33,0.72,1,1.78,0,0,horizontal best
2026-08-24T15:32:55.429,1616,RAD,horizontal,2,22.33,24.83,51.3,44.4,88,29.41,1.09,0.67,3,1.55,0,0,horizontal best
2026-08-24T15:32:55.525,1617,RAD,horizontal,2,22.30,24.80,39.6,46.7,78,28.94,1.33,0.72,2,1.65,0,0,horizontal best
2026-08-24T15:32:55.525,1617,RAD,horizontal,2,22.30,24.80,51.3,44.4,87,29.32,1.09,0.66,3,1.57,0,0,horizontal best
2026-08-24T15:32:55.652,1618,RAD,horizontal,2,22.30,24.80,39.8,46.8,76,28.92,1.22,0.77,2,1.62,0,0,horizontal best
2026-08-24T15:32:55.652,1618,RAD,horizontal,2,22.30,24.80,51.3,44.4,87,29.30,1.09,0.66,2,1.57,0,0,horizontal best
2026-08-24T15:32:55.781,1619,RAD,horizontal,2,22.30,24.80,40.0,47.0,74,28.92,1.22,0.75,1,1.60,0,0,horizontal best
2026-08-24T15:32:55.781,1619,RAD,horizontal,2,22.30,24.80,51.3,44.5,88,29.30,1.09,0.67,2,1.60,0,0,horizontal best
2026-08-24T15:32:55.874,1620,RAD,horizontal,2,22.30,24.80,40.0,47.0,74,28.90,1.22,0.75,1,1.61,0,0,horizontal best
2026-08-24T15:32:55.874,1620,RAD,horizontal,2,22.30,24.80,51.3,44.6,84,29.30,1.00,0.69,2,1.58,0,0,horizontal best
2026-08-24T15:32:56.006,1621,RAD,horizontal,2,22.30,24.80,40.1,47.1,70,28.88,1.11,0.78,1,1.62,0,0,horizontal best
2026-08-24T15:32:56.006,1621,RAD,horizontal,2,22.30,24.80,51.3,44.7,84,29.17,1.00,0.69,3,1.61,0,0,horizontal best
2026-08-24T15:32:56.101,1622,RAD,horizontal,2,22.30,24.80,40.1,46.9,74,28.88,1.22,0.75,2,1.59,0,0,horizontal best
2026-08-24T15:32:56.101,1622,RAD,horizontal,2,22.30,24.80,51.3,44.8,85,29.14,1.00,0.70,3,1.62,0,0,horizontal best
2026-08-24T15:32:56.229,1623,RAD,horizontal,2,22.30,24.80,40.1,46.9,73,28.83,1.22,0.74,2,1.60,0,0,horizontal best
2026-08-24T15:32:56.229,1623,RAD,horizontal,2,22.30,24.80,51.2,44.7,83,29.14,1.00,0.69,3,1.61,0,0,horizontal best
2026-08-24T15:32:56.324,1624,RAD,horizontal,2,22.30,24.80,40.1,46.8,73,28.81,1.22,0.74,1,1.59,0,0,horizontal best
2026-08-24T15:32:56.324,1624,RAD,horizontal,2,22.30,24.80,51.2,44.7,82,28.88,1.00,0.68,3,1.59,0,0,horizontal best
2026-08-24T15:32:56.447,1625,RAD,horizontal,2,22.28,24.78,40.1,46.8,74,28.81,1.22,0.75,2,1.59,0,0,horizontal best
2026-08-24T15:32:56.447,1625,RAD,horizontal,2,22.28,24.78,51.0,44.5,82,28.92,1.10,0.75,3,1.53,0,0,horizontal best
2026-08-24T15:32:56.575,1626,RAD,horizontal,2,22.26,24.76,40.1,46.9,72,28.74,1.22,0.73,1,1.60,0,0,horizontal best
2026-08-24T15:32:56.575,1626,RAD,horizontal,2,22.26,24.76,50.9,44.5,81,28.83,1.10,0.74,3,1.54,0,0,horizontal best
2026-08-24T15:32:56.672,1627,RAD,horizontal,2,22.26,24.76,40.1,46.9,72,28.74,1.22,0.73,2,1.59,0,0,horizontal best
2026-08-24T15:32:56.672,1627,RAD,horizontal,2,22.26,24.76,50.9,44.5,80,28.74,1.10,0.73,3,1.51,0,0,horizontal best
2026-08-24T15:32:56.800,1628,RAD,horizontal,2,22.26,24.76,40.1,46.9,73,28.79,1.22,0.74,2,1.59,0,0,horizontal best
2026-08-24T15:32:56.800,1628,RAD,horizontal,2,22.26,24.76,50.9,44.6,80,28.77,1.10,0.73,3,1.52,0,0,horizontal best
2026-08-24T15:32:56.898,1629,RAD,horizontal,2,22.23,24.73,40.0,46.9,73,28.83,1.22,0.74,2,1.59,0,0,horizontal best
2026-08-24T15:32:56.898,1629,RAD,horizontal,2,22.23,24.73,50.9,44.5,81,28.77,1.10,0.74,3,1.53,0,0,horizontal best
2026-08-24T15:32:57.027,1630,RAD,horizontal,2,22.26,24.76,40.0,46.9,74,29.17,1.22,0.75,2,1.63,0,0,horizontal best
2026-08-24T15:32:57.027,1630,RAD,horizontal,2,22.26,24.76,50.9,44.6,81,28.81,1.10,0.74,3,1.53,0,0,horizontal best
2026-08-24T15:32:57.119,1631,RAD,horizontal,2,22.26,24.76,40.0,46.8,75,29.17,1.22,0.76,2,1.63,0,0,horizontal best
2026-08-24T15:32:57.119,1631,RAD,horizontal,2,22.26,24.76,50.9,44.6,81,28.81,1.10,0.74,3,1.54,0,0,horizontal best
2026-08-24T15:32:57.248,1632,RAD,horizontal,2,22.26,24.76,40.0,46.7,76,29.14,1.22,0.77,2,1.62,0,0,horizontal best
2026-08-24T15:32:57.248,1632,RAD,horizontal,2,22.26,24.76,50.9,44.6,81,28.81,1.10,0.74,3,1.54,0,0,horizontal best
2026-08-24T15:32:57.374,1633,RAD,horizontal,2,22.26,24.76,39.9,46.7,74,29.14,1.22,0.75,1,1.61,0,0,horizontal best
2026-08-24T15:32:57.374,1633,RAD,horizontal,2,22.26,24.76,50.9,44.6,80,28.81,1.10,0.73,3,1.53,0,0,horizontal best
2026-08-24T15:32:57.471,1634,RAD,horizontal,2,22.26,24.76,39.8,46.7,73,29.17,1.22,0.74,1,1.59,0,0,horizontal best
2026-08-24T15:32:57.471,1634,RAD,horizontal,2,22.26,24.76,50.9,44.6,80,28.81,1.10,0.73,3,1.53,0,0,horizontal best
2026-08-24T15:32:57.599,1635,RAD,horizontal,1,22.26,24.76,43.4,45.2,142,29.17,0.65,0.55,4,1.11,0,0,horizontal best
2026-08-24T15:32:57.696,1636,RAD,horizontal,1,22.21,24.71,44.8,44.5,140,29.14,0.65,0.54,5,1.08,0,0,horizontal best
2026-08-24T15:32:57.823,1637,RAD,horizontal,1,22.18,24.68,45.0,44.3,143,29.14,0.65,0.55,5,1.12,0,0,horizontal best
2026-08-24T15:32:57.921,1638,RAD,horizontal,2,22.18,24.68,41.2,45.9,71,28.99,1.22,0.72,1,1.54,0,0,horizontal best
2026-08-24T15:32:57.921,1638,RAD,horizontal,2,22.18,24.68,50.9,44.5,78,28.86,1.10,0.71,3,1.56,0,0,horizontal best
2026-08-24T15:32:58.048,1639,RAD,horizontal,2,22.18,24.68,39.4,46.7,73,28.97,1.10,0.66,1,1.52,0,0,horizontal best
2026-08-24T15:32:58.048,1639,RAD,horizontal,2,22.18,24.68,51.0,44.4,79,28.86,1.10,0.72,3,1.58,0,0,horizontal best
2026-08-24T15:32:58.143,1640,RAD,horizontal,2,22.16,24.66,39.0,47.0,76,28.92,1.10,0.69,1,1.57,0,0,horizontal best
2026-08-24T15:32:58.143,1640,RAD,horizontal,2,22.16,24.66,51.0,44.4,80,28.86,1.10,0.73,3,1.58,0,0,horizontal best
2026-08-24T15:32:58.273,1641,RAD,horizontal,1,22.16,24.66,46.2,44.5,144,28.92,0.65,0.55,5,1.11,0,0,horizontal best
2026-08-24T15:32:58.400,1642,RAD,horizontal,1,22.16,24.66,44.4,44.5,143,28.92,0.65,0.55,5,1.11,0,0,horizontal best
2026-08-24T15:32:58.497,1643,RAD,horizontal,1,22.14,24.64,44.0,44.5,142,28.92,0.65,0.55,5,1.11,0,0,horizontal best
2026-08-24T15:32:58.625,1644,RAD,horizontal,1,22.14,24.64,44.1,44.5,142,28.92,0.65,0.55,5,1.11,0,0,horizontal best
2026-08-24T15:32:58.720,1645,RAD,horizontal,1,22.11,24.61,44.3,44.5,144,28.92,0.65,0.55,5,1.13,0,0,horizontal best
2026-08-24T15:32:58.848,1646,RAD,horizontal,1,22.11,24.61,44.4,44.5,144,28.97,0.65,0.55,5,1.13,0,0,horizontal best
2026-08-24T15:32:58.943,1647,RAD,horizontal,1,22.11,24.61,44.5,44.5,144,28.94,0.65,0.55,5,1.13,0,0,horizontal best
2026-08-24T15:32:59.073,1648,RAD,horizontal,1,22.11,24.61,44.6,44.5,144,28.94,0.65,0.55,5,1.12,0,0,horizontal best
2026-08-24T15:32:59.168,1649,RAD,horizontal,1,22.11,24.61,44.6,44.5,143,28.94,0.65,0.55,5,1.11,0,0,horizontal best
2026-08-24T15:32:59.302,1650,RAD,horizontal,1,22.11,24.61,44.6,44.6,147,28.90,0.65,0.57,5,1.15,0,0,horizontal best
2026-08-24T15:32:59.430,1651,RAD,horizontal,1,22.14,24.64,44.6,44.6,146,28.90,0.65,0.56,5,1.15,0,0,horizontal best
2026-08-24T15:32:59.520,1652,RAD,horizontal,1,22.14,24.64,44.6,44.6,146,28.81,0.65,0.56,5,1.14,0,0,horizontal best
2026-08-24T15:32:59.649,1653,RAD,horizontal,1,22.14,24.64,44.6,44.7,144,28.81,0.65,0.55,5,1.14,0,0,horizontal best
2026-08-24T15:32:59.746,1654,RAD,horizontal,1,22.14,24.64,44.6,44.8,147,28.74,0.65,0.57,5,1.17,0,0,horizontal best
2026-08-24T15:32:59.873,1655,RAD,horizontal,1,22.14,24.64,44.6,44.8,147,28.74,0.65,0.57,5,1.15,0,0,horizontal best
2026-08-24T15:32:59.967,1656,RAD,horizontal,1,22.11,24.61,44.6,44.8,146,28.74,0.65,0.56,5,1.15,0,0,horizontal best
2026-08-24T15:33:00.097,1657,RAD,horizontal,1,22.11,24.61,44.6,44.8,147,28.74,0.65,0.57,5,1.16,0,0,horizontal best
2026-08-24T15:33:00.222,1658,RAD,horizontal,1,22.09,24.59,44.6,44.8,145,28.68,0.65,0.56,5,1.14,0,0,horizontal best
2026-08-24T15:33:00.318,1659,RAD,horizontal,1,22.04,24.54,44.7,44.8,144,28.68,0.65,0.55,5,1.16,0,0,horizontal best
2026-08-24T15:33:00.446,1660,RAD,horizontal,1,22.04,24.54,44.7,44.9,145,28.70,0.65,0.56,5,1.17,0,0,horizontal best
2026-08-24T15:33:00.543,1661,RAD,horizontal,1,22.04,24.54,44.7,44.9,145,28.68,0.65,0.56,5,1.16,0,0,horizontal best
2026-08-24T15:33:00.673,1662,RAD,horizontal,1,22.04,24.54,44.7,44.9,145,28.70,0.65,0.56,5,1.15,0,0,horizontal best
2026-08-24T15:33:00.768,1663,RAD,horizontal,1,22.04,24.54,44.7,44.9,145,28.70,0.65,0.56,5,1.14,0,0,horizontal best
2026-08-24T15:33:00.896,1664,RAD,horizontal,1,22.06,24.56,44.7,44.9,145,28.70,0.65,0.56,5,1.12,0,0,horizontal best
2026-08-24T15:33:00.992,1665,RAD,horizontal,1,22.09,24.59,44.8,44.9,144,28.70,0.65,0.55,5,1.11,0,0,horizontal best
2026-08-24T15:33:01.120,1666,RAD,horizontal,1,22.06,24.56,44.8,44.9,144,28.70,0.65,0.55,5,1.11,0,0,horizontal best
2026-08-24T15:33:01.249,1667,RAD,horizontal,1,22.06,24.56,44.9,44.9,147,28.68,0.65,0.57,5,1.14,0,0,horizontal best
2026-08-24T15:33:01.345,1668,RAD,horizontal,1,22.06,24.56,44.9,45.0,147,28.68,0.65,0.57,5,1.16,0,0,horizontal best
2026-08-24T15:33:01.471,1669,RAD,horizontal,1,22.06,24.56,44.9,45.0,147,28.68,0.65,0.57,5,1.16,0,0,horizontal best
2026-08-24T15:33:01.569,1670,RAD,horizontal,1,22.06,24.56,44.9,45.0,147,28.68,0.65,0.57,5,1.17,0,0,horizontal best
2026-08-24T15:33:01.695,1671,RAD,horizontal,1,22.04,24.54,44.8,44.9,144,28.68,0.65,0.55,5,1.15,0,0,horizontal best
2026-08-24T15:33:01.791,1672,RAD,horizontal,1,22.06,24.56,44.8,44.7,143,28.68,0.65,0.55,5,1.12,0,0,horizontal best
2026-08-24T15:33:01.920,1673,RAD,horizontal,1,22.06,24.56,44.8,44.7,142,28.68,0.65,0.55,5,1.11,0,0,horizontal best
2026-08-24T15:33:02.018,1674,RAD,horizontal,1,22.06,24.56,44.8,44.8,145,28.77,0.65,0.56,5,1.16,0,0,horizontal best
2026-08-24T15:33:02.145,1675,RAD,horizontal,1,22.06,24.56,44.8,44.7,146,28.77,0.65,0.56,5,1.18,0,0,horizontal best
2026-08-24T15:33:02.273,1676,RAD,horizontal,1,22.06,24.56,44.6,44.7,144,28.77,0.65,0.55,5,1.13,0,0,horizontal best
2026-08-24T15:33:02.367,1677,RAD,horizontal,1,22.06,24.56,44.5,44.7,143,28.77,0.68,0.58,5,1.12,0,0,horizontal best
2026-08-24T15:33:02.497,1678,RAD,horizontal,1,22.06,24.56,44.4,44.7,142,28.74,0.68,0.57,5,1.09,0,0,horizontal best
2026-08-24T15:33:02.591,1679,RAD,horizontal,1,22.06,24.56,44.3,44.7,139,28.70,0.68,0.56,5,1.06,0,0,horizontal best
2026-08-24T15:33:02.719,1680,RAD,horizontal,1,22.04,24.54,44.4,44.6,142,28.68,0.63,0.62,5,1.11,0,0,horizontal best
2026-08-24T15:33:02.816,1681,RAD,horizontal,1,22.02,24.52,44.2,44.7,132,28.66,0.63,0.58,5,1.03,0,0,horizontal best
2026-08-24T15:33:02.944,1682,RAD,horizontal,1,22.02,24.52,44.1,44.6,136,28.66,0.68,0.55,5,1.06,0,0,horizontal best
2026-08-24T15:33:03.071,1683,RAD,horizontal,1,22.02,24.52,44.2,44.6,134,28.66,0.63,0.59,5,1.06,0,0,horizontal best
2026-08-24T15:33:03.167,1684,RAD,horizontal,1,21.97,24.47,44.1,44.6,139,28.72,0.68,0.56,5,1.11,0,0,horizontal best
2026-08-24T15:33:03.296,1685,RAD,horizontal,1,21.97,24.47,44.1,44.6,138,28.70,0.68,0.56,5,1.11,0,0,horizontal best
2026-08-24T15:33:03.391,1686,RAD,horizontal,1,21.97,24.47,44.0,44.7,138,28.66,0.68,0.56,5,1.09,0,0,horizontal best
2026-08-24T15:33:03.519,1687,RAD,horizontal,1,21.97,24.47,44.1,44.7,139,28.63,0.68,0.56,5,1.10,0,0,horizontal best
2026-08-24T15:33:03.616,1688,RAD,horizontal,1,21.97,24.47,44.1,44.7,139,28.63,0.68,0.56,5,1.09,0,0,horizontal best
2026-08-24T15:33:03.744,1689,RAD,horizontal,1,21.94,24.44,44.1,44.7,139,28.59,0.68,0.56,5,1.12,0,0,horizontal best
2026-08-24T15:33:03.839,1690,RAD,horizontal,1,21.94,24.44,44.1,44.7,139,28.59,0.68,0.56,5,1.13,0,0,horizontal best
2026-08-24T15:33:03.969,1691,RAD,horizontal,1,21.94,24.44,44.2,44.6,136,28.59,0.68,0.55,4,1.11,0,0,horizontal best
2026-08-24T15:33:04.094,1692,RAD,horizontal,1,21.94,24.44,41.0,46.3,74,28.59,1.10,0.67,2,1.54,0,0,horizontal best
2026-08-24T15:33:04.194,1693,RAD,horizontal,1,21.94,24.44,39.7,46.9,74,28.59,1.10,0.67,2,1.53,0,0,horizontal best
2026-08-24T15:33:04.320,1694,RAD,horizontal,2,21.92,24.42,39.4,47.1,74,28.55,1.10,0.67,2,1.53,0,0,horizontal best
2026-08-24T15:33:04.320,1694,RAD,horizontal,2,21.92,24.42,50.6,44.3,79,28.68,1.10,0.72,3,1.57,0,0,horizontal best
2026-08-24T15:33:04.415,1695,RAD,horizontal,2,21.92,24.42,39.5,47.1,73,28.50,1.10,0.66,2,1.53,0,0,horizontal best
2026-08-24T15:33:04.415,1695,RAD,horizontal,2,21.92,24.42,50.7,44.4,77,28.61,1.22,0.78,3,1.57,0,0,horizontal best
2026-08-24T15:33:04.544,1696,RAD,horizontal,2,21.92,24.42,39.6,47.0,73,28.52,1.10,0.66,2,1.54,0,0,horizontal best
2026-08-24T15:33:04.544,1696,RAD,horizontal,2,21.92,24.42,50.7,44.4,76,28.59,1.22,0.77,3,1.57,0,0,horizontal best
2026-08-24T15:33:04.639,1697,RAD,horizontal,2,21.90,24.40,39.7,47.0,76,28.52,1.10,0.69,2,1.57,0,0,horizontal best
2026-08-24T15:33:04.639,1697,RAD,horizontal,2,21.90,24.40,50.7,44.4,79,28.59,1.22,0.80,3,1.61,0,0,horizontal best
2026-08-24T15:33:04.767,1698,RAD,horizontal,1,21.92,24.42,43.2,45.2,142,28.57,0.65,0.55,5,1.14,0,0,horizontal best
2026-08-24T15:33:04.896,1699,RAD,horizontal,1,21.92,24.42,44.6,44.5,144,28.59,0.65,0.55,5,1.16,0,0,horizontal best
2026-08-24T15:33:04.993,1700,RAD,horizontal,1,21.92,24.42,44.9,44.3,144,28.57,0.65,0.55,5,1.17,0,0,horizontal best
2026-08-24T15:33:05.121,1701,RAD,horizontal,1,21.92,24.42,44.8,44.3,145,28.57,0.65,0.56,5,1.17,0,0,horizontal best
2026-08-24T15:33:05.217,1702,RAD,horizontal,1,21.96,24.46,44.7,44.4,144,28.66,0.65,0.55,5,1.16,0,0,horizontal best
2026-08-24T15:33:05.343,1703,RAD,horizontal,1,21.97,24.47,44.5,44.4,145,28.68,0.65,0.56,5,1.16,0,0,horizontal best
2026-08-24T15:33:05.439,1704,RAD,horizontal,1,21.99,24.49,44.4,44.5,144,28.68,0.65,0.55,5,1.16,0,0,horizontal best
2026-08-24T15:33:05.568,1705,RAD,horizontal,1,22.04,24.54,41.0,46.2,75,28.68,1.10,0.68,2,1.58,0,0,horizontal best
2026-08-24T15:33:05.664,1706,RAD,horizontal,1,22.06,24.56,39.7,46.9,75,28.68,1.10,0.68,2,1.57,0,0,horizontal best
2026-08-24T15:33:05.791,1707,RAD,horizontal,1,22.04,24.54,45.2,44.6,150,28.66,0.65,0.58,5,1.21,0,0,horizontal best
2026-08-24T15:33:05.918,1708,RAD,horizontal,1,22.04,24.54,43.7,44.5,151,28.66,0.74,0.57,5,1.19,0,0,horizontal best
2026-08-24T15:33:06.014,1709,RAD,horizontal,1,22.04,24.54,43.5,44.5,151,28.66,0.74,0.57,5,1.19,0,0,horizontal best
2026-08-24T15:33:06.144,1710,RAD,horizontal,1,22.04,24.54,43.8,44.6,150,28.70,0.68,0.61,5,1.18,0,0,horizontal best
2026-08-24T15:33:06.239,1711,RAD,horizontal,1,22.04,24.54,44.1,44.7,150,28.79,0.68,0.61,5,1.17,0,0,horizontal best
2026-08-24T15:33:06.368,1712,RAD,horizontal,1,22.04,24.54,44.2,44.7,147,28.79,0.68,0.60,5,1.15,0,0,horizontal best
2026-08-24T15:33:06.464,1713,RAD,horizontal,1,22.04,24.54,44.3,44.7,146,28.79,0.68,0.59,5,1.14,0,0,horizontal best
2026-08-24T15:33:06.591,1714,RAD,horizontal,1,22.02,24.52,44.3,44.7,146,28.81,0.68,0.59,5,1.14,0,0,horizontal best
2026-08-24T15:33:06.719,1715,RAD,horizontal,1,22.02,24.52,44.3,44.7,146,28.79,0.68,0.59,5,1.13,0,0,horizontal best
2026-08-24T15:33:06.816,1716,RAD,horizontal,1,22.02,24.52,44.3,44.7,146,28.74,0.68,0.59,5,1.13,0,0,horizontal best
2026-08-24T15:33:06.943,1717,RAD,horizontal,1,22.02,24.52,44.3,44.7,146,28.74,0.68,0.59,5,1.13,0,0,horizontal best
2026-08-24T15:33:07.040,1718,RAD,horizontal,1,21.99,24.49,44.3,44.6,147,28.74,0.68,0.60,5,1.13,0,0,horizontal best
2026-08-24T15:33:07.166,1719,RAD,horizontal,1,22.02,24.52,44.3,44.6,147,28.77,0.74,0.55,5,1.12,0,0,horizontal best
2026-08-24T15:33:07.262,1720,RAD,horizontal,1,21.99,24.49,44.3,44.5,148,28.88,0.74,0.56,5,1.11,0,0,horizontal best
2026-08-24T15:33:07.392,1721,RAD,horizontal,1,21.99,24.49,44.3,44.5,148,28.88,0.74,0.56,5,1.11,0,0,horizontal best
2026-08-24T15:33:07.488,1722,RAD,horizontal,1,22.02,24.52,44.3,44.6,146,28.88,0.74,0.55,5,1.10,0,0,horizontal best
2026-08-24T15:33:07.615,1723,RAD,horizontal,1,21.99,24.49,44.3,44.6,146,28.86,0.74,0.55,5,1.09,0,0,horizontal best
2026-08-24T15:33:07.745,1724,RAD,horizontal,1,21.99,24.49,44.3,44.6,146,28.86,0.74,0.55,5,1.09,0,0,horizontal best
2026-08-24T15:33:07.841,1725,RAD,horizontal,1,21.99,24.49,44.3,44.6,146,28.83,0.74,0.55,5,1.09,0,0,horizontal best
2026-08-24T15:33:07.968,1726,RAD,horizontal,1,21.99,24.49,44.3,44.6,146,28.77,0.74,0.55,5,1.08,0,0,horizontal best
2026-08-24T15:33:08.064,1727,RAD,horizontal,1,21.99,24.49,44.3,44.6,146,28.72,0.74,0.55,5,1.08,0,0,horizontal best
2026-08-24T15:33:08.192,1728,RAD,horizontal,1,21.99,24.49,44.3,44.6,146,28.72,0.74,0.55,5,1.08,0,0,horizontal best
2026-08-24T15:33:08.289,1729,RAD,horizontal,1,22.02,24.52,44.3,44.6,146,28.72,0.74,0.55,5,1.08,0,0,horizontal best
2026-08-24T15:33:08.418,1730,RAD,horizontal,1,22.02,24.52,44.4,44.6,147,28.74,0.70,0.53,5,1.07,0,0,horizontal best
2026-08-24T15:33:08.513,1731,RAD,horizontal,1,22.02,24.52,44.4,44.7,147,28.72,0.70,0.53,5,1.08,0,0,horizontal best
2026-08-24T15:33:08.641,1732,RAD,horizontal,1,22.02,24.52,44.5,44.6,149,28.72,0.70,0.53,5,1.10,0,0,horizontal best
2026-08-24T15:33:08.768,1733,RAD,horizontal,1,22.04,24.54,44.6,44.7,154,28.70,0.70,0.55,5,1.15,0,0,horizontal best
2026-08-24T15:33:08.863,1734,RAD,horizontal,1,22.04,24.54,44.6,44.7,153,28.70,0.70,0.55,4,1.14,0,0,horizontal best
2026-08-24T15:33:08.991,1735,RAD,horizontal,1,22.02,24.52,44.6,44.8,155,28.70,0.65,0.60,5,1.13,0,0,horizontal best
2026-08-24T15:33:09.087,1736,RAD,horizontal,1,22.02,24.52,44.6,44.8,154,28.70,0.65,0.59,4,1.12,0,0,horizontal best
2026-08-24T15:33:09.216,1737,RAD,horizontal,1,22.02,24.52,44.6,44.8,153,28.61,0.65,0.59,4,1.11,0,0,horizontal best
2026-08-24T15:33:09.312,1738,RAD,horizontal,1,22.04,24.54,44.6,44.8,154,28.61,0.65,0.59,5,1.11,0,0,horizontal best
2026-08-24T15:33:09.442,1739,RAD,horizontal,1,22.04,24.54,44.5,44.8,154,28.61,0.65,0.59,5,1.11,0,0,horizontal best
2026-08-24T15:33:09.568,1740,RAD,horizontal,1,22.04,24.54,44.6,44.7,153,28.61,0.65,0.59,5,1.11,0,0,horizontal best
2026-08-24T15:33:09.664,1741,RAD,horizontal,1,22.02,24.52,44.6,44.7,154,28.61,0.65,0.59,5,1.11,0,0,horizontal best
2026-08-24T15:33:09.790,1742,RAD,horizontal,1,22.04,24.54,44.7,44.7,155,28.68,0.65,0.60,5,1.12,0,0,horizontal best
2026-08-24T15:33:09.886,1743,RAD,horizontal,1,22.04,24.54,44.6,44.6,152,28.70,0.65,0.58,4,1.10,0,0,horizontal best
2026-08-24T15:33:10.042,1744,RAD,horizontal,1,22.06,24.56,44.6,44.6,152,28.70,0.65,0.58,4,1.09,0,0,horizontal best
2026-08-24T15:33:10.168,1745,RAD,horizontal,1,22.06,24.56,44.7,44.6,156,28.77,0.65,0.60,4,1.12,0,0,horizontal best
2026-08-24T15:33:10.263,1746,RAD,horizontal,1,22.09,24.59,44.7,44.6,157,28.77,0.70,0.56,4,1.11,0,0,horizontal best
2026-08-24T15:33:10.337,1747,RAD,horizontal,1,22.11,24.61,44.8,44.6,157,28.77,0.70,0.56,5,1.10,0,0,horizontal best
2026-08-24T15:33:10.463,1748,RAD,horizontal,1,22.11,24.61,44.8,44.6,157,28.77,0.70,0.56,5,1.11,0,0,horizontal best
2026-08-24T15:33:10.590,1749,RAD,horizontal,1,22.09,24.59,44.8,44.6,157,28.74,0.70,0.56,5,1.11,0,0,horizontal best
2026-08-24T15:33:10.686,1750,RAD,horizontal,1,22.09,24.59,44.8,44.6,157,28.79,0.70,0.56,5,1.11,0,0,horizontal best
2026-08-24T15:33:10.816,1751,RAD,horizontal,1,22.09,24.59,44.8,44.6,157,28.74,0.70,0.56,4,1.11,0,0,horizontal best
2026-08-24T15:33:10.911,1752,RAD,horizontal,1,22.09,24.59,44.8,44.6,157,28.74,0.70,0.56,5,1.11,0,0,horizontal best
2026-08-24T15:33:11.041,1753,RAD,horizontal,1,22.09,24.59,44.8,44.6,157,28.74,0.70,0.56,4,1.11,0,0,horizontal best
2026-08-24T15:33:11.134,1754,RAD,horizontal,1,22.14,24.64,44.8,44.6,158,29.01,0.70,0.56,4,1.14,0,0,horizontal best
2026-08-24T15:33:11.263,1755,RAD,horizontal,1,22.14,24.64,44.9,44.6,159,28.99,0.70,0.57,5,1.14,0,0,horizontal best
2026-08-24T15:33:11.390,1756,RAD,horizontal,1,22.14,24.64,44.9,44.6,159,28.94,0.70,0.57,5,1.13,0,0,horizontal best
2026-08-24T15:33:11.486,1757,RAD,horizontal,1,22.14,24.64,44.9,44.6,159,28.92,0.70,0.57,5,1.14,0,0,horizontal best
2026-08-24T15:33:11.614,1758,RAD,horizontal,1,22.14,24.64,44.9,44.6,159,28.92,0.70,0.57,5,1.14,0,0,horizontal best
2026-08-24T15:33:11.710,1759,RAD,horizontal,1,22.11,24.61,44.9,44.6,159,28.86,0.70,0.57,5,1.14,0,0,horizontal best
2026-08-24T15:33:11.838,1760,RAD,horizontal,1,22.11,24.61,44.9,44.6,159,28.86,0.70,0.57,5,1.14,0,0,horizontal best
2026-08-24T15:33:11.935,1761,RAD,horizontal,1,22.09,24.59,44.9,44.6,160,28.86,0.70,0.57,5,1.14,0,0,horizontal best
2026-08-24T15:33:12.063,1762,RAD,horizontal,1,22.09,24.59,44.9,44.6,156,28.83,0.70,0.56,5,1.12,0,0,horizontal best
2026-08-24T15:33:12.160,1763,RAD,horizontal,1,22.09,24.59,44.9,44.6,157,28.81,0.70,0.56,5,1.12,0,0,horizontal best
2026-08-24T15:33:12.287,1764,RAD,horizontal,1,22.09,24.59,44.9,44.5,157,28.81,0.70,0.56,5,1.11,0,0,horizontal best
2026-08-24T15:33:12.414,1765,RAD,horizontal,1,22.04,24.54,44.9,44.5,157,28.77,0.70,0.56,4,1.11,0,0,horizontal best
2026-08-24T15:33:12.510,1766,RAD,horizontal,1,21.99,24.49,44.9,44.5,157,28.77,0.70,0.56,4,1.11,0,0,horizontal best
2026-08-24T15:33:12.639,1767,RAD,horizontal,1,22.02,24.52,44.9,44.5,158,28.79,0.70,0.56,4,1.13,0,0,horizontal best
2026-08-24T15:33:12.735,1768,RAD,horizontal,1,21.99,24.49,44.9,44.5,158,28.77,0.70,0.56,4,1.11,0,0,horizontal best
2026-08-24T15:33:12.862,1769,RAD,horizontal,1,21.99,24.49,44.9,44.5,158,28.74,0.70,0.56,4,1.11,0,0,horizontal best
2026-08-24T15:33:12.958,1770,RAD,horizontal,1,21.99,24.49,44.9,44.5,158,28.74,0.70,0.56,4,1.11,0,0,horizontal best
2026-08-24T15:33:13.097,1771,RAD,horizontal,1,21.99,24.49,44.9,44.5,158,28.72,0.70,0.56,4,1.11,0,0,horizontal best
2026-08-24T15:33:13.183,1772,RAD,horizontal,1,21.99,24.49,44.9,44.5,158,28.68,0.70,0.56,4,1.11,0,0,horizontal best
2026-08-24T15:33:13.310,1773,RAD,horizontal,1,21.97,24.47,44.9,44.5,158,28.68,0.70,0.56,4,1.10,0,0,horizontal best
2026-08-24T15:33:13.439,1774,RAD,horizontal,1,21.94,24.44,44.8,44.5,156,28.68,0.70,0.56,4,1.08,0,0,horizontal best
2026-08-24T15:33:13.535,1775,RAD,horizontal,1,21.94,24.44,44.8,44.5,156,28.59,0.70,0.56,4,1.08,0,0,horizontal best
2026-08-24T15:33:13.663,1776,RAD,horizontal,1,21.92,24.42,44.8,44.5,156,28.59,0.70,0.56,4,1.08,0,0,horizontal best
2026-08-24T15:33:13.759,1777,RAD,horizontal,1,21.94,24.44,44.8,44.5,157,28.70,0.70,0.56,4,1.09,0,0,horizontal best
2026-08-24T15:33:13.886,1778,RAD,horizontal,1,21.97,24.47,44.8,44.5,153,28.74,0.70,0.55,4,1.06,0,0,horizontal best
2026-08-24T15:33:13.984,1779,RAD,horizontal,1,21.94,24.44,44.8,44.5,154,28.74,0.70,0.55,4,1.07,0,0,horizontal best
2026-08-24T15:33:14.110,1780,RAD,horizontal,1,21.94,24.44,44.8,44.5,153,28.74,0.70,0.55,4,1.06,0,0,horizontal best
2026-08-24T15:33:14.238,1781,RAD,horizontal,1,21.94,24.44,44.8,44.5,153,28.74,0.70,0.55,4,1.06,0,0,horizontal best
2026-08-24T15:33:14.335,1782,RAD,horizontal,1,21.92,24.42,44.8,44.5,153,28.70,0.70,0.55,4,1.06,0,0,horizontal best
2026-08-24T15:33:14.461,1783,RAD,horizontal,1,21.92,24.42,44.8,44.5,153,28.70,0.70,0.55,4,1.06,0,0,horizontal best
2026-08-24T15:33:14.559,1784,RAD,horizontal,1,21.92,24.42,44.8,44.5,153,28.68,0.70,0.55,4,1.06,0,0,horizontal best
2026-08-24T15:33:14.686,1785,RAD,horizontal,1,21.92,24.42,44.8,44.4,152,28.68,0.70,0.54,4,1.05,0,0,horizontal best
2026-08-24T15:33:14.784,1786,RAD,horizontal,1,21.92,24.42,44.8,44.4,151,28.68,0.65,0.58,4,1.05,0,0,horizontal best
2026-08-24T15:33:14.910,1787,RAD,horizontal,1,21.99,24.49,44.8,44.4,149,28.70,0.65,0.57,4,1.03,0,0,horizontal best
2026-08-24T15:33:15.008,1788,RAD,horizontal,1,21.99,24.49,44.7,44.5,148,28.68,0.65,0.57,4,1.02,0,0,horizontal best
2026-08-24T15:33:15.134,1789,RAD,horizontal,1,21.97,24.47,44.7,44.4,152,28.70,0.70,0.54,4,1.05,0,0,horizontal best
2026-08-24T15:33:15.262,1790,RAD,horizontal,1,21.97,24.47,44.8,44.4,157,28.70,0.70,0.56,4,1.06,0,0,horizontal best
2026-08-24T15:33:15.358,1791,RAD,horizontal,1,21.94,24.44,44.7,44.6,161,28.63,0.70,0.57,5,1.06,0,0,horizontal best
2026-08-24T15:33:15.486,1792,RAD,horizontal,1,21.94,24.44,44.6,44.6,163,28.61,0.70,0.58,5,1.08,0,0,horizontal best
2026-08-24T15:33:15.632,1793,RAD,horizontal,1,21.90,24.40,44.8,44.6,159,28.55,0.67,0.54,5,1.06,0,0,horizontal best
2026-08-24T15:33:15.713,1794,RAD,horizontal,1,21.82,24.32,44.8,44.6,156,28.55,0.67,0.53,5,1.05,0,0,horizontal best
2026-08-24T15:33:15.805,1795,RAD,horizontal,0,21.80,24.30,,,,,,,,,,,horizontal best
2026-08-24T15:33:15.941,1796,RAD,horizontal,1,21.73,24.23,45.1,44.5,155,28.55,0.70,0.55,4,1.12,0,0,horizontal best
2026-08-24T15:33:16.062,1797,RAD,horizontal,1,21.73,24.23,45.3,44.5,156,28.61,0.74,0.59,4,1.16,0,0,horizontal best
2026-08-24T15:33:16.158,1798,RAD,horizontal,1,21.73,24.23,45.6,44.4,152,28.61,0.68,0.62,5,1.18,0,0,horizontal best
2026-08-24T15:33:16.286,1799,RAD,horizontal,1,21.73,24.23,45.6,44.3,150,28.61,0.68,0.61,4,1.16,0,0,horizontal best
2026-08-24T15:33:16.383,1800,RAD,horizontal,1,21.75,24.25,45.7,44.3,148,28.61,0.72,0.63,5,1.14,0,0,horizontal best
2026-08-24T15:33:16.510,1801,RAD,horizontal,1,21.75,24.25,45.7,44.3,148,28.59,0.72,0.63,6,1.12,0,0,horizontal best
2026-08-24T15:33:16.606,1802,RAD,horizontal,1,21.73,24.23,45.7,44.3,148,28.55,0.72,0.63,6,1.11,0,0,horizontal best
2026-08-24T15:33:16.735,1803,RAD,horizontal,1,21.73,24.23,45.7,44.3,147,28.55,0.72,0.63,5,1.13,0,0,horizontal best
2026-08-24T15:33:16.839,1804,RAD,horizontal,1,21.73,24.23,45.7,44.4,142,28.50,0.72,0.61,5,1.14,0,0,horizontal best
2026-08-24T15:33:16.958,1805,RAD,horizontal,1,21.70,24.20,45.6,44.3,141,28.63,0.72,0.60,5,1.18,0,0,horizontal best
2026-08-24T15:33:17.088,1806,RAD,horizontal,1,21.73,24.23,45.6,44.3,137,28.57,0.72,0.59,5,1.17,0,0,horizontal best
2026-08-24T15:33:17.184,1807,RAD,horizontal,1,21.73,24.23,45.5,44.2,140,28.55,0.72,0.60,5,1.23,0,0,horizontal best
2026-08-24T15:33:17.309,1808,RAD,horizontal,1,21.73,24.23,45.4,44.2,140,28.55,0.68,0.57,5,1.24,0,0,horizontal best
2026-08-24T15:33:17.406,1809,RAD,horizontal,1,21.73,24.23,45.4,44.3,143,28.59,0.68,0.58,5,1.28,0,0,horizontal best
2026-08-24T15:33:17.535,1810,RAD,horizontal,1,21.73,24.23,45.3,44.3,141,28.55,0.68,0.57,5,1.26,0,0,horizontal best
2026-08-24T15:33:17.630,1811,RAD,horizontal,1,21.73,24.23,45.2,44.2,138,28.50,0.68,0.56,5,1.20,0,0,horizontal best
2026-08-24T15:33:17.759,1812,RAD,horizontal,1,21.70,24.20,45.0,44.2,137,28.48,0.72,0.59,5,1.20,0,0,horizontal best
2026-08-24T15:33:17.885,1813,RAD,horizontal,1,21.70,24.20,44.9,44.2,139,28.46,0.72,0.59,5,1.21,0,0,horizontal best
2026-08-24T15:33:17.982,1814,RAD,horizontal,1,21.70,24.20,44.8,44.3,139,28.43,0.72,0.59,5,1.20,0,0,horizontal best
2026-08-24T15:33:18.110,1815,RAD,horizontal,1,21.70,24.20,44.7,44.3,137,28.41,0.72,0.59,5,1.17,0,0,horizontal best
2026-08-24T15:33:18.206,1816,RAD,horizontal,1,21.70,24.20,44.7,44.3,141,28.55,0.68,0.57,5,1.19,0,0,horizontal best
2026-08-24T15:33:18.334,1817,RAD,horizontal,1,21.70,24.20,44.9,44.3,140,28.55,0.68,0.57,5,1.17,0,0,horizontal best
2026-08-24T15:33:18.430,1818,RAD,horizontal,1,21.70,24.20,41.8,46.0,73,28.23,1.22,0.74,2,1.76,0,0,horizontal best
2026-08-24T15:33:18.557,1819,RAD,horizontal,1,21.68,24.18,40.5,46.7,74,28.23,1.10,0.67,2,1.73,0,0,horizontal best
2026-08-24T15:33:18.655,1820,RAD,horizontal,2,21.68,24.18,40.1,46.8,74,28.21,1.10,0.67,2,1.74,0,0,horizontal best
2026-08-24T15:33:18.655,1820,RAD,horizontal,2,21.68,24.18,50.9,44.4,82,28.59,1.33,0.76,3,1.65,0,0,horizontal best
2026-08-24T15:33:18.782,1821,RAD,horizontal,2,21.68,24.18,40.0,46.8,75,28.21,1.10,0.68,2,1.73,0,0,horizontal best
2026-08-24T15:33:18.782,1821,RAD,horizontal,2,21.68,24.18,51.0,44.3,79,28.59,1.50,0.82,3,1.65,0,0,horizontal best
2026-08-24T15:33:18.910,1822,RAD,horizontal,2,21.68,24.18,40.1,46.8,76,28.21,1.10,0.69,2,1.76,0,0,horizontal best
2026-08-24T15:33:18.910,1822,RAD,horizontal,2,21.68,24.18,51.1,44.3,79,28.59,1.50,0.82,3,1.67,0,0,horizontal best
2026-08-24T15:33:19.006,1823,RAD,horizontal,2,21.68,24.18,40.2,46.8,76,28.15,1.10,0.69,2,1.70,0,0,horizontal best
2026-08-24T15:33:19.006,1823,RAD,horizontal,2,21.68,24.18,51.1,44.3,78,28.59,1.50,0.81,3,1.62,0,0,horizontal best
2026-08-24T15:33:19.134,1824,RAD,horizontal,2,21.65,24.15,40.3,46.8,76,28.12,1.10,0.69,2,1.67,0,0,horizontal best
2026-08-24T15:33:19.134,1824,RAD,horizontal,2,21.65,24.15,51.1,44.3,78,28.52,1.50,0.81,3,1.61,0,0,horizontal best
2026-08-24T15:33:19.231,1825,RAD,horizontal,2,21.65,24.15,40.4,46.8,77,27.90,1.10,0.70,3,1.65,0,0,horizontal best
2026-08-24T15:33:19.231,1825,RAD,horizontal,2,21.65,24.15,51.0,44.4,76,28.52,1.50,0.79,2,1.61,0,0,horizontal best
2026-08-24T15:33:19.357,1826,RAD,horizontal,2,21.63,24.13,40.4,46.9,78,27.90,1.10,0.71,2,1.63,0,0,horizontal best
2026-08-24T15:33:19.357,1826,RAD,horizontal,2,21.63,24.13,51.0,44.4,76,28.50,1.50,0.79,2,1.63,0,0,horizontal best
2026-08-24T15:33:19.454,1827,RAD,horizontal,2,21.63,24.13,40.4,46.9,78,27.81,1.10,0.71,2,1.61,0,0,horizontal best
2026-08-24T15:33:19.454,1827,RAD,horizontal,2,21.63,24.13,51.0,44.4,76,28.48,1.50,0.79,2,1.64,0,0,horizontal best
2026-08-24T15:33:19.582,1828,RAD,horizontal,2,21.63,24.13,40.3,46.8,77,27.79,1.10,0.70,2,1.59,0,0,horizontal best
2026-08-24T15:33:19.582,1828,RAD,horizontal,2,21.63,24.13,51.0,44.4,76,28.48,1.50,0.79,2,1.65,0,0,horizontal best
2026-08-24T15:33:19.679,1829,RAD,horizontal,2,21.65,24.15,40.3,46.9,78,27.76,1.10,0.71,3,1.59,0,0,horizontal best
2026-08-24T15:33:19.679,1829,RAD,horizontal,2,21.65,24.15,51.0,44.4,76,28.48,1.50,0.79,2,1.65,0,0,horizontal best
2026-08-24T15:33:19.806,1830,RAD,horizontal,2,21.65,24.15,40.3,46.8,73,27.65,1.10,0.66,3,1.59,0,0,horizontal best
2026-08-24T15:33:19.806,1830,RAD,horizontal,2,21.65,24.15,51.0,44.4,76,28.48,1.50,0.79,2,1.65,0,0,horizontal best
2026-08-24T15:33:19.933,1831,RAD,horizontal,2,21.63,24.13,40.4,46.7,72,27.58,1.22,0.73,3,1.59,0,0,horizontal best
2026-08-24T15:33:19.933,1831,RAD,horizontal,2,21.63,24.13,51.0,44.4,77,28.48,1.50,0.80,2,1.62,0,0,horizontal best
2026-08-24T15:33:20.030,1832,RAD,horizontal,2,21.63,24.13,40.5,46.7,73,27.61,1.22,0.74,3,1.60,0,0,horizontal best
2026-08-24T15:33:20.030,1832,RAD,horizontal,2,21.63,24.13,51.0,44.4,77,28.48,1.50,0.80,2,1.60,0,0,horizontal best
2026-08-24T15:33:20.159,1833,RAD,horizontal,2,21.63,24.13,40.5,46.7,74,27.72,1.22,0.75,3,1.60,0,0,horizontal best
2026-08-24T15:33:20.159,1833,RAD,horizontal,2,21.63,24.13,51.0,44.4,77,28.32,1.50,0.80,2,1.60,0,0,horizontal best
2026-08-24T15:33:20.257,1834,RAD,horizontal,2,21.63,24.13,40.3,46.7,74,27.70,1.10,0.67,3,1.56,0,0,horizontal best
2026-08-24T15:33:20.257,1834,RAD,horizontal,2,21.63,24.13,51.1,44.3,78,28.35,1.50,0.81,2,1.62,0,0,horizontal best
2026-08-24T15:33:20.382,1835,RAD,horizontal,2,21.63,24.13,40.2,46.7,70,27.70,1.00,0.70,3,1.56,0,0,horizontal best
2026-08-24T15:33:20.382,1835,RAD,horizontal,2,21.63,24.13,51.1,44.3,78,28.32,1.50,0.81,2,1.62,0,0,horizontal best
2026-08-24T15:33:20.479,1836,RAD,horizontal,2,21.63,24.13,40.1,46.7,71,27.65,1.00,0.71,1,1.58,0,0,horizontal best
2026-08-24T15:33:20.479,1836,RAD,horizontal,2,21.63,24.13,51.1,44.3,78,28.28,1.50,0.81,2,1.63,0,0,horizontal best
2026-08-24T15:33:20.606,1837,RAD,horizontal,2,21.63,24.13,39.8,46.8,71,27.58,1.00,0.71,1,1.55,0,0,horizontal best
2026-08-24T15:33:20.606,1837,RAD,horizontal,2,21.63,24.13,51.1,44.3,78,28.43,1.50,0.81,2,1.63,0,0,horizontal best
2026-08-24T15:33:20.734,1838,RAD,horizontal,2,21.61,24.11,39.8,46.8,71,27.56,1.00,0.71,3,1.53,0,0,horizontal best
2026-08-24T15:33:20.734,1838,RAD,horizontal,2,21.61,24.11,51.1,44.3,78,28.41,1.50,0.81,2,1.63,0,0,horizontal best
2026-08-24T15:33:20.831,1839,RAD,horizontal,2,21.58,24.08,39.8,46.7,72,27.47,1.00,0.72,3,1.52,0,0,horizontal best
2026-08-24T15:33:20.831,1839,RAD,horizontal,2,21.58,24.08,51.1,44.3,78,28.39,1.50,0.81,2,1.62,0,0,horizontal best
2026-08-24T15:33:20.957,1840,RAD,horizontal,2,21.58,24.08,39.8,46.7,73,27.47,1.00,0.73,2,1.47,0,0,horizontal best
2026-08-24T15:33:20.957,1840,RAD,horizontal,2,21.58,24.08,51.1,44.3,78,28.37,1.50,0.81,2,1.62,0,0,horizontal best
2026-08-24T15:33:21.055,1841,RAD,horizontal,2,21.53,24.03,39.8,46.7,72,27.29,1.00,0.72,2,1.44,0,0,horizontal best
2026-08-24T15:33:21.055,1841,RAD,horizontal,2,21.53,24.03,51.1,44.3,79,28.35,1.50,0.82,2,1.65,0,0,horizontal best
2026-08-24T15:33:21.182,1842,RAD,horizontal,2,21.51,24.01,39.8,46.8,73,27.29,1.00,0.73,2,1.43,0,0,horizontal best
2026-08-24T15:33:21.182,1842,RAD,horizontal,2,21.51,24.01,51.1,44.2,80,28.32,1.50,0.83,2,1.64,0,0,horizontal best
2026-08-24T15:33:21.278,1843,RAD,horizontal,2,21.51,24.01,40.1,46.9,77,27.33,1.00,0.77,3,1.48,0,0,horizontal best
2026-08-24T15:33:21.278,1843,RAD,horizontal,2,21.51,24.01,51.1,44.2,80,28.26,1.50,0.83,2,1.64,0,0,horizontal best
2026-08-24T15:33:21.407,1844,RAD,horizontal,2,21.53,24.03,40.2,46.8,77,27.52,1.10,0.70,2,1.50,0,0,horizontal best
2026-08-24T15:33:21.407,1844,RAD,horizontal,2,21.53,24.03,51.1,44.2,80,28.30,1.50,0.83,2,1.64,0,0,horizontal best
2026-08-24T15:33:21.503,1845,RAD,horizontal,2,21.51,24.01,40.4,46.7,74,27.52,1.22,0.75,2,1.55,0,0,horizontal best
2026-08-24T15:33:21.503,1845,RAD,horizontal,2,21.51,24.01,51.1,44.2,79,28.30,1.50,0.82,2,1.65,0,0,horizontal best
2026-08-24T15:33:21.630,1846,RAD,horizontal,2,21.51,24.01,40.6,46.7,71,28.12,1.22,0.72,3,1.54,0,0,horizontal best
2026-08-24T15:33:21.630,1846,RAD,horizontal,2,21.51,24.01,51.1,44.3,79,28.32,1.50,0.82,2,1.65,0,0,horizontal best
2026-08-24T15:33:21.757,1847,RAD,horizontal,2,21.51,24.01,40.9,46.6,69,27.85,1.22,0.70,3,1.57,0,0,horizontal best
2026-08-24T15:33:21.757,1847,RAD,horizontal,2,21.51,24.01,51.1,44.3,79,28.50,1.50,0.82,2,1.67,0,0,horizontal best
2026-08-24T15:33:21.853,1848,RAD,horizontal,2,21.51,24.01,41.0,46.7,70,27.85,1.22,0.71,3,1.61,0,0,horizontal best
2026-08-24T15:33:21.853,1848,RAD,horizontal,2,21.51,24.01,51.1,44.3,79,28.50,1.50,0.82,2,1.66,0,0,horizontal best
2026-08-24T15:33:21.981,1849,RAD,horizontal,2,21.49,23.99,41.0,46.7,69,27.79,1.22,0.70,2,1.64,0,0,horizontal best
2026-08-24T15:33:21.981,1849,RAD,horizontal,2,21.49,23.99,51.1,44.3,79,28.50,1.50,0.82,2,1.66,0,0,horizontal best
2026-08-24T15:33:22.077,1850,RAD,horizontal,2,21.49,23.99,41.1,46.7,64,27.54,1.38,0.73,2,1.60,0,0,horizontal best
2026-08-24T15:33:22.077,1850,RAD,horizontal,2,21.49,23.99,51.1,44.3,78,28.48,1.50,0.81,2,1.65,0,0,horizontal best
2026-08-24T15:33:22.206,1851,RAD,horizontal,2,21.49,23.99,41.2,46.5,67,27.56,1.38,0.76,3,1.62,0,0,horizontal best
2026-08-24T15:33:22.206,1851,RAD,horizontal,2,21.49,23.99,51.1,44.3,78,28.48,1.50,0.81,2,1.66,0,0,horizontal best
2026-08-24T15:33:22.301,1852,RAD,horizontal,2,21.44,23.94,41.2,46.4,68,27.54,1.22,0.69,2,1.61,0,0,horizontal best
2026-08-24T15:33:22.301,1852,RAD,horizontal,2,21.44,23.94,51.1,44.4,78,28.43,1.50,0.81,2,1.66,0,0,horizontal best
2026-08-24T15:33:22.430,1853,RAD,horizontal,2,21.44,23.94,41.1,46.4,69,27.94,1.22,0.70,2,1.67,0,0,horizontal best
2026-08-24T15:33:22.430,1853,RAD,horizontal,2,21.44,23.94,51.1,44.4,78,28.43,1.50,0.81,2,1.67,0,0,horizontal best
2026-08-24T15:33:22.557,1854,RAD,horizontal,2,21.46,23.96,40.9,46.5,72,28.10,1.22,0.73,2,1.68,0,0,horizontal best
2026-08-24T15:33:22.557,1854,RAD,horizontal,2,21.46,23.96,51.1,44.3,78,28.43,1.50,0.81,3,1.67,0,0,horizontal best
2026-08-24T15:33:22.653,1855,RAD,horizontal,2,21.44,23.94,40.8,46.6,71,28.10,1.22,0.72,2,1.67,0,0,horizontal best
2026-08-24T15:33:22.653,1855,RAD,horizontal,2,21.44,23.94,51.1,44.3,78,28.41,1.50,0.81,2,1.68,0,0,horizontal best
2026-08-24T15:33:22.781,1856,RAD,horizontal,2,21.41,23.91,40.8,46.6,72,27.97,1.22,0.73,2,1.66,0,0,horizontal best
2026-08-24T15:33:22.781,1856,RAD,horizontal,2,21.41,23.91,51.1,44.3,78,28.39,1.50,0.81,2,1.67,0,0,horizontal best
2026-08-24T15:33:22.877,1857,RAD,horizontal,2,21.41,23.91,40.8,46.6,73,27.85,1.22,0.74,2,1.66,0,0,horizontal best
2026-08-24T15:33:22.877,1857,RAD,horizontal,2,21.41,23.91,51.1,44.3,78,28.39,1.50,0.81,2,1.67,0,0,horizontal best
2026-08-24T15:33:23.006,1858,RAD,horizontal,2,21.41,23.91,40.7,46.7,71,27.85,1.22,0.72,2,1.63,0,0,horizontal best
2026-08-24T15:33:23.006,1858,RAD,horizontal,2,21.41,23.91,51.1,44.3,78,28.37,1.50,0.81,2,1.67,0,0,horizontal best
2026-08-24T15:33:23.102,1859,RAD,horizontal,2,21.41,23.91,40.7,46.7,71,27.85,1.22,0.72,3,1.63,0,0,horizontal best
2026-08-24T15:33:23.102,1859,RAD,horizontal,2,21.41,23.91,51.1,44.3,78,28.41,1.50,0.81,2,1.68,0,0,horizontal best
2026-08-24T15:33:23.230,1860,RAD,horizontal,2,21.41,23.91,40.7,46.7,71,27.83,1.22,0.72,3,1.61,0,0,horizontal best
2026-08-24T15:33:23.230,1860,RAD,horizontal,2,21.41,23.91,51.1,44.3,78,28.41,1.50,0.81,2,1.67,0,0,horizontal best
2026-08-24T15:33:23.326,1861,RAD,horizontal,2,21.41,23.91,40.7,46.7,71,27.79,1.22,0.72,3,1.62,0,0,horizontal best
2026-08-24T15:33:23.326,1861,RAD,horizontal,2,21.41,23.91,51.0,44.4,81,28.46,1.33,0.75,3,1.65,0,0,horizontal best
2026-08-24T15:33:23.453,1862,RAD,horizontal,2,21.49,23.99,40.7,46.7,71,27.79,1.22,0.72,3,1.61,0,0,horizontal best
2026-08-24T15:33:23.453,1862,RAD,horizontal,2,21.49,23.99,50.9,44.5,83,28.46,1.33,0.77,3,1.64,0,0,horizontal best
2026-08-24T15:33:23.583,1863,RAD,horizontal,1,21.46,23.96,44.1,45.0,139,28.32,0.68,0.56,6,1.12,0,0,horizontal best
2026-08-24T15:33:23.677,1864,RAD,horizontal,1,21.49,23.99,45.6,44.4,144,28.37,0.68,0.58,6,1.12,0,0,horizontal best
2026-08-24T15:33:23.805,1865,RAD,horizontal,1,21.51,24.01,46.0,44.2,147,28.43,0.74,0.55,6,1.13,0,0,horizontal best
2026-08-24T15:33:23.902,1866,RAD,horizontal,1,21.49,23.99,45.9,44.3,142,28.43,0.74,0.53,6,1.09,0,0,horizontal best
2026-08-24T15:33:24.029,1867,RAD,horizontal,1,21.49,23.99,45.7,44.5,142,28.39,0.74,0.53,6,1.10,0,0,horizontal best
2026-08-24T15:33:24.126,1868,RAD,horizontal,1,21.46,23.96,45.5,44.5,143,28.39,0.74,0.54,6,1.11,0,0,horizontal best
2026-08-24T15:33:24.254,1869,RAD,horizontal,2,21.44,23.94,42.0,46.3,71,27.72,1.11,0.79,3,1.60,0,0,horizontal best
2026-08-24T15:33:24.254,1869,RAD,horizontal,2,21.44,23.94,51.6,44.4,81,28.35,1.20,0.68,2,1.60,0,0,horizontal best
2026-08-24T15:33:24.382,1870,RAD,horizontal,2,21.44,23.94,40.6,47.0,71,27.67,1.11,0.79,3,1.59,0,0,horizontal best
2026-08-24T15:33:24.382,1870,RAD,horizontal,2,21.44,23.94,51.6,44.3,83,28.48,1.20,0.69,2,1.68,0,0,horizontal best
2026-08-24T15:33:24.477,1871,RAD,horizontal,2,21.41,23.91,40.3,47.2,72,27.65,1.11,0.80,3,1.59,0,0,horizontal best
2026-08-24T15:33:24.477,1871,RAD,horizontal,2,21.41,23.91,51.6,44.3,84,28.94,1.20,0.70,2,1.75,0,0,horizontal best
2026-08-24T15:33:24.605,1872,RAD,horizontal,2,21.39,23.89,40.3,47.2,72,27.63,1.11,0.80,3,1.59,0,0,horizontal best
2026-08-24T15:33:24.605,1872,RAD,horizontal,2,21.39,23.89,51.6,44.2,85,28.77,1.20,0.71,2,1.76,0,0,horizontal best
2026-08-24T15:33:24.701,1873,RAD,horizontal,2,21.37,23.87,40.5,47.1,72,27.40,1.11,0.80,3,1.60,0,0,horizontal best
2026-08-24T15:33:24.701,1873,RAD,horizontal,2,21.37,23.87,51.6,44.2,85,28.77,1.20,0.71,2,1.77,0,0,horizontal best
2026-08-24T15:33:24.830,1874,RAD,horizontal,2,21.37,23.87,40.6,47.0,72,27.40,1.11,0.80,3,1.60,0,0,horizontal best
2026-08-24T15:33:24.830,1874,RAD,horizontal,2,21.37,23.87,51.5,44.2,85,28.70,1.20,0.71,2,1.77,0,0,horizontal best
2026-08-24T15:33:24.925,1875,RAD,horizontal,2,21.39,23.89,40.7,47.0,72,27.40,1.11,0.80,3,1.60,0,0,horizontal best
2026-08-24T15:33:24.925,1875,RAD,horizontal,2,21.39,23.89,51.6,44.1,85,28.70,1.20,0.71,2,1.78,0,0,horizontal best
2026-08-24T15:33:25.054,1876,RAD,horizontal,2,21.39,23.89,40.7,47.0,71,27.42,1.11,0.79,3,1.59,0,0,horizontal best
2026-08-24T15:33:25.054,1876,RAD,horizontal,2,21.39,23.89,51.6,44.0,85,28.72,1.20,0.71,2,1.77,0,0,horizontal best
2026-08-24T15:33:25.149,1877,RAD,horizontal,1,21.39,23.89,44.3,45.0,141,28.72,0.70,0.50,5,1.20,0,0,horizontal best
2026-08-24T15:33:25.278,1878,RAD,horizontal,2,21.38,23.88,42.3,46.2,73,27.38,1.00,0.73,3,1.61,0,0,horizontal best
2026-08-24T15:33:25.278,1878,RAD,horizontal,2,21.38,23.88,51.7,44.0,84,28.68,1.33,0.78,2,1.79,0,0,horizontal best
2026-08-24T15:33:25.406,1879,RAD,horizontal,2,21.37,23.87,41.2,46.8,73,27.38,1.00,0.73,3,1.59,0,0,horizontal best
2026-08-24T15:33:25.406,1879,RAD,horizontal,2,21.37,23.87,51.9,44.2,80,28.68,1.33,0.74,2,1.80,0,0,horizontal best
2026-08-24T15:33:25.502,1880,RAD,horizontal,2,21.37,23.87,40.8,47.1,73,27.38,1.00,0.73,3,1.59,0,0,horizontal best
2026-08-24T15:33:25.502,1880,RAD,horizontal,2,21.37,23.87,51.9,44.1,83,28.59,1.33,0.77,2,1.82,0,0,horizontal best
2026-08-24T15:33:25.630,1881,RAD,horizontal,2,21.39,23.89,40.7,47.1,73,27.38,1.00,0.73,3,1.57,0,0,horizontal best
2026-08-24T15:33:25.630,1881,RAD,horizontal,2,21.39,23.89,52.1,44.1,82,28.61,1.33,0.76,2,1.78,0,0,horizontal best
2026-08-24T15:33:25.726,1882,RAD,horizontal,2,21.39,23.89,40.7,47.1,73,27.38,1.00,0.73,2,1.57,0,0,horizontal best
2026-08-24T15:33:25.726,1882,RAD,horizontal,2,21.39,23.89,52.1,44.0,83,28.77,1.33,0.77,2,1.80,0,0,horizontal best
2026-08-24T15:33:25.854,1883,RAD,horizontal,2,21.37,23.87,40.8,47.1,73,27.38,1.00,0.73,2,1.58,0,0,horizontal best
2026-08-24T15:33:25.854,1883,RAD,horizontal,2,21.37,23.87,52.1,44.0,82,29.08,1.33,0.76,2,1.81,0,0,horizontal best
2026-08-24T15:33:25.949,1884,RAD,horizontal,2,21.37,23.87,40.8,47.0,73,27.33,1.00,0.73,2,1.58,0,0,horizontal best
2026-08-24T15:33:25.949,1884,RAD,horizontal,2,21.37,23.87,52.2,44.1,82,29.03,1.33,0.76,2,1.80,0,0,horizontal best
2026-08-24T15:33:26.080,1885,RAD,horizontal,2,21.37,23.87,40.8,47.0,73,27.31,1.00,0.73,2,1.58,0,0,horizontal best
2026-08-24T15:33:26.080,1885,RAD,horizontal,2,21.37,23.87,52.3,44.1,82,28.97,1.33,0.76,2,1.80,0,0,horizontal best
2026-08-24T15:33:26.174,1886,RAD,horizontal,2,21.34,23.84,40.8,47.0,73,27.31,1.00,0.73,2,1.58,0,0,horizontal best
2026-08-24T15:33:26.174,1886,RAD,horizontal,2,21.34,23.84,52.3,44.1,83,28.97,1.33,0.77,2,1.79,0,0,horizontal best
2026-08-24T15:33:26.301,1887,RAD,horizontal,2,21.34,23.84,40.8,47.0,73,27.26,1.00,0.73,2,1.58,0,0,horizontal best
2026-08-24T15:33:26.301,1887,RAD,horizontal,2,21.34,23.84,52.3,44.1,83,28.86,1.33,0.77,2,1.79,0,0,horizontal best
2026-08-24T15:33:26.429,1888,RAD,horizontal,2,21.34,23.84,40.8,47.0,73,27.31,1.00,0.73,2,1.58,0,0,horizontal best
2026-08-24T15:33:26.429,1888,RAD,horizontal,2,21.34,23.84,52.3,44.1,83,28.72,1.33,0.77,2,1.78,0,0,horizontal best
2026-08-24T15:33:26.526,1889,RAD,horizontal,2,21.32,23.82,40.8,47.0,73,27.36,1.00,0.73,2,1.60,0,0,horizontal best
2026-08-24T15:33:26.526,1889,RAD,horizontal,2,21.32,23.82,52.3,44.2,81,28.21,1.33,0.75,2,1.75,0,0,horizontal best
2026-08-24T15:33:26.653,1890,RAD,horizontal,2,21.29,23.79,40.8,47.0,73,27.36,1.00,0.73,2,1.61,0,0,horizontal best
2026-08-24T15:33:26.653,1890,RAD,horizontal,2,21.29,23.79,52.1,44.1,79,28.30,1.33,0.73,2,1.74,0,0,horizontal best
2026-08-24T15:33:26.749,1891,RAD,horizontal,2,21.29,23.79,40.8,47.0,73,27.36,1.00,0.73,2,1.60,0,0,horizontal best
2026-08-24T15:33:26.749,1891,RAD,horizontal,2,21.29,23.79,51.9,44.1,84,28.21,1.33,0.78,2,1.79,0,0,horizontal best
2026-08-24T15:33:26.878,1892,RAD,horizontal,2,21.29,23.79,40.8,47.0,73,27.36,1.00,0.73,2,1.60,0,0,horizontal best
2026-08-24T15:33:26.878,1892,RAD,horizontal,2,21.29,23.79,51.8,44.0,84,28.26,1.33,0.78,2,1.79,0,0,horizontal best
2026-08-24T15:33:26.974,1893,RAD,horizontal,2,21.29,23.79,40.8,47.0,73,27.36,1.00,0.73,2,1.60,0,0,horizontal best
2026-08-24T15:33:26.974,1893,RAD,horizontal,2,21.29,23.79,51.7,44.1,82,28.17,1.33,0.76,3,1.74,0,0,horizontal best
2026-08-24T15:33:27.103,1894,RAD,horizontal,2,21.27,23.77,40.8,47.0,73,27.36,1.00,0.73,2,1.61,0,0,horizontal best
2026-08-24T15:33:27.103,1894,RAD,horizontal,2,21.27,23.77,51.8,44.2,79,28.15,1.33,0.73,2,1.74,0,0,horizontal best
2026-08-24T15:33:27.230,1895,RAD,horizontal,2,21.22,23.72,40.9,47.1,74,27.36,1.00,0.74,2,1.62,0,0,horizontal best
2026-08-24T15:33:27.230,1895,RAD,horizontal,2,21.22,23.72,51.8,44.2,78,28.15,1.33,0.72,3,1.78,0,0,horizontal best
2026-08-24T15:33:27.325,1896,RAD,horizontal,2,21.20,23.70,40.9,47.0,74,27.36,1.00,0.74,2,1.62,0,0,horizontal best
2026-08-24T15:33:27.325,1896,RAD,horizontal,2,21.20,23.70,51.9,44.2,78,28.15,1.33,0.72,3,1.78,0,0,horizontal best
2026-08-24T15:33:27.454,1897,RAD,horizontal,2,21.20,23.70,40.8,47.0,73,27.38,1.00,0.73,2,1.61,0,0,horizontal best
2026-08-24T15:33:27.454,1897,RAD,horizontal,2,21.20,23.70,51.8,44.1,80,28.12,1.33,0.74,2,1.76,0,0,horizontal best
2026-08-24T15:33:27.549,1898,RAD,horizontal,2,21.17,23.67,40.9,47.0,74,27.38,1.00,0.74,2,1.63,0,0,horizontal best
2026-08-24T15:33:27.549,1898,RAD,horizontal,2,21.17,23.67,51.8,44.2,79,28.10,1.33,0.73,3,1.74,0,0,horizontal best
2026-08-24T15:33:27.677,1899,RAD,horizontal,2,21.17,23.67,40.9,47.0,73,27.33,1.00,0.73,2,1.62,0,0,horizontal best
2026-08-24T15:33:27.677,1899,RAD,horizontal,2,21.17,23.67,51.9,44.2,76,27.94,1.33,0.70,3,1.70,0,0,horizontal best
2026-08-24T15:33:27.773,1900,RAD,horizontal,2,21.17,23.67,40.8,47.0,73,27.33,1.00,0.73,2,1.61,0,0,horizontal best
2026-08-24T15:33:27.773,1900,RAD,horizontal,2,21.17,23.67,51.8,44.3,79,27.94,1.33,0.73,2,1.71,0,0,horizontal best
2026-08-24T15:33:27.901,1901,RAD,horizontal,2,21.15,23.65,40.8,47.0,73,27.31,1.00,0.73,2,1.60,0,0,horizontal best
2026-08-24T15:33:27.901,1901,RAD,horizontal,2,21.15,23.65,51.9,44.4,77,27.94,1.33,0.71,2,1.70,0,0,horizontal best
2026-08-24T15:33:27.998,1902,RAD,horizontal,2,21.15,23.65,40.8,47.0,73,27.29,1.00,0.73,3,1.61,0,0,horizontal best
2026-08-24T15:33:27.998,1902,RAD,horizontal,2,21.15,23.65,51.9,44.4,78,27.94,1.33,0.72,2,1.72,0,0,horizontal best
2026-08-24T15:33:28.126,1903,RAD,horizontal,1,21.15,23.65,44.3,45.3,144,27.97,0.70,0.51,6,1.17,0,0,horizontal best
2026-08-24T15:33:28.253,1904,RAD,horizontal,1,21.15,23.65,45.5,44.5,141,27.99,0.74,0.53,6,1.10,0,0,horizontal best
2026-08-24T15:33:28.349,1905,RAD,horizontal,1,21.15,23.65,45.8,44.3,140,28.01,0.74,0.53,6,1.11,0,0,horizontal best
2026-08-24T15:33:28.477,1906,RAD,horizontal,2,21.13,23.63,42.3,46.1,71,27.22,1.11,0.79,3,1.65,0,0,horizontal best
2026-08-24T15:33:28.477,1906,RAD,horizontal,2,21.13,23.63,51.2,44.4,81,28.03,1.33,0.75,3,1.66,0,0,horizontal best
2026-08-24T15:33:28.573,1907,RAD,horizontal,2,21.13,23.63,40.7,46.8,74,27.22,1.22,0.75,2,1.66,0,0,horizontal best
2026-08-24T15:33:28.573,1907,RAD,horizontal,2,21.13,23.63,51.3,44.3,77,28.28,1.50,0.80,2,1.68,0,0,horizontal best
2026-08-24T15:33:28.702,1908,RAD,horizontal,2,21.10,23.60,40.3,47.0,73,27.17,1.22,0.74,3,1.64,0,0,horizontal best
2026-08-24T15:33:28.702,1908,RAD,horizontal,2,21.10,23.60,51.4,44.2,78,28.26,1.50,0.81,3,1.69,0,0,horizontal best
2026-08-24T15:33:28.797,1909,RAD,horizontal,2,21.10,23.60,40.2,47.0,73,27.17,1.22,0.74,3,1.65,0,0,horizontal best
2026-08-24T15:33:28.797,1909,RAD,horizontal,2,21.10,23.60,51.3,44.2,76,28.21,1.50,0.79,3,1.67,0,0,horizontal best
2026-08-24T15:33:28.925,1910,RAD,horizontal,2,21.10,23.60,40.4,46.9,73,27.17,1.22,0.74,2,1.66,0,0,horizontal best
2026-08-24T15:33:28.925,1910,RAD,horizontal,2,21.10,23.60,51.3,44.2,76,28.21,1.50,0.79,3,1.68,0,0,horizontal best
2026-08-24T15:33:29.053,1911,RAD,horizontal,2,21.08,23.58,40.5,46.8,73,27.17,1.22,0.74,2,1.67,0,0,horizontal best
2026-08-24T15:33:29.053,1911,RAD,horizontal,2,21.08,23.58,51.2,44.2,80,28.19,1.50,0.83,3,1.65,0,0,horizontal best
2026-08-24T15:33:29.149,1912,RAD,horizontal,2,21.08,23.58,40.6,46.8,73,27.17,1.22,0.74,2,1.66,0,0,horizontal best
2026-08-24T15:33:29.149,1912,RAD,horizontal,2,21.08,23.58,51.2,44.3,80,28.17,1.50,0.83,3,1.65,0,0,horizontal best
2026-08-24T15:33:29.277,1913,RAD,horizontal,2,21.10,23.60,40.6,46.8,73,27.17,1.22,0.74,2,1.64,0,0,horizontal best
2026-08-24T15:33:29.277,1913,RAD,horizontal,2,21.10,23.60,51.2,44.3,80,28.17,1.50,0.83,3,1.65,0,0,horizontal best
2026-08-24T15:33:29.373,1914,RAD,horizontal,2,21.10,23.60,40.6,46.8,73,27.17,1.22,0.74,2,1.63,0,0,horizontal best
2026-08-24T15:33:29.373,1914,RAD,horizontal,2,21.10,23.60,51.2,44.2,79,28.17,1.50,0.82,3,1.65,0,0,horizontal best
2026-08-24T15:33:29.501,1915,RAD,horizontal,2,21.08,23.58,40.6,46.8,73,27.17,1.22,0.74,2,1.63,0,0,horizontal best
2026-08-24T15:33:29.501,1915,RAD,horizontal,2,21.08,23.58,51.2,44.2,79,28.19,1.50,0.82,3,1.65,0,0,horizontal best
2026-08-24T15:33:29.598,1916,RAD,horizontal,2,21.08,23.58,40.7,46.8,74,27.17,1.22,0.75,2,1.62,0,0,horizontal best
2026-08-24T15:33:29.598,1916,RAD,horizontal,2,21.08,23.58,51.2,44.3,79,28.15,1.50,0.82,3,1.65,0,0,horizontal best
2026-08-24T15:33:29.725,1917,RAD,horizontal,2,21.05,23.55,40.7,46.8,74,27.17,1.22,0.75,2,1.62,0,0,horizontal best
2026-08-24T15:33:29.725,1917,RAD,horizontal,2,21.05,23.55,51.2,44.3,79,28.15,1.50,0.82,2,1.69,0,0,horizontal best
2026-08-24T15:33:29.822,1918,RAD,horizontal,2,21.08,23.58,40.7,46.8,74,27.17,1.22,0.75,2,1.60,0,0,horizontal best
2026-08-24T15:33:29.822,1918,RAD,horizontal,2,21.08,23.58,51.2,44.3,79,28.19,1.50,0.82,3,1.77,0,0,horizontal best
2026-08-24T15:33:29.948,1919,RAD,horizontal,2,21.05,23.55,40.7,47.0,71,27.06,1.11,0.79,2,1.61,0,0,horizontal best
2026-08-24T15:33:29.948,1919,RAD,horizontal,2,21.05,23.55,51.3,44.6,74,28.06,1.38,0.84,2,1.73,0,0,horizontal best
2026-08-24T15:33:30.079,1920,RAD,horizontal,2,21.03,23.53,40.7,47.0,71,27.06,1.11,0.79,2,1.61,0,0,horizontal best
2026-08-24T15:33:30.079,1920,RAD,horizontal,2,21.03,23.53,51.4,44.7,75,28.12,1.38,0.85,1,1.76,0,0,horizontal best
2026-08-24T15:33:30.173,1921,RAD,horizontal,2,21.03,23.53,40.7,47.0,71,27.04,1.11,0.79,2,1.60,0,0,horizontal best
2026-08-24T15:33:30.173,1921,RAD,horizontal,2,21.03,23.53,51.5,44.7,76,28.30,1.38,0.86,2,1.75,0,0,horizontal best
2026-08-24T15:33:30.301,1922,RAD,horizontal,2,21.00,23.50,40.7,47.0,71,27.04,1.11,0.79,2,1.60,0,0,horizontal best
2026-08-24T15:33:30.301,1922,RAD,horizontal,2,21.00,23.50,51.5,44.6,77,28.32,1.38,0.88,2,1.78,0,0,horizontal best
2026-08-24T15:33:30.397,1923,RAD,horizontal,2,21.00,23.50,40.7,47.0,71,27.04,1.11,0.79,2,1.59,0,0,horizontal best
2026-08-24T15:33:30.397,1923,RAD,horizontal,2,21.00,23.50,51.5,44.6,79,28.39,1.22,0.80,1,1.81,0,0,horizontal best
2026-08-24T15:33:30.525,1924,RAD,horizontal,2,21.00,23.50,40.7,47.0,71,27.04,1.11,0.79,2,1.59,0,0,horizontal best
2026-08-24T15:33:30.525,1924,RAD,horizontal,2,21.00,23.50,51.7,44.6,78,28.37,1.22,0.79,1,1.84,0,0,horizontal best
2026-08-24T15:33:30.620,1925,RAD,horizontal,2,20.98,23.48,40.7,47.0,72,27.01,1.11,0.80,2,1.61,0,0,horizontal best
2026-08-24T15:33:30.620,1925,RAD,horizontal,2,20.98,23.48,51.7,44.6,77,28.37,1.22,0.78,1,1.84,0,0,horizontal best
2026-08-24T15:33:30.749,1926,RAD,horizontal,2,20.98,23.48,40.8,47.1,72,27.01,1.11,0.80,2,1.61,0,0,horizontal best
2026-08-24T15:33:30.749,1926,RAD,horizontal,2,20.98,23.48,51.8,44.6,77,28.37,1.22,0.78,1,1.84,0,0,horizontal best
2026-08-24T15:33:30.878,1927,RAD,horizontal,2,20.98,23.48,40.8,47.1,72,27.01,1.11,0.80,2,1.61,0,0,horizontal best
2026-08-24T15:33:30.878,1927,RAD,horizontal,2,20.98,23.48,51.8,44.7,77,28.35,1.22,0.78,1,1.84,0,0,horizontal best
2026-08-24T15:33:30.972,1928,RAD,horizontal,2,20.98,23.48,40.7,47.0,71,27.01,1.11,0.79,2,1.59,0,0,horizontal best
2026-08-24T15:33:30.972,1928,RAD,horizontal,2,20.98,23.48,51.8,44.7,77,28.32,1.22,0.78,1,1.85,0,0,horizontal best
2026-08-24T15:33:31.101,1929,RAD,horizontal,2,20.98,23.48,40.7,47.0,71,27.01,1.11,0.79,2,1.59,0,0,horizontal best
2026-08-24T15:33:31.101,1929,RAD,horizontal,2,20.98,23.48,51.7,44.7,77,28.32,1.22,0.78,1,1.85,0,0,horizontal best
2026-08-24T15:33:31.197,1930,RAD,horizontal,2,20.96,23.46,40.7,47.0,71,27.01,1.11,0.79,2,1.59,0,0,horizontal best
2026-08-24T15:33:31.197,1930,RAD,horizontal,2,20.96,23.46,51.7,44.7,77,28.32,1.22,0.78,1,1.84,0,0,horizontal best
2026-08-24T15:33:31.325,1931,RAD,horizontal,2,20.96,23.46,40.7,47.0,71,27.06,1.11,0.79,2,1.59,0,0,horizontal best
2026-08-24T15:33:31.325,1931,RAD,horizontal,2,20.96,23.46,51.8,44.6,74,28.28,1.22,0.75,1,1.83,0,0,horizontal best
2026-08-24T15:33:31.421,1932,RAD,horizontal,2,20.96,23.46,40.7,47.0,71,27.06,1.11,0.79,2,1.60,0,0,horizontal best
2026-08-24T15:33:31.421,1932,RAD,horizontal,2,20.96,23.46,51.8,44.5,74,28.28,1.22,0.75,1,1.83,0,0,horizontal best
2026-08-24T15:33:31.549,1933,RAD,horizontal,2,20.96,23.46,40.7,47.0,71,27.06,1.11,0.79,3,1.60,0,0,horizontal best
2026-08-24T15:33:31.549,1933,RAD,horizontal,2,20.96,23.46,51.8,44.5,74,28.28,1.22,0.75,1,1.83,0,0,horizontal best
2026-08-24T15:33:31.645,1934,RAD,horizontal,2,20.96,23.46,40.7,47.0,71,27.06,1.11,0.79,3,1.60,0,0,horizontal best
2026-08-24T15:33:31.645,1934,RAD,horizontal,2,20.96,23.46,51.8,44.5,74,28.32,1.22,0.75,1,1.83,0,0,horizontal best
2026-08-24T15:33:31.774,1935,RAD,horizontal,2,20.93,23.43,40.8,47.0,73,27.08,1.00,0.73,3,1.63,0,0,horizontal best
2026-08-24T15:33:31.774,1935,RAD,horizontal,2,20.93,23.43,51.9,44.5,77,28.50,1.22,0.78,1,1.88,0,0,horizontal best
2026-08-24T15:33:31.901,1936,RAD,horizontal,1,20.93,23.43,44.0,45.4,142,28.41,0.68,0.57,5,1.24,0,0,horizontal best
2026-08-24T15:33:31.998,1937,RAD,horizontal,1,20.91,23.41,45.3,44.6,139,28.39,0.68,0.56,4,1.22,0,0,horizontal best
2026-08-24T15:33:32.126,1938,RAD,horizontal,1,20.91,23.41,45.6,44.3,142,28.21,0.74,0.53,4,1.24,0,0,horizontal best
2026-08-24T15:33:32.221,1939,RAD,horizontal,1,20.88,23.38,45.5,44.3,145,28.21,0.74,0.55,4,1.26,0,0,horizontal best
2026-08-24T15:33:32.350,1940,RAD,horizontal,1,20.88,23.38,45.5,44.3,144,28.17,0.70,0.51,4,1.23,0,0,horizontal best
2026-08-24T15:33:32.447,1941,RAD,horizontal,1,20.88,23.38,45.5,44.4,151,28.28,0.70,0.54,4,1.31,0,0,horizontal best
2026-08-24T15:33:32.574,1942,RAD,horizontal,1,20.88,23.38,45.4,44.5,149,28.21,0.70,0.53,5,1.27,0,0,horizontal best
2026-08-24T15:33:32.671,1943,RAD,horizontal,1,20.93,23.43,45.5,44.5,147,28.26,0.70,0.53,4,1.26,0,0,horizontal best
2026-08-24T15:33:32.797,1944,RAD,horizontal,1,20.93,23.43,45.5,44.6,148,28.08,0.70,0.53,5,1.26,0,0,horizontal best
2026-08-24T15:33:32.925,1945,RAD,horizontal,1,20.96,23.46,45.5,44.6,148,28.03,0.70,0.53,4,1.26,0,0,horizontal best
2026-08-24T15:33:33.022,1946,RAD,horizontal,1,20.96,23.46,45.5,44.6,148,28.15,0.70,0.53,5,1.26,0,0,horizontal best
2026-08-24T15:33:33.150,1947,RAD,horizontal,1,20.96,23.46,45.5,44.6,147,28.15,0.70,0.53,5,1.28,0,0,horizontal best
2026-08-24T15:33:33.245,1948,RAD,horizontal,1,20.96,23.46,45.5,44.6,147,28.17,0.70,0.53,4,1.32,0,0,horizontal best
2026-08-24T15:33:33.373,1949,RAD,horizontal,1,20.96,23.46,42.1,46.3,73,27.22,1.11,0.81,3,1.66,0,0,horizontal best
2026-08-24T15:33:33.469,1950,RAD,horizontal,1,20.96,23.46,40.7,47.1,73,27.17,1.11,0.81,3,1.67,0,0,horizontal best
2026-08-24T15:33:33.596,1951,RAD,horizontal,2,20.98,23.48,40.3,47.2,72,27.20,1.11,0.80,2,1.64,0,0,horizontal best
2026-08-24T15:33:33.596,1951,RAD,horizontal,2,20.98,23.48,51.7,44.7,79,28.21,1.10,0.72,1,1.88,0,0,horizontal best
2026-08-24T15:33:33.725,1952,RAD,horizontal,2,20.96,23.46,40.3,47.1,72,27.22,1.11,0.80,2,1.63,0,0,horizontal best
2026-08-24T15:33:33.725,1952,RAD,horizontal,2,20.96,23.46,51.7,44.8,79,28.23,1.10,0.72,1,1.88,0,0,horizontal best
2026-08-24T15:33:33.821,1953,RAD,horizontal,2,20.96,23.46,40.5,47.1,72,27.22,1.11,0.80,2,1.63,0,0,horizontal best
2026-08-24T15:33:33.821,1953,RAD,horizontal,2,20.96,23.46,51.7,44.8,79,28.23,1.10,0.72,1,1.88,0,0,horizontal best
2026-08-24T15:33:33.949,1954,RAD,horizontal,2,20.93,23.43,40.6,47.0,72,27.22,1.11,0.80,2,1.63,0,0,horizontal best
2026-08-24T15:33:33.949,1954,RAD,horizontal,2,20.93,23.43,51.7,44.7,80,28.23,1.10,0.73,1,1.87,0,0,horizontal best
2026-08-24T15:33:34.045,1955,RAD,horizontal,2,20.93,23.43,40.7,47.0,72,27.29,1.11,0.80,2,1.64,0,0,horizontal best
2026-08-24T15:33:34.045,1955,RAD,horizontal,2,20.93,23.43,51.7,44.7,80,28.23,1.10,0.73,2,1.87,0,0,horizontal best
2026-08-24T15:33:34.173,1956,RAD,horizontal,2,20.93,23.43,40.7,47.0,72,27.29,1.11,0.80,2,1.63,0,0,horizontal best
2026-08-24T15:33:34.173,1956,RAD,horizontal,2,20.93,23.43,51.7,44.7,80,28.23,1.10,0.73,2,1.88,0,0,horizontal best
2026-08-24T15:33:34.270,1957,RAD,horizontal,2,20.93,23.43,40.7,47.0,72,27.26,1.11,0.80,2,1.64,0,0,horizontal best
2026-08-24T15:33:34.270,1957,RAD,horizontal,2,20.93,23.43,51.7,44.7,80,28.21,1.10,0.73,2,1.88,0,0,horizontal best
2026-08-24T15:33:34.397,1958,RAD,horizontal,2,20.93,23.43,40.7,47.0,72,27.26,1.11,0.80,2,1.64,0,0,horizontal best
2026-08-24T15:33:34.397,1958,RAD,horizontal,2,20.93,23.43,51.7,44.7,80,28.17,1.10,0.73,2,1.88,0,0,horizontal best
2026-08-24T15:33:34.493,1959,RAD,horizontal,2,20.96,23.46,40.7,47.0,72,27.29,1.11,0.80,2,1.65,0,0,horizontal best
2026-08-24T15:33:34.493,1959,RAD,horizontal,2,20.96,23.46,51.7,44.7,80,28.17,1.10,0.73,2,1.87,0,0,horizontal best
2026-08-24T15:33:34.621,1960,RAD,horizontal,2,20.93,23.43,40.7,47.0,72,27.29,1.11,0.80,2,1.65,0,0,horizontal best
2026-08-24T15:33:34.621,1960,RAD,horizontal,2,20.93,23.43,51.7,44.7,80,28.17,1.10,0.73,2,1.87,0,0,horizontal best
2026-08-24T15:33:34.748,1961,RAD,horizontal,2,20.93,23.43,40.8,47.0,73,27.29,1.11,0.81,2,1.67,0,0,horizontal best
2026-08-24T15:33:34.748,1961,RAD,horizontal,2,20.93,23.43,51.7,44.7,80,28.17,1.10,0.73,2,1.87,0,0,horizontal best
2026-08-24T15:33:34.845,1962,RAD,horizontal,2,20.93,23.43,40.8,47.0,73,27.29,1.11,0.81,2,1.68,0,0,horizontal best
2026-08-24T15:33:34.845,1962,RAD,horizontal,2,20.93,23.43,51.7,44.7,78,28.17,1.10,0.71,2,1.87,0,0,horizontal best
2026-08-24T15:33:34.973,1963,RAD,horizontal,2,20.93,23.43,40.8,47.0,73,27.26,1.11,0.81,2,1.68,0,0,horizontal best
2026-08-24T15:33:34.973,1963,RAD,horizontal,2,20.93,23.43,51.8,44.7,78,28.17,1.10,0.71,2,1.86,0,0,horizontal best
2026-08-24T15:33:35.069,1964,RAD,horizontal,2,20.93,23.43,40.8,46.9,75,27.33,1.22,0.76,2,1.68,0,0,horizontal best
2026-08-24T15:33:35.069,1964,RAD,horizontal,2,20.93,23.43,51.7,44.8,79,28.28,1.10,0.72,2,1.87,0,0,horizontal best
2026-08-24T15:33:35.197,1965,RAD,horizontal,2,20.96,23.46,40.8,46.8,74,27.45,1.22,0.75,2,1.67,0,0,horizontal best
2026-08-24T15:33:35.197,1965,RAD,horizontal,2,20.96,23.46,51.8,44.8,78,28.28,1.10,0.71,2,1.88,0,0,horizontal best
2026-08-24T15:33:35.293,1966,RAD,horizontal,2,20.96,23.46,40.8,46.8,74,27.42,1.22,0.75,2,1.67,0,0,horizontal best
2026-08-24T15:33:35.293,1966,RAD,horizontal,2,20.96,23.46,51.8,44.7,78,28.28,1.10,0.71,2,1.88,0,0,horizontal best
2026-08-24T15:33:35.420,1967,RAD,horizontal,2,20.96,23.46,40.8,46.8,73,27.42,1.22,0.74,2,1.66,0,0,horizontal best
2026-08-24T15:33:35.420,1967,RAD,horizontal,2,20.96,23.46,51.8,44.7,78,28.28,1.10,0.71,2,1.88,0,0,horizontal best
2026-08-24T15:33:35.550,1968,RAD,horizontal,2,20.93,23.43,40.8,46.8,74,27.42,1.22,0.75,2,1.69,0,0,horizontal best
2026-08-24T15:33:35.550,1968,RAD,horizontal,2,20.93,23.43,51.7,44.8,79,28.28,1.10,0.72,2,1.87,0,0,horizontal best
2026-08-24T15:33:35.646,1969,RAD,horizontal,2,20.93,23.43,40.8,46.8,74,27.40,1.22,0.75,3,1.71,0,0,horizontal best
2026-08-24T15:33:35.646,1969,RAD,horizontal,2,20.93,23.43,51.7,44.8,79,28.28,1.10,0.72,2,1.87,0,0,horizontal best
2026-08-24T15:33:35.773,1970,RAD,horizontal,2,20.93,23.43,40.8,46.7,74,27.40,1.22,0.75,3,1.71,0,0,horizontal best
2026-08-24T15:33:35.773,1970,RAD,horizontal,2,20.93,23.43,51.8,44.7,78,28.21,1.10,0.71,2,1.87,0,0,horizontal best
2026-08-24T15:33:35.870,1971,RAD,horizontal,2,20.93,23.43,40.8,46.7,74,27.49,1.22,0.75,3,1.72,0,0,horizontal best
2026-08-24T15:33:35.870,1971,RAD,horizontal,2,20.93,23.43,51.8,44.7,78,28.19,1.10,0.71,2,1.86,0,0,horizontal best
2026-08-24T15:33:35.997,1972,RAD,horizontal,2,20.93,23.43,40.8,46.7,74,27.54,1.22,0.75,2,1.73,0,0,horizontal best
2026-08-24T15:33:35.997,1972,RAD,horizontal,2,20.93,23.43,51.8,44.7,78,28.15,1.10,0.71,2,1.86,0,0,horizontal best
2026-08-24T15:33:36.093,1973,RAD,horizontal,2,20.91,23.41,40.8,46.7,73,27.49,1.22,0.74,2,1.73,0,0,horizontal best
2026-08-24T15:33:36.093,1973,RAD,horizontal,2,20.91,23.41,51.7,44.8,79,28.17,1.10,0.72,2,1.87,0,0,horizontal best
2026-08-24T15:33:36.220,1974,RAD,horizontal,2,20.88,23.38,40.8,46.7,73,27.47,1.22,0.74,2,1.76,0,0,horizontal best
2026-08-24T15:33:36.220,1974,RAD,horizontal,2,20.88,23.38,51.7,44.8,79,28.17,1.10,0.72,2,1.87,0,0,horizontal best
2026-08-24T15:33:36.316,1975,RAD,horizontal,2,20.88,23.38,40.7,46.7,72,27.47,1.22,0.73,2,1.74,0,0,horizontal best
2026-08-24T15:33:36.316,1975,RAD,horizontal,2,20.88,23.38,51.7,44.8,77,27.99,1.10,0.70,2,1.83,0,0,horizontal best
2026-08-24T15:33:36.444,1976,RAD,horizontal,2,20.86,23.36,40.6,46.6,70,27.47,1.38,0.80,2,1.73,0,0,horizontal best
2026-08-24T15:33:36.444,1976,RAD,horizontal,2,20.86,23.36,51.7,44.8,77,27.99,1.10,0.70,2,1.82,0,0,horizontal best
2026-08-24T15:33:36.574,1977,RAD,horizontal,2,20.91,23.41,40.6,46.6,70,27.49,1.38,0.80,2,1.78,0,0,horizontal best
2026-08-24T15:33:36.574,1977,RAD,horizontal,2,20.91,23.41,51.7,44.8,77,28.06,1.10,0.70,2,1.83,0,0,horizontal best
2026-08-24T15:33:36.669,1978,RAD,horizontal,2,20.91,23.41,40.6,46.6,70,27.49,1.38,0.80,2,1.78,0,0,horizontal best
2026-08-24T15:33:36.669,1978,RAD,horizontal,2,20.91,23.41,51.7,44.8,76,28.08,1.10,0.69,2,1.83,0,0,horizontal best
2026-08-24T15:33:36.797,1979,RAD,horizontal,2,20.91,23.41,40.7,46.7,73,27.47,1.22,0.74,3,1.79,0,0,horizontal best
2026-08-24T15:33:36.797,1979,RAD,horizontal,2,20.91,23.41,51.7,44.8,76,28.12,1.10,0.69,2,1.83,0,0,horizontal best
2026-08-24T15:33:36.893,1980,RAD,horizontal,2,20.88,23.38,40.8,46.7,73,27.47,1.22,0.74,3,1.78,0,0,horizontal best
2026-08-24T15:33:36.893,1980,RAD,horizontal,2,20.88,23.38,51.7,44.8,78,28.15,1.10,0.71,2,1.86,0,0,horizontal best
2026-08-24T15:33:37.022,1981,RAD,horizontal,2,20.81,23.31,40.8,46.6,73,27.31,1.22,0.74,2,1.77,0,0,horizontal best
2026-08-24T15:33:37.022,1981,RAD,horizontal,2,20.81,23.31,51.7,44.8,79,28.12,1.10,0.72,2,1.87,0,0,horizontal best
2026-08-24T15:33:37.117,1982,RAD,horizontal,2,20.79,23.29,40.8,46.6,74,27.17,1.22,0.75,2,1.75,0,0,horizontal best
2026-08-24T15:33:37.117,1982,RAD,horizontal,2,20.79,23.29,51.7,44.8,79,28.01,1.10,0.72,2,1.86,0,0,horizontal best
2026-08-24T15:33:37.244,1983,RAD,horizontal,2,20.79,23.29,40.8,46.7,73,27.17,1.22,0.74,2,1.76,0,0,horizontal best
2026-08-24T15:33:37.244,1983,RAD,horizontal,2,20.79,23.29,51.7,44.8,79,27.97,1.10,0.72,2,1.87,0,0,horizontal best
2026-08-24T15:33:37.373,1984,RAD,horizontal,2,20.76,23.26,40.8,46.7,74,27.17,1.22,0.75,3,1.74,0,0,horizontal best
2026-08-24T15:33:37.373,1984,RAD,horizontal,2,20.76,23.26,51.7,44.8,79,27.85,1.10,0.72,2,1.86,0,0,horizontal best
2026-08-24T15:33:37.469,1985,RAD,horizontal,2,20.76,23.26,40.8,46.6,75,27.17,1.22,0.76,3,1.74,0,0,horizontal best
2026-08-24T15:33:37.469,1985,RAD,horizontal,2,20.76,23.26,51.7,44.8,79,27.81,1.10,0.72,3,1.87,0,0,horizontal best
2026-08-24T15:33:37.598,1986,RAD,horizontal,2,20.76,23.26,40.8,46.6,75,27.20,1.22,0.76,3,1.74,0,0,horizontal best
2026-08-24T15:33:37.598,1986,RAD,horizontal,2,20.76,23.26,51.8,44.7,78,27.81,1.10,0.71,3,1.88,0,0,horizontal best
2026-08-24T15:33:37.697,1987,RAD,horizontal,2,20.76,23.26,40.8,46.6,74,27.20,1.22,0.75,3,1.79,0,0,horizontal best
2026-08-24T15:33:37.697,1987,RAD,horizontal,2,20.76,23.26,51.7,44.7,79,27.81,1.10,0.72,3,1.88,0,0,horizontal best
2026-08-24T15:33:37.821,1988,RAD,horizontal,2,20.76,23.26,40.7,46.5,72,27.20,1.38,0.82,3,1.78,0,0,horizontal best
2026-08-24T15:33:37.821,1988,RAD,horizontal,2,20.76,23.26,51.6,44.7,82,27.79,1.10,0.75,1,1.90,0,0,horizontal best
2026-08-24T15:33:37.921,1989,RAD,horizontal,2,20.76,23.26,44.1,45.0,140,27.79,0.65,0.54,4,1.20,0,0,horizontal best
2026-08-24T15:33:37.921,1989,RAD,horizontal,2,20.76,23.26,78.1,30.1,33,26.51,2.00,0.66,1,1.66,0,0,horizontal best
2026-08-24T15:33:38.046,1990,RAD,horizontal,2,20.76,23.26,45.5,44.4,148,27.74,0.70,0.53,4,1.24,0,0,horizontal best
2026-08-24T15:33:38.046,1990,RAD,horizontal,2,20.76,23.26,77.9,31.0,43,26.51,3.25,0.83,2,1.01,0,0,horizontal best
2026-08-24T15:33:38.142,1991,RAD,horizontal,2,20.79,23.29,45.8,44.2,149,27.72,0.65,0.57,4,1.22,0,0,horizontal best
2026-08-24T15:33:38.142,1991,RAD,horizontal,2,20.79,23.29,79.0,31.3,45,26.38,2.20,0.82,2,1.60,0,0,horizontal best
2026-08-24T15:33:38.270,1992,RAD,horizontal,2,20.79,23.29,45.8,44.2,149,27.76,0.65,0.57,4,1.21,0,0,horizontal best
2026-08-24T15:33:38.270,1992,RAD,horizontal,2,20.79,23.29,79.7,31.4,44,26.72,2.40,0.73,1,1.55,0,0,horizontal best
2026-08-24T15:33:38.398,1993,RAD,horizontal,2,20.81,23.31,45.6,44.2,148,27.83,0.68,0.60,4,1.20,0,0,horizontal best
2026-08-24T15:33:38.398,1993,RAD,horizontal,2,20.81,23.31,80.5,31.0,44,26.63,1.83,0.67,1,1.56,0,0,horizontal best
2026-08-24T15:33:38.494,1994,RAD,horizontal,2,20.79,23.29,45.5,44.3,148,27.83,0.68,0.60,4,1.21,0,0,horizontal best
2026-08-24T15:33:38.494,1994,RAD,horizontal,2,20.79,23.29,81.2,30.6,44,26.63,2.60,0.68,1,1.57,0,0,horizontal best
2026-08-24T15:33:38.621,1995,RAD,horizontal,2,20.79,23.29,45.3,44.4,151,27.83,0.65,0.58,4,1.23,0,0,horizontal best
2026-08-24T15:33:38.621,1995,RAD,horizontal,2,20.79,23.29,81.6,30.2,39,26.56,1.67,0.65,2,1.62,0,0,horizontal best
2026-08-24T15:33:38.718,1996,RAD,horizontal,2,20.79,23.29,45.2,44.4,151,27.81,0.65,0.58,4,1.23,0,0,horizontal best
2026-08-24T15:33:38.718,1996,RAD,horizontal,2,20.79,23.29,82.0,30.3,38,26.56,2.00,0.76,1,1.62,0,0,horizontal best
2026-08-24T15:33:38.845,1997,RAD,horizontal,1,20.76,23.26,82.2,30.6,41,26.51,2.20,0.75,1,1.64,0,0,horizontal best
2026-08-24T15:33:38.941,1998,RAD,horizontal,1,20.76,23.26,82.4,31.3,50,26.58,2.17,0.64,3,1.66,0,0,horizontal best
2026-08-24T15:33:39.068,1999,RAD,horizontal,1,20.76,23.26,82.5,31.6,53,26.83,2.17,0.68,2,1.59,0,0,horizontal best
2026-08-24T15:33:39.165,2000,RAD,horizontal,1,20.76,23.26,82.6,31.9,55,26.83,2.33,0.65,2,1.59,0,0,horizontal best
2026-08-24T15:33:39.292,2001,RAD,horizontal,1,20.79,23.29,82.7,32.3,56,26.79,2.50,0.62,2,1.54,0,0,horizontal best
2026-08-24T15:33:39.420,2002,RAD,horizontal,1,20.79,23.29,82.8,32.6,58,26.88,2.50,0.64,2,1.63,0,0,horizontal best
2026-08-24T15:33:39.517,2003,RAD,horizontal,2,20.79,23.29,45.2,44.5,148,27.90,0.67,0.50,5,1.24,0,0,horizontal best
2026-08-24T15:33:39.517,2003,RAD,horizontal,2,20.79,23.29,83.1,32.7,59,26.79,2.50,0.66,2,1.68,0,0,horizontal best
2026-08-24T15:33:39.647,2004,RAD,horizontal,2,20.76,23.26,45.1,44.5,145,27.83,0.70,0.52,5,1.21,0,0,horizontal best
2026-08-24T15:33:39.647,2004,RAD,horizontal,2,20.76,23.26,83.2,32.6,60,26.79,2.50,0.67,2,1.66,0,0,horizontal best
2026-08-24T15:33:39.742,2005,RAD,horizontal,2,20.74,23.24,45.1,44.5,144,27.88,0.70,0.51,5,1.20,0,0,horizontal best
2026-08-24T15:33:39.742,2005,RAD,horizontal,2,20.74,23.24,83.3,32.5,60,26.88,2.50,0.67,2,1.66,0,0,horizontal best
2026-08-24T15:33:39.870,2006,RAD,horizontal,2,20.74,23.24,45.1,44.5,142,27.88,0.65,0.55,5,1.21,0,0,horizontal best
2026-08-24T15:33:39.870,2006,RAD,horizontal,2,20.74,23.24,83.2,32.9,63,26.90,2.67,0.66,2,1.64,0,0,horizontal best
2026-08-24T15:33:39.966,2007,RAD,horizontal,2,20.74,23.24,41.7,46.1,74,27.13,1.22,0.75,3,1.77,0,0,horizontal best
2026-08-24T15:33:39.966,2007,RAD,horizontal,2,20.74,23.24,83.3,33.0,61,26.90,2.67,0.64,2,1.67,0,0,horizontal best
2026-08-24T15:33:40.095,2008,RAD,horizontal,2,20.74,23.24,43.8,45.1,141,27.90,0.65,0.54,5,1.22,0,0,horizontal best
2026-08-24T15:33:40.095,2008,RAD,horizontal,2,20.74,23.24,83.1,33.2,61,26.90,3.20,0.76,2,1.63,0,0,horizontal best
2026-08-24T15:33:40.224,2009,RAD,horizontal,2,20.76,23.26,44.9,44.6,146,27.90,0.65,0.56,5,1.23,0,0,horizontal best
2026-08-24T15:33:40.224,2009,RAD,horizontal,2,20.76,23.26,82.9,33.2,66,26.90,2.67,0.69,3,1.67,0,0,horizontal best
2026-08-24T15:33:40.318,2010,RAD,horizontal,2,20.74,23.24,45.3,44.4,151,27.90,0.70,0.54,5,1.29,0,0,horizontal best
2026-08-24T15:33:40.318,2010,RAD,horizontal,2,20.74,23.24,82.8,33.3,69,26.88,2.67,0.72,3,1.68,0,0,horizontal best
2026-08-24T15:33:40.446,2011,RAD,horizontal,2,20.74,23.24,45.3,44.4,151,27.97,0.70,0.54,5,1.28,0,0,horizontal best
2026-08-24T15:33:40.446,2011,RAD,horizontal,2,20.74,23.24,82.7,33.3,67,26.90,2.67,0.70,3,1.66,0,0,horizontal best
2026-08-24T15:33:40.542,2012,RAD,horizontal,2,20.74,23.24,45.2,44.4,151,28.01,0.70,0.54,5,1.26,0,0,horizontal best
2026-08-24T15:33:40.542,2012,RAD,horizontal,2,20.74,23.24,82.6,33.6,67,26.79,2.83,0.66,2,1.63,0,0,horizontal best
2026-08-24T15:33:40.671,2013,RAD,horizontal,2,20.74,23.24,45.2,44.5,150,28.06,0.70,0.54,5,1.22,0,0,horizontal best
2026-08-24T15:33:40.671,2013,RAD,horizontal,2,20.74,23.24,82.5,33.9,69,26.99,2.67,0.72,2,1.71,0,0,horizontal best
2026-08-24T15:33:40.766,2014,RAD,horizontal,2,20.72,23.22,45.2,44.4,149,28.08,0.65,0.57,6,1.18,0,0,horizontal best
2026-08-24T15:33:40.766,2014,RAD,horizontal,2,20.72,23.22,82.6,34.0,68,26.99,2.67,0.71,2,1.69,0,0,horizontal best
2026-08-24T15:33:40.897,2015,RAD,horizontal,2,20.74,23.24,41.9,46.1,80,27.24,1.10,0.73,3,1.75,0,0,horizontal best
2026-08-24T15:33:40.897,2015,RAD,horizontal,2,20.74,23.24,82.6,34.1,70,27.04,2.67,0.73,3,1.65,0,0,horizontal best
2026-08-24T15:33:40.992,2016,RAD,horizontal,2,20.74,23.24,40.6,46.8,78,27.24,1.10,0.71,3,1.75,0,0,horizontal best
2026-08-24T15:33:40.992,2016,RAD,horizontal,2,20.74,23.24,82.6,34.1,70,27.04,2.67,0.73,3,1.64,0,0,horizontal best
2026-08-24T15:33:41.118,2017,RAD,horizontal,3,20.72,23.22,40.2,47.0,78,27.24,1.10,0.71,3,1.74,0,0,horizontal best
2026-08-24T15:33:41.118,2017,RAD,horizontal,3,20.72,23.22,82.6,34.4,74,27.04,2.83,0.73,3,1.65,0,0,horizontal best
2026-08-24T15:33:41.118,2017,RAD,horizontal,3,20.72,23.22,51.3,43.9,80,28.17,1.50,0.83,2,1.74,0,0,horizontal best
2026-08-24T15:33:41.246,2018,RAD,horizontal,3,20.69,23.19,40.3,46.9,77,27.06,1.10,0.70,2,1.77,0,0,horizontal best
2026-08-24T15:33:41.246,2018,RAD,horizontal,3,20.69,23.19,82.6,34.5,74,27.04,2.83,0.73,3,1.65,0,0,horizontal best
2026-08-24T15:33:41.246,2018,RAD,horizontal,3,20.69,23.19,51.3,44.0,81,28.08,1.50,0.84,2,1.76,0,0,horizontal best
2026-08-24T15:33:41.343,2019,RAD,horizontal,3,20.69,23.19,40.4,46.9,77,27.06,1.10,0.70,2,1.77,0,0,horizontal best
2026-08-24T15:33:41.343,2019,RAD,horizontal,3,20.69,23.19,82.5,34.7,72,26.97,2.83,0.71,3,1.66,0,0,horizontal best
2026-08-24T15:33:41.343,2019,RAD,horizontal,3,20.69,23.19,51.4,44.0,81,28.08,1.50,0.84,2,1.75,0,0,horizontal best
2026-08-24T15:33:41.472,2020,RAD,horizontal,3,20.69,23.19,40.5,46.8,77,26.99,1.10,0.70,3,1.78,0,0,horizontal best
2026-08-24T15:33:41.472,2020,RAD,horizontal,3,20.69,23.19,82.2,34.8,77,26.97,2.43,0.65,3,1.56,0,0,horizontal best
2026-08-24T15:33:41.472,2020,RAD,horizontal,3,20.69,23.19,51.3,44.0,81,28.08,1.50,0.84,2,1.73,0,0,horizontal best
2026-08-24T15:33:41.565,2021,RAD,horizontal,3,20.69,23.19,40.5,46.7,75,26.97,1.22,0.76,2,1.73,0,0,horizontal best
2026-08-24T15:33:41.565,2021,RAD,horizontal,3,20.69,23.19,82.0,34.8,82,27.04,2.43,0.69,3,1.66,0,0,horizontal best
2026-08-24T15:33:41.565,2021,RAD,horizontal,3,20.69,23.19,51.3,43.9,80,28.08,1.50,0.83,2,1.71,0,0,horizontal best
2026-08-24T15:33:41.694,2022,RAD,horizontal,3,20.72,23.22,40.4,46.7,77,27.06,1.22,0.78,2,1.74,0,0,horizontal best
2026-08-24T15:33:41.694,2022,RAD,horizontal,3,20.72,23.22,81.8,35.1,83,27.04,3.00,0.77,3,1.70,0,0,horizontal best
2026-08-24T15:33:41.694,2022,RAD,horizontal,3,20.72,23.22,51.3,43.9,80,28.26,1.50,0.83,2,1.71,0,0,horizontal best
2026-08-24T15:33:41.790,2023,RAD,horizontal,3,20.72,23.22,40.4,46.7,77,27.04,1.22,0.78,2,1.75,0,0,horizontal best
2026-08-24T15:33:41.790,2023,RAD,horizontal,3,20.72,23.22,81.6,35.3,85,27.13,2.71,0.64,3,1.66,0,0,horizontal best
2026-08-24T15:33:41.790,2023,RAD,horizontal,3,20.72,23.22,51.3,43.9,80,28.23,1.50,0.83,2,1.71,0,0,horizontal best
2026-08-24T15:33:41.921,2024,RAD,horizontal,3,20.76,23.26,40.3,46.7,76,27.08,1.22,0.77,2,1.73,0,0,horizontal best
2026-08-24T15:33:41.921,2024,RAD,horizontal,3,20.76,23.26,81.3,35.1,82,27.31,2.57,0.65,3,1.66,0,0,horizontal best
2026-08-24T15:33:41.921,2024,RAD,horizontal,3,20.76,23.26,51.3,43.9,80,28.23,1.50,0.83,2,1.71,0,0,horizontal best
2026-08-24T15:33:42.048,2025,RAD,horizontal,3,20.74,23.24,40.3,46.8,76,27.06,1.22,0.77,2,1.76,0,0,horizontal best
2026-08-24T15:33:42.048,2025,RAD,horizontal,3,20.74,23.24,81.2,35.2,82,27.42,2.43,0.69,3,1.74,0,0,horizontal best
2026-08-24T15:33:42.048,2025,RAD,horizontal,3,20.74,23.24,51.3,43.9,80,28.23,1.50,0.83,2,1.71,0,0,horizontal best
2026-08-24T15:33:42.142,2026,RAD,horizontal,3,20.74,23.24,40.2,46.8,77,27.11,1.22,0.78,2,1.78,0,0,horizontal best
2026-08-24T15:33:42.142,2026,RAD,horizontal,3,20.74,23.24,81.2,35.5,83,27.56,2.43,0.70,3,1.73,0,0,horizontal best
2026-08-24T15:33:42.142,2026,RAD,horizontal,3,20.74,23.24,51.2,43.9,82,28.21,1.33,0.76,2,1.68,0,0,horizontal best
2026-08-24T15:33:42.270,2027,RAD,horizontal,3,20.74,23.24,40.1,46.8,76,27.11,1.22,0.77,2,1.77,0,0,horizontal best
2026-08-24T15:33:42.270,2027,RAD,horizontal,3,20.74,23.24,81.2,35.9,88,27.56,2.57,0.70,3,1.72,0,0,horizontal best
2026-08-24T15:33:42.270,2027,RAD,horizontal,3,20.74,23.24,51.1,43.9,83,28.19,1.33,0.77,2,1.63,0,0,horizontal best
2026-08-24T15:33:42.366,2028,RAD,horizontal,3,20.72,23.22,40.1,46.7,77,27.11,1.22,0.78,2,1.76,0,0,horizontal best
2026-08-24T15:33:42.366,2028,RAD,horizontal,3,20.72,23.22,81.1,36.6,89,27.52,2.71,0.67,3,1.69,0,0,horizontal best
2026-08-24T15:33:42.366,2028,RAD,horizontal,3,20.72,23.22,51.2,44.0,79,28.03,1.33,0.73,3,1.64,0,0,horizontal best
2026-08-24T15:33:42.495,2029,RAD,horizontal,3,20.67,23.17,40.1,46.7,76,27.08,1.22,0.77,2,1.74,0,0,horizontal best
2026-08-24T15:33:42.495,2029,RAD,horizontal,3,20.67,23.17,81.0,36.6,90,27.42,2.57,0.71,3,1.70,0,0,horizontal best
2026-08-24T15:33:42.495,2029,RAD,horizontal,3,20.67,23.17,51.3,44.2,79,27.83,1.33,0.73,3,1.64,0,0,horizontal best
2026-08-24T15:33:42.590,2030,RAD,horizontal,3,20.67,23.17,40.1,46.7,76,27.06,1.22,0.77,2,1.75,0,0,horizontal best
2026-08-24T15:33:42.590,2030,RAD,horizontal,3,20.67,23.17,80.8,36.5,88,27.11,2.57,0.70,3,1.66,0,0,horizontal best
2026-08-24T15:33:42.590,2030,RAD,horizontal,3,20.67,23.17,51.4,44.2,76,27.85,1.50,0.79,2,1.67,0,0,horizontal best
2026-08-24T15:33:42.719,2031,RAD,horizontal,3,20.67,23.17,40.2,46.8,76,27.06,1.10,0.69,2,1.77,0,0,horizontal best
2026-08-24T15:33:42.719,2031,RAD,horizontal,3,20.67,23.17,80.5,36.8,98,27.29,2.71,0.74,3,1.63,0,0,horizontal best
2026-08-24T15:33:42.719,2031,RAD,horizontal,3,20.67,23.17,51.5,44.1,77,27.85,1.50,0.80,2,1.67,0,0,horizontal best
2026-08-24T15:33:42.814,2032,RAD,horizontal,3,20.67,23.17,40.3,46.8,76,27.06,1.10,0.69,3,1.78,0,0,horizontal best
2026-08-24T15:33:42.814,2032,RAD,horizontal,3,20.67,23.17,80.1,37.2,91,27.20,2.57,0.72,3,1.62,0,0,horizontal best
2026-08-24T15:33:42.814,2032,RAD,horizontal,3,20.67,23.17,51.4,44.1,79,27.88,1.50,0.82,3,1.69,0,0,horizontal best
2026-08-24T15:33:42.942,2033,RAD,horizontal,3,20.67,23.17,40.3,46.8,76,27.06,1.10,0.69,3,1.78,0,0,horizontal best
2026-08-24T15:33:42.942,2033,RAD,horizontal,3,20.67,23.17,79.9,37.2,92,27.45,2.71,0.69,3,1.65,0,0,horizontal best
2026-08-24T15:33:42.942,2033,RAD,horizontal,3,20.67,23.17,51.3,44.2,81,27.88,1.50,0.84,3,1.67,0,0,horizontal best
2026-08-24T15:33:43.071,2034,RAD,horizontal,3,20.64,23.14,40.2,46.8,78,27.06,1.10,0.71,3,1.79,0,0,horizontal best
2026-08-24T15:33:43.071,2034,RAD,horizontal,3,20.64,23.14,79.8,37.6,102,27.47,2.62,0.61,3,1.76,0,0,horizontal best
2026-08-24T15:33:43.071,2034,RAD,horizontal,3,20.64,23.14,51.3,44.2,81,27.88,1.50,0.84,3,1.68,0,0,horizontal best
2026-08-24T15:33:43.166,2035,RAD,horizontal,3,20.64,23.14,40.1,46.9,80,27.06,1.00,0.66,4,1.78,0,0,horizontal best
2026-08-24T15:33:43.166,2035,RAD,horizontal,3,20.64,23.14,79.7,37.8,102,27.52,2.50,0.64,3,1.79,0,0,horizontal best
2026-08-24T15:33:43.166,2035,RAD,horizontal,3,20.64,23.14,51.2,44.2,81,27.88,1.50,0.84,3,1.69,0,0,horizontal best
2026-08-24T15:33:43.295,2036,RAD,horizontal,3,20.69,23.19,40.1,46.8,80,27.06,1.00,0.66,4,1.77,0,0,horizontal best
2026-08-24T15:33:43.295,2036,RAD,horizontal,3,20.69,23.19,79.5,37.9,99,27.52,2.50,0.62,3,1.71,0,0,horizontal best
2026-08-24T15:33:43.295,2036,RAD,horizontal,3,20.69,23.19,51.2,44.2,80,27.94,1.50,0.83,3,1.70,0,0,horizontal best
2026-08-24T15:33:43.393,2037,RAD,horizontal,3,20.67,23.17,40.1,46.8,80,27.06,1.00,0.66,4,1.77,0,0,horizontal best
2026-08-24T15:33:43.393,2037,RAD,horizontal,3,20.67,23.17,79.6,38.2,102,27.76,2.62,0.61,3,1.77,0,0,horizontal best
2026-08-24T15:33:43.393,2037,RAD,horizontal,3,20.67,23.17,51.2,44.2,80,27.94,1.50,0.83,3,1.71,0,0,horizontal best
2026-08-24T15:33:43.522,2038,RAD,horizontal,3,20.67,23.17,40.1,46.7,80,27.04,1.00,0.66,3,1.76,0,0,horizontal best
2026-08-24T15:33:43.522,2038,RAD,horizontal,3,20.67,23.17,79.5,38.5,106,27.74,2.62,0.63,3,1.71,0,0,horizontal best
2026-08-24T15:33:43.522,2038,RAD,horizontal,3,20.67,23.17,51.2,44.1,81,28.01,1.50,0.84,3,1.70,0,0,horizontal best
2026-08-24T15:33:43.614,2039,RAD,horizontal,3,20.67,23.17,40.1,46.8,81,27.06,1.00,0.67,3,1.79,0,0,horizontal best
2026-08-24T15:33:43.614,2039,RAD,horizontal,3,20.67,23.17,79.6,38.9,111,27.74,2.75,0.63,3,1.75,0,0,horizontal best
2026-08-24T15:33:43.614,2039,RAD,horizontal,3,20.67,23.17,51.2,44.1,81,28.01,1.50,0.84,3,1.71,0,0,horizontal best
2026-08-24T15:33:43.742,2040,RAD,horizontal,3,20.67,23.17,40.2,46.8,80,27.06,1.00,0.66,3,1.79,0,0,horizontal best
2026-08-24T15:33:43.742,2040,RAD,horizontal,3,20.67,23.17,79.5,39.2,114,27.72,2.75,0.65,3,1.76,0,0,horizontal best
2026-08-24T15:33:43.742,2040,RAD,horizontal,3,20.67,23.17,51.2,44.1,81,27.99,1.50,0.84,3,1.71,0,0,horizontal best
2026-08-24T15:33:43.871,2041,RAD,horizontal,3,20.67,23.17,40.2,46.8,80,27.13,1.00,0.66,2,1.80,0,0,horizontal best
2026-08-24T15:33:43.871,2041,RAD,horizontal,3,20.67,23.17,79.5,39.5,111,27.72,2.62,0.66,3,1.75,0,0,horizontal best
2026-08-24T15:33:43.871,2041,RAD,horizontal,3,20.67,23.17,51.2,44.1,81,27.99,1.50,0.84,3,1.71,0,0,horizontal best
2026-08-24T15:33:43.968,2042,RAD,horizontal,3,20.67,23.17,40.2,46.9,81,27.13,1.00,0.67,1,1.79,0,0,horizontal best
2026-08-24T15:33:43.968,2042,RAD,horizontal,3,20.67,23.17,79.4,39.9,116,27.61,2.75,0.66,3,1.83,0,0,horizontal best
2026-08-24T15:33:43.968,2042,RAD,horizontal,3,20.67,23.17,51.2,44.1,81,27.99,1.50,0.84,3,1.71,0,0,horizontal best
2026-08-24T15:33:44.096,2043,RAD,horizontal,3,20.72,23.22,40.1,46.9,78,27.13,1.00,0.64,1,1.76,0,0,horizontal best
2026-08-24T15:33:44.096,2043,RAD,horizontal,3,20.72,23.22,79.3,40.2,122,27.76,2.44,0.62,3,1.77,0,0,horizontal best
2026-08-24T15:33:44.096,2043,RAD,horizontal,3,20.72,23.22,51.2,44.1,80,28.01,1.50,0.83,3,1.73,0,0,horizontal best
2026-08-24T15:33:44.191,2044,RAD,horizontal,3,20.72,23.22,40.1,46.9,78,27.13,1.00,0.64,1,1.75,0,0,horizontal best
2026-08-24T15:33:44.191,2044,RAD,horizontal,3,20.72,23.22,78.4,39.6,117,27.79,2.56,0.57,3,1.18,0,0,horizontal best
2026-08-24T15:33:44.191,2044,RAD,horizontal,3,20.72,23.22,51.2,44.1,80,28.01,1.50,0.83,3,1.73,0,0,horizontal best
2026-08-24T15:33:44.320,2045,RAD,horizontal,3,20.72,23.22,40.1,46.8,78,27.13,1.00,0.64,1,1.76,0,0,horizontal best
2026-08-24T15:33:44.320,2045,RAD,horizontal,3,20.72,23.22,78.1,39.7,122,27.94,2.67,0.56,3,1.22,0,0,horizontal best
2026-08-24T15:33:44.320,2045,RAD,horizontal,3,20.72,23.22,51.2,44.1,80,28.01,1.50,0.83,3,1.71,0,0,horizontal best
2026-08-24T15:33:44.415,2046,RAD,horizontal,3,20.74,23.24,40.1,46.9,80,27.13,1.00,0.66,1,1.76,0,0,horizontal best
2026-08-24T15:33:44.415,2046,RAD,horizontal,3,20.74,23.24,78.2,40.1,128,27.88,2.67,0.59,3,1.26,0,0,horizontal best
2026-08-24T15:33:44.415,2046,RAD,horizontal,3,20.74,23.24,51.2,44.1,80,27.99,1.50,0.83,3,1.71,0,0,horizontal best
2026-08-24T15:33:44.544,2047,RAD,horizontal,3,20.74,23.24,40.1,47.0,80,27.13,1.00,0.66,2,1.76,0,0,horizontal best
2026-08-24T15:33:44.544,2047,RAD,horizontal,3,20.74,23.24,78.4,40.6,123,27.97,2.88,0.67,3,1.23,0,0,horizontal best
2026-08-24T15:33:44.544,2047,RAD,horizontal,3,20.74,23.24,51.2,44.1,80,27.97,1.50,0.83,3,1.71,0,0,horizontal best
2026-08-24T15:33:44.640,2048,RAD,horizontal,3,20.74,23.24,40.1,47.0,80,27.13,1.00,0.66,2,1.76,0,0,horizontal best
2026-08-24T15:33:44.640,2048,RAD,horizontal,3,20.74,23.24,78.7,40.9,130,27.97,2.78,0.58,3,1.26,0,0,horizontal best
2026-08-24T15:33:44.640,2048,RAD,horizontal,3,20.74,23.24,51.2,44.1,80,27.97,1.50,0.83,3,1.71,0,0,horizontal best
2026-08-24T15:33:44.770,2049,RAD,horizontal,3,20.74,23.24,40.1,46.9,79,27.13,1.00,0.65,2,1.74,0,0,horizontal best
2026-08-24T15:33:44.770,2049,RAD,horizontal,3,20.74,23.24,79.0,41.0,135,28.12,2.78,0.60,3,1.30,0,0,horizontal best
2026-08-24T15:33:44.770,2049,RAD,horizontal,3,20.74,23.24,51.2,44.1,80,27.97,1.50,0.83,3,1.71,0,0,horizontal best
2026-08-24T15:33:44.902,2050,RAD,horizontal,3,20.74,23.24,40.1,46.9,79,27.13,1.00,0.65,2,1.74,0,0,horizontal best
2026-08-24T15:33:44.902,2050,RAD,horizontal,3,20.74,23.24,79.3,41.1,137,28.12,2.78,0.61,3,1.30,0,0,horizontal best
2026-08-24T15:33:44.902,2050,RAD,horizontal,3,20.74,23.24,51.2,44.1,80,27.94,1.50,0.83,3,1.71,0,0,horizontal best
2026-08-24T15:33:44.994,2051,RAD,horizontal,4,20.74,23.24,40.1,46.9,78,27.11,1.00,0.64,1,1.73,0,0,horizontal best
2026-08-24T15:33:44.994,2051,RAD,horizontal,4,20.74,23.24,79.4,41.2,135,28.12,2.60,0.52,3,1.22,0,0,horizontal best
2026-08-24T15:33:44.994,2051,RAD,horizontal,4,20.74,23.24,51.2,44.1,80,27.94,1.50,0.83,3,1.72,0,0,horizontal best
2026-08-24T15:33:44.994,2051,RAD,horizontal,4,20.74,23.24,59.3,110.8,511,29.30,0.69,0.61,7,1.61,0,0,horizontal best
2026-08-24T15:33:45.120,2052,RAD,horizontal,4,20.74,23.24,40.1,46.8,78,27.11,1.00,0.64,1,1.71,0,0,horizontal best
2026-08-24T15:33:45.120,2052,RAD,horizontal,4,20.74,23.24,79.6,41.5,136,27.90,2.50,0.54,3,1.23,0,0,horizontal best
2026-08-24T15:33:45.120,2052,RAD,horizontal,4,20.74,23.24,51.1,44.2,82,27.94,1.33,0.76,3,1.72,0,0,horizontal best
2026-08-24T15:33:45.120,2052,RAD,horizontal,4,20.74,23.24,60.5,110.1,564,29.43,0.74,0.62,6,1.61,0,0,horizontal best
2026-08-24T15:33:45.219,2053,RAD,horizontal,2,20.74,23.24,79.6,42.0,142,28.15,2.70,0.53,3,1.28,0,0,horizontal best
2026-08-24T15:33:45.219,2053,RAD,horizontal,2,20.74,23.24,62.3,111.8,288,29.34,0.67,0.75,9,0.65,0,0,horizontal best
2026-08-24T15:33:45.342,2054,RAD,horizontal,2,20.72,23.22,79.7,42.5,148,28.15,2.70,0.55,3,1.25,0,0,horizontal best
2026-08-24T15:33:45.342,2054,RAD,horizontal,2,20.72,23.22,61.5,109.8,621,29.70,0.85,0.63,5,1.48,0,0,horizontal best
2026-08-24T15:33:45.440,2055,RAD,horizontal,2,20.72,23.22,79.6,43.0,160,28.30,2.70,0.59,3,1.26,0,0,horizontal best
2026-08-24T15:33:45.440,2055,RAD,horizontal,2,20.72,23.22,60.6,108.4,664,29.57,0.91,0.63,8,1.48,0,0,horizontal best
2026-08-24T15:33:45.575,2056,RAD,horizontal,2,20.72,23.22,79.6,43.5,164,28.32,2.70,0.61,3,1.26,0,0,horizontal best
2026-08-24T15:33:45.575,2056,RAD,horizontal,2,20.72,23.22,60.7,107.4,245,29.61,0.65,0.71,6,0.58,0,0,horizontal best
2026-08-24T15:33:45.669,2057,RAD,horizontal,2,20.72,23.22,79.6,43.9,168,28.35,2.90,0.58,3,1.29,0,0,horizontal best
2026-08-24T15:33:45.669,2057,RAD,horizontal,2,20.72,23.22,59.8,106.1,244,29.57,0.67,0.64,8,0.58,0,0,horizontal best
2026-08-24T15:33:45.794,2058,RAD,horizontal,2,20.72,23.22,79.6,43.9,165,28.19,2.70,0.61,3,1.23,0,0,horizontal best
2026-08-24T15:33:45.794,2058,RAD,horizontal,2,20.72,23.22,59.3,104.7,226,29.90,0.70,0.61,5,0.60,0,0,horizontal best
2026-08-24T15:33:45.922,2059,RAD,horizontal,2,20.69,23.19,79.6,44.2,165,28.39,2.70,0.61,3,1.24,0,0,horizontal best
2026-08-24T15:33:45.922,2059,RAD,horizontal,2,20.69,23.19,59.1,103.6,216,29.88,0.70,0.59,6,0.56,0,0,horizontal best
2026-08-24T15:33:46.020,2060,RAD,horizontal,2,20.69,23.19,79.7,44.9,182,28.41,3.00,0.61,3,1.29,0,0,horizontal best
2026-08-24T15:33:46.020,2060,RAD,horizontal,2,20.69,23.19,58.8,102.9,222,29.81,0.73,0.63,5,0.60,0,0,horizontal best
2026-08-24T15:33:46.147,2061,RAD,horizontal,2,20.69,23.19,79.7,45.4,188,28.46,3.00,0.63,5,1.34,0,0,horizontal best
2026-08-24T15:33:46.147,2061,RAD,horizontal,2,20.69,23.19,58.6,102.7,220,29.52,0.68,0.67,5,0.57,0,0,horizontal best
2026-08-24T15:33:46.242,2062,RAD,horizontal,2,20.69,23.19,79.6,46.4,200,28.46,3.10,0.65,3,1.39,0,0,horizontal best
2026-08-24T15:33:46.242,2062,RAD,horizontal,2,20.69,23.19,58.6,102.8,216,29.54,0.68,0.65,5,0.57,0,0,horizontal best
2026-08-24T15:33:46.372,2063,RAD,horizontal,2,20.69,23.19,79.4,47.0,203,28.48,3.10,0.65,4,1.45,0,0,horizontal best
2026-08-24T15:33:46.372,2063,RAD,horizontal,2,20.69,23.19,58.3,104.8,762,29.54,1.12,0.66,6,1.39,0,0,horizontal best
2026-08-24T15:33:46.468,2064,RAD,horizontal,2,20.69,23.19,79.2,47.6,207,28.81,2.91,0.59,2,1.45,0,0,horizontal best
2026-08-24T15:33:46.468,2064,RAD,horizontal,2,20.69,23.19,58.6,103.8,211,29.59,0.73,0.60,5,0.58,0,0,horizontal best
2026-08-24T15:33:46.595,2065,RAD,horizontal,2,20.69,23.19,78.7,48.0,213,28.90,3.20,0.67,3,1.44,0,0,horizontal best
2026-08-24T15:33:46.595,2065,RAD,horizontal,2,20.69,23.19,59.0,103.7,221,29.70,0.73,0.63,6,0.58,0,0,horizontal best
2026-08-24T15:33:46.722,2066,RAD,horizontal,2,20.69,23.19,78.2,48.2,222,28.74,2.91,0.63,3,1.40,0,0,horizontal best
2026-08-24T15:33:46.722,2066,RAD,horizontal,2,20.69,23.19,59.5,103.9,227,29.59,0.68,0.69,5,0.53,0,0,horizontal best
2026-08-24T15:33:46.818,2067,RAD,horizontal,2,20.69,23.19,78.1,48.6,224,28.79,2.91,0.64,2,1.45,0,0,horizontal best
2026-08-24T15:33:46.818,2067,RAD,horizontal,2,20.69,23.19,59.8,104.6,233,29.90,0.70,0.63,6,0.56,0,0,horizontal best
2026-08-24T15:33:46.949,2068,RAD,horizontal,2,20.67,23.17,77.7,48.7,229,28.79,2.75,0.58,3,1.39,0,0,horizontal best
2026-08-24T15:33:46.949,2068,RAD,horizontal,2,20.67,23.17,60.3,105.0,223,29.65,0.65,0.65,8,0.55,0,0,horizontal best
2026-08-24T15:33:47.043,2069,RAD,horizontal,2,20.67,23.17,77.6,49.2,236,28.50,2.92,0.56,4,1.41,0,0,horizontal best
2026-08-24T15:33:47.043,2069,RAD,horizontal,2,20.67,23.17,60.9,105.7,224,29.63,0.73,0.64,6,0.57,0,0,horizontal best
2026-08-24T15:33:47.172,2070,RAD,horizontal,4,20.67,23.17,77.6,49.5,237,28.88,2.83,0.58,2,1.41,0,0,horizontal best
2026-08-24T15:33:47.172,2070,RAD,horizontal,4,20.67,23.17,61.7,106.6,232,29.79,0.76,0.69,5,0.54,0,0,horizontal best
2026-08-24T15:33:47.172,2070,RAD,horizontal,4,20.67,23.17,51.1,44.3,78,27.70,1.50,0.81,2,1.66,0,0,horizontal best
2026-08-24T15:33:47.172,2070,RAD,horizontal,4,20.67,23.17,40.1,46.9,78,26.95,1.00,0.64,2,1.73,0,0,horizontal best
2026-08-24T15:33:47.268,2071,RAD,horizontal,4,20.67,23.17,77.9,50.0,242,28.83,2.62,0.55,3,1.39,0,0,horizontal best
2026-08-24T15:33:47.268,2071,RAD,horizontal,4,20.67,23.17,62.2,107.2,221,29.72,0.68,0.67,6,0.52,0,0,horizontal best
2026-08-24T15:33:47.268,2071,RAD,horizontal,4,20.67,23.17,51.1,44.3,78,27.67,1.50,0.81,2,1.66,0,0,horizontal best
2026-08-24T15:33:47.268,2071,RAD,horizontal,4,20.67,23.17,40.1,46.8,78,26.92,1.00,0.64,2,1.74,0,0,horizontal best
2026-08-24T15:33:47.394,2072,RAD,horizontal,4,20.64,23.14,78.1,50.5,258,28.79,2.62,0.58,3,1.39,0,0,horizontal best
2026-08-24T15:33:47.394,2072,RAD,horizontal,4,20.64,23.14,62.7,107.9,219,29.45,0.65,0.63,5,0.50,0,0,horizontal best
2026-08-24T15:33:47.394,2072,RAD,horizontal,4,20.64,23.14,51.1,44.3,78,27.65,1.50,0.81,2,1.65,0,0,horizontal best
2026-08-24T15:33:47.394,2072,RAD,horizontal,4,20.64,23.14,40.1,46.8,78,26.92,1.00,0.64,2,1.72,0,0,horizontal best
2026-08-24T15:33:47.489,2073,RAD,horizontal,4,20.64,23.14,78.2,51.1,265,28.86,2.83,0.65,3,1.45,0,0,horizontal best
2026-08-24T15:33:47.489,2073,RAD,horizontal,4,20.64,23.14,62.3,108.4,634,29.39,0.94,0.62,5,1.40,0,0,horizontal best
2026-08-24T15:33:47.489,2073,RAD,horizontal,4,20.64,23.14,51.1,44.3,78,27.61,1.50,0.81,2,1.64,0,0,horizontal best
2026-08-24T15:33:47.489,2073,RAD,horizontal,4,20.64,23.14,40.1,46.7,74,26.90,1.10,0.67,2,1.65,0,0,horizontal best
2026-08-24T15:33:47.616,2074,RAD,horizontal,4,20.62,23.12,78.5,51.4,263,28.88,2.54,0.61,3,1.36,0,0,horizontal best
2026-08-24T15:33:47.616,2074,RAD,horizontal,4,20.62,23.12,62.5,108.8,627,29.32,0.88,0.61,6,1.47,0,0,horizontal best
2026-08-24T15:33:47.616,2074,RAD,horizontal,4,20.62,23.12,51.1,44.3,78,27.61,1.50,0.81,2,1.64,0,0,horizontal best
2026-08-24T15:33:47.616,2074,RAD,horizontal,4,20.62,23.12,40.0,46.8,79,26.90,1.00,0.65,2,1.72,0,0,horizontal best
2026-08-24T15:33:47.747,2075,RAD,horizontal,4,20.62,23.12,78.7,51.4,259,28.97,2.54,0.60,3,1.33,0,0,horizontal best
2026-08-24T15:33:47.747,2075,RAD,horizontal,4,20.62,23.12,62.6,109.0,617,28.99,0.85,0.63,6,1.49,0,0,horizontal best
2026-08-24T15:33:47.747,2075,RAD,horizontal,4,20.62,23.12,51.1,44.3,78,27.65,1.50,0.81,2,1.65,0,0,horizontal best
2026-08-24T15:33:47.747,2075,RAD,horizontal,4,20.62,23.12,40.1,46.8,76,26.88,1.00,0.63,2,1.70,0,0,horizontal best
2026-08-24T15:33:47.846,2076,RAD,horizontal,4,20.62,23.12,78.9,51.7,254,28.99,2.46,0.61,4,1.30,0,0,horizontal best
2026-08-24T15:33:47.846,2076,RAD,horizontal,4,20.62,23.12,62.5,109.4,581,29.03,0.82,0.61,7,1.49,0,0,horizontal best
2026-08-24T15:33:47.846,2076,RAD,horizontal,4,20.62,23.12,51.1,44.3,79,27.65,1.50,0.82,2,1.66,0,0,horizontal best
2026-08-24T15:33:47.846,2076,RAD,horizontal,4,20.62,23.12,40.1,46.7,74,26.88,1.10,0.67,2,1.66,0,0,horizontal best
2026-08-24T15:33:47.969,2077,RAD,horizontal,4,20.62,23.12,78.9,52.0,265,28.94,2.29,0.59,2,1.36,0,0,horizontal best
2026-08-24T15:33:47.969,2077,RAD,horizontal,4,20.62,23.12,61.7,110.0,536,29.12,0.77,0.57,7,1.53,0,0,horizontal best
2026-08-24T15:33:47.969,2077,RAD,horizontal,4,20.62,23.12,51.1,44.3,79,27.65,1.50,0.82,2,1.66,0,0,horizontal best
2026-08-24T15:33:47.969,2077,RAD,horizontal,4,20.62,23.12,40.0,46.7,74,26.85,1.10,0.67,2,1.66,0,0,horizontal best
2026-08-24T15:33:48.068,2078,RAD,horizontal,4,20.62,23.12,79.1,52.6,284,29.06,2.29,0.63,4,1.34,0,0,horizontal best
2026-08-24T15:33:48.068,2078,RAD,horizontal,4,20.62,23.12,60.2,110.5,501,29.17,0.74,0.59,5,1.62,0,0,horizontal best
2026-08-24T15:33:48.068,2078,RAD,horizontal,4,20.62,23.12,51.1,44.2,80,27.67,1.50,0.83,2,1.65,0,0,horizontal best
2026-08-24T15:33:48.068,2078,RAD,horizontal,4,20.62,23.12,40.0,46.8,76,26.85,1.10,0.69,3,1.68,0,0,horizontal best
2026-08-24T15:33:48.194,2079,RAD,horizontal,4,20.62,23.12,79.4,53.6,301,29.10,2.43,0.63,4,1.35,0,0,horizontal best
2026-08-24T15:33:48.194,2079,RAD,horizontal,4,20.62,23.12,58.1,111.2,438,29.26,0.70,0.58,5,1.60,0,0,horizontal best
2026-08-24T15:33:48.194,2079,RAD,horizontal,4,20.62,23.12,51.1,44.2,81,27.76,1.50,0.84,2,1.66,0,0,horizontal best
2026-08-24T15:33:48.194,2079,RAD,horizontal,4,20.62,23.12,40.0,46.8,77,26.85,1.10,0.70,2,1.68,0,0,horizontal best
2026-08-24T15:33:48.287,2080,RAD,horizontal,2,20.62,23.12,79.9,54.4,319,28.99,2.47,0.57,3,1.48,0,0,horizontal best
2026-08-24T15:33:48.287,2080,RAD,horizontal,2,20.62,23.12,55.5,111.7,389,29.32,0.69,0.55,5,1.66,0,0,horizontal best
2026-08-24T15:33:48.415,2081,RAD,horizontal,2,20.62,23.12,80.7,55.7,329,29.12,2.79,0.60,5,1.48,0,0,horizontal best
2026-08-24T15:33:48.415,2081,RAD,horizontal,2,20.62,23.12,52.5,112.1,360,29.37,0.66,0.54,3,1.75,0,0,horizontal best
2026-08-24T15:33:48.548,2082,RAD,horizontal,4,20.62,23.12,81.5,56.3,329,29.41,2.67,0.55,4,1.47,0,0,horizontal best
2026-08-24T15:33:48.548,2082,RAD,horizontal,4,20.62,23.12,50.1,112.5,316,29.19,0.67,0.53,3,1.73,0,0,horizontal best
2026-08-24T15:33:48.548,2082,RAD,horizontal,4,20.62,23.12,51.0,44.4,83,27.72,1.20,0.69,3,1.61,0,0,horizontal best
2026-08-24T15:33:48.548,2082,RAD,horizontal,4,20.62,23.12,40.0,46.8,76,26.85,1.10,0.69,1,1.69,0,0,horizontal best
2026-08-24T15:33:48.644,2083,RAD,horizontal,2,20.62,23.12,82.8,57.0,330,29.23,2.80,0.52,3,1.43,0,0,horizontal best
2026-08-24T15:33:48.644,2083,RAD,horizontal,2,20.62,23.12,48.0,112.8,291,28.90,0.63,0.51,3,1.67,0,0,horizontal best
2026-08-24T15:33:48.770,2084,RAD,horizontal,1,20.62,23.12,84.3,57.6,354,29.41,3.00,0.60,4,1.49,0,0,horizontal best
2026-08-24T15:33:48.865,2085,RAD,horizontal,1,20.62,23.12,85.4,57.8,349,29.26,2.56,0.53,5,1.46,0,0,horizontal best
2026-08-24T15:33:48.994,2086,RAD,horizontal,1,20.60,23.10,87.3,55.2,104,29.39,1.50,0.48,6,0.97,0,0,horizontal best
2026-08-24T15:33:49.090,2087,RAD,horizontal,3,20.60,23.10,87.4,57.2,360,29.54,2.62,0.54,4,1.50,0,0,horizontal best
2026-08-24T15:33:49.090,2087,RAD,horizontal,3,20.60,23.10,51.4,44.4,85,27.99,1.20,0.71,2,1.71,0,0,horizontal best
2026-08-24T15:33:49.090,2087,RAD,horizontal,3,20.60,23.10,39.9,46.9,77,26.81,1.10,0.70,2,1.69,0,0,horizontal best
2026-08-24T15:33:49.219,2088,RAD,horizontal,3,20.57,23.07,87.8,59.2,372,29.59,2.59,0.50,4,1.50,0,0,horizontal best
2026-08-24T15:33:49.219,2088,RAD,horizontal,3,20.57,23.07,51.3,44.4,90,27.83,1.09,0.68,3,1.71,0,0,horizontal best
2026-08-24T15:33:49.219,2088,RAD,horizontal,3,20.57,23.07,39.9,46.9,77,26.81,1.10,0.70,3,1.69,0,0,horizontal best
2026-08-24T15:33:49.314,2089,RAD,horizontal,1,20.57,23.07,88.3,60.6,387,29.59,2.53,0.53,4,1.50,0,0,horizontal best
2026-08-24T15:33:49.440,2090,RAD,horizontal,1,20.55,23.05,89.9,58.8,114,29.65,1.67,0.47,5,0.93,0,0,horizontal best
2026-08-24T15:33:49.570,2091,RAD,horizontal,1,20.55,23.05,91.0,59.1,115,29.61,1.54,0.44,5,0.95,0,0,horizontal best
2026-08-24T15:33:49.664,2092,RAD,horizontal,1,20.55,23.05,91.3,59.3,139,29.59,1.62,0.51,5,0.92,0,0,horizontal best
2026-08-24T15:33:49.793,2093,RAD,horizontal,1,20.55,23.05,92.0,60.2,115,29.57,1.43,0.41,5,0.76,0,0,horizontal best
2026-08-24T15:33:49.889,2094,RAD,horizontal,2,20.55,23.05,92.7,61.4,135,29.65,1.69,0.47,5,0.82,0,0,horizontal best
2026-08-24T15:33:49.889,2094,RAD,horizontal,2,20.55,23.05,93.6,84.3,105,26.42,1.42,0.51,4,0.97,0,0,horizontal best
2026-08-24T15:33:50.017,2095,RAD,horizontal,1,20.55,23.05,93.1,66.9,533,29.57,2.74,0.54,5,1.55,0,0,horizontal best
2026-08-24T15:33:50.115,2096,RAD,horizontal,2,20.52,23.02,95.5,66.5,126,29.63,1.53,0.37,6,0.73,0,0,horizontal best
2026-08-24T15:33:50.115,2096,RAD,horizontal,2,20.52,23.02,95.9,89.4,73,25.85,1.45,0.41,4,0.73,0,0,horizontal best
2026-08-24T15:33:50.242,2097,RAD,horizontal,1,20.52,23.02,97.3,66.5,123,29.61,0.00,0.00,6,0.66,0,0,horizontal best
2026-08-24T15:33:50.338,2098,RAD,horizontal,1,20.55,23.05,98.0,69.9,581,29.61,2.60,0.56,5,1.55,0,0,horizontal best
2026-08-24T15:33:50.468,2099,RAD,horizontal,2,20.55,23.05,101.0,69.0,168,29.68,1.29,0.45,5,0.74,0,0,horizontal best
2026-08-24T15:33:50.468,2099,RAD,horizontal,2,20.55,23.05,97.6,93.8,96,26.26,2.22,0.53,4,0.85,0,0,horizontal best
2026-08-24T15:33:50.592,2100,RAD,horizontal,0,20.52,23.02,,,,,,,,,,,horizontal best
2026-08-24T15:33:50.690,2101,RAD,horizontal,4,20.52,23.02,105.3,71.9,193,29.72,1.41,0.47,7,0.75,0,0,horizontal best
2026-08-24T15:33:50.690,2101,RAD,horizontal,4,20.52,23.02,100.8,98.7,100,26.01,1.90,0.53,4,0.73,0,0,horizontal best
2026-08-24T15:33:50.690,2101,RAD,horizontal,4,20.52,23.02,51.0,44.2,85,27.79,1.20,0.71,3,1.66,0,0,horizontal best
2026-08-24T15:33:50.690,2101,RAD,horizontal,4,20.52,23.02,39.6,46.8,81,27.45,1.10,0.74,2,1.77,0,0,horizontal best
2026-08-24T15:33:50.818,2102,RAD,horizontal,3,20.52,23.02,107.4,73.4,204,29.63,1.53,0.46,5,0.80,0,0,horizontal best
2026-08-24T15:33:50.818,2102,RAD,horizontal,3,20.52,23.02,51.0,44.3,86,27.79,1.20,0.72,3,1.66,0,0,horizontal best
2026-08-24T15:33:50.818,2102,RAD,horizontal,3,20.52,23.02,39.6,46.9,80,27.45,1.10,0.73,2,1.78,0,0,horizontal best
2026-08-24T15:33:50.914,2103,RAD,horizontal,3,20.55,23.05,109.3,75.1,207,29.94,1.26,0.45,7,0.78,0,0,horizontal best
2026-08-24T15:33:50.914,2103,RAD,horizontal,3,20.55,23.05,50.9,44.4,86,27.79,1.20,0.72,3,1.64,0,0,horizontal best
2026-08-24T15:33:50.914,2103,RAD,horizontal,3,20.55,23.05,39.6,46.9,80,27.40,1.10,0.73,2,1.76,0,0,horizontal best
2026-08-24T15:33:51.042,2104,RAD,horizontal,3,20.55,23.05,110.7,76.2,231,29.90,1.30,0.44,7,0.77,0,0,horizontal best
2026-08-24T15:33:51.042,2104,RAD,horizontal,3,20.55,23.05,51.0,44.3,85,27.79,1.33,0.79,3,1.63,0,0,horizontal best
2026-08-24T15:33:51.042,2104,RAD,horizontal,3,20.55,23.05,39.6,46.9,80,27.40,1.10,0.73,2,1.77,0,0,horizontal best
2026-08-24T15:33:51.139,2105,RAD,horizontal,3,20.52,23.02,112.0,78.6,234,29.79,1.33,0.54,8,0.75,0,0,horizontal best
2026-08-24T15:33:51.139,2105,RAD,horizontal,3,20.52,23.02,51.0,44.2,86,27.88,1.33,0.80,3,1.64,0,0,horizontal best
2026-08-24T15:33:51.139,2105,RAD,horizontal,3,20.52,23.02,39.6,46.9,80,27.38,1.10,0.73,2,1.77,0,0,horizontal best
2026-08-24T15:33:51.266,2106,RAD,horizontal,3,20.55,23.05,113.7,80.6,252,29.65,1.32,0.53,8,0.68,0,0,horizontal best
2026-08-24T15:33:51.266,2106,RAD,horizontal,3,20.55,23.05,51.0,44.2,86,27.79,1.33,0.80,3,1.64,0,0,horizontal best
2026-08-24T15:33:51.266,2106,RAD,horizontal,3,20.55,23.05,39.5,46.9,79,27.38,1.10,0.72,2,1.75,0,0,horizontal best
2026-08-24T15:33:51.395,2107,RAD,horizontal,3,20.52,23.02,116.2,82.6,172,29.65,0.00,0.00,9,0.71,0,0,horizontal best
2026-08-24T15:33:51.395,2107,RAD,horizontal,3,20.52,23.02,51.0,44.2,86,27.76,1.33,0.80,3,1.65,0,0,horizontal best
2026-08-24T15:33:51.395,2107,RAD,horizontal,3,20.52,23.02,39.5,46.9,79,27.20,1.10,0.72,2,1.74,0,0,horizontal best
2026-08-24T15:33:51.489,2108,RAD,horizontal,3,20.52,23.02,119.8,84.2,276,29.70,1.45,0.48,11,0.70,0,0,horizontal best
2026-08-24T15:33:51.489,2108,RAD,horizontal,3,20.52,23.02,51.1,44.2,85,27.76,1.33,0.79,3,1.65,0,0,horizontal best
2026-08-24T15:33:51.489,2108,RAD,horizontal,3,20.52,23.02,39.6,46.9,78,27.20,1.10,0.71,3,1.72,0,0,horizontal best
2026-08-24T15:33:51.619,2109,RAD,horizontal,3,20.52,23.02,122.9,86.0,296,29.77,1.33,0.50,11,0.72,0,0,horizontal best
2026-08-24T15:33:51.619,2109,RAD,horizontal,3,20.52,23.02,51.2,44.4,82,27.76,1.33,0.76,3,1.72,0,0,horizontal best
2026-08-24T15:33:51.619,2109,RAD,horizontal,3,20.52,23.02,39.7,46.8,77,27.04,1.22,0.78,2,1.77,0,0,horizontal best
2026-08-24T15:33:51.714,2110,RAD,horizontal,3,20.52,23.02,125.4,87.8,293,29.72,1.33,0.50,8,0.70,0,0,horizontal best
2026-08-24T15:33:51.714,2110,RAD,horizontal,3,20.52,23.02,51.4,44.3,80,27.47,1.20,0.67,3,1.75,0,0,horizontal best
2026-08-24T15:33:51.714,2110,RAD,horizontal,3,20.52,23.02,39.8,46.8,75,26.83,1.22,0.76,2,1.73,0,0,horizontal best
2026-08-24T15:33:51.842,2111,RAD,horizontal,3,20.48,22.98,127.7,90.1,267,29.39,1.35,0.49,9,0.57,0,0,horizontal best
2026-08-24T15:33:51.842,2111,RAD,horizontal,3,20.48,22.98,51.4,44.3,88,27.45,1.20,0.73,3,1.80,0,0,horizontal best
2026-08-24T15:33:51.842,2111,RAD,horizontal,3,20.48,22.98,39.9,47.0,72,26.83,1.11,0.80,2,1.72,0,0,horizontal best
2026-08-24T15:33:51.939,2112,RAD,horizontal,3,20.48,22.98,129.5,93.3,283,29.48,1.29,0.50,9,0.59,0,0,horizontal best
2026-08-24T15:33:51.939,2112,RAD,horizontal,3,20.48,22.98,51.4,44.3,88,27.45,1.20,0.73,3,1.79,0,0,horizontal best
2026-08-24T15:33:51.939,2112,RAD,horizontal,3,20.48,22.98,39.9,47.0,72,26.81,1.11,0.80,2,1.72,0,0,horizontal best
2026-08-24T15:33:52.067,2113,RAD,horizontal,3,20.48,22.98,131.4,96.5,282,29.90,1.27,0.46,13,0.58,0,0,horizontal best
2026-08-24T15:33:52.067,2113,RAD,horizontal,3,20.48,22.98,51.4,44.3,88,27.47,1.20,0.73,3,1.80,0,0,horizontal best
2026-08-24T15:33:52.067,2113,RAD,horizontal,3,20.48,22.98,39.9,46.9,76,26.99,1.22,0.77,2,1.78,0,0,horizontal best
2026-08-24T15:33:52.167,2114,RAD,horizontal,3,20.50,23.00,133.3,99.0,832,29.50,1.50,0.62,8,1.58,0,0,horizontal best
2026-08-24T15:33:52.167,2114,RAD,horizontal,3,20.50,23.00,51.0,44.3,87,27.49,1.20,0.72,3,1.79,0,0,horizontal best
2026-08-24T15:33:52.167,2114,RAD,horizontal,3,20.50,23.00,39.9,46.8,76,27.33,1.22,0.77,2,1.74,0,0,horizontal best
2026-08-24T15:33:52.290,2115,RAD,horizontal,3,20.50,23.00,135.4,99.0,179,29.34,0.90,0.50,7,0.53,0,0,horizontal best
2026-08-24T15:33:52.290,2115,RAD,horizontal,3,20.50,23.00,50.6,44.4,87,27.54,1.20,0.72,2,1.81,0,0,horizontal best
2026-08-24T15:33:52.290,2115,RAD,horizontal,3,20.50,23.00,39.9,46.7,76,27.31,1.22,0.77,3,1.75,0,0,horizontal best
2026-08-24T15:33:52.419,2116,RAD,horizontal,2,20.50,23.00,136.8,103.4,215,29.48,0.00,0.00,8,0.57,0,0,horizontal best
2026-08-24T15:33:52.419,2116,RAD,horizontal,2,20.50,23.00,43.2,45.0,154,27.40,0.74,0.58,4,1.33,0,0,horizontal best
2026-08-24T15:33:52.518,2117,RAD,horizontal,2,20.50,23.00,139.7,104.6,700,29.03,1.31,0.64,10,1.52,0,0,horizontal best
2026-08-24T15:33:52.518,2117,RAD,horizontal,2,20.50,23.00,44.5,44.3,152,27.40,0.74,0.57,6,1.26,0,0,horizontal best
2026-08-24T15:33:52.642,2118,RAD,horizontal,2,20.48,22.98,142.0,106.6,188,28.81,1.38,0.53,9,0.43,0,0,horizontal best
2026-08-24T15:33:52.642,2118,RAD,horizontal,2,20.48,22.98,44.6,44.1,147,27.42,0.74,0.55,6,1.23,0,0,horizontal best
2026-08-24T15:33:52.738,2119,RAD,horizontal,2,20.48,22.98,144.9,108.6,182,28.86,1.25,0.57,7,0.46,0,0,horizontal best
2026-08-24T15:33:52.738,2119,RAD,horizontal,2,20.48,22.98,44.4,44.2,145,27.45,0.74,0.55,5,1.23,0,0,horizontal best
2026-08-24T15:33:52.866,2120,RAD,horizontal,2,20.48,22.98,149.3,108.7,473,28.72,1.20,0.63,5,1.47,0,0,horizontal best
2026-08-24T15:33:52.866,2120,RAD,horizontal,2,20.48,22.98,44.2,44.4,145,27.42,0.74,0.55,4,1.21,0,0,horizontal best
2026-08-24T15:33:52.964,2121,RAD,horizontal,2,20.45,22.95,151.7,110.0,351,28.77,1.29,0.62,5,1.36,0,0,horizontal best
2026-08-24T15:33:52.964,2121,RAD,horizontal,2,20.45,22.95,44.0,44.5,142,27.42,0.63,0.62,4,1.21,0,0,horizontal best
2026-08-24T15:33:53.088,2122,RAD,horizontal,1,20.45,22.95,152.8,111.7,247,28.43,1.11,0.62,3,1.35,0,0,horizontal best
2026-08-24T15:33:53.216,2123,RAD,horizontal,0,20.43,22.93,,,,,,,,,,,horizontal best
2026-08-24T15:33:53.309,2124,RAD,horizontal,0,20.43,22.93,,,,,,,,,,,horizontal best
2026-08-24T15:33:53.438,2125,RAD,horizontal,1,20.40,22.90,39.8,46.8,81,27.17,1.10,0.74,2,1.74,0,0,horizontal best
2026-08-24T15:33:53.532,2126,RAD,horizontal,1,20.40,22.90,39.6,46.9,78,27.17,1.22,0.79,2,1.77,0,0,horizontal best
2026-08-24T15:33:53.661,2127,RAD,horizontal,2,20.40,22.90,39.6,47.0,77,27.17,1.22,0.78,2,1.78,0,0,horizontal best
2026-08-24T15:33:53.661,2127,RAD,horizontal,2,20.40,22.90,50.1,44.3,81,27.52,1.33,0.75,3,1.67,0,0,horizontal best
2026-08-24T15:33:53.756,2128,RAD,horizontal,2,20.40,22.90,39.7,46.9,78,27.17,1.22,0.79,2,1.78,0,0,horizontal best
2026-08-24T15:33:53.756,2128,RAD,horizontal,2,20.40,22.90,50.3,44.5,82,27.36,1.20,0.68,3,1.66,0,0,horizontal best
2026-08-24T15:33:53.885,2129,RAD,horizontal,2,20.40,22.90,39.8,46.8,77,27.17,1.22,0.78,2,1.76,0,0,horizontal best
2026-08-24T15:33:53.885,2129,RAD,horizontal,2,20.40,22.90,50.5,44.6,82,27.33,1.20,0.68,3,1.70,0,0,horizontal best
2026-08-24T15:33:53.980,2130,RAD,horizontal,2,20.40,22.90,39.9,46.7,77,27.17,1.22,0.78,3,1.84,0,0,horizontal best
2026-08-24T15:33:53.980,2130,RAD,horizontal,2,20.40,22.90,50.7,44.6,81,27.42,1.20,0.68,3,1.71,0,0,horizontal best
2026-08-24T15:33:54.108,2131,RAD,horizontal,2,20.38,22.88,39.9,46.7,77,27.15,1.22,0.78,2,1.82,0,0,horizontal best
2026-08-24T15:33:54.108,2131,RAD,horizontal,2,20.38,22.88,50.8,44.6,82,27.42,1.20,0.68,3,1.68,0,0,horizontal best
2026-08-24T15:33:54.237,2132,RAD,horizontal,2,20.38,22.88,39.9,46.8,75,27.15,1.22,0.76,2,1.82,0,0,horizontal best
2026-08-24T15:33:54.237,2132,RAD,horizontal,2,20.38,22.88,50.9,44.6,84,27.31,1.20,0.70,3,1.70,0,0,horizontal best
2026-08-24T15:33:54.334,2133,RAD,horizontal,2,20.38,22.88,39.9,46.8,75,27.15,1.22,0.76,2,1.82,0,0,horizontal best
2026-08-24T15:33:54.334,2133,RAD,horizontal,2,20.38,22.88,50.9,44.6,83,27.29,1.20,0.69,2,1.68,0,0,horizontal best
2026-08-24T15:33:54.463,2134,RAD,horizontal,2,20.38,22.88,39.9,46.8,75,27.13,1.22,0.76,2,1.78,0,0,horizontal best
2026-08-24T15:33:54.463,2134,RAD,horizontal,2,20.38,22.88,50.9,44.6,83,27.24,1.20,0.69,3,1.68,0,0,horizontal best
2026-08-24T15:33:54.557,2135,RAD,horizontal,2,20.38,22.88,39.9,46.8,75,27.08,1.22,0.76,2,1.77,0,0,horizontal best
2026-08-24T15:33:54.557,2135,RAD,horizontal,2,20.38,22.88,50.9,44.6,83,27.22,1.20,0.69,3,1.68,0,0,horizontal best
2026-08-24T15:33:54.686,2136,RAD,horizontal,2,20.38,22.88,39.9,46.8,76,27.08,1.22,0.77,2,1.77,0,0,horizontal best
2026-08-24T15:33:54.686,2136,RAD,horizontal,2,20.38,22.88,50.8,44.5,84,27.22,1.20,0.70,3,1.68,0,0,horizontal best
2026-08-24T15:33:54.782,2137,RAD,horizontal,2,20.38,22.88,39.9,46.9,76,26.97,1.22,0.77,3,1.72,0,0,horizontal best
2026-08-24T15:33:54.782,2137,RAD,horizontal,2,20.38,22.88,50.8,44.5,84,27.24,1.20,0.70,3,1.69,0,0,horizontal best
2026-08-24T15:33:54.908,2138,RAD,horizontal,2,20.36,22.86,39.9,46.8,75,26.92,1.22,0.76,2,1.68,0,0,horizontal best
2026-08-24T15:33:54.908,2138,RAD,horizontal,2,20.36,22.86,50.8,44.6,83,27.20,1.20,0.69,3,1.70,0,0,horizontal best
2026-08-24T15:33:55.038,2139,RAD,horizontal,2,20.33,22.83,39.9,46.8,75,26.92,1.22,0.76,2,1.67,0,0,horizontal best
2026-08-24T15:33:55.038,2139,RAD,horizontal,2,20.33,22.83,50.8,44.6,83,27.20,1.20,0.69,3,1.73,0,0,horizontal best
2026-08-24T15:33:55.133,2140,RAD,horizontal,2,20.31,22.81,40.0,46.8,74,26.95,1.22,0.75,2,1.68,0,0,horizontal best
2026-08-24T15:33:55.133,2140,RAD,horizontal,2,20.31,22.81,50.8,44.6,81,27.26,1.20,0.68,3,1.73,0,0,horizontal best
2026-08-24T15:33:55.264,2141,RAD,horizontal,2,20.31,22.81,40.0,46.8,75,26.92,1.22,0.76,2,1.70,0,0,horizontal best
2026-08-24T15:33:55.264,2141,RAD,horizontal,2,20.31,22.81,50.5,44.4,88,27.38,1.20,0.73,3,1.79,0,0,horizontal best
2026-08-24T15:33:55.358,2142,RAD,horizontal,2,20.31,22.81,40.0,46.7,74,26.92,1.22,0.75,2,1.71,0,0,horizontal best
2026-08-24T15:33:55.358,2142,RAD,horizontal,2,20.31,22.81,50.1,44.3,85,27.45,1.33,0.79,3,1.77,0,0,horizontal best
2026-08-24T15:33:55.485,2143,RAD,horizontal,1,20.31,22.81,43.1,45.0,150,27.49,0.68,0.61,5,1.22,0,0,horizontal best
2026-08-24T15:33:55.580,2144,RAD,horizontal,1,20.28,22.78,44.3,44.3,153,27.36,0.68,0.62,4,1.27,0,0,horizontal best
2026-08-24T15:33:55.709,2145,RAD,horizontal,1,20.31,22.81,44.6,44.1,152,27.33,0.68,0.62,4,1.25,0,0,horizontal best
2026-08-24T15:33:55.806,2146,RAD,horizontal,1,20.31,22.81,44.5,44.0,154,27.26,0.68,0.62,4,1.28,0,0,horizontal best
2026-08-24T15:33:55.935,2147,RAD,horizontal,1,20.31,22.81,44.2,44.1,153,27.22,0.68,0.62,4,1.29,0,0,horizontal best
2026-08-24T15:33:56.062,2148,RAD,horizontal,1,20.31,22.81,44.0,44.2,153,27.20,0.74,0.58,4,1.27,0,0,horizontal best
2026-08-24T15:33:56.157,2149,RAD,horizontal,1,20.31,22.81,44.1,44.3,143,27.20,0.78,0.57,4,1.12,0,0,horizontal best
2026-08-24T15:33:56.285,2150,RAD,horizontal,1,20.31,22.81,44.1,44.4,144,27.11,0.78,0.57,5,1.08,0,0,horizontal best
2026-08-24T15:33:56.379,2151,RAD,horizontal,0,20.33,22.83,,,,,,,,,,,horizontal best
2026-08-24T15:33:56.508,2152,RAD,horizontal,0,20.33,22.83,,,,,,,,,,,horizontal best
2026-08-24T15:33:56.605,2153,RAD,horizontal,0,20.33,22.83,,,,,,,,,,,horizontal best
2026-08-24T15:33:56.733,2154,RAD,horizontal,1,20.33,22.83,43.0,44.8,159,27.17,0.67,0.54,4,1.17,0,0,horizontal best
2026-08-24T15:33:56.829,2155,RAD,horizontal,1,20.31,22.81,42.6,44.9,155,27.17,0.67,0.53,5,1.08,0,0,horizontal best
2026-08-24T15:33:56.956,2156,RAD,horizontal,1,20.31,22.81,42.3,45.0,160,27.29,0.64,0.52,5,1.15,0,0,horizontal best
2026-08-24T15:33:57.088,2157,RAD,horizontal,1,20.31,22.81,42.1,45.1,156,27.31,0.64,0.51,6,1.09,0,0,horizontal best
2026-08-24T15:33:57.181,2158,RAD,horizontal,1,20.31,22.81,41.9,45.2,159,27.31,0.64,0.52,6,1.04,0,0,horizontal best
2026-08-24T15:33:57.309,2159,RAD,horizontal,1,20.28,22.78,37.8,46.8,93,26.33,1.00,0.77,1,1.40,0,0,horizontal best
2026-08-24T15:33:57.405,2160,RAD,horizontal,1,20.31,22.81,35.8,47.3,94,26.65,0.92,0.71,4,1.43,0,0,horizontal best
2026-08-24T15:33:57.533,2161,RAD,horizontal,2,20.28,22.78,35.0,47.4,98,26.69,1.18,0.69,2,1.48,0,0,horizontal best
2026-08-24T15:33:57.533,2161,RAD,horizontal,2,20.28,22.78,49.5,44.5,79,27.04,1.10,0.72,3,1.66,0,0,horizontal best
2026-08-24T15:33:57.629,2162,RAD,horizontal,2,20.28,22.78,34.9,47.4,96,26.69,1.18,0.67,2,1.48,0,0,horizontal best
2026-08-24T15:33:57.629,2162,RAD,horizontal,2,20.28,22.78,49.4,44.6,82,27.01,1.10,0.75,3,1.67,0,0,horizontal best
2026-08-24T15:33:57.758,2163,RAD,horizontal,2,20.31,22.81,35.2,47.2,99,26.74,1.18,0.69,2,1.53,0,0,horizontal best
2026-08-24T15:33:57.758,2163,RAD,horizontal,2,20.31,22.81,49.2,44.6,81,27.17,1.10,0.74,2,1.61,0,0,horizontal best
2026-08-24T15:33:57.883,2164,RAD,horizontal,0,20.31,22.81,,,,,,,,,,,horizontal best
2026-08-24T15:33:57.980,2165,RAD,horizontal,1,20.33,22.83,42.7,45.0,165,27.01,0.64,0.54,5,1.14,0,0,horizontal best
2026-08-24T15:33:58.109,2166,RAD,horizontal,1,20.31,22.81,41.6,45.1,162,26.99,0.64,0.53,5,1.11,0,0,horizontal best
2026-08-24T15:33:58.205,2167,RAD,horizontal,1,20.28,22.78,41.7,44.9,157,26.99,0.67,0.53,5,1.10,0,0,horizontal best
2026-08-24T15:33:58.334,2168,RAD,horizontal,1,20.28,22.78,42.3,44.8,150,26.99,0.67,0.51,4,1.08,0,0,horizontal best
2026-08-24T15:33:58.427,2169,RAD,horizontal,0,20.28,22.78,,,,,,,,,,,horizontal best
2026-08-24T15:33:58.557,2170,RAD,horizontal,2,20.26,22.76,49.8,44.7,78,27.22,1.22,0.79,3,1.69,0,0,horizontal best
2026-08-24T15:33:58.557,2170,RAD,horizontal,2,20.26,22.76,39.6,46.3,87,26.67,1.09,0.66,2,1.59,0,0,horizontal best
2026-08-24T15:33:58.655,2171,RAD,horizontal,2,20.28,22.78,50.7,44.6,80,26.99,1.10,0.73,3,1.66,0,0,horizontal best
2026-08-24T15:33:58.655,2171,RAD,horizontal,2,20.28,22.78,39.1,46.7,83,26.67,1.20,0.69,2,1.59,0,0,horizontal best
2026-08-24T15:33:58.781,2172,RAD,horizontal,2,20.28,22.78,50.8,44.7,78,26.92,1.10,0.71,2,1.69,0,0,horizontal best
2026-08-24T15:33:58.781,2172,RAD,horizontal,2,20.28,22.78,39.1,46.7,83,26.63,1.20,0.69,3,1.61,0,0,horizontal best
2026-08-24T15:33:58.908,2173,RAD,horizontal,0,20.28,22.78,,,,,,,,,,,horizontal best
2026-08-24T15:33:59.007,2174,RAD,horizontal,2,20.28,22.78,50.8,44.4,84,26.90,1.20,0.70,3,1.71,0,0,horizontal best
2026-08-24T15:33:59.007,2174,RAD,horizontal,2,20.28,22.78,39.3,46.8,81,26.67,1.20,0.68,3,1.68,0,0,horizontal best
2026-08-24T15:33:59.134,2175,RAD,horizontal,2,20.26,22.76,50.7,44.3,84,26.90,1.20,0.70,3,1.72,0,0,horizontal best
2026-08-24T15:33:59.134,2175,RAD,horizontal,2,20.26,22.76,39.4,46.8,80,26.65,1.20,0.67,4,1.69,0,0,horizontal best
2026-08-24T15:33:59.230,2176,RAD,horizontal,2,20.26,22.76,50.7,44.4,83,26.92,1.10,0.75,3,1.73,0,0,horizontal best
2026-08-24T15:33:59.230,2176,RAD,horizontal,2,20.26,22.76,39.5,46.8,81,26.63,1.20,0.68,3,1.62,0,0,horizontal best
2026-08-24T15:33:59.357,2177,RAD,horizontal,2,20.26,22.76,50.8,44.5,80,26.88,1.10,0.73,3,1.73,0,0,horizontal best
2026-08-24T15:33:59.357,2177,RAD,horizontal,2,20.26,22.76,39.5,46.9,83,26.63,1.30,0.64,3,1.63,0,0,horizontal best
2026-08-24T15:33:59.454,2178,RAD,horizontal,2,20.23,22.73,50.8,44.6,80,27.04,1.10,0.73,3,1.74,0,0,horizontal best
2026-08-24T15:33:59.454,2178,RAD,horizontal,2,20.23,22.73,39.6,46.9,85,26.56,1.30,0.65,3,1.62,0,0,horizontal best
2026-08-24T15:33:59.581,2179,RAD,horizontal,1,20.26,22.76,43.1,45.2,147,27.04,0.67,0.50,5,1.14,0,0,horizontal best
2026-08-24T15:33:59.709,2180,RAD,horizontal,1,20.26,22.76,44.4,44.5,153,27.20,0.67,0.52,5,1.16,0,0,horizontal best
2026-08-24T15:33:59.804,2181,RAD,horizontal,1,20.26,22.76,44.6,44.4,150,27.20,0.67,0.51,5,1.16,0,0,horizontal best
2026-08-24T15:33:59.933,2182,RAD,horizontal,1,20.26,22.76,44.3,44.5,146,27.17,0.64,0.47,4,1.14,0,0,horizontal best
2026-08-24T15:34:00.029,2183,RAD,horizontal,1,20.26,22.76,43.7,44.5,152,27.08,0.64,0.49,3,1.17,0,0,horizontal best
2026-08-24T15:34:00.158,2184,RAD,horizontal,1,20.26,22.76,43.3,44.4,153,27.08,0.64,0.50,4,1.18,0,0,horizontal best
2026-08-24T15:34:00.254,2185,RAD,horizontal,1,20.26,22.76,43.1,44.4,153,27.08,0.64,0.50,4,1.21,0,0,horizontal best
2026-08-24T15:34:00.381,2186,RAD,horizontal,1,20.26,22.76,39.6,46.1,80,26.63,1.10,0.73,2,1.69,0,0,horizontal best
2026-08-24T15:34:00.478,2187,RAD,horizontal,1,20.28,22.78,42.1,45.1,143,27.06,0.64,0.46,6,1.18,0,0,horizontal best
2026-08-24T15:34:00.603,2188,RAD,horizontal,0,20.28,22.78,,,,,,,,,,,horizontal best
2026-08-24T15:34:00.732,2189,RAD,horizontal,0,20.31,22.81,,,,,,,,,,,horizontal best
2026-08-24T15:34:00.830,2190,RAD,horizontal,1,20.31,22.81,39.6,46.3,78,26.88,1.20,0.65,2,1.70,0,0,horizontal best
2026-08-24T15:34:00.958,2191,RAD,horizontal,2,20.33,22.83,39.1,46.4,81,26.90,1.09,0.61,2,1.70,0,0,horizontal best
2026-08-24T15:34:00.958,2191,RAD,horizontal,2,20.33,22.83,50.4,44.5,86,27.06,1.20,0.72,3,1.72,0,0,horizontal best
2026-08-24T15:34:01.053,2192,RAD,horizontal,2,20.31,22.81,39.1,46.4,80,26.90,1.09,0.61,1,1.72,0,0,horizontal best
2026-08-24T15:34:01.053,2192,RAD,horizontal,2,20.31,22.81,50.4,44.7,82,27.06,1.10,0.75,3,1.71,0,0,horizontal best
2026-08-24T15:34:01.181,2193,RAD,horizontal,2,20.31,22.81,39.1,46.4,81,26.90,1.09,0.61,2,1.73,0,0,horizontal best
2026-08-24T15:34:01.181,2193,RAD,horizontal,2,20.31,22.81,50.4,44.8,83,27.06,1.10,0.75,3,1.74,0,0,horizontal best
2026-08-24T15:34:01.277,2194,RAD,horizontal,2,20.28,22.78,39.1,46.4,84,26.90,1.09,0.64,2,1.71,0,0,horizontal best
2026-08-24T15:34:01.277,2194,RAD,horizontal,2,20.28,22.78,50.3,44.7,85,27.11,1.10,0.77,3,1.72,0,0,horizontal best
2026-08-24T15:34:01.405,2195,RAD,horizontal,2,20.28,22.78,39.2,46.4,83,26.92,1.09,0.63,2,1.73,0,0,horizontal best
2026-08-24T15:34:01.405,2195,RAD,horizontal,2,20.28,22.78,50.2,44.7,81,27.01,1.10,0.74,3,1.67,0,0,horizontal best
2026-08-24T15:34:01.535,2196,RAD,horizontal,2,20.28,22.78,39.3,46.4,83,26.92,1.09,0.63,2,1.73,0,0,horizontal best
2026-08-24T15:34:01.535,2196,RAD,horizontal,2,20.28,22.78,50.1,44.7,81,27.01,1.10,0.74,3,1.67,0,0,horizontal best
2026-08-24T15:34:01.629,2197,RAD,horizontal,2,20.26,22.76,39.3,46.4,83,26.92,1.09,0.63,2,1.77,0,0,horizontal best
2026-08-24T15:34:01.629,2197,RAD,horizontal,2,20.26,22.76,50.1,44.7,82,27.01,1.10,0.75,3,1.71,0,0,horizontal best
2026-08-24T15:34:01.757,2198,RAD,horizontal,2,20.28,22.78,39.2,46.6,84,27.01,1.00,0.69,2,1.80,0,0,horizontal best
2026-08-24T15:34:01.757,2198,RAD,horizontal,2,20.28,22.78,50.1,44.7,81,27.01,1.10,0.74,3,1.68,0,0,horizontal best
2026-08-24T15:34:01.853,2199,RAD,horizontal,2,20.26,22.76,39.2,46.7,84,27.06,1.00,0.69,2,1.79,0,0,horizontal best
2026-08-24T15:34:01.853,2199,RAD,horizontal,2,20.26,22.76,50.1,44.7,82,27.01,1.10,0.75,3,1.71,0,0,horizontal best
2026-08-24T15:34:01.984,2200,RAD,horizontal,2,20.26,22.76,39.1,46.8,82,27.04,1.00,0.68,2,1.77,0,0,horizontal best
2026-08-24T15:34:01.984,2200,RAD,horizontal,2,20.26,22.76,50.2,44.7,82,27.01,1.10,0.75,3,1.71,0,0,horizontal best
2026-08-24T15:34:02.078,2201,RAD,horizontal,2,20.26,22.76,39.0,46.8,81,27.01,1.00,0.67,2,1.76,0,0,horizontal best
2026-08-24T15:34:02.078,2201,RAD,horizontal,2,20.26,22.76,50.1,44.7,81,27.01,1.10,0.74,3,1.68,0,0,horizontal best
2026-08-24T15:34:02.205,2202,RAD,horizontal,2,20.26,22.76,39.0,46.8,80,27.01,1.00,0.66,2,1.73,0,0,horizontal best
2026-08-24T15:34:02.205,2202,RAD,horizontal,2,20.26,22.76,50.1,44.7,81,27.01,1.10,0.74,3,1.68,0,0,horizontal best
2026-08-24T15:34:02.301,2203,RAD,horizontal,2,20.26,22.76,39.0,46.8,81,27.01,1.00,0.67,3,1.72,0,0,horizontal best
2026-08-24T15:34:02.301,2203,RAD,horizontal,2,20.26,22.76,50.1,44.7,83,27.01,1.10,0.75,3,1.68,0,0,horizontal best
2026-08-24T15:34:02.430,2204,RAD,horizontal,2,20.28,22.78,39.0,46.8,81,26.99,1.00,0.67,3,1.70,0,0,horizontal best
2026-08-24T15:34:02.430,2204,RAD,horizontal,2,20.28,22.78,50.1,44.7,83,27.13,1.10,0.75,3,1.69,0,0,horizontal best
2026-08-24T15:34:02.557,2205,RAD,horizontal,2,20.28,22.78,39.1,46.8,81,26.99,1.00,0.67,1,1.70,0,0,horizontal best
2026-08-24T15:34:02.557,2205,RAD,horizontal,2,20.28,22.78,50.1,44.7,83,27.13,1.10,0.75,3,1.71,0,0,horizontal best
2026-08-24T15:34:02.653,2206,RAD,horizontal,2,20.28,22.78,39.1,46.8,79,26.99,1.10,0.72,2,1.70,0,0,horizontal best
2026-08-24T15:34:02.653,2206,RAD,horizontal,2,20.28,22.78,50.1,44.8,82,27.15,1.10,0.75,3,1.67,0,0,horizontal best
2026-08-24T15:34:02.781,2207,RAD,horizontal,2,20.28,22.78,39.2,46.8,85,27.01,1.20,0.71,3,1.73,0,0,horizontal best
2026-08-24T15:34:02.781,2207,RAD,horizontal,2,20.28,22.78,50.1,44.8,82,27.13,1.10,0.75,3,1.67,0,0,horizontal best
2026-08-24T15:34:02.878,2208,RAD,horizontal,2,20.28,22.78,39.2,46.7,85,27.01,1.20,0.71,3,1.74,0,0,horizontal best
2026-08-24T15:34:02.878,2208,RAD,horizontal,2,20.28,22.78,50.1,44.7,81,27.13,1.10,0.74,3,1.66,0,0,horizontal best
2026-08-24T15:34:03.006,2209,RAD,horizontal,2,20.26,22.76,39.2,46.7,84,27.06,1.20,0.70,4,1.74,0,0,horizontal best
2026-08-24T15:34:03.006,2209,RAD,horizontal,2,20.26,22.76,50.2,44.7,82,27.13,1.10,0.75,3,1.66,0,0,horizontal best
2026-08-24T15:34:03.102,2210,RAD,horizontal,2,20.28,22.78,39.2,46.6,84,27.15,1.20,0.70,4,1.72,0,0,horizontal best
2026-08-24T15:34:03.102,2210,RAD,horizontal,2,20.28,22.78,50.1,44.7,82,27.08,1.10,0.75,3,1.64,0,0,horizontal best
2026-08-24T15:34:03.230,2211,RAD,horizontal,2,20.31,22.81,39.2,46.7,83,27.33,1.20,0.69,4,1.73,0,0,horizontal best
2026-08-24T15:34:03.230,2211,RAD,horizontal,2,20.31,22.81,50.0,44.7,83,27.17,1.10,0.75,3,1.67,0,0,horizontal best
2026-08-24T15:34:03.326,2212,RAD,horizontal,2,20.28,22.78,39.2,46.9,82,27.24,1.20,0.68,3,1.75,0,0,horizontal best
2026-08-24T15:34:03.326,2212,RAD,horizontal,2,20.28,22.78,50.0,44.8,81,27.08,1.10,0.74,3,1.67,0,0,horizontal best
2026-08-24T15:34:03.453,2213,RAD,horizontal,2,20.28,22.78,39.2,46.9,79,27.26,1.10,0.72,3,1.72,0,0,horizontal best
2026-08-24T15:34:03.453,2213,RAD,horizontal,2,20.28,22.78,50.0,44.9,83,27.08,1.20,0.69,3,1.71,0,0,horizontal best
2026-08-24T15:34:03.582,2214,RAD,horizontal,2,20.28,22.78,39.3,46.9,80,27.26,1.10,0.73,4,1.74,0,0,horizontal best
2026-08-24T15:34:03.582,2214,RAD,horizontal,2,20.28,22.78,49.9,45.0,85,27.08,1.20,0.71,3,1.69,0,0,horizontal best
2026-08-24T15:34:03.679,2215,RAD,horizontal,2,20.26,22.76,39.4,47.0,84,27.24,1.20,0.70,4,1.73,0,0,horizontal best
2026-08-24T15:34:03.679,2215,RAD,horizontal,2,20.26,22.76,49.9,45.0,85,27.08,1.20,0.71,3,1.71,0,0,horizontal best
2026-08-24T15:34:03.807,2216,RAD,horizontal,2,20.26,22.76,39.5,46.9,84,27.20,1.10,0.76,4,1.69,0,0,horizontal best
2026-08-24T15:34:03.807,2216,RAD,horizontal,2,20.26,22.76,49.8,45.0,86,27.20,1.20,0.72,3,1.73,0,0,horizontal best
2026-08-24T15:34:03.902,2217,RAD,horizontal,2,20.28,22.78,39.6,46.9,83,27.17,1.10,0.75,3,1.66,0,0,horizontal best
2026-08-24T15:34:03.902,2217,RAD,horizontal,2,20.28,22.78,49.8,44.9,86,27.20,1.20,0.72,3,1.72,0,0,horizontal best
2026-08-24T15:34:04.031,2218,RAD,horizontal,2,20.31,22.81,39.6,47.0,81,27.17,1.10,0.74,4,1.65,0,0,horizontal best
2026-08-24T15:34:04.031,2218,RAD,horizontal,2,20.31,22.81,49.8,45.0,84,27.20,1.20,0.70,3,1.70,0,0,horizontal best
2026-08-24T15:34:04.125,2219,RAD,horizontal,2,20.33,22.83,39.7,47.0,82,27.08,1.10,0.75,4,1.66,0,0,horizontal best
2026-08-24T15:34:04.125,2219,RAD,horizontal,2,20.33,22.83,49.7,45.0,83,27.17,1.33,0.77,3,1.70,0,0,horizontal best
2026-08-24T15:34:04.255,2220,RAD,horizontal,2,20.33,22.83,39.7,47.2,79,26.79,1.00,0.79,4,1.65,0,0,horizontal best
2026-08-24T15:34:04.255,2220,RAD,horizontal,2,20.33,22.83,49.7,44.9,83,27.33,1.33,0.77,3,1.69,0,0,horizontal best
2026-08-24T15:34:04.385,2221,RAD,horizontal,1,20.36,22.86,42.7,45.6,146,27.15,0.65,0.56,7,1.19,0,0,horizontal best
2026-08-24T15:34:04.496,2222,RAD,horizontal,1,20.36,22.86,43.9,45.0,154,27.15,0.65,0.59,7,1.28,0,0,horizontal best
2026-08-24T15:34:04.639,2223,RAD,horizontal,1,20.37,22.87,44.1,44.9,148,27.17,0.65,0.57,7,1.16,0,0,horizontal best
2026-08-24T15:34:04.701,2224,RAD,horizontal,1,20.40,22.90,44.0,45.0,147,27.11,0.65,0.57,7,1.13,0,0,horizontal best
2026-08-24T15:34:04.837,2225,RAD,horizontal,0,20.38,22.88,,,,,,,,,,,horizontal best
2026-08-24T15:34:04.925,2226,RAD,horizontal,0,20.36,22.86,,,,,,,,,,,horizontal best
2026-08-24T15:34:05.052,2227,RAD,horizontal,0,20.36,22.86,,,,,,,,,,,horizontal best
2026-08-24T15:34:05.149,2228,RAD,horizontal,0,20.33,22.83,,,,,,,,,,,horizontal best
2026-08-24T15:34:05.276,2229,RAD,horizontal,0,20.36,22.86,,,,,,,,,,,horizontal best
2026-08-24T15:34:05.404,2230,RAD,horizontal,0,20.33,22.83,,,,,,,,,,,horizontal best
2026-08-24T15:34:05.499,2231,RAD,horizontal,0,20.36,22.86,,,,,,,,,,,horizontal best
2026-08-24T15:34:05.627,2232,RAD,horizontal,0,20.36,22.86,,,,,,,,,,,horizontal best
2026-08-24T15:34:05.723,2233,RAD,horizontal,0,20.36,22.86,,,,,,,,,,,horizontal best
2026-08-24T15:34:05.851,2234,RAD,horizontal,0,20.33,22.83,,,,,,,,,,,horizontal best
2026-08-24T15:34:05.947,2235,RAD,horizontal,0,20.33,22.83,,,,,,,,,,,horizontal best
2026-08-24T15:34:06.075,2236,RAD,horizontal,0,20.33,22.83,,,,,,,,,,,horizontal best
2026-08-24T15:34:06.204,2237,RAD,horizontal,0,20.33,22.83,,,,,,,,,,,horizontal best
2026-08-24T15:34:06.299,2238,RAD,horizontal,0,20.33,22.83,,,,,,,,,,,horizontal best
2026-08-24T15:34:06.429,2239,RAD,horizontal,0,20.31,22.81,,,,,,,,,,,horizontal best
2026-08-24T15:34:06.528,2240,RAD,horizontal,0,20.28,22.78,,,,,,,,,,,horizontal best
2026-08-24T15:34:06.655,2241,RAD,horizontal,0,20.28,22.78,,,,,,,,,,,horizontal best
2026-08-24T15:34:06.749,2242,RAD,horizontal,0,20.28,22.78,,,,,,,,,,,horizontal best
2026-08-24T15:34:06.875,2243,RAD,horizontal,0,20.33,22.83,,,,,,,,,,,horizontal best
2026-08-24T15:34:06.971,2244,RAD,horizontal,0,20.36,22.86,,,,,,,,,,,horizontal best
2026-08-24T15:34:07.099,2245,RAD,horizontal,0,20.38,22.88,,,,,,,,,,,horizontal best
2026-08-24T15:34:07.226,2246,RAD,horizontal,0,20.36,22.86,,,,,,,,,,,horizontal best
2026-08-24T15:34:07.323,2247,RAD,horizontal,0,20.36,22.86,,,,,,,,,,,horizontal best
2026-08-24T15:34:07.454,2248,RAD,horizontal,0,20.33,22.83,,,,,,,,,,,horizontal best
2026-08-24T15:34:07.555,2249,RAD,horizontal,0,20.28,22.78,,,,,,,,,,,horizontal best
2026-08-24T15:34:07.675,2250,RAD,horizontal,0,20.28,22.78,,,,,,,,,,,horizontal best
2026-08-24T15:34:07.779,2251,RAD,horizontal,0,20.28,22.78,,,,,,,,,,,horizontal best
2026-08-24T15:34:07.899,2252,RAD,horizontal,0,20.28,22.78,,,,,,,,,,,horizontal best
2026-08-24T15:34:08.029,2253,RAD,horizontal,0,20.28,22.78,,,,,,,,,,,horizontal best
2026-08-24T15:34:08.123,2254,RAD,horizontal,0,20.28,22.78,,,,,,,,,,,horizontal best
2026-08-24T15:34:08.251,2255,RAD,horizontal,0,20.26,22.76,,,,,,,,,,,horizontal best
2026-08-24T15:34:08.347,2256,RAD,horizontal,0,20.26,22.76,,,,,,,,,,,horizontal best
2026-08-24T15:34:08.475,2257,RAD,horizontal,0,20.26,22.76,,,,,,,,,,,horizontal best
2026-08-24T15:34:08.572,2258,RAD,horizontal,0,20.26,22.76,,,,,,,,,,,horizontal best
2026-08-24T15:34:08.699,2259,RAD,horizontal,0,20.26,22.76,,,,,,,,,,,horizontal best
2026-08-24T15:34:08.795,2260,RAD,horizontal,0,20.26,22.76,,,,,,,,,,,horizontal best
2026-08-24T15:34:08.923,2261,RAD,horizontal,0,20.23,22.73,,,,,,,,,,,horizontal best
2026-08-24T15:34:09.051,2262,RAD,horizontal,0,20.23,22.73,,,,,,,,,,,horizontal best
2026-08-24T15:34:09.147,2263,RAD,horizontal,0,20.23,22.73,,,,,,,,,,,horizontal best
2026-08-24T15:34:09.275,2264,RAD,horizontal,0,20.23,22.73,,,,,,,,,,,horizontal best
2026-08-24T15:34:09.371,2265,RAD,horizontal,0,20.23,22.73,,,,,,,,,,,horizontal best
2026-08-24T15:34:09.499,2266,RAD,horizontal,0,20.23,22.73,,,,,,,,,,,horizontal best
2026-08-24T15:34:09.595,2267,RAD,horizontal,0,20.21,22.71,,,,,,,,,,,horizontal best
2026-08-24T15:34:09.723,2268,RAD,horizontal,0,20.21,22.71,,,,,,,,,,,horizontal best
2026-08-24T15:34:09.819,2269,RAD,horizontal,0,20.21,22.71,,,,,,,,,,,horizontal best
2026-08-24T15:34:09.947,2270,RAD,horizontal,0,20.23,22.73,,,,,,,,,,,horizontal best
2026-08-24T15:34:10.075,2271,RAD,horizontal,0,20.26,22.76,,,,,,,,,,,horizontal best
2026-08-24T15:34:10.172,2272,RAD,horizontal,0,20.26,22.76,,,,,,,,,,,horizontal best
2026-08-24T15:34:10.298,2273,RAD,horizontal,0,20.23,22.73,,,,,,,,,,,horizontal best
2026-08-24T15:34:10.395,2274,RAD,horizontal,0,20.23,22.73,,,,,,,,,,,horizontal best
2026-08-24T15:34:10.523,2275,RAD,horizontal,0,20.26,22.76,,,,,,,,,,,horizontal best
2026-08-24T15:34:10.619,2276,RAD,horizontal,0,20.26,22.76,,,,,,,,,,,horizontal best
2026-08-24T15:34:10.747,2277,RAD,horizontal,0,20.23,22.73,,,,,,,,,,,horizontal best
2026-08-24T15:34:10.875,2278,RAD,horizontal,0,20.23,22.73,,,,,,,,,,,horizontal best
2026-08-24T15:34:10.971,2279,RAD,horizontal,0,20.21,22.71,,,,,,,,,,,horizontal best
2026-08-24T15:34:11.098,2280,RAD,horizontal,0,20.19,22.69,,,,,,,,,,,horizontal best
2026-08-24T15:34:11.195,2281,RAD,horizontal,0,20.16,22.66,,,,,,,,,,,horizontal best
2026-08-24T15:34:11.323,2282,RAD,horizontal,0,20.16,22.66,,,,,,,,,,,horizontal best
2026-08-24T15:34:11.421,2283,RAD,horizontal,0,20.16,22.66,,,,,,,,,,,horizontal best
2026-08-24T15:34:11.547,2284,RAD,horizontal,0,20.16,22.66,,,,,,,,,,,horizontal best
2026-08-24T15:34:11.644,2285,RAD,horizontal,0,20.14,22.64,,,,,,,,,,,horizontal best
2026-08-24T15:34:11.771,2286,RAD,horizontal,0,20.11,22.61,,,,,,,,,,,horizontal best
2026-08-24T15:34:11.899,2287,RAD,horizontal,0,20.11,22.61,,,,,,,,,,,horizontal best
2026-08-24T15:34:11.996,2288,RAD,horizontal,0,20.11,22.61,,,,,,,,,,,horizontal best
2026-08-24T15:34:12.124,2289,RAD,horizontal,0,20.11,22.61,,,,,,,,,,,horizontal best
2026-08-24T15:34:12.219,2290,RAD,horizontal,0,20.09,22.59,,,,,,,,,,,horizontal best
2026-08-24T15:34:12.347,2291,RAD,horizontal,0,20.09,22.59,,,,,,,,,,,horizontal best
2026-08-24T15:34:12.442,2292,RAD,horizontal,0,20.09,22.59,,,,,,,,,,,horizontal best
2026-08-24T15:34:12.571,2293,RAD,horizontal,0,20.07,22.57,,,,,,,,,,,horizontal best
2026-08-24T15:34:12.699,2294,RAD,horizontal,0,20.07,22.57,,,,,,,,,,,horizontal best
2026-08-24T15:34:12.795,2295,RAD,horizontal,0,20.04,22.54,,,,,,,,,,,horizontal best
2026-08-24T15:34:12.923,2296,RAD,horizontal,0,20.04,22.54,,,,,,,,,,,horizontal best
2026-08-24T15:34:13.019,2297,RAD,horizontal,0,20.02,22.52,,,,,,,,,,,horizontal best
2026-08-24T15:34:13.146,2298,RAD,horizontal,0,19.99,22.49,,,,,,,,,,,horizontal best
2026-08-24T15:34:13.243,2299,RAD,horizontal,0,19.99,22.49,,,,,,,,,,,horizontal best
2026-08-24T15:34:13.371,2300,RAD,horizontal,0,20.02,22.52,,,,,,,,,,,horizontal best
2026-08-24T15:34:13.468,2301,RAD,horizontal,0,20.04,22.54,,,,,,,,,,,horizontal best
2026-08-24T15:34:13.595,2302,RAD,horizontal,0,20.04,22.54,,,,,,,,,,,horizontal best
2026-08-24T15:34:13.723,2303,RAD,horizontal,0,20.07,22.57,,,,,,,,,,,horizontal best
2026-08-24T15:34:13.821,2304,RAD,horizontal,0,20.04,22.54,,,,,,,,,,,horizontal best
2026-08-24T15:34:13.948,2305,RAD,horizontal,0,20.07,22.57,,,,,,,,,,,horizontal best
2026-08-24T15:34:14.043,2306,RAD,horizontal,0,20.07,22.57,,,,,,,,,,,horizontal best
2026-08-24T15:34:14.171,2307,RAD,horizontal,0,20.04,22.54,,,,,,,,,,,horizontal best
2026-08-24T15:34:14.269,2308,RAD,horizontal,0,20.04,22.54,,,,,,,,,,,horizontal best
2026-08-24T15:34:14.395,2309,RAD,horizontal,0,20.04,22.54,,,,,,,,,,,horizontal best
2026-08-24T15:34:14.523,2310,RAD,horizontal,0,20.04,22.54,,,,,,,,,,,horizontal best
2026-08-24T15:34:14.619,2311,RAD,horizontal,0,20.04,22.54,,,,,,,,,,,horizontal best
2026-08-24T15:34:14.747,2312,RAD,horizontal,0,20.04,22.54,,,,,,,,,,,horizontal best
2026-08-24T15:34:14.844,2313,RAD,horizontal,0,20.04,22.54,,,,,,,,,,,horizontal best
2026-08-24T15:34:14.971,2314,RAD,horizontal,0,20.07,22.57,,,,,,,,,,,horizontal best
2026-08-24T15:34:15.067,2315,RAD,horizontal,0,20.07,22.57,,,,,,,,,,,horizontal best
2026-08-24T15:34:15.195,2316,RAD,horizontal,0,20.09,22.59,,,,,,,,,,,horizontal best
2026-08-24T15:34:15.293,2317,RAD,horizontal,0,20.07,22.57,,,,,,,,,,,horizontal best
2026-08-24T15:34:15.422,2318,RAD,horizontal,0,20.07,22.57,,,,,,,,,,,horizontal best
2026-08-24T15:34:15.551,2319,RAD,horizontal,2,20.04,22.54,51.7,44.8,83,26.90,1.00,0.69,3,1.69,0,0,horizontal best
2026-08-24T15:34:15.551,2319,RAD,horizontal,2,20.04,22.54,39.2,47.1,72,26.22,1.11,0.80,3,1.63,0,0,horizontal best
2026-08-24T15:34:15.649,2320,RAD,horizontal,2,20.04,22.54,51.7,44.7,84,26.90,1.00,0.69,3,1.69,0,0,horizontal best
2026-08-24T15:34:15.649,2320,RAD,horizontal,2,20.04,22.54,39.2,47.1,72,26.22,1.11,0.80,4,1.63,0,0,horizontal best
2026-08-24T15:34:15.774,2321,RAD,horizontal,2,20.04,22.54,51.7,44.8,84,26.90,1.10,0.76,3,1.71,0,0,horizontal best
2026-08-24T15:34:15.774,2321,RAD,horizontal,2,20.04,22.54,39.2,47.1,72,26.22,1.11,0.80,3,1.61,0,0,horizontal best
2026-08-24T15:34:15.869,2322,RAD,horizontal,2,20.07,22.57,51.5,44.8,84,26.90,1.10,0.76,3,1.62,0,0,horizontal best
2026-08-24T15:34:15.869,2322,RAD,horizontal,2,20.07,22.57,39.2,47.1,72,26.24,1.11,0.80,3,1.63,0,0,horizontal best
2026-08-24T15:34:15.998,2323,RAD,horizontal,2,20.07,22.57,51.3,44.8,83,26.85,1.10,0.75,3,1.63,0,0,horizontal best
2026-08-24T15:34:15.998,2323,RAD,horizontal,2,20.07,22.57,39.2,47.1,72,26.24,1.11,0.80,3,1.63,0,0,horizontal best
2026-08-24T15:34:16.093,2324,RAD,horizontal,2,20.07,22.57,51.3,44.8,83,26.79,1.10,0.75,3,1.65,0,0,horizontal best
2026-08-24T15:34:16.093,2324,RAD,horizontal,2,20.07,22.57,39.2,47.1,72,26.24,1.11,0.80,3,1.63,0,0,horizontal best
2026-08-24T15:34:16.223,2325,RAD,horizontal,2,20.07,22.57,51.2,44.8,83,26.74,1.10,0.75,3,1.66,0,0,horizontal best
2026-08-24T15:34:16.223,2325,RAD,horizontal,2,20.07,22.57,39.2,47.1,72,26.24,1.11,0.80,3,1.63,0,0,horizontal best
2026-08-24T15:34:16.320,2326,RAD,horizontal,2,20.07,22.57,51.2,44.8,82,26.72,1.10,0.75,3,1.65,0,0,horizontal best
2026-08-24T15:34:16.320,2326,RAD,horizontal,2,20.07,22.57,39.2,47.1,72,26.24,1.11,0.80,3,1.63,0,0,horizontal best
2026-08-24T15:34:16.446,2327,RAD,horizontal,2,20.07,22.57,51.1,44.9,84,26.69,1.00,0.69,3,1.64,0,0,horizontal best
2026-08-24T15:34:16.446,2327,RAD,horizontal,2,20.07,22.57,39.2,47.1,72,26.24,1.11,0.80,3,1.62,0,0,horizontal best
2026-08-24T15:34:16.576,2328,RAD,horizontal,2,20.07,22.57,51.1,44.9,84,26.72,1.00,0.69,3,1.65,0,0,horizontal best
2026-08-24T15:34:16.576,2328,RAD,horizontal,2,20.07,22.57,39.2,47.2,73,26.31,1.11,0.81,3,1.63,0,0,horizontal best
2026-08-24T15:34:16.671,2329,RAD,horizontal,2,20.07,22.57,51.1,44.9,83,26.79,1.00,0.69,3,1.68,0,0,horizontal best
2026-08-24T15:34:16.671,2329,RAD,horizontal,2,20.07,22.57,39.3,47.2,75,26.31,1.00,0.75,4,1.66,0,0,horizontal best
2026-08-24T15:34:16.798,2330,RAD,horizontal,2,20.07,22.57,51.1,44.9,83,26.85,1.00,0.69,3,1.69,0,0,horizontal best
2026-08-24T15:34:16.798,2330,RAD,horizontal,2,20.07,22.57,39.3,47.2,75,26.31,1.00,0.75,4,1.65,0,0,horizontal best
2026-08-24T15:34:16.894,2331,RAD,horizontal,2,20.09,22.59,51.1,44.9,86,26.95,1.00,0.71,3,1.73,0,0,horizontal best
2026-08-24T15:34:16.894,2331,RAD,horizontal,2,20.09,22.59,39.3,47.2,76,26.31,1.00,0.76,4,1.66,0,0,horizontal best
2026-08-24T15:34:17.023,2332,RAD,horizontal,2,20.07,22.57,51.3,44.8,82,26.95,1.10,0.75,3,1.74,0,0,horizontal best
2026-08-24T15:34:17.023,2332,RAD,horizontal,2,20.07,22.57,39.4,47.2,76,26.22,1.00,0.76,4,1.64,0,0,horizontal best
2026-08-24T15:34:17.117,2333,RAD,horizontal,2,20.09,22.59,51.4,44.7,85,27.17,1.10,0.77,3,1.77,0,0,horizontal best
2026-08-24T15:34:17.117,2333,RAD,horizontal,2,20.09,22.59,39.4,47.2,76,26.26,1.00,0.76,4,1.65,0,0,horizontal best
2026-08-24T15:34:17.245,2334,RAD,horizontal,2,20.09,22.59,51.5,44.7,86,27.17,1.10,0.78,3,1.77,0,0,horizontal best
2026-08-24T15:34:17.245,2334,RAD,horizontal,2,20.09,22.59,39.3,47.3,75,26.28,1.00,0.75,4,1.64,0,0,horizontal best
2026-08-24T15:34:17.378,2335,RAD,horizontal,2,20.09,22.59,51.5,44.6,87,27.17,1.10,0.79,3,1.76,0,0,horizontal best
2026-08-24T15:34:17.378,2335,RAD,horizontal,2,20.09,22.59,39.3,47.3,75,26.28,1.00,0.75,4,1.64,0,0,horizontal best
2026-08-24T15:34:17.472,2336,RAD,horizontal,2,20.09,22.59,51.5,44.5,88,27.17,1.20,0.73,3,1.74,0,0,horizontal best
2026-08-24T15:34:17.472,2336,RAD,horizontal,2,20.09,22.59,39.3,47.3,75,26.35,1.00,0.75,3,1.64,0,0,horizontal best
2026-08-24T15:34:17.598,2337,RAD,horizontal,2,20.07,22.57,51.5,44.5,88,27.13,1.20,0.73,3,1.72,0,0,horizontal best
2026-08-24T15:34:17.598,2337,RAD,horizontal,2,20.07,22.57,39.3,47.3,75,26.35,1.00,0.75,3,1.65,0,0,horizontal best
2026-08-24T15:34:17.693,2338,RAD,horizontal,2,20.09,22.59,51.6,44.5,87,27.01,1.20,0.72,3,1.73,0,0,horizontal best
2026-08-24T15:34:17.693,2338,RAD,horizontal,2,20.09,22.59,39.3,47.3,75,26.35,1.00,0.75,3,1.64,0,0,horizontal best
2026-08-24T15:34:17.822,2339,RAD,horizontal,2,20.07,22.57,51.6,44.5,87,26.95,1.20,0.72,3,1.72,0,0,horizontal best
2026-08-24T15:34:17.822,2339,RAD,horizontal,2,20.07,22.57,39.3,47.3,75,26.33,1.00,0.75,3,1.63,0,0,horizontal best
2026-08-24T15:34:17.920,2340,RAD,horizontal,2,20.04,22.54,51.6,44.4,89,26.97,1.20,0.74,3,1.73,0,0,horizontal best
2026-08-24T15:34:17.920,2340,RAD,horizontal,2,20.04,22.54,39.3,47.3,75,26.33,1.00,0.75,3,1.64,0,0,horizontal best
2026-08-24T15:34:18.045,2341,RAD,horizontal,2,20.07,22.57,51.6,44.4,88,27.01,1.20,0.73,3,1.73,0,0,horizontal best
2026-08-24T15:34:18.045,2341,RAD,horizontal,2,20.07,22.57,39.3,47.3,75,26.31,1.00,0.75,3,1.63,0,0,horizontal best
2026-08-24T15:34:18.142,2342,RAD,horizontal,2,20.09,22.59,51.6,44.4,88,27.04,1.20,0.73,3,1.73,0,0,horizontal best
2026-08-24T15:34:18.142,2342,RAD,horizontal,2,20.09,22.59,39.3,47.3,75,26.33,1.00,0.75,3,1.63,0,0,horizontal best
2026-08-24T15:34:18.270,2343,RAD,horizontal,2,20.07,22.57,51.6,44.5,86,27.04,1.20,0.72,3,1.73,0,0,horizontal best
2026-08-24T15:34:18.270,2343,RAD,horizontal,2,20.07,22.57,39.3,47.3,75,26.33,1.00,0.75,3,1.62,0,0,horizontal best
2026-08-24T15:34:18.400,2344,RAD,horizontal,2,20.07,22.57,51.6,44.5,86,27.04,1.20,0.72,3,1.72,0,0,horizontal best
2026-08-24T15:34:18.400,2344,RAD,horizontal,2,20.07,22.57,39.3,47.3,75,26.33,1.00,0.75,3,1.62,0,0,horizontal best
2026-08-24T15:34:18.495,2345,RAD,horizontal,2,20.04,22.54,51.6,44.5,87,27.04,1.20,0.72,3,1.71,0,0,horizontal best
2026-08-24T15:34:18.495,2345,RAD,horizontal,2,20.04,22.54,39.3,47.3,74,26.33,1.00,0.74,3,1.63,0,0,horizontal best
2026-08-24T15:34:18.624,2346,RAD,horizontal,2,20.04,22.54,51.6,44.4,87,27.06,1.20,0.72,3,1.72,0,0,horizontal best
2026-08-24T15:34:18.624,2346,RAD,horizontal,2,20.04,22.54,39.3,47.3,75,26.33,1.00,0.75,3,1.64,0,0,horizontal best
2026-08-24T15:34:18.719,2347,RAD,horizontal,2,20.04,22.54,51.5,44.5,89,27.06,1.09,0.67,3,1.71,0,0,horizontal best
2026-08-24T15:34:18.719,2347,RAD,horizontal,2,20.04,22.54,39.3,47.2,76,26.33,1.00,0.76,4,1.64,0,0,horizontal best
2026-08-24T15:34:18.848,2348,RAD,horizontal,2,20.07,22.57,51.4,44.5,89,27.06,1.09,0.67,3,1.73,0,0,horizontal best
2026-08-24T15:34:18.848,2348,RAD,horizontal,2,20.07,22.57,39.3,47.2,76,26.51,1.00,0.76,4,1.66,0,0,horizontal best
2026-08-24T15:34:18.941,2349,RAD,horizontal,2,20.07,22.57,51.4,44.5,88,27.06,1.09,0.67,3,1.74,0,0,horizontal best
2026-08-24T15:34:18.941,2349,RAD,horizontal,2,20.07,22.57,39.3,47.2,76,26.49,1.00,0.76,4,1.66,0,0,horizontal best
2026-08-24T15:34:19.070,2350,RAD,horizontal,2,20.04,22.54,51.4,44.5,90,27.06,1.09,0.68,3,1.72,0,0,horizontal best
2026-08-24T15:34:19.070,2350,RAD,horizontal,2,20.04,22.54,39.3,47.2,76,26.44,1.00,0.76,4,1.66,0,0,horizontal best
2026-08-24T15:34:19.198,2351,RAD,horizontal,2,20.04,22.54,51.4,44.5,90,27.06,1.09,0.68,3,1.72,0,0,horizontal best
2026-08-24T15:34:19.198,2351,RAD,horizontal,2,20.04,22.54,39.4,47.2,77,26.51,1.00,0.77,3,1.68,0,0,horizontal best
2026-08-24T15:34:19.293,2352,RAD,horizontal,2,20.07,22.57,51.4,44.5,90,27.06,1.09,0.68,3,1.72,0,0,horizontal best
2026-08-24T15:34:19.293,2352,RAD,horizontal,2,20.07,22.57,39.3,47.2,76,26.47,1.00,0.76,2,1.66,0,0,horizontal best
2026-08-24T15:34:19.424,2353,RAD,horizontal,2,20.07,22.57,51.4,44.5,89,27.06,1.09,0.67,3,1.72,0,0,horizontal best
2026-08-24T15:34:19.424,2353,RAD,horizontal,2,20.07,22.57,39.3,47.2,76,26.65,1.00,0.76,3,1.69,0,0,horizontal best
2026-08-24T15:34:19.519,2354,RAD,horizontal,2,20.07,22.57,51.5,44.4,87,27.06,1.20,0.72,3,1.73,0,0,horizontal best
2026-08-24T15:34:19.519,2354,RAD,horizontal,2,20.07,22.57,39.3,47.2,76,26.69,1.00,0.76,3,1.69,0,0,horizontal best
2026-08-24T15:34:19.646,2355,RAD,horizontal,2,20.07,22.57,51.4,44.5,91,27.06,1.09,0.69,3,1.72,0,0,horizontal best
2026-08-24T15:34:19.646,2355,RAD,horizontal,2,20.07,22.57,39.3,47.2,76,26.69,1.00,0.76,4,1.70,0,0,horizontal best
2026-08-24T15:34:19.744,2356,RAD,horizontal,1,20.07,22.57,43.2,45.3,156,27.11,0.64,0.51,6,1.24,0,0,horizontal best
2026-08-24T15:34:19.871,2357,RAD,horizontal,1,20.04,22.54,44.8,44.5,157,27.13,0.64,0.51,6,1.28,0,0,horizontal best
2026-08-24T15:34:19.967,2358,RAD,horizontal,1,20.04,22.54,45.2,44.3,158,27.13,0.64,0.51,6,1.30,0,0,horizontal best
2026-08-24T15:34:20.096,2359,RAD,horizontal,2,20.02,22.52,51.4,44.2,90,27.13,1.09,0.68,3,1.67,0,0,horizontal best
2026-08-24T15:34:20.096,2359,RAD,horizontal,2,20.02,22.52,41.1,46.2,85,26.92,1.20,0.71,4,1.80,0,0,horizontal best
2026-08-24T15:34:20.224,2360,RAD,horizontal,2,20.02,22.52,51.4,44.3,91,27.13,1.09,0.69,3,1.75,0,0,horizontal best
2026-08-24T15:34:20.224,2360,RAD,horizontal,2,20.02,22.52,39.3,46.8,83,27.08,1.10,0.75,4,1.79,0,0,horizontal best
2026-08-24T15:34:20.319,2361,RAD,horizontal,2,20.04,22.54,51.4,44.4,91,27.17,1.09,0.69,3,1.74,0,0,horizontal best
2026-08-24T15:34:20.319,2361,RAD,horizontal,2,20.04,22.54,38.6,47.0,86,27.20,1.30,0.66,2,1.85,0,0,horizontal best
2026-08-24T15:34:20.448,2362,RAD,horizontal,2,20.04,22.54,51.4,44.5,88,27.20,1.09,0.67,3,1.74,0,0,horizontal best
2026-08-24T15:34:20.448,2362,RAD,horizontal,2,20.04,22.54,38.4,46.9,86,27.17,1.44,0.74,3,1.82,0,0,horizontal best
2026-08-24T15:34:20.543,2363,RAD,horizontal,2,20.04,22.54,51.4,44.4,87,27.20,1.09,0.66,3,1.79,0,0,horizontal best
2026-08-24T15:34:20.543,2363,RAD,horizontal,2,20.04,22.54,38.4,46.8,86,27.13,1.44,0.74,3,1.82,0,0,horizontal best
2026-08-24T15:34:20.673,2364,RAD,horizontal,2,20.04,22.54,51.1,44.2,82,27.22,1.20,0.68,3,1.67,0,0,horizontal best
2026-08-24T15:34:20.673,2364,RAD,horizontal,2,20.04,22.54,38.6,46.7,86,27.13,1.44,0.74,3,1.83,0,0,horizontal best
2026-08-24T15:34:20.766,2365,RAD,horizontal,2,20.04,22.54,50.9,44.2,84,27.17,1.20,0.70,3,1.70,0,0,horizontal best
2026-08-24T15:34:20.766,2365,RAD,horizontal,2,20.04,22.54,38.6,46.7,85,27.11,1.44,0.73,2,1.80,0,0,horizontal best
2026-08-24T15:34:20.893,2366,RAD,horizontal,2,20.09,22.59,50.8,44.2,83,27.15,1.20,0.69,3,1.73,0,0,horizontal best
2026-08-24T15:34:20.893,2366,RAD,horizontal,2,20.09,22.59,38.6,46.6,80,27.11,1.33,0.74,2,1.74,0,0,horizontal best
2026-08-24T15:34:21.021,2367,RAD,horizontal,2,20.07,22.57,50.9,44.1,82,26.95,1.20,0.68,3,1.77,0,0,horizontal best
2026-08-24T15:34:21.021,2367,RAD,horizontal,2,20.07,22.57,38.7,46.6,78,27.08,1.22,0.79,2,1.73,0,0,horizontal best
2026-08-24T15:34:21.117,2368,RAD,horizontal,2,20.07,22.57,50.9,44.2,81,26.95,1.20,0.68,3,1.75,0,0,horizontal best
2026-08-24T15:34:21.117,2368,RAD,horizontal,2,20.07,22.57,38.7,46.7,78,27.11,1.22,0.79,2,1.73,0,0,horizontal best
2026-08-24T15:34:21.248,2369,RAD,horizontal,2,20.07,22.57,50.9,44.2,82,26.95,1.20,0.68,3,1.74,0,0,horizontal best
2026-08-24T15:34:21.248,2369,RAD,horizontal,2,20.07,22.57,38.6,46.7,77,26.85,1.22,0.78,2,1.66,0,0,horizontal best
2026-08-24T15:34:21.343,2370,RAD,horizontal,2,20.07,22.57,50.9,44.2,82,26.95,1.20,0.68,3,1.75,0,0,horizontal best
2026-08-24T15:34:21.343,2370,RAD,horizontal,2,20.07,22.57,38.6,46.8,75,26.40,1.22,0.76,2,1.63,0,0,horizontal best
2026-08-24T15:34:21.474,2371,RAD,horizontal,2,20.07,22.57,50.9,44.2,82,26.97,1.20,0.68,3,1.74,0,0,horizontal best
2026-08-24T15:34:21.474,2371,RAD,horizontal,2,20.07,22.57,38.7,46.9,76,26.15,1.22,0.77,3,1.65,0,0,horizontal best
2026-08-24T15:34:21.567,2372,RAD,horizontal,2,20.07,22.57,50.9,44.3,84,26.97,1.20,0.70,3,1.75,0,0,horizontal best
2026-08-24T15:34:21.567,2372,RAD,horizontal,2,20.07,22.57,38.8,47.0,76,26.15,1.22,0.77,3,1.66,0,0,horizontal best
2026-08-24T15:34:21.695,2373,RAD,horizontal,2,20.07,22.57,50.9,44.3,84,27.01,1.20,0.70,3,1.75,0,0,horizontal best
2026-08-24T15:34:21.695,2373,RAD,horizontal,2,20.07,22.57,38.9,47.2,72,26.12,1.11,0.80,3,1.64,0,0,horizontal best
2026-08-24T15:34:21.790,2374,RAD,horizontal,2,20.07,22.57,50.9,44.3,84,27.01,1.20,0.70,3,1.74,0,0,horizontal best
2026-08-24T15:34:21.790,2374,RAD,horizontal,2,20.07,22.57,39.0,47.3,72,26.10,1.11,0.80,3,1.63,0,0,horizontal best
2026-08-24T15:34:21.917,2375,RAD,horizontal,2,20.11,22.61,50.9,44.4,86,27.01,1.20,0.72,3,1.72,0,0,horizontal best
2026-08-24T15:34:21.917,2375,RAD,horizontal,2,20.11,22.61,39.0,47.4,74,26.17,1.22,0.75,3,1.62,0,0,horizontal best
2026-08-24T15:34:22.046,2376,RAD,horizontal,2,20.11,22.61,50.8,44.5,88,27.01,1.20,0.73,3,1.72,0,0,horizontal best
2026-08-24T15:34:22.046,2376,RAD,horizontal,2,20.11,22.61,39.1,47.4,77,26.17,1.10,0.70,4,1.64,0,0,horizontal best
2026-08-24T15:34:22.141,2377,RAD,horizontal,1,20.11,22.61,42.9,45.5,152,27.01,0.67,0.52,7,1.23,0,0,horizontal best
2026-08-24T15:34:22.272,2378,RAD,horizontal,1,20.14,22.64,44.4,44.6,151,26.99,0.67,0.51,7,1.21,0,0,horizontal best
2026-08-24T15:34:22.367,2379,RAD,horizontal,1,20.14,22.64,44.9,44.4,151,26.99,0.67,0.51,7,1.21,0,0,horizontal best
2026-08-24T15:34:22.494,2380,RAD,horizontal,1,20.16,22.66,44.9,44.6,157,27.08,0.67,0.53,7,1.26,0,0,horizontal best
2026-08-24T15:34:22.588,2381,RAD,horizontal,1,20.14,22.64,44.7,44.7,156,27.08,0.67,0.53,6,1.26,0,0,horizontal best
2026-08-24T15:34:22.716,2382,RAD,horizontal,1,20.14,22.64,44.5,44.8,156,27.08,0.67,0.53,6,1.26,0,0,horizontal best
2026-08-24T15:34:22.813,2383,RAD,horizontal,1,20.11,22.61,44.5,44.8,157,27.08,0.67,0.53,7,1.26,0,0,horizontal best
2026-08-24T15:34:22.942,2384,RAD,horizontal,1,20.11,22.61,44.4,44.9,156,27.06,0.67,0.53,7,1.25,0,0,horizontal best
2026-08-24T15:34:23.072,2385,RAD,horizontal,1,20.11,22.61,44.4,44.9,154,27.04,0.67,0.52,7,1.24,0,0,horizontal best
2026-08-24T15:34:23.167,2386,RAD,horizontal,1,20.11,22.61,44.3,45.0,154,27.04,0.67,0.52,8,1.24,0,0,horizontal best
2026-08-24T15:34:23.295,2387,RAD,horizontal,1,20.11,22.61,44.4,45.0,155,27.01,0.67,0.53,8,1.24,0,0,horizontal best
2026-08-24T15:34:23.392,2388,RAD,horizontal,1,20.11,22.61,44.4,45.0,155,27.01,0.67,0.53,7,1.23,0,0,horizontal best
2026-08-24T15:34:23.520,2389,RAD,horizontal,1,20.11,22.61,44.4,45.0,155,26.99,0.67,0.53,7,1.22,0,0,horizontal best
2026-08-24T15:34:23.614,2390,RAD,horizontal,1,20.11,22.61,44.4,45.0,155,26.99,0.67,0.53,7,1.22,0,0,horizontal best
2026-08-24T15:34:23.739,2391,RAD,horizontal,0,20.11,22.61,,,,,,,,,,,horizontal best
2026-08-24T15:34:23.867,2392,RAD,horizontal,0,20.11,22.61,,,,,,,,,,,horizontal best
2026-08-24T15:34:23.963,2393,RAD,horizontal,0,20.11,22.61,,,,,,,,,,,horizontal best
2026-08-24T15:34:24.092,2394,RAD,horizontal,0,20.11,22.61,,,,,,,,,,,horizontal best
2026-08-24T15:34:24.188,2395,RAD,horizontal,0,20.11,22.61,,,,,,,,,,,horizontal best
2026-08-24T15:34:24.316,2396,RAD,horizontal,0,20.09,22.59,,,,,,,,,,,horizontal best
2026-08-24T15:34:24.412,2397,RAD,horizontal,0,20.09,22.59,,,,,,,,,,,horizontal best
2026-08-24T15:34:24.539,2398,RAD,horizontal,0,20.09,22.59,,,,,,,,,,,horizontal best
2026-08-24T15:34:24.636,2399,RAD,horizontal,0,20.09,22.59,,,,,,,,,,,horizontal best
2026-08-24T15:34:24.764,2400,RAD,horizontal,0,20.11,22.61,,,,,,,,,,,horizontal best
2026-08-24T15:34:24.892,2401,RAD,horizontal,0,20.11,22.61,,,,,,,,,,,horizontal best
2026-08-24T15:34:24.988,2402,RAD,horizontal,0,20.14,22.64,,,,,,,,,,,horizontal best
2026-08-24T15:34:25.115,2403,RAD,horizontal,0,20.14,22.64,,,,,,,,,,,horizontal best
2026-08-24T15:34:25.211,2404,RAD,horizontal,0,20.21,22.71,,,,,,,,,,,horizontal best
2026-08-24T15:34:25.340,2405,RAD,horizontal,0,20.19,22.69,,,,,,,,,,,horizontal best
2026-08-24T15:34:25.437,2406,RAD,horizontal,0,20.21,22.71,,,,,,,,,,,horizontal best
2026-08-24T15:34:25.564,2407,RAD,horizontal,0,20.21,22.71,,,,,,,,,,,horizontal best
2026-08-24T15:34:25.692,2408,RAD,horizontal,0,20.23,22.73,,,,,,,,,,,horizontal best
2026-08-24T15:34:25.788,2409,RAD,horizontal,0,20.28,22.78,,,,,,,,,,,horizontal best
2026-08-24T15:34:25.915,2410,RAD,horizontal,0,20.26,22.76,,,,,,,,,,,horizontal best
2026-08-24T15:34:26.011,2411,RAD,horizontal,0,20.26,22.76,,,,,,,,,,,horizontal best
2026-08-24T15:34:26.139,2412,RAD,horizontal,0,20.26,22.76,,,,,,,,,,,horizontal best
2026-08-24T15:34:26.235,2413,RAD,horizontal,0,20.28,22.78,,,,,,,,,,,horizontal best
2026-08-24T15:34:26.363,2414,RAD,horizontal,0,20.26,22.76,,,,,,,,,,,horizontal best
2026-08-24T15:34:26.459,2415,RAD,horizontal,0,20.26,22.76,,,,,,,,,,,horizontal best
2026-08-24T15:34:26.591,2416,RAD,horizontal,0,20.26,22.76,,,,,,,,,,,horizontal best
2026-08-24T15:34:26.715,2417,RAD,horizontal,2,20.23,22.73,50.6,45.1,90,26.63,1.09,0.68,3,1.53,0,0,horizontal best
2026-08-24T15:34:26.715,2417,RAD,horizontal,2,20.23,22.73,38.8,46.4,70,27.11,1.22,0.71,2,1.62,0,0,horizontal best
2026-08-24T15:34:26.813,2418,RAD,horizontal,2,20.23,22.73,50.5,45.1,91,26.63,1.09,0.69,3,1.53,0,0,horizontal best
2026-08-24T15:34:26.813,2418,RAD,horizontal,2,20.23,22.73,38.8,46.7,75,27.08,1.22,0.76,1,1.73,0,0,horizontal best
2026-08-24T15:34:26.942,2419,RAD,horizontal,2,20.23,22.73,50.5,45.1,91,26.63,1.09,0.69,3,1.54,0,0,horizontal best
2026-08-24T15:34:26.942,2419,RAD,horizontal,2,20.23,22.73,38.7,46.7,76,27.06,1.22,0.77,2,1.72,0,0,horizontal best
2026-08-24T15:34:27.036,2420,RAD,horizontal,2,20.23,22.73,50.5,45.1,91,26.63,1.09,0.69,3,1.54,0,0,horizontal best
2026-08-24T15:34:27.036,2420,RAD,horizontal,2,20.23,22.73,38.7,46.7,76,26.97,1.22,0.77,3,1.69,0,0,horizontal best
2026-08-24T15:34:27.166,2421,RAD,horizontal,2,20.23,22.73,50.5,45.1,91,26.63,1.09,0.69,3,1.54,0,0,horizontal best
2026-08-24T15:34:27.166,2421,RAD,horizontal,2,20.23,22.73,38.8,46.8,77,26.95,1.22,0.78,3,1.72,0,0,horizontal best
2026-08-24T15:34:27.266,2422,RAD,horizontal,2,20.23,22.73,50.5,45.1,92,26.65,1.09,0.70,3,1.56,0,0,horizontal best
2026-08-24T15:34:27.266,2422,RAD,horizontal,2,20.23,22.73,38.8,46.9,78,26.95,1.22,0.79,3,1.71,0,0,horizontal best
2026-08-24T15:34:27.398,2423,RAD,horizontal,2,20.23,22.73,50.5,45.1,91,26.65,1.09,0.69,3,1.55,0,0,horizontal best
2026-08-24T15:34:27.398,2423,RAD,horizontal,2,20.23,22.73,38.8,46.9,78,26.72,1.22,0.79,3,1.67,0,0,horizontal best
2026-08-24T15:34:27.537,2424,RAD,horizontal,2,20.23,22.73,50.5,45.1,91,26.67,1.09,0.69,3,1.55,0,0,horizontal best
2026-08-24T15:34:27.537,2424,RAD,horizontal,2,20.23,22.73,38.9,47.1,77,26.72,1.33,0.71,3,1.63,0,0,horizontal best
2026-08-24T15:34:27.633,2425,RAD,horizontal,2,20.23,22.73,50.5,45.1,91,26.65,1.09,0.69,3,1.55,0,0,horizontal best
2026-08-24T15:34:27.633,2425,RAD,horizontal,2,20.23,22.73,39.0,47.2,76,26.74,1.33,0.70,3,1.63,0,0,horizontal best
2026-08-24T15:34:27.741,2426,RAD,horizontal,2,20.21,22.71,50.5,45.1,92,26.58,1.09,0.70,3,1.56,0,0,horizontal best
2026-08-24T15:34:27.741,2426,RAD,horizontal,2,20.21,22.71,39.0,47.1,77,27.22,1.33,0.71,3,1.68,0,0,horizontal best
2026-08-24T15:34:27.905,2427,RAD,horizontal,2,20.21,22.71,50.5,45.2,92,26.56,1.09,0.70,3,1.56,0,0,horizontal best
2026-08-24T15:34:27.905,2427,RAD,horizontal,2,20.21,22.71,39.1,47.0,75,27.22,1.33,0.69,3,1.72,0,0,horizontal best
2026-08-24T15:34:28.357,2428,RAD,horizontal,2,20.21,22.71,50.5,45.1,90,26.56,1.09,0.68,3,1.55,0,0,horizontal best
2026-08-24T15:34:28.357,2428,RAD,horizontal,2,20.21,22.71,39.2,46.9,79,27.17,1.44,0.68,3,1.76,0,0,horizontal best
2026-08-24T15:34:28.411,2429,RAD,horizontal,2,20.21,22.71,50.5,45.1,90,26.53,1.09,0.68,3,1.55,0,0,horizontal best
2026-08-24T15:34:28.411,2429,RAD,horizontal,2,20.21,22.71,39.2,46.9,78,27.17,1.44,0.67,3,1.75,0,0,horizontal best
2026-08-24T15:34:30.118,2430,RAD,horizontal,0,22.73,25.23,,,,,,,,,,,horizontal best
2026-08-24T15:34:30.236,2431,RAD,horizontal,0,22.94,25.44,,,,,,,,,,,horizontal best
2026-08-24T15:34:30.365,2432,RAD,horizontal,1,23.22,25.72,45.5,44.7,150,30.14,0.63,0.66,7,1.17,0,0,horizontal best
2026-08-24T15:34:30.462,2433,RAD,horizontal,1,23.32,25.82,44.9,44.7,148,30.14,0.63,0.65,6,1.16,0,0,horizontal best
2026-08-24T15:34:30.589,2434,RAD,horizontal,1,23.48,25.98,45.1,44.8,148,30.16,0.63,0.65,7,1.15,0,0,horizontal best
2026-08-24T15:34:30.686,2435,RAD,horizontal,1,23.67,26.17,45.2,44.8,147,30.32,0.68,0.60,6,1.14,0,0,horizontal best
2026-08-24T15:34:30.815,2436,RAD,horizontal,1,23.91,26.41,45.3,44.7,143,30.52,0.63,0.63,6,1.08,0,0,horizontal best
2026-08-24T15:34:30.915,2437,RAD,horizontal,1,24.07,26.57,45.3,44.7,146,30.87,0.63,0.64,6,1.12,0,0,horizontal best
2026-08-24T15:34:31.042,2438,RAD,horizontal,1,24.04,26.54,45.4,44.7,148,30.85,0.63,0.65,6,1.13,0,0,horizontal best
2026-08-24T15:34:31.139,2439,RAD,horizontal,1,24.04,26.54,45.4,44.8,144,30.80,0.63,0.63,6,1.11,0,0,horizontal best
2026-08-24T15:34:31.266,2440,RAD,horizontal,1,23.91,26.41,45.5,44.8,144,30.80,0.63,0.63,6,1.12,0,0,horizontal best
2026-08-24T15:34:31.394,2441,RAD,horizontal,1,23.79,26.29,45.5,44.8,145,30.71,0.63,0.64,6,1.15,0,0,horizontal best
2026-08-24T15:34:31.490,2442,RAD,horizontal,1,23.77,26.27,45.6,44.8,145,30.71,0.63,0.64,6,1.15,0,0,horizontal best
2026-08-24T15:34:31.618,2443,RAD,horizontal,1,23.74,26.24,45.6,44.8,144,30.65,0.68,0.58,6,1.15,0,0,horizontal best
2026-08-24T15:34:31.713,2444,RAD,horizontal,1,23.67,26.17,45.6,44.8,145,30.50,0.68,0.59,5,1.14,0,0,horizontal best
2026-08-24T15:34:31.841,2445,RAD,horizontal,1,23.55,26.05,45.9,44.7,114,30.36,0.67,0.53,5,1.01,0,0,horizontal best
2026-08-24T15:34:31.938,2446,RAD,horizontal,1,23.53,26.03,45.8,44.7,143,30.34,0.63,0.63,5,1.12,0,0,horizontal best
2026-08-24T15:34:32.064,2447,RAD,horizontal,1,23.48,25.98,46.0,44.7,114,30.34,0.67,0.53,5,1.01,0,0,horizontal best
2026-08-24T15:34:32.194,2448,RAD,horizontal,1,23.41,25.91,45.8,44.7,143,30.32,0.63,0.63,5,1.13,0,0,horizontal best
2026-08-24T15:34:32.285,2449,RAD,horizontal,1,23.34,25.84,45.8,44.7,143,30.30,0.63,0.63,5,1.13,0,0,horizontal best
2026-08-24T15:34:32.416,2450,RAD,horizontal,1,23.34,25.84,45.7,44.7,142,30.21,0.63,0.62,5,1.13,0,0,horizontal best
2026-08-24T15:34:32.513,2451,RAD,horizontal,1,23.34,25.84,45.7,44.7,141,30.10,0.63,0.62,5,1.13,0,0,horizontal best
2026-08-24T15:34:32.641,2452,RAD,horizontal,1,23.32,25.82,45.7,44.7,140,30.30,0.63,0.61,5,1.17,0,0,horizontal best
2026-08-24T15:34:32.733,2453,RAD,horizontal,1,23.32,25.82,45.5,44.8,142,30.30,0.63,0.62,5,1.18,0,0,horizontal best
2026-08-24T15:34:32.863,2454,RAD,horizontal,1,23.34,25.84,45.4,44.8,144,30.12,0.63,0.63,5,1.19,0,0,horizontal best
2026-08-24T15:34:32.958,2455,RAD,horizontal,1,23.34,25.84,45.4,44.7,145,30.10,0.63,0.64,6,1.18,0,0,horizontal best
2026-08-24T15:34:33.090,2456,RAD,horizontal,1,23.36,25.86,45.4,44.8,142,30.08,0.63,0.62,6,1.14,0,0,horizontal best
2026-08-24T15:34:33.217,2457,RAD,horizontal,1,23.36,25.86,45.3,44.7,143,30.05,0.63,0.63,6,1.14,0,0,horizontal best
2026-08-24T15:34:33.314,2458,RAD,horizontal,2,23.39,25.89,45.3,44.7,144,30.25,0.63,0.63,6,1.15,0,0,horizontal best
2026-08-24T15:34:33.314,2458,RAD,horizontal,2,23.39,25.89,68.6,111.9,428,32.09,0.69,0.51,5,1.25,0,0,horizontal best
2026-08-24T15:34:33.443,2459,RAD,horizontal,2,23.39,25.89,45.2,44.7,145,30.25,0.63,0.64,6,1.17,0,0,horizontal best
2026-08-24T15:34:33.443,2459,RAD,horizontal,2,23.39,25.89,70.0,111.5,452,31.85,0.74,0.53,5,1.17,0,0,horizontal best
2026-08-24T15:34:33.540,2460,RAD,horizontal,2,23.41,25.91,44.9,44.7,152,30.14,0.65,0.58,6,1.21,0,0,horizontal best
2026-08-24T15:34:33.540,2460,RAD,horizontal,2,23.41,25.91,70.9,110.9,497,32.17,0.79,0.54,7,1.21,0,0,horizontal best
2026-08-24T15:34:33.669,2461,RAD,horizontal,2,23.41,25.91,44.7,44.7,153,30.14,0.65,0.59,5,1.22,0,0,horizontal best
2026-08-24T15:34:33.669,2461,RAD,horizontal,2,23.41,25.91,71.3,110.5,526,32.17,0.79,0.57,7,1.20,0,0,horizontal best
2026-08-24T15:34:33.761,2462,RAD,horizontal,1,23.41,25.91,71.4,110.3,543,32.17,0.82,0.57,9,1.18,0,0,horizontal best
2026-08-24T15:34:33.889,2463,RAD,horizontal,1,23.43,25.93,71.1,110.1,558,32.41,0.85,0.57,8,1.15,0,0,horizontal best
2026-08-24T15:34:33.985,2464,RAD,horizontal,1,23.53,26.03,70.5,109.7,582,32.45,0.88,0.57,6,1.17,0,0,horizontal best
2026-08-24T15:34:34.113,2465,RAD,horizontal,1,23.58,26.08,69.5,109.2,603,32.41,0.88,0.59,9,1.17,0,0,horizontal best
2026-08-24T15:34:34.241,2466,RAD,horizontal,1,23.58,26.08,68.5,109.3,509,32.37,0.94,0.57,8,1.11,0,0,horizontal best
2026-08-24T15:34:34.339,2467,RAD,horizontal,1,23.60,26.10,67.1,108.8,532,32.58,0.97,0.57,9,1.15,0,0,horizontal best
2026-08-24T15:34:34.468,2468,RAD,horizontal,2,23.60,26.10,39.0,47.0,77,30.03,1.00,0.64,3,1.61,0,0,horizontal best
2026-08-24T15:34:34.468,2468,RAD,horizontal,2,23.60,26.10,66.0,108.5,531,32.58,1.03,0.61,8,1.07,0,0,horizontal best
2026-08-24T15:34:34.563,2469,RAD,horizontal,2,23.62,26.12,38.8,47.1,77,29.92,1.00,0.64,2,1.59,0,0,horizontal best
2026-08-24T15:34:34.563,2469,RAD,horizontal,2,23.62,26.12,65.2,107.9,568,32.52,1.03,0.61,12,1.15,0,0,horizontal best
2026-08-24T15:34:34.692,2470,RAD,horizontal,3,23.65,26.15,38.9,47.1,73,29.70,1.00,0.73,2,1.55,0,0,horizontal best
2026-08-24T15:34:34.692,2470,RAD,horizontal,3,23.65,26.15,64.7,107.6,569,32.50,1.07,0.59,9,1.12,0,0,horizontal best
2026-08-24T15:34:34.692,2470,RAD,horizontal,3,23.65,26.15,49.9,44.4,75,30.30,1.22,0.76,3,1.56,0,0,horizontal best
2026-08-24T15:34:34.791,2471,RAD,horizontal,2,23.72,26.22,42.4,45.1,86,30.32,0.56,0.48,5,1.56,0,0,horizontal best
2026-08-24T15:34:34.791,2471,RAD,horizontal,2,23.72,26.22,64.4,107.0,600,32.80,1.10,0.61,6,1.21,0,0,horizontal best
2026-08-24T15:34:34.918,2472,RAD,horizontal,2,23.74,26.24,43.8,44.3,86,30.45,0.56,0.48,5,1.55,0,0,horizontal best
2026-08-24T15:34:34.918,2472,RAD,horizontal,2,23.74,26.24,64.2,107.0,588,32.84,1.10,0.59,7,1.16,0,0,horizontal best
2026-08-24T15:34:35.042,2473,RAD,horizontal,2,23.74,26.24,44.2,44.4,136,30.43,0.65,0.52,6,1.08,0,0,horizontal best
2026-08-24T15:34:35.042,2473,RAD,horizontal,2,23.74,26.24,64.0,106.4,613,32.93,1.14,0.64,7,1.25,0,0,horizontal best
2026-08-24T15:34:35.138,2474,RAD,horizontal,2,23.79,26.29,44.1,44.6,137,30.43,0.65,0.53,6,1.10,0,0,horizontal best
2026-08-24T15:34:35.138,2474,RAD,horizontal,2,23.79,26.29,64.1,106.7,592,32.91,1.14,0.62,8,1.14,0,0,horizontal best
2026-08-24T15:34:35.271,2475,RAD,horizontal,2,23.81,26.31,44.1,44.5,92,30.43,0.50,0.57,5,1.44,0,0,horizontal best
2026-08-24T15:34:35.271,2475,RAD,horizontal,2,23.81,26.31,64.2,106.9,600,32.91,1.10,0.61,7,1.14,0,0,horizontal best
2026-08-24T15:34:35.367,2476,RAD,horizontal,2,23.81,26.31,43.9,44.8,140,30.50,0.65,0.54,5,1.06,0,0,horizontal best
2026-08-24T15:34:35.367,2476,RAD,horizontal,2,23.81,26.31,64.3,107.0,602,32.80,1.10,0.61,7,1.14,0,0,horizontal best
2026-08-24T15:34:35.494,2477,RAD,horizontal,2,23.86,26.36,44.1,44.9,89,30.52,0.50,0.55,5,1.23,0,0,horizontal best
2026-08-24T15:34:35.494,2477,RAD,horizontal,2,23.86,26.36,64.3,106.8,612,32.80,1.10,0.62,6,1.17,0,0,horizontal best
2026-08-24T15:34:35.590,2478,RAD,horizontal,2,23.88,26.38,44.2,44.9,89,30.45,0.50,0.55,5,1.23,0,0,horizontal best
2026-08-24T15:34:35.590,2478,RAD,horizontal,2,23.88,26.38,64.5,106.9,601,32.80,1.10,0.61,6,1.14,0,0,horizontal best
2026-08-24T15:34:35.713,2479,RAD,horizontal,1,23.88,26.38,64.6,106.9,599,32.80,1.10,0.61,7,1.15,0,0,horizontal best
2026-08-24T15:34:35.810,2480,RAD,horizontal,1,23.88,26.38,64.8,106.9,609,32.86,1.10,0.62,8,1.18,0,0,horizontal best
2026-08-24T15:34:35.939,2481,RAD,horizontal,1,23.91,26.41,64.8,106.8,617,32.93,1.10,0.62,6,1.21,0,0,horizontal best
2026-08-24T15:34:36.068,2482,RAD,horizontal,1,24.00,26.50,65.0,106.9,608,32.93,1.06,0.59,9,1.16,0,0,horizontal best
2026-08-24T15:34:36.163,2483,RAD,horizontal,1,23.98,26.48,65.0,107.0,605,32.88,1.10,0.61,8,1.15,0,0,horizontal best
2026-08-24T15:34:36.290,2484,RAD,horizontal,1,23.98,26.48,65.1,107.0,603,32.88,1.10,0.61,8,1.15,0,0,horizontal best
2026-08-24T15:34:36.388,2485,RAD,horizontal,1,23.98,26.48,65.1,107.0,604,32.88,1.10,0.61,7,1.15,0,0,horizontal best
2026-08-24T15:34:36.515,2486,RAD,horizontal,1,23.98,26.48,65.1,107.0,605,33.06,1.10,0.61,6,1.15,1,0,horizontal best
2026-08-24T15:34:36.611,2487,RAD,horizontal,1,24.00,26.50,65.1,107.0,604,33.06,1.10,0.61,6,1.14,1,0,horizontal best
2026-08-24T15:34:36.739,2488,RAD,horizontal,1,24.07,26.57,64.9,106.5,745,33.23,1.06,0.65,4,1.26,0,0,horizontal best
2026-08-24T15:34:36.866,2489,RAD,horizontal,1,24.07,26.57,64.8,106.3,631,33.21,1.10,0.64,5,1.24,1,0,horizontal best
2026-08-24T15:34:36.962,2490,RAD,horizontal,1,24.09,26.59,64.8,106.2,631,33.21,1.10,0.64,5,1.25,1,0,horizontal best
2026-08-24T15:34:37.091,2491,RAD,horizontal,1,24.11,26.61,64.9,106.2,633,33.21,1.10,0.64,5,1.25,1,0,horizontal best
2026-08-24T15:34:37.186,2492,RAD,horizontal,1,24.14,26.64,64.9,106.2,633,33.21,1.10,0.64,7,1.26,1,0,horizontal best
2026-08-24T15:34:37.313,2493,RAD,horizontal,1,24.14,26.64,64.9,106.2,632,33.21,1.10,0.64,6,1.27,1,0,horizontal best
2026-08-24T15:34:37.409,2494,RAD,horizontal,1,24.16,26.66,64.9,106.4,620,33.21,1.10,0.63,5,1.24,1,0,horizontal best
2026-08-24T15:34:37.536,2495,RAD,horizontal,1,24.16,26.66,64.8,106.5,623,33.21,1.10,0.63,5,1.27,1,0,horizontal best
2026-08-24T15:34:37.632,2496,RAD,horizontal,1,24.16,26.66,64.8,106.5,618,33.10,1.10,0.62,7,1.29,1,0,horizontal best
2026-08-24T15:34:37.761,2497,RAD,horizontal,1,24.16,26.66,65.0,106.2,632,33.10,1.10,0.64,8,1.34,1,0,horizontal best
2026-08-24T15:34:37.889,2498,RAD,horizontal,1,24.16,26.66,65.4,106.2,635,33.10,1.10,0.64,7,1.32,1,0,horizontal best
2026-08-24T15:34:37.985,2499,RAD,horizontal,1,24.18,26.68,66.3,105.8,662,33.06,1.13,0.65,8,1.32,0,0,horizontal best
2026-08-24T15:34:38.120,2500,RAD,horizontal,1,24.18,26.68,67.9,105.8,660,32.95,1.21,0.65,10,1.22,0,0,horizontal best
2026-08-24T15:34:38.209,2501,RAD,horizontal,1,24.18,26.68,70.2,105.8,669,32.91,1.21,0.66,8,1.20,0,0,horizontal best
2026-08-24T15:34:38.342,2502,RAD,horizontal,1,24.23,26.73,72.9,105.2,698,32.73,1.28,0.65,6,1.24,0,0,horizontal best
2026-08-24T15:34:38.435,2503,RAD,horizontal,1,24.28,26.78,75.5,104.1,678,32.84,1.31,0.62,11,1.20,0,0,horizontal best
2026-08-24T15:34:38.562,2504,RAD,horizontal,1,24.28,26.78,77.6,102.6,660,32.88,1.34,0.58,9,1.18,0,0,horizontal best
2026-08-24T15:34:38.692,2505,RAD,horizontal,1,24.28,26.78,78.9,102.0,645,32.76,1.39,0.59,9,1.15,0,0,horizontal best
2026-08-24T15:34:38.790,2506,RAD,horizontal,1,24.28,26.78,79.7,101.4,642,32.80,1.43,0.57,10,1.15,0,0,horizontal best
2026-08-24T15:34:38.915,2507,RAD,horizontal,1,24.30,26.80,79.9,101.2,640,32.80,1.39,0.59,11,1.18,0,0,horizontal best
2026-08-24T15:34:39.012,2508,RAD,horizontal,1,24.30,26.80,79.9,101.2,636,32.80,1.39,0.58,11,1.18,0,0,horizontal best
2026-08-24T15:34:39.139,2509,RAD,horizontal,1,24.32,26.82,79.3,101.2,640,32.91,1.44,0.61,8,1.20,0,0,horizontal best
2026-08-24T15:34:39.235,2510,RAD,horizontal,1,24.32,26.82,78.4,101.6,638,32.69,1.34,0.56,10,1.20,0,0,horizontal best
2026-08-24T15:34:39.364,2511,RAD,horizontal,1,24.32,26.82,77.1,102.6,637,32.84,1.10,0.69,9,1.20,0,0,horizontal best
2026-08-24T15:34:39.459,2512,RAD,horizontal,1,24.30,26.80,74.8,103.3,657,32.99,1.28,0.61,7,1.25,0,0,horizontal best
2026-08-24T15:34:39.588,2513,RAD,horizontal,1,24.25,26.75,71.8,104.4,608,32.65,1.21,0.60,12,1.16,0,0,horizontal best
2026-08-24T15:34:39.715,2514,RAD,horizontal,1,24.25,26.75,67.4,105.3,651,32.58,1.21,0.64,9,1.27,0,0,horizontal best
2026-08-24T15:34:39.810,2515,RAD,horizontal,1,24.25,26.75,62.7,105.8,617,32.76,1.25,0.63,10,1.29,0,0,horizontal best
2026-08-24T15:34:39.938,2516,RAD,horizontal,1,24.25,26.75,58.5,105.5,584,32.65,1.26,0.64,9,1.28,0,0,horizontal best
2026-08-24T15:34:40.034,2517,RAD,horizontal,1,24.23,26.73,55.6,105.3,529,32.60,1.22,0.59,10,1.27,0,0,horizontal best
2026-08-24T15:34:40.162,2518,RAD,horizontal,1,24.25,26.75,53.7,105.5,466,32.69,0.00,0.00,9,1.33,0,0,horizontal best
2026-08-24T15:34:40.258,2519,RAD,horizontal,1,24.23,26.73,52.2,105.5,409,32.43,1.19,0.51,6,1.36,0,0,horizontal best
2026-08-24T15:34:40.385,2520,RAD,horizontal,1,24.28,26.78,51.0,105.9,368,32.47,1.12,0.49,5,1.42,0,0,horizontal best
2026-08-24T15:34:40.482,2521,RAD,horizontal,1,24.25,26.75,50.1,106.8,403,32.13,1.11,0.50,4,1.38,0,0,horizontal best
2026-08-24T15:34:40.609,2522,RAD,horizontal,1,24.23,26.73,49.1,107.5,305,32.15,1.13,0.51,5,1.48,0,0,horizontal best
2026-08-24T15:34:40.738,2523,RAD,horizontal,1,24.23,26.73,48.2,108.3,278,31.83,1.04,0.50,5,1.47,0,0,horizontal best
2026-08-24T15:34:40.833,2524,RAD,horizontal,1,24.21,26.71,47.4,108.6,279,31.91,1.09,0.53,5,1.50,0,0,horizontal best
2026-08-24T15:34:40.962,2525,RAD,horizontal,1,24.21,26.71,46.6,108.8,357,31.87,0.96,0.55,3,1.55,0,0,horizontal best
2026-08-24T15:34:41.057,2526,RAD,horizontal,1,24.21,26.71,45.6,108.8,277,31.59,1.05,0.55,5,1.51,0,0,horizontal best
2026-08-24T15:34:41.185,2527,RAD,horizontal,1,24.21,26.71,44.4,108.9,269,31.81,1.04,0.49,6,1.47,0,0,horizontal best
2026-08-24T15:34:41.282,2528,RAD,horizontal,1,24.18,26.68,42.8,108.6,376,31.70,0.96,0.54,4,1.46,0,0,horizontal best
2026-08-24T15:34:41.406,2529,RAD,horizontal,1,24.18,26.68,40.9,108.1,398,31.76,1.04,0.53,5,1.46,0,0,horizontal best
2026-08-24T15:34:41.538,2530,RAD,horizontal,1,24.23,26.73,38.7,107.6,335,31.83,1.04,0.48,5,1.35,0,0,horizontal best
2026-08-24T15:34:41.633,2531,RAD,horizontal,1,24.23,26.73,36.1,106.5,466,32.17,1.07,0.52,5,1.41,0,0,horizontal best
2026-08-24T15:34:41.760,2532,RAD,horizontal,1,24.23,26.73,34.2,106.0,383,32.02,1.11,0.47,5,1.32,0,0,horizontal best
2026-08-24T15:34:41.863,2533,RAD,horizontal,1,24.25,26.75,32.5,105.3,515,32.41,1.03,0.49,3,1.37,0,0,horizontal best
2026-08-24T15:34:41.992,2534,RAD,horizontal,1,24.35,26.85,31.4,104.7,524,32.67,1.06,0.48,3,1.38,0,0,horizontal best
2026-08-24T15:34:42.087,2535,RAD,horizontal,1,24.32,26.82,30.8,104.2,522,32.71,1.13,0.48,3,1.40,0,0,horizontal best
2026-08-24T15:34:42.215,2536,RAD,horizontal,1,24.30,26.80,30.8,104.0,516,32.41,1.16,0.46,4,1.38,0,0,horizontal best
2026-08-24T15:34:42.310,2537,RAD,horizontal,2,24.30,26.80,30.8,103.8,520,32.35,1.16,0.47,3,1.39,0,0,horizontal best
2026-08-24T15:34:42.310,2537,RAD,horizontal,2,24.30,26.80,44.0,45.1,88,30.76,0.50,0.54,5,1.26,0,0,horizontal best
2026-08-24T15:34:42.438,2538,RAD,horizontal,1,24.30,26.80,30.9,103.7,514,32.56,1.20,0.48,3,1.38,0,0,horizontal best
2026-08-24T15:34:42.567,2539,RAD,horizontal,1,24.30,26.80,31.2,103.7,525,32.78,1.24,0.50,4,1.40,0,0,horizontal best
2026-08-24T15:34:42.663,2540,RAD,horizontal,1,24.30,26.80,31.8,103.8,520,32.76,1.29,0.52,3,1.38,0,0,horizontal best
2026-08-24T15:34:42.792,2541,RAD,horizontal,2,24.32,26.82,32.7,104.1,526,32.73,1.29,0.52,4,1.36,0,0,horizontal best
2026-08-24T15:34:42.792,2541,RAD,horizontal,2,24.32,26.82,44.2,45.1,87,30.89,0.50,0.54,6,1.28,0,0,horizontal best
2026-08-24T15:34:42.888,2542,RAD,horizontal,2,24.32,26.82,33.6,104.2,526,32.80,1.38,0.56,3,1.37,0,0,horizontal best
2026-08-24T15:34:42.888,2542,RAD,horizontal,2,24.32,26.82,44.2,45.1,87,30.89,0.50,0.54,6,1.30,0,0,horizontal best
2026-08-24T15:34:43.013,2543,RAD,horizontal,2,24.32,26.82,34.6,104.6,431,32.80,1.42,0.53,6,1.34,0,0,horizontal best
2026-08-24T15:34:43.013,2543,RAD,horizontal,2,24.32,26.82,44.2,45.1,86,30.89,0.53,0.56,6,1.31,0,0,horizontal best
2026-08-24T15:34:43.109,2544,RAD,horizontal,2,24.32,26.82,35.0,104.7,446,32.84,1.38,0.56,6,1.35,0,0,horizontal best
2026-08-24T15:34:43.109,2544,RAD,horizontal,2,24.32,26.82,44.3,45.0,86,30.82,0.53,0.56,6,1.32,0,0,horizontal best
2026-08-24T15:34:43.238,2545,RAD,horizontal,1,24.32,26.82,34.9,105.2,451,32.93,1.38,0.57,7,1.33,0,0,horizontal best
2026-08-24T15:34:43.365,2546,RAD,horizontal,1,24.30,26.80,33.9,105.4,458,32.56,1.38,0.58,5,1.28,0,0,horizontal best
2026-08-24T15:34:43.461,2547,RAD,horizontal,1,24.32,26.82,32.0,105.6,462,32.67,1.28,0.58,6,1.27,0,0,horizontal best
2026-08-24T15:34:43.589,2548,RAD,horizontal,1,24.35,26.85,29.3,105.8,462,32.71,1.23,0.56,5,1.25,0,0,horizontal best
2026-08-24T15:34:43.687,2549,RAD,horizontal,2,24.35,26.85,25.8,105.9,554,32.56,1.06,0.51,4,1.33,0,0,horizontal best
2026-08-24T15:34:43.687,2549,RAD,horizontal,2,24.35,26.85,44.2,45.0,87,30.71,0.53,0.57,5,1.34,0,0,horizontal best
2026-08-24T15:34:43.815,2550,RAD,horizontal,1,24.35,26.85,22.3,105.8,556,32.28,1.00,0.48,4,1.37,0,0,horizontal best
2026-08-24T15:34:43.911,2551,RAD,horizontal,1,24.35,26.85,19.6,105.8,539,32.09,0.97,0.48,3,1.36,0,0,horizontal best
2026-08-24T15:34:44.033,2552,RAD,horizontal,1,24.32,26.82,18.0,106.2,420,32.09,1.03,0.45,7,1.25,0,0,horizontal best
2026-08-24T15:34:44.126,2553,RAD,horizontal,1,24.32,26.82,16.8,106.3,535,32.28,0.97,0.48,4,1.33,0,0,horizontal best
2026-08-24T15:34:44.254,2554,RAD,horizontal,1,24.32,26.82,16.0,106.5,531,32.28,1.00,0.49,4,1.34,0,0,horizontal best
2026-08-24T15:34:44.386,2555,RAD,horizontal,1,24.30,26.80,15.4,106.4,534,32.24,1.00,0.49,4,1.36,0,0,horizontal best
2026-08-24T15:34:44.481,2556,RAD,horizontal,1,24.30,26.80,14.8,105.9,438,32.09,0.97,0.44,5,1.34,0,0,horizontal best
2026-08-24T15:34:44.611,2557,RAD,horizontal,1,24.30,26.80,14.2,105.3,451,32.13,0.97,0.45,5,1.33,0,0,horizontal best
2026-08-24T15:34:44.706,2558,RAD,horizontal,1,24.32,26.82,14.1,105.0,576,32.41,0.94,0.50,3,1.44,0,0,horizontal best
2026-08-24T15:34:44.834,2559,RAD,horizontal,1,24.32,26.82,14.3,105.1,575,32.39,0.94,0.50,2,1.43,0,0,horizontal best
2026-08-24T15:34:44.932,2560,RAD,horizontal,1,24.32,26.82,14.7,105.2,571,32.43,0.94,0.49,3,1.42,0,0,horizontal best
2026-08-24T15:34:45.063,2561,RAD,horizontal,1,24.30,26.80,15.1,105.5,560,32.26,1.00,0.51,3,1.39,0,0,horizontal best
2026-08-24T15:34:45.186,2562,RAD,horizontal,1,24.30,26.80,15.3,105.7,573,32.26,1.00,0.53,4,1.40,0,0,horizontal best
2026-08-24T15:34:45.281,2563,RAD,horizontal,1,24.28,26.78,15.9,106.0,564,32.11,1.00,0.55,4,1.38,0,0,horizontal best
2026-08-24T15:34:45.408,2564,RAD,horizontal,1,24.30,26.80,16.3,106.3,459,32.19,1.03,0.53,5,1.29,0,0,horizontal best
2026-08-24T15:34:45.508,2565,RAD,horizontal,1,24.30,26.80,16.6,106.5,570,32.47,1.03,0.57,3,1.38,0,0,horizontal best
2026-08-24T15:34:45.633,2566,RAD,horizontal,1,24.28,26.78,16.8,106.5,574,32.28,1.03,0.58,4,1.36,0,0,horizontal best
2026-08-24T15:34:45.730,2567,RAD,horizontal,1,24.28,26.78,17.0,106.5,581,32.35,1.03,0.59,4,1.40,0,0,horizontal best
2026-08-24T15:34:45.858,2568,RAD,horizontal,1,24.28,26.78,17.4,106.7,469,32.41,1.07,0.60,5,1.29,0,0,horizontal best
2026-08-24T15:34:45.953,2569,RAD,horizontal,1,24.30,26.80,17.6,106.7,484,32.41,1.04,0.60,6,1.35,0,0,horizontal best
2026-08-24T15:34:46.080,2570,RAD,horizontal,1,24.30,26.80,18.0,107.1,469,32.54,1.07,0.60,5,1.37,0,0,horizontal best
2026-08-24T15:34:46.208,2571,RAD,horizontal,1,24.30,26.80,18.7,107.4,441,32.56,1.16,0.61,5,1.39,0,0,horizontal best
2026-08-24T15:34:46.302,2572,RAD,horizontal,1,24.28,26.78,18.7,107.7,550,32.52,1.11,0.63,5,1.40,0,0,horizontal best
2026-08-24T15:34:46.436,2573,RAD,horizontal,1,24.28,26.78,18.5,107.7,532,32.52,1.07,0.63,4,1.36,0,0,horizontal best
2026-08-24T15:34:46.529,2574,RAD,horizontal,1,24.28,26.78,18.3,107.8,423,32.45,1.08,0.58,7,1.30,0,0,horizontal best
2026-08-24T15:34:46.653,2575,RAD,horizontal,1,24.30,26.80,17.4,107.7,536,32.58,0.97,0.58,5,1.41,0,0,horizontal best
2026-08-24T15:34:46.752,2576,RAD,horizontal,1,24.30,26.80,16.2,108.0,422,32.35,0.93,0.54,6,1.33,0,0,horizontal best
2026-08-24T15:34:46.881,2577,RAD,horizontal,1,24.30,26.80,14.4,108.1,510,32.54,0.85,0.52,3,1.41,0,0,horizontal best
2026-08-24T15:34:46.976,2578,RAD,horizontal,1,24.30,26.80,12.2,108.8,470,32.15,0.90,0.54,3,1.37,0,0,horizontal best
2026-08-24T15:34:47.111,2579,RAD,horizontal,1,24.32,26.82,10.3,110.2,413,32.13,0.83,0.59,3,1.37,0,0,horizontal best
2026-08-24T15:34:47.231,2580,RAD,horizontal,2,24.32,26.82,8.7,111.0,352,31.87,0.85,0.62,4,1.22,0,0,horizontal best
2026-08-24T15:34:47.231,2580,RAD,horizontal,2,24.32,26.82,44.1,45.1,132,30.65,0.63,0.58,6,1.07,0,0,horizontal best
2026-08-24T15:34:47.327,2581,RAD,horizontal,2,24.32,26.82,7.4,111.2,307,31.76,1.00,0.63,2,1.16,0,0,horizontal best
2026-08-24T15:34:47.327,2581,RAD,horizontal,2,24.32,26.82,44.2,45.1,133,30.65,0.63,0.58,6,1.08,0,0,horizontal best
2026-08-24T15:34:47.454,2582,RAD,horizontal,2,24.35,26.85,6.3,111.2,260,31.28,1.29,0.70,5,1.11,0,0,horizontal best
2026-08-24T15:34:47.454,2582,RAD,horizontal,2,24.35,26.85,44.1,45.1,132,30.69,0.63,0.58,6,1.07,0,0,horizontal best
2026-08-24T15:34:47.552,2583,RAD,horizontal,2,24.35,26.85,5.2,111.5,208,31.06,1.47,0.63,1,1.03,0,0,horizontal best
2026-08-24T15:34:47.552,2583,RAD,horizontal,2,24.35,26.85,44.1,45.1,132,30.69,0.63,0.58,5,1.06,0,0,horizontal best
2026-08-24T15:34:47.681,2584,RAD,horizontal,2,24.32,26.82,4.2,112.2,149,30.39,1.58,0.65,4,0.91,0,0,horizontal best
2026-08-24T15:34:47.681,2584,RAD,horizontal,2,24.32,26.82,44.2,45.1,131,30.65,0.63,0.57,6,1.05,0,0,horizontal best
2026-08-24T15:34:47.773,2585,RAD,horizontal,1,24.32,26.82,44.2,45.1,131,30.65,0.63,0.57,6,1.05,0,0,horizontal best
2026-08-24T15:34:47.901,2586,RAD,horizontal,1,24.35,26.85,44.2,45.1,128,30.76,0.63,0.56,6,1.00,0,0,horizontal best
2026-08-24T15:34:48.030,2587,RAD,horizontal,1,24.35,26.85,44.2,45.1,128,30.76,0.63,0.56,6,1.00,0,0,horizontal best
2026-08-24T15:34:48.125,2588,RAD,horizontal,1,24.37,26.87,44.2,45.0,134,30.76,0.63,0.59,6,1.03,0,0,horizontal best
2026-08-24T15:34:48.255,2589,RAD,horizontal,1,24.37,26.87,44.3,45.0,132,30.91,0.63,0.58,6,1.01,0,0,horizontal best
2026-08-24T15:34:48.351,2590,RAD,horizontal,1,24.35,26.85,44.3,45.0,133,30.82,0.68,0.54,6,1.01,0,0,horizontal best
2026-08-24T15:34:48.478,2591,RAD,horizontal,1,24.37,26.87,44.3,45.0,133,30.85,0.63,0.58,6,1.00,0,0,horizontal best
2026-08-24T15:34:48.574,2592,RAD,horizontal,1,24.39,26.89,44.3,45.0,133,30.85,0.63,0.58,6,1.01,0,0,horizontal best
2026-08-24T15:34:48.701,2593,RAD,horizontal,1,24.39,26.89,44.3,44.9,134,30.87,0.68,0.54,6,1.01,0,0,horizontal best
2026-08-24T15:34:48.798,2594,RAD,horizontal,1,24.39,26.89,44.2,44.9,137,30.87,0.68,0.55,5,1.03,0,0,horizontal best
2026-08-24T15:34:48.925,2595,RAD,horizontal,1,24.39,26.89,44.2,44.9,138,30.82,0.68,0.56,5,1.02,0,0,horizontal best
2026-08-24T15:34:49.054,2596,RAD,horizontal,1,24.39,26.89,44.2,44.9,138,30.82,0.68,0.56,6,1.02,0,0,horizontal best
2026-08-24T15:34:49.151,2597,RAD,horizontal,1,24.41,26.91,44.2,44.9,139,30.89,0.68,0.56,6,1.03,0,0,horizontal best
2026-08-24T15:34:49.278,2598,RAD,horizontal,1,24.44,26.94,44.1,44.8,137,30.91,0.68,0.55,6,1.04,0,0,horizontal best
2026-08-24T15:34:49.373,2599,RAD,horizontal,1,24.53,27.03,44.1,44.7,138,30.93,0.68,0.56,6,1.05,0,0,horizontal best
2026-08-24T15:34:49.502,2600,RAD,horizontal,1,24.51,27.01,44.0,44.6,133,30.91,0.68,0.54,6,0.98,0,0,horizontal best
2026-08-24T15:34:49.605,2601,RAD,horizontal,1,24.48,26.98,43.9,44.7,139,30.91,0.65,0.53,6,1.03,0,0,horizontal best
2026-08-24T15:34:49.729,2602,RAD,horizontal,0,24.51,27.01,,,,,,,,,,,horizontal best
2026-08-24T15:34:49.859,2603,RAD,horizontal,1,24.51,27.01,39.4,46.5,73,30.74,1.10,0.66,3,1.59,0,0,horizontal best
2026-08-24T15:34:49.952,2604,RAD,horizontal,1,24.51,27.01,42.1,45.3,84,31.11,0.58,0.40,6,1.49,0,0,horizontal best
2026-08-24T15:34:50.080,2605,RAD,horizontal,1,24.51,27.01,43.3,44.7,84,30.95,0.58,0.40,5,1.50,0,0,horizontal best
2026-08-24T15:34:50.177,2606,RAD,horizontal,1,24.48,26.98,43.9,44.6,89,30.95,0.58,0.43,5,1.53,0,0,horizontal best
2026-08-24T15:34:50.310,2607,RAD,horizontal,1,24.48,26.98,40.2,46.1,73,30.65,1.10,0.66,2,1.62,0,0,horizontal best
2026-08-24T15:34:50.403,2608,RAD,horizontal,2,24.48,26.98,38.6,46.7,73,30.78,1.10,0.66,2,1.64,0,0,horizontal best
2026-08-24T15:34:50.403,2608,RAD,horizontal,2,24.48,26.98,50.4,44.5,69,30.98,1.38,0.78,2,1.52,0,0,horizontal best
2026-08-24T15:34:50.529,2609,RAD,horizontal,2,24.46,26.96,38.3,46.8,71,30.76,1.22,0.72,2,1.65,0,0,horizontal best
2026-08-24T15:34:50.529,2609,RAD,horizontal,2,24.46,26.96,50.3,44.5,67,30.93,1.38,0.76,2,1.53,0,0,horizontal best
2026-08-24T15:34:50.626,2610,RAD,horizontal,2,24.48,26.98,38.4,46.8,72,30.78,1.22,0.73,2,1.68,0,0,horizontal best
2026-08-24T15:34:50.626,2610,RAD,horizontal,2,24.48,26.98,50.2,44.5,67,30.74,1.38,0.76,2,1.53,0,0,horizontal best
2026-08-24T15:34:50.757,2611,RAD,horizontal,2,24.48,26.98,38.6,46.8,73,30.78,1.22,0.74,2,1.67,0,0,horizontal best
2026-08-24T15:34:50.757,2611,RAD,horizontal,2,24.48,26.98,50.1,44.6,63,30.78,1.38,0.72,2,1.51,0,0,horizontal best
2026-08-24T15:34:50.886,2612,RAD,horizontal,2,24.46,26.96,38.7,46.7,72,30.78,1.22,0.73,1,1.65,0,0,horizontal best
2026-08-24T15:34:50.886,2612,RAD,horizontal,2,24.46,26.96,49.9,44.7,66,30.76,1.11,0.73,2,1.59,0,0,horizontal best
2026-08-24T15:34:50.982,2613,RAD,horizontal,2,24.48,26.98,38.8,46.6,72,30.74,1.22,0.73,1,1.66,0,0,horizontal best
2026-08-24T15:34:50.982,2613,RAD,horizontal,2,24.48,26.98,49.7,44.8,66,30.80,1.11,0.73,2,1.56,0,0,horizontal best
2026-08-24T15:34:51.110,2614,RAD,horizontal,2,24.48,26.98,38.8,46.6,72,30.74,1.22,0.73,1,1.64,0,0,horizontal best
2026-08-24T15:34:51.110,2614,RAD,horizontal,2,24.48,26.98,49.6,44.8,69,30.80,1.11,0.77,2,1.58,0,0,horizontal best
2026-08-24T15:34:51.206,2615,RAD,horizontal,2,24.48,26.98,38.8,46.6,72,30.74,1.22,0.73,1,1.64,0,0,horizontal best
2026-08-24T15:34:51.206,2615,RAD,horizontal,2,24.48,26.98,49.4,44.8,62,30.82,1.25,0.78,2,1.47,0,0,horizontal best
2026-08-24T15:34:51.335,2616,RAD,horizontal,2,24.48,26.98,38.8,46.6,72,30.74,1.22,0.73,2,1.63,0,0,horizontal best
2026-08-24T15:34:51.335,2616,RAD,horizontal,2,24.48,26.98,49.1,44.7,65,30.85,1.11,0.72,2,1.48,0,0,horizontal best
2026-08-24T15:34:51.426,2617,RAD,horizontal,2,24.48,26.98,38.8,46.6,72,30.74,1.22,0.73,2,1.62,0,0,horizontal best
2026-08-24T15:34:51.426,2617,RAD,horizontal,2,24.48,26.98,49.0,44.7,63,30.89,1.11,0.70,2,1.45,0,0,horizontal best
2026-08-24T15:34:51.556,2618,RAD,horizontal,3,24.51,27.01,38.8,46.6,72,30.74,1.22,0.73,2,1.63,0,0,horizontal best
2026-08-24T15:34:51.556,2618,RAD,horizontal,3,24.51,27.01,49.0,44.7,63,30.91,1.11,0.70,2,1.44,0,0,horizontal best
2026-08-24T15:34:51.556,2618,RAD,horizontal,3,24.51,27.01,10.7,73.4,221,30.65,1.79,0.63,4,0.94,0,0,horizontal best
2026-08-24T15:34:51.684,2619,RAD,horizontal,3,24.51,27.01,38.8,46.6,72,30.74,1.22,0.73,2,1.64,0,0,horizontal best
2026-08-24T15:34:51.684,2619,RAD,horizontal,3,24.51,27.01,49.0,44.7,63,31.11,1.11,0.70,2,1.45,0,0,horizontal best
2026-08-24T15:34:51.684,2619,RAD,horizontal,3,24.51,27.01,10.8,73.7,218,30.69,1.79,0.62,4,0.92,0,0,horizontal best
2026-08-24T15:34:51.779,2620,RAD,horizontal,3,24.48,26.98,38.8,46.6,72,30.74,1.22,0.73,2,1.64,0,0,horizontal best
2026-08-24T15:34:51.779,2620,RAD,horizontal,3,24.48,26.98,49.0,44.7,63,31.06,1.11,0.70,2,1.44,0,0,horizontal best
2026-08-24T15:34:51.779,2620,RAD,horizontal,3,24.48,26.98,10.6,74.2,222,30.69,1.86,0.61,4,0.94,0,0,horizontal best
2026-08-24T15:34:51.908,2621,RAD,horizontal,3,24.51,27.01,38.9,46.6,75,30.78,1.10,0.68,2,1.71,0,0,horizontal best
2026-08-24T15:34:51.908,2621,RAD,horizontal,3,24.51,27.01,49.0,44.7,64,31.06,1.11,0.71,2,1.43,0,0,horizontal best
2026-08-24T15:34:51.908,2621,RAD,horizontal,3,24.51,27.01,10.3,74.9,232,30.78,1.93,0.61,3,0.97,0,0,horizontal best
2026-08-24T15:34:52.002,2622,RAD,horizontal,3,24.51,27.01,39.0,46.6,75,30.78,1.10,0.68,1,1.71,0,0,horizontal best
2026-08-24T15:34:52.002,2622,RAD,horizontal,3,24.51,27.01,49.0,44.7,64,31.06,1.11,0.71,2,1.43,0,0,horizontal best
2026-08-24T15:34:52.002,2622,RAD,horizontal,3,24.51,27.01,9.8,75.7,242,30.87,1.93,0.64,4,0.98,0,0,horizontal best
2026-08-24T15:34:52.130,2623,RAD,horizontal,3,24.51,27.01,39.0,46.6,74,30.76,1.10,0.67,2,1.69,0,0,horizontal best
2026-08-24T15:34:52.130,2623,RAD,horizontal,3,24.51,27.01,49.0,44.7,64,31.04,1.11,0.71,2,1.42,0,0,horizontal best
2026-08-24T15:34:52.130,2623,RAD,horizontal,3,24.51,27.01,9.4,76.6,186,30.54,1.71,0.55,6,0.93,0,0,horizontal best
2026-08-24T15:34:52.226,2624,RAD,horizontal,3,24.53,27.03,39.1,46.6,74,30.80,1.10,0.67,1,1.69,0,0,horizontal best
2026-08-24T15:34:52.226,2624,RAD,horizontal,3,24.53,27.03,49.0,44.7,64,31.04,1.11,0.71,2,1.43,0,0,horizontal best
2026-08-24T15:34:52.226,2624,RAD,horizontal,3,24.53,27.03,8.9,77.3,188,30.41,1.53,0.54,5,1.02,0,0,horizontal best
2026-08-24T15:34:52.354,2625,RAD,horizontal,3,24.51,27.01,39.1,46.5,74,30.78,1.10,0.67,1,1.69,0,0,horizontal best
2026-08-24T15:34:52.354,2625,RAD,horizontal,3,24.51,27.01,49.0,44.7,63,30.98,1.11,0.70,2,1.43,0,0,horizontal best
2026-08-24T15:34:52.354,2625,RAD,horizontal,3,24.51,27.01,8.9,78.2,212,30.56,1.53,0.61,2,0.94,0,0,horizontal best
2026-08-24T15:34:52.450,2626,RAD,horizontal,3,24.48,26.98,39.0,46.4,76,30.78,1.20,0.63,1,1.68,0,0,horizontal best
2026-08-24T15:34:52.450,2626,RAD,horizontal,3,24.48,26.98,49.1,44.7,64,30.95,1.11,0.71,2,1.45,0,0,horizontal best
2026-08-24T15:34:52.450,2626,RAD,horizontal,3,24.48,26.98,8.5,79.1,207,30.54,1.64,0.64,1,1.01,0,0,horizontal best
2026-08-24T15:34:52.580,2627,RAD,horizontal,3,24.48,26.98,39.0,46.4,76,30.78,1.20,0.63,1,1.68,0,0,horizontal best
2026-08-24T15:34:52.580,2627,RAD,horizontal,3,24.48,26.98,49.1,44.8,63,30.95,1.11,0.70,2,1.44,0,0,horizontal best
2026-08-24T15:34:52.580,2627,RAD,horizontal,3,24.48,26.98,8.0,80.7,199,30.58,1.19,0.65,1,1.08,0,0,horizontal best
2026-08-24T15:34:52.710,2628,RAD,horizontal,3,24.51,27.01,39.0,46.5,74,30.78,1.10,0.67,1,1.69,0,0,horizontal best
2026-08-24T15:34:52.710,2628,RAD,horizontal,3,24.51,27.01,49.2,44.8,63,30.93,1.11,0.70,2,1.44,0,0,horizontal best
2026-08-24T15:34:52.710,2628,RAD,horizontal,3,24.51,27.01,7.2,82.3,210,30.89,1.27,0.74,1,1.11,0,0,horizontal best
2026-08-24T15:34:52.807,2629,RAD,horizontal,3,24.51,27.01,39.0,46.5,74,30.78,1.10,0.67,1,1.69,0,0,horizontal best
2026-08-24T15:34:52.807,2629,RAD,horizontal,3,24.51,27.01,49.3,44.8,61,30.93,1.25,0.76,2,1.45,0,0,horizontal best
2026-08-24T15:34:52.807,2629,RAD,horizontal,3,24.51,27.01,6.2,83.7,226,31.39,1.57,0.73,2,1.12,0,0,horizontal best
2026-08-24T15:34:52.934,2630,RAD,horizontal,3,24.51,27.01,39.0,46.4,76,30.80,1.20,0.63,1,1.69,0,0,horizontal best
2026-08-24T15:34:52.934,2630,RAD,horizontal,3,24.51,27.01,49.3,44.9,61,30.93,1.25,0.76,2,1.47,0,0,horizontal best
2026-08-24T15:34:52.934,2630,RAD,horizontal,3,24.51,27.01,5.4,85.2,235,31.28,1.71,0.70,1,1.14,0,0,horizontal best
2026-08-24T15:34:53.022,2631,RAD,horizontal,3,24.51,27.01,39.0,46.4,76,30.80,1.20,0.63,1,1.63,0,0,horizontal best
2026-08-24T15:34:53.022,2631,RAD,horizontal,3,24.51,27.01,49.1,44.8,67,30.91,1.38,0.76,2,1.47,0,0,horizontal best
2026-08-24T15:34:53.022,2631,RAD,horizontal,3,24.51,27.01,4.9,87.3,239,31.17,1.92,0.74,2,1.14,0,0,horizontal best
2026-08-24T15:34:53.154,2632,RAD,horizontal,2,24.53,27.03,41.9,45.3,132,30.91,0.63,0.58,3,1.09,0,0,horizontal best
2026-08-24T15:34:53.154,2632,RAD,horizontal,2,24.53,27.03,4.5,89.9,228,31.35,2.25,0.70,1,1.21,0,0,horizontal best
2026-08-24T15:34:53.247,2633,RAD,horizontal,3,24.53,27.03,40.2,46.0,78,30.80,1.20,0.65,2,1.62,0,0,horizontal best
2026-08-24T15:34:53.247,2633,RAD,horizontal,3,24.53,27.03,49.2,45.0,62,30.87,1.25,0.78,2,1.49,0,0,horizontal best
2026-08-24T15:34:53.247,2633,RAD,horizontal,3,24.53,27.03,5.3,96.3,282,31.46,2.67,0.47,3,1.26,0,0,horizontal best
2026-08-24T15:34:53.378,2634,RAD,horizontal,2,24.55,27.05,39.4,46.6,78,30.80,1.10,0.71,1,1.65,0,0,horizontal best
2026-08-24T15:34:53.378,2634,RAD,horizontal,2,24.55,27.05,49.4,44.9,59,30.87,1.25,0.74,2,1.48,0,0,horizontal best
2026-08-24T15:34:53.474,2635,RAD,horizontal,2,24.58,27.08,39.1,46.8,78,30.80,1.10,0.71,2,1.57,0,0,horizontal best
2026-08-24T15:34:53.474,2635,RAD,horizontal,2,24.58,27.08,49.4,44.9,59,30.76,1.25,0.74,2,1.43,0,0,horizontal best
2026-08-24T15:34:53.603,2636,RAD,horizontal,3,24.60,27.10,39.1,46.9,79,30.80,1.00,0.65,3,1.54,0,0,horizontal best
2026-08-24T15:34:53.603,2636,RAD,horizontal,3,24.60,27.10,49.4,44.9,60,30.91,1.25,0.75,2,1.47,0,0,horizontal best
2026-08-24T15:34:53.603,2636,RAD,horizontal,3,24.60,27.10,6.1,105.2,208,30.91,1.88,0.43,7,0.95,0,0,horizontal best
2026-08-24T15:34:53.730,2637,RAD,horizontal,3,24.62,27.12,39.2,46.9,79,30.80,1.00,0.65,3,1.53,0,0,horizontal best
2026-08-24T15:34:53.730,2637,RAD,horizontal,3,24.62,27.12,49.3,44.8,62,30.91,1.25,0.78,2,1.48,0,0,horizontal best
2026-08-24T15:34:53.730,2637,RAD,horizontal,3,24.62,27.12,5.9,106.3,273,31.52,1.82,0.52,4,1.10,0,0,horizontal best
2026-08-24T15:34:53.823,2638,RAD,horizontal,3,24.62,27.12,39.3,46.9,79,30.78,1.00,0.65,3,1.51,0,0,horizontal best
2026-08-24T15:34:53.823,2638,RAD,horizontal,3,24.62,27.12,49.3,44.8,62,30.91,1.25,0.78,2,1.48,0,0,horizontal best
2026-08-24T15:34:53.823,2638,RAD,horizontal,3,24.62,27.12,5.6,107.4,279,31.30,1.75,0.62,3,1.09,0,0,horizontal best
2026-08-24T15:34:53.951,2639,RAD,horizontal,3,24.62,27.12,39.3,47.0,80,30.78,1.00,0.66,3,1.52,0,0,horizontal best
2026-08-24T15:34:53.951,2639,RAD,horizontal,3,24.62,27.12,49.3,44.8,61,30.91,1.25,0.76,2,1.47,0,0,horizontal best
2026-08-24T15:34:53.951,2639,RAD,horizontal,3,24.62,27.12,5.3,108.4,284,31.59,1.80,0.70,1,1.10,0,0,horizontal best
2026-08-24T15:34:54.046,2640,RAD,horizontal,3,24.62,27.12,39.3,47.0,78,30.78,1.00,0.64,3,1.49,0,0,horizontal best
2026-08-24T15:34:54.046,2640,RAD,horizontal,3,24.62,27.12,49.3,44.8,61,30.89,1.25,0.76,2,1.47,0,0,horizontal best
2026-08-24T15:34:54.046,2640,RAD,horizontal,3,24.62,27.12,5.1,108.8,271,31.59,1.80,0.67,4,1.10,0,0,horizontal best
2026-08-24T15:34:54.174,2641,RAD,horizontal,3,24.62,27.12,39.1,46.9,74,30.78,1.10,0.67,2,1.50,0,0,horizontal best
2026-08-24T15:34:54.174,2641,RAD,horizontal,3,24.62,27.12,49.3,44.9,61,30.89,1.25,0.76,2,1.47,0,0,horizontal best
2026-08-24T15:34:54.174,2641,RAD,horizontal,3,24.62,27.12,5.0,108.9,263,31.61,1.80,0.65,4,1.14,0,0,horizontal best
2026-08-24T15:34:54.277,2642,RAD,horizontal,3,24.60,27.10,38.9,46.9,73,30.67,1.10,0.66,3,1.57,0,0,horizontal best
2026-08-24T15:34:54.277,2642,RAD,horizontal,3,24.60,27.10,49.3,44.9,61,30.89,1.25,0.76,2,1.48,0,0,horizontal best
2026-08-24T15:34:54.277,2642,RAD,horizontal,3,24.60,27.10,5.3,109.2,272,31.55,1.69,0.63,2,1.17,0,0,horizontal best
2026-08-24T15:34:54.407,2643,RAD,horizontal,3,24.58,27.08,38.9,46.9,73,30.65,1.10,0.66,2,1.60,0,0,horizontal best
2026-08-24T15:34:54.407,2643,RAD,horizontal,3,24.58,27.08,49.3,44.9,61,30.91,1.25,0.76,2,1.48,0,0,horizontal best
2026-08-24T15:34:54.407,2643,RAD,horizontal,3,24.58,27.08,6.0,109.6,297,31.39,1.50,0.61,4,1.27,0,0,horizontal best
2026-08-24T15:34:54.536,2644,RAD,horizontal,3,24.55,27.05,38.8,46.8,71,30.60,1.22,0.72,2,1.62,0,0,horizontal best
2026-08-24T15:34:54.536,2644,RAD,horizontal,3,24.55,27.05,49.3,44.9,61,30.91,1.25,0.76,2,1.48,0,0,horizontal best
2026-08-24T15:34:54.536,2644,RAD,horizontal,3,24.55,27.05,7.2,109.3,317,31.61,1.35,0.59,4,1.27,0,0,horizontal best
2026-08-24T15:34:54.629,2645,RAD,horizontal,3,24.55,27.05,38.7,46.8,71,30.43,1.22,0.72,2,1.61,0,0,horizontal best
2026-08-24T15:34:54.629,2645,RAD,horizontal,3,24.55,27.05,49.3,44.9,61,30.91,1.25,0.76,2,1.48,0,0,horizontal best
2026-08-24T15:34:54.629,2645,RAD,horizontal,3,24.55,27.05,8.8,109.1,375,31.89,1.12,0.58,3,1.34,0,0,horizontal best
2026-08-24T15:34:54.759,2646,RAD,horizontal,3,24.58,27.08,38.7,46.8,71,30.43,1.22,0.72,2,1.59,0,0,horizontal best
2026-08-24T15:34:54.759,2646,RAD,horizontal,3,24.58,27.08,49.3,44.9,61,30.91,1.25,0.76,2,1.48,0,0,horizontal best
2026-08-24T15:34:54.759,2646,RAD,horizontal,3,24.58,27.08,10.8,109.0,422,31.83,1.00,0.58,4,1.38,0,0,horizontal best
2026-08-24T15:34:54.852,2647,RAD,horizontal,3,24.58,27.08,38.7,46.9,73,30.39,1.10,0.66,2,1.58,0,0,horizontal best
2026-08-24T15:34:54.852,2647,RAD,horizontal,3,24.58,27.08,49.3,44.8,60,30.91,1.25,0.75,2,1.49,0,0,horizontal best
2026-08-24T15:34:54.852,2647,RAD,horizontal,3,24.58,27.08,11.9,108.9,393,31.74,0.89,0.56,6,1.40,0,0,horizontal best
2026-08-24T15:34:54.979,2648,RAD,horizontal,2,24.58,27.08,41.6,45.6,132,30.85,0.63,0.58,4,1.04,0,0,horizontal best
2026-08-24T15:34:54.979,2648,RAD,horizontal,2,24.58,27.08,14.1,109.2,476,31.85,0.72,0.51,5,1.31,0,0,horizontal best
2026-08-24T15:34:55.081,2649,RAD,horizontal,1,24.58,27.08,20.3,110.5,218,31.22,0.76,0.34,8,0.97,0,0,horizontal best
2026-08-24T15:34:55.204,2650,RAD,horizontal,2,24.58,27.08,43.1,44.8,103,30.85,0.56,0.57,5,1.39,0,0,horizontal best
2026-08-24T15:34:55.204,2650,RAD,horizontal,2,24.58,27.08,19.7,110.2,469,31.98,0.66,0.58,5,1.37,0,0,horizontal best
2026-08-24T15:34:55.295,2651,RAD,horizontal,1,24.55,27.05,21.4,110.3,446,31.89,0.67,0.61,4,1.37,0,0,horizontal best
2026-08-24T15:34:55.428,2652,RAD,horizontal,2,24.58,27.08,43.1,44.9,135,30.89,0.63,0.59,5,1.06,0,0,horizontal best
2026-08-24T15:34:55.428,2652,RAD,horizontal,2,24.58,27.08,25.7,110.5,418,31.70,0.71,0.61,4,1.35,0,0,horizontal best
2026-08-24T15:34:55.555,2653,RAD,horizontal,2,24.60,27.10,43.0,44.9,136,31.02,0.68,0.55,5,1.10,0,0,horizontal best
2026-08-24T15:34:55.555,2653,RAD,horizontal,2,24.60,27.10,31.5,110.6,344,31.41,0.80,0.69,7,1.31,0,0,horizontal best
2026-08-24T15:34:55.651,2654,RAD,horizontal,2,24.60,27.10,42.9,45.0,138,31.02,0.68,0.56,5,1.11,0,0,horizontal best
2026-08-24T15:34:55.651,2654,RAD,horizontal,2,24.60,27.10,36.6,110.2,370,31.20,0.84,0.70,8,1.29,0,0,horizontal best
2026-08-24T15:34:55.779,2655,RAD,horizontal,2,24.60,27.10,42.9,45.0,140,31.02,0.68,0.57,5,1.11,0,0,horizontal best
2026-08-24T15:34:55.779,2655,RAD,horizontal,2,24.60,27.10,40.2,110.0,388,31.57,0.88,0.71,6,1.31,0,0,horizontal best
2026-08-24T15:34:55.876,2656,RAD,horizontal,2,24.60,27.10,42.9,45.0,140,31.02,0.68,0.57,5,1.12,0,0,horizontal best
2026-08-24T15:34:55.876,2656,RAD,horizontal,2,24.60,27.10,43.0,110.6,367,31.57,0.81,0.62,5,1.21,0,0,horizontal best
2026-08-24T15:34:55.999,2657,RAD,horizontal,2,24.60,27.10,42.9,45.0,138,31.02,0.68,0.56,4,1.11,0,0,horizontal best
2026-08-24T15:34:55.999,2657,RAD,horizontal,2,24.60,27.10,44.6,111.0,447,31.98,0.80,0.62,5,1.21,0,0,horizontal best
2026-08-24T15:34:56.097,2658,RAD,horizontal,2,24.65,27.15,42.9,45.0,138,31.02,0.68,0.56,4,1.12,0,0,horizontal best
2026-08-24T15:34:56.097,2658,RAD,horizontal,2,24.65,27.15,45.4,110.9,471,32.13,0.77,0.68,9,1.26,0,0,horizontal best
2026-08-24T15:34:56.226,2659,RAD,horizontal,2,24.67,27.17,43.0,45.0,137,31.02,0.68,0.55,4,1.11,0,0,horizontal best
2026-08-24T15:34:56.226,2659,RAD,horizontal,2,24.67,27.17,45.8,110.6,479,32.19,0.80,0.67,7,1.22,0,0,horizontal best
2026-08-24T15:34:56.360,2660,RAD,horizontal,2,24.67,27.17,43.0,45.0,137,31.02,0.68,0.55,4,1.11,0,0,horizontal best
2026-08-24T15:34:56.360,2660,RAD,horizontal,2,24.67,27.17,45.8,110.1,432,32.47,0.82,0.67,8,1.35,0,0,horizontal best
2026-08-24T15:34:56.447,2661,RAD,horizontal,2,24.67,27.17,43.0,45.0,138,31.02,0.68,0.56,4,1.10,0,0,horizontal best
2026-08-24T15:34:56.447,2661,RAD,horizontal,2,24.67,27.17,46.1,110.1,493,32.63,0.84,0.61,9,1.25,0,0,horizontal best
2026-08-24T15:34:56.575,2662,RAD,horizontal,2,24.69,27.19,43.0,45.0,140,31.22,0.68,0.57,5,1.11,0,0,horizontal best
2026-08-24T15:34:56.575,2662,RAD,horizontal,2,24.69,27.19,46.5,110.4,477,32.60,0.81,0.62,5,1.25,0,0,horizontal best
2026-08-24T15:34:56.671,2663,RAD,horizontal,2,24.67,27.17,43.0,44.9,140,31.26,0.68,0.57,5,1.11,0,0,horizontal best
2026-08-24T15:34:56.671,2663,RAD,horizontal,2,24.67,27.17,46.8,111.2,430,32.30,0.80,0.60,8,1.26,0,0,horizontal best
2026-08-24T15:34:56.801,2664,RAD,horizontal,2,24.67,27.17,43.0,44.9,144,31.26,0.68,0.58,5,1.16,0,0,horizontal best
2026-08-24T15:34:56.801,2664,RAD,horizontal,2,24.67,27.17,46.7,112.0,393,32.35,0.68,0.60,5,1.34,0,0,horizontal best
2026-08-24T15:34:56.895,2665,RAD,horizontal,1,24.67,27.17,42.9,44.8,142,31.50,0.68,0.57,5,1.09,0,0,horizontal best
2026-08-24T15:34:57.023,2666,RAD,horizontal,1,24.65,27.15,42.7,44.8,140,31.15,0.68,0.57,5,1.10,0,0,horizontal best
2026-08-24T15:34:57.117,2667,RAD,horizontal,1,24.55,27.05,42.5,44.9,143,31.20,0.68,0.58,5,1.08,0,0,horizontal best
2026-08-24T15:34:57.246,2668,RAD,horizontal,1,24.55,27.05,42.4,45.0,143,31.20,0.68,0.58,5,1.07,0,0,horizontal best
2026-08-24T15:34:57.374,2669,RAD,horizontal,1,24.58,27.08,42.4,45.1,142,31.22,0.68,0.57,5,1.05,0,0,horizontal best
2026-08-24T15:34:57.470,2670,RAD,horizontal,1,24.60,27.10,42.6,44.9,140,31.06,0.68,0.57,4,1.06,0,0,horizontal best
2026-08-24T15:34:57.604,2671,RAD,horizontal,1,24.62,27.12,43.0,44.8,148,31.37,0.70,0.53,4,1.11,0,0,horizontal best
2026-08-24T15:34:57.697,2672,RAD,horizontal,1,24.65,27.15,43.5,44.6,103,31.22,0.67,0.48,6,1.30,0,0,horizontal best
2026-08-24T15:34:57.827,2673,RAD,horizontal,1,24.65,27.15,43.9,44.6,99,31.22,0.67,0.46,6,1.32,0,0,horizontal best
2026-08-24T15:34:57.922,2674,RAD,horizontal,1,24.65,27.15,43.8,44.7,92,31.09,0.67,0.43,6,1.34,0,0,horizontal best
2026-08-24T15:34:58.051,2675,RAD,horizontal,1,24.65,27.15,43.8,44.7,88,30.98,0.58,0.42,6,1.42,0,0,horizontal best
2026-08-24T15:34:58.178,2676,RAD,horizontal,1,24.65,27.15,40.3,46.5,70,30.50,1.11,0.78,2,1.55,0,0,horizontal best
2026-08-24T15:34:58.273,2677,RAD,horizontal,1,24.65,27.15,38.8,47.2,72,30.52,1.11,0.80,2,1.57,0,0,horizontal best
2026-08-24T15:34:58.401,2678,RAD,horizontal,2,24.65,27.15,38.5,47.3,70,30.52,1.11,0.78,2,1.52,0,0,horizontal best
2026-08-24T15:34:58.401,2678,RAD,horizontal,2,24.65,27.15,51.4,44.1,69,30.95,1.33,0.64,2,1.56,0,0,horizontal best
2026-08-24T15:34:58.496,2679,RAD,horizontal,2,24.67,27.17,38.6,47.3,72,30.52,1.11,0.80,2,1.53,0,0,horizontal best
2026-08-24T15:34:58.496,2679,RAD,horizontal,2,24.67,27.17,51.4,44.1,70,30.93,1.33,0.65,2,1.56,0,0,horizontal best
2026-08-24T15:34:58.626,2680,RAD,horizontal,2,24.69,27.19,38.7,47.2,72,30.52,1.11,0.80,2,1.52,0,0,horizontal best
2026-08-24T15:34:58.626,2680,RAD,horizontal,2,24.69,27.19,51.5,44.2,69,30.93,1.33,0.64,2,1.56,0,0,horizontal best
2026-08-24T15:34:58.720,2681,RAD,horizontal,1,24.67,27.17,42.7,45.4,78,30.93,0.63,0.34,5,1.18,0,0,horizontal best
2026-08-24T15:34:58.850,2682,RAD,horizontal,1,24.67,27.17,44.3,44.7,77,30.93,0.63,0.34,5,1.17,0,0,horizontal best
2026-08-24T15:34:58.945,2683,RAD,horizontal,1,24.65,27.15,44.7,44.4,78,30.91,0.63,0.34,5,1.18,0,0,horizontal best
2026-08-24T15:34:59.072,2684,RAD,horizontal,1,24.65,27.15,44.7,44.5,78,30.89,0.63,0.34,5,1.17,0,0,horizontal best
2026-08-24T15:34:59.200,2685,RAD,horizontal,1,24.65,27.15,44.4,44.6,77,30.89,0.58,0.37,5,1.18,0,0,horizontal best
2026-08-24T15:34:59.297,2686,RAD,horizontal,1,24.65,27.15,44.3,44.7,77,30.89,0.58,0.37,5,1.19,0,0,horizontal best
2026-08-24T15:34:59.426,2687,RAD,horizontal,1,24.65,27.15,44.0,44.9,76,30.89,0.58,0.36,5,1.31,0,0,horizontal best
2026-08-24T15:34:59.520,2688,RAD,horizontal,1,24.65,27.15,44.2,44.7,86,30.89,0.58,0.41,5,1.54,0,0,horizontal best
2026-08-24T15:34:59.645,2689,RAD,horizontal,1,24.65,27.15,40.4,46.5,71,30.45,1.11,0.79,2,1.53,0,0,horizontal best
2026-08-24T15:34:59.743,2690,RAD,horizontal,1,24.67,27.17,38.8,47.2,69,30.50,1.11,0.77,2,1.46,0,0,horizontal best
2026-08-24T15:34:59.871,2691,RAD,horizontal,1,24.67,27.17,45.5,44.7,92,30.98,0.58,0.44,5,1.52,0,0,horizontal best
2026-08-24T15:34:59.969,2692,RAD,horizontal,1,24.67,27.17,44.0,44.8,92,30.98,0.58,0.44,5,1.53,0,0,horizontal best
2026-08-24T15:35:00.097,2693,RAD,horizontal,1,24.67,27.17,43.7,44.8,91,31.11,0.58,0.44,5,1.53,0,0,horizontal best
2026-08-24T15:35:00.223,2694,RAD,horizontal,1,24.67,27.17,43.9,44.8,102,31.22,0.58,0.49,6,1.61,0,0,horizontal best
2026-08-24T15:35:00.320,2695,RAD,horizontal,1,24.69,27.19,44.1,44.7,102,31.22,0.58,0.49,6,1.59,0,0,horizontal best
2026-08-24T15:35:00.448,2696,RAD,horizontal,1,24.65,27.15,44.3,44.7,102,31.06,0.58,0.49,5,1.61,0,0,horizontal best
2026-08-24T15:35:00.545,2697,RAD,horizontal,1,24.62,27.12,44.4,44.7,102,31.06,0.58,0.49,5,1.61,0,0,horizontal best
2026-08-24T15:35:00.673,2698,RAD,horizontal,1,24.62,27.12,44.5,44.7,101,31.06,0.58,0.48,5,1.62,0,0,horizontal best
2026-08-24T15:35:00.770,2699,RAD,horizontal,1,24.62,27.12,44.5,44.9,85,31.09,0.58,0.41,5,1.40,0,0,horizontal best
2026-08-24T15:35:00.896,2700,RAD,horizontal,1,24.60,27.10,44.6,45.0,87,31.11,0.55,0.40,5,1.37,0,0,horizontal best
2026-08-24T15:35:01.023,2701,RAD,horizontal,1,24.60,27.10,44.6,45.0,90,31.11,0.55,0.41,5,1.37,0,0,horizontal best
2026-08-24T15:35:01.120,2702,RAD,horizontal,1,24.58,27.08,44.5,44.8,84,31.39,0.55,0.38,5,1.32,0,0,horizontal best
2026-08-24T15:35:01.247,2703,RAD,horizontal,1,24.60,27.10,44.7,44.7,87,31.37,0.52,0.38,5,1.32,0,0,horizontal best
2026-08-24T15:35:01.345,2704,RAD,horizontal,1,24.58,27.08,44.8,44.7,84,31.33,0.52,0.36,5,1.32,0,0,horizontal best
2026-08-24T15:35:01.489,2705,RAD,horizontal,1,24.58,27.08,44.9,44.7,85,31.28,0.52,0.37,5,1.36,0,0,horizontal best
2026-08-24T15:35:01.567,2706,RAD,horizontal,1,24.60,27.10,44.9,44.8,86,31.28,0.52,0.37,5,1.33,0,0,horizontal best
2026-08-24T15:35:01.696,2707,RAD,horizontal,1,24.62,27.12,44.9,44.8,90,31.17,0.52,0.39,5,1.42,0,0,horizontal best
2026-08-24T15:35:01.791,2708,RAD,horizontal,1,24.62,27.12,44.9,44.8,90,31.09,0.52,0.39,5,1.43,0,0,horizontal best
2026-08-24T15:35:01.921,2709,RAD,horizontal,1,24.60,27.10,44.9,44.8,90,31.02,0.52,0.39,5,1.45,0,0,horizontal best
2026-08-24T15:35:02.051,2710,RAD,horizontal,1,24.58,27.08,45.0,44.9,91,30.95,0.52,0.39,5,1.45,0,0,horizontal best
2026-08-24T15:35:02.144,2711,RAD,horizontal,1,24.58,27.08,44.9,44.9,90,30.89,0.52,0.39,6,1.46,0,0,horizontal best
2026-08-24T15:35:02.272,2712,RAD,horizontal,1,24.58,27.08,44.7,44.8,84,30.78,0.52,0.36,5,1.37,0,0,horizontal best
2026-08-24T15:35:02.368,2713,RAD,horizontal,1,24.55,27.05,44.5,44.8,86,31.09,0.55,0.39,5,1.51,0,0,horizontal best
2026-08-24T15:35:02.496,2714,RAD,horizontal,1,24.53,27.03,44.4,44.8,85,31.02,0.55,0.39,5,1.51,0,0,horizontal best
2026-08-24T15:35:02.592,2715,RAD,horizontal,1,24.53,27.03,44.4,44.8,85,31.13,0.55,0.39,5,1.51,0,0,horizontal best
2026-08-24T15:35:02.721,2716,RAD,horizontal,1,24.53,27.03,44.5,44.8,87,30.95,0.55,0.40,5,1.52,0,0,horizontal best
2026-08-24T15:35:02.848,2717,RAD,horizontal,1,24.51,27.01,44.5,44.7,86,30.95,0.55,0.39,5,1.48,0,0,horizontal best
2026-08-24T15:35:02.944,2718,RAD,horizontal,1,24.51,27.01,40.3,46.2,71,30.47,1.22,0.72,2,1.62,0,0,horizontal best
2026-08-24T15:35:03.072,2719,RAD,horizontal,1,24.51,27.01,42.8,45.1,86,30.95,0.60,0.36,5,1.39,0,0,horizontal best
2026-08-24T15:35:03.169,2720,RAD,horizontal,1,24.51,27.01,43.9,44.6,84,30.93,0.63,0.37,5,1.44,0,0,horizontal best
2026-08-24T15:35:03.297,2721,RAD,horizontal,1,24.51,27.01,44.5,44.3,94,30.93,0.63,0.41,5,1.57,0,0,horizontal best
2026-08-24T15:35:03.392,2722,RAD,horizontal,1,24.51,27.01,40.7,46.3,69,30.28,1.00,0.69,2,1.55,0,0,horizontal best
2026-08-24T15:35:03.521,2723,RAD,horizontal,2,24.51,27.01,39.1,47.3,71,30.28,1.00,0.71,2,1.56,0,0,horizontal best
2026-08-24T15:35:03.521,2723,RAD,horizontal,2,24.51,27.01,50.4,43.8,66,30.85,1.50,0.69,2,1.67,0,0,horizontal best
2026-08-24T15:35:03.617,2724,RAD,horizontal,2,24.51,27.01,38.7,47.6,71,30.28,1.00,0.71,2,1.52,0,0,horizontal best
2026-08-24T15:35:03.617,2724,RAD,horizontal,2,24.51,27.01,49.4,43.5,67,30.71,1.62,0.64,2,1.48,0,0,horizontal best
2026-08-24T15:35:03.745,2725,RAD,horizontal,2,24.51,27.01,38.8,47.6,72,30.23,1.00,0.72,2,1.53,0,0,horizontal best
2026-08-24T15:35:03.745,2725,RAD,horizontal,2,24.51,27.01,48.7,43.4,69,30.14,1.62,0.66,2,1.36,0,0,horizontal best
2026-08-24T15:35:03.875,2726,RAD,horizontal,2,24.51,27.01,39.0,47.5,72,30.34,1.00,0.72,2,1.52,0,0,horizontal best
2026-08-24T15:35:03.875,2726,RAD,horizontal,2,24.51,27.01,48.4,43.1,78,29.85,1.75,0.70,2,1.37,0,0,horizontal best
2026-08-24T15:35:03.969,2727,RAD,horizontal,1,24.51,27.01,44.2,43.5,142,30.34,1.00,0.49,3,0.99,0,0,horizontal best
2026-08-24T15:35:04.096,2728,RAD,horizontal,1,24.51,27.01,42.5,43.5,153,30.34,0.94,0.50,3,1.00,0,0,horizontal best
2026-08-24T15:35:04.191,2729,RAD,horizontal,1,24.48,26.98,42.0,43.4,152,30.30,0.94,0.50,5,0.90,0,0,horizontal best
2026-08-24T15:35:04.320,2730,RAD,horizontal,1,24.48,26.98,42.1,43.2,117,30.28,1.07,0.49,6,0.92,0,0,horizontal best
2026-08-24T15:35:04.416,2731,RAD,horizontal,1,24.48,26.98,42.1,43.2,108,30.28,1.00,0.48,6,0.76,0,0,horizontal best
2026-08-24T15:35:04.543,2732,RAD,horizontal,1,24.46,26.96,41.9,43.1,105,30.28,1.07,0.50,7,0.77,0,0,horizontal best
2026-08-24T15:35:04.673,2733,RAD,horizontal,1,24.46,26.96,41.3,43.2,142,30.23,1.13,0.56,4,0.85,0,0,horizontal best
2026-08-24T15:35:04.768,2734,RAD,horizontal,1,24.46,26.96,40.6,43.4,129,30.23,1.31,0.58,4,0.84,0,0,horizontal best
2026-08-24T15:35:04.896,2735,RAD,horizontal,1,24.46,26.96,39.6,43.7,76,30.28,1.56,0.60,6,0.72,0,0,horizontal best
2026-08-24T15:35:05.002,2736,RAD,horizontal,1,24.44,26.94,38.6,43.9,69,30.39,1.50,0.72,5,0.73,0,0,horizontal best
2026-08-24T15:35:05.124,2737,RAD,horizontal,1,24.44,26.94,37.7,43.6,113,30.39,1.55,0.60,4,0.86,0,0,horizontal best
2026-08-24T15:35:05.216,2738,RAD,horizontal,1,24.44,26.94,37.2,43.6,109,30.39,1.45,0.62,4,0.85,0,0,horizontal best
2026-08-24T15:35:05.344,2739,RAD,horizontal,1,24.41,26.91,36.9,43.5,110,30.39,1.33,0.57,3,0.84,0,0,horizontal best
2026-08-24T15:35:05.441,2740,RAD,horizontal,1,24.41,26.91,36.7,43.5,110,30.45,1.33,0.57,3,0.83,0,0,horizontal best
2026-08-24T15:35:05.569,2741,RAD,horizontal,1,24.39,26.89,36.6,43.4,114,30.45,1.42,0.56,3,0.85,0,0,horizontal best
2026-08-24T15:35:05.697,2742,RAD,horizontal,1,24.39,26.89,36.5,43.2,119,30.43,1.31,0.54,4,0.83,0,0,horizontal best
2026-08-24T15:35:05.793,2743,RAD,horizontal,1,24.37,26.87,36.5,43.0,82,30.43,1.36,0.50,5,0.74,0,0,horizontal best
2026-08-24T15:35:05.920,2744,RAD,horizontal,1,24.37,26.87,36.6,42.8,83,30.39,1.50,0.55,5,0.76,0,0,horizontal best
2026-08-24T15:35:06.017,2745,RAD,horizontal,1,24.32,26.82,36.7,42.7,120,30.39,1.55,0.64,4,0.84,0,0,horizontal best
2026-08-24T15:35:06.145,2746,RAD,horizontal,1,24.32,26.82,37.0,42.3,117,30.39,1.80,0.65,4,0.87,0,0,horizontal best
2026-08-24T15:35:06.241,2747,RAD,horizontal,1,24.37,26.87,37.3,42.1,115,30.43,1.90,0.61,4,0.92,0,0,horizontal best
2026-08-24T15:35:06.369,2748,RAD,horizontal,1,24.39,26.89,37.8,42.2,110,30.43,2.11,0.64,4,0.93,0,0,horizontal best
2026-08-24T15:35:06.466,2749,RAD,horizontal,1,24.39,26.89,39.0,43.0,118,30.41,1.90,0.62,4,1.43,0,0,horizontal best
2026-08-24T15:35:06.591,2750,RAD,horizontal,1,24.39,26.89,39.7,43.2,119,30.41,2.11,0.70,4,1.42,0,0,horizontal best
2026-08-24T15:35:06.722,2751,RAD,horizontal,1,24.39,26.89,40.2,43.2,122,30.39,2.00,0.61,4,1.46,0,0,horizontal best
2026-08-24T15:35:06.817,2752,RAD,horizontal,1,24.39,26.89,40.6,43.1,122,30.32,1.82,0.55,4,1.46,0,0,horizontal best
2026-08-24T15:35:06.945,2753,RAD,horizontal,1,24.39,26.89,41.0,43.0,122,30.32,1.54,0.47,4,1.49,0,0,horizontal best
2026-08-24T15:35:07.042,2754,RAD,horizontal,1,24.39,26.89,39.7,46.0,72,30.47,1.00,0.72,3,1.57,0,0,horizontal best
2026-08-24T15:35:07.176,2755,RAD,horizontal,1,24.37,26.87,39.0,47.2,69,30.45,1.11,0.77,3,1.54,0,0,horizontal best
2026-08-24T15:35:07.268,2756,RAD,horizontal,1,24.37,26.87,38.7,47.4,68,30.45,1.11,0.76,3,1.52,0,0,horizontal best
2026-08-24T15:35:07.395,2757,RAD,horizontal,1,24.35,26.85,38.7,47.4,68,30.45,1.11,0.76,3,1.51,0,0,horizontal best
2026-08-24T15:35:07.524,2758,RAD,horizontal,2,24.35,26.85,38.7,47.2,68,30.45,1.11,0.76,3,1.51,0,0,horizontal best
2026-08-24T15:35:07.524,2758,RAD,horizontal,2,24.35,26.85,49.6,33.4,24,29.59,2.00,0.75,1,0.82,0,0,horizontal best
2026-08-24T15:35:07.621,2759,RAD,horizontal,2,24.35,26.85,38.8,47.1,68,30.45,1.11,0.76,3,1.52,0,0,horizontal best
2026-08-24T15:35:07.621,2759,RAD,horizontal,2,24.35,26.85,51.0,33.6,24,29.81,1.60,0.60,1,0.75,0,0,horizontal best
2026-08-24T15:35:07.749,2760,RAD,horizontal,2,24.35,26.85,38.8,47.1,68,30.45,1.11,0.76,3,1.52,0,0,horizontal best
2026-08-24T15:35:07.749,2760,RAD,horizontal,2,24.35,26.85,53.0,33.8,29,29.65,2.25,0.81,1,1.38,0,0,horizontal best
2026-08-24T15:35:07.843,2761,RAD,horizontal,2,24.37,26.87,38.8,47.0,68,30.45,1.11,0.76,3,1.51,0,0,horizontal best
2026-08-24T15:35:07.843,2761,RAD,horizontal,2,24.37,26.87,53.7,32.9,24,29.94,2.00,0.75,1,0.94,0,0,horizontal best
2026-08-24T15:35:07.971,2762,RAD,horizontal,2,24.44,26.94,38.8,47.0,68,30.45,1.11,0.76,3,1.53,0,0,horizontal best
2026-08-24T15:35:07.971,2762,RAD,horizontal,2,24.44,26.94,55.5,33.7,29,30.03,2.25,0.81,1,1.42,0,0,horizontal best
2026-08-24T15:35:08.064,2763,RAD,horizontal,2,24.46,26.96,38.8,47.0,68,30.45,1.11,0.76,3,1.52,0,0,horizontal best
2026-08-24T15:35:08.064,2763,RAD,horizontal,2,24.46,26.96,56.9,34.1,28,29.70,2.25,0.78,1,1.41,0,0,horizontal best
2026-08-24T15:35:08.195,2764,RAD,horizontal,2,24.46,26.96,38.8,47.0,68,30.45,1.11,0.76,3,1.52,0,0,horizontal best
2026-08-24T15:35:08.195,2764,RAD,horizontal,2,24.46,26.96,58.6,34.2,29,29.90,2.25,0.81,1,1.49,0,0,horizontal best
2026-08-24T15:35:08.289,2765,RAD,horizontal,2,24.46,26.96,38.9,47.1,69,30.43,1.11,0.77,3,1.55,0,0,horizontal best
2026-08-24T15:35:08.289,2765,RAD,horizontal,2,24.46,26.96,59.9,34.0,32,30.32,1.60,0.80,1,1.41,0,0,horizontal best
2026-08-24T15:35:08.419,2766,RAD,horizontal,2,24.46,26.96,38.9,47.1,69,30.43,1.11,0.77,3,1.54,0,0,horizontal best
2026-08-24T15:35:08.419,2766,RAD,horizontal,2,24.46,26.96,61.2,33.4,35,30.25,1.50,0.65,2,1.27,0,0,horizontal best
2026-08-24T15:35:08.546,2767,RAD,horizontal,2,24.48,26.98,38.9,47.1,68,30.39,1.11,0.76,3,1.51,0,0,horizontal best
2026-08-24T15:35:08.546,2767,RAD,horizontal,2,24.48,26.98,62.1,32.9,37,30.12,1.14,0.66,1,1.22,0,0,horizontal best
2026-08-24T15:35:08.644,2768,RAD,horizontal,2,24.48,26.98,38.8,47.0,68,30.39,1.11,0.76,3,1.50,0,0,horizontal best
2026-08-24T15:35:08.644,2768,RAD,horizontal,2,24.48,26.98,63.2,33.2,42,30.25,0.78,0.67,2,1.22,0,0,horizontal best
2026-08-24T15:35:08.772,2769,RAD,horizontal,2,24.51,27.01,38.8,47.0,68,30.39,1.11,0.76,3,1.49,0,0,horizontal best
2026-08-24T15:35:08.772,2769,RAD,horizontal,2,24.51,27.01,63.6,33.2,36,29.72,1.00,0.73,1,1.05,0,0,horizontal best
2026-08-24T15:35:08.867,2770,RAD,horizontal,2,24.48,26.98,38.8,47.0,68,30.39,1.11,0.76,3,1.49,0,0,horizontal best
2026-08-24T15:35:08.867,2770,RAD,horizontal,2,24.48,26.98,63.8,33.3,37,29.74,1.00,0.76,1,1.11,0,0,horizontal best
2026-08-24T15:35:08.993,2771,RAD,horizontal,2,24.51,27.01,38.8,47.1,67,30.36,1.11,0.74,3,1.47,0,0,horizontal best
2026-08-24T15:35:08.993,2771,RAD,horizontal,2,24.51,27.01,63.8,33.3,38,30.14,1.00,0.78,1,1.21,0,0,horizontal best
2026-08-24T15:35:09.089,2772,RAD,horizontal,2,24.51,27.01,38.8,47.1,68,30.32,1.11,0.76,3,1.48,0,0,horizontal best
2026-08-24T15:35:09.089,2772,RAD,horizontal,2,24.51,27.01,64.0,33.3,40,30.14,1.00,0.82,2,1.28,0,0,horizontal best
2026-08-24T15:35:09.217,2773,RAD,horizontal,2,24.48,26.98,38.8,47.1,69,30.32,1.11,0.77,3,1.49,0,0,horizontal best
2026-08-24T15:35:09.217,2773,RAD,horizontal,2,24.48,26.98,64.1,33.1,41,29.99,1.14,0.73,2,1.22,0,0,horizontal best
2026-08-24T15:35:09.347,2774,RAD,horizontal,2,24.48,26.98,38.9,47.1,69,30.32,1.11,0.77,3,1.50,0,0,horizontal best
2026-08-24T15:35:09.347,2774,RAD,horizontal,2,24.48,26.98,64.4,33.3,45,30.05,1.12,0.62,2,1.43,0,0,horizontal best
2026-08-24T15:35:09.442,2775,RAD,horizontal,2,24.48,26.98,38.9,47.1,69,30.32,1.11,0.77,3,1.49,0,0,horizontal best
2026-08-24T15:35:09.442,2775,RAD,horizontal,2,24.48,26.98,64.6,33.6,40,30.05,1.14,0.71,2,1.45,0,0,horizontal best
2026-08-24T15:35:09.570,2776,RAD,horizontal,2,24.48,26.98,38.9,47.1,69,30.32,1.11,0.77,3,1.49,0,0,horizontal best
2026-08-24T15:35:09.570,2776,RAD,horizontal,2,24.48,26.98,64.5,33.6,38,30.05,1.33,0.79,2,1.34,0,0,horizontal best
2026-08-24T15:35:09.666,2777,RAD,horizontal,2,24.48,26.98,38.9,47.1,69,30.32,1.11,0.77,3,1.49,0,0,horizontal best
2026-08-24T15:35:09.666,2777,RAD,horizontal,2,24.48,26.98,64.3,33.8,38,29.90,1.33,0.79,2,1.42,0,0,horizontal best
2026-08-24T15:35:09.794,2778,RAD,horizontal,2,24.46,26.96,38.9,47.1,69,30.32,1.11,0.77,3,1.47,0,0,horizontal best
2026-08-24T15:35:09.794,2778,RAD,horizontal,2,24.46,26.96,63.9,33.8,40,30.23,1.14,0.71,2,1.41,0,0,horizontal best
2026-08-24T15:35:09.889,2779,RAD,horizontal,2,24.46,26.96,38.9,47.1,69,30.30,1.11,0.77,3,1.47,0,0,horizontal best
2026-08-24T15:35:09.889,2779,RAD,horizontal,2,24.46,26.96,63.1,34.2,40,30.10,1.00,0.82,2,1.45,0,0,horizontal best
2026-08-24T15:35:10.019,2780,RAD,horizontal,2,24.41,26.91,38.9,47.2,68,30.30,1.11,0.76,3,1.48,0,0,horizontal best
2026-08-24T15:35:10.019,2780,RAD,horizontal,2,24.41,26.91,61.9,34.5,41,30.10,1.14,0.73,3,1.37,0,0,horizontal best
2026-08-24T15:35:10.115,2781,RAD,horizontal,2,24.41,26.91,38.9,47.2,68,30.30,1.11,0.76,3,1.48,0,0,horizontal best
2026-08-24T15:35:10.115,2781,RAD,horizontal,2,24.41,26.91,60.7,34.8,51,30.21,1.00,0.80,3,1.40,0,0,horizontal best
2026-08-24T15:35:10.245,2782,RAD,horizontal,2,24.41,26.91,38.9,47.2,68,30.30,1.11,0.76,3,1.51,0,0,horizontal best
2026-08-24T15:35:10.245,2782,RAD,horizontal,2,24.41,26.91,59.8,35.2,53,29.74,0.89,0.74,2,1.34,0,0,horizontal best
2026-08-24T15:35:10.373,2783,RAD,horizontal,2,24.41,26.91,38.9,47.1,67,30.28,1.11,0.74,3,1.47,0,0,horizontal best
2026-08-24T15:35:10.373,2783,RAD,horizontal,2,24.41,26.91,59.4,35.3,52,29.85,0.78,0.83,2,1.35,0,0,horizontal best
2026-08-24T15:35:10.467,2784,RAD,horizontal,2,24.41,26.91,38.9,47.1,67,30.23,1.11,0.74,3,1.47,0,0,horizontal best
2026-08-24T15:35:10.467,2784,RAD,horizontal,2,24.41,26.91,59.0,35.5,49,29.90,1.00,0.77,2,1.24,0,0,horizontal best
2026-08-24T15:35:10.596,2785,RAD,horizontal,2,24.41,26.91,38.9,47.2,70,30.30,1.11,0.78,3,1.51,0,0,horizontal best
2026-08-24T15:35:10.596,2785,RAD,horizontal,2,24.41,26.91,58.7,35.6,54,29.97,0.89,0.75,2,1.28,0,0,horizontal best
2026-08-24T15:35:10.691,2786,RAD,horizontal,2,24.41,26.91,38.9,47.2,70,30.30,1.11,0.78,3,1.51,0,0,horizontal best
2026-08-24T15:35:10.691,2786,RAD,horizontal,2,24.41,26.91,58.5,35.7,53,29.94,0.89,0.74,3,1.28,0,0,horizontal best
2026-08-24T15:35:10.817,2787,RAD,horizontal,2,24.41,26.91,39.0,47.3,75,30.30,0.91,0.68,3,1.59,0,0,horizontal best
2026-08-24T15:35:10.817,2787,RAD,horizontal,2,24.41,26.91,58.7,35.9,53,29.48,0.70,0.76,2,1.39,0,0,horizontal best
2026-08-24T15:35:10.913,2788,RAD,horizontal,2,24.39,26.89,39.0,47.3,74,30.30,0.91,0.67,3,1.57,0,0,horizontal best
2026-08-24T15:35:10.913,2788,RAD,horizontal,2,24.39,26.89,58.8,36.0,53,29.48,0.70,0.76,2,1.39,0,0,horizontal best
2026-08-24T15:35:11.043,2789,RAD,horizontal,2,24.39,26.89,39.0,47.3,74,30.30,0.91,0.67,3,1.57,0,0,horizontal best
2026-08-24T15:35:11.043,2789,RAD,horizontal,2,24.39,26.89,58.6,35.9,49,29.59,0.78,0.78,2,1.26,0,0,horizontal best
2026-08-24T15:35:11.140,2790,RAD,horizontal,2,24.39,26.89,39.0,47.3,74,30.32,0.91,0.67,3,1.57,0,0,horizontal best
2026-08-24T15:35:11.140,2790,RAD,horizontal,2,24.39,26.89,58.5,35.9,49,29.70,0.78,0.78,2,1.26,0,0,horizontal best
2026-08-24T15:35:11.269,2791,RAD,horizontal,2,24.39,26.89,39.0,47.3,74,30.32,0.91,0.67,3,1.56,0,0,horizontal best
2026-08-24T15:35:11.269,2791,RAD,horizontal,2,24.39,26.89,58.5,35.8,49,29.85,0.78,0.78,2,1.25,0,0,horizontal best
2026-08-24T15:35:11.396,2792,RAD,horizontal,2,24.39,26.89,39.0,47.3,74,30.30,0.91,0.67,3,1.55,0,0,horizontal best
2026-08-24T15:35:11.396,2792,RAD,horizontal,2,24.39,26.89,58.5,35.9,48,29.97,0.78,0.76,2,1.23,0,0,horizontal best
2026-08-24T15:35:11.493,2793,RAD,horizontal,2,24.39,26.89,39.0,47.3,75,30.30,0.91,0.68,3,1.56,0,0,horizontal best
2026-08-24T15:35:11.493,2793,RAD,horizontal,2,24.39,26.89,58.5,35.9,48,29.83,0.78,0.76,2,1.22,0,0,horizontal best
2026-08-24T15:35:11.621,2794,RAD,horizontal,2,24.41,26.91,39.0,47.3,74,30.25,0.91,0.67,3,1.51,0,0,horizontal best
2026-08-24T15:35:11.621,2794,RAD,horizontal,2,24.41,26.91,58.5,35.9,48,29.54,0.78,0.76,2,1.21,0,0,horizontal best
2026-08-24T15:35:11.717,2795,RAD,horizontal,2,24.41,26.91,39.0,47.2,72,30.28,0.91,0.65,3,1.51,0,0,horizontal best
2026-08-24T15:35:11.717,2795,RAD,horizontal,2,24.41,26.91,58.5,35.9,49,29.54,0.78,0.78,2,1.21,0,0,horizontal best
2026-08-24T15:35:11.844,2796,RAD,horizontal,2,24.41,26.91,39.0,47.2,72,30.28,0.91,0.65,3,1.51,0,0,horizontal best
2026-08-24T15:35:11.844,2796,RAD,horizontal,2,24.41,26.91,58.8,35.8,44,29.37,0.88,0.79,3,1.22,0,0,horizontal best
2026-08-24T15:35:11.941,2797,RAD,horizontal,2,24.41,26.91,39.0,47.2,74,30.28,0.91,0.67,3,1.52,0,0,horizontal best
2026-08-24T15:35:11.941,2797,RAD,horizontal,2,24.41,26.91,59.0,35.5,48,29.37,1.00,0.75,2,1.17,0,0,horizontal best
2026-08-24T15:35:12.070,2798,RAD,horizontal,2,24.44,26.94,39.0,47.2,73,30.28,0.91,0.66,3,1.51,0,0,horizontal best
2026-08-24T15:35:12.070,2798,RAD,horizontal,2,24.44,26.94,59.2,35.5,47,29.52,1.00,0.73,2,1.27,0,0,horizontal best
2026-08-24T15:35:12.196,2799,RAD,horizontal,2,24.44,26.94,39.0,47.1,73,30.28,0.91,0.66,3,1.53,0,0,horizontal best
2026-08-24T15:35:12.196,2799,RAD,horizontal,2,24.44,26.94,59.9,35.3,50,29.39,1.12,0.69,2,1.36,0,0,horizontal best
2026-08-24T15:35:12.293,2800,RAD,horizontal,2,24.46,26.96,39.0,47.1,73,30.30,0.91,0.66,3,1.55,0,0,horizontal best
2026-08-24T15:35:12.293,2800,RAD,horizontal,2,24.46,26.96,60.4,35.1,49,29.63,1.12,0.68,3,1.38,0,0,horizontal best
2026-08-24T15:35:12.422,2801,RAD,horizontal,2,24.46,26.96,39.0,47.1,73,30.36,0.91,0.66,3,1.56,0,0,horizontal best
2026-08-24T15:35:12.422,2801,RAD,horizontal,2,24.46,26.96,61.0,34.8,44,29.68,1.14,0.79,3,1.28,0,0,horizontal best
2026-08-24T15:35:12.514,2802,RAD,horizontal,2,24.44,26.94,39.0,47.1,73,30.39,0.91,0.66,3,1.55,0,0,horizontal best
2026-08-24T15:35:12.514,2802,RAD,horizontal,2,24.44,26.94,61.2,34.7,42,29.70,1.14,0.75,3,1.28,0,0,horizontal best
2026-08-24T15:35:12.641,2803,RAD,horizontal,2,24.44,26.94,38.8,47.1,72,30.41,1.00,0.72,3,1.53,0,0,horizontal best
2026-08-24T15:35:12.641,2803,RAD,horizontal,2,24.44,26.94,61.8,34.5,42,29.72,1.14,0.75,3,1.34,0,0,horizontal best
2026-08-24T15:35:12.736,2804,RAD,horizontal,2,24.41,26.91,38.7,46.8,72,30.69,1.10,0.65,3,1.57,0,0,horizontal best
2026-08-24T15:35:12.736,2804,RAD,horizontal,2,24.41,26.91,61.9,34.6,43,29.94,1.14,0.77,3,1.31,0,0,horizontal best
2026-08-24T15:35:12.868,2805,RAD,horizontal,2,24.41,26.91,38.4,46.7,73,30.74,1.10,0.66,3,1.62,0,0,horizontal best
2026-08-24T15:35:12.868,2805,RAD,horizontal,2,24.41,26.91,61.8,34.7,42,29.94,1.14,0.75,2,1.30,0,0,horizontal best
2026-08-24T15:35:12.961,2806,RAD,horizontal,2,24.44,26.94,38.1,46.7,70,30.91,1.22,0.71,3,1.61,0,0,horizontal best
2026-08-24T15:35:12.961,2806,RAD,horizontal,2,24.44,26.94,61.7,35.0,45,29.94,1.29,0.71,2,1.37,0,0,horizontal best
2026-08-24T15:35:13.090,2807,RAD,horizontal,2,24.41,26.91,37.8,46.8,68,30.69,1.22,0.69,3,1.63,0,0,horizontal best
2026-08-24T15:35:13.090,2807,RAD,horizontal,2,24.41,26.91,61.3,35.0,42,29.79,1.29,0.67,3,1.23,0,0,horizontal best
2026-08-24T15:35:13.218,2808,RAD,horizontal,2,24.39,26.89,37.6,46.8,70,30.71,1.22,0.71,3,1.67,0,0,horizontal best
2026-08-24T15:35:13.218,2808,RAD,horizontal,2,24.39,26.89,61.0,35.1,44,29.81,1.29,0.70,3,1.35,0,0,horizontal best
2026-08-24T15:35:13.314,2809,RAD,horizontal,2,24.39,26.89,37.6,46.6,72,30.82,1.33,0.67,3,1.69,0,0,horizontal best
2026-08-24T15:35:13.314,2809,RAD,horizontal,2,24.39,26.89,60.8,35.1,44,29.83,1.29,0.70,2,1.40,0,0,horizontal best
2026-08-24T15:35:13.441,2810,RAD,horizontal,2,24.39,26.89,37.6,46.6,71,30.82,1.33,0.66,3,1.69,0,0,horizontal best
2026-08-24T15:35:13.441,2810,RAD,horizontal,2,24.39,26.89,60.8,34.9,40,30.01,1.14,0.71,2,1.39,0,0,horizontal best
2026-08-24T15:35:13.540,2811,RAD,horizontal,2,24.39,26.89,37.5,46.4,72,30.89,1.33,0.67,3,1.69,0,0,horizontal best
2026-08-24T15:35:13.540,2811,RAD,horizontal,2,24.39,26.89,61.1,34.5,40,29.77,1.29,0.63,2,1.41,0,0,horizontal best
2026-08-24T15:35:13.669,2812,RAD,horizontal,2,24.39,26.89,37.6,46.4,74,30.95,1.33,0.69,3,1.72,0,0,horizontal best
2026-08-24T15:35:13.669,2812,RAD,horizontal,2,24.39,26.89,61.8,34.2,41,29.90,1.29,0.65,2,1.45,0,0,horizontal best
2026-08-24T15:35:13.763,2813,RAD,horizontal,2,24.39,26.89,37.6,46.4,73,30.95,1.33,0.68,3,1.68,0,0,horizontal best
2026-08-24T15:35:13.763,2813,RAD,horizontal,2,24.39,26.89,62.7,33.9,39,30.03,1.14,0.70,2,1.48,0,0,horizontal best
2026-08-24T15:35:13.893,2814,RAD,horizontal,2,24.39,26.89,37.6,46.4,72,31.09,1.33,0.67,3,1.66,0,0,horizontal best
2026-08-24T15:35:13.893,2814,RAD,horizontal,2,24.39,26.89,63.6,33.6,37,29.90,1.33,0.77,2,1.52,0,0,horizontal best
2026-08-24T15:35:14.022,2815,RAD,horizontal,2,24.37,26.87,37.7,46.4,75,31.13,1.33,0.69,3,1.73,0,0,horizontal best
2026-08-24T15:35:14.022,2815,RAD,horizontal,2,24.37,26.87,64.4,33.2,36,30.25,1.50,0.67,2,1.51,0,0,horizontal best
2026-08-24T15:35:14.118,2816,RAD,horizontal,2,24.37,26.87,37.8,46.3,77,31.13,1.33,0.71,3,1.74,0,0,horizontal best
2026-08-24T15:35:14.118,2816,RAD,horizontal,2,24.37,26.87,65.0,33.2,40,30.01,1.29,0.63,2,1.59,0,0,horizontal best
2026-08-24T15:35:14.244,2817,RAD,horizontal,2,24.39,26.89,37.9,46.4,73,31.13,1.33,0.68,3,1.74,0,0,horizontal best
2026-08-24T15:35:14.244,2817,RAD,horizontal,2,24.39,26.89,65.4,33.0,36,30.01,1.33,0.75,2,1.54,0,0,horizontal best
2026-08-24T15:35:14.339,2818,RAD,horizontal,2,24.39,26.89,38.0,46.5,71,31.33,1.33,0.66,3,1.73,0,0,horizontal best
2026-08-24T15:35:14.339,2818,RAD,horizontal,2,24.39,26.89,65.7,33.2,34,29.88,1.17,0.81,2,1.45,0,0,horizontal best
2026-08-24T15:35:14.469,2819,RAD,horizontal,2,24.37,26.87,38.0,46.5,73,31.33,1.33,0.68,3,1.73,0,0,horizontal best
2026-08-24T15:35:14.469,2819,RAD,horizontal,2,24.37,26.87,66.2,33.4,32,29.59,1.17,0.76,2,1.53,0,0,horizontal best
2026-08-24T15:35:14.564,2820,RAD,horizontal,2,24.35,26.85,38.1,46.5,71,30.85,1.33,0.66,2,1.67,0,0,horizontal best
2026-08-24T15:35:14.564,2820,RAD,horizontal,2,24.35,26.85,66.6,33.5,35,30.01,1.17,0.83,2,1.41,0,0,horizontal best
2026-08-24T15:35:14.691,2821,RAD,horizontal,2,24.35,26.85,38.4,46.7,74,30.78,1.10,0.67,3,1.65,0,0,horizontal best
2026-08-24T15:35:14.691,2821,RAD,horizontal,2,24.35,26.85,67.3,33.6,33,29.59,1.00,0.92,2,1.28,0,0,horizontal best
2026-08-24T15:35:14.788,2822,RAD,horizontal,2,24.35,26.85,38.7,46.9,73,30.78,1.10,0.66,2,1.58,0,0,horizontal best
2026-08-24T15:35:14.788,2822,RAD,horizontal,2,24.35,26.85,68.5,33.9,37,29.63,1.00,0.76,2,1.32,0,0,horizontal best
2026-08-24T15:35:14.913,2823,RAD,horizontal,2,24.32,26.82,38.7,46.9,74,30.69,1.10,0.67,3,1.56,0,0,horizontal best
2026-08-24T15:35:14.913,2823,RAD,horizontal,2,24.32,26.82,69.8,34.4,42,29.52,1.14,0.75,2,1.32,0,0,horizontal best
2026-08-24T15:35:15.058,2824,RAD,horizontal,2,24.32,26.82,38.8,46.9,75,30.67,1.10,0.68,3,1.57,0,0,horizontal best
2026-08-24T15:35:15.058,2824,RAD,horizontal,2,24.32,26.82,71.2,34.4,46,29.52,1.12,0.64,2,1.34,0,0,horizontal best
2026-08-24T15:35:15.151,2825,RAD,horizontal,2,24.32,26.82,38.8,46.9,75,30.47,1.10,0.68,3,1.57,0,0,horizontal best
2026-08-24T15:35:15.151,2825,RAD,horizontal,2,24.32,26.82,72.2,34.0,46,29.83,1.12,0.64,2,1.35,0,0,horizontal best
2026-08-24T15:35:15.270,2826,RAD,horizontal,2,24.32,26.82,38.9,46.9,75,30.47,1.10,0.68,2,1.59,0,0,horizontal best
2026-08-24T15:35:15.270,2826,RAD,horizontal,2,24.32,26.82,73.0,33.7,45,30.05,1.14,0.80,1,1.34,0,0,horizontal best
2026-08-24T15:35:15.362,2827,RAD,horizontal,2,24.32,26.82,38.9,46.9,74,30.45,1.10,0.67,2,1.57,0,0,horizontal best
2026-08-24T15:35:15.362,2827,RAD,horizontal,2,24.32,26.82,73.7,33.4,43,30.08,1.29,0.68,1,1.43,0,0,horizontal best
2026-08-24T15:35:15.489,2828,RAD,horizontal,2,24.32,26.82,38.9,47.1,72,30.45,1.00,0.72,3,1.61,0,0,horizontal best
2026-08-24T15:35:15.489,2828,RAD,horizontal,2,24.32,26.82,74.0,33.6,44,30.19,1.29,0.70,2,1.37,0,0,horizontal best
2026-08-24T15:35:15.599,2829,RAD,horizontal,2,24.32,26.82,38.8,47.1,71,30.45,1.00,0.71,3,1.58,0,0,horizontal best
2026-08-24T15:35:15.599,2829,RAD,horizontal,2,24.32,26.82,74.3,34.0,50,30.28,1.12,0.69,1,1.40,0,0,horizontal best
2026-08-24T15:35:15.715,2830,RAD,horizontal,2,24.30,26.80,38.9,47.0,75,30.43,1.10,0.68,3,1.62,0,0,horizontal best
2026-08-24T15:35:15.715,2830,RAD,horizontal,2,24.30,26.80,74.4,34.3,48,30.28,1.12,0.67,1,1.39,0,0,horizontal best
2026-08-24T15:35:15.844,2831,RAD,horizontal,2,24.30,26.80,38.8,46.9,69,30.39,1.22,0.70,2,1.63,0,0,horizontal best
2026-08-24T15:35:15.844,2831,RAD,horizontal,2,24.30,26.80,74.4,34.4,49,30.36,1.12,0.68,1,1.38,0,0,horizontal best
2026-08-24T15:35:15.941,2832,RAD,horizontal,2,24.30,26.80,38.7,46.8,69,30.39,1.22,0.70,3,1.66,0,0,horizontal best
2026-08-24T15:35:15.941,2832,RAD,horizontal,2,24.30,26.80,74.2,34.6,50,30.34,1.25,0.62,1,1.37,0,0,horizontal best
2026-08-24T15:35:16.069,2833,RAD,horizontal,2,24.30,26.80,38.8,46.9,71,30.36,1.10,0.65,3,1.66,0,0,horizontal best
2026-08-24T15:35:16.069,2833,RAD,horizontal,2,24.30,26.80,74.1,34.7,51,30.43,1.25,0.64,1,1.34,0,0,horizontal best
2026-08-24T15:35:16.162,2834,RAD,horizontal,2,24.30,26.80,38.8,46.9,69,30.41,1.00,0.69,3,1.56,0,0,horizontal best
2026-08-24T15:35:16.162,2834,RAD,horizontal,2,24.30,26.80,74.1,35.0,52,30.43,1.12,0.72,1,1.30,0,0,horizontal best
2026-08-24T15:35:16.290,2835,RAD,horizontal,2,24.28,26.78,38.8,46.9,74,30.36,1.10,0.67,3,1.60,0,0,horizontal best
2026-08-24T15:35:16.290,2835,RAD,horizontal,2,24.28,26.78,74.2,35.8,58,30.12,1.11,0.64,2,1.31,0,0,horizontal best
2026-08-24T15:35:16.385,2836,RAD,horizontal,2,24.28,26.78,38.8,46.9,74,30.39,1.10,0.67,3,1.59,0,0,horizontal best
2026-08-24T15:35:16.385,2836,RAD,horizontal,2,24.28,26.78,74.2,36.2,61,30.14,1.22,0.62,2,1.38,0,0,horizontal best
2026-08-24T15:35:16.514,2837,RAD,horizontal,2,24.30,26.80,38.8,47.0,71,30.39,1.00,0.71,3,1.57,0,0,horizontal best
2026-08-24T15:35:16.514,2837,RAD,horizontal,2,24.30,26.80,73.7,36.4,63,30.47,1.38,0.72,2,1.37,0,0,horizontal best
2026-08-24T15:35:16.609,2838,RAD,horizontal,2,24.30,26.80,38.8,47.0,71,30.39,1.00,0.71,2,1.57,0,0,horizontal best
2026-08-24T15:35:16.609,2838,RAD,horizontal,2,24.30,26.80,72.8,36.5,61,30.16,1.38,0.69,2,1.37,0,0,horizontal best
2026-08-24T15:35:16.739,2839,RAD,horizontal,2,24.30,26.80,38.8,46.9,68,30.39,1.00,0.68,3,1.61,0,0,horizontal best
2026-08-24T15:35:16.739,2839,RAD,horizontal,2,24.30,26.80,71.4,36.9,60,30.28,1.71,0.71,2,1.31,0,0,horizontal best
2026-08-24T15:35:16.867,2840,RAD,horizontal,2,24.30,26.80,38.6,46.7,69,30.39,1.22,0.70,3,1.63,0,0,horizontal best
2026-08-24T15:35:16.867,2840,RAD,horizontal,2,24.30,26.80,69.8,37.4,65,30.30,1.62,0.62,2,1.38,0,0,horizontal best
2026-08-24T15:35:16.963,2841,RAD,horizontal,2,24.32,26.82,38.6,46.7,69,30.39,1.22,0.70,3,1.63,0,0,horizontal best
2026-08-24T15:35:16.963,2841,RAD,horizontal,2,24.32,26.82,68.1,37.8,62,30.21,1.50,0.65,2,1.32,0,0,horizontal best
2026-08-24T15:35:17.093,2842,RAD,horizontal,2,24.30,26.80,38.6,46.7,69,30.36,1.22,0.70,3,1.61,0,0,horizontal best
2026-08-24T15:35:17.093,2842,RAD,horizontal,2,24.30,26.80,66.6,37.9,61,30.28,1.50,0.64,2,1.43,0,0,horizontal best
2026-08-24T15:35:17.191,2843,RAD,horizontal,2,24.28,26.78,38.7,46.7,73,30.34,1.10,0.66,3,1.60,0,0,horizontal best
2026-08-24T15:35:17.191,2843,RAD,horizontal,2,24.28,26.78,65.0,38.1,62,30.25,1.71,0.74,2,1.36,0,0,horizontal best
2026-08-24T15:35:17.313,2844,RAD,horizontal,2,24.28,26.78,38.7,46.8,77,30.34,1.10,0.70,3,1.62,0,0,horizontal best
2026-08-24T15:35:17.313,2844,RAD,horizontal,2,24.28,26.78,63.3,38.7,60,30.43,1.71,0.71,2,1.38,0,0,horizontal best
2026-08-24T15:35:17.410,2845,RAD,horizontal,2,24.28,26.78,38.7,46.8,77,30.34,1.10,0.70,3,1.59,0,0,horizontal best
2026-08-24T15:35:17.410,2845,RAD,horizontal,2,24.28,26.78,61.4,39.2,63,30.36,1.86,0.69,2,1.30,0,0,horizontal best
2026-08-24T15:35:17.537,2846,RAD,horizontal,2,24.28,26.78,38.7,46.8,77,30.34,1.10,0.70,3,1.60,0,0,horizontal best
2026-08-24T15:35:17.537,2846,RAD,horizontal,2,24.28,26.78,59.7,39.7,64,30.41,1.62,0.62,2,1.40,0,0,horizontal best
2026-08-24T15:35:17.634,2847,RAD,horizontal,2,24.25,26.75,38.7,46.8,76,30.32,1.10,0.69,3,1.57,0,0,horizontal best
2026-08-24T15:35:17.634,2847,RAD,horizontal,2,24.25,26.75,58.1,40.1,68,30.23,1.62,0.65,3,1.27,0,0,horizontal best
2026-08-24T15:35:17.766,2848,RAD,horizontal,2,24.25,26.75,38.5,46.8,73,30.25,1.22,0.74,3,1.59,0,0,horizontal best
2026-08-24T15:35:17.766,2848,RAD,horizontal,2,24.25,26.75,56.7,40.3,71,30.52,1.62,0.68,2,1.27,0,0,horizontal best
2026-08-24T15:35:17.890,2849,RAD,horizontal,1,24.25,26.75,48.8,42.0,121,30.67,0.00,0.00,6,0.87,0,0,horizontal best
2026-08-24T15:35:17.984,2850,RAD,horizontal,1,24.25,26.75,45.2,42.8,119,30.85,0.00,0.00,6,0.85,0,0,horizontal best
2026-08-24T15:35:18.110,2851,RAD,horizontal,2,24.25,26.75,38.4,46.7,71,30.41,1.22,0.72,3,1.61,0,0,horizontal best
2026-08-24T15:35:18.110,2851,RAD,horizontal,2,24.25,26.75,49.9,41.8,81,31.09,1.33,0.75,3,1.29,0,0,horizontal best
2026-08-24T15:35:18.206,2852,RAD,horizontal,2,24.25,26.75,38.4,46.6,72,30.41,1.22,0.73,3,1.58,0,0,horizontal best
2026-08-24T15:35:18.206,2852,RAD,horizontal,2,24.25,26.75,52.0,41.4,87,30.78,1.20,0.72,3,1.31,0,0,horizontal best
2026-08-24T15:35:18.339,2853,RAD,horizontal,1,24.25,26.75,43.2,43.7,82,30.74,0.00,0.00,5,0.92,0,0,horizontal best
2026-08-24T15:35:18.432,2854,RAD,horizontal,1,24.25,26.75,45.1,43.0,127,30.69,0.00,0.00,6,0.86,0,0,horizontal best
2026-08-24T15:35:18.568,2855,RAD,horizontal,2,24.23,26.73,40.8,45.3,79,30.74,1.20,0.66,3,1.67,0,0,horizontal best
2026-08-24T15:35:18.568,2855,RAD,horizontal,2,24.23,26.73,52.8,43.1,88,30.58,1.09,0.67,3,1.32,0,0,horizontal best
2026-08-24T15:35:18.686,2856,RAD,horizontal,2,24.23,26.73,38.7,46.4,80,30.74,1.20,0.67,3,1.65,0,0,horizontal best
2026-08-24T15:35:18.686,2856,RAD,horizontal,2,24.23,26.73,52.8,43.5,92,30.76,1.18,0.64,3,1.34,0,0,horizontal best
2026-08-24T15:35:18.787,2857,RAD,horizontal,2,24.23,26.73,38.1,46.7,80,30.74,1.20,0.67,3,1.65,0,0,horizontal best
2026-08-24T15:35:18.787,2857,RAD,horizontal,2,24.23,26.73,53.0,44.1,87,30.82,0.92,0.66,3,1.35,0,0,horizontal best
2026-08-24T15:35:18.913,2858,RAD,horizontal,2,24.21,26.71,38.0,46.7,80,30.74,1.20,0.67,3,1.65,0,0,horizontal best
2026-08-24T15:35:18.913,2858,RAD,horizontal,2,24.21,26.71,53.1,44.5,91,30.28,0.92,0.69,3,1.40,0,0,horizontal best
2026-08-24T15:35:19.011,2859,RAD,horizontal,2,24.23,26.73,38.1,46.7,79,30.74,1.20,0.66,3,1.64,0,0,horizontal best
2026-08-24T15:35:19.011,2859,RAD,horizontal,2,24.23,26.73,53.1,44.7,88,30.03,0.83,0.73,4,1.37,0,0,horizontal best
2026-08-24T15:35:19.136,2860,RAD,horizontal,2,24.21,26.71,38.3,46.7,79,30.47,1.20,0.66,3,1.64,0,0,horizontal best
2026-08-24T15:35:19.136,2860,RAD,horizontal,2,24.21,26.71,53.4,44.7,83,29.99,0.91,0.75,3,1.40,0,0,horizontal best
2026-08-24T15:35:19.231,2861,RAD,horizontal,2,24.21,26.71,38.3,46.6,77,30.45,1.33,0.71,3,1.61,0,0,horizontal best
2026-08-24T15:35:19.231,2861,RAD,horizontal,2,24.21,26.71,53.7,44.8,78,30.14,0.91,0.71,3,1.44,0,0,horizontal best
2026-08-24T15:35:19.359,2862,RAD,horizontal,2,24.21,26.71,38.2,46.7,72,30.45,1.22,0.73,3,1.59,0,0,horizontal best
2026-08-24T15:35:19.359,2862,RAD,horizontal,2,24.21,26.71,54.1,44.6,73,30.14,0.90,0.81,3,1.41,0,0,horizontal best
2026-08-24T15:35:19.457,2863,RAD,horizontal,2,24.21,26.71,38.2,46.6,71,30.45,1.22,0.72,3,1.58,0,0,horizontal best
2026-08-24T15:35:19.457,2863,RAD,horizontal,2,24.21,26.71,54.3,44.6,71,30.21,0.80,0.89,3,1.36,0,0,horizontal best
2026-08-24T15:35:19.584,2864,RAD,horizontal,2,24.21,26.71,38.2,46.6,71,30.45,1.22,0.72,3,1.58,0,0,horizontal best
2026-08-24T15:35:19.584,2864,RAD,horizontal,2,24.21,26.71,54.3,44.4,77,30.30,1.00,0.77,3,1.39,0,0,horizontal best
2026-08-24T15:35:19.709,2865,RAD,horizontal,2,24.21,26.71,38.2,46.4,74,30.63,1.33,0.69,3,1.58,0,0,horizontal best
2026-08-24T15:35:19.709,2865,RAD,horizontal,2,24.21,26.71,54.3,44.3,77,30.50,1.00,0.77,3,1.43,0,0,horizontal best
2026-08-24T15:35:19.805,2866,RAD,horizontal,2,24.21,26.71,38.2,46.4,74,30.63,1.33,0.69,3,1.59,0,0,horizontal best
2026-08-24T15:35:19.805,2866,RAD,horizontal,2,24.21,26.71,54.1,44.3,78,30.47,0.91,0.71,3,1.44,0,0,horizontal best
2026-08-24T15:35:19.936,2867,RAD,horizontal,2,24.21,26.71,38.2,46.3,74,30.60,1.33,0.69,3,1.63,0,0,horizontal best
2026-08-24T15:35:19.936,2867,RAD,horizontal,2,24.21,26.71,54.0,44.4,78,30.47,0.91,0.71,3,1.45,0,0,horizontal best
2026-08-24T15:35:20.033,2868,RAD,horizontal,2,24.18,26.68,38.2,46.4,74,30.60,1.33,0.69,3,1.65,0,0,horizontal best
2026-08-24T15:35:20.033,2868,RAD,horizontal,2,24.18,26.68,54.0,44.4,78,30.47,0.91,0.71,3,1.44,0,0,horizontal best
2026-08-24T15:35:20.160,2869,RAD,horizontal,2,24.18,26.68,38.1,46.4,73,30.58,1.33,0.68,3,1.64,0,0,horizontal best
2026-08-24T15:35:20.160,2869,RAD,horizontal,2,24.18,26.68,54.1,44.3,77,30.54,1.00,0.77,3,1.45,0,0,horizontal best
2026-08-24T15:35:20.262,2870,RAD,horizontal,2,24.18,26.68,38.1,46.6,71,30.58,1.22,0.72,2,1.66,0,0,horizontal best
2026-08-24T15:35:20.262,2870,RAD,horizontal,2,24.18,26.68,54.2,44.2,76,30.50,1.00,0.76,3,1.53,0,0,horizontal best
2026-08-24T15:35:20.394,2871,RAD,horizontal,2,24.21,26.71,38.0,46.6,72,30.58,1.22,0.73,3,1.61,0,0,horizontal best
2026-08-24T15:35:20.394,2871,RAD,horizontal,2,24.21,26.71,54.3,44.2,76,30.71,1.00,0.76,2,1.58,0,0,horizontal best
2026-08-24T15:35:20.625,2872,RAD,horizontal,1,24.21,26.71,43.3,45.1,71,30.71,0.00,0.00,5,0.83,0,0,horizontal best
2026-08-24T15:35:20.839,2873,RAD,horizontal,1,24.21,26.71,45.4,44.5,73,30.76,0.00,0.00,5,0.86,0,0,horizontal best
2026-08-24T15:35:20.913,2874,RAD,horizontal,1,24.21,26.71,45.9,44.4,74,30.80,0.00,0.00,5,0.86,0,0,horizontal best
2026-08-24T15:35:20.976,2875,RAD,horizontal,1,24.21,26.71,45.8,44.4,74,30.71,0.00,0.00,5,0.83,0,0,horizontal best
2026-08-24T15:35:21.030,2876,RAD,horizontal,2,24.28,26.78,40.6,46.1,77,30.71,1.10,0.70,3,1.62,0,0,horizontal best
2026-08-24T15:35:21.030,2876,RAD,horizontal,2,24.28,26.78,54.2,44.4,76,30.52,1.00,0.76,2,1.55,0,0,horizontal best
2026-08-24T15:35:21.115,2877,RAD,horizontal,1,24.30,26.80,48.2,44.5,76,30.47,0.00,0.00,6,0.86,0,0,horizontal best
2026-08-24T15:35:21.236,2878,RAD,horizontal,1,24.28,26.78,46.0,44.7,65,30.45,0.33,0.34,5,0.78,0,0,horizontal best
2026-08-24T15:35:21.321,2879,RAD,horizontal,2,24.25,26.75,37.9,46.9,67,30.39,1.22,0.68,2,1.61,0,0,horizontal best
2026-08-24T15:35:21.321,2879,RAD,horizontal,2,24.25,26.75,51.7,44.7,73,30.50,0.90,0.81,4,1.49,0,0,horizontal best
2026-08-24T15:35:21.414,2880,RAD,horizontal,2,24.25,26.75,37.9,46.9,69,30.39,1.22,0.70,3,1.56,0,0,horizontal best
2026-08-24T15:35:21.414,2880,RAD,horizontal,2,24.25,26.75,54.3,44.7,76,30.50,1.00,0.76,4,1.55,0,0,horizontal best
2026-08-24T15:35:21.628,2881,RAD,horizontal,1,24.25,26.75,43.5,45.6,111,30.60,0.00,0.00,7,0.78,0,0,horizontal best
2026-08-24T15:35:21.672,2882,RAD,horizontal,1,24.25,26.75,45.9,45.0,111,30.60,0.00,0.00,7,0.77,0,0,horizontal best
2026-08-24T15:35:21.760,2883,RAD,horizontal,1,24.25,26.75,46.4,44.9,112,30.58,0.00,0.00,6,0.76,0,0,horizontal best
2026-08-24T15:35:21.858,2884,RAD,horizontal,1,24.28,26.78,46.3,44.9,112,30.50,0.00,0.00,6,0.76,0,0,horizontal best
2026-08-24T15:35:21.987,2885,RAD,horizontal,2,24.28,26.78,52.6,44.7,72,30.45,0.90,0.80,3,1.41,0,0,horizontal best
2026-08-24T15:35:21.987,2885,RAD,horizontal,2,24.28,26.78,39.2,46.8,76,30.36,1.10,0.69,3,1.55,0,0,horizontal best
2026-08-24T15:35:22.083,2886,RAD,horizontal,2,24.28,26.78,55.0,44.6,71,30.50,0.90,0.79,3,1.42,0,0,horizontal best
2026-08-24T15:35:22.083,2886,RAD,horizontal,2,24.28,26.78,37.8,47.0,76,30.34,1.10,0.69,3,1.56,0,0,horizontal best
2026-08-24T15:35:22.210,2887,RAD,horizontal,2,24.25,26.75,55.6,44.6,71,30.65,0.90,0.79,3,1.45,0,0,horizontal best
2026-08-24T15:35:22.210,2887,RAD,horizontal,2,24.25,26.75,37.8,47.0,76,30.34,1.10,0.69,3,1.58,0,0,horizontal best
2026-08-24T15:35:22.339,2888,RAD,horizontal,2,24.25,26.75,55.4,44.7,71,30.65,0.90,0.79,3,1.45,0,0,horizontal best
2026-08-24T15:35:22.339,2888,RAD,horizontal,2,24.25,26.75,38.0,46.9,74,30.34,1.10,0.67,3,1.56,0,0,horizontal best
2026-08-24T15:35:22.433,2889,RAD,horizontal,2,24.28,26.78,55.1,44.7,71,30.63,0.90,0.79,3,1.44,0,0,horizontal best
2026-08-24T15:35:22.433,2889,RAD,horizontal,2,24.28,26.78,38.2,46.9,74,30.34,1.10,0.67,3,1.56,0,0,horizontal best
2026-08-24T15:35:22.561,2890,RAD,horizontal,2,24.25,26.75,54.8,44.7,71,30.56,0.90,0.79,3,1.42,0,0,horizontal best
2026-08-24T15:35:22.561,2890,RAD,horizontal,2,24.25,26.75,38.4,46.9,74,30.28,1.10,0.67,3,1.57,0,0,horizontal best
2026-08-24T15:35:22.657,2891,RAD,horizontal,2,24.28,26.78,54.7,44.7,71,30.56,0.90,0.79,3,1.44,0,0,horizontal best
2026-08-24T15:35:22.657,2891,RAD,horizontal,2,24.28,26.78,38.3,46.8,70,30.36,1.22,0.71,3,1.50,0,0,horizontal best
2026-08-24T15:35:22.786,2892,RAD,horizontal,2,24.28,26.78,54.7,44.7,71,30.52,0.90,0.79,3,1.43,0,0,horizontal best
2026-08-24T15:35:22.786,2892,RAD,horizontal,2,24.28,26.78,38.3,46.8,71,30.34,1.22,0.72,3,1.58,0,0,horizontal best
2026-08-24T15:35:22.882,2893,RAD,horizontal,2,24.25,26.75,54.6,44.7,71,30.56,0.90,0.79,3,1.43,0,0,horizontal best
2026-08-24T15:35:22.882,2893,RAD,horizontal,2,24.25,26.75,38.3,46.7,69,30.30,1.22,0.70,3,1.58,0,0,horizontal best
2026-08-24T15:35:23.009,2894,RAD,horizontal,2,24.28,26.78,54.6,44.7,71,30.56,0.90,0.79,3,1.43,0,0,horizontal best
2026-08-24T15:35:23.009,2894,RAD,horizontal,2,24.28,26.78,38.2,46.6,70,30.41,1.22,0.71,3,1.61,0,0,horizontal best
2026-08-24T15:35:23.106,2895,RAD,horizontal,2,24.28,26.78,54.7,44.8,69,30.56,0.80,0.86,3,1.43,0,0,horizontal best
2026-08-24T15:35:23.106,2895,RAD,horizontal,2,24.28,26.78,38.2,46.6,70,30.41,1.22,0.71,3,1.60,0,0,horizontal best
2026-08-24T15:35:23.233,2896,RAD,horizontal,2,24.28,26.78,54.6,44.9,68,30.56,0.80,0.85,3,1.44,0,0,horizontal best
2026-08-24T15:35:23.233,2896,RAD,horizontal,2,24.28,26.78,38.3,46.6,71,30.39,1.22,0.72,3,1.60,0,0,horizontal best
2026-08-24T15:35:23.362,2897,RAD,horizontal,2,24.28,26.78,54.6,44.9,68,30.56,0.80,0.85,3,1.44,0,0,horizontal best
2026-08-24T15:35:23.362,2897,RAD,horizontal,2,24.28,26.78,38.4,46.7,75,30.36,1.10,0.68,3,1.58,0,0,horizontal best
2026-08-24T15:35:23.457,2898,RAD,horizontal,2,24.28,26.78,54.6,44.9,68,30.50,0.80,0.85,3,1.43,0,0,horizontal best
2026-08-24T15:35:23.457,2898,RAD,horizontal,2,24.28,26.78,38.4,46.8,76,30.36,1.10,0.69,3,1.57,0,0,horizontal best
2026-08-24T15:35:23.587,2899,RAD,horizontal,2,24.28,26.78,54.6,44.9,68,30.47,0.80,0.85,3,1.43,0,0,horizontal best
2026-08-24T15:35:23.587,2899,RAD,horizontal,2,24.28,26.78,38.5,46.8,76,30.36,1.10,0.69,3,1.56,0,0,horizontal best
2026-08-24T15:35:23.684,2900,RAD,horizontal,2,24.21,26.71,54.6,45.0,70,30.43,0.90,0.78,3,1.47,0,0,horizontal best
2026-08-24T15:35:23.684,2900,RAD,horizontal,2,24.21,26.71,38.4,46.7,72,30.34,1.22,0.73,3,1.56,0,0,horizontal best
2026-08-24T15:35:23.810,2901,RAD,horizontal,2,24.21,26.71,54.5,45.0,70,30.43,0.90,0.78,3,1.47,0,0,horizontal best
2026-08-24T15:35:23.810,2901,RAD,horizontal,2,24.21,26.71,38.3,46.7,72,30.32,1.22,0.73,3,1.63,0,0,horizontal best
2026-08-24T15:35:23.906,2902,RAD,horizontal,2,24.23,26.73,54.6,44.9,69,30.41,0.80,0.86,3,1.42,0,0,horizontal best
2026-08-24T15:35:23.906,2902,RAD,horizontal,2,24.23,26.73,38.3,46.7,73,30.36,1.22,0.74,3,1.59,0,0,horizontal best
2026-08-24T15:35:24.034,2903,RAD,horizontal,2,24.23,26.73,54.6,45.0,70,30.43,0.90,0.78,3,1.48,0,0,horizontal best
2026-08-24T15:35:24.034,2903,RAD,horizontal,2,24.23,26.73,38.3,46.7,75,30.36,1.10,0.68,3,1.54,0,0,horizontal best
2026-08-24T15:35:24.130,2904,RAD,horizontal,2,24.23,26.73,54.5,45.0,70,30.43,0.90,0.78,3,1.48,0,0,horizontal best
2026-08-24T15:35:24.130,2904,RAD,horizontal,2,24.23,26.73,38.4,46.8,77,30.36,1.10,0.70,3,1.57,0,0,horizontal best
2026-08-24T15:35:24.259,2905,RAD,horizontal,2,24.21,26.71,54.5,45.0,70,30.43,0.90,0.78,3,1.48,0,0,horizontal best
2026-08-24T15:35:24.259,2905,RAD,horizontal,2,24.21,26.71,38.5,46.8,77,30.36,1.10,0.70,3,1.57,0,0,horizontal best
2026-08-24T15:35:24.385,2906,RAD,horizontal,2,24.18,26.68,54.5,45.0,70,30.43,0.90,0.78,3,1.48,0,0,horizontal best
2026-08-24T15:35:24.385,2906,RAD,horizontal,2,24.18,26.68,38.5,46.8,77,30.36,1.10,0.70,3,1.57,0,0,horizontal best
2026-08-24T15:35:24.482,2907,RAD,horizontal,2,24.18,26.68,54.6,44.9,68,30.41,0.80,0.85,3,1.43,0,0,horizontal best
2026-08-24T15:35:24.482,2907,RAD,horizontal,2,24.18,26.68,38.5,46.8,77,30.36,1.10,0.70,3,1.56,0,0,horizontal best
2026-08-24T15:35:24.615,2908,RAD,horizontal,2,24.18,26.68,54.6,44.9,68,30.19,0.80,0.85,3,1.43,0,0,horizontal best
2026-08-24T15:35:24.615,2908,RAD,horizontal,2,24.18,26.68,38.5,46.9,77,30.36,1.10,0.70,3,1.58,0,0,horizontal best
2026-08-24T15:35:24.713,2909,RAD,horizontal,1,24.18,26.68,43.3,45.6,114,30.36,0.00,0.00,6,0.79,0,0,horizontal best
2026-08-24T15:35:24.846,2910,RAD,horizontal,1,24.18,26.68,45.4,45.0,113,30.36,0.00,0.00,6,0.78,0,0,horizontal best
2026-08-24T15:35:24.931,2911,RAD,horizontal,1,24.18,26.68,46.1,45.0,111,30.36,0.00,0.00,6,0.78,0,0,horizontal best
2026-08-24T15:35:25.061,2912,RAD,horizontal,1,24.21,26.71,46.2,45.1,111,30.39,0.00,0.00,6,0.80,0,0,horizontal best
2026-08-24T15:35:25.188,2913,RAD,horizontal,1,24.23,26.73,45.7,45.0,114,30.39,0.00,0.00,5,0.82,0,0,horizontal best
2026-08-24T15:35:25.282,2914,RAD,horizontal,1,24.25,26.75,45.4,45.0,114,30.54,0.00,0.00,6,0.85,0,0,horizontal best
2026-08-24T15:35:25.411,2915,RAD,horizontal,1,24.25,26.75,45.3,45.0,114,30.54,0.00,0.00,5,0.85,0,0,horizontal best
2026-08-24T15:35:25.506,2916,RAD,horizontal,1,24.25,26.75,45.2,45.0,114,30.54,0.00,0.00,5,0.86,0,0,horizontal best
2026-08-24T15:35:25.634,2917,RAD,horizontal,1,24.25,26.75,45.1,45.0,115,30.54,0.00,0.00,6,0.87,0,0,horizontal best
2026-08-24T15:35:25.729,2918,RAD,horizontal,1,24.25,26.75,45.2,45.0,116,30.41,0.00,0.00,6,0.89,0,0,horizontal best
2026-08-24T15:35:25.857,2919,RAD,horizontal,1,24.23,26.73,40.0,46.3,76,30.41,1.00,0.63,1,1.59,0,0,horizontal best
2026-08-24T15:35:25.953,2920,RAD,horizontal,1,24.23,26.73,37.9,46.8,73,30.39,1.00,0.60,1,1.59,0,0,horizontal best
2026-08-24T15:35:26.081,2921,RAD,horizontal,1,24.21,26.71,46.7,45.0,112,30.50,0.00,0.00,5,0.88,0,0,horizontal best
2026-08-24T15:35:26.206,2922,RAD,horizontal,1,24.18,26.68,44.7,45.0,110,30.50,0.00,0.00,5,0.88,0,0,horizontal best
2026-08-24T15:35:26.303,2923,RAD,horizontal,1,24.18,26.68,44.3,45.0,112,30.54,0.00,0.00,6,0.89,0,0,horizontal best
2026-08-24T15:35:26.433,2924,RAD,horizontal,1,24.18,26.68,44.6,45.0,112,30.47,0.00,0.00,7,0.88,0,0,horizontal best
2026-08-24T15:35:26.527,2925,RAD,horizontal,1,24.21,26.71,44.9,45.0,113,30.50,0.00,0.00,6,0.86,0,0,horizontal best
2026-08-24T15:35:26.656,2926,RAD,horizontal,1,24.21,26.71,45.1,45.0,113,30.50,0.00,0.00,6,0.84,0,0,horizontal best
2026-08-24T15:35:26.752,2927,RAD,horizontal,1,24.21,26.71,45.2,45.0,114,30.50,0.00,0.00,7,0.85,0,0,horizontal best
2026-08-24T15:35:26.878,2928,RAD,horizontal,1,24.21,26.71,45.3,45.0,114,30.50,0.00,0.00,7,0.87,0,0,horizontal best
2026-08-24T15:35:27.008,2929,RAD,horizontal,1,24.21,26.71,40.3,46.3,73,30.67,1.10,0.66,1,1.64,0,0,horizontal best
2026-08-24T15:35:27.104,2930,RAD,horizontal,1,24.21,26.71,38.4,46.8,72,30.67,1.22,0.73,1,1.73,0,0,horizontal best
2026-08-24T15:35:27.234,2931,RAD,horizontal,2,24.21,26.71,37.9,46.9,72,30.45,1.22,0.73,3,1.69,0,0,horizontal best
2026-08-24T15:35:27.234,2931,RAD,horizontal,2,24.21,26.71,54.6,44.7,75,30.28,1.00,0.75,4,1.53,0,0,horizontal best
2026-08-24T15:35:27.327,2932,RAD,horizontal,2,24.18,26.68,37.9,47.0,76,30.45,1.10,0.69,2,1.66,0,0,horizontal best
2026-08-24T15:35:27.327,2932,RAD,horizontal,2,24.18,26.68,54.6,44.7,75,30.25,1.00,0.75,4,1.53,0,0,horizontal best
2026-08-24T15:35:27.456,2933,RAD,horizontal,1,24.18,26.68,43.2,45.6,114,30.47,0.00,0.00,7,0.83,0,0,horizontal best
2026-08-24T15:35:27.551,2934,RAD,horizontal,1,24.21,26.71,45.4,45.0,115,30.63,0.00,0.00,5,0.84,0,0,horizontal best
2026-08-24T15:35:27.679,2935,RAD,horizontal,1,24.21,26.71,46.0,44.8,115,30.60,0.00,0.00,6,0.88,0,0,horizontal best
2026-08-24T15:35:27.775,2936,RAD,horizontal,1,24.18,26.68,46.1,44.8,112,30.60,0.00,0.00,5,0.86,0,0,horizontal best
2026-08-24T15:35:27.905,2937,RAD,horizontal,1,24.21,26.71,46.0,44.8,112,30.60,0.00,0.00,5,0.87,0,0,horizontal best
2026-08-24T15:35:28.032,2938,RAD,horizontal,1,24.21,26.71,45.7,44.9,114,30.60,0.00,0.00,8,0.85,0,0,horizontal best
2026-08-24T15:35:28.127,2939,RAD,horizontal,1,24.23,26.73,45.4,45.0,115,30.60,0.00,0.00,6,0.86,0,0,horizontal best
2026-08-24T15:35:28.260,2940,RAD,horizontal,1,24.23,26.73,40.2,46.3,74,30.60,1.10,0.67,1,1.60,0,0,horizontal best
2026-08-24T15:35:28.354,2941,RAD,horizontal,1,24.23,26.73,38.3,46.8,69,30.58,1.22,0.70,2,1.61,0,0,horizontal best
2026-08-24T15:35:28.482,2942,RAD,horizontal,2,24.25,26.75,37.9,46.9,70,30.65,1.22,0.71,1,1.69,0,0,horizontal best
2026-08-24T15:35:28.482,2942,RAD,horizontal,2,24.25,26.75,54.6,44.8,74,30.32,1.00,0.74,3,1.52,0,0,horizontal best
2026-08-24T15:35:28.579,2943,RAD,horizontal,2,24.25,26.75,38.0,46.8,69,30.65,1.22,0.70,2,1.64,0,0,horizontal best
2026-08-24T15:35:28.579,2943,RAD,horizontal,2,24.25,26.75,54.6,44.8,74,30.25,1.00,0.74,3,1.54,0,0,horizontal best
2026-08-24T15:35:28.704,2944,RAD,horizontal,2,24.23,26.73,38.1,46.9,74,30.63,1.10,0.67,2,1.62,0,0,horizontal best
2026-08-24T15:35:28.704,2944,RAD,horizontal,2,24.23,26.73,54.7,44.7,72,30.34,0.90,0.80,3,1.48,0,0,horizontal best
2026-08-24T15:35:28.833,2945,RAD,horizontal,2,24.23,26.73,38.3,46.9,75,30.60,1.10,0.68,2,1.61,0,0,horizontal best
2026-08-24T15:35:28.833,2945,RAD,horizontal,2,24.23,26.73,54.7,44.6,72,30.25,0.90,0.80,3,1.48,0,0,horizontal best
2026-08-24T15:35:28.928,2946,RAD,horizontal,2,24.21,26.71,38.4,46.8,75,30.58,1.10,0.68,2,1.60,0,0,horizontal best
2026-08-24T15:35:28.928,2946,RAD,horizontal,2,24.21,26.71,54.7,44.6,72,30.23,0.90,0.80,3,1.48,0,0,horizontal best
2026-08-24T15:35:29.058,2947,RAD,horizontal,2,24.21,26.71,38.6,46.7,71,30.60,1.22,0.72,2,1.67,0,0,horizontal best
2026-08-24T15:35:29.058,2947,RAD,horizontal,2,24.21,26.71,54.7,44.6,73,30.23,0.90,0.81,3,1.47,0,0,horizontal best
2026-08-24T15:35:29.157,2948,RAD,horizontal,2,24.21,26.71,38.7,46.7,70,30.60,1.22,0.71,3,1.70,0,0,horizontal best
2026-08-24T15:35:29.157,2948,RAD,horizontal,2,24.21,26.71,54.6,44.6,74,30.12,0.90,0.82,3,1.47,0,0,horizontal best
2026-08-24T15:35:29.286,2949,RAD,horizontal,2,24.23,26.73,38.5,46.8,73,30.60,1.10,0.66,2,1.62,0,0,horizontal best
2026-08-24T15:35:29.286,2949,RAD,horizontal,2,24.23,26.73,54.7,44.6,73,30.19,0.90,0.81,4,1.47,0,0,horizontal best
2026-08-24T15:35:29.381,2950,RAD,horizontal,2,24.23,26.73,38.4,46.9,76,30.56,1.10,0.69,2,1.60,0,0,horizontal best
2026-08-24T15:35:29.381,2950,RAD,horizontal,2,24.23,26.73,54.7,44.6,73,30.19,0.90,0.81,4,1.47,0,0,horizontal best
2026-08-24T15:35:29.507,2951,RAD,horizontal,2,24.23,26.73,38.3,46.9,76,30.50,1.10,0.69,2,1.59,0,0,horizontal best
2026-08-24T15:35:29.507,2951,RAD,horizontal,2,24.23,26.73,54.7,44.6,73,30.19,0.90,0.81,4,1.47,0,0,horizontal best
2026-08-24T15:35:29.600,2952,RAD,horizontal,2,24.23,26.73,38.5,46.8,70,30.52,1.22,0.71,2,1.60,0,0,horizontal best
2026-08-24T15:35:29.600,2952,RAD,horizontal,2,24.23,26.73,54.7,44.6,73,30.23,0.90,0.81,4,1.46,0,0,horizontal best
2026-08-24T15:35:29.730,2953,RAD,horizontal,2,24.21,26.71,38.6,46.7,70,30.50,1.22,0.71,2,1.68,0,0,horizontal best
2026-08-24T15:35:29.730,2953,RAD,horizontal,2,24.21,26.71,54.7,44.6,73,30.23,0.90,0.81,4,1.47,0,0,horizontal best
2026-08-24T15:35:29.856,2954,RAD,horizontal,2,24.21,26.71,38.6,46.7,71,30.50,1.22,0.72,2,1.59,0,0,horizontal best
2026-08-24T15:35:29.856,2954,RAD,horizontal,2,24.21,26.71,54.6,44.6,75,30.23,0.90,0.83,4,1.47,0,0,horizontal best
2026-08-24T15:35:29.954,2955,RAD,horizontal,2,24.23,26.73,38.5,46.8,73,30.54,1.10,0.66,2,1.58,0,0,horizontal best
2026-08-24T15:35:29.954,2955,RAD,horizontal,2,24.23,26.73,54.6,44.7,75,30.23,0.90,0.83,4,1.47,0,0,horizontal best
2026-08-24T15:35:30.084,2956,RAD,horizontal,2,24.21,26.71,38.4,46.9,73,30.54,1.10,0.66,2,1.59,0,0,horizontal best
2026-08-24T15:35:30.084,2956,RAD,horizontal,2,24.21,26.71,54.5,44.7,77,30.23,1.00,0.77,4,1.52,0,0,horizontal best
2026-08-24T15:35:30.178,2957,RAD,horizontal,2,24.21,26.71,38.6,46.8,69,30.54,1.22,0.70,2,1.62,0,0,horizontal best
2026-08-24T15:35:30.178,2957,RAD,horizontal,2,24.21,26.71,54.5,44.7,75,30.08,0.90,0.83,4,1.46,0,0,horizontal best
2026-08-24T15:35:30.304,2958,RAD,horizontal,2,24.21,26.71,38.7,46.7,69,30.54,1.22,0.70,2,1.65,0,0,horizontal best
2026-08-24T15:35:30.304,2958,RAD,horizontal,2,24.21,26.71,54.5,44.7,75,30.10,0.90,0.83,4,1.48,0,0,horizontal best
2026-08-24T15:35:30.404,2959,RAD,horizontal,2,24.18,26.68,38.7,46.8,70,30.56,1.22,0.71,2,1.59,0,0,horizontal best
2026-08-24T15:35:30.404,2959,RAD,horizontal,2,24.18,26.68,54.6,44.7,75,30.10,0.90,0.83,4,1.48,0,0,horizontal best
2026-08-24T15:35:30.531,2960,RAD,horizontal,2,24.18,26.68,38.5,46.8,73,30.54,1.10,0.66,2,1.57,0,0,horizontal best
2026-08-24T15:35:30.531,2960,RAD,horizontal,2,24.18,26.68,54.6,44.6,75,30.12,0.90,0.83,4,1.48,0,0,horizontal best
2026-08-24T15:35:30.627,2961,RAD,horizontal,2,24.18,26.68,38.4,46.8,73,30.52,1.10,0.66,2,1.58,0,0,horizontal best
2026-08-24T15:35:30.627,2961,RAD,horizontal,2,24.18,26.68,54.6,44.7,75,30.16,0.90,0.83,4,1.48,0,0,horizontal best
2026-08-24T15:35:30.765,2962,RAD,horizontal,2,24.21,26.71,38.6,46.7,70,30.52,1.22,0.71,2,1.67,0,0,horizontal best
2026-08-24T15:35:30.765,2962,RAD,horizontal,2,24.21,26.71,54.6,44.6,74,30.25,0.90,0.82,4,1.50,0,0,horizontal best
2026-08-24T15:35:30.887,2963,RAD,horizontal,2,24.21,26.71,38.8,46.7,71,30.50,1.22,0.72,1,1.67,0,0,horizontal best
2026-08-24T15:35:30.887,2963,RAD,horizontal,2,24.21,26.71,54.5,44.6,76,30.21,0.82,0.77,4,1.49,0,0,horizontal best
2026-08-24T15:35:31.003,2964,RAD,horizontal,2,24.21,26.71,38.8,46.7,71,30.50,1.22,0.72,2,1.62,0,0,horizontal best
2026-08-24T15:35:31.003,2964,RAD,horizontal,2,24.21,26.71,54.4,44.7,78,30.19,0.91,0.71,3,1.55,0,0,horizontal best
2026-08-24T15:35:31.108,2965,RAD,horizontal,2,24.23,26.73,38.6,46.8,73,30.56,1.10,0.66,2,1.62,0,0,horizontal best
2026-08-24T15:35:31.108,2965,RAD,horizontal,2,24.23,26.73,54.5,44.7,75,30.19,0.90,0.83,3,1.51,0,0,horizontal best
2026-08-24T15:35:31.201,2966,RAD,horizontal,2,24.23,26.73,38.6,46.7,68,30.54,1.22,0.69,2,1.62,0,0,horizontal best
2026-08-24T15:35:31.201,2966,RAD,horizontal,2,24.23,26.73,54.5,44.7,75,30.19,0.90,0.83,3,1.50,0,0,horizontal best
2026-08-24T15:35:31.329,2967,RAD,horizontal,2,24.21,26.71,38.7,46.7,68,30.52,1.22,0.69,2,1.61,0,0,horizontal best
2026-08-24T15:35:31.329,2967,RAD,horizontal,2,24.21,26.71,54.6,44.6,74,30.36,0.90,0.82,3,1.49,0,0,horizontal best
2026-08-24T15:35:31.425,2968,RAD,horizontal,2,24.21,26.71,38.7,46.8,70,30.60,1.22,0.71,2,1.69,0,0,horizontal best
2026-08-24T15:35:31.425,2968,RAD,horizontal,2,24.21,26.71,54.6,44.6,74,30.36,0.90,0.82,3,1.48,0,0,horizontal best
2026-08-24T15:35:31.553,2969,RAD,horizontal,2,24.18,26.68,38.8,46.8,70,30.60,1.22,0.71,2,1.66,0,0,horizontal best
2026-08-24T15:35:31.553,2969,RAD,horizontal,2,24.18,26.68,54.6,44.6,74,30.36,0.90,0.82,3,1.49,0,0,horizontal best
2026-08-24T15:35:31.682,2970,RAD,horizontal,2,24.18,26.68,38.7,46.9,71,30.47,1.22,0.72,2,1.67,0,0,horizontal best
2026-08-24T15:35:31.682,2970,RAD,horizontal,2,24.18,26.68,54.6,44.6,74,30.36,0.90,0.82,3,1.48,0,0,horizontal best
2026-08-24T15:35:31.778,2971,RAD,horizontal,2,24.18,26.68,38.7,46.9,71,30.50,1.22,0.72,2,1.67,0,0,horizontal best
2026-08-24T15:35:31.778,2971,RAD,horizontal,2,24.18,26.68,54.6,44.7,76,30.30,1.00,0.76,3,1.54,0,0,horizontal best
2026-08-24T15:35:31.907,2972,RAD,horizontal,2,24.21,26.71,38.7,46.9,71,30.52,1.22,0.72,2,1.64,0,0,horizontal best
2026-08-24T15:35:31.907,2972,RAD,horizontal,2,24.21,26.71,54.6,44.6,74,30.30,0.90,0.82,3,1.47,0,0,horizontal best
2026-08-24T15:35:32.002,2973,RAD,horizontal,2,24.21,26.71,38.7,46.9,71,30.47,1.22,0.72,2,1.62,0,0,horizontal best
2026-08-24T15:35:32.002,2973,RAD,horizontal,2,24.21,26.71,54.6,44.6,74,30.36,0.90,0.82,3,1.46,0,0,horizontal best
2026-08-24T15:35:32.129,2974,RAD,horizontal,2,24.21,26.71,38.6,46.9,73,30.47,1.10,0.66,2,1.60,0,0,horizontal best
2026-08-24T15:35:32.129,2974,RAD,horizontal,2,24.21,26.71,54.7,44.6,73,30.41,0.90,0.81,3,1.46,0,0,horizontal best
2026-08-24T15:35:32.225,2975,RAD,horizontal,2,24.21,26.71,38.7,46.9,71,30.58,1.22,0.72,2,1.60,0,0,horizontal best
2026-08-24T15:35:32.225,2975,RAD,horizontal,2,24.21,26.71,54.7,44.6,73,30.41,0.90,0.81,3,1.46,0,0,horizontal best
2026-08-24T15:35:32.353,2976,RAD,horizontal,2,24.18,26.68,38.7,46.9,69,30.43,1.22,0.70,2,1.61,0,0,horizontal best
2026-08-24T15:35:32.353,2976,RAD,horizontal,2,24.18,26.68,54.6,44.7,75,30.43,1.00,0.75,3,1.53,0,0,horizontal best
2026-08-24T15:35:32.449,2977,RAD,horizontal,2,24.18,26.68,38.7,46.8,70,30.50,1.22,0.71,3,1.69,0,0,horizontal best
2026-08-24T15:35:32.449,2977,RAD,horizontal,2,24.18,26.68,54.6,44.7,75,30.43,1.00,0.75,3,1.53,0,0,horizontal best
2026-08-24T15:35:32.580,2978,RAD,horizontal,2,24.23,26.73,38.7,46.9,71,30.56,1.22,0.72,2,1.60,0,0,horizontal best
2026-08-24T15:35:32.580,2978,RAD,horizontal,2,24.23,26.73,54.7,44.7,73,30.50,0.90,0.81,3,1.49,0,0,horizontal best
2026-08-24T15:35:32.709,2979,RAD,horizontal,2,24.23,26.73,38.6,46.9,70,30.58,1.22,0.71,2,1.60,0,0,horizontal best
2026-08-24T15:35:32.709,2979,RAD,horizontal,2,24.23,26.73,54.7,44.6,73,30.60,0.90,0.81,3,1.48,0,0,horizontal best
2026-08-24T15:35:32.803,2980,RAD,horizontal,2,24.23,26.73,38.6,46.8,70,30.60,1.22,0.71,2,1.59,0,0,horizontal best
2026-08-24T15:35:32.803,2980,RAD,horizontal,2,24.23,26.73,54.7,44.6,72,30.58,0.90,0.80,3,1.48,0,0,horizontal best
2026-08-24T15:35:32.932,2981,RAD,horizontal,2,24.25,26.75,38.6,46.8,71,30.76,1.22,0.72,1,1.65,0,0,horizontal best
2026-08-24T15:35:32.932,2981,RAD,horizontal,2,24.25,26.75,54.7,44.7,71,30.63,0.80,0.89,3,1.49,0,0,horizontal best
2026-08-24T15:35:33.028,2982,RAD,horizontal,2,24.25,26.75,38.7,46.7,70,30.74,1.22,0.71,2,1.63,0,0,horizontal best
2026-08-24T15:35:33.028,2982,RAD,horizontal,2,24.25,26.75,54.7,44.8,71,30.45,0.80,0.89,3,1.47,0,0,horizontal best
2026-08-24T15:35:33.155,2983,RAD,horizontal,2,24.25,26.75,38.8,46.8,70,30.74,1.22,0.71,3,1.69,0,0,horizontal best
2026-08-24T15:35:33.155,2983,RAD,horizontal,2,24.25,26.75,54.7,44.8,71,30.45,0.80,0.89,3,1.45,0,0,horizontal best
2026-08-24T15:35:33.249,2984,RAD,horizontal,2,24.30,26.80,38.7,46.9,73,30.74,1.33,0.68,2,1.65,0,0,horizontal best
2026-08-24T15:35:33.249,2984,RAD,horizontal,2,24.30,26.80,54.7,44.8,70,30.41,0.80,0.88,3,1.45,0,0,horizontal best
2026-08-24T15:35:33.378,2985,RAD,horizontal,2,24.30,26.80,38.7,47.0,74,30.74,1.33,0.69,2,1.67,0,0,horizontal best
2026-08-24T15:35:33.378,2985,RAD,horizontal,2,24.30,26.80,54.7,44.8,70,30.54,0.80,0.88,3,1.45,0,0,horizontal best
2026-08-24T15:35:33.504,2986,RAD,horizontal,1,24.30,26.80,43.7,45.7,114,30.74,0.00,0.00,5,0.89,0,0,horizontal best
2026-08-24T15:35:33.602,2987,RAD,horizontal,1,24.28,26.78,45.7,45.1,114,30.74,0.00,0.00,5,0.93,0,0,horizontal best
2026-08-24T15:35:33.739,2988,RAD,horizontal,2,24.30,26.80,41.3,46.1,70,30.74,1.22,0.71,1,1.65,0,0,horizontal best
2026-08-24T15:35:33.739,2988,RAD,horizontal,2,24.30,26.80,54.7,44.9,68,30.60,0.80,0.85,3,1.46,0,0,horizontal best
2026-08-24T15:35:33.823,2989,RAD,horizontal,1,24.28,26.78,44.5,45.3,108,30.74,0.00,0.00,5,0.90,0,0,horizontal best
2026-08-24T15:35:33.952,2990,RAD,horizontal,1,24.28,26.78,45.7,45.2,109,30.56,0.00,0.00,5,0.87,0,0,horizontal best
2026-08-24T15:35:34.050,2991,RAD,horizontal,2,24.25,26.75,40.7,46.3,73,30.56,1.10,0.66,1,1.58,0,0,horizontal best
2026-08-24T15:35:34.050,2991,RAD,horizontal,2,24.25,26.75,54.5,45.0,70,30.56,0.90,0.78,3,1.52,0,0,horizontal best
2026-08-24T15:35:34.176,2992,RAD,horizontal,2,24.25,26.75,38.5,46.8,73,30.56,1.10,0.66,1,1.58,0,0,horizontal best
2026-08-24T15:35:34.176,2992,RAD,horizontal,2,24.25,26.75,54.5,45.0,70,30.56,0.90,0.78,3,1.52,0,0,horizontal best
2026-08-24T15:35:34.273,2993,RAD,horizontal,2,24.25,26.75,37.8,47.0,73,30.56,1.10,0.66,1,1.57,0,0,horizontal best
2026-08-24T15:35:34.273,2993,RAD,horizontal,2,24.25,26.75,54.5,45.0,70,30.56,0.90,0.78,3,1.52,0,0,horizontal best
2026-08-24T15:35:34.403,2994,RAD,horizontal,2,24.25,26.75,37.9,46.9,72,30.52,1.10,0.65,1,1.57,0,0,horizontal best
2026-08-24T15:35:34.403,2994,RAD,horizontal,2,24.25,26.75,54.5,45.0,70,30.54,0.90,0.78,3,1.52,0,0,horizontal best
2026-08-24T15:35:34.531,2995,RAD,horizontal,2,24.28,26.78,38.1,46.9,72,30.45,1.10,0.65,1,1.61,0,0,horizontal best
2026-08-24T15:35:34.531,2995,RAD,horizontal,2,24.28,26.78,54.5,45.0,70,30.50,0.90,0.78,3,1.53,0,0,horizontal best
2026-08-24T15:35:34.627,2996,RAD,horizontal,2,24.28,26.78,38.4,46.7,69,30.56,1.22,0.70,2,1.68,0,0,horizontal best
2026-08-24T15:35:34.627,2996,RAD,horizontal,2,24.28,26.78,54.5,44.9,68,30.47,0.80,0.85,3,1.48,0,0,horizontal best
2026-08-24T15:35:34.756,2997,RAD,horizontal,2,24.30,26.80,38.6,46.7,69,30.47,1.22,0.70,3,1.64,0,0,horizontal best
2026-08-24T15:35:34.756,2997,RAD,horizontal,2,24.30,26.80,54.6,44.8,70,30.45,0.90,0.78,3,1.49,0,0,horizontal best
2026-08-24T15:35:34.852,2998,RAD,horizontal,2,24.30,26.80,38.6,46.7,70,30.69,1.22,0.71,1,1.65,0,0,horizontal best
2026-08-24T15:35:34.852,2998,RAD,horizontal,2,24.30,26.80,54.5,44.6,73,30.45,0.90,0.81,4,1.52,0,0,horizontal best
2026-08-24T15:35:34.980,2999,RAD,horizontal,2,24.30,26.80,38.4,46.9,73,30.69,1.10,0.66,1,1.60,0,0,horizontal best
2026-08-24T15:35:34.980,2999,RAD,horizontal,2,24.30,26.80,54.4,44.6,76,30.52,0.90,0.84,3,1.55,0,0,horizontal best
2026-08-24T15:35:35.069,3000,RAD,horizontal,2,24.32,26.82,38.4,46.9,73,30.67,1.10,0.66,1,1.59,0,0,horizontal best
2026-08-24T15:35:35.069,3000,RAD,horizontal,2,24.32,26.82,54.1,44.4,74,30.50,1.00,0.74,3,1.55,0,0,horizontal best
2026-08-24T15:35:35.204,3001,RAD,horizontal,1,24.30,26.80,43.4,45.4,113,30.67,0.00,0.00,5,0.93,0,0,horizontal best
2026-08-24T15:35:35.333,3002,RAD,horizontal,2,24.30,26.80,40.4,46.4,73,30.58,1.10,0.66,2,1.59,0,0,horizontal best
2026-08-24T15:35:35.333,3002,RAD,horizontal,2,24.30,26.80,53.3,44.0,72,30.91,1.11,0.80,3,1.56,0,0,horizontal best
2026-08-24T15:35:35.427,3003,RAD,horizontal,2,24.30,26.80,38.9,46.9,73,30.65,1.10,0.66,1,1.60,0,0,horizontal best
2026-08-24T15:35:35.427,3003,RAD,horizontal,2,24.30,26.80,53.1,43.9,72,31.00,1.11,0.80,3,1.69,0,0,horizontal best
2026-08-24T15:35:35.556,3004,RAD,horizontal,2,24.28,26.78,38.4,47.0,71,30.60,1.10,0.65,1,1.59,0,0,horizontal best
2026-08-24T15:35:35.556,3004,RAD,horizontal,2,24.28,26.78,53.0,44.0,70,31.00,1.11,0.78,3,1.68,0,0,horizontal best
2026-08-24T15:35:35.652,3005,RAD,horizontal,2,24.28,26.78,38.4,46.9,70,30.58,1.22,0.71,1,1.65,0,0,horizontal best
2026-08-24T15:35:35.652,3005,RAD,horizontal,2,24.28,26.78,53.0,44.1,69,31.00,1.11,0.77,2,1.69,0,0,horizontal best
2026-08-24T15:35:35.779,3006,RAD,horizontal,2,24.28,26.78,38.5,46.9,69,30.56,1.22,0.70,2,1.72,0,0,horizontal best
2026-08-24T15:35:35.779,3006,RAD,horizontal,2,24.28,26.78,53.0,44.1,69,31.00,1.11,0.77,2,1.69,0,0,horizontal best
2026-08-24T15:35:35.876,3007,RAD,horizontal,2,24.28,26.78,38.6,46.8,69,30.58,1.22,0.70,2,1.63,0,0,horizontal best
2026-08-24T15:35:35.876,3007,RAD,horizontal,2,24.28,26.78,53.0,44.1,69,31.00,1.11,0.77,3,1.69,0,0,horizontal best
2026-08-24T15:35:36.004,3008,RAD,horizontal,2,24.28,26.78,38.6,46.8,70,30.67,1.22,0.71,2,1.62,0,0,horizontal best
2026-08-24T15:35:36.004,3008,RAD,horizontal,2,24.28,26.78,53.1,44.1,69,30.98,1.11,0.77,3,1.64,0,0,horizontal best
2026-08-24T15:35:36.097,3009,RAD,horizontal,2,24.30,26.80,38.6,46.9,70,30.65,1.22,0.71,2,1.61,0,0,horizontal best
2026-08-24T15:35:36.097,3009,RAD,horizontal,2,24.30,26.80,53.1,44.2,68,30.82,1.11,0.76,3,1.61,0,0,horizontal best
2026-08-24T15:35:36.225,3010,RAD,horizontal,2,24.28,26.78,38.7,46.9,71,30.67,1.22,0.72,2,1.62,0,0,horizontal best
2026-08-24T15:35:36.225,3010,RAD,horizontal,2,24.28,26.78,53.2,44.2,68,30.82,1.11,0.76,3,1.64,0,0,horizontal best
2026-08-24T15:35:36.353,3011,RAD,horizontal,1,24.28,26.78,43.5,45.2,111,30.80,0.00,0.00,5,1.03,0,0,horizontal best
2026-08-24T15:35:36.450,3012,RAD,horizontal,1,24.30,26.80,45.5,44.5,110,30.80,0.00,0.00,5,1.01,0,0,horizontal best
2026-08-24T15:35:36.579,3013,RAD,horizontal,1,24.28,26.78,45.5,44.5,111,30.74,0.00,0.00,5,1.01,0,0,horizontal best
2026-08-24T15:35:36.672,3014,RAD,horizontal,1,24.28,26.78,45.2,44.6,110,30.71,0.00,0.00,5,0.95,0,0,horizontal best
2026-08-24T15:35:36.804,3015,RAD,horizontal,1,24.28,26.78,45.0,44.8,109,30.71,0.00,0.00,5,0.96,0,0,horizontal best
2026-08-24T15:35:36.899,3016,RAD,horizontal,1,24.30,26.80,44.8,44.8,109,30.69,0.00,0.00,6,0.98,0,0,horizontal best
2026-08-24T15:35:37.027,3017,RAD,horizontal,1,24.30,26.80,44.8,44.8,108,30.69,0.00,0.00,6,1.00,0,0,horizontal best
2026-08-24T15:35:37.123,3018,RAD,horizontal,1,24.28,26.78,45.1,44.6,104,30.69,0.00,0.00,5,0.97,0,0,horizontal best
2026-08-24T15:35:37.250,3019,RAD,horizontal,1,24.28,26.78,40.6,46.1,68,30.69,1.22,0.69,2,1.64,0,0,horizontal best
2026-08-24T15:35:37.379,3020,RAD,horizontal,1,24.28,26.78,38.6,46.9,71,30.71,1.22,0.72,1,1.65,0,0,horizontal best
2026-08-24T15:35:37.476,3021,RAD,horizontal,2,24.25,26.75,38.1,47.1,70,30.69,1.22,0.71,1,1.63,0,0,horizontal best
2026-08-24T15:35:37.476,3021,RAD,horizontal,2,24.25,26.75,53.5,44.3,72,30.74,1.00,0.72,2,1.69,0,0,horizontal best
2026-08-24T15:35:37.605,3022,RAD,horizontal,2,24.28,26.78,38.0,47.1,72,30.69,1.10,0.65,2,1.61,0,0,horizontal best
2026-08-24T15:35:37.605,3022,RAD,horizontal,2,24.28,26.78,53.5,44.3,71,30.74,1.00,0.71,2,1.69,0,0,horizontal best
2026-08-24T15:35:37.701,3023,RAD,horizontal,1,24.28,26.78,42.7,45.5,109,30.74,0.00,0.00,5,1.00,0,0,horizontal best
2026-08-24T15:35:37.825,3024,RAD,horizontal,2,24.25,26.75,40.3,46.3,70,30.78,1.22,0.71,1,1.65,0,0,horizontal best
2026-08-24T15:35:37.825,3024,RAD,horizontal,2,24.25,26.75,53.6,44.2,73,30.78,1.00,0.73,3,1.73,0,0,horizontal best
2026-08-24T15:35:37.921,3025,RAD,horizontal,2,24.25,26.75,39.1,46.7,68,30.76,1.22,0.69,2,1.66,0,0,horizontal best
2026-08-24T15:35:37.921,3025,RAD,horizontal,2,24.25,26.75,53.7,44.2,72,30.78,1.00,0.72,2,1.72,0,0,horizontal best
2026-08-24T15:35:38.049,3026,RAD,horizontal,2,24.25,26.75,38.6,46.7,69,30.76,1.22,0.70,2,1.70,0,0,horizontal best
2026-08-24T15:35:38.049,3026,RAD,horizontal,2,24.25,26.75,53.7,44.3,73,30.85,1.00,0.73,2,1.73,0,0,horizontal best
2026-08-24T15:35:38.176,3027,RAD,horizontal,2,24.25,26.75,38.5,46.7,69,30.76,1.22,0.70,2,1.64,0,0,horizontal best
2026-08-24T15:35:38.176,3027,RAD,horizontal,2,24.25,26.75,53.7,44.2,74,30.87,1.00,0.74,2,1.72,0,0,horizontal best
2026-08-24T15:35:38.274,3028,RAD,horizontal,2,24.23,26.73,38.5,46.8,70,30.76,1.22,0.71,2,1.64,0,0,horizontal best
2026-08-24T15:35:38.274,3028,RAD,horizontal,2,24.23,26.73,53.7,44.2,74,30.89,1.00,0.74,2,1.71,0,0,horizontal best
2026-08-24T15:35:38.403,3029,RAD,horizontal,2,24.23,26.73,38.5,46.9,70,30.76,1.22,0.71,2,1.62,0,0,horizontal best
2026-08-24T15:35:38.403,3029,RAD,horizontal,2,24.23,26.73,53.7,44.2,74,31.02,1.00,0.74,2,1.76,0,0,horizontal best
2026-08-24T15:35:38.500,3030,RAD,horizontal,2,24.23,26.73,38.6,46.9,70,30.76,1.22,0.71,2,1.61,0,0,horizontal best
2026-08-24T15:35:38.500,3030,RAD,horizontal,2,24.23,26.73,53.8,44.2,72,31.02,1.11,0.80,2,1.77,0,0,horizontal best
2026-08-24T15:35:38.628,3031,RAD,horizontal,2,24.23,26.73,38.7,46.8,68,30.76,1.22,0.69,2,1.62,0,0,horizontal best
2026-08-24T15:35:38.628,3031,RAD,horizontal,2,24.23,26.73,53.9,44.3,71,30.98,1.11,0.79,2,1.76,0,0,horizontal best
2026-08-24T15:35:38.720,3032,RAD,horizontal,1,24.28,26.78,43.8,45.2,106,30.98,0.00,0.00,5,1.01,0,0,horizontal best
2026-08-24T15:35:38.852,3033,RAD,horizontal,2,24.25,26.75,40.8,46.1,67,30.65,1.22,0.68,2,1.67,0,0,horizontal best
2026-08-24T15:35:38.852,3033,RAD,horizontal,2,24.25,26.75,53.9,44.4,68,30.95,1.11,0.76,1,1.75,0,0,horizontal best
2026-08-24T15:35:38.943,3034,RAD,horizontal,1,24.25,26.75,44.3,45.1,101,30.74,0.00,0.00,5,0.97,0,0,horizontal best
2026-08-24T15:35:39.073,3035,RAD,horizontal,1,24.23,26.73,45.8,44.6,101,30.74,0.00,0.00,5,0.90,0,0,horizontal best
2026-08-24T15:35:39.203,3036,RAD,horizontal,2,24.21,26.71,41.1,46.3,65,30.58,1.11,0.72,2,1.65,0,0,horizontal best
2026-08-24T15:35:39.203,3036,RAD,horizontal,2,24.21,26.71,53.3,44.6,70,30.23,1.22,0.71,3,1.51,0,0,horizontal best
2026-08-24T15:35:39.298,3037,RAD,horizontal,2,24.21,26.71,38.9,47.1,65,30.58,1.11,0.72,2,1.65,0,0,horizontal best
2026-08-24T15:35:39.298,3037,RAD,horizontal,2,24.21,26.71,53.2,44.6,70,30.45,1.22,0.71,3,1.48,0,0,horizontal best
2026-08-24T15:35:39.426,3038,RAD,horizontal,2,24.18,26.68,38.3,47.3,65,30.58,1.11,0.72,2,1.64,0,0,horizontal best
2026-08-24T15:35:39.426,3038,RAD,horizontal,2,24.18,26.68,53.1,44.6,72,30.43,1.10,0.65,3,1.50,0,0,horizontal best
2026-08-24T15:35:39.520,3039,RAD,horizontal,2,24.18,26.68,38.2,47.3,66,30.58,1.11,0.73,2,1.67,0,0,horizontal best
2026-08-24T15:35:39.520,3039,RAD,horizontal,2,24.18,26.68,53.0,44.7,74,30.43,1.10,0.67,3,1.53,0,0,horizontal best
2026-08-24T15:35:39.649,3040,RAD,horizontal,2,24.16,26.66,38.4,47.2,65,30.56,1.11,0.72,2,1.63,0,0,horizontal best
2026-08-24T15:35:39.649,3040,RAD,horizontal,2,24.16,26.66,53.0,44.8,74,29.88,1.10,0.67,3,1.51,0,0,horizontal best
2026-08-24T15:35:39.744,3041,RAD,horizontal,2,24.16,26.66,38.5,47.2,65,30.56,1.11,0.72,2,1.62,0,0,horizontal best
2026-08-24T15:35:39.744,3041,RAD,horizontal,2,24.16,26.66,53.0,44.8,74,29.79,1.10,0.67,3,1.50,0,0,horizontal best
2026-08-24T15:35:39.873,3042,RAD,horizontal,2,24.16,26.66,38.6,47.1,67,30.56,1.11,0.74,1,1.63,0,0,horizontal best
2026-08-24T15:35:39.873,3042,RAD,horizontal,2,24.16,26.66,53.0,44.9,73,29.92,1.00,0.73,3,1.50,0,0,horizontal best
2026-08-24T15:35:39.999,3043,RAD,horizontal,1,24.16,26.66,43.7,45.6,107,30.58,0.00,0.00,5,0.97,0,0,horizontal best
2026-08-24T15:35:40.096,3044,RAD,horizontal,1,24.14,26.64,45.7,45.0,107,30.58,0.00,0.00,5,0.99,0,0,horizontal best
2026-08-24T15:35:40.222,3045,RAD,horizontal,1,24.11,26.61,45.9,45.0,112,30.41,0.00,0.00,5,1.01,0,0,horizontal best
2026-08-24T15:35:40.320,3046,RAD,horizontal,1,24.11,26.61,45.6,45.1,114,30.36,0.00,0.00,5,1.02,0,0,horizontal best
2026-08-24T15:35:40.448,3047,RAD,horizontal,1,24.11,26.61,45.2,45.2,116,30.32,0.00,0.00,5,0.98,0,0,horizontal best
2026-08-24T15:35:40.542,3048,RAD,horizontal,1,24.11,26.61,45.0,45.2,115,30.41,0.00,0.00,6,0.96,0,0,horizontal best
2026-08-24T15:35:40.671,3049,RAD,horizontal,1,24.11,26.61,45.0,45.1,113,30.43,0.00,0.00,7,0.94,0,0,horizontal best
2026-08-24T15:35:40.768,3050,RAD,horizontal,1,24.11,26.61,45.0,45.1,113,30.45,0.00,0.00,7,0.95,0,0,horizontal best
2026-08-24T15:35:40.896,3051,RAD,horizontal,1,24.09,26.59,45.0,45.1,113,30.41,0.00,0.00,6,0.95,0,0,horizontal best
2026-08-24T15:35:41.023,3052,RAD,horizontal,1,24.09,26.59,45.0,45.1,114,30.39,0.00,0.00,6,0.95,0,0,horizontal best
2026-08-24T15:35:41.118,3053,RAD,horizontal,1,24.07,26.57,45.0,45.2,114,30.39,0.00,0.00,6,0.95,0,0,horizontal best
2026-08-24T15:35:41.244,3054,RAD,horizontal,1,24.07,26.57,40.3,46.5,66,30.43,1.11,0.73,2,1.64,0,0,horizontal best
2026-08-24T15:35:41.340,3055,RAD,horizontal,1,24.07,26.57,38.5,47.1,66,30.43,1.11,0.73,2,1.63,0,0,horizontal best
2026-08-24T15:35:41.469,3056,RAD,horizontal,2,24.07,26.57,38.0,47.2,66,30.43,1.11,0.73,2,1.65,0,0,horizontal best
2026-08-24T15:35:41.469,3056,RAD,horizontal,2,24.07,26.57,52.7,44.8,80,30.16,1.10,0.73,3,1.49,0,0,horizontal best
2026-08-24T15:35:41.564,3057,RAD,horizontal,2,24.07,26.57,38.1,47.2,66,30.43,1.11,0.73,2,1.64,0,0,horizontal best
2026-08-24T15:35:41.564,3057,RAD,horizontal,2,24.07,26.57,52.7,44.7,81,30.25,1.10,0.74,3,1.51,0,0,horizontal best
2026-08-24T15:35:41.696,3058,RAD,horizontal,2,24.07,26.57,38.3,47.1,66,30.43,1.11,0.73,2,1.64,0,0,horizontal best
2026-08-24T15:35:41.696,3058,RAD,horizontal,2,24.07,26.57,52.8,44.7,86,30.21,1.00,0.71,3,1.62,0,0,horizontal best
2026-08-24T15:35:41.826,3059,RAD,horizontal,2,24.07,26.57,38.6,47.0,66,30.43,1.11,0.73,2,1.64,0,0,horizontal best
2026-08-24T15:35:41.826,3059,RAD,horizontal,2,24.07,26.57,52.7,44.6,88,30.95,1.00,0.73,4,1.62,0,0,horizontal best
2026-08-24T15:35:41.923,3060,RAD,horizontal,2,24.07,26.57,38.7,47.0,66,30.41,1.11,0.73,2,1.64,0,0,horizontal best
2026-08-24T15:35:41.923,3060,RAD,horizontal,2,24.07,26.57,52.7,44.5,89,30.95,1.00,0.74,3,1.61,0,0,horizontal best
2026-08-24T15:35:42.053,3061,RAD,horizontal,2,24.04,26.54,38.8,47.0,66,30.41,1.11,0.73,2,1.64,0,0,horizontal best
2026-08-24T15:35:42.053,3061,RAD,horizontal,2,24.04,26.54,52.6,44.5,88,30.95,1.00,0.73,3,1.59,0,0,horizontal best
2026-08-24T15:35:42.146,3062,RAD,horizontal,2,24.02,26.52,38.8,47.0,66,30.39,1.11,0.73,2,1.63,0,0,horizontal best
2026-08-24T15:35:42.146,3062,RAD,horizontal,2,24.02,26.52,52.6,44.5,88,30.87,1.00,0.73,2,1.61,0,0,horizontal best
2026-08-24T15:35:42.277,3063,RAD,horizontal,2,24.02,26.52,38.8,47.0,66,30.39,1.11,0.73,2,1.66,0,0,horizontal best
2026-08-24T15:35:42.277,3063,RAD,horizontal,2,24.02,26.52,52.4,44.4,90,30.82,1.09,0.68,3,1.61,0,0,horizontal best
2026-08-24T15:35:42.370,3064,RAD,horizontal,2,24.02,26.52,38.8,46.9,68,30.32,1.22,0.69,2,1.65,0,0,horizontal best
2026-08-24T15:35:42.370,3064,RAD,horizontal,2,24.02,26.52,52.3,44.2,90,30.82,1.09,0.68,3,1.61,0,0,horizontal best
2026-08-24T15:35:42.498,3065,RAD,horizontal,2,24.00,26.50,38.7,46.8,67,30.39,1.22,0.68,2,1.66,0,0,horizontal best
2026-08-24T15:35:42.498,3065,RAD,horizontal,2,24.00,26.50,52.4,44.1,88,30.87,1.09,0.67,3,1.63,0,0,horizontal best
2026-08-24T15:35:42.591,3066,RAD,horizontal,2,24.00,26.50,38.5,46.8,72,30.78,1.10,0.65,2,1.72,0,0,horizontal best
2026-08-24T15:35:42.591,3066,RAD,horizontal,2,24.00,26.50,52.5,44.0,82,30.78,1.33,0.76,3,1.59,0,0,horizontal best
2026-08-24T15:35:42.720,3067,RAD,horizontal,2,24.00,26.50,38.5,46.6,74,30.82,1.20,0.62,2,1.71,0,0,horizontal best
2026-08-24T15:35:42.720,3067,RAD,horizontal,2,24.00,26.50,52.5,44.0,83,30.78,1.33,0.77,3,1.61,0,0,horizontal best
2026-08-24T15:35:42.848,3068,RAD,horizontal,2,24.02,26.52,38.5,46.5,77,30.80,1.44,0.66,2,1.71,0,0,horizontal best
2026-08-24T15:35:42.848,3068,RAD,horizontal,2,24.02,26.52,52.4,43.9,84,30.69,1.33,0.78,3,1.59,0,0,horizontal best
2026-08-24T15:35:42.944,3069,RAD,horizontal,2,24.02,26.52,38.5,46.5,77,30.95,1.44,0.66,2,1.72,0,0,horizontal best
2026-08-24T15:35:42.944,3069,RAD,horizontal,2,24.02,26.52,52.4,43.8,84,30.65,1.33,0.78,3,1.59,0,0,horizontal best
2026-08-24T15:35:43.071,3070,RAD,horizontal,2,24.07,26.57,38.5,46.4,76,30.91,1.33,0.70,2,1.71,0,0,horizontal best
2026-08-24T15:35:43.071,3070,RAD,horizontal,2,24.07,26.57,52.4,43.8,84,30.80,1.33,0.78,3,1.60,0,0,horizontal best
2026-08-24T15:35:43.169,3071,RAD,horizontal,2,24.09,26.59,38.5,46.5,76,30.89,1.20,0.63,2,1.69,0,0,horizontal best
2026-08-24T15:35:43.169,3071,RAD,horizontal,2,24.09,26.59,52.4,43.8,84,30.78,1.33,0.78,3,1.62,0,0,horizontal best
2026-08-24T15:35:43.298,3072,RAD,horizontal,2,24.09,26.59,38.4,46.5,75,30.89,1.20,0.62,2,1.69,0,0,horizontal best
2026-08-24T15:35:43.298,3072,RAD,horizontal,2,24.09,26.59,52.4,43.8,83,30.76,1.33,0.77,3,1.63,0,0,horizontal best
2026-08-24T15:35:43.392,3073,RAD,horizontal,2,24.09,26.59,38.4,46.5,77,30.89,1.20,0.64,1,1.75,0,0,horizontal best
2026-08-24T15:35:43.392,3073,RAD,horizontal,2,24.09,26.59,52.3,43.8,81,30.80,1.33,0.75,3,1.72,0,0,horizontal best
2026-08-24T15:35:43.521,3074,RAD,horizontal,2,24.09,26.59,38.4,46.6,77,30.87,1.20,0.64,1,1.75,0,0,horizontal best
2026-08-24T15:35:43.521,3074,RAD,horizontal,2,24.09,26.59,52.1,43.9,79,30.80,1.33,0.73,3,1.67,0,0,horizontal best
2026-08-24T15:35:43.617,3075,RAD,horizontal,2,24.09,26.59,38.4,46.6,76,30.85,1.20,0.63,1,1.76,0,0,horizontal best
2026-08-24T15:35:43.617,3075,RAD,horizontal,2,24.09,26.59,51.9,43.9,82,30.69,1.33,0.76,2,1.70,0,0,horizontal best
2026-08-24T15:35:43.744,3076,RAD,horizontal,2,24.09,26.59,38.4,46.6,76,30.85,1.20,0.63,1,1.76,0,0,horizontal best
2026-08-24T15:35:43.744,3076,RAD,horizontal,2,24.09,26.59,51.7,43.9,82,30.67,1.33,0.76,2,1.72,0,0,horizontal best
2026-08-24T15:35:43.871,3077,RAD,horizontal,2,24.07,26.57,38.4,46.6,76,30.85,1.20,0.63,1,1.75,0,0,horizontal best
2026-08-24T15:35:43.871,3077,RAD,horizontal,2,24.07,26.57,51.7,44.0,81,30.63,1.33,0.75,3,1.70,0,0,horizontal best
2026-08-24T15:35:43.967,3078,RAD,horizontal,2,24.07,26.57,38.4,46.7,75,30.85,1.20,0.62,2,1.74,0,0,horizontal best
2026-08-24T15:35:43.967,3078,RAD,horizontal,2,24.07,26.57,51.6,44.0,80,30.63,1.33,0.74,3,1.72,0,0,horizontal best
2026-08-24T15:35:44.096,3079,RAD,horizontal,2,24.04,26.54,38.5,46.6,76,30.85,1.20,0.63,2,1.75,0,0,horizontal best
2026-08-24T15:35:44.096,3079,RAD,horizontal,2,24.04,26.54,51.6,44.0,80,30.63,1.33,0.74,3,1.71,0,0,horizontal best
2026-08-24T15:35:44.192,3080,RAD,horizontal,2,24.04,26.54,38.5,46.8,74,30.82,1.10,0.67,2,1.76,0,0,horizontal best
2026-08-24T15:35:44.192,3080,RAD,horizontal,2,24.04,26.54,51.6,44.0,79,30.65,1.33,0.73,3,1.71,0,0,horizontal best
2026-08-24T15:35:44.320,3081,RAD,horizontal,2,24.02,26.52,38.5,46.8,73,30.80,1.10,0.66,2,1.75,0,0,horizontal best
2026-08-24T15:35:44.320,3081,RAD,horizontal,2,24.02,26.52,51.6,43.9,78,30.65,1.33,0.72,3,1.70,0,0,horizontal best
2026-08-24T15:35:44.416,3082,RAD,horizontal,2,24.02,26.52,38.5,46.9,73,30.80,1.10,0.66,2,1.75,0,0,horizontal best
2026-08-24T15:35:44.416,3082,RAD,horizontal,2,24.02,26.52,51.7,43.9,79,30.63,1.33,0.73,3,1.70,0,0,horizontal best
2026-08-24T15:35:44.545,3083,RAD,horizontal,2,24.02,26.52,38.5,46.9,73,30.80,1.10,0.66,2,1.75,0,0,horizontal best
2026-08-24T15:35:44.545,3083,RAD,horizontal,2,24.02,26.52,51.7,43.9,79,30.63,1.33,0.73,3,1.69,0,0,horizontal best
2026-08-24T15:35:44.672,3084,RAD,horizontal,2,24.02,26.52,38.5,46.9,73,30.80,1.10,0.66,2,1.75,0,0,horizontal best
2026-08-24T15:35:44.672,3084,RAD,horizontal,2,24.02,26.52,51.7,43.9,79,30.63,1.33,0.73,3,1.69,0,0,horizontal best
2026-08-24T15:35:44.768,3085,RAD,horizontal,2,24.00,26.50,38.5,46.9,73,30.80,1.10,0.66,2,1.75,0,0,horizontal best
2026-08-24T15:35:44.768,3085,RAD,horizontal,2,24.00,26.50,51.8,43.9,80,30.58,1.33,0.74,3,1.70,0,0,horizontal best
2026-08-24T15:35:44.897,3086,RAD,horizontal,2,24.02,26.52,38.5,46.9,73,30.80,1.10,0.66,2,1.75,0,0,horizontal best
2026-08-24T15:35:44.897,3086,RAD,horizontal,2,24.02,26.52,51.8,43.9,80,30.60,1.33,0.74,3,1.70,0,0,horizontal best
2026-08-24T15:35:44.992,3087,RAD,horizontal,2,24.00,26.50,38.5,46.8,73,30.80,1.10,0.66,2,1.75,0,0,horizontal best
2026-08-24T15:35:44.992,3087,RAD,horizontal,2,24.00,26.50,51.8,43.8,79,30.60,1.33,0.73,3,1.67,0,0,horizontal best
2026-08-24T15:35:45.125,3088,RAD,horizontal,2,24.00,26.50,38.5,46.8,73,30.80,1.10,0.66,2,1.75,0,0,horizontal best
2026-08-24T15:35:45.125,3088,RAD,horizontal,2,24.00,26.50,51.9,43.7,78,30.60,1.33,0.72,3,1.67,0,0,horizontal best
2026-08-24T15:35:45.215,3089,RAD,horizontal,2,23.98,26.48,38.5,46.8,73,30.80,1.10,0.66,2,1.75,0,0,horizontal best
2026-08-24T15:35:45.215,3089,RAD,horizontal,2,23.98,26.48,51.9,43.8,79,30.60,1.33,0.73,3,1.68,0,0,horizontal best
2026-08-24T15:35:45.344,3090,RAD,horizontal,2,23.98,26.48,38.5,46.8,73,30.80,1.10,0.66,2,1.74,0,0,horizontal best
2026-08-24T15:35:45.344,3090,RAD,horizontal,2,23.98,26.48,51.9,43.8,81,30.60,1.33,0.75,3,1.68,0,0,horizontal best
2026-08-24T15:35:45.440,3091,RAD,horizontal,2,23.95,26.45,38.5,46.8,72,30.80,1.10,0.65,2,1.74,0,0,horizontal best
2026-08-24T15:35:45.440,3091,RAD,horizontal,2,23.95,26.45,51.9,43.8,81,30.58,1.33,0.75,3,1.67,0,0,horizontal best
2026-08-24T15:35:45.568,3092,RAD,horizontal,2,23.93,26.43,38.5,46.8,73,30.78,1.10,0.66,2,1.73,0,0,horizontal best
2026-08-24T15:35:45.568,3092,RAD,horizontal,2,23.93,26.43,51.9,43.8,80,30.58,1.33,0.74,3,1.64,0,0,horizontal best
2026-08-24T15:35:45.696,3093,RAD,horizontal,2,23.93,26.43,38.5,46.7,73,30.76,1.10,0.66,2,1.72,0,0,horizontal best
2026-08-24T15:35:45.696,3093,RAD,horizontal,2,23.93,26.43,51.9,43.9,81,30.54,1.33,0.75,3,1.63,0,0,horizontal best
2026-08-24T15:35:45.792,3094,RAD,horizontal,2,23.93,26.43,38.5,46.7,74,30.76,1.10,0.67,2,1.71,0,0,horizontal best
2026-08-24T15:35:45.792,3094,RAD,horizontal,2,23.93,26.43,52.0,43.9,81,30.52,1.33,0.75,3,1.61,0,0,horizontal best
2026-08-24T15:35:45.920,3095,RAD,horizontal,2,23.93,26.43,38.5,46.8,75,30.76,1.10,0.68,2,1.69,0,0,horizontal best
2026-08-24T15:35:45.920,3095,RAD,horizontal,2,23.93,26.43,52.0,44.0,82,30.50,1.20,0.68,3,1.68,0,0,horizontal best
2026-08-24T15:35:46.016,3096,RAD,horizontal,2,23.93,26.43,38.5,46.8,74,30.67,1.10,0.67,2,1.68,0,0,horizontal best
2026-08-24T15:35:46.016,3096,RAD,horizontal,2,23.93,26.43,52.1,44.0,82,30.50,1.20,0.68,3,1.68,0,0,horizontal best
2026-08-24T15:35:46.144,3097,RAD,horizontal,2,23.93,26.43,38.6,46.7,70,30.67,1.22,0.71,2,1.70,0,0,horizontal best
2026-08-24T15:35:46.144,3097,RAD,horizontal,2,23.93,26.43,52.1,44.0,82,30.50,1.20,0.68,3,1.67,0,0,horizontal best
2026-08-24T15:35:46.241,3098,RAD,horizontal,2,23.91,26.41,38.7,46.7,70,30.67,1.22,0.71,2,1.70,0,0,horizontal best
2026-08-24T15:35:46.241,3098,RAD,horizontal,2,23.91,26.41,52.1,44.0,82,30.50,1.20,0.68,3,1.68,0,0,horizontal best
2026-08-24T15:35:46.370,3099,RAD,horizontal,2,23.91,26.41,38.7,46.7,70,30.67,1.22,0.71,1,1.70,0,0,horizontal best
2026-08-24T15:35:46.370,3099,RAD,horizontal,2,23.91,26.41,52.1,44.0,82,30.45,1.20,0.68,3,1.68,0,0,horizontal best
2026-08-24T15:35:46.496,3100,RAD,horizontal,2,23.91,26.41,38.7,46.7,70,30.65,1.22,0.71,1,1.70,0,0,horizontal best
2026-08-24T15:35:46.496,3100,RAD,horizontal,2,23.91,26.41,52.0,44.0,82,30.45,1.20,0.68,3,1.63,0,0,horizontal best
2026-08-24T15:35:46.591,3101,RAD,horizontal,2,23.91,26.41,38.7,46.7,69,30.60,1.22,0.70,1,1.69,0,0,horizontal best
2026-08-24T15:35:46.591,3101,RAD,horizontal,2,23.91,26.41,52.0,44.0,83,30.41,1.20,0.69,3,1.65,0,0,horizontal best
2026-08-24T15:35:46.721,3102,RAD,horizontal,2,23.91,26.41,38.6,46.7,69,30.60,1.22,0.70,1,1.70,0,0,horizontal best
2026-08-24T15:35:46.721,3102,RAD,horizontal,2,23.91,26.41,52.0,44.0,84,30.52,1.20,0.70,3,1.66,0,0,horizontal best
2026-08-24T15:35:46.816,3103,RAD,horizontal,2,23.91,26.41,38.6,46.7,69,30.58,1.22,0.70,1,1.70,0,0,horizontal best
2026-08-24T15:35:46.816,3103,RAD,horizontal,2,23.91,26.41,52.0,43.8,80,30.52,1.10,0.73,3,1.60,0,0,horizontal best
2026-08-24T15:35:46.945,3104,RAD,horizontal,2,23.91,26.41,38.6,46.7,69,30.50,1.22,0.70,2,1.73,0,0,horizontal best
2026-08-24T15:35:46.945,3104,RAD,horizontal,2,23.91,26.41,52.0,43.7,82,30.54,1.10,0.75,3,1.57,0,0,horizontal best
2026-08-24T15:35:47.040,3105,RAD,horizontal,2,23.93,26.43,38.6,46.8,70,30.50,1.22,0.71,2,1.74,0,0,horizontal best
2026-08-24T15:35:47.040,3105,RAD,horizontal,2,23.93,26.43,52.0,43.7,85,30.43,1.20,0.71,3,1.62,0,0,horizontal best
2026-08-24T15:35:47.169,3106,RAD,horizontal,2,23.93,26.43,38.6,46.8,70,30.41,1.22,0.71,2,1.74,0,0,horizontal best
2026-08-24T15:35:47.169,3106,RAD,horizontal,2,23.93,26.43,52.1,43.6,81,30.43,1.10,0.74,3,1.58,0,0,horizontal best
2026-08-24T15:35:47.264,3107,RAD,horizontal,2,23.93,26.43,38.6,46.8,70,30.41,1.22,0.71,2,1.76,0,0,horizontal best
2026-08-24T15:35:47.264,3107,RAD,horizontal,2,23.93,26.43,52.1,43.5,81,30.52,1.10,0.74,3,1.62,0,0,horizontal best
2026-08-24T15:35:47.395,3108,RAD,horizontal,2,23.98,26.48,38.6,46.8,70,30.41,1.22,0.71,2,1.72,0,0,horizontal best
2026-08-24T15:35:47.395,3108,RAD,horizontal,2,23.98,26.48,52.2,43.5,80,30.54,1.44,0.68,3,1.67,0,0,horizontal best
2026-08-24T15:35:47.522,3109,RAD,horizontal,2,23.98,26.48,38.6,46.8,70,30.41,1.22,0.71,2,1.71,0,0,horizontal best
2026-08-24T15:35:47.522,3109,RAD,horizontal,2,23.98,26.48,52.1,43.4,79,30.78,1.62,0.76,3,1.66,0,0,horizontal best
2026-08-24T15:35:47.614,3110,RAD,horizontal,1,23.98,26.48,43.2,44.8,109,30.78,0.00,0.00,5,0.98,0,0,horizontal best
2026-08-24T15:35:47.742,3111,RAD,horizontal,1,23.98,26.48,45.0,44.1,105,30.78,0.00,0.00,5,0.89,0,0,horizontal best
2026-08-24T15:35:47.840,3112,RAD,horizontal,2,24.00,26.50,40.7,45.8,67,30.36,1.38,0.76,2,1.64,0,0,horizontal best
2026-08-24T15:35:47.840,3112,RAD,horizontal,2,24.00,26.50,52.2,43.3,75,30.78,1.50,0.78,3,1.63,0,0,horizontal best
2026-08-24T15:35:47.968,3113,RAD,horizontal,2,24.00,26.50,38.7,46.6,67,30.36,1.38,0.76,2,1.64,0,0,horizontal best
2026-08-24T15:35:47.968,3113,RAD,horizontal,2,24.00,26.50,52.3,43.2,73,30.78,1.50,0.76,3,1.62,0,0,horizontal best
2026-08-24T15:35:48.065,3114,RAD,horizontal,2,24.00,26.50,38.1,46.9,67,30.36,1.38,0.76,2,1.63,0,0,horizontal best
2026-08-24T15:35:48.065,3114,RAD,horizontal,2,24.00,26.50,52.3,43.2,73,30.78,1.50,0.76,3,1.61,0,0,horizontal best
2026-08-24T15:35:48.202,3115,RAD,horizontal,2,24.00,26.50,38.0,46.9,68,30.39,1.38,0.77,2,1.63,0,0,horizontal best
2026-08-24T15:35:48.202,3115,RAD,horizontal,2,24.00,26.50,52.3,43.2,73,30.78,1.50,0.76,3,1.61,0,0,horizontal best
2026-08-24T15:35:48.290,3116,RAD,horizontal,2,24.02,26.52,38.1,46.8,67,30.39,1.38,0.76,2,1.63,0,0,horizontal best
2026-08-24T15:35:48.290,3116,RAD,horizontal,2,24.02,26.52,52.3,43.2,73,30.78,1.50,0.76,3,1.61,0,0,horizontal best
2026-08-24T15:35:48.418,3117,RAD,horizontal,2,24.00,26.50,38.3,46.8,67,30.39,1.38,0.76,2,1.63,0,0,horizontal best
2026-08-24T15:35:48.418,3117,RAD,horizontal,2,24.00,26.50,52.3,43.2,72,30.78,1.50,0.75,3,1.62,0,0,horizontal best
2026-08-24T15:35:48.545,3118,RAD,horizontal,2,23.98,26.48,38.3,46.7,68,30.34,1.38,0.77,2,1.63,0,0,horizontal best
2026-08-24T15:35:48.545,3118,RAD,horizontal,2,23.98,26.48,52.3,43.2,74,30.78,1.50,0.77,3,1.63,0,0,horizontal best
2026-08-24T15:35:48.640,3119,RAD,horizontal,2,23.95,26.45,38.4,46.7,69,30.28,1.38,0.78,2,1.62,0,0,horizontal best
2026-08-24T15:35:48.640,3119,RAD,horizontal,2,23.95,26.45,52.2,43.2,74,30.76,1.50,0.77,3,1.65,0,0,horizontal best
2026-08-24T15:35:48.769,3120,RAD,horizontal,2,23.95,26.45,38.4,46.7,68,30.28,1.38,0.77,2,1.60,0,0,horizontal best
2026-08-24T15:35:48.769,3120,RAD,horizontal,2,23.95,26.45,52.1,43.4,78,30.74,1.62,0.75,3,1.68,0,0,horizontal best
2026-08-24T15:35:48.864,3121,RAD,horizontal,2,23.95,26.45,38.3,46.7,68,30.28,1.38,0.77,2,1.62,0,0,horizontal best
2026-08-24T15:35:48.864,3121,RAD,horizontal,2,23.95,26.45,52.1,43.4,78,30.69,1.62,0.75,3,1.68,0,0,horizontal best
2026-08-24T15:35:48.990,3122,RAD,horizontal,1,23.95,26.45,43.0,44.8,104,30.67,0.00,0.00,5,0.90,0,0,horizontal best
2026-08-24T15:35:49.087,3123,RAD,horizontal,1,23.93,26.43,44.7,44.2,101,30.65,0.00,0.00,5,0.86,0,0,horizontal best
2026-08-24T15:35:49.216,3124,RAD,horizontal,1,23.93,26.43,45.1,44.0,102,30.63,0.00,0.00,5,0.85,0,0,horizontal best
2026-08-24T15:35:49.343,3125,RAD,horizontal,1,23.93,26.43,45.1,44.1,104,30.63,0.00,0.00,5,0.86,0,0,horizontal best
2026-08-24T15:35:49.439,3126,RAD,horizontal,1,23.95,26.45,44.9,44.2,104,30.63,0.00,0.00,5,0.86,0,0,horizontal best
2026-08-24T15:35:49.567,3127,RAD,horizontal,1,23.93,26.43,44.8,44.3,103,30.63,0.00,0.00,5,0.84,0,0,horizontal best
2026-08-24T15:35:49.663,3128,RAD,horizontal,1,23.95,26.45,44.6,44.3,104,30.60,0.00,0.00,5,0.86,0,0,horizontal best
2026-08-24T15:35:49.790,3129,RAD,horizontal,1,23.93,26.43,44.5,44.4,104,30.60,0.00,0.00,5,0.87,0,0,horizontal best
2026-08-24T15:35:49.886,3130,RAD,horizontal,1,23.93,26.43,44.6,44.3,104,30.60,0.00,0.00,5,0.86,0,0,horizontal best
2026-08-24T15:35:50.015,3131,RAD,horizontal,1,23.93,26.43,44.6,44.3,104,30.58,0.00,0.00,5,0.86,0,0,horizontal best
2026-08-24T15:35:50.111,3132,RAD,horizontal,1,23.91,26.41,44.6,44.3,103,30.56,0.00,0.00,5,0.85,0,0,horizontal best
2026-08-24T15:35:50.241,3133,RAD,horizontal,1,23.91,26.41,44.6,44.3,103,30.56,0.00,0.00,5,0.84,0,0,horizontal best
2026-08-24T15:35:50.368,3134,RAD,horizontal,1,23.91,26.41,44.6,44.3,103,30.56,0.00,0.00,5,0.83,0,0,horizontal best
2026-08-24T15:35:50.463,3135,RAD,horizontal,1,23.93,26.43,44.6,44.3,103,30.56,0.00,0.00,5,0.84,0,0,horizontal best
2026-08-24T15:35:50.590,3136,RAD,horizontal,1,23.91,26.41,44.6,44.3,103,30.54,0.00,0.00,5,0.84,0,0,horizontal best
2026-08-24T15:35:50.688,3137,RAD,horizontal,1,23.91,26.41,44.6,44.3,103,30.54,0.00,0.00,5,0.84,0,0,horizontal best
2026-08-24T15:35:50.815,3138,RAD,horizontal,1,23.91,26.41,44.6,44.3,103,30.54,0.00,0.00,5,0.84,0,0,horizontal best
2026-08-24T15:35:50.912,3139,RAD,horizontal,1,23.91,26.41,44.6,44.3,103,30.54,0.00,0.00,5,0.84,0,0,horizontal best
2026-08-24T15:35:51.040,3140,RAD,horizontal,1,23.93,26.43,44.7,44.3,104,30.54,0.00,0.00,5,0.86,0,0,horizontal best
2026-08-24T15:35:51.169,3141,RAD,horizontal,1,23.93,26.43,44.7,44.3,104,30.60,0.00,0.00,5,0.85,0,0,horizontal best
2026-08-24T15:35:51.262,3142,RAD,horizontal,1,24.02,26.52,44.6,44.4,105,30.85,0.00,0.00,5,0.89,0,0,horizontal best
2026-08-24T15:35:51.390,3143,RAD,horizontal,1,24.02,26.52,44.6,44.4,105,30.82,0.00,0.00,5,0.89,0,0,horizontal best
2026-08-24T15:35:51.487,3144,RAD,horizontal,1,24.00,26.50,44.6,44.4,105,30.78,0.00,0.00,5,0.90,0,0,horizontal best
2026-08-24T15:35:51.615,3145,RAD,horizontal,1,24.00,26.50,44.6,44.4,104,30.78,0.00,0.00,5,0.89,0,0,horizontal best
2026-08-24T15:35:51.712,3146,RAD,horizontal,1,24.02,26.52,44.5,44.4,104,30.76,0.00,0.00,5,0.89,0,0,horizontal best
2026-08-24T15:35:51.840,3147,RAD,horizontal,1,23.98,26.48,44.5,44.3,101,30.69,0.00,0.00,5,0.87,0,0,horizontal best
2026-08-24T15:35:51.936,3148,RAD,horizontal,1,23.98,26.48,44.5,44.3,101,30.69,0.00,0.00,5,0.87,0,0,horizontal best
2026-08-24T15:35:52.062,3149,RAD,horizontal,1,23.98,26.48,44.5,44.3,101,30.69,0.00,0.00,5,0.86,0,0,horizontal best
2026-08-24T15:35:52.190,3150,RAD,horizontal,1,23.98,26.48,44.5,44.3,101,30.69,0.00,0.00,5,0.85,0,0,horizontal best
2026-08-24T15:35:52.287,3151,RAD,horizontal,1,23.98,26.48,44.5,44.3,101,30.69,0.00,0.00,5,0.85,0,0,horizontal best
2026-08-24T15:35:52.417,3152,RAD,horizontal,1,23.98,26.48,44.5,44.3,101,30.67,0.00,0.00,5,0.86,0,0,horizontal best
2026-08-24T15:35:52.512,3153,RAD,horizontal,1,23.95,26.45,44.5,44.3,101,30.67,0.00,0.00,5,0.86,0,0,horizontal best
2026-08-24T15:35:52.639,3154,RAD,horizontal,1,23.95,26.45,44.5,44.3,101,30.65,0.00,0.00,5,0.86,0,0,horizontal best
2026-08-24T15:35:52.735,3155,RAD,horizontal,1,23.95,26.45,44.5,44.3,101,30.65,0.00,0.00,5,0.86,0,0,horizontal best
2026-08-24T15:35:52.863,3156,RAD,horizontal,1,23.95,26.45,44.5,44.3,101,30.65,0.00,0.00,5,0.86,0,0,horizontal best
2026-08-24T15:35:52.996,3157,RAD,horizontal,1,23.95,26.45,40.1,46.2,64,30.32,1.25,0.80,1,1.61,0,0,horizontal best
2026-08-24T15:35:53.091,3158,RAD,horizontal,1,23.95,26.45,38.3,47.0,64,30.30,1.25,0.80,1,1.61,0,0,horizontal best
2026-08-24T15:35:53.218,3159,RAD,horizontal,2,23.98,26.48,37.8,47.2,64,30.30,1.25,0.80,1,1.60,0,0,horizontal best
2026-08-24T15:35:53.218,3159,RAD,horizontal,2,23.98,26.48,52.2,43.7,75,30.65,1.50,0.78,3,1.67,0,0,horizontal best
2026-08-24T15:35:53.313,3160,RAD,horizontal,2,23.98,26.48,38.0,47.1,65,30.30,1.25,0.81,1,1.62,0,0,horizontal best
2026-08-24T15:35:53.313,3160,RAD,horizontal,2,23.98,26.48,52.2,43.7,75,30.65,1.50,0.78,3,1.67,0,0,horizontal best
2026-08-24T15:35:53.439,3161,RAD,horizontal,2,24.00,26.50,38.2,47.0,64,30.30,1.25,0.80,1,1.61,0,0,horizontal best
2026-08-24T15:35:53.439,3161,RAD,horizontal,2,24.00,26.50,52.2,43.7,75,30.80,1.50,0.78,3,1.71,0,0,horizontal best
2026-08-24T15:35:53.535,3162,RAD,horizontal,2,24.02,26.52,38.3,46.9,64,30.30,1.25,0.80,1,1.61,0,0,horizontal best
2026-08-24T15:35:53.535,3162,RAD,horizontal,2,24.02,26.52,52.2,43.7,75,30.78,1.50,0.78,3,1.71,0,0,horizontal best
2026-08-24T15:35:53.663,3163,RAD,horizontal,1,24.04,26.54,43.0,44.9,105,30.78,0.00,0.00,5,0.88,0,0,horizontal best
2026-08-24T15:35:53.760,3164,RAD,horizontal,1,24.04,26.54,44.8,44.2,106,30.76,0.00,0.00,5,0.89,0,0,horizontal best
2026-08-24T15:35:53.889,3165,RAD,horizontal,2,24.09,26.59,40.7,45.9,63,30.36,1.25,0.79,1,1.58,0,0,horizontal best
2026-08-24T15:35:53.889,3165,RAD,horizontal,2,24.09,26.59,52.2,43.5,73,30.76,1.38,0.83,3,1.65,0,0,horizontal best
2026-08-24T15:35:54.017,3166,RAD,horizontal,2,24.07,26.57,38.7,46.8,64,30.34,1.25,0.80,1,1.61,0,0,horizontal best
2026-08-24T15:35:54.017,3166,RAD,horizontal,2,24.07,26.57,52.2,43.5,73,30.76,1.38,0.83,3,1.65,0,0,horizontal best
2026-08-24T15:35:54.110,3167,RAD,horizontal,1,24.09,26.59,46.6,44.0,106,30.76,0.00,0.00,5,0.89,0,0,horizontal best
2026-08-24T15:35:54.238,3168,RAD,horizontal,1,24.09,26.59,44.4,44.3,106,30.78,0.00,0.00,5,0.89,0,0,horizontal best
2026-08-24T15:35:54.335,3169,RAD,horizontal,1,24.09,26.59,43.9,44.3,106,30.82,0.00,0.00,5,0.89,0,0,horizontal best
2026-08-24T15:35:54.463,3170,RAD,horizontal,1,24.11,26.61,44.0,44.3,106,30.82,0.00,0.00,5,0.88,0,0,horizontal best
2026-08-24T15:35:54.562,3171,RAD,horizontal,2,24.09,26.59,51.8,43.7,73,30.80,1.38,0.83,3,1.63,0,0,horizontal best
2026-08-24T15:35:54.562,3171,RAD,horizontal,2,24.09,26.59,39.8,46.3,64,30.32,1.25,0.80,1,1.62,0,0,horizontal best
2026-08-24T15:35:54.687,3172,RAD,horizontal,1,24.09,26.59,42.6,45.1,106,30.80,0.00,0.00,5,0.88,0,0,horizontal best
2026-08-24T15:35:54.783,3173,RAD,horizontal,1,24.09,26.59,44.1,44.4,106,30.85,0.00,0.00,5,0.89,0,0,horizontal best
2026-08-24T15:35:54.910,3174,RAD,horizontal,1,24.11,26.61,44.7,44.2,107,30.85,0.00,0.00,5,0.91,0,0,horizontal best
2026-08-24T15:35:55.039,3175,RAD,horizontal,1,24.14,26.64,44.9,44.1,107,30.85,0.00,0.00,5,0.92,0,0,horizontal best
2026-08-24T15:35:55.135,3176,RAD,horizontal,1,24.11,26.61,44.8,44.1,107,30.85,0.00,0.00,5,0.94,0,0,horizontal best
2026-08-24T15:35:55.264,3177,RAD,horizontal,1,24.11,26.61,50.3,43.6,69,30.69,1.22,0.70,3,1.61,0,0,horizontal best
2026-08-24T15:35:55.359,3178,RAD,horizontal,0,24.11,26.61,,,,,,,,,,,horizontal best
2026-08-24T15:35:55.487,3179,RAD,horizontal,2,24.14,26.64,40.6,46.6,63,30.56,1.25,0.79,1,1.67,0,0,horizontal best
2026-08-24T15:35:55.487,3179,RAD,horizontal,2,24.14,26.64,51.8,43.3,72,30.69,1.22,0.73,3,1.56,0,0,horizontal best
2026-08-24T15:35:55.585,3180,RAD,horizontal,2,24.14,26.64,38.1,47.2,63,30.52,1.25,0.79,1,1.66,0,0,horizontal best
2026-08-24T15:35:55.585,3180,RAD,horizontal,2,24.14,26.64,53.4,43.2,72,30.69,1.22,0.73,3,1.55,0,0,horizontal best
2026-08-24T15:35:55.714,3181,RAD,horizontal,2,24.11,26.61,37.6,47.3,63,30.50,1.25,0.79,1,1.65,0,0,horizontal best
2026-08-24T15:35:55.714,3181,RAD,horizontal,2,24.11,26.61,53.6,43.4,75,30.67,1.10,0.68,3,1.63,0,0,horizontal best
2026-08-24T15:35:55.843,3182,RAD,horizontal,2,24.14,26.64,37.7,47.3,62,30.47,1.25,0.78,1,1.62,0,0,horizontal best
2026-08-24T15:35:55.843,3182,RAD,horizontal,2,24.14,26.64,53.2,43.6,77,30.71,1.33,0.71,3,1.68,0,0,horizontal best
2026-08-24T15:35:55.939,3183,RAD,horizontal,2,24.11,26.61,38.0,47.2,62,30.47,1.25,0.78,1,1.62,0,0,horizontal best
2026-08-24T15:35:55.939,3183,RAD,horizontal,2,24.11,26.61,52.8,43.7,75,30.69,1.33,0.69,3,1.65,0,0,horizontal best
2026-08-24T15:35:56.066,3184,RAD,horizontal,2,24.14,26.64,38.2,47.2,62,30.47,1.25,0.78,1,1.61,0,0,horizontal best
2026-08-24T15:35:56.066,3184,RAD,horizontal,2,24.14,26.64,52.6,43.7,74,30.67,1.33,0.69,3,1.63,0,0,horizontal best
2026-08-24T15:35:56.162,3185,RAD,horizontal,2,24.14,26.64,38.3,47.1,62,30.47,1.25,0.78,1,1.61,0,0,horizontal best
2026-08-24T15:35:56.162,3185,RAD,horizontal,2,24.14,26.64,52.6,43.7,72,30.82,1.22,0.73,3,1.61,0,0,horizontal best
2026-08-24T15:35:56.285,3186,RAD,horizontal,2,24.16,26.66,38.4,47.1,62,30.47,1.25,0.78,1,1.61,0,0,horizontal best
2026-08-24T15:35:56.285,3186,RAD,horizontal,2,24.16,26.66,52.6,43.7,71,30.82,1.22,0.72,3,1.60,0,0,horizontal best
2026-08-24T15:35:56.381,3187,RAD,horizontal,2,24.16,26.66,38.4,47.1,62,30.47,1.25,0.78,1,1.60,0,0,horizontal best
2026-08-24T15:35:56.381,3187,RAD,horizontal,2,24.16,26.66,52.7,43.7,71,30.78,1.22,0.72,3,1.59,0,0,horizontal best
2026-08-24T15:35:56.511,3188,RAD,horizontal,2,24.18,26.68,38.4,47.1,62,30.45,1.25,0.78,1,1.60,0,0,horizontal best
2026-08-24T15:35:56.511,3188,RAD,horizontal,2,24.18,26.68,52.7,43.7,70,30.78,1.22,0.71,3,1.60,0,0,horizontal best
2026-08-24T15:35:56.609,3189,RAD,horizontal,2,24.16,26.66,38.4,47.1,62,30.43,1.25,0.78,1,1.60,0,0,horizontal best
2026-08-24T15:35:56.609,3189,RAD,horizontal,2,24.16,26.66,52.7,43.7,70,30.63,1.22,0.71,3,1.58,0,0,horizontal best
2026-08-24T15:35:56.736,3190,RAD,horizontal,2,24.18,26.68,38.4,47.1,62,30.41,1.25,0.78,1,1.60,0,0,horizontal best
2026-08-24T15:35:56.736,3190,RAD,horizontal,2,24.18,26.68,52.7,43.7,70,30.63,1.22,0.71,3,1.56,0,0,horizontal best
2026-08-24T15:35:56.864,3191,RAD,horizontal,2,24.18,26.68,38.4,47.1,63,30.41,1.25,0.79,1,1.62,0,0,horizontal best
2026-08-24T15:35:56.864,3191,RAD,horizontal,2,24.18,26.68,52.7,43.7,70,30.60,1.22,0.71,3,1.56,0,0,horizontal best
2026-08-24T15:35:56.960,3192,RAD,horizontal,2,24.16,26.66,38.4,47.0,63,30.41,1.25,0.79,1,1.62,0,0,horizontal best
2026-08-24T15:35:56.960,3192,RAD,horizontal,2,24.16,26.66,52.7,43.7,70,30.60,1.22,0.71,3,1.56,0,0,horizontal best
2026-08-24T15:35:57.088,3193,RAD,horizontal,2,24.16,26.66,38.5,47.1,64,30.41,1.25,0.80,1,1.65,0,0,horizontal best
2026-08-24T15:35:57.088,3193,RAD,horizontal,2,24.16,26.66,52.7,43.7,70,30.60,1.22,0.71,3,1.57,0,0,horizontal best
2026-08-24T15:35:57.184,3194,RAD,horizontal,2,24.18,26.68,38.5,47.1,65,30.41,1.25,0.81,1,1.64,0,0,horizontal best
2026-08-24T15:35:57.184,3194,RAD,horizontal,2,24.18,26.68,52.7,43.7,70,30.63,1.22,0.71,3,1.58,0,0,horizontal best
2026-08-24T15:35:57.312,3195,RAD,horizontal,2,24.18,26.68,38.5,47.2,65,30.41,1.25,0.81,1,1.64,0,0,horizontal best
2026-08-24T15:35:57.312,3195,RAD,horizontal,2,24.18,26.68,52.7,43.7,70,30.63,1.22,0.71,3,1.57,0,0,horizontal best
2026-08-24T15:35:57.408,3196,RAD,horizontal,2,24.18,26.68,38.5,47.1,64,30.41,1.25,0.80,1,1.63,0,0,horizontal best
2026-08-24T15:35:57.408,3196,RAD,horizontal,2,24.18,26.68,52.7,43.7,70,30.63,1.22,0.71,3,1.56,0,0,horizontal best
2026-08-24T15:35:57.536,3197,RAD,horizontal,2,24.18,26.68,38.5,47.1,64,30.39,1.25,0.80,2,1.62,0,0,horizontal best
2026-08-24T15:35:57.536,3197,RAD,horizontal,2,24.18,26.68,52.7,43.7,70,30.63,1.22,0.71,3,1.56,0,0,horizontal best
2026-08-24T15:35:57.664,3198,RAD,horizontal,2,24.16,26.66,38.5,47.1,64,30.43,1.25,0.80,1,1.63,0,0,horizontal best
2026-08-24T15:35:57.664,3198,RAD,horizontal,2,24.16,26.66,52.7,43.7,70,30.63,1.22,0.71,3,1.57,0,0,horizontal best
2026-08-24T15:35:57.761,3199,RAD,horizontal,2,24.16,26.66,38.5,47.1,64,30.45,1.25,0.80,1,1.64,0,0,horizontal best
2026-08-24T15:35:57.761,3199,RAD,horizontal,2,24.16,26.66,52.7,43.7,70,30.63,1.22,0.71,3,1.56,0,0,horizontal best
2026-08-24T15:35:57.891,3200,RAD,horizontal,2,24.16,26.66,38.5,47.1,65,30.47,1.25,0.81,1,1.66,0,0,horizontal best
2026-08-24T15:35:57.891,3200,RAD,horizontal,2,24.16,26.66,52.7,43.7,70,30.50,1.22,0.71,3,1.56,0,0,horizontal best
2026-08-24T15:35:57.989,3201,RAD,horizontal,2,24.16,26.66,38.5,47.1,65,30.47,1.25,0.81,1,1.66,0,0,horizontal best
2026-08-24T15:35:57.989,3201,RAD,horizontal,2,24.16,26.66,52.7,43.7,70,30.50,1.22,0.71,3,1.55,0,0,horizontal best
2026-08-24T15:35:58.113,3202,RAD,horizontal,2,24.16,26.66,38.5,47.1,65,30.47,1.25,0.81,1,1.66,0,0,horizontal best
2026-08-24T15:35:58.113,3202,RAD,horizontal,2,24.16,26.66,52.7,43.7,70,30.45,1.22,0.71,3,1.54,0,0,horizontal best
2026-08-24T15:35:58.209,3203,RAD,horizontal,2,24.16,26.66,38.5,47.1,64,30.50,1.25,0.80,1,1.65,0,0,horizontal best
2026-08-24T15:35:58.209,3203,RAD,horizontal,2,24.16,26.66,52.7,43.7,70,30.47,1.22,0.71,3,1.54,0,0,horizontal best
2026-08-24T15:35:58.336,3204,RAD,horizontal,2,24.16,26.66,38.5,47.2,63,30.50,1.25,0.79,1,1.63,0,0,horizontal best
2026-08-24T15:35:58.336,3204,RAD,horizontal,2,24.16,26.66,52.8,43.9,68,30.43,1.11,0.76,3,1.54,0,0,horizontal best
2026-08-24T15:35:58.436,3205,RAD,horizontal,2,24.16,26.66,38.4,47.2,63,30.50,1.25,0.79,1,1.63,0,0,horizontal best
2026-08-24T15:35:58.436,3205,RAD,horizontal,2,24.16,26.66,52.8,43.9,68,30.43,1.11,0.76,3,1.54,0,0,horizontal best
2026-08-24T15:35:58.562,3206,RAD,horizontal,2,24.16,26.66,38.4,47.2,63,30.50,1.25,0.79,1,1.63,0,0,horizontal best
2026-08-24T15:35:58.562,3206,RAD,horizontal,2,24.16,26.66,52.8,43.9,68,30.43,1.11,0.76,3,1.54,0,0,horizontal best
2026-08-24T15:35:58.690,3207,RAD,horizontal,2,24.16,26.66,38.4,47.2,63,30.50,1.25,0.79,1,1.63,0,0,horizontal best
2026-08-24T15:35:58.690,3207,RAD,horizontal,2,24.16,26.66,52.7,43.8,70,30.43,1.22,0.71,3,1.53,0,0,horizontal best
2026-08-24T15:35:58.788,3208,RAD,horizontal,2,24.16,26.66,38.4,47.2,63,30.50,1.25,0.79,1,1.63,0,0,horizontal best
2026-08-24T15:35:58.788,3208,RAD,horizontal,2,24.16,26.66,52.7,43.7,70,30.43,1.22,0.71,3,1.54,0,0,horizontal best
2026-08-24T15:35:58.916,3209,RAD,horizontal,2,24.14,26.64,38.4,47.2,63,30.50,1.25,0.79,2,1.64,0,0,horizontal best
2026-08-24T15:35:58.916,3209,RAD,horizontal,2,24.14,26.64,52.7,43.7,70,30.41,1.22,0.71,3,1.54,0,0,horizontal best
2026-08-24T15:35:59.011,3210,RAD,horizontal,2,24.14,26.64,38.4,47.2,63,30.50,1.25,0.79,2,1.65,0,0,horizontal best
2026-08-24T15:35:59.011,3210,RAD,horizontal,2,24.14,26.64,52.7,43.9,73,30.67,1.33,0.68,3,1.64,0,0,horizontal best
2026-08-24T15:35:59.137,3211,RAD,horizontal,2,24.14,26.64,38.4,47.2,63,30.47,1.25,0.79,1,1.65,0,0,horizontal best
2026-08-24T15:35:59.137,3211,RAD,horizontal,2,24.14,26.64,52.7,43.9,73,30.67,1.33,0.68,3,1.64,0,0,horizontal best
2026-08-24T15:35:59.234,3212,RAD,horizontal,2,24.14,26.64,38.4,47.2,63,30.45,1.25,0.79,1,1.65,0,0,horizontal best
2026-08-24T15:35:59.234,3212,RAD,horizontal,2,24.14,26.64,52.7,44.0,73,30.56,1.33,0.68,3,1.65,0,0,horizontal best
2026-08-24T15:35:59.360,3213,RAD,horizontal,2,24.16,26.66,38.4,47.2,63,30.45,1.25,0.79,1,1.65,0,0,horizontal best
2026-08-24T15:35:59.360,3213,RAD,horizontal,2,24.16,26.66,52.7,44.0,73,30.74,1.33,0.68,3,1.66,0,0,horizontal best
2026-08-24T15:35:59.488,3214,RAD,horizontal,2,24.18,26.68,38.5,47.1,64,30.45,1.25,0.80,1,1.64,0,0,horizontal best
2026-08-24T15:35:59.488,3214,RAD,horizontal,2,24.18,26.68,52.7,44.0,72,30.74,1.33,0.67,3,1.66,0,0,horizontal best
2026-08-24T15:35:59.584,3215,RAD,horizontal,2,24.16,26.66,38.6,47.2,66,30.45,1.11,0.73,1,1.69,0,0,horizontal best
2026-08-24T15:35:59.584,3215,RAD,horizontal,2,24.16,26.66,52.7,44.0,73,30.52,1.33,0.68,3,1.64,0,0,horizontal best
2026-08-24T15:35:59.713,3216,RAD,horizontal,2,24.16,26.66,38.6,47.1,65,30.45,1.25,0.81,1,1.65,0,0,horizontal best
2026-08-24T15:35:59.713,3216,RAD,horizontal,2,24.16,26.66,52.7,44.0,73,30.52,1.33,0.68,3,1.64,0,0,horizontal best
2026-08-24T15:35:59.809,3217,RAD,horizontal,2,24.14,26.64,38.5,47.1,65,30.43,1.25,0.81,2,1.65,0,0,horizontal best
2026-08-24T15:35:59.809,3217,RAD,horizontal,2,24.14,26.64,52.7,43.9,73,30.52,1.33,0.68,3,1.64,0,0,horizontal best
2026-08-24T15:35:59.937,3218,RAD,horizontal,2,24.14,26.64,38.5,47.1,65,30.47,1.25,0.81,1,1.65,0,0,horizontal best
2026-08-24T15:35:59.937,3218,RAD,horizontal,2,24.14,26.64,52.7,43.9,73,30.56,1.33,0.68,3,1.62,0,0,horizontal best
2026-08-24T15:36:00.032,3219,RAD,horizontal,2,24.14,26.64,38.5,47.1,65,30.47,1.25,0.81,1,1.65,0,0,horizontal best
2026-08-24T15:36:00.032,3219,RAD,horizontal,2,24.14,26.64,52.7,43.9,73,30.54,1.33,0.68,3,1.62,0,0,horizontal best
2026-08-24T15:36:00.161,3220,RAD,horizontal,2,24.14,26.64,38.5,47.1,65,30.45,1.25,0.81,1,1.66,0,0,horizontal best
2026-08-24T15:36:00.161,3220,RAD,horizontal,2,24.14,26.64,52.7,44.0,72,30.50,1.33,0.67,3,1.62,0,0,horizontal best
2026-08-24T15:36:00.255,3221,RAD,horizontal,2,24.14,26.64,38.5,47.1,64,30.60,1.25,0.80,1,1.68,0,0,horizontal best
2026-08-24T15:36:00.255,3221,RAD,horizontal,2,24.14,26.64,52.8,44.1,70,30.52,1.50,0.73,3,1.64,0,0,horizontal best
2026-08-24T15:36:00.385,3222,RAD,horizontal,2,24.14,26.64,38.5,47.1,64,30.60,1.25,0.80,1,1.67,0,0,horizontal best
2026-08-24T15:36:00.385,3222,RAD,horizontal,2,24.14,26.64,52.9,44.1,70,30.50,1.50,0.73,3,1.63,0,0,horizontal best
2026-08-24T15:36:00.512,3223,RAD,horizontal,2,24.14,26.64,38.5,47.1,64,30.58,1.25,0.80,1,1.67,0,0,horizontal best
2026-08-24T15:36:00.512,3223,RAD,horizontal,2,24.14,26.64,52.9,44.0,68,30.50,1.38,0.77,3,1.58,0,0,horizontal best
2026-08-24T15:36:00.607,3224,RAD,horizontal,2,24.14,26.64,38.5,47.1,64,30.58,1.25,0.80,1,1.67,0,0,horizontal best
2026-08-24T15:36:00.607,3224,RAD,horizontal,2,24.14,26.64,53.0,44.0,68,30.52,1.38,0.77,3,1.59,0,0,horizontal best
2026-08-24T15:36:00.736,3225,RAD,horizontal,2,24.11,26.61,38.5,47.1,64,30.58,1.25,0.80,1,1.67,0,0,horizontal best
2026-08-24T15:36:00.736,3225,RAD,horizontal,2,24.11,26.61,52.9,44.1,70,30.52,1.50,0.73,3,1.65,0,0,horizontal best
2026-08-24T15:36:00.833,3226,RAD,horizontal,2,24.11,26.61,38.5,47.1,64,30.58,1.25,0.80,1,1.67,0,0,horizontal best
2026-08-24T15:36:00.833,3226,RAD,horizontal,2,24.11,26.61,52.9,44.1,70,30.50,1.50,0.73,3,1.64,0,0,horizontal best
2026-08-24T15:36:00.962,3227,RAD,horizontal,2,24.16,26.66,38.5,47.2,63,30.60,1.25,0.79,2,1.65,0,0,horizontal best
2026-08-24T15:36:00.962,3227,RAD,horizontal,2,24.16,26.66,52.9,44.1,71,30.71,1.50,0.74,3,1.65,0,0,horizontal best
2026-08-24T15:36:01.058,3228,RAD,horizontal,2,24.16,26.66,38.6,47.2,66,30.60,1.11,0.73,2,1.71,0,0,horizontal best
2026-08-24T15:36:01.058,3228,RAD,horizontal,2,24.16,26.66,52.8,44.0,73,30.71,1.33,0.68,3,1.63,0,0,horizontal best
2026-08-24T15:36:01.185,3229,RAD,horizontal,2,24.18,26.68,38.7,47.1,67,30.60,1.11,0.74,2,1.72,0,0,horizontal best
2026-08-24T15:36:01.185,3229,RAD,horizontal,2,24.18,26.68,52.8,43.9,70,30.71,1.22,0.71,3,1.57,0,0,horizontal best
2026-08-24T15:36:01.286,3230,RAD,horizontal,2,24.18,26.68,38.6,47.1,65,30.60,1.25,0.81,1,1.66,0,0,horizontal best
2026-08-24T15:36:01.286,3230,RAD,horizontal,2,24.18,26.68,52.8,43.8,70,30.71,1.22,0.71,3,1.57,0,0,horizontal best
2026-08-24T15:36:01.408,3231,RAD,horizontal,2,24.16,26.66,38.6,47.1,65,30.60,1.25,0.81,1,1.67,0,0,horizontal best
2026-08-24T15:36:01.408,3231,RAD,horizontal,2,24.16,26.66,52.9,43.8,71,30.69,1.22,0.72,3,1.58,0,0,horizontal best
2026-08-24T15:36:01.536,3232,RAD,horizontal,2,24.16,26.66,38.6,47.1,65,30.60,1.25,0.81,1,1.67,0,0,horizontal best
2026-08-24T15:36:01.536,3232,RAD,horizontal,2,24.16,26.66,52.9,43.8,71,30.67,1.22,0.72,3,1.58,0,0,horizontal best
2026-08-24T15:36:01.634,3233,RAD,horizontal,2,24.16,26.66,38.6,47.1,65,30.58,1.25,0.81,1,1.66,0,0,horizontal best
2026-08-24T15:36:01.634,3233,RAD,horizontal,2,24.16,26.66,52.9,43.8,71,30.67,1.22,0.72,3,1.59,0,0,horizontal best
2026-08-24T15:36:01.759,3234,RAD,horizontal,2,24.14,26.64,38.6,47.1,65,30.56,1.25,0.81,1,1.65,0,0,horizontal best
2026-08-24T15:36:01.759,3234,RAD,horizontal,2,24.14,26.64,52.8,43.8,70,30.63,1.22,0.71,3,1.56,0,0,horizontal best
2026-08-24T15:36:01.856,3235,RAD,horizontal,2,24.14,26.64,38.7,47.1,67,30.56,1.11,0.74,1,1.70,0,0,horizontal best
2026-08-24T15:36:01.856,3235,RAD,horizontal,2,24.14,26.64,52.8,43.8,71,30.63,1.22,0.72,3,1.55,0,0,horizontal best
2026-08-24T15:36:01.985,3236,RAD,horizontal,2,24.11,26.61,38.6,46.9,67,30.56,1.38,0.76,1,1.65,0,0,horizontal best
2026-08-24T15:36:01.985,3236,RAD,horizontal,2,24.11,26.61,52.8,43.8,71,30.54,1.22,0.72,3,1.54,0,0,horizontal best
2026-08-24T15:36:02.080,3237,RAD,horizontal,2,24.11,26.61,38.6,46.9,67,30.56,1.38,0.76,1,1.66,0,0,horizontal best
2026-08-24T15:36:02.080,3237,RAD,horizontal,2,24.11,26.61,52.8,43.8,71,30.60,1.22,0.72,3,1.56,0,0,horizontal best
2026-08-24T15:36:02.207,3238,RAD,horizontal,2,24.09,26.59,38.6,46.9,67,30.56,1.38,0.76,1,1.66,0,0,horizontal best
2026-08-24T15:36:02.207,3238,RAD,horizontal,2,24.09,26.59,52.8,43.8,71,30.54,1.22,0.72,3,1.56,0,0,horizontal best
2026-08-24T15:36:02.337,3239,RAD,horizontal,2,24.09,26.59,38.6,46.9,67,30.56,1.38,0.76,1,1.66,0,0,horizontal best
2026-08-24T15:36:02.337,3239,RAD,horizontal,2,24.09,26.59,52.8,43.8,70,30.56,1.22,0.71,3,1.55,0,0,horizontal best
2026-08-24T15:36:02.432,3240,RAD,horizontal,2,24.07,26.57,38.6,46.9,67,30.56,1.38,0.76,1,1.66,0,0,horizontal best
2026-08-24T15:36:02.432,3240,RAD,horizontal,2,24.07,26.57,52.8,43.8,70,30.54,1.22,0.71,3,1.56,0,0,horizontal best
2026-08-24T15:36:02.560,3241,RAD,horizontal,2,24.07,26.57,38.6,46.9,67,30.56,1.38,0.76,1,1.65,0,0,horizontal best
2026-08-24T15:36:02.560,3241,RAD,horizontal,2,24.07,26.57,52.8,43.8,70,30.50,1.22,0.71,3,1.56,0,0,horizontal best
2026-08-24T15:36:02.662,3242,RAD,horizontal,2,24.07,26.57,38.6,46.9,67,30.54,1.38,0.76,1,1.66,0,0,horizontal best
2026-08-24T15:36:02.662,3242,RAD,horizontal,2,24.07,26.57,52.9,43.9,68,30.50,1.38,0.77,3,1.58,0,0,horizontal best
2026-08-24T15:36:02.786,3243,RAD,horizontal,2,24.04,26.54,38.6,46.9,67,30.52,1.38,0.76,1,1.67,0,0,horizontal best
2026-08-24T15:36:02.786,3243,RAD,horizontal,2,24.04,26.54,52.9,44.0,68,30.50,1.38,0.77,3,1.57,0,0,horizontal best
2026-08-24T15:36:02.910,3244,RAD,horizontal,2,24.04,26.54,38.6,46.9,67,30.52,1.38,0.76,1,1.67,0,0,horizontal best
2026-08-24T15:36:02.910,3244,RAD,horizontal,2,24.04,26.54,53.0,44.0,68,30.41,1.38,0.77,3,1.57,0,0,horizontal best
2026-08-24T15:36:03.011,3245,RAD,horizontal,2,24.02,26.52,38.6,46.9,67,30.52,1.38,0.76,1,1.67,0,0,horizontal best
2026-08-24T15:36:03.011,3245,RAD,horizontal,2,24.02,26.52,53.0,44.0,69,30.41,1.38,0.78,3,1.60,0,0,horizontal best
2026-08-24T15:36:03.103,3246,RAD,horizontal,1,24.02,26.52,43.6,45.1,101,30.50,0.00,0.00,5,0.92,0,0,horizontal best
2026-08-24T15:36:03.230,3247,RAD,horizontal,1,24.02,26.52,45.6,44.4,101,30.50,0.00,0.00,5,0.92,0,0,horizontal best
2026-08-24T15:36:03.361,3248,RAD,horizontal,1,24.02,26.52,46.0,44.3,101,30.58,0.00,0.00,5,0.92,0,0,horizontal best
2026-08-24T15:36:03.454,3249,RAD,horizontal,1,24.02,26.52,45.9,44.3,102,30.56,0.00,0.00,5,0.93,0,0,horizontal best
2026-08-24T15:36:03.583,3250,RAD,horizontal,1,24.02,26.52,45.8,44.3,105,30.54,0.00,0.00,5,0.96,0,0,horizontal best
2026-08-24T15:36:03.683,3251,RAD,horizontal,1,24.02,26.52,45.7,44.4,104,30.54,0.00,0.00,5,0.94,0,0,horizontal best
2026-08-24T15:36:03.825,3252,RAD,horizontal,1,24.02,26.52,45.6,44.4,104,30.54,0.00,0.00,5,0.94,0,0,horizontal best
2026-08-24T15:36:03.936,3253,RAD,horizontal,1,24.02,26.52,45.7,44.4,103,30.54,0.00,0.00,5,0.94,0,0,horizontal best
2026-08-24T15:36:04.032,3254,RAD,horizontal,1,24.02,26.52,51.1,44.2,67,30.47,1.25,0.84,3,1.60,0,0,horizontal best
2026-08-24T15:36:04.163,3255,RAD,horizontal,1,24.04,26.54,53.3,44.1,66,30.47,1.25,0.82,3,1.60,0,0,horizontal best
2026-08-24T15:36:04.262,3256,RAD,horizontal,2,24.02,26.52,53.8,43.9,68,30.47,1.38,0.77,3,1.60,0,0,horizontal best
2026-08-24T15:36:04.262,3256,RAD,horizontal,2,24.02,26.52,38.6,46.9,67,30.39,1.38,0.76,2,1.64,0,0,horizontal best
2026-08-24T15:36:04.385,3257,RAD,horizontal,2,24.02,26.52,53.7,43.9,68,30.47,1.38,0.77,3,1.60,0,0,horizontal best
2026-08-24T15:36:04.385,3257,RAD,horizontal,2,24.02,26.52,38.6,46.9,67,30.39,1.38,0.76,2,1.65,0,0,horizontal best
2026-08-24T15:36:04.484,3258,RAD,horizontal,2,24.02,26.52,53.4,43.8,69,30.60,1.38,0.78,3,1.62,0,0,horizontal best
2026-08-24T15:36:04.484,3258,RAD,horizontal,2,24.02,26.52,38.6,46.9,67,30.39,1.38,0.76,2,1.65,0,0,horizontal best
2026-08-24T15:36:04.611,3259,RAD,horizontal,2,24.02,26.52,53.2,43.9,70,30.60,1.38,0.80,3,1.62,0,0,horizontal best
2026-08-24T15:36:04.611,3259,RAD,horizontal,2,24.02,26.52,38.6,46.9,67,30.39,1.38,0.76,2,1.64,0,0,horizontal best
2026-08-24T15:36:04.706,3260,RAD,horizontal,2,24.00,26.50,53.1,43.9,70,30.52,1.38,0.80,3,1.62,0,0,horizontal best
2026-08-24T15:36:04.706,3260,RAD,horizontal,2,24.00,26.50,38.6,46.9,67,30.32,1.38,0.76,2,1.63,0,0,horizontal best
2026-08-24T15:36:04.831,3261,RAD,horizontal,2,24.00,26.50,53.0,43.9,70,30.50,1.38,0.80,3,1.61,0,0,horizontal best
2026-08-24T15:36:04.831,3261,RAD,horizontal,2,24.00,26.50,38.6,46.9,67,30.34,1.38,0.76,2,1.63,0,0,horizontal best
2026-08-24T15:36:04.928,3262,RAD,horizontal,2,24.00,26.50,53.0,43.9,70,30.52,1.38,0.80,3,1.62,0,0,horizontal best
2026-08-24T15:36:04.928,3262,RAD,horizontal,2,24.00,26.50,38.6,46.9,67,30.41,1.38,0.76,2,1.63,0,0,horizontal best
2026-08-24T15:36:05.056,3263,RAD,horizontal,2,24.00,26.50,53.0,43.9,70,30.52,1.38,0.80,3,1.60,0,0,horizontal best
2026-08-24T15:36:05.056,3263,RAD,horizontal,2,24.00,26.50,38.6,46.9,67,30.41,1.38,0.76,2,1.64,0,0,horizontal best
2026-08-24T15:36:05.183,3264,RAD,horizontal,2,24.00,26.50,53.1,43.9,71,30.56,1.38,0.81,3,1.62,0,0,horizontal best
2026-08-24T15:36:05.183,3264,RAD,horizontal,2,24.00,26.50,38.6,46.9,67,30.41,1.38,0.76,2,1.64,0,0,horizontal best
2026-08-24T15:36:05.291,3265,RAD,horizontal,2,24.00,26.50,53.1,43.9,71,30.56,1.38,0.81,3,1.62,0,0,horizontal best
2026-08-24T15:36:05.291,3265,RAD,horizontal,2,24.00,26.50,38.6,46.9,67,30.60,1.38,0.76,2,1.65,0,0,horizontal best
2026-08-24T15:36:05.412,3266,RAD,horizontal,2,24.00,26.50,53.0,44.0,73,30.56,1.50,0.76,3,1.66,0,0,horizontal best
2026-08-24T15:36:05.412,3266,RAD,horizontal,2,24.00,26.50,38.7,46.9,70,30.74,1.22,0.71,1,1.70,0,0,horizontal best
2026-08-24T15:36:05.504,3267,RAD,horizontal,2,24.04,26.54,53.0,44.0,73,30.52,1.50,0.76,3,1.65,0,0,horizontal best
2026-08-24T15:36:05.504,3267,RAD,horizontal,2,24.04,26.54,38.8,46.8,71,30.95,1.22,0.72,1,1.74,0,0,horizontal best
2026-08-24T15:36:05.631,3268,RAD,horizontal,1,24.07,26.57,43.2,45.1,112,31.09,0.00,0.00,5,0.94,0,0,horizontal best
2026-08-24T15:36:05.726,3269,RAD,horizontal,1,24.04,26.54,45.0,44.4,112,31.06,0.00,0.00,5,0.93,0,0,horizontal best
2026-08-24T15:36:05.854,3270,RAD,horizontal,1,24.04,26.54,45.5,44.2,112,31.06,0.00,0.00,5,0.93,0,0,horizontal best
2026-08-24T15:36:05.991,3271,RAD,horizontal,1,24.04,26.54,45.4,44.3,112,31.06,0.00,0.00,5,0.93,0,0,horizontal best
2026-08-24T15:36:06.081,3272,RAD,horizontal,1,24.04,26.54,45.2,44.4,112,31.06,0.00,0.00,5,0.92,0,0,horizontal best
2026-08-24T15:36:06.207,3273,RAD,horizontal,1,24.04,26.54,45.0,44.4,112,31.06,0.00,0.00,5,0.92,0,0,horizontal best
2026-08-24T15:36:06.302,3274,RAD,horizontal,1,24.02,26.52,44.9,44.5,112,30.95,0.00,0.00,5,0.92,0,0,horizontal best
2026-08-24T15:36:06.430,3275,RAD,horizontal,1,24.02,26.52,44.9,44.5,112,30.91,0.00,0.00,5,0.91,0,0,horizontal best
2026-08-24T15:36:06.527,3276,RAD,horizontal,1,24.02,26.52,44.9,44.5,112,30.89,0.00,0.00,5,0.90,0,0,horizontal best
2026-08-24T15:36:06.655,3277,RAD,horizontal,1,24.00,26.50,44.9,44.5,112,30.74,0.00,0.00,5,0.88,0,0,horizontal best
2026-08-24T15:36:06.751,3278,RAD,horizontal,1,24.02,26.52,44.8,44.5,114,30.71,0.00,0.00,5,0.89,0,0,horizontal best
2026-08-24T15:36:06.879,3279,RAD,horizontal,1,24.00,26.50,44.9,44.6,110,30.67,0.00,0.00,5,0.87,0,0,horizontal best
2026-08-24T15:36:07.006,3280,RAD,horizontal,1,24.00,26.50,45.0,44.6,110,30.65,0.00,0.00,5,0.86,0,0,horizontal best
2026-08-24T15:36:07.103,3281,RAD,horizontal,1,24.02,26.52,44.9,44.7,113,30.54,0.00,0.00,6,0.88,0,0,horizontal best
2026-08-24T15:36:07.230,3282,RAD,horizontal,1,24.02,26.52,44.8,44.7,113,30.54,0.00,0.00,6,0.89,0,0,horizontal best
2026-08-24T15:36:07.326,3283,RAD,horizontal,1,24.02,26.52,44.8,44.7,113,30.56,0.00,0.00,6,0.89,0,0,horizontal best
2026-08-24T15:36:07.459,3284,RAD,horizontal,1,24.02,26.52,40.3,46.3,70,30.45,1.22,0.71,3,1.65,0,0,horizontal best
2026-08-24T15:36:07.552,3285,RAD,horizontal,1,24.00,26.50,38.3,47.0,73,30.43,1.10,0.66,2,1.63,0,0,horizontal best
2026-08-24T15:36:07.679,3286,RAD,horizontal,2,24.00,26.50,37.8,47.3,73,30.34,1.10,0.66,2,1.60,0,0,horizontal best
2026-08-24T15:36:07.679,3286,RAD,horizontal,2,24.00,26.50,52.4,44.3,68,30.34,1.38,0.77,3,1.63,0,0,horizontal best
2026-08-24T15:36:07.779,3287,RAD,horizontal,2,24.00,26.50,37.8,47.3,73,30.34,1.10,0.66,2,1.59,0,0,horizontal best
2026-08-24T15:36:07.779,3287,RAD,horizontal,2,24.00,26.50,52.3,44.3,71,30.32,1.38,0.81,3,1.62,0,0,horizontal best
2026-08-24T15:36:07.903,3288,RAD,horizontal,2,24.00,26.50,38.0,47.2,73,30.34,1.10,0.66,1,1.57,0,0,horizontal best
2026-08-24T15:36:07.903,3288,RAD,horizontal,2,24.00,26.50,52.2,44.3,73,30.30,1.22,0.74,3,1.64,0,0,horizontal best
2026-08-24T15:36:08.032,3289,RAD,horizontal,2,24.00,26.50,38.2,47.1,73,30.34,1.10,0.66,1,1.57,0,0,horizontal best
2026-08-24T15:36:08.032,3289,RAD,horizontal,2,24.00,26.50,52.0,44.4,74,30.67,1.22,0.75,3,1.62,0,0,horizontal best
2026-08-24T15:36:08.128,3290,RAD,horizontal,2,23.98,26.48,38.3,47.1,73,30.30,1.10,0.66,1,1.57,0,0,horizontal best
2026-08-24T15:36:08.128,3290,RAD,horizontal,2,23.98,26.48,51.9,44.5,77,30.63,1.10,0.70,3,1.59,0,0,horizontal best
2026-08-24T15:36:08.258,3291,RAD,horizontal,2,23.95,26.45,38.4,47.1,73,30.30,1.10,0.66,1,1.57,0,0,horizontal best
2026-08-24T15:36:08.258,3291,RAD,horizontal,2,23.95,26.45,52.0,44.5,77,30.16,1.00,0.64,3,1.57,0,0,horizontal best
2026-08-24T15:36:08.350,3292,RAD,horizontal,2,23.95,26.45,38.4,47.1,73,30.30,1.10,0.66,1,1.57,0,0,horizontal best
2026-08-24T15:36:08.350,3292,RAD,horizontal,2,23.95,26.45,52.0,44.7,78,30.01,0.83,0.65,3,1.50,0,0,horizontal best
2026-08-24T15:36:08.478,3293,RAD,horizontal,2,23.95,26.45,38.4,47.1,73,30.28,1.10,0.66,1,1.57,0,0,horizontal best
2026-08-24T15:36:08.478,3293,RAD,horizontal,2,23.95,26.45,52.0,44.9,78,29.99,0.83,0.65,4,1.48,0,0,horizontal best
2026-08-24T15:36:08.574,3294,RAD,horizontal,2,23.95,26.45,38.4,47.1,73,30.28,1.10,0.66,1,1.57,0,0,horizontal best
2026-08-24T15:36:08.574,3294,RAD,horizontal,2,23.95,26.45,52.0,45.0,79,29.99,0.83,0.66,4,1.51,0,0,horizontal best
2026-08-24T15:36:08.703,3295,RAD,horizontal,2,23.95,26.45,38.4,47.0,74,30.21,1.10,0.67,1,1.57,0,0,horizontal best
2026-08-24T15:36:08.703,3295,RAD,horizontal,2,23.95,26.45,52.1,45.0,78,29.97,0.83,0.65,4,1.48,0,0,horizontal best
2026-08-24T15:36:08.829,3296,RAD,horizontal,2,23.95,26.45,38.4,47.0,74,30.21,1.10,0.67,1,1.56,0,0,horizontal best
2026-08-24T15:36:08.829,3296,RAD,horizontal,2,23.95,26.45,52.1,45.0,80,29.97,0.83,0.67,4,1.54,0,0,horizontal best
2026-08-24T15:36:08.926,3297,RAD,horizontal,2,23.93,26.43,38.3,47.2,78,30.25,1.20,0.65,2,1.60,0,0,horizontal best
2026-08-24T15:36:08.926,3297,RAD,horizontal,2,23.93,26.43,52.2,44.9,78,29.92,0.91,0.71,4,1.54,0,0,horizontal best
2026-08-24T15:36:09.052,3298,RAD,horizontal,2,23.93,26.43,38.3,47.3,78,30.25,1.20,0.65,2,1.59,0,0,horizontal best
2026-08-24T15:36:09.052,3298,RAD,horizontal,2,23.93,26.43,52.3,45.0,77,29.88,0.91,0.70,3,1.54,0,0,horizontal best
2026-08-24T15:36:09.149,3299,RAD,horizontal,2,23.93,26.43,38.3,47.3,78,30.25,1.20,0.65,2,1.59,0,0,horizontal best
2026-08-24T15:36:09.149,3299,RAD,horizontal,2,23.93,26.43,52.4,45.0,75,30.05,0.91,0.68,3,1.56,0,0,horizontal best
2026-08-24T15:36:09.278,3300,RAD,horizontal,2,23.91,26.41,38.3,47.3,78,30.28,1.20,0.65,2,1.57,0,0,horizontal best
2026-08-24T15:36:09.278,3300,RAD,horizontal,2,23.91,26.41,52.5,45.0,75,30.05,0.91,0.68,2,1.56,0,0,horizontal best
2026-08-24T15:36:09.375,3301,RAD,horizontal,2,23.91,26.41,38.3,47.2,76,30.28,1.20,0.63,2,1.57,0,0,horizontal best
2026-08-24T15:36:09.375,3301,RAD,horizontal,2,23.91,26.41,52.5,45.0,75,30.08,0.91,0.68,3,1.55,0,0,horizontal best
2026-08-24T15:36:09.502,3302,RAD,horizontal,2,23.91,26.41,38.6,47.1,74,30.25,1.33,0.69,3,1.63,0,0,horizontal best
2026-08-24T15:36:09.502,3302,RAD,horizontal,2,23.91,26.41,52.5,45.0,75,30.14,0.91,0.68,3,1.55,0,0,horizontal best
2026-08-24T15:36:09.599,3303,RAD,horizontal,2,23.88,26.38,39.0,47.0,68,30.25,1.50,0.71,2,1.66,0,0,horizontal best
2026-08-24T15:36:09.599,3303,RAD,horizontal,2,23.88,26.38,52.5,45.0,75,30.12,0.91,0.68,3,1.55,0,0,horizontal best
2026-08-24T15:36:09.728,3304,RAD,horizontal,2,23.88,26.38,39.1,47.0,69,30.25,1.50,0.72,2,1.60,0,0,horizontal best
2026-08-24T15:36:09.728,3304,RAD,horizontal,2,23.88,26.38,52.5,45.0,75,30.05,0.91,0.68,3,1.55,0,0,horizontal best
2026-08-24T15:36:09.855,3305,RAD,horizontal,2,23.88,26.38,39.1,47.0,69,30.25,1.50,0.72,2,1.61,0,0,horizontal best
2026-08-24T15:36:09.855,3305,RAD,horizontal,2,23.88,26.38,52.5,45.0,75,30.08,0.91,0.68,3,1.54,0,0,horizontal best
2026-08-24T15:36:09.952,3306,RAD,horizontal,1,23.88,26.38,43.4,45.6,100,30.25,0.00,0.00,5,0.82,0,0,horizontal best
2026-08-24T15:36:10.078,3307,RAD,horizontal,1,23.86,26.36,45.3,45.1,98,30.25,0.00,0.00,5,0.82,0,0,horizontal best
2026-08-24T15:36:10.175,3308,RAD,horizontal,1,23.86,26.36,45.8,45.0,98,30.25,0.00,0.00,6,0.80,0,0,horizontal best
2026-08-24T15:36:10.304,3309,RAD,horizontal,1,23.91,26.41,45.6,45.1,102,30.32,0.00,0.00,6,0.97,0,0,horizontal best
2026-08-24T15:36:10.399,3310,RAD,horizontal,1,23.93,26.43,45.3,45.2,104,30.32,0.00,0.00,6,1.01,0,0,horizontal best
2026-08-24T15:36:10.529,3311,RAD,horizontal,1,23.95,26.45,45.0,45.1,106,30.36,0.00,0.00,6,1.00,0,0,horizontal best
2026-08-24T15:36:10.653,3312,RAD,horizontal,2,23.98,26.48,40.8,46.3,67,30.36,1.38,0.76,3,1.67,0,0,horizontal best
2026-08-24T15:36:10.653,3312,RAD,horizontal,2,23.98,26.48,52.6,44.9,74,30.32,1.00,0.74,3,1.53,0,0,horizontal best
2026-08-24T15:36:10.749,3313,RAD,horizontal,2,23.98,26.48,39.3,46.9,67,30.36,1.22,0.68,2,1.65,0,0,horizontal best
2026-08-24T15:36:10.749,3313,RAD,horizontal,2,23.98,26.48,52.6,44.9,74,30.32,1.00,0.74,3,1.52,0,0,horizontal best
2026-08-24T15:36:10.878,3314,RAD,horizontal,2,23.98,26.48,39.1,47.0,67,30.56,1.22,0.68,2,1.57,0,0,horizontal best
2026-08-24T15:36:10.878,3314,RAD,horizontal,2,23.98,26.48,52.6,44.9,74,30.39,1.00,0.74,3,1.51,0,0,horizontal best
2026-08-24T15:36:10.973,3315,RAD,horizontal,2,24.00,26.50,39.2,47.0,67,30.56,1.22,0.68,2,1.56,0,0,horizontal best
2026-08-24T15:36:10.973,3315,RAD,horizontal,2,24.00,26.50,52.6,44.9,74,30.41,1.00,0.74,3,1.52,0,0,horizontal best
2026-08-24T15:36:11.102,3316,RAD,horizontal,2,23.98,26.48,39.6,47.0,70,30.47,1.10,0.64,2,1.58,0,0,horizontal best
2026-08-24T15:36:11.102,3316,RAD,horizontal,2,23.98,26.48,52.6,44.9,74,30.41,1.00,0.74,3,1.52,0,0,horizontal best
2026-08-24T15:36:11.199,3317,RAD,horizontal,2,23.98,26.48,39.8,46.8,68,30.45,1.10,0.62,2,1.62,0,0,horizontal best
2026-08-24T15:36:11.199,3317,RAD,horizontal,2,23.98,26.48,52.6,45.0,73,30.47,1.00,0.73,3,1.53,0,0,horizontal best
2026-08-24T15:36:11.325,3318,RAD,horizontal,2,23.98,26.48,39.8,46.6,67,30.63,1.22,0.68,2,1.73,0,0,horizontal best
2026-08-24T15:36:11.325,3318,RAD,horizontal,2,23.98,26.48,52.6,45.0,73,30.47,1.00,0.73,3,1.53,0,0,horizontal best
2026-08-24T15:36:11.421,3319,RAD,horizontal,2,23.95,26.45,39.6,46.6,64,30.52,1.38,0.73,2,1.77,0,0,horizontal best
2026-08-24T15:36:11.421,3319,RAD,horizontal,2,23.95,26.45,52.6,45.0,73,30.45,1.00,0.73,3,1.53,0,0,horizontal best
2026-08-24T15:36:11.550,3320,RAD,horizontal,2,23.95,26.45,39.5,46.6,66,30.54,1.38,0.75,2,1.76,0,0,horizontal best
2026-08-24T15:36:11.550,3320,RAD,horizontal,2,23.95,26.45,52.6,45.0,73,30.45,1.00,0.73,3,1.54,0,0,horizontal best
2026-08-24T15:36:11.677,3321,RAD,horizontal,2,23.95,26.45,39.2,46.7,72,30.54,1.22,0.73,2,1.76,0,0,horizontal best
2026-08-24T15:36:11.677,3321,RAD,horizontal,2,23.95,26.45,52.6,45.0,73,30.45,1.00,0.73,3,1.52,0,0,horizontal best
2026-08-24T15:36:11.772,3322,RAD,horizontal,2,23.95,26.45,39.1,46.7,74,30.58,1.22,0.75,2,1.80,0,0,horizontal best
2026-08-24T15:36:11.772,3322,RAD,horizontal,2,23.95,26.45,52.6,45.0,73,30.45,1.00,0.73,4,1.53,0,0,horizontal best
2026-08-24T15:36:11.901,3323,RAD,horizontal,2,23.95,26.45,38.9,46.8,72,30.58,1.22,0.73,2,1.76,0,0,horizontal best
2026-08-24T15:36:11.901,3323,RAD,horizontal,2,23.95,26.45,52.6,45.0,73,30.45,1.00,0.73,3,1.53,0,0,horizontal best
2026-08-24T15:36:11.998,3324,RAD,horizontal,2,23.95,26.45,38.6,47.0,72,30.56,1.10,0.65,3,1.78,0,0,horizontal best
2026-08-24T15:36:11.998,3324,RAD,horizontal,2,23.95,26.45,52.6,45.0,73,30.47,1.00,0.73,3,1.53,0,0,horizontal best
2026-08-24T15:36:12.128,3325,RAD,horizontal,2,23.95,26.45,38.5,47.0,72,30.45,1.10,0.65,2,1.75,0,0,horizontal best
2026-08-24T15:36:12.128,3325,RAD,horizontal,2,23.95,26.45,52.6,45.0,73,30.47,1.00,0.73,3,1.53,0,0,horizontal best
2026-08-24T15:36:12.223,3326,RAD,horizontal,2,23.93,26.43,38.5,46.9,73,30.45,1.10,0.66,2,1.73,0,0,horizontal best
2026-08-24T15:36:12.223,3326,RAD,horizontal,2,23.93,26.43,52.6,45.0,73,30.43,1.00,0.73,4,1.54,0,0,horizontal best
2026-08-24T15:36:12.351,3327,RAD,horizontal,2,23.91,26.41,38.4,46.8,71,30.43,1.22,0.72,2,1.70,0,0,horizontal best
2026-08-24T15:36:12.351,3327,RAD,horizontal,2,23.91,26.41,52.6,45.0,73,30.43,1.00,0.73,4,1.54,0,0,horizontal best
2026-08-24T15:36:12.481,3328,RAD,horizontal,2,23.88,26.38,38.4,46.8,71,30.39,1.22,0.72,2,1.71,0,0,horizontal best
2026-08-24T15:36:12.481,3328,RAD,horizontal,2,23.88,26.38,52.6,45.0,73,30.43,1.00,0.73,4,1.54,0,0,horizontal best
2026-08-24T15:36:12.578,3329,RAD,horizontal,2,23.88,26.38,38.4,46.8,71,30.39,1.22,0.72,2,1.70,0,0,horizontal best
2026-08-24T15:36:12.578,3329,RAD,horizontal,2,23.88,26.38,52.6,45.0,73,30.43,1.00,0.73,4,1.54,0,0,horizontal best
2026-08-24T15:36:12.702,3330,RAD,horizontal,2,23.88,26.38,38.4,46.8,71,30.39,1.22,0.72,2,1.70,0,0,horizontal best
2026-08-24T15:36:12.702,3330,RAD,horizontal,2,23.88,26.38,52.6,45.0,73,30.43,1.00,0.73,4,1.54,0,0,horizontal best
2026-08-24T15:36:12.797,3331,RAD,horizontal,2,23.88,26.38,38.4,46.8,71,30.39,1.22,0.72,2,1.70,0,0,horizontal best
2026-08-24T15:36:12.797,3331,RAD,horizontal,2,23.88,26.38,52.6,45.0,73,30.41,1.00,0.73,4,1.54,0,0,horizontal best
2026-08-24T15:36:12.925,3332,RAD,horizontal,2,23.88,26.38,38.4,46.8,71,30.39,1.22,0.72,2,1.70,0,0,horizontal best
2026-08-24T15:36:12.925,3332,RAD,horizontal,2,23.88,26.38,52.6,45.0,74,30.34,1.00,0.74,4,1.54,0,0,horizontal best
2026-08-24T15:36:13.021,3333,RAD,horizontal,2,23.88,26.38,38.3,46.8,72,30.39,1.22,0.73,2,1.69,0,0,horizontal best
2026-08-24T15:36:13.021,3333,RAD,horizontal,2,23.88,26.38,52.6,45.0,73,30.23,1.00,0.73,3,1.55,0,0,horizontal best
2026-08-24T15:36:13.149,3334,RAD,horizontal,2,23.88,26.38,38.3,46.9,71,30.34,1.22,0.72,2,1.67,0,0,horizontal best
2026-08-24T15:36:13.149,3334,RAD,horizontal,2,23.88,26.38,52.6,45.0,73,30.23,1.00,0.73,3,1.55,0,0,horizontal best
2026-08-24T15:36:13.246,3335,RAD,horizontal,2,23.86,26.36,38.3,46.9,71,30.32,1.22,0.72,2,1.66,0,0,horizontal best
2026-08-24T15:36:13.246,3335,RAD,horizontal,2,23.86,26.36,52.6,45.0,73,30.23,1.00,0.73,3,1.55,0,0,horizontal best
2026-08-24T15:36:13.377,3336,RAD,horizontal,2,23.86,26.36,38.3,46.9,71,30.32,1.22,0.72,2,1.66,0,0,horizontal best
2026-08-24T15:36:13.377,3336,RAD,horizontal,2,23.86,26.36,52.6,45.0,73,30.23,1.00,0.73,3,1.55,0,0,horizontal best
2026-08-24T15:36:13.503,3337,RAD,horizontal,2,23.88,26.38,38.3,46.9,71,30.32,1.22,0.72,2,1.64,0,0,horizontal best
2026-08-24T15:36:13.503,3337,RAD,horizontal,2,23.88,26.38,52.6,45.0,73,30.23,1.00,0.73,3,1.54,0,0,horizontal best
2026-08-24T15:36:13.599,3338,RAD,horizontal,2,23.88,26.38,38.4,46.9,70,30.32,1.22,0.71,2,1.64,0,0,horizontal best
2026-08-24T15:36:13.599,3338,RAD,horizontal,2,23.88,26.38,52.6,45.0,73,30.21,1.00,0.73,3,1.54,0,0,horizontal best
2026-08-24T15:36:13.726,3339,RAD,horizontal,2,23.86,26.36,38.4,46.9,70,30.32,1.22,0.71,2,1.64,0,0,horizontal best
2026-08-24T15:36:13.726,3339,RAD,horizontal,2,23.86,26.36,52.6,44.9,73,30.10,1.00,0.73,3,1.53,0,0,horizontal best
2026-08-24T15:36:13.821,3340,RAD,horizontal,2,23.86,26.36,38.4,46.9,73,30.32,1.10,0.66,2,1.67,0,0,horizontal best
2026-08-24T15:36:13.821,3340,RAD,horizontal,2,23.86,26.36,52.6,44.9,73,29.99,1.00,0.73,3,1.54,0,0,horizontal best
2026-08-24T15:36:13.951,3341,RAD,horizontal,1,23.86,26.36,42.9,45.6,102,30.32,0.00,0.00,6,0.85,0,0,horizontal best
2026-08-24T15:36:14.045,3342,RAD,horizontal,2,23.84,26.34,40.2,46.6,74,30.28,1.20,0.62,3,1.60,0,0,horizontal best
2026-08-24T15:36:14.045,3342,RAD,horizontal,2,23.84,26.34,52.4,44.8,77,29.99,0.91,0.70,3,1.55,0,0,horizontal best
2026-08-24T15:36:14.176,3343,RAD,horizontal,2,23.84,26.34,38.8,47.1,76,30.25,1.20,0.63,3,1.65,0,0,horizontal best
2026-08-24T15:36:14.176,3343,RAD,horizontal,2,23.84,26.34,52.1,44.8,73,29.99,1.00,0.73,4,1.55,0,0,horizontal best
2026-08-24T15:36:14.271,3344,RAD,horizontal,2,23.84,26.34,38.3,47.3,76,30.12,1.20,0.63,3,1.72,0,0,horizontal best
2026-08-24T15:36:14.271,3344,RAD,horizontal,2,23.84,26.34,51.9,44.7,77,30.01,1.00,0.77,4,1.62,0,0,horizontal best
2026-08-24T15:36:14.401,3345,RAD,horizontal,2,23.84,26.34,38.1,47.3,75,30.12,1.33,0.69,3,1.67,0,0,horizontal best
2026-08-24T15:36:14.401,3345,RAD,horizontal,2,23.84,26.34,51.6,44.6,80,30.36,1.00,0.66,3,1.63,0,0,horizontal best
2026-08-24T15:36:14.528,3346,RAD,horizontal,2,23.81,26.31,38.0,47.3,75,30.12,1.33,0.69,2,1.66,0,0,horizontal best
2026-08-24T15:36:14.528,3346,RAD,horizontal,2,23.81,26.31,51.0,44.6,80,30.36,1.10,0.73,3,1.58,0,0,horizontal best
2026-08-24T15:36:14.622,3347,RAD,horizontal,2,23.81,26.31,38.0,47.2,76,30.08,1.33,0.70,3,1.64,0,0,horizontal best
2026-08-24T15:36:14.622,3347,RAD,horizontal,2,23.81,26.31,50.7,44.7,81,30.34,1.10,0.74,3,1.62,0,0,horizontal best
2026-08-24T15:36:14.751,3348,RAD,horizontal,2,23.81,26.31,38.0,47.3,78,30.03,1.33,0.72,3,1.61,0,0,horizontal best
2026-08-24T15:36:14.751,3348,RAD,horizontal,2,23.81,26.31,50.6,44.9,79,30.19,0.91,0.72,2,1.63,0,0,horizontal best
2026-08-24T15:36:14.847,3349,RAD,horizontal,2,23.79,26.29,37.9,47.3,80,30.03,1.33,0.74,3,1.64,0,0,horizontal best
2026-08-24T15:36:14.847,3349,RAD,horizontal,2,23.79,26.29,50.7,44.8,77,30.16,0.91,0.70,3,1.62,0,0,horizontal best
2026-08-24T15:36:14.973,3350,RAD,horizontal,2,23.79,26.29,37.9,47.3,81,30.03,1.33,0.75,3,1.67,0,0,horizontal best
2026-08-24T15:36:14.973,3350,RAD,horizontal,2,23.79,26.29,51.1,44.8,78,30.14,0.91,0.71,3,1.66,0,0,horizontal best
2026-08-24T15:36:15.070,3351,RAD,horizontal,1,23.77,26.27,41.9,46.0,123,30.16,0.00,0.00,7,1.08,0,0,horizontal best
2026-08-24T15:36:15.199,3352,RAD,horizontal,1,23.77,26.27,43.8,45.4,127,30.16,0.00,0.00,7,1.11,0,0,horizontal best
2026-08-24T15:36:15.330,3353,RAD,horizontal,1,23.79,26.29,44.7,45.2,126,30.23,0.00,0.00,6,1.12,0,0,horizontal best
2026-08-24T15:36:15.426,3354,RAD,horizontal,1,23.79,26.29,45.0,45.1,123,30.28,0.00,0.00,5,1.09,0,0,horizontal best
2026-08-24T15:36:15.551,3355,RAD,horizontal,2,23.84,26.34,40.1,46.5,80,30.23,1.20,0.67,3,1.63,0,0,horizontal best
2026-08-24T15:36:15.551,3355,RAD,horizontal,2,23.84,26.34,52.0,44.8,74,30.60,1.00,0.74,4,1.50,0,0,horizontal best
2026-08-24T15:36:15.646,3356,RAD,horizontal,2,23.88,26.38,38.0,47.2,82,30.23,1.20,0.68,3,1.64,0,0,horizontal best
2026-08-24T15:36:15.646,3356,RAD,horizontal,2,23.88,26.38,52.1,44.8,74,30.60,1.00,0.74,4,1.50,0,0,horizontal best
2026-08-24T15:36:15.775,3357,RAD,horizontal,2,23.91,26.41,37.4,47.4,82,30.32,1.20,0.68,2,1.64,0,0,horizontal best
2026-08-24T15:36:15.775,3357,RAD,horizontal,2,23.91,26.41,52.1,44.8,74,30.56,1.00,0.74,3,1.50,0,0,horizontal best
2026-08-24T15:36:15.869,3358,RAD,horizontal,2,23.91,26.41,37.6,47.3,81,30.32,1.20,0.68,3,1.64,0,0,horizontal best
2026-08-24T15:36:15.869,3358,RAD,horizontal,2,23.91,26.41,52.1,44.8,74,30.52,1.00,0.74,3,1.50,0,0,horizontal best
2026-08-24T15:36:15.998,3359,RAD,horizontal,2,23.91,26.41,38.0,47.2,77,30.32,1.20,0.64,3,1.62,0,0,horizontal best
2026-08-24T15:36:15.998,3359,RAD,horizontal,2,23.91,26.41,52.1,44.8,74,30.45,1.00,0.74,3,1.49,0,0,horizontal best
2026-08-24T15:36:16.096,3360,RAD,horizontal,2,23.91,26.41,38.2,47.1,79,30.32,1.20,0.66,3,1.66,0,0,horizontal best
2026-08-24T15:36:16.096,3360,RAD,horizontal,2,23.91,26.41,52.0,44.8,74,30.39,1.00,0.74,3,1.49,0,0,horizontal best
2026-08-24T15:36:16.224,3361,RAD,horizontal,2,23.91,26.41,38.4,47.1,78,30.36,1.20,0.65,3,1.63,0,0,horizontal best
2026-08-24T15:36:16.224,3361,RAD,horizontal,2,23.91,26.41,52.0,44.8,74,30.39,1.00,0.74,3,1.49,0,0,horizontal best
2026-08-24T15:36:16.351,3362,RAD,horizontal,2,23.91,26.41,38.4,47.1,78,30.36,1.20,0.65,3,1.60,0,0,horizontal best
2026-08-24T15:36:16.351,3362,RAD,horizontal,2,23.91,26.41,52.1,44.8,72,30.05,1.11,0.80,3,1.45,0,0,horizontal best
2026-08-24T15:36:16.449,3363,RAD,horizontal,2,23.91,26.41,38.5,47.2,78,30.36,1.20,0.65,3,1.60,0,0,horizontal best
2026-08-24T15:36:16.449,3363,RAD,horizontal,2,23.91,26.41,52.2,44.8,72,29.83,1.11,0.80,3,1.42,0,0,horizontal best
2026-08-24T15:36:16.581,3364,RAD,horizontal,2,23.91,26.41,38.4,47.2,77,30.39,1.20,0.64,3,1.60,0,0,horizontal best
2026-08-24T15:36:16.581,3364,RAD,horizontal,2,23.91,26.41,52.2,44.8,72,29.85,1.11,0.80,3,1.42,0,0,horizontal best
2026-08-24T15:36:16.674,3365,RAD,horizontal,3,23.91,26.41,38.4,47.3,78,30.34,1.20,0.65,3,1.60,0,0,horizontal best
2026-08-24T15:36:16.674,3365,RAD,horizontal,3,23.91,26.41,52.2,44.8,72,29.85,1.11,0.80,3,1.42,0,0,horizontal best
2026-08-24T15:36:16.674,3365,RAD,horizontal,3,23.91,26.41,151.6,96.0,247,30.71,2.00,0.31,6,0.94,0,0,horizontal best
2026-08-24T15:36:16.803,3366,RAD,horizontal,3,23.91,26.41,38.3,47.3,79,30.32,1.20,0.66,3,1.57,0,0,horizontal best
2026-08-24T15:36:16.803,3366,RAD,horizontal,3,23.91,26.41,52.2,44.8,71,30.01,1.11,0.79,3,1.43,0,0,horizontal best
2026-08-24T15:36:16.803,3366,RAD,horizontal,3,23.91,26.41,149.9,90.1,532,31.72,1.89,0.36,4,1.27,0,0,horizontal best
2026-08-24T15:36:16.900,3367,RAD,horizontal,3,23.93,26.43,38.3,47.3,79,30.30,1.20,0.66,3,1.56,0,0,horizontal best
2026-08-24T15:36:16.900,3367,RAD,horizontal,3,23.93,26.43,52.2,44.8,71,30.21,1.11,0.79,3,1.45,0,0,horizontal best
2026-08-24T15:36:16.900,3367,RAD,horizontal,3,23.93,26.43,146.2,86.3,561,31.72,1.65,0.35,4,1.28,0,0,horizontal best
2026-08-24T15:36:17.027,3368,RAD,horizontal,3,23.93,26.43,38.3,47.3,79,30.30,1.20,0.66,3,1.55,0,0,horizontal best
2026-08-24T15:36:17.027,3368,RAD,horizontal,3,23.93,26.43,52.2,44.9,71,30.21,1.11,0.79,3,1.46,0,0,horizontal best
2026-08-24T15:36:17.027,3368,RAD,horizontal,3,23.93,26.43,142.2,82.8,353,31.78,2.14,0.34,6,1.19,0,0,horizontal best
2026-08-24T15:36:17.156,3369,RAD,horizontal,3,23.95,26.45,38.3,47.3,79,30.14,1.20,0.66,3,1.53,0,0,horizontal best
2026-08-24T15:36:17.156,3369,RAD,horizontal,3,23.95,26.45,52.2,44.9,70,30.21,1.11,0.78,3,1.47,0,0,horizontal best
2026-08-24T15:36:17.156,3369,RAD,horizontal,3,23.95,26.45,138.9,79.1,323,31.78,2.82,0.40,5,1.18,0,0,horizontal best
2026-08-24T15:36:17.252,3370,RAD,horizontal,3,23.95,26.45,38.3,47.3,79,29.97,1.20,0.66,3,1.52,0,0,horizontal best
2026-08-24T15:36:17.252,3370,RAD,horizontal,3,23.95,26.45,52.2,44.9,70,30.21,1.11,0.78,3,1.45,0,0,horizontal best
2026-08-24T15:36:17.252,3370,RAD,horizontal,3,23.95,26.45,140.8,86.4,594,32.50,0.00,0.00,8,1.30,0,0,horizontal best
2026-08-24T15:36:17.383,3371,RAD,horizontal,3,23.98,26.48,38.4,47.1,75,29.97,1.10,0.68,3,1.51,0,0,horizontal best
2026-08-24T15:36:17.383,3371,RAD,horizontal,3,23.98,26.48,52.2,44.9,70,30.23,1.11,0.78,3,1.44,0,0,horizontal best
2026-08-24T15:36:17.383,3371,RAD,horizontal,3,23.98,26.48,141.1,88.9,674,32.80,0.00,0.00,10,1.41,0,0,horizontal best
2026-08-24T15:36:17.476,3372,RAD,horizontal,3,23.98,26.48,38.4,47.0,75,29.97,1.10,0.68,3,1.55,0,0,horizontal best
2026-08-24T15:36:17.476,3372,RAD,horizontal,3,23.98,26.48,52.2,44.9,70,30.25,1.11,0.78,4,1.45,0,0,horizontal best
2026-08-24T15:36:17.476,3372,RAD,horizontal,3,23.98,26.48,138.9,86.8,622,32.78,0.00,0.00,10,1.42,0,0,horizontal best
2026-08-24T15:36:17.605,3373,RAD,horizontal,3,24.02,26.52,38.4,47.0,75,29.97,1.10,0.68,3,1.56,0,0,horizontal best
2026-08-24T15:36:17.605,3373,RAD,horizontal,3,24.02,26.52,52.2,44.9,70,30.34,1.11,0.78,4,1.45,0,0,horizontal best
2026-08-24T15:36:17.605,3373,RAD,horizontal,3,24.02,26.52,135.2,83.9,641,32.78,0.00,0.00,7,1.41,0,0,horizontal best
2026-08-24T15:36:17.700,3374,RAD,horizontal,3,24.00,26.50,38.4,47.0,73,29.97,1.10,0.66,2,1.56,0,0,horizontal best
2026-08-24T15:36:17.700,3374,RAD,horizontal,3,24.00,26.50,52.2,44.9,70,30.34,1.11,0.78,4,1.46,0,0,horizontal best
2026-08-24T15:36:17.700,3374,RAD,horizontal,3,24.00,26.50,130.9,81.1,655,32.84,0.00,0.00,9,1.61,0,0,horizontal best
2026-08-24T15:36:17.828,3375,RAD,horizontal,3,24.00,26.50,38.5,46.9,72,29.97,1.10,0.65,2,1.59,0,0,horizontal best
2026-08-24T15:36:17.828,3375,RAD,horizontal,3,24.00,26.50,52.3,44.9,69,30.34,1.11,0.77,3,1.46,0,0,horizontal best
2026-08-24T15:36:17.828,3375,RAD,horizontal,3,24.00,26.50,127.1,78.1,680,32.73,0.00,0.00,9,1.73,0,0,horizontal best
2026-08-24T15:36:17.923,3376,RAD,horizontal,3,24.00,26.50,38.5,46.9,72,29.99,1.10,0.65,2,1.60,0,0,horizontal best
2026-08-24T15:36:17.923,3376,RAD,horizontal,3,24.00,26.50,52.3,44.9,69,30.25,1.11,0.77,3,1.46,0,0,horizontal best
2026-08-24T15:36:17.923,3376,RAD,horizontal,3,24.00,26.50,123.3,75.2,627,32.54,0.00,0.00,9,1.58,0,0,horizontal best
2026-08-24T15:36:18.052,3377,RAD,horizontal,3,24.00,26.50,38.5,46.9,72,29.99,1.10,0.65,2,1.61,0,0,horizontal best
2026-08-24T15:36:18.052,3377,RAD,horizontal,3,24.00,26.50,52.3,44.9,69,30.21,1.11,0.77,3,1.45,0,0,horizontal best
2026-08-24T15:36:18.052,3377,RAD,horizontal,3,24.00,26.50,119.5,73.1,647,32.50,1.76,0.59,8,1.57,0,0,horizontal best
2026-08-24T15:36:18.181,3378,RAD,horizontal,3,24.00,26.50,38.5,46.9,72,30.12,1.10,0.65,2,1.62,0,0,horizontal best
2026-08-24T15:36:18.181,3378,RAD,horizontal,3,24.00,26.50,52.3,44.9,69,30.21,1.11,0.77,3,1.45,0,0,horizontal best
2026-08-24T15:36:18.181,3378,RAD,horizontal,3,24.00,26.50,116.5,70.6,571,32.47,1.74,0.62,7,1.48,0,0,horizontal best
2026-08-24T15:36:18.276,3379,RAD,horizontal,3,24.04,26.54,38.5,46.9,72,30.41,1.10,0.65,3,1.68,0,0,horizontal best
2026-08-24T15:36:18.276,3379,RAD,horizontal,3,24.04,26.54,52.3,44.9,68,30.25,1.11,0.76,3,1.42,0,0,horizontal best
2026-08-24T15:36:18.276,3379,RAD,horizontal,3,24.04,26.54,114.0,68.7,519,32.82,1.91,0.56,8,1.46,0,0,horizontal best
2026-08-24T15:36:18.411,3380,RAD,horizontal,2,24.04,26.54,42.9,45.7,117,30.45,0.00,0.00,6,1.13,0,0,horizontal best
2026-08-24T15:36:18.411,3380,RAD,horizontal,2,24.04,26.54,111.6,66.7,567,32.93,1.62,0.61,5,1.48,0,0,horizontal best
2026-08-24T15:36:18.504,3381,RAD,horizontal,2,24.04,26.54,44.6,45.2,119,30.47,0.00,0.00,6,1.14,0,0,horizontal best
2026-08-24T15:36:18.504,3381,RAD,horizontal,2,24.04,26.54,109.5,65.0,528,32.88,1.68,0.65,8,1.47,0,0,horizontal best
2026-08-24T15:36:18.632,3382,RAD,horizontal,3,24.04,26.54,40.6,46.4,72,30.47,1.10,0.65,3,1.65,0,0,horizontal best
2026-08-24T15:36:18.632,3382,RAD,horizontal,3,24.04,26.54,52.3,44.9,68,30.30,1.11,0.76,3,1.43,0,0,horizontal best
2026-08-24T15:36:18.632,3382,RAD,horizontal,3,24.04,26.54,107.3,63.7,421,32.97,1.65,0.64,5,1.48,0,0,horizontal best
2026-08-24T15:36:18.726,3383,RAD,horizontal,3,24.00,26.50,38.7,47.0,72,30.25,1.10,0.65,3,1.64,0,0,horizontal best
2026-08-24T15:36:18.726,3383,RAD,horizontal,3,24.00,26.50,52.3,44.9,69,30.28,1.11,0.77,3,1.46,0,0,horizontal best
2026-08-24T15:36:18.726,3383,RAD,horizontal,3,24.00,26.50,105.1,62.8,407,32.93,1.75,0.58,7,1.42,0,0,horizontal best
2026-08-24T15:36:18.854,3384,RAD,horizontal,2,23.98,26.48,42.6,45.9,116,30.25,0.00,0.00,6,1.11,0,0,horizontal best
2026-08-24T15:36:18.854,3384,RAD,horizontal,2,23.98,26.48,102.9,65.2,583,32.69,0.00,0.00,9,1.45,0,0,horizontal best
2026-08-24T15:36:18.980,3385,RAD,horizontal,3,24.00,26.50,39.9,46.9,69,29.85,1.00,0.69,3,1.58,0,0,horizontal best
2026-08-24T15:36:18.980,3385,RAD,horizontal,3,24.00,26.50,52.3,44.9,69,30.25,1.11,0.77,3,1.46,0,0,horizontal best
2026-08-24T15:36:18.980,3385,RAD,horizontal,3,24.00,26.50,100.7,62.7,419,32.65,1.90,0.55,7,1.40,0,0,horizontal best
2026-08-24T15:36:19.078,3386,RAD,horizontal,2,23.98,26.48,43.1,46.0,115,30.25,0.00,0.00,6,1.10,0,0,horizontal best
2026-08-24T15:36:19.078,3386,RAD,horizontal,2,23.98,26.48,98.5,60.2,458,32.56,1.59,0.59,6,1.34,0,0,horizontal best
2026-08-24T15:36:19.205,3387,RAD,horizontal,3,23.95,26.45,40.1,46.9,69,29.79,1.00,0.69,3,1.57,0,0,horizontal best
2026-08-24T15:36:19.205,3387,RAD,horizontal,3,23.95,26.45,52.3,44.9,69,30.16,1.11,0.77,3,1.46,0,0,horizontal best
2026-08-24T15:36:19.205,3387,RAD,horizontal,3,23.95,26.45,96.3,59.0,365,32.17,1.65,0.55,7,1.36,0,0,horizontal best
2026-08-24T15:36:19.300,3388,RAD,horizontal,3,23.95,26.45,38.7,47.3,68,29.79,1.00,0.68,3,1.57,0,0,horizontal best
2026-08-24T15:36:19.300,3388,RAD,horizontal,3,23.95,26.45,52.3,44.9,69,30.16,1.11,0.77,3,1.46,0,0,horizontal best
2026-08-24T15:36:19.300,3388,RAD,horizontal,3,23.95,26.45,93.8,58.5,367,31.91,1.52,0.55,8,1.39,0,0,horizontal best
2026-08-24T15:36:19.431,3389,RAD,horizontal,2,23.95,26.45,42.8,46.1,114,30.21,0.00,0.00,5,1.09,0,0,horizontal best
2026-08-24T15:36:19.431,3389,RAD,horizontal,2,23.95,26.45,91.1,58.2,500,32.28,1.40,0.57,9,1.52,0,0,horizontal best
2026-08-24T15:36:19.522,3390,RAD,horizontal,2,23.93,26.43,44.6,45.5,114,30.21,0.00,0.00,5,1.09,0,0,horizontal best
2026-08-24T15:36:19.522,3390,RAD,horizontal,2,23.93,26.43,88.4,57.7,506,31.78,1.30,0.54,6,1.88,0,0,horizontal best
2026-08-24T15:36:19.657,3391,RAD,horizontal,3,23.93,26.43,40.6,46.8,69,29.77,1.00,0.69,2,1.56,0,0,horizontal best
2026-08-24T15:36:19.657,3391,RAD,horizontal,3,23.93,26.43,52.2,44.9,70,30.19,1.11,0.78,3,1.47,0,0,horizontal best
2026-08-24T15:36:19.657,3391,RAD,horizontal,3,23.93,26.43,80.8,55.1,231,31.72,2.75,0.58,2,1.27,0,0,horizontal best
2026-08-24T15:36:19.748,3392,RAD,horizontal,3,23.93,26.43,38.8,47.4,69,29.77,1.00,0.69,2,1.55,0,0,horizontal best
2026-08-24T15:36:19.748,3392,RAD,horizontal,3,23.93,26.43,52.1,44.9,74,30.16,1.00,0.74,3,1.49,0,0,horizontal best
2026-08-24T15:36:19.748,3392,RAD,horizontal,3,23.93,26.43,75.8,54.4,238,31.78,2.38,0.59,2,1.23,0,0,horizontal best
2026-08-24T15:36:19.874,3393,RAD,horizontal,3,23.93,26.43,38.2,47.5,69,29.77,1.00,0.69,2,1.55,0,0,horizontal best
2026-08-24T15:36:19.874,3393,RAD,horizontal,3,23.93,26.43,51.9,44.8,78,30.16,1.00,0.78,2,1.53,0,0,horizontal best
2026-08-24T15:36:19.874,3393,RAD,horizontal,3,23.93,26.43,77.8,54.5,258,31.91,0.00,0.00,6,1.29,0,0,horizontal best
2026-08-24T15:36:20.006,3394,RAD,horizontal,4,23.91,26.41,35.7,48.5,15,29.68,2.00,0.83,1,1.50,0,0,horizontal best
2026-08-24T15:36:20.006,3394,RAD,horizontal,4,23.91,26.41,68.2,53.0,182,31.72,0.00,0.00,6,1.08,0,0,horizontal best
2026-08-24T15:36:20.006,3394,RAD,horizontal,4,23.91,26.41,88.2,55.3,96,31.89,2.22,0.53,5,1.47,0,0,horizontal best
2026-08-24T15:36:20.006,3394,RAD,horizontal,4,23.91,26.41,90.9,81.2,99,30.19,1.60,0.62,4,1.29,0,0,horizontal best
2026-08-24T15:36:20.104,3395,RAD,horizontal,5,23.93,26.43,37.3,48.1,69,29.77,1.00,0.69,2,1.57,0,0,horizontal best
2026-08-24T15:36:20.104,3395,RAD,horizontal,5,23.93,26.43,51.4,44.7,82,30.19,0.91,0.75,3,1.56,0,0,horizontal best
2026-08-24T15:36:20.104,3395,RAD,horizontal,5,23.93,26.43,64.9,55.2,197,32.04,3.10,0.64,2,1.18,0,0,horizontal best
2026-08-24T15:36:20.104,3395,RAD,horizontal,5,23.93,26.43,86.3,56.3,185,32.04,2.27,0.67,4,1.61,0,0,horizontal best
2026-08-24T15:36:20.104,3395,RAD,horizontal,5,23.93,26.43,90.6,80.0,63,30.10,1.45,0.36,2,1.06,0,0,horizontal best
2026-08-24T15:36:20.230,3396,RAD,horizontal,4,23.93,26.43,38.1,47.9,69,29.77,1.00,0.69,2,1.56,0,0,horizontal best
2026-08-24T15:36:20.230,3396,RAD,horizontal,4,23.93,26.43,60.4,54.4,284,32.13,1.78,0.49,4,1.31,0,0,horizontal best
2026-08-24T15:36:20.230,3396,RAD,horizontal,4,23.93,26.43,83.8,57.2,183,32.24,1.79,0.52,2,1.57,0,0,horizontal best
2026-08-24T15:36:20.230,3396,RAD,horizontal,4,23.93,26.43,90.2,79.8,57,30.03,1.45,0.32,2,1.03,0,0,horizontal best
2026-08-24T15:36:20.325,3397,RAD,horizontal,3,23.93,26.43,36.1,48.5,15,29.63,2.00,0.83,1,1.49,0,0,horizontal best
2026-08-24T15:36:20.325,3397,RAD,horizontal,3,23.93,26.43,56.7,54.2,198,32.24,0.00,0.00,6,1.27,0,0,horizontal best
2026-08-24T15:36:20.325,3397,RAD,horizontal,3,23.93,26.43,80.8,58.2,132,31.96,2.00,0.55,6,1.63,0,0,horizontal best
2026-08-24T15:36:20.451,3398,RAD,horizontal,3,23.91,26.41,35.2,48.8,15,29.61,2.00,0.83,1,1.49,0,0,horizontal best
2026-08-24T15:36:20.451,3398,RAD,horizontal,3,23.91,26.41,53.9,55.2,177,32.00,0.00,0.00,5,1.17,0,0,horizontal best
2026-08-24T15:36:20.451,3398,RAD,horizontal,3,23.91,26.41,78.1,58.0,135,32.15,1.75,0.54,5,1.53,0,0,horizontal best
2026-08-24T15:36:20.551,3399,RAD,horizontal,2,23.91,26.41,50.9,55.6,257,31.65,2.33,0.49,6,1.14,0,0,horizontal best
2026-08-24T15:36:20.551,3399,RAD,horizontal,2,23.91,26.41,75.4,58.2,225,32.22,1.71,0.67,4,1.63,0,0,horizontal best
2026-08-24T15:36:20.678,3400,RAD,horizontal,2,23.91,26.41,48.1,55.8,253,31.30,3.00,0.59,6,0.97,0,0,horizontal best
2026-08-24T15:36:20.678,3400,RAD,horizontal,2,23.91,26.41,72.5,58.2,233,32.37,1.44,0.63,4,1.62,0,0,horizontal best
2026-08-24T15:36:20.773,3401,RAD,horizontal,2,23.88,26.38,47.0,55.1,163,30.21,3.50,0.47,7,1.04,0,0,horizontal best
2026-08-24T15:36:20.773,3401,RAD,horizontal,2,23.88,26.38,70.2,58.9,176,32.26,2.00,0.61,4,1.61,0,0,horizontal best
2026-08-24T15:36:20.900,3402,RAD,horizontal,2,23.91,26.41,43.1,55.0,228,31.48,0.00,0.00,6,1.21,0,0,horizontal best
2026-08-24T15:36:20.900,3402,RAD,horizontal,2,23.91,26.41,65.8,58.6,144,32.32,1.54,0.55,5,1.47,0,0,horizontal best
2026-08-24T15:36:21.027,3403,RAD,horizontal,1,23.91,26.41,45.7,55.6,385,32.24,0.00,0.00,9,1.30,0,0,horizontal best
2026-08-24T15:36:21.121,3404,RAD,horizontal,1,23.91,26.41,44.9,56.0,376,32.22,0.00,0.00,9,1.31,0,0,horizontal best
2026-08-24T15:36:21.252,3405,RAD,horizontal,1,23.88,26.38,42.7,55.7,332,32.17,0.00,0.00,9,1.37,0,0,horizontal best
2026-08-24T15:36:21.348,3406,RAD,horizontal,2,23.86,26.36,32.6,58.3,139,31.22,2.42,0.40,6,1.45,0,0,horizontal best
2026-08-24T15:36:21.348,3406,RAD,horizontal,2,23.86,26.36,48.5,53.4,181,32.32,0.00,0.00,7,1.54,0,0,horizontal best
2026-08-24T15:36:21.478,3407,RAD,horizontal,2,23.86,26.36,30.8,58.2,292,32.26,1.59,0.38,9,1.34,0,0,horizontal best
2026-08-24T15:36:21.478,3407,RAD,horizontal,2,23.86,26.36,47.1,54.3,171,31.72,3.30,0.52,6,1.30,0,0,horizontal best
2026-08-24T15:36:21.568,3408,RAD,horizontal,1,23.87,26.37,33.1,57.2,306,32.07,0.00,0.00,10,1.37,0,0,horizontal best
2026-08-24T15:36:21.696,3409,RAD,horizontal,1,23.88,26.38,32.6,57.4,312,32.04,0.00,0.00,11,1.28,0,0,horizontal best
2026-08-24T15:36:21.827,3410,RAD,horizontal,1,23.88,26.38,38.2,54.3,189,31.94,0.00,0.00,8,1.65,0,0,horizontal best
2026-08-24T15:36:21.920,3411,RAD,horizontal,1,23.88,26.38,29.6,58.7,355,32.07,0.00,0.00,10,1.57,0,0,horizontal best
2026-08-24T15:36:22.053,3412,RAD,horizontal,2,23.88,26.38,25.1,61.8,297,32.15,1.32,0.63,8,1.65,0,0,horizontal best
2026-08-24T15:36:22.053,3412,RAD,horizontal,2,23.88,26.38,49.6,45.9,72,30.01,1.11,0.80,3,1.49,0,0,horizontal best
2026-08-24T15:36:22.147,3413,RAD,horizontal,2,23.88,26.38,22.3,63.2,293,32.11,1.39,0.65,7,1.51,0,0,horizontal best
2026-08-24T15:36:22.147,3413,RAD,horizontal,2,23.88,26.38,52.4,44.3,71,30.01,1.11,0.79,3,1.47,0,0,horizontal best
2026-08-24T15:36:22.275,3414,RAD,horizontal,2,23.88,26.38,20.4,63.7,272,31.94,1.37,0.55,5,1.38,0,0,horizontal best
2026-08-24T15:36:22.275,3414,RAD,horizontal,2,23.88,26.38,53.0,44.0,72,30.01,1.11,0.80,3,1.49,0,0,horizontal best
2026-08-24T15:36:22.371,3415,RAD,horizontal,3,23.91,26.41,19.2,64.3,361,32.04,1.22,0.56,3,1.48,0,0,horizontal best
2026-08-24T15:36:22.371,3415,RAD,horizontal,3,23.91,26.41,52.8,44.2,72,30.03,1.11,0.80,3,1.47,0,0,horizontal best
2026-08-24T15:36:22.371,3415,RAD,horizontal,3,23.91,26.41,38.6,47.6,70,29.90,1.00,0.70,2,1.52,0,0,horizontal best
2026-08-24T15:36:22.502,3416,RAD,horizontal,3,23.93,26.43,17.9,64.4,316,32.19,1.27,0.51,3,1.51,0,0,horizontal best
2026-08-24T15:36:22.502,3416,RAD,horizontal,3,23.93,26.43,52.5,44.5,73,30.05,1.11,0.81,3,1.47,0,0,horizontal best
2026-08-24T15:36:22.502,3416,RAD,horizontal,3,23.93,26.43,38.3,47.9,70,29.92,1.00,0.70,2,1.51,0,0,horizontal best
2026-08-24T15:36:22.595,3417,RAD,horizontal,3,23.93,26.43,16.2,63.9,257,31.94,1.40,0.46,3,1.52,0,0,horizontal best
2026-08-24T15:36:22.595,3417,RAD,horizontal,3,23.93,26.43,52.2,44.6,73,29.88,1.11,0.81,4,1.46,0,0,horizontal best
2026-08-24T15:36:22.595,3417,RAD,horizontal,3,23.93,26.43,38.2,47.9,70,29.92,1.00,0.70,2,1.51,0,0,horizontal best
2026-08-24T15:36:22.722,3418,RAD,horizontal,3,23.95,26.45,14.8,63.5,207,31.94,1.53,0.47,2,1.39,0,0,horizontal best
2026-08-24T15:36:22.722,3418,RAD,horizontal,3,23.95,26.45,52.1,44.8,72,29.74,1.11,0.80,4,1.45,0,0,horizontal best
2026-08-24T15:36:22.722,3418,RAD,horizontal,3,23.95,26.45,38.3,47.9,70,29.92,1.00,0.70,2,1.52,0,0,horizontal best
2026-08-24T15:36:22.850,3419,RAD,horizontal,3,23.95,26.45,13.3,63.1,210,31.57,2.00,0.62,3,1.30,0,0,horizontal best
2026-08-24T15:36:22.850,3419,RAD,horizontal,3,23.95,26.45,52.1,44.8,71,29.72,1.11,0.79,4,1.44,0,0,horizontal best
2026-08-24T15:36:22.850,3419,RAD,horizontal,3,23.95,26.45,38.3,47.8,70,29.94,1.00,0.70,3,1.52,0,0,horizontal best
2026-08-24T15:36:22.946,3420,RAD,horizontal,3,23.95,26.45,12.5,63.9,262,31.41,2.07,0.65,2,1.28,0,0,horizontal best
2026-08-24T15:36:22.946,3420,RAD,horizontal,3,23.95,26.45,52.1,44.8,71,29.70,1.11,0.79,4,1.45,0,0,horizontal best
2026-08-24T15:36:22.946,3420,RAD,horizontal,3,23.95,26.45,38.4,47.7,70,29.94,1.00,0.70,3,1.53,0,0,horizontal best
2026-08-24T15:36:23.074,3421,RAD,horizontal,3,23.93,26.43,12.2,64.9,312,31.48,2.00,0.61,3,1.28,0,0,horizontal best
2026-08-24T15:36:23.074,3421,RAD,horizontal,3,23.93,26.43,52.2,44.8,72,29.90,1.11,0.80,4,1.48,0,0,horizontal best
2026-08-24T15:36:23.074,3421,RAD,horizontal,3,23.93,26.43,38.4,47.7,70,29.94,1.00,0.70,3,1.53,0,0,horizontal best
2026-08-24T15:36:23.170,3422,RAD,horizontal,3,23.95,26.45,11.9,65.7,356,31.15,1.94,0.63,3,1.27,0,0,horizontal best
2026-08-24T15:36:23.170,3422,RAD,horizontal,3,23.95,26.45,52.2,44.8,72,29.90,1.11,0.80,4,1.49,0,0,horizontal best
2026-08-24T15:36:23.170,3422,RAD,horizontal,3,23.95,26.45,38.4,47.7,70,29.92,1.00,0.70,3,1.53,0,0,horizontal best
2026-08-24T15:36:23.299,3423,RAD,horizontal,3,23.95,26.45,11.7,65.3,254,31.13,2.13,0.53,5,1.05,0,0,horizontal best
2026-08-24T15:36:23.299,3423,RAD,horizontal,3,23.95,26.45,52.2,44.8,72,29.83,1.11,0.80,4,1.46,0,0,horizontal best
2026-08-24T15:36:23.299,3423,RAD,horizontal,3,23.95,26.45,38.4,47.7,70,29.99,1.00,0.70,4,1.53,0,0,horizontal best
2026-08-24T15:36:23.396,3424,RAD,horizontal,3,23.95,26.45,11.7,65.9,283,31.15,2.06,0.54,7,1.01,0,0,horizontal best
2026-08-24T15:36:23.396,3424,RAD,horizontal,3,23.95,26.45,52.2,44.8,72,29.79,1.11,0.80,4,1.45,0,0,horizontal best
2026-08-24T15:36:23.396,3424,RAD,horizontal,3,23.95,26.45,38.4,47.7,70,29.94,1.00,0.70,4,1.53,0,0,horizontal best
2026-08-24T15:36:23.527,3425,RAD,horizontal,3,23.93,26.43,11.7,66.7,317,31.15,2.06,0.53,7,1.03,0,0,horizontal best
2026-08-24T15:36:23.527,3425,RAD,horizontal,3,23.93,26.43,52.2,44.7,71,29.50,1.11,0.79,4,1.45,0,0,horizontal best
2026-08-24T15:36:23.527,3425,RAD,horizontal,3,23.93,26.43,38.4,47.7,70,29.94,1.00,0.70,3,1.54,0,0,horizontal best
2026-08-24T15:36:23.651,3426,RAD,horizontal,2,23.93,26.43,10.7,65.7,441,31.15,0.00,0.00,7,1.08,0,0,horizontal best
2026-08-24T15:36:23.651,3426,RAD,horizontal,2,23.93,26.43,43.0,46.0,110,29.94,0.00,0.00,7,0.95,0,0,horizontal best
2026-08-24T15:36:23.746,3427,RAD,horizontal,3,23.91,26.41,10.7,67.4,362,31.15,1.89,0.53,7,1.10,0,0,horizontal best
2026-08-24T15:36:23.746,3427,RAD,horizontal,3,23.91,26.41,52.2,44.7,71,29.50,1.11,0.79,4,1.43,0,0,horizontal best
2026-08-24T15:36:23.746,3427,RAD,horizontal,3,23.91,26.41,40.2,47.0,70,29.92,1.00,0.70,3,1.54,0,0,horizontal best
2026-08-24T15:36:23.876,3428,RAD,horizontal,3,23.91,26.41,10.4,69.1,357,31.15,1.95,0.51,5,1.14,0,0,horizontal best
2026-08-24T15:36:23.876,3428,RAD,horizontal,3,23.91,26.41,52.2,44.7,71,29.59,1.11,0.79,4,1.43,0,0,horizontal best
2026-08-24T15:36:23.876,3428,RAD,horizontal,3,23.91,26.41,38.8,47.6,70,29.92,1.00,0.70,4,1.54,0,0,horizontal best
2026-08-24T15:36:23.972,3429,RAD,horizontal,3,23.91,26.41,9.6,69.5,320,31.04,2.00,0.44,5,1.15,0,0,horizontal best
2026-08-24T15:36:23.972,3429,RAD,horizontal,3,23.91,26.41,52.2,44.7,71,29.59,1.11,0.79,4,1.44,0,0,horizontal best
2026-08-24T15:36:23.972,3429,RAD,horizontal,3,23.91,26.41,38.3,47.8,70,29.92,1.00,0.70,4,1.54,0,0,horizontal best
2026-08-24T15:36:24.101,3430,RAD,horizontal,3,23.93,26.43,12.8,65.2,191,31.04,2.23,0.51,2,1.12,0,0,horizontal best
2026-08-24T15:36:24.101,3430,RAD,horizontal,3,23.93,26.43,52.2,44.7,71,29.68,1.11,0.79,4,1.45,0,0,horizontal best
2026-08-24T15:36:24.101,3430,RAD,horizontal,3,23.93,26.43,38.2,47.8,70,29.85,1.00,0.70,3,1.54,0,0,horizontal best
2026-08-24T15:36:24.195,3431,RAD,horizontal,3,23.93,26.43,10.5,68.2,289,30.89,2.05,0.39,6,1.17,0,0,horizontal best
2026-08-24T15:36:24.195,3431,RAD,horizontal,3,23.93,26.43,52.2,44.7,71,29.68,1.11,0.79,4,1.45,0,0,horizontal best
2026-08-24T15:36:24.195,3431,RAD,horizontal,3,23.93,26.43,38.2,47.8,70,29.88,1.00,0.70,3,1.55,0,0,horizontal best
2026-08-24T15:36:24.327,3432,RAD,horizontal,3,23.91,26.41,13.0,64.9,184,30.89,2.23,0.49,2,1.15,0,0,horizontal best
2026-08-24T15:36:24.327,3432,RAD,horizontal,3,23.91,26.41,52.2,44.7,71,29.68,1.11,0.79,4,1.45,0,0,horizontal best
2026-08-24T15:36:24.327,3432,RAD,horizontal,3,23.91,26.41,38.3,47.7,70,29.85,1.00,0.70,4,1.54,0,0,horizontal best
2026-08-24T15:36:24.422,3433,RAD,horizontal,3,23.88,26.38,14.0,63.5,190,30.85,2.07,0.47,2,1.14,0,0,horizontal best
2026-08-24T15:36:24.422,3433,RAD,horizontal,3,23.88,26.38,52.2,44.7,71,29.68,1.11,0.79,4,1.45,0,0,horizontal best
2026-08-24T15:36:24.422,3433,RAD,horizontal,3,23.88,26.38,38.4,47.7,70,29.85,1.00,0.70,4,1.55,0,0,horizontal best
2026-08-24T15:36:24.550,3434,RAD,horizontal,3,23.88,26.38,11.0,68.3,322,30.91,2.11,0.42,5,1.25,0,0,horizontal best
2026-08-24T15:36:24.550,3434,RAD,horizontal,3,23.88,26.38,52.2,44.7,71,29.65,1.11,0.79,4,1.45,0,0,horizontal best
2026-08-24T15:36:24.550,3434,RAD,horizontal,3,23.88,26.38,38.6,47.6,66,29.85,1.11,0.73,2,1.55,0,0,horizontal best
2026-08-24T15:36:24.676,3435,RAD,horizontal,3,23.88,26.38,11.3,69.9,324,30.87,2.88,0.44,5,1.34,0,0,horizontal best
2026-08-24T15:36:24.676,3435,RAD,horizontal,3,23.88,26.38,52.2,44.7,71,29.65,1.11,0.79,4,1.45,0,0,horizontal best
2026-08-24T15:36:24.676,3435,RAD,horizontal,3,23.88,26.38,39.2,47.5,53,29.85,1.43,0.76,2,1.49,0,0,horizontal best
2026-08-24T15:36:24.772,3436,RAD,horizontal,3,23.88,26.38,11.7,69.6,283,30.95,3.00,0.42,5,1.22,0,0,horizontal best
2026-08-24T15:36:24.772,3436,RAD,horizontal,3,23.88,26.38,52.2,44.7,71,29.65,1.11,0.79,4,1.45,0,0,horizontal best
2026-08-24T15:36:24.772,3436,RAD,horizontal,3,23.88,26.38,39.2,47.5,60,29.83,1.25,0.75,2,1.53,0,0,horizontal best
2026-08-24T15:36:24.898,3437,RAD,horizontal,3,23.88,26.38,13.5,65.3,214,30.91,2.23,0.57,4,1.21,0,0,horizontal best
2026-08-24T15:36:24.898,3437,RAD,horizontal,3,23.88,26.38,52.2,44.7,71,29.68,1.11,0.79,4,1.44,0,0,horizontal best
2026-08-24T15:36:24.898,3437,RAD,horizontal,3,23.88,26.38,38.7,47.6,70,29.81,1.00,0.70,3,1.55,0,0,horizontal best
2026-08-24T15:36:24.998,3438,RAD,horizontal,3,23.86,26.36,14.2,63.5,215,30.91,2.23,0.57,4,1.21,0,0,horizontal best
2026-08-24T15:36:24.998,3438,RAD,horizontal,3,23.86,26.36,52.2,44.7,71,29.68,1.11,0.79,4,1.44,0,0,horizontal best
2026-08-24T15:36:24.998,3438,RAD,horizontal,3,23.86,26.36,38.4,47.7,70,29.79,1.00,0.70,3,1.55,0,0,horizontal best
2026-08-24T15:36:25.123,3439,RAD,horizontal,3,23.86,26.36,12.2,66.5,189,30.91,0.00,0.00,5,1.08,0,0,horizontal best
2026-08-24T15:36:25.123,3439,RAD,horizontal,3,23.86,26.36,52.2,44.7,71,29.68,1.11,0.79,4,1.45,0,0,horizontal best
2026-08-24T15:36:25.123,3439,RAD,horizontal,3,23.86,26.36,38.3,47.7,70,29.79,1.00,0.70,3,1.55,0,0,horizontal best
2026-08-24T15:36:25.220,3440,RAD,horizontal,3,23.86,26.36,13.6,64.4,229,30.91,2.07,0.56,4,1.19,0,0,horizontal best
2026-08-24T15:36:25.220,3440,RAD,horizontal,3,23.86,26.36,52.2,44.7,71,29.68,1.11,0.79,4,1.45,0,0,horizontal best
2026-08-24T15:36:25.220,3440,RAD,horizontal,3,23.86,26.36,38.3,47.7,70,29.79,1.00,0.70,4,1.55,0,0,horizontal best
2026-08-24T15:36:25.350,3441,RAD,horizontal,3,23.86,26.36,14.1,63.4,220,30.91,2.14,0.52,4,1.25,0,0,horizontal best
2026-08-24T15:36:25.350,3441,RAD,horizontal,3,23.86,26.36,52.2,44.7,71,29.68,1.11,0.79,4,1.46,0,0,horizontal best
2026-08-24T15:36:25.350,3441,RAD,horizontal,3,23.86,26.36,38.4,47.7,70,29.79,1.00,0.70,3,1.56,0,0,horizontal best
2026-08-24T15:36:25.445,3442,RAD,horizontal,3,23.86,26.36,14.1,63.1,209,30.71,2.14,0.50,4,1.18,0,0,horizontal best
2026-08-24T15:36:25.445,3442,RAD,horizontal,3,23.86,26.36,52.2,44.7,71,29.68,1.11,0.79,4,1.46,0,0,horizontal best
2026-08-24T15:36:25.445,3442,RAD,horizontal,3,23.86,26.36,38.4,47.7,70,29.85,1.00,0.70,3,1.57,0,0,horizontal best
2026-08-24T15:36:25.570,3443,RAD,horizontal,3,23.86,26.36,13.8,62.7,101,30.60,2.36,0.35,5,1.00,0,0,horizontal best
2026-08-24T15:36:25.570,3443,RAD,horizontal,3,23.86,26.36,52.2,44.8,72,29.65,1.11,0.80,4,1.45,0,0,horizontal best
2026-08-24T15:36:25.570,3443,RAD,horizontal,3,23.86,26.36,38.4,47.7,70,29.88,1.00,0.70,3,1.57,0,0,horizontal best
2026-08-24T15:36:25.696,3444,RAD,horizontal,3,23.88,26.38,13.7,63.1,194,30.63,1.93,0.45,3,1.17,0,0,horizontal best
2026-08-24T15:36:25.696,3444,RAD,horizontal,3,23.88,26.38,52.2,44.8,72,29.65,1.11,0.80,4,1.44,0,0,horizontal best
2026-08-24T15:36:25.696,3444,RAD,horizontal,3,23.88,26.38,38.4,47.7,70,29.88,1.00,0.70,4,1.58,0,0,horizontal best
2026-08-24T15:36:25.795,3445,RAD,horizontal,3,23.86,26.36,13.7,63.2,192,30.76,1.87,0.46,3,1.20,0,0,horizontal best
2026-08-24T15:36:25.795,3445,RAD,horizontal,3,23.86,26.36,52.2,44.8,72,29.50,1.11,0.80,4,1.43,0,0,horizontal best
2026-08-24T15:36:25.795,3445,RAD,horizontal,3,23.86,26.36,38.4,47.6,73,30.05,1.10,0.66,3,1.62,0,0,horizontal best
2026-08-24T15:36:25.927,3446,RAD,horizontal,3,23.84,26.34,13.8,63.4,196,30.63,1.87,0.47,3,1.15,0,0,horizontal best
2026-08-24T15:36:25.927,3446,RAD,horizontal,3,23.84,26.34,52.2,44.8,72,29.63,1.11,0.80,4,1.42,0,0,horizontal best
2026-08-24T15:36:25.927,3446,RAD,horizontal,3,23.84,26.34,38.4,47.5,72,30.12,1.10,0.65,4,1.61,0,0,horizontal best
2026-08-24T15:36:26.020,3447,RAD,horizontal,3,23.86,26.36,14.0,63.4,199,30.82,1.93,0.46,3,1.16,0,0,horizontal best
2026-08-24T15:36:26.020,3447,RAD,horizontal,3,23.86,26.36,52.2,44.8,72,29.63,1.11,0.80,4,1.42,0,0,horizontal best
2026-08-24T15:36:26.020,3447,RAD,horizontal,3,23.86,26.36,38.5,47.4,73,30.50,1.10,0.66,3,1.68,0,0,horizontal best
2026-08-24T15:36:26.147,3448,RAD,horizontal,3,23.86,26.36,14.3,63.6,206,30.82,2.07,0.51,3,1.10,0,0,horizontal best
2026-08-24T15:36:26.147,3448,RAD,horizontal,3,23.86,26.36,52.2,44.8,72,29.63,1.11,0.80,4,1.42,0,0,horizontal best
2026-08-24T15:36:26.147,3448,RAD,horizontal,3,23.86,26.36,38.5,47.4,75,30.50,1.10,0.68,3,1.69,0,0,horizontal best
2026-08-24T15:36:26.243,3449,RAD,horizontal,3,23.86,26.36,14.3,63.4,214,30.82,2.14,0.51,3,1.16,0,0,horizontal best
2026-08-24T15:36:26.243,3449,RAD,horizontal,3,23.86,26.36,52.2,44.8,72,29.59,1.11,0.80,4,1.41,0,0,horizontal best
2026-08-24T15:36:26.243,3449,RAD,horizontal,3,23.86,26.36,38.6,47.3,73,30.50,1.10,0.66,3,1.68,0,0,horizontal best
2026-08-24T15:36:26.372,3450,RAD,horizontal,3,23.86,26.36,14.5,63.5,216,31.11,2.14,0.51,4,1.18,0,0,horizontal best
2026-08-24T15:36:26.372,3450,RAD,horizontal,3,23.86,26.36,52.2,44.8,72,29.57,1.11,0.80,4,1.41,0,0,horizontal best
2026-08-24T15:36:26.372,3450,RAD,horizontal,3,23.86,26.36,38.9,47.4,73,30.45,1.22,0.74,2,1.68,0,0,horizontal best
2026-08-24T15:36:26.500,3451,RAD,horizontal,3,23.86,26.36,14.6,63.5,223,31.09,2.14,0.53,4,1.19,0,0,horizontal best
2026-08-24T15:36:26.500,3451,RAD,horizontal,3,23.86,26.36,52.2,44.8,71,29.57,1.11,0.79,4,1.43,0,0,horizontal best
2026-08-24T15:36:26.500,3451,RAD,horizontal,3,23.86,26.36,39.0,47.3,73,30.43,1.33,0.68,3,1.67,0,0,horizontal best
2026-08-24T15:36:26.598,3452,RAD,horizontal,3,23.95,26.45,12.1,68.0,206,31.09,0.00,0.00,5,1.05,0,0,horizontal best
2026-08-24T15:36:26.598,3452,RAD,horizontal,3,23.95,26.45,52.1,44.8,71,29.68,1.11,0.79,4,1.44,0,0,horizontal best
2026-08-24T15:36:26.598,3452,RAD,horizontal,3,23.95,26.45,39.2,47.1,70,30.43,1.50,0.73,3,1.70,0,0,horizontal best
2026-08-24T15:36:26.726,3453,RAD,horizontal,3,23.91,26.41,13.1,65.0,200,30.87,2.23,0.53,3,1.14,0,0,horizontal best
2026-08-24T15:36:26.726,3453,RAD,horizontal,3,23.91,26.41,52.1,44.8,71,29.68,1.11,0.79,4,1.44,0,0,horizontal best
2026-08-24T15:36:26.726,3453,RAD,horizontal,3,23.91,26.41,39.3,46.9,69,30.39,1.38,0.78,3,1.70,0,0,horizontal best
2026-08-24T15:36:26.820,3454,RAD,horizontal,3,23.91,26.41,13.4,63.6,189,30.65,2.23,0.50,3,1.14,0,0,horizontal best
2026-08-24T15:36:26.820,3454,RAD,horizontal,3,23.91,26.41,52.1,44.8,71,29.65,1.11,0.79,4,1.43,0,0,horizontal best
2026-08-24T15:36:26.820,3454,RAD,horizontal,3,23.91,26.41,39.3,46.8,68,30.34,1.38,0.77,3,1.66,0,0,horizontal best
2026-08-24T15:36:26.945,3455,RAD,horizontal,3,23.88,26.38,13.3,62.9,189,30.74,2.23,0.50,4,1.21,0,0,horizontal best
2026-08-24T15:36:26.945,3455,RAD,horizontal,3,23.88,26.38,52.1,44.8,71,29.65,1.11,0.79,4,1.43,0,0,horizontal best
2026-08-24T15:36:26.945,3455,RAD,horizontal,3,23.88,26.38,39.3,46.8,72,30.34,1.22,0.73,2,1.72,0,0,horizontal best
2026-08-24T15:36:27.040,3456,RAD,horizontal,3,23.88,26.38,13.1,63.0,185,30.71,2.00,0.47,2,1.17,0,0,horizontal best
2026-08-24T15:36:27.040,3456,RAD,horizontal,3,23.88,26.38,52.1,44.8,71,29.65,1.11,0.79,4,1.42,0,0,horizontal best
2026-08-24T15:36:27.040,3456,RAD,horizontal,3,23.88,26.38,39.2,46.9,73,30.34,1.22,0.74,2,1.72,0,0,horizontal best
2026-08-24T15:36:27.167,3457,RAD,horizontal,3,23.88,26.38,12.8,63.7,180,31.24,1.93,0.48,5,1.13,0,0,horizontal best
2026-08-24T15:36:27.167,3457,RAD,horizontal,3,23.88,26.38,52.1,44.8,71,29.65,1.11,0.79,4,1.42,0,0,horizontal best
2026-08-24T15:36:27.167,3457,RAD,horizontal,3,23.88,26.38,39.2,46.9,73,30.34,1.22,0.74,2,1.73,0,0,horizontal best
2026-08-24T15:36:27.267,3458,RAD,horizontal,3,23.88,26.38,12.6,64.6,112,31.00,2.00,0.39,5,0.95,0,0,horizontal best
2026-08-24T15:36:27.267,3458,RAD,horizontal,3,23.88,26.38,52.1,44.8,71,29.63,1.11,0.79,4,1.42,0,0,horizontal best
2026-08-24T15:36:27.267,3458,RAD,horizontal,3,23.88,26.38,39.1,46.9,73,30.30,1.22,0.74,2,1.70,0,0,horizontal best
2026-08-24T15:36:27.396,3459,RAD,horizontal,3,23.88,26.38,12.3,65.7,211,31.39,1.93,0.49,3,1.22,0,0,horizontal best
2026-08-24T15:36:27.396,3459,RAD,horizontal,3,23.88,26.38,52.1,44.8,71,29.63,1.11,0.79,4,1.42,0,0,horizontal best
2026-08-24T15:36:27.396,3459,RAD,horizontal,3,23.88,26.38,39.1,46.9,73,30.30,1.22,0.74,2,1.69,0,0,horizontal best
2026-08-24T15:36:27.524,3460,RAD,horizontal,3,23.88,26.38,11.9,67.0,226,31.24,2.14,0.54,3,1.21,0,0,horizontal best
2026-08-24T15:36:27.524,3460,RAD,horizontal,3,23.88,26.38,52.1,44.8,71,29.63,1.11,0.79,4,1.42,0,0,horizontal best
2026-08-24T15:36:27.524,3460,RAD,horizontal,3,23.88,26.38,39.0,47.1,74,30.30,1.33,0.69,2,1.71,0,0,horizontal best
2026-08-24T15:36:27.620,3461,RAD,horizontal,3,23.86,26.36,10.1,71.3,209,30.98,2.24,0.32,5,1.32,0,0,horizontal best
2026-08-24T15:36:27.620,3461,RAD,horizontal,3,23.86,26.36,52.1,44.8,71,29.63,1.11,0.79,4,1.42,0,0,horizontal best
2026-08-24T15:36:27.620,3461,RAD,horizontal,3,23.86,26.36,39.0,47.1,73,30.30,1.33,0.68,2,1.72,0,0,horizontal best
2026-08-24T15:36:27.747,3462,RAD,horizontal,3,23.86,26.36,8.4,73.9,325,30.87,2.31,0.55,6,1.40,0,0,horizontal best
2026-08-24T15:36:27.747,3462,RAD,horizontal,3,23.86,26.36,52.1,44.8,71,29.63,1.11,0.79,4,1.42,0,0,horizontal best
2026-08-24T15:36:27.747,3462,RAD,horizontal,3,23.86,26.36,38.9,47.2,73,30.30,1.33,0.68,2,1.72,0,0,horizontal best
2026-08-24T15:36:27.842,3463,RAD,horizontal,3,23.86,26.36,7.0,75.1,329,30.85,2.40,0.61,5,1.21,0,0,horizontal best
2026-08-24T15:36:27.842,3463,RAD,horizontal,3,23.86,26.36,52.2,44.8,72,29.63,1.11,0.80,4,1.42,0,0,horizontal best
2026-08-24T15:36:27.842,3463,RAD,horizontal,3,23.86,26.36,38.9,47.2,73,30.30,1.33,0.68,2,1.71,0,0,horizontal best
2026-08-24T15:36:27.968,3464,RAD,horizontal,3,23.86,26.36,6.4,76.2,388,30.39,2.38,0.64,7,1.00,0,0,horizontal best
2026-08-24T15:36:27.968,3464,RAD,horizontal,3,23.86,26.36,52.2,44.8,72,29.65,1.11,0.80,4,1.42,0,0,horizontal best
2026-08-24T15:36:27.968,3464,RAD,horizontal,3,23.86,26.36,38.9,47.2,74,30.30,1.33,0.69,3,1.66,0,0,horizontal best
2026-08-24T15:36:28.064,3465,RAD,horizontal,3,23.84,26.34,5.8,77.2,319,30.52,2.64,0.62,5,1.02,0,0,horizontal best
2026-08-24T15:36:28.064,3465,RAD,horizontal,3,23.84,26.34,52.2,44.8,72,29.63,1.11,0.80,4,1.41,0,0,horizontal best
2026-08-24T15:36:28.064,3465,RAD,horizontal,3,23.84,26.34,38.8,47.2,74,30.30,1.33,0.69,3,1.59,0,0,horizontal best
2026-08-24T15:36:28.195,3466,RAD,horizontal,3,23.84,26.34,5.2,78.6,237,30.25,2.69,0.52,5,1.03,0,0,horizontal best
2026-08-24T15:36:28.195,3466,RAD,horizontal,3,23.84,26.34,52.2,44.8,72,29.70,1.11,0.80,4,1.41,0,0,horizontal best
2026-08-24T15:36:28.195,3466,RAD,horizontal,3,23.84,26.34,38.8,47.2,73,30.30,1.33,0.68,3,1.57,0,0,horizontal best
2026-08-24T15:36:28.319,3467,RAD,horizontal,3,23.84,26.34,4.5,80.2,175,30.08,2.83,0.43,5,0.94,0,0,horizontal best
2026-08-24T15:36:28.319,3467,RAD,horizontal,3,23.84,26.34,52.1,44.9,70,29.70,1.11,0.78,4,1.42,0,0,horizontal best
2026-08-24T15:36:28.319,3467,RAD,horizontal,3,23.84,26.34,38.8,47.2,72,30.30,1.33,0.67,3,1.58,0,0,horizontal best
2026-08-24T15:36:28.417,3468,RAD,horizontal,3,23.84,26.34,4.2,82.7,208,29.65,3.00,0.48,4,0.94,0,0,horizontal best
2026-08-24T15:36:28.417,3468,RAD,horizontal,3,23.84,26.34,52.1,44.9,70,29.70,1.11,0.78,4,1.42,0,0,horizontal best
2026-08-24T15:36:28.417,3468,RAD,horizontal,3,23.84,26.34,38.7,47.1,73,30.23,1.10,0.66,3,1.58,0,0,horizontal best
2026-08-24T15:36:28.544,3469,RAD,horizontal,3,23.84,26.34,4.1,84.8,249,30.03,3.17,0.55,5,0.93,0,0,horizontal best
2026-08-24T15:36:28.544,3469,RAD,horizontal,3,23.84,26.34,52.1,44.9,70,29.70,1.11,0.78,4,1.42,0,0,horizontal best
2026-08-24T15:36:28.544,3469,RAD,horizontal,3,23.84,26.34,38.5,47.0,74,30.32,1.10,0.67,3,1.62,0,0,horizontal best
2026-08-24T15:36:28.640,3470,RAD,horizontal,3,23.86,26.36,4.1,85.7,267,30.08,3.25,0.57,5,0.86,0,0,horizontal best
2026-08-24T15:36:28.640,3470,RAD,horizontal,3,23.86,26.36,52.1,44.9,69,29.72,1.11,0.77,4,1.39,0,0,horizontal best
2026-08-24T15:36:28.640,3470,RAD,horizontal,3,23.86,26.36,38.4,47.0,75,30.52,1.10,0.68,1,1.70,0,0,horizontal best
2026-08-24T15:36:28.767,3471,RAD,horizontal,3,23.86,26.36,4.0,86.0,280,29.94,3.42,0.57,8,0.81,0,0,horizontal best
2026-08-24T15:36:28.767,3471,RAD,horizontal,3,23.86,26.36,52.1,44.9,69,29.72,1.11,0.77,4,1.39,0,0,horizontal best
2026-08-24T15:36:28.767,3471,RAD,horizontal,3,23.86,26.36,38.4,47.0,76,30.58,1.10,0.69,1,1.75,0,0,horizontal best
2026-08-24T15:36:28.863,3472,RAD,horizontal,3,23.86,26.36,4.1,86.1,297,29.57,3.42,0.60,8,0.75,0,0,horizontal best
2026-08-24T15:36:28.863,3472,RAD,horizontal,3,23.86,26.36,52.1,44.9,70,29.70,1.11,0.78,4,1.41,0,0,horizontal best
2026-08-24T15:36:28.863,3472,RAD,horizontal,3,23.86,26.36,38.4,47.0,76,30.58,1.10,0.69,1,1.75,0,0,horizontal best
2026-08-24T15:36:28.992,3473,RAD,horizontal,3,23.86,26.36,4.2,86.7,314,29.74,3.75,0.58,8,0.79,0,0,horizontal best
2026-08-24T15:36:28.992,3473,RAD,horizontal,3,23.86,26.36,52.1,44.9,70,29.70,1.11,0.78,4,1.41,0,0,horizontal best
2026-08-24T15:36:28.992,3473,RAD,horizontal,3,23.86,26.36,38.5,47.1,76,30.58,1.10,0.69,1,1.76,0,0,horizontal best
2026-08-24T15:36:29.090,3474,RAD,horizontal,3,23.86,26.36,4.1,86.8,303,29.88,3.75,0.56,8,0.82,0,0,horizontal best
2026-08-24T15:36:29.090,3474,RAD,horizontal,3,23.86,26.36,52.2,44.8,71,29.70,1.11,0.79,4,1.41,0,0,horizontal best
2026-08-24T15:36:29.090,3474,RAD,horizontal,3,23.86,26.36,38.5,47.1,76,30.58,1.10,0.69,1,1.77,0,0,horizontal best
2026-08-24T15:36:29.215,3475,RAD,horizontal,2,23.86,26.36,52.2,44.8,71,29.74,1.11,0.79,4,1.42,0,0,horizontal best
2026-08-24T15:36:29.215,3475,RAD,horizontal,2,23.86,26.36,38.5,47.1,76,30.58,1.10,0.69,1,1.77,0,0,horizontal best
2026-08-24T15:36:29.343,3476,RAD,horizontal,2,23.84,26.34,52.2,44.8,71,29.74,1.11,0.79,4,1.42,0,0,horizontal best
2026-08-24T15:36:29.343,3476,RAD,horizontal,2,23.84,26.34,38.5,47.1,76,30.56,1.10,0.69,1,1.77,0,0,horizontal best
2026-08-24T15:36:29.439,3477,RAD,horizontal,2,23.84,26.34,52.2,44.8,71,29.74,1.11,0.79,4,1.42,0,0,horizontal best
2026-08-24T15:36:29.439,3477,RAD,horizontal,2,23.84,26.34,38.5,47.0,75,30.56,1.10,0.68,1,1.78,0,0,horizontal best
2026-08-24T15:36:29.568,3478,RAD,horizontal,2,23.81,26.31,52.2,44.8,71,29.63,1.11,0.79,4,1.41,0,0,horizontal best
2026-08-24T15:36:29.568,3478,RAD,horizontal,2,23.81,26.31,38.5,47.0,75,30.56,1.10,0.68,1,1.77,0,0,horizontal best
2026-08-24T15:36:29.662,3479,RAD,horizontal,2,23.79,26.29,52.2,44.8,71,29.63,1.11,0.79,4,1.43,0,0,horizontal best
2026-08-24T15:36:29.662,3479,RAD,horizontal,2,23.79,26.29,38.5,47.0,75,30.56,1.10,0.68,1,1.77,0,0,horizontal best
2026-08-24T15:36:29.790,3480,RAD,horizontal,2,23.79,26.29,52.2,44.8,71,29.61,1.11,0.79,4,1.43,0,0,horizontal best
2026-08-24T15:36:29.790,3480,RAD,horizontal,2,23.79,26.29,38.5,47.0,75,30.56,1.10,0.68,1,1.76,0,0,horizontal best
2026-08-24T15:36:29.885,3481,RAD,horizontal,2,23.79,26.29,52.2,44.8,71,29.61,1.11,0.79,4,1.43,0,0,horizontal best
2026-08-24T15:36:29.885,3481,RAD,horizontal,2,23.79,26.29,38.5,47.0,75,30.52,1.10,0.68,1,1.76,0,0,horizontal best
2026-08-24T15:36:30.015,3482,RAD,horizontal,2,23.79,26.29,52.2,44.8,71,29.61,1.11,0.79,4,1.43,0,0,horizontal best
2026-08-24T15:36:30.015,3482,RAD,horizontal,2,23.79,26.29,38.5,47.0,75,30.34,1.10,0.68,1,1.74,0,0,horizontal best
2026-08-24T15:36:30.146,3483,RAD,horizontal,1,23.77,26.27,42.6,45.8,108,30.23,0.00,0.00,5,1.06,0,0,horizontal best
2026-08-24T15:36:30.237,3484,RAD,horizontal,2,23.77,26.27,52.1,44.9,70,29.61,1.11,0.78,4,1.43,0,0,horizontal best
2026-08-24T15:36:30.237,3484,RAD,horizontal,2,23.77,26.27,40.2,46.6,74,30.19,1.10,0.67,1,1.73,0,0,horizontal best
2026-08-24T15:36:30.369,3485,RAD,horizontal,2,23.77,26.27,52.1,44.9,70,29.61,1.11,0.78,4,1.43,0,0,horizontal best
2026-08-24T15:36:30.369,3485,RAD,horizontal,2,23.77,26.27,38.9,47.1,76,30.21,1.20,0.63,2,1.75,0,0,horizontal best
2026-08-24T15:36:30.471,3486,RAD,horizontal,1,23.79,26.29,42.5,45.9,104,30.28,0.00,0.00,5,1.05,0,0,horizontal best
2026-08-24T15:36:30.596,3487,RAD,horizontal,2,23.81,26.31,43.9,45.3,106,30.43,0.00,0.00,5,1.07,0,0,horizontal best
2026-08-24T15:36:30.596,3487,RAD,horizontal,2,23.81,26.31,3.5,84.9,148,29.26,3.17,0.32,7,0.78,0,0,horizontal best
2026-08-24T15:36:30.690,3488,RAD,horizontal,2,23.81,26.31,44.4,45.1,108,30.47,0.00,0.00,5,1.09,0,0,horizontal best
2026-08-24T15:36:30.690,3488,RAD,horizontal,2,23.81,26.31,3.5,85.1,154,29.30,3.17,0.34,5,0.82,0,0,horizontal best
2026-08-24T15:36:30.820,3489,RAD,horizontal,3,23.81,26.31,52.2,44.8,71,29.65,1.11,0.79,4,1.44,0,0,horizontal best
2026-08-24T15:36:30.820,3489,RAD,horizontal,3,23.81,26.31,40.3,46.5,76,30.56,1.20,0.63,1,1.77,0,0,horizontal best
2026-08-24T15:36:30.820,3489,RAD,horizontal,3,23.81,26.31,3.5,85.2,152,29.30,3.17,0.33,5,0.83,0,0,horizontal best
2026-08-24T15:36:30.917,3490,RAD,horizontal,3,23.81,26.31,52.2,44.8,71,29.65,1.11,0.79,4,1.44,0,0,horizontal best
2026-08-24T15:36:30.917,3490,RAD,horizontal,3,23.81,26.31,38.5,47.2,76,30.56,1.20,0.63,1,1.77,0,0,horizontal best
2026-08-24T15:36:30.917,3490,RAD,horizontal,3,23.81,26.31,3.5,85.1,147,29.30,3.17,0.32,6,0.83,0,0,horizontal best
2026-08-24T15:36:31.046,3491,RAD,horizontal,3,23.86,26.36,52.1,44.9,70,29.72,1.11,0.78,4,1.42,0,0,horizontal best
2026-08-24T15:36:31.046,3491,RAD,horizontal,3,23.86,26.36,37.9,47.4,79,30.58,1.20,0.66,1,1.79,0,0,horizontal best
2026-08-24T15:36:31.046,3491,RAD,horizontal,3,23.86,26.36,3.4,85.2,140,29.30,0.00,0.00,6,0.59,0,0,horizontal best
2026-08-24T15:36:31.172,3492,RAD,horizontal,3,23.86,26.36,52.2,44.8,71,29.74,1.11,0.79,4,1.42,0,0,horizontal best
2026-08-24T15:36:31.172,3492,RAD,horizontal,3,23.86,26.36,37.8,47.4,79,30.52,1.20,0.66,1,1.77,0,0,horizontal best
2026-08-24T15:36:31.172,3492,RAD,horizontal,3,23.86,26.36,3.4,85.3,140,29.32,0.00,0.00,6,0.59,0,0,horizontal best
2026-08-24T15:36:31.265,3493,RAD,horizontal,1,23.84,26.34,42.4,45.8,109,30.52,0.00,0.00,5,0.93,0,0,horizontal best
2026-08-24T15:36:31.395,3494,RAD,horizontal,2,23.86,26.36,44.2,45.0,111,30.91,0.00,0.00,6,0.98,0,0,horizontal best
2026-08-24T15:36:31.395,3494,RAD,horizontal,2,23.86,26.36,3.9,81.9,107,29.32,2.42,0.31,5,0.62,0,0,horizontal best
2026-08-24T15:36:31.492,3495,RAD,horizontal,3,23.86,26.36,52.2,44.8,70,29.74,1.11,0.78,4,1.44,0,0,horizontal best
2026-08-24T15:36:31.492,3495,RAD,horizontal,3,23.86,26.36,40.6,46.2,80,30.78,1.20,0.67,1,1.83,0,0,horizontal best
2026-08-24T15:36:31.492,3495,RAD,horizontal,3,23.86,26.36,3.9,81.2,111,29.34,2.42,0.32,5,0.67,0,0,horizontal best
2026-08-24T15:36:31.618,3496,RAD,horizontal,3,23.84,26.34,52.2,44.8,70,29.74,1.11,0.78,4,1.43,0,0,horizontal best
2026-08-24T15:36:31.618,3496,RAD,horizontal,3,23.84,26.34,39.0,46.5,77,30.71,1.20,0.64,2,1.79,0,0,horizontal best
2026-08-24T15:36:31.618,3496,RAD,horizontal,3,23.84,26.34,3.9,81.1,111,29.34,2.42,0.32,5,0.67,0,0,horizontal best
2026-08-24T15:36:31.712,3497,RAD,horizontal,3,23.84,26.34,52.2,44.8,70,29.77,1.11,0.78,4,1.43,0,0,horizontal best
2026-08-24T15:36:31.712,3497,RAD,horizontal,3,23.84,26.34,38.5,46.6,77,30.69,1.20,0.64,2,1.73,0,0,horizontal best
2026-08-24T15:36:31.712,3497,RAD,horizontal,3,23.84,26.34,3.9,81.2,110,29.41,2.42,0.32,5,0.70,0,0,horizontal best
2026-08-24T15:36:31.840,3498,RAD,horizontal,2,23.84,26.34,52.2,44.8,70,29.77,1.11,0.78,4,1.43,0,0,horizontal best
2026-08-24T15:36:31.840,3498,RAD,horizontal,2,23.84,26.34,38.6,46.5,76,30.69,1.33,0.70,2,1.74,0,0,horizontal best
2026-08-24T15:36:31.936,3499,RAD,horizontal,2,23.84,26.34,52.2,44.8,70,29.77,1.11,0.78,4,1.43,0,0,horizontal best
2026-08-24T15:36:31.936,3499,RAD,horizontal,2,23.84,26.34,38.9,46.6,78,30.69,1.33,0.72,2,1.78,0,0,horizontal best
2026-08-24T15:36:32.062,3500,RAD,horizontal,2,23.86,26.36,52.3,44.8,69,29.77,1.11,0.77,4,1.43,0,0,horizontal best
2026-08-24T15:36:32.062,3500,RAD,horizontal,2,23.86,26.36,39.2,46.7,82,30.69,1.20,0.68,3,1.75,0,0,horizontal best
2026-08-24T15:36:32.189,3501,RAD,horizontal,2,23.93,26.43,52.2,44.8,70,29.79,1.11,0.78,4,1.43,0,0,horizontal best
2026-08-24T15:36:32.189,3501,RAD,horizontal,2,23.93,26.43,39.4,46.8,83,30.69,1.10,0.75,3,1.78,0,0,horizontal best
2026-08-24T15:36:32.285,3502,RAD,horizontal,2,23.93,26.43,52.2,44.8,72,29.85,1.11,0.80,4,1.42,0,0,horizontal best
2026-08-24T15:36:32.285,3502,RAD,horizontal,2,23.93,26.43,39.5,47.0,79,30.85,1.10,0.72,3,1.69,0,0,horizontal best
2026-08-24T15:36:32.414,3503,RAD,horizontal,2,23.93,26.43,52.2,44.8,72,29.85,1.11,0.80,4,1.42,0,0,horizontal best
2026-08-24T15:36:32.414,3503,RAD,horizontal,2,23.93,26.43,39.6,47.3,76,30.43,1.00,0.76,2,1.65,0,0,horizontal best
2026-08-24T15:36:32.511,3504,RAD,horizontal,2,23.91,26.41,52.2,44.8,72,29.83,1.11,0.80,4,1.42,0,0,horizontal best
2026-08-24T15:36:32.511,3504,RAD,horizontal,2,23.91,26.41,39.6,47.4,76,30.39,1.00,0.76,2,1.60,0,0,horizontal best
2026-08-24T15:36:32.638,3505,RAD,horizontal,2,23.91,26.41,52.2,44.8,72,29.77,1.11,0.80,4,1.41,0,0,horizontal best
2026-08-24T15:36:32.638,3505,RAD,horizontal,2,23.91,26.41,39.6,47.5,78,30.39,1.10,0.71,2,1.59,0,0,horizontal best
2026-08-24T15:36:32.736,3506,RAD,horizontal,2,23.88,26.38,52.2,44.7,71,29.74,1.11,0.79,4,1.44,0,0,horizontal best
2026-08-24T15:36:32.736,3506,RAD,horizontal,2,23.88,26.38,39.6,47.6,79,30.30,1.10,0.72,2,1.59,0,0,horizontal best
2026-08-24T15:36:32.862,3507,RAD,horizontal,2,23.88,26.38,52.2,44.7,71,29.72,1.11,0.79,4,1.43,0,0,horizontal best
2026-08-24T15:36:32.862,3507,RAD,horizontal,2,23.88,26.38,39.7,47.5,84,30.32,1.00,0.69,1,1.63,0,0,horizontal best
2026-08-24T15:36:32.989,3508,RAD,horizontal,2,23.86,26.36,52.2,44.7,71,29.63,1.11,0.79,4,1.43,0,0,horizontal best
2026-08-24T15:36:32.989,3508,RAD,horizontal,2,23.86,26.36,40.0,47.4,79,30.32,0.91,0.72,1,1.63,0,0,horizontal best
2026-08-24T15:36:33.085,3509,RAD,horizontal,2,23.86,26.36,52.2,44.7,73,30.19,1.11,0.81,3,1.49,0,0,horizontal best
2026-08-24T15:36:33.085,3509,RAD,horizontal,2,23.86,26.36,40.1,47.3,82,30.30,0.91,0.75,2,1.63,0,0,horizontal best
2026-08-24T15:36:33.214,3510,RAD,horizontal,2,23.86,26.36,51.9,44.6,79,30.05,1.10,0.72,3,1.54,0,0,horizontal best
2026-08-24T15:36:33.214,3510,RAD,horizontal,2,23.86,26.36,40.2,47.1,80,30.30,0.91,0.73,1,1.60,0,0,horizontal best
2026-08-24T15:36:33.311,3511,RAD,horizontal,2,23.84,26.34,51.8,44.4,83,30.25,1.10,0.75,3,1.59,0,0,horizontal best
2026-08-24T15:36:33.311,3511,RAD,horizontal,2,23.84,26.34,40.4,46.9,79,30.30,0.91,0.72,2,1.58,0,0,horizontal best
2026-08-24T15:36:33.436,3512,RAD,horizontal,0,23.84,26.34,,,,,,,,,,,horizontal best
2026-08-24T15:36:33.532,3513,RAD,horizontal,0,23.84,26.34,,,,,,,,,,,horizontal best
2026-08-24T15:36:33.659,3514,RAD,horizontal,0,23.84,26.34,,,,,,,,,,,horizontal best
2026-08-24T15:36:33.756,3515,RAD,horizontal,0,23.84,26.34,,,,,,,,,,,horizontal best
2026-08-24T15:36:33.883,3516,RAD,horizontal,0,23.84,26.34,,,,,,,,,,,horizontal best
2026-08-24T15:36:34.013,3517,RAD,horizontal,0,23.81,26.31,,,,,,,,,,,horizontal best
2026-08-24T15:36:34.108,3518,RAD,horizontal,0,23.81,26.31,,,,,,,,,,,horizontal best
2026-08-24T15:36:34.236,3519,RAD,horizontal,0,23.81,26.31,,,,,,,,,,,horizontal best
2026-08-24T15:36:34.331,3520,RAD,horizontal,0,23.81,26.31,,,,,,,,,,,horizontal best
2026-08-24T15:36:34.461,3521,RAD,horizontal,0,23.84,26.34,,,,,,,,,,,horizontal best
2026-08-24T15:36:34.558,3522,RAD,horizontal,0,23.81,26.31,,,,,,,,,,,horizontal best
2026-08-24T15:36:34.685,3523,RAD,horizontal,0,23.81,26.31,,,,,,,,,,,horizontal best
2026-08-24T15:36:34.841,3524,RAD,horizontal,0,23.81,26.31,,,,,,,,,,,horizontal best
2026-08-24T15:36:34.926,3525,RAD,horizontal,0,23.79,26.29,,,,,,,,,,,horizontal best
2026-08-24T15:36:35.046,3526,RAD,horizontal,0,23.79,26.29,,,,,,,,,,,horizontal best
2026-08-24T15:36:35.161,3527,RAD,horizontal,0,23.81,26.31,,,,,,,,,,,horizontal best
2026-08-24T15:36:35.264,3528,RAD,horizontal,0,23.81,26.31,,,,,,,,,,,horizontal best
2026-08-24T15:36:35.360,3529,RAD,horizontal,0,23.81,26.31,,,,,,,,,,,horizontal best
2026-08-24T15:36:35.531,3530,RAD,horizontal,0,23.79,26.29,,,,,,,,,,,horizontal best
2026-08-24T15:36:35.581,3531,RAD,horizontal,0,23.79,26.29,,,,,,,,,,,horizontal best
2026-08-24T15:36:35.732,3532,RAD,horizontal,0,23.79,26.29,,,,,,,,,,,horizontal best
2026-08-24T15:36:36.213,3533,RAD,horizontal,2,23.79,26.29,40.2,46.6,79,30.56,1.00,0.65,4,1.78,0,0,horizontal best
2026-08-24T15:36:36.213,3533,RAD,horizontal,2,23.79,26.29,52.6,44.8,75,29.61,1.00,0.75,3,1.51,0,0,horizontal best
2026-08-24T15:36:36.425,3534,RAD,horizontal,0,23.72,26.22,,,,,,,,,,,horizontal best
2026-08-24T15:36:36.498,3535,RAD,horizontal,0,23.72,26.22,,,,,,,,,,,horizontal best
2026-08-24T15:36:36.547,3536,RAD,horizontal,0,23.72,26.22,,,,,,,,,,,horizontal best
2026-08-24T15:36:36.620,3537,RAD,horizontal,0,23.72,26.22,,,,,,,,,,,horizontal best
2026-08-24T15:36:36.757,3538,RAD,horizontal,0,23.72,26.22,,,,,,,,,,,horizontal best
2026-08-24T15:36:36.857,3539,RAD,horizontal,0,23.72,26.22,,,,,,,,,,,horizontal best
2026-08-24T15:36:36.998,3540,RAD,horizontal,0,23.72,26.22,,,,,,,,,,,horizontal best
2026-08-24T15:36:37.081,3541,RAD,horizontal,0,23.74,26.24,,,,,,,,,,,horizontal best
2026-08-24T15:36:37.198,3542,RAD,horizontal,0,23.74,26.24,,,,,,,,,,,horizontal best
2026-08-24T15:36:37.290,3543,RAD,horizontal,0,23.77,26.27,,,,,,,,,,,horizontal best
2026-08-24T15:36:37.418,3544,RAD,horizontal,0,23.79,26.29,,,,,,,,,,,horizontal best
2026-08-24T15:36:37.546,3545,RAD,horizontal,0,23.81,26.31,,,,,,,,,,,horizontal best
2026-08-24T15:36:37.646,3546,RAD,horizontal,0,23.84,26.34,,,,,,,,,,,horizontal best
2026-08-24T15:36:37.785,3547,RAD,horizontal,0,23.84,26.34,,,,,,,,,,,horizontal best
2026-08-24T15:36:37.869,3548,RAD,horizontal,0,23.84,26.34,,,,,,,,,,,horizontal best
2026-08-24T15:36:37.995,3549,RAD,horizontal,2,23.84,26.34,38.7,47.1,76,29.59,0.91,0.69,3,1.47,0,0,horizontal best
2026-08-24T15:36:37.995,3549,RAD,horizontal,2,23.84,26.34,52.5,45.1,69,29.32,0.90,0.77,3,1.37,0,0,horizontal best
2026-08-24T15:36:38.093,3550,RAD,horizontal,2,23.81,26.31,38.6,47.1,74,29.77,1.00,0.74,3,1.43,0,0,horizontal best
2026-08-24T15:36:38.093,3550,RAD,horizontal,2,23.81,26.31,52.5,45.1,69,29.30,0.90,0.77,3,1.37,0,0,horizontal best
2026-08-24T15:36:38.221,3551,RAD,horizontal,2,23.81,26.31,38.7,47.1,75,29.83,1.11,0.83,3,1.51,0,0,horizontal best
2026-08-24T15:36:38.221,3551,RAD,horizontal,2,23.81,26.31,52.5,45.0,69,29.30,0.90,0.77,3,1.36,0,0,horizontal best
2026-08-24T15:36:38.316,3552,RAD,horizontal,2,23.81,26.31,38.9,47.2,73,29.83,1.11,0.81,3,1.52,0,0,horizontal best
2026-08-24T15:36:38.316,3552,RAD,horizontal,2,23.81,26.31,52.5,45.0,69,29.30,0.90,0.77,3,1.34,0,0,horizontal best
2026-08-24T15:36:38.444,3553,RAD,horizontal,2,23.81,26.31,39.1,47.0,78,29.81,1.10,0.71,3,1.58,0,0,horizontal best
2026-08-24T15:36:38.444,3553,RAD,horizontal,2,23.81,26.31,52.5,45.0,69,29.37,0.90,0.77,3,1.35,0,0,horizontal best
2026-08-24T15:36:38.576,3554,RAD,horizontal,2,23.79,26.29,39.2,47.1,76,29.81,1.10,0.69,3,1.60,0,0,horizontal best
2026-08-24T15:36:38.576,3554,RAD,horizontal,2,23.79,26.29,52.5,45.0,69,29.37,0.90,0.77,4,1.36,0,0,horizontal best
2026-08-24T15:36:38.687,3555,RAD,horizontal,2,23.79,26.29,39.2,47.0,77,29.88,1.10,0.70,3,1.62,0,0,horizontal best
2026-08-24T15:36:38.687,3555,RAD,horizontal,2,23.79,26.29,52.6,45.0,68,29.37,0.90,0.76,3,1.35,0,0,horizontal best
2026-08-24T15:36:38.799,3556,RAD,horizontal,3,23.79,26.29,39.3,46.9,75,29.88,1.10,0.68,2,1.60,0,0,horizontal best
2026-08-24T15:36:38.799,3556,RAD,horizontal,3,23.79,26.29,52.6,45.0,68,29.34,0.90,0.76,3,1.35,0,0,horizontal best
2026-08-24T15:36:38.799,3556,RAD,horizontal,3,23.79,26.29,3.3,85.2,169,29.26,3.00,0.47,6,0.66,0,0,horizontal best
2026-08-24T15:36:38.894,3557,RAD,horizontal,3,23.79,26.29,39.4,46.9,77,29.88,1.10,0.70,2,1.65,0,0,horizontal best
2026-08-24T15:36:38.894,3557,RAD,horizontal,3,23.79,26.29,52.6,45.0,68,29.32,0.90,0.76,3,1.35,0,0,horizontal best
2026-08-24T15:36:38.894,3557,RAD,horizontal,3,23.79,26.29,3.3,85.0,177,29.28,3.00,0.49,6,0.66,0,0,horizontal best
2026-08-24T15:36:39.023,3558,RAD,horizontal,3,23.79,26.29,39.5,46.9,77,29.88,1.10,0.70,2,1.65,0,0,horizontal best
2026-08-24T15:36:39.023,3558,RAD,horizontal,3,23.79,26.29,52.6,45.0,68,29.30,0.90,0.76,3,1.34,0,0,horizontal best
2026-08-24T15:36:39.023,3558,RAD,horizontal,3,23.79,26.29,3.3,85.1,173,29.28,3.00,0.48,6,0.70,0,0,horizontal best
2026-08-24T15:36:39.119,3559,RAD,horizontal,3,23.79,26.29,39.5,46.9,77,29.85,1.10,0.70,2,1.66,0,0,horizontal best
2026-08-24T15:36:39.119,3559,RAD,horizontal,3,23.79,26.29,52.6,45.0,68,29.30,0.90,0.76,3,1.34,0,0,horizontal best
2026-08-24T15:36:39.119,3559,RAD,horizontal,3,23.79,26.29,3.3,85.1,173,29.28,3.00,0.48,5,0.70,0,0,horizontal best
2026-08-24T15:36:39.248,3560,RAD,horizontal,3,23.79,26.29,39.4,46.8,75,29.85,1.10,0.68,2,1.64,0,0,horizontal best
2026-08-24T15:36:39.248,3560,RAD,horizontal,3,23.79,26.29,52.6,45.0,68,29.30,0.90,0.76,3,1.34,0,0,horizontal best
2026-08-24T15:36:39.248,3560,RAD,horizontal,3,23.79,26.29,3.3,84.9,166,29.28,3.00,0.46,5,0.69,0,0,horizontal best
2026-08-24T15:36:39.377,3561,RAD,horizontal,3,23.81,26.31,39.3,46.8,75,29.94,1.10,0.68,2,1.63,0,0,horizontal best
2026-08-24T15:36:39.377,3561,RAD,horizontal,3,23.81,26.31,52.6,45.0,68,29.43,0.90,0.76,3,1.34,0,0,horizontal best
2026-08-24T15:36:39.377,3561,RAD,horizontal,3,23.81,26.31,3.3,84.8,167,29.28,3.00,0.46,5,0.69,0,0,horizontal best
2026-08-24T15:36:39.471,3562,RAD,horizontal,3,23.81,26.31,39.3,46.8,75,29.99,1.10,0.68,1,1.66,0,0,horizontal best
2026-08-24T15:36:39.471,3562,RAD,horizontal,3,23.81,26.31,52.6,45.0,68,29.43,0.90,0.76,3,1.35,0,0,horizontal best
2026-08-24T15:36:39.471,3562,RAD,horizontal,3,23.81,26.31,3.3,84.8,168,29.28,3.00,0.46,5,0.68,0,0,horizontal best
2026-08-24T15:36:39.600,3563,RAD,horizontal,3,23.79,26.29,39.3,46.9,77,29.99,1.10,0.70,2,1.71,0,0,horizontal best
2026-08-24T15:36:39.600,3563,RAD,horizontal,3,23.79,26.29,52.6,45.0,68,29.43,0.90,0.76,3,1.35,0,0,horizontal best
2026-08-24T15:36:39.600,3563,RAD,horizontal,3,23.79,26.29,3.3,84.7,169,29.28,3.00,0.47,5,0.70,0,0,horizontal best
2026-08-24T15:36:39.696,3564,RAD,horizontal,2,23.79,26.29,39.3,46.9,77,29.99,1.10,0.70,2,1.70,0,0,horizontal best
2026-08-24T15:36:39.696,3564,RAD,horizontal,2,23.79,26.29,52.6,45.0,68,29.43,0.90,0.76,3,1.35,0,0,horizontal best
2026-08-24T15:36:39.830,3565,RAD,horizontal,2,23.79,26.29,39.3,46.9,76,29.99,1.10,0.69,3,1.58,0,0,horizontal best
2026-08-24T15:36:39.830,3565,RAD,horizontal,2,23.79,26.29,52.6,45.0,68,29.43,0.90,0.76,3,1.35,0,0,horizontal best
2026-08-24T15:36:39.919,3566,RAD,horizontal,2,23.79,26.29,39.4,47.0,77,29.99,1.10,0.70,3,1.57,0,0,horizontal best
2026-08-24T15:36:39.919,3566,RAD,horizontal,2,23.79,26.29,52.6,45.0,68,29.41,0.90,0.76,3,1.36,0,0,horizontal best
2026-08-24T15:36:40.049,3567,RAD,horizontal,2,23.79,26.29,39.4,47.0,77,29.99,1.10,0.70,3,1.58,0,0,horizontal best
2026-08-24T15:36:40.049,3567,RAD,horizontal,2,23.79,26.29,52.6,45.0,68,29.41,0.90,0.76,3,1.35,0,0,horizontal best
2026-08-24T15:36:40.144,3568,RAD,horizontal,2,23.79,26.29,39.4,47.2,77,29.99,1.00,0.77,2,1.59,0,0,horizontal best
2026-08-24T15:36:40.144,3568,RAD,horizontal,2,23.79,26.29,52.6,45.0,68,29.32,0.90,0.76,3,1.34,0,0,horizontal best
2026-08-24T15:36:40.273,3569,RAD,horizontal,2,23.81,26.31,39.4,47.3,76,29.97,1.00,0.76,3,1.60,0,0,horizontal best
2026-08-24T15:36:40.273,3569,RAD,horizontal,2,23.81,26.31,52.6,45.0,68,29.32,0.90,0.76,3,1.34,0,0,horizontal best
2026-08-24T15:36:40.400,3570,RAD,horizontal,2,23.81,26.31,39.3,47.3,78,29.97,1.00,0.78,3,1.57,0,0,horizontal best
2026-08-24T15:36:40.400,3570,RAD,horizontal,2,23.81,26.31,52.6,45.0,68,29.34,0.90,0.76,3,1.34,0,0,horizontal best
2026-08-24T15:36:40.496,3571,RAD,horizontal,2,23.81,26.31,39.3,47.2,78,29.88,1.00,0.78,3,1.56,0,0,horizontal best
2026-08-24T15:36:40.496,3571,RAD,horizontal,2,23.81,26.31,52.6,45.0,68,29.43,0.90,0.76,3,1.35,0,0,horizontal best
2026-08-24T15:36:40.626,3572,RAD,horizontal,2,23.81,26.31,39.3,47.2,79,29.85,1.00,0.79,3,1.56,0,0,horizontal best
2026-08-24T15:36:40.626,3572,RAD,horizontal,2,23.81,26.31,52.6,45.0,68,29.43,0.90,0.76,3,1.35,0,0,horizontal best
2026-08-24T15:36:40.719,3573,RAD,horizontal,2,23.81,26.31,39.3,47.2,79,29.85,1.00,0.79,3,1.57,0,0,horizontal best
2026-08-24T15:36:40.719,3573,RAD,horizontal,2,23.81,26.31,52.6,45.0,68,29.43,0.90,0.76,3,1.36,0,0,horizontal best
2026-08-24T15:36:40.847,3574,RAD,horizontal,2,23.81,26.31,39.2,47.2,78,29.70,1.00,0.78,3,1.56,0,0,horizontal best
2026-08-24T15:36:40.847,3574,RAD,horizontal,2,23.81,26.31,52.6,45.0,68,29.30,0.90,0.76,3,1.35,0,0,horizontal best
2026-08-24T15:36:40.944,3575,RAD,horizontal,3,23.81,26.31,39.2,47.1,80,29.72,1.10,0.73,3,1.56,0,0,horizontal best
2026-08-24T15:36:40.944,3575,RAD,horizontal,3,23.81,26.31,52.6,45.0,68,29.30,0.90,0.76,3,1.35,0,0,horizontal best
2026-08-24T15:36:40.944,3575,RAD,horizontal,3,23.81,26.31,3.3,84.9,152,29.23,2.73,0.46,5,0.74,0,0,horizontal best
2026-08-24T15:36:41.072,3576,RAD,horizontal,3,23.81,26.31,39.2,47.0,79,29.79,1.10,0.72,3,1.54,0,0,horizontal best
2026-08-24T15:36:41.072,3576,RAD,horizontal,3,23.81,26.31,52.6,45.0,68,29.30,0.90,0.76,3,1.35,0,0,horizontal best
2026-08-24T15:36:41.072,3576,RAD,horizontal,3,23.81,26.31,3.3,85.0,148,29.26,2.64,0.46,5,0.76,0,0,horizontal best
2026-08-24T15:36:41.169,3577,RAD,horizontal,3,23.84,26.34,39.1,47.0,79,29.79,1.10,0.72,3,1.55,0,0,horizontal best
2026-08-24T15:36:41.169,3577,RAD,horizontal,3,23.84,26.34,52.5,45.0,67,29.30,0.90,0.74,4,1.32,0,0,horizontal best
2026-08-24T15:36:41.169,3577,RAD,horizontal,3,23.84,26.34,3.3,85.0,149,29.26,2.64,0.47,5,0.74,0,0,horizontal best
2026-08-24T15:36:41.295,3578,RAD,horizontal,3,23.81,26.31,39.1,47.0,78,29.79,1.10,0.71,3,1.60,0,0,horizontal best
2026-08-24T15:36:41.295,3578,RAD,horizontal,3,23.81,26.31,52.6,45.0,68,29.30,0.90,0.76,3,1.35,0,0,horizontal best
2026-08-24T15:36:41.295,3578,RAD,horizontal,3,23.81,26.31,3.3,85.2,154,29.23,2.73,0.47,5,0.74,0,0,horizontal best
2026-08-24T15:36:41.436,3579,RAD,horizontal,3,23.81,26.31,39.1,47.0,79,29.85,1.10,0.72,3,1.66,0,0,horizontal best
2026-08-24T15:36:41.436,3579,RAD,horizontal,3,23.81,26.31,52.6,45.0,68,29.30,0.90,0.76,3,1.35,0,0,horizontal best
2026-08-24T15:36:41.436,3579,RAD,horizontal,3,23.81,26.31,3.3,85.2,154,29.21,2.73,0.47,5,0.79,0,0,horizontal best
2026-08-24T15:36:41.525,3580,RAD,horizontal,3,23.81,26.31,39.1,47.0,76,29.85,1.10,0.69,2,1.64,0,0,horizontal best
2026-08-24T15:36:41.525,3580,RAD,horizontal,3,23.81,26.31,52.6,45.0,69,29.41,0.90,0.77,3,1.36,0,0,horizontal best
2026-08-24T15:36:41.525,3580,RAD,horizontal,3,23.81,26.31,3.3,85.2,154,29.21,2.73,0.47,5,0.78,0,0,horizontal best
2026-08-24T15:36:41.649,3581,RAD,horizontal,2,23.79,26.29,39.1,47.0,77,29.83,1.10,0.70,2,1.67,0,0,horizontal best
2026-08-24T15:36:41.649,3581,RAD,horizontal,2,23.79,26.29,52.6,45.1,70,29.41,0.90,0.78,3,1.38,0,0,horizontal best
2026-08-24T15:36:41.745,3582,RAD,horizontal,3,23.79,26.29,39.1,47.1,77,29.83,1.10,0.70,2,1.67,0,0,horizontal best
2026-08-24T15:36:41.745,3582,RAD,horizontal,3,23.79,26.29,52.6,45.1,70,29.41,0.90,0.78,3,1.38,0,0,horizontal best
2026-08-24T15:36:41.745,3582,RAD,horizontal,3,23.79,26.29,3.3,84.9,149,29.21,2.73,0.45,6,0.75,0,0,horizontal best
2026-08-24T15:36:41.873,3583,RAD,horizontal,3,23.79,26.29,39.1,47.1,77,29.83,1.10,0.70,1,1.68,0,0,horizontal best
2026-08-24T15:36:41.873,3583,RAD,horizontal,3,23.79,26.29,52.6,45.0,68,29.41,0.90,0.76,3,1.35,0,0,horizontal best
2026-08-24T15:36:41.873,3583,RAD,horizontal,3,23.79,26.29,3.3,84.9,148,29.21,2.73,0.45,5,0.76,0,0,horizontal best
2026-08-24T15:36:41.967,3584,RAD,horizontal,2,23.79,26.29,39.1,47.1,77,29.83,1.10,0.70,1,1.68,0,0,horizontal best
2026-08-24T15:36:41.967,3584,RAD,horizontal,2,23.79,26.29,52.6,45.0,68,29.41,0.90,0.76,3,1.35,0,0,horizontal best
2026-08-24T15:36:42.097,3585,RAD,horizontal,2,23.77,26.27,39.1,47.1,77,29.83,1.10,0.70,2,1.68,0,0,horizontal best
2026-08-24T15:36:42.097,3585,RAD,horizontal,2,23.77,26.27,52.6,45.0,69,29.41,0.90,0.77,3,1.38,0,0,horizontal best
2026-08-24T15:36:42.224,3586,RAD,horizontal,2,23.77,26.27,39.1,47.1,77,29.83,1.10,0.70,3,1.69,0,0,horizontal best
2026-08-24T15:36:42.224,3586,RAD,horizontal,2,23.77,26.27,52.7,45.0,69,29.41,0.90,0.77,3,1.38,0,0,horizontal best
2026-08-24T15:36:42.321,3587,RAD,horizontal,2,23.77,26.27,39.1,47.1,77,29.81,1.10,0.70,3,1.69,0,0,horizontal best
2026-08-24T15:36:42.321,3587,RAD,horizontal,2,23.77,26.27,52.7,45.0,69,29.41,0.90,0.77,3,1.37,0,0,horizontal best
2026-08-24T15:36:42.448,3588,RAD,horizontal,3,23.77,26.27,39.1,47.0,78,29.81,1.10,0.71,3,1.69,0,0,horizontal best
2026-08-24T15:36:42.448,3588,RAD,horizontal,3,23.77,26.27,52.6,45.0,68,29.41,0.90,0.76,3,1.35,0,0,horizontal best
2026-08-24T15:36:42.448,3588,RAD,horizontal,3,23.77,26.27,3.7,85.1,119,29.45,2.45,0.40,6,0.91,0,0,horizontal best
2026-08-24T15:36:42.543,3589,RAD,horizontal,3,23.79,26.29,39.1,47.0,78,29.81,1.10,0.71,3,1.69,0,0,horizontal best
2026-08-24T15:36:42.543,3589,RAD,horizontal,3,23.79,26.29,52.5,45.0,66,29.41,0.90,0.73,3,1.33,0,0,horizontal best
2026-08-24T15:36:42.543,3589,RAD,horizontal,3,23.79,26.29,3.7,85.0,111,29.43,2.45,0.37,5,0.84,0,0,horizontal best
2026-08-24T15:36:42.672,3590,RAD,horizontal,2,23.79,26.29,39.1,47.0,78,29.81,1.10,0.71,3,1.69,0,0,horizontal best
2026-08-24T15:36:42.672,3590,RAD,horizontal,2,23.79,26.29,52.5,45.1,65,29.39,0.90,0.72,3,1.34,0,0,horizontal best
2026-08-24T15:36:42.768,3591,RAD,horizontal,2,23.79,26.29,39.0,47.0,76,29.81,1.10,0.69,2,1.65,0,0,horizontal best
2026-08-24T15:36:42.768,3591,RAD,horizontal,2,23.79,26.29,52.5,45.1,65,29.39,0.90,0.72,3,1.34,0,0,horizontal best
2026-08-24T15:36:42.896,3592,RAD,horizontal,2,23.77,26.27,39.0,46.9,76,29.79,1.10,0.69,2,1.64,0,0,horizontal best
2026-08-24T15:36:42.896,3592,RAD,horizontal,2,23.77,26.27,52.5,45.1,66,29.37,0.90,0.73,3,1.33,0,0,horizontal best
2026-08-24T15:36:42.992,3593,RAD,horizontal,2,23.77,26.27,39.0,46.9,76,29.79,1.10,0.69,2,1.64,0,0,horizontal best
2026-08-24T15:36:42.992,3593,RAD,horizontal,2,23.77,26.27,52.5,45.1,66,29.37,0.90,0.73,3,1.33,0,0,horizontal best
2026-08-24T15:36:43.120,3594,RAD,horizontal,2,23.77,26.27,39.0,46.9,76,29.79,1.10,0.69,2,1.64,0,0,horizontal best
2026-08-24T15:36:43.120,3594,RAD,horizontal,2,23.77,26.27,52.5,45.0,66,29.37,0.90,0.73,3,1.33,0,0,horizontal best
2026-08-24T15:36:43.249,3595,RAD,horizontal,2,23.77,26.27,39.0,47.0,74,29.79,1.00,0.74,2,1.64,0,0,horizontal best
2026-08-24T15:36:43.249,3595,RAD,horizontal,2,23.77,26.27,52.5,45.0,66,29.37,0.90,0.73,3,1.33,0,0,horizontal best
2026-08-24T15:36:43.344,3596,RAD,horizontal,2,23.74,26.24,39.0,47.1,74,29.79,1.00,0.74,2,1.64,0,0,horizontal best
2026-08-24T15:36:43.344,3596,RAD,horizontal,2,23.74,26.24,52.5,45.0,66,29.37,0.90,0.73,3,1.33,0,0,horizontal best
2026-08-24T15:36:43.472,3597,RAD,horizontal,2,23.77,26.27,39.0,47.1,74,29.81,1.00,0.74,1,1.64,0,0,horizontal best
2026-08-24T15:36:43.472,3597,RAD,horizontal,2,23.77,26.27,52.5,45.0,66,29.28,0.90,0.73,3,1.32,0,0,horizontal best
2026-08-24T15:36:43.569,3598,RAD,horizontal,2,23.81,26.31,39.1,47.2,75,29.94,1.00,0.75,1,1.67,0,0,horizontal best
2026-08-24T15:36:43.569,3598,RAD,horizontal,2,23.81,26.31,52.5,45.1,65,29.28,0.90,0.72,3,1.34,0,0,horizontal best
2026-08-24T15:36:43.695,3599,RAD,horizontal,2,23.81,26.31,39.1,47.3,75,29.94,1.00,0.75,2,1.67,0,0,horizontal best
2026-08-24T15:36:43.695,3599,RAD,horizontal,2,23.81,26.31,52.5,45.1,65,29.28,0.90,0.72,3,1.33,0,0,horizontal best
2026-08-24T15:36:43.791,3600,RAD,horizontal,2,23.81,26.31,39.1,47.3,75,29.94,1.00,0.75,2,1.67,0,0,horizontal best
2026-08-24T15:36:43.791,3600,RAD,horizontal,2,23.81,26.31,52.5,45.1,65,29.28,0.90,0.72,3,1.33,0,0,horizontal best
2026-08-24T15:36:43.921,3601,RAD,horizontal,2,23.81,26.31,39.1,47.3,75,29.94,1.00,0.75,2,1.68,0,0,horizontal best
2026-08-24T15:36:43.921,3601,RAD,horizontal,2,23.81,26.31,52.5,45.1,65,29.34,0.90,0.72,3,1.33,0,0,horizontal best
2026-08-24T15:36:44.049,3602,RAD,horizontal,2,23.84,26.34,39.1,47.3,75,29.92,1.00,0.75,2,1.67,0,0,horizontal best
2026-08-24T15:36:44.049,3602,RAD,horizontal,2,23.84,26.34,52.5,45.1,66,29.41,0.90,0.73,3,1.35,0,0,horizontal best
2026-08-24T15:36:44.144,3603,RAD,horizontal,2,23.84,26.34,39.1,47.3,75,29.90,1.00,0.75,1,1.67,0,0,horizontal best
2026-08-24T15:36:44.144,3603,RAD,horizontal,2,23.84,26.34,52.5,45.0,66,29.41,0.90,0.73,3,1.35,0,0,horizontal best
2026-08-24T15:36:44.272,3604,RAD,horizontal,2,23.84,26.34,39.1,47.3,75,29.88,1.00,0.75,3,1.66,0,0,horizontal best
2026-08-24T15:36:44.272,3604,RAD,horizontal,2,23.84,26.34,52.5,45.0,66,29.41,0.90,0.73,3,1.34,0,0,horizontal best
2026-08-24T15:36:44.368,3605,RAD,horizontal,2,23.84,26.34,39.1,47.3,75,29.85,1.00,0.75,3,1.65,0,0,horizontal best
2026-08-24T15:36:44.368,3605,RAD,horizontal,2,23.84,26.34,52.5,45.0,66,29.39,0.90,0.73,3,1.34,0,0,horizontal best
2026-08-24T15:36:44.496,3606,RAD,horizontal,2,23.84,26.34,39.0,47.3,77,29.85,0.91,0.70,3,1.63,0,0,horizontal best
2026-08-24T15:36:44.496,3606,RAD,horizontal,2,23.84,26.34,52.5,45.0,66,29.39,0.90,0.73,3,1.33,0,0,horizontal best
2026-08-24T15:36:44.593,3607,RAD,horizontal,2,23.84,26.34,39.0,47.3,77,29.85,0.91,0.70,3,1.62,0,0,horizontal best
2026-08-24T15:36:44.593,3607,RAD,horizontal,2,23.84,26.34,52.5,45.0,66,29.39,0.90,0.73,3,1.32,0,0,horizontal best
2026-08-24T15:36:44.720,3608,RAD,horizontal,2,23.84,26.34,39.0,47.4,76,29.83,0.91,0.69,3,1.62,0,0,horizontal best
2026-08-24T15:36:44.720,3608,RAD,horizontal,2,23.84,26.34,52.5,45.0,66,29.50,0.90,0.73,3,1.33,0,0,horizontal best
2026-08-24T15:36:44.815,3609,RAD,horizontal,2,23.84,26.34,39.0,47.3,77,29.83,0.91,0.70,3,1.62,0,0,horizontal best
2026-08-24T15:36:44.815,3609,RAD,horizontal,2,23.84,26.34,52.5,45.0,66,29.48,0.90,0.73,3,1.32,0,0,horizontal best
2026-08-24T15:36:44.945,3610,RAD,horizontal,2,23.84,26.34,39.1,47.3,78,29.83,0.91,0.71,4,1.63,0,0,horizontal best
2026-08-24T15:36:44.945,3610,RAD,horizontal,2,23.84,26.34,52.5,45.0,66,29.45,0.90,0.73,3,1.32,0,0,horizontal best
2026-08-24T15:36:45.072,3611,RAD,horizontal,2,23.84,26.34,39.1,47.3,78,29.83,0.91,0.71,4,1.63,0,0,horizontal best
2026-08-24T15:36:45.072,3611,RAD,horizontal,2,23.84,26.34,52.6,45.0,67,29.45,0.90,0.74,3,1.34,0,0,horizontal best
2026-08-24T15:36:45.167,3612,RAD,horizontal,2,23.84,26.34,39.1,47.3,78,29.81,0.91,0.71,4,1.62,0,0,horizontal best
2026-08-24T15:36:45.167,3612,RAD,horizontal,2,23.84,26.34,52.6,45.0,67,29.45,0.90,0.74,3,1.34,0,0,horizontal best
2026-08-24T15:36:45.296,3613,RAD,horizontal,2,23.84,26.34,39.1,47.3,78,29.81,0.91,0.71,4,1.61,0,0,horizontal best
2026-08-24T15:36:45.296,3613,RAD,horizontal,2,23.84,26.34,52.7,45.0,65,29.45,1.00,0.80,3,1.34,0,0,horizontal best
2026-08-24T15:36:45.393,3614,RAD,horizontal,2,23.84,26.34,39.1,47.3,78,29.81,0.91,0.71,4,1.60,0,0,horizontal best
2026-08-24T15:36:45.393,3614,RAD,horizontal,2,23.84,26.34,52.8,45.0,65,29.45,1.00,0.80,3,1.35,0,0,horizontal best
2026-08-24T15:36:45.521,3615,RAD,horizontal,2,23.86,26.36,39.1,47.3,77,29.81,0.91,0.70,4,1.60,0,0,horizontal best
2026-08-24T15:36:45.521,3615,RAD,horizontal,2,23.86,26.36,52.8,45.0,65,29.45,1.00,0.80,3,1.36,0,0,horizontal best
2026-08-24T15:36:45.618,3616,RAD,horizontal,2,23.86,26.36,39.1,47.3,78,29.77,0.91,0.71,4,1.60,0,0,horizontal best
2026-08-24T15:36:45.618,3616,RAD,horizontal,2,23.86,26.36,52.8,45.0,65,29.45,1.00,0.80,3,1.36,0,0,horizontal best
2026-08-24T15:36:45.744,3617,RAD,horizontal,2,23.84,26.34,39.1,47.3,78,29.77,0.91,0.71,4,1.59,0,0,horizontal best
2026-08-24T15:36:45.744,3617,RAD,horizontal,2,23.84,26.34,52.6,45.0,69,29.85,0.90,0.77,3,1.37,0,0,horizontal best
2026-08-24T15:36:45.872,3618,RAD,horizontal,3,23.84,26.34,39.1,47.3,78,29.77,0.91,0.71,4,1.59,0,0,horizontal best
2026-08-24T15:36:45.872,3618,RAD,horizontal,3,23.84,26.34,52.5,45.0,68,29.92,0.90,0.76,3,1.36,0,0,horizontal best
2026-08-24T15:36:45.872,3618,RAD,horizontal,3,23.84,26.34,3.8,86.4,119,29.41,2.64,0.37,5,0.86,0,0,horizontal best
2026-08-24T15:36:45.967,3619,RAD,horizontal,2,23.84,26.34,39.1,47.3,77,29.77,0.91,0.70,4,1.57,0,0,horizontal best
2026-08-24T15:36:45.967,3619,RAD,horizontal,2,23.84,26.34,52.3,45.0,69,29.79,0.82,0.70,3,1.43,0,0,horizontal best
2026-08-24T15:36:46.097,3620,RAD,horizontal,3,23.84,26.34,39.1,47.3,78,29.77,0.91,0.71,4,1.58,0,0,horizontal best
2026-08-24T15:36:46.097,3620,RAD,horizontal,3,23.84,26.34,52.0,45.0,69,29.79,0.90,0.77,4,1.42,0,0,horizontal best
2026-08-24T15:36:46.097,3620,RAD,horizontal,3,23.84,26.34,3.8,86.3,119,29.43,2.64,0.37,6,0.79,0,0,horizontal best
2026-08-24T15:36:46.192,3621,RAD,horizontal,3,23.84,26.34,39.1,47.3,79,29.77,0.91,0.72,4,1.58,0,0,horizontal best
2026-08-24T15:36:46.192,3621,RAD,horizontal,3,23.84,26.34,51.8,45.0,71,29.83,0.90,0.79,3,1.52,0,0,horizontal best
2026-08-24T15:36:46.192,3621,RAD,horizontal,3,23.84,26.34,3.8,86.2,119,29.39,2.64,0.37,5,0.77,0,0,horizontal best
2026-08-24T15:36:46.320,3622,RAD,horizontal,3,23.84,26.34,39.1,47.3,80,29.77,0.91,0.73,4,1.57,0,0,horizontal best
2026-08-24T15:36:46.320,3622,RAD,horizontal,3,23.84,26.34,51.8,45.0,71,29.83,0.90,0.79,3,1.61,0,0,horizontal best
2026-08-24T15:36:46.320,3622,RAD,horizontal,3,23.84,26.34,3.4,86.2,151,29.39,2.64,0.47,5,0.84,0,0,horizontal best
2026-08-24T15:36:46.417,3623,RAD,horizontal,2,23.84,26.34,39.1,47.3,79,29.79,0.91,0.72,4,1.57,0,0,horizontal best
2026-08-24T15:36:46.417,3623,RAD,horizontal,2,23.84,26.34,51.7,44.9,72,30.12,0.90,0.80,3,1.61,0,0,horizontal best
2026-08-24T15:36:46.544,3624,RAD,horizontal,3,23.86,26.36,39.1,47.2,79,29.79,0.91,0.72,4,1.55,0,0,horizontal best
2026-08-24T15:36:46.544,3624,RAD,horizontal,3,23.86,26.36,51.6,44.8,74,30.14,1.00,0.74,3,1.60,0,0,horizontal best
2026-08-24T15:36:46.544,3624,RAD,horizontal,3,23.86,26.36,3.5,86.0,126,29.37,2.73,0.38,5,0.83,0,0,horizontal best
2026-08-24T15:36:46.640,3625,RAD,horizontal,3,23.86,26.36,39.1,47.2,77,29.77,0.91,0.70,4,1.54,0,0,horizontal best
2026-08-24T15:36:46.640,3625,RAD,horizontal,3,23.86,26.36,51.7,44.8,72,30.14,1.00,0.72,3,1.63,0,0,horizontal best
2026-08-24T15:36:46.640,3625,RAD,horizontal,3,23.86,26.36,3.6,85.9,120,29.37,2.73,0.36,5,0.82,0,0,horizontal best
2026-08-24T15:36:46.768,3626,RAD,horizontal,2,23.86,26.36,39.1,47.2,77,29.74,0.91,0.70,4,1.56,0,0,horizontal best
2026-08-24T15:36:46.768,3626,RAD,horizontal,2,23.86,26.36,51.8,44.7,72,30.32,1.00,0.72,3,1.65,0,0,horizontal best
2026-08-24T15:36:46.896,3627,RAD,horizontal,2,23.86,26.36,39.1,47.2,77,29.77,0.91,0.70,4,1.55,0,0,horizontal best
2026-08-24T15:36:46.896,3627,RAD,horizontal,2,23.86,26.36,51.8,44.7,72,30.32,1.00,0.72,3,1.64,0,0,horizontal best
2026-08-24T15:36:46.993,3628,RAD,horizontal,2,23.86,26.36,39.1,47.2,76,29.70,0.91,0.69,5,1.55,0,0,horizontal best
2026-08-24T15:36:46.993,3628,RAD,horizontal,2,23.86,26.36,51.8,44.7,72,30.32,1.00,0.72,3,1.63,0,0,horizontal best
2026-08-24T15:36:47.118,3629,RAD,horizontal,2,23.88,26.38,39.2,47.2,78,29.70,0.91,0.71,5,1.60,0,0,horizontal best
2026-08-24T15:36:47.118,3629,RAD,horizontal,2,23.88,26.38,51.8,44.7,72,30.30,1.00,0.72,3,1.63,0,0,horizontal best
2026-08-24T15:36:47.217,3630,RAD,horizontal,2,23.88,26.38,39.3,47.2,79,29.70,0.91,0.72,4,1.62,0,0,horizontal best
2026-08-24T15:36:47.217,3630,RAD,horizontal,2,23.88,26.38,51.8,44.7,73,30.30,1.00,0.73,3,1.63,0,0,horizontal best
2026-08-24T15:36:47.346,3631,RAD,horizontal,3,23.91,26.41,39.3,47.1,78,29.74,0.91,0.71,4,1.58,0,0,horizontal best
2026-08-24T15:36:47.346,3631,RAD,horizontal,3,23.91,26.41,51.8,44.6,73,30.25,1.00,0.73,3,1.63,0,0,horizontal best
2026-08-24T15:36:47.346,3631,RAD,horizontal,3,23.91,26.41,3.6,86.2,127,29.34,3.27,0.32,6,0.81,0,0,horizontal best
2026-08-24T15:36:47.440,3632,RAD,horizontal,3,23.91,26.41,39.3,47.1,79,29.74,0.91,0.72,3,1.60,0,0,horizontal best
2026-08-24T15:36:47.440,3632,RAD,horizontal,3,23.91,26.41,51.8,44.6,73,30.28,1.00,0.73,3,1.64,0,0,horizontal best
2026-08-24T15:36:47.440,3632,RAD,horizontal,3,23.91,26.41,3.6,87.0,125,29.54,0.00,0.00,5,0.65,0,0,horizontal best
2026-08-24T15:36:47.571,3633,RAD,horizontal,2,23.91,26.41,39.3,46.9,83,29.74,1.00,0.69,3,1.62,0,0,horizontal best
2026-08-24T15:36:47.571,3633,RAD,horizontal,2,23.91,26.41,51.8,44.7,72,30.28,1.00,0.72,3,1.62,0,0,horizontal best
2026-08-24T15:36:47.666,3634,RAD,horizontal,2,23.91,26.41,39.3,46.8,82,29.77,1.00,0.68,3,1.57,0,0,horizontal best
2026-08-24T15:36:47.666,3634,RAD,horizontal,2,23.91,26.41,51.8,44.7,72,30.43,1.00,0.72,3,1.66,0,0,horizontal best
2026-08-24T15:36:47.796,3635,RAD,horizontal,2,23.91,26.41,39.3,46.8,82,29.81,1.00,0.68,3,1.57,0,0,horizontal best
2026-08-24T15:36:47.796,3635,RAD,horizontal,2,23.91,26.41,51.8,44.6,74,30.41,1.00,0.74,3,1.65,0,0,horizontal best
2026-08-24T15:36:47.923,3636,RAD,horizontal,2,23.91,26.41,39.3,46.9,83,29.79,1.00,0.69,3,1.61,0,0,horizontal best
2026-08-24T15:36:47.923,3636,RAD,horizontal,2,23.91,26.41,51.7,44.6,74,30.39,1.00,0.74,3,1.65,0,0,horizontal best
2026-08-24T15:36:48.018,3637,RAD,horizontal,2,23.91,26.41,39.3,46.9,83,29.79,1.00,0.69,3,1.61,0,0,horizontal best
2026-08-24T15:36:48.018,3637,RAD,horizontal,2,23.91,26.41,51.7,44.7,73,30.39,1.00,0.73,3,1.65,0,0,horizontal best
2026-08-24T15:36:48.148,3638,RAD,horizontal,2,23.91,26.41,39.4,47.0,83,29.79,1.00,0.69,3,1.62,0,0,horizontal best
2026-08-24T15:36:48.148,3638,RAD,horizontal,2,23.91,26.41,51.7,44.7,74,30.43,1.00,0.74,3,1.64,0,0,horizontal best
2026-08-24T15:36:48.241,3639,RAD,horizontal,2,23.91,26.41,39.3,47.1,80,29.83,0.91,0.73,4,1.60,0,0,horizontal best
2026-08-24T15:36:48.241,3639,RAD,horizontal,2,23.91,26.41,51.6,44.6,74,30.43,1.00,0.74,3,1.65,0,0,horizontal best
2026-08-24T15:36:48.372,3640,RAD,horizontal,2,23.88,26.38,39.3,47.2,81,29.81,0.91,0.74,3,1.64,0,0,horizontal best
2026-08-24T15:36:48.372,3640,RAD,horizontal,2,23.88,26.38,51.6,44.6,74,30.43,1.00,0.74,3,1.64,0,0,horizontal best
2026-08-24T15:36:48.465,3641,RAD,horizontal,2,23.88,26.38,39.4,47.2,81,29.81,0.91,0.74,3,1.64,0,0,horizontal best
2026-08-24T15:36:48.465,3641,RAD,horizontal,2,23.88,26.38,51.6,44.7,75,30.50,1.00,0.75,3,1.70,0,0,horizontal best
2026-08-24T15:36:48.592,3642,RAD,horizontal,2,23.91,26.41,39.3,47.1,80,29.81,0.91,0.73,4,1.60,0,0,horizontal best
2026-08-24T15:36:48.592,3642,RAD,horizontal,2,23.91,26.41,51.4,44.7,76,30.67,1.00,0.76,3,1.68,0,0,horizontal best
2026-08-24T15:36:48.721,3643,RAD,horizontal,2,23.88,26.38,39.3,47.1,81,29.81,0.91,0.74,3,1.64,0,0,horizontal best
2026-08-24T15:36:48.721,3643,RAD,horizontal,2,23.88,26.38,51.2,44.7,75,30.63,1.00,0.75,3,1.66,0,0,horizontal best
2026-08-24T15:36:48.813,3644,RAD,horizontal,2,23.88,26.38,39.4,47.2,81,29.79,0.91,0.74,3,1.62,0,0,horizontal best
2026-08-24T15:36:48.813,3644,RAD,horizontal,2,23.88,26.38,51.2,44.7,74,30.54,1.00,0.74,3,1.68,0,0,horizontal best
2026-08-24T15:36:48.941,3645,RAD,horizontal,2,23.86,26.36,39.4,47.2,81,29.74,0.91,0.74,3,1.62,0,0,horizontal best
2026-08-24T15:36:48.941,3645,RAD,horizontal,2,23.86,26.36,51.3,44.7,76,30.54,1.00,0.76,3,1.67,0,0,horizontal best
2026-08-24T15:36:49.036,3646,RAD,horizontal,2,23.86,26.36,39.4,47.1,81,29.81,0.91,0.74,3,1.62,0,0,horizontal best
2026-08-24T15:36:49.036,3646,RAD,horizontal,2,23.86,26.36,51.4,44.6,76,30.54,1.00,0.76,3,1.63,0,0,horizontal best
2026-08-24T15:36:49.167,3647,RAD,horizontal,2,23.86,26.36,39.5,47.1,79,29.88,1.00,0.79,3,1.61,0,0,horizontal best
2026-08-24T15:36:49.167,3647,RAD,horizontal,2,23.86,26.36,51.5,44.6,76,30.56,1.00,0.76,3,1.60,0,0,horizontal best
2026-08-24T15:36:49.263,3648,RAD,horizontal,2,23.86,26.36,39.6,47.1,78,29.83,1.00,0.78,3,1.61,0,0,horizontal best
2026-08-24T15:36:49.263,3648,RAD,horizontal,2,23.86,26.36,51.5,44.5,74,30.56,1.00,0.74,3,1.58,0,0,horizontal best
2026-08-24T15:36:49.395,3649,RAD,horizontal,1,23.84,26.34,43.2,45.3,76,30.43,0.40,0.47,6,1.18,0,0,horizontal best
2026-08-24T15:36:49.491,3650,RAD,horizontal,2,23.84,26.34,41.1,46.3,79,29.83,1.00,0.79,4,1.63,0,0,horizontal best
2026-08-24T15:36:49.491,3650,RAD,horizontal,2,23.84,26.34,51.7,44.5,75,30.41,1.00,0.75,3,1.59,0,0,horizontal best
2026-08-24T15:36:49.621,3651,RAD,horizontal,2,23.81,26.31,39.9,46.8,78,29.83,1.00,0.78,3,1.63,0,0,horizontal best
2026-08-24T15:36:49.621,3651,RAD,horizontal,2,23.81,26.31,51.6,44.5,78,30.39,1.10,0.71,3,1.59,0,0,horizontal best
2026-08-24T15:36:49.748,3652,RAD,horizontal,2,23.79,26.29,39.5,47.0,78,29.83,1.00,0.78,3,1.63,0,0,horizontal best
2026-08-24T15:36:49.748,3652,RAD,horizontal,2,23.79,26.29,51.6,44.4,78,30.39,1.10,0.71,3,1.59,0,0,horizontal best
2026-08-24T15:36:49.843,3653,RAD,horizontal,2,23.77,26.27,39.3,47.1,77,29.74,1.00,0.77,3,1.63,0,0,horizontal best
2026-08-24T15:36:49.843,3653,RAD,horizontal,2,23.77,26.27,51.6,44.4,79,30.39,1.10,0.72,3,1.61,0,0,horizontal best
2026-08-24T15:36:49.969,3654,RAD,horizontal,1,23.74,26.24,43.2,45.3,77,30.21,0.45,0.43,7,1.27,0,0,horizontal best
2026-08-24T15:36:50.063,3655,RAD,horizontal,1,23.74,26.24,44.8,44.5,77,30.19,0.45,0.43,7,1.29,0,0,horizontal best
2026-08-24T15:36:50.193,3656,RAD,horizontal,1,23.70,26.20,45.3,44.4,75,30.19,0.45,0.42,8,1.31,0,0,horizontal best
2026-08-24T15:36:50.291,3657,RAD,horizontal,2,23.74,26.24,41.3,46.1,82,29.88,1.00,0.68,4,1.67,0,0,horizontal best
2026-08-24T15:36:50.291,3657,RAD,horizontal,2,23.74,26.24,51.8,44.2,77,30.28,1.22,0.78,3,1.65,0,0,horizontal best
2026-08-24T15:36:50.413,3658,RAD,horizontal,2,23.74,26.24,39.5,46.8,82,30.05,1.00,0.68,3,1.67,0,0,horizontal best
2026-08-24T15:36:50.413,3658,RAD,horizontal,2,23.74,26.24,51.8,44.1,75,30.25,1.22,0.76,3,1.61,0,0,horizontal best
2026-08-24T15:36:50.542,3659,RAD,horizontal,2,23.74,26.24,39.0,47.0,82,30.36,1.00,0.68,3,1.69,0,0,horizontal best
2026-08-24T15:36:50.542,3659,RAD,horizontal,2,23.74,26.24,51.8,43.9,71,30.25,1.11,0.79,3,1.61,0,0,horizontal best
2026-08-24T15:36:50.638,3660,RAD,horizontal,2,23.74,26.24,39.0,47.0,82,30.34,1.00,0.68,3,1.69,0,0,horizontal best
2026-08-24T15:36:50.638,3660,RAD,horizontal,2,23.74,26.24,51.7,43.9,71,30.25,1.11,0.79,3,1.63,0,0,horizontal best
2026-08-24T15:36:50.767,3661,RAD,horizontal,2,23.72,26.22,39.1,47.0,82,30.19,1.00,0.68,3,1.68,0,0,horizontal best
2026-08-24T15:36:50.767,3661,RAD,horizontal,2,23.72,26.22,51.7,43.9,70,30.23,1.11,0.78,3,1.67,0,0,horizontal best
2026-08-24T15:36:50.863,3662,RAD,horizontal,2,23.72,26.22,39.3,46.9,82,29.92,1.00,0.68,3,1.66,0,0,horizontal best
2026-08-24T15:36:50.863,3662,RAD,horizontal,2,23.72,26.22,51.7,44.0,71,30.25,1.11,0.79,3,1.69,0,0,horizontal best
2026-08-24T15:36:50.991,3663,RAD,horizontal,2,23.72,26.22,39.3,46.9,82,29.88,1.00,0.68,3,1.66,0,0,horizontal best
2026-08-24T15:36:50.991,3663,RAD,horizontal,2,23.72,26.22,51.5,44.0,76,30.25,1.00,0.76,3,1.66,0,0,horizontal best
2026-08-24T15:36:51.088,3664,RAD,horizontal,2,23.72,26.22,39.3,46.9,81,29.83,1.00,0.67,3,1.63,0,0,horizontal best
2026-08-24T15:36:51.088,3664,RAD,horizontal,2,23.72,26.22,51.4,44.0,74,30.25,1.00,0.74,3,1.63,0,0,horizontal best
2026-08-24T15:36:51.217,3665,RAD,horizontal,2,23.72,26.22,39.3,46.9,80,29.72,1.00,0.66,4,1.61,0,0,horizontal best
2026-08-24T15:36:51.217,3665,RAD,horizontal,2,23.72,26.22,51.1,44.0,71,30.25,1.11,0.79,2,1.55,0,0,horizontal best
2026-08-24T15:36:51.312,3666,RAD,horizontal,2,23.72,26.22,39.2,46.8,79,29.72,1.00,0.65,4,1.58,0,0,horizontal best
2026-08-24T15:36:51.312,3666,RAD,horizontal,2,23.72,26.22,51.0,43.8,77,30.36,1.22,0.78,3,1.60,0,0,horizontal best
2026-08-24T15:36:51.443,3667,RAD,horizontal,2,23.72,26.22,39.2,46.8,79,29.70,1.00,0.65,4,1.59,0,0,horizontal best
2026-08-24T15:36:51.443,3667,RAD,horizontal,2,23.72,26.22,50.9,43.8,75,30.41,1.22,0.76,3,1.59,0,0,horizontal best
2026-08-24T15:36:51.571,3668,RAD,horizontal,2,23.72,26.22,39.2,46.8,79,29.79,1.00,0.65,3,1.60,0,0,horizontal best
2026-08-24T15:36:51.571,3668,RAD,horizontal,2,23.72,26.22,50.9,43.9,73,30.45,1.22,0.74,2,1.60,0,0,horizontal best
2026-08-24T15:36:51.664,3669,RAD,horizontal,2,23.70,26.20,39.2,46.8,79,30.23,1.00,0.65,3,1.64,0,0,horizontal best
2026-08-24T15:36:51.664,3669,RAD,horizontal,2,23.70,26.20,50.9,44.2,74,30.36,1.22,0.75,2,1.65,0,0,horizontal best
2026-08-24T15:36:51.789,3670,RAD,horizontal,2,23.70,26.20,39.2,46.8,79,30.36,1.00,0.65,3,1.63,0,0,horizontal best
2026-08-24T15:36:51.789,3670,RAD,horizontal,2,23.70,26.20,50.8,44.4,75,30.47,1.22,0.76,2,1.73,0,0,horizontal best
2026-08-24T15:36:51.885,3671,RAD,horizontal,2,23.70,26.20,39.2,46.9,80,30.36,1.00,0.66,3,1.66,0,0,horizontal best
2026-08-24T15:36:51.885,3671,RAD,horizontal,2,23.70,26.20,50.8,44.6,76,30.71,1.22,0.77,2,1.80,0,0,horizontal best
2026-08-24T15:36:52.017,3672,RAD,horizontal,2,23.72,26.22,39.2,46.9,80,30.34,1.00,0.66,3,1.65,0,0,horizontal best
2026-08-24T15:36:52.017,3672,RAD,horizontal,2,23.72,26.22,50.6,44.8,77,30.85,1.10,0.70,1,1.82,0,0,horizontal best
2026-08-24T15:36:52.113,3673,RAD,horizontal,2,23.72,26.22,39.2,46.9,80,29.88,1.00,0.66,4,1.61,0,0,horizontal best
2026-08-24T15:36:52.113,3673,RAD,horizontal,2,23.72,26.22,50.5,44.8,78,30.89,1.10,0.71,2,1.82,0,0,horizontal best
2026-08-24T15:36:52.240,3674,RAD,horizontal,2,23.72,26.22,39.2,46.9,80,29.90,1.00,0.66,4,1.61,0,0,horizontal best
2026-08-24T15:36:52.240,3674,RAD,horizontal,2,23.72,26.22,50.4,45.0,74,30.89,1.00,0.74,2,1.78,0,0,horizontal best
2026-08-24T15:36:52.368,3675,RAD,horizontal,3,23.74,26.24,39.2,46.9,80,29.88,1.00,0.66,4,1.61,0,0,horizontal best
2026-08-24T15:36:52.368,3675,RAD,horizontal,3,23.74,26.24,50.3,45.1,74,30.78,1.00,0.74,2,1.78,0,0,horizontal best
2026-08-24T15:36:52.368,3675,RAD,horizontal,3,23.74,26.24,3.1,85.5,172,29.03,2.91,0.49,5,0.56,0,0,horizontal best
2026-08-24T15:36:52.464,3676,RAD,horizontal,3,23.74,26.24,39.2,46.9,80,29.88,1.00,0.66,4,1.61,0,0,horizontal best
2026-08-24T15:36:52.464,3676,RAD,horizontal,3,23.74,26.24,50.4,45.1,74,30.76,1.00,0.74,2,1.78,0,0,horizontal best
2026-08-24T15:36:52.464,3676,RAD,horizontal,3,23.74,26.24,3.1,85.5,171,29.06,2.91,0.49,5,0.54,0,0,horizontal best
2026-08-24T15:36:52.592,3677,RAD,horizontal,2,23.74,26.24,39.2,46.9,80,29.81,1.00,0.66,4,1.59,0,0,horizontal best
2026-08-24T15:36:52.592,3677,RAD,horizontal,2,23.74,26.24,50.4,45.1,74,30.78,1.00,0.74,2,1.78,0,0,horizontal best
2026-08-24T15:36:52.687,3678,RAD,horizontal,2,23.74,26.24,39.2,46.9,80,29.81,1.00,0.66,4,1.59,0,0,horizontal best
2026-08-24T15:36:52.687,3678,RAD,horizontal,2,23.74,26.24,50.4,45.0,74,30.80,1.00,0.74,2,1.78,0,0,horizontal best
2026-08-24T15:36:52.816,3679,RAD,horizontal,3,23.72,26.22,39.2,46.9,80,29.74,1.00,0.66,3,1.55,0,0,horizontal best
2026-08-24T15:36:52.816,3679,RAD,horizontal,3,23.72,26.22,50.3,45.1,76,30.78,1.10,0.69,2,1.82,0,0,horizontal best
2026-08-24T15:36:52.816,3679,RAD,horizontal,3,23.72,26.22,3.2,85.5,172,29.12,3.00,0.47,6,0.53,0,0,horizontal best
2026-08-24T15:36:52.911,3680,RAD,horizontal,3,23.72,26.22,39.3,47.0,80,29.77,0.91,0.73,3,1.59,0,0,horizontal best
2026-08-24T15:36:52.911,3680,RAD,horizontal,3,23.72,26.22,50.3,45.2,76,30.82,1.10,0.69,2,1.85,0,0,horizontal best
2026-08-24T15:36:52.911,3680,RAD,horizontal,3,23.72,26.22,3.2,85.5,174,29.12,3.00,0.48,5,0.52,0,0,horizontal best
2026-08-24T15:36:53.036,3681,RAD,horizontal,2,23.74,26.24,39.3,47.0,79,29.83,0.91,0.72,3,1.57,0,0,horizontal best
2026-08-24T15:36:53.036,3681,RAD,horizontal,2,23.74,26.24,50.3,45.2,76,30.82,1.10,0.69,2,1.83,0,0,horizontal best
2026-08-24T15:36:53.133,3682,RAD,horizontal,2,23.74,26.24,39.3,47.0,79,29.81,0.91,0.72,3,1.58,0,0,horizontal best
2026-08-24T15:36:53.133,3682,RAD,horizontal,2,23.74,26.24,50.3,45.2,76,30.82,1.10,0.69,2,1.84,0,0,horizontal best
2026-08-24T15:36:53.261,3683,RAD,horizontal,2,23.72,26.22,39.3,47.0,79,29.81,0.91,0.72,3,1.58,0,0,horizontal best
2026-08-24T15:36:53.261,3683,RAD,horizontal,2,23.72,26.22,50.3,45.2,76,30.82,1.10,0.69,2,1.82,0,0,horizontal best
2026-08-24T15:36:53.389,3684,RAD,horizontal,2,23.72,26.22,39.3,47.0,79,29.81,0.91,0.72,3,1.58,0,0,horizontal best
2026-08-24T15:36:53.389,3684,RAD,horizontal,2,23.72,26.22,50.3,45.2,76,30.82,1.10,0.69,2,1.83,0,0,horizontal best
2026-08-24T15:36:53.485,3685,RAD,horizontal,2,23.72,26.22,39.2,46.9,78,29.81,1.10,0.71,3,1.58,0,0,horizontal best
2026-08-24T15:36:53.485,3685,RAD,horizontal,2,23.72,26.22,50.3,45.0,81,30.82,1.20,0.68,2,1.80,0,0,horizontal best
2026-08-24T15:36:53.614,3686,RAD,horizontal,2,23.74,26.24,39.1,46.8,78,29.81,1.10,0.71,3,1.59,0,0,horizontal best
2026-08-24T15:36:53.614,3686,RAD,horizontal,2,23.74,26.24,50.2,44.9,83,30.67,1.20,0.69,2,1.76,0,0,horizontal best
2026-08-24T15:36:53.715,3687,RAD,horizontal,2,23.74,26.24,39.2,46.9,80,29.81,1.00,0.66,4,1.62,0,0,horizontal best
2026-08-24T15:36:53.715,3687,RAD,horizontal,2,23.74,26.24,50.2,44.8,84,30.47,1.20,0.70,2,1.74,0,0,horizontal best
2026-08-24T15:36:53.842,3688,RAD,horizontal,2,23.74,26.24,39.3,46.9,81,29.81,1.00,0.67,4,1.60,0,0,horizontal best
2026-08-24T15:36:53.842,3688,RAD,horizontal,2,23.74,26.24,50.1,44.8,84,30.54,1.20,0.70,2,1.72,0,0,horizontal best
2026-08-24T15:36:53.938,3689,RAD,horizontal,0,23.72,26.22,,,,,,,,,,,horizontal best
2026-08-24T15:36:54.058,3690,RAD,horizontal,0,23.72,26.22,,,,,,,,,,,horizontal best
2026-08-24T15:36:54.156,3691,RAD,horizontal,0,23.72,26.22,,,,,,,,,,,horizontal best
2026-08-24T15:36:54.281,3692,RAD,horizontal,0,23.74,26.24,,,,,,,,,,,horizontal best
2026-08-24T15:36:54.410,3693,RAD,horizontal,0,23.77,26.27,,,,,,,,,,,horizontal best
2026-08-24T15:36:54.511,3694,RAD,horizontal,0,23.81,26.31,,,,,,,,,,,horizontal best
2026-08-24T15:36:54.640,3695,RAD,horizontal,0,23.81,26.31,,,,,,,,,,,horizontal best
2026-08-24T15:36:54.729,3696,RAD,horizontal,0,23.79,26.29,,,,,,,,,,,horizontal best
2026-08-24T15:36:54.859,3697,RAD,horizontal,0,23.81,26.31,,,,,,,,,,,horizontal best
2026-08-24T15:36:54.953,3698,RAD,horizontal,0,23.81,26.31,,,,,,,,,,,horizontal best
2026-08-24T15:36:55.085,3699,RAD,horizontal,0,23.84,26.34,,,,,,,,,,,horizontal best
2026-08-24T15:36:55.214,3700,RAD,horizontal,0,23.86,26.36,,,,,,,,,,,horizontal best
2026-08-24T15:36:55.307,3701,RAD,horizontal,0,23.84,26.34,,,,,,,,,,,horizontal best
2026-08-24T15:36:55.435,3702,RAD,horizontal,0,23.84,26.34,,,,,,,,,,,horizontal best
2026-08-24T15:36:55.530,3703,RAD,horizontal,0,23.84,26.34,,,,,,,,,,,horizontal best
2026-08-24T15:36:55.659,3704,RAD,horizontal,0,23.84,26.34,,,,,,,,,,,horizontal best
2026-08-24T15:36:55.755,3705,RAD,horizontal,0,23.84,26.34,,,,,,,,,,,horizontal best
2026-08-24T15:36:55.882,3706,RAD,horizontal,0,23.84,26.34,,,,,,,,,,,horizontal best
2026-08-24T15:36:55.978,3707,RAD,horizontal,0,23.84,26.34,,,,,,,,,,,horizontal best
2026-08-24T15:36:56.106,3708,RAD,horizontal,0,23.86,26.36,,,,,,,,,,,horizontal best
2026-08-24T15:36:56.235,3709,RAD,horizontal,0,23.86,26.36,,,,,,,,,,,horizontal best
2026-08-24T15:36:56.330,3710,RAD,horizontal,0,23.86,26.36,,,,,,,,,,,horizontal best
2026-08-24T15:36:56.460,3711,RAD,horizontal,0,23.86,26.36,,,,,,,,,,,horizontal best
2026-08-24T15:36:56.557,3712,RAD,horizontal,0,23.86,26.36,,,,,,,,,,,horizontal best
2026-08-24T15:36:56.691,3713,RAD,horizontal,0,23.86,26.36,,,,,,,,,,,horizontal best
2026-08-24T15:36:56.785,3714,RAD,horizontal,0,23.88,26.38,,,,,,,,,,,horizontal best
2026-08-24T15:36:56.906,3715,RAD,horizontal,0,23.91,26.41,,,,,,,,,,,horizontal best
2026-08-24T15:36:57.037,3716,RAD,horizontal,0,23.91,26.41,,,,,,,,,,,horizontal best
2026-08-24T15:36:57.134,3717,RAD,horizontal,0,23.91,26.41,,,,,,,,,,,horizontal best
2026-08-24T15:36:57.262,3718,RAD,horizontal,0,23.91,26.41,,,,,,,,,,,horizontal best
2026-08-24T15:36:57.359,3719,RAD,horizontal,0,23.91,26.41,,,,,,,,,,,horizontal best
2026-08-24T15:36:57.489,3720,RAD,horizontal,0,23.88,26.38,,,,,,,,,,,horizontal best
2026-08-24T15:36:57.581,3721,RAD,horizontal,0,23.88,26.38,,,,,,,,,,,horizontal best
2026-08-24T15:36:57.713,3722,RAD,horizontal,0,23.88,26.38,,,,,,,,,,,horizontal best
2026-08-24T15:36:57.806,3723,RAD,horizontal,0,23.88,26.38,,,,,,,,,,,horizontal best
2026-08-24T15:36:57.931,3724,RAD,horizontal,0,23.88,26.38,,,,,,,,,,,horizontal best
2026-08-24T15:36:58.060,3725,RAD,horizontal,0,23.91,26.41,,,,,,,,,,,horizontal best
2026-08-24T15:36:58.154,3726,RAD,horizontal,0,23.91,26.41,,,,,,,,,,,horizontal best
2026-08-24T15:36:58.282,3727,RAD,horizontal,0,23.88,26.38,,,,,,,,,,,horizontal best
2026-08-24T15:36:58.379,3728,RAD,horizontal,0,23.88,26.38,,,,,,,,,,,horizontal best
2026-08-24T15:36:58.508,3729,RAD,horizontal,0,23.86,26.36,,,,,,,,,,,horizontal best
2026-08-24T15:36:58.607,3730,RAD,horizontal,0,23.81,26.31,,,,,,,,,,,horizontal best
2026-08-24T15:36:58.734,3731,RAD,horizontal,0,23.81,26.31,,,,,,,,,,,horizontal best
2026-08-24T15:36:58.863,3732,RAD,horizontal,0,23.81,26.31,,,,,,,,,,,horizontal best
2026-08-24T15:36:58.957,3733,RAD,horizontal,0,23.81,26.31,,,,,,,,,,,horizontal best
2026-08-24T15:36:59.082,3734,RAD,horizontal,0,23.81,26.31,,,,,,,,,,,horizontal best
2026-08-24T15:36:59.180,3735,RAD,horizontal,0,23.81,26.31,,,,,,,,,,,horizontal best
2026-08-24T15:36:59.310,3736,RAD,horizontal,0,23.81,26.31,,,,,,,,,,,horizontal best
2026-08-24T15:36:59.406,3737,RAD,horizontal,0,23.81,26.31,,,,,,,,,,,horizontal best
2026-08-24T15:36:59.541,3738,RAD,horizontal,0,23.81,26.31,,,,,,,,,,,horizontal best
2026-08-24T15:36:59.643,3739,RAD,horizontal,0,23.81,26.31,,,,,,,,,,,horizontal best
2026-08-24T15:36:59.760,3740,RAD,horizontal,0,23.81,26.31,,,,,,,,,,,horizontal best
2026-08-24T15:36:59.890,3741,RAD,horizontal,0,23.81,26.31,,,,,,,,,,,horizontal best
2026-08-24T15:36:59.989,3742,RAD,horizontal,0,23.84,26.34,,,,,,,,,,,horizontal best
2026-08-24T15:37:00.116,3743,RAD,horizontal,0,23.86,26.36,,,,,,,,,,,horizontal best
2026-08-24T15:37:00.207,3744,RAD,horizontal,0,23.93,26.43,,,,,,,,,,,horizontal best
2026-08-24T15:37:00.335,3745,RAD,horizontal,0,23.93,26.43,,,,,,,,,,,horizontal best
2026-08-24T15:37:00.433,3746,RAD,horizontal,0,23.95,26.45,,,,,,,,,,,horizontal best
2026-08-24T15:37:00.588,3747,RAD,horizontal,0,23.93,26.43,,,,,,,,,,,horizontal best
2026-08-24T15:37:00.742,3748,RAD,horizontal,0,23.93,26.43,,,,,,,,,,,horizontal best
2026-08-24T15:37:01.282,3749,RAD,horizontal,0,23.91,26.41,,,,,,,,,,,horizontal best
2026-08-24T15:37:01.634,3750,RAD,horizontal,0,23.91,26.41,,,,,,,,,,,horizontal best
2026-08-24T15:37:01.692,3751,RAD,horizontal,0,23.91,26.41,,,,,,,,,,,horizontal best
2026-08-24T15:37:01.740,3752,RAD,horizontal,0,23.91,26.41,,,,,,,,,,,horizontal best
2026-08-24T15:37:01.814,3753,RAD,horizontal,0,23.86,26.36,,,,,,,,,,,horizontal best
2026-08-24T15:37:01.930,3754,RAD,horizontal,0,23.86,26.36,,,,,,,,,,,horizontal best
2026-08-24T15:37:02.026,3755,RAD,horizontal,0,23.86,26.36,,,,,,,,,,,horizontal best
2026-08-24T15:37:02.153,3756,RAD,horizontal,0,23.86,26.36,,,,,,,,,,,horizontal best
2026-08-24T15:37:02.251,3757,RAD,horizontal,0,23.86,26.36,,,,,,,,,,,horizontal best
2026-08-24T15:37:02.378,3758,RAD,horizontal,0,23.88,26.38,,,,,,,,,,,horizontal best
2026-08-24T15:37:02.474,3759,RAD,horizontal,0,23.91,26.41,,,,,,,,,,,horizontal best
2026-08-24T15:37:02.602,3760,RAD,horizontal,0,23.91,26.41,,,,,,,,,,,horizontal best
2026-08-24T15:37:02.730,3761,RAD,horizontal,0,23.93,26.43,,,,,,,,,,,horizontal best
2026-08-24T15:37:02.827,3762,RAD,horizontal,0,23.95,26.45,,,,,,,,,,,horizontal best
2026-08-24T15:37:02.956,3763,RAD,horizontal,1,23.95,26.45,61.5,110.8,490,32.47,0.69,0.58,9,1.41,0,0,horizontal best
2026-08-24T15:37:03.055,3764,RAD,horizontal,1,23.93,26.43,61.8,110.9,387,32.73,0.72,0.53,6,1.34,0,0,horizontal best
2026-08-24T15:37:03.184,3765,RAD,horizontal,1,23.93,26.43,61.8,110.4,528,32.58,0.74,0.58,7,1.46,0,0,horizontal best
2026-08-24T15:37:03.280,3766,RAD,horizontal,1,23.98,26.48,61.4,109.8,555,32.80,0.79,0.60,5,1.47,0,0,horizontal best
2026-08-24T15:37:03.403,3767,RAD,horizontal,1,23.98,26.48,60.8,109.5,586,32.93,0.80,0.60,6,1.49,0,0,horizontal best
2026-08-24T15:37:03.531,3768,RAD,horizontal,1,23.98,26.48,60.1,109.2,597,33.06,0.82,0.63,4,1.44,0,0,horizontal best
2026-08-24T15:37:03.627,3769,RAD,horizontal,1,23.98,26.48,59.2,108.9,615,33.08,0.85,0.62,4,1.42,0,0,horizontal best
2026-08-24T15:37:03.756,3770,RAD,horizontal,1,23.98,26.48,58.9,108.6,630,33.25,0.88,0.62,5,1.38,0,0,horizontal best
2026-08-24T15:37:03.856,3771,RAD,horizontal,1,23.98,26.48,59.2,108.2,658,33.14,0.88,0.65,3,1.41,0,0,horizontal best
2026-08-24T15:37:03.979,3772,RAD,horizontal,1,23.98,26.48,60.1,107.9,672,33.12,0.91,0.64,7,1.35,0,0,horizontal best
2026-08-24T15:37:04.075,3773,RAD,horizontal,1,24.00,26.50,61.9,107.4,710,33.08,0.94,0.65,4,1.38,0,0,horizontal best
2026-08-24T15:37:04.208,3774,RAD,horizontal,1,23.98,26.48,65.0,107.4,600,32.76,0.97,0.60,10,1.25,0,0,horizontal best
2026-08-24T15:37:04.310,3775,RAD,horizontal,1,24.00,26.50,69.3,107.3,623,33.01,0.97,0.63,6,1.27,0,0,horizontal best
2026-08-24T15:37:04.435,3776,RAD,horizontal,1,24.00,26.50,74.0,107.0,631,32.88,1.00,0.62,7,1.25,0,0,horizontal best
2026-08-24T15:37:04.560,3777,RAD,horizontal,1,23.95,26.45,77.8,106.4,659,32.60,1.06,0.64,7,1.26,0,0,horizontal best
2026-08-24T15:37:04.656,3778,RAD,horizontal,1,23.95,26.45,80.0,105.9,691,33.04,1.10,0.66,7,1.29,1,0,horizontal best
2026-08-24T15:37:04.788,3779,RAD,horizontal,1,24.00,26.50,81.4,105.6,703,33.23,1.13,0.65,8,1.27,2,0,horizontal best
2026-08-24T15:37:04.885,3780,RAD,horizontal,1,23.98,26.48,82.2,105.4,700,32.93,1.13,0.65,8,1.25,0,0,horizontal best
2026-08-24T15:37:05.012,3781,RAD,horizontal,1,23.98,26.48,82.6,105.4,696,33.10,1.20,0.64,6,1.23,1,0,horizontal best
2026-08-24T15:37:05.105,3782,RAD,horizontal,1,23.98,26.48,82.8,105.5,707,33.08,1.13,0.65,7,1.25,1,0,horizontal best
2026-08-24T15:37:05.232,3783,RAD,horizontal,1,23.95,26.45,82.6,105.6,699,32.69,1.17,0.67,9,1.25,0,0,horizontal best
2026-08-24T15:37:05.361,3784,RAD,horizontal,1,23.95,26.45,82.2,105.9,688,32.78,1.10,0.65,9,1.24,0,0,horizontal best
2026-08-24T15:37:05.461,3785,RAD,horizontal,1,23.95,26.45,81.5,106.6,648,32.71,1.03,0.65,9,1.21,0,0,horizontal best
2026-08-24T15:37:05.587,3786,RAD,horizontal,1,23.93,26.43,80.1,107.5,601,31.94,0.94,0.63,11,1.22,0,0,horizontal best
2026-08-24T15:37:05.681,3787,RAD,horizontal,1,23.93,26.43,77.9,108.9,511,31.78,0.81,0.61,9,1.26,0,0,horizontal best
2026-08-24T15:37:05.801,3788,RAD,horizontal,0,23.93,26.43,,,,,,,,,,,horizontal best
2026-08-24T15:37:05.899,3789,RAD,horizontal,1,23.91,26.41,43.7,44.7,140,30.56,0.67,0.48,5,1.09,0,0,horizontal best
2026-08-24T15:37:06.030,3790,RAD,horizontal,1,23.88,26.38,43.7,44.8,144,30.47,0.67,0.49,5,1.17,0,0,horizontal best
2026-08-24T15:37:06.128,3791,RAD,horizontal,1,23.86,26.36,43.6,44.9,141,30.16,0.67,0.48,4,1.12,0,0,horizontal best
2026-08-24T15:37:06.257,3792,RAD,horizontal,1,23.86,26.36,43.8,44.9,146,30.14,0.64,0.47,5,1.20,0,0,horizontal best
2026-08-24T15:37:06.382,3793,RAD,horizontal,1,23.88,26.38,44.0,44.9,146,30.30,0.64,0.47,4,1.17,0,0,horizontal best
2026-08-24T15:37:06.481,3794,RAD,horizontal,1,23.88,26.38,44.0,44.9,144,30.30,0.64,0.47,4,1.18,0,0,horizontal best
2026-08-24T15:37:06.610,3795,RAD,horizontal,1,23.93,26.43,43.9,44.9,139,30.36,0.64,0.45,4,1.13,0,0,horizontal best
2026-08-24T15:37:06.702,3796,RAD,horizontal,1,23.95,26.45,43.9,44.9,137,30.36,0.64,0.44,5,1.10,0,0,horizontal best
2026-08-24T15:37:06.831,3797,RAD,horizontal,1,23.95,26.45,43.9,44.9,139,30.36,0.64,0.45,4,1.11,0,0,horizontal best
2026-08-24T15:37:06.926,3798,RAD,horizontal,1,23.95,26.45,43.9,44.9,139,30.16,0.64,0.45,5,1.07,0,0,horizontal best
2026-08-24T15:37:07.055,3799,RAD,horizontal,1,23.95,26.45,44.0,44.8,141,30.54,0.64,0.46,4,1.12,0,0,horizontal best
2026-08-24T15:37:07.147,3800,RAD,horizontal,1,23.95,26.45,43.9,44.7,143,30.76,0.64,0.46,4,1.10,0,0,horizontal best
2026-08-24T15:37:07.279,3801,RAD,horizontal,0,23.98,26.48,,,,,,,,,,,horizontal best
2026-08-24T15:37:07.406,3802,RAD,horizontal,0,23.98,26.48,,,,,,,,,,,horizontal best
2026-08-24T15:37:07.503,3803,RAD,horizontal,0,23.95,26.45,,,,,,,,,,,horizontal best
2026-08-24T15:37:07.626,3804,RAD,horizontal,0,23.92,26.42,,,,,,,,,,,horizontal best
2026-08-24T15:37:07.721,3805,RAD,horizontal,0,23.93,26.43,,,,,,,,,,,horizontal best
2026-08-24T15:37:07.850,3806,RAD,horizontal,0,23.98,26.48,,,,,,,,,,,horizontal best
2026-08-24T15:37:07.946,3807,RAD,horizontal,0,23.95,26.45,,,,,,,,,,,horizontal best
2026-08-24T15:37:08.074,3808,RAD,horizontal,0,23.98,26.48,,,,,,,,,,,horizontal best
2026-08-24T15:37:08.201,3809,RAD,horizontal,0,23.98,26.48,,,,,,,,,,,horizontal best
2026-08-24T15:37:08.298,3810,RAD,horizontal,0,23.98,26.48,,,,,,,,,,,horizontal best
2026-08-24T15:37:08.426,3811,RAD,horizontal,0,24.02,26.52,,,,,,,,,,,horizontal best
2026-08-24T15:37:08.525,3812,RAD,horizontal,0,24.07,26.57,,,,,,,,,,,horizontal best
2026-08-24T15:37:08.654,3813,RAD,horizontal,0,24.09,26.59,,,,,,,,,,,horizontal best
2026-08-24T15:37:08.745,3814,RAD,horizontal,0,24.07,26.57,,,,,,,,,,,horizontal best
2026-08-24T15:37:08.879,3815,RAD,horizontal,0,24.09,26.59,,,,,,,,,,,horizontal best
2026-08-24T15:37:08.982,3816,RAD,horizontal,0,24.09,26.59,,,,,,,,,,,horizontal best
2026-08-24T15:37:09.103,3817,RAD,horizontal,0,24.11,26.61,,,,,,,,,,,horizontal best
2026-08-24T15:37:09.231,3818,RAD,horizontal,0,24.09,26.59,,,,,,,,,,,horizontal best
2026-08-24T15:37:09.327,3819,RAD,horizontal,1,24.09,26.59,44.0,44.9,92,30.98,0.47,0.54,6,1.22,0,0,horizontal best
2026-08-24T15:37:09.456,3820,RAD,horizontal,1,24.09,26.59,44.0,44.9,92,30.95,0.47,0.54,6,1.23,0,0,horizontal best
2026-08-24T15:37:09.551,3821,RAD,horizontal,0,24.09,26.59,,,,,,,,,,,horizontal best
2026-08-24T15:37:09.679,3822,RAD,horizontal,1,24.16,26.66,44.0,44.9,92,31.00,0.47,0.54,6,1.24,0,0,horizontal best
2026-08-24T15:37:09.778,3823,RAD,horizontal,1,24.16,26.66,43.9,44.9,92,31.00,0.47,0.54,6,1.24,0,0,horizontal best
2026-08-24T15:37:09.907,3824,RAD,horizontal,1,24.18,26.68,43.9,45.0,93,31.52,0.45,0.52,6,1.24,0,0,horizontal best
2026-08-24T15:37:10.036,3825,RAD,horizontal,2,24.16,26.66,43.8,45.0,93,31.50,0.45,0.52,5,1.25,0,0,horizontal best
2026-08-24T15:37:10.036,3825,RAD,horizontal,2,24.16,26.66,6.6,70.2,225,30.05,2.33,0.43,4,0.88,0,0,horizontal best
2026-08-24T15:37:10.130,3826,RAD,horizontal,2,24.18,26.68,43.8,45.0,93,31.35,0.45,0.52,6,1.22,0,0,horizontal best
2026-08-24T15:37:10.130,3826,RAD,horizontal,2,24.18,26.68,6.6,70.4,230,30.05,2.33,0.44,4,0.87,0,0,horizontal best
2026-08-24T15:37:10.253,3827,RAD,horizontal,0,24.18,26.68,,,,,,,,,,,horizontal best
2026-08-24T15:37:10.345,3828,RAD,horizontal,0,24.21,26.71,,,,,,,,,,,horizontal best
2026-08-24T15:37:10.473,3829,RAD,horizontal,0,24.21,26.71,,,,,,,,,,,horizontal best
2026-08-24T15:37:10.570,3830,RAD,horizontal,0,24.21,26.71,,,,,,,,,,,horizontal best
2026-08-24T15:37:10.700,3831,RAD,horizontal,0,24.21,26.71,,,,,,,,,,,horizontal best
2026-08-24T15:37:10.796,3832,RAD,horizontal,0,24.23,26.73,,,,,,,,,,,horizontal best
2026-08-24T15:37:10.922,3833,RAD,horizontal,0,24.28,26.78,,,,,,,,,,,horizontal best
2026-08-24T15:37:11.061,3834,RAD,horizontal,0,24.32,26.82,,,,,,,,,,,horizontal best
2026-08-24T15:37:11.147,3835,RAD,horizontal,0,24.37,26.87,,,,,,,,,,,horizontal best
2026-08-24T15:37:11.282,3836,RAD,horizontal,1,24.37,26.87,78.2,109.2,613,33.06,0.81,0.59,5,1.38,0,0,horizontal best
2026-08-24T15:37:11.375,3837,RAD,horizontal,1,24.39,26.89,79.2,108.1,588,33.31,0.88,0.61,7,1.40,1,0,horizontal best
2026-08-24T15:37:11.504,3838,RAD,horizontal,1,24.39,26.89,79.5,107.3,621,33.08,0.94,0.61,9,1.38,0,0,horizontal best
2026-08-24T15:37:11.600,3839,RAD,horizontal,1,24.41,26.91,79.0,106.7,639,33.38,1.00,0.62,8,1.33,3,0,horizontal best
2026-08-24T15:37:11.729,3840,RAD,horizontal,1,24.39,26.89,78.1,106.3,641,33.31,1.06,0.63,10,1.29,1,0,horizontal best
2026-08-24T15:37:11.825,3841,RAD,horizontal,1,24.39,26.89,77.3,105.7,645,32.99,1.13,0.63,8,1.30,0,0,horizontal best
2026-08-24T15:37:11.951,3842,RAD,horizontal,1,24.39,26.89,76.7,105.2,642,32.95,1.21,0.63,9,1.32,0,0,horizontal best
2026-08-24T15:37:12.079,3843,RAD,horizontal,1,24.37,26.87,76.8,105.4,612,32.88,1.21,0.60,10,1.26,0,0,horizontal best
2026-08-24T15:37:12.176,3844,RAD,horizontal,1,24.37,26.87,76.9,105.2,618,32.88,1.33,0.64,11,1.32,0,0,horizontal best
2026-08-24T15:37:12.309,3845,RAD,horizontal,1,24.37,26.87,77.3,104.5,632,32.91,1.38,0.68,9,1.37,0,0,horizontal best
2026-08-24T15:37:12.405,3846,RAD,horizontal,1,24.41,26.91,78.1,104.5,642,32.93,1.33,0.66,9,1.39,0,0,horizontal best
2026-08-24T15:37:12.535,3847,RAD,horizontal,1,24.44,26.94,79.5,104.7,645,32.93,1.30,0.68,11,1.34,0,0,horizontal best
2026-08-24T15:37:12.632,3848,RAD,horizontal,1,24.44,26.94,81.1,104.9,642,33.08,1.25,0.66,11,1.33,0,0,horizontal best
2026-08-24T15:37:12.756,3849,RAD,horizontal,2,24.48,26.98,82.8,105.3,653,32.88,1.17,0.66,9,1.35,0,0,horizontal best
2026-08-24T15:37:12.756,3849,RAD,horizontal,2,24.48,26.98,4.3,86.9,107,29.77,2.80,0.38,6,1.09,0,0,horizontal best
2026-08-24T15:37:12.884,3850,RAD,horizontal,2,24.48,26.98,84.1,105.8,658,32.86,1.17,0.67,10,1.30,0,0,horizontal best
2026-08-24T15:37:12.884,3850,RAD,horizontal,2,24.48,26.98,4.3,87.0,107,29.77,2.80,0.38,6,1.09,0,0,horizontal best
2026-08-24T15:37:12.977,3851,RAD,horizontal,1,24.46,26.96,85.3,106.2,655,33.01,1.06,0.64,10,1.30,0,0,horizontal best
2026-08-24T15:37:13.102,3852,RAD,horizontal,1,24.46,26.96,86.0,106.9,731,32.97,1.00,0.63,8,1.24,0,0,horizontal best
2026-08-24T15:37:13.203,3853,RAD,horizontal,1,24.48,26.98,86.3,107.2,636,32.95,1.00,0.62,9,1.30,0,0,horizontal best
2026-08-24T15:37:13.329,3854,RAD,horizontal,1,24.46,26.96,86.0,107.9,608,33.08,0.88,0.60,6,1.35,0,0,horizontal best
2026-08-24T15:37:13.424,3855,RAD,horizontal,1,24.48,26.98,85.1,108.7,566,33.23,0.78,0.56,7,1.39,1,0,horizontal best
2026-08-24T15:37:13.549,3856,RAD,horizontal,1,24.46,26.96,83.5,110.0,565,32.93,0.71,0.55,6,1.43,0,0,horizontal best
2026-08-24T15:37:13.646,3857,RAD,horizontal,1,24.46,26.96,81.2,111.3,434,33.16,0.67,0.50,4,1.56,0,0,horizontal best
2026-08-24T15:37:13.771,3858,RAD,horizontal,0,24.46,26.96,,,,,,,,,,,horizontal best
2026-08-24T15:37:13.905,3859,RAD,horizontal,0,24.46,26.96,,,,,,,,,,,horizontal best
2026-08-24T15:37:13.998,3860,RAD,horizontal,0,24.44,26.94,,,,,,,,,,,horizontal best
2026-08-24T15:37:14.125,3861,RAD,horizontal,1,24.44,26.94,4.3,86.8,109,30.05,2.80,0.39,6,1.05,0,0,horizontal best
2026-08-24T15:37:14.218,3862,RAD,horizontal,0,24.43,26.93,,,,,,,,,,,horizontal best
2026-08-24T15:37:14.347,3863,RAD,horizontal,0,24.41,26.91,,,,,,,,,,,horizontal best
2026-08-24T15:37:14.444,3864,RAD,horizontal,0,24.41,26.91,,,,,,,,,,,horizontal best
2026-08-24T15:37:14.572,3865,RAD,horizontal,0,24.39,26.89,,,,,,,,,,,horizontal best
2026-08-24T15:37:14.700,3866,RAD,horizontal,0,24.41,26.91,,,,,,,,,,,horizontal best
2026-08-24T15:37:14.802,3867,RAD,horizontal,0,24.39,26.89,,,,,,,,,,,horizontal best
2026-08-24T15:37:14.926,3868,RAD,horizontal,0,24.41,26.91,,,,,,,,,,,horizontal best
2026-08-24T15:37:15.024,3869,RAD,horizontal,0,24.41,26.91,,,,,,,,,,,horizontal best
2026-08-24T15:37:15.151,3870,RAD,horizontal,0,24.41,26.91,,,,,,,,,,,horizontal best
2026-08-24T15:37:15.246,3871,RAD,horizontal,0,24.41,26.91,,,,,,,,,,,horizontal best
2026-08-24T15:37:15.381,3872,RAD,horizontal,0,24.41,26.91,,,,,,,,,,,horizontal best
2026-08-24T15:37:15.472,3873,RAD,horizontal,0,24.41,26.91,,,,,,,,,,,horizontal best
2026-08-24T15:37:15.604,3874,RAD,horizontal,0,24.44,26.94,,,,,,,,,,,horizontal best
2026-08-24T15:37:15.732,3875,RAD,horizontal,2,24.46,26.96,9.8,76.5,386,31.09,0.00,0.00,8,1.06,0,0,horizontal best
2026-08-24T15:37:15.732,3875,RAD,horizontal,2,24.46,26.96,12.5,31.7,178,28.46,1.54,0.68,6,0.37,0,0,horizontal best
2026-08-24T15:37:15.828,3876,RAD,horizontal,1,24.46,26.96,12.4,75.5,406,31.44,2.10,0.44,8,1.18,0,0,horizontal best
2026-08-24T15:37:15.958,3877,RAD,horizontal,2,24.48,26.98,14.4,75.1,448,31.24,2.25,0.50,7,1.18,0,0,horizontal best
2026-08-24T15:37:15.958,3877,RAD,horizontal,2,24.48,26.98,15.6,30.6,169,28.41,1.36,0.64,6,0.38,0,0,horizontal best
2026-08-24T15:37:16.055,3878,RAD,horizontal,2,24.51,27.01,16.0,74.7,495,31.65,2.61,0.59,8,1.27,0,0,horizontal best
2026-08-24T15:37:16.055,3878,RAD,horizontal,2,24.51,27.01,17.4,29.7,174,28.55,1.46,0.70,6,0.38,0,0,horizontal best
2026-08-24T15:37:16.180,3879,RAD,horizontal,2,24.53,27.03,19.0,74.0,485,31.78,2.56,0.59,6,1.45,0,0,horizontal best
2026-08-24T15:37:16.180,3879,RAD,horizontal,2,24.53,27.03,20.5,28.1,192,28.61,1.43,0.69,6,0.38,0,0,horizontal best
2026-08-24T15:37:16.277,3880,RAD,horizontal,2,24.55,27.05,21.2,73.2,451,31.94,2.30,0.49,7,1.44,0,0,horizontal best
2026-08-24T15:37:16.277,3880,RAD,horizontal,2,24.55,27.05,22.9,27.3,166,28.61,1.29,0.66,5,0.37,0,0,horizontal best
2026-08-24T15:37:16.404,3881,RAD,horizontal,1,24.58,27.08,22.6,72.3,436,32.00,2.24,0.44,7,1.36,0,0,horizontal best
2026-08-24T15:37:16.532,3882,RAD,horizontal,1,24.60,27.10,23.2,72.1,397,32.07,1.69,0.35,7,1.35,0,0,horizontal best
2026-08-24T15:37:16.626,3883,RAD,horizontal,1,24.60,27.10,21.0,70.0,495,31.98,1.91,0.54,7,1.26,0,0,horizontal best
2026-08-24T15:37:16.756,3884,RAD,horizontal,1,24.60,27.10,22.6,71.4,346,32.00,2.05,0.35,6,1.22,0,0,horizontal best
2026-08-24T15:37:16.851,3885,RAD,horizontal,2,24.62,27.12,20.9,70.1,465,32.00,2.05,0.51,7,1.18,0,0,horizontal best
2026-08-24T15:37:16.851,3885,RAD,horizontal,2,24.62,27.12,23.3,26.6,177,28.37,1.20,0.66,6,0.34,0,0,horizontal best
2026-08-24T15:37:16.979,3886,RAD,horizontal,1,24.60,27.10,20.3,70.0,470,32.02,2.05,0.52,8,1.20,0,0,horizontal best
2026-08-24T15:37:17.076,3887,RAD,horizontal,2,24.60,27.10,22.3,72.0,342,32.02,2.05,0.35,6,1.20,0,0,horizontal best
2026-08-24T15:37:17.076,3887,RAD,horizontal,2,24.60,27.10,23.0,26.8,170,28.37,1.20,0.63,6,0.33,0,0,horizontal best
2026-08-24T15:37:17.204,3888,RAD,horizontal,2,24.58,27.08,23.2,72.9,344,32.00,2.05,0.35,6,1.21,0,0,horizontal best
2026-08-24T15:37:17.204,3888,RAD,horizontal,2,24.58,27.08,22.9,26.9,169,28.28,1.20,0.63,5,0.33,0,0,horizontal best
2026-08-24T15:37:17.298,3889,RAD,horizontal,1,24.60,27.10,21.3,71.3,449,32.02,2.32,0.54,8,1.16,0,0,horizontal best
2026-08-24T15:37:17.427,3890,RAD,horizontal,2,24.60,27.10,20.5,70.5,432,32.00,2.26,0.53,8,1.15,0,0,horizontal best
2026-08-24T15:37:17.427,3890,RAD,horizontal,2,24.60,27.10,22.5,27.0,182,28.28,1.20,0.67,5,0.34,0,0,horizontal best
2026-08-24T15:37:17.556,3891,RAD,horizontal,2,24.60,27.10,20.2,70.3,431,31.89,2.26,0.53,10,1.15,0,0,horizontal best
2026-08-24T15:37:17.556,3891,RAD,horizontal,2,24.60,27.10,22.3,27.0,174,28.28,1.20,0.64,8,0.33,0,0,horizontal best
2026-08-24T15:37:17.650,3892,RAD,horizontal,2,24.60,27.10,20.2,70.3,434,31.91,2.21,0.54,9,1.15,0,0,horizontal best
2026-08-24T15:37:17.650,3892,RAD,horizontal,2,24.60,27.10,22.2,27.1,165,28.26,1.13,0.65,5,0.32,0,0,horizontal best
2026-08-24T15:37:17.780,3893,RAD,horizontal,2,24.60,27.10,20.4,70.6,425,31.68,0.00,0.00,9,1.14,0,0,horizontal best
2026-08-24T15:37:17.780,3893,RAD,horizontal,2,24.60,27.10,22.0,26.9,187,28.37,1.27,0.66,8,0.35,0,0,horizontal best
2026-08-24T15:37:17.875,3894,RAD,horizontal,2,24.60,27.10,20.6,71.1,409,31.46,0.00,0.00,8,1.11,0,0,horizontal best
2026-08-24T15:37:17.875,3894,RAD,horizontal,2,24.60,27.10,22.1,26.9,180,28.37,1.27,0.63,8,0.33,0,0,horizontal best
2026-08-24T15:37:18.003,3895,RAD,horizontal,2,24.60,27.10,20.7,71.3,413,31.46,0.00,0.00,9,1.12,0,0,horizontal best
2026-08-24T15:37:18.003,3895,RAD,horizontal,2,24.60,27.10,22.3,26.9,176,28.32,1.27,0.62,9,0.33,0,0,horizontal best
2026-08-24T15:37:18.099,3896,RAD,horizontal,2,24.60,27.10,20.7,71.2,398,31.48,0.00,0.00,9,1.17,0,0,horizontal best
2026-08-24T15:37:18.099,3896,RAD,horizontal,2,24.60,27.10,22.2,27.0,173,28.48,1.12,0.60,6,0.34,0,0,horizontal best
2026-08-24T15:37:18.228,3897,RAD,horizontal,2,24.67,27.17,20.2,70.8,396,31.55,0.00,0.00,8,1.22,0,0,horizontal best
2026-08-24T15:37:18.228,3897,RAD,horizontal,2,24.67,27.17,21.3,26.9,187,28.55,1.33,0.62,9,0.33,0,0,horizontal best
2026-08-24T15:37:18.326,3898,RAD,horizontal,2,24.65,27.15,21.0,72.4,331,31.78,2.26,0.41,6,1.19,0,0,horizontal best
2026-08-24T15:37:18.326,3898,RAD,horizontal,2,24.65,27.15,20.5,26.8,180,28.52,1.43,0.64,8,0.34,0,0,horizontal best
2026-08-24T15:37:18.452,3899,RAD,horizontal,2,24.67,27.17,19.1,71.2,420,31.94,0.00,0.00,6,1.19,0,0,horizontal best
2026-08-24T15:37:18.452,3899,RAD,horizontal,2,24.67,27.17,19.6,26.6,206,28.52,1.33,0.69,7,0.35,0,0,horizontal best
2026-08-24T15:37:18.580,3900,RAD,horizontal,2,24.67,27.17,17.7,70.3,442,31.96,0.00,0.00,5,1.11,0,0,horizontal best
2026-08-24T15:37:18.580,3900,RAD,horizontal,2,24.67,27.17,19.1,26.6,201,28.50,1.33,0.67,8,0.35,0,0,horizontal best
2026-08-24T15:37:18.676,3901,RAD,horizontal,2,24.67,27.17,16.8,69.6,475,31.94,1.77,0.55,7,1.12,0,0,horizontal best
2026-08-24T15:37:18.676,3901,RAD,horizontal,2,24.67,27.17,19.0,26.6,196,28.50,1.43,0.70,6,0.36,0,0,horizontal best
2026-08-24T15:37:18.806,3902,RAD,horizontal,2,24.62,27.12,16.4,69.4,499,31.87,1.70,0.56,7,1.16,0,0,horizontal best
2026-08-24T15:37:18.806,3902,RAD,horizontal,2,24.62,27.12,19.0,26.6,200,28.37,1.25,0.62,7,0.34,0,0,horizontal best
2026-08-24T15:37:18.902,3903,RAD,horizontal,2,24.60,27.10,12.5,66.9,256,31.06,2.32,0.31,6,1.23,0,0,horizontal best
2026-08-24T15:37:18.902,3903,RAD,horizontal,2,24.60,27.10,18.9,26.8,198,28.32,1.25,0.62,7,0.34,0,0,horizontal best
2026-08-24T15:37:19.028,3904,RAD,horizontal,1,24.62,27.12,19.0,26.8,194,28.39,1.33,0.65,5,0.35,0,0,horizontal best
2026-08-24T15:37:19.125,3905,RAD,horizontal,2,24.62,27.12,19.0,26.8,194,28.39,1.33,0.65,8,0.35,0,0,horizontal best
2026-08-24T15:37:19.125,3905,RAD,horizontal,2,24.62,27.12,18.0,70.8,447,32.00,2.39,0.58,5,1.32,0,0,horizontal best
2026-08-24T15:37:19.253,3906,RAD,horizontal,2,24.62,27.12,19.1,26.6,198,28.39,1.33,0.66,5,0.35,0,0,horizontal best
2026-08-24T15:37:19.253,3906,RAD,horizontal,2,24.62,27.12,18.7,71.4,449,32.00,2.26,0.55,6,1.32,0,0,horizontal best
2026-08-24T15:37:19.379,3907,RAD,horizontal,1,24.65,27.15,18.7,71.7,445,31.98,2.32,0.53,5,1.20,0,0,horizontal best
2026-08-24T15:37:19.476,3908,RAD,horizontal,1,24.67,27.17,19.0,71.9,464,31.96,2.53,0.63,6,1.31,0,0,horizontal best
2026-08-24T15:37:19.605,3909,RAD,horizontal,2,24.69,27.19,20.3,26.7,202,28.50,1.19,0.66,5,0.37,0,0,horizontal best
2026-08-24T15:37:19.605,3909,RAD,horizontal,2,24.69,27.19,19.7,72.0,459,32.04,2.26,0.56,6,1.33,0,0,horizontal best
2026-08-24T15:37:19.701,3910,RAD,horizontal,2,24.69,27.19,20.6,26.6,201,28.50,1.19,0.66,5,0.37,0,0,horizontal best
2026-08-24T15:37:19.701,3910,RAD,horizontal,2,24.69,27.19,19.9,72.1,449,32.04,2.53,0.61,5,1.31,0,0,horizontal best
2026-08-24T15:37:19.827,3911,RAD,horizontal,1,24.74,27.24,20.1,71.9,474,32.30,2.59,0.63,6,1.35,0,0,horizontal best
2026-08-24T15:37:19.925,3912,RAD,horizontal,1,24.74,27.24,20.5,71.8,451,32.30,2.59,0.60,7,1.38,0,0,horizontal best
2026-08-24T15:37:20.052,3913,RAD,horizontal,1,24.72,27.22,20.6,71.7,455,32.30,2.59,0.61,5,1.38,0,0,horizontal best
2026-08-24T15:37:20.147,3914,RAD,horizontal,1,24.72,27.22,20.5,71.5,452,32.17,2.75,0.64,5,1.38,0,0,horizontal best
2026-08-24T15:37:20.277,3915,RAD,horizontal,1,24.69,27.19,20.5,71.5,453,32.19,2.44,0.57,5,1.37,0,0,horizontal best
2026-08-24T15:37:20.405,3916,RAD,horizontal,1,24.67,27.17,20.4,71.3,450,32.17,2.69,0.65,6,1.33,0,0,horizontal best
2026-08-24T15:37:20.500,3917,RAD,horizontal,1,24.65,27.15,18.3,69.7,550,32.15,1.67,0.57,10,1.34,0,0,horizontal best
2026-08-24T15:37:20.629,3918,RAD,horizontal,1,24.65,27.15,19.7,70.3,440,32.15,2.53,0.60,9,1.34,0,0,horizontal best
2026-08-24T15:37:20.724,3919,RAD,horizontal,1,24.65,27.15,20.4,70.6,439,32.15,2.53,0.60,8,1.33,0,0,horizontal best
2026-08-24T15:37:20.854,3920,RAD,horizontal,1,24.65,27.15,20.7,70.7,435,32.13,2.47,0.61,7,1.33,0,0,horizontal best
2026-08-24T15:37:20.950,3921,RAD,horizontal,1,24.65,27.15,21.1,70.8,405,32.13,2.39,0.52,6,1.31,0,0,horizontal best
2026-08-24T15:37:21.076,3922,RAD,horizontal,1,24.65,27.15,20.9,70.7,437,32.11,2.47,0.61,6,1.33,0,0,horizontal best
2026-08-24T15:37:21.205,3923,RAD,horizontal,1,24.72,27.22,20.7,70.6,438,32.24,2.33,0.58,7,1.34,0,0,horizontal best
2026-08-24T15:37:21.302,3924,RAD,horizontal,1,24.72,27.22,20.7,70.6,438,32.24,2.47,0.61,7,1.35,0,0,horizontal best
2026-08-24T15:37:21.428,3925,RAD,horizontal,2,24.69,27.19,20.6,70.6,433,32.19,2.47,0.61,6,1.36,0,0,horizontal best
2026-08-24T15:37:21.428,3925,RAD,horizontal,2,24.69,27.19,21.2,26.9,187,28.48,1.27,0.66,6,0.34,0,0,horizontal best
2026-08-24T15:37:21.526,3926,RAD,horizontal,2,24.69,27.19,20.7,70.9,420,32.22,2.26,0.51,6,1.32,0,0,horizontal best
2026-08-24T15:37:21.526,3926,RAD,horizontal,2,24.69,27.19,21.3,27.0,179,28.48,1.36,0.67,5,0.35,0,0,horizontal best
2026-08-24T15:37:21.655,3927,RAD,horizontal,2,24.69,27.19,20.4,70.8,463,32.22,2.53,0.63,7,1.34,0,0,horizontal best
2026-08-24T15:37:21.655,3927,RAD,horizontal,2,24.69,27.19,21.3,27.2,175,28.48,1.29,0.69,6,0.35,0,0,horizontal best
2026-08-24T15:37:21.750,3928,RAD,horizontal,2,24.69,27.19,20.0,70.8,484,32.22,2.53,0.66,8,1.30,0,0,horizontal best
2026-08-24T15:37:21.750,3928,RAD,horizontal,2,24.69,27.19,21.3,27.2,175,28.48,1.29,0.69,8,0.36,0,0,horizontal best
2026-08-24T15:37:21.877,3929,RAD,horizontal,2,24.72,27.22,20.1,70.9,460,32.22,2.44,0.58,5,1.33,0,0,horizontal best
2026-08-24T15:37:21.877,3929,RAD,horizontal,2,24.72,27.22,21.3,27.3,163,28.48,1.29,0.65,6,0.35,0,0,horizontal best
2026-08-24T15:37:21.974,3930,RAD,horizontal,2,24.72,27.22,20.2,70.9,460,32.26,2.44,0.58,5,1.32,0,0,horizontal best
2026-08-24T15:37:21.974,3930,RAD,horizontal,2,24.72,27.22,21.1,26.9,188,28.52,1.20,0.70,7,0.39,0,0,horizontal best
2026-08-24T15:37:22.110,3931,RAD,horizontal,2,24.72,27.22,20.1,71.3,470,32.13,2.53,0.64,5,1.29,0,0,horizontal best
2026-08-24T15:37:22.110,3931,RAD,horizontal,2,24.72,27.22,21.4,27.0,170,28.57,1.29,0.67,5,0.35,0,0,horizontal best
2026-08-24T15:37:22.238,3932,RAD,horizontal,3,24.69,27.19,20.3,71.4,445,32.13,2.44,0.56,5,1.33,0,0,horizontal best
2026-08-24T15:37:22.238,3932,RAD,horizontal,3,24.69,27.19,21.4,27.0,179,28.52,1.29,0.71,5,0.36,0,0,horizontal best
2026-08-24T15:37:22.238,3932,RAD,horizontal,3,24.69,27.19,81.1,110.2,550,32.39,0.71,0.63,8,1.40,0,0,horizontal best
2026-08-24T15:37:22.332,3933,RAD,horizontal,3,24.72,27.22,20.4,71.6,435,32.13,2.44,0.55,5,1.33,0,0,horizontal best
2026-08-24T15:37:22.332,3933,RAD,horizontal,3,24.72,27.22,21.5,27.0,172,28.52,1.29,0.68,6,0.35,0,0,horizontal best
2026-08-24T15:37:22.332,3933,RAD,horizontal,3,24.72,27.22,80.4,109.9,583,32.69,0.72,0.62,10,1.38,0,0,horizontal best
2026-08-24T15:37:22.460,3934,RAD,horizontal,3,24.74,27.24,20.5,71.6,436,32.19,2.44,0.55,6,1.31,0,0,horizontal best
2026-08-24T15:37:22.460,3934,RAD,horizontal,3,24.74,27.24,21.8,27.0,155,28.52,1.29,0.62,5,0.33,0,0,horizontal best
2026-08-24T15:37:22.460,3934,RAD,horizontal,3,24.74,27.24,79.2,109.8,581,32.76,0.75,0.60,9,1.35,0,0,horizontal best
2026-08-24T15:37:22.554,3935,RAD,horizontal,2,24.74,27.24,20.2,71.6,460,32.19,2.44,0.58,6,1.28,0,0,horizontal best
2026-08-24T15:37:22.554,3935,RAD,horizontal,2,24.74,27.24,77.5,109.8,584,32.73,0.75,0.60,9,1.35,0,0,horizontal best
2026-08-24T15:37:22.685,3936,RAD,horizontal,3,24.74,27.24,17.9,70.3,600,32.43,1.56,0.53,6,1.14,0,0,horizontal best
2026-08-24T15:37:22.685,3936,RAD,horizontal,3,24.74,27.24,21.7,27.0,157,28.50,1.29,0.62,5,0.33,0,0,horizontal best
2026-08-24T15:37:22.685,3936,RAD,horizontal,3,24.74,27.24,74.7,109.8,587,32.86,0.77,0.62,6,1.39,0,0,horizontal best
2026-08-24T15:37:22.783,3937,RAD,horizontal,3,24.74,27.24,17.0,69.5,601,32.41,1.56,0.53,6,1.14,0,0,horizontal best
2026-08-24T15:37:22.783,3937,RAD,horizontal,3,24.74,27.24,21.6,27.1,158,28.50,1.29,0.63,5,0.33,0,0,horizontal best
2026-08-24T15:37:22.783,3937,RAD,horizontal,3,24.74,27.24,71.4,109.6,573,32.84,0.79,0.62,9,1.39,0,0,horizontal best
2026-08-24T15:37:22.910,3938,RAD,horizontal,2,24.74,27.24,19.3,70.7,433,32.26,2.39,0.56,6,1.30,0,0,horizontal best
2026-08-24T15:37:22.910,3938,RAD,horizontal,2,24.74,27.24,67.8,109.3,560,32.93,0.85,0.61,9,1.42,0,0,horizontal best
2026-08-24T15:37:23.039,3939,RAD,horizontal,3,24.74,27.24,20.3,71.1,442,32.24,2.62,0.66,6,1.30,0,0,horizontal best
2026-08-24T15:37:23.039,3939,RAD,horizontal,3,24.74,27.24,21.6,27.3,157,28.46,1.21,0.66,5,0.32,0,0,horizontal best
2026-08-24T15:37:23.039,3939,RAD,horizontal,3,24.74,27.24,64.4,109.1,458,32.80,0.84,0.57,10,1.47,0,0,horizontal best
2026-08-24T15:37:23.134,3940,RAD,horizontal,3,24.74,27.24,20.8,70.8,434,32.19,2.47,0.61,6,1.35,0,0,horizontal best
2026-08-24T15:37:23.134,3940,RAD,horizontal,3,24.74,27.24,21.5,27.3,159,28.39,1.21,0.67,6,0.31,0,0,horizontal best
2026-08-24T15:37:23.134,3940,RAD,horizontal,3,24.74,27.24,61.9,109.0,549,32.67,0.85,0.59,7,1.38,0,0,horizontal best
2026-08-24T15:37:23.264,3941,RAD,horizontal,3,24.74,27.24,20.9,70.8,429,32.19,2.39,0.55,7,1.32,0,0,horizontal best
2026-08-24T15:37:23.264,3941,RAD,horizontal,3,24.74,27.24,21.5,27.2,160,28.37,1.21,0.67,6,0.32,0,0,horizontal best
2026-08-24T15:37:23.264,3941,RAD,horizontal,3,24.74,27.24,60.3,109.1,457,32.78,0.84,0.57,8,1.47,0,0,horizontal best
2026-08-24T15:37:23.357,3942,RAD,horizontal,3,24.72,27.22,21.2,70.9,399,32.02,2.47,0.56,8,1.27,0,0,horizontal best
2026-08-24T15:37:23.357,3942,RAD,horizontal,3,24.72,27.22,21.3,27.3,163,28.37,1.21,0.68,6,0.32,0,0,horizontal best
2026-08-24T15:37:23.357,3942,RAD,horizontal,3,24.72,27.22,59.6,109.3,527,32.93,0.82,0.59,7,1.39,0,0,horizontal best
2026-08-24T15:37:23.486,3943,RAD,horizontal,3,24.72,27.22,21.2,70.8,398,31.78,2.47,0.56,7,1.24,0,0,horizontal best
2026-08-24T15:37:23.486,3943,RAD,horizontal,3,24.72,27.22,21.3,27.5,157,28.39,1.21,0.66,5,0.32,0,0,horizontal best
2026-08-24T15:37:23.486,3943,RAD,horizontal,3,24.72,27.22,59.2,109.7,499,32.71,0.81,0.60,7,1.43,0,0,horizontal best
2026-08-24T15:37:23.583,3944,RAD,horizontal,3,24.72,27.22,18.7,69.4,532,31.76,1.62,0.57,9,1.23,0,0,horizontal best
2026-08-24T15:37:23.583,3944,RAD,horizontal,3,24.72,27.22,21.3,27.6,157,28.37,1.21,0.66,8,0.33,0,0,horizontal best
2026-08-24T15:37:23.583,3944,RAD,horizontal,3,24.72,27.22,59.3,110.1,474,32.50,0.78,0.59,8,1.46,0,0,horizontal best
2026-08-24T15:37:23.709,3945,RAD,horizontal,3,24.69,27.19,17.7,68.8,537,31.76,1.62,0.57,10,1.23,0,0,horizontal best
2026-08-24T15:37:23.709,3945,RAD,horizontal,3,24.69,27.19,21.3,27.4,168,28.37,1.29,0.67,5,0.35,0,0,horizontal best
2026-08-24T15:37:23.709,3945,RAD,horizontal,3,24.69,27.19,59.3,110.2,376,32.93,0.82,0.58,7,1.54,0,0,horizontal best
2026-08-24T15:37:23.804,3946,RAD,horizontal,3,24.67,27.17,17.5,68.6,525,31.83,1.58,0.58,9,1.20,0,0,horizontal best
2026-08-24T15:37:23.804,3946,RAD,horizontal,3,24.67,27.17,21.3,27.6,162,28.35,1.21,0.68,9,0.33,0,0,horizontal best
2026-08-24T15:37:23.804,3946,RAD,horizontal,3,24.67,27.17,59.6,110.8,420,32.82,0.80,0.58,4,1.51,0,0,horizontal best
2026-08-24T15:37:23.932,3947,RAD,horizontal,4,24.67,27.17,17.6,68.5,526,31.81,1.65,0.60,9,1.20,0,0,horizontal best
2026-08-24T15:37:23.932,3947,RAD,horizontal,4,24.67,27.17,21.3,27.6,164,28.46,1.21,0.69,7,0.34,0,0,horizontal best
2026-08-24T15:37:23.932,3947,RAD,horizontal,4,24.67,27.17,59.7,111.2,408,32.43,0.77,0.59,7,1.54,0,0,horizontal best
2026-08-24T15:37:23.932,3947,RAD,horizontal,4,24.67,27.17,69.8,40.2,102,31.17,0.42,0.67,6,1.30,0,0,horizontal best
2026-08-24T15:37:24.060,3948,RAD,horizontal,4,24.67,27.17,17.7,68.5,523,31.81,1.58,0.57,9,1.19,0,0,horizontal best
2026-08-24T15:37:24.060,3948,RAD,horizontal,4,24.67,27.17,21.4,27.5,159,28.46,1.21,0.67,7,0.34,0,0,horizontal best
2026-08-24T15:37:24.060,3948,RAD,horizontal,4,24.67,27.17,59.6,111.2,411,32.65,0.77,0.60,6,1.61,0,0,horizontal best
2026-08-24T15:37:24.060,3948,RAD,horizontal,4,24.67,27.17,69.8,40.2,102,31.17,0.42,0.67,6,1.30,0,0,horizontal best
2026-08-24T15:37:24.155,3949,RAD,horizontal,4,24.69,27.19,17.8,68.7,525,31.81,1.62,0.56,8,1.17,0,0,horizontal best
2026-08-24T15:37:24.155,3949,RAD,horizontal,4,24.69,27.19,21.5,27.3,166,28.46,1.36,0.62,8,0.35,0,0,horizontal best
2026-08-24T15:37:24.155,3949,RAD,horizontal,4,24.69,27.19,59.6,111.4,391,32.80,0.73,0.59,4,1.55,0,0,horizontal best
2026-08-24T15:37:24.155,3949,RAD,horizontal,4,24.69,27.19,69.8,40.2,102,31.24,0.42,0.67,5,1.28,0,0,horizontal best
2026-08-24T15:37:24.290,3950,RAD,horizontal,3,24.67,27.17,17.9,68.8,522,31.85,1.70,0.58,8,1.17,0,0,horizontal best
2026-08-24T15:37:24.290,3950,RAD,horizontal,3,24.67,27.17,21.5,27.2,166,28.43,1.36,0.62,6,0.34,0,0,horizontal best
2026-08-24T15:37:24.290,3950,RAD,horizontal,3,24.67,27.17,59.4,111.5,381,32.80,0.71,0.56,4,1.58,0,0,horizontal best
2026-08-24T15:37:24.385,3951,RAD,horizontal,2,24.67,27.17,18.0,68.9,519,31.81,1.70,0.58,8,1.16,0,0,horizontal best
2026-08-24T15:37:24.385,3951,RAD,horizontal,2,24.67,27.17,59.3,111.7,367,32.80,0.71,0.54,4,1.56,0,0,horizontal best
2026-08-24T15:37:24.509,3952,RAD,horizontal,2,24.67,27.17,18.0,68.9,520,31.78,1.70,0.58,8,1.16,0,0,horizontal best
2026-08-24T15:37:24.509,3952,RAD,horizontal,2,24.67,27.17,59.4,111.8,366,32.80,0.70,0.58,5,1.56,0,0,horizontal best
2026-08-24T15:37:24.606,3953,RAD,horizontal,2,24.67,27.17,18.0,68.9,521,31.74,1.70,0.58,9,1.16,0,0,horizontal best
2026-08-24T15:37:24.606,3953,RAD,horizontal,2,24.67,27.17,59.1,111.9,373,32.80,0.68,0.57,4,1.55,0,0,horizontal best
2026-08-24T15:37:24.734,3954,RAD,horizontal,2,24.69,27.19,18.1,68.9,515,31.98,1.70,0.57,9,1.16,0,0,horizontal best
2026-08-24T15:37:24.734,3954,RAD,horizontal,2,24.69,27.19,58.8,111.9,380,32.93,0.64,0.55,6,1.60,0,0,horizontal best
2026-08-24T15:37:24.829,3955,RAD,horizontal,1,24.69,27.19,18.1,68.9,513,31.98,1.70,0.57,9,1.16,0,0,horizontal best
2026-08-24T15:37:24.956,3956,RAD,horizontal,1,24.69,27.19,18.1,68.9,515,31.98,1.70,0.57,10,1.16,0,0,horizontal best
2026-08-24T15:37:25.085,3957,RAD,horizontal,2,24.69,27.19,18.1,68.9,518,31.98,1.70,0.58,9,1.16,0,0,horizontal best
2026-08-24T15:37:25.085,3957,RAD,horizontal,2,24.69,27.19,21.3,27.1,171,28.61,1.36,0.64,6,0.35,0,0,horizontal best
2026-08-24T15:37:25.181,3958,RAD,horizontal,2,24.67,27.17,18.0,68.9,518,31.96,1.70,0.58,9,1.16,0,0,horizontal best
2026-08-24T15:37:25.181,3958,RAD,horizontal,2,24.67,27.17,21.3,27.1,169,28.61,1.36,0.64,7,0.34,0,0,horizontal best
2026-08-24T15:37:25.304,3959,RAD,horizontal,2,24.67,27.17,18.0,68.9,518,31.94,1.70,0.58,9,1.17,0,0,horizontal best
2026-08-24T15:37:25.304,3959,RAD,horizontal,2,24.67,27.17,21.3,27.2,169,28.59,1.36,0.64,6,0.34,0,0,horizontal best
2026-08-24T15:37:25.401,3960,RAD,horizontal,2,24.67,27.17,18.1,68.9,519,31.94,1.70,0.58,9,1.18,0,0,horizontal best
2026-08-24T15:37:25.401,3960,RAD,horizontal,2,24.67,27.17,21.3,27.2,170,28.59,1.27,0.60,7,0.34,0,0,horizontal best
2026-08-24T15:37:25.528,3961,RAD,horizontal,2,24.72,27.22,18.1,68.9,517,32.04,1.70,0.58,10,1.19,0,0,horizontal best
2026-08-24T15:37:25.528,3961,RAD,horizontal,2,24.72,27.22,67.3,39.9,91,31.22,0.75,0.47,5,1.32,0,0,horizontal best
2026-08-24T15:37:25.620,3962,RAD,horizontal,1,24.67,27.17,18.1,69.0,521,32.04,1.74,0.57,10,1.20,0,0,horizontal best
2026-08-24T15:37:25.747,3963,RAD,horizontal,1,24.67,27.17,18.1,68.9,518,32.04,1.70,0.58,10,1.19,0,0,horizontal best
2026-08-24T15:37:25.876,3964,RAD,horizontal,2,24.67,27.17,18.1,68.9,516,32.04,1.77,0.60,12,1.20,0,0,horizontal best
2026-08-24T15:37:25.876,3964,RAD,horizontal,2,24.67,27.17,21.2,27.3,169,28.57,1.20,0.63,6,0.35,0,0,horizontal best
2026-08-24T15:37:25.973,3965,RAD,horizontal,1,24.67,27.17,18.1,68.8,516,32.07,1.77,0.60,12,1.20,0,0,horizontal best
2026-08-24T15:37:26.101,3966,RAD,horizontal,1,24.67,27.17,18.1,68.8,516,32.04,1.77,0.60,12,1.20,0,0,horizontal best
2026-08-24T15:37:26.194,3967,RAD,horizontal,1,24.67,27.17,18.1,68.9,515,32.02,1.77,0.60,10,1.20,0,0,horizontal best
2026-08-24T15:37:26.323,3968,RAD,horizontal,1,24.65,27.15,18.1,68.9,517,32.00,1.70,0.58,10,1.19,0,0,horizontal best
2026-08-24T15:37:26.418,3969,RAD,horizontal,1,24.62,27.12,18.1,68.9,515,31.98,1.77,0.60,10,1.20,0,0,horizontal best
2026-08-24T15:37:26.556,3970,RAD,horizontal,1,24.62,27.12,21.1,70.6,333,31.98,1.60,0.33,7,1.24,0,0,horizontal best
2026-08-24T15:37:26.654,3971,RAD,horizontal,2,24.62,27.12,19.5,69.4,534,32.09,1.77,0.62,10,1.23,0,0,horizontal best
2026-08-24T15:37:26.654,3971,RAD,horizontal,2,24.62,27.12,21.3,27.5,163,28.28,1.21,0.68,6,0.33,0,0,horizontal best
2026-08-24T15:37:26.783,3972,RAD,horizontal,2,24.65,27.15,21.6,70.2,355,32.07,1.78,0.38,7,1.29,0,0,horizontal best
2026-08-24T15:37:26.783,3972,RAD,horizontal,2,24.65,27.15,21.3,27.3,168,28.26,1.36,0.63,7,0.34,0,0,horizontal best
2026-08-24T15:37:26.908,3973,RAD,horizontal,5,24.65,27.15,22.1,70.4,400,32.32,1.64,0.39,6,1.31,0,0,horizontal best
2026-08-24T15:37:26.908,3973,RAD,horizontal,5,24.65,27.15,21.4,27.2,170,28.30,1.36,0.64,5,0.34,0,0,horizontal best
2026-08-24T15:37:26.908,3973,RAD,horizontal,5,24.65,27.15,12.4,65.1,239,31.13,1.64,0.23,5,1.16,0,0,horizontal best
2026-08-24T15:37:26.908,3973,RAD,horizontal,5,24.65,27.15,61.5,41.8,85,30.95,1.00,0.70,2,1.47,0,0,horizontal best
2026-08-24T15:37:26.908,3973,RAD,horizontal,5,24.65,27.15,76.2,40.1,89,31.41,1.08,0.57,3,1.67,0,0,horizontal best
2026-08-24T15:37:27.001,3974,RAD,horizontal,4,24.69,27.19,22.2,70.5,399,32.26,1.62,0.37,8,1.32,0,0,horizontal best
2026-08-24T15:37:27.001,3974,RAD,horizontal,4,24.69,27.19,12.1,65.0,245,31.13,1.64,0.24,5,1.13,0,0,horizontal best
2026-08-24T15:37:27.001,3974,RAD,horizontal,4,24.69,27.19,60.8,41.6,84,31.28,1.00,0.69,2,1.47,0,0,horizontal best
2026-08-24T15:37:27.001,3974,RAD,horizontal,4,24.69,27.19,76.5,40.0,89,31.41,1.08,0.57,3,1.70,0,0,horizontal best
2026-08-24T15:37:27.129,3975,RAD,horizontal,5,24.67,27.17,22.0,70.5,389,32.26,1.64,0.38,7,1.30,0,0,horizontal best
2026-08-24T15:37:27.129,3975,RAD,horizontal,5,24.67,27.17,21.3,27.5,164,28.30,1.07,0.68,6,0.31,0,0,horizontal best
2026-08-24T15:37:27.129,3975,RAD,horizontal,5,24.67,27.17,12.2,64.9,239,31.13,1.78,0.25,6,1.12,0,0,horizontal best
2026-08-24T15:37:27.129,3975,RAD,horizontal,5,24.67,27.17,60.5,41.1,79,31.35,1.20,0.66,2,1.61,0,0,horizontal best
2026-08-24T15:37:27.129,3975,RAD,horizontal,5,24.67,27.17,76.8,40.0,84,31.35,1.08,0.54,3,1.68,0,0,horizontal best
2026-08-24T15:37:27.229,3976,RAD,horizontal,4,24.67,27.17,21.9,70.6,386,32.11,1.58,0.36,8,1.30,0,0,horizontal best
2026-08-24T15:37:27.229,3976,RAD,horizontal,4,24.67,27.17,12.3,64.8,242,31.46,1.78,0.26,5,1.11,0,0,horizontal best
2026-08-24T15:37:27.229,3976,RAD,horizontal,4,24.67,27.17,60.6,40.9,74,31.65,1.50,0.77,2,1.65,0,0,horizontal best
2026-08-24T15:37:27.229,3976,RAD,horizontal,4,24.67,27.17,77.1,39.9,81,31.35,1.18,0.57,2,1.65,0,0,horizontal best
2026-08-24T15:37:27.352,3977,RAD,horizontal,4,24.65,27.15,18.9,69.3,523,32.15,1.70,0.58,11,1.21,0,0,horizontal best
2026-08-24T15:37:27.352,3977,RAD,horizontal,4,24.65,27.15,21.2,27.4,160,28.28,1.14,0.71,5,0.32,0,0,horizontal best
2026-08-24T15:37:27.352,3977,RAD,horizontal,4,24.65,27.15,61.1,40.8,74,31.22,1.86,0.81,2,1.73,0,0,horizontal best
2026-08-24T15:37:27.352,3977,RAD,horizontal,4,24.65,27.15,77.6,39.8,70,31.04,1.62,0.67,2,1.61,0,0,horizontal best
2026-08-24T15:37:27.449,3978,RAD,horizontal,5,24.62,27.12,20.0,70.9,373,32.04,1.82,0.42,8,1.18,0,0,horizontal best
2026-08-24T15:37:27.449,3978,RAD,horizontal,5,24.62,27.12,21.2,27.5,163,28.28,1.21,0.68,6,0.34,0,0,horizontal best
2026-08-24T15:37:27.449,3978,RAD,horizontal,5,24.62,27.12,11.8,64.4,209,31.26,1.81,0.26,6,1.04,0,0,horizontal best
2026-08-24T15:37:27.449,3978,RAD,horizontal,5,24.62,27.12,61.3,40.8,73,31.22,1.86,0.80,2,1.74,0,0,horizontal best
2026-08-24T15:37:27.449,3978,RAD,horizontal,5,24.62,27.12,77.5,39.8,70,30.87,1.62,0.67,2,1.67,0,0,horizontal best
2026-08-24T15:37:27.575,3979,RAD,horizontal,5,24.62,27.12,20.6,71.9,356,31.83,1.74,0.39,9,1.16,0,0,horizontal best
2026-08-24T15:37:27.575,3979,RAD,horizontal,5,24.62,27.12,21.3,27.6,162,28.28,1.21,0.68,5,0.34,0,0,horizontal best
2026-08-24T15:37:27.575,3979,RAD,horizontal,5,24.62,27.12,11.7,64.4,207,31.48,2.00,0.29,6,1.00,0,0,horizontal best
2026-08-24T15:37:27.575,3979,RAD,horizontal,5,24.62,27.12,60.9,41.2,70,31.17,1.50,0.73,2,1.66,0,0,horizontal best
2026-08-24T15:37:27.575,3979,RAD,horizontal,5,24.62,27.12,77.0,40.0,68,30.67,1.33,0.63,2,1.64,0,0,horizontal best
2026-08-24T15:37:27.702,3980,RAD,horizontal,3,24.62,27.12,20.5,72.1,383,31.91,1.70,0.43,7,1.17,0,0,horizontal best
2026-08-24T15:37:27.702,3980,RAD,horizontal,3,24.62,27.12,60.6,41.3,74,31.17,1.50,0.77,2,1.67,0,0,horizontal best
2026-08-24T15:37:27.702,3980,RAD,horizontal,3,24.62,27.12,75.9,40.1,66,31.02,1.20,0.55,2,1.60,0,0,horizontal best
2026-08-24T15:37:27.797,3981,RAD,horizontal,3,24.62,27.12,20.4,72.1,377,32.11,1.60,0.38,5,1.17,0,0,horizontal best
2026-08-24T15:37:27.797,3981,RAD,horizontal,3,24.62,27.12,60.3,41.3,73,31.11,1.50,0.76,2,1.64,0,0,horizontal best
2026-08-24T15:37:27.797,3981,RAD,horizontal,3,24.62,27.12,75.1,40.5,69,30.76,1.00,0.57,2,1.68,0,0,horizontal best
2026-08-24T15:37:27.926,3982,RAD,horizontal,4,24.65,27.15,20.3,72.1,376,32.30,1.60,0.38,6,1.20,0,0,horizontal best
2026-08-24T15:37:27.926,3982,RAD,horizontal,4,24.65,27.15,21.4,27.7,159,28.30,1.21,0.67,6,0.34,0,0,horizontal best
2026-08-24T15:37:27.926,3982,RAD,horizontal,4,24.65,27.15,59.9,41.2,74,31.13,1.44,0.63,2,1.69,0,0,horizontal best
2026-08-24T15:37:27.926,3982,RAD,horizontal,4,24.65,27.15,74.0,40.5,76,31.37,1.00,0.63,2,1.60,0,0,horizontal best
2026-08-24T15:37:28.025,3983,RAD,horizontal,3,24.65,27.15,18.0,70.3,482,32.26,1.65,0.55,9,1.16,0,0,horizontal best
2026-08-24T15:37:28.025,3983,RAD,horizontal,3,24.65,27.15,59.3,41.1,73,31.00,1.62,0.70,3,1.66,0,0,horizontal best
2026-08-24T15:37:28.025,3983,RAD,horizontal,3,24.65,27.15,73.1,40.4,86,30.85,1.09,0.65,2,1.58,0,0,horizontal best
2026-08-24T15:37:28.151,3984,RAD,horizontal,3,24.62,27.12,17.1,69.5,486,32.24,1.65,0.56,8,1.17,0,0,horizontal best
2026-08-24T15:37:28.151,3984,RAD,horizontal,3,24.62,27.12,58.9,41.0,77,31.28,1.44,0.66,3,1.68,0,0,horizontal best
2026-08-24T15:37:28.151,3984,RAD,horizontal,3,24.62,27.12,72.5,40.0,90,30.93,1.00,0.62,3,1.52,0,0,horizontal best
2026-08-24T15:37:28.247,3985,RAD,horizontal,3,24.60,27.10,16.9,69.3,481,32.19,1.65,0.55,8,1.15,0,0,horizontal best
2026-08-24T15:37:28.247,3985,RAD,horizontal,3,24.60,27.10,58.3,40.8,71,30.78,1.62,0.68,3,1.58,0,0,horizontal best
2026-08-24T15:37:28.247,3985,RAD,horizontal,3,24.60,27.10,72.0,39.6,98,30.98,1.00,0.58,4,1.54,0,0,horizontal best
2026-08-24T15:37:28.377,3986,RAD,horizontal,3,24.62,27.12,17.0,69.4,478,32.11,1.65,0.55,9,1.13,0,0,horizontal best
2026-08-24T15:37:28.377,3986,RAD,horizontal,3,24.62,27.12,57.9,40.7,69,30.80,1.86,0.76,3,1.60,0,0,horizontal best
2026-08-24T15:37:28.377,3986,RAD,horizontal,3,24.62,27.12,72.0,39.0,99,31.11,1.17,0.59,4,1.48,0,0,horizontal best
2026-08-24T15:37:28.475,3987,RAD,horizontal,3,24.62,27.12,19.3,71.4,378,32.11,1.60,0.38,7,1.18,0,0,horizontal best
2026-08-24T15:37:28.475,3987,RAD,horizontal,3,24.62,27.12,57.2,40.8,69,30.74,1.86,0.76,2,1.55,0,0,horizontal best
2026-08-24T15:37:28.475,3987,RAD,horizontal,3,24.62,27.12,72.3,38.8,99,31.28,1.50,0.66,4,1.47,0,0,horizontal best
2026-08-24T15:37:28.604,3988,RAD,horizontal,4,24.60,27.10,20.3,72.3,375,31.85,1.70,0.42,7,1.16,0,0,horizontal best
2026-08-24T15:37:28.604,3988,RAD,horizontal,4,24.60,27.10,56.6,41.0,67,30.74,2.33,0.80,2,1.55,0,0,horizontal best
2026-08-24T15:37:28.604,3988,RAD,horizontal,4,24.60,27.10,72.7,38.7,98,31.26,1.67,0.73,3,1.48,0,0,horizontal best
2026-08-24T15:37:28.604,3988,RAD,horizontal,4,24.60,27.10,60.8,110.3,507,34.10,0.76,0.57,3,1.72,0,0,horizontal best
2026-08-24T15:37:28.731,3989,RAD,horizontal,5,24.62,27.12,20.6,72.4,377,32.07,1.70,0.42,8,1.17,0,0,horizontal best
2026-08-24T15:37:28.731,3989,RAD,horizontal,5,24.62,27.12,56.1,41.3,76,31.02,2.14,0.72,3,1.53,0,0,horizontal best
2026-08-24T15:37:28.731,3989,RAD,horizontal,5,24.62,27.12,72.9,38.6,99,31.35,1.67,0.73,2,1.48,0,0,horizontal best
2026-08-24T15:37:28.731,3989,RAD,horizontal,5,24.62,27.12,61.5,109.3,597,34.16,0.85,0.61,3,1.69,0,0,horizontal best
2026-08-24T15:37:28.731,3989,RAD,horizontal,5,24.62,27.12,11.0,64.0,181,31.09,1.89,0.26,5,1.04,0,0,horizontal best
2026-08-24T15:37:28.825,3990,RAD,horizontal,5,24.65,27.15,20.6,72.4,377,32.13,1.70,0.42,7,1.17,0,0,horizontal best
2026-08-24T15:37:28.825,3990,RAD,horizontal,5,24.65,27.15,55.7,41.7,70,30.87,2.14,0.67,2,1.51,0,0,horizontal best
2026-08-24T15:37:28.825,3990,RAD,horizontal,5,24.65,27.15,73.0,38.7,95,31.35,1.67,0.70,3,1.43,0,0,horizontal best
2026-08-24T15:37:28.825,3990,RAD,horizontal,5,24.65,27.15,62.9,108.5,654,34.42,0.89,0.60,2,1.62,0,0,horizontal best
2026-08-24T15:37:28.825,3990,RAD,horizontal,5,24.65,27.15,11.0,64.0,181,31.06,1.89,0.26,5,1.04,0,0,horizontal best
2026-08-24T15:37:28.957,3991,RAD,horizontal,4,24.65,27.15,18.2,70.3,485,32.11,1.65,0.55,9,1.14,0,0,horizontal best
2026-08-24T15:37:28.957,3991,RAD,horizontal,4,24.65,27.15,55.6,41.8,74,30.65,2.29,0.66,3,1.56,0,0,horizontal best
2026-08-24T15:37:28.957,3991,RAD,horizontal,4,24.65,27.15,73.1,38.7,99,31.35,1.50,0.66,2,1.48,0,0,horizontal best
2026-08-24T15:37:28.957,3991,RAD,horizontal,4,24.65,27.15,65.1,107.7,695,34.01,0.97,0.62,2,1.58,0,0,horizontal best
2026-08-24T15:37:29.052,3992,RAD,horizontal,4,24.65,27.15,17.2,69.4,485,32.11,1.65,0.55,9,1.14,0,0,horizontal best
2026-08-24T15:37:29.052,3992,RAD,horizontal,4,24.65,27.15,55.4,41.6,69,30.54,2.29,0.62,2,1.53,0,0,horizontal best
2026-08-24T15:37:29.052,3992,RAD,horizontal,4,24.65,27.15,73.2,38.7,96,31.30,1.40,0.69,2,1.52,0,0,horizontal best
2026-08-24T15:37:29.052,3992,RAD,horizontal,4,24.65,27.15,67.9,107.1,724,34.04,1.00,0.63,4,1.56,0,0,horizontal best
2026-08-24T15:37:29.185,3993,RAD,horizontal,5,24.69,27.19,19.6,71.4,348,32.11,1.74,0.38,5,1.16,0,0,horizontal best
2026-08-24T15:37:29.185,3993,RAD,horizontal,5,24.69,27.19,55.5,41.0,64,30.23,1.62,0.62,2,1.53,0,0,horizontal best
2026-08-24T15:37:29.185,3993,RAD,horizontal,5,24.69,27.19,73.0,38.5,95,31.55,1.40,0.68,4,1.63,0,0,horizontal best
2026-08-24T15:37:29.185,3993,RAD,horizontal,5,24.69,27.19,71.5,106.3,741,34.21,1.06,0.64,3,1.55,0,0,horizontal best
2026-08-24T15:37:29.185,3993,RAD,horizontal,5,24.69,27.19,11.6,64.6,212,31.65,2.00,0.29,6,1.04,0,0,horizontal best
2026-08-24T15:37:29.279,3994,RAD,horizontal,5,24.74,27.24,20.7,72.0,344,32.02,1.70,0.38,6,1.17,0,0,horizontal best
2026-08-24T15:37:29.279,3994,RAD,horizontal,5,24.74,27.24,55.7,40.7,64,30.28,1.62,0.62,2,1.50,0,0,horizontal best
2026-08-24T15:37:29.279,3994,RAD,horizontal,5,24.74,27.24,72.9,38.4,90,31.46,1.56,0.71,3,1.62,0,0,horizontal best
2026-08-24T15:37:29.279,3994,RAD,horizontal,5,24.74,27.24,74.7,105.3,773,34.16,1.12,0.63,4,1.54,0,0,horizontal best
2026-08-24T15:37:29.279,3994,RAD,horizontal,5,24.74,27.24,11.6,64.8,222,31.63,2.00,0.31,6,1.06,0,0,horizontal best
2026-08-24T15:37:29.409,3995,RAD,horizontal,5,24.72,27.22,18.4,70.4,486,32.02,1.58,0.53,9,1.14,0,0,horizontal best
2026-08-24T15:37:29.409,3995,RAD,horizontal,5,24.72,27.22,55.8,40.3,57,30.36,1.86,0.63,2,1.35,0,0,horizontal best
2026-08-24T15:37:29.409,3995,RAD,horizontal,5,24.72,27.22,72.8,38.4,89,31.46,1.56,0.71,3,1.61,0,0,horizontal best
2026-08-24T15:37:29.409,3995,RAD,horizontal,5,24.72,27.22,77.0,104.6,764,34.04,1.19,0.63,3,1.52,0,0,horizontal best
2026-08-24T15:37:29.409,3995,RAD,horizontal,5,24.72,27.22,21.8,27.0,140,28.37,1.14,0.62,6,0.32,0,0,horizontal best
2026-08-24T15:37:29.536,3996,RAD,horizontal,6,24.72,27.22,20.0,71.7,348,32.02,1.74,0.38,6,1.18,0,0,horizontal best
2026-08-24T15:37:29.536,3996,RAD,horizontal,6,24.72,27.22,56.2,39.9,59,30.34,2.00,0.60,2,1.30,0,0,horizontal best
2026-08-24T15:37:29.536,3996,RAD,horizontal,6,24.72,27.22,72.7,38.3,95,31.30,1.67,0.70,2,1.59,0,0,horizontal best
2026-08-24T15:37:29.536,3996,RAD,horizontal,6,24.72,27.22,78.2,104.0,773,34.12,1.26,0.64,3,1.54,0,0,horizontal best
2026-08-24T15:37:29.536,3996,RAD,horizontal,6,24.72,27.22,11.6,64.6,210,31.57,2.05,0.28,6,1.10,0,0,horizontal best
2026-08-24T15:37:29.536,3996,RAD,horizontal,6,24.72,27.22,21.8,26.9,136,28.37,1.00,0.69,6,0.31,0,0,horizontal best
2026-08-24T15:37:29.627,3997,RAD,horizontal,4,24.72,27.22,18.3,70.1,472,32.22,1.77,0.55,8,1.17,0,0,horizontal best
2026-08-24T15:37:29.627,3997,RAD,horizontal,4,24.72,27.22,56.6,39.9,72,30.19,2.29,0.64,3,1.37,0,0,horizontal best
2026-08-24T15:37:29.627,3997,RAD,horizontal,4,24.72,27.22,72.7,38.2,92,31.35,1.67,0.68,3,1.56,0,0,horizontal best
2026-08-24T15:37:29.627,3997,RAD,horizontal,4,24.72,27.22,78.6,103.6,778,34.12,1.22,0.62,3,1.55,0,0,horizontal best
2026-08-24T15:37:29.757,3998,RAD,horizontal,4,24.69,27.19,17.6,69.3,476,32.19,1.77,0.55,9,1.18,0,0,horizontal best
2026-08-24T15:37:29.757,3998,RAD,horizontal,4,24.69,27.19,57.3,40.0,72,30.10,2.29,0.64,3,1.33,0,0,horizontal best
2026-08-24T15:37:29.757,3998,RAD,horizontal,4,24.69,27.19,73.0,38.2,90,31.28,1.67,0.67,3,1.59,0,0,horizontal best
2026-08-24T15:37:29.757,3998,RAD,horizontal,4,24.69,27.19,78.4,103.4,777,33.95,1.25,0.61,4,1.54,0,0,horizontal best
2026-08-24T15:37:29.850,3999,RAD,horizontal,4,24.72,27.22,17.4,69.1,472,32.13,1.77,0.55,9,1.18,0,0,horizontal best
2026-08-24T15:37:29.850,3999,RAD,horizontal,4,24.72,27.22,58.3,39.7,71,30.01,2.14,0.68,1,1.36,0,0,horizontal best
2026-08-24T15:37:29.850,3999,RAD,horizontal,4,24.72,27.22,73.2,38.3,87,31.44,1.67,0.64,3,1.57,0,0,horizontal best
2026-08-24T15:37:29.850,3999,RAD,horizontal,4,24.72,27.22,77.8,103.3,778,33.95,1.25,0.61,3,1.55,0,0,horizontal best
2026-08-24T15:37:29.978,4000,RAD,horizontal,4,24.72,27.22,17.3,69.1,474,32.11,1.77,0.55,9,1.20,0,0,horizontal best
2026-08-24T15:37:29.978,4000,RAD,horizontal,4,24.72,27.22,59.5,39.5,62,30.19,2.00,0.63,1,1.32,0,0,horizontal best
2026-08-24T15:37:29.978,4000,RAD,horizontal,4,24.72,27.22,73.2,38.3,85,31.09,1.67,0.63,3,1.46,0,0,horizontal best
2026-08-24T15:37:29.978,4000,RAD,horizontal,4,24.72,27.22,77.2,103.2,774,33.99,1.25,0.60,3,1.55,0,0,horizontal best
2026-08-24T15:37:30.076,4001,RAD,horizontal,4,24.72,27.22,17.4,69.1,472,32.04,1.77,0.55,9,1.19,0,0,horizontal best
2026-08-24T15:37:30.076,4001,RAD,horizontal,4,24.72,27.22,59.9,37.8,53,30.01,2.33,0.63,2,0.86,0,0,horizontal best
2026-08-24T15:37:30.076,4001,RAD,horizontal,4,24.72,27.22,73.4,38.5,77,30.78,1.88,0.64,2,1.45,0,0,horizontal best
2026-08-24T15:37:30.076,4001,RAD,horizontal,4,24.72,27.22,76.6,103.3,764,33.99,1.25,0.60,3,1.53,0,0,horizontal best
2026-08-24T15:37:30.205,4002,RAD,horizontal,4,24.74,27.24,17.5,69.3,471,32.17,1.77,0.55,8,1.19,0,0,horizontal best
2026-08-24T15:37:30.205,4002,RAD,horizontal,4,24.74,27.24,60.4,37.0,65,30.05,2.14,0.62,3,0.83,0,0,horizontal best
2026-08-24T15:37:30.205,4002,RAD,horizontal,4,24.74,27.24,73.6,38.4,75,30.74,1.75,0.67,2,1.43,0,0,horizontal best
2026-08-24T15:37:30.205,4002,RAD,horizontal,4,24.74,27.24,76.0,103.4,783,34.18,1.25,0.61,2,1.58,0,0,horizontal best
2026-08-24T15:37:30.297,4003,RAD,horizontal,3,24.74,27.24,17.5,69.3,471,32.17,1.77,0.55,8,1.20,0,0,horizontal best
2026-08-24T15:37:30.297,4003,RAD,horizontal,3,24.74,27.24,74.1,37.9,71,30.41,2.14,0.68,2,1.44,0,0,horizontal best
2026-08-24T15:37:30.297,4003,RAD,horizontal,3,24.74,27.24,75.6,103.4,770,34.10,1.25,0.60,3,1.55,0,0,horizontal best
2026-08-24T15:37:30.429,4004,RAD,horizontal,3,24.74,27.24,17.5,69.3,472,32.17,1.77,0.55,8,1.20,0,0,horizontal best
2026-08-24T15:37:30.429,4004,RAD,horizontal,3,24.74,27.24,74.8,37.8,73,30.19,1.88,0.61,3,1.36,0,0,horizontal best
2026-08-24T15:37:30.429,4004,RAD,horizontal,3,24.74,27.24,75.3,103.5,771,34.10,1.22,0.62,3,1.55,0,0,horizontal best
2026-08-24T15:37:30.553,4005,RAD,horizontal,3,24.74,27.24,17.5,69.4,473,32.17,1.77,0.55,8,1.19,0,0,horizontal best
2026-08-24T15:37:30.553,4005,RAD,horizontal,3,24.74,27.24,75.6,37.6,76,29.81,1.88,0.63,2,1.28,0,0,horizontal best
2026-08-24T15:37:30.553,4005,RAD,horizontal,3,24.74,27.24,75.1,103.5,773,34.10,1.22,0.62,3,1.53,0,0,horizontal best
2026-08-24T15:37:30.649,4006,RAD,horizontal,3,24.75,27.25,17.5,69.4,474,32.17,1.77,0.55,8,1.18,0,0,horizontal best
2026-08-24T15:37:30.649,4006,RAD,horizontal,3,24.75,27.25,76.5,37.5,79,29.72,1.88,0.66,2,1.30,0,0,horizontal best
2026-08-24T15:37:30.649,4006,RAD,horizontal,3,24.75,27.25,74.9,103.6,772,34.08,1.26,0.64,3,1.52,0,0,horizontal best
2026-08-24T15:37:30.779,4007,RAD,horizontal,3,24.76,27.26,17.5,69.3,473,32.17,1.77,0.55,7,1.17,0,0,horizontal best
2026-08-24T15:37:30.779,4007,RAD,horizontal,3,24.76,27.26,77.3,37.3,81,29.70,1.88,0.68,2,1.31,0,0,horizontal best
2026-08-24T15:37:30.779,4007,RAD,horizontal,3,24.76,27.26,74.8,103.7,773,34.08,1.26,0.64,3,1.53,0,0,horizontal best
2026-08-24T15:37:30.876,4008,RAD,horizontal,3,24.76,27.26,17.5,69.3,473,32.24,1.77,0.55,7,1.20,0,0,horizontal best
2026-08-24T15:37:30.876,4008,RAD,horizontal,3,24.76,27.26,77.7,37.2,91,29.70,1.50,0.61,3,1.29,0,0,horizontal best
2026-08-24T15:37:30.876,4008,RAD,horizontal,3,24.76,27.26,74.7,103.8,773,34.08,1.26,0.64,3,1.53,0,0,horizontal best
2026-08-24T15:37:31.004,4009,RAD,horizontal,4,24.74,27.24,17.5,69.3,475,32.15,1.77,0.55,9,1.19,0,0,horizontal best
2026-08-24T15:37:31.004,4009,RAD,horizontal,4,24.74,27.24,65.2,34.2,16,29.52,2.33,0.76,1,0.79,0,0,horizontal best
2026-08-24T15:37:31.004,4009,RAD,horizontal,4,24.74,27.24,77.8,37.2,93,29.77,1.50,0.62,2,1.23,0,0,horizontal best
2026-08-24T15:37:31.004,4009,RAD,horizontal,4,24.74,27.24,74.7,103.8,778,34.08,1.22,0.62,2,1.54,0,0,horizontal best
2026-08-24T15:37:31.102,4010,RAD,horizontal,4,24.74,27.24,17.5,69.2,484,32.11,1.82,0.55,9,1.21,0,0,horizontal best
2026-08-24T15:37:31.102,4010,RAD,horizontal,4,24.74,27.24,75.1,35.5,127,30.03,0.94,0.53,2,0.74,0,0,horizontal best
2026-08-24T15:37:31.102,4010,RAD,horizontal,4,24.74,27.24,74.6,103.8,774,34.08,1.22,0.62,2,1.53,0,0,horizontal best
2026-08-24T15:37:31.102,4010,RAD,horizontal,4,24.74,27.24,21.5,27.4,154,28.46,1.21,0.65,5,0.32,0,0,horizontal best
2026-08-24T15:37:32.922,4011,RAD,horizontal,2,22.56,25.06,15.2,62.3,124,30.10,1.58,0.54,5,0.88,0,0,horizontal best
2026-08-24T15:37:32.922,4011,RAD,horizontal,2,22.56,25.06,74.6,103.5,783,32.04,1.26,0.65,3,1.56,0,0,horizontal best
2026-08-24T15:37:33.047,4012,RAD,horizontal,2,22.73,25.23,16.2,64.0,200,30.05,0.00,0.00,10,0.84,0,0,horizontal best
2026-08-24T15:37:33.047,4012,RAD,horizontal,2,22.73,25.23,74.5,103.5,782,32.15,1.26,0.65,4,1.56,0,0,horizontal best
2026-08-24T15:37:33.144,4013,RAD,horizontal,2,22.89,25.39,16.5,65.8,235,30.25,0.00,0.00,12,0.87,0,0,horizontal best
2026-08-24T15:37:33.144,4013,RAD,horizontal,2,22.89,25.39,74.5,103.4,782,32.30,1.26,0.65,3,1.56,0,0,horizontal best
2026-08-24T15:37:33.269,4014,RAD,horizontal,2,23.10,25.60,16.4,67.3,292,30.25,0.00,0.00,9,0.96,0,0,horizontal best
2026-08-24T15:37:33.269,4014,RAD,horizontal,2,23.10,25.60,74.5,103.5,780,32.63,1.26,0.65,4,1.56,0,0,horizontal best
2026-08-24T15:37:33.398,4015,RAD,horizontal,2,23.20,25.70,15.9,67.5,296,30.23,0.00,0.00,9,0.94,0,0,horizontal best
2026-08-24T15:37:33.398,4015,RAD,horizontal,2,23.20,25.70,74.5,103.5,781,32.60,1.26,0.65,3,1.55,0,0,horizontal best
2026-08-24T15:37:33.494,4016,RAD,horizontal,2,23.48,25.98,17.8,69.5,287,30.74,1.32,0.35,6,1.10,0,0,horizontal best
2026-08-24T15:37:33.494,4016,RAD,horizontal,2,23.48,25.98,74.4,103.6,785,33.01,1.22,0.63,2,1.56,0,0,horizontal best
2026-08-24T15:37:33.623,4017,RAD,horizontal,2,23.67,26.17,18.7,70.9,335,30.78,1.50,0.39,7,1.12,0,0,horizontal best
2026-08-24T15:37:33.623,4017,RAD,horizontal,2,23.67,26.17,74.4,103.6,781,32.95,1.22,0.63,3,1.53,0,0,horizontal best
2026-08-24T15:37:33.718,4018,RAD,horizontal,2,23.93,26.43,19.4,71.4,332,31.13,1.50,0.38,7,1.08,0,0,horizontal best
2026-08-24T15:37:33.718,4018,RAD,horizontal,2,23.93,26.43,74.5,103.6,780,33.31,1.26,0.65,2,1.53,0,0,horizontal best
2026-08-24T15:37:33.846,4019,RAD,horizontal,2,23.86,26.36,17.2,69.8,405,30.91,0.00,0.00,11,1.12,0,0,horizontal best
2026-08-24T15:37:33.846,4019,RAD,horizontal,2,23.86,26.36,74.5,103.6,780,33.31,1.26,0.65,2,1.54,0,0,horizontal best
2026-08-24T15:37:33.942,4020,RAD,horizontal,2,23.72,26.22,17.7,69.7,393,30.76,2.05,0.53,10,1.16,0,0,horizontal best
2026-08-24T15:37:33.942,4020,RAD,horizontal,2,23.72,26.22,74.5,103.6,785,33.14,1.26,0.65,3,1.55,0,0,horizontal best
2026-08-24T15:37:34.070,4021,RAD,horizontal,2,23.62,26.12,16.9,69.0,376,30.69,0.00,0.00,8,1.20,0,0,horizontal best
2026-08-24T15:37:34.070,4021,RAD,horizontal,2,23.62,26.12,74.5,103.5,787,33.08,1.26,0.65,2,1.55,0,0,horizontal best
2026-08-24T15:37:34.196,4022,RAD,horizontal,2,23.53,26.03,16.8,68.2,332,30.47,0.00,0.00,7,1.18,0,0,horizontal best
2026-08-24T15:37:34.196,4022,RAD,horizontal,2,23.53,26.03,74.6,103.5,783,32.97,1.26,0.65,3,1.54,0,0,horizontal best
2026-08-24T15:37:34.291,4023,RAD,horizontal,2,23.48,25.98,17.2,67.7,288,30.52,0.00,0.00,6,1.08,0,0,horizontal best
2026-08-24T15:37:34.291,4023,RAD,horizontal,2,23.48,25.98,74.6,103.6,783,32.95,1.26,0.65,3,1.55,0,0,horizontal best
2026-08-24T15:37:34.420,4024,RAD,horizontal,2,23.39,25.89,17.7,67.7,277,30.58,0.00,0.00,8,1.02,0,0,horizontal best
2026-08-24T15:37:34.420,4024,RAD,horizontal,2,23.39,25.89,74.7,103.7,779,32.97,1.26,0.64,2,1.53,0,0,horizontal best
2026-08-24T15:37:34.516,4025,RAD,horizontal,2,23.32,25.82,18.0,68.6,329,30.58,1.84,0.49,8,1.03,0,0,horizontal best
2026-08-24T15:37:34.516,4025,RAD,horizontal,2,23.32,25.82,74.7,103.8,775,32.91,1.26,0.64,3,1.53,0,0,horizontal best
2026-08-24T15:37:34.644,4026,RAD,horizontal,2,23.27,25.77,18.0,69.4,344,30.52,1.84,0.52,10,1.03,0,0,horizontal best
2026-08-24T15:37:34.644,4026,RAD,horizontal,2,23.27,25.77,74.7,103.8,775,32.91,1.26,0.64,3,1.53,0,0,horizontal best
2026-08-24T15:37:34.740,4027,RAD,horizontal,2,23.22,25.72,17.7,69.8,359,30.45,1.80,0.50,8,1.07,0,0,horizontal best
2026-08-24T15:37:34.740,4027,RAD,horizontal,2,23.22,25.72,74.6,103.9,766,32.76,1.26,0.63,3,1.52,0,0,horizontal best
2026-08-24T15:37:34.868,4028,RAD,horizontal,2,23.17,25.67,17.4,70.5,375,30.45,1.76,0.48,8,1.16,0,0,horizontal best
2026-08-24T15:37:34.868,4028,RAD,horizontal,2,23.17,25.67,74.4,104.1,761,32.58,1.19,0.63,3,1.50,0,0,horizontal best
2026-08-24T15:37:34.967,4029,RAD,horizontal,2,23.15,25.65,16.9,71.6,575,30.47,2.04,0.49,6,1.14,0,0,horizontal best
2026-08-24T15:37:34.967,4029,RAD,horizontal,2,23.15,25.65,73.8,104.2,767,32.58,1.23,0.65,3,1.52,0,0,horizontal best
2026-08-24T15:37:35.092,4030,RAD,horizontal,2,23.13,25.63,13.8,67.1,151,30.65,2.00,0.34,6,0.90,0,0,horizontal best
2026-08-24T15:37:35.092,4030,RAD,horizontal,2,23.13,25.63,73.3,104.4,755,32.37,1.23,0.64,3,1.50,0,0,horizontal best
2026-08-24T15:37:35.221,4031,RAD,horizontal,2,23.08,25.58,11.7,66.5,157,30.30,1.82,0.30,5,0.84,0,0,horizontal best
2026-08-24T15:37:35.221,4031,RAD,horizontal,2,23.08,25.58,72.8,104.6,753,32.47,1.23,0.64,2,1.50,0,0,horizontal best
2026-08-24T15:37:35.316,4032,RAD,horizontal,2,23.03,25.53,12.1,69.0,254,30.21,0.00,0.00,8,0.79,0,0,horizontal best
2026-08-24T15:37:35.316,4032,RAD,horizontal,2,23.03,25.53,72.3,104.8,740,32.35,1.16,0.62,3,1.47,0,0,horizontal best
2026-08-24T15:37:35.446,4033,RAD,horizontal,3,23.03,25.53,12.6,71.7,522,30.14,1.60,0.36,9,1.14,0,0,horizontal best
2026-08-24T15:37:35.446,4033,RAD,horizontal,3,23.03,25.53,71.6,104.8,755,32.41,1.16,0.64,2,1.48,0,0,horizontal best
2026-08-24T15:37:35.446,4033,RAD,horizontal,3,23.03,25.53,122.2,35.5,97,27.31,2.25,0.67,3,0.94,0,0,horizontal best
2026-08-24T15:37:35.536,4034,RAD,horizontal,3,23.01,25.51,17.7,68.9,223,29.41,1.52,0.33,3,1.02,0,0,horizontal best
2026-08-24T15:37:35.536,4034,RAD,horizontal,3,23.01,25.51,71.1,104.9,754,32.45,1.16,0.64,4,1.50,0,0,horizontal best
2026-08-24T15:37:35.536,4034,RAD,horizontal,3,23.01,25.51,122.7,35.8,96,27.31,2.57,0.76,3,0.99,0,0,horizontal best
2026-08-24T15:37:35.667,4035,RAD,horizontal,3,23.01,25.51,19.8,67.6,231,29.34,1.52,0.34,3,1.03,0,0,horizontal best
2026-08-24T15:37:35.667,4035,RAD,horizontal,3,23.01,25.51,70.6,104.9,750,32.32,1.19,0.65,3,1.48,0,0,horizontal best
2026-08-24T15:37:35.667,4035,RAD,horizontal,3,23.01,25.51,123.2,36.1,94,27.24,2.57,0.75,3,1.06,0,0,horizontal best
2026-08-24T15:37:35.762,4036,RAD,horizontal,3,22.98,25.48,20.3,67.1,236,29.17,1.52,0.35,4,1.01,0,0,horizontal best
2026-08-24T15:37:35.762,4036,RAD,horizontal,3,22.98,25.48,70.2,105.0,755,32.45,1.19,0.66,2,1.50,0,0,horizontal best
2026-08-24T15:37:35.762,4036,RAD,horizontal,3,22.98,25.48,123.7,36.2,90,27.49,2.57,0.71,3,1.00,0,0,horizontal best
2026-08-24T15:37:35.890,4037,RAD,horizontal,3,22.98,25.48,20.1,67.1,245,29.17,1.57,0.35,4,1.03,0,0,horizontal best
2026-08-24T15:37:35.890,4037,RAD,horizontal,3,22.98,25.48,69.9,105.0,756,32.45,1.16,0.64,3,1.49,0,0,horizontal best
2026-08-24T15:37:35.890,4037,RAD,horizontal,3,22.98,25.48,124.1,36.1,87,27.38,2.43,0.73,3,0.97,0,0,horizontal best
2026-08-24T15:37:36.020,4038,RAD,horizontal,3,23.01,25.51,20.0,67.0,117,29.17,0.00,0.00,6,0.53,0,0,horizontal best
2026-08-24T15:37:36.020,4038,RAD,horizontal,3,23.01,25.51,69.7,105.1,742,32.37,1.16,0.66,3,1.46,0,0,horizontal best
2026-08-24T15:37:36.020,4038,RAD,horizontal,3,23.01,25.51,124.2,36.2,84,27.08,2.57,0.67,3,0.94,0,0,horizontal best
2026-08-24T15:37:36.116,4039,RAD,horizontal,3,23.01,25.51,19.8,66.9,115,29.14,0.00,0.00,5,0.53,0,0,horizontal best
2026-08-24T15:37:36.116,4039,RAD,horizontal,3,23.01,25.51,69.5,105.2,751,32.35,1.16,0.67,3,1.48,0,0,horizontal best
2026-08-24T15:37:36.116,4039,RAD,horizontal,3,23.01,25.51,124.4,35.9,79,27.08,2.83,0.77,4,0.96,0,0,horizontal best
2026-08-24T15:37:36.245,4040,RAD,horizontal,3,22.98,25.48,19.6,66.6,119,29.14,0.00,0.00,5,0.56,0,0,horizontal best
2026-08-24T15:37:36.245,4040,RAD,horizontal,3,22.98,25.48,69.5,105.3,752,32.35,1.12,0.65,2,1.50,0,0,horizontal best
2026-08-24T15:37:36.245,4040,RAD,horizontal,3,22.98,25.48,124.4,36.0,80,26.99,2.83,0.78,3,0.85,0,0,horizontal best
2026-08-24T15:37:36.341,4041,RAD,horizontal,3,23.01,25.51,19.4,67.0,247,29.14,1.57,0.36,5,1.03,0,0,horizontal best
2026-08-24T15:37:36.341,4041,RAD,horizontal,3,23.01,25.51,69.6,105.6,745,32.45,1.12,0.65,2,1.49,0,0,horizontal best
2026-08-24T15:37:36.341,4041,RAD,horizontal,3,23.01,25.51,124.5,35.8,76,26.97,2.83,0.75,2,0.81,0,0,horizontal best
2026-08-24T15:37:36.470,4042,RAD,horizontal,3,23.03,25.53,19.4,67.2,250,29.26,1.57,0.36,5,1.03,0,0,horizontal best
2026-08-24T15:37:36.470,4042,RAD,horizontal,3,23.03,25.53,69.9,105.9,741,32.82,1.13,0.68,2,1.54,0,0,horizontal best
2026-08-24T15:37:36.470,4042,RAD,horizontal,3,23.03,25.53,124.6,35.6,78,26.99,2.43,0.66,2,0.91,0,0,horizontal best
2026-08-24T15:37:36.566,4043,RAD,horizontal,3,23.03,25.53,19.3,67.2,250,29.30,1.62,0.35,5,1.04,0,0,horizontal best
2026-08-24T15:37:36.566,4043,RAD,horizontal,3,23.03,25.53,70.5,106.7,713,32.54,1.03,0.68,2,1.53,0,0,horizontal best
2026-08-24T15:37:36.566,4043,RAD,horizontal,3,23.03,25.53,124.8,35.3,84,26.99,2.43,0.71,2,0.91,0,0,horizontal best
2026-08-24T15:37:36.693,4044,RAD,horizontal,3,23.01,25.51,19.4,67.3,247,29.26,1.57,0.36,5,1.04,0,0,horizontal best
2026-08-24T15:37:36.693,4044,RAD,horizontal,3,23.01,25.51,71.3,107.5,687,32.52,0.97,0.65,3,1.53,0,0,horizontal best
2026-08-24T15:37:36.693,4044,RAD,horizontal,3,23.01,25.51,124.8,35.2,87,27.26,2.43,0.73,2,0.97,0,0,horizontal best
2026-08-24T15:37:36.790,4045,RAD,horizontal,3,23.03,25.53,19.3,67.3,249,29.23,1.57,0.36,5,1.05,0,0,horizontal best
2026-08-24T15:37:36.790,4045,RAD,horizontal,3,23.03,25.53,72.4,108.3,655,32.63,0.94,0.64,2,1.56,0,0,horizontal best
2026-08-24T15:37:36.790,4045,RAD,horizontal,3,23.03,25.53,124.8,35.4,86,27.36,2.29,0.77,3,1.00,0,0,horizontal best
2026-08-24T15:37:36.912,4046,RAD,horizontal,3,23.05,25.55,19.2,65.7,133,30.36,0.00,0.00,5,0.73,0,0,horizontal best
2026-08-24T15:37:36.912,4046,RAD,horizontal,3,23.05,25.55,73.4,108.8,631,32.45,0.85,0.64,3,1.59,0,0,horizontal best
2026-08-24T15:37:36.912,4046,RAD,horizontal,3,23.05,25.55,124.9,35.1,80,27.38,2.14,0.76,3,1.04,0,0,horizontal best
2026-08-24T15:37:37.041,4047,RAD,horizontal,3,23.08,25.58,19.1,66.0,257,30.60,1.67,0.35,3,1.19,0,0,horizontal best
2026-08-24T15:37:37.041,4047,RAD,horizontal,3,23.08,25.58,74.4,109.4,599,32.47,0.82,0.63,3,1.61,0,0,horizontal best
2026-08-24T15:37:37.041,4047,RAD,horizontal,3,23.08,25.58,124.9,35.0,81,27.40,2.14,0.77,2,0.98,0,0,horizontal best
2026-08-24T15:37:37.137,4048,RAD,horizontal,3,23.13,25.63,19.0,66.1,254,30.60,1.67,0.35,3,1.24,0,0,horizontal best
2026-08-24T15:37:37.137,4048,RAD,horizontal,3,23.13,25.63,75.3,109.8,564,32.45,0.76,0.64,4,1.63,0,0,horizontal best
2026-08-24T15:37:37.137,4048,RAD,horizontal,3,23.13,25.63,125.0,35.0,81,27.42,2.14,0.77,3,0.96,0,0,horizontal best
2026-08-24T15:37:37.266,4049,RAD,horizontal,3,23.13,25.63,18.9,65.9,241,30.52,1.67,0.33,4,1.26,0,0,horizontal best
2026-08-24T15:37:37.266,4049,RAD,horizontal,3,23.13,25.63,75.7,110.2,540,32.45,0.74,0.64,4,1.66,0,0,horizontal best
2026-08-24T15:37:37.266,4049,RAD,horizontal,3,23.13,25.63,125.0,34.6,75,27.56,2.00,0.77,2,0.97,0,0,horizontal best
2026-08-24T15:37:37.361,4050,RAD,horizontal,3,23.13,25.63,18.9,65.8,239,30.58,1.67,0.33,3,1.29,0,0,horizontal best
2026-08-24T15:37:37.361,4050,RAD,horizontal,3,23.13,25.63,75.8,110.5,518,32.41,0.74,0.61,4,1.68,0,0,horizontal best
2026-08-24T15:37:37.361,4050,RAD,horizontal,3,23.13,25.63,125.0,34.3,79,27.61,2.14,0.75,2,1.00,0,0,horizontal best
2026-08-24T15:37:37.491,4051,RAD,horizontal,3,23.20,25.70,19.0,65.9,239,30.52,1.67,0.33,4,1.29,0,0,horizontal best
2026-08-24T15:37:37.491,4051,RAD,horizontal,3,23.20,25.70,76.6,112.1,349,32.41,0.72,0.47,5,1.21,0,0,horizontal best
2026-08-24T15:37:37.491,4051,RAD,horizontal,3,23.20,25.70,125.0,34.2,79,27.65,2.14,0.75,2,0.99,0,0,horizontal best
2026-08-24T15:37:37.588,4052,RAD,horizontal,3,23.20,25.70,19.0,65.9,242,30.50,1.67,0.33,3,1.28,0,0,horizontal best
2026-08-24T15:37:37.588,4052,RAD,horizontal,3,23.20,25.70,74.9,111.7,467,32.28,0.68,0.60,4,1.74,0,0,horizontal best
2026-08-24T15:37:37.588,4052,RAD,horizontal,3,23.20,25.70,125.0,34.1,77,27.67,2.00,0.79,3,0.96,0,0,horizontal best
2026-08-24T15:37:37.714,4053,RAD,horizontal,3,23.22,25.72,19.0,66.0,242,30.71,1.71,0.32,4,1.27,0,0,horizontal best
2026-08-24T15:37:37.714,4053,RAD,horizontal,3,23.22,25.72,73.2,111.6,433,32.45,0.65,0.58,3,1.71,0,0,horizontal best
2026-08-24T15:37:37.714,4053,RAD,horizontal,3,23.22,25.72,125.0,34.1,77,27.90,2.00,0.79,3,0.98,0,0,horizontal best
2026-08-24T15:37:37.809,4054,RAD,horizontal,2,23.24,25.74,19.0,66.0,247,30.74,1.71,0.33,3,1.25,0,0,horizontal best
2026-08-24T15:37:37.809,4054,RAD,horizontal,2,23.24,25.74,125.0,34.2,80,27.97,2.00,0.82,3,1.00,0,0,horizontal best
2026-08-24T15:37:37.938,4055,RAD,horizontal,3,23.27,25.77,19.0,66.1,250,30.74,1.71,0.33,3,1.25,0,0,horizontal best
2026-08-24T15:37:37.938,4055,RAD,horizontal,3,23.27,25.77,68.6,111.8,398,32.58,0.66,0.59,5,1.75,0,0,horizontal best
2026-08-24T15:37:37.938,4055,RAD,horizontal,3,23.27,25.77,125.0,34.6,84,27.99,2.29,0.75,3,0.98,0,0,horizontal best
2026-08-24T15:37:38.063,4056,RAD,horizontal,2,23.32,25.82,19.0,66.0,246,30.74,1.71,0.33,3,1.24,0,0,horizontal best
2026-08-24T15:37:38.063,4056,RAD,horizontal,2,23.32,25.82,125.0,34.7,83,28.03,2.29,0.74,3,0.98,0,0,horizontal best
2026-08-24T15:37:38.162,4057,RAD,horizontal,3,23.34,25.84,19.0,66.2,242,30.32,1.71,0.32,4,1.20,0,0,horizontal best
2026-08-24T15:37:38.162,4057,RAD,horizontal,3,23.34,25.84,63.6,112.0,388,32.82,0.62,0.61,3,1.80,0,0,horizontal best
2026-08-24T15:37:38.162,4057,RAD,horizontal,3,23.34,25.84,125.0,35.1,89,28.15,2.29,0.79,3,1.00,0,0,horizontal best
2026-08-24T15:37:38.292,4058,RAD,horizontal,3,23.39,25.89,19.0,66.3,238,30.32,1.67,0.32,5,1.18,0,0,horizontal best
2026-08-24T15:37:38.292,4058,RAD,horizontal,3,23.39,25.89,61.8,112.1,367,32.84,0.62,0.57,3,1.75,0,0,horizontal best
2026-08-24T15:37:38.292,4058,RAD,horizontal,3,23.39,25.89,125.0,35.2,89,28.15,2.29,0.79,3,1.00,0,0,horizontal best
2026-08-24T15:37:38.388,4059,RAD,horizontal,3,23.43,25.93,19.0,66.3,236,30.36,1.67,0.32,5,1.19,0,0,horizontal best
2026-08-24T15:37:38.388,4059,RAD,horizontal,3,23.43,25.93,60.4,112.2,372,32.78,0.62,0.58,3,1.79,0,0,horizontal best
2026-08-24T15:37:38.388,4059,RAD,horizontal,3,23.43,25.93,125.0,35.2,89,28.15,2.29,0.79,3,1.00,0,0,horizontal best
2026-08-24T15:37:38.514,4060,RAD,horizontal,3,23.46,25.96,19.1,66.3,232,30.36,1.67,0.32,5,1.18,0,0,horizontal best
2026-08-24T15:37:38.514,4060,RAD,horizontal,3,23.46,25.96,59.6,112.1,371,32.76,0.62,0.58,4,1.80,0,0,horizontal best
2026-08-24T15:37:38.514,4060,RAD,horizontal,3,23.46,25.96,125.0,34.9,83,28.15,2.29,0.74,3,0.98,0,0,horizontal best
2026-08-24T15:37:38.610,4061,RAD,horizontal,3,23.46,25.96,19.1,66.2,230,30.36,1.67,0.31,5,1.18,0,0,horizontal best
2026-08-24T15:37:38.610,4061,RAD,horizontal,3,23.46,25.96,59.5,112.1,366,32.93,0.62,0.57,3,1.84,0,0,horizontal best
2026-08-24T15:37:38.610,4061,RAD,horizontal,3,23.46,25.96,125.1,34.7,82,28.15,2.29,0.73,3,0.97,0,0,horizontal best
2026-08-24T15:37:38.737,4062,RAD,horizontal,3,23.46,25.96,19.1,66.2,229,30.36,1.67,0.31,5,1.18,0,0,horizontal best
2026-08-24T15:37:38.737,4062,RAD,horizontal,3,23.46,25.96,60.0,111.8,388,33.33,0.66,0.58,2,1.88,0,0,horizontal best
2026-08-24T15:37:38.737,4062,RAD,horizontal,3,23.46,25.96,125.0,34.6,84,28.15,2.29,0.75,3,0.99,0,0,horizontal best
2026-08-24T15:37:38.866,4063,RAD,horizontal,3,23.48,25.98,19.1,66.2,228,30.36,1.67,0.31,5,1.18,0,0,horizontal best
2026-08-24T15:37:38.866,4063,RAD,horizontal,3,23.48,25.98,61.4,111.5,398,33.42,0.72,0.54,2,1.91,0,0,horizontal best
2026-08-24T15:37:38.866,4063,RAD,horizontal,3,23.48,25.98,125.1,34.6,83,28.17,2.29,0.74,3,1.00,0,0,horizontal best
2026-08-24T15:37:38.961,4064,RAD,horizontal,3,23.48,25.98,19.1,66.2,232,30.36,1.67,0.32,5,1.15,0,0,horizontal best
2026-08-24T15:37:38.961,4064,RAD,horizontal,3,23.48,25.98,63.6,111.1,441,33.25,0.73,0.56,2,1.93,0,0,horizontal best
2026-08-24T15:37:38.961,4064,RAD,horizontal,3,23.48,25.98,125.1,34.6,81,27.81,2.29,0.72,3,0.97,0,0,horizontal best
2026-08-24T15:37:39.090,4065,RAD,horizontal,3,23.51,26.01,19.1,66.3,232,30.36,1.67,0.32,5,1.14,0,0,horizontal best
2026-08-24T15:37:39.090,4065,RAD,horizontal,3,23.51,26.01,66.6,110.6,484,33.04,0.74,0.53,2,1.83,0,0,horizontal best
2026-08-24T15:37:39.090,4065,RAD,horizontal,3,23.51,26.01,125.1,34.7,81,27.83,2.29,0.72,3,0.98,0,0,horizontal best
2026-08-24T15:37:39.186,4066,RAD,horizontal,3,23.55,26.05,19.1,66.3,235,30.58,1.67,0.32,5,1.16,0,0,horizontal best
2026-08-24T15:37:39.186,4066,RAD,horizontal,3,23.55,26.05,69.8,110.1,536,33.25,0.82,0.56,2,1.73,0,0,horizontal best
2026-08-24T15:37:39.186,4066,RAD,horizontal,3,23.55,26.05,125.1,34.7,81,27.83,2.29,0.72,3,0.99,0,0,horizontal best
2026-08-24T15:37:39.318,4067,RAD,horizontal,3,23.65,26.15,19.1,66.3,232,30.60,1.67,0.32,5,1.17,0,0,horizontal best
2026-08-24T15:37:39.318,4067,RAD,horizontal,3,23.65,26.15,72.5,109.6,561,33.36,0.91,0.60,2,1.65,0,0,horizontal best
2026-08-24T15:37:39.318,4067,RAD,horizontal,3,23.65,26.15,125.1,35.0,80,27.83,2.14,0.76,3,1.00,0,0,horizontal best
2026-08-24T15:37:39.413,4068,RAD,horizontal,3,23.65,26.15,19.1,66.3,236,30.60,1.67,0.32,5,1.18,0,0,horizontal best
2026-08-24T15:37:39.413,4068,RAD,horizontal,3,23.65,26.15,74.2,108.8,612,33.12,0.94,0.60,2,1.63,0,0,horizontal best
2026-08-24T15:37:39.413,4068,RAD,horizontal,3,23.65,26.15,125.1,35.1,80,27.83,2.14,0.76,3,0.99,0,0,horizontal best
2026-08-24T15:37:39.548,4069,RAD,horizontal,3,23.67,26.17,19.0,66.3,237,30.60,1.67,0.32,6,1.18,0,0,horizontal best
2026-08-24T15:37:39.548,4069,RAD,horizontal,3,23.67,26.17,75.0,108.1,648,33.23,1.00,0.63,3,1.58,0,0,horizontal best
2026-08-24T15:37:39.548,4069,RAD,horizontal,3,23.67,26.17,125.1,35.1,79,27.83,2.14,0.75,3,1.00,0,0,horizontal best
2026-08-24T15:37:39.643,4070,RAD,horizontal,3,23.70,26.20,19.0,66.2,232,30.60,1.67,0.32,6,1.17,0,0,horizontal best
2026-08-24T15:37:39.643,4070,RAD,horizontal,3,23.70,26.20,75.2,107.6,671,33.08,1.03,0.64,3,1.56,0,0,horizontal best
2026-08-24T15:37:39.643,4070,RAD,horizontal,3,23.70,26.20,125.1,35.0,79,27.83,2.14,0.75,3,0.99,0,0,horizontal best
2026-08-24T15:37:39.767,4071,RAD,horizontal,3,23.72,26.22,19.0,66.1,235,30.60,1.67,0.32,5,1.18,0,0,horizontal best
2026-08-24T15:37:39.767,4071,RAD,horizontal,3,23.72,26.22,75.0,107.2,695,33.14,1.06,0.64,2,1.52,0,0,horizontal best
2026-08-24T15:37:39.767,4071,RAD,horizontal,3,23.72,26.22,125.1,35.0,79,27.88,2.14,0.75,3,0.99,0,0,horizontal best
2026-08-24T15:37:39.897,4072,RAD,horizontal,3,23.74,26.24,19.0,66.2,234,30.60,1.67,0.32,5,1.18,0,0,horizontal best
2026-08-24T15:37:39.897,4072,RAD,horizontal,3,23.74,26.24,74.5,106.6,702,33.27,1.13,0.65,3,1.52,0,0,horizontal best
2026-08-24T15:37:39.897,4072,RAD,horizontal,3,23.74,26.24,125.1,35.0,78,27.88,2.14,0.74,3,0.99,0,0,horizontal best
2026-08-24T15:37:39.995,4073,RAD,horizontal,3,23.72,26.22,19.0,66.2,237,30.50,1.67,0.32,5,1.18,0,0,horizontal best
2026-08-24T15:37:39.995,4073,RAD,horizontal,3,23.72,26.22,73.7,105.8,718,33.19,1.16,0.64,3,1.49,0,0,horizontal best
2026-08-24T15:37:39.995,4073,RAD,horizontal,3,23.72,26.22,125.1,35.0,79,27.88,2.14,0.75,3,0.98,0,0,horizontal best
2026-08-24T15:37:40.123,4074,RAD,horizontal,3,23.74,26.24,19.0,66.2,238,30.54,1.67,0.32,6,1.19,0,0,horizontal best
2026-08-24T15:37:40.123,4074,RAD,horizontal,3,23.74,26.24,72.8,104.8,716,33.04,1.19,0.62,3,1.48,0,0,horizontal best
2026-08-24T15:37:40.123,4074,RAD,horizontal,3,23.74,26.24,125.1,35.0,79,27.88,2.14,0.75,3,0.99,0,0,horizontal best
2026-08-24T15:37:40.218,4075,RAD,horizontal,3,23.77,26.27,18.9,66.1,236,30.54,1.75,0.34,6,1.18,0,0,horizontal best
2026-08-24T15:37:40.218,4075,RAD,horizontal,3,23.77,26.27,71.9,103.7,712,32.99,1.27,0.62,4,1.50,0,0,horizontal best
2026-08-24T15:37:40.218,4075,RAD,horizontal,3,23.77,26.27,125.1,34.7,82,28.10,2.29,0.73,3,1.00,0,0,horizontal best
2026-08-24T15:37:40.345,4076,RAD,horizontal,3,23.84,26.34,18.9,65.8,133,30.60,1.83,0.22,5,1.11,0,0,horizontal best
2026-08-24T15:37:40.345,4076,RAD,horizontal,3,23.84,26.34,71.2,102.6,705,33.21,1.34,0.62,2,1.51,0,0,horizontal best
2026-08-24T15:37:40.345,4076,RAD,horizontal,3,23.84,26.34,125.2,34.7,81,28.06,2.29,0.72,3,1.00,0,0,horizontal best
2026-08-24T15:37:40.441,4077,RAD,horizontal,3,23.86,26.36,18.8,65.7,133,30.63,1.83,0.22,5,1.11,0,0,horizontal best
2026-08-24T15:37:40.441,4077,RAD,horizontal,3,23.86,26.36,70.9,101.7,682,33.12,1.38,0.59,3,1.47,0,0,horizontal best
2026-08-24T15:37:40.441,4077,RAD,horizontal,3,23.86,26.36,125.2,34.7,80,28.06,2.29,0.71,3,1.00,0,0,horizontal best
2026-08-24T15:37:40.570,4078,RAD,horizontal,3,23.81,26.31,18.9,66.1,240,30.69,1.67,0.33,5,1.19,0,0,horizontal best
2026-08-24T15:37:40.570,4078,RAD,horizontal,3,23.81,26.31,70.5,101.0,677,32.78,1.41,0.57,3,1.46,0,0,horizontal best
2026-08-24T15:37:40.570,4078,RAD,horizontal,3,23.81,26.31,125.2,34.6,81,28.17,2.29,0.72,3,1.04,0,0,horizontal best
2026-08-24T15:37:40.699,4079,RAD,horizontal,3,23.81,26.31,19.0,66.3,239,30.69,1.67,0.33,5,1.18,0,0,horizontal best
2026-08-24T15:37:40.699,4079,RAD,horizontal,3,23.81,26.31,70.2,100.5,678,32.78,1.41,0.57,4,1.47,0,0,horizontal best
2026-08-24T15:37:40.699,4079,RAD,horizontal,3,23.81,26.31,125.2,34.7,83,28.15,2.29,0.74,3,1.06,0,0,horizontal best
2026-08-24T15:37:40.794,4080,RAD,horizontal,3,23.81,26.31,19.0,66.3,238,30.69,1.67,0.32,5,1.17,0,0,horizontal best
2026-08-24T15:37:40.794,4080,RAD,horizontal,3,23.81,26.31,70.2,100.5,668,32.78,1.46,0.58,4,1.45,0,0,horizontal best
2026-08-24T15:37:40.794,4080,RAD,horizontal,3,23.81,26.31,125.2,34.8,83,28.03,2.29,0.74,3,1.06,0,0,horizontal best
2026-08-24T15:37:40.922,4081,RAD,horizontal,3,23.81,26.31,19.0,66.3,239,30.74,1.67,0.33,4,1.18,0,0,horizontal best
2026-08-24T15:37:40.922,4081,RAD,horizontal,3,23.81,26.31,70.1,100.7,673,32.78,1.46,0.59,4,1.46,0,0,horizontal best
2026-08-24T15:37:40.922,4081,RAD,horizontal,3,23.81,26.31,125.3,34.5,76,28.03,2.29,0.68,3,1.04,0,0,horizontal best
2026-08-24T15:37:41.017,4082,RAD,horizontal,3,23.81,26.31,19.0,66.3,240,30.76,1.67,0.33,4,1.18,0,0,horizontal best
2026-08-24T15:37:41.017,4082,RAD,horizontal,3,23.81,26.31,70.0,101.0,673,32.84,1.46,0.59,4,1.47,0,0,horizontal best
2026-08-24T15:37:41.017,4082,RAD,horizontal,3,23.81,26.31,125.3,34.4,75,28.03,2.29,0.67,3,1.02,0,0,horizontal best
2026-08-24T15:37:41.145,4083,RAD,horizontal,3,23.84,26.34,18.9,66.3,241,30.76,1.67,0.33,6,1.16,0,0,horizontal best
2026-08-24T15:37:41.145,4083,RAD,horizontal,3,23.84,26.34,69.9,101.8,676,32.97,1.43,0.60,3,1.48,0,0,horizontal best
2026-08-24T15:37:41.145,4083,RAD,horizontal,3,23.84,26.34,125.3,34.3,74,28.01,2.29,0.66,3,1.03,0,0,horizontal best
2026-08-24T15:37:41.241,4084,RAD,horizontal,3,23.84,26.34,18.9,66.3,242,30.82,1.67,0.33,6,1.17,0,0,horizontal best
2026-08-24T15:37:41.241,4084,RAD,horizontal,3,23.84,26.34,69.6,102.7,670,33.10,1.34,0.59,3,1.47,0,0,horizontal best
2026-08-24T15:37:41.241,4084,RAD,horizontal,3,23.84,26.34,125.3,34.3,76,27.97,2.29,0.68,3,1.04,0,0,horizontal best
2026-08-24T15:37:41.369,4085,RAD,horizontal,3,23.84,26.34,15.4,63.8,342,30.80,1.33,0.28,7,1.12,0,0,horizontal best
2026-08-24T15:37:41.369,4085,RAD,horizontal,3,23.84,26.34,69.2,104.1,666,33.14,1.28,0.62,2,1.48,0,0,horizontal best
2026-08-24T15:37:41.369,4085,RAD,horizontal,3,23.84,26.34,125.2,34.5,79,27.94,2.29,0.71,3,1.04,0,0,horizontal best
2026-08-24T15:37:41.464,4086,RAD,horizontal,3,23.81,26.31,13.8,62.6,360,31.20,1.33,0.30,5,1.16,0,0,horizontal best
2026-08-24T15:37:41.464,4086,RAD,horizontal,3,23.81,26.31,68.7,105.9,636,33.14,1.17,0.61,2,1.48,0,0,horizontal best
2026-08-24T15:37:41.464,4086,RAD,horizontal,3,23.81,26.31,125.2,34.5,81,28.23,2.29,0.72,3,1.04,0,0,horizontal best
2026-08-24T15:37:41.593,4087,RAD,horizontal,3,23.81,26.31,13.1,62.3,369,31.35,1.33,0.31,5,1.19,0,0,horizontal best
2026-08-24T15:37:41.593,4087,RAD,horizontal,3,23.81,26.31,68.0,107.6,597,33.14,1.03,0.60,2,1.55,0,0,horizontal best
2026-08-24T15:37:41.593,4087,RAD,horizontal,3,23.81,26.31,125.2,34.5,81,28.15,2.29,0.72,3,1.01,0,0,horizontal best
2026-08-24T15:37:41.717,4088,RAD,horizontal,3,23.81,26.31,13.0,62.3,379,31.26,1.33,0.32,5,1.18,0,0,horizontal best
2026-08-24T15:37:41.717,4088,RAD,horizontal,3,23.81,26.31,67.2,109.3,542,33.06,0.97,0.58,4,1.60,0,0,horizontal best
2026-08-24T15:37:41.717,4088,RAD,horizontal,3,23.81,26.31,125.1,34.8,82,27.76,2.43,0.69,5,0.99,0,0,horizontal best
2026-08-24T15:37:41.812,4089,RAD,horizontal,3,23.79,26.29,12.9,62.4,391,31.26,1.33,0.33,5,1.17,0,0,horizontal best
2026-08-24T15:37:41.812,4089,RAD,horizontal,3,23.79,26.29,66.4,110.4,485,33.12,0.87,0.58,3,1.65,0,0,horizontal best
2026-08-24T15:37:41.812,4089,RAD,horizontal,3,23.79,26.29,125.1,34.9,84,28.08,2.43,0.71,3,0.99,0,0,horizontal best
2026-08-24T15:37:41.944,4090,RAD,horizontal,3,23.77,26.27,13.0,62.6,400,31.28,1.30,0.34,4,1.18,0,0,horizontal best
2026-08-24T15:37:41.944,4090,RAD,horizontal,3,23.77,26.27,65.8,111.1,445,33.16,0.81,0.53,4,1.73,0,0,horizontal best
2026-08-24T15:37:41.944,4090,RAD,horizontal,3,23.77,26.27,125.0,34.5,77,28.03,2.00,0.79,3,0.97,0,0,horizontal best
2026-08-24T15:37:42.040,4091,RAD,horizontal,3,23.77,26.27,13.1,62.8,401,31.24,1.27,0.35,4,1.19,0,0,horizontal best
2026-08-24T15:37:42.040,4091,RAD,horizontal,3,23.77,26.27,65.1,111.5,408,33.31,0.75,0.53,3,1.68,0,0,horizontal best
2026-08-24T15:37:42.040,4091,RAD,horizontal,3,23.77,26.27,124.8,34.8,88,28.06,2.29,0.79,3,0.94,0,0,horizontal best
2026-08-24T15:37:42.168,4092,RAD,horizontal,3,23.77,26.27,13.1,62.9,407,30.95,1.27,0.36,5,1.18,0,0,horizontal best
2026-08-24T15:37:42.168,4092,RAD,horizontal,3,23.77,26.27,64.4,111.6,405,32.13,0.75,0.53,5,1.55,0,0,horizontal best
2026-08-24T15:37:42.168,4092,RAD,horizontal,3,23.77,26.27,124.8,34.9,90,28.01,2.29,0.80,3,0.98,0,0,horizontal best
2026-08-24T15:37:42.262,4093,RAD,horizontal,3,23.77,26.27,13.1,62.9,406,30.80,1.27,0.36,4,1.18,0,0,horizontal best
2026-08-24T15:37:42.262,4093,RAD,horizontal,3,23.77,26.27,63.9,111.8,397,32.13,0.70,0.52,6,1.54,0,0,horizontal best
2026-08-24T15:37:42.262,4093,RAD,horizontal,3,23.77,26.27,124.8,35.2,97,28.01,2.43,0.82,3,1.00,0,0,horizontal best
2026-08-24T15:37:42.390,4094,RAD,horizontal,3,23.77,26.27,13.1,63.0,401,30.80,1.27,0.35,4,1.18,0,0,horizontal best
2026-08-24T15:37:42.390,4094,RAD,horizontal,3,23.77,26.27,63.6,111.8,387,32.13,0.72,0.53,6,1.55,0,0,horizontal best
2026-08-24T15:37:42.390,4094,RAD,horizontal,3,23.77,26.27,124.8,35.4,99,28.17,2.43,0.83,3,1.00,0,0,horizontal best
2026-08-24T15:37:42.516,4095,RAD,horizontal,3,23.77,26.27,13.0,62.7,206,30.69,1.21,0.22,6,1.15,0,0,horizontal best
2026-08-24T15:37:42.516,4095,RAD,horizontal,3,23.77,26.27,63.6,111.8,380,32.09,0.74,0.53,5,1.57,0,0,horizontal best
2026-08-24T15:37:42.516,4095,RAD,horizontal,3,23.77,26.27,124.7,35.3,91,28.17,2.43,0.76,3,0.98,0,0,horizontal best
2026-08-24T15:37:42.614,4096,RAD,horizontal,3,23.77,26.27,13.2,63.1,196,30.67,1.18,0.21,5,1.05,0,0,horizontal best
2026-08-24T15:37:42.614,4096,RAD,horizontal,3,23.77,26.27,64.0,111.9,359,31.96,0.73,0.54,5,1.53,0,0,horizontal best
2026-08-24T15:37:42.614,4096,RAD,horizontal,3,23.77,26.27,124.5,35.1,83,28.17,2.43,0.70,3,0.90,0,0,horizontal best
2026-08-24T15:37:42.740,4097,RAD,horizontal,3,23.77,26.27,13.4,63.8,375,30.67,1.20,0.35,4,1.17,0,0,horizontal best
2026-08-24T15:37:42.740,4097,RAD,horizontal,3,23.77,26.27,64.4,111.9,364,31.96,0.71,0.53,7,1.57,0,0,horizontal best
2026-08-24T15:37:42.740,4097,RAD,horizontal,3,23.77,26.27,124.3,35.2,75,27.97,2.83,0.74,3,0.85,0,0,horizontal best
2026-08-24T15:37:42.839,4098,RAD,horizontal,3,23.74,26.24,13.4,64.3,385,30.67,1.20,0.36,5,1.18,0,0,horizontal best
2026-08-24T15:37:42.839,4098,RAD,horizontal,3,23.74,26.24,64.6,111.9,359,31.89,0.71,0.53,6,1.56,0,0,horizontal best
2026-08-24T15:37:42.839,4098,RAD,horizontal,3,23.74,26.24,124.3,35.3,70,27.67,2.67,0.73,3,0.84,0,0,horizontal best
2026-08-24T15:37:42.965,4099,RAD,horizontal,3,23.74,26.24,13.4,64.5,380,30.67,1.20,0.35,5,1.17,0,0,horizontal best
2026-08-24T15:37:42.965,4099,RAD,horizontal,3,23.74,26.24,65.0,111.9,355,31.89,0.73,0.54,6,1.52,0,0,horizontal best
2026-08-24T15:37:42.965,4099,RAD,horizontal,3,23.74,26.24,124.3,35.3,66,27.58,2.67,0.69,2,0.84,0,0,horizontal best
2026-08-24T15:37:43.060,4100,RAD,horizontal,2,23.74,26.24,13.5,64.6,367,30.67,1.17,0.35,4,1.15,0,0,horizontal best
2026-08-24T15:37:43.060,4100,RAD,horizontal,2,23.74,26.24,65.3,111.9,353,31.70,0.71,0.52,6,1.53,0,0,horizontal best
2026-08-24T15:37:43.189,4101,RAD,horizontal,3,23.74,26.24,13.6,64.5,360,30.69,1.17,0.34,4,1.15,0,0,horizontal best
2026-08-24T15:37:43.189,4101,RAD,horizontal,3,23.74,26.24,65.5,111.9,362,31.72,0.71,0.53,7,1.53,0,0,horizontal best
2026-08-24T15:37:43.189,4101,RAD,horizontal,3,23.74,26.24,124.5,32.8,43,27.58,1.50,0.80,2,0.91,0,0,horizontal best
2026-08-24T15:37:43.286,4102,RAD,horizontal,3,23.72,26.22,13.7,64.5,359,30.69,1.17,0.34,5,1.16,0,0,horizontal best
2026-08-24T15:37:43.286,4102,RAD,horizontal,3,23.72,26.22,65.7,111.9,358,31.72,0.71,0.52,7,1.51,0,0,horizontal best
2026-08-24T15:37:43.286,4102,RAD,horizontal,3,23.72,26.22,124.5,32.2,47,28.39,1.29,0.75,1,1.02,0,0,horizontal best
2026-08-24T15:37:43.414,4103,RAD,horizontal,3,23.70,26.20,13.8,64.5,351,30.60,1.17,0.33,5,1.12,0,0,horizontal best
2026-08-24T15:37:43.414,4103,RAD,horizontal,3,23.70,26.20,65.9,112.0,357,31.78,0.71,0.52,7,1.49,0,0,horizontal best
2026-08-24T15:37:43.414,4103,RAD,horizontal,3,23.70,26.20,124.9,32.0,47,28.39,1.29,0.75,1,1.13,0,0,horizontal best
2026-08-24T15:37:43.542,4104,RAD,horizontal,3,23.70,26.20,13.8,64.5,359,30.65,1.17,0.34,4,1.16,0,0,horizontal best
2026-08-24T15:37:43.542,4104,RAD,horizontal,3,23.70,26.20,66.0,112.0,358,31.78,0.71,0.52,6,1.49,0,0,horizontal best
2026-08-24T15:37:43.542,4104,RAD,horizontal,3,23.70,26.20,125.0,32.0,48,28.77,1.29,0.76,1,1.14,0,0,horizontal best
2026-08-24T15:37:43.639,4105,RAD,horizontal,3,23.72,26.22,13.8,64.6,364,30.65,1.17,0.35,4,1.16,0,0,horizontal best
2026-08-24T15:37:43.639,4105,RAD,horizontal,3,23.72,26.22,66.0,111.9,367,31.89,0.71,0.54,7,1.50,0,0,horizontal best
2026-08-24T15:37:43.639,4105,RAD,horizontal,3,23.72,26.22,125.1,32.0,54,28.79,1.43,0.77,2,1.11,0,0,horizontal best
2026-08-24T15:37:43.765,4106,RAD,horizontal,3,23.72,26.22,14.0,64.7,352,30.63,1.17,0.34,5,1.15,0,0,horizontal best
2026-08-24T15:37:43.765,4106,RAD,horizontal,3,23.72,26.22,65.9,111.8,367,31.87,0.71,0.54,6,1.50,0,0,horizontal best
2026-08-24T15:37:43.765,4106,RAD,horizontal,3,23.72,26.22,125.2,33.8,71,28.68,2.83,0.70,3,1.03,0,0,horizontal best
2026-08-24T15:37:43.861,4107,RAD,horizontal,3,23.74,26.24,14.2,64.8,344,30.63,1.17,0.33,5,1.15,0,0,horizontal best
2026-08-24T15:37:43.861,4107,RAD,horizontal,3,23.74,26.24,65.9,111.8,369,31.87,0.71,0.54,7,1.50,0,0,horizontal best
2026-08-24T15:37:43.861,4107,RAD,horizontal,3,23.74,26.24,125.3,34.9,78,28.68,3.00,0.72,3,1.10,0,0,horizontal best
2026-08-24T15:37:43.988,4108,RAD,horizontal,3,23.74,26.24,17.3,66.0,253,30.63,1.62,0.35,3,1.13,0,0,horizontal best
2026-08-24T15:37:43.988,4108,RAD,horizontal,3,23.74,26.24,65.9,111.7,369,31.87,0.71,0.54,7,1.51,0,0,horizontal best
2026-08-24T15:37:43.988,4108,RAD,horizontal,3,23.74,26.24,125.4,35.0,79,28.61,2.83,0.77,3,1.08,0,0,horizontal best
2026-08-24T15:37:44.086,4109,RAD,horizontal,3,23.72,26.22,18.6,66.5,252,30.60,1.62,0.35,4,1.12,0,0,horizontal best
2026-08-24T15:37:44.086,4109,RAD,horizontal,3,23.72,26.22,65.9,111.7,369,31.87,0.71,0.54,6,1.52,0,0,horizontal best
2026-08-24T15:37:44.086,4109,RAD,horizontal,3,23.72,26.22,125.5,35.1,75,28.48,3.00,0.69,3,1.05,0,0,horizontal best
2026-08-24T15:37:44.214,4110,RAD,horizontal,3,23.72,26.22,18.9,66.6,253,30.60,1.62,0.35,3,1.12,0,0,horizontal best
2026-08-24T15:37:44.214,4110,RAD,horizontal,3,23.72,26.22,65.9,111.7,368,32.07,0.71,0.54,6,1.52,0,0,horizontal best
2026-08-24T15:37:44.214,4110,RAD,horizontal,3,23.72,26.22,125.7,34.3,68,28.48,2.67,0.71,4,1.12,0,0,horizontal best
2026-08-24T15:37:44.310,4111,RAD,horizontal,3,23.72,26.22,18.8,66.6,253,30.60,1.62,0.35,4,1.12,0,0,horizontal best
2026-08-24T15:37:44.310,4111,RAD,horizontal,3,23.72,26.22,65.8,111.7,368,31.98,0.71,0.54,7,1.53,0,0,horizontal best
2026-08-24T15:37:44.310,4111,RAD,horizontal,3,23.72,26.22,125.8,33.3,61,28.48,2.33,0.73,3,1.13,0,0,horizontal best
2026-08-24T15:37:44.437,4112,RAD,horizontal,3,23.72,26.22,18.6,66.6,252,30.65,1.62,0.35,3,1.11,0,0,horizontal best
2026-08-24T15:37:44.437,4112,RAD,horizontal,3,23.72,26.22,65.8,111.8,367,32.11,0.71,0.54,7,1.54,0,0,horizontal best
2026-08-24T15:37:44.437,4112,RAD,horizontal,3,23.72,26.22,125.9,32.9,61,28.48,2.50,0.68,2,1.16,0,0,horizontal best
2026-08-24T15:37:44.567,4113,RAD,horizontal,3,23.72,26.22,18.5,66.5,250,30.58,1.62,0.35,4,1.11,0,0,horizontal best
2026-08-24T15:37:44.567,4113,RAD,horizontal,3,23.72,26.22,65.8,111.8,364,32.11,0.71,0.53,6,1.53,0,0,horizontal best
2026-08-24T15:37:44.567,4113,RAD,horizontal,3,23.72,26.22,125.9,32.9,61,28.48,2.50,0.68,3,1.15,0,0,horizontal best
2026-08-24T15:37:44.664,4114,RAD,horizontal,3,23.74,26.24,18.5,66.5,248,30.60,1.62,0.35,3,1.10,0,0,horizontal best
2026-08-24T15:37:44.664,4114,RAD,horizontal,3,23.74,26.24,65.7,111.8,364,32.07,0.71,0.53,6,1.54,0,0,horizontal best
2026-08-24T15:37:44.664,4114,RAD,horizontal,3,23.74,26.24,125.9,32.9,60,28.59,2.50,0.67,3,1.15,0,0,horizontal best
2026-08-24T15:37:44.792,4115,RAD,horizontal,3,23.72,26.22,18.4,66.4,251,30.60,1.62,0.35,3,1.11,0,0,horizontal best
2026-08-24T15:37:44.792,4115,RAD,horizontal,3,23.72,26.22,65.7,111.9,360,32.04,0.71,0.53,6,1.53,0,0,horizontal best
2026-08-24T15:37:44.792,4115,RAD,horizontal,3,23.72,26.22,125.8,33.2,58,28.59,2.33,0.69,3,1.13,0,0,horizontal best
2026-08-24T15:37:44.888,4116,RAD,horizontal,3,23.72,26.22,18.4,66.5,249,30.60,1.62,0.35,3,1.10,0,0,horizontal best
2026-08-24T15:37:44.888,4116,RAD,horizontal,3,23.72,26.22,65.8,111.9,359,32.04,0.71,0.53,6,1.53,0,0,horizontal best
2026-08-24T15:37:44.888,4116,RAD,horizontal,3,23.72,26.22,125.8,33.3,58,28.59,2.33,0.69,3,1.13,0,0,horizontal best
2026-08-24T15:37:45.013,4117,RAD,horizontal,3,23.70,26.20,18.5,66.4,245,30.60,1.62,0.34,3,1.09,0,0,horizontal best
2026-08-24T15:37:45.013,4117,RAD,horizontal,3,23.70,26.20,65.9,112.0,351,31.81,0.71,0.51,6,1.50,0,0,horizontal best
2026-08-24T15:37:45.013,4117,RAD,horizontal,3,23.70,26.20,125.8,33.4,55,28.59,2.33,0.65,3,1.14,0,0,horizontal best
2026-08-24T15:37:45.110,4118,RAD,horizontal,3,23.67,26.17,18.4,66.2,254,30.91,1.67,0.35,3,1.15,0,0,horizontal best
2026-08-24T15:37:45.110,4118,RAD,horizontal,3,23.67,26.17,65.9,112.0,353,31.83,0.71,0.52,6,1.52,0,0,horizontal best
2026-08-24T15:37:45.110,4118,RAD,horizontal,3,23.67,26.17,125.7,33.9,63,28.63,2.50,0.70,5,1.12,0,0,horizontal best
2026-08-24T15:37:45.237,4119,RAD,horizontal,3,23.67,26.17,18.4,66.2,255,31.13,1.67,0.35,3,1.19,0,0,horizontal best
2026-08-24T15:37:45.237,4119,RAD,horizontal,3,23.67,26.17,65.9,112.0,354,31.83,0.71,0.52,6,1.52,0,0,horizontal best
2026-08-24T15:37:45.237,4119,RAD,horizontal,3,23.67,26.17,125.6,34.2,66,28.63,2.50,0.73,4,1.12,0,0,horizontal best
2026-08-24T15:37:45.360,4120,RAD,horizontal,2,23.65,26.15,18.4,66.2,253,31.15,1.62,0.35,3,1.20,0,0,horizontal best
2026-08-24T15:37:45.360,4120,RAD,horizontal,2,23.65,26.15,66.0,112.0,353,31.83,0.71,0.52,6,1.54,0,0,horizontal best
2026-08-24T15:37:45.461,4121,RAD,horizontal,3,23.65,26.15,18.5,66.1,253,31.22,1.62,0.35,3,1.23,0,0,horizontal best
2026-08-24T15:37:45.461,4121,RAD,horizontal,3,23.65,26.15,66.1,111.9,358,31.83,0.71,0.52,6,1.56,0,0,horizontal best
2026-08-24T15:37:45.461,4121,RAD,horizontal,3,23.65,26.15,125.6,34.3,68,28.57,2.50,0.76,4,1.17,0,0,horizontal best
2026-08-24T15:37:45.585,4122,RAD,horizontal,3,23.65,26.15,18.5,66.1,251,31.20,1.62,0.35,3,1.23,0,0,horizontal best
2026-08-24T15:37:45.585,4122,RAD,horizontal,3,23.65,26.15,66.1,111.9,358,31.83,0.71,0.52,5,1.55,0,0,horizontal best
2026-08-24T15:37:45.585,4122,RAD,horizontal,3,23.65,26.15,125.6,34.3,68,28.57,2.50,0.76,4,1.17,0,0,horizontal best
2026-08-24T15:37:45.685,4123,RAD,horizontal,3,23.65,26.15,18.4,66.1,259,31.00,1.62,0.36,3,1.22,0,0,horizontal best
2026-08-24T15:37:45.685,4123,RAD,horizontal,3,23.65,26.15,66.2,111.9,362,31.83,0.69,0.51,6,1.55,0,0,horizontal best
2026-08-24T15:37:45.685,4123,RAD,horizontal,3,23.65,26.15,125.6,34.2,68,28.39,2.50,0.76,4,1.16,0,0,horizontal best
2026-08-24T15:37:45.812,4124,RAD,horizontal,3,23.65,26.15,18.4,66.1,256,30.98,1.62,0.36,3,1.17,0,0,horizontal best
2026-08-24T15:37:45.812,4124,RAD,horizontal,3,23.65,26.15,66.3,111.8,363,31.72,0.69,0.52,6,1.54,0,0,horizontal best
2026-08-24T15:37:45.812,4124,RAD,horizontal,3,23.65,26.15,125.6,34.1,71,28.59,2.67,0.74,4,1.15,0,0,horizontal best
2026-08-24T15:37:45.906,4125,RAD,horizontal,3,23.60,26.10,18.4,66.1,251,30.69,1.67,0.34,3,1.16,0,0,horizontal best
2026-08-24T15:37:45.906,4125,RAD,horizontal,3,23.60,26.10,66.5,111.8,362,31.44,0.69,0.51,6,1.55,0,0,horizontal best
2026-08-24T15:37:45.906,4125,RAD,horizontal,3,23.60,26.10,125.6,34.3,68,28.59,2.50,0.76,5,1.18,0,0,horizontal best
2026-08-24T15:37:46.033,4126,RAD,horizontal,3,23.60,26.10,18.2,65.9,257,30.74,1.67,0.35,4,1.18,0,0,horizontal best
2026-08-24T15:37:46.033,4126,RAD,horizontal,3,23.60,26.10,66.7,111.8,366,31.63,0.71,0.54,6,1.54,0,0,horizontal best
2026-08-24T15:37:46.033,4126,RAD,horizontal,3,23.60,26.10,125.6,34.3,69,28.59,2.50,0.77,5,1.18,0,0,horizontal best
2026-08-24T15:37:46.129,4127,RAD,horizontal,3,23.60,26.10,18.2,65.9,255,30.85,1.67,0.35,3,1.18,0,0,horizontal best
2026-08-24T15:37:46.129,4127,RAD,horizontal,3,23.60,26.10,66.8,111.7,369,31.61,0.71,0.54,5,1.54,0,0,horizontal best
2026-08-24T15:37:46.129,4127,RAD,horizontal,3,23.60,26.10,125.6,34.4,68,28.57,2.50,0.76,2,1.18,0,0,horizontal best
2026-08-24T15:37:46.258,4128,RAD,horizontal,3,23.60,26.10,18.2,65.8,255,30.89,1.67,0.35,4,1.18,0,0,horizontal best
2026-08-24T15:37:46.258,4128,RAD,horizontal,3,23.60,26.10,66.9,111.7,372,31.61,0.71,0.55,5,1.54,0,0,horizontal best
2026-08-24T15:37:46.258,4128,RAD,horizontal,3,23.60,26.10,125.5,34.5,69,28.41,2.50,0.77,3,1.18,0,0,horizontal best
2026-08-24T15:37:46.385,4129,RAD,horizontal,3,23.62,26.12,18.2,65.9,253,30.89,1.67,0.34,3,1.17,0,0,horizontal best
2026-08-24T15:37:46.385,4129,RAD,horizontal,3,23.62,26.12,66.9,111.7,369,31.61,0.71,0.54,6,1.53,0,0,horizontal best
2026-08-24T15:37:46.385,4129,RAD,horizontal,3,23.62,26.12,125.5,34.5,68,28.39,2.50,0.76,3,1.15,0,0,horizontal best
2026-08-24T15:37:46.482,4130,RAD,horizontal,3,23.62,26.12,18.2,66.0,247,30.89,1.67,0.34,3,1.16,0,0,horizontal best
2026-08-24T15:37:46.482,4130,RAD,horizontal,3,23.62,26.12,66.6,111.8,353,31.70,0.71,0.52,6,1.53,0,0,horizontal best
2026-08-24T15:37:46.482,4130,RAD,horizontal,3,23.62,26.12,125.5,34.5,70,28.35,2.50,0.78,2,1.15,0,0,horizontal best
2026-08-24T15:37:46.609,4131,RAD,horizontal,3,23.62,26.12,18.2,66.0,248,30.91,1.67,0.34,3,1.17,0,0,horizontal best
2026-08-24T15:37:46.609,4131,RAD,horizontal,3,23.62,26.12,65.6,111.9,354,31.98,0.68,0.54,4,1.57,0,0,horizontal best
2026-08-24T15:37:46.609,4131,RAD,horizontal,3,23.62,26.12,125.5,34.4,70,28.32,2.50,0.78,2,1.09,0,0,horizontal best
2026-08-24T15:37:46.708,4132,RAD,horizontal,3,23.60,26.10,18.2,66.0,247,30.87,1.67,0.34,3,1.19,0,0,horizontal best
2026-08-24T15:37:46.708,4132,RAD,horizontal,3,23.60,26.10,64.3,112.3,321,31.89,0.62,0.50,3,1.53,0,0,horizontal best
2026-08-24T15:37:46.708,4132,RAD,horizontal,3,23.60,26.10,125.4,34.7,74,28.17,2.67,0.77,3,1.02,0,0,horizontal best
2026-08-24T15:37:46.832,4133,RAD,horizontal,2,23.62,26.12,18.2,65.9,252,31.24,1.67,0.34,3,1.22,0,0,horizontal best
2026-08-24T15:37:46.832,4133,RAD,horizontal,2,23.62,26.12,125.4,34.6,74,28.17,2.67,0.77,2,1.01,0,0,horizontal best
2026-08-24T15:37:46.928,4134,RAD,horizontal,2,23.62,26.12,18.2,65.9,250,31.24,1.67,0.34,3,1.24,0,0,horizontal best
2026-08-24T15:37:46.928,4134,RAD,horizontal,2,23.62,26.12,125.3,34.2,70,28.17,2.50,0.78,3,1.01,0,0,horizontal best
2026-08-24T15:37:47.056,4135,RAD,horizontal,2,23.60,26.10,18.2,65.9,254,31.24,1.67,0.35,3,1.24,0,0,horizontal best
2026-08-24T15:37:47.056,4135,RAD,horizontal,2,23.60,26.10,125.3,34.1,70,28.15,2.50,0.78,3,1.01,0,0,horizontal best
2026-08-24T15:37:47.186,4136,RAD,horizontal,2,23.60,26.10,18.3,66.0,255,31.24,1.67,0.35,3,1.26,0,0,horizontal best
2026-08-24T15:37:47.186,4136,RAD,horizontal,2,23.60,26.10,125.3,34.2,72,28.17,2.67,0.75,3,1.06,0,0,horizontal best
2026-08-24T15:37:47.283,4137,RAD,horizontal,2,23.58,26.08,18.3,66.0,252,31.26,1.67,0.34,3,1.24,0,0,horizontal best
2026-08-24T15:37:47.283,4137,RAD,horizontal,2,23.58,26.08,125.2,34.3,70,28.23,2.50,0.78,3,1.03,0,0,horizontal best
2026-08-24T15:37:47.411,4138,RAD,horizontal,2,23.58,26.08,18.3,66.1,257,31.28,1.67,0.35,3,1.26,0,0,horizontal best
2026-08-24T15:37:47.411,4138,RAD,horizontal,2,23.58,26.08,125.1,34.4,70,28.19,2.50,0.78,3,1.00,0,0,horizontal best
2026-08-24T15:37:47.521,4139,RAD,horizontal,2,23.55,26.05,18.3,66.1,260,31.24,1.67,0.35,3,1.29,0,0,horizontal best
2026-08-24T15:37:47.521,4139,RAD,horizontal,2,23.55,26.05,124.9,34.6,71,27.72,2.14,0.68,2,0.87,0,0,horizontal best
2026-08-24T15:37:47.636,4140,RAD,horizontal,2,23.58,26.08,18.3,66.0,260,31.28,1.67,0.35,3,1.29,0,0,horizontal best
2026-08-24T15:37:47.636,4140,RAD,horizontal,2,23.58,26.08,124.5,34.9,73,27.42,2.50,0.81,2,0.76,0,0,horizontal best
2026-08-24T15:37:47.731,4141,RAD,horizontal,2,23.55,26.05,18.3,66.0,260,31.28,1.67,0.35,3,1.29,0,0,horizontal best
2026-08-24T15:37:47.731,4141,RAD,horizontal,2,23.55,26.05,124.1,35.2,80,27.45,2.14,0.76,2,0.82,0,0,horizontal best
2026-08-24T15:37:47.859,4142,RAD,horizontal,2,23.58,26.08,18.3,66.0,255,31.28,1.67,0.35,3,1.29,0,0,horizontal best
2026-08-24T15:37:47.859,4142,RAD,horizontal,2,23.58,26.08,123.8,35.1,70,27.40,2.50,0.78,2,0.74,0,0,horizontal best
2026-08-24T15:37:47.955,4143,RAD,horizontal,2,23.60,26.10,18.3,66.1,254,31.30,1.67,0.35,3,1.30,0,0,horizontal best
2026-08-24T15:37:47.955,4143,RAD,horizontal,2,23.60,26.10,123.7,35.1,69,27.40,2.67,0.72,2,0.73,0,0,horizontal best
2026-08-24T15:37:48.085,4144,RAD,horizontal,2,23.58,26.08,18.4,66.1,252,31.30,1.67,0.34,3,1.29,0,0,horizontal best
2026-08-24T15:37:48.085,4144,RAD,horizontal,2,23.58,26.08,123.7,35.2,71,27.40,2.67,0.74,2,0.74,0,0,horizontal best
2026-08-24T15:37:48.214,4145,RAD,horizontal,2,23.58,26.08,18.4,66.2,249,31.30,1.67,0.34,3,1.29,0,0,horizontal best
2026-08-24T15:37:48.214,4145,RAD,horizontal,2,23.58,26.08,123.9,35.1,77,27.40,2.29,0.69,2,0.84,0,0,horizontal best
2026-08-24T15:37:48.360,4146,RAD,horizontal,2,23.55,26.05,18.3,66.0,249,31.30,1.62,0.35,3,1.29,0,0,horizontal best
2026-08-24T15:37:48.360,4146,RAD,horizontal,2,23.55,26.05,124.3,35.0,75,27.31,2.67,0.78,2,0.87,0,0,horizontal best
2026-08-24T15:37:48.442,4147,RAD,horizontal,1,23.53,26.03,18.2,65.8,254,31.30,1.62,0.36,3,1.30,0,0,horizontal best
2026-08-24T15:37:48.544,4148,RAD,horizontal,1,23.51,26.01,18.2,65.8,257,31.30,1.62,0.36,3,1.33,0,0,horizontal best
2026-08-24T15:37:48.658,4149,RAD,horizontal,1,23.48,25.98,18.0,65.9,262,31.30,1.55,0.35,3,1.38,0,0,horizontal best
2026-08-24T15:37:48.752,4150,RAD,horizontal,2,23.48,25.98,17.8,66.0,263,31.22,1.55,0.35,4,1.38,0,0,horizontal best
2026-08-24T15:37:48.752,4150,RAD,horizontal,2,23.48,25.98,124.9,34.9,79,27.72,2.29,0.71,2,0.99,0,0,horizontal best
2026-08-24T15:37:48.880,4151,RAD,horizontal,2,23.48,25.98,17.9,66.0,259,31.28,1.55,0.35,4,1.39,0,0,horizontal best
2026-08-24T15:37:48.880,4151,RAD,horizontal,2,23.48,25.98,125.0,34.9,80,27.74,2.29,0.71,2,0.99,0,0,horizontal best
2026-08-24T15:37:48.978,4152,RAD,horizontal,2,23.48,25.98,13.4,71.9,539,31.28,1.80,0.33,9,1.21,0,0,horizontal best
2026-08-24T15:37:48.978,4152,RAD,horizontal,2,23.48,25.98,125.0,34.9,80,27.76,2.29,0.71,2,0.98,0,0,horizontal best
2026-08-24T15:37:49.105,4153,RAD,horizontal,2,23.46,25.96,7.6,74.6,235,29.94,2.26,0.29,6,1.12,0,0,horizontal best
2026-08-24T15:37:49.105,4153,RAD,horizontal,2,23.46,25.96,125.0,34.9,80,27.76,2.29,0.71,2,0.98,0,0,horizontal best
2026-08-24T15:37:49.233,4154,RAD,horizontal,2,23.48,25.98,5.0,73.2,190,30.21,2.44,0.30,5,1.08,0,0,horizontal best
2026-08-24T15:37:49.233,4154,RAD,horizontal,2,23.48,25.98,125.0,34.9,80,27.83,2.29,0.71,2,0.99,0,0,horizontal best
2026-08-24T15:37:49.329,4155,RAD,horizontal,1,23.48,25.98,125.1,34.8,81,27.83,2.29,0.72,2,1.00,0,0,horizontal best
2026-08-24T15:37:49.456,4156,RAD,horizontal,2,23.46,25.96,125.1,34.8,81,27.79,2.29,0.72,2,1.00,0,0,horizontal best
2026-08-24T15:37:49.456,4156,RAD,horizontal,2,23.46,25.96,13.7,71.1,389,31.20,0.00,0.00,8,1.26,0,0,horizontal best
2026-08-24T15:37:49.550,4157,RAD,horizontal,2,23.48,25.98,125.0,34.7,84,27.79,2.29,0.75,3,1.02,0,0,horizontal best
2026-08-24T15:37:49.550,4157,RAD,horizontal,2,23.48,25.98,15.3,71.4,431,31.20,0.00,0.00,7,1.24,0,0,horizontal best
2026-08-24T15:37:49.678,4158,RAD,horizontal,2,23.46,25.96,125.0,34.6,84,27.72,2.29,0.75,3,1.02,0,0,horizontal best
2026-08-24T15:37:49.678,4158,RAD,horizontal,2,23.46,25.96,16.3,71.2,486,31.17,1.62,0.52,7,1.20,0,0,horizontal best
2026-08-24T15:37:49.773,4159,RAD,horizontal,2,23.43,25.93,125.0,34.6,83,27.67,2.29,0.74,3,1.01,0,0,horizontal best
2026-08-24T15:37:49.773,4159,RAD,horizontal,2,23.43,25.93,17.0,71.0,468,31.22,1.67,0.49,5,1.18,0,0,horizontal best
2026-08-24T15:37:49.904,4160,RAD,horizontal,2,23.46,25.96,125.1,34.7,81,27.79,2.29,0.72,3,1.02,0,0,horizontal best
2026-08-24T15:37:49.904,4160,RAD,horizontal,2,23.46,25.96,17.3,70.9,469,31.22,1.78,0.50,5,1.16,0,0,horizontal best
2026-08-24T15:37:50.033,4161,RAD,horizontal,2,23.43,25.93,125.0,34.6,84,27.79,2.29,0.75,3,1.03,0,0,horizontal best
2026-08-24T15:37:50.033,4161,RAD,horizontal,2,23.43,25.93,17.2,70.6,466,31.13,1.78,0.49,5,1.13,0,0,horizontal best
2026-08-24T15:37:50.128,4162,RAD,horizontal,2,23.43,25.93,125.0,34.5,85,27.79,2.29,0.76,3,1.04,0,0,horizontal best
2026-08-24T15:37:50.128,4162,RAD,horizontal,2,23.43,25.93,16.9,70.5,494,31.09,1.71,0.50,6,1.13,0,0,horizontal best
2026-08-24T15:37:50.258,4163,RAD,horizontal,2,23.43,25.93,125.1,34.6,80,27.76,2.67,0.83,2,1.03,0,0,horizontal best
2026-08-24T15:37:50.258,4163,RAD,horizontal,2,23.43,25.93,16.6,70.6,517,31.11,1.71,0.53,8,1.18,0,0,horizontal best
2026-08-24T15:37:50.352,4164,RAD,horizontal,2,23.43,25.93,125.2,34.6,80,27.74,2.67,0.83,2,1.03,0,0,horizontal best
2026-08-24T15:37:50.352,4164,RAD,horizontal,2,23.43,25.93,16.4,70.8,526,31.11,1.71,0.53,8,1.17,0,0,horizontal best
2026-08-24T15:37:50.481,4165,RAD,horizontal,2,23.41,25.91,125.2,34.6,80,27.61,2.67,0.83,2,1.02,0,0,horizontal best
2026-08-24T15:37:50.481,4165,RAD,horizontal,2,23.41,25.91,16.3,70.7,513,31.22,1.60,0.51,8,1.17,0,0,horizontal best
2026-08-24T15:37:50.575,4166,RAD,horizontal,2,23.41,25.91,125.2,34.6,80,27.58,2.67,0.83,2,1.02,0,0,horizontal best
2026-08-24T15:37:50.575,4166,RAD,horizontal,2,23.41,25.91,16.2,70.2,501,31.22,1.56,0.51,9,1.16,0,0,horizontal best
2026-08-24T15:37:50.704,4167,RAD,horizontal,2,23.41,25.91,125.2,34.6,80,27.56,2.67,0.83,2,1.02,0,0,horizontal best
2026-08-24T15:37:50.704,4167,RAD,horizontal,2,23.41,25.91,17.8,70.6,372,31.22,2.05,0.45,8,1.17,0,0,horizontal best
2026-08-24T15:37:50.799,4168,RAD,horizontal,2,23.41,25.91,125.2,34.6,80,27.58,2.67,0.83,2,1.02,0,0,horizontal best
2026-08-24T15:37:50.799,4168,RAD,horizontal,2,23.41,25.91,18.3,70.3,362,31.22,2.00,0.45,8,1.14,0,0,horizontal best
2026-08-24T15:37:50.927,4169,RAD,horizontal,2,23.41,25.91,125.2,34.7,79,27.42,2.67,0.82,3,1.00,0,0,horizontal best
2026-08-24T15:37:50.927,4169,RAD,horizontal,2,23.41,25.91,18.5,70.2,362,31.22,2.00,0.45,8,1.15,0,0,horizontal best
2026-08-24T15:37:51.056,4170,RAD,horizontal,2,23.41,25.91,125.2,34.7,79,27.45,2.67,0.82,2,1.00,0,0,horizontal best
2026-08-24T15:37:51.056,4170,RAD,horizontal,2,23.41,25.91,16.5,69.5,509,31.22,1.38,0.54,9,1.16,0,0,horizontal best
2026-08-24T15:37:51.151,4171,RAD,horizontal,2,23.41,25.91,125.2,34.7,79,27.45,2.67,0.82,2,1.00,0,0,horizontal best
2026-08-24T15:37:51.151,4171,RAD,horizontal,2,23.41,25.91,15.6,69.3,495,31.13,1.35,0.54,8,1.16,0,0,horizontal best
2026-08-24T15:37:51.282,4172,RAD,horizontal,2,23.43,25.93,125.2,34.6,76,27.45,2.50,0.84,3,0.96,0,0,horizontal best
2026-08-24T15:37:51.282,4172,RAD,horizontal,2,23.43,25.93,15.2,69.2,499,31.35,1.35,0.55,9,1.16,0,0,horizontal best
2026-08-24T15:37:51.376,4173,RAD,horizontal,2,23.43,25.93,125.2,34.6,76,27.47,2.50,0.84,2,0.96,0,0,horizontal best
2026-08-24T15:37:51.376,4173,RAD,horizontal,2,23.43,25.93,15.3,69.3,498,31.30,1.40,0.57,9,1.17,0,0,horizontal best
2026-08-24T15:37:51.505,4174,RAD,horizontal,2,23.43,25.93,125.2,34.6,76,27.54,2.50,0.84,2,0.97,0,0,horizontal best
2026-08-24T15:37:51.505,4174,RAD,horizontal,2,23.43,25.93,15.3,69.2,501,31.30,1.40,0.57,9,1.14,0,0,horizontal best
2026-08-24T15:37:51.599,4175,RAD,horizontal,2,23.41,25.91,125.2,34.6,76,27.61,2.50,0.84,2,0.98,0,0,horizontal best
2026-08-24T15:37:51.599,4175,RAD,horizontal,2,23.41,25.91,15.5,69.3,499,31.26,1.40,0.57,9,1.12,0,0,horizontal best
2026-08-24T15:37:51.726,4176,RAD,horizontal,2,23.41,25.91,125.2,34.6,76,27.61,2.50,0.84,2,0.98,0,0,horizontal best
2026-08-24T15:37:51.726,4176,RAD,horizontal,2,23.41,25.91,15.7,69.0,469,31.06,1.36,0.55,9,1.13,0,0,horizontal best
2026-08-24T15:37:51.855,4177,RAD,horizontal,2,23.41,25.91,125.2,34.6,76,27.61,2.50,0.84,2,0.98,0,0,horizontal best
2026-08-24T15:37:51.855,4177,RAD,horizontal,2,23.41,25.91,16.0,68.9,374,31.04,0.00,0.00,8,1.16,0,0,horizontal best
2026-08-24T15:37:51.951,4178,RAD,horizontal,2,23.43,25.93,125.2,34.6,76,27.61,2.50,0.84,2,0.99,0,0,horizontal best
2026-08-24T15:37:51.951,4178,RAD,horizontal,2,23.43,25.93,16.2,68.8,365,31.17,0.00,0.00,8,1.10,0,0,horizontal best
2026-08-24T15:37:52.081,4179,RAD,horizontal,2,23.43,25.93,125.2,34.6,76,27.65,2.50,0.84,3,0.99,0,0,horizontal best
2026-08-24T15:37:52.081,4179,RAD,horizontal,2,23.43,25.93,16.2,68.8,370,31.22,0.00,0.00,9,1.10,0,0,horizontal best
2026-08-24T15:37:52.177,4180,RAD,horizontal,2,23.43,25.93,125.2,34.6,76,27.65,2.50,0.84,2,0.99,0,0,horizontal best
2026-08-24T15:37:52.177,4180,RAD,horizontal,2,23.43,25.93,16.4,68.5,348,31.22,0.00,0.00,8,1.11,0,0,horizontal best
2026-08-24T15:37:52.306,4181,RAD,horizontal,2,23.43,25.93,125.2,34.6,76,27.67,2.50,0.84,2,0.99,0,0,horizontal best
2026-08-24T15:37:52.306,4181,RAD,horizontal,2,23.43,25.93,16.4,68.6,355,31.04,0.00,0.00,8,1.13,0,0,horizontal best
2026-08-24T15:37:52.399,4182,RAD,horizontal,2,23.43,25.93,125.3,34.6,77,27.70,2.50,0.86,2,1.02,0,0,horizontal best
2026-08-24T15:37:52.399,4182,RAD,horizontal,2,23.43,25.93,16.4,68.9,460,31.13,1.46,0.55,8,1.12,0,0,horizontal best
2026-08-24T15:37:52.530,4183,RAD,horizontal,2,23.41,25.91,125.3,34.6,77,27.72,2.50,0.86,2,1.02,0,0,horizontal best
2026-08-24T15:37:52.530,4183,RAD,horizontal,2,23.41,25.91,16.2,69.0,377,31.11,0.00,0.00,8,1.13,0,0,horizontal best
2026-08-24T15:37:52.624,4184,RAD,horizontal,2,23.41,25.91,125.3,34.6,77,27.72,2.50,0.86,2,1.02,0,0,horizontal best
2026-08-24T15:37:52.624,4184,RAD,horizontal,2,23.41,25.91,16.1,69.1,382,31.09,0.00,0.00,8,1.15,0,0,horizontal best
2026-08-24T15:37:52.753,4185,RAD,horizontal,2,23.43,25.93,125.2,34.6,76,27.72,2.50,0.84,2,1.00,0,0,horizontal best
2026-08-24T15:37:52.753,4185,RAD,horizontal,2,23.43,25.93,16.0,69.2,485,31.37,1.40,0.55,8,1.16,0,0,horizontal best
2026-08-24T15:37:52.878,4186,RAD,horizontal,2,23.43,25.93,125.2,34.6,76,27.72,2.50,0.84,2,1.00,0,0,horizontal best
2026-08-24T15:37:52.878,4186,RAD,horizontal,2,23.43,25.93,16.1,69.4,479,31.26,1.50,0.55,7,1.16,0,0,horizontal best
2026-08-24T15:37:52.974,4187,RAD,horizontal,2,23.43,25.93,125.2,34.6,76,27.70,2.50,0.84,2,0.99,0,0,horizontal best
2026-08-24T15:37:52.974,4187,RAD,horizontal,2,23.43,25.93,16.1,69.4,484,31.26,1.50,0.56,7,1.23,0,0,horizontal best
2026-08-24T15:37:53.102,4188,RAD,horizontal,2,23.41,25.91,125.3,34.6,76,27.67,2.50,0.84,2,1.03,0,0,horizontal best
2026-08-24T15:37:53.102,4188,RAD,horizontal,2,23.41,25.91,15.8,68.4,324,31.24,0.00,0.00,6,1.25,0,0,horizontal best
2026-08-24T15:37:53.199,4189,RAD,horizontal,1,23.43,25.93,15.5,68.1,342,31.17,0.00,0.00,7,1.22,0,0,horizontal best
2026-08-24T15:37:53.328,4190,RAD,horizontal,1,23.43,25.93,15.4,68.2,345,31.17,0.00,0.00,7,1.22,0,0,horizontal best
2026-08-24T15:37:53.422,4191,RAD,horizontal,1,23.43,25.93,15.9,69.0,479,31.17,1.44,0.53,8,1.21,0,0,horizontal best
2026-08-24T15:37:53.552,4192,RAD,horizontal,2,23.43,25.93,124.7,30.6,40,27.72,1.33,0.83,1,0.47,0,0,horizontal best
2026-08-24T15:37:53.552,4192,RAD,horizontal,2,23.43,25.93,16.3,69.2,451,31.06,1.42,0.55,8,1.19,0,0,horizontal best
2026-08-24T15:37:53.680,4193,RAD,horizontal,2,23.41,25.91,125.1,33.2,76,27.65,2.50,0.84,2,1.02,0,0,horizontal best
2026-08-24T15:37:53.680,4193,RAD,horizontal,2,23.41,25.91,16.4,69.0,352,31.13,0.00,0.00,8,1.19,0,0,horizontal best
2026-08-24T15:37:53.774,4194,RAD,horizontal,2,23.36,25.86,125.3,34.3,76,27.56,2.50,0.84,2,1.01,0,0,horizontal best
2026-08-24T15:37:53.774,4194,RAD,horizontal,2,23.36,25.86,16.5,69.1,348,31.13,0.00,0.00,8,1.17,0,0,horizontal best
2026-08-24T15:37:53.904,4195,RAD,horizontal,2,23.36,25.86,125.3,34.7,76,27.56,2.50,0.84,2,1.01,0,0,horizontal best
2026-08-24T15:37:53.904,4195,RAD,horizontal,2,23.36,25.86,16.4,69.0,341,31.28,0.00,0.00,8,1.13,0,0,horizontal best
2026-08-24T15:37:53.999,4196,RAD,horizontal,2,23.36,25.86,125.3,34.7,76,27.49,2.50,0.84,3,1.00,0,0,horizontal best
2026-08-24T15:37:53.999,4196,RAD,horizontal,2,23.36,25.86,16.4,69.7,452,31.28,1.52,0.56,7,1.09,0,0,horizontal best
2026-08-24T15:37:54.128,4197,RAD,horizontal,2,23.34,25.84,125.3,34.6,77,27.49,2.50,0.86,2,1.00,0,0,horizontal best
2026-08-24T15:37:54.128,4197,RAD,horizontal,2,23.34,25.84,16.5,69.9,442,31.28,1.52,0.55,6,1.12,0,0,horizontal best
2026-08-24T15:37:54.225,4198,RAD,horizontal,2,23.34,25.84,125.3,34.6,77,27.52,2.50,0.86,2,1.00,0,0,horizontal best
2026-08-24T15:37:54.225,4198,RAD,horizontal,2,23.34,25.84,16.8,70.1,433,31.28,1.59,0.56,5,1.07,0,0,horizontal best
2026-08-24T15:37:54.352,4199,RAD,horizontal,2,23.34,25.84,125.3,34.6,78,27.63,2.50,0.87,2,1.03,0,0,horizontal best
2026-08-24T15:37:54.352,4199,RAD,horizontal,2,23.34,25.84,17.1,69.0,262,31.28,0.00,0.00,5,1.04,0,0,horizontal best
2026-08-24T15:37:54.447,4200,RAD,horizontal,2,23.34,25.84,125.3,34.5,78,27.63,2.50,0.87,2,1.03,0,0,horizontal best
2026-08-24T15:37:54.447,4200,RAD,horizontal,2,23.34,25.84,17.4,68.5,247,31.22,0.00,0.00,7,1.04,0,0,horizontal best
2026-08-24T15:37:54.575,4201,RAD,horizontal,2,23.34,25.84,125.3,34.6,77,27.63,2.50,0.86,2,1.02,0,0,horizontal best
2026-08-24T15:37:54.575,4201,RAD,horizontal,2,23.34,25.84,17.4,68.0,221,31.20,0.00,0.00,5,1.02,0,0,horizontal best
2026-08-24T15:37:54.703,4202,RAD,horizontal,2,23.34,25.84,125.3,34.6,77,27.61,2.50,0.86,2,1.02,0,0,horizontal best
2026-08-24T15:37:54.703,4202,RAD,horizontal,2,23.34,25.84,17.9,69.7,468,31.15,1.86,0.52,4,1.26,0,0,horizontal best
2026-08-24T15:37:54.800,4203,RAD,horizontal,2,23.34,25.84,125.2,34.5,77,27.54,2.14,0.73,2,0.99,0,0,horizontal best
2026-08-24T15:37:54.800,4203,RAD,horizontal,2,23.34,25.84,18.2,70.5,456,31.11,1.86,0.51,4,1.27,0,0,horizontal best
2026-08-24T15:37:54.927,4204,RAD,horizontal,2,23.34,25.84,125.1,34.4,73,27.49,2.00,0.74,2,0.92,0,0,horizontal best
2026-08-24T15:37:54.927,4204,RAD,horizontal,2,23.34,25.84,17.9,69.1,276,31.11,0.00,0.00,5,1.06,0,0,horizontal best
2026-08-24T15:37:55.021,4205,RAD,horizontal,2,23.36,25.86,125.1,34.4,70,27.42,2.00,0.71,3,0.95,0,0,horizontal best
2026-08-24T15:37:55.021,4205,RAD,horizontal,2,23.36,25.86,17.8,68.1,210,31.06,0.00,0.00,5,1.08,0,0,horizontal best
2026-08-24T15:37:55.155,4206,RAD,horizontal,2,23.36,25.86,125.1,34.7,75,27.42,2.14,0.71,3,0.99,0,0,horizontal best
2026-08-24T15:37:55.155,4206,RAD,horizontal,2,23.36,25.86,18.0,69.5,457,31.22,1.86,0.51,4,1.33,0,0,horizontal best
2026-08-24T15:37:55.250,4207,RAD,horizontal,2,23.39,25.89,125.1,35.0,76,27.45,2.14,0.72,3,0.96,0,0,horizontal best
2026-08-24T15:37:55.250,4207,RAD,horizontal,2,23.39,25.89,18.2,70.3,455,31.22,1.82,0.52,4,1.33,0,0,horizontal best
2026-08-24T15:37:55.378,4208,RAD,horizontal,2,23.36,25.86,125.1,35.2,76,27.29,2.14,0.72,3,0.94,0,0,horizontal best
2026-08-24T15:37:55.378,4208,RAD,horizontal,2,23.36,25.86,18.2,70.5,457,31.20,1.82,0.52,4,1.33,0,0,horizontal best
2026-08-24T15:37:55.472,4209,RAD,horizontal,2,23.34,25.84,125.1,35.2,76,27.29,2.14,0.72,3,0.96,0,0,horizontal best
2026-08-24T15:37:55.472,4209,RAD,horizontal,2,23.34,25.84,18.1,70.5,457,31.20,1.82,0.52,5,1.34,0,0,horizontal best
2026-08-24T15:37:55.602,4210,RAD,horizontal,2,23.32,25.82,125.1,35.2,76,27.31,2.14,0.72,3,0.95,0,0,horizontal best
2026-08-24T15:37:55.602,4210,RAD,horizontal,2,23.32,25.82,18.1,70.4,456,31.17,1.82,0.52,4,1.34,0,0,horizontal best
2026-08-24T15:37:55.728,4211,RAD,horizontal,2,23.32,25.82,125.1,35.2,75,27.26,2.14,0.71,2,0.95,0,0,horizontal best
2026-08-24T15:37:55.728,4211,RAD,horizontal,2,23.32,25.82,17.6,68.4,186,31.17,0.00,0.00,5,1.04,0,0,horizontal best
2026-08-24T15:37:55.822,4212,RAD,horizontal,2,23.32,25.82,125.1,35.2,75,27.26,2.14,0.71,2,0.95,0,0,horizontal best
2026-08-24T15:37:55.822,4212,RAD,horizontal,2,23.32,25.82,17.3,67.5,185,31.13,0.00,0.00,5,1.04,0,0,horizontal best
2026-08-24T15:37:55.951,4213,RAD,horizontal,2,23.32,25.82,125.2,35.1,76,27.33,2.14,0.72,2,0.97,0,0,horizontal best
2026-08-24T15:37:55.951,4213,RAD,horizontal,2,23.32,25.82,17.8,69.3,461,31.20,1.82,0.52,5,1.35,0,0,horizontal best
2026-08-24T15:37:56.051,4214,RAD,horizontal,2,23.32,25.82,125.2,35.1,77,27.38,2.14,0.73,2,0.97,0,0,horizontal best
2026-08-24T15:37:56.051,4214,RAD,horizontal,2,23.32,25.82,18.1,70.2,464,31.30,1.86,0.51,5,1.36,0,0,horizontal best
2026-08-24T15:37:56.176,4215,RAD,horizontal,2,23.32,25.82,125.1,35.1,77,27.36,2.14,0.73,2,0.97,0,0,horizontal best
2026-08-24T15:37:56.176,4215,RAD,horizontal,2,23.32,25.82,18.2,70.6,461,31.26,1.86,0.51,5,1.37,0,0,horizontal best
2026-08-24T15:37:56.272,4216,RAD,horizontal,2,23.32,25.82,125.0,35.1,80,27.67,1.88,0.67,3,0.97,0,0,horizontal best
2026-08-24T15:37:56.272,4216,RAD,horizontal,2,23.32,25.82,18.3,70.7,454,31.13,1.86,0.50,6,1.36,0,0,horizontal best
2026-08-24T15:37:56.402,4217,RAD,horizontal,2,23.32,25.82,124.9,35.3,84,27.74,2.00,0.66,3,0.99,0,0,horizontal best
2026-08-24T15:37:56.402,4217,RAD,horizontal,2,23.32,25.82,18.3,70.6,453,31.13,1.82,0.51,5,1.35,0,0,horizontal best
2026-08-24T15:37:56.531,4218,RAD,horizontal,2,23.29,25.79,124.8,35.4,77,27.74,1.75,0.69,4,0.95,0,0,horizontal best
2026-08-24T15:37:56.531,4218,RAD,horizontal,2,23.29,25.79,18.3,70.6,454,31.11,1.82,0.52,5,1.36,0,0,horizontal best
2026-08-24T15:37:56.624,4219,RAD,horizontal,2,23.29,25.79,124.8,35.6,79,27.79,1.88,0.66,3,0.97,0,0,horizontal best
2026-08-24T15:37:56.624,4219,RAD,horizontal,2,23.29,25.79,18.2,70.5,454,31.06,1.82,0.52,5,1.37,0,0,horizontal best
2026-08-24T15:37:56.751,4220,RAD,horizontal,2,23.29,25.79,124.7,35.8,81,27.76,1.88,0.68,2,0.96,0,0,horizontal best
2026-08-24T15:37:56.751,4220,RAD,horizontal,2,23.29,25.79,18.3,70.5,452,31.09,1.90,0.54,5,1.37,0,0,horizontal best
2026-08-24T15:37:56.846,4221,RAD,horizontal,2,23.27,25.77,124.7,35.8,81,27.74,1.88,0.68,2,0.95,0,0,horizontal best
2026-08-24T15:37:56.846,4221,RAD,horizontal,2,23.27,25.77,18.3,70.5,451,31.04,1.82,0.51,5,1.36,0,0,horizontal best
2026-08-24T15:37:56.975,4222,RAD,horizontal,2,23.27,25.77,124.7,35.7,82,27.74,1.88,0.68,2,0.96,0,0,horizontal best
2026-08-24T15:37:56.975,4222,RAD,horizontal,2,23.27,25.77,18.3,70.6,451,31.04,1.90,0.54,5,1.36,0,0,horizontal best
2026-08-24T15:37:57.073,4223,RAD,horizontal,2,23.27,25.77,124.6,35.9,77,27.65,1.75,0.69,2,0.96,0,0,horizontal best
2026-08-24T15:37:57.073,4223,RAD,horizontal,2,23.27,25.77,18.3,70.5,452,31.06,1.90,0.54,5,1.36,0,0,horizontal best
2026-08-24T15:37:57.199,4224,RAD,horizontal,2,23.24,25.74,124.5,36.0,77,27.33,1.75,0.69,2,0.90,0,0,horizontal best
2026-08-24T15:37:57.199,4224,RAD,horizontal,2,23.24,25.74,17.7,68.5,249,30.95,0.00,0.00,5,1.04,0,0,horizontal best
2026-08-24T15:37:57.295,4225,RAD,horizontal,1,23.27,25.77,17.5,67.5,259,31.11,0.00,0.00,5,1.07,0,0,horizontal best
2026-08-24T15:37:57.423,4226,RAD,horizontal,1,23.24,25.74,17.4,67.1,258,31.20,0.00,0.00,5,1.04,0,0,horizontal best
2026-08-24T15:37:57.550,4227,RAD,horizontal,2,23.22,25.72,124.4,36.4,75,27.13,1.75,0.67,2,0.87,0,0,horizontal best
2026-08-24T15:37:57.550,4227,RAD,horizontal,2,23.22,25.72,17.5,67.0,258,30.93,0.00,0.00,6,1.02,0,0,horizontal best
2026-08-24T15:37:57.648,4228,RAD,horizontal,2,23.22,25.72,124.4,36.4,75,27.08,1.75,0.67,2,0.87,0,0,horizontal best
2026-08-24T15:37:57.648,4228,RAD,horizontal,2,23.22,25.72,17.5,67.0,260,31.00,0.00,0.00,6,1.02,0,0,horizontal best
2026-08-24T15:37:57.774,4229,RAD,horizontal,2,23.22,25.72,124.4,36.4,75,27.06,1.75,0.67,2,0.87,0,0,horizontal best
2026-08-24T15:37:57.774,4229,RAD,horizontal,2,23.22,25.72,17.5,67.0,258,30.93,0.00,0.00,7,1.01,0,0,horizontal best
2026-08-24T15:37:57.873,4230,RAD,horizontal,2,23.22,25.72,124.4,36.4,75,27.06,1.75,0.67,2,0.88,0,0,horizontal best
2026-08-24T15:37:57.873,4230,RAD,horizontal,2,23.22,25.72,17.6,67.1,259,30.98,0.00,0.00,6,1.02,0,0,horizontal best
2026-08-24T15:37:58.000,4231,RAD,horizontal,2,23.22,25.72,124.4,36.4,75,27.04,1.75,0.67,3,0.88,0,0,horizontal best
2026-08-24T15:37:58.000,4231,RAD,horizontal,2,23.22,25.72,17.6,67.1,259,31.00,0.00,0.00,6,1.02,0,0,horizontal best
2026-08-24T15:37:58.095,4232,RAD,horizontal,2,23.22,25.72,124.4,36.4,76,27.06,1.75,0.68,2,0.88,0,0,horizontal best
2026-08-24T15:37:58.095,4232,RAD,horizontal,2,23.22,25.72,17.6,67.1,264,30.87,0.00,0.00,6,1.03,0,0,horizontal best
2026-08-24T15:37:58.227,4233,RAD,horizontal,2,23.22,25.72,124.4,36.4,76,27.15,1.75,0.68,3,0.88,0,0,horizontal best
2026-08-24T15:37:58.227,4233,RAD,horizontal,2,23.22,25.72,17.6,67.1,264,30.85,0.00,0.00,7,1.02,0,0,horizontal best
2026-08-24T15:37:58.351,4234,RAD,horizontal,2,23.24,25.74,124.4,36.5,76,27.13,1.75,0.68,3,0.87,0,0,horizontal best
2026-08-24T15:37:58.351,4234,RAD,horizontal,2,23.24,25.74,17.6,67.2,262,30.85,0.00,0.00,7,1.01,0,0,horizontal best
2026-08-24T15:37:58.446,4235,RAD,horizontal,2,23.24,25.74,124.4,36.5,76,27.13,1.75,0.68,3,0.87,0,0,horizontal best
2026-08-24T15:37:58.446,4235,RAD,horizontal,2,23.24,25.74,17.6,67.2,261,30.85,0.00,0.00,7,1.01,0,0,horizontal best
2026-08-24T15:37:58.576,4236,RAD,horizontal,2,23.27,25.77,124.4,36.4,76,27.13,1.75,0.68,3,0.89,0,0,horizontal best
2026-08-24T15:37:58.576,4236,RAD,horizontal,2,23.27,25.77,17.6,67.3,264,30.85,0.00,0.00,7,1.02,0,0,horizontal best
2026-08-24T15:37:58.673,4237,RAD,horizontal,2,23.29,25.79,124.4,36.3,74,27.31,1.75,0.66,2,0.91,0,0,horizontal best
2026-08-24T15:37:58.673,4237,RAD,horizontal,2,23.29,25.79,17.5,66.8,187,30.85,0.00,0.00,6,1.02,0,0,horizontal best
2026-08-24T15:37:58.798,4238,RAD,horizontal,2,23.27,25.77,124.4,36.3,74,27.31,1.75,0.66,2,0.90,0,0,horizontal best
2026-08-24T15:37:58.798,4238,RAD,horizontal,2,23.27,25.77,17.4,66.5,190,30.87,0.00,0.00,6,1.02,0,0,horizontal best
2026-08-24T15:37:58.895,4239,RAD,horizontal,2,23.27,25.77,124.4,36.2,73,27.31,1.75,0.65,2,0.89,0,0,horizontal best
2026-08-24T15:37:58.895,4239,RAD,horizontal,2,23.27,25.77,17.4,66.7,182,30.91,0.00,0.00,6,1.00,0,0,horizontal best
2026-08-24T15:37:59.025,4240,RAD,horizontal,2,23.27,25.77,124.4,36.2,73,27.33,1.75,0.65,2,0.90,0,0,horizontal best
2026-08-24T15:37:59.025,4240,RAD,horizontal,2,23.27,25.77,18.1,69.1,461,31.44,2.00,0.52,6,1.36,0,0,horizontal best
2026-08-24T15:37:59.120,4241,RAD,horizontal,2,23.27,25.77,124.4,36.2,73,27.33,1.75,0.65,2,0.89,0,0,horizontal best
2026-08-24T15:37:59.120,4241,RAD,horizontal,2,23.27,25.77,18.4,70.1,459,31.39,1.95,0.53,6,1.36,0,0,horizontal best
2026-08-24T15:37:59.248,4242,RAD,horizontal,2,23.27,25.77,124.4,36.3,72,27.33,1.75,0.64,2,0.88,0,0,horizontal best
2026-08-24T15:37:59.248,4242,RAD,horizontal,2,23.27,25.77,18.4,70.4,453,31.39,1.95,0.53,6,1.38,0,0,horizontal best
2026-08-24T15:37:59.378,4243,RAD,horizontal,2,23.27,25.77,124.4,36.2,73,27.33,1.75,0.65,2,0.90,0,0,horizontal best
2026-08-24T15:37:59.378,4243,RAD,horizontal,2,23.27,25.77,18.4,70.3,452,31.37,1.95,0.52,6,1.39,0,0,horizontal best
2026-08-24T15:37:59.473,4244,RAD,horizontal,2,23.27,25.77,124.4,36.2,73,27.33,1.75,0.65,2,0.90,0,0,horizontal best
2026-08-24T15:37:59.473,4244,RAD,horizontal,2,23.27,25.77,18.3,70.2,451,31.37,1.95,0.52,6,1.39,0,0,horizontal best
2026-08-24T15:37:59.600,4245,RAD,horizontal,2,23.27,25.77,124.4,36.4,71,27.45,1.62,0.68,2,0.93,0,0,horizontal best
2026-08-24T15:37:59.600,4245,RAD,horizontal,2,23.27,25.77,17.7,67.8,180,31.35,0.00,0.00,6,1.05,0,0,horizontal best
2026-08-24T15:37:59.696,4246,RAD,horizontal,2,23.27,25.77,124.4,36.4,71,27.49,1.62,0.68,2,0.93,0,0,horizontal best
2026-08-24T15:37:59.696,4246,RAD,horizontal,2,23.27,25.77,17.4,66.8,180,31.33,0.00,0.00,6,1.06,0,0,horizontal best
2026-08-24T15:37:59.828,4247,RAD,horizontal,2,23.29,25.79,124.4,36.4,71,27.52,1.62,0.68,2,0.93,0,0,horizontal best
2026-08-24T15:37:59.828,4247,RAD,horizontal,2,23.29,25.79,17.5,66.5,190,31.30,0.00,0.00,6,1.14,0,0,horizontal best
2026-08-24T15:37:59.921,4248,RAD,horizontal,2,23.27,25.77,124.4,36.5,72,27.52,1.62,0.69,2,0.93,0,0,horizontal best
2026-08-24T15:37:59.921,4248,RAD,horizontal,2,23.27,25.77,17.5,66.6,190,31.33,0.00,0.00,6,1.15,0,0,horizontal best
2026-08-24T15:38:00.046,4249,RAD,horizontal,2,23.27,25.77,124.4,36.4,72,27.52,1.62,0.69,2,0.94,0,0,horizontal best
2026-08-24T15:38:00.046,4249,RAD,horizontal,2,23.27,25.77,17.6,66.7,190,31.33,0.00,0.00,6,1.15,0,0,horizontal best
2026-08-24T15:38:00.200,4250,RAD,horizontal,2,23.24,25.74,124.4,36.4,71,27.52,1.62,0.68,2,0.93,0,0,horizontal best
2026-08-24T15:38:00.200,4250,RAD,horizontal,2,23.24,25.74,17.5,66.6,182,31.33,0.00,0.00,6,1.14,0,0,horizontal best
2026-08-24T15:38:00.297,4251,RAD,horizontal,2,23.22,25.72,124.4,36.4,71,27.52,1.62,0.68,2,0.93,0,0,horizontal best
2026-08-24T15:38:00.297,4251,RAD,horizontal,2,23.22,25.72,17.5,66.5,184,31.33,0.00,0.00,6,1.14,0,0,horizontal best
2026-08-24T15:38:00.409,4252,RAD,horizontal,2,23.22,25.72,124.4,36.4,71,27.52,1.62,0.68,2,0.93,0,0,horizontal best
2026-08-24T15:38:00.409,4252,RAD,horizontal,2,23.22,25.72,17.5,66.5,183,31.35,0.00,0.00,6,1.14,0,0,horizontal best
2026-08-24T15:38:00.495,4253,RAD,horizontal,2,23.22,25.72,124.4,36.4,71,27.47,1.62,0.68,2,0.95,0,0,horizontal best
2026-08-24T15:38:00.495,4253,RAD,horizontal,2,23.22,25.72,17.5,66.7,186,31.35,0.00,0.00,6,1.16,0,0,horizontal best
2026-08-24T15:38:00.622,4254,RAD,horizontal,2,23.22,25.72,124.4,36.4,71,27.47,1.62,0.68,2,0.95,0,0,horizontal best
2026-08-24T15:38:00.622,4254,RAD,horizontal,2,23.22,25.72,17.4,66.5,182,31.35,0.00,0.00,6,1.15,0,0,horizontal best
2026-08-24T15:38:00.722,4255,RAD,horizontal,2,23.22,25.72,124.4,36.4,72,27.56,1.62,0.69,2,0.97,0,0,horizontal best
2026-08-24T15:38:00.722,4255,RAD,horizontal,2,23.22,25.72,18.0,69.0,463,31.37,1.95,0.54,6,1.45,0,0,horizontal best
2026-08-24T15:38:00.875,4256,RAD,horizontal,2,23.24,25.74,124.4,36.3,72,27.56,1.62,0.69,1,0.98,0,0,horizontal best
2026-08-24T15:38:00.875,4256,RAD,horizontal,2,23.24,25.74,18.3,70.1,461,31.37,1.95,0.54,6,1.43,0,0,horizontal best
2026-08-24T15:38:00.956,4257,RAD,horizontal,2,23.24,25.74,124.4,36.3,72,27.56,1.62,0.69,4,0.98,0,0,horizontal best
2026-08-24T15:38:00.956,4257,RAD,horizontal,2,23.24,25.74,18.5,70.3,467,31.26,1.95,0.54,6,1.43,0,0,horizontal best
2026-08-24T15:38:01.083,4258,RAD,horizontal,2,23.27,25.77,124.4,36.3,72,27.54,1.62,0.69,3,0.99,0,0,horizontal best
2026-08-24T15:38:01.083,4258,RAD,horizontal,2,23.27,25.77,18.5,70.3,466,31.20,1.95,0.54,6,1.40,0,0,horizontal best
2026-08-24T15:38:01.470,4259,RAD,horizontal,2,23.27,25.77,124.4,36.3,72,27.52,1.62,0.69,3,0.99,0,0,horizontal best
2026-08-24T15:38:01.470,4259,RAD,horizontal,2,23.27,25.77,18.0,68.0,251,31.20,0.00,0.00,6,1.08,0,0,horizontal best
2026-08-24T15:38:01.648,4260,RAD,horizontal,2,23.24,25.74,124.4,36.3,72,27.52,1.62,0.69,3,0.99,0,0,horizontal best
2026-08-24T15:38:01.648,4260,RAD,horizontal,2,23.24,25.74,17.9,67.2,255,31.20,0.00,0.00,6,1.09,0,0,horizontal best
2026-08-24T15:38:01.708,4261,RAD,horizontal,2,23.23,25.73,124.4,36.3,72,27.52,1.62,0.69,3,0.99,0,0,horizontal best
2026-08-24T15:38:01.708,4261,RAD,horizontal,2,23.23,25.73,17.6,66.4,186,31.20,0.00,0.00,6,1.08,0,0,horizontal best
2026-08-24T15:38:01.848,4262,RAD,horizontal,2,23.22,25.72,124.4,36.3,72,27.49,1.62,0.69,3,0.99,0,0,horizontal best
2026-08-24T15:38:01.848,4262,RAD,horizontal,2,23.22,25.72,17.5,66.2,186,31.20,0.00,0.00,6,1.09,0,0,horizontal best
2026-08-24T15:38:02.077,4263,RAD,horizontal,2,23.22,25.72,124.4,36.3,72,27.52,1.62,0.69,3,0.97,0,0,horizontal best
2026-08-24T15:38:02.077,4263,RAD,horizontal,2,23.22,25.72,17.5,66.3,184,31.22,0.00,0.00,6,1.09,0,0,horizontal best
2026-08-24T15:38:02.132,4264,RAD,horizontal,2,23.22,25.72,124.4,36.3,72,27.52,1.62,0.69,3,0.97,0,0,horizontal best
2026-08-24T15:38:02.132,4264,RAD,horizontal,2,23.22,25.72,17.5,66.4,193,31.17,0.00,0.00,6,1.11,0,0,horizontal best
2026-08-24T15:38:02.186,4265,RAD,horizontal,2,23.22,25.72,124.4,36.3,72,27.52,1.62,0.69,3,0.97,0,0,horizontal best
2026-08-24T15:38:02.186,4265,RAD,horizontal,2,23.22,25.72,17.7,66.9,267,31.17,0.00,0.00,6,1.10,0,0,horizontal best
2026-08-24T15:38:02.276,4266,RAD,horizontal,2,23.22,25.72,124.4,36.3,72,27.52,1.62,0.69,3,0.98,0,0,horizontal best
2026-08-24T15:38:02.276,4266,RAD,horizontal,2,23.22,25.72,17.7,67.0,264,31.15,0.00,0.00,5,1.12,0,0,horizontal best
2026-08-24T15:38:02.340,4267,RAD,horizontal,2,23.22,25.72,124.4,36.3,72,27.52,1.62,0.69,3,0.98,0,0,horizontal best
2026-08-24T15:38:02.340,4267,RAD,horizontal,2,23.22,25.72,17.7,66.9,266,30.93,0.00,0.00,5,1.12,0,0,horizontal best
2026-08-24T15:38:02.451,4268,RAD,horizontal,2,23.22,25.72,124.4,36.3,72,27.52,1.62,0.69,3,0.98,0,0,horizontal best
2026-08-24T15:38:02.451,4268,RAD,horizontal,2,23.22,25.72,18.1,68.9,463,31.06,2.00,0.52,5,1.41,0,0,horizontal best
2026-08-24T15:38:02.554,4269,RAD,horizontal,2,23.22,25.72,124.4,36.3,72,27.52,1.62,0.69,3,0.98,0,0,horizontal best
2026-08-24T15:38:02.554,4269,RAD,horizontal,2,23.22,25.72,18.2,69.9,460,31.17,1.95,0.53,5,1.41,0,0,horizontal best
2026-08-24T15:38:02.672,4270,RAD,horizontal,2,23.22,25.72,124.4,36.3,72,27.52,1.62,0.69,3,0.98,0,0,horizontal best
2026-08-24T15:38:02.672,4270,RAD,horizontal,2,23.22,25.72,18.3,70.1,459,30.98,1.95,0.53,5,1.39,0,0,horizontal best
2026-08-24T15:38:02.768,4271,RAD,horizontal,2,23.22,25.72,124.4,36.3,72,27.52,1.62,0.69,3,0.99,0,0,horizontal best
2026-08-24T15:38:02.768,4271,RAD,horizontal,2,23.22,25.72,18.3,70.2,459,30.98,1.95,0.53,6,1.38,0,0,horizontal best
2026-08-24T15:38:02.896,4272,RAD,horizontal,2,23.20,25.70,124.4,36.3,72,27.52,1.62,0.69,3,0.99,0,0,horizontal best
2026-08-24T15:38:02.896,4272,RAD,horizontal,2,23.20,25.70,18.4,70.2,453,31.15,1.95,0.53,6,1.39,0,0,horizontal best
2026-08-24T15:38:03.024,4273,RAD,horizontal,2,23.20,25.70,124.4,36.3,72,27.52,1.62,0.69,3,0.98,0,0,horizontal best
2026-08-24T15:38:03.024,4273,RAD,horizontal,2,23.20,25.70,18.5,70.4,438,30.80,1.95,0.51,6,1.38,0,0,horizontal best
2026-08-24T15:38:03.119,4274,RAD,horizontal,2,23.17,25.67,124.4,36.3,72,27.52,1.62,0.69,3,0.98,0,0,horizontal best
2026-08-24T15:38:03.119,4274,RAD,horizontal,2,23.17,25.67,18.2,68.5,217,30.54,0.00,0.00,5,0.98,0,0,horizontal best
2026-08-24T15:38:03.248,4275,RAD,horizontal,2,23.15,25.65,124.4,36.3,72,27.52,1.62,0.69,3,0.98,0,0,horizontal best
2026-08-24T15:38:03.248,4275,RAD,horizontal,2,23.15,25.65,18.2,67.9,207,30.56,0.00,0.00,5,0.96,0,0,horizontal best
2026-08-24T15:38:03.348,4276,RAD,horizontal,2,23.15,25.65,124.4,36.3,72,27.52,1.62,0.69,3,0.97,0,0,horizontal best
2026-08-24T15:38:03.348,4276,RAD,horizontal,2,23.15,25.65,18.6,69.5,400,30.56,1.86,0.49,4,1.32,0,0,horizontal best
2026-08-24T15:38:03.471,4277,RAD,horizontal,2,23.15,25.65,124.4,36.3,72,27.56,1.62,0.69,3,0.98,0,0,horizontal best
2026-08-24T15:38:03.471,4277,RAD,horizontal,2,23.15,25.65,18.4,68.6,199,30.50,0.00,0.00,5,0.99,0,0,horizontal best
2026-08-24T15:38:03.567,4278,RAD,horizontal,2,23.15,25.65,124.4,36.3,72,27.56,1.62,0.69,3,0.98,0,0,horizontal best
2026-08-24T15:38:03.567,4278,RAD,horizontal,2,23.15,25.65,18.8,70.0,395,30.45,1.86,0.48,4,1.31,0,0,horizontal best
