timestamp,frame,mode,view,n_det,background,threshold,cx,cy,area_px,val_max,aspect,extent,peaks,std_c,skin_px,priority,note
2026-08-21T14:48:58.584,24,RAD,any,1,23.93,26.43,83.0,109.3,639,31.24,0.76,0.72,8,1.35,0,0,run2 pfilter4
2026-08-21T14:48:58.713,25,RAD,any,1,23.93,26.43,83.0,109.4,637,31.24,0.76,0.72,8,1.35,0,0,run2 pfilter4
2026-08-21T14:48:58.844,26,RAD,any,1,23.88,26.38,83.0,109.4,635,31.17,0.76,0.72,9,1.34,0,0,run2 pfilter4
2026-08-21T14:48:58.941,27,RAD,any,1,23.91,26.41,82.9,109.4,641,31.17,0.76,0.73,9,1.33,0,0,run2 pfilter4
2026-08-21T14:48:59.067,28,RAD,any,1,23.88,26.38,82.8,109.4,646,31.15,0.76,0.73,8,1.31,0,0,run2 pfilter4
2026-08-21T14:48:59.161,29,RAD,any,1,23.88,26.38,82.6,109.3,636,31.06,0.76,0.72,9,1.31,0,0,run2 pfilter4
2026-08-21T14:48:59.291,30,RAD,any,1,23.91,26.41,83.8,107.8,347,31.09,0.96,0.49,5,1.46,0,0,run2 pfilter4
2026-08-21T14:48:59.387,31,RAD,any,1,23.91,26.41,84.2,107.4,334,31.04,0.96,0.48,7,1.44,0,0,run2 pfilter4
2026-08-21T14:48:59.514,32,RAD,any,1,23.91,26.41,84.3,107.3,336,31.04,1.00,0.46,7,1.43,0,0,run2 pfilter4
2026-08-21T14:48:59.612,33,RAD,any,1,23.91,26.41,82.9,107.0,354,31.06,1.00,0.49,8,1.42,0,0,run2 pfilter4
2026-08-21T14:48:59.736,34,RAD,any,1,23.91,26.41,82.2,107.0,352,31.11,1.00,0.48,5,1.42,0,0,run2 pfilter4
2026-08-21T14:48:59.862,35,RAD,vertical,1,23.91,26.41,82.0,107.0,351,31.11,1.04,0.50,6,1.42,0,0,run2 pfilter4
2026-08-21T14:48:59.960,36,RAD,vertical,1,23.88,26.38,82.6,107.1,325,31.11,1.35,0.60,5,1.45,0,0,run2 pfilter4
2026-08-21T14:49:00.087,37,RAD,vertical,1,23.88,26.38,83.0,107.1,321,31.11,1.35,0.59,5,1.45,0,0,run2 pfilter4
2026-08-21T14:49:00.184,38,RAD,vertical,1,23.88,26.38,83.1,107.2,306,31.11,1.30,0.59,5,1.46,0,0,run2 pfilter4
2026-08-21T14:49:00.310,39,RAD,vertical,1,23.86,26.36,83.8,107.4,333,31.11,1.00,0.49,5,1.47,0,0,run2 pfilter4
2026-08-21T14:49:00.406,40,RAD,vertical,0,23.88,26.38,,,,,,,,,,,run2 pfilter4
2026-08-21T14:49:00.533,41,RAD,vertical,0,23.84,26.34,,,,,,,,,,,run2 pfilter4
2026-08-21T14:49:00.660,42,RAD,vertical,0,23.84,26.34,,,,,,,,,,,run2 pfilter4
2026-08-21T14:49:00.755,43,RAD,vertical,0,23.79,26.29,,,,,,,,,,,run2 pfilter4
2026-08-21T14:49:00.885,44,RAD,vertical,0,23.79,26.29,,,,,,,,,,,run2 pfilter4
2026-08-21T14:49:00.985,45,RAD,horizontal,0,23.79,26.29,,,,,,,,,,,run2 pfilter4
2026-08-21T14:49:01.113,46,RAD,horizontal,0,23.77,26.27,,,,,,,,,,,run2 pfilter4
2026-08-21T14:49:01.210,47,RAD,horizontal,0,23.77,26.27,,,,,,,,,,,run2 pfilter4
2026-08-21T14:49:01.339,48,RAD,horizontal,0,23.74,26.24,,,,,,,,,,,run2 pfilter4
2026-08-21T14:49:01.431,49,RAD,horizontal,0,23.72,26.22,,,,,,,,,,,run2 pfilter4
2026-08-21T14:49:01.559,50,RAD,horizontal,2,23.72,26.22,83.7,107.7,290,31.04,0.84,0.36,5,1.35,0,0,run2 pfilter4
2026-08-21T14:49:01.559,50,RAD,horizontal,2,23.72,26.22,0.5,1.6,8,34.67,2.00,1.00,1,2.14,0,0,run2 pfilter4
2026-08-21T14:49:01.692,51,RAD,horizontal,2,23.72,26.22,83.7,107.6,297,31.04,0.84,0.37,5,1.34,0,0,run2 pfilter4
2026-08-21T14:49:01.692,51,RAD,horizontal,2,23.72,26.22,0.5,1.5,8,34.21,2.00,1.00,1,2.01,0,0,run2 pfilter4
2026-08-21T14:49:01.785,52,RAD,horizontal,2,23.70,26.20,84.5,108.1,264,31.04,1.04,0.41,5,1.30,0,0,run2 pfilter4
2026-08-21T14:49:01.785,52,RAD,horizontal,2,23.70,26.20,0.5,1.5,8,34.21,2.00,1.00,1,1.99,0,0,run2 pfilter4
2026-08-21T14:49:01.916,53,RAD,horizontal,1,23.70,26.20,84.9,108.9,233,31.06,0.00,0.00,5,1.10,0,0,run2 pfilter4
2026-08-21T14:49:02.011,54,RAD,horizontal,1,23.67,26.17,86.4,110.0,290,31.06,0.00,0.00,5,1.05,0,0,run2 pfilter4
2026-08-21T14:49:02.136,55,RAD,horizontal,1,23.65,26.15,85.7,110.0,331,31.11,0.81,0.40,6,1.18,0,0,run2 pfilter4
2026-08-21T14:49:02.234,56,RAD,horizontal,1,23.65,26.15,85.3,109.9,327,31.09,0.81,0.39,6,1.17,0,0,run2 pfilter4
2026-08-21T14:49:02.363,57,RAD,horizontal,0,23.67,26.17,,,,,,,,,,,run2 pfilter4
2026-08-21T14:49:02.459,58,RAD,horizontal,0,23.67,26.17,,,,,,,,,,,run2 pfilter4
2026-08-21T14:49:02.584,59,RAD,horizontal,0,23.65,26.15,,,,,,,,,,,run2 pfilter4
2026-08-21T14:49:02.712,60,RAD,horizontal,0,23.62,26.12,,,,,,,,,,,run2 pfilter4
2026-08-21T14:49:02.809,61,RAD,horizontal,0,23.62,26.12,,,,,,,,,,,run2 pfilter4
2026-08-21T14:49:02.938,62,RAD,horizontal,0,23.60,26.10,,,,,,,,,,,run2 pfilter4
2026-08-21T14:49:03.031,63,RAD,horizontal,0,23.60,26.10,,,,,,,,,,,run2 pfilter4
2026-08-21T14:49:03.158,64,RAD,horizontal,0,23.62,26.12,,,,,,,,,,,run2 pfilter4
2026-08-21T14:49:03.255,65,RAD,horizontal,0,23.62,26.12,,,,,,,,,,,run2 pfilter4
2026-08-21T14:49:03.385,66,RAD,horizontal,0,23.62,26.12,,,,,,,,,,,run2 pfilter4
2026-08-21T14:49:03.514,67,RAD,horizontal,0,23.65,26.15,,,,,,,,,,,run2 pfilter4
2026-08-21T14:49:03.608,68,RAD,horizontal,1,23.65,26.15,93.9,115.8,9,30.76,1.00,1.00,1,0.36,0,0,run2 pfilter4
2026-08-21T14:49:03.737,69,RAD,horizontal,1,23.65,26.15,88.1,111.4,468,31.15,0.85,0.47,10,1.09,0,0,run2 pfilter4
2026-08-21T14:49:03.833,70,RAD,horizontal,1,23.65,26.15,86.8,109.2,418,31.17,0.00,0.00,10,1.01,0,0,run2 pfilter4
2026-08-21T14:49:03.961,71,RAD,horizontal,1,23.65,26.15,85.8,108.3,499,31.15,0.00,0.00,10,1.05,0,0,run2 pfilter4
2026-08-21T14:49:04.054,72,RAD,horizontal,1,23.62,26.12,85.1,107.7,580,31.11,1.03,0.55,14,1.05,0,0,run2 pfilter4
2026-08-21T14:49:04.183,73,RAD,horizontal,1,23.62,26.12,86.3,107.8,574,31.02,0.81,0.74,15,0.96,0,0,run2 pfilter4
2026-08-21T14:49:04.283,74,RAD,horizontal,1,23.65,26.15,86.8,106.1,765,31.15,1.12,0.63,16,1.15,0,0,run2 pfilter4
2026-08-21T14:49:04.409,75,RAD,horizontal,1,23.65,26.15,88.6,105.7,733,32.30,0.94,0.82,17,1.21,0,0,run2 pfilter4
2026-08-21T14:49:04.537,76,RAD,horizontal,1,23.65,26.15,89.9,103.4,787,31.81,1.37,0.64,17,1.27,0,0,run2 pfilter4
2026-08-21T14:49:04.633,77,RAD,horizontal,1,23.62,26.12,90.8,101.4,790,31.63,1.43,0.61,13,1.25,0,0,run2 pfilter4
2026-08-21T14:49:04.763,78,RAD,horizontal,1,23.62,26.12,91.4,99.2,712,31.41,1.42,0.52,13,1.15,0,0,run2 pfilter4
2026-08-21T14:49:04.857,79,RAD,horizontal,1,23.62,26.12,91.5,97.2,675,31.28,1.37,0.55,13,1.04,0,0,run2 pfilter4
2026-08-21T14:49:04.985,80,RAD,horizontal,1,23.60,26.10,91.2,96.6,634,31.17,0.97,0.78,15,0.97,0,0,run2 pfilter4
2026-08-21T14:49:05.082,81,RAD,horizontal,1,23.62,26.12,91.1,96.9,675,31.13,1.20,0.62,16,1.11,0,0,run2 pfilter4
2026-08-21T14:49:05.209,82,RAD,horizontal,1,23.62,26.12,90.7,96.7,671,31.35,1.23,0.60,12,1.09,0,0,run2 pfilter4
2026-08-21T14:49:05.338,83,RAD,horizontal,1,23.58,26.08,90.6,95.2,603,31.09,0.90,0.80,13,0.94,0,0,run2 pfilter4
2026-08-21T14:49:05.433,84,RAD,horizontal,1,23.58,26.08,91.7,95.1,645,31.24,1.13,0.63,11,1.12,0,0,run2 pfilter4
2026-08-21T14:49:05.560,85,RAD,horizontal,1,23.53,26.03,93.1,94.1,590,31.02,0.90,0.78,12,1.01,0,0,run2 pfilter4
2026-08-21T14:49:05.657,86,RAD,horizontal,1,23.53,26.03,95.8,93.7,593,31.06,0.90,0.73,13,1.10,0,0,run2 pfilter4
2026-08-21T14:49:05.785,87,RAD,horizontal,1,23.51,26.01,98.6,94.9,651,30.95,1.03,0.70,13,1.19,0,0,run2 pfilter4
2026-08-21T14:49:05.883,88,RAD,horizontal,1,23.51,26.01,102.3,95.5,638,31.24,1.07,0.66,14,1.19,0,0,run2 pfilter4
2026-08-21T14:49:06.014,89,RAD,horizontal,1,23.51,26.01,105.3,95.7,713,30.95,1.32,0.56,13,1.32,0,0,run2 pfilter4
2026-08-21T14:49:06.106,90,RAD,horizontal,1,23.51,26.01,107.5,95.5,736,31.06,1.35,0.57,13,1.31,0,0,run2 pfilter4
2026-08-21T14:49:06.233,91,RAD,horizontal,1,23.51,26.01,108.6,95.6,714,31.06,1.21,0.70,11,1.31,0,0,run2 pfilter4
2026-08-21T14:49:06.362,92,RAD,horizontal,1,23.48,25.98,109.3,95.0,700,31.20,1.20,0.65,11,1.29,0,0,run2 pfilter4
2026-08-21T14:49:06.456,93,RAD,horizontal,1,23.48,25.98,109.6,93.7,704,31.09,1.52,0.55,13,1.27,0,0,run2 pfilter4
2026-08-21T14:49:06.586,94,RAD,horizontal,1,23.46,25.96,109.6,92.7,654,31.04,1.32,0.63,12,1.25,0,0,run2 pfilter4
2026-08-21T14:49:06.682,95,RAD,horizontal,1,23.43,25.93,109.8,91.6,660,31.04,1.59,0.57,12,1.24,0,0,run2 pfilter4
2026-08-21T14:49:06.812,96,RAD,horizontal,1,23.41,25.91,110.3,90.6,636,31.04,1.65,0.57,13,1.25,0,0,run2 pfilter4
2026-08-21T14:49:06.906,97,RAD,horizontal,1,23.41,25.91,110.9,89.7,616,31.09,1.69,0.54,9,1.30,0,0,run2 pfilter4
2026-08-21T14:49:07.037,98,RAD,horizontal,1,23.39,25.89,112.0,88.8,599,30.95,1.42,0.62,10,1.25,0,0,run2 pfilter4
2026-08-21T14:49:07.162,99,RAD,horizontal,1,23.39,25.89,113.4,88.4,598,31.00,1.38,0.64,9,1.27,0,0,run2 pfilter4
2026-08-21T14:49:07.259,100,RAD,horizontal,1,23.39,25.89,115.3,88.2,594,31.13,1.37,0.59,11,1.30,0,0,run2 pfilter4
2026-08-21T14:49:07.388,101,RAD,horizontal,1,23.39,25.89,117.4,87.3,577,31.39,1.59,0.50,9,1.31,0,0,run2 pfilter4
2026-08-21T14:49:07.481,102,RAD,horizontal,1,23.39,25.89,119.4,86.1,538,31.37,1.38,0.68,7,1.30,0,0,run2 pfilter4
2026-08-21T14:49:07.611,103,RAD,horizontal,1,23.36,25.86,120.7,84.9,542,31.91,1.64,0.53,11,1.33,0,0,run2 pfilter4
2026-08-21T14:49:07.705,104,RAD,horizontal,0,23.36,25.86,,,,,,,,,,,run2 pfilter4
2026-08-21T14:49:07.833,105,RAD,horizontal,1,23.34,25.84,74.5,22.5,8,28.37,1.00,0.50,1,1.29,0,0,run2 pfilter4
2026-08-21T14:49:07.929,106,RAD,horizontal,1,23.34,25.84,74.5,22.5,8,28.37,1.00,0.50,1,1.29,0,0,run2 pfilter4
2026-08-21T14:49:08.056,107,RAD,horizontal,1,23.34,25.84,74.5,22.5,8,28.37,1.00,0.50,1,1.29,0,0,run2 pfilter4
2026-08-21T14:49:08.184,108,RAD,horizontal,1,23.34,25.84,74.5,22.5,8,28.37,1.00,0.50,1,1.30,0,0,run2 pfilter4
2026-08-21T14:49:08.279,109,RAD,horizontal,0,23.36,25.86,,,,,,,,,,,run2 pfilter4
2026-08-21T14:49:08.407,110,RAD,horizontal,0,23.41,25.91,,,,,,,,,,,run2 pfilter4
2026-08-21T14:49:08.503,111,RAD,horizontal,0,23.43,25.93,,,,,,,,,,,run2 pfilter4
2026-08-21T14:49:08.632,112,RAD,horizontal,0,23.43,25.93,,,,,,,,,,,run2 pfilter4
2026-08-21T14:49:08.726,113,RAD,horizontal,0,23.43,25.93,,,,,,,,,,,run2 pfilter4
2026-08-21T14:49:08.855,114,RAD,horizontal,0,23.41,25.91,,,,,,,,,,,run2 pfilter4
2026-08-21T14:49:08.951,115,RAD,horizontal,0,23.39,25.89,,,,,,,,,,,run2 pfilter4
2026-08-21T14:49:09.080,116,RAD,horizontal,0,23.36,25.86,,,,,,,,,,,run2 pfilter4
2026-08-21T14:49:09.208,117,RAD,horizontal,0,23.39,25.89,,,,,,,,,,,run2 pfilter4
2026-08-21T14:49:09.303,118,RAD,horizontal,0,23.39,25.89,,,,,,,,,,,run2 pfilter4
2026-08-21T14:49:09.431,119,RAD,horizontal,0,23.36,25.86,,,,,,,,,,,run2 pfilter4
2026-08-21T14:49:09.527,120,RAD,horizontal,0,23.36,25.86,,,,,,,,,,,run2 pfilter4
2026-08-21T14:49:09.656,121,RAD,horizontal,0,23.39,25.89,,,,,,,,,,,run2 pfilter4
2026-08-21T14:49:09.753,122,RAD,horizontal,0,23.39,25.89,,,,,,,,,,,run2 pfilter4
2026-08-21T14:49:09.878,123,RAD,horizontal,0,23.36,25.86,,,,,,,,,,,run2 pfilter4
2026-08-21T14:49:10.007,124,RAD,horizontal,0,23.39,25.89,,,,,,,,,,,run2 pfilter4
2026-08-21T14:49:10.103,125,RAD,horizontal,0,23.39,25.89,,,,,,,,,,,run2 pfilter4
2026-08-21T14:49:10.230,126,RAD,horizontal,0,23.39,25.89,,,,,,,,,,,run2 pfilter4
2026-08-21T14:49:10.325,127,RAD,horizontal,0,23.39,25.89,,,,,,,,,,,run2 pfilter4
2026-08-21T14:49:10.456,128,RAD,horizontal,1,23.36,25.86,91.4,47.1,161,30.36,1.13,0.63,6,0.75,0,0,run2 pfilter4
2026-08-21T14:49:10.552,129,RAD,horizontal,0,23.39,25.89,,,,,,,,,,,run2 pfilter4
2026-08-21T14:49:10.680,130,RAD,horizontal,1,23.39,25.89,89.0,46.3,162,30.43,1.13,0.64,5,0.78,0,0,run2 pfilter4
2026-08-21T14:49:10.775,131,RAD,horizontal,1,23.39,25.89,88.6,46.1,165,30.45,1.21,0.69,5,0.78,0,0,run2 pfilter4
2026-08-21T14:49:10.903,132,RAD,horizontal,0,23.39,25.89,,,,,,,,,,,run2 pfilter4
2026-08-21T14:49:11.032,133,RAD,horizontal,0,23.36,25.86,,,,,,,,,,,run2 pfilter4
2026-08-21T14:49:11.129,134,RAD,horizontal,0,23.34,25.84,,,,,,,,,,,run2 pfilter4
2026-08-21T14:49:11.254,135,RAD,horizontal,0,23.34,25.84,,,,,,,,,,,run2 pfilter4
2026-08-21T14:49:11.349,136,RAD,horizontal,0,23.34,25.84,,,,,,,,,,,run2 pfilter4
2026-08-21T14:49:11.479,137,RAD,horizontal,0,23.29,25.79,,,,,,,,,,,run2 pfilter4
2026-08-21T14:49:11.576,138,RAD,horizontal,0,23.29,25.79,,,,,,,,,,,run2 pfilter4
2026-08-21T14:49:11.703,139,RAD,horizontal,0,23.32,25.82,,,,,,,,,,,run2 pfilter4
2026-08-21T14:49:11.830,140,RAD,horizontal,0,23.32,25.82,,,,,,,,,,,run2 pfilter4
2026-08-21T14:49:11.927,141,RAD,horizontal,0,23.32,25.82,,,,,,,,,,,run2 pfilter4
2026-08-21T14:49:12.055,142,RAD,horizontal,0,23.32,25.82,,,,,,,,,,,run2 pfilter4
2026-08-21T14:49:12.152,143,RAD,horizontal,0,23.32,25.82,,,,,,,,,,,run2 pfilter4
2026-08-21T14:49:12.281,144,RAD,horizontal,0,23.29,25.79,,,,,,,,,,,run2 pfilter4
2026-08-21T14:49:12.377,145,RAD,horizontal,0,23.29,25.79,,,,,,,,,,,run2 pfilter4
2026-08-21T14:49:12.502,146,RAD,horizontal,0,23.29,25.79,,,,,,,,,,,run2 pfilter4
2026-08-21T14:49:12.599,147,RAD,horizontal,0,23.29,25.79,,,,,,,,,,,run2 pfilter4
2026-08-21T14:49:12.726,148,RAD,horizontal,0,23.29,25.79,,,,,,,,,,,run2 pfilter4
2026-08-21T14:49:12.856,149,RAD,horizontal,0,23.29,25.79,,,,,,,,,,,run2 pfilter4
2026-08-21T14:49:12.955,150,RAD,horizontal,0,23.27,25.77,,,,,,,,,,,run2 pfilter4
2026-08-21T14:49:13.081,151,RAD,horizontal,1,23.27,25.77,87.8,44.8,180,30.19,0.94,0.59,6,1.06,0,0,run2 pfilter4
2026-08-21T14:49:13.178,152,RAD,horizontal,1,23.27,25.77,87.4,44.1,191,30.23,1.00,0.59,6,1.17,0,0,run2 pfilter4
2026-08-21T14:49:13.303,153,RAD,horizontal,1,23.27,25.77,87.3,43.8,192,30.43,1.06,0.56,7,1.24,0,0,run2 pfilter4
2026-08-21T14:49:13.400,154,RAD,horizontal,1,23.27,25.77,87.2,43.5,189,30.28,1.00,0.58,7,1.25,0,0,run2 pfilter4
2026-08-21T14:49:13.529,155,RAD,horizontal,2,23.29,25.79,87.2,43.5,189,30.32,1.00,0.58,7,1.28,0,0,run2 pfilter4
2026-08-21T14:49:13.529,155,RAD,horizontal,2,23.29,25.79,0.5,1.8,10,32.04,2.50,1.00,1,1.74,0,0,run2 pfilter4
2026-08-21T14:49:13.657,156,RAD,horizontal,2,23.29,25.79,87.2,43.5,190,30.39,1.00,0.59,7,1.27,0,0,run2 pfilter4
2026-08-21T14:49:13.657,156,RAD,horizontal,2,23.29,25.79,76.0,21.5,6,28.30,0.67,1.00,1,0.63,0,0,run2 pfilter4
2026-08-21T14:49:13.752,157,RAD,horizontal,1,23.32,25.82,87.3,43.6,194,30.41,1.00,0.60,7,1.26,0,0,run2 pfilter4
2026-08-21T14:49:13.882,158,RAD,horizontal,1,23.29,25.79,87.4,43.5,189,30.39,1.00,0.58,7,1.26,0,0,run2 pfilter4
2026-08-21T14:49:13.977,159,RAD,horizontal,1,23.32,25.82,87.4,43.5,189,30.39,1.00,0.58,7,1.25,0,0,run2 pfilter4
2026-08-21T14:49:14.104,160,RAD,horizontal,1,23.32,25.82,87.4,43.5,188,30.34,1.00,0.58,7,1.26,0,0,run2 pfilter4
2026-08-21T14:49:14.200,161,RAD,horizontal,1,23.32,25.82,87.4,43.5,187,30.34,1.00,0.58,7,1.26,0,0,run2 pfilter4
2026-08-21T14:49:14.330,162,RAD,horizontal,1,23.32,25.82,87.4,43.6,185,30.32,1.00,0.57,7,1.26,0,0,run2 pfilter4
2026-08-21T14:49:14.424,163,RAD,horizontal,1,23.34,25.84,87.4,43.6,189,30.32,1.00,0.58,7,1.21,0,0,run2 pfilter4
2026-08-21T14:49:14.553,164,RAD,horizontal,1,23.34,25.84,87.9,44.4,169,30.21,0.89,0.59,5,0.73,0,0,run2 pfilter4
2026-08-21T14:49:14.682,165,RAD,horizontal,0,23.34,25.84,,,,,,,,,,,run2 pfilter4
2026-08-21T14:49:14.775,166,RAD,horizontal,1,23.36,25.86,75.5,21.0,6,28.30,1.50,1.00,1,0.96,0,0,run2 pfilter4
2026-08-21T14:49:14.905,167,RAD,horizontal,1,23.36,25.86,75.5,21.0,6,28.32,1.50,1.00,1,1.21,0,0,run2 pfilter4
2026-08-21T14:49:14.999,168,RAD,horizontal,1,23.39,25.89,88.5,45.9,173,30.28,1.20,0.64,6,0.80,0,0,run2 pfilter4
2026-08-21T14:49:15.128,169,RAD,horizontal,1,23.39,25.89,88.7,45.9,156,30.23,1.14,0.70,5,0.71,0,0,run2 pfilter4
2026-08-21T14:49:15.226,170,RAD,horizontal,1,23.39,25.89,88.8,45.9,156,30.23,1.14,0.70,5,0.71,0,0,run2 pfilter4
2026-08-21T14:49:15.349,171,RAD,horizontal,2,23.41,25.91,88.8,45.9,156,30.23,1.14,0.70,6,0.73,0,0,run2 pfilter4
2026-08-21T14:49:15.349,171,RAD,horizontal,2,23.41,25.91,75.5,21.0,6,28.30,1.50,1.00,1,1.20,0,0,run2 pfilter4
2026-08-21T14:49:15.447,172,RAD,horizontal,2,23.39,25.89,89.0,45.7,149,30.23,1.14,0.67,6,0.73,0,0,run2 pfilter4
2026-08-21T14:49:15.447,172,RAD,horizontal,2,23.39,25.89,75.5,21.0,6,28.30,1.50,1.00,1,1.20,0,0,run2 pfilter4
2026-08-21T14:49:15.575,173,RAD,horizontal,2,23.36,25.86,88.9,45.7,152,30.25,1.07,0.63,6,0.74,0,0,run2 pfilter4
2026-08-21T14:49:15.575,173,RAD,horizontal,2,23.36,25.86,75.5,21.0,6,28.30,1.50,1.00,1,1.20,0,0,run2 pfilter4
2026-08-21T14:49:15.704,174,RAD,horizontal,2,23.34,25.84,89.0,45.6,149,30.23,1.14,0.67,6,0.75,0,0,run2 pfilter4
2026-08-21T14:49:15.704,174,RAD,horizontal,2,23.34,25.84,75.5,21.0,6,28.30,1.50,1.00,1,1.21,0,0,run2 pfilter4
2026-08-21T14:49:15.798,175,RAD,horizontal,1,23.32,25.82,75.5,21.0,6,28.10,1.50,1.00,1,1.19,0,0,run2 pfilter4
2026-08-21T14:49:15.928,176,RAD,horizontal,1,23.29,25.79,75.5,21.0,6,28.03,1.50,1.00,1,1.18,0,0,run2 pfilter4
2026-08-21T14:49:16.024,177,RAD,horizontal,1,23.27,25.77,75.5,21.0,6,28.03,1.50,1.00,1,1.18,0,0,run2 pfilter4
2026-08-21T14:49:16.151,178,RAD,horizontal,1,23.27,25.77,75.5,21.0,6,28.15,1.50,1.00,1,1.21,0,0,run2 pfilter4
2026-08-21T14:49:16.250,179,RAD,horizontal,2,23.27,25.77,89.0,45.5,155,30.21,1.14,0.69,5,0.72,0,0,run2 pfilter4
2026-08-21T14:49:16.250,179,RAD,horizontal,2,23.27,25.77,75.5,21.0,6,28.15,1.50,1.00,1,1.20,0,0,run2 pfilter4
2026-08-21T14:49:16.380,180,RAD,horizontal,2,23.27,25.77,89.0,45.6,155,30.28,1.14,0.69,5,0.72,0,0,run2 pfilter4
2026-08-21T14:49:16.380,180,RAD,horizontal,2,23.27,25.77,75.5,21.0,6,28.15,1.50,1.00,1,1.20,0,0,run2 pfilter4
2026-08-21T14:49:16.504,181,RAD,horizontal,1,23.27,25.77,88.9,45.5,152,30.28,1.14,0.68,5,0.72,0,0,run2 pfilter4
2026-08-21T14:49:16.601,182,RAD,horizontal,1,23.27,25.77,89.0,45.3,146,30.28,1.15,0.75,5,0.71,0,0,run2 pfilter4
2026-08-21T14:49:16.730,183,RAD,horizontal,1,23.27,25.77,89.1,45.2,144,30.30,1.15,0.74,5,0.71,0,0,run2 pfilter4
2026-08-21T14:49:16.825,184,RAD,horizontal,1,23.29,25.79,89.2,45.2,144,30.43,1.15,0.74,5,0.73,0,0,run2 pfilter4
2026-08-21T14:49:16.952,185,RAD,horizontal,0,23.27,25.77,,,,,,,,,,,run2 pfilter4
2026-08-21T14:49:17.049,186,RAD,horizontal,2,23.27,25.77,88.4,45.5,151,30.43,1.14,0.67,5,0.80,0,0,run2 pfilter4
2026-08-21T14:49:17.049,186,RAD,horizontal,2,23.27,25.77,75.1,22.1,8,27.81,1.00,0.89,1,0.47,0,0,run2 pfilter4
2026-08-21T14:49:17.175,187,RAD,horizontal,1,23.27,25.77,75.1,22.2,8,27.81,1.00,0.89,1,0.48,0,0,run2 pfilter4
2026-08-21T14:49:17.272,188,RAD,horizontal,1,23.24,25.74,75.1,22.2,8,27.67,1.00,0.89,1,0.46,0,0,run2 pfilter4
2026-08-21T14:49:17.402,189,RAD,horizontal,2,23.24,25.74,83.4,45.7,141,30.67,1.31,0.64,5,0.77,0,0,run2 pfilter4
2026-08-21T14:49:17.402,189,RAD,horizontal,2,23.24,25.74,75.1,22.2,8,27.65,1.00,0.89,1,0.46,0,0,run2 pfilter4
2026-08-21T14:49:17.530,190,RAD,horizontal,3,23.27,25.77,81.2,45.3,140,30.34,1.31,0.63,5,0.75,0,0,run2 pfilter4
2026-08-21T14:49:17.530,190,RAD,horizontal,3,23.27,25.77,75.1,22.1,8,27.65,1.00,0.89,1,0.46,0,0,run2 pfilter4
2026-08-21T14:49:17.530,190,RAD,horizontal,3,23.27,25.77,0.5,1.0,6,31.57,1.50,1.00,1,1.18,0,0,run2 pfilter4
2026-08-21T14:49:17.624,191,RAD,horizontal,2,23.29,25.79,79.4,44.7,133,30.25,1.42,0.65,5,0.76,0,0,run2 pfilter4
2026-08-21T14:49:17.624,191,RAD,horizontal,2,23.29,25.79,75.1,22.1,8,27.63,1.00,0.89,1,0.44,0,0,run2 pfilter4
2026-08-21T14:49:17.753,192,RAD,horizontal,1,23.32,25.82,75.1,22.1,8,27.65,1.00,0.89,1,0.44,0,0,run2 pfilter4
2026-08-21T14:49:17.846,193,RAD,horizontal,1,23.32,25.82,75.1,22.1,8,27.67,1.00,0.89,1,0.44,0,0,run2 pfilter4
2026-08-21T14:49:17.975,194,RAD,horizontal,1,23.34,25.84,75.1,22.1,8,27.67,1.00,0.89,1,0.44,0,0,run2 pfilter4
2026-08-21T14:49:18.073,195,RAD,horizontal,1,23.34,25.84,75.1,22.1,8,27.67,1.00,0.89,1,0.44,0,0,run2 pfilter4
2026-08-21T14:49:18.200,196,RAD,horizontal,1,23.36,25.86,75.1,22.1,8,27.74,1.00,0.89,1,0.44,0,0,run2 pfilter4
2026-08-21T14:49:18.328,197,RAD,horizontal,1,23.36,25.86,75.1,22.1,8,27.74,1.00,0.89,1,0.44,0,0,run2 pfilter4
2026-08-21T14:49:18.424,198,RAD,horizontal,1,23.36,25.86,75.1,22.1,8,27.83,1.00,0.89,1,0.44,0,0,run2 pfilter4
2026-08-21T14:49:18.551,199,RAD,horizontal,1,23.39,25.89,75.1,22.1,8,27.83,1.00,0.89,1,0.43,0,0,run2 pfilter4
2026-08-21T14:49:18.649,200,RAD,horizontal,1,23.39,25.89,75.1,22.1,8,27.81,1.00,0.89,1,0.43,0,0,run2 pfilter4
2026-08-21T14:49:18.776,201,RAD,horizontal,1,23.39,25.89,75.1,22.1,8,27.83,1.00,0.89,1,0.43,0,0,run2 pfilter4
2026-08-21T14:49:18.871,202,RAD,horizontal,1,23.39,25.89,75.1,22.1,8,27.72,1.00,0.89,1,0.41,0,0,run2 pfilter4
2026-08-21T14:49:18.999,203,RAD,horizontal,1,23.39,25.89,75.1,22.1,8,27.70,1.00,0.89,1,0.41,0,0,run2 pfilter4
2026-08-21T14:49:19.094,204,RAD,horizontal,1,23.39,25.89,75.1,22.1,8,27.70,1.00,0.89,1,0.41,0,0,run2 pfilter4
2026-08-21T14:49:19.224,205,RAD,horizontal,1,23.39,25.89,75.1,22.1,8,27.70,1.00,0.89,1,0.42,0,0,run2 pfilter4
2026-08-21T14:49:19.352,206,RAD,horizontal,1,23.36,25.86,75.4,22.0,6,27.67,1.50,1.00,1,0.46,0,0,run2 pfilter4
2026-08-21T14:49:19.447,207,RAD,horizontal,1,23.36,25.86,75.5,22.0,6,27.70,1.50,1.00,1,0.47,0,0,run2 pfilter4
2026-08-21T14:49:19.576,208,RAD,horizontal,1,23.36,25.86,75.5,22.0,6,27.76,1.50,1.00,1,0.46,0,0,run2 pfilter4
2026-08-21T14:49:19.672,209,RAD,horizontal,0,23.39,25.89,,,,,,,,,,,run2 pfilter4
2026-08-21T14:49:19.800,210,RAD,horizontal,0,23.39,25.89,,,,,,,,,,,run2 pfilter4
2026-08-21T14:49:19.896,211,RAD,horizontal,0,23.39,25.89,,,,,,,,,,,run2 pfilter4
2026-08-21T14:49:20.022,212,RAD,horizontal,0,23.39,25.89,,,,,,,,,,,run2 pfilter4
2026-08-21T14:49:20.151,213,RAD,horizontal,0,23.39,25.89,,,,,,,,,,,run2 pfilter4
2026-08-21T14:49:20.243,214,RAD,horizontal,0,23.41,25.91,,,,,,,,,,,run2 pfilter4
2026-08-21T14:49:20.371,215,RAD,horizontal,0,23.41,25.91,,,,,,,,,,,run2 pfilter4
2026-08-21T14:49:20.467,216,RAD,horizontal,0,23.41,25.91,,,,,,,,,,,run2 pfilter4
2026-08-21T14:49:20.598,217,RAD,horizontal,1,23.41,25.91,0.5,1.0,6,31.72,1.50,1.00,1,1.16,0,0,run2 pfilter4
2026-08-21T14:49:20.696,218,RAD,horizontal,1,23.41,25.91,0.5,1.0,6,31.70,1.50,1.00,1,1.15,0,0,run2 pfilter4
2026-08-21T14:49:20.819,219,RAD,horizontal,0,23.43,25.93,,,,,,,,,,,run2 pfilter4
2026-08-21T14:49:20.915,220,RAD,horizontal,0,23.48,25.98,,,,,,,,,,,run2 pfilter4
2026-08-21T14:49:21.042,221,RAD,horizontal,0,23.46,25.96,,,,,,,,,,,run2 pfilter4
2026-08-21T14:49:21.170,222,RAD,horizontal,0,23.46,25.96,,,,,,,,,,,run2 pfilter4
2026-08-21T14:49:21.266,223,RAD,horizontal,1,23.43,25.93,0.5,1.0,6,31.85,1.50,1.00,1,1.22,0,0,run2 pfilter4
2026-08-21T14:49:21.397,224,RAD,horizontal,1,23.43,25.93,0.5,1.0,6,31.83,1.50,1.00,1,1.26,0,0,run2 pfilter4
2026-08-21T14:49:21.492,225,RAD,horizontal,0,23.43,25.93,,,,,,,,,,,run2 pfilter4
2026-08-21T14:49:21.621,226,RAD,horizontal,2,23.43,25.93,0.9,0.6,6,31.24,0.67,1.00,1,1.13,0,0,run2 pfilter4
2026-08-21T14:49:21.621,226,RAD,horizontal,2,23.43,25.93,49.5,34.3,73,29.01,3.00,0.68,2,1.50,0,0,run2 pfilter4
2026-08-21T14:49:21.716,227,RAD,horizontal,2,23.43,25.93,1.0,0.5,6,31.76,0.67,1.00,1,1.33,0,0,run2 pfilter4
2026-08-21T14:49:21.716,227,RAD,horizontal,2,23.43,25.93,50.5,32.5,64,28.59,1.86,0.70,2,1.47,0,0,run2 pfilter4
2026-08-21T14:49:21.843,228,RAD,horizontal,1,23.46,25.96,51.8,31.5,62,28.94,1.71,0.74,1,1.42,0,0,run2 pfilter4
2026-08-21T14:49:21.940,229,RAD,horizontal,1,23.46,25.96,53.0,30.9,59,28.68,1.38,0.67,1,1.44,0,0,run2 pfilter4
2026-08-21T14:49:22.068,230,RAD,horizontal,2,23.46,25.96,1.0,0.9,9,31.57,1.00,1.00,1,1.29,0,0,run2 pfilter4
2026-08-21T14:49:22.068,230,RAD,horizontal,2,23.46,25.96,53.9,30.4,58,28.68,1.71,0.69,1,1.46,0,0,run2 pfilter4
2026-08-21T14:49:22.196,231,RAD,horizontal,1,23.46,25.96,54.1,30.2,59,29.14,1.71,0.70,1,1.45,0,0,run2 pfilter4
2026-08-21T14:49:22.291,232,RAD,horizontal,1,23.46,25.96,54.2,30.1,56,29.14,1.57,0.73,1,1.43,0,0,run2 pfilter4
2026-08-21T14:49:22.420,233,RAD,horizontal,1,23.46,25.96,54.4,30.1,63,29.03,1.38,0.72,2,1.51,0,0,run2 pfilter4
2026-08-21T14:49:22.516,234,RAD,horizontal,1,23.43,25.93,54.8,30.0,56,28.99,1.57,0.73,1,1.42,0,0,run2 pfilter4
2026-08-21T14:49:22.643,235,RAD,horizontal,1,23.43,25.93,55.5,29.7,61,28.77,1.38,0.69,2,1.40,0,0,run2 pfilter4
2026-08-21T14:49:22.741,236,RAD,horizontal,2,23.43,25.93,0.5,1.0,6,31.61,1.50,1.00,1,1.23,0,0,run2 pfilter4
2026-08-21T14:49:22.741,236,RAD,horizontal,2,23.43,25.93,56.6,29.3,56,28.59,1.25,0.70,3,1.28,0,0,run2 pfilter4
2026-08-21T14:49:22.868,237,RAD,horizontal,1,23.43,25.93,58.1,29.1,58,29.10,1.25,0.72,1,1.42,0,0,run2 pfilter4
2026-08-21T14:49:22.994,238,RAD,horizontal,1,23.43,25.93,59.5,28.9,59,29.14,1.25,0.74,1,1.43,0,0,run2 pfilter4
2026-08-21T14:49:23.093,239,RAD,horizontal,2,23.43,25.93,0.5,1.0,6,31.41,1.50,1.00,1,1.15,0,0,run2 pfilter4
2026-08-21T14:49:23.093,239,RAD,horizontal,2,23.43,25.93,60.6,28.6,57,29.14,1.12,0.79,1,1.43,0,0,run2 pfilter4
2026-08-21T14:49:23.218,240,RAD,horizontal,1,23.46,25.96,60.9,28.6,58,28.88,1.12,0.81,1,1.36,0,0,run2 pfilter4
2026-08-21T14:49:23.316,241,RAD,horizontal,2,23.46,25.96,0.9,0.6,6,31.48,0.67,1.00,1,1.10,0,0,run2 pfilter4
2026-08-21T14:49:23.316,241,RAD,horizontal,2,23.46,25.96,61.0,28.8,57,28.88,1.25,0.71,1,1.38,0,0,run2 pfilter4
2026-08-21T14:49:23.443,242,RAD,horizontal,2,23.48,25.98,1.0,0.5,6,31.09,0.67,1.00,1,1.04,0,0,run2 pfilter4
2026-08-21T14:49:23.443,242,RAD,horizontal,2,23.48,25.98,61.1,28.9,54,28.88,1.43,0.77,1,1.33,0,0,run2 pfilter4
2026-08-21T14:49:23.540,243,RAD,horizontal,1,23.46,25.96,61.3,29.0,58,28.88,1.25,0.72,1,1.47,0,0,run2 pfilter4
2026-08-21T14:49:23.667,244,RAD,horizontal,1,23.46,25.96,61.4,29.0,58,28.92,1.25,0.72,1,1.41,0,0,run2 pfilter4
2026-08-21T14:49:23.764,245,RAD,horizontal,1,23.48,25.98,61.4,29.0,58,28.92,1.25,0.72,1,1.37,0,0,run2 pfilter4
2026-08-21T14:49:23.891,246,RAD,horizontal,2,23.46,25.96,0.9,0.8,8,31.24,1.00,0.89,1,1.07,0,0,run2 pfilter4
2026-08-21T14:49:23.891,246,RAD,horizontal,2,23.46,25.96,61.9,28.9,53,28.88,1.43,0.76,1,1.38,0,0,run2 pfilter4
2026-08-21T14:49:24.020,247,RAD,horizontal,2,23.43,25.93,0.6,1.0,6,31.72,1.50,1.00,1,1.30,0,0,run2 pfilter4
2026-08-21T14:49:24.020,247,RAD,horizontal,2,23.43,25.93,62.1,28.9,55,28.88,1.25,0.69,1,1.33,0,0,run2 pfilter4
2026-08-21T14:49:24.116,248,RAD,horizontal,2,23.46,25.96,0.5,1.0,6,31.61,1.50,1.00,1,1.19,0,0,run2 pfilter4
2026-08-21T14:49:24.116,248,RAD,horizontal,2,23.46,25.96,62.6,28.8,57,28.97,1.12,0.79,1,1.34,0,0,run2 pfilter4
2026-08-21T14:49:24.244,249,RAD,horizontal,2,23.43,25.93,0.8,0.7,6,31.61,0.67,1.00,1,1.18,0,0,run2 pfilter4
2026-08-21T14:49:24.244,249,RAD,horizontal,2,23.43,25.93,63.5,28.6,59,28.97,1.25,0.74,1,1.40,0,0,run2 pfilter4
2026-08-21T14:49:24.340,250,RAD,horizontal,2,23.41,25.91,1.0,0.5,6,31.87,0.67,1.00,1,1.31,0,0,run2 pfilter4
2026-08-21T14:49:24.340,250,RAD,horizontal,2,23.41,25.91,64.5,28.6,58,28.97,1.25,0.72,1,1.37,0,0,run2 pfilter4
2026-08-21T14:49:24.468,251,RAD,horizontal,1,23.43,25.93,65.9,28.5,53,28.92,1.43,0.76,1,1.32,0,0,run2 pfilter4
2026-08-21T14:49:24.564,252,RAD,horizontal,1,23.46,25.96,67.2,28.7,53,29.10,1.43,0.76,2,1.30,0,0,run2 pfilter4
2026-08-21T14:49:24.693,253,RAD,horizontal,2,23.43,25.93,0.6,1.4,8,32.00,2.00,1.00,1,1.59,0,0,run2 pfilter4
2026-08-21T14:49:24.693,253,RAD,horizontal,2,23.43,25.93,68.7,28.5,54,28.92,1.57,0.70,1,1.37,0,0,run2 pfilter4
2026-08-21T14:49:24.819,254,RAD,horizontal,1,23.43,25.93,69.8,28.5,54,28.79,1.57,0.70,1,1.34,0,0,run2 pfilter4
2026-08-21T14:49:24.916,255,RAD,horizontal,1,23.43,25.93,70.7,28.3,51,28.88,1.83,0.77,1,1.30,0,0,run2 pfilter4
2026-08-21T14:49:25.045,256,RAD,horizontal,2,23.43,25.93,0.9,0.6,6,31.98,0.67,1.00,1,1.36,0,0,run2 pfilter4
2026-08-21T14:49:25.045,256,RAD,horizontal,2,23.43,25.93,71.4,28.3,46,28.81,1.83,0.70,2,1.30,0,0,run2 pfilter4
2026-08-21T14:49:25.139,257,RAD,horizontal,1,23.43,25.93,72.2,28.8,39,28.55,1.50,0.72,1,1.31,0,0,run2 pfilter4
2026-08-21T14:49:25.277,258,RAD,horizontal,2,23.43,25.93,1.0,0.5,6,31.98,0.67,1.00,1,1.40,0,0,run2 pfilter4
2026-08-21T14:49:25.277,258,RAD,horizontal,2,23.43,25.93,73.0,28.8,38,28.55,1.50,0.70,1,1.21,0,0,run2 pfilter4
2026-08-21T14:49:25.540,259,RAD,horizontal,2,23.43,25.93,1.0,0.5,6,31.39,0.67,1.00,1,1.20,0,0,run2 pfilter4
2026-08-21T14:49:25.540,259,RAD,horizontal,2,23.43,25.93,74.4,28.5,39,28.94,1.29,0.62,1,1.34,0,0,run2 pfilter4
2026-08-21T14:49:25.584,260,RAD,horizontal,1,23.43,25.93,76.2,28.0,34,28.68,1.17,0.81,1,1.48,0,0,run2 pfilter4
2026-08-21T14:49:25.651,261,RAD,horizontal,1,23.43,25.93,77.2,28.4,38,28.52,1.80,0.84,2,1.47,0,0,run2 pfilter4
2026-08-21T14:49:25.715,262,RAD,horizontal,2,23.43,25.93,1.8,0.9,14,31.17,0.60,0.93,1,1.41,0,0,run2 pfilter4
2026-08-21T14:49:25.715,262,RAD,horizontal,2,23.43,25.93,78.0,28.8,47,28.79,1.67,0.78,1,1.46,0,0,run2 pfilter4
2026-08-21T14:49:25.843,263,RAD,horizontal,2,23.43,25.93,1.6,1.0,12,31.17,0.75,1.00,1,1.42,0,0,run2 pfilter4
2026-08-21T14:49:25.843,263,RAD,horizontal,2,23.43,25.93,78.9,28.7,53,28.83,1.57,0.69,1,1.43,0,0,run2 pfilter4
2026-08-21T14:49:25.940,264,RAD,horizontal,2,23.43,25.93,1.6,1.0,12,31.06,0.75,1.00,1,1.42,0,0,run2 pfilter4
2026-08-21T14:49:25.940,264,RAD,horizontal,2,23.43,25.93,79.9,28.6,62,28.90,1.57,0.81,1,1.47,0,0,run2 pfilter4
2026-08-21T14:49:26.067,265,RAD,horizontal,2,23.48,25.98,1.1,0.7,6,31.61,0.67,1.00,1,1.15,0,0,run2 pfilter4
2026-08-21T14:49:26.067,265,RAD,horizontal,2,23.48,25.98,81.0,28.8,62,28.83,1.43,0.89,1,1.29,0,0,run2 pfilter4
2026-08-21T14:49:26.163,266,RAD,horizontal,2,23.48,25.98,1.0,0.5,6,31.20,0.67,1.00,1,1.03,0,0,run2 pfilter4
2026-08-21T14:49:26.163,266,RAD,horizontal,2,23.48,25.98,82.9,29.1,58,28.77,1.43,0.83,1,1.44,0,0,run2 pfilter4
2026-08-21T14:49:26.291,267,RAD,horizontal,2,23.48,25.98,0.9,0.5,6,31.24,0.67,1.00,1,1.05,0,0,run2 pfilter4
2026-08-21T14:49:26.291,267,RAD,horizontal,2,23.48,25.98,84.8,29.3,55,28.92,1.43,0.79,1,1.40,0,0,run2 pfilter4
2026-08-21T14:49:26.387,268,RAD,horizontal,2,23.48,25.98,0.9,0.7,8,31.30,1.00,0.89,1,1.10,0,0,run2 pfilter4
2026-08-21T14:49:26.387,268,RAD,horizontal,2,23.48,25.98,86.0,29.3,53,28.90,1.43,0.76,1,1.33,0,0,run2 pfilter4
2026-08-21T14:49:26.516,269,RAD,horizontal,2,23.53,26.03,0.8,0.9,8,31.46,1.00,0.89,1,1.09,0,0,run2 pfilter4
2026-08-21T14:49:26.516,269,RAD,horizontal,2,23.53,26.03,86.9,29.3,54,29.08,1.25,0.68,2,1.41,0,0,run2 pfilter4
2026-08-21T14:49:26.611,270,RAD,horizontal,2,23.51,26.01,0.9,0.9,8,31.48,1.00,0.89,1,1.09,0,0,run2 pfilter4
2026-08-21T14:49:26.611,270,RAD,horizontal,2,23.51,26.01,87.7,29.4,55,28.79,1.25,0.69,2,1.41,0,0,run2 pfilter4
2026-08-21T14:49:26.738,271,RAD,horizontal,2,23.51,26.01,1.2,0.8,10,31.20,0.75,0.83,1,1.18,0,0,run2 pfilter4
2026-08-21T14:49:26.738,271,RAD,horizontal,2,23.51,26.01,88.2,29.5,49,28.50,1.29,0.78,1,1.35,0,0,run2 pfilter4
2026-08-21T14:49:26.868,272,RAD,horizontal,2,23.48,25.98,1.0,0.9,8,31.13,1.00,0.89,1,1.01,0,0,run2 pfilter4
2026-08-21T14:49:26.868,272,RAD,horizontal,2,23.48,25.98,88.9,29.7,53,28.48,1.12,0.74,1,1.37,0,0,run2 pfilter4
2026-08-21T14:49:26.964,273,RAD,horizontal,2,23.51,26.01,0.9,0.9,8,31.04,1.00,0.89,1,0.99,0,0,run2 pfilter4
2026-08-21T14:49:26.964,273,RAD,horizontal,2,23.51,26.01,89.6,29.7,58,29.32,1.11,0.64,2,1.40,0,0,run2 pfilter4
2026-08-21T14:49:27.091,274,RAD,horizontal,1,23.55,26.05,90.5,30.1,63,29.50,1.22,0.64,2,1.47,0,0,run2 pfilter4
2026-08-21T14:49:27.188,275,RAD,horizontal,1,23.55,26.05,91.2,29.9,65,29.52,1.38,0.74,2,1.34,0,0,run2 pfilter4
2026-08-21T14:49:27.316,276,RAD,horizontal,2,23.53,26.03,0.9,1.3,11,30.67,1.33,0.92,1,1.14,0,0,run2 pfilter4
2026-08-21T14:49:27.316,276,RAD,horizontal,2,23.53,26.03,91.6,29.7,74,28.88,1.33,0.69,3,1.30,0,0,run2 pfilter4
2026-08-21T14:49:27.412,277,RAD,horizontal,2,23.55,26.05,0.9,1.0,8,31.15,1.00,0.89,1,1.09,0,0,run2 pfilter4
2026-08-21T14:49:27.412,277,RAD,horizontal,2,23.55,26.05,92.2,29.5,75,28.88,1.44,0.64,3,1.24,0,0,run2 pfilter4
2026-08-21T14:49:27.544,278,RAD,horizontal,1,23.55,26.05,0.9,0.9,8,31.02,1.00,0.89,1,1.02,0,0,run2 pfilter4
2026-08-21T14:49:27.668,279,RAD,horizontal,1,23.55,26.05,0.9,0.9,8,30.91,1.00,0.89,1,1.00,0,0,run2 pfilter4
2026-08-21T14:49:27.765,280,RAD,horizontal,1,23.55,26.05,0.6,0.9,6,30.95,1.50,1.00,1,1.03,0,0,run2 pfilter4
2026-08-21T14:49:27.898,281,RAD,horizontal,1,23.55,26.05,0.5,1.0,6,31.17,1.50,1.00,1,1.08,0,0,run2 pfilter4
2026-08-21T14:49:27.986,282,RAD,horizontal,1,23.55,26.05,0.7,0.9,8,31.15,1.00,0.89,1,1.06,0,0,run2 pfilter4
2026-08-21T14:49:28.118,283,RAD,horizontal,1,23.58,26.08,0.9,1.0,9,31.61,1.00,1.00,1,1.29,0,0,run2 pfilter4
2026-08-21T14:49:28.216,284,RAD,horizontal,0,23.60,26.10,,,,,,,,,,,run2 pfilter4
2026-08-21T14:49:28.338,285,RAD,horizontal,0,23.60,26.10,,,,,,,,,,,run2 pfilter4
2026-08-21T14:49:28.433,286,RAD,horizontal,0,23.60,26.10,,,,,,,,,,,run2 pfilter4
2026-08-21T14:49:28.562,287,RAD,horizontal,0,23.60,26.10,,,,,,,,,,,run2 pfilter4
2026-08-21T14:49:28.689,288,RAD,horizontal,0,23.60,26.10,,,,,,,,,,,run2 pfilter4
2026-08-21T14:49:28.786,289,RAD,horizontal,1,23.58,26.08,0.9,0.9,8,31.48,1.00,0.89,1,1.09,0,0,run2 pfilter4
2026-08-21T14:49:28.916,290,RAD,horizontal,0,23.60,26.10,,,,,,,,,,,run2 pfilter4
2026-08-21T14:49:29.012,291,RAD,horizontal,0,23.60,26.10,,,,,,,,,,,run2 pfilter4
2026-08-21T14:49:29.140,292,RAD,horizontal,0,23.60,26.10,,,,,,,,,,,run2 pfilter4
2026-08-21T14:49:29.233,293,RAD,horizontal,0,23.60,26.10,,,,,,,,,,,run2 pfilter4
2026-08-21T14:49:29.361,294,RAD,horizontal,0,23.60,26.10,,,,,,,,,,,run2 pfilter4
2026-08-21T14:49:29.490,295,RAD,horizontal,0,23.58,26.08,,,,,,,,,,,run2 pfilter4
2026-08-21T14:49:29.585,296,RAD,horizontal,0,23.58,26.08,,,,,,,,,,,run2 pfilter4
2026-08-21T14:49:29.713,297,RAD,horizontal,0,23.58,26.08,,,,,,,,,,,run2 pfilter4
2026-08-21T14:49:29.813,298,RAD,horizontal,0,23.58,26.08,,,,,,,,,,,run2 pfilter4
2026-08-21T14:49:29.941,299,RAD,horizontal,0,23.58,26.08,,,,,,,,,,,run2 pfilter4
2026-08-21T14:49:30.036,300,RAD,horizontal,1,23.55,26.05,1.0,0.5,6,31.70,0.67,1.00,1,1.27,0,0,run2 pfilter4
2026-08-21T14:49:30.165,301,RAD,horizontal,1,23.55,26.05,1.0,0.5,6,31.72,0.67,1.00,1,1.29,0,0,run2 pfilter4
2026-08-21T14:49:30.260,302,RAD,horizontal,0,23.53,26.03,,,,,,,,,,,run2 pfilter4
2026-08-21T14:49:30.388,303,RAD,horizontal,0,23.53,26.03,,,,,,,,,,,run2 pfilter4
2026-08-21T14:49:30.516,304,RAD,horizontal,0,23.53,26.03,,,,,,,,,,,run2 pfilter4
2026-08-21T14:49:30.613,305,RAD,horizontal,0,23.51,26.01,,,,,,,,,,,run2 pfilter4
2026-08-21T14:49:30.741,306,RAD,horizontal,0,23.51,26.01,,,,,,,,,,,run2 pfilter4
2026-08-21T14:49:30.836,307,RAD,horizontal,0,23.53,26.03,,,,,,,,,,,run2 pfilter4
2026-08-21T14:49:30.965,308,RAD,horizontal,0,23.53,26.03,,,,,,,,,,,run2 pfilter4
2026-08-21T14:49:31.061,309,RAD,horizontal,0,23.53,26.03,,,,,,,,,,,run2 pfilter4
2026-08-21T14:49:31.188,310,RAD,horizontal,0,23.58,26.08,,,,,,,,,,,run2 pfilter4
2026-08-21T14:49:31.316,311,RAD,horizontal,0,23.58,26.08,,,,,,,,,,,run2 pfilter4
2026-08-21T14:49:31.413,312,RAD,horizontal,0,23.60,26.10,,,,,,,,,,,run2 pfilter4
2026-08-21T14:49:31.540,313,RAD,horizontal,1,23.60,26.10,1.0,0.5,6,31.65,0.67,1.00,1,1.27,0,0,run2 pfilter4
2026-08-21T14:49:31.637,314,RAD,horizontal,1,23.65,26.15,1.0,0.5,6,31.74,0.67,1.00,1,1.27,0,0,run2 pfilter4
2026-08-21T14:49:31.765,315,RAD,horizontal,1,23.67,26.17,1.0,0.5,6,31.63,0.67,1.00,1,1.15,0,0,run2 pfilter4
2026-08-21T14:49:31.861,316,RAD,horizontal,0,23.67,26.17,,,,,,,,,,,run2 pfilter4
2026-08-21T14:49:31.988,317,RAD,horizontal,0,23.74,26.24,,,,,,,,,,,run2 pfilter4
2026-08-21T14:49:32.086,318,RAD,horizontal,0,23.77,26.27,,,,,,,,,,,run2 pfilter4
2026-08-21T14:49:32.213,319,RAD,horizontal,0,23.74,26.24,,,,,,,,,,,run2 pfilter4
2026-08-21T14:49:32.341,320,RAD,horizontal,1,23.77,26.27,98.3,44.0,182,29.52,1.83,0.69,6,0.88,0,0,run2 pfilter4
2026-08-21T14:49:32.437,321,RAD,horizontal,1,23.79,26.29,98.3,44.8,174,29.59,1.75,0.69,6,0.87,0,0,run2 pfilter4
2026-08-21T14:49:32.567,322,RAD,horizontal,0,23.81,26.31,,,,,,,,,,,run2 pfilter4
2026-08-21T14:49:32.661,323,RAD,horizontal,1,23.84,26.34,100.4,46.0,149,29.81,1.14,0.67,6,0.67,0,0,run2 pfilter4
2026-08-21T14:49:32.793,324,RAD,horizontal,1,23.84,26.34,101.7,48.5,204,29.88,1.71,0.61,6,0.95,0,0,run2 pfilter4
2026-08-21T14:49:32.889,325,RAD,horizontal,1,23.84,26.34,102.6,50.7,238,29.92,1.86,0.65,7,1.00,0,0,run2 pfilter4
2026-08-21T14:49:33.016,326,RAD,horizontal,1,23.84,26.34,102.9,52.5,247,29.68,1.73,0.63,7,0.95,0,0,run2 pfilter4
2026-08-21T14:49:33.114,327,RAD,horizontal,1,23.84,26.34,103.7,54.5,238,30.12,1.56,0.59,8,0.97,0,0,run2 pfilter4
2026-08-21T14:49:33.240,328,RAD,horizontal,1,23.84,26.34,104.1,56.3,247,30.01,1.80,0.61,6,0.92,0,0,run2 pfilter4
2026-08-21T14:49:33.370,329,RAD,horizontal,2,23.84,26.34,104.7,58.6,297,29.97,1.88,0.62,7,0.94,0,0,run2 pfilter4
2026-08-21T14:49:33.370,329,RAD,horizontal,2,23.84,26.34,0.5,1.0,6,31.33,1.50,1.00,1,1.09,0,0,run2 pfilter4
2026-08-21T14:49:33.463,330,RAD,horizontal,1,23.86,26.36,105.5,60.6,327,30.34,1.88,0.60,10,0.98,0,0,run2 pfilter4
2026-08-21T14:49:33.594,331,RAD,horizontal,2,23.88,26.38,106.3,62.4,315,29.88,1.72,0.56,8,0.93,0,0,run2 pfilter4
2026-08-21T14:49:33.594,331,RAD,horizontal,2,23.88,26.38,77.6,21.0,6,28.57,1.50,1.00,1,1.31,0,0,run2 pfilter4
2026-08-21T14:49:33.689,332,RAD,horizontal,1,23.91,26.41,107.7,65.0,333,30.34,1.68,0.55,10,0.97,0,0,run2 pfilter4
2026-08-21T14:49:33.817,333,RAD,horizontal,2,23.91,26.41,109.3,68.7,426,30.63,1.60,0.67,9,1.09,0,0,run2 pfilter4
2026-08-21T14:49:33.817,333,RAD,horizontal,2,23.91,26.41,77.5,21.0,6,28.43,1.50,1.00,1,1.23,0,0,run2 pfilter4
2026-08-21T14:49:33.912,334,RAD,horizontal,2,23.93,26.43,110.3,71.6,487,30.65,1.65,0.74,10,1.08,0,0,run2 pfilter4
2026-08-21T14:49:33.912,334,RAD,horizontal,2,23.93,26.43,77.5,21.0,6,28.50,1.50,1.00,1,1.25,0,0,run2 pfilter4
2026-08-21T14:49:34.043,335,RAD,horizontal,2,23.95,26.45,110.7,74.0,491,30.67,1.57,0.71,11,1.06,0,0,run2 pfilter4
2026-08-21T14:49:34.043,335,RAD,horizontal,2,23.95,26.45,77.5,21.0,6,28.55,1.50,1.00,1,1.26,0,0,run2 pfilter4
2026-08-21T14:49:34.172,336,RAD,horizontal,2,23.95,26.45,110.6,76.4,481,30.39,1.57,0.69,13,1.07,0,0,run2 pfilter4
2026-08-21T14:49:34.172,336,RAD,horizontal,2,23.95,26.45,77.5,21.0,6,28.57,1.50,1.00,1,1.20,0,0,run2 pfilter4
2026-08-21T14:49:34.265,337,RAD,horizontal,1,23.95,26.45,110.2,79.5,533,30.87,1.59,0.69,9,1.12,0,0,run2 pfilter4
2026-08-21T14:49:34.394,338,RAD,horizontal,1,23.98,26.48,109.9,81.9,617,31.28,1.87,0.62,8,1.11,0,0,run2 pfilter4
2026-08-21T14:49:34.489,339,RAD,horizontal,1,23.98,26.48,109.7,84.5,653,30.71,1.88,0.60,13,1.11,0,0,run2 pfilter4
2026-08-21T14:49:34.617,340,RAD,horizontal,1,23.98,26.48,109.3,86.7,638,30.89,1.67,0.66,11,1.13,0,0,run2 pfilter4
2026-08-21T14:49:34.712,341,RAD,horizontal,1,23.95,26.45,109.1,88.5,633,31.22,1.92,0.57,9,1.16,0,0,run2 pfilter4
2026-08-21T14:49:34.843,342,RAD,horizontal,2,23.95,26.45,108.7,90.9,657,31.28,1.77,0.55,9,1.18,0,0,run2 pfilter4
2026-08-21T14:49:34.843,342,RAD,horizontal,2,23.95,26.45,78.1,21.9,12,28.86,1.67,0.80,1,1.42,0,0,run2 pfilter4
2026-08-21T14:49:34.936,343,RAD,horizontal,2,23.93,26.43,107.9,93.8,698,30.82,1.61,0.55,14,1.19,0,0,run2 pfilter4
2026-08-21T14:49:34.936,343,RAD,horizontal,2,23.93,26.43,78.1,22.0,12,28.68,1.67,0.80,2,1.39,0,0,run2 pfilter4
2026-08-21T14:49:35.067,344,RAD,horizontal,2,23.93,26.43,106.6,96.3,762,31.00,1.59,0.57,13,1.22,0,0,run2 pfilter4
2026-08-21T14:49:35.067,344,RAD,horizontal,2,23.93,26.43,78.0,22.0,10,28.66,1.67,0.67,1,1.22,0,0,run2 pfilter4
2026-08-21T14:49:35.195,345,RAD,horizontal,2,23.93,26.43,105.3,98.4,793,30.85,1.57,0.56,14,1.27,0,0,run2 pfilter4
2026-08-21T14:49:35.195,345,RAD,horizontal,2,23.93,26.43,77.9,22.0,10,28.66,1.67,0.67,1,1.22,0,0,run2 pfilter4
2026-08-21T14:49:35.291,346,RAD,horizontal,2,23.91,26.41,103.7,100.4,824,30.82,1.50,0.61,14,1.38,0,0,run2 pfilter4
2026-08-21T14:49:35.291,346,RAD,horizontal,2,23.91,26.41,77.9,22.0,10,28.61,1.67,0.67,1,1.22,0,0,run2 pfilter4
2026-08-21T14:49:35.418,347,RAD,horizontal,2,23.91,26.41,101.6,100.6,741,30.91,1.35,0.57,14,1.28,0,0,run2 pfilter4
2026-08-21T14:49:35.418,347,RAD,horizontal,2,23.91,26.41,77.9,22.0,10,28.57,1.67,0.67,1,1.22,0,0,run2 pfilter4
2026-08-21T14:49:35.513,348,RAD,horizontal,2,23.91,26.41,98.2,102.0,806,31.26,1.24,0.60,11,1.29,0,0,run2 pfilter4
2026-08-21T14:49:35.513,348,RAD,horizontal,2,23.91,26.41,78.0,22.4,12,28.57,2.00,0.67,1,1.21,0,0,run2 pfilter4
2026-08-21T14:49:35.642,349,RAD,horizontal,2,23.88,26.38,94.4,103.5,787,31.74,1.18,0.61,12,1.27,0,0,run2 pfilter4
2026-08-21T14:49:35.642,349,RAD,horizontal,2,23.88,26.38,78.0,22.5,12,28.57,2.00,0.67,1,1.21,0,0,run2 pfilter4
2026-08-21T14:49:35.740,350,RAD,horizontal,2,23.88,26.38,91.0,104.5,780,31.81,1.12,0.64,11,1.30,0,0,run2 pfilter4
2026-08-21T14:49:35.740,350,RAD,horizontal,2,23.88,26.38,78.1,22.4,14,28.55,2.00,0.78,1,1.39,0,0,run2 pfilter4
2026-08-21T14:49:35.869,351,RAD,horizontal,1,23.86,26.36,88.2,105.5,814,31.61,1.09,0.69,13,1.28,0,0,run2 pfilter4
2026-08-21T14:49:35.994,352,RAD,horizontal,1,23.86,26.36,86.3,106.1,789,31.02,1.03,0.70,14,1.29,0,0,run2 pfilter4
2026-08-21T14:49:36.091,353,RAD,horizontal,1,23.86,26.36,85.2,106.5,767,31.09,1.00,0.70,15,1.29,0,0,run2 pfilter4
2026-08-21T14:49:36.220,354,RAD,horizontal,1,23.86,26.36,84.7,106.9,737,31.09,1.00,0.72,15,1.28,0,0,run2 pfilter4
2026-08-21T14:49:36.314,355,RAD,horizontal,1,23.86,26.36,84.4,107.1,725,31.09,0.94,0.71,11,1.29,0,0,run2 pfilter4
2026-08-21T14:49:36.440,356,RAD,horizontal,1,23.86,26.36,84.4,107.5,695,31.04,0.94,0.72,9,1.29,0,0,run2 pfilter4
2026-08-21T14:49:36.537,357,RAD,horizontal,1,23.84,26.34,84.3,107.7,679,31.04,0.91,0.73,10,1.29,0,0,run2 pfilter4
2026-08-21T14:49:36.663,358,RAD,horizontal,1,23.86,26.36,84.4,107.9,680,31.00,0.88,0.76,13,1.29,0,0,run2 pfilter4
2026-08-21T14:49:36.762,359,RAD,horizontal,1,23.84,26.34,84.3,107.9,673,30.95,0.88,0.75,11,1.29,0,0,run2 pfilter4
2026-08-21T14:49:36.890,360,RAD,horizontal,1,23.84,26.34,84.2,107.9,668,30.98,0.90,0.77,8,1.29,0,0,run2 pfilter4
2026-08-21T14:49:37.019,361,RAD,horizontal,1,23.84,26.34,83.9,108.0,679,31.06,0.91,0.73,10,1.26,0,0,run2 pfilter4
2026-08-21T14:49:37.112,362,RAD,horizontal,1,23.84,26.34,83.8,107.8,689,31.06,0.91,0.74,10,1.28,0,0,run2 pfilter4
2026-08-21T14:49:37.239,363,RAD,horizontal,1,23.86,26.36,83.7,107.7,700,31.22,0.94,0.73,15,1.29,0,0,run2 pfilter4
2026-08-21T14:49:37.339,364,RAD,horizontal,1,23.88,26.38,83.5,107.6,708,31.28,0.94,0.74,12,1.29,0,0,run2 pfilter4
2026-08-21T14:49:37.468,365,RAD,horizontal,1,23.88,26.38,83.4,107.5,713,31.24,0.94,0.74,12,1.28,0,0,run2 pfilter4
2026-08-21T14:49:37.559,366,RAD,horizontal,1,23.91,26.41,83.5,107.5,720,31.30,0.94,0.75,12,1.27,0,0,run2 pfilter4
2026-08-21T14:49:37.689,367,RAD,horizontal,1,23.91,26.41,83.6,107.6,720,31.24,0.94,0.75,11,1.26,0,0,run2 pfilter4
2026-08-21T14:49:37.818,368,RAD,horizontal,1,23.91,26.41,83.8,107.8,735,31.30,0.91,0.74,13,1.31,0,0,run2 pfilter4
2026-08-21T14:49:37.917,369,RAD,horizontal,1,23.91,26.41,84.0,107.8,751,31.30,0.88,0.74,11,1.36,0,0,run2 pfilter4
2026-08-21T14:49:38.044,370,RAD,horizontal,1,23.91,26.41,84.0,107.9,756,31.57,0.88,0.74,12,1.37,0,0,run2 pfilter4
2026-08-21T14:49:38.140,371,RAD,horizontal,1,23.88,26.38,84.0,107.8,747,31.52,0.91,0.71,13,1.33,0,0,run2 pfilter4
2026-08-21T14:49:38.294,372,RAD,horizontal,1,23.88,26.38,83.6,107.7,725,31.50,0.94,0.71,12,1.29,0,0,run2 pfilter4
2026-08-21T14:49:38.372,373,RAD,horizontal,1,23.91,26.41,83.4,107.7,721,31.48,0.91,0.73,11,1.30,0,0,run2 pfilter4
2026-08-21T14:49:38.494,374,RAD,horizontal,1,23.88,26.38,83.4,107.7,712,31.44,0.91,0.72,11,1.31,0,0,run2 pfilter4
2026-08-21T14:49:38.588,375,RAD,horizontal,1,23.88,26.38,83.3,107.8,716,31.44,0.88,0.75,11,1.32,0,0,run2 pfilter4
2026-08-21T14:49:38.713,376,RAD,horizontal,1,23.91,26.41,83.3,107.9,710,31.44,0.88,0.74,10,1.29,0,0,run2 pfilter4
2026-08-21T14:49:38.841,377,RAD,horizontal,1,23.91,26.41,83.2,108.1,696,31.44,0.88,0.73,12,1.28,0,0,run2 pfilter4
2026-08-21T14:49:38.941,378,RAD,horizontal,1,23.91,26.41,83.1,108.1,701,31.41,0.88,0.73,11,1.29,0,0,run2 pfilter4
2026-08-21T14:49:39.073,379,RAD,horizontal,1,23.93,26.43,83.1,108.2,696,31.41,0.88,0.73,14,1.28,0,0,run2 pfilter4
2026-08-21T14:49:39.258,380,RAD,horizontal,2,23.91,26.41,83.1,108.3,688,31.41,0.88,0.72,12,1.29,0,0,run2 pfilter4
2026-08-21T14:49:39.258,380,RAD,horizontal,2,23.91,26.41,75.0,21.5,8,29.74,1.33,0.67,1,1.24,0,0,run2 pfilter4
2026-08-21T14:49:39.330,381,RAD,horizontal,2,23.93,26.43,83.0,108.3,695,31.41,0.88,0.73,10,1.28,0,0,run2 pfilter4
2026-08-21T14:49:39.330,381,RAD,horizontal,2,23.93,26.43,75.0,21.5,8,29.74,1.33,0.67,1,1.24,0,0,run2 pfilter4
2026-08-21T14:49:39.387,382,RAD,horizontal,1,23.93,26.43,83.0,108.1,708,31.41,0.88,0.74,12,1.29,0,0,run2 pfilter4
2026-08-21T14:49:39.513,383,RAD,horizontal,1,23.91,26.41,83.0,108.1,708,31.41,0.88,0.74,13,1.29,0,0,run2 pfilter4
2026-08-21T14:49:39.645,384,RAD,horizontal,1,23.93,26.43,83.0,108.1,709,31.41,0.88,0.74,13,1.29,0,0,run2 pfilter4
2026-08-21T14:49:39.735,385,RAD,horizontal,1,23.91,26.41,83.3,108.2,712,31.39,0.85,0.72,12,1.30,0,0,run2 pfilter4
2026-08-21T14:49:39.864,386,RAD,horizontal,1,23.91,26.41,83.5,108.3,710,31.30,0.85,0.72,12,1.31,0,0,run2 pfilter4
2026-08-21T14:49:39.963,387,RAD,horizontal,1,23.91,26.41,83.9,108.6,694,31.33,0.80,0.71,12,1.30,0,0,run2 pfilter4
2026-08-21T14:49:40.088,388,RAD,horizontal,1,23.91,26.41,84.2,108.8,675,31.37,0.79,0.74,13,1.30,0,0,run2 pfilter4
2026-08-21T14:49:40.183,389,RAD,horizontal,1,23.91,26.41,84.6,109.1,655,31.35,0.79,0.71,10,1.29,0,0,run2 pfilter4
2026-08-21T14:49:40.315,390,RAD,horizontal,1,23.91,26.41,84.9,109.4,643,31.35,0.76,0.73,11,1.30,0,0,run2 pfilter4
2026-08-21T14:49:40.411,391,RAD,horizontal,1,23.91,26.41,85.3,109.7,640,31.35,0.71,0.73,13,1.31,0,0,run2 pfilter4
2026-08-21T14:49:40.537,392,RAD,horizontal,1,23.91,26.41,85.7,109.9,622,31.39,0.71,0.71,11,1.32,0,0,run2 pfilter4
2026-08-21T14:49:40.668,393,RAD,horizontal,1,23.88,26.38,85.8,110.0,610,31.37,0.69,0.73,9,1.34,0,0,run2 pfilter4
2026-08-21T14:49:40.761,394,RAD,horizontal,1,23.88,26.38,85.8,110.1,611,31.28,0.69,0.73,9,1.35,0,0,run2 pfilter4
2026-08-21T14:49:40.890,395,RAD,horizontal,1,23.91,26.41,85.8,110.2,600,31.26,0.69,0.71,8,1.32,0,0,run2 pfilter4
2026-08-21T14:49:40.985,396,RAD,horizontal,1,23.91,26.41,85.8,110.4,593,31.15,0.69,0.71,9,1.31,0,0,run2 pfilter4
2026-08-21T14:49:41.113,397,RAD,horizontal,1,23.91,26.41,85.9,110.5,584,31.15,0.66,0.73,7,1.31,0,0,run2 pfilter4
2026-08-21T14:49:41.208,398,RAD,horizontal,1,23.93,26.43,86.0,110.4,596,31.17,0.66,0.74,8,1.30,0,0,run2 pfilter4
2026-08-21T14:49:41.336,399,RAD,horizontal,1,23.93,26.43,86.0,110.4,588,31.22,0.66,0.73,9,1.30,0,0,run2 pfilter4
2026-08-21T14:49:41.433,400,RAD,horizontal,1,23.91,26.41,86.0,110.5,584,31.20,0.66,0.73,9,1.30,0,0,run2 pfilter4
2026-08-21T14:49:41.555,401,RAD,horizontal,1,23.91,26.41,0.9,0.9,8,30.89,1.00,0.89,1,0.95,0,0,run2 pfilter4
2026-08-21T14:49:41.690,402,RAD,horizontal,1,23.91,26.41,86.0,110.5,586,31.26,0.66,0.73,10,1.29,0,0,run2 pfilter4
2026-08-21T14:49:41.784,403,RAD,horizontal,1,23.93,26.43,86.0,110.4,586,31.24,0.66,0.73,10,1.29,0,0,run2 pfilter4
2026-08-21T14:49:41.913,404,RAD,horizontal,1,23.91,26.41,86.1,110.4,589,31.22,0.66,0.73,9,1.30,0,0,run2 pfilter4
2026-08-21T14:49:42.010,405,RAD,horizontal,2,23.91,26.41,86.1,110.4,591,31.20,0.66,0.73,10,1.29,0,0,run2 pfilter4
2026-08-21T14:49:42.010,405,RAD,horizontal,2,23.91,26.41,0.5,1.0,6,31.04,1.50,1.00,1,1.09,0,0,run2 pfilter4
2026-08-21T14:49:42.138,406,RAD,horizontal,1,23.91,26.41,86.1,110.5,587,31.15,0.66,0.73,8,1.28,0,0,run2 pfilter4
2026-08-21T14:49:42.231,407,RAD,horizontal,1,23.88,26.38,86.2,110.4,596,31.20,0.66,0.74,9,1.31,0,0,run2 pfilter4
2026-08-21T14:49:42.363,408,RAD,horizontal,2,23.88,26.38,86.3,110.4,595,31.20,0.66,0.74,10,1.29,0,0,run2 pfilter4
2026-08-21T14:49:42.363,408,RAD,horizontal,2,23.88,26.38,0.5,1.0,6,31.06,1.50,1.00,1,1.11,0,0,run2 pfilter4
2026-08-21T14:49:42.490,409,RAD,horizontal,1,23.88,26.38,86.5,110.2,607,31.20,0.66,0.75,9,1.31,0,0,run2 pfilter4
2026-08-21T14:49:42.586,410,RAD,horizontal,1,23.88,26.38,86.7,110.2,611,31.20,0.66,0.76,13,1.29,0,0,run2 pfilter4
2026-08-21T14:49:42.717,411,RAD,horizontal,2,23.88,26.38,86.9,110.1,605,31.15,0.66,0.75,11,1.30,0,0,run2 pfilter4
2026-08-21T14:49:42.717,411,RAD,horizontal,2,23.88,26.38,1.0,0.5,6,31.50,0.67,1.00,1,1.10,0,0,run2 pfilter4
2026-08-21T14:49:42.810,412,RAD,horizontal,2,23.93,26.43,87.0,110.1,607,31.24,0.66,0.75,13,1.33,0,0,run2 pfilter4
2026-08-21T14:49:42.810,412,RAD,horizontal,2,23.93,26.43,1.0,0.5,6,31.52,0.67,1.00,1,1.10,0,0,run2 pfilter4
2026-08-21T14:49:42.940,413,RAD,horizontal,1,23.93,26.43,87.0,110.1,605,31.44,0.66,0.75,13,1.34,0,0,run2 pfilter4
2026-08-21T14:49:43.033,414,RAD,horizontal,1,23.93,26.43,87.0,110.1,605,31.37,0.66,0.75,12,1.35,0,0,run2 pfilter4
2026-08-21T14:49:43.163,415,RAD,horizontal,3,23.93,26.43,87.0,110.1,604,31.35,0.66,0.75,12,1.36,0,0,run2 pfilter4
2026-08-21T14:49:43.163,415,RAD,horizontal,3,23.93,26.43,1.0,0.5,6,31.30,0.67,1.00,1,1.01,0,0,run2 pfilter4
2026-08-21T14:49:43.163,415,RAD,horizontal,3,23.93,26.43,74.9,23.1,8,29.77,1.00,0.89,1,1.53,0,0,run2 pfilter4
2026-08-21T14:49:43.259,416,RAD,horizontal,3,23.93,26.43,87.0,110.2,604,31.28,0.66,0.75,12,1.36,0,0,run2 pfilter4
2026-08-21T14:49:43.259,416,RAD,horizontal,3,23.93,26.43,1.0,0.5,6,31.35,0.67,1.00,1,1.02,0,0,run2 pfilter4
2026-08-21T14:49:43.259,416,RAD,horizontal,3,23.93,26.43,74.9,23.1,8,29.81,1.00,0.89,1,1.54,0,0,run2 pfilter4
2026-08-21T14:49:43.386,417,RAD,horizontal,3,23.93,26.43,87.0,110.2,603,31.28,0.66,0.75,11,1.36,0,0,run2 pfilter4
2026-08-21T14:49:43.386,417,RAD,horizontal,3,23.93,26.43,1.0,0.5,6,31.63,0.67,1.00,1,1.15,0,0,run2 pfilter4
2026-08-21T14:49:43.386,417,RAD,horizontal,3,23.93,26.43,74.9,23.1,8,29.85,1.00,0.89,1,1.56,0,0,run2 pfilter4
2026-08-21T14:49:43.515,418,RAD,horizontal,2,23.91,26.41,87.0,110.2,603,31.28,0.66,0.75,10,1.36,0,0,run2 pfilter4
2026-08-21T14:49:43.515,418,RAD,horizontal,2,23.91,26.41,74.9,23.1,8,29.85,1.00,0.89,1,1.57,0,0,run2 pfilter4
2026-08-21T14:49:43.608,419,RAD,horizontal,3,23.91,26.41,87.0,110.1,604,31.28,0.66,0.75,8,1.36,0,0,run2 pfilter4
2026-08-21T14:49:43.608,419,RAD,horizontal,3,23.91,26.41,0.9,0.8,8,31.15,1.00,0.89,1,1.08,0,0,run2 pfilter4
2026-08-21T14:49:43.608,419,RAD,horizontal,3,23.91,26.41,74.9,23.1,8,29.83,1.00,0.89,1,1.57,0,0,run2 pfilter4
2026-08-21T14:49:43.739,420,RAD,horizontal,2,23.93,26.43,86.9,110.1,606,31.28,0.66,0.75,8,1.37,0,0,run2 pfilter4
2026-08-21T14:49:43.739,420,RAD,horizontal,2,23.93,26.43,74.9,23.1,8,29.83,1.00,0.89,1,1.56,0,0,run2 pfilter4
2026-08-21T14:49:43.833,421,RAD,horizontal,2,23.93,26.43,86.8,110.1,603,31.26,0.66,0.75,8,1.37,0,0,run2 pfilter4
2026-08-21T14:49:43.833,421,RAD,horizontal,2,23.93,26.43,0.9,0.9,8,30.54,1.00,0.89,1,0.78,0,0,run2 pfilter4
2026-08-21T14:49:43.963,422,RAD,horizontal,2,23.93,26.43,86.7,110.1,603,31.22,0.66,0.75,8,1.38,0,0,run2 pfilter4
2026-08-21T14:49:43.963,422,RAD,horizontal,2,23.93,26.43,0.9,0.9,8,30.71,1.00,0.89,1,0.82,0,0,run2 pfilter4
2026-08-21T14:49:44.057,423,RAD,horizontal,2,23.91,26.41,86.7,110.1,598,31.22,0.68,0.76,8,1.38,0,0,run2 pfilter4
2026-08-21T14:49:44.057,423,RAD,horizontal,2,23.91,26.41,0.9,0.9,8,30.95,1.00,0.89,1,0.89,0,0,run2 pfilter4
2026-08-21T14:49:44.184,424,RAD,horizontal,2,23.91,26.41,86.7,110.1,597,31.22,0.68,0.76,7,1.38,0,0,run2 pfilter4
2026-08-21T14:49:44.184,424,RAD,horizontal,2,23.91,26.41,0.9,0.9,8,30.91,1.00,0.89,1,0.89,0,0,run2 pfilter4
2026-08-21T14:49:44.313,425,RAD,horizontal,2,23.91,26.41,86.7,110.1,597,31.22,0.68,0.76,7,1.38,0,0,run2 pfilter4
2026-08-21T14:49:44.313,425,RAD,horizontal,2,23.91,26.41,0.9,0.9,8,30.71,1.00,0.89,1,0.89,0,0,run2 pfilter4
2026-08-21T14:49:44.409,426,RAD,horizontal,2,23.91,26.41,86.7,110.1,597,31.22,0.68,0.76,8,1.38,0,0,run2 pfilter4
2026-08-21T14:49:44.409,426,RAD,horizontal,2,23.91,26.41,0.9,0.9,8,30.80,1.00,0.89,1,0.92,0,0,run2 pfilter4
2026-08-21T14:49:44.537,427,RAD,horizontal,1,23.93,26.43,86.7,110.1,598,31.20,0.71,0.73,8,1.39,0,0,run2 pfilter4
2026-08-21T14:49:44.634,428,RAD,horizontal,2,23.88,26.38,86.6,110.1,592,31.20,0.73,0.75,8,1.39,0,0,run2 pfilter4
2026-08-21T14:49:44.634,428,RAD,horizontal,2,23.88,26.38,0.5,1.0,6,31.48,1.50,1.00,1,1.17,0,0,run2 pfilter4
2026-08-21T14:49:44.764,429,RAD,horizontal,2,23.88,26.38,86.6,110.1,592,31.22,0.73,0.75,9,1.40,0,0,run2 pfilter4
2026-08-21T14:49:44.764,429,RAD,horizontal,2,23.88,26.38,0.5,1.0,6,31.48,1.50,1.00,1,1.18,0,0,run2 pfilter4
2026-08-21T14:49:44.859,430,RAD,horizontal,2,23.88,26.38,86.6,110.1,592,31.22,0.73,0.75,9,1.40,0,0,run2 pfilter4
2026-08-21T14:49:44.859,430,RAD,horizontal,2,23.88,26.38,0.7,1.2,10,30.54,1.33,0.83,1,1.03,0,0,run2 pfilter4
2026-08-21T14:49:44.987,431,RAD,horizontal,2,23.88,26.38,86.6,110.1,593,31.22,0.71,0.73,10,1.40,0,0,run2 pfilter4
2026-08-21T14:49:44.987,431,RAD,horizontal,2,23.88,26.38,0.8,1.3,10,30.82,1.33,0.83,1,1.10,0,0,run2 pfilter4
2026-08-21T14:49:45.083,432,RAD,horizontal,1,23.88,26.38,86.6,110.1,595,31.22,0.71,0.73,8,1.39,0,0,run2 pfilter4
2026-08-21T14:49:45.210,433,RAD,horizontal,2,23.91,26.41,86.5,110.2,587,31.24,0.69,0.70,8,1.37,0,0,run2 pfilter4
2026-08-21T14:49:45.210,433,RAD,horizontal,2,23.91,26.41,0.6,1.1,6,31.55,1.50,1.00,1,1.15,0,0,run2 pfilter4
2026-08-21T14:49:45.342,434,RAD,horizontal,3,23.91,26.41,86.5,110.4,576,31.24,0.66,0.72,11,1.35,0,0,run2 pfilter4
2026-08-21T14:49:45.342,434,RAD,horizontal,3,23.91,26.41,0.5,1.0,6,31.41,1.50,1.00,1,1.02,0,0,run2 pfilter4
2026-08-21T14:49:45.342,434,RAD,horizontal,3,23.91,26.41,76.5,21.0,6,29.01,1.50,1.00,1,1.15,0,0,run2 pfilter4
2026-08-21T14:49:45.435,435,RAD,horizontal,3,23.95,26.45,86.5,110.5,581,31.28,0.66,0.72,10,1.34,0,0,run2 pfilter4
2026-08-21T14:49:45.435,435,RAD,horizontal,3,23.95,26.45,0.5,1.0,6,31.46,1.50,1.00,1,1.06,0,0,run2 pfilter4
2026-08-21T14:49:45.435,435,RAD,horizontal,3,23.95,26.45,76.5,21.0,6,29.01,1.50,1.00,1,1.18,0,0,run2 pfilter4
2026-08-21T14:49:45.556,436,RAD,horizontal,2,23.95,26.45,0.5,1.0,6,31.44,1.50,1.00,1,1.04,0,0,run2 pfilter4
2026-08-21T14:49:45.556,436,RAD,horizontal,2,23.95,26.45,76.5,21.0,6,29.01,1.50,1.00,1,1.21,0,0,run2 pfilter4
2026-08-21T14:49:45.651,437,RAD,horizontal,1,24.02,26.52,76.5,21.0,6,29.01,1.50,1.00,1,1.29,0,0,run2 pfilter4
2026-08-21T14:49:45.777,438,RAD,horizontal,0,23.95,26.45,,,,,,,,,,,run2 pfilter4
2026-08-21T14:49:45.873,439,RAD,horizontal,0,23.95,26.45,,,,,,,,,,,run2 pfilter4
2026-08-21T14:49:46.001,440,RAD,horizontal,0,23.95,26.45,,,,,,,,,,,run2 pfilter4
2026-08-21T14:49:46.098,441,RAD,horizontal,1,23.95,26.45,0.5,1.0,6,31.52,1.50,1.00,1,1.11,0,0,run2 pfilter4
2026-08-21T14:49:46.227,442,RAD,horizontal,1,23.95,26.45,74.5,22.0,6,29.72,1.50,1.00,1,0.65,0,0,run2 pfilter4
2026-08-21T14:49:46.355,443,RAD,horizontal,0,23.98,26.48,,,,,,,,,,,run2 pfilter4
2026-08-21T14:49:46.449,444,RAD,horizontal,1,23.98,26.48,0.9,0.9,8,31.06,1.00,0.89,1,0.96,0,0,run2 pfilter4
2026-08-21T14:49:46.577,445,RAD,horizontal,0,23.98,26.48,,,,,,,,,,,run2 pfilter4
2026-08-21T14:49:46.673,446,RAD,horizontal,0,23.95,26.45,,,,,,,,,,,run2 pfilter4
2026-08-21T14:49:46.801,447,RAD,horizontal,0,23.95,26.45,,,,,,,,,,,run2 pfilter4
2026-08-21T14:49:46.900,448,RAD,horizontal,1,23.93,26.43,1.0,1.0,9,31.00,1.00,1.00,1,1.13,0,0,run2 pfilter4
2026-08-21T14:49:47.027,449,RAD,horizontal,1,23.93,26.43,1.2,0.9,10,30.32,0.75,0.83,1,0.93,0,0,run2 pfilter4
2026-08-21T14:49:47.155,450,RAD,horizontal,1,23.93,26.43,1.5,0.6,8,31.37,0.50,1.00,1,1.30,0,0,run2 pfilter4
2026-08-21T14:49:47.252,451,RAD,horizontal,1,23.91,26.41,1.1,0.8,8,31.11,1.00,0.89,1,1.01,0,0,run2 pfilter4
2026-08-21T14:49:47.386,452,RAD,horizontal,1,23.91,26.41,0.9,0.8,8,31.15,1.00,0.89,1,1.03,0,0,run2 pfilter4
2026-08-21T14:49:47.482,453,RAD,horizontal,1,23.91,26.41,0.8,0.9,8,31.17,1.00,0.89,1,1.06,0,0,run2 pfilter4
2026-08-21T14:49:47.609,454,RAD,horizontal,2,23.91,26.41,0.8,0.9,8,31.22,1.00,0.89,1,1.05,0,0,run2 pfilter4
2026-08-21T14:49:47.609,454,RAD,horizontal,2,23.91,26.41,86.9,110.3,586,31.26,0.66,0.73,9,1.41,0,0,run2 pfilter4
2026-08-21T14:49:47.703,455,RAD,horizontal,1,23.95,26.45,87.0,110.3,594,31.30,0.66,0.74,7,1.43,0,0,run2 pfilter4
2026-08-21T14:49:47.827,456,RAD,horizontal,0,23.93,26.43,,,,,,,,,,,run2 pfilter4
2026-08-21T14:49:47.929,457,RAD,horizontal,0,23.93,26.43,,,,,,,,,,,run2 pfilter4
2026-08-21T14:49:48.050,458,RAD,horizontal,1,23.93,26.43,0.5,1.0,6,31.30,1.50,1.00,1,1.13,0,0,run2 pfilter4
2026-08-21T14:49:48.179,459,RAD,horizontal,1,23.93,26.43,0.5,1.0,6,30.76,1.50,1.00,1,0.93,0,0,run2 pfilter4
2026-08-21T14:49:48.276,460,RAD,horizontal,1,23.93,26.43,0.5,1.0,6,31.00,1.50,1.00,1,1.02,0,0,run2 pfilter4
2026-08-21T14:49:48.403,461,RAD,horizontal,1,23.93,26.43,0.5,1.0,6,30.41,1.50,1.00,1,0.86,0,0,run2 pfilter4
2026-08-21T14:49:48.499,462,RAD,horizontal,1,23.93,26.43,0.5,1.0,6,30.76,1.50,1.00,1,0.95,0,0,run2 pfilter4
2026-08-21T14:49:48.629,463,RAD,horizontal,1,23.93,26.43,0.8,0.9,8,31.00,1.00,0.89,1,1.00,0,0,run2 pfilter4
2026-08-21T14:49:48.724,464,RAD,horizontal,1,23.93,26.43,0.9,0.9,8,31.00,1.00,0.89,1,1.00,0,0,run2 pfilter4
2026-08-21T14:49:48.850,465,RAD,horizontal,1,23.93,26.43,0.6,1.0,6,30.95,1.50,1.00,1,0.98,0,0,run2 pfilter4
2026-08-21T14:49:48.980,466,RAD,horizontal,1,23.91,26.41,0.8,0.9,8,30.93,1.00,0.89,1,0.97,0,0,run2 pfilter4
2026-08-21T14:49:49.076,467,RAD,horizontal,1,23.91,26.41,0.6,1.0,6,30.87,1.50,1.00,1,0.93,0,0,run2 pfilter4
2026-08-21T14:49:49.203,468,RAD,horizontal,1,23.91,26.41,0.5,1.0,6,30.93,1.50,1.00,1,0.96,0,0,run2 pfilter4
2026-08-21T14:49:49.299,469,RAD,horizontal,1,23.88,26.38,0.5,1.0,6,30.93,1.50,1.00,1,0.97,0,0,run2 pfilter4
2026-08-21T14:49:49.427,470,RAD,horizontal,1,23.88,26.38,0.5,1.0,6,30.43,1.50,1.00,1,0.81,0,0,run2 pfilter4
2026-08-21T14:49:49.523,471,RAD,horizontal,0,23.88,26.38,,,,,,,,,,,run2 pfilter4
2026-08-21T14:49:49.650,472,RAD,horizontal,0,23.88,26.38,,,,,,,,,,,run2 pfilter4
2026-08-21T14:49:49.748,473,RAD,horizontal,1,23.91,26.41,0.8,0.9,8,31.02,1.00,0.89,1,1.02,0,0,run2 pfilter4
2026-08-21T14:49:49.876,474,RAD,horizontal,1,23.88,26.38,0.9,0.9,8,30.60,1.00,0.89,1,0.90,0,0,run2 pfilter4
2026-08-21T14:49:50.004,475,RAD,horizontal,1,23.91,26.41,0.9,0.9,8,30.60,1.00,0.89,1,0.91,0,0,run2 pfilter4
2026-08-21T14:49:50.099,476,RAD,horizontal,1,23.91,26.41,0.9,0.9,8,30.56,1.00,0.89,1,0.89,0,0,run2 pfilter4
2026-08-21T14:49:50.227,477,RAD,horizontal,1,23.91,26.41,0.9,0.9,8,30.76,1.00,0.89,1,0.94,0,0,run2 pfilter4
2026-08-21T14:49:50.323,478,RAD,horizontal,1,23.88,26.38,0.9,0.9,8,30.85,1.00,0.89,1,0.98,0,0,run2 pfilter4
2026-08-21T14:49:50.452,479,RAD,horizontal,1,23.88,26.38,0.9,0.9,8,30.85,1.00,0.89,1,0.98,0,0,run2 pfilter4
2026-08-21T14:49:50.546,480,RAD,horizontal,1,23.88,26.38,0.6,1.0,6,30.89,1.50,1.00,1,1.03,0,0,run2 pfilter4
2026-08-21T14:49:50.675,481,RAD,horizontal,1,23.86,26.36,0.9,1.0,9,30.39,1.00,1.00,1,0.93,0,0,run2 pfilter4
2026-08-21T14:49:50.803,482,RAD,horizontal,1,23.86,26.36,1.0,1.0,9,30.63,1.00,1.00,1,1.04,0,0,run2 pfilter4
2026-08-21T14:49:50.897,483,RAD,horizontal,0,23.84,26.34,,,,,,,,,,,run2 pfilter4
2026-08-21T14:49:51.026,484,RAD,horizontal,1,23.84,26.34,0.9,0.9,8,31.30,1.00,0.89,1,1.16,0,0,run2 pfilter4
2026-08-21T14:49:51.122,485,RAD,horizontal,1,23.84,26.34,1.0,1.0,9,30.58,1.00,1.00,1,1.03,0,0,run2 pfilter4
2026-08-21T14:49:51.250,486,RAD,horizontal,0,23.86,26.36,,,,,,,,,,,run2 pfilter4
2026-08-21T14:49:51.347,487,RAD,horizontal,1,23.86,26.36,0.9,0.9,8,30.52,1.00,0.89,1,0.82,0,0,run2 pfilter4
2026-08-21T14:49:51.474,488,RAD,horizontal,1,23.84,26.34,0.9,0.9,8,30.52,1.00,0.89,1,0.83,0,0,run2 pfilter4
2026-08-21T14:49:51.570,489,RAD,horizontal,1,23.84,26.34,0.9,0.9,8,30.52,1.00,0.89,1,0.93,0,0,run2 pfilter4
2026-08-21T14:49:51.698,490,RAD,horizontal,1,23.81,26.31,0.9,0.9,8,31.24,1.00,0.89,1,1.10,0,0,run2 pfilter4
2026-08-21T14:49:51.828,491,RAD,horizontal,1,23.81,26.31,0.9,0.9,8,30.85,1.00,0.89,1,0.91,0,0,run2 pfilter4
2026-08-21T14:49:51.923,492,RAD,horizontal,1,23.84,26.34,0.9,0.9,8,30.85,1.00,0.89,1,0.92,0,0,run2 pfilter4
2026-08-21T14:49:52.058,493,RAD,horizontal,1,23.84,26.34,0.8,1.2,10,30.85,1.33,0.83,1,1.02,0,0,run2 pfilter4
2026-08-21T14:49:52.153,494,RAD,horizontal,1,23.84,26.34,1.2,0.9,10,30.54,0.75,0.83,1,0.99,0,0,run2 pfilter4
2026-08-21T14:49:52.279,495,RAD,horizontal,2,23.91,26.41,1.0,0.9,8,31.24,1.00,0.89,1,0.99,0,0,run2 pfilter4
2026-08-21T14:49:52.279,495,RAD,horizontal,2,23.91,26.41,87.3,110.2,608,33.10,0.66,0.76,5,1.54,1,0,run2 pfilter4
2026-08-21T14:49:52.376,496,RAD,horizontal,2,23.91,26.41,0.9,0.9,8,31.15,1.00,0.89,1,0.96,0,0,run2 pfilter4
2026-08-21T14:49:52.376,496,RAD,horizontal,2,23.91,26.41,87.3,110.1,614,32.99,0.66,0.76,6,1.55,0,0,run2 pfilter4
2026-08-21T14:49:52.503,497,RAD,horizontal,2,23.91,26.41,0.9,0.9,8,30.78,1.00,0.89,1,0.84,0,0,run2 pfilter4
2026-08-21T14:49:52.503,497,RAD,horizontal,2,23.91,26.41,87.3,110.0,618,32.95,0.69,0.74,7,1.54,0,0,run2 pfilter4
2026-08-21T14:49:52.599,498,RAD,horizontal,2,23.93,26.43,0.6,1.0,6,30.69,1.50,1.00,1,0.86,0,0,run2 pfilter4
2026-08-21T14:49:52.599,498,RAD,horizontal,2,23.93,26.43,87.2,109.9,634,32.99,0.69,0.75,6,1.55,0,0,run2 pfilter4
2026-08-21T14:49:52.727,499,RAD,horizontal,2,23.91,26.41,0.8,0.9,8,30.39,1.00,0.89,1,0.77,0,0,run2 pfilter4
2026-08-21T14:49:52.727,499,RAD,horizontal,2,23.91,26.41,87.1,109.9,635,32.97,0.69,0.76,6,1.54,0,0,run2 pfilter4
2026-08-21T14:49:52.857,500,RAD,horizontal,2,23.91,26.41,0.8,0.9,8,30.58,1.00,0.89,1,0.85,0,0,run2 pfilter4
2026-08-21T14:49:52.857,500,RAD,horizontal,2,23.91,26.41,86.9,109.7,642,32.97,0.71,0.73,6,1.53,0,0,run2 pfilter4
2026-08-21T14:49:52.952,501,RAD,horizontal,2,23.91,26.41,0.6,1.0,6,30.52,1.50,1.00,1,0.73,0,0,run2 pfilter4
2026-08-21T14:49:52.952,501,RAD,horizontal,2,23.91,26.41,86.7,109.5,662,33.01,0.71,0.76,6,1.54,0,0,run2 pfilter4
2026-08-21T14:49:53.081,502,RAD,horizontal,2,23.91,26.41,0.8,0.9,8,30.52,1.00,0.89,1,0.74,0,0,run2 pfilter4
2026-08-21T14:49:53.081,502,RAD,horizontal,2,23.91,26.41,86.6,109.2,672,33.01,0.76,0.76,7,1.56,0,0,run2 pfilter4
2026-08-21T14:49:53.176,503,RAD,horizontal,2,23.91,26.41,0.6,1.0,6,31.15,1.50,1.00,1,0.93,0,0,run2 pfilter4
2026-08-21T14:49:53.176,503,RAD,horizontal,2,23.91,26.41,86.4,109.0,684,32.95,0.74,0.75,5,1.53,0,0,run2 pfilter4
2026-08-21T14:49:53.305,504,RAD,horizontal,2,23.91,26.41,0.8,0.9,8,30.87,1.00,0.89,1,0.86,0,0,run2 pfilter4
2026-08-21T14:49:53.305,504,RAD,horizontal,2,23.91,26.41,86.2,108.7,708,33.16,0.75,0.73,7,1.49,1,0,run2 pfilter4
2026-08-21T14:49:53.400,505,RAD,horizontal,2,23.91,26.41,0.9,0.9,8,31.15,1.00,0.89,1,0.95,0,0,run2 pfilter4
2026-08-21T14:49:53.400,505,RAD,horizontal,2,23.91,26.41,86.1,108.5,723,33.23,0.78,0.72,7,1.43,2,0,run2 pfilter4
2026-08-21T14:49:53.529,506,RAD,horizontal,2,23.95,26.45,0.9,0.9,8,31.00,1.00,0.89,1,0.91,0,0,run2 pfilter4
2026-08-21T14:49:53.529,506,RAD,horizontal,2,23.95,26.45,85.7,108.2,756,33.14,0.81,0.72,9,1.40,2,0,run2 pfilter4
2026-08-21T14:49:53.658,507,RAD,horizontal,1,23.95,26.45,85.3,108.0,764,32.73,0.81,0.73,11,1.34,0,0,run2 pfilter4
2026-08-21T14:49:53.756,508,RAD,horizontal,1,23.98,26.48,84.9,107.7,787,31.59,0.83,0.73,17,1.34,0,0,run2 pfilter4
2026-08-21T14:49:53.882,509,RAD,horizontal,1,24.02,26.52,84.6,107.4,797,31.65,0.89,0.73,14,1.33,0,0,run2 pfilter4
2026-08-21T14:49:53.977,510,RAD,horizontal,1,24.02,26.52,84.3,107.2,800,31.63,0.89,0.74,12,1.32,0,0,run2 pfilter4
2026-08-21T14:49:54.104,511,RAD,horizontal,1,24.02,26.52,84.1,107.0,801,31.61,0.91,0.72,12,1.32,0,0,run2 pfilter4
2026-08-21T14:49:54.201,512,RAD,horizontal,2,24.02,26.52,0.5,1.0,6,31.26,1.50,1.00,1,1.02,0,0,run2 pfilter4
2026-08-21T14:49:54.201,512,RAD,horizontal,2,24.02,26.52,83.9,106.7,813,31.65,0.94,0.75,12,1.31,0,0,run2 pfilter4
2026-08-21T14:49:54.331,513,RAD,horizontal,2,24.02,26.52,0.5,1.0,6,31.26,1.50,1.00,1,1.03,0,0,run2 pfilter4
2026-08-21T14:49:54.331,513,RAD,horizontal,2,24.02,26.52,83.7,106.6,801,31.85,0.97,0.71,12,1.30,0,0,run2 pfilter4
2026-08-21T14:49:54.425,514,RAD,horizontal,1,24.04,26.54,83.6,106.5,798,31.76,1.00,0.73,12,1.28,0,0,run2 pfilter4
2026-08-21T14:49:54.553,515,RAD,horizontal,1,24.04,26.54,83.7,106.6,792,31.76,1.00,0.73,11,1.28,0,0,run2 pfilter4
2026-08-21T14:49:54.683,516,RAD,horizontal,1,24.04,26.54,83.7,106.7,791,31.76,1.00,0.73,11,1.28,0,0,run2 pfilter4
2026-08-21T14:49:54.777,517,RAD,horizontal,2,24.04,26.54,0.5,1.0,6,31.17,1.50,1.00,1,1.00,0,0,run2 pfilter4
2026-08-21T14:49:54.777,517,RAD,horizontal,2,24.04,26.54,83.7,106.6,792,31.74,1.00,0.73,11,1.27,0,0,run2 pfilter4
2026-08-21T14:49:54.906,518,RAD,horizontal,2,24.04,26.54,0.5,1.0,6,31.24,1.50,1.00,1,1.05,0,0,run2 pfilter4
2026-08-21T14:49:54.906,518,RAD,horizontal,2,24.04,26.54,83.7,106.6,794,31.78,1.00,0.73,11,1.28,0,0,run2 pfilter4
2026-08-21T14:49:55.002,519,RAD,horizontal,2,24.04,26.54,0.5,1.0,6,31.24,1.50,1.00,1,1.02,0,0,run2 pfilter4
2026-08-21T14:49:55.002,519,RAD,horizontal,2,24.04,26.54,83.7,106.6,795,31.78,1.00,0.73,11,1.27,0,0,run2 pfilter4
2026-08-21T14:49:55.131,520,RAD,horizontal,2,24.02,26.52,0.9,0.6,6,31.26,0.67,1.00,1,1.09,0,0,run2 pfilter4
2026-08-21T14:49:55.131,520,RAD,horizontal,2,24.02,26.52,83.7,106.5,795,31.78,1.00,0.73,11,1.28,0,0,run2 pfilter4
2026-08-21T14:49:55.225,521,RAD,horizontal,2,24.01,26.51,0.6,0.9,6,31.13,1.50,1.00,1,0.99,0,0,run2 pfilter4
2026-08-21T14:49:55.225,521,RAD,horizontal,2,24.01,26.51,83.7,106.6,791,31.78,1.00,0.73,11,1.28,0,0,run2 pfilter4
2026-08-21T14:49:55.355,522,RAD,horizontal,2,24.00,26.50,0.5,1.0,6,31.06,1.50,1.00,1,0.98,0,0,run2 pfilter4
2026-08-21T14:49:55.355,522,RAD,horizontal,2,24.00,26.50,83.7,106.6,795,31.76,1.00,0.73,12,1.28,0,0,run2 pfilter4
2026-08-21T14:49:55.483,523,RAD,horizontal,1,24.02,26.52,83.7,106.6,795,31.78,1.00,0.73,14,1.28,0,0,run2 pfilter4
2026-08-21T14:49:55.577,524,RAD,horizontal,1,24.02,26.52,83.8,106.6,803,31.78,0.97,0.72,13,1.29,0,0,run2 pfilter4
2026-08-21T14:49:55.708,525,RAD,horizontal,1,24.04,26.54,83.8,106.5,808,31.78,0.97,0.72,13,1.30,0,0,run2 pfilter4
2026-08-21T14:49:55.803,526,RAD,horizontal,1,24.07,26.57,83.9,106.5,812,31.78,0.97,0.72,13,1.29,0,0,run2 pfilter4
2026-08-21T14:49:55.929,527,RAD,horizontal,1,24.14,26.64,84.0,106.4,818,31.89,0.97,0.73,13,1.31,0,0,run2 pfilter4
2026-08-21T14:49:56.024,528,RAD,horizontal,2,24.11,26.61,0.9,0.9,8,31.02,1.00,0.89,1,0.98,0,0,run2 pfilter4
2026-08-21T14:49:56.024,528,RAD,horizontal,2,24.11,26.61,84.0,106.5,812,31.89,0.97,0.72,12,1.31,0,0,run2 pfilter4
2026-08-21T14:49:56.152,529,RAD,horizontal,2,24.14,26.64,0.9,0.9,8,31.02,1.00,0.89,1,0.98,0,0,run2 pfilter4
2026-08-21T14:49:56.152,529,RAD,horizontal,2,24.14,26.64,84.1,106.5,818,31.81,0.97,0.73,12,1.31,0,0,run2 pfilter4
2026-08-21T14:49:56.249,530,RAD,horizontal,2,24.11,26.61,0.9,0.9,8,31.22,1.00,0.89,1,1.03,0,0,run2 pfilter4
2026-08-21T14:49:56.249,530,RAD,horizontal,2,24.11,26.61,84.1,106.5,815,31.78,0.97,0.73,13,1.31,0,0,run2 pfilter4
2026-08-21T14:49:56.377,531,RAD,horizontal,2,24.11,26.61,0.9,0.9,8,31.20,1.00,0.89,1,1.02,0,0,run2 pfilter4
2026-08-21T14:49:56.377,531,RAD,horizontal,2,24.11,26.61,84.2,106.5,814,31.76,0.97,0.73,13,1.31,0,0,run2 pfilter4
2026-08-21T14:49:56.504,532,RAD,horizontal,2,24.14,26.64,0.9,0.9,8,30.95,1.00,0.89,1,0.95,0,0,run2 pfilter4
2026-08-21T14:49:56.504,532,RAD,horizontal,2,24.14,26.64,84.3,106.4,822,31.83,0.97,0.73,15,1.31,0,0,run2 pfilter4
2026-08-21T14:49:56.599,533,RAD,horizontal,1,24.14,26.64,84.3,106.4,822,31.83,0.97,0.73,15,1.32,0,0,run2 pfilter4
2026-08-21T14:49:56.733,534,RAD,horizontal,2,24.11,26.61,0.9,0.9,8,31.20,1.00,0.89,1,1.03,0,0,run2 pfilter4
2026-08-21T14:49:56.733,534,RAD,horizontal,2,24.11,26.61,84.3,106.4,826,31.83,0.97,0.74,14,1.33,0,0,run2 pfilter4
2026-08-21T14:49:56.828,535,RAD,horizontal,2,24.07,26.57,0.9,0.9,8,31.20,1.00,0.89,1,1.07,0,0,run2 pfilter4
2026-08-21T14:49:56.828,535,RAD,horizontal,2,24.07,26.57,84.2,106.4,822,31.83,0.97,0.73,12,1.34,0,0,run2 pfilter4
2026-08-21T14:49:56.956,536,RAD,horizontal,2,24.07,26.57,0.9,0.9,8,31.20,1.00,0.89,1,1.09,0,0,run2 pfilter4
2026-08-21T14:49:56.956,536,RAD,horizontal,2,24.07,26.57,84.2,106.4,822,31.83,0.97,0.73,13,1.34,0,0,run2 pfilter4
2026-08-21T14:49:57.049,537,RAD,horizontal,1,24.07,26.57,84.2,106.4,819,31.87,0.97,0.73,13,1.34,0,0,run2 pfilter4
2026-08-21T14:49:57.178,538,RAD,horizontal,2,24.07,26.57,0.9,0.9,8,30.91,1.00,0.89,1,1.01,0,0,run2 pfilter4
2026-08-21T14:49:57.178,538,RAD,horizontal,2,24.07,26.57,84.2,106.5,819,31.85,0.97,0.73,14,1.34,0,0,run2 pfilter4
2026-08-21T14:49:57.309,539,RAD,horizontal,2,24.07,26.57,0.9,0.9,8,30.93,1.00,0.89,1,1.01,0,0,run2 pfilter4
2026-08-21T14:49:57.309,539,RAD,horizontal,2,24.07,26.57,84.2,106.5,819,31.85,0.97,0.73,15,1.34,0,0,run2 pfilter4
2026-08-21T14:49:57.401,540,RAD,horizontal,1,24.09,26.59,84.2,106.5,819,31.91,0.97,0.73,15,1.34,0,0,run2 pfilter4
2026-08-21T14:49:57.531,541,RAD,horizontal,1,24.14,26.64,84.2,106.5,819,31.94,0.97,0.73,15,1.34,0,0,run2 pfilter4
2026-08-21T14:49:57.627,542,RAD,horizontal,1,24.16,26.66,84.2,106.5,815,31.96,0.97,0.73,14,1.33,0,0,run2 pfilter4
2026-08-21T14:49:57.755,543,RAD,horizontal,1,24.16,26.66,84.2,106.5,820,31.96,0.97,0.73,15,1.34,0,0,run2 pfilter4
2026-08-21T14:49:57.851,544,RAD,horizontal,2,24.16,26.66,0.5,1.0,6,30.98,1.50,1.00,1,1.07,0,0,run2 pfilter4
2026-08-21T14:49:57.851,544,RAD,horizontal,2,24.16,26.66,84.2,106.5,819,31.94,0.97,0.73,14,1.34,0,0,run2 pfilter4
2026-08-21T14:49:57.979,545,RAD,horizontal,1,24.16,26.66,84.2,106.5,815,31.94,0.97,0.73,14,1.33,0,0,run2 pfilter4
2026-08-21T14:49:58.074,546,RAD,horizontal,1,24.14,26.64,84.1,106.6,814,32.00,0.97,0.73,15,1.34,0,0,run2 pfilter4
2026-08-21T14:49:58.203,547,RAD,horizontal,2,24.11,26.61,0.8,1.3,10,30.93,1.33,0.83,1,1.06,0,0,run2 pfilter4
2026-08-21T14:49:58.203,547,RAD,horizontal,2,24.11,26.61,84.1,106.5,813,32.00,0.97,0.72,15,1.35,0,0,run2 pfilter4
2026-08-21T14:49:58.332,548,RAD,horizontal,2,24.11,26.61,0.6,1.1,6,30.95,1.50,1.00,1,0.96,0,0,run2 pfilter4
2026-08-21T14:49:58.332,548,RAD,horizontal,2,24.11,26.61,84.1,106.6,811,31.94,0.97,0.72,14,1.34,0,0,run2 pfilter4
2026-08-21T14:49:58.427,549,RAD,horizontal,2,24.14,26.64,0.8,0.9,8,30.95,1.00,0.89,1,0.90,0,0,run2 pfilter4
2026-08-21T14:49:58.427,549,RAD,horizontal,2,24.14,26.64,84.1,106.5,814,31.91,0.97,0.73,15,1.33,0,0,run2 pfilter4
2026-08-21T14:49:58.557,550,RAD,horizontal,2,24.11,26.61,0.9,0.9,8,30.87,1.00,0.89,1,0.88,0,0,run2 pfilter4
2026-08-21T14:49:58.557,550,RAD,horizontal,2,24.11,26.61,84.1,106.5,814,31.89,0.97,0.73,15,1.33,0,0,run2 pfilter4
2026-08-21T14:49:58.650,551,RAD,horizontal,1,24.11,26.61,84.1,106.5,812,31.89,0.94,0.75,16,1.33,0,0,run2 pfilter4
2026-08-21T14:49:58.778,552,RAD,horizontal,1,24.09,26.59,84.0,106.6,802,31.89,0.94,0.74,16,1.33,0,0,run2 pfilter4
2026-08-21T14:49:58.874,553,RAD,horizontal,1,24.07,26.57,84.0,106.7,801,31.91,0.94,0.74,14,1.33,0,0,run2 pfilter4
2026-08-21T14:49:59.005,554,RAD,horizontal,2,24.04,26.54,0.9,0.9,8,30.71,1.00,0.89,1,0.93,0,0,run2 pfilter4
2026-08-21T14:49:59.005,554,RAD,horizontal,2,24.04,26.54,83.9,106.7,797,31.89,0.94,0.73,13,1.32,0,0,run2 pfilter4
2026-08-21T14:49:59.098,555,RAD,horizontal,2,24.04,26.54,0.9,0.9,8,30.85,1.00,0.89,1,0.95,0,0,run2 pfilter4
2026-08-21T14:49:59.098,555,RAD,horizontal,2,24.04,26.54,83.9,106.7,796,31.89,0.94,0.73,13,1.32,0,0,run2 pfilter4
2026-08-21T14:49:59.226,556,RAD,horizontal,2,24.02,26.52,0.9,0.9,8,30.71,1.00,0.89,1,0.90,0,0,run2 pfilter4
2026-08-21T14:49:59.226,556,RAD,horizontal,2,24.02,26.52,83.9,106.7,796,31.78,0.94,0.73,14,1.33,0,0,run2 pfilter4
2026-08-21T14:49:59.357,557,RAD,horizontal,2,24.02,26.52,1.0,1.0,9,30.74,1.00,1.00,1,0.99,0,0,run2 pfilter4
2026-08-21T14:49:59.357,557,RAD,horizontal,2,24.02,26.52,83.9,106.7,796,31.78,0.94,0.73,14,1.33,0,0,run2 pfilter4
2026-08-21T14:49:59.451,558,RAD,horizontal,2,24.00,26.50,1.0,1.0,9,30.80,1.00,1.00,1,1.00,0,0,run2 pfilter4
2026-08-21T14:49:59.451,558,RAD,horizontal,2,24.00,26.50,83.9,106.7,796,31.78,0.94,0.73,14,1.33,0,0,run2 pfilter4
2026-08-21T14:49:59.579,559,RAD,horizontal,1,24.04,26.54,83.9,106.6,799,31.78,0.94,0.73,14,1.32,0,0,run2 pfilter4
2026-08-21T14:49:59.674,560,RAD,horizontal,1,24.02,26.52,83.9,106.6,799,31.76,0.94,0.73,14,1.32,0,0,run2 pfilter4
2026-08-21T14:49:59.804,561,RAD,horizontal,1,24.02,26.52,83.9,106.7,795,31.76,0.94,0.73,14,1.32,0,0,run2 pfilter4
2026-08-21T14:49:59.900,562,RAD,horizontal,2,24.02,26.52,1.0,1.0,9,31.00,1.00,1.00,1,1.08,0,0,run2 pfilter4
2026-08-21T14:49:59.900,562,RAD,horizontal,2,24.02,26.52,83.9,106.7,796,31.76,0.94,0.73,14,1.32,0,0,run2 pfilter4
2026-08-21T14:50:00.028,563,RAD,horizontal,2,24.02,26.52,1.0,1.0,9,31.00,1.00,1.00,1,1.13,0,0,run2 pfilter4
2026-08-21T14:50:00.028,563,RAD,horizontal,2,24.02,26.52,83.9,106.7,796,31.76,0.94,0.73,14,1.32,0,0,run2 pfilter4
2026-08-21T14:50:00.157,564,RAD,horizontal,2,24.02,26.52,1.0,1.0,9,31.02,1.00,1.00,1,1.13,0,0,run2 pfilter4
2026-08-21T14:50:00.157,564,RAD,horizontal,2,24.02,26.52,83.9,106.7,797,31.74,0.94,0.73,15,1.32,0,0,run2 pfilter4
2026-08-21T14:50:00.251,565,RAD,horizontal,2,24.02,26.52,1.0,1.0,9,31.04,1.00,1.00,1,1.14,0,0,run2 pfilter4
2026-08-21T14:50:00.251,565,RAD,horizontal,2,24.02,26.52,83.9,106.7,797,31.74,0.94,0.73,15,1.32,0,0,run2 pfilter4
2026-08-21T14:50:00.377,566,RAD,horizontal,2,24.00,26.50,1.0,1.0,9,31.04,1.00,1.00,1,1.13,0,0,run2 pfilter4
2026-08-21T14:50:00.377,566,RAD,horizontal,2,24.00,26.50,83.9,106.7,797,31.74,0.94,0.73,16,1.33,0,0,run2 pfilter4
2026-08-21T14:50:00.474,567,RAD,horizontal,2,23.98,26.48,1.0,1.0,9,31.15,1.00,1.00,1,1.16,0,0,run2 pfilter4
2026-08-21T14:50:00.474,567,RAD,horizontal,2,23.98,26.48,84.0,106.8,797,31.74,0.94,0.73,15,1.33,0,0,run2 pfilter4
2026-08-21T14:50:00.602,568,RAD,horizontal,2,23.98,26.48,1.0,0.6,6,31.04,0.67,1.00,1,1.10,0,0,run2 pfilter4
2026-08-21T14:50:00.602,568,RAD,horizontal,2,23.98,26.48,84.1,106.8,799,31.74,0.94,0.73,15,1.33,0,0,run2 pfilter4
2026-08-21T14:50:00.700,569,RAD,horizontal,2,23.98,26.48,1.0,0.9,9,30.87,1.00,1.00,1,1.12,0,0,run2 pfilter4
2026-08-21T14:50:00.700,569,RAD,horizontal,2,23.98,26.48,84.3,107.1,778,31.74,0.94,0.72,14,1.32,0,0,run2 pfilter4
2026-08-21T14:50:00.828,570,RAD,horizontal,2,23.95,26.45,1.4,0.6,8,30.82,0.50,1.00,1,1.11,0,0,run2 pfilter4
2026-08-21T14:50:00.828,570,RAD,horizontal,2,23.95,26.45,84.5,107.5,764,31.72,0.89,0.70,11,1.33,0,0,run2 pfilter4
2026-08-21T14:50:00.922,571,RAD,horizontal,2,23.93,26.43,1.1,0.5,6,30.14,0.67,1.00,1,0.83,0,0,run2 pfilter4
2026-08-21T14:50:00.922,571,RAD,horizontal,2,23.93,26.43,84.9,107.9,744,31.61,0.86,0.71,11,1.31,0,0,run2 pfilter4
2026-08-21T14:50:01.051,572,RAD,horizontal,2,23.93,26.43,1.0,0.8,9,30.19,1.00,1.00,1,0.95,0,0,run2 pfilter4
2026-08-21T14:50:01.051,572,RAD,horizontal,2,23.93,26.43,85.5,108.2,736,31.55,0.81,0.70,12,1.33,0,0,run2 pfilter4
2026-08-21T14:50:01.177,573,RAD,horizontal,2,23.91,26.41,0.9,0.9,8,30.60,1.00,0.89,1,0.95,0,0,run2 pfilter4
2026-08-21T14:50:01.177,573,RAD,horizontal,2,23.91,26.41,86.2,108.5,713,31.55,0.81,0.68,12,1.32,0,0,run2 pfilter4
2026-08-21T14:50:01.273,574,RAD,horizontal,2,23.91,26.41,0.9,0.9,8,31.02,1.00,0.89,1,1.08,0,0,run2 pfilter4
2026-08-21T14:50:01.273,574,RAD,horizontal,2,23.91,26.41,87.1,108.9,680,31.50,0.78,0.67,11,1.33,0,0,run2 pfilter4
2026-08-21T14:50:01.401,575,RAD,horizontal,2,23.91,26.41,0.8,0.9,8,31.13,1.00,0.89,1,1.11,0,0,run2 pfilter4
2026-08-21T14:50:01.401,575,RAD,horizontal,2,23.91,26.41,88.2,109.3,636,31.44,0.79,0.69,10,1.33,0,0,run2 pfilter4
2026-08-21T14:50:01.500,576,RAD,horizontal,2,23.91,26.41,0.6,1.0,6,30.89,1.50,1.00,1,1.11,0,0,run2 pfilter4
2026-08-21T14:50:01.500,576,RAD,horizontal,2,23.91,26.41,89.0,109.5,624,31.44,0.76,0.71,8,1.36,0,0,run2 pfilter4
2026-08-21T14:50:01.628,577,RAD,horizontal,2,23.91,26.41,0.8,0.9,8,30.89,1.00,0.89,1,1.03,0,0,run2 pfilter4
2026-08-21T14:50:01.628,577,RAD,horizontal,2,23.91,26.41,89.4,109.7,615,31.48,0.76,0.70,8,1.35,0,0,run2 pfilter4
2026-08-21T14:50:01.723,578,RAD,horizontal,2,23.91,26.41,0.8,0.9,8,31.04,1.00,0.89,1,1.08,0,0,run2 pfilter4
2026-08-21T14:50:01.723,578,RAD,horizontal,2,23.91,26.41,89.7,109.8,608,31.48,0.74,0.72,7,1.34,0,0,run2 pfilter4
2026-08-21T14:50:01.851,579,RAD,horizontal,2,23.91,26.41,0.9,0.9,8,31.04,1.00,0.89,1,1.06,0,0,run2 pfilter4
2026-08-21T14:50:01.851,579,RAD,horizontal,2,23.91,26.41,89.7,109.9,423,31.46,0.74,0.59,8,1.26,0,0,run2 pfilter4
2026-08-21T14:50:01.979,580,RAD,horizontal,2,23.91,26.41,0.9,0.9,8,31.04,1.00,0.89,1,1.05,0,0,run2 pfilter4
2026-08-21T14:50:01.979,580,RAD,horizontal,2,23.91,26.41,89.7,109.9,601,31.37,0.74,0.71,8,1.34,0,0,run2 pfilter4
2026-08-21T14:50:02.067,581,RAD,horizontal,0,23.88,26.38,,,,,,,,,,,run2 pfilter4
2026-08-21T14:50:02.201,582,RAD,horizontal,1,23.88,26.38,89.7,110.0,594,31.35,0.74,0.70,9,1.34,0,0,run2 pfilter4
2026-08-21T14:50:02.296,583,RAD,horizontal,1,23.93,26.43,89.6,110.1,596,31.41,0.69,0.71,10,1.31,0,0,run2 pfilter4
2026-08-21T14:50:02.428,584,RAD,horizontal,1,23.95,26.45,89.6,110.1,596,31.41,0.67,0.69,10,1.33,0,0,run2 pfilter4
2026-08-21T14:50:02.520,585,RAD,horizontal,1,23.95,26.45,89.7,110.1,600,31.39,0.67,0.69,10,1.33,0,0,run2 pfilter4
2026-08-21T14:50:02.649,586,RAD,horizontal,1,23.98,26.48,89.8,110.2,592,31.39,0.67,0.69,10,1.33,0,0,run2 pfilter4
2026-08-21T14:50:02.746,587,RAD,horizontal,1,23.98,26.48,89.9,110.3,594,31.39,0.67,0.69,10,1.34,0,0,run2 pfilter4
2026-08-21T14:50:02.874,588,RAD,horizontal,1,23.98,26.48,90.0,110.4,580,31.39,0.67,0.67,8,1.34,0,0,run2 pfilter4
2026-08-21T14:50:02.994,589,RAD,horizontal,0,23.98,26.48,,,,,,,,,,,run2 pfilter4
2026-08-21T14:50:03.090,590,RAD,horizontal,0,23.98,26.48,,,,,,,,,,,run2 pfilter4
2026-08-21T14:50:03.227,591,RAD,horizontal,1,23.98,26.48,90.1,110.5,583,31.46,0.67,0.67,11,1.33,0,0,run2 pfilter4
2026-08-21T14:50:03.322,592,RAD,horizontal,1,24.00,26.50,90.1,110.4,583,31.46,0.67,0.67,11,1.33,0,0,run2 pfilter4
2026-08-21T14:50:03.450,593,RAD,horizontal,1,24.00,26.50,90.1,110.4,587,31.46,0.67,0.68,9,1.33,0,0,run2 pfilter4
2026-08-21T14:50:03.544,594,RAD,horizontal,1,24.00,26.50,90.1,110.4,587,31.46,0.67,0.68,11,1.33,0,0,run2 pfilter4
2026-08-21T14:50:03.675,595,RAD,horizontal,1,24.00,26.50,90.1,110.3,590,31.46,0.67,0.68,11,1.33,0,0,run2 pfilter4
2026-08-21T14:50:03.802,596,RAD,horizontal,1,24.02,26.52,90.1,110.3,590,31.44,0.67,0.68,10,1.33,0,0,run2 pfilter4
2026-08-21T14:50:03.898,597,RAD,horizontal,1,24.02,26.52,90.1,110.3,591,31.41,0.67,0.68,10,1.33,0,0,run2 pfilter4
2026-08-21T14:50:04.021,598,RAD,horizontal,0,24.04,26.54,,,,,,,,,,,run2 pfilter4
2026-08-21T14:50:04.123,599,RAD,horizontal,1,24.02,26.52,90.1,110.3,592,31.41,0.67,0.69,10,1.32,0,0,run2 pfilter4
2026-08-21T14:50:04.251,600,RAD,horizontal,1,24.02,26.52,90.1,110.3,591,31.41,0.67,0.68,10,1.32,0,0,run2 pfilter4
2026-08-21T14:50:04.345,601,RAD,horizontal,1,24.02,26.52,90.1,110.3,589,31.44,0.67,0.68,10,1.32,0,0,run2 pfilter4
2026-08-21T14:50:04.475,602,RAD,horizontal,1,24.00,26.50,90.1,110.4,587,31.41,0.67,0.68,11,1.33,0,0,run2 pfilter4
2026-08-21T14:50:04.570,603,RAD,horizontal,1,24.02,26.52,90.1,110.4,588,31.41,0.67,0.68,11,1.32,0,0,run2 pfilter4
2026-08-21T14:50:04.698,604,RAD,horizontal,1,24.02,26.52,90.2,110.4,586,31.41,0.67,0.68,11,1.32,0,0,run2 pfilter4
2026-08-21T14:50:04.827,605,RAD,horizontal,1,24.02,26.52,90.2,110.4,586,31.41,0.67,0.68,10,1.31,0,0,run2 pfilter4
2026-08-21T14:50:04.923,606,RAD,horizontal,1,24.00,26.50,90.1,110.4,584,31.35,0.67,0.68,11,1.31,0,0,run2 pfilter4
2026-08-21T14:50:05.051,607,RAD,horizontal,1,24.00,26.50,90.2,110.3,581,31.44,0.69,0.69,11,1.31,0,0,run2 pfilter4
2026-08-21T14:50:05.146,608,RAD,horizontal,2,23.98,26.48,90.3,110.3,577,31.44,0.69,0.69,11,1.30,0,0,run2 pfilter4
2026-08-21T14:50:05.146,608,RAD,horizontal,2,23.98,26.48,0.6,1.0,6,31.00,1.50,1.00,1,1.10,0,0,run2 pfilter4
2026-08-21T14:50:05.275,609,RAD,horizontal,2,23.98,26.48,90.4,110.4,575,31.41,0.69,0.68,11,1.30,0,0,run2 pfilter4
2026-08-21T14:50:05.275,609,RAD,horizontal,2,23.98,26.48,0.5,1.0,6,31.00,1.50,1.00,1,1.09,0,0,run2 pfilter4
2026-08-21T14:50:05.370,610,RAD,horizontal,2,23.98,26.48,90.6,110.5,563,31.37,0.68,0.72,11,1.29,0,0,run2 pfilter4
2026-08-21T14:50:05.370,610,RAD,horizontal,2,23.98,26.48,0.5,1.0,6,30.85,1.50,1.00,1,1.05,0,0,run2 pfilter4
2026-08-21T14:50:05.499,611,RAD,horizontal,2,23.98,26.48,90.7,110.5,560,31.37,0.70,0.74,11,1.29,0,0,run2 pfilter4
2026-08-21T14:50:05.499,611,RAD,horizontal,2,23.98,26.48,0.5,1.0,6,30.82,1.50,1.00,1,1.09,0,0,run2 pfilter4
2026-08-21T14:50:05.594,612,RAD,horizontal,2,23.95,26.45,90.8,110.5,556,31.37,0.70,0.73,11,1.30,0,0,run2 pfilter4
2026-08-21T14:50:05.594,612,RAD,horizontal,2,23.95,26.45,0.8,0.9,8,30.39,1.00,0.89,1,0.86,0,0,run2 pfilter4
2026-08-21T14:50:05.722,613,RAD,horizontal,2,23.93,26.43,90.8,110.6,556,31.37,0.68,0.71,10,1.30,0,0,run2 pfilter4
2026-08-21T14:50:05.722,613,RAD,horizontal,2,23.93,26.43,0.9,0.9,8,30.05,1.00,0.89,1,0.76,0,0,run2 pfilter4
2026-08-21T14:50:05.851,614,RAD,horizontal,2,23.93,26.43,90.7,110.6,552,31.33,0.68,0.71,8,1.30,0,0,run2 pfilter4
2026-08-21T14:50:05.851,614,RAD,horizontal,2,23.93,26.43,0.9,0.9,8,30.05,1.00,0.89,1,0.77,0,0,run2 pfilter4
2026-08-21T14:50:05.945,615,RAD,horizontal,1,23.88,26.38,90.6,110.6,549,31.33,0.68,0.70,9,1.30,0,0,run2 pfilter4
2026-08-21T14:50:06.075,616,RAD,horizontal,1,23.86,26.36,90.6,110.6,550,31.30,0.68,0.70,8,1.31,0,0,run2 pfilter4
2026-08-21T14:50:06.176,617,RAD,horizontal,2,23.86,26.36,90.6,110.6,553,31.30,0.68,0.71,9,1.30,0,0,run2 pfilter4
2026-08-21T14:50:06.176,617,RAD,horizontal,2,23.86,26.36,0.8,1.3,10,30.41,1.33,0.83,1,1.05,0,0,run2 pfilter4
2026-08-21T14:50:06.297,618,RAD,horizontal,2,23.88,26.38,90.5,110.6,554,31.33,0.68,0.71,8,1.29,0,0,run2 pfilter4
2026-08-21T14:50:06.297,618,RAD,horizontal,2,23.88,26.38,0.8,1.3,10,30.30,1.33,0.83,1,1.00,0,0,run2 pfilter4
2026-08-21T14:50:06.390,619,RAD,horizontal,1,23.91,26.41,0.8,1.0,8,30.32,1.00,0.89,1,0.86,0,0,run2 pfilter4
2026-08-21T14:50:06.520,620,RAD,horizontal,2,23.91,26.41,87.5,106.6,197,30.54,0.68,0.46,7,1.07,0,0,run2 pfilter4
2026-08-21T14:50:06.520,620,RAD,horizontal,2,23.91,26.41,1.0,0.6,6,30.45,0.67,1.00,1,0.91,0,0,run2 pfilter4
2026-08-21T14:50:06.649,621,RAD,horizontal,2,23.91,26.41,89.3,109.1,563,31.33,0.68,0.72,8,1.28,0,0,run2 pfilter4
2026-08-21T14:50:06.649,621,RAD,horizontal,2,23.91,26.41,1.0,0.8,9,30.28,1.00,1.00,1,1.02,0,0,run2 pfilter4
2026-08-21T14:50:06.743,622,RAD,horizontal,2,23.91,26.41,90.1,110.2,566,31.33,0.68,0.72,9,1.25,0,0,run2 pfilter4
2026-08-21T14:50:06.743,622,RAD,horizontal,2,23.91,26.41,1.0,0.9,9,30.03,1.00,1.00,1,0.93,0,0,run2 pfilter4
2026-08-21T14:50:06.874,623,RAD,horizontal,2,23.91,26.41,90.4,110.6,565,31.33,0.68,0.72,9,1.26,0,0,run2 pfilter4
2026-08-21T14:50:06.874,623,RAD,horizontal,2,23.91,26.41,0.6,1.0,6,30.43,1.50,1.00,1,0.83,0,0,run2 pfilter4
2026-08-21T14:50:06.968,624,RAD,horizontal,2,23.91,26.41,90.1,110.5,394,31.26,0.66,0.59,8,1.17,0,0,run2 pfilter4
2026-08-21T14:50:06.968,624,RAD,horizontal,2,23.91,26.41,0.5,1.4,8,30.28,2.00,1.00,1,1.01,0,0,run2 pfilter4
2026-08-21T14:50:07.097,625,RAD,horizontal,2,23.95,26.45,90.2,110.6,568,31.41,0.68,0.73,8,1.25,0,0,run2 pfilter4
2026-08-21T14:50:07.097,625,RAD,horizontal,2,23.95,26.45,0.5,1.2,6,30.67,1.50,1.00,1,0.93,0,0,run2 pfilter4
2026-08-21T14:50:07.192,626,RAD,horizontal,2,23.93,26.43,89.8,110.3,394,31.26,0.66,0.59,7,1.19,0,0,run2 pfilter4
2026-08-21T14:50:07.192,626,RAD,horizontal,2,23.93,26.43,0.7,1.0,8,30.10,1.00,0.89,1,0.75,0,0,run2 pfilter4
2026-08-21T14:50:07.322,627,RAD,horizontal,2,23.93,26.43,89.6,110.2,391,31.24,0.68,0.60,6,1.19,0,0,run2 pfilter4
2026-08-21T14:50:07.322,627,RAD,horizontal,2,23.93,26.43,0.9,0.9,8,30.10,1.00,0.89,1,0.75,0,0,run2 pfilter4
2026-08-21T14:50:07.423,628,RAD,horizontal,2,23.91,26.41,89.5,110.3,386,31.17,0.68,0.59,7,1.17,0,0,run2 pfilter4
2026-08-21T14:50:07.423,628,RAD,horizontal,2,23.91,26.41,0.8,1.2,10,30.56,1.33,0.83,1,0.98,0,0,run2 pfilter4
2026-08-21T14:50:07.558,629,RAD,horizontal,2,23.93,26.43,89.4,110.4,384,31.17,0.68,0.59,7,1.16,0,0,run2 pfilter4
2026-08-21T14:50:07.558,629,RAD,horizontal,2,23.93,26.43,0.8,1.3,10,30.56,1.33,0.83,1,0.97,0,0,run2 pfilter4
2026-08-21T14:50:07.665,630,RAD,horizontal,0,23.93,26.43,,,,,,,,,,,run2 pfilter4
2026-08-21T14:50:07.766,631,RAD,horizontal,1,23.91,26.41,89.8,110.6,556,31.44,0.70,0.73,9,1.24,0,0,run2 pfilter4
2026-08-21T14:50:07.890,632,RAD,horizontal,0,23.91,26.41,,,,,,,,,,,run2 pfilter4
2026-08-21T14:50:07.985,633,RAD,horizontal,0,23.91,26.41,,,,,,,,,,,run2 pfilter4
2026-08-21T14:50:08.113,634,RAD,horizontal,0,23.91,26.41,,,,,,,,,,,run2 pfilter4
2026-08-21T14:50:08.210,635,RAD,horizontal,0,23.91,26.41,,,,,,,,,,,run2 pfilter4
2026-08-21T14:50:08.339,636,RAD,horizontal,1,23.91,26.41,0.9,0.9,8,30.87,1.00,0.89,1,1.05,0,0,run2 pfilter4
2026-08-21T14:50:08.467,637,RAD,horizontal,1,23.91,26.41,0.6,0.9,6,30.76,1.50,1.00,1,0.93,0,0,run2 pfilter4
2026-08-21T14:50:08.563,638,RAD,horizontal,1,23.88,26.38,0.5,1.0,6,30.87,1.50,1.00,1,0.99,0,0,run2 pfilter4
2026-08-21T14:50:08.690,639,RAD,horizontal,0,23.88,26.38,,,,,,,,,,,run2 pfilter4
2026-08-21T14:50:08.786,640,RAD,horizontal,1,23.88,26.38,0.7,1.3,10,30.56,1.33,0.83,1,1.09,0,0,run2 pfilter4
2026-08-21T14:50:08.923,641,RAD,horizontal,0,23.88,26.38,,,,,,,,,,,run2 pfilter4
2026-08-21T14:50:09.019,642,RAD,horizontal,0,23.86,26.36,,,,,,,,,,,run2 pfilter4
2026-08-21T14:50:09.149,643,RAD,horizontal,1,23.88,26.38,90.1,110.6,550,31.22,0.67,0.76,9,1.23,0,0,run2 pfilter4
2026-08-21T14:50:09.235,644,RAD,horizontal,0,23.88,26.38,,,,,,,,,,,run2 pfilter4
2026-08-21T14:50:09.363,645,RAD,horizontal,1,23.88,26.38,0.5,1.0,6,30.85,1.50,1.00,1,1.12,0,0,run2 pfilter4
2026-08-21T14:50:09.509,646,RAD,horizontal,1,23.91,26.41,0.5,1.0,6,30.58,1.50,1.00,1,0.97,0,0,run2 pfilter4
2026-08-21T14:50:09.588,647,RAD,horizontal,0,23.91,26.41,,,,,,,,,,,run2 pfilter4
2026-08-21T14:50:09.714,648,RAD,horizontal,0,23.93,26.43,,,,,,,,,,,run2 pfilter4
2026-08-21T14:50:09.813,649,RAD,horizontal,1,23.93,26.43,0.5,1.0,6,30.78,1.50,1.00,1,0.99,0,0,run2 pfilter4
2026-08-21T14:50:09.943,650,RAD,horizontal,1,23.93,26.43,0.8,0.9,8,30.23,1.00,0.89,1,0.87,0,0,run2 pfilter4
2026-08-21T14:50:10.041,651,RAD,horizontal,1,23.95,26.45,0.6,1.0,6,30.74,1.50,1.00,1,1.02,0,0,run2 pfilter4
2026-08-21T14:50:10.173,652,RAD,horizontal,1,23.93,26.43,0.8,0.9,8,30.05,1.00,0.89,1,0.82,0,0,run2 pfilter4
2026-08-21T14:50:10.266,653,RAD,horizontal,2,23.93,26.43,0.6,1.0,6,30.69,1.50,1.00,1,1.05,0,0,run2 pfilter4
2026-08-21T14:50:10.266,653,RAD,horizontal,2,23.93,26.43,90.1,111.0,532,31.39,0.67,0.73,8,1.20,0,0,run2 pfilter4
2026-08-21T14:50:10.392,654,RAD,horizontal,2,23.91,26.41,0.8,0.9,8,30.32,1.00,0.89,1,0.88,0,0,run2 pfilter4
2026-08-21T14:50:10.392,654,RAD,horizontal,2,23.91,26.41,90.1,111.0,532,31.37,0.67,0.73,8,1.19,0,0,run2 pfilter4
2026-08-21T14:50:10.514,655,RAD,horizontal,1,23.91,26.41,0.9,0.9,8,30.23,1.00,0.89,1,0.85,0,0,run2 pfilter4
2026-08-21T14:50:10.610,656,RAD,horizontal,0,23.88,26.38,,,,,,,,,,,run2 pfilter4
2026-08-21T14:50:10.738,657,RAD,horizontal,1,23.91,26.41,0.6,1.0,6,30.36,1.50,1.00,1,0.97,0,0,run2 pfilter4
2026-08-21T14:50:10.836,658,RAD,horizontal,1,23.91,26.41,0.8,0.9,8,30.54,1.00,0.89,1,0.93,0,0,run2 pfilter4
2026-08-21T14:50:10.964,659,RAD,horizontal,1,23.91,26.41,0.6,1.0,6,30.52,1.50,1.00,1,1.02,0,0,run2 pfilter4
2026-08-21T14:50:11.059,660,RAD,horizontal,1,23.91,26.41,0.5,1.0,6,30.47,1.50,1.00,1,1.00,0,0,run2 pfilter4
2026-08-21T14:50:11.186,661,RAD,horizontal,1,23.95,26.45,0.5,1.0,6,30.47,1.50,1.00,1,0.95,0,0,run2 pfilter4
2026-08-21T14:50:11.314,662,RAD,horizontal,1,23.93,26.43,0.8,0.9,8,30.52,1.00,0.89,1,0.91,0,0,run2 pfilter4
2026-08-21T14:50:11.409,663,RAD,horizontal,0,23.95,26.45,,,,,,,,,,,run2 pfilter4
2026-08-21T14:50:11.539,664,RAD,horizontal,0,24.00,26.50,,,,,,,,,,,run2 pfilter4
2026-08-21T14:50:11.634,665,RAD,horizontal,0,24.00,26.50,,,,,,,,,,,run2 pfilter4
2026-08-21T14:50:11.762,666,RAD,horizontal,0,24.02,26.52,,,,,,,,,,,run2 pfilter4
2026-08-21T14:50:11.860,667,RAD,horizontal,1,24.02,26.52,103.7,114.8,89,31.15,1.00,0.62,4,1.60,0,0,run2 pfilter4
2026-08-21T14:50:11.986,668,RAD,horizontal,1,24.02,26.52,103.6,114.8,90,31.35,0.92,0.58,3,1.62,0,0,run2 pfilter4
2026-08-21T14:50:12.083,669,RAD,horizontal,0,24.02,26.52,,,,,,,,,,,run2 pfilter4
2026-08-21T14:50:12.209,670,RAD,horizontal,0,24.07,26.57,,,,,,,,,,,run2 pfilter4
2026-08-21T14:50:12.339,671,RAD,horizontal,0,24.07,26.57,,,,,,,,,,,run2 pfilter4
2026-08-21T14:50:12.435,672,RAD,horizontal,0,24.07,26.57,,,,,,,,,,,run2 pfilter4
2026-08-21T14:50:12.562,673,RAD,horizontal,1,24.07,26.57,0.9,0.9,8,30.54,1.00,0.89,1,0.89,0,0,run2 pfilter4
2026-08-21T14:50:12.659,674,RAD,horizontal,1,24.07,26.57,0.6,1.0,6,29.59,1.50,1.00,1,0.70,0,0,run2 pfilter4
2026-08-21T14:50:12.786,675,RAD,horizontal,0,24.00,26.50,,,,,,,,,,,run2 pfilter4
2026-08-21T14:50:12.884,676,RAD,horizontal,1,23.95,26.45,0.8,0.9,8,30.56,1.00,0.89,1,0.92,0,0,run2 pfilter4
2026-08-21T14:50:13.012,677,RAD,horizontal,1,23.95,26.45,1.3,0.6,8,30.45,0.50,1.00,1,1.06,0,0,run2 pfilter4
2026-08-21T14:50:13.140,678,RAD,horizontal,1,23.93,26.43,1.2,0.5,6,30.45,0.67,1.00,1,0.95,0,0,run2 pfilter4
2026-08-21T14:50:13.235,679,RAD,horizontal,1,23.95,26.45,1.1,0.5,6,30.45,0.67,1.00,1,0.91,0,0,run2 pfilter4
2026-08-21T14:50:13.362,680,RAD,horizontal,0,23.93,26.43,,,,,,,,,,,run2 pfilter4
2026-08-21T14:50:13.458,681,RAD,horizontal,0,23.93,26.43,,,,,,,,,,,run2 pfilter4
2026-08-21T14:50:13.588,682,RAD,horizontal,0,23.93,26.43,,,,,,,,,,,run2 pfilter4
2026-08-21T14:50:13.684,683,RAD,horizontal,1,23.93,26.43,0.9,0.8,8,30.41,1.00,0.89,1,0.86,0,0,run2 pfilter4
2026-08-21T14:50:13.812,684,RAD,horizontal,1,23.95,26.45,1.0,0.6,6,30.71,0.67,1.00,1,0.85,0,0,run2 pfilter4
2026-08-21T14:50:13.920,685,RAD,horizontal,1,23.93,26.43,0.9,0.8,8,29.90,1.00,0.89,1,0.71,0,0,run2 pfilter4
2026-08-21T14:50:14.035,686,RAD,horizontal,1,23.93,26.43,0.9,0.9,8,29.90,1.00,0.89,1,0.71,0,0,run2 pfilter4
2026-08-21T14:50:14.163,687,RAD,horizontal,1,23.93,26.43,0.9,0.9,8,29.94,1.00,0.89,1,0.74,0,0,run2 pfilter4
2026-08-21T14:50:14.259,688,RAD,horizontal,2,23.93,26.43,0.9,0.9,8,29.94,1.00,0.89,1,0.74,0,0,run2 pfilter4
2026-08-21T14:50:14.259,688,RAD,horizontal,2,23.93,26.43,103.8,114.7,87,30.78,1.09,0.66,1,1.70,0,0,run2 pfilter4
2026-08-21T14:50:14.390,689,RAD,horizontal,2,23.93,26.43,0.9,0.9,8,29.94,1.00,0.89,1,0.74,0,0,run2 pfilter4
2026-08-21T14:50:14.390,689,RAD,horizontal,2,23.93,26.43,103.8,114.7,86,30.78,1.09,0.65,1,1.69,0,0,run2 pfilter4
2026-08-21T14:50:14.484,690,RAD,horizontal,1,23.93,26.43,103.8,114.7,86,30.78,1.09,0.65,2,1.71,0,0,run2 pfilter4
2026-08-21T14:50:14.612,691,RAD,horizontal,2,23.93,26.43,0.9,0.9,8,29.90,1.00,0.89,1,0.73,0,0,run2 pfilter4
2026-08-21T14:50:14.612,691,RAD,horizontal,2,23.93,26.43,103.8,114.7,85,30.76,1.09,0.64,2,1.67,0,0,run2 pfilter4
2026-08-21T14:50:14.709,692,RAD,horizontal,1,23.93,26.43,1.0,1.0,9,30.34,1.00,1.00,1,0.96,0,0,run2 pfilter4
2026-08-21T14:50:14.834,693,RAD,horizontal,1,23.91,26.41,1.0,1.0,9,30.34,1.00,1.00,1,0.97,0,0,run2 pfilter4
2026-08-21T14:50:14.962,694,RAD,horizontal,1,23.91,26.41,1.0,1.0,9,30.21,1.00,1.00,1,0.97,0,0,run2 pfilter4
2026-08-21T14:50:15.060,695,RAD,horizontal,1,23.91,26.41,0.9,0.9,8,30.39,1.00,0.89,1,0.87,0,0,run2 pfilter4
2026-08-21T14:50:15.188,696,RAD,horizontal,1,23.91,26.41,0.9,0.9,8,30.39,1.00,0.89,1,0.87,0,0,run2 pfilter4
2026-08-21T14:50:15.283,697,RAD,horizontal,1,23.91,26.41,0.9,0.9,8,30.39,1.00,0.89,1,0.88,0,0,run2 pfilter4
2026-08-21T14:50:15.412,698,RAD,horizontal,1,23.88,26.38,0.9,0.9,8,30.25,1.00,0.89,1,0.85,0,0,run2 pfilter4
2026-08-21T14:50:15.506,699,RAD,horizontal,1,23.87,26.37,0.9,0.9,8,30.25,1.00,0.89,1,0.84,0,0,run2 pfilter4
2026-08-21T14:50:15.637,700,RAD,horizontal,1,23.86,26.36,0.9,0.9,8,30.10,1.00,0.89,1,0.80,0,0,run2 pfilter4
2026-08-21T14:50:15.730,701,RAD,horizontal,1,23.84,26.34,0.9,0.9,8,30.12,1.00,0.89,1,0.82,0,0,run2 pfilter4
2026-08-21T14:50:15.860,702,RAD,horizontal,1,23.84,26.34,0.9,0.9,8,30.08,1.00,0.89,1,0.81,0,0,run2 pfilter4
2026-08-21T14:50:15.987,703,RAD,horizontal,1,23.84,26.34,0.9,0.9,8,30.10,1.00,0.89,1,0.83,0,0,run2 pfilter4
2026-08-21T14:50:16.083,704,RAD,horizontal,1,23.84,26.34,0.9,0.9,8,30.36,1.00,0.89,1,0.90,0,0,run2 pfilter4
2026-08-21T14:50:16.211,705,RAD,horizontal,1,23.84,26.34,0.9,0.9,8,30.36,1.00,0.89,1,0.89,0,0,run2 pfilter4
2026-08-21T14:50:16.307,706,RAD,horizontal,1,23.84,26.34,0.9,0.9,8,30.32,1.00,0.89,1,0.89,0,0,run2 pfilter4
2026-08-21T14:50:16.435,707,RAD,horizontal,1,23.81,26.31,0.9,0.9,8,29.81,1.00,0.89,1,0.76,0,0,run2 pfilter4
2026-08-21T14:50:16.531,708,RAD,horizontal,1,23.81,26.31,1.0,1.0,9,29.79,1.00,1.00,1,0.82,0,0,run2 pfilter4
2026-08-21T14:50:16.667,709,RAD,horizontal,1,23.79,26.29,0.9,0.9,8,29.99,1.00,0.89,1,0.80,0,0,run2 pfilter4
2026-08-21T14:50:16.765,710,RAD,horizontal,1,23.79,26.29,0.9,0.9,8,29.99,1.00,0.89,1,0.81,0,0,run2 pfilter4
2026-08-21T14:50:16.890,711,RAD,horizontal,1,23.79,26.29,90.1,110.8,538,30.98,0.67,0.74,10,1.19,0,0,run2 pfilter4
2026-08-21T14:50:17.017,712,RAD,horizontal,2,23.79,26.29,0.9,0.9,8,29.83,1.00,0.89,1,0.80,0,0,run2 pfilter4
2026-08-21T14:50:17.017,712,RAD,horizontal,2,23.79,26.29,90.1,110.8,538,31.00,0.67,0.74,9,1.18,0,0,run2 pfilter4
2026-08-21T14:50:17.113,713,RAD,horizontal,1,23.79,26.29,90.1,110.8,538,31.00,0.67,0.74,10,1.18,0,0,run2 pfilter4
2026-08-21T14:50:17.241,714,RAD,horizontal,1,23.79,26.29,90.1,110.8,536,31.00,0.67,0.74,11,1.19,0,0,run2 pfilter4
2026-08-21T14:50:17.338,715,RAD,horizontal,1,23.79,26.29,90.2,110.7,538,31.00,0.67,0.74,10,1.17,0,0,run2 pfilter4
2026-08-21T14:50:17.465,716,RAD,horizontal,1,23.79,26.29,90.2,110.7,536,31.00,0.67,0.74,9,1.19,0,0,run2 pfilter4
2026-08-21T14:50:17.564,717,RAD,horizontal,2,23.79,26.29,0.9,0.9,8,29.90,1.00,0.89,1,0.74,0,0,run2 pfilter4
2026-08-21T14:50:17.564,717,RAD,horizontal,2,23.79,26.29,90.2,110.7,536,31.11,0.67,0.74,8,1.18,0,0,run2 pfilter4
2026-08-21T14:50:17.691,718,RAD,horizontal,2,23.79,26.29,0.9,0.9,8,29.68,1.00,0.89,1,0.68,0,0,run2 pfilter4
2026-08-21T14:50:17.691,718,RAD,horizontal,2,23.79,26.29,90.2,110.7,535,31.09,0.67,0.74,8,1.18,0,0,run2 pfilter4
2026-08-21T14:50:17.821,719,RAD,horizontal,2,23.77,26.27,0.9,0.9,8,29.92,1.00,0.89,1,0.73,0,0,run2 pfilter4
2026-08-21T14:50:17.821,719,RAD,horizontal,2,23.77,26.27,90.2,110.8,535,31.09,0.67,0.74,8,1.19,0,0,run2 pfilter4
2026-08-21T14:50:17.914,720,RAD,horizontal,2,23.77,26.27,0.8,1.2,10,29.94,1.33,0.83,1,0.92,0,0,run2 pfilter4
2026-08-21T14:50:17.914,720,RAD,horizontal,2,23.77,26.27,90.2,110.8,535,31.09,0.67,0.74,8,1.19,0,0,run2 pfilter4
2026-08-21T14:50:18.041,721,RAD,horizontal,1,23.77,26.27,90.3,110.8,532,31.06,0.67,0.73,8,1.19,0,0,run2 pfilter4
2026-08-21T14:50:18.142,722,RAD,horizontal,2,23.77,26.27,0.9,1.0,8,29.85,1.00,0.89,1,0.75,0,0,run2 pfilter4
2026-08-21T14:50:18.142,722,RAD,horizontal,2,23.77,26.27,90.4,110.8,530,31.06,0.69,0.75,8,1.19,0,0,run2 pfilter4
2026-08-21T14:50:18.268,723,RAD,horizontal,1,23.74,26.24,90.4,110.8,527,31.06,0.69,0.75,8,1.20,0,0,run2 pfilter4
2026-08-21T14:50:18.363,724,RAD,horizontal,1,23.74,26.24,90.4,110.8,527,31.06,0.69,0.75,9,1.20,0,0,run2 pfilter4
2026-08-21T14:50:18.489,725,RAD,horizontal,1,23.74,26.24,90.4,110.9,530,31.06,0.69,0.75,8,1.20,0,0,run2 pfilter4
2026-08-21T14:50:18.586,726,RAD,horizontal,2,23.74,26.24,0.9,0.9,8,29.79,1.00,0.89,1,0.77,0,0,run2 pfilter4
2026-08-21T14:50:18.586,726,RAD,horizontal,2,23.74,26.24,90.4,110.9,530,31.06,0.69,0.75,8,1.20,0,0,run2 pfilter4
2026-08-21T14:50:18.715,727,RAD,horizontal,1,23.81,26.31,90.3,110.9,531,31.17,0.69,0.75,7,1.20,0,0,run2 pfilter4
2026-08-21T14:50:18.844,728,RAD,horizontal,1,23.79,26.29,90.3,110.8,531,31.09,0.69,0.75,7,1.21,0,0,run2 pfilter4
2026-08-21T14:50:18.938,729,RAD,horizontal,1,23.79,26.29,90.3,110.8,534,31.13,0.69,0.76,7,1.21,0,0,run2 pfilter4
2026-08-21T14:50:19.066,730,RAD,horizontal,2,23.79,26.29,0.9,0.9,8,30.19,1.00,0.89,1,0.91,0,0,run2 pfilter4
2026-08-21T14:50:19.066,730,RAD,horizontal,2,23.79,26.29,90.3,110.8,534,31.20,0.69,0.76,7,1.21,0,0,run2 pfilter4
2026-08-21T14:50:19.161,731,RAD,horizontal,1,23.79,26.29,90.4,110.8,535,31.20,0.69,0.76,7,1.21,0,0,run2 pfilter4
2026-08-21T14:50:19.291,732,RAD,horizontal,1,23.77,26.27,90.6,110.6,363,31.17,0.67,0.60,6,1.16,0,0,run2 pfilter4
2026-08-21T14:50:19.390,733,RAD,horizontal,1,23.74,26.24,90.7,110.6,360,31.17,0.67,0.60,5,1.17,0,0,run2 pfilter4
2026-08-21T14:50:19.514,734,RAD,horizontal,1,23.74,26.24,90.7,110.5,364,31.17,0.67,0.61,5,1.17,0,0,run2 pfilter4
2026-08-21T14:50:19.634,735,RAD,horizontal,0,23.74,26.24,,,,,,,,,,,run2 pfilter4
2026-08-21T14:50:19.732,736,RAD,horizontal,1,23.74,26.24,0.9,0.9,8,30.34,1.00,0.89,1,0.91,0,0,run2 pfilter4
2026-08-21T14:50:19.859,737,RAD,horizontal,1,23.77,26.27,1.0,0.6,6,30.34,0.67,1.00,1,0.86,0,0,run2 pfilter4
2026-08-21T14:50:19.954,738,RAD,horizontal,1,23.77,26.27,0.6,0.9,6,30.05,1.50,1.00,1,0.92,0,0,run2 pfilter4
2026-08-21T14:50:20.082,739,RAD,horizontal,0,23.77,26.27,,,,,,,,,,,run2 pfilter4
2026-08-21T14:50:20.177,740,RAD,horizontal,0,23.77,26.27,,,,,,,,,,,run2 pfilter4
2026-08-21T14:50:20.307,741,RAD,horizontal,0,23.77,26.27,,,,,,,,,,,run2 pfilter4
2026-08-21T14:50:20.408,742,RAD,horizontal,1,23.77,26.27,0.5,1.0,6,30.56,1.50,1.00,1,1.03,0,0,run2 pfilter4
2026-08-21T14:50:20.536,743,RAD,horizontal,1,23.77,26.27,0.5,1.0,6,30.30,1.50,1.00,1,1.02,0,0,run2 pfilter4
2026-08-21T14:50:20.665,744,RAD,horizontal,2,23.77,26.27,0.8,0.9,8,30.21,1.00,0.89,1,0.89,0,0,run2 pfilter4
2026-08-21T14:50:20.665,744,RAD,horizontal,2,23.77,26.27,90.1,110.7,548,31.15,0.70,0.72,11,1.22,0,0,run2 pfilter4
2026-08-21T14:50:20.761,745,RAD,horizontal,2,23.77,26.27,0.9,0.9,8,30.10,1.00,0.89,1,0.86,0,0,run2 pfilter4
2026-08-21T14:50:20.761,745,RAD,horizontal,2,23.77,26.27,89.9,110.5,376,31.13,0.68,0.58,10,1.18,0,0,run2 pfilter4
2026-08-21T14:50:20.889,746,RAD,horizontal,1,23.79,26.29,89.8,110.5,376,31.13,0.68,0.58,10,1.17,0,0,run2 pfilter4
2026-08-21T14:50:20.983,747,RAD,horizontal,1,23.77,26.27,89.9,110.5,374,31.13,0.68,0.57,9,1.17,0,0,run2 pfilter4
2026-08-21T14:50:21.112,748,RAD,horizontal,2,23.77,26.27,0.9,0.9,8,30.21,1.00,0.89,1,0.84,0,0,run2 pfilter4
2026-08-21T14:50:21.112,748,RAD,horizontal,2,23.77,26.27,89.9,110.5,374,31.20,0.68,0.57,10,1.17,0,0,run2 pfilter4
2026-08-21T14:50:21.209,749,RAD,horizontal,1,23.77,26.27,89.9,110.5,374,31.20,0.68,0.57,10,1.17,0,0,run2 pfilter4
2026-08-21T14:50:21.329,750,RAD,horizontal,0,23.77,26.27,,,,,,,,,,,run2 pfilter4
2026-08-21T14:50:21.462,751,RAD,horizontal,1,23.77,26.27,90.1,110.7,541,31.22,0.67,0.75,8,1.21,0,0,run2 pfilter4
2026-08-21T14:50:21.554,752,RAD,horizontal,0,23.79,26.29,,,,,,,,,,,run2 pfilter4
2026-08-21T14:50:21.687,753,RAD,horizontal,1,23.81,26.31,0.5,1.0,6,30.23,1.50,1.00,1,0.97,0,0,run2 pfilter4
2026-08-21T14:50:21.783,754,RAD,horizontal,2,23.81,26.31,0.5,1.0,6,30.01,1.50,1.00,1,0.92,0,0,run2 pfilter4
2026-08-21T14:50:21.783,754,RAD,horizontal,2,23.81,26.31,90.2,110.4,362,31.22,0.67,0.60,7,1.15,0,0,run2 pfilter4
2026-08-21T14:50:21.912,755,RAD,horizontal,1,23.81,26.31,90.2,110.4,362,31.22,0.67,0.60,6,1.15,0,0,run2 pfilter4
2026-08-21T14:50:22.007,756,RAD,horizontal,2,23.84,26.34,0.5,1.0,6,29.72,1.50,1.00,1,0.82,0,0,run2 pfilter4
2026-08-21T14:50:22.007,756,RAD,horizontal,2,23.84,26.34,90.1,110.4,362,31.20,0.67,0.60,5,1.15,0,0,run2 pfilter4
2026-08-21T14:50:22.143,757,RAD,horizontal,2,23.84,26.34,1.2,0.6,8,29.72,0.50,1.00,1,0.86,0,0,run2 pfilter4
2026-08-21T14:50:22.143,757,RAD,horizontal,2,23.84,26.34,90.1,110.4,362,31.20,0.67,0.60,5,1.15,0,0,run2 pfilter4
2026-08-21T14:50:22.225,758,RAD,horizontal,0,23.84,26.34,,,,,,,,,,,run2 pfilter4
2026-08-21T14:50:22.355,759,RAD,horizontal,1,23.84,26.34,1.0,0.8,8,30.34,1.00,0.89,1,0.87,0,0,run2 pfilter4
2026-08-21T14:50:22.482,760,RAD,horizontal,1,23.84,26.34,0.6,1.0,6,30.34,1.50,1.00,1,0.94,0,0,run2 pfilter4
2026-08-21T14:50:22.578,761,RAD,horizontal,1,23.81,26.31,0.5,1.0,6,30.34,1.50,1.00,1,0.94,0,0,run2 pfilter4
2026-08-21T14:50:22.706,762,RAD,horizontal,0,23.81,26.31,,,,,,,,,,,run2 pfilter4
2026-08-21T14:50:22.801,763,RAD,horizontal,1,23.81,26.31,0.8,0.9,8,30.16,1.00,0.89,1,0.84,0,0,run2 pfilter4
2026-08-21T14:50:22.929,764,RAD,horizontal,0,23.81,26.31,,,,,,,,,,,run2 pfilter4
2026-08-21T14:50:23.033,765,RAD,horizontal,1,23.81,26.31,0.9,0.9,8,30.12,1.00,0.89,1,0.87,0,0,run2 pfilter4
2026-08-21T14:50:23.154,766,RAD,horizontal,0,23.79,26.29,,,,,,,,,,,run2 pfilter4
2026-08-21T14:50:23.251,767,RAD,horizontal,0,23.79,26.29,,,,,,,,,,,run2 pfilter4
2026-08-21T14:50:23.378,768,RAD,horizontal,0,23.79,26.29,,,,,,,,,,,run2 pfilter4
2026-08-21T14:50:23.505,769,RAD,horizontal,0,23.77,26.27,,,,,,,,,,,run2 pfilter4
2026-08-21T14:50:23.603,770,RAD,horizontal,0,23.77,26.27,,,,,,,,,,,run2 pfilter4
2026-08-21T14:50:23.731,771,RAD,horizontal,1,23.77,26.27,0.9,0.9,8,29.97,1.00,0.89,1,0.85,0,0,run2 pfilter4
2026-08-21T14:50:23.826,772,RAD,horizontal,1,23.77,26.27,1.0,1.0,9,30.01,1.00,1.00,1,0.90,0,0,run2 pfilter4
2026-08-21T14:50:23.956,773,RAD,horizontal,1,23.77,26.27,1.0,1.0,9,30.16,1.00,1.00,1,0.92,0,0,run2 pfilter4
2026-08-21T14:50:24.051,774,RAD,horizontal,1,23.75,26.25,0.9,0.9,8,30.16,1.00,0.89,1,0.81,0,0,run2 pfilter4
2026-08-21T14:50:24.179,775,RAD,horizontal,1,23.74,26.24,0.9,0.9,8,30.10,1.00,0.89,1,0.85,0,0,run2 pfilter4
2026-08-21T14:50:24.307,776,RAD,horizontal,1,23.74,26.24,0.9,0.9,8,30.21,1.00,0.89,1,0.88,0,0,run2 pfilter4
2026-08-21T14:50:24.402,777,RAD,horizontal,1,23.72,26.22,0.9,0.9,8,30.19,1.00,0.89,1,0.88,0,0,run2 pfilter4
2026-08-21T14:50:24.530,778,RAD,horizontal,1,23.72,26.22,0.9,0.9,8,30.19,1.00,0.89,1,0.88,0,0,run2 pfilter4
2026-08-21T14:50:24.625,779,RAD,horizontal,1,23.72,26.22,0.9,0.9,8,29.70,1.00,0.89,1,0.75,0,0,run2 pfilter4
2026-08-21T14:50:24.762,780,RAD,horizontal,1,23.72,26.22,0.9,0.9,8,29.97,1.00,0.89,1,0.80,0,0,run2 pfilter4
2026-08-21T14:50:24.856,781,RAD,horizontal,1,23.74,26.24,0.6,1.0,6,30.41,1.50,1.00,1,1.03,0,0,run2 pfilter4
2026-08-21T14:50:24.980,782,RAD,horizontal,1,23.72,26.22,0.5,1.0,6,30.41,1.50,1.00,1,1.03,0,0,run2 pfilter4
2026-08-21T14:50:25.077,783,RAD,horizontal,1,23.72,26.22,0.5,1.0,6,30.41,1.50,1.00,1,1.03,0,0,run2 pfilter4
2026-08-21T14:50:25.210,784,RAD,horizontal,2,23.72,26.22,0.7,0.9,8,30.30,1.00,0.89,1,0.91,0,0,run2 pfilter4
2026-08-21T14:50:25.210,784,RAD,horizontal,2,23.72,26.22,91.3,110.6,448,31.06,0.72,0.61,8,1.17,0,0,run2 pfilter4
2026-08-21T14:50:25.346,785,RAD,horizontal,2,23.72,26.22,0.9,0.9,8,30.30,1.00,0.89,1,0.90,0,0,run2 pfilter4
2026-08-21T14:50:25.346,785,RAD,horizontal,2,23.72,26.22,90.9,110.8,463,31.06,0.72,0.63,9,1.16,0,0,run2 pfilter4
2026-08-21T14:50:25.437,786,RAD,horizontal,2,23.70,26.20,0.9,0.9,8,30.03,1.00,0.89,1,0.83,0,0,run2 pfilter4
2026-08-21T14:50:25.437,786,RAD,horizontal,2,23.70,26.20,90.7,110.8,462,31.06,0.72,0.63,8,1.16,0,0,run2 pfilter4
2026-08-21T14:50:25.562,787,RAD,horizontal,2,23.70,26.20,0.9,0.9,8,29.32,1.00,0.89,1,0.64,0,0,run2 pfilter4
2026-08-21T14:50:25.562,787,RAD,horizontal,2,23.70,26.20,90.7,110.8,460,30.98,0.72,0.62,8,1.16,0,0,run2 pfilter4
2026-08-21T14:50:25.655,788,RAD,horizontal,1,23.70,26.20,90.6,110.8,473,31.00,0.72,0.64,9,1.16,0,0,run2 pfilter4
2026-08-21T14:50:25.779,789,RAD,horizontal,1,23.67,26.17,0.9,0.9,8,30.34,1.00,0.89,1,0.92,0,0,run2 pfilter4
2026-08-21T14:50:25.882,790,RAD,horizontal,0,23.67,26.17,,,,,,,,,,,run2 pfilter4
2026-08-21T14:50:26.001,791,RAD,horizontal,0,23.70,26.20,,,,,,,,,,,run2 pfilter4
2026-08-21T14:50:26.130,792,RAD,horizontal,1,23.70,26.20,0.9,0.9,8,30.21,1.00,0.89,1,0.87,0,0,run2 pfilter4
2026-08-21T14:50:26.226,793,RAD,horizontal,0,23.70,26.20,,,,,,,,,,,run2 pfilter4
2026-08-21T14:50:26.354,794,RAD,horizontal,1,23.72,26.22,0.5,1.0,6,29.74,1.50,1.00,1,0.82,0,0,run2 pfilter4
2026-08-21T14:50:26.451,795,RAD,horizontal,0,23.72,26.22,,,,,,,,,,,run2 pfilter4
2026-08-21T14:50:26.578,796,RAD,horizontal,1,23.72,26.22,0.5,1.0,6,30.19,1.50,1.00,1,1.01,0,0,run2 pfilter4
2026-08-21T14:50:26.673,797,RAD,horizontal,0,23.72,26.22,,,,,,,,,,,run2 pfilter4
2026-08-21T14:50:26.802,798,RAD,horizontal,0,23.72,26.22,,,,,,,,,,,run2 pfilter4
2026-08-21T14:50:26.900,799,RAD,horizontal,1,23.72,26.22,1.0,1.0,9,30.39,1.00,1.00,1,1.06,0,0,run2 pfilter4
2026-08-21T14:50:27.025,800,RAD,horizontal,0,23.74,26.24,,,,,,,,,,,run2 pfilter4
2026-08-21T14:50:27.155,801,RAD,horizontal,1,23.74,26.24,0.6,1.0,6,30.41,1.50,1.00,1,1.09,0,0,run2 pfilter4
2026-08-21T14:50:27.251,802,RAD,horizontal,0,23.72,26.22,,,,,,,,,,,run2 pfilter4
2026-08-21T14:50:27.379,803,RAD,horizontal,0,23.72,26.22,,,,,,,,,,,run2 pfilter4
2026-08-21T14:50:27.475,804,RAD,horizontal,1,23.72,26.22,0.5,1.0,6,30.23,1.50,1.00,1,0.99,0,0,run2 pfilter4
2026-08-21T14:50:27.603,805,RAD,horizontal,1,23.72,26.22,0.5,1.0,6,30.19,1.50,1.00,1,0.87,0,0,run2 pfilter4
2026-08-21T14:50:27.701,806,RAD,horizontal,1,23.72,26.22,0.5,1.0,6,30.19,1.50,1.00,1,0.91,0,0,run2 pfilter4
2026-08-21T14:50:27.827,807,RAD,horizontal,1,23.72,26.22,0.8,0.9,8,30.34,1.00,0.89,1,0.93,0,0,run2 pfilter4
2026-08-21T14:50:27.959,808,RAD,horizontal,1,23.70,26.20,0.9,0.9,8,29.70,1.00,0.89,1,0.76,0,0,run2 pfilter4
2026-08-21T14:50:28.063,809,RAD,horizontal,1,23.72,26.22,0.9,0.9,8,29.97,1.00,0.89,1,0.83,0,0,run2 pfilter4
2026-08-21T14:50:28.184,810,RAD,horizontal,1,23.72,26.22,0.9,0.9,8,29.97,1.00,0.89,1,0.83,0,0,run2 pfilter4
2026-08-21T14:50:28.274,811,RAD,horizontal,1,23.72,26.22,0.9,0.9,8,29.97,1.00,0.89,1,0.84,0,0,run2 pfilter4
2026-08-21T14:50:28.403,812,RAD,horizontal,1,23.74,26.24,0.9,0.9,8,30.08,1.00,0.89,1,0.85,0,0,run2 pfilter4
2026-08-21T14:50:28.498,813,RAD,horizontal,1,23.77,26.27,0.6,1.0,6,29.97,1.50,1.00,1,0.90,0,0,run2 pfilter4
2026-08-21T14:50:28.627,814,RAD,horizontal,1,23.77,26.27,0.5,1.0,6,30.14,1.50,1.00,1,0.96,0,0,run2 pfilter4
2026-08-21T14:50:28.724,815,RAD,horizontal,1,23.74,26.24,0.5,1.0,6,30.05,1.50,1.00,1,0.92,0,0,run2 pfilter4
2026-08-21T14:50:28.850,816,RAD,horizontal,1,23.81,26.31,0.7,0.9,8,30.05,1.00,0.89,1,0.80,0,0,run2 pfilter4
2026-08-21T14:50:28.979,817,RAD,horizontal,1,23.77,26.27,0.9,0.9,8,29.74,1.00,0.89,1,0.72,0,0,run2 pfilter4
2026-08-21T14:50:29.077,818,RAD,horizontal,1,23.77,26.27,0.9,0.9,8,29.81,1.00,0.89,1,0.74,0,0,run2 pfilter4
2026-08-21T14:50:29.204,819,RAD,horizontal,1,23.77,26.27,0.9,0.9,8,29.83,1.00,0.89,1,0.76,0,0,run2 pfilter4
2026-08-21T14:50:29.299,820,RAD,horizontal,1,23.74,26.24,0.9,0.9,8,29.90,1.00,0.89,1,0.78,0,0,run2 pfilter4
2026-08-21T14:50:29.427,821,RAD,horizontal,0,23.72,26.22,,,,,,,,,,,run2 pfilter4
2026-08-21T14:50:29.522,822,RAD,horizontal,0,23.72,26.22,,,,,,,,,,,run2 pfilter4
2026-08-21T14:50:29.651,823,RAD,horizontal,0,23.72,26.22,,,,,,,,,,,run2 pfilter4
2026-08-21T14:50:29.747,824,RAD,horizontal,1,23.70,26.20,0.9,0.9,8,30.19,1.00,0.89,1,0.88,0,0,run2 pfilter4
2026-08-21T14:50:29.874,825,RAD,horizontal,0,23.67,26.17,,,,,,,,,,,run2 pfilter4
2026-08-21T14:50:30.002,826,RAD,horizontal,0,23.67,26.17,,,,,,,,,,,run2 pfilter4
2026-08-21T14:50:30.113,827,RAD,horizontal,0,23.65,26.15,,,,,,,,,,,run2 pfilter4
2026-08-21T14:50:30.226,828,RAD,horizontal,0,23.62,26.12,,,,,,,,,,,run2 pfilter4
2026-08-21T14:50:30.322,829,RAD,horizontal,0,23.62,26.12,,,,,,,,,,,run2 pfilter4
2026-08-21T14:50:30.450,830,RAD,horizontal,1,23.60,26.10,0.9,0.9,8,30.30,1.00,0.89,1,0.95,0,0,run2 pfilter4
2026-08-21T14:50:30.546,831,RAD,horizontal,1,23.60,26.10,0.9,0.9,8,29.61,1.00,0.89,1,0.76,0,0,run2 pfilter4
2026-08-21T14:50:30.683,832,RAD,horizontal,0,23.58,26.08,,,,,,,,,,,run2 pfilter4
2026-08-21T14:50:30.816,833,RAD,horizontal,1,23.58,26.08,0.9,0.9,8,30.01,1.00,0.89,1,0.89,0,0,run2 pfilter4
2026-08-21T14:50:30.901,834,RAD,horizontal,0,23.58,26.08,,,,,,,,,,,run2 pfilter4
2026-08-21T14:50:31.026,835,RAD,horizontal,0,23.60,26.10,,,,,,,,,,,run2 pfilter4
2026-08-21T14:50:31.122,836,RAD,horizontal,1,23.60,26.10,0.5,1.0,6,30.10,1.50,1.00,1,1.01,0,0,run2 pfilter4
2026-08-21T14:50:31.250,837,RAD,horizontal,1,23.60,26.10,0.8,0.9,8,29.97,1.00,0.89,1,0.87,0,0,run2 pfilter4
2026-08-21T14:50:31.352,838,RAD,horizontal,1,23.60,26.10,0.9,0.9,8,29.34,1.00,0.89,1,0.69,0,0,run2 pfilter4
2026-08-21T14:50:31.480,839,RAD,horizontal,1,23.60,26.10,0.9,0.9,8,29.34,1.00,0.89,1,0.70,0,0,run2 pfilter4
2026-08-21T14:50:31.574,840,RAD,horizontal,1,23.60,26.10,1.0,0.6,6,29.90,0.67,1.00,1,0.75,0,0,run2 pfilter4
2026-08-21T14:50:31.703,841,RAD,horizontal,0,23.60,26.10,,,,,,,,,,,run2 pfilter4
2026-08-21T14:50:31.831,842,RAD,horizontal,0,23.60,26.10,,,,,,,,,,,run2 pfilter4
2026-08-21T14:50:31.929,843,RAD,horizontal,1,23.60,26.10,0.5,0.9,6,30.08,1.50,1.00,1,0.94,0,0,run2 pfilter4
2026-08-21T14:50:32.057,844,RAD,horizontal,1,23.60,26.10,0.5,1.0,6,30.16,1.50,1.00,1,0.97,0,0,run2 pfilter4
2026-08-21T14:50:32.152,845,RAD,horizontal,1,23.65,26.15,0.5,1.0,6,30.14,1.50,1.00,1,0.97,0,0,run2 pfilter4
2026-08-21T14:50:32.280,846,RAD,horizontal,1,23.65,26.15,0.8,0.9,8,30.23,1.00,0.89,1,0.99,0,0,run2 pfilter4
2026-08-21T14:50:32.379,847,RAD,horizontal,1,23.62,26.12,0.9,0.9,8,30.03,1.00,0.89,1,0.89,0,0,run2 pfilter4
2026-08-21T14:50:32.504,848,RAD,horizontal,0,23.62,26.12,,,,,,,,,,,run2 pfilter4
2026-08-21T14:50:32.633,849,RAD,horizontal,1,23.65,26.15,1.0,0.5,6,30.21,0.67,1.00,1,0.86,0,0,run2 pfilter4
2026-08-21T14:50:32.729,850,RAD,horizontal,0,23.65,26.15,,,,,,,,,,,run2 pfilter4
2026-08-21T14:50:32.858,851,RAD,horizontal,0,23.65,26.15,,,,,,,,,,,run2 pfilter4
2026-08-21T14:50:32.951,852,RAD,horizontal,0,23.65,26.15,,,,,,,,,,,run2 pfilter4
2026-08-21T14:50:33.081,853,RAD,horizontal,1,23.65,26.15,1.0,0.5,6,30.16,0.67,1.00,1,0.85,0,0,run2 pfilter4
2026-08-21T14:50:33.178,854,RAD,horizontal,0,23.62,26.12,,,,,,,,,,,run2 pfilter4
2026-08-21T14:50:33.305,855,RAD,horizontal,1,23.62,26.12,0.9,0.8,8,29.81,1.00,0.89,1,0.84,0,0,run2 pfilter4
2026-08-21T14:50:33.401,856,RAD,horizontal,0,23.62,26.12,,,,,,,,,,,run2 pfilter4
2026-08-21T14:50:33.527,857,RAD,horizontal,1,23.62,26.12,0.9,0.9,8,30.05,1.00,0.89,1,0.85,0,0,run2 pfilter4
2026-08-21T14:50:33.657,858,RAD,horizontal,1,23.62,26.12,0.9,0.9,8,30.21,1.00,0.89,1,0.89,0,0,run2 pfilter4
2026-08-21T14:50:33.746,859,RAD,horizontal,0,23.65,26.15,,,,,,,,,,,run2 pfilter4
2026-08-21T14:50:33.875,860,RAD,horizontal,1,23.65,26.15,0.9,0.9,8,29.70,1.00,0.89,1,0.68,0,0,run2 pfilter4
2026-08-21T14:50:33.976,861,RAD,horizontal,1,23.65,26.15,0.6,1.0,6,29.79,1.50,1.00,1,0.80,0,0,run2 pfilter4
2026-08-21T14:50:34.098,862,RAD,horizontal,0,23.65,26.15,,,,,,,,,,,run2 pfilter4
2026-08-21T14:50:34.196,863,RAD,horizontal,1,23.65,26.15,0.8,0.9,8,29.85,1.00,0.89,1,0.80,0,0,run2 pfilter4
2026-08-21T14:50:34.323,864,RAD,horizontal,1,23.65,26.15,0.9,0.9,8,29.85,1.00,0.89,1,0.81,0,0,run2 pfilter4
2026-08-21T14:50:34.449,865,RAD,horizontal,1,23.62,26.12,0.9,0.9,8,29.77,1.00,0.89,1,0.79,0,0,run2 pfilter4
2026-08-21T14:50:34.545,866,RAD,horizontal,1,23.60,26.10,0.9,0.9,8,29.72,1.00,0.89,1,0.77,0,0,run2 pfilter4
2026-08-21T14:50:34.673,867,RAD,horizontal,1,23.60,26.10,0.9,0.9,8,29.65,1.00,0.89,1,0.76,0,0,run2 pfilter4
2026-08-21T14:50:34.770,868,RAD,horizontal,0,23.60,26.10,,,,,,,,,,,run2 pfilter4
2026-08-21T14:50:34.897,869,RAD,horizontal,0,23.60,26.10,,,,,,,,,,,run2 pfilter4
2026-08-21T14:50:34.995,870,RAD,horizontal,0,23.60,26.10,,,,,,,,,,,run2 pfilter4
2026-08-21T14:50:35.123,871,RAD,horizontal,0,23.58,26.08,,,,,,,,,,,run2 pfilter4
2026-08-21T14:50:35.226,872,RAD,horizontal,0,23.60,26.10,,,,,,,,,,,run2 pfilter4
2026-08-21T14:50:35.348,873,RAD,horizontal,0,23.58,26.08,,,,,,,,,,,run2 pfilter4
2026-08-21T14:50:35.474,874,RAD,horizontal,0,23.60,26.10,,,,,,,,,,,run2 pfilter4
2026-08-21T14:50:35.570,875,RAD,horizontal,0,23.60,26.10,,,,,,,,,,,run2 pfilter4
2026-08-21T14:50:35.698,876,RAD,horizontal,0,23.60,26.10,,,,,,,,,,,run2 pfilter4
2026-08-21T14:50:35.795,877,RAD,horizontal,0,23.60,26.10,,,,,,,,,,,run2 pfilter4
2026-08-21T14:50:35.922,878,RAD,horizontal,0,23.60,26.10,,,,,,,,,,,run2 pfilter4
2026-08-21T14:50:36.018,879,RAD,horizontal,0,23.60,26.10,,,,,,,,,,,run2 pfilter4
2026-08-21T14:50:36.146,880,RAD,horizontal,0,23.60,26.10,,,,,,,,,,,run2 pfilter4
2026-08-21T14:50:36.243,881,RAD,horizontal,0,23.60,26.10,,,,,,,,,,,run2 pfilter4
2026-08-21T14:50:36.371,882,RAD,horizontal,0,23.60,26.10,,,,,,,,,,,run2 pfilter4
2026-08-21T14:50:36.499,883,RAD,horizontal,0,23.60,26.10,,,,,,,,,,,run2 pfilter4
2026-08-21T14:50:36.595,884,RAD,horizontal,0,23.62,26.12,,,,,,,,,,,run2 pfilter4
2026-08-21T14:50:36.724,885,RAD,horizontal,0,23.60,26.10,,,,,,,,,,,run2 pfilter4
2026-08-21T14:50:36.820,886,RAD,horizontal,0,23.62,26.12,,,,,,,,,,,run2 pfilter4
2026-08-21T14:50:36.947,887,RAD,horizontal,0,23.62,26.12,,,,,,,,,,,run2 pfilter4
2026-08-21T14:50:37.043,888,RAD,horizontal,1,23.62,26.12,0.5,1.0,6,29.77,1.50,1.00,1,0.88,0,0,run2 pfilter4
2026-08-21T14:50:37.173,889,RAD,horizontal,1,23.62,26.12,0.5,1.0,6,29.70,1.50,1.00,1,0.82,0,0,run2 pfilter4
2026-08-21T14:50:37.299,890,RAD,horizontal,1,23.62,26.12,0.5,1.0,6,29.94,1.50,1.00,1,0.90,0,0,run2 pfilter4
2026-08-21T14:50:37.395,891,RAD,horizontal,1,23.62,26.12,0.5,1.0,6,29.85,1.50,1.00,1,0.88,0,0,run2 pfilter4
2026-08-21T14:50:37.522,892,RAD,horizontal,0,23.62,26.12,,,,,,,,,,,run2 pfilter4
2026-08-21T14:50:37.623,893,RAD,horizontal,0,23.62,26.12,,,,,,,,,,,run2 pfilter4
2026-08-21T14:50:37.755,894,RAD,horizontal,1,23.62,26.12,0.9,0.9,8,29.81,1.00,0.89,1,0.82,0,0,run2 pfilter4
2026-08-21T14:50:37.851,895,RAD,horizontal,2,23.62,26.12,0.9,0.9,8,29.81,1.00,0.89,1,0.83,0,0,run2 pfilter4
2026-08-21T14:50:37.851,895,RAD,horizontal,2,23.62,26.12,91.6,110.2,556,31.30,0.69,0.66,8,1.33,0,0,run2 pfilter4
2026-08-21T14:50:37.971,896,RAD,horizontal,1,23.62,26.12,0.9,0.9,8,29.70,1.00,0.89,1,0.80,0,0,run2 pfilter4
2026-08-21T14:50:38.068,897,RAD,horizontal,0,23.67,26.17,,,,,,,,,,,run2 pfilter4
2026-08-21T14:50:38.196,898,RAD,horizontal,0,23.67,26.17,,,,,,,,,,,run2 pfilter4
2026-08-21T14:50:38.322,899,RAD,horizontal,0,23.62,26.12,,,,,,,,,,,run2 pfilter4
2026-08-21T14:50:38.420,900,RAD,horizontal,0,23.62,26.12,,,,,,,,,,,run2 pfilter4
2026-08-21T14:50:38.545,901,RAD,horizontal,0,23.62,26.12,,,,,,,,,,,run2 pfilter4
2026-08-21T14:50:38.643,902,RAD,horizontal,0,23.60,26.10,,,,,,,,,,,run2 pfilter4
2026-08-21T14:50:38.771,903,RAD,horizontal,0,23.60,26.10,,,,,,,,,,,run2 pfilter4
2026-08-21T14:50:38.865,904,RAD,horizontal,0,23.58,26.08,,,,,,,,,,,run2 pfilter4
2026-08-21T14:50:38.996,905,RAD,horizontal,0,23.55,26.05,,,,,,,,,,,run2 pfilter4
2026-08-21T14:50:39.123,906,RAD,horizontal,0,23.53,26.03,,,,,,,,,,,run2 pfilter4
2026-08-21T14:50:39.218,907,RAD,horizontal,0,23.53,26.03,,,,,,,,,,,run2 pfilter4
2026-08-21T14:50:39.348,908,RAD,horizontal,0,23.53,26.03,,,,,,,,,,,run2 pfilter4
2026-08-21T14:50:39.443,909,RAD,horizontal,1,23.53,26.03,97.2,100.9,81,30.10,0.69,0.69,1,1.26,0,0,run2 pfilter4
2026-08-21T14:50:39.573,910,RAD,horizontal,1,23.51,26.01,97.3,101.0,82,29.88,0.69,0.70,1,1.25,0,0,run2 pfilter4
2026-08-21T14:50:39.667,911,RAD,horizontal,1,23.51,26.01,0.5,1.0,6,29.85,1.50,1.00,1,1.00,0,0,run2 pfilter4
2026-08-21T14:50:39.795,912,RAD,horizontal,1,23.51,26.01,0.5,1.0,6,29.79,1.50,1.00,1,0.99,0,0,run2 pfilter4
2026-08-21T14:50:39.892,913,RAD,horizontal,1,23.51,26.01,0.5,1.0,6,29.45,1.50,1.00,1,0.90,0,0,run2 pfilter4
2026-08-21T14:50:40.018,914,RAD,horizontal,0,23.51,26.01,,,,,,,,,,,run2 pfilter4
2026-08-21T14:50:40.146,915,RAD,horizontal,0,23.51,26.01,,,,,,,,,,,run2 pfilter4
2026-08-21T14:50:40.246,916,RAD,horizontal,0,23.51,26.01,,,,,,,,,,,run2 pfilter4
2026-08-21T14:50:40.369,917,RAD,horizontal,0,23.51,26.01,,,,,,,,,,,run2 pfilter4
2026-08-21T14:50:40.465,918,RAD,horizontal,0,23.51,26.01,,,,,,,,,,,run2 pfilter4
2026-08-21T14:50:40.594,919,RAD,horizontal,0,23.48,25.98,,,,,,,,,,,run2 pfilter4
2026-08-21T14:50:40.689,920,RAD,horizontal,0,23.48,25.98,,,,,,,,,,,run2 pfilter4
2026-08-21T14:50:40.817,921,RAD,horizontal,0,23.48,25.98,,,,,,,,,,,run2 pfilter4
2026-08-21T14:50:40.946,922,RAD,horizontal,0,23.48,25.98,,,,,,,,,,,run2 pfilter4
2026-08-21T14:50:41.042,923,RAD,horizontal,1,23.48,25.98,0.9,0.9,8,29.79,1.00,0.89,1,0.86,0,0,run2 pfilter4
2026-08-21T14:50:41.172,924,RAD,horizontal,1,23.48,25.98,0.6,1.0,6,29.92,1.50,1.00,1,0.97,0,0,run2 pfilter4
2026-08-21T14:50:41.267,925,RAD,horizontal,1,23.48,25.98,0.5,1.0,6,29.77,1.50,1.00,1,0.92,0,0,run2 pfilter4
2026-08-21T14:50:41.395,926,RAD,horizontal,1,23.51,26.01,0.5,1.0,6,29.79,1.50,1.00,1,0.93,0,0,run2 pfilter4
2026-08-21T14:50:41.491,927,RAD,horizontal,1,23.48,25.98,0.5,1.0,6,29.79,1.50,1.00,1,0.92,0,0,run2 pfilter4
2026-08-21T14:50:41.617,928,RAD,horizontal,0,23.48,25.98,,,,,,,,,,,run2 pfilter4
2026-08-21T14:50:41.715,929,RAD,horizontal,1,23.48,25.98,0.8,0.9,8,29.54,1.00,0.89,1,0.80,0,0,run2 pfilter4
2026-08-21T14:50:41.841,930,RAD,horizontal,0,23.46,25.96,,,,,,,,,,,run2 pfilter4
2026-08-21T14:50:41.970,931,RAD,horizontal,1,23.43,25.93,0.6,1.0,6,29.59,1.50,1.00,1,0.88,0,0,run2 pfilter4
2026-08-21T14:50:42.068,932,RAD,horizontal,1,23.46,25.96,0.5,1.0,6,29.57,1.50,1.00,1,0.87,0,0,run2 pfilter4
2026-08-21T14:50:42.194,933,RAD,horizontal,0,23.46,25.96,,,,,,,,,,,run2 pfilter4
2026-08-21T14:50:42.291,934,RAD,horizontal,0,23.43,25.93,,,,,,,,,,,run2 pfilter4
2026-08-21T14:50:42.426,935,RAD,horizontal,0,23.43,25.93,,,,,,,,,,,run2 pfilter4
2026-08-21T14:50:42.523,936,RAD,horizontal,0,23.48,25.98,,,,,,,,,,,run2 pfilter4
2026-08-21T14:50:42.650,937,RAD,horizontal,1,23.46,25.96,93.7,111.0,183,30.69,0.00,0.00,7,0.99,0,0,run2 pfilter4
2026-08-21T14:50:42.748,938,RAD,horizontal,1,23.46,25.96,93.8,110.9,174,30.67,0.00,0.00,7,0.90,0,0,run2 pfilter4
2026-08-21T14:50:42.874,939,RAD,horizontal,1,23.46,25.96,91.9,111.5,220,30.67,0.00,0.00,7,0.91,0,0,run2 pfilter4
