timestamp,frame,mode,view,n_det,background,threshold,cx,cy,area_px,val_max,aspect,extent,peaks,std_c,skin_px,priority,note
2026-08-19T19:30:50.810,88,RAD,any,1,24.00,26.50,35.3,73.2,1310,33.01,0.00,0.00,11,1.55,0,0,run0 measure
2026-08-19T19:30:50.906,89,RAD,any,1,23.98,26.48,35.4,73.3,1301,32.71,0.00,0.00,10,1.54,0,0,run0 measure
2026-08-19T19:30:51.035,90,RAD,any,1,23.93,26.43,35.4,73.3,1300,32.69,0.00,0.00,9,1.56,0,0,run0 measure
2026-08-19T19:30:51.162,91,RAD,any,1,23.93,26.43,35.4,73.3,1306,32.73,0.00,0.00,9,1.58,0,0,run0 measure
2026-08-19T19:30:51.260,92,RAD,any,1,23.95,26.45,35.4,73.3,1303,32.78,0.00,0.00,10,1.58,0,0,run0 measure
2026-08-19T19:30:51.388,93,RAD,any,1,23.93,26.43,35.5,73.2,1298,32.78,0.00,0.00,10,1.57,0,0,run0 measure
2026-08-19T19:30:51.484,94,RAD,any,1,23.95,26.45,35.5,73.2,1292,32.82,0.00,0.00,12,1.57,0,0,run0 measure
2026-08-19T19:30:51.611,95,RAD,any,1,23.93,26.43,35.5,73.2,1295,32.82,0.00,0.00,11,1.58,0,0,run0 measure
2026-08-19T19:30:51.708,96,RAD,any,1,23.95,26.45,35.5,73.3,1298,33.04,0.00,0.00,10,1.58,1,0,run0 measure
2026-08-19T19:30:51.831,97,RAD,any,1,23.93,26.43,35.5,73.3,1298,32.91,0.00,0.00,11,1.57,0,0,run0 measure
2026-08-19T19:30:51.960,98,RAD,any,1,23.93,26.43,35.4,73.3,1296,32.91,0.00,0.00,11,1.58,0,0,run0 measure
2026-08-19T19:30:52.058,99,RAD,any,1,23.95,26.45,35.4,73.3,1295,32.93,0.00,0.00,9,1.59,0,0,run0 measure
2026-08-19T19:30:52.188,100,RAD,any,1,23.98,26.48,35.5,73.3,1300,32.91,0.00,0.00,9,1.59,0,0,run0 measure
2026-08-19T19:30:52.283,101,RAD,any,1,23.98,26.48,35.4,73.2,1308,32.86,0.00,0.00,9,1.59,0,0,run0 measure
2026-08-19T19:30:52.408,102,RAD,any,1,23.95,26.45,35.5,73.2,1310,32.91,0.00,0.00,8,1.57,0,0,run0 measure
2026-08-19T19:30:52.505,103,RAD,any,1,23.98,26.48,35.5,73.0,1316,32.91,0.00,0.00,8,1.51,0,0,run0 measure
2026-08-19T19:30:52.634,104,RAD,any,1,23.98,26.48,35.3,72.8,1318,32.91,0.00,0.00,9,1.50,0,0,run0 measure
2026-08-19T19:30:52.729,105,RAD,any,1,24.00,26.50,35.2,72.5,1311,32.99,0.00,0.00,9,1.53,0,0,run0 measure
2026-08-19T19:30:52.855,106,RAD,any,1,23.98,26.48,35.3,72.2,1253,32.97,0.00,0.00,9,1.45,0,0,run0 measure
2026-08-19T19:30:52.986,107,RAD,any,1,24.00,26.50,35.4,71.7,1238,32.97,0.00,0.00,8,1.38,0,0,run0 measure
2026-08-19T19:30:53.082,108,RAD,any,1,24.00,26.50,35.6,70.7,1231,32.80,0.00,0.00,9,1.34,0,0,run0 measure
2026-08-19T19:30:53.207,109,RAD,any,1,24.02,26.52,35.7,69.4,1255,32.67,0.00,0.00,8,1.31,0,0,run0 measure
2026-08-19T19:30:53.306,110,RAD,any,1,24.02,26.52,40.9,77.2,710,31.87,0.00,0.00,8,1.37,0,0,run0 measure
2026-08-19T19:30:53.438,111,RAD,any,1,24.02,26.52,42.9,81.2,629,31.78,0.00,0.00,7,1.25,0,0,run0 measure
2026-08-19T19:30:53.532,112,RAD,any,2,24.02,26.52,43.2,81.7,652,31.52,0.00,0.00,7,1.27,0,0,run0 measure
2026-08-19T19:30:53.532,112,RAD,any,2,24.02,26.52,24.7,41.0,534,32.24,0.63,0.59,6,1.14,0,0,run0 measure
2026-08-19T19:30:53.660,113,RAD,any,2,24.02,26.52,42.9,82.0,621,31.52,0.00,0.00,6,1.24,0,0,run0 measure
2026-08-19T19:30:53.660,113,RAD,any,2,24.02,26.52,24.6,37.9,567,32.35,0.68,0.57,4,1.15,0,0,run0 measure
2026-08-19T19:30:53.788,114,RAD,any,2,24.02,26.52,42.7,84.1,556,31.50,0.00,0.00,4,1.18,0,0,run0 measure
2026-08-19T19:30:53.788,114,RAD,any,2,24.02,26.52,25.0,35.9,636,32.19,0.79,0.56,7,1.14,0,0,run0 measure
2026-08-19T19:30:53.878,115,RAD,any,1,24.02,26.52,30.9,50.0,1318,32.32,0.00,0.00,9,1.25,0,0,run0 measure
2026-08-19T19:30:54.006,116,RAD,any,1,24.04,26.54,33.4,55.2,1334,32.52,0.00,0.00,9,1.21,0,0,run0 measure
2026-08-19T19:30:54.105,117,RAD,any,1,24.04,26.54,34.5,55.7,1333,32.32,0.00,0.00,8,1.21,0,0,run0 measure
2026-08-19T19:30:54.235,118,RAD,any,1,24.14,26.64,35.5,54.0,1346,32.11,0.00,0.00,11,1.19,0,0,run0 measure
2026-08-19T19:30:54.329,119,RAD,any,1,24.14,26.64,42.3,85.0,548,31.37,0.00,0.00,4,1.17,0,0,run0 measure
2026-08-19T19:30:54.455,120,RAD,any,1,24.16,26.66,39.0,50.8,1316,31.50,0.00,0.00,12,1.17,0,0,run0 measure
2026-08-19T19:30:54.554,121,RAD,any,1,24.16,26.66,40.3,49.9,1253,31.41,0.00,0.00,13,1.15,0,0,run0 measure
2026-08-19T19:30:54.682,122,RAD,any,1,24.14,26.64,41.3,50.0,1196,31.41,0.00,0.00,12,1.11,0,0,run0 measure
2026-08-19T19:30:54.811,123,RAD,any,1,24.14,26.64,42.2,50.5,1158,31.41,0.00,0.00,15,1.10,0,0,run0 measure
2026-08-19T19:30:54.907,124,RAD,any,1,24.11,26.61,42.3,84.8,544,31.39,0.00,0.00,4,1.19,0,0,run0 measure
2026-08-19T19:30:55.034,125,RAD,any,1,24.11,26.61,44.6,52.4,1116,31.37,0.00,0.00,17,1.09,0,0,run0 measure
2026-08-19T19:30:55.134,126,RAD,any,2,24.14,26.64,42.4,84.7,544,31.35,0.00,0.00,3,1.19,0,0,run0 measure
2026-08-19T19:30:55.134,126,RAD,any,2,24.14,26.64,49.0,22.4,548,30.50,1.60,0.55,12,0.82,0,0,run0 measure
2026-08-19T19:30:55.256,127,RAD,any,1,24.11,26.61,47.2,52.9,1130,31.35,0.00,0.00,14,1.10,0,0,run0 measure
2026-08-19T19:30:55.355,128,RAD,any,1,24.11,26.61,49.1,52.1,1187,31.35,0.00,0.00,13,1.11,0,0,run0 measure
2026-08-19T19:30:55.484,129,RAD,any,1,24.14,26.64,51.1,51.1,1230,31.33,0.00,0.00,17,1.12,0,0,run0 measure
2026-08-19T19:30:55.610,130,RAD,any,1,24.18,26.68,53.6,49.6,1355,31.46,0.00,0.00,18,1.18,0,0,run0 measure
2026-08-19T19:30:55.708,131,RAD,any,1,24.21,26.71,54.8,50.1,1247,31.52,0.00,0.00,18,1.11,0,0,run0 measure
2026-08-19T19:30:55.833,132,RAD,any,1,24.16,26.66,56.6,50.7,1231,31.52,0.00,0.00,15,1.11,0,0,run0 measure
2026-08-19T19:30:55.929,133,RAD,any,1,24.18,26.68,58.6,51.1,1214,31.52,0.00,0.00,11,1.10,0,0,run0 measure
2026-08-19T19:30:56.056,134,RAD,any,1,24.16,26.66,61.5,50.4,1252,31.52,0.00,0.00,10,1.11,0,0,run0 measure
2026-08-19T19:30:56.152,135,RAD,any,1,24.16,26.66,64.1,50.3,1247,31.52,0.00,0.00,16,1.12,0,0,run0 measure
2026-08-19T19:30:56.283,136,RAD,any,1,24.18,26.68,66.0,50.6,1229,31.52,0.00,0.00,12,1.12,0,0,run0 measure
2026-08-19T19:30:56.379,137,RAD,any,0,24.21,26.71,,,,,,,,,,,run0 measure
2026-08-19T19:30:56.507,138,RAD,any,0,24.25,26.75,,,,,,,,,,,run0 measure
2026-08-19T19:30:56.633,139,RAD,any,2,24.25,26.75,92.5,25.5,560,30.45,1.96,0.50,9,0.80,0,0,run0 measure
2026-08-19T19:30:56.633,139,RAD,any,2,24.25,26.75,42.5,84.7,551,31.59,0.00,0.00,3,1.23,0,0,run0 measure
2026-08-19T19:30:56.728,140,RAD,any,2,24.23,26.73,95.3,28.1,530,30.63,1.88,0.49,8,0.78,0,0,run0 measure
2026-08-19T19:30:56.728,140,RAD,any,2,24.23,26.73,42.4,84.7,551,31.59,0.00,0.00,3,1.22,0,0,run0 measure
2026-08-19T19:30:56.856,141,RAD,any,2,24.28,26.78,99.1,30.3,584,30.82,1.80,0.52,8,0.79,0,0,run0 measure
2026-08-19T19:30:56.856,141,RAD,any,2,24.28,26.78,42.4,84.6,554,31.59,0.00,0.00,3,1.23,0,0,run0 measure
2026-08-19T19:30:56.951,142,RAD,any,2,24.25,26.75,102.6,32.4,546,30.87,1.91,0.54,8,0.80,0,0,run0 measure
2026-08-19T19:30:56.951,142,RAD,any,2,24.25,26.75,42.4,84.6,554,31.59,0.00,0.00,3,1.23,0,0,run0 measure
2026-08-19T19:30:57.086,143,RAD,any,2,24.28,26.78,105.5,34.2,547,30.87,1.69,0.48,10,0.80,0,0,run0 measure
2026-08-19T19:30:57.086,143,RAD,any,2,24.28,26.78,42.4,84.7,554,31.59,0.00,0.00,3,1.23,0,0,run0 measure
2026-08-19T19:30:57.179,144,RAD,any,2,24.28,26.78,108.1,35.2,559,30.69,1.50,0.48,9,0.81,0,0,run0 measure
2026-08-19T19:30:57.179,144,RAD,any,2,24.28,26.78,42.4,84.8,555,31.57,0.00,0.00,3,1.23,0,0,run0 measure
2026-08-19T19:30:57.307,145,RAD,any,2,24.28,26.78,111.0,35.3,591,30.60,1.33,0.49,13,0.80,0,0,run0 measure
2026-08-19T19:30:57.307,145,RAD,any,2,24.28,26.78,42.3,84.8,555,31.57,0.00,0.00,3,1.24,0,0,run0 measure
2026-08-19T19:30:57.401,146,RAD,any,2,24.28,26.78,113.9,35.5,636,30.47,1.22,0.51,9,0.82,0,0,run0 measure
2026-08-19T19:30:57.401,146,RAD,any,2,24.28,26.78,42.4,84.8,556,31.55,0.00,0.00,3,1.24,0,0,run0 measure
2026-08-19T19:30:57.532,147,RAD,any,2,24.28,26.78,117.2,35.6,675,30.60,1.03,0.51,14,0.84,0,0,run0 measure
2026-08-19T19:30:57.532,147,RAD,any,2,24.28,26.78,42.4,84.8,556,31.55,0.00,0.00,3,1.24,0,0,run0 measure
2026-08-19T19:30:57.660,148,RAD,any,2,24.28,26.78,120.6,35.5,693,30.58,0.95,0.51,15,0.85,0,0,run0 measure
2026-08-19T19:30:57.660,148,RAD,any,2,24.28,26.78,42.4,84.8,556,31.57,0.00,0.00,3,1.24,0,0,run0 measure
2026-08-19T19:30:57.757,149,RAD,any,2,24.28,26.78,123.2,35.2,701,30.85,0.97,0.56,15,0.89,0,0,run0 measure
2026-08-19T19:30:57.757,149,RAD,any,2,24.28,26.78,42.4,84.7,556,31.57,0.00,0.00,3,1.23,0,0,run0 measure
2026-08-19T19:30:57.880,150,RAD,any,2,24.28,26.78,124.4,34.7,728,31.61,1.00,0.63,10,0.93,0,0,run0 measure
2026-08-19T19:30:57.880,150,RAD,any,2,24.28,26.78,42.4,84.8,557,31.57,0.00,0.00,3,1.24,0,0,run0 measure
2026-08-19T19:30:57.975,151,RAD,any,2,24.28,26.78,124.3,34.3,733,31.76,1.12,0.60,10,0.99,0,0,run0 measure
2026-08-19T19:30:57.975,151,RAD,any,2,24.28,26.78,42.4,84.8,557,31.57,0.00,0.00,3,1.24,0,0,run0 measure
2026-08-19T19:30:58.108,152,RAD,any,2,24.28,26.78,123.3,33.8,779,31.85,1.15,0.62,7,1.03,0,0,run0 measure
2026-08-19T19:30:58.108,152,RAD,any,2,24.28,26.78,42.4,84.7,560,31.61,0.00,0.00,3,1.24,0,0,run0 measure
2026-08-19T19:30:58.203,153,RAD,any,2,24.30,26.80,122.0,33.4,830,32.17,1.21,0.63,6,1.08,0,0,run0 measure
2026-08-19T19:30:58.203,153,RAD,any,2,24.30,26.80,42.4,84.7,561,31.70,0.00,0.00,3,1.25,0,0,run0 measure
2026-08-19T19:30:58.332,154,RAD,any,2,24.30,26.80,120.9,32.7,839,32.26,1.21,0.64,7,1.11,0,0,run0 measure
2026-08-19T19:30:58.332,154,RAD,any,2,24.30,26.80,42.4,84.7,561,31.70,0.00,0.00,3,1.25,0,0,run0 measure
2026-08-19T19:30:58.456,155,RAD,any,2,24.30,26.80,120.0,32.5,849,32.41,1.24,0.63,5,1.12,0,0,run0 measure
2026-08-19T19:30:58.456,155,RAD,any,2,24.30,26.80,42.3,84.8,563,31.68,0.00,0.00,3,1.26,0,0,run0 measure
2026-08-19T19:30:58.553,156,RAD,any,2,24.30,26.80,119.5,32.4,845,32.41,1.28,0.64,4,1.12,0,0,run0 measure
2026-08-19T19:30:58.553,156,RAD,any,2,24.30,26.80,42.3,84.8,562,31.68,0.00,0.00,3,1.26,0,0,run0 measure
2026-08-19T19:30:58.684,157,RAD,any,2,24.30,26.80,119.4,32.5,839,32.41,1.28,0.64,6,1.12,0,0,run0 measure
2026-08-19T19:30:58.684,157,RAD,any,2,24.30,26.80,42.3,84.8,562,31.68,0.00,0.00,3,1.25,0,0,run0 measure
2026-08-19T19:30:58.779,158,RAD,any,2,24.28,26.78,119.5,32.8,837,32.41,1.32,0.66,5,1.12,0,0,run0 measure
2026-08-19T19:30:58.779,158,RAD,any,2,24.28,26.78,42.3,84.8,562,31.63,0.00,0.00,3,1.25,0,0,run0 measure
2026-08-19T19:30:58.908,159,RAD,any,2,24.28,26.78,119.8,32.8,838,32.35,1.39,0.63,6,1.12,0,0,run0 measure
2026-08-19T19:30:58.908,159,RAD,any,2,24.28,26.78,42.3,84.8,556,31.63,0.00,0.00,3,1.24,0,0,run0 measure
2026-08-19T19:30:59.002,160,RAD,any,2,24.28,26.78,120.0,32.9,836,32.13,1.29,0.67,6,1.11,0,0,run0 measure
2026-08-19T19:30:59.002,160,RAD,any,2,24.28,26.78,42.3,84.8,554,31.63,0.00,0.00,3,1.24,0,0,run0 measure
2026-08-19T19:30:59.131,161,RAD,any,2,24.28,26.78,120.1,33.0,837,32.15,1.25,0.65,5,1.11,0,0,run0 measure
2026-08-19T19:30:59.131,161,RAD,any,2,24.28,26.78,42.3,84.8,555,31.63,0.00,0.00,3,1.24,0,0,run0 measure
2026-08-19T19:30:59.227,162,RAD,any,2,24.28,26.78,120.2,33.1,851,32.19,1.32,0.67,5,1.11,0,0,run0 measure
2026-08-19T19:30:59.227,162,RAD,any,2,24.28,26.78,42.3,84.8,555,31.63,0.00,0.00,3,1.24,0,0,run0 measure
2026-08-19T19:30:59.355,163,RAD,any,2,24.28,26.78,120.2,33.2,850,32.19,1.28,0.65,5,1.11,0,0,run0 measure
2026-08-19T19:30:59.355,163,RAD,any,2,24.28,26.78,42.3,84.8,555,31.63,0.00,0.00,3,1.24,0,0,run0 measure
2026-08-19T19:30:59.484,164,RAD,any,1,24.30,26.80,120.3,33.4,851,32.22,1.34,0.62,5,1.11,0,0,run0 measure
2026-08-19T19:30:59.581,165,RAD,any,1,24.28,26.78,120.6,33.5,824,32.22,1.31,0.61,5,1.10,0,0,run0 measure
2026-08-19T19:30:59.706,166,RAD,any,1,24.28,26.78,120.8,33.3,813,32.41,1.25,0.64,4,1.09,0,0,run0 measure
2026-08-19T19:30:59.802,167,RAD,any,1,24.28,26.78,121.0,33.3,816,32.39,1.29,0.66,5,1.09,0,0,run0 measure
2026-08-19T19:30:59.931,168,RAD,any,1,24.28,26.78,121.1,33.3,814,32.30,1.29,0.66,5,1.08,0,0,run0 measure
2026-08-19T19:31:00.029,169,RAD,any,1,24.25,26.75,121.2,33.5,808,32.28,1.29,0.65,5,1.10,0,0,run0 measure
2026-08-19T19:31:00.155,170,RAD,any,1,24.25,26.75,121.3,33.5,775,32.54,1.29,0.62,4,1.10,0,0,run0 measure
2026-08-19T19:31:00.280,171,RAD,any,1,24.30,26.80,120.9,33.9,784,32.26,1.28,0.60,5,1.10,0,0,run0 measure
2026-08-19T19:31:00.378,172,RAD,any,1,24.28,26.78,120.5,33.8,673,32.24,1.28,0.51,5,1.01,0,0,run0 measure
2026-08-19T19:31:00.509,173,RAD,any,1,24.28,26.78,119.1,33.5,638,32.28,1.24,0.47,5,0.99,0,0,run0 measure
2026-08-19T19:31:00.604,174,RAD,any,1,24.28,26.78,116.6,32.8,647,31.98,1.47,0.49,8,0.96,0,0,run0 measure
2026-08-19T19:31:00.731,175,RAD,any,1,24.28,26.78,114.1,31.2,614,31.74,1.80,0.55,8,0.95,0,0,run0 measure
2026-08-19T19:31:00.827,176,RAD,any,1,24.25,26.75,111.8,30.0,604,31.81,2.04,0.56,10,0.91,0,0,run0 measure
2026-08-19T19:31:00.955,177,RAD,any,1,24.25,26.75,109.5,29.3,575,31.55,2.18,0.54,12,0.88,0,0,run0 measure
2026-08-19T19:31:01.053,178,RAD,any,1,24.23,26.73,107.4,28.4,553,31.41,2.18,0.52,10,0.86,0,0,run0 measure
2026-08-19T19:31:01.180,179,RAD,any,1,24.23,26.73,105.6,27.4,532,30.71,2.25,0.59,15,0.82,0,0,run0 measure
2026-08-19T19:31:01.310,180,RAD,any,1,24.18,26.68,103.5,26.9,525,30.43,2.30,0.57,16,0.82,0,0,run0 measure
2026-08-19T19:31:01.404,181,RAD,any,1,24.16,26.66,101.1,27.1,516,30.39,2.32,0.62,13,0.81,0,0,run0 measure
2026-08-19T19:31:01.531,182,RAD,any,1,24.16,26.66,98.4,27.3,525,30.32,2.37,0.61,12,0.82,0,0,run0 measure
2026-08-19T19:31:01.631,183,RAD,any,1,24.16,26.66,95.7,27.6,548,30.25,2.30,0.60,10,0.81,0,0,run0 measure
2026-08-19T19:31:01.754,184,RAD,any,2,24.16,26.66,93.2,27.8,557,30.41,2.56,0.67,12,0.84,0,0,run0 measure
2026-08-19T19:31:01.754,184,RAD,any,2,24.16,26.66,42.4,84.9,541,31.37,0.00,0.00,3,1.21,0,0,run0 measure
2026-08-19T19:31:01.855,185,RAD,any,2,24.16,26.66,90.9,27.7,547,30.47,2.42,0.63,13,0.83,0,0,run0 measure
2026-08-19T19:31:01.855,185,RAD,any,2,24.16,26.66,42.3,85.0,540,31.37,0.00,0.00,3,1.21,0,0,run0 measure
2026-08-19T19:31:01.979,186,RAD,any,2,24.16,26.66,88.9,27.1,529,30.43,2.56,0.64,11,0.84,0,0,run0 measure
2026-08-19T19:31:01.979,186,RAD,any,2,24.16,26.66,42.3,85.0,542,31.57,0.00,0.00,3,1.24,0,0,run0 measure
2026-08-19T19:31:02.104,187,RAD,any,2,24.18,26.68,87.0,26.4,546,30.71,2.58,0.59,10,0.86,0,0,run0 measure
2026-08-19T19:31:02.104,187,RAD,any,2,24.18,26.68,42.3,85.0,542,31.57,0.00,0.00,3,1.24,0,0,run0 measure
2026-08-19T19:31:02.200,188,RAD,any,2,24.18,26.68,85.1,26.0,564,30.91,2.78,0.63,8,0.88,0,0,run0 measure
2026-08-19T19:31:02.200,188,RAD,any,2,24.18,26.68,42.3,85.0,543,31.57,0.00,0.00,3,1.24,0,0,run0 measure
2026-08-19T19:31:02.334,189,RAD,any,1,24.23,26.73,82.9,24.9,574,30.67,2.68,0.59,9,0.87,0,0,run0 measure
2026-08-19T19:31:02.425,190,RAD,any,0,24.21,26.71,,,,,,,,,,,run0 measure
2026-08-19T19:31:02.551,191,RAD,any,0,24.21,26.71,,,,,,,,,,,run0 measure
2026-08-19T19:31:02.647,192,RAD,any,1,24.18,26.68,58.7,53.5,1090,31.57,0.00,0.00,9,1.14,0,0,run0 measure
2026-08-19T19:31:02.777,193,RAD,any,1,24.21,26.71,57.4,53.4,1085,31.57,0.00,0.00,11,1.14,0,0,run0 measure
2026-08-19T19:31:02.873,194,RAD,any,1,24.23,26.73,56.0,53.6,1075,31.57,0.00,0.00,9,1.15,0,0,run0 measure
2026-08-19T19:31:03.000,195,RAD,any,1,24.23,26.73,54.8,53.6,1071,31.50,0.00,0.00,9,1.14,0,0,run0 measure
2026-08-19T19:31:03.130,196,RAD,any,1,24.21,26.71,53.8,53.6,1064,31.50,0.00,0.00,9,1.15,0,0,run0 measure
2026-08-19T19:31:03.227,197,RAD,any,0,24.21,26.71,,,,,,,,,,,run0 measure
2026-08-19T19:31:03.352,198,RAD,any,0,24.18,26.68,,,,,,,,,,,run0 measure
2026-08-19T19:31:03.450,199,RAD,any,1,24.16,26.66,58.1,20.3,504,31.30,1.56,0.44,5,0.96,0,0,run0 measure
2026-08-19T19:31:03.578,200,RAD,any,1,24.18,26.68,54.5,20.5,513,31.15,1.48,0.41,9,0.92,0,0,run0 measure
2026-08-19T19:31:03.676,201,RAD,any,1,24.16,26.66,51.1,21.0,506,31.17,0.00,0.00,8,1.02,0,0,run0 measure
2026-08-19T19:31:03.805,202,RAD,any,1,24.16,26.66,48.7,21.6,514,31.33,1.52,0.40,5,0.91,0,0,run0 measure
2026-08-19T19:31:03.896,203,RAD,any,1,24.16,26.66,46.1,21.2,463,31.41,1.63,0.39,6,0.91,0,0,run0 measure
2026-08-19T19:31:04.026,204,RAD,any,1,24.16,26.66,44.4,21.9,460,31.17,1.43,0.36,6,0.90,0,0,run0 measure
2026-08-19T19:31:04.153,205,RAD,any,1,24.21,26.71,42.2,21.9,476,31.00,1.34,0.35,7,0.89,0,0,run0 measure
2026-08-19T19:31:04.249,206,RAD,any,1,24.23,26.73,40.2,22.2,477,31.04,1.18,0.35,8,0.87,0,0,run0 measure
2026-08-19T19:31:04.376,207,RAD,any,1,24.23,26.73,37.7,21.8,492,31.26,1.11,0.36,8,0.87,0,0,run0 measure
2026-08-19T19:31:04.475,208,RAD,any,1,24.25,26.75,35.3,21.1,504,31.30,1.08,0.34,7,0.90,0,0,run0 measure
2026-08-19T19:31:04.601,209,RAD,any,1,24.23,26.73,33.6,20.5,498,31.50,1.00,0.34,7,0.93,0,0,run0 measure
2026-08-19T19:31:04.699,210,RAD,any,1,24.23,26.73,32.3,20.1,537,31.41,0.94,0.44,9,0.93,0,0,run0 measure
2026-08-19T19:31:04.827,211,RAD,any,1,24.21,26.71,32.6,21.0,622,31.89,1.00,0.51,3,1.05,0,0,run0 measure
2026-08-19T19:31:04.953,212,RAD,any,1,24.21,26.71,33.8,22.0,730,31.85,1.16,0.65,4,1.15,0,0,run0 measure
2026-08-19T19:31:05.052,213,RAD,any,1,24.21,26.71,34.8,21.9,700,31.96,1.20,0.65,6,1.12,0,0,run0 measure
2026-08-19T19:31:05.178,214,RAD,any,1,24.21,26.71,36.9,21.8,741,32.04,1.38,0.64,4,1.16,0,0,run0 measure
2026-08-19T19:31:05.275,215,RAD,any,1,24.21,26.71,38.8,20.8,692,31.68,1.45,0.57,4,1.08,0,0,run0 measure
2026-08-19T19:31:05.401,216,RAD,any,1,24.21,26.71,40.7,19.1,628,31.91,1.32,0.61,3,0.99,0,0,run0 measure
2026-08-19T19:31:05.496,217,RAD,any,1,24.21,26.71,42.3,18.2,642,31.94,1.36,0.60,4,0.98,0,0,run0 measure
2026-08-19T19:31:05.627,218,RAD,any,1,24.16,26.66,43.4,18.1,600,31.37,1.50,0.59,7,0.92,0,0,run0 measure
2026-08-19T19:31:05.723,219,RAD,any,1,24.14,26.64,44.4,18.5,568,31.13,1.50,0.56,11,0.82,0,0,run0 measure
2026-08-19T19:31:05.852,220,RAD,any,1,24.14,26.64,45.6,19.3,554,30.60,1.67,0.58,12,0.80,0,0,run0 measure
2026-08-19T19:31:05.977,221,RAD,any,1,24.14,26.64,47.2,21.0,560,30.21,1.75,0.56,14,0.83,0,0,run0 measure
2026-08-19T19:31:06.073,222,RAD,any,1,24.14,26.64,49.0,22.4,552,30.43,1.71,0.56,13,0.79,0,0,run0 measure
2026-08-19T19:31:06.204,223,RAD,any,1,24.14,26.64,51.1,23.7,561,30.39,1.71,0.57,14,0.82,0,0,run0 measure
2026-08-19T19:31:06.298,224,RAD,any,0,24.16,26.66,,,,,,,,,,,run0 measure
2026-08-19T19:31:06.424,225,RAD,any,0,24.16,26.66,,,,,,,,,,,run0 measure
2026-08-19T19:31:06.521,226,RAD,any,1,24.14,26.64,50.3,53.6,1128,31.39,0.00,0.00,10,1.16,0,0,run0 measure
2026-08-19T19:31:06.649,227,RAD,any,1,24.14,26.64,51.5,53.8,1118,31.39,0.00,0.00,8,1.17,0,0,run0 measure
2026-08-19T19:31:06.778,228,RAD,any,1,24.14,26.64,53.1,53.7,1121,31.39,0.00,0.00,10,1.16,0,0,run0 measure
2026-08-19T19:31:06.872,229,RAD,any,1,24.14,26.64,54.9,53.8,1110,31.39,0.00,0.00,9,1.15,0,0,run0 measure
2026-08-19T19:31:07.003,230,RAD,any,1,24.11,26.61,57.2,53.4,1116,31.39,0.00,0.00,9,1.15,0,0,run0 measure
2026-08-19T19:31:07.094,231,RAD,any,1,24.11,26.61,59.5,52.5,1131,31.39,0.00,0.00,8,1.15,0,0,run0 measure
2026-08-19T19:31:07.225,232,RAD,any,1,24.11,26.61,61.2,52.5,1119,31.39,0.00,0.00,10,1.16,0,0,run0 measure
2026-08-19T19:31:07.321,233,RAD,any,1,24.11,26.61,62.2,53.3,1086,31.39,0.00,0.00,9,1.15,0,0,run0 measure
2026-08-19T19:31:07.449,234,RAD,any,1,24.11,26.61,62.4,54.6,1028,31.39,0.00,0.00,9,1.12,0,0,run0 measure
2026-08-19T19:31:07.545,235,RAD,any,0,24.11,26.61,,,,,,,,,,,run0 measure
2026-08-19T19:31:07.675,236,RAD,any,0,24.11,26.61,,,,,,,,,,,run0 measure
2026-08-19T19:31:07.801,237,RAD,any,1,24.11,26.61,88.9,28.5,473,30.60,2.10,0.51,10,0.81,0,0,run0 measure
2026-08-19T19:31:07.899,238,RAD,any,1,24.09,26.59,91.5,30.0,447,30.47,2.05,0.45,12,0.79,0,0,run0 measure
2026-08-19T19:31:08.026,239,RAD,any,1,24.09,26.59,93.8,31.7,469,30.52,2.00,0.48,9,0.81,0,0,run0 measure
2026-08-19T19:31:08.124,240,RAD,any,1,24.09,26.59,96.1,32.5,466,30.76,1.91,0.46,8,0.81,0,0,run0 measure
2026-08-19T19:31:08.248,241,RAD,any,1,24.09,26.59,98.1,33.2,460,30.67,1.75,0.46,10,0.80,0,0,run0 measure
2026-08-19T19:31:08.345,242,RAD,any,1,24.04,26.54,100.3,33.5,458,30.71,1.68,0.44,11,0.80,0,0,run0 measure
2026-08-19T19:31:08.477,243,RAD,any,2,24.02,26.52,102.8,33.8,449,30.52,1.52,0.41,11,0.79,0,0,run0 measure
2026-08-19T19:31:08.477,243,RAD,any,2,24.02,26.52,42.1,85.8,501,31.26,0.00,0.00,5,1.19,0,0,run0 measure
2026-08-19T19:31:08.601,244,RAD,any,2,24.02,26.52,105.8,33.5,478,30.52,1.34,0.42,10,0.81,0,0,run0 measure
2026-08-19T19:31:08.601,244,RAD,any,2,24.02,26.52,42.1,85.8,502,31.26,0.00,0.00,4,1.19,0,0,run0 measure
2026-08-19T19:31:08.701,245,RAD,any,2,24.00,26.50,109.0,33.2,453,30.52,1.26,0.37,10,0.79,0,0,run0 measure
2026-08-19T19:31:08.701,245,RAD,any,2,24.00,26.50,42.1,85.9,499,31.24,0.00,0.00,4,1.19,0,0,run0 measure
2026-08-19T19:31:08.826,246,RAD,any,2,24.00,26.50,112.1,32.9,548,30.41,1.15,0.41,10,0.83,0,0,run0 measure
2026-08-19T19:31:08.826,246,RAD,any,2,24.00,26.50,42.1,85.9,499,31.24,0.00,0.00,4,1.19,0,0,run0 measure
2026-08-19T19:31:08.921,247,RAD,any,2,24.00,26.50,114.5,32.2,535,30.52,1.11,0.39,11,0.80,0,0,run0 measure
2026-08-19T19:31:08.921,247,RAD,any,2,24.00,26.50,42.1,85.9,496,31.24,0.00,0.00,4,1.19,0,0,run0 measure
2026-08-19T19:31:09.052,248,RAD,any,2,24.00,26.50,116.1,31.8,554,30.25,1.09,0.44,13,0.80,0,0,run0 measure
2026-08-19T19:31:09.052,248,RAD,any,2,24.00,26.50,42.1,86.0,493,31.24,0.00,0.00,4,1.18,0,0,run0 measure
2026-08-19T19:31:09.149,249,RAD,any,2,23.98,26.48,117.2,31.5,540,30.21,1.03,0.48,14,0.78,0,0,run0 measure
2026-08-19T19:31:09.149,249,RAD,any,2,23.98,26.48,42.0,86.2,491,31.28,0.00,0.00,4,1.18,0,0,run0 measure
2026-08-19T19:31:09.276,250,RAD,any,2,23.98,26.48,117.8,31.2,564,30.10,1.00,0.55,13,0.78,0,0,run0 measure
2026-08-19T19:31:09.276,250,RAD,any,2,23.98,26.48,42.0,86.2,490,31.26,0.00,0.00,4,1.18,0,0,run0 measure
2026-08-19T19:31:09.375,251,RAD,any,2,23.93,26.43,118.0,30.9,583,30.60,0.94,0.57,14,0.84,0,0,run0 measure
2026-08-19T19:31:09.375,251,RAD,any,2,23.93,26.43,40.3,89.3,410,31.20,1.29,0.72,3,1.04,0,0,run0 measure
2026-08-19T19:31:09.499,252,RAD,any,2,23.91,26.41,117.2,30.9,580,31.26,1.00,0.53,9,0.87,0,0,run0 measure
2026-08-19T19:31:09.499,252,RAD,any,2,23.91,26.41,39.7,90.6,410,31.20,1.29,0.72,3,1.04,0,0,run0 measure
2026-08-19T19:31:09.626,253,RAD,any,2,23.93,26.43,115.9,30.5,646,31.72,1.06,0.56,6,0.95,0,0,run0 measure
2026-08-19T19:31:09.626,253,RAD,any,2,23.93,26.43,39.5,90.9,410,31.17,1.29,0.72,3,1.04,0,0,run0 measure
2026-08-19T19:31:09.725,254,RAD,any,2,23.91,26.41,113.8,30.3,679,31.98,1.16,0.57,7,1.01,0,0,run0 measure
2026-08-19T19:31:09.725,254,RAD,any,2,23.91,26.41,39.6,90.8,409,31.20,1.29,0.72,3,1.04,0,0,run0 measure
2026-08-19T19:31:09.849,255,RAD,any,1,23.93,26.43,41.2,87.8,483,31.20,0.00,0.00,3,1.17,0,0,run0 measure
2026-08-19T19:31:09.946,256,RAD,any,1,23.91,26.41,41.8,86.6,482,31.20,0.00,0.00,4,1.17,0,0,run0 measure
2026-08-19T19:31:10.073,257,RAD,any,1,23.91,26.41,40.5,89.1,410,31.20,1.33,0.70,4,1.06,0,0,run0 measure
2026-08-19T19:31:10.167,258,RAD,any,1,23.88,26.38,39.8,90.3,410,31.20,1.33,0.70,4,1.06,0,0,run0 measure
2026-08-19T19:31:10.298,259,RAD,any,1,23.88,26.38,107.8,26.6,536,31.91,1.88,0.50,3,1.00,0,0,run0 measure
2026-08-19T19:31:10.393,260,RAD,any,1,23.91,26.41,106.3,26.4,540,31.59,2.09,0.53,4,0.99,0,0,run0 measure
2026-08-19T19:31:10.522,261,RAD,any,2,23.91,26.41,104.5,26.9,487,31.59,2.37,0.57,5,0.99,0,0,run0 measure
2026-08-19T19:31:10.522,261,RAD,any,2,23.91,26.41,41.6,86.9,479,31.20,0.00,0.00,3,1.17,0,0,run0 measure
2026-08-19T19:31:10.652,262,RAD,any,2,23.91,26.41,102.4,27.4,472,31.33,2.42,0.54,8,0.97,0,0,run0 measure
2026-08-19T19:31:10.652,262,RAD,any,2,23.91,26.41,41.9,86.5,477,31.20,0.00,0.00,3,1.16,0,0,run0 measure
2026-08-19T19:31:10.750,263,RAD,any,2,23.91,26.41,99.7,28.4,468,31.26,2.37,0.55,7,0.98,0,0,run0 measure
2026-08-19T19:31:10.750,263,RAD,any,2,23.91,26.41,40.5,89.2,408,31.20,1.33,0.69,4,1.06,0,0,run0 measure
2026-08-19T19:31:10.877,264,RAD,any,2,23.91,26.41,96.4,28.7,477,31.11,0.00,0.00,7,0.97,0,0,run0 measure
2026-08-19T19:31:10.877,264,RAD,any,2,23.91,26.41,41.3,87.6,479,31.20,0.00,0.00,3,1.17,0,0,run0 measure
2026-08-19T19:31:10.974,265,RAD,any,2,23.91,26.41,93.0,29.0,479,31.20,0.00,0.00,8,0.97,0,0,run0 measure
2026-08-19T19:31:10.974,265,RAD,any,2,23.91,26.41,41.8,86.8,478,31.20,0.00,0.00,3,1.17,0,0,run0 measure
2026-08-19T19:31:11.097,266,RAD,any,2,23.88,26.38,90.1,28.9,476,31.37,2.50,0.59,10,0.99,0,0,run0 measure
2026-08-19T19:31:11.097,266,RAD,any,2,23.88,26.38,41.9,86.5,478,31.17,0.00,0.00,3,1.17,0,0,run0 measure
2026-08-19T19:31:11.192,267,RAD,any,1,23.88,26.38,87.4,28.5,485,31.26,2.37,0.57,7,0.97,0,0,run0 measure
2026-08-19T19:31:11.323,268,RAD,any,1,23.88,26.38,84.5,27.3,495,31.20,2.25,0.55,8,1.01,0,0,run0 measure
2026-08-19T19:31:11.449,269,RAD,any,0,23.88,26.38,,,,,,,,,,,run0 measure
2026-08-19T19:31:11.544,270,RAD,any,0,23.88,26.38,,,,,,,,,,,run0 measure
2026-08-19T19:31:11.675,271,RAD,any,1,23.88,26.38,74.8,24.7,525,31.46,2.17,0.46,6,0.94,0,0,run0 measure
2026-08-19T19:31:11.769,272,RAD,any,1,23.86,26.36,71.6,23.2,512,31.20,2.22,0.44,7,0.91,0,0,run0 measure
2026-08-19T19:31:11.900,273,RAD,any,1,23.86,26.36,68.6,22.3,501,31.20,2.23,0.46,9,0.91,0,0,run0 measure
2026-08-19T19:31:11.995,274,RAD,any,1,23.86,26.36,66.3,21.7,491,30.82,2.09,0.44,7,0.89,0,0,run0 measure
2026-08-19T19:31:12.125,275,RAD,any,1,23.86,26.36,64.3,21.2,493,30.74,2.09,0.45,9,0.89,0,0,run0 measure
2026-08-19T19:31:12.218,276,RAD,any,1,23.88,26.38,62.1,20.6,469,30.80,1.92,0.42,9,0.89,0,0,run0 measure
2026-08-19T19:31:12.346,277,RAD,any,1,23.86,26.36,60.2,21.7,417,30.95,1.88,0.39,7,0.88,0,0,run0 measure
2026-08-19T19:31:12.471,278,RAD,any,1,23.86,26.36,57.7,22.8,435,30.89,1.83,0.45,6,0.92,0,0,run0 measure
2026-08-19T19:31:12.568,279,RAD,any,1,23.86,26.36,55.9,24.7,452,30.43,1.71,0.46,10,0.87,0,0,run0 measure
2026-08-19T19:31:12.699,280,RAD,any,1,23.86,26.36,54.5,26.6,458,30.43,1.71,0.47,10,0.88,0,0,run0 measure
2026-08-19T19:31:12.793,281,RAD,any,1,23.86,26.36,53.4,27.5,450,30.60,1.60,0.45,9,0.86,0,0,run0 measure
2026-08-19T19:31:12.923,282,RAD,any,1,23.86,26.36,52.4,27.9,455,30.39,1.54,0.44,9,0.88,0,0,run0 measure
2026-08-19T19:31:13.017,283,RAD,any,1,23.86,26.36,51.8,28.7,437,30.39,1.48,0.40,9,0.83,0,0,run0 measure
2026-08-19T19:31:13.147,284,RAD,any,1,23.86,26.36,50.9,29.2,399,30.21,1.39,0.37,12,0.80,0,0,run0 measure
2026-08-19T19:31:13.275,285,RAD,any,1,23.84,26.34,49.1,28.5,427,30.14,1.34,0.38,12,0.82,0,0,run0 measure
2026-08-19T19:31:13.370,286,RAD,any,1,23.84,26.34,46.8,27.4,427,30.69,1.31,0.39,9,0.80,0,0,run0 measure
2026-08-19T19:31:13.496,287,RAD,any,1,23.81,26.31,44.3,26.5,438,30.74,1.30,0.37,10,0.82,0,0,run0 measure
2026-08-19T19:31:13.593,288,RAD,any,1,23.81,26.31,41.9,26.0,457,30.85,1.23,0.39,10,0.83,0,0,run0 measure
2026-08-19T19:31:13.725,289,RAD,any,1,23.81,26.31,39.6,25.5,457,31.09,1.13,0.42,12,0.82,0,0,run0 measure
2026-08-19T19:31:13.818,290,RAD,any,1,23.81,26.31,37.9,25.4,488,31.15,1.06,0.45,9,0.84,0,0,run0 measure
2026-08-19T19:31:13.946,291,RAD,any,1,23.81,26.31,36.4,25.1,479,31.17,0.97,0.52,8,0.85,0,0,run0 measure
2026-08-19T19:31:14.041,292,RAD,any,1,23.79,26.29,35.8,25.1,493,31.39,0.94,0.51,6,0.86,0,0,run0 measure
2026-08-19T19:31:14.170,293,RAD,any,1,23.81,26.31,35.5,25.1,497,31.61,0.88,0.52,5,0.90,0,0,run0 measure
2026-08-19T19:31:14.297,294,RAD,any,1,23.81,26.31,35.5,25.2,497,31.70,0.82,0.52,3,0.89,0,0,run0 measure
2026-08-19T19:31:14.394,295,RAD,any,1,23.81,26.31,35.7,25.5,492,31.68,0.82,0.52,5,0.91,0,0,run0 measure
2026-08-19T19:31:14.524,296,RAD,any,0,23.79,26.29,,,,,,,,,,,run0 measure
2026-08-19T19:31:14.619,297,RAD,any,0,23.79,26.29,,,,,,,,,,,run0 measure
2026-08-19T19:31:14.744,298,RAD,any,1,23.77,26.27,39.7,25.1,547,31.70,1.03,0.52,4,0.92,0,0,run0 measure
2026-08-19T19:31:14.841,299,RAD,any,1,23.72,26.22,43.3,25.4,601,31.65,1.17,0.57,4,1.06,0,0,run0 measure
2026-08-19T19:31:14.971,300,RAD,any,2,23.72,26.22,47.2,24.6,614,31.33,1.27,0.54,6,1.00,0,0,run0 measure
2026-08-19T19:31:14.971,300,RAD,any,2,23.72,26.22,39.9,90.4,398,31.00,1.35,0.74,3,1.02,0,0,run0 measure
2026-08-19T19:31:15.099,301,RAD,any,2,23.72,26.22,51.4,23.4,590,31.20,1.46,0.51,7,0.89,0,0,run0 measure
2026-08-19T19:31:15.099,301,RAD,any,2,23.72,26.22,39.9,90.4,399,31.00,1.35,0.74,3,1.02,0,0,run0 measure
2026-08-19T19:31:15.194,302,RAD,any,2,23.72,26.22,55.0,21.8,566,30.91,1.67,0.47,9,0.87,0,0,run0 measure
2026-08-19T19:31:15.194,302,RAD,any,2,23.72,26.22,39.9,90.5,397,30.98,1.35,0.74,3,1.01,0,0,run0 measure
2026-08-19T19:31:15.320,303,RAD,any,2,23.70,26.20,57.6,21.5,537,30.30,1.88,0.46,16,0.80,0,0,run0 measure
2026-08-19T19:31:15.320,303,RAD,any,2,23.70,26.20,39.9,90.5,396,30.98,1.35,0.73,3,1.01,0,0,run0 measure
2026-08-19T19:31:15.417,304,RAD,any,2,23.67,26.17,59.2,21.7,489,30.23,2.18,0.46,10,0.77,0,0,run0 measure
2026-08-19T19:31:15.417,304,RAD,any,2,23.67,26.17,39.9,90.5,397,30.91,1.35,0.74,3,1.01,0,0,run0 measure
2026-08-19T19:31:15.545,305,RAD,any,1,23.67,26.17,60.9,22.5,436,30.30,2.24,0.44,11,0.76,0,0,run0 measure
2026-08-19T19:31:15.642,306,RAD,any,1,23.70,26.20,63.0,24.4,421,30.23,2.35,0.45,9,0.75,0,0,run0 measure
2026-08-19T19:31:15.774,307,RAD,any,1,23.70,26.20,66.0,26.1,393,30.43,2.32,0.47,7,0.76,0,0,run0 measure
2026-08-19T19:31:15.867,308,RAD,any,1,23.67,26.17,69.6,28.4,387,30.21,2.32,0.46,11,0.77,0,0,run0 measure
2026-08-19T19:31:15.993,309,RAD,any,1,23.65,26.15,73.4,30.5,401,30.10,2.05,0.44,10,0.76,0,0,run0 measure
2026-08-19T19:31:16.124,310,RAD,any,1,23.65,26.15,77.4,31.6,404,30.36,2.10,0.44,8,0.81,0,0,run0 measure
2026-08-19T19:31:16.221,311,RAD,any,1,23.67,26.17,80.8,32.1,440,30.25,1.88,0.41,11,0.78,0,0,run0 measure
2026-08-19T19:31:16.349,312,RAD,any,1,23.67,26.17,83.9,32.3,441,30.36,1.69,0.39,11,0.79,0,0,run0 measure
2026-08-19T19:31:16.444,313,RAD,any,1,23.67,26.17,87.1,32.3,444,30.47,1.59,0.38,12,0.79,0,0,run0 measure
2026-08-19T19:31:16.572,314,RAD,any,2,23.65,26.15,90.7,31.9,487,30.14,1.40,0.39,15,0.80,0,0,run0 measure
2026-08-19T19:31:16.572,314,RAD,any,2,23.65,26.15,40.0,90.4,387,30.87,1.35,0.72,3,0.98,0,0,run0 measure
2026-08-19T19:31:16.667,315,RAD,any,2,23.65,26.15,94.5,32.2,491,30.54,1.43,0.38,14,0.82,0,0,run0 measure
2026-08-19T19:31:16.667,315,RAD,any,2,23.65,26.15,40.0,90.4,386,30.87,1.35,0.71,3,0.98,0,0,run0 measure
2026-08-19T19:31:16.794,316,RAD,any,2,23.65,26.15,98.9,32.3,495,30.78,1.37,0.40,8,0.79,0,0,run0 measure
2026-08-19T19:31:16.794,316,RAD,any,2,23.65,26.15,40.0,90.4,386,30.87,1.35,0.71,4,0.98,0,0,run0 measure
2026-08-19T19:31:16.892,317,RAD,any,2,23.62,26.12,103.1,32.0,518,30.54,1.24,0.38,12,0.81,0,0,run0 measure
2026-08-19T19:31:16.892,317,RAD,any,2,23.62,26.12,40.0,90.5,382,30.87,1.30,0.73,3,0.96,0,0,run0 measure
2026-08-19T19:31:17.019,318,RAD,any,1,23.62,26.12,106.2,32.2,488,30.19,1.24,0.36,15,0.79,0,0,run0 measure
2026-08-19T19:31:17.144,319,RAD,any,1,23.60,26.10,108.7,31.9,494,30.08,1.22,0.40,13,0.81,0,0,run0 measure
2026-08-19T19:31:17.243,320,RAD,any,1,23.60,26.10,110.1,31.7,505,29.94,1.12,0.39,14,0.81,0,0,run0 measure
2026-08-19T19:31:17.372,321,RAD,any,1,23.60,26.10,110.8,31.7,512,30.05,1.09,0.43,14,0.78,0,0,run0 measure
2026-08-19T19:31:17.465,322,RAD,any,1,23.60,26.10,111.3,31.9,519,30.30,1.03,0.46,16,0.79,0,0,run0 measure
2026-08-19T19:31:17.594,323,RAD,any,1,23.60,26.10,111.5,31.7,536,30.78,0.97,0.48,14,0.85,0,0,run0 measure
2026-08-19T19:31:17.691,324,RAD,any,1,23.60,26.10,111.3,31.6,533,31.39,1.06,0.46,8,0.91,0,0,run0 measure
2026-08-19T19:31:17.818,325,RAD,any,1,23.58,26.08,110.2,31.5,556,31.46,1.06,0.48,6,0.92,0,0,run0 measure
2026-08-19T19:31:17.945,326,RAD,any,1,23.58,26.08,109.2,31.1,561,31.65,1.12,0.46,6,0.97,0,0,run0 measure
2026-08-19T19:31:18.041,327,RAD,any,1,23.58,26.08,108.4,30.4,538,31.57,1.36,0.51,8,0.98,0,0,run0 measure
2026-08-19T19:31:18.170,328,RAD,any,1,23.58,26.08,106.5,30.0,603,31.68,1.18,0.47,5,1.02,0,0,run0 measure
2026-08-19T19:31:18.266,329,RAD,any,1,23.58,26.08,105.0,29.8,596,31.61,1.22,0.48,7,1.00,0,0,run0 measure
2026-08-19T19:31:18.395,330,RAD,any,1,23.55,26.05,103.6,29.5,608,31.20,1.22,0.49,8,1.03,0,0,run0 measure
2026-08-19T19:31:18.490,331,RAD,any,1,23.55,26.05,102.2,29.0,634,31.35,1.23,0.54,9,1.08,0,0,run0 measure
2026-08-19T19:31:18.618,332,RAD,any,1,23.53,26.03,100.7,29.3,677,31.17,1.11,0.50,12,1.13,0,0,run0 measure
2026-08-19T19:31:18.715,333,RAD,any,1,23.53,26.03,100.8,29.5,670,30.91,0.95,0.40,13,1.12,0,0,run0 measure
2026-08-19T19:31:18.842,334,RAD,any,1,23.53,26.03,100.7,30.9,682,31.35,0.91,0.37,9,1.09,0,0,run0 measure
2026-08-19T19:31:18.971,335,RAD,any,1,23.53,26.03,100.6,32.9,760,31.28,1.16,0.32,9,1.10,0,0,run0 measure
2026-08-19T19:31:19.067,336,RAD,any,1,23.53,26.03,101.4,35.6,727,31.55,1.56,0.28,11,1.09,0,0,run0 measure
2026-08-19T19:31:19.194,337,RAD,any,1,23.53,26.03,102.4,38.2,686,31.57,1.68,0.24,11,1.11,0,0,run0 measure
2026-08-19T19:31:19.292,338,RAD,any,1,23.48,25.98,103.0,39.8,670,31.48,1.75,0.24,8,1.10,0,0,run0 measure
2026-08-19T19:31:19.417,339,RAD,any,1,23.46,25.96,103.4,41.1,599,31.44,1.73,0.22,10,1.05,0,0,run0 measure
2026-08-19T19:31:19.512,340,RAD,any,1,23.46,25.96,103.9,41.5,662,31.37,1.75,0.24,9,1.07,0,0,run0 measure
2026-08-19T19:31:19.641,341,RAD,any,1,23.43,25.93,104.2,42.3,624,31.52,1.71,0.22,11,1.05,0,0,run0 measure
2026-08-19T19:31:19.770,342,RAD,any,1,23.43,25.93,104.6,43.0,660,31.65,1.77,0.23,10,1.07,0,0,run0 measure
2026-08-19T19:31:19.867,343,RAD,any,1,23.43,25.93,105.4,42.7,645,31.20,1.75,0.23,11,1.04,0,0,run0 measure
2026-08-19T19:31:19.991,344,RAD,any,1,23.43,25.93,107.1,39.7,619,31.15,1.35,0.33,7,1.00,0,0,run0 measure
2026-08-19T19:31:20.089,345,RAD,any,1,23.43,25.93,108.7,37.2,626,31.24,1.05,0.43,8,0.98,0,0,run0 measure
2026-08-19T19:31:20.216,346,RAD,any,1,23.43,25.93,110.8,36.2,615,31.22,1.06,0.47,9,0.98,0,0,run0 measure
2026-08-19T19:31:20.316,347,RAD,any,1,23.43,25.93,111.6,35.2,629,31.52,1.26,0.52,10,1.04,0,0,run0 measure
2026-08-19T19:31:20.440,348,RAD,any,1,23.43,25.93,110.9,33.2,611,31.57,1.30,0.52,9,1.01,0,0,run0 measure
2026-08-19T19:31:20.536,349,RAD,any,1,23.41,25.91,110.0,30.0,516,31.30,1.43,0.46,10,0.87,0,0,run0 measure
2026-08-19T19:31:20.667,350,RAD,any,1,23.39,25.89,109.9,27.7,388,31.15,1.74,0.42,7,0.76,0,0,run0 measure
2026-08-19T19:31:20.795,351,RAD,any,1,23.36,25.86,109.3,25.4,368,30.80,1.86,0.41,8,0.74,0,0,run0 measure
2026-08-19T19:31:20.892,352,RAD,any,1,23.36,25.86,108.5,23.7,378,30.74,2.05,0.42,7,0.76,0,0,run0 measure
2026-08-19T19:31:21.020,353,RAD,any,1,23.36,25.86,107.2,22.7,346,29.94,2.32,0.41,10,0.66,0,0,run0 measure
2026-08-19T19:31:21.113,354,RAD,any,1,23.34,25.84,105.4,21.9,342,29.85,2.59,0.46,11,0.67,0,0,run0 measure
2026-08-19T19:31:21.241,355,RAD,any,1,23.34,25.84,103.0,22.4,311,29.52,2.75,0.44,9,0.61,0,0,run0 measure
2026-08-19T19:31:21.339,356,RAD,any,1,23.32,25.82,99.9,22.7,320,29.28,2.53,0.44,12,0.57,0,0,run0 measure
2026-08-19T19:31:21.469,357,RAD,any,2,23.32,25.82,96.9,22.9,318,29.43,2.53,0.44,14,0.61,0,0,run0 measure
2026-08-19T19:31:21.469,357,RAD,any,2,23.32,25.82,40.2,90.4,358,30.69,1.21,0.82,3,0.88,0,0,run0 measure
2026-08-19T19:31:21.565,358,RAD,any,1,23.32,25.82,94.1,21.8,300,29.32,2.29,0.45,9,0.64,0,0,run0 measure
2026-08-19T19:31:21.692,359,RAD,any,2,23.32,25.82,91.4,22.4,308,29.59,2.69,0.45,11,0.65,0,0,run0 measure
2026-08-19T19:31:21.692,359,RAD,any,2,23.32,25.82,40.2,90.4,358,30.69,1.21,0.82,3,0.88,0,0,run0 measure
2026-08-19T19:31:21.819,360,RAD,any,1,23.32,25.82,89.3,22.3,239,29.72,1.67,0.64,8,0.58,0,0,run0 measure
2026-08-19T19:31:21.915,361,RAD,any,1,23.29,25.79,86.7,23.2,252,29.54,2.13,0.53,10,0.58,0,0,run0 measure
2026-08-19T19:31:22.043,362,RAD,any,1,23.29,25.79,82.9,20.0,268,29.65,2.25,0.47,8,0.62,0,0,run0 measure
2026-08-19T19:31:22.142,363,RAD,any,1,23.27,25.77,79.3,19.1,300,29.52,2.56,0.46,13,0.65,0,0,run0 measure
2026-08-19T19:31:22.264,364,RAD,any,1,23.32,25.82,75.5,17.6,318,29.68,2.17,0.45,9,0.68,0,0,run0 measure
2026-08-19T19:31:22.368,365,RAD,any,1,23.29,25.79,71.9,14.3,270,29.59,1.76,0.53,9,0.70,0,0,run0 measure
2026-08-19T19:31:22.486,366,RAD,any,1,23.29,25.79,69.3,15.6,343,29.90,2.21,0.43,12,0.75,0,0,run0 measure
2026-08-19T19:31:22.619,367,RAD,any,1,23.32,25.82,67.1,16.4,347,29.90,2.11,0.46,10,0.79,0,0,run0 measure
2026-08-19T19:31:22.714,368,RAD,any,1,23.29,25.79,65.0,16.3,318,29.99,2.00,0.44,12,0.83,0,0,run0 measure
2026-08-19T19:31:22.841,369,RAD,any,1,23.32,25.82,62.8,16.8,371,29.99,1.68,0.46,10,0.89,0,0,run0 measure
2026-08-19T19:31:22.936,370,RAD,any,1,23.32,25.82,60.5,17.9,317,29.94,1.61,0.37,9,0.81,0,0,run0 measure
2026-08-19T19:31:23.065,371,RAD,any,1,23.34,25.84,57.7,18.4,328,29.88,1.48,0.35,10,0.81,0,0,run0 measure
2026-08-19T19:31:23.160,372,RAD,any,1,23.32,25.82,54.3,19.1,315,29.70,1.46,0.32,11,0.78,0,0,run0 measure
2026-08-19T19:31:23.290,373,RAD,any,1,23.32,25.82,50.7,18.2,246,29.65,1.72,0.44,8,0.73,0,0,run0 measure
2026-08-19T19:31:23.385,374,RAD,any,1,23.32,25.82,48.1,19.6,268,29.72,1.95,0.38,8,0.74,0,0,run0 measure
2026-08-19T19:31:23.512,375,RAD,any,1,23.29,25.79,45.9,19.9,258,29.68,1.95,0.37,9,0.75,0,0,run0 measure
2026-08-19T19:31:23.641,376,RAD,any,1,23.29,25.79,44.2,20.6,265,29.54,1.76,0.34,8,0.72,0,0,run0 measure
2026-08-19T19:31:23.736,377,RAD,any,1,23.32,25.82,42.3,20.4,274,29.48,1.54,0.31,10,0.72,0,0,run0 measure
2026-08-19T19:31:23.865,378,RAD,any,1,23.32,25.82,40.4,20.0,288,29.92,1.40,0.33,9,0.73,0,0,run0 measure
2026-08-19T19:31:23.960,379,RAD,any,1,23.27,25.77,38.0,19.1,294,30.32,1.36,0.35,8,0.76,0,0,run0 measure
2026-08-19T19:31:24.089,380,RAD,any,1,23.29,25.79,35.9,18.7,327,30.76,1.22,0.37,6,0.81,0,0,run0 measure
2026-08-19T19:31:24.183,381,RAD,any,1,23.29,25.79,34.4,18.4,324,31.15,1.15,0.39,3,0.81,0,0,run0 measure
2026-08-19T19:31:24.311,382,RAD,any,1,23.29,25.79,33.4,18.9,380,31.13,0.97,0.47,3,0.85,0,0,run0 measure
2026-08-19T19:31:24.439,383,RAD,any,1,23.29,25.79,33.1,19.6,378,31.13,1.00,0.48,3,0.88,0,0,run0 measure
2026-08-19T19:31:24.537,384,RAD,any,1,23.29,25.79,34.7,20.5,483,31.06,1.03,0.56,4,1.02,0,0,run0 measure
2026-08-19T19:31:24.662,385,RAD,any,1,23.32,25.82,36.9,21.0,476,30.91,1.18,0.52,5,0.98,0,0,run0 measure
2026-08-19T19:31:24.758,386,RAD,any,1,23.29,25.79,40.6,19.3,409,30.69,1.04,0.54,6,0.94,0,0,run0 measure
2026-08-19T19:31:24.886,387,RAD,any,1,23.29,25.79,43.8,18.9,404,30.91,1.37,0.40,3,0.90,0,0,run0 measure
2026-08-19T19:31:24.987,388,RAD,any,1,23.29,25.79,46.6,18.9,402,30.50,1.52,0.42,8,0.82,0,0,run0 measure
2026-08-19T19:31:25.111,389,RAD,any,1,23.27,25.77,48.4,18.9,394,30.41,1.67,0.41,8,0.78,0,0,run0 measure
2026-08-19T19:31:25.209,390,RAD,any,1,23.29,25.79,49.7,19.3,335,29.83,1.82,0.38,12,0.70,0,0,run0 measure
2026-08-19T19:31:25.336,391,RAD,any,1,23.29,25.79,50.9,20.0,296,29.65,2.05,0.36,13,0.66,0,0,run0 measure
2026-08-19T19:31:25.464,392,RAD,any,1,23.32,25.82,52.7,21.6,330,29.68,0.00,0.00,9,0.70,0,0,run0 measure
2026-08-19T19:31:25.560,393,RAD,any,1,23.32,25.82,54.9,23.9,330,29.72,2.05,0.40,14,0.71,0,0,run0 measure
2026-08-19T19:31:25.687,394,RAD,any,1,23.36,25.86,57.8,25.9,367,29.97,1.95,0.43,13,0.76,0,0,run0 measure
2026-08-19T19:31:25.784,395,RAD,any,1,23.36,25.86,60.6,28.0,381,29.85,2.05,0.42,14,0.79,0,0,run0 measure
2026-08-19T19:31:25.912,396,RAD,any,1,23.43,25.93,63.2,29.1,417,30.05,2.05,0.46,13,0.80,0,0,run0 measure
2026-08-19T19:31:26.014,397,RAD,any,1,23.41,25.91,65.2,30.3,385,29.94,1.95,0.41,14,0.82,0,0,run0 measure
2026-08-19T19:31:26.138,398,RAD,any,1,23.41,25.91,67.5,31.0,390,30.19,1.95,0.41,10,0.79,0,0,run0 measure
2026-08-19T19:31:26.266,399,RAD,any,1,23.43,25.93,70.2,31.2,396,30.39,1.95,0.42,10,0.81,0,0,run0 measure
2026-08-19T19:31:26.362,400,RAD,any,1,23.43,25.93,73.5,30.8,359,30.08,1.72,0.33,10,0.76,0,0,run0 measure
2026-08-19T19:31:26.491,401,RAD,any,1,23.46,25.96,77.2,30.0,415,30.14,1.59,0.36,14,0.80,0,0,run0 measure
2026-08-19T19:31:26.585,402,RAD,any,1,23.46,25.96,80.6,29.1,424,30.39,1.54,0.35,9,0.78,0,0,run0 measure
2026-08-19T19:31:26.713,403,RAD,any,1,23.46,25.96,83.8,28.5,457,30.47,1.45,0.38,13,0.79,0,0,run0 measure
2026-08-19T19:31:26.811,404,RAD,any,1,23.48,25.98,85.9,27.8,492,30.54,1.30,0.42,14,0.83,0,0,run0 measure
2026-08-19T19:31:26.941,405,RAD,any,2,23.51,26.01,86.6,28.0,492,30.34,1.23,0.42,14,0.86,0,0,run0 measure
2026-08-19T19:31:26.941,405,RAD,any,2,23.51,26.01,40.1,90.5,371,31.04,1.25,0.74,3,0.96,0,0,run0 measure
2026-08-19T19:31:27.033,406,RAD,any,1,23.55,26.05,86.6,28.6,589,30.85,1.12,0.51,9,1.03,0,0,run0 measure
2026-08-19T19:31:27.160,407,RAD,any,2,23.55,26.05,85.9,30.0,595,30.58,1.12,0.49,12,1.07,0,0,run0 measure
2026-08-19T19:31:27.160,407,RAD,any,2,23.55,26.05,40.1,90.5,374,31.02,1.25,0.75,3,0.95,0,0,run0 measure
2026-08-19T19:31:27.290,408,RAD,any,2,23.51,26.01,84.6,32.7,598,30.80,1.14,0.43,12,1.11,0,0,run0 measure
2026-08-19T19:31:27.290,408,RAD,any,2,23.51,26.01,40.1,90.5,373,30.98,1.32,0.79,3,0.94,0,0,run0 measure
2026-08-19T19:31:27.387,409,RAD,any,2,23.55,26.05,83.7,35.6,676,31.02,1.28,0.41,12,1.21,0,0,run0 measure
2026-08-19T19:31:27.387,409,RAD,any,2,23.55,26.05,40.1,90.4,377,30.98,1.37,0.76,3,0.95,0,0,run0 measure
2026-08-19T19:31:27.514,410,RAD,any,1,23.55,26.05,81.8,37.8,546,31.33,1.36,0.31,10,1.12,0,0,run0 measure
2026-08-19T19:31:27.611,411,RAD,any,1,23.58,26.08,78.0,40.8,407,31.22,2.17,0.35,10,1.20,0,0,run0 measure
2026-08-19T19:31:27.739,412,RAD,any,2,23.55,26.05,76.7,43.2,397,31.17,2.41,0.34,6,1.19,0,0,run0 measure
2026-08-19T19:31:27.739,412,RAD,any,2,23.55,26.05,40.1,90.3,375,30.95,1.37,0.76,3,0.96,0,0,run0 measure
2026-08-19T19:31:27.836,413,RAD,any,1,23.58,26.08,78.3,47.7,461,31.46,2.86,0.33,5,1.27,0,0,run0 measure
2026-08-19T19:31:27.966,414,RAD,any,1,23.58,26.08,85.3,51.4,796,31.33,1.82,0.40,10,1.40,0,0,run0 measure
2026-08-19T19:31:28.059,415,RAD,any,1,23.58,26.08,90.1,54.0,861,31.44,1.70,0.47,7,1.45,0,0,run0 measure
2026-08-19T19:31:28.185,416,RAD,any,2,23.60,26.10,93.3,56.5,827,31.65,0.00,0.00,6,1.55,0,0,run0 measure
2026-08-19T19:31:28.185,416,RAD,any,2,23.60,26.10,40.1,90.4,376,30.95,1.30,0.72,3,0.97,0,0,run0 measure
2026-08-19T19:31:28.316,417,RAD,any,2,23.60,26.10,95.0,58.3,767,31.63,0.00,0.00,6,1.56,0,0,run0 measure
2026-08-19T19:31:28.316,417,RAD,any,2,23.60,26.10,40.1,90.4,379,30.95,1.30,0.73,3,0.98,0,0,run0 measure
2026-08-19T19:31:28.410,418,RAD,any,2,23.58,26.08,95.1,59.8,665,31.68,0.00,0.00,7,1.62,0,0,run0 measure
2026-08-19T19:31:28.410,418,RAD,any,2,23.58,26.08,40.1,90.5,379,30.95,1.30,0.73,3,0.98,0,0,run0 measure
2026-08-19T19:31:28.542,419,RAD,any,2,23.60,26.10,96.1,60.3,747,31.70,0.00,0.00,6,1.65,0,0,run0 measure
2026-08-19T19:31:28.542,419,RAD,any,2,23.60,26.10,40.1,90.5,379,30.93,1.30,0.73,4,0.97,0,0,run0 measure
2026-08-19T19:31:28.637,420,RAD,any,2,23.60,26.10,96.6,60.1,752,31.78,0.00,0.00,7,1.67,0,0,run0 measure
2026-08-19T19:31:28.637,420,RAD,any,2,23.60,26.10,40.1,90.5,380,30.85,1.30,0.73,4,0.98,0,0,run0 measure
2026-08-19T19:31:28.765,421,RAD,any,2,23.62,26.12,97.0,60.1,765,32.02,0.00,0.00,6,1.67,0,0,run0 measure
2026-08-19T19:31:28.765,421,RAD,any,2,23.62,26.12,40.1,90.5,380,31.04,1.30,0.73,4,0.98,0,0,run0 measure
2026-08-19T19:31:28.859,422,RAD,any,2,23.62,26.12,97.6,58.8,827,31.94,0.00,0.00,6,1.65,0,0,run0 measure
2026-08-19T19:31:28.859,422,RAD,any,2,23.62,26.12,40.1,90.5,380,31.02,1.30,0.73,4,0.98,0,0,run0 measure
2026-08-19T19:31:28.988,423,RAD,any,2,23.62,26.12,98.0,57.7,835,31.94,0.00,0.00,7,1.64,0,0,run0 measure
2026-08-19T19:31:28.988,423,RAD,any,2,23.62,26.12,40.1,90.5,380,31.00,1.30,0.73,3,0.98,0,0,run0 measure
2026-08-19T19:31:29.115,424,RAD,any,1,23.65,26.15,98.3,56.5,856,31.72,0.00,0.00,5,1.61,0,0,run0 measure
2026-08-19T19:31:29.212,425,RAD,any,2,23.65,26.15,98.1,55.5,953,31.87,1.23,0.63,6,1.58,0,0,run0 measure
2026-08-19T19:31:29.212,425,RAD,any,2,23.65,26.15,40.1,90.5,380,31.00,1.30,0.73,3,0.98,0,0,run0 measure
2026-08-19T19:31:29.339,426,RAD,any,2,23.65,26.15,97.8,53.8,926,32.11,1.23,0.62,5,1.50,0,0,run0 measure
2026-08-19T19:31:29.339,426,RAD,any,2,23.65,26.15,40.1,90.5,380,30.98,1.30,0.73,3,0.97,0,0,run0 measure
2026-08-19T19:31:29.437,427,RAD,any,2,23.67,26.17,97.0,50.6,944,31.94,1.32,0.62,7,1.46,0,0,run0 measure
2026-08-19T19:31:29.437,427,RAD,any,2,23.67,26.17,40.0,90.5,382,30.98,1.30,0.73,3,0.98,0,0,run0 measure
2026-08-19T19:31:29.564,428,RAD,any,2,23.67,26.17,95.6,47.3,909,31.83,1.35,0.58,6,1.46,0,0,run0 measure
2026-08-19T19:31:29.564,428,RAD,any,2,23.67,26.17,40.0,90.5,384,30.98,1.30,0.74,3,0.98,0,0,run0 measure
2026-08-19T19:31:29.659,429,RAD,any,2,23.67,26.17,93.9,43.5,902,31.89,1.39,0.59,6,1.43,0,0,run0 measure
2026-08-19T19:31:29.659,429,RAD,any,2,23.67,26.17,40.0,90.5,382,30.95,1.30,0.73,3,0.98,0,0,run0 measure
2026-08-19T19:31:29.788,430,RAD,any,2,23.67,26.17,92.8,40.2,888,32.02,1.38,0.63,4,1.46,0,0,run0 measure
2026-08-19T19:31:29.788,430,RAD,any,2,23.67,26.17,40.0,90.4,379,30.93,1.37,0.77,3,0.97,0,0,run0 measure
2026-08-19T19:31:29.884,431,RAD,any,2,23.62,26.12,91.9,37.8,849,32.09,1.39,0.64,5,1.45,0,0,run0 measure
2026-08-19T19:31:29.884,431,RAD,any,2,23.62,26.12,40.0,90.4,379,30.91,1.37,0.77,3,0.98,0,0,run0 measure
2026-08-19T19:31:30.009,432,RAD,any,1,23.65,26.15,91.5,35.8,846,31.85,1.38,0.60,7,1.39,0,0,run0 measure
2026-08-19T19:31:30.138,433,RAD,any,1,23.62,26.12,91.4,34.0,829,31.91,1.39,0.62,6,1.37,0,0,run0 measure
2026-08-19T19:31:30.236,434,RAD,any,1,23.62,26.12,91.5,32.4,817,31.72,1.39,0.61,7,1.34,0,0,run0 measure
2026-08-19T19:31:30.361,435,RAD,any,1,23.62,26.12,92.0,30.8,813,31.72,1.32,0.64,6,1.31,0,0,run0 measure
2026-08-19T19:31:30.456,436,RAD,any,1,23.62,26.12,92.7,29.1,783,31.70,1.33,0.65,8,1.26,0,0,run0 measure
2026-08-19T19:31:30.587,437,RAD,any,2,23.65,26.15,93.6,27.0,788,31.74,1.37,0.64,8,1.21,0,0,run0 measure
2026-08-19T19:31:30.587,437,RAD,any,2,23.65,26.15,40.0,90.4,384,31.00,1.30,0.74,3,1.00,0,0,run0 measure
2026-08-19T19:31:30.683,438,RAD,any,1,23.74,26.24,94.6,24.9,769,31.68,1.37,0.63,7,1.18,0,0,run0 measure
2026-08-19T19:31:30.811,439,RAD,any,1,23.72,26.22,95.6,22.6,743,31.48,1.48,0.60,8,1.14,0,0,run0 measure
2026-08-19T19:31:30.936,440,RAD,any,1,23.72,26.22,96.0,21.0,746,31.68,1.48,0.60,6,1.16,0,0,run0 measure
2026-08-19T19:31:31.031,441,RAD,any,1,23.72,26.22,96.5,19.7,745,31.68,1.41,0.63,5,1.15,0,0,run0 measure
2026-08-19T19:31:31.164,442,RAD,any,1,23.72,26.22,96.6,18.8,725,31.61,1.38,0.62,9,1.13,0,0,run0 measure
2026-08-19T19:31:31.257,443,RAD,any,1,23.70,26.20,96.3,18.1,686,31.85,1.28,0.64,5,1.13,0,0,run0 measure
2026-08-19T19:31:31.384,444,RAD,any,1,23.70,26.20,95.9,17.3,681,31.83,1.29,0.68,5,1.18,0,0,run0 measure
2026-08-19T19:31:31.482,445,RAD,any,1,23.72,26.22,94.9,16.6,688,31.65,1.29,0.68,7,1.16,0,0,run0 measure
2026-08-19T19:31:31.609,446,RAD,any,1,23.72,26.22,93.4,15.9,653,31.89,1.18,0.71,3,1.16,0,0,run0 measure
2026-08-19T19:31:31.707,447,RAD,any,1,23.70,26.20,91.7,15.4,638,31.48,1.18,0.69,7,1.12,0,0,run0 measure
2026-08-19T19:31:31.849,448,RAD,any,1,23.70,26.20,90.3,14.4,658,31.76,1.14,0.73,5,1.13,0,0,run0 measure
2026-08-19T19:31:31.963,449,RAD,any,1,23.70,26.20,89.1,13.9,648,31.55,1.10,0.70,6,1.10,0,0,run0 measure
2026-08-19T19:31:32.057,450,RAD,any,1,23.70,26.20,88.0,13.5,644,31.35,1.14,0.72,6,1.09,0,0,run0 measure
2026-08-19T19:31:32.184,451,RAD,any,1,23.70,26.20,87.1,13.3,633,31.46,1.22,0.71,5,1.09,0,0,run0 measure
2026-08-19T19:31:32.283,452,RAD,any,1,23.70,26.20,86.4,13.3,629,31.30,1.18,0.68,9,1.06,0,0,run0 measure
2026-08-19T19:31:32.410,453,RAD,any,1,23.70,26.20,86.0,13.2,625,31.30,1.22,0.70,10,1.06,0,0,run0 measure
2026-08-19T19:31:32.512,454,RAD,any,1,23.72,26.22,85.9,13.3,625,31.35,1.22,0.70,10,1.06,0,0,run0 measure
2026-08-19T19:31:32.635,455,RAD,any,1,23.72,26.22,86.1,13.5,633,31.41,1.22,0.71,7,1.08,0,0,run0 measure
2026-08-19T19:31:32.759,456,RAD,any,1,23.72,26.22,86.4,13.7,649,31.61,1.18,0.70,5,1.10,0,0,run0 measure
2026-08-19T19:31:32.856,457,RAD,any,1,23.70,26.20,87.0,14.0,658,31.57,1.14,0.69,7,1.13,0,0,run0 measure
2026-08-19T19:31:32.986,458,RAD,any,2,23.72,26.22,87.7,14.6,680,31.83,1.14,0.71,5,1.15,0,0,run0 measure
2026-08-19T19:31:32.986,458,RAD,any,2,23.72,26.22,39.9,90.6,389,30.95,1.30,0.75,4,1.01,0,0,run0 measure
2026-08-19T19:31:33.083,459,RAD,any,2,23.72,26.22,88.4,15.6,665,31.81,1.10,0.67,6,1.13,0,0,run0 measure
2026-08-19T19:31:33.083,459,RAD,any,2,23.72,26.22,39.9,90.6,392,31.04,1.30,0.75,3,1.01,0,0,run0 measure
2026-08-19T19:31:33.209,460,RAD,any,2,23.74,26.24,89.4,16.6,670,31.81,1.10,0.68,4,1.14,0,0,run0 measure
2026-08-19T19:31:33.209,460,RAD,any,2,23.74,26.24,39.9,90.7,392,31.04,1.30,0.75,3,1.00,0,0,run0 measure
2026-08-19T19:31:33.304,461,RAD,any,1,23.77,26.27,90.2,17.2,692,31.59,1.13,0.68,4,1.16,0,0,run0 measure
2026-08-19T19:31:33.434,462,RAD,any,1,23.74,26.24,91.2,18.0,690,31.68,1.13,0.68,5,1.15,0,0,run0 measure
2026-08-19T19:31:33.530,463,RAD,any,2,23.79,26.29,92.2,18.3,704,31.78,1.17,0.71,5,1.17,0,0,run0 measure
2026-08-19T19:31:33.530,463,RAD,any,2,23.79,26.29,39.9,90.6,392,31.11,1.30,0.75,3,1.02,0,0,run0 measure
2026-08-19T19:31:33.657,464,RAD,any,1,23.79,26.29,93.1,18.5,719,31.76,1.13,0.66,8,1.18,0,0,run0 measure
2026-08-19T19:31:33.786,465,RAD,any,2,23.81,26.31,93.8,18.8,726,31.76,1.17,0.69,7,1.18,0,0,run0 measure
2026-08-19T19:31:33.786,465,RAD,any,2,23.81,26.31,39.9,90.6,397,31.11,1.30,0.76,3,1.02,0,0,run0 measure
2026-08-19T19:31:33.883,466,RAD,any,2,23.81,26.31,94.3,19.3,726,31.76,1.20,0.67,7,1.18,0,0,run0 measure
2026-08-19T19:31:33.883,466,RAD,any,2,23.81,26.31,39.9,90.6,397,31.13,1.30,0.76,4,1.02,0,0,run0 measure
2026-08-19T19:31:34.010,467,RAD,any,2,23.84,26.34,94.6,19.3,730,31.76,1.20,0.68,7,1.17,0,0,run0 measure
2026-08-19T19:31:34.010,467,RAD,any,2,23.84,26.34,39.9,90.6,398,31.13,1.30,0.77,4,1.02,0,0,run0 measure
2026-08-19T19:31:34.108,468,RAD,any,2,23.84,26.34,94.7,19.3,733,31.72,1.23,0.66,7,1.16,0,0,run0 measure
2026-08-19T19:31:34.108,468,RAD,any,2,23.84,26.34,39.9,90.6,399,31.13,1.30,0.77,4,1.02,0,0,run0 measure
2026-08-19T19:31:34.236,469,RAD,any,2,23.81,26.31,94.6,19.5,739,31.72,1.23,0.67,7,1.16,0,0,run0 measure
2026-08-19T19:31:34.236,469,RAD,any,2,23.81,26.31,39.9,90.6,399,31.11,1.30,0.77,4,1.01,0,0,run0 measure
2026-08-19T19:31:34.333,470,RAD,any,2,23.81,26.31,94.4,19.6,748,31.74,1.27,0.66,7,1.18,0,0,run0 measure
2026-08-19T19:31:34.333,470,RAD,any,2,23.81,26.31,39.9,90.6,399,31.11,1.30,0.77,4,1.01,0,0,run0 measure
2026-08-19T19:31:34.459,471,RAD,any,2,23.79,26.29,94.1,20.0,758,32.04,1.23,0.64,6,1.17,0,0,run0 measure
2026-08-19T19:31:34.459,471,RAD,any,2,23.79,26.29,39.9,90.6,400,31.11,1.30,0.77,5,1.01,0,0,run0 measure
2026-08-19T19:31:34.555,472,RAD,any,2,23.79,26.29,93.5,20.4,779,32.13,1.30,0.67,4,1.14,0,0,run0 measure
2026-08-19T19:31:34.555,472,RAD,any,2,23.79,26.29,39.9,90.6,400,31.09,1.24,0.73,6,1.02,0,0,run0 measure
2026-08-19T19:31:34.682,473,RAD,any,2,23.81,26.31,92.6,20.3,751,32.07,1.26,0.62,5,1.20,0,0,run0 measure
2026-08-19T19:31:34.682,473,RAD,any,2,23.81,26.31,39.9,90.6,401,31.09,1.24,0.73,5,1.03,0,0,run0 measure
2026-08-19T19:31:34.808,474,RAD,any,2,23.84,26.34,90.8,20.9,725,32.04,1.40,0.58,5,1.34,0,0,run0 measure
2026-08-19T19:31:34.808,474,RAD,any,2,23.84,26.34,39.9,90.6,401,31.09,1.24,0.73,5,1.03,0,0,run0 measure
2026-08-19T19:31:34.904,475,RAD,any,2,23.84,26.34,88.6,21.3,733,32.00,1.37,0.60,4,1.34,0,0,run0 measure
2026-08-19T19:31:34.904,475,RAD,any,2,23.84,26.34,39.9,90.6,400,31.11,1.24,0.73,3,1.03,0,0,run0 measure
2026-08-19T19:31:35.034,476,RAD,any,2,23.84,26.34,85.9,21.8,763,32.13,1.40,0.61,5,1.35,0,0,run0 measure
2026-08-19T19:31:35.034,476,RAD,any,2,23.84,26.34,39.9,90.6,400,31.11,1.24,0.73,4,1.03,0,0,run0 measure
2026-08-19T19:31:35.128,477,RAD,any,2,23.84,26.34,83.2,22.7,745,32.04,1.43,0.58,8,1.34,0,0,run0 measure
2026-08-19T19:31:35.128,477,RAD,any,2,23.84,26.34,39.9,90.6,400,31.11,1.24,0.73,4,1.03,0,0,run0 measure
2026-08-19T19:31:35.255,478,RAD,any,2,23.81,26.31,80.7,23.9,769,32.00,1.47,0.58,5,1.36,0,0,run0 measure
2026-08-19T19:31:35.255,478,RAD,any,2,23.81,26.31,39.9,90.6,400,31.11,1.24,0.73,3,1.03,0,0,run0 measure
2026-08-19T19:31:35.354,479,RAD,any,2,23.81,26.31,78.8,24.9,763,32.19,1.33,0.64,4,1.38,0,0,run0 measure
2026-08-19T19:31:35.354,479,RAD,any,2,23.81,26.31,39.9,90.6,400,31.09,1.24,0.73,4,1.03,0,0,run0 measure
2026-08-19T19:31:35.482,480,RAD,any,2,23.84,26.34,77.9,25.8,778,32.22,1.30,0.66,6,1.43,0,0,run0 measure
2026-08-19T19:31:35.482,480,RAD,any,2,23.84,26.34,39.9,90.5,404,31.09,1.35,0.75,3,1.05,0,0,run0 measure
2026-08-19T19:31:35.610,481,RAD,any,2,23.84,26.34,77.4,27.2,799,32.15,1.29,0.64,5,1.43,0,0,run0 measure
2026-08-19T19:31:35.610,481,RAD,any,2,23.84,26.34,39.8,90.5,403,31.09,1.35,0.75,3,1.04,0,0,run0 measure
2026-08-19T19:31:35.707,482,RAD,any,2,23.86,26.36,77.5,29.0,778,32.24,1.32,0.61,4,1.43,0,0,run0 measure
2026-08-19T19:31:35.707,482,RAD,any,2,23.86,26.36,39.8,90.5,403,31.09,1.35,0.75,3,1.04,0,0,run0 measure
2026-08-19T19:31:35.836,483,RAD,any,2,23.84,26.34,78.2,31.5,600,32.24,1.32,0.47,5,1.29,0,0,run0 measure
2026-08-19T19:31:35.836,483,RAD,any,2,23.84,26.34,39.8,90.5,402,31.06,1.29,0.71,3,1.05,0,0,run0 measure
2026-08-19T19:31:35.931,484,RAD,any,2,23.84,26.34,79.9,33.3,716,32.17,1.31,0.53,7,1.44,0,0,run0 measure
2026-08-19T19:31:35.931,484,RAD,any,2,23.84,26.34,39.8,90.5,402,31.06,1.29,0.71,3,1.05,0,0,run0 measure
2026-08-19T19:31:36.058,485,RAD,any,2,23.84,26.34,80.5,37.0,689,32.19,1.27,0.50,6,1.40,0,0,run0 measure
2026-08-19T19:31:36.058,485,RAD,any,2,23.84,26.34,39.9,90.6,397,31.06,1.35,0.74,3,1.03,0,0,run0 measure
2026-08-19T19:31:36.158,486,RAD,any,2,23.84,26.34,81.8,39.7,688,32.17,1.23,0.46,7,1.38,0,0,run0 measure
2026-08-19T19:31:36.158,486,RAD,any,2,23.84,26.34,39.9,90.7,394,31.04,1.30,0.76,3,1.01,0,0,run0 measure
2026-08-19T19:31:36.286,487,RAD,any,2,23.79,26.29,78.6,41.8,439,32.04,1.56,0.39,7,1.52,0,0,run0 measure
2026-08-19T19:31:36.286,487,RAD,any,2,23.79,26.29,39.9,90.7,394,31.04,1.30,0.76,3,1.01,0,0,run0 measure
2026-08-19T19:31:36.380,488,RAD,any,2,23.81,26.31,78.0,42.9,459,32.19,1.65,0.41,6,1.54,0,0,run0 measure
2026-08-19T19:31:36.380,488,RAD,any,2,23.81,26.31,39.9,90.7,394,31.11,1.30,0.76,3,1.01,0,0,run0 measure
2026-08-19T19:31:36.508,489,RAD,any,2,23.81,26.31,78.2,44.1,468,32.26,1.69,0.41,3,1.56,0,0,run0 measure
2026-08-19T19:31:36.508,489,RAD,any,2,23.81,26.31,39.9,90.7,392,31.11,1.30,0.75,3,1.01,0,0,run0 measure
2026-08-19T19:31:36.637,490,RAD,any,2,23.81,26.31,78.8,44.8,508,32.45,1.69,0.44,7,1.57,0,0,run0 measure
2026-08-19T19:31:36.637,490,RAD,any,2,23.81,26.31,40.0,90.7,392,31.09,1.30,0.75,3,1.01,0,0,run0 measure
2026-08-19T19:31:36.733,491,RAD,any,2,23.81,26.31,79.2,44.8,498,32.37,1.59,0.43,7,1.58,0,0,run0 measure
2026-08-19T19:31:36.733,491,RAD,any,2,23.81,26.31,39.9,90.6,396,31.09,1.35,0.73,3,1.02,0,0,run0 measure
2026-08-19T19:31:36.857,492,RAD,any,2,23.81,26.31,83.6,45.8,757,32.37,1.26,0.49,8,1.52,0,0,run0 measure
2026-08-19T19:31:36.857,492,RAD,any,2,23.81,26.31,39.9,90.5,396,31.09,1.35,0.73,3,1.02,0,0,run0 measure
2026-08-19T19:31:36.956,493,RAD,any,2,23.79,26.29,85.3,46.1,763,32.35,1.26,0.50,8,1.52,0,0,run0 measure
2026-08-19T19:31:36.956,493,RAD,any,2,23.79,26.29,39.9,90.5,395,31.09,1.35,0.73,3,1.02,0,0,run0 measure
2026-08-19T19:31:37.082,494,RAD,any,2,23.81,26.31,85.9,45.3,862,32.24,1.29,0.58,6,1.58,0,0,run0 measure
2026-08-19T19:31:37.082,494,RAD,any,2,23.81,26.31,39.9,90.5,395,31.06,1.35,0.73,4,1.02,0,0,run0 measure
2026-08-19T19:31:37.182,495,RAD,any,2,23.79,26.29,84.7,44.8,767,32.15,1.29,0.51,7,1.50,0,0,run0 measure
2026-08-19T19:31:37.182,495,RAD,any,2,23.79,26.29,39.9,90.5,395,31.06,1.35,0.73,4,1.02,0,0,run0 measure
2026-08-19T19:31:37.309,496,RAD,any,2,23.77,26.27,83.5,44.2,729,32.13,1.29,0.49,7,1.48,0,0,run0 measure
2026-08-19T19:31:37.309,496,RAD,any,2,23.77,26.27,39.9,90.5,395,31.04,1.35,0.73,3,1.02,0,0,run0 measure
2026-08-19T19:31:37.434,497,RAD,any,2,23.77,26.27,82.1,42.5,748,32.37,1.25,0.46,5,1.49,0,0,run0 measure
2026-08-19T19:31:37.434,497,RAD,any,2,23.77,26.27,39.9,90.5,395,31.04,1.35,0.73,3,1.02,0,0,run0 measure
2026-08-19T19:31:37.529,498,RAD,any,2,23.77,26.27,80.2,39.0,852,32.17,1.39,0.56,8,1.52,0,0,run0 measure
2026-08-19T19:31:37.529,498,RAD,any,2,23.77,26.27,39.9,90.5,394,31.02,1.35,0.73,3,1.02,0,0,run0 measure
2026-08-19T19:31:37.660,499,RAD,any,2,23.74,26.24,77.6,35.7,838,32.30,1.47,0.56,5,1.52,0,0,run0 measure
2026-08-19T19:31:37.660,499,RAD,any,2,23.74,26.24,40.0,90.6,390,31.04,1.30,0.75,3,1.00,0,0,run0 measure
2026-08-19T19:31:37.758,500,RAD,any,2,23.74,26.24,74.8,32.5,815,31.96,1.48,0.57,9,1.42,0,0,run0 measure
2026-08-19T19:31:37.758,500,RAD,any,2,23.74,26.24,40.0,90.6,390,31.06,1.30,0.75,3,1.00,0,0,run0 measure
2026-08-19T19:31:37.883,501,RAD,any,2,23.74,26.24,72.9,30.7,926,32.11,1.48,0.65,10,1.41,0,0,run0 measure
2026-08-19T19:31:37.883,501,RAD,any,2,23.74,26.24,40.0,90.7,391,31.11,1.30,0.75,3,1.00,0,0,run0 measure
2026-08-19T19:31:37.978,502,RAD,any,1,23.77,26.27,71.7,29.8,975,32.30,1.44,0.66,9,1.43,0,0,run0 measure
2026-08-19T19:31:38.108,503,RAD,any,1,23.77,26.27,71.2,29.0,915,32.24,1.44,0.62,11,1.38,0,0,run0 measure
2026-08-19T19:31:38.202,504,RAD,any,1,23.77,26.27,71.2,28.0,908,32.17,1.48,0.64,11,1.36,0,0,run0 measure
2026-08-19T19:31:38.333,505,RAD,any,1,23.70,26.20,71.9,27.6,882,32.19,1.53,0.56,6,1.29,0,0,run0 measure
2026-08-19T19:31:38.459,506,RAD,any,1,23.70,26.20,73.1,27.3,868,32.32,1.53,0.55,7,1.28,0,0,run0 measure
2026-08-19T19:31:38.555,507,RAD,any,1,23.70,26.20,74.6,27.0,878,32.84,1.58,0.58,6,1.29,0,0,run0 measure
2026-08-19T19:31:38.683,508,RAD,any,1,23.67,26.17,76.6,26.6,893,33.16,1.53,0.57,4,1.35,3,0,run0 measure
2026-08-19T19:31:38.780,509,RAD,any,1,23.67,26.17,78.6,26.3,893,33.10,1.53,0.57,4,1.38,6,0,run0 measure
2026-08-19T19:31:38.906,510,RAD,any,1,23.70,26.20,80.5,26.1,910,33.16,1.50,0.59,6,1.40,6,0,run0 measure
2026-08-19T19:31:39.004,511,RAD,any,1,23.70,26.20,82.1,25.9,900,33.23,1.50,0.59,6,1.40,8,0,run0 measure
2026-08-19T19:31:39.129,512,RAD,any,1,23.70,26.20,83.0,25.8,887,33.21,1.47,0.59,4,1.37,4,0,run0 measure
2026-08-19T19:31:39.255,513,RAD,any,2,23.70,26.20,83.6,25.7,869,32.86,1.48,0.61,6,1.32,0,0,run0 measure
2026-08-19T19:31:39.255,513,RAD,any,2,23.70,26.20,39.9,90.7,382,30.98,1.25,0.76,3,0.98,0,0,run0 measure
2026-08-19T19:31:39.353,514,RAD,any,2,23.67,26.17,83.7,25.6,864,32.47,1.41,0.60,6,1.27,0,0,run0 measure
2026-08-19T19:31:39.353,514,RAD,any,2,23.67,26.17,39.9,90.7,382,30.98,1.25,0.76,3,0.98,0,0,run0 measure
2026-08-19T19:31:39.482,515,RAD,any,2,23.70,26.20,83.5,25.8,897,32.13,1.36,0.60,8,1.19,0,0,run0 measure
2026-08-19T19:31:39.482,515,RAD,any,2,23.70,26.20,39.9,90.6,386,30.98,1.30,0.74,4,0.99,0,0,run0 measure
2026-08-19T19:31:39.579,516,RAD,any,2,23.70,26.20,83.6,25.2,825,32.00,1.29,0.52,7,1.22,0,0,run0 measure
2026-08-19T19:31:39.579,516,RAD,any,2,23.70,26.20,39.9,90.6,386,30.95,1.30,0.74,4,0.99,0,0,run0 measure
2026-08-19T19:31:39.708,517,RAD,any,2,23.67,26.17,83.3,24.6,800,32.17,1.24,0.47,7,1.27,0,0,run0 measure
2026-08-19T19:31:39.708,517,RAD,any,2,23.67,26.17,39.9,90.6,385,30.95,1.30,0.74,4,0.99,0,0,run0 measure
2026-08-19T19:31:39.803,518,RAD,any,2,23.67,26.17,82.9,24.7,797,31.74,1.24,0.47,10,1.22,0,0,run0 measure
2026-08-19T19:31:39.803,518,RAD,any,2,23.67,26.17,39.9,90.6,385,30.93,1.30,0.74,4,0.99,0,0,run0 measure
2026-08-19T19:31:39.933,519,RAD,any,2,23.65,26.15,82.2,24.5,809,31.83,1.28,0.49,10,1.23,0,0,run0 measure
2026-08-19T19:31:39.933,519,RAD,any,2,23.65,26.15,40.0,90.5,383,30.95,1.30,0.74,3,0.98,0,0,run0 measure
2026-08-19T19:31:40.027,520,RAD,any,2,23.65,26.15,81.3,24.1,804,31.87,1.25,0.50,9,1.21,0,0,run0 measure
2026-08-19T19:31:40.027,520,RAD,any,2,23.65,26.15,40.0,90.6,377,30.98,1.25,0.75,4,0.96,0,0,run0 measure
2026-08-19T19:31:40.155,521,RAD,any,2,23.65,26.15,80.2,23.2,796,31.83,1.25,0.49,10,1.21,0,0,run0 measure
2026-08-19T19:31:40.155,521,RAD,any,2,23.65,26.15,40.0,90.6,376,30.95,1.25,0.75,4,0.96,0,0,run0 measure
2026-08-19T19:31:40.282,522,RAD,any,2,23.62,26.12,78.7,22.6,778,31.85,1.22,0.49,9,1.20,0,0,run0 measure
2026-08-19T19:31:40.282,522,RAD,any,2,23.62,26.12,40.0,90.6,376,30.95,1.25,0.75,4,0.96,0,0,run0 measure
2026-08-19T19:31:40.377,523,RAD,any,2,23.65,26.15,77.1,22.0,778,31.87,1.19,0.50,9,1.18,0,0,run0 measure
2026-08-19T19:31:40.377,523,RAD,any,2,23.65,26.15,40.0,90.6,376,30.95,1.25,0.75,3,0.97,0,0,run0 measure
2026-08-19T19:31:40.506,524,RAD,any,2,23.65,26.15,75.4,21.4,773,31.89,1.20,0.53,8,1.18,0,0,run0 measure
2026-08-19T19:31:40.506,524,RAD,any,2,23.65,26.15,40.0,90.6,376,30.95,1.25,0.75,3,0.96,0,0,run0 measure
2026-08-19T19:31:40.603,525,RAD,any,2,23.62,26.12,73.8,20.8,773,31.65,1.17,0.51,10,1.20,0,0,run0 measure
2026-08-19T19:31:40.603,525,RAD,any,2,23.62,26.12,40.0,90.6,376,30.91,1.25,0.75,3,0.96,0,0,run0 measure
2026-08-19T19:31:40.733,526,RAD,any,2,23.62,26.12,72.5,20.3,766,32.02,1.17,0.53,6,1.19,0,0,run0 measure
2026-08-19T19:31:40.733,526,RAD,any,2,23.62,26.12,40.0,90.6,376,30.91,1.25,0.75,3,0.97,0,0,run0 measure
2026-08-19T19:31:40.828,527,RAD,any,2,23.62,26.12,71.5,20.2,780,32.04,1.21,0.56,6,1.23,0,0,run0 measure
2026-08-19T19:31:40.828,527,RAD,any,2,23.62,26.12,40.0,90.6,376,30.89,1.25,0.75,3,0.97,0,0,run0 measure
2026-08-19T19:31:40.956,528,RAD,any,2,23.60,26.10,71.2,20.2,732,32.07,1.18,0.54,5,1.23,0,0,run0 measure
2026-08-19T19:31:40.956,528,RAD,any,2,23.60,26.10,40.1,90.6,375,30.89,1.20,0.78,4,0.96,0,0,run0 measure
2026-08-19T19:31:41.052,529,RAD,any,2,23.58,26.08,71.3,20.6,736,31.52,1.25,0.57,9,1.19,0,0,run0 measure
2026-08-19T19:31:41.052,529,RAD,any,2,23.58,26.08,40.1,90.6,371,30.95,1.26,0.81,3,0.94,0,0,run0 measure
2026-08-19T19:31:41.176,530,RAD,any,1,23.58,26.08,71.1,21.7,784,31.52,1.29,0.63,11,1.19,0,0,run0 measure
2026-08-19T19:31:41.305,531,RAD,any,1,23.55,26.05,71.4,22.6,775,31.68,1.33,0.65,10,1.22,0,0,run0 measure
2026-08-19T19:31:41.401,532,RAD,any,1,23.55,26.05,72.0,23.9,761,31.91,1.40,0.60,6,1.23,0,0,run0 measure
2026-08-19T19:31:41.531,533,RAD,any,1,23.55,26.05,72.7,25.1,792,31.83,1.39,0.59,9,1.25,0,0,run0 measure
2026-08-19T19:31:41.626,534,RAD,any,1,23.55,26.05,73.5,26.5,805,31.72,1.35,0.62,8,1.26,0,0,run0 measure
2026-08-19T19:31:41.753,535,RAD,any,1,23.55,26.05,74.4,28.9,757,31.83,1.35,0.58,7,1.20,0,0,run0 measure
2026-08-19T19:31:41.851,536,RAD,any,1,23.55,26.05,75.2,29.7,838,31.83,1.39,0.63,8,1.29,0,0,run0 measure
2026-08-19T19:31:41.978,537,RAD,any,1,23.55,26.05,75.9,31.5,742,31.63,1.39,0.56,12,1.22,0,0,run0 measure
2026-08-19T19:31:42.104,538,RAD,any,1,23.53,26.03,76.5,32.7,745,31.74,1.32,0.59,5,1.28,0,0,run0 measure
2026-08-19T19:31:42.201,539,RAD,any,1,23.53,26.03,76.6,32.3,821,31.76,1.31,0.61,6,1.33,0,0,run0 measure
2026-08-19T19:31:42.331,540,RAD,any,1,23.53,26.03,76.5,33.5,740,31.85,1.28,0.56,6,1.28,0,0,run0 measure
2026-08-19T19:31:42.427,541,RAD,any,1,23.53,26.03,76.6,34.2,732,31.87,1.35,0.56,5,1.29,0,0,run0 measure
2026-08-19T19:31:42.555,542,RAD,any,2,23.53,26.03,76.4,34.5,741,31.87,1.28,0.56,7,1.30,0,0,run0 measure
2026-08-19T19:31:42.555,542,RAD,any,2,23.53,26.03,40.1,90.5,367,30.82,1.26,0.80,3,0.94,0,0,run0 measure
2026-08-19T19:31:42.648,543,RAD,any,2,23.51,26.01,75.9,34.9,732,31.96,1.29,0.59,4,1.32,0,0,run0 measure
2026-08-19T19:31:42.648,543,RAD,any,2,23.51,26.01,40.1,90.6,366,30.82,1.26,0.80,3,0.94,0,0,run0 measure
2026-08-19T19:31:42.779,544,RAD,any,1,23.48,25.98,75.2,34.3,819,31.91,1.25,0.64,6,1.39,0,0,run0 measure
2026-08-19T19:31:42.875,545,RAD,any,1,23.46,25.96,74.2,35.1,746,31.81,1.28,0.57,6,1.31,0,0,run0 measure
2026-08-19T19:31:43.003,546,RAD,any,1,23.43,25.93,72.8,35.8,728,31.87,1.35,0.56,7,1.28,0,0,run0 measure
2026-08-19T19:31:43.128,547,RAD,any,1,23.43,25.93,70.7,36.2,753,31.76,1.35,0.58,12,1.28,0,0,run0 measure
2026-08-19T19:31:43.224,548,RAD,any,1,23.43,25.93,68.2,36.4,765,31.87,1.43,0.59,11,1.29,0,0,run0 measure
2026-08-19T19:31:43.353,549,RAD,any,1,23.43,25.93,65.8,37.8,692,31.87,1.23,0.62,8,1.30,0,0,run0 measure
2026-08-19T19:31:43.448,550,RAD,any,1,23.43,25.93,62.4,37.3,777,31.81,1.47,0.59,9,1.30,0,0,run0 measure
2026-08-19T19:31:43.578,551,RAD,any,1,23.46,25.96,59.3,37.1,787,31.68,1.45,0.56,9,1.35,0,0,run0 measure
2026-08-19T19:31:43.673,552,RAD,any,1,23.43,25.93,57.2,38.1,736,31.41,1.31,0.67,10,1.41,0,0,run0 measure
2026-08-19T19:31:43.807,553,RAD,any,1,23.46,25.96,54.7,37.7,810,31.63,1.50,0.60,7,1.48,0,0,run0 measure
2026-08-19T19:31:43.926,554,RAD,any,1,23.48,25.98,53.4,37.3,712,31.61,1.74,0.43,11,1.29,0,0,run0 measure
2026-08-19T19:31:44.025,555,RAD,any,1,23.48,25.98,53.2,37.3,681,31.59,1.66,0.40,11,1.21,0,0,run0 measure
2026-08-19T19:31:44.152,556,RAD,any,1,23.48,25.98,53.9,36.9,723,31.59,1.61,0.41,9,1.25,0,0,run0 measure
2026-08-19T19:31:44.249,557,RAD,any,1,23.48,25.98,54.4,36.9,692,31.52,1.58,0.40,11,1.21,0,0,run0 measure
2026-08-19T19:31:44.377,558,RAD,any,1,23.51,26.01,54.2,35.1,759,31.74,1.29,0.51,8,1.26,0,0,run0 measure
2026-08-19T19:31:44.474,559,RAD,any,1,23.48,25.98,56.2,35.9,520,31.59,1.09,0.41,10,1.06,0,0,run0 measure
2026-08-19T19:31:44.600,560,RAD,any,1,23.48,25.98,56.9,36.9,546,31.63,1.09,0.46,9,1.14,0,0,run0 measure
2026-08-19T19:31:44.697,561,RAD,any,1,23.46,25.96,56.8,36.5,558,31.63,1.26,0.38,9,1.10,0,0,run0 measure
2026-08-19T19:31:44.825,562,RAD,any,1,23.46,25.96,57.7,37.3,524,31.63,1.06,0.43,7,1.13,0,0,run0 measure
2026-08-19T19:31:44.953,563,RAD,any,1,23.48,25.98,58.5,38.0,496,31.63,1.00,0.40,8,1.14,0,0,run0 measure
2026-08-19T19:31:45.050,564,RAD,any,1,23.48,25.98,58.8,38.2,482,31.63,1.03,0.38,9,1.15,0,0,run0 measure
2026-08-19T19:31:45.177,565,RAD,any,2,23.48,25.98,58.4,38.3,482,31.63,1.06,0.39,9,1.16,0,0,run0 measure
2026-08-19T19:31:45.177,565,RAD,any,2,23.48,25.98,40.1,90.5,365,30.76,1.15,0.79,3,0.91,0,0,run0 measure
2026-08-19T19:31:45.273,566,RAD,any,2,23.51,26.01,58.1,38.3,489,31.59,1.06,0.40,6,1.16,0,0,run0 measure
2026-08-19T19:31:45.273,566,RAD,any,2,23.51,26.01,40.1,90.5,366,30.78,1.15,0.80,3,0.91,0,0,run0 measure
2026-08-19T19:31:45.405,567,RAD,any,2,23.51,26.01,61.7,36.6,326,31.24,1.43,0.52,9,0.90,0,0,run0 measure
2026-08-19T19:31:45.405,567,RAD,any,2,23.51,26.01,40.1,90.5,369,30.80,1.15,0.80,5,0.93,0,0,run0 measure
2026-08-19T19:31:45.498,568,RAD,any,2,23.51,26.01,56.8,38.5,515,31.63,1.09,0.41,6,1.18,0,0,run0 measure
2026-08-19T19:31:45.498,568,RAD,any,2,23.51,26.01,40.1,90.5,368,30.80,1.15,0.80,5,0.93,0,0,run0 measure
2026-08-19T19:31:45.624,569,RAD,any,1,23.48,25.98,53.2,40.2,460,31.57,1.15,0.37,9,1.08,0,0,run0 measure
2026-08-19T19:31:45.752,570,RAD,any,0,23.51,26.01,,,,,,,,,,,run0 measure
2026-08-19T19:31:45.848,571,RAD,any,1,23.48,25.98,42.8,40.7,576,31.78,1.05,0.38,8,1.20,0,0,run0 measure
2026-08-19T19:31:45.975,572,RAD,any,1,23.46,25.96,39.2,42.3,527,31.65,0.98,0.32,7,1.17,0,0,run0 measure
2026-08-19T19:31:46.076,573,RAD,any,1,23.46,25.96,37.3,61.3,930,31.83,0.00,0.00,12,1.17,0,0,run0 measure
2026-08-19T19:31:46.199,574,RAD,any,1,23.43,25.93,35.0,63.3,962,31.87,0.00,0.00,10,1.24,0,0,run0 measure
2026-08-19T19:31:46.298,575,RAD,any,1,23.41,25.91,34.1,63.7,946,31.83,0.00,0.00,8,1.20,0,0,run0 measure
2026-08-19T19:31:46.426,576,RAD,any,1,23.41,25.91,33.8,63.7,949,31.63,0.00,0.00,9,1.21,0,0,run0 measure
2026-08-19T19:31:46.521,577,RAD,any,1,23.39,25.89,33.6,63.7,956,31.74,0.00,0.00,9,1.25,0,0,run0 measure
2026-08-19T19:31:46.650,578,RAD,any,1,23.39,25.89,33.9,63.8,937,31.70,0.00,0.00,9,1.22,0,0,run0 measure
2026-08-19T19:31:46.776,579,RAD,any,1,23.34,25.84,34.7,64.7,887,31.59,0.00,0.00,9,1.17,0,0,run0 measure
2026-08-19T19:31:46.873,580,RAD,any,1,23.32,25.82,35.8,66.0,841,31.57,0.00,0.00,10,1.14,0,0,run0 measure
2026-08-19T19:31:47.003,581,RAD,any,1,23.32,25.82,36.3,66.4,850,31.57,0.00,0.00,10,1.14,0,0,run0 measure
2026-08-19T19:31:47.098,582,RAD,any,1,23.32,25.82,35.9,65.6,900,31.55,0.00,0.00,10,1.17,0,0,run0 measure
2026-08-19T19:31:47.225,583,RAD,any,1,23.34,25.84,35.9,65.5,897,31.57,0.00,0.00,9,1.15,0,0,run0 measure
2026-08-19T19:31:47.323,584,RAD,any,1,23.39,25.89,35.9,65.6,904,31.65,0.00,0.00,10,1.16,0,0,run0 measure
2026-08-19T19:31:47.449,585,RAD,any,1,23.39,25.89,36.1,65.9,895,31.87,0.00,0.00,9,1.15,0,0,run0 measure
2026-08-19T19:31:47.546,586,RAD,any,1,23.41,25.91,35.6,65.2,941,31.89,0.00,0.00,10,1.20,0,0,run0 measure
2026-08-19T19:31:47.673,587,RAD,any,1,23.41,25.91,35.4,64.7,951,31.85,0.00,0.00,11,1.20,0,0,run0 measure
2026-08-19T19:31:47.802,588,RAD,any,1,23.41,25.91,35.1,64.3,970,31.85,0.00,0.00,9,1.22,0,0,run0 measure
2026-08-19T19:31:47.898,589,RAD,any,1,23.41,25.91,35.2,64.2,960,31.83,0.00,0.00,9,1.22,0,0,run0 measure
2026-08-19T19:31:48.025,590,RAD,any,1,23.41,25.91,35.2,63.8,984,31.81,0.00,0.00,8,1.22,0,0,run0 measure
2026-08-19T19:31:48.121,591,RAD,any,1,23.39,25.89,35.6,64.0,938,31.85,0.00,0.00,7,1.20,0,0,run0 measure
2026-08-19T19:31:48.248,592,RAD,any,1,23.39,25.89,35.5,63.4,976,32.09,0.00,0.00,7,1.22,0,0,run0 measure
2026-08-19T19:31:48.348,593,RAD,any,1,23.39,25.89,36.9,65.1,867,32.00,0.00,0.00,7,1.15,0,0,run0 measure
2026-08-19T19:31:48.474,594,RAD,any,1,23.39,25.89,36.1,63.2,1019,31.98,0.00,0.00,8,1.24,0,0,run0 measure
2026-08-19T19:31:48.602,595,RAD,any,1,23.36,25.86,36.7,63.7,917,31.85,0.00,0.00,8,1.16,0,0,run0 measure
2026-08-19T19:31:48.696,596,RAD,any,1,23.39,25.89,36.3,62.2,1013,31.81,0.00,0.00,9,1.20,0,0,run0 measure
2026-08-19T19:31:48.826,597,RAD,any,1,23.36,25.86,36.2,61.5,1003,31.74,0.00,0.00,9,1.21,0,0,run0 measure
2026-08-19T19:31:48.921,598,RAD,any,1,23.36,25.86,36.5,60.7,1027,31.78,0.00,0.00,8,1.22,0,0,run0 measure
2026-08-19T19:31:49.049,599,RAD,any,1,23.36,25.86,35.7,47.6,621,31.74,1.08,0.40,5,1.20,0,0,run0 measure
2026-08-19T19:31:49.145,600,RAD,any,1,23.36,25.86,35.6,42.1,644,31.70,1.05,0.45,5,1.19,0,0,run0 measure
2026-08-19T19:31:49.270,601,RAD,any,1,23.36,25.86,36.1,39.7,629,31.70,1.05,0.44,7,1.14,0,0,run0 measure
2026-08-19T19:31:49.366,602,RAD,any,1,23.39,25.89,37.0,39.2,662,31.57,0.97,0.47,7,1.12,0,0,run0 measure
2026-08-19T19:31:49.497,603,RAD,any,1,23.39,25.89,38.5,39.9,730,31.26,1.16,0.46,8,1.16,0,0,run0 measure
2026-08-19T19:31:49.623,604,RAD,any,1,23.39,25.89,39.8,40.1,728,31.22,1.29,0.49,12,1.12,0,0,run0 measure
2026-08-19T19:31:49.722,605,RAD,any,1,23.39,25.89,40.7,39.0,787,31.26,1.03,0.70,10,1.16,0,0,run0 measure
2026-08-19T19:31:49.848,606,RAD,any,1,23.39,25.89,40.9,37.3,756,31.68,1.03,0.67,8,1.21,0,0,run0 measure
2026-08-19T19:31:49.946,607,RAD,any,2,23.39,25.89,41.1,36.2,714,31.76,1.06,0.66,8,1.23,0,0,run0 measure
2026-08-19T19:31:49.946,607,RAD,any,2,23.39,25.89,40.1,90.6,367,30.76,1.26,0.80,3,0.92,0,0,run0 measure
2026-08-19T19:31:50.073,608,RAD,any,2,23.39,25.89,41.3,35.4,694,31.89,1.09,0.62,5,1.23,0,0,run0 measure
2026-08-19T19:31:50.073,608,RAD,any,2,23.39,25.89,40.1,90.6,367,30.76,1.26,0.80,3,0.92,0,0,run0 measure
2026-08-19T19:31:50.169,609,RAD,any,1,23.39,25.89,40.9,34.8,693,31.81,1.06,0.60,6,1.25,0,0,run0 measure
2026-08-19T19:31:50.297,610,RAD,any,1,23.36,25.86,39.9,34.2,667,31.98,1.09,0.56,6,1.31,0,0,run0 measure
2026-08-19T19:31:50.423,611,RAD,any,1,23.36,25.86,38.7,33.7,658,32.22,1.06,0.54,5,1.41,0,0,run0 measure
2026-08-19T19:31:50.521,612,RAD,any,1,23.34,25.84,37.5,33.3,637,32.09,1.03,0.54,7,1.48,0,0,run0 measure
2026-08-19T19:31:50.647,613,RAD,any,1,23.34,25.84,36.6,33.2,651,32.37,1.03,0.55,4,1.55,0,0,run0 measure
2026-08-19T19:31:50.744,614,RAD,any,1,23.29,25.79,36.0,33.1,624,32.17,1.00,0.54,3,1.56,0,0,run0 measure
2026-08-19T19:31:50.872,615,RAD,any,1,23.29,25.79,35.5,33.1,646,32.37,1.03,0.54,4,1.59,0,0,run0 measure
2026-08-19T19:31:50.967,616,RAD,any,1,23.29,25.79,35.3,33.0,638,32.60,1.00,0.55,5,1.58,0,0,run0 measure
2026-08-19T19:31:51.096,617,RAD,any,1,23.32,25.82,35.2,32.9,641,32.58,0.97,0.54,5,1.58,0,0,run0 measure
2026-08-19T19:31:51.192,618,RAD,any,1,23.32,25.82,35.2,32.9,642,32.58,0.97,0.54,5,1.58,0,0,run0 measure
2026-08-19T19:31:51.321,619,RAD,any,1,23.32,25.82,35.2,32.9,645,32.54,0.97,0.54,4,1.58,0,0,run0 measure
2026-08-19T19:31:51.450,620,RAD,any,1,23.32,25.82,35.1,33.0,655,32.54,0.97,0.55,4,1.58,0,0,run0 measure
2026-08-19T19:31:51.545,621,RAD,any,1,23.34,25.84,35.0,33.0,640,32.50,0.97,0.54,4,1.55,0,0,run0 measure
2026-08-19T19:31:51.675,622,RAD,any,2,23.34,25.84,34.8,33.2,645,32.50,0.97,0.54,5,1.59,0,0,run0 measure
2026-08-19T19:31:51.675,622,RAD,any,2,23.34,25.84,40.2,90.5,358,30.69,1.21,0.82,3,0.89,0,0,run0 measure
2026-08-19T19:31:51.768,623,RAD,any,1,23.34,25.84,34.7,33.5,656,32.37,0.97,0.55,4,1.61,0,0,run0 measure
2026-08-19T19:31:51.899,624,RAD,any,1,23.39,25.89,34.3,33.8,658,32.37,0.94,0.54,8,1.57,0,0,run0 measure
2026-08-19T19:31:51.994,625,RAD,any,1,23.36,25.86,33.7,34.2,673,32.28,0.97,0.57,6,1.58,0,0,run0 measure
2026-08-19T19:31:52.120,626,RAD,any,1,23.39,25.89,33.3,34.7,688,32.41,0.94,0.56,7,1.56,0,0,run0 measure
2026-08-19T19:31:52.251,627,RAD,any,1,23.36,25.86,32.9,34.8,692,32.41,0.92,0.55,9,1.54,0,0,run0 measure
2026-08-19T19:31:52.344,628,RAD,any,1,23.39,25.89,33.4,34.6,711,33.21,0.92,0.57,4,1.56,3,0,run0 measure
2026-08-19T19:31:52.474,629,RAD,any,1,23.41,25.91,34.8,33.7,716,33.06,0.92,0.57,6,1.55,1,0,run0 measure
2026-08-19T19:31:52.569,630,RAD,any,1,23.41,25.91,37.3,32.2,695,32.43,0.92,0.55,6,1.50,0,0,run0 measure
2026-08-19T19:31:52.697,631,RAD,any,1,23.41,25.91,41.3,30.1,675,32.24,0.94,0.55,8,1.46,0,0,run0 measure
2026-08-19T19:31:52.794,632,RAD,any,1,23.41,25.91,46.1,27.4,704,32.41,0.97,0.56,7,1.51,0,0,run0 measure
2026-08-19T19:31:52.922,633,RAD,any,1,23.39,25.89,50.1,25.2,699,32.39,0.97,0.55,8,1.51,0,0,run0 measure
2026-08-19T19:31:53.019,634,RAD,any,1,23.39,25.89,52.7,23.6,693,32.28,0.94,0.57,6,1.52,0,0,run0 measure
2026-08-19T19:31:53.144,635,RAD,any,1,23.39,25.89,54.0,22.8,682,32.30,0.94,0.56,7,1.53,0,0,run0 measure
2026-08-19T19:31:53.271,636,RAD,any,1,23.36,25.86,54.8,22.7,662,32.17,0.94,0.54,4,1.52,0,0,run0 measure
2026-08-19T19:31:53.369,637,RAD,any,1,23.36,25.86,55.1,23.3,677,32.17,1.00,0.55,6,1.56,0,0,run0 measure
2026-08-19T19:31:53.499,638,RAD,any,1,23.36,25.86,55.3,24.5,693,32.17,1.03,0.52,9,1.56,0,0,run0 measure
2026-08-19T19:31:53.593,639,RAD,any,1,23.36,25.86,55.1,25.8,684,32.17,0.97,0.51,7,1.53,0,0,run0 measure
2026-08-19T19:31:53.721,640,RAD,any,1,23.36,25.86,54.8,27.2,727,32.17,0.97,0.55,8,1.56,0,0,run0 measure
2026-08-19T19:31:53.817,641,RAD,any,1,23.36,25.86,54.7,28.5,752,32.28,1.00,0.55,6,1.55,0,0,run0 measure
2026-08-19T19:31:53.946,642,RAD,any,1,23.36,25.86,54.9,29.7,765,32.37,1.00,0.56,9,1.55,0,0,run0 measure
2026-08-19T19:31:54.042,643,RAD,any,1,23.36,25.86,55.1,30.2,763,32.28,1.00,0.56,11,1.52,0,0,run0 measure
2026-08-19T19:31:54.168,644,RAD,any,1,23.41,25.91,55.5,30.6,794,32.30,1.00,0.55,11,1.52,0,0,run0 measure
2026-08-19T19:31:54.298,645,RAD,any,1,23.39,25.89,56.2,30.9,779,32.26,1.00,0.54,7,1.50,0,0,run0 measure
2026-08-19T19:31:54.395,646,RAD,any,1,23.39,25.89,57.1,31.1,775,32.15,1.00,0.54,10,1.48,0,0,run0 measure
2026-08-19T19:31:54.524,647,RAD,any,1,23.39,25.89,58.0,31.4,802,32.04,1.00,0.56,8,1.51,0,0,run0 measure
2026-08-19T19:31:54.617,648,RAD,any,1,23.39,25.89,59.3,31.6,799,32.13,1.00,0.55,12,1.52,0,0,run0 measure
2026-08-19T19:31:54.746,649,RAD,any,1,23.39,25.89,60.3,31.7,798,32.15,1.03,0.54,11,1.52,0,0,run0 measure
2026-08-19T19:31:54.842,650,RAD,any,1,23.39,25.89,61.0,31.8,793,32.22,1.05,0.55,9,1.52,0,0,run0 measure
2026-08-19T19:31:54.972,651,RAD,any,1,23.41,25.91,61.6,31.7,799,32.26,1.05,0.55,8,1.51,0,0,run0 measure
2026-08-19T19:31:55.096,652,RAD,any,1,23.43,25.93,62.2,31.7,819,32.26,1.03,0.55,8,1.53,0,0,run0 measure
2026-08-19T19:31:55.195,653,RAD,any,2,23.43,25.93,62.6,32.1,822,32.30,1.08,0.56,9,1.52,0,0,run0 measure
2026-08-19T19:31:55.195,653,RAD,any,2,23.43,25.93,40.1,90.4,361,30.78,1.26,0.79,3,0.91,0,0,run0 measure
2026-08-19T19:31:55.321,654,RAD,any,1,23.43,25.93,62.9,32.2,839,32.30,1.08,0.57,8,1.56,0,0,run0 measure
2026-08-19T19:31:55.418,655,RAD,any,1,23.43,25.93,63.0,32.3,829,32.30,1.08,0.56,7,1.54,0,0,run0 measure
2026-08-19T19:31:55.547,656,RAD,any,1,23.43,25.93,63.0,32.3,836,32.22,1.08,0.56,7,1.54,0,0,run0 measure
2026-08-19T19:31:55.640,657,RAD,any,1,23.43,25.93,63.1,32.2,833,32.19,1.08,0.56,8,1.54,0,0,run0 measure
2026-08-19T19:31:55.771,658,RAD,any,1,23.43,25.93,63.3,32.0,844,32.35,1.05,0.56,9,1.57,0,0,run0 measure
2026-08-19T19:31:55.865,659,RAD,any,1,23.41,25.91,63.5,31.7,826,32.35,1.05,0.57,8,1.55,0,0,run0 measure
2026-08-19T19:31:55.992,660,RAD,any,1,23.41,25.91,63.6,31.5,827,32.35,1.05,0.54,10,1.53,0,0,run0 measure
2026-08-19T19:31:56.120,661,RAD,any,1,23.41,25.91,63.9,31.2,840,32.28,1.05,0.58,11,1.57,0,0,run0 measure
2026-08-19T19:31:56.218,662,RAD,any,1,23.41,25.91,64.0,30.5,822,32.24,1.05,0.57,11,1.56,0,0,run0 measure
2026-08-19T19:31:56.346,663,RAD,any,1,23.43,25.93,64.1,29.9,820,32.30,1.05,0.57,9,1.57,0,0,run0 measure
2026-08-19T19:31:56.441,664,RAD,any,1,23.48,25.98,64.2,29.7,816,32.32,1.05,0.57,10,1.57,0,0,run0 measure
2026-08-19T19:31:56.570,665,RAD,any,1,23.48,25.98,64.3,29.5,794,32.32,1.06,0.58,9,1.56,0,0,run0 measure
2026-08-19T19:31:56.665,666,RAD,any,1,23.46,25.96,64.4,29.4,800,32.28,1.06,0.58,11,1.57,0,0,run0 measure
2026-08-19T19:31:56.793,667,RAD,any,1,23.46,25.96,64.3,29.1,795,32.28,1.08,0.57,10,1.58,0,0,run0 measure
2026-08-19T19:31:56.921,668,RAD,any,1,23.48,25.98,64.2,28.8,793,32.28,1.08,0.56,10,1.57,0,0,run0 measure
2026-08-19T19:31:57.018,669,RAD,any,1,23.48,25.98,64.1,28.7,794,32.28,1.08,0.57,8,1.57,0,0,run0 measure
2026-08-19T19:31:57.144,670,RAD,any,1,23.51,26.01,64.0,28.6,799,32.30,1.08,0.57,10,1.58,0,0,run0 measure
2026-08-19T19:31:57.241,671,RAD,any,1,23.48,25.98,63.9,28.4,781,32.24,1.08,0.56,9,1.54,0,0,run0 measure
2026-08-19T19:31:57.369,672,RAD,any,1,23.46,25.96,64.0,28.4,780,32.24,1.08,0.56,9,1.55,0,0,run0 measure
2026-08-19T19:31:57.462,673,RAD,any,1,23.46,25.96,64.0,28.4,779,32.24,1.08,0.55,10,1.54,0,0,run0 measure
2026-08-19T19:31:57.590,674,RAD,any,1,23.46,25.96,63.9,28.3,782,32.24,1.08,0.56,9,1.54,0,0,run0 measure
2026-08-19T19:31:57.689,675,RAD,any,1,23.46,25.96,63.9,28.5,798,32.26,1.08,0.57,9,1.56,0,0,run0 measure
2026-08-19T19:31:57.819,676,RAD,any,1,23.46,25.96,63.9,28.4,777,32.26,1.08,0.55,9,1.53,0,0,run0 measure
2026-08-19T19:31:57.942,677,RAD,any,1,23.43,25.93,64.0,28.5,789,32.24,1.06,0.58,9,1.56,0,0,run0 measure
2026-08-19T19:31:58.041,678,RAD,any,1,23.48,25.98,64.0,28.7,799,32.24,1.06,0.58,9,1.58,0,0,run0 measure
2026-08-19T19:31:58.170,679,RAD,any,1,23.48,25.98,64.0,28.7,799,32.24,1.06,0.58,11,1.58,0,0,run0 measure
2026-08-19T19:31:58.267,680,RAD,any,1,23.51,26.01,64.1,28.7,799,32.22,1.06,0.58,11,1.58,0,0,run0 measure
2026-08-19T19:31:58.393,681,RAD,any,1,23.48,25.98,64.1,28.7,791,32.22,1.06,0.58,10,1.57,0,0,run0 measure
2026-08-19T19:31:58.488,682,RAD,any,1,23.48,25.98,64.2,28.7,791,32.22,1.06,0.58,9,1.58,0,0,run0 measure
2026-08-19T19:31:58.618,683,RAD,any,1,23.48,25.98,64.2,28.7,790,32.22,1.06,0.58,9,1.56,0,0,run0 measure
2026-08-19T19:31:58.713,684,RAD,any,1,23.46,25.96,64.2,28.8,789,32.22,1.03,0.56,9,1.57,0,0,run0 measure
2026-08-19T19:31:58.841,685,RAD,any,1,23.46,25.96,64.2,28.9,798,32.22,1.05,0.55,9,1.58,0,0,run0 measure
2026-08-19T19:31:58.967,686,RAD,any,1,23.48,25.98,64.2,29.0,799,32.19,1.05,0.55,10,1.58,0,0,run0 measure
2026-08-19T19:31:59.064,687,RAD,any,1,23.48,25.98,64.3,29.0,801,32.22,1.05,0.56,10,1.58,0,0,run0 measure
2026-08-19T19:31:59.194,688,RAD,any,1,23.53,26.03,64.4,29.1,815,32.47,1.05,0.56,10,1.59,0,0,run0 measure
2026-08-19T19:31:59.290,689,RAD,any,1,23.53,26.03,64.4,29.3,812,32.45,1.05,0.56,10,1.58,0,0,run0 measure
2026-08-19T19:31:59.419,690,RAD,any,1,23.53,26.03,64.6,29.5,799,32.45,1.03,0.57,12,1.58,0,0,run0 measure
2026-08-19T19:31:59.512,691,RAD,any,1,23.53,26.03,64.6,29.6,817,32.43,1.03,0.58,11,1.61,0,0,run0 measure
2026-08-19T19:31:59.641,692,RAD,any,1,23.53,26.03,64.7,29.8,815,32.43,1.03,0.58,9,1.61,0,0,run0 measure
2026-08-19T19:31:59.770,693,RAD,any,1,23.58,26.08,64.6,29.8,827,32.43,1.05,0.57,10,1.61,0,0,run0 measure
2026-08-19T19:31:59.866,694,RAD,any,1,23.55,26.05,64.6,29.9,817,32.43,1.03,0.58,9,1.61,0,0,run0 measure
2026-08-19T19:31:59.994,695,RAD,any,2,23.55,26.05,64.6,29.9,820,32.41,1.03,0.58,9,1.61,0,0,run0 measure
2026-08-19T19:31:59.994,695,RAD,any,2,23.55,26.05,40.0,90.5,371,30.80,1.20,0.77,4,0.96,0,0,run0 measure
2026-08-19T19:32:00.088,696,RAD,any,2,23.55,26.05,64.6,29.9,819,32.37,1.03,0.58,9,1.60,0,0,run0 measure
2026-08-19T19:32:00.088,696,RAD,any,2,23.55,26.05,40.0,90.5,372,30.78,1.20,0.78,4,0.96,0,0,run0 measure
2026-08-19T19:32:00.218,697,RAD,any,2,23.53,26.03,64.6,29.8,809,32.37,1.03,0.58,9,1.59,0,0,run0 measure
2026-08-19T19:32:00.218,697,RAD,any,2,23.53,26.03,40.1,90.5,371,30.78,1.20,0.77,3,0.95,0,0,run0 measure
2026-08-19T19:32:00.313,698,RAD,any,2,23.53,26.03,64.6,29.8,809,32.37,1.03,0.58,8,1.59,0,0,run0 measure
2026-08-19T19:32:00.313,698,RAD,any,2,23.53,26.03,40.1,90.5,371,30.78,1.20,0.77,3,0.95,0,0,run0 measure
2026-08-19T19:32:00.442,699,RAD,any,1,23.53,26.03,64.6,29.8,807,32.37,1.03,0.57,10,1.58,0,0,run0 measure
2026-08-19T19:32:00.540,700,RAD,any,1,23.53,26.03,64.6,30.0,813,32.37,1.03,0.58,10,1.59,0,0,run0 measure
2026-08-19T19:32:00.667,701,RAD,any,1,23.53,26.03,64.6,30.0,813,32.37,1.03,0.58,13,1.58,0,0,run0 measure
2026-08-19T19:32:00.794,702,RAD,any,2,23.53,26.03,64.6,30.0,813,32.37,1.03,0.58,13,1.59,0,0,run0 measure
2026-08-19T19:32:00.794,702,RAD,any,2,23.53,26.03,40.1,90.5,369,30.80,1.20,0.77,3,0.95,0,0,run0 measure
2026-08-19T19:32:00.892,703,RAD,any,2,23.55,26.05,64.7,30.0,812,32.43,1.03,0.58,13,1.58,0,0,run0 measure
2026-08-19T19:32:00.892,703,RAD,any,2,23.55,26.05,40.1,90.6,371,30.95,1.20,0.77,3,0.95,0,0,run0 measure
2026-08-19T19:32:01.020,704,RAD,any,1,23.55,26.05,64.7,30.0,812,32.41,1.03,0.58,13,1.58,0,0,run0 measure
2026-08-19T19:32:01.116,705,RAD,any,2,23.58,26.08,64.6,30.0,813,32.47,1.03,0.58,11,1.59,0,0,run0 measure
2026-08-19T19:32:01.116,705,RAD,any,2,23.58,26.08,40.1,90.6,373,30.95,1.26,0.82,3,0.95,0,0,run0 measure
2026-08-19T19:32:01.244,706,RAD,any,2,23.58,26.08,64.6,29.9,812,32.47,1.03,0.58,11,1.59,0,0,run0 measure
2026-08-19T19:32:01.244,706,RAD,any,2,23.58,26.08,40.1,90.7,372,30.95,1.20,0.78,3,0.96,0,0,run0 measure
2026-08-19T19:32:01.338,707,RAD,any,1,23.60,26.10,64.6,29.9,819,32.47,1.03,0.58,12,1.60,0,0,run0 measure
2026-08-19T19:32:01.466,708,RAD,any,1,23.60,26.10,64.6,29.8,804,32.43,1.03,0.57,11,1.56,0,0,run0 measure
2026-08-19T19:32:01.594,709,RAD,any,2,23.62,26.12,64.6,29.7,807,32.39,1.03,0.57,12,1.56,0,0,run0 measure
2026-08-19T19:32:01.594,709,RAD,any,2,23.62,26.12,40.0,90.7,379,30.98,1.25,0.76,3,0.99,0,0,run0 measure
2026-08-19T19:32:01.690,710,RAD,any,1,23.65,26.15,64.6,29.7,811,32.39,1.03,0.58,11,1.55,0,0,run0 measure
2026-08-19T19:32:01.818,711,RAD,any,1,23.65,26.15,64.6,29.7,811,32.56,1.03,0.58,10,1.56,0,0,run0 measure
2026-08-19T19:32:01.911,712,RAD,any,1,23.65,26.15,64.6,29.7,811,32.54,1.03,0.58,12,1.56,0,0,run0 measure
2026-08-19T19:32:02.040,713,RAD,any,1,23.65,26.15,64.6,29.7,811,32.54,1.03,0.58,11,1.56,0,0,run0 measure
2026-08-19T19:32:02.137,714,RAD,any,1,23.65,26.15,64.6,29.7,815,32.52,1.03,0.58,10,1.57,0,0,run0 measure
2026-08-19T19:32:02.266,715,RAD,any,1,23.67,26.17,64.7,29.7,814,32.45,1.03,0.58,8,1.57,0,0,run0 measure
2026-08-19T19:32:02.362,716,RAD,any,1,23.67,26.17,64.7,29.8,816,32.43,1.03,0.58,10,1.57,0,0,run0 measure
2026-08-19T19:32:02.491,717,RAD,any,1,23.67,26.17,64.7,30.0,830,32.41,1.00,0.57,12,1.59,0,0,run0 measure
2026-08-19T19:32:02.619,718,RAD,any,1,23.67,26.17,64.7,30.0,829,32.41,1.03,0.59,11,1.59,0,0,run0 measure
2026-08-19T19:32:02.716,719,RAD,any,1,23.70,26.20,64.7,30.0,829,32.43,1.03,0.59,9,1.59,0,0,run0 measure
2026-08-19T19:32:02.844,720,RAD,any,1,23.67,26.17,64.7,30.0,831,32.58,1.03,0.59,9,1.60,0,0,run0 measure
2026-08-19T19:32:02.938,721,RAD,any,1,23.67,26.17,64.7,30.0,827,32.58,1.03,0.59,9,1.60,0,0,run0 measure
2026-08-19T19:32:03.066,722,RAD,any,1,23.67,26.17,64.7,30.0,826,32.56,1.03,0.59,9,1.60,0,0,run0 measure
2026-08-19T19:32:03.163,723,RAD,any,1,23.67,26.17,64.6,29.9,824,32.56,1.03,0.59,9,1.58,0,0,run0 measure
2026-08-19T19:32:03.290,724,RAD,any,1,23.67,26.17,64.7,29.9,836,32.56,1.03,0.59,9,1.61,0,0,run0 measure
2026-08-19T19:32:03.419,725,RAD,any,1,23.65,26.15,64.8,30.0,829,32.56,1.03,0.59,9,1.60,0,0,run0 measure
2026-08-19T19:32:03.513,726,RAD,any,1,23.65,26.15,64.8,30.0,829,32.56,1.03,0.59,9,1.61,0,0,run0 measure
2026-08-19T19:32:03.643,727,RAD,any,1,23.65,26.15,64.8,29.9,813,32.56,1.03,0.58,9,1.58,0,0,run0 measure
2026-08-19T19:32:03.739,728,RAD,any,1,23.65,26.15,64.9,29.8,821,32.56,1.00,0.57,10,1.59,0,0,run0 measure
2026-08-19T19:32:03.867,729,RAD,any,1,23.65,26.15,65.1,29.8,817,32.56,1.00,0.57,9,1.57,0,0,run0 measure
2026-08-19T19:32:03.963,730,RAD,any,1,23.62,26.12,65.3,29.8,807,32.50,1.03,0.57,9,1.57,0,0,run0 measure
2026-08-19T19:32:04.090,731,RAD,any,1,23.60,26.10,65.5,29.9,812,32.47,1.03,0.58,9,1.57,0,0,run0 measure
2026-08-19T19:32:04.185,732,RAD,any,1,23.60,26.10,65.7,29.9,843,32.84,1.05,0.58,11,1.60,0,0,run0 measure
2026-08-19T19:32:04.315,733,RAD,any,1,23.58,26.08,66.2,30.3,874,33.46,1.08,0.62,5,1.60,5,0,run0 measure
2026-08-19T19:32:04.443,734,RAD,any,1,23.55,26.05,66.7,30.9,871,33.16,1.15,0.66,8,1.48,5,0,run0 measure
2026-08-19T19:32:04.538,735,RAD,any,1,23.55,26.05,66.9,32.3,948,33.08,1.23,0.63,9,1.50,3,0,run0 measure
2026-08-19T19:32:04.664,736,RAD,any,1,23.55,26.05,67.1,34.2,950,32.71,1.17,0.63,10,1.42,0,0,run0 measure
2026-08-19T19:32:04.761,737,RAD,any,1,23.51,26.01,67.3,36.3,923,32.19,1.11,0.61,10,1.44,0,0,run0 measure
2026-08-19T19:32:04.892,738,RAD,any,1,23.51,26.01,67.2,37.7,945,32.13,1.08,0.58,11,1.52,0,0,run0 measure
2026-08-19T19:32:04.988,739,RAD,any,1,23.51,26.01,70.3,35.8,625,31.63,1.37,0.51,12,1.36,0,0,run0 measure
2026-08-19T19:32:05.119,740,RAD,any,1,23.46,25.96,71.4,34.9,605,31.63,1.38,0.52,13,1.33,0,0,run0 measure
2026-08-19T19:32:05.210,741,RAD,any,1,23.46,25.96,67.8,36.6,999,32.17,1.08,0.64,10,1.53,0,0,run0 measure
2026-08-19T19:32:05.336,742,RAD,any,1,23.46,25.96,66.0,37.2,895,32.22,0.00,0.00,10,1.45,0,0,run0 measure
2026-08-19T19:32:05.466,743,RAD,any,2,23.43,25.93,67.4,36.3,593,31.28,1.27,0.52,15,1.32,0,0,run0 measure
2026-08-19T19:32:05.466,743,RAD,any,2,23.43,25.93,54.0,48.1,207,32.17,1.00,0.39,5,1.66,0,0,run0 measure
2026-08-19T19:32:05.562,744,RAD,any,2,23.46,25.96,66.8,36.2,584,31.20,1.16,0.52,11,1.32,0,0,run0 measure
2026-08-19T19:32:05.562,744,RAD,any,2,23.46,25.96,52.9,49.3,199,32.24,0.96,0.39,5,1.70,0,0,run0 measure
2026-08-19T19:32:05.689,745,RAD,any,1,23.46,25.96,62.2,39.3,870,32.15,1.14,0.62,10,1.55,0,0,run0 measure
2026-08-19T19:32:05.785,746,RAD,any,1,23.43,25.93,59.9,41.6,783,31.91,0.92,0.66,12,1.55,0,0,run0 measure
2026-08-19T19:32:05.912,747,RAD,any,1,23.43,25.93,58.4,42.6,768,31.78,0.97,0.68,11,1.57,0,0,run0 measure
2026-08-19T19:32:06.010,748,RAD,any,1,23.43,25.93,57.5,42.8,755,31.87,0.97,0.67,12,1.55,0,0,run0 measure
2026-08-19T19:32:06.136,749,RAD,any,1,23.43,25.93,56.3,42.1,794,31.96,1.12,0.65,10,1.51,0,0,run0 measure
2026-08-19T19:32:06.262,750,RAD,any,1,23.43,25.93,55.7,41.8,783,32.13,1.15,0.62,6,1.48,0,0,run0 measure
2026-08-19T19:32:06.360,751,RAD,any,1,23.41,25.91,55.2,41.4,787,32.11,1.19,0.65,7,1.46,0,0,run0 measure
2026-08-19T19:32:06.487,752,RAD,any,1,23.46,25.96,54.3,40.5,894,32.11,1.15,0.71,8,1.51,0,0,run0 measure
2026-08-19T19:32:06.586,753,RAD,any,1,23.43,25.93,54.4,41.0,789,31.98,1.16,0.67,10,1.47,0,0,run0 measure
2026-08-19T19:32:06.712,754,RAD,any,1,23.43,25.93,54.4,41.3,799,31.98,1.16,0.67,9,1.45,0,0,run0 measure
2026-08-19T19:32:06.808,755,RAD,any,1,23.41,25.91,54.5,41.4,797,31.98,1.16,0.67,10,1.45,0,0,run0 measure
2026-08-19T19:32:06.938,756,RAD,any,1,23.39,25.89,54.4,41.5,765,31.98,1.19,0.63,10,1.43,0,0,run0 measure
2026-08-19T19:32:07.042,757,RAD,any,2,23.39,25.89,54.3,41.2,783,31.98,1.19,0.64,10,1.44,0,0,run0 measure
2026-08-19T19:32:07.042,757,RAD,any,2,23.39,25.89,40.1,90.5,366,30.78,1.15,0.80,3,0.94,0,0,run0 measure
2026-08-19T19:32:07.163,758,RAD,any,1,23.39,25.89,54.3,41.1,762,31.98,1.19,0.63,9,1.42,0,0,run0 measure
2026-08-19T19:32:07.289,759,RAD,any,1,23.36,25.86,54.7,41.7,727,31.98,1.03,0.69,9,1.43,0,0,run0 measure
2026-08-19T19:32:07.385,760,RAD,any,1,23.36,25.86,54.3,41.1,776,31.98,1.19,0.64,10,1.42,0,0,run0 measure
2026-08-19T19:32:07.512,761,RAD,any,1,23.36,25.86,53.9,40.8,765,31.83,1.22,0.61,9,1.40,0,0,run0 measure
2026-08-19T19:32:07.610,762,RAD,any,1,23.36,25.86,54.1,40.9,727,31.83,1.03,0.69,7,1.40,0,0,run0 measure
2026-08-19T19:32:07.737,763,RAD,any,1,23.36,25.86,53.6,40.6,725,31.89,1.03,0.69,8,1.39,0,0,run0 measure
2026-08-19T19:32:07.833,764,RAD,any,1,23.36,25.86,53.0,40.0,734,32.04,1.06,0.67,8,1.38,0,0,run0 measure
2026-08-19T19:32:07.961,765,RAD,any,1,23.36,25.86,52.3,39.5,726,32.04,1.03,0.69,8,1.36,0,0,run0 measure
2026-08-19T19:32:08.090,766,RAD,any,1,23.34,25.84,51.4,38.6,744,32.04,1.12,0.58,10,1.33,0,0,run0 measure
2026-08-19T19:32:08.184,767,RAD,any,1,23.34,25.84,51.2,38.4,710,32.02,1.06,0.69,9,1.34,0,0,run0 measure
2026-08-19T19:32:08.311,768,RAD,any,1,23.32,25.82,51.3,38.3,708,31.85,1.06,0.69,10,1.33,0,0,run0 measure
2026-08-19T19:32:08.409,769,RAD,any,1,23.29,25.79,51.5,38.2,699,31.85,1.10,0.66,9,1.32,0,0,run0 measure
2026-08-19T19:32:08.539,770,RAD,any,1,23.29,25.79,52.0,37.9,709,31.85,1.10,0.67,10,1.34,0,0,run0 measure
2026-08-19T19:32:08.633,771,RAD,any,1,23.32,25.82,52.0,37.2,753,31.76,1.22,0.60,11,1.31,0,0,run0 measure
2026-08-19T19:32:08.759,772,RAD,any,1,23.27,25.77,52.7,36.9,734,31.89,1.23,0.62,9,1.31,0,0,run0 measure
2026-08-19T19:32:08.857,773,RAD,any,1,23.27,25.77,53.6,36.5,750,32.45,1.30,0.64,9,1.32,0,0,run0 measure
2026-08-19T19:32:08.985,774,RAD,any,1,23.24,25.74,55.3,36.7,721,31.74,1.26,0.60,8,1.27,0,0,run0 measure
2026-08-19T19:32:09.114,775,RAD,any,1,23.24,25.74,57.3,36.7,745,31.81,1.26,0.62,8,1.27,0,0,run0 measure
2026-08-19T19:32:09.208,776,RAD,any,1,23.24,25.74,59.8,36.8,739,31.89,1.25,0.58,9,1.26,0,0,run0 measure
2026-08-19T19:32:09.336,777,RAD,any,1,23.22,25.72,62.4,36.8,753,31.85,1.18,0.59,8,1.28,0,0,run0 measure
2026-08-19T19:32:09.433,778,RAD,any,1,23.22,25.72,65.0,36.7,740,31.59,1.22,0.59,9,1.26,0,0,run0 measure
2026-08-19T19:32:09.562,779,RAD,any,1,23.22,25.72,67.0,36.5,772,31.78,1.12,0.60,8,1.27,0,0,run0 measure
2026-08-19T19:32:09.659,780,RAD,any,1,23.22,25.72,68.4,36.4,765,32.02,1.18,0.56,8,1.27,0,0,run0 measure
2026-08-19T19:32:09.786,781,RAD,any,1,23.22,25.72,69.1,36.2,767,32.00,1.11,0.56,7,1.26,0,0,run0 measure
2026-08-19T19:32:09.912,782,RAD,any,1,23.20,25.70,69.3,36.1,754,31.98,1.09,0.57,9,1.27,0,0,run0 measure
2026-08-19T19:32:10.009,783,RAD,any,1,23.20,25.70,68.9,36.0,749,31.65,1.12,0.58,11,1.27,0,0,run0 measure
2026-08-19T19:32:10.135,784,RAD,any,1,23.20,25.70,68.0,35.9,748,31.28,1.09,0.56,13,1.26,0,0,run0 measure
2026-08-19T19:32:10.233,785,RAD,any,1,23.17,25.67,66.5,35.3,767,31.61,1.11,0.56,11,1.27,0,0,run0 measure
2026-08-19T19:32:10.360,786,RAD,any,1,23.17,25.67,64.2,35.1,757,31.30,1.15,0.57,12,1.30,0,0,run0 measure
2026-08-19T19:32:10.456,787,RAD,any,1,23.15,25.65,61.3,35.0,727,31.35,1.00,0.67,9,1.34,0,0,run0 measure
2026-08-19T19:32:10.585,788,RAD,any,1,23.15,25.65,57.4,34.3,673,31.30,1.00,0.70,11,1.29,0,0,run0 measure
2026-08-19T19:32:10.681,789,RAD,any,1,23.10,25.60,52.4,33.0,667,31.24,1.21,0.66,13,1.25,0,0,run0 measure
2026-08-19T19:32:10.807,790,RAD,any,1,23.10,25.60,47.9,32.0,621,31.13,1.19,0.72,9,1.29,0,0,run0 measure
2026-08-19T19:32:10.938,791,RAD,any,1,23.10,25.60,44.0,30.4,655,31.11,1.29,0.65,11,1.27,0,0,run0 measure
2026-08-19T19:32:11.033,792,RAD,any,1,23.08,25.58,41.6,29.4,644,31.09,1.29,0.64,10,1.25,0,0,run0 measure
2026-08-19T19:32:11.161,793,RAD,any,1,23.05,25.55,40.6,29.5,606,31.06,1.18,0.66,10,1.23,0,0,run0 measure
2026-08-19T19:32:11.257,794,RAD,any,1,23.05,25.55,39.9,29.6,633,31.02,1.25,0.65,9,1.23,0,0,run0 measure
2026-08-19T19:32:11.385,795,RAD,any,1,23.05,25.55,39.2,30.0,638,31.17,1.24,0.61,10,1.25,0,0,run0 measure
2026-08-19T19:32:11.482,796,RAD,any,1,23.05,25.55,39.0,30.7,636,31.17,1.29,0.63,8,1.25,0,0,run0 measure
2026-08-19T19:32:11.608,797,RAD,any,1,23.03,25.53,39.2,32.0,634,31.35,1.29,0.63,8,1.25,0,0,run0 measure
2026-08-19T19:32:11.704,798,RAD,any,1,23.03,25.53,39.7,33.6,616,31.41,1.10,0.66,9,1.26,0,0,run0 measure
2026-08-19T19:32:11.835,799,RAD,any,1,23.03,25.53,39.8,34.6,652,31.44,1.24,0.62,9,1.30,0,0,run0 measure
2026-08-19T19:32:11.958,800,RAD,any,1,23.03,25.53,40.1,35.9,663,31.46,1.20,0.61,9,1.30,0,0,run0 measure
2026-08-19T19:32:12.054,801,RAD,any,1,22.98,25.48,40.2,37.2,634,31.46,1.10,0.64,7,1.30,0,0,run0 measure
2026-08-19T19:32:12.184,802,RAD,any,1,22.96,25.46,39.6,38.0,612,31.22,1.10,0.62,6,1.29,0,0,run0 measure
2026-08-19T19:32:12.280,803,RAD,any,1,22.96,25.46,38.2,38.4,619,31.39,1.13,0.57,10,1.24,0,0,run0 measure
2026-08-19T19:32:12.407,804,RAD,any,1,22.96,25.46,35.8,38.3,639,31.55,1.13,0.59,7,1.23,0,0,run0 measure
2026-08-19T19:32:12.505,805,RAD,any,1,22.94,25.44,33.7,38.3,634,31.57,1.13,0.62,8,1.24,0,0,run0 measure
2026-08-19T19:32:12.633,806,RAD,any,1,22.94,25.44,31.6,38.5,618,31.37,1.13,0.61,10,1.22,0,0,run0 measure
2026-08-19T19:32:12.764,807,RAD,any,1,22.94,25.44,30.3,38.7,609,31.28,1.10,0.62,10,1.19,0,0,run0 measure
2026-08-19T19:32:12.857,808,RAD,any,1,22.91,25.41,29.5,38.9,595,31.28,1.10,0.64,9,1.19,0,0,run0 measure
2026-08-19T19:32:12.982,809,RAD,any,1,22.89,25.39,28.9,39.0,593,31.22,1.07,0.62,10,1.14,0,0,run0 measure
2026-08-19T19:32:13.083,810,RAD,any,1,22.89,25.39,28.8,39.0,596,31.22,1.03,0.60,10,1.14,0,0,run0 measure
2026-08-19T19:32:13.208,811,RAD,any,1,22.87,25.37,28.8,39.0,599,31.22,1.03,0.60,8,1.14,0,0,run0 measure
2026-08-19T19:32:13.303,812,RAD,any,1,22.87,25.37,29.1,39.1,604,31.15,1.10,0.61,7,1.16,0,0,run0 measure
2026-08-19T19:32:13.432,813,RAD,any,1,22.87,25.37,29.5,39.2,595,31.13,1.10,0.60,8,1.16,0,0,run0 measure
2026-08-19T19:32:13.527,814,RAD,any,1,22.84,25.34,30.2,39.4,581,31.11,1.07,0.61,7,1.18,0,0,run0 measure
2026-08-19T19:32:13.656,815,RAD,any,1,22.84,25.34,30.5,39.6,604,31.22,1.14,0.63,8,1.21,0,0,run0 measure
2026-08-19T19:32:13.785,816,RAD,any,1,22.84,25.34,30.7,39.6,611,31.41,1.10,0.62,9,1.19,0,0,run0 measure
2026-08-19T19:32:13.881,817,RAD,any,1,22.84,25.34,31.1,39.7,593,31.33,1.10,0.60,8,1.20,0,0,run0 measure
2026-08-19T19:32:14.006,818,RAD,any,1,22.82,25.32,31.5,39.9,593,31.33,1.10,0.60,8,1.20,0,0,run0 measure
2026-08-19T19:32:14.104,819,RAD,any,1,22.80,25.30,32.0,40.3,561,31.22,1.19,0.65,9,1.19,0,0,run0 measure
2026-08-19T19:32:14.233,820,RAD,any,1,22.80,25.30,32.2,40.4,581,31.20,1.14,0.61,8,1.21,0,0,run0 measure
2026-08-19T19:32:14.328,821,RAD,any,1,22.80,25.30,31.8,40.0,611,31.22,1.13,0.60,8,1.21,0,0,run0 measure
2026-08-19T19:32:14.457,822,RAD,any,1,22.77,25.27,31.6,39.8,613,31.22,1.17,0.58,8,1.22,0,0,run0 measure
2026-08-19T19:32:14.582,823,RAD,any,1,22.77,25.27,31.6,39.9,617,31.24,1.17,0.59,7,1.22,0,0,run0 measure
2026-08-19T19:32:14.681,824,RAD,any,1,22.75,25.25,31.7,39.9,621,31.22,1.13,0.61,8,1.21,0,0,run0 measure
2026-08-19T19:32:14.809,825,RAD,any,1,22.75,25.25,31.8,39.9,623,31.22,1.13,0.61,10,1.23,0,0,run0 measure
2026-08-19T19:32:14.904,826,RAD,any,1,22.77,25.27,31.9,40.0,619,31.24,1.13,0.61,9,1.23,0,0,run0 measure
2026-08-19T19:32:15.033,827,RAD,any,1,22.75,25.25,32.2,40.3,603,31.26,1.18,0.65,9,1.25,0,0,run0 measure
2026-08-19T19:32:15.128,828,RAD,any,1,22.75,25.25,32.4,40.3,621,31.39,1.07,0.65,6,1.24,0,0,run0 measure
2026-08-19T19:32:15.258,829,RAD,any,1,22.73,25.23,32.4,40.2,622,31.39,1.13,0.61,6,1.22,0,0,run0 measure
2026-08-19T19:32:15.354,830,RAD,any,1,22.73,25.23,32.3,40.0,632,31.39,1.17,0.60,6,1.24,0,0,run0 measure
2026-08-19T19:32:15.480,831,RAD,any,1,22.73,25.23,32.4,40.1,638,31.39,1.17,0.61,6,1.25,0,0,run0 measure
2026-08-19T19:32:15.610,832,RAD,any,1,22.73,25.23,33.0,40.6,595,31.33,1.14,0.62,7,1.22,0,0,run0 measure
2026-08-19T19:32:15.705,833,RAD,any,1,22.72,25.22,33.3,40.8,602,31.28,1.14,0.63,6,1.22,0,0,run0 measure
2026-08-19T19:32:15.832,834,RAD,any,1,22.70,25.20,33.2,40.6,621,31.35,1.14,0.65,6,1.26,0,0,run0 measure
2026-08-19T19:32:15.928,835,RAD,any,1,22.70,25.20,33.0,40.4,627,31.35,1.21,0.62,6,1.24,0,0,run0 measure
2026-08-19T19:32:16.058,836,RAD,any,1,22.68,25.18,33.1,40.5,609,31.26,1.17,0.58,7,1.22,0,0,run0 measure
2026-08-19T19:32:16.153,837,RAD,any,1,22.70,25.20,33.3,40.6,619,31.30,1.17,0.59,8,1.21,0,0,run0 measure
2026-08-19T19:32:16.282,838,RAD,any,1,22.70,25.20,33.4,40.4,634,31.30,1.17,0.60,8,1.22,0,0,run0 measure
2026-08-19T19:32:16.410,839,RAD,any,1,22.70,25.20,33.5,40.3,631,31.17,1.13,0.62,8,1.22,0,0,run0 measure
2026-08-19T19:32:16.505,840,RAD,any,1,22.70,25.20,33.5,40.1,637,31.22,1.13,0.62,8,1.22,0,0,run0 measure
2026-08-19T19:32:16.632,841,RAD,any,1,22.73,25.23,33.3,39.8,668,31.83,1.20,0.62,5,1.28,0,0,run0 measure
2026-08-19T19:32:16.727,842,RAD,any,1,22.73,25.23,33.2,39.9,669,32.13,1.20,0.62,4,1.32,0,0,run0 measure
2026-08-19T19:32:16.856,843,RAD,any,1,22.75,25.25,33.1,39.8,678,32.52,1.20,0.63,3,1.33,0,0,run0 measure
2026-08-19T19:32:16.949,844,RAD,any,1,22.73,25.23,33.1,39.6,678,32.43,1.20,0.63,4,1.33,0,0,run0 measure
2026-08-19T19:32:17.078,845,RAD,any,1,22.73,25.23,33.2,39.5,671,32.43,1.20,0.62,4,1.33,0,0,run0 measure
2026-08-19T19:32:17.178,846,RAD,any,1,22.73,25.23,33.2,39.4,684,32.43,1.20,0.63,4,1.33,0,0,run0 measure
2026-08-19T19:32:17.307,847,RAD,any,1,22.73,25.23,33.4,39.6,664,31.89,1.20,0.61,5,1.30,0,0,run0 measure
2026-08-19T19:32:17.430,848,RAD,any,1,22.77,25.27,33.6,39.8,658,31.65,1.20,0.61,6,1.28,0,0,run0 measure
2026-08-19T19:32:17.529,849,RAD,any,1,22.77,25.27,33.6,39.9,656,31.55,1.20,0.61,7,1.29,0,0,run0 measure
2026-08-19T19:32:17.655,850,RAD,any,1,22.77,25.27,33.6,40.1,661,31.39,1.20,0.61,7,1.28,0,0,run0 measure
2026-08-19T19:32:17.752,851,RAD,any,1,22.77,25.27,33.9,40.6,639,31.30,1.17,0.61,10,1.26,0,0,run0 measure
2026-08-19T19:32:17.880,852,RAD,any,1,22.77,25.27,34.1,40.8,659,31.24,1.20,0.61,11,1.26,0,0,run0 measure
2026-08-19T19:32:17.978,853,RAD,any,1,22.75,25.25,34.6,41.1,626,31.20,1.17,0.60,9,1.26,0,0,run0 measure
2026-08-19T19:32:18.106,854,RAD,any,1,22.73,25.23,34.8,41.3,655,31.02,1.24,0.63,8,1.27,0,0,run0 measure
2026-08-19T19:32:18.201,855,RAD,any,1,22.75,25.25,35.4,41.3,681,31.04,1.28,0.63,9,1.30,0,0,run0 measure
2026-08-19T19:32:18.331,856,RAD,any,1,22.75,25.25,36.1,41.9,674,31.04,1.28,0.63,10,1.32,0,0,run0 measure
2026-08-19T19:32:18.457,857,RAD,any,1,22.75,25.25,37.0,42.5,683,31.06,1.36,0.64,9,1.35,0,0,run0 measure
2026-08-19T19:32:18.550,858,RAD,any,1,22.73,25.23,38.1,42.2,592,30.82,1.39,0.54,12,1.31,0,0,run0 measure
2026-08-19T19:32:18.681,859,RAD,any,1,22.75,25.25,39.1,42.4,586,30.89,1.34,0.52,12,1.29,0,0,run0 measure
2026-08-19T19:32:18.776,860,RAD,any,1,22.77,25.27,39.5,42.5,606,31.13,1.38,0.52,9,1.29,0,0,run0 measure
2026-08-19T19:32:18.905,861,RAD,any,1,22.77,25.27,39.4,43.0,603,31.09,0.00,0.00,10,1.34,0,0,run0 measure
2026-08-19T19:32:19.003,862,RAD,any,1,22.75,25.25,38.9,44.1,573,31.20,0.00,0.00,6,1.32,0,0,run0 measure
2026-08-19T19:32:19.128,863,RAD,any,1,22.75,25.25,37.6,45.0,622,31.04,1.41,0.52,10,1.30,0,0,run0 measure
2026-08-19T19:32:19.256,864,RAD,any,1,22.75,25.25,36.1,45.5,558,31.46,1.29,0.45,7,1.29,0,0,run0 measure
2026-08-19T19:32:19.352,865,RAD,any,1,22.75,25.25,35.6,46.2,592,31.46,1.24,0.44,7,1.32,0,0,run0 measure
2026-08-19T19:32:19.480,866,RAD,any,1,22.75,25.25,36.9,46.6,543,31.09,1.05,0.34,11,1.05,0,0,run0 measure
2026-08-19T19:32:19.579,867,RAD,any,1,22.75,25.25,38.2,46.5,599,31.39,0.89,0.32,9,1.20,0,0,run0 measure
2026-08-19T19:32:19.704,868,RAD,any,1,22.75,25.25,39.6,46.7,602,31.59,0.80,0.29,8,1.21,0,0,run0 measure
2026-08-19T19:32:19.803,869,RAD,any,1,22.77,25.27,40.3,46.9,628,31.65,0.83,0.28,8,1.23,0,0,run0 measure
2026-08-19T19:32:19.930,870,RAD,any,1,22.77,25.27,40.7,47.2,657,31.57,0.81,0.28,9,1.27,0,0,run0 measure
2026-08-19T19:32:20.026,871,RAD,any,1,22.80,25.30,41.4,47.4,651,31.57,0.80,0.28,10,1.26,0,0,run0 measure
2026-08-19T19:32:20.154,872,RAD,any,1,22.80,25.30,42.2,47.6,643,31.44,0.76,0.29,12,1.25,0,0,run0 measure
2026-08-19T19:32:20.279,873,RAD,any,1,22.80,25.30,42.6,47.9,670,31.50,0.76,0.30,10,1.30,0,0,run0 measure
2026-08-19T19:32:20.376,874,RAD,any,1,22.84,25.34,42.8,47.6,667,31.50,0.80,0.28,10,1.25,0,0,run0 measure
2026-08-19T19:32:20.504,875,RAD,any,1,22.84,25.34,43.0,47.6,672,31.46,0.77,0.27,11,1.25,0,0,run0 measure
2026-08-19T19:32:20.600,876,RAD,any,1,22.84,25.34,43.1,47.4,711,31.61,0.75,0.27,9,1.29,0,0,run0 measure
2026-08-19T19:32:20.728,877,RAD,any,1,22.84,25.34,44.1,47.6,684,31.59,0.71,0.25,10,1.26,0,0,run0 measure
2026-08-19T19:32:20.826,878,RAD,any,1,22.84,25.34,43.8,58.0,1004,31.59,0.00,0.00,12,1.17,0,0,run0 measure
2026-08-19T19:32:20.953,879,RAD,any,1,22.84,25.34,43.7,62.2,1002,31.48,0.00,0.00,15,1.15,0,0,run0 measure
2026-08-19T19:32:21.089,880,RAD,any,1,22.84,25.34,43.7,63.5,993,31.50,0.00,0.00,13,1.15,0,0,run0 measure
2026-08-19T19:32:21.178,881,RAD,any,1,22.84,25.34,43.4,63.1,1037,31.59,0.00,0.00,12,1.20,0,0,run0 measure
2026-08-19T19:32:21.305,882,RAD,any,1,22.84,25.34,43.4,62.6,1019,31.59,0.00,0.00,10,1.19,0,0,run0 measure
2026-08-19T19:32:21.401,883,RAD,any,1,22.84,25.34,42.7,61.2,1091,31.63,0.00,0.00,13,1.29,0,0,run0 measure
2026-08-19T19:32:21.527,884,RAD,any,1,22.84,25.34,43.0,62.1,994,31.68,0.00,0.00,12,1.18,0,0,run0 measure
2026-08-19T19:32:21.625,885,RAD,any,1,22.82,25.32,43.0,62.7,987,31.57,0.00,0.00,13,1.17,0,0,run0 measure
2026-08-19T19:32:21.756,886,RAD,any,1,22.80,25.30,42.9,62.9,980,31.41,0.00,0.00,12,1.18,0,0,run0 measure
2026-08-19T19:32:21.849,887,RAD,any,1,22.77,25.27,43.6,63.5,947,31.57,0.00,0.00,14,1.16,0,0,run0 measure
2026-08-19T19:32:21.979,888,RAD,any,1,22.77,25.27,43.4,62.5,984,31.39,0.00,0.00,13,1.17,0,0,run0 measure
2026-08-19T19:32:22.104,889,RAD,any,1,22.80,25.30,43.5,61.7,989,31.55,0.00,0.00,12,1.16,0,0,run0 measure
2026-08-19T19:32:22.200,890,RAD,any,1,22.77,25.27,44.6,50.5,661,31.52,0.66,0.25,13,1.27,0,0,run0 measure
2026-08-19T19:32:22.332,891,RAD,any,1,22.77,25.27,44.8,45.6,685,31.52,0.66,0.25,13,1.28,0,0,run0 measure
2026-08-19T19:32:22.425,892,RAD,any,1,22.75,25.25,45.0,44.0,674,31.44,0.65,0.25,12,1.25,0,0,run0 measure
2026-08-19T19:32:22.553,893,RAD,any,1,22.75,25.25,45.1,43.6,674,31.48,0.64,0.26,11,1.24,0,0,run0 measure
2026-08-19T19:32:22.650,894,RAD,any,1,22.75,25.25,44.7,43.5,705,31.50,0.62,0.28,13,1.27,0,0,run0 measure
2026-08-19T19:32:22.777,895,RAD,any,1,22.77,25.27,44.6,43.3,703,31.37,0.64,0.30,13,1.29,0,0,run0 measure
2026-08-19T19:32:22.908,896,RAD,any,1,22.77,25.27,44.4,42.9,689,31.48,0.65,0.29,12,1.27,0,0,run0 measure
2026-08-19T19:32:23.003,897,RAD,any,1,22.80,25.30,43.4,41.5,750,31.52,0.72,0.31,12,1.38,0,0,run0 measure
2026-08-19T19:32:23.128,898,RAD,any,1,22.77,25.27,44.3,40.9,662,31.52,0.74,0.27,10,1.34,0,0,run0 measure
2026-08-19T19:32:23.227,899,RAD,any,1,22.75,25.25,45.5,41.0,591,31.41,0.70,0.29,10,1.25,0,0,run0 measure
2026-08-19T19:32:23.355,900,RAD,any,1,22.73,25.23,45.9,40.6,605,31.24,0.70,0.29,13,1.25,0,0,run0 measure
2026-08-19T19:32:23.447,901,RAD,any,1,22.73,25.23,46.0,40.0,606,31.13,0.72,0.29,10,1.24,0,0,run0 measure
2026-08-19T19:32:23.577,902,RAD,any,1,22.70,25.20,45.9,39.3,598,31.22,0.72,0.30,12,1.26,0,0,run0 measure
2026-08-19T19:32:23.673,903,RAD,any,1,22.70,25.20,45.6,38.8,571,31.22,0.75,0.29,13,1.23,0,0,run0 measure
2026-08-19T19:32:23.802,904,RAD,any,1,22.70,25.20,44.9,38.3,562,31.17,0.81,0.30,11,1.21,0,0,run0 measure
2026-08-19T19:32:23.932,905,RAD,any,1,22.70,25.20,43.7,37.7,558,31.33,0.84,0.33,10,1.21,0,0,run0 measure
2026-08-19T19:32:24.026,906,RAD,any,1,22.70,25.20,43.5,37.6,558,31.28,0.84,0.33,11,1.23,0,0,run0 measure
2026-08-19T19:32:24.153,907,RAD,any,1,22.73,25.23,43.8,37.8,568,31.44,0.79,0.33,9,1.26,0,0,run0 measure
2026-08-19T19:32:24.250,908,RAD,any,1,22.73,25.23,44.5,38.1,578,31.44,0.71,0.31,9,1.27,0,0,run0 measure
2026-08-19T19:32:24.375,909,RAD,any,1,22.73,25.23,45.3,38.3,605,31.52,0.64,0.31,7,1.29,0,0,run0 measure
2026-08-19T19:32:24.473,910,RAD,any,1,22.75,25.25,45.8,38.2,619,31.35,0.60,0.32,10,1.28,0,0,run0 measure
2026-08-19T19:32:24.601,911,RAD,any,1,22.75,25.25,46.0,38.3,647,31.30,0.60,0.32,12,1.29,0,0,run0 measure
2026-08-19T19:32:24.697,912,RAD,any,1,22.75,25.25,46.2,38.6,634,31.30,0.61,0.32,11,1.28,0,0,run0 measure
2026-08-19T19:32:24.824,913,RAD,any,1,22.75,25.25,45.7,38.8,633,31.37,0.66,0.31,12,1.27,0,0,run0 measure
2026-08-19T19:32:24.952,914,RAD,any,1,22.77,25.27,44.8,39.2,670,31.39,0.74,0.31,13,1.29,0,0,run0 measure
2026-08-19T19:32:25.049,915,RAD,any,1,22.77,25.27,43.9,39.7,670,31.61,0.90,0.30,13,1.29,0,0,run0 measure
2026-08-19T19:32:25.176,916,RAD,any,1,22.77,25.27,44.0,40.6,647,31.37,1.00,0.29,12,1.28,0,0,run0 measure
2026-08-19T19:32:25.273,917,RAD,any,1,22.80,25.30,43.5,40.7,669,31.55,1.06,0.27,12,1.30,0,0,run0 measure
2026-08-19T19:32:25.403,918,RAD,any,1,22.80,25.30,44.0,41.1,648,31.41,1.02,0.26,13,1.27,0,0,run0 measure
2026-08-19T19:32:25.499,919,RAD,any,1,22.77,25.27,44.7,41.4,665,31.37,0.92,0.27,13,1.28,0,0,run0 measure
2026-08-19T19:32:25.624,920,RAD,any,1,22.77,25.27,45.4,41.1,665,31.41,0.77,0.28,14,1.25,0,0,run0 measure
2026-08-19T19:32:25.753,921,RAD,any,1,22.80,25.30,46.0,40.7,679,31.30,0.68,0.29,12,1.26,0,0,run0 measure
2026-08-19T19:32:25.848,922,RAD,any,1,22.80,25.30,46.2,40.5,694,31.28,0.62,0.30,11,1.27,0,0,run0 measure
2026-08-19T19:32:25.976,923,RAD,any,1,22.80,25.30,46.4,40.1,695,31.37,0.58,0.31,12,1.26,0,0,run0 measure
2026-08-19T19:32:26.073,924,RAD,any,1,22.82,25.32,46.5,40.3,692,31.37,0.60,0.30,12,1.26,0,0,run0 measure
2026-08-19T19:32:26.203,925,RAD,any,1,22.82,25.32,46.7,40.9,695,31.37,0.65,0.30,12,1.28,0,0,run0 measure
2026-08-19T19:32:26.297,926,RAD,any,1,22.82,25.32,46.4,41.6,671,31.37,0.77,0.27,13,1.22,0,0,run0 measure
2026-08-19T19:32:26.426,927,RAD,any,1,22.82,25.32,46.0,42.3,660,31.44,0.91,0.26,13,1.22,0,0,run0 measure
2026-08-19T19:32:26.522,928,RAD,any,1,22.82,25.32,45.8,43.2,626,31.30,0.90,0.28,11,1.23,0,0,run0 measure
2026-08-19T19:32:26.649,929,RAD,any,1,22.80,25.30,45.3,43.5,617,31.37,0.96,0.28,12,1.26,0,0,run0 measure
2026-08-19T19:32:26.775,930,RAD,any,1,22.80,25.30,45.6,43.5,617,31.22,0.90,0.27,11,1.24,0,0,run0 measure
2026-08-19T19:32:26.873,931,RAD,any,1,22.77,25.27,46.2,43.2,625,31.30,0.78,0.28,11,1.23,0,0,run0 measure
2026-08-19T19:32:27.000,932,RAD,any,1,22.77,25.27,46.8,42.3,623,31.17,0.61,0.29,12,1.23,0,0,run0 measure
2026-08-19T19:32:27.097,933,RAD,any,1,22.75,25.25,47.5,41.4,646,31.15,0.49,0.33,12,1.25,0,0,run0 measure
2026-08-19T19:32:27.226,934,RAD,any,1,22.75,25.25,47.4,40.7,670,31.22,0.58,0.28,14,1.25,0,0,run0 measure
2026-08-19T19:32:27.322,935,RAD,any,1,22.75,25.25,47.3,40.1,657,31.35,0.56,0.29,13,1.21,0,0,run0 measure
2026-08-19T19:32:27.449,936,RAD,any,1,22.73,25.23,47.0,39.7,665,31.20,0.56,0.29,14,1.20,0,0,run0 measure
2026-08-19T19:32:27.579,937,RAD,any,1,22.73,25.23,47.2,39.8,666,31.20,0.57,0.29,13,1.19,0,0,run0 measure
2026-08-19T19:32:27.673,938,RAD,any,1,22.73,25.23,47.0,40.2,659,31.33,0.66,0.27,13,1.21,0,0,run0 measure
2026-08-19T19:32:27.803,939,RAD,any,1,22.75,25.25,46.5,40.6,659,31.22,0.75,0.27,11,1.21,0,0,run0 measure
2026-08-19T19:32:27.899,940,RAD,any,1,22.73,25.23,46.0,41.1,657,31.15,0.90,0.27,13,1.21,0,0,run0 measure
2026-08-19T19:32:28.028,941,RAD,any,1,22.70,25.20,45.4,41.1,638,31.13,0.96,0.27,11,1.22,0,0,run0 measure
2026-08-19T19:32:28.121,942,RAD,any,1,22.70,25.20,45.1,40.9,638,31.20,0.94,0.27,11,1.21,0,0,run0 measure
2026-08-19T19:32:28.249,943,RAD,any,1,22.70,25.20,44.9,40.6,633,31.20,0.94,0.27,11,1.19,0,0,run0 measure
2026-08-19T19:32:28.346,944,RAD,any,1,22.73,25.23,44.6,39.9,644,31.20,0.92,0.28,12,1.18,0,0,run0 measure
2026-08-19T19:32:28.473,945,RAD,any,1,22.70,25.20,44.4,39.2,591,31.13,0.94,0.27,12,1.10,0,0,run0 measure
2026-08-19T19:32:28.599,946,RAD,any,1,22.68,25.18,43.3,38.9,598,30.89,1.13,0.37,10,1.09,0,0,run0 measure
2026-08-19T19:32:28.697,947,RAD,any,1,22.63,25.13,42.5,38.5,626,30.93,1.15,0.47,10,1.10,0,0,run0 measure
2026-08-19T19:32:28.827,948,RAD,any,1,22.61,25.11,41.8,38.8,747,31.11,1.19,0.61,11,1.19,0,0,run0 measure
2026-08-19T19:32:28.920,949,RAD,any,1,22.61,25.11,41.2,38.6,725,31.81,1.19,0.60,7,1.20,0,0,run0 measure
2026-08-19T19:32:29.048,950,RAD,any,1,22.58,25.08,40.5,38.2,726,31.91,1.12,0.59,5,1.23,0,0,run0 measure
2026-08-19T19:32:29.145,951,RAD,any,1,22.58,25.08,39.6,37.5,716,31.98,1.12,0.55,9,1.26,0,0,run0 measure
2026-08-19T19:32:29.272,952,RAD,any,1,22.58,25.08,38.8,36.7,680,31.98,1.06,0.53,11,1.28,0,0,run0 measure
2026-08-19T19:32:29.401,953,RAD,any,1,22.58,25.08,38.0,36.2,672,32.00,1.00,0.52,11,1.34,0,0,run0 measure
2026-08-19T19:32:29.497,954,RAD,any,1,22.58,25.08,37.5,35.9,652,32.30,1.03,0.52,10,1.41,0,0,run0 measure
2026-08-19T19:32:29.629,955,RAD,any,1,22.56,25.06,37.2,35.7,633,31.81,1.03,0.50,9,1.39,0,0,run0 measure
2026-08-19T19:32:29.720,956,RAD,any,1,22.56,25.06,36.8,35.5,629,31.61,0.97,0.50,9,1.38,0,0,run0 measure
2026-08-19T19:32:29.849,957,RAD,any,1,22.54,25.04,36.5,35.2,593,31.63,1.00,0.48,10,1.34,0,0,run0 measure
2026-08-19T19:32:29.945,958,RAD,any,1,22.49,24.99,36.1,34.7,551,31.63,0.97,0.46,7,1.28,0,0,run0 measure
2026-08-19T19:32:30.077,959,RAD,any,1,22.49,24.99,35.9,34.4,581,31.46,0.97,0.49,9,1.36,0,0,run0 measure
2026-08-19T19:32:30.170,960,RAD,any,1,22.49,24.99,35.8,33.9,570,31.44,0.94,0.49,10,1.34,0,0,run0 measure
2026-08-19T19:32:30.298,961,RAD,any,1,22.49,24.99,35.7,33.7,565,31.44,0.94,0.49,10,1.33,0,0,run0 measure
2026-08-19T19:32:30.428,962,RAD,any,1,22.47,24.97,35.4,33.0,504,31.37,0.94,0.44,9,1.19,0,0,run0 measure
2026-08-19T19:32:30.523,963,RAD,any,2,22.44,24.94,35.4,32.9,528,31.37,0.91,0.47,9,1.29,0,0,run0 measure
2026-08-19T19:32:30.523,963,RAD,any,2,22.44,24.94,40.4,89.8,283,29.88,1.11,0.79,3,0.72,0,0,run0 measure
2026-08-19T19:32:30.651,964,RAD,any,2,22.44,24.94,35.4,32.8,525,31.37,0.91,0.47,7,1.27,0,0,run0 measure
2026-08-19T19:32:30.651,964,RAD,any,2,22.44,24.94,40.4,89.8,283,29.88,1.11,0.79,3,0.72,0,0,run0 measure
2026-08-19T19:32:30.747,965,RAD,any,2,22.42,24.92,35.6,32.7,527,31.37,0.91,0.47,8,1.26,0,0,run0 measure
2026-08-19T19:32:30.747,965,RAD,any,2,22.42,24.92,40.4,89.7,281,29.88,1.11,0.78,4,0.73,0,0,run0 measure
2026-08-19T19:32:30.878,966,RAD,any,2,22.42,24.92,35.6,32.6,525,31.37,0.91,0.47,9,1.25,0,0,run0 measure
2026-08-19T19:32:30.878,966,RAD,any,2,22.42,24.92,40.4,89.8,283,29.88,1.11,0.79,4,0.73,0,0,run0 measure
2026-08-19T19:32:30.971,967,RAD,any,2,22.44,24.94,35.4,32.5,515,31.37,0.91,0.46,8,1.23,0,0,run0 measure
2026-08-19T19:32:30.971,967,RAD,any,2,22.44,24.94,40.4,89.7,281,29.88,1.11,0.78,4,0.73,0,0,run0 measure
2026-08-19T19:32:31.097,968,RAD,any,2,22.51,25.01,35.3,32.3,531,31.37,0.94,0.46,8,1.28,0,0,run0 measure
2026-08-19T19:32:31.097,968,RAD,any,2,22.51,25.01,40.5,89.8,289,29.94,1.11,0.80,3,0.74,0,0,run0 measure
2026-08-19T19:32:31.195,969,RAD,any,2,22.51,25.01,35.2,32.1,533,31.30,0.91,0.48,8,1.29,0,0,run0 measure
2026-08-19T19:32:31.195,969,RAD,any,2,22.51,25.01,40.5,89.8,289,29.92,1.11,0.80,3,0.74,0,0,run0 measure
2026-08-19T19:32:31.320,970,RAD,any,2,22.49,24.99,35.3,32.2,527,31.26,0.89,0.49,8,1.30,0,0,run0 measure
2026-08-19T19:32:31.320,970,RAD,any,2,22.49,24.99,40.4,89.9,291,29.92,1.11,0.81,3,0.74,0,0,run0 measure
2026-08-19T19:32:31.451,971,RAD,any,2,22.49,24.99,35.3,32.2,524,31.20,0.89,0.48,8,1.30,0,0,run0 measure
2026-08-19T19:32:31.451,971,RAD,any,2,22.49,24.99,40.4,89.9,292,29.90,1.11,0.81,4,0.74,0,0,run0 measure
2026-08-19T19:32:31.546,972,RAD,any,2,22.49,24.99,35.4,32.2,522,31.20,0.89,0.48,9,1.30,0,0,run0 measure
2026-08-19T19:32:31.546,972,RAD,any,2,22.49,24.99,40.3,89.9,290,29.88,1.11,0.81,3,0.74,0,0,run0 measure
2026-08-19T19:32:31.674,973,RAD,any,2,22.47,24.97,35.4,32.2,522,31.20,0.89,0.48,8,1.29,0,0,run0 measure
2026-08-19T19:32:31.674,973,RAD,any,2,22.47,24.97,40.3,89.9,289,29.88,1.11,0.80,3,0.74,0,0,run0 measure
2026-08-19T19:32:31.770,974,RAD,any,2,22.47,24.97,35.5,32.2,518,31.20,0.89,0.48,7,1.29,0,0,run0 measure
2026-08-19T19:32:31.770,974,RAD,any,2,22.47,24.97,40.3,89.9,288,29.90,1.11,0.80,3,0.74,0,0,run0 measure
2026-08-19T19:32:31.896,975,RAD,any,1,22.44,24.94,35.5,32.2,520,31.20,0.91,0.46,8,1.30,0,0,run0 measure
2026-08-19T19:32:31.995,976,RAD,any,1,22.44,24.94,35.4,32.1,538,31.17,0.91,0.48,8,1.31,0,0,run0 measure
2026-08-19T19:32:32.124,977,RAD,any,1,22.42,24.92,35.3,31.7,512,31.17,0.91,0.46,7,1.25,0,0,run0 measure
2026-08-19T19:32:32.250,978,RAD,any,1,22.44,24.94,35.2,31.5,514,31.15,0.91,0.46,7,1.25,0,0,run0 measure
2026-08-19T19:32:32.346,979,RAD,any,1,22.44,24.94,35.2,31.6,524,31.28,0.91,0.47,8,1.27,0,0,run0 measure
2026-08-19T19:32:32.475,980,RAD,any,2,22.44,24.94,35.3,31.6,517,31.22,0.91,0.46,9,1.27,0,0,run0 measure
2026-08-19T19:32:32.475,980,RAD,any,2,22.44,24.94,40.3,89.9,290,30.01,1.17,0.77,3,0.77,0,0,run0 measure
2026-08-19T19:32:32.571,981,RAD,any,2,22.47,24.97,35.3,31.5,532,31.22,0.89,0.49,11,1.28,0,0,run0 measure
2026-08-19T19:32:32.571,981,RAD,any,2,22.47,24.97,40.3,89.8,291,29.99,1.17,0.77,3,0.76,0,0,run0 measure
2026-08-19T19:32:32.699,982,RAD,any,2,22.51,25.01,35.4,31.5,535,31.20,0.89,0.49,10,1.27,0,0,run0 measure
2026-08-19T19:32:32.699,982,RAD,any,2,22.51,25.01,40.4,89.7,299,30.10,1.17,0.79,3,0.77,0,0,run0 measure
2026-08-19T19:32:32.797,983,RAD,any,2,22.54,25.04,35.4,31.4,534,31.30,0.89,0.49,10,1.30,0,0,run0 measure
2026-08-19T19:32:32.797,983,RAD,any,2,22.54,25.04,40.4,89.8,302,30.10,1.17,0.80,3,0.78,0,0,run0 measure
2026-08-19T19:32:32.924,984,RAD,any,2,22.54,25.04,35.4,31.3,533,31.30,0.89,0.49,10,1.29,0,0,run0 measure
2026-08-19T19:32:32.924,984,RAD,any,2,22.54,25.04,40.4,89.8,303,30.08,1.17,0.80,3,0.78,0,0,run0 measure
2026-08-19T19:32:33.018,985,RAD,any,2,22.54,25.04,35.4,31.2,534,31.30,0.91,0.48,10,1.30,0,0,run0 measure
2026-08-19T19:32:33.018,985,RAD,any,2,22.54,25.04,40.4,89.8,303,30.08,1.17,0.80,3,0.77,0,0,run0 measure
2026-08-19T19:32:33.146,986,RAD,any,2,22.54,25.04,35.4,30.8,510,31.30,0.91,0.46,10,1.23,0,0,run0 measure
2026-08-19T19:32:33.146,986,RAD,any,2,22.54,25.04,40.4,89.8,303,30.08,1.17,0.80,3,0.78,0,0,run0 measure
2026-08-19T19:32:33.274,987,RAD,any,2,22.58,25.08,35.4,31.0,537,31.28,0.91,0.48,10,1.30,0,0,run0 measure
2026-08-19T19:32:33.274,987,RAD,any,2,22.58,25.08,40.5,89.8,306,30.08,1.17,0.81,4,0.78,0,0,run0 measure
2026-08-19T19:32:33.369,988,RAD,any,2,22.56,25.06,35.3,31.1,534,31.28,0.94,0.49,10,1.30,0,0,run0 measure
2026-08-19T19:32:33.369,988,RAD,any,2,22.56,25.06,40.5,89.8,305,30.08,1.17,0.81,4,0.78,0,0,run0 measure
2026-08-19T19:32:33.499,989,RAD,any,2,22.56,25.06,35.2,31.2,532,31.28,0.94,0.49,11,1.30,0,0,run0 measure
2026-08-19T19:32:33.499,989,RAD,any,2,22.56,25.06,40.5,89.8,305,30.05,1.17,0.81,3,0.77,0,0,run0 measure
2026-08-19T19:32:33.596,990,RAD,any,2,22.56,25.06,35.1,30.8,504,31.24,0.94,0.46,10,1.21,0,0,run0 measure
2026-08-19T19:32:33.596,990,RAD,any,2,22.56,25.06,40.5,89.8,303,30.05,1.17,0.80,3,0.77,0,0,run0 measure
2026-08-19T19:32:33.725,991,RAD,any,2,22.56,25.06,35.1,30.6,506,31.22,0.94,0.47,10,1.21,0,0,run0 measure
2026-08-19T19:32:33.725,991,RAD,any,2,22.56,25.06,40.5,89.8,302,30.05,1.17,0.80,4,0.77,0,0,run0 measure
2026-08-19T19:32:33.820,992,RAD,any,2,22.56,25.06,35.1,30.8,511,31.28,0.94,0.47,11,1.25,0,0,run0 measure
2026-08-19T19:32:33.820,992,RAD,any,2,22.56,25.06,40.4,89.8,302,30.05,1.17,0.80,4,0.78,0,0,run0 measure
2026-08-19T19:32:33.948,993,RAD,any,2,22.58,25.08,35.2,30.8,521,31.37,0.94,0.48,10,1.29,0,0,run0 measure
2026-08-19T19:32:33.948,993,RAD,any,2,22.58,25.08,40.4,89.8,300,30.05,1.17,0.79,4,0.78,0,0,run0 measure
2026-08-19T19:32:34.074,994,RAD,any,2,22.58,25.08,35.2,30.8,526,31.37,0.91,0.47,10,1.29,0,0,run0 measure
2026-08-19T19:32:34.074,994,RAD,any,2,22.58,25.08,40.4,89.7,300,30.12,1.17,0.79,5,0.78,0,0,run0 measure
2026-08-19T19:32:34.173,995,RAD,any,2,22.58,25.08,35.2,30.8,522,31.35,0.91,0.47,9,1.28,0,0,run0 measure
2026-08-19T19:32:34.173,995,RAD,any,2,22.58,25.08,40.4,89.7,299,30.10,1.17,0.79,5,0.78,0,0,run0 measure
2026-08-19T19:32:34.299,996,RAD,any,2,22.58,25.08,35.1,30.7,521,31.24,0.91,0.47,9,1.28,0,0,run0 measure
2026-08-19T19:32:34.299,996,RAD,any,2,22.58,25.08,40.4,89.7,297,30.10,1.17,0.79,4,0.77,0,0,run0 measure
2026-08-19T19:32:34.395,997,RAD,any,2,22.58,25.08,35.1,30.7,521,31.24,0.91,0.47,8,1.27,0,0,run0 measure
2026-08-19T19:32:34.395,997,RAD,any,2,22.58,25.08,40.4,89.7,298,30.10,1.17,0.79,3,0.78,0,0,run0 measure
2026-08-19T19:32:34.522,998,RAD,any,2,22.58,25.08,35.2,30.8,519,31.26,0.91,0.46,8,1.27,0,0,run0 measure
2026-08-19T19:32:34.522,998,RAD,any,2,22.58,25.08,40.5,89.7,298,30.10,1.17,0.79,3,0.77,0,0,run0 measure
2026-08-19T19:32:34.621,999,RAD,any,2,22.61,25.11,35.3,30.8,518,31.24,0.91,0.46,7,1.27,0,0,run0 measure
2026-08-19T19:32:34.621,999,RAD,any,2,22.61,25.11,40.5,89.8,300,30.28,1.17,0.79,3,0.77,0,0,run0 measure
2026-08-19T19:32:34.746,1000,RAD,any,2,22.58,25.08,35.3,30.8,520,31.24,0.91,0.46,9,1.27,0,0,run0 measure
2026-08-19T19:32:34.746,1000,RAD,any,2,22.58,25.08,40.4,89.8,303,30.28,1.17,0.80,3,0.77,0,0,run0 measure
2026-08-19T19:32:34.843,1001,RAD,any,2,22.58,25.08,35.3,30.7,520,31.24,0.91,0.46,8,1.27,0,0,run0 measure
2026-08-19T19:32:34.843,1001,RAD,any,2,22.58,25.08,40.4,89.8,301,30.12,1.17,0.80,3,0.77,0,0,run0 measure
2026-08-19T19:32:34.968,1002,RAD,any,1,22.58,25.08,35.3,30.6,510,31.24,0.91,0.46,10,1.24,0,0,run0 measure
2026-08-19T19:32:35.098,1003,RAD,any,1,22.56,25.06,35.3,30.5,499,31.24,0.91,0.45,10,1.24,0,0,run0 measure
2026-08-19T19:32:35.196,1004,RAD,any,1,22.58,25.08,35.4,30.4,504,31.24,0.91,0.45,8,1.24,0,0,run0 measure
2026-08-19T19:32:35.322,1005,RAD,any,1,22.61,25.11,35.4,30.4,506,31.22,0.91,0.45,12,1.24,0,0,run0 measure
2026-08-19T19:32:35.419,1006,RAD,any,1,22.61,25.11,35.5,30.4,505,31.22,0.91,0.45,9,1.24,0,0,run0 measure
2026-08-19T19:32:35.550,1007,RAD,any,1,22.63,25.13,35.5,30.5,516,31.28,0.91,0.46,9,1.27,0,0,run0 measure
2026-08-19T19:32:35.641,1008,RAD,any,2,22.63,25.13,35.5,30.5,515,31.28,0.89,0.47,9,1.27,0,0,run0 measure
2026-08-19T19:32:35.641,1008,RAD,any,2,22.63,25.13,40.3,89.8,302,30.08,1.17,0.80,3,0.77,0,0,run0 measure
2026-08-19T19:32:35.769,1009,RAD,any,1,22.61,25.11,35.5,30.5,517,31.26,0.89,0.48,11,1.27,0,0,run0 measure
2026-08-19T19:32:35.898,1010,RAD,any,1,22.61,25.11,35.6,30.6,513,31.26,0.89,0.47,8,1.27,0,0,run0 measure
2026-08-19T19:32:35.993,1011,RAD,any,1,22.58,25.08,35.6,30.6,513,31.22,0.89,0.47,9,1.27,0,0,run0 measure
2026-08-19T19:32:36.122,1012,RAD,any,1,22.58,25.08,35.6,30.7,520,31.22,0.91,0.46,10,1.27,0,0,run0 measure
2026-08-19T19:32:36.218,1013,RAD,any,1,22.58,25.08,35.7,30.7,519,31.22,0.91,0.46,10,1.27,0,0,run0 measure
2026-08-19T19:32:36.344,1014,RAD,any,1,22.58,25.08,35.7,30.7,519,31.22,0.91,0.46,10,1.27,0,0,run0 measure
2026-08-19T19:32:36.440,1015,RAD,any,1,22.56,25.06,35.6,30.6,509,31.17,0.91,0.45,9,1.23,0,0,run0 measure
2026-08-19T19:32:36.569,1016,RAD,any,1,22.56,25.06,35.6,30.8,527,31.17,0.91,0.47,9,1.29,0,0,run0 measure
2026-08-19T19:32:36.666,1017,RAD,any,1,22.56,25.06,35.6,30.9,527,31.22,0.91,0.47,7,1.28,0,0,run0 measure
2026-08-19T19:32:36.792,1018,RAD,any,1,22.58,25.08,35.7,31.0,529,31.17,0.91,0.47,8,1.28,0,0,run0 measure
2026-08-19T19:32:36.922,1019,RAD,any,1,22.58,25.08,35.6,30.7,506,31.17,0.91,0.45,8,1.21,0,0,run0 measure
2026-08-19T19:32:37.018,1020,RAD,any,1,22.56,25.06,35.6,30.6,507,31.17,0.91,0.45,7,1.22,0,0,run0 measure
2026-08-19T19:32:37.146,1021,RAD,any,1,22.56,25.06,35.6,30.6,508,31.33,0.91,0.45,7,1.23,0,0,run0 measure
2026-08-19T19:32:37.242,1022,RAD,any,1,22.56,25.06,35.7,30.5,507,31.33,0.91,0.45,9,1.23,0,0,run0 measure
2026-08-19T19:32:37.368,1023,RAD,any,1,22.56,25.06,35.7,30.6,504,31.33,0.91,0.45,8,1.22,0,0,run0 measure
2026-08-19T19:32:37.465,1024,RAD,any,1,22.54,25.04,35.7,30.6,504,31.33,0.91,0.45,8,1.22,0,0,run0 measure
2026-08-19T19:32:37.591,1025,RAD,any,1,22.54,25.04,35.7,30.6,504,31.30,0.91,0.45,9,1.22,0,0,run0 measure
2026-08-19T19:32:37.687,1026,RAD,any,1,22.54,25.04,35.7,30.6,503,31.30,0.89,0.46,9,1.21,0,0,run0 measure
2026-08-19T19:32:37.816,1027,RAD,any,1,22.54,25.04,35.8,30.7,504,31.30,0.89,0.46,9,1.22,0,0,run0 measure
2026-08-19T19:32:37.943,1028,RAD,any,1,22.54,25.04,35.9,30.8,500,31.26,0.89,0.46,7,1.20,0,0,run0 measure
2026-08-19T19:32:38.041,1029,RAD,any,1,22.54,25.04,35.9,30.8,502,31.28,0.89,0.46,6,1.18,0,0,run0 measure
2026-08-19T19:32:38.170,1030,RAD,any,1,22.54,25.04,36.3,31.0,508,31.28,0.89,0.47,10,1.20,0,0,run0 measure
2026-08-19T19:32:38.265,1031,RAD,any,1,22.56,25.06,36.6,31.3,531,31.55,0.91,0.47,7,1.25,0,0,run0 measure
2026-08-19T19:32:38.394,1032,RAD,any,1,22.54,25.04,36.9,31.7,529,31.65,0.94,0.46,7,1.22,0,0,run0 measure
2026-08-19T19:32:38.491,1033,RAD,any,1,22.56,25.06,37.3,32.2,569,31.59,0.97,0.48,9,1.26,0,0,run0 measure
2026-08-19T19:32:38.619,1034,RAD,any,1,22.56,25.06,37.8,32.9,628,31.94,0.97,0.53,9,1.29,0,0,run0 measure
2026-08-19T19:32:38.746,1035,RAD,any,1,22.58,25.08,38.2,33.9,659,31.81,1.00,0.54,7,1.21,0,0,run0 measure
2026-08-19T19:32:38.841,1036,RAD,any,1,22.56,25.06,38.7,35.1,676,31.06,1.06,0.59,9,1.16,0,0,run0 measure
2026-08-19T19:32:38.971,1037,RAD,any,1,22.56,25.06,39.1,36.4,671,31.06,1.03,0.60,10,1.14,0,0,run0 measure
2026-08-19T19:32:39.063,1038,RAD,any,1,22.56,25.06,39.0,37.4,684,30.93,1.03,0.61,10,1.13,0,0,run0 measure
2026-08-19T19:32:39.194,1039,RAD,any,2,22.56,25.06,38.8,38.8,653,30.87,1.00,0.64,8,1.17,0,0,run0 measure
2026-08-19T19:32:39.194,1039,RAD,any,2,22.56,25.06,40.4,89.8,305,30.01,1.17,0.81,3,0.77,0,0,run0 measure
2026-08-19T19:32:39.292,1040,RAD,any,2,22.56,25.06,38.4,40.0,654,31.00,0.97,0.70,9,1.24,0,0,run0 measure
2026-08-19T19:32:39.292,1040,RAD,any,2,22.56,25.06,40.4,89.8,305,30.01,1.17,0.81,3,0.77,0,0,run0 measure
2026-08-19T19:32:39.419,1041,RAD,any,2,22.54,25.04,37.7,41.0,634,30.89,1.10,0.60,12,1.27,0,0,run0 measure
2026-08-19T19:32:39.419,1041,RAD,any,2,22.54,25.04,40.4,89.8,303,30.01,1.17,0.80,3,0.77,0,0,run0 measure
2026-08-19T19:32:39.513,1042,RAD,any,2,22.51,25.01,37.1,41.6,663,30.91,1.06,0.65,11,1.30,0,0,run0 measure
2026-08-19T19:32:39.513,1042,RAD,any,2,22.51,25.01,40.4,89.8,302,29.97,1.17,0.80,3,0.77,0,0,run0 measure
2026-08-19T19:32:39.644,1043,RAD,any,2,22.51,25.01,37.2,42.9,621,31.24,0.97,0.67,9,1.27,0,0,run0 measure
2026-08-19T19:32:39.644,1043,RAD,any,2,22.51,25.01,40.5,89.8,302,29.97,1.17,0.80,3,0.77,0,0,run0 measure
2026-08-19T19:32:39.772,1044,RAD,any,2,22.51,25.01,37.3,44.0,616,31.04,0.97,0.66,8,1.28,0,0,run0 measure
2026-08-19T19:32:39.772,1044,RAD,any,2,22.51,25.01,40.5,89.8,302,29.97,1.17,0.80,3,0.77,0,0,run0 measure
2026-08-19T19:32:39.866,1045,RAD,any,2,22.47,24.97,37.6,44.9,596,31.11,1.11,0.69,7,1.29,0,0,run0 measure
2026-08-19T19:32:39.866,1045,RAD,any,2,22.47,24.97,40.4,89.8,297,29.94,1.17,0.79,3,0.77,0,0,run0 measure
2026-08-19T19:32:39.995,1046,RAD,any,2,22.47,24.97,37.5,45.6,621,31.02,1.03,0.67,7,1.31,0,0,run0 measure
2026-08-19T19:32:39.995,1046,RAD,any,2,22.47,24.97,40.4,89.8,295,29.92,1.17,0.78,3,0.76,0,0,run0 measure
2026-08-19T19:32:40.091,1047,RAD,any,2,22.47,24.97,37.8,46.3,593,30.87,1.15,0.71,9,1.34,0,0,run0 measure
2026-08-19T19:32:40.091,1047,RAD,any,2,22.47,24.97,40.4,89.8,294,29.92,1.17,0.78,3,0.76,0,0,run0 measure
2026-08-19T19:32:40.219,1048,RAD,any,2,22.47,24.97,37.5,46.4,645,30.76,1.12,0.56,9,1.32,0,0,run0 measure
2026-08-19T19:32:40.219,1048,RAD,any,2,22.47,24.97,40.4,89.8,293,29.90,1.17,0.78,3,0.76,0,0,run0 measure
2026-08-19T19:32:40.316,1049,RAD,any,2,22.47,24.97,37.7,47.0,533,30.76,1.18,0.58,9,1.31,0,0,run0 measure
2026-08-19T19:32:40.316,1049,RAD,any,2,22.47,24.97,40.4,89.8,293,29.88,1.17,0.78,3,0.76,0,0,run0 measure
2026-08-19T19:32:40.446,1050,RAD,any,2,22.47,24.97,33.9,49.9,335,31.02,1.23,0.30,10,1.31,0,0,run0 measure
2026-08-19T19:32:40.446,1050,RAD,any,2,22.47,24.97,40.5,89.9,295,29.88,1.17,0.78,3,0.75,0,0,run0 measure
2026-08-19T19:32:40.571,1051,RAD,any,2,22.47,24.97,36.5,49.1,497,30.82,0.00,0.00,9,1.33,0,0,run0 measure
2026-08-19T19:32:40.571,1051,RAD,any,2,22.47,24.97,40.4,89.9,293,29.88,1.17,0.78,3,0.75,0,0,run0 measure
2026-08-19T19:32:40.670,1052,RAD,any,2,22.49,24.99,38.5,48.9,608,31.04,1.18,0.66,9,1.39,0,0,run0 measure
2026-08-19T19:32:40.670,1052,RAD,any,2,22.49,24.99,40.5,89.9,299,29.88,1.17,0.79,4,0.76,0,0,run0 measure
2026-08-19T19:32:40.798,1053,RAD,any,2,22.49,24.99,38.3,48.1,554,31.06,1.20,0.51,10,1.32,0,0,run0 measure
2026-08-19T19:32:40.798,1053,RAD,any,2,22.49,24.99,40.4,89.9,302,29.88,1.17,0.80,4,0.76,0,0,run0 measure
2026-08-19T19:32:40.890,1054,RAD,any,2,22.47,24.97,38.1,47.7,549,31.06,0.00,0.00,9,1.31,0,0,run0 measure
2026-08-19T19:32:40.890,1054,RAD,any,2,22.47,24.97,40.4,89.9,301,29.85,1.17,0.80,4,0.76,0,0,run0 measure
2026-08-19T19:32:41.017,1055,RAD,any,2,22.47,24.97,38.1,47.5,552,31.06,0.00,0.00,9,1.31,0,0,run0 measure
2026-08-19T19:32:41.017,1055,RAD,any,2,22.47,24.97,40.4,89.9,301,29.85,1.17,0.80,3,0.76,0,0,run0 measure
2026-08-19T19:32:41.116,1056,RAD,any,2,22.44,24.94,38.9,47.4,468,30.91,1.10,0.47,9,1.20,0,0,run0 measure
2026-08-19T19:32:41.116,1056,RAD,any,2,22.44,24.94,40.4,89.8,299,29.83,1.17,0.79,3,0.75,0,0,run0 measure
2026-08-19T19:32:41.246,1057,RAD,any,2,22.44,24.94,40.1,47.6,427,30.91,1.18,0.46,8,1.16,0,0,run0 measure
2026-08-19T19:32:41.246,1057,RAD,any,2,22.44,24.94,40.4,89.8,297,29.83,1.17,0.79,3,0.75,0,0,run0 measure
2026-08-19T19:32:41.337,1058,RAD,any,1,22.44,24.94,40.5,47.6,428,30.91,1.21,0.45,8,1.15,0,0,run0 measure
2026-08-19T19:32:41.466,1059,RAD,any,2,22.44,24.94,39.9,48.2,479,30.91,0.00,0.00,8,1.34,0,0,run0 measure
2026-08-19T19:32:41.466,1059,RAD,any,2,22.44,24.94,40.4,89.8,295,29.83,1.11,0.82,4,0.74,0,0,run0 measure
2026-08-19T19:32:41.594,1060,RAD,any,2,22.44,24.94,39.6,48.4,475,31.00,0.00,0.00,8,1.34,0,0,run0 measure
2026-08-19T19:32:41.594,1060,RAD,any,2,22.44,24.94,40.4,89.8,295,29.83,1.11,0.82,4,0.74,0,0,run0 measure
2026-08-19T19:32:41.692,1061,RAD,any,2,22.47,24.97,39.3,48.3,493,31.13,0.00,0.00,8,1.34,0,0,run0 measure
2026-08-19T19:32:41.692,1061,RAD,any,2,22.47,24.97,40.4,89.8,295,29.90,1.11,0.82,4,0.75,0,0,run0 measure
2026-08-19T19:32:41.818,1062,RAD,any,2,22.49,24.99,39.6,48.5,580,31.13,1.21,0.61,7,1.40,0,0,run0 measure
2026-08-19T19:32:41.818,1062,RAD,any,2,22.49,24.99,40.3,89.7,294,29.90,1.11,0.82,3,0.75,0,0,run0 measure
2026-08-19T19:32:41.913,1063,RAD,any,2,22.51,25.01,39.7,48.3,591,31.11,1.21,0.62,7,1.41,0,0,run0 measure
2026-08-19T19:32:41.913,1063,RAD,any,2,22.51,25.01,40.4,89.8,298,29.97,1.17,0.79,3,0.77,0,0,run0 measure
2026-08-19T19:32:42.042,1064,RAD,any,2,22.51,25.01,39.7,48.3,590,31.00,1.26,0.64,8,1.41,0,0,run0 measure
2026-08-19T19:32:42.042,1064,RAD,any,2,22.51,25.01,40.4,89.8,298,29.97,1.17,0.79,3,0.77,0,0,run0 measure
2026-08-19T19:32:42.139,1065,RAD,any,2,22.51,25.01,39.6,48.2,584,31.02,1.26,0.64,7,1.40,0,0,run0 measure
2026-08-19T19:32:42.139,1065,RAD,any,2,22.51,25.01,40.4,89.8,299,29.94,1.17,0.79,3,0.77,0,0,run0 measure
2026-08-19T19:32:42.265,1066,RAD,any,2,22.51,25.01,39.5,48.0,571,31.02,1.26,0.62,7,1.39,0,0,run0 measure
2026-08-19T19:32:42.265,1066,RAD,any,2,22.51,25.01,40.4,89.8,299,29.94,1.17,0.79,3,0.76,0,0,run0 measure
2026-08-19T19:32:42.363,1067,RAD,any,2,22.49,24.99,39.1,47.7,469,31.04,0.00,0.00,7,1.32,0,0,run0 measure
2026-08-19T19:32:42.363,1067,RAD,any,2,22.49,24.99,40.5,89.9,299,29.94,1.17,0.79,3,0.76,0,0,run0 measure
2026-08-19T19:32:42.492,1068,RAD,any,2,22.49,24.99,38.2,47.0,633,31.04,1.13,0.58,10,1.32,0,0,run0 measure
2026-08-19T19:32:42.492,1068,RAD,any,2,22.49,24.99,40.5,89.9,297,29.94,1.17,0.79,3,0.76,0,0,run0 measure
2026-08-19T19:32:42.616,1069,RAD,any,1,22.47,24.97,38.7,46.9,447,30.93,0.00,0.00,10,1.29,0,0,run0 measure
2026-08-19T19:32:42.715,1070,RAD,any,1,22.47,24.97,34.2,49.1,288,31.00,1.21,0.28,10,1.26,0,0,run0 measure
2026-08-19T19:32:42.841,1071,RAD,any,1,22.47,24.97,40.5,89.8,295,29.94,1.17,0.78,3,0.76,0,0,run0 measure
2026-08-19T19:32:42.939,1072,RAD,any,2,22.44,24.94,40.5,89.8,295,29.94,1.17,0.78,3,0.76,0,0,run0 measure
2026-08-19T19:32:42.939,1072,RAD,any,2,22.44,24.94,38.3,45.6,487,30.93,0.00,0.00,10,1.22,0,0,run0 measure
2026-08-19T19:32:43.069,1073,RAD,any,2,22.42,24.92,40.4,89.8,290,29.94,1.17,0.77,3,0.75,0,0,run0 measure
2026-08-19T19:32:43.069,1073,RAD,any,2,22.42,24.92,38.7,44.9,569,31.06,1.19,0.71,10,1.29,0,0,run0 measure
2026-08-19T19:32:43.164,1074,RAD,any,2,22.42,24.92,40.4,89.8,288,29.92,1.17,0.76,3,0.75,0,0,run0 measure
2026-08-19T19:32:43.164,1074,RAD,any,2,22.42,24.92,38.9,43.7,472,31.00,0.00,0.00,9,1.20,0,0,run0 measure
2026-08-19T19:32:43.291,1075,RAD,any,2,22.44,24.94,40.4,89.8,288,29.85,1.17,0.76,3,0.74,0,0,run0 measure
2026-08-19T19:32:43.291,1075,RAD,any,2,22.44,24.94,39.0,41.9,631,31.09,1.03,0.68,9,1.23,0,0,run0 measure
2026-08-19T19:32:43.415,1076,RAD,any,2,22.47,24.97,40.4,89.8,290,29.85,1.17,0.77,4,0.74,0,0,run0 measure
2026-08-19T19:32:43.415,1076,RAD,any,2,22.47,24.97,40.2,40.9,587,31.02,1.15,0.70,10,1.22,0,0,run0 measure
2026-08-19T19:32:43.511,1077,RAD,any,2,22.47,24.97,40.4,89.9,290,29.85,1.17,0.77,4,0.75,0,0,run0 measure
2026-08-19T19:32:43.511,1077,RAD,any,2,22.47,24.97,41.0,40.2,564,31.02,1.11,0.70,8,1.21,0,0,run0 measure
2026-08-19T19:32:43.645,1078,RAD,any,2,22.47,24.97,40.4,89.7,286,29.83,1.11,0.79,4,0.73,0,0,run0 measure
2026-08-19T19:32:43.645,1078,RAD,any,2,22.47,24.97,41.5,39.5,575,30.98,1.07,0.68,9,1.19,0,0,run0 measure
2026-08-19T19:32:43.737,1079,RAD,any,2,22.49,24.99,40.4,89.6,287,29.81,1.11,0.80,3,0.74,0,0,run0 measure
2026-08-19T19:32:43.737,1079,RAD,any,2,22.49,24.99,41.8,38.9,574,31.00,1.04,0.71,9,1.19,0,0,run0 measure
2026-08-19T19:32:43.864,1080,RAD,any,1,22.44,24.94,41.9,38.6,549,31.00,1.11,0.68,9,1.20,0,0,run0 measure
2026-08-19T19:32:43.961,1081,RAD,any,1,22.44,24.94,41.4,38.1,562,31.20,1.11,0.69,7,1.23,0,0,run0 measure
2026-08-19T19:32:44.088,1082,RAD,any,1,22.44,24.94,40.3,37.6,583,31.20,1.00,0.65,9,1.20,0,0,run0 measure
2026-08-19T19:32:44.184,1083,RAD,any,1,22.44,24.94,38.5,36.6,625,31.15,1.14,0.65,9,1.23,0,0,run0 measure
2026-08-19T19:32:44.312,1084,RAD,any,1,22.42,24.92,37.8,36.9,575,30.93,1.15,0.74,8,1.17,0,0,run0 measure
2026-08-19T19:32:44.440,1085,RAD,any,1,22.42,24.92,36.7,36.8,577,31.11,1.15,0.69,11,1.18,0,0,run0 measure
2026-08-19T19:32:44.536,1086,RAD,any,1,22.42,24.92,35.9,36.7,554,31.04,1.15,0.71,9,1.18,0,0,run0 measure
2026-08-19T19:32:44.663,1087,RAD,any,1,22.42,24.92,34.5,35.8,610,31.30,1.07,0.68,7,1.22,0,0,run0 measure
2026-08-19T19:32:44.760,1088,RAD,any,1,22.42,24.92,34.5,35.9,545,31.22,1.15,0.70,8,1.17,0,0,run0 measure
2026-08-19T19:32:44.888,1089,RAD,any,1,22.42,24.92,34.0,35.4,582,31.02,1.07,0.61,10,1.19,0,0,run0 measure
2026-08-19T19:32:44.985,1090,RAD,any,1,22.42,24.92,33.9,35.2,585,31.02,1.07,0.61,9,1.19,0,0,run0 measure
2026-08-19T19:32:45.113,1091,RAD,any,1,22.44,24.94,34.3,35.0,592,30.76,1.00,0.62,10,1.18,0,0,run0 measure
2026-08-19T19:32:45.242,1092,RAD,any,2,22.47,24.97,35.3,35.5,591,30.98,1.03,0.60,9,1.15,0,0,run0 measure
2026-08-19T19:32:45.242,1092,RAD,any,2,22.47,24.97,40.4,89.9,290,29.85,1.11,0.81,3,0.74,0,0,run0 measure
2026-08-19T19:32:45.341,1093,RAD,any,1,22.49,24.99,36.9,35.6,619,30.80,1.10,0.63,10,1.15,0,0,run0 measure
2026-08-19T19:32:45.467,1094,RAD,any,1,22.49,24.99,39.5,35.7,611,30.58,1.17,0.62,12,1.14,0,0,run0 measure
2026-08-19T19:32:45.563,1095,RAD,any,1,22.49,24.99,43.5,35.6,571,30.32,1.17,0.58,15,1.15,0,0,run0 measure
2026-08-19T19:32:45.692,1096,RAD,any,2,22.49,24.99,48.7,35.4,452,30.52,1.14,0.50,10,1.13,0,0,run0 measure
2026-08-19T19:32:45.692,1096,RAD,any,2,22.49,24.99,40.3,89.7,288,29.85,1.11,0.80,3,0.75,0,0,run0 measure
2026-08-19T19:32:45.784,1097,RAD,any,2,22.47,24.97,52.1,35.3,559,30.41,1.32,0.54,12,1.20,0,0,run0 measure
2026-08-19T19:32:45.784,1097,RAD,any,2,22.47,24.97,40.3,89.8,286,29.85,1.11,0.79,3,0.74,0,0,run0 measure
2026-08-19T19:32:45.916,1098,RAD,any,1,22.44,24.94,55.4,35.6,491,30.58,1.10,0.53,12,1.25,0,0,run0 measure
2026-08-19T19:32:46.010,1099,RAD,any,1,22.44,24.94,56.5,34.4,579,30.74,1.31,0.53,10,1.23,0,0,run0 measure
2026-08-19T19:32:46.138,1100,RAD,any,1,22.44,24.94,57.0,33.5,565,30.56,1.34,0.50,13,1.25,0,0,run0 measure
2026-08-19T19:32:46.268,1101,RAD,any,2,22.44,24.94,57.0,33.1,570,30.41,1.36,0.54,15,1.24,0,0,run0 measure
2026-08-19T19:32:46.268,1101,RAD,any,2,22.44,24.94,40.3,89.6,277,29.83,1.06,0.81,3,0.73,0,0,run0 measure
2026-08-19T19:32:46.364,1102,RAD,any,1,22.44,24.94,56.6,32.9,563,30.34,1.36,0.53,14,1.23,0,0,run0 measure
2026-08-19T19:32:46.489,1103,RAD,any,1,22.42,24.92,55.7,33.0,554,30.60,1.29,0.55,9,1.25,0,0,run0 measure
2026-08-19T19:32:46.588,1104,RAD,any,1,22.40,24.90,54.8,33.1,543,30.45,1.14,0.61,11,1.27,0,0,run0 measure
2026-08-19T19:32:46.715,1105,RAD,any,1,22.40,24.90,54.4,33.4,482,30.43,1.19,0.56,13,1.27,0,0,run0 measure
2026-08-19T19:32:46.810,1106,RAD,any,2,22.40,24.90,52.7,32.9,543,30.36,1.14,0.61,12,1.25,0,0,run0 measure
2026-08-19T19:32:46.810,1106,RAD,any,2,22.40,24.90,40.3,89.6,274,29.79,1.06,0.80,3,0.73,0,0,run0 measure
2026-08-19T19:32:46.938,1107,RAD,any,1,22.37,24.87,52.1,33.2,472,30.39,1.19,0.55,10,1.30,0,0,run0 measure
2026-08-19T19:32:47.064,1108,RAD,any,1,22.37,24.87,50.3,32.3,579,30.39,1.30,0.61,11,1.26,0,0,run0 measure
2026-08-19T19:32:47.162,1109,RAD,any,2,22.40,24.90,49.5,32.6,527,30.43,1.14,0.59,11,1.27,0,0,run0 measure
2026-08-19T19:32:47.162,1109,RAD,any,2,22.40,24.90,40.1,89.7,272,29.74,1.06,0.80,3,0.73,0,0,run0 measure
2026-08-19T19:32:47.290,1110,RAD,any,1,22.40,24.90,49.1,32.6,533,30.41,1.19,0.62,12,1.27,0,0,run0 measure
2026-08-19T19:32:47.384,1111,RAD,any,1,22.37,24.87,49.3,33.0,486,30.39,1.23,0.58,10,1.30,0,0,run0 measure
2026-08-19T19:32:47.512,1112,RAD,any,1,22.37,24.87,48.7,33.5,412,30.43,0.00,0.00,9,1.26,0,0,run0 measure
2026-08-19T19:32:47.607,1113,RAD,any,1,22.37,24.87,48.5,33.4,532,30.23,1.26,0.58,8,1.29,0,0,run0 measure
2026-08-19T19:32:47.738,1114,RAD,any,1,22.42,24.92,48.9,33.4,512,30.01,1.19,0.59,10,1.25,0,0,run0 measure
2026-08-19T19:32:47.834,1115,RAD,any,1,22.42,24.92,49.6,33.4,490,30.14,1.22,0.55,10,1.26,0,0,run0 measure
2026-08-19T19:32:47.964,1116,RAD,any,1,22.37,24.87,50.0,33.8,478,30.23,1.19,0.55,7,1.29,0,0,run0 measure
2026-08-19T19:32:48.088,1117,RAD,any,1,22.35,24.85,50.5,34.1,478,30.23,1.19,0.55,8,1.28,0,0,run0 measure
2026-08-19T19:32:48.184,1118,RAD,any,1,22.37,24.87,50.8,33.9,525,30.23,1.14,0.59,14,1.24,0,0,run0 measure
2026-08-19T19:32:48.311,1119,RAD,any,1,22.37,24.87,52.2,34.1,501,30.28,1.19,0.58,12,1.23,0,0,run0 measure
2026-08-19T19:32:48.406,1120,RAD,any,1,22.37,24.87,54.2,34.1,505,30.36,1.18,0.55,8,1.18,0,0,run0 measure
2026-08-19T19:32:48.537,1121,RAD,any,1,22.37,24.87,56.9,34.1,512,30.23,1.18,0.55,15,1.15,0,0,run0 measure
2026-08-19T19:32:48.634,1122,RAD,any,1,22.37,24.87,60.7,34.6,515,30.47,1.18,0.56,14,1.13,0,0,run0 measure
2026-08-19T19:32:48.762,1123,RAD,any,1,22.37,24.87,65.2,34.5,580,30.71,1.38,0.50,12,1.09,0,0,run0 measure
2026-08-19T19:32:48.858,1124,RAD,any,1,22.40,24.90,70.3,34.1,643,30.69,1.39,0.48,13,1.11,0,0,run0 measure
2026-08-19T19:32:48.985,1125,RAD,any,1,22.37,24.87,74.2,33.3,684,30.87,1.42,0.50,13,1.21,0,0,run0 measure
2026-08-19T19:32:49.113,1126,RAD,any,1,22.40,24.90,76.9,32.0,660,30.95,1.45,0.47,10,1.14,0,0,run0 measure
2026-08-19T19:32:49.212,1127,RAD,any,1,22.42,24.92,78.2,30.5,654,30.74,1.44,0.44,11,1.22,0,0,run0 measure
2026-08-19T19:32:49.339,1128,RAD,any,1,22.42,24.92,79.3,29.5,666,31.24,1.44,0.45,10,1.27,0,0,run0 measure
2026-08-19T19:32:49.435,1129,RAD,any,2,22.44,24.94,79.6,29.0,652,31.11,1.48,0.46,9,1.26,0,0,run0 measure
2026-08-19T19:32:49.435,1129,RAD,any,2,22.44,24.94,40.2,89.6,275,29.88,1.06,0.80,3,0.74,0,0,run0 measure
2026-08-19T19:32:49.561,1130,RAD,any,2,22.42,24.92,80.0,28.6,657,31.28,1.48,0.46,9,1.26,0,0,run0 measure
2026-08-19T19:32:49.561,1130,RAD,any,2,22.42,24.92,40.2,89.6,275,29.88,1.11,0.76,3,0.75,0,0,run0 measure
2026-08-19T19:32:49.658,1131,RAD,any,2,22.42,24.92,80.0,28.4,658,31.09,1.48,0.46,10,1.25,0,0,run0 measure
2026-08-19T19:32:49.658,1131,RAD,any,2,22.42,24.92,40.2,89.6,275,29.88,1.11,0.76,3,0.75,0,0,run0 measure
2026-08-19T19:32:49.786,1132,RAD,any,1,22.44,24.94,79.6,28.2,649,30.95,1.53,0.47,11,1.21,0,0,run0 measure
2026-08-19T19:32:49.915,1133,RAD,any,1,22.47,24.97,78.8,27.6,675,30.89,1.57,0.48,13,1.18,0,0,run0 measure
2026-08-19T19:32:50.010,1134,RAD,any,1,22.47,24.97,77.8,27.4,675,30.78,1.50,0.50,12,1.21,0,0,run0 measure
2026-08-19T19:32:50.136,1135,RAD,any,1,22.44,24.94,76.3,26.6,601,30.63,1.55,0.46,10,1.17,0,0,run0 measure
2026-08-19T19:32:50.232,1136,RAD,any,1,22.42,24.92,74.4,26.3,552,30.67,1.48,0.44,11,1.20,0,0,run0 measure
2026-08-19T19:32:50.360,1137,RAD,any,1,22.42,24.92,72.5,25.9,535,31.00,1.50,0.45,7,1.17,0,0,run0 measure
2026-08-19T19:32:50.458,1138,RAD,any,1,22.40,24.90,71.3,25.4,391,30.56,1.00,0.50,8,1.14,0,0,run0 measure
2026-08-19T19:32:50.587,1139,RAD,any,1,22.42,24.92,69.8,24.6,404,30.65,1.07,0.52,11,1.13,0,0,run0 measure
2026-08-19T19:32:50.684,1140,RAD,any,1,22.42,24.92,69.5,24.0,388,30.65,1.04,0.48,9,1.10,0,0,run0 measure
2026-08-19T19:32:50.810,1141,RAD,any,1,22.42,24.92,68.3,24.4,451,30.63,1.11,0.56,7,1.25,0,0,run0 measure
2026-08-19T19:32:50.938,1142,RAD,any,1,22.42,24.92,68.5,25.2,402,30.95,1.07,0.51,7,1.27,0,0,run0 measure
2026-08-19T19:32:51.034,1143,RAD,any,1,22.40,24.90,68.8,26.4,417,30.78,1.11,0.51,6,1.24,0,0,run0 measure
2026-08-19T19:32:51.162,1144,RAD,any,1,22.40,24.90,68.9,27.9,398,30.67,1.07,0.47,6,1.26,0,0,run0 measure
2026-08-19T19:32:51.258,1145,RAD,any,1,22.40,24.90,68.9,29.3,430,30.98,1.07,0.48,7,1.23,0,0,run0 measure
2026-08-19T19:32:51.385,1146,RAD,any,1,22.40,24.90,69.8,31.2,429,30.98,1.03,0.49,7,1.22,0,0,run0 measure
2026-08-19T19:32:51.483,1147,RAD,any,1,22.40,24.90,70.6,33.3,431,30.71,1.00,0.51,6,1.26,0,0,run0 measure
2026-08-19T19:32:51.608,1148,RAD,any,1,22.40,24.90,71.2,35.1,464,30.71,0.97,0.53,8,1.26,0,0,run0 measure
2026-08-19T19:32:51.737,1149,RAD,any,1,22.40,24.90,72.1,36.8,451,30.69,0.93,0.54,7,1.27,0,0,run0 measure
2026-08-19T19:32:51.832,1150,RAD,any,1,22.40,24.90,73.1,38.2,451,30.76,0.90,0.52,8,1.15,0,0,run0 measure
2026-08-19T19:32:51.959,1151,RAD,any,1,22.40,24.90,73.6,40.0,548,30.60,0.84,0.63,9,1.21,0,0,run0 measure
2026-08-19T19:32:52.057,1152,RAD,any,1,22.40,24.90,79.3,38.1,207,29.70,1.15,0.45,8,0.88,0,0,run0 measure
2026-08-19T19:32:52.188,1153,RAD,any,1,22.40,24.90,80.4,37.6,196,29.74,1.26,0.43,8,0.91,0,0,run0 measure
2026-08-19T19:32:52.280,1154,RAD,any,1,22.30,24.80,69.1,46.4,384,30.43,1.14,0.43,11,1.30,0,0,run0 measure
2026-08-19T19:32:52.406,1155,RAD,any,1,22.33,24.83,68.7,45.9,447,30.67,1.18,0.48,11,1.27,0,0,run0 measure
2026-08-19T19:32:52.504,1156,RAD,any,1,22.33,24.83,65.4,47.1,405,30.67,1.26,0.44,7,1.14,0,0,run0 measure
2026-08-19T19:32:52.632,1157,RAD,any,1,22.33,24.83,61.8,48.7,370,30.54,1.26,0.40,9,1.08,0,0,run0 measure
2026-08-19T19:32:52.761,1158,RAD,any,1,22.33,24.83,58.6,50.4,353,30.43,0.00,0.00,10,1.08,0,0,run0 measure
2026-08-19T19:32:52.857,1159,RAD,any,1,22.35,24.85,56.0,51.7,405,30.45,1.22,0.45,12,1.07,0,0,run0 measure
2026-08-19T19:32:52.986,1160,RAD,any,1,22.35,24.85,50.0,63.7,715,30.41,0.00,0.00,14,1.22,0,0,run0 measure
2026-08-19T19:32:53.083,1161,RAD,any,1,22.35,24.85,47.4,69.2,680,30.47,0.00,0.00,15,0.98,0,0,run0 measure
2026-08-19T19:32:53.210,1162,RAD,any,1,22.37,24.87,46.7,70.7,673,30.85,0.00,0.00,11,1.08,0,0,run0 measure
2026-08-19T19:32:53.305,1163,RAD,any,1,22.37,24.87,46.8,70.7,684,30.89,0.00,0.00,13,1.12,0,0,run0 measure
2026-08-19T19:32:53.430,1164,RAD,any,1,22.37,24.87,47.1,70.2,676,30.82,0.00,0.00,12,1.13,0,0,run0 measure
2026-08-19T19:32:53.560,1165,RAD,any,1,22.40,24.90,47.5,70.0,670,30.82,0.00,0.00,9,1.10,0,0,run0 measure
2026-08-19T19:32:53.664,1166,RAD,any,1,22.37,24.87,47.7,69.9,669,30.71,0.00,0.00,11,1.08,0,0,run0 measure
2026-08-19T19:32:53.782,1167,RAD,any,1,22.37,24.87,47.7,69.8,672,30.69,0.00,0.00,12,1.09,0,0,run0 measure
2026-08-19T19:32:53.879,1168,RAD,any,1,22.37,24.87,47.7,69.6,679,30.67,0.00,0.00,12,1.08,0,0,run0 measure
2026-08-19T19:32:54.008,1169,RAD,any,1,22.35,24.85,47.6,69.5,677,30.67,0.00,0.00,12,1.09,0,0,run0 measure
2026-08-19T19:32:54.104,1170,RAD,any,1,22.35,24.85,47.6,69.3,655,30.69,0.00,0.00,12,1.05,0,0,run0 measure
2026-08-19T19:32:54.235,1171,RAD,any,1,22.33,24.83,47.5,69.3,651,30.45,0.00,0.00,14,1.05,0,0,run0 measure
2026-08-19T19:32:54.327,1172,RAD,any,1,22.33,24.83,47.4,69.2,655,30.45,0.00,0.00,15,1.03,0,0,run0 measure
2026-08-19T19:32:54.456,1173,RAD,any,1,22.30,24.80,47.4,69.2,652,30.43,0.00,0.00,13,1.03,0,0,run0 measure
2026-08-19T19:32:54.586,1174,RAD,any,1,22.30,24.80,47.1,69.8,618,30.41,0.00,0.00,12,1.00,0,0,run0 measure
2026-08-19T19:32:54.681,1175,RAD,any,1,22.28,24.78,46.9,70.1,616,30.34,0.00,0.00,12,1.01,0,0,run0 measure
2026-08-19T19:32:54.808,1176,RAD,any,1,22.28,24.78,46.7,69.7,641,30.47,0.00,0.00,14,1.05,0,0,run0 measure
2026-08-19T19:32:54.906,1177,RAD,any,1,22.26,24.76,46.6,69.4,639,30.43,0.00,0.00,15,1.04,0,0,run0 measure
2026-08-19T19:32:55.033,1178,RAD,any,1,22.23,24.73,46.5,69.4,634,30.43,0.00,0.00,13,1.04,0,0,run0 measure
