timestamp,frame,mode,view,n_det,background,threshold,cx,cy,area_px,val_max,aspect,extent,peaks,std_c,skin_px,priority,note
2026-08-21T14:15:00.840,4129,RAD,horizontal,1,23.72,26.22,85.9,94.4,1327,31.20,1.13,0.40,22,1.27,0,0,run2 pfilter4
2026-08-21T14:15:00.931,4130,RAD,horizontal,1,23.72,26.22,86.0,94.5,1350,31.20,1.13,0.41,21,1.32,0,0,run2 pfilter4
2026-08-21T14:15:01.057,4131,RAD,horizontal,1,23.74,26.24,86.0,94.6,1333,31.20,1.13,0.40,23,1.31,0,0,run2 pfilter4
2026-08-21T14:15:01.190,4132,RAD,horizontal,1,23.79,26.29,86.0,94.8,1380,31.15,1.15,0.43,22,1.37,0,0,run2 pfilter4
2026-08-21T14:15:01.286,4133,RAD,horizontal,1,23.79,26.29,86.0,94.9,1382,31.15,1.15,0.43,23,1.37,0,0,run2 pfilter4
2026-08-21T14:15:01.413,4134,RAD,horizontal,1,23.77,26.27,86.1,94.9,1351,31.15,1.15,0.42,19,1.34,0,0,run2 pfilter4
2026-08-21T14:15:01.510,4135,RAD,horizontal,1,23.79,26.29,86.1,94.9,1353,31.15,1.15,0.42,19,1.33,0,0,run2 pfilter4
2026-08-21T14:15:01.637,4136,RAD,horizontal,1,23.77,26.27,86.0,94.8,1344,31.15,1.15,0.42,21,1.33,0,0,run2 pfilter4
2026-08-21T14:15:01.741,4137,RAD,horizontal,1,23.77,26.27,85.9,94.8,1351,31.15,1.15,0.42,21,1.34,0,0,run2 pfilter4
2026-08-21T14:15:01.861,4138,RAD,horizontal,1,23.77,26.27,85.9,94.8,1354,31.15,1.17,0.43,23,1.34,0,0,run2 pfilter4
2026-08-21T14:15:01.954,4139,RAD,horizontal,1,23.77,26.27,86.0,94.8,1358,31.15,1.17,0.43,20,1.34,0,0,run2 pfilter4
2026-08-21T14:15:02.086,4140,RAD,horizontal,1,23.77,26.27,86.0,94.9,1366,31.17,1.17,0.43,19,1.35,0,0,run2 pfilter4
2026-08-21T14:15:02.215,4141,RAD,horizontal,1,23.77,26.27,86.0,94.8,1370,31.15,1.17,0.43,22,1.35,0,0,run2 pfilter4
2026-08-21T14:15:02.307,4142,RAD,horizontal,1,23.77,26.27,86.0,94.6,1380,31.15,1.17,0.44,20,1.34,0,0,run2 pfilter4
2026-08-21T14:15:02.437,4143,RAD,horizontal,1,23.77,26.27,86.0,94.7,1385,31.13,1.17,0.44,20,1.35,0,0,run2 pfilter4
2026-08-21T14:15:02.533,4144,RAD,horizontal,1,23.77,26.27,86.1,94.7,1398,31.52,1.19,0.43,17,1.36,0,0,run2 pfilter4
2026-08-21T14:15:02.663,4145,RAD,horizontal,1,23.79,26.29,86.0,94.5,1421,31.70,1.21,0.43,19,1.39,0,0,run2 pfilter4
2026-08-21T14:15:02.756,4146,RAD,horizontal,1,23.81,26.31,86.0,94.3,1445,32.07,1.23,0.43,18,1.42,0,0,run2 pfilter4
2026-08-21T14:15:02.885,4147,RAD,horizontal,1,23.81,26.31,86.1,94.4,1469,32.13,1.23,0.44,17,1.41,0,0,run2 pfilter4
2026-08-21T14:15:03.014,4148,RAD,horizontal,1,23.79,26.29,86.1,94.4,1468,32.13,1.23,0.44,18,1.41,0,0,run2 pfilter4
2026-08-21T14:15:03.106,4149,RAD,horizontal,1,23.79,26.29,86.1,94.5,1451,32.02,1.23,0.44,17,1.41,0,0,run2 pfilter4
2026-08-21T14:15:03.237,4150,RAD,horizontal,1,23.81,26.31,86.0,94.4,1452,32.02,1.23,0.44,20,1.41,0,0,run2 pfilter4
2026-08-21T14:15:03.330,4151,RAD,horizontal,1,23.79,26.29,86.2,94.4,1462,31.89,1.23,0.44,21,1.41,0,0,run2 pfilter4
2026-08-21T14:15:03.461,4152,RAD,horizontal,1,23.81,26.31,86.4,94.6,1473,31.55,1.21,0.45,19,1.38,0,0,run2 pfilter4
2026-08-21T14:15:03.556,4153,RAD,horizontal,1,23.84,26.34,86.6,94.8,1510,31.37,1.19,0.47,22,1.38,0,0,run2 pfilter4
2026-08-21T14:15:03.684,4154,RAD,horizontal,1,23.77,26.27,86.9,94.7,1472,31.33,1.15,0.46,22,1.34,0,0,run2 pfilter4
2026-08-21T14:15:03.784,4155,RAD,horizontal,1,23.77,26.27,81.4,88.8,995,30.93,2.18,0.58,21,1.42,0,0,run2 pfilter4
2026-08-21T14:15:03.911,4156,RAD,horizontal,1,23.77,26.27,78.9,85.7,930,30.89,2.10,0.53,20,1.26,0,0,run2 pfilter4
2026-08-21T14:15:04.037,4157,RAD,horizontal,1,23.79,26.29,78.1,85.0,949,31.17,2.03,0.52,22,1.20,0,0,run2 pfilter4
2026-08-21T14:15:04.127,4158,RAD,horizontal,1,23.79,26.29,78.7,85.5,1009,31.20,2.03,0.55,21,1.43,0,0,run2 pfilter4
2026-08-21T14:15:04.259,4159,RAD,horizontal,1,23.84,26.34,79.6,87.4,1115,31.28,1.88,0.58,18,1.50,0,0,run2 pfilter4
2026-08-21T14:15:04.355,4160,RAD,horizontal,1,23.84,26.34,79.5,87.7,1016,30.82,1.88,0.53,21,1.50,0,0,run2 pfilter4
2026-08-21T14:15:04.484,4161,RAD,horizontal,1,23.84,26.34,85.4,94.3,1680,31.11,1.07,0.52,24,1.40,0,0,run2 pfilter4
2026-08-21T14:15:04.582,4162,RAD,horizontal,1,23.81,26.31,81.7,91.6,1064,30.91,1.81,0.57,20,1.49,0,0,run2 pfilter4
2026-08-21T14:15:04.706,4163,RAD,horizontal,1,23.79,26.29,79.4,90.1,1023,30.74,1.84,0.58,22,1.51,0,0,run2 pfilter4
2026-08-21T14:15:04.814,4164,RAD,horizontal,1,23.79,26.29,78.4,89.9,998,30.74,1.81,0.57,22,1.53,0,0,run2 pfilter4
2026-08-21T14:15:04.931,4165,RAD,horizontal,0,23.79,26.29,,,,,,,,,,,run2 pfilter4
2026-08-21T14:15:05.060,4166,RAD,horizontal,1,23.77,26.27,87.2,97.8,1517,31.17,0.95,0.51,27,1.32,0,0,run2 pfilter4
2026-08-21T14:15:05.157,4167,RAD,horizontal,2,23.77,26.27,78.4,93.4,1164,31.15,1.87,0.65,18,1.47,0,0,run2 pfilter4
2026-08-21T14:15:05.157,4167,RAD,horizontal,2,23.77,26.27,101.6,105.3,479,31.17,0.92,0.34,9,1.02,0,0,run2 pfilter4
2026-08-21T14:15:05.284,4168,RAD,horizontal,1,23.77,26.27,84.0,97.4,1376,31.28,0.91,0.48,23,1.34,0,0,run2 pfilter4
2026-08-21T14:15:05.382,4169,RAD,horizontal,1,23.77,26.27,88.2,98.4,1953,30.95,1.85,0.58,21,1.33,0,0,run2 pfilter4
2026-08-21T14:15:05.509,4170,RAD,horizontal,1,23.77,26.27,90.2,98.3,1936,30.91,1.85,0.57,21,1.32,0,0,run2 pfilter4
2026-08-21T14:15:05.603,4171,RAD,horizontal,1,23.74,26.24,90.2,98.4,1358,31.26,0.00,0.00,21,1.15,0,0,run2 pfilter4
2026-08-21T14:15:05.729,4172,RAD,horizontal,1,23.74,26.24,91.3,97.0,1349,31.52,0.00,0.00,25,1.13,0,0,run2 pfilter4
2026-08-21T14:15:05.860,4173,RAD,horizontal,1,23.74,26.24,92.6,95.9,1337,31.37,0.00,0.00,28,1.15,0,0,run2 pfilter4
2026-08-21T14:15:05.956,4174,RAD,horizontal,1,23.74,26.24,93.8,95.0,1303,31.33,0.00,0.00,24,1.13,0,0,run2 pfilter4
2026-08-21T14:15:06.082,4175,RAD,horizontal,1,23.74,26.24,94.7,93.8,1307,31.33,0.00,0.00,26,1.12,0,0,run2 pfilter4
2026-08-21T14:15:06.180,4176,RAD,horizontal,1,23.74,26.24,94.7,92.9,1270,31.39,0.00,0.00,24,1.07,0,0,run2 pfilter4
2026-08-21T14:15:06.312,4177,RAD,horizontal,1,23.74,26.24,81.0,89.9,772,30.78,2.16,0.57,13,1.07,0,0,run2 pfilter4
2026-08-21T14:15:06.408,4178,RAD,horizontal,1,23.74,26.24,75.5,88.5,792,30.89,2.12,0.55,10,1.08,0,0,run2 pfilter4
2026-08-21T14:15:06.545,4179,RAD,horizontal,2,23.74,26.24,74.2,88.4,785,30.85,2.15,0.54,10,1.05,0,0,run2 pfilter4
2026-08-21T14:15:06.545,4179,RAD,horizontal,2,23.74,26.24,121.2,96.5,912,31.35,1.48,0.46,8,1.39,0,0,run2 pfilter4
2026-08-21T14:15:06.631,4180,RAD,horizontal,2,23.74,26.24,74.7,88.0,797,30.76,2.15,0.55,12,1.03,0,0,run2 pfilter4
2026-08-21T14:15:06.631,4180,RAD,horizontal,2,23.74,26.24,121.3,95.3,884,31.44,1.52,0.46,9,1.39,0,0,run2 pfilter4
2026-08-21T14:15:06.759,4181,RAD,horizontal,2,23.77,26.27,75.4,87.7,849,31.13,2.19,0.57,11,1.06,0,0,run2 pfilter4
2026-08-21T14:15:06.759,4181,RAD,horizontal,2,23.77,26.27,121.7,93.9,861,31.44,1.67,0.44,8,1.42,0,0,run2 pfilter4
2026-08-21T14:15:06.887,4182,RAD,horizontal,2,23.79,26.29,75.8,87.1,893,31.22,2.15,0.57,14,1.09,0,0,run2 pfilter4
2026-08-21T14:15:06.887,4182,RAD,horizontal,2,23.79,26.29,122.0,92.9,846,31.35,1.70,0.43,10,1.41,0,0,run2 pfilter4
2026-08-21T14:15:06.982,4183,RAD,horizontal,2,23.79,26.29,75.4,86.6,899,31.00,2.19,0.56,16,1.11,0,0,run2 pfilter4
2026-08-21T14:15:06.982,4183,RAD,horizontal,2,23.79,26.29,122.2,92.7,859,31.37,1.58,0.41,10,1.47,0,0,run2 pfilter4
2026-08-21T14:15:07.112,4184,RAD,horizontal,2,23.84,26.34,74.1,86.7,959,31.06,2.07,0.55,15,1.18,0,0,run2 pfilter4
2026-08-21T14:15:07.112,4184,RAD,horizontal,2,23.84,26.34,122.4,92.8,893,31.30,1.60,0.38,9,1.53,0,0,run2 pfilter4
2026-08-21T14:15:07.209,4185,RAD,horizontal,2,23.84,26.34,72.4,85.8,932,31.11,2.04,0.58,16,1.11,0,0,run2 pfilter4
2026-08-21T14:15:07.209,4185,RAD,horizontal,2,23.84,26.34,123.1,93.4,898,31.30,1.54,0.38,10,1.52,0,0,run2 pfilter4
2026-08-21T14:15:07.337,4186,RAD,horizontal,2,23.86,26.36,69.5,85.4,921,31.30,1.96,0.60,14,1.14,0,0,run2 pfilter4
2026-08-21T14:15:07.337,4186,RAD,horizontal,2,23.86,26.36,123.9,93.8,915,31.48,1.50,0.41,10,1.53,0,0,run2 pfilter4
2026-08-21T14:15:07.433,4187,RAD,horizontal,2,23.91,26.41,65.1,85.2,890,31.26,2.04,0.65,12,1.11,0,0,run2 pfilter4
2026-08-21T14:15:07.433,4187,RAD,horizontal,2,23.91,26.41,124.9,94.4,888,31.61,1.56,0.44,7,1.48,0,0,run2 pfilter4
2026-08-21T14:15:07.561,4188,RAD,horizontal,2,23.88,26.38,59.1,84.9,792,31.59,1.92,0.61,11,1.15,0,0,run2 pfilter4
2026-08-21T14:15:07.561,4188,RAD,horizontal,2,23.88,26.38,125.6,94.8,875,31.63,1.56,0.47,8,1.45,0,0,run2 pfilter4
2026-08-21T14:15:07.684,4189,RAD,horizontal,2,23.86,26.36,52.9,84.2,765,32.00,1.75,0.56,7,1.19,0,0,run2 pfilter4
2026-08-21T14:15:07.684,4189,RAD,horizontal,2,23.86,26.36,127.8,92.8,499,31.74,1.56,0.51,9,1.12,0,0,run2 pfilter4
2026-08-21T14:15:07.780,4190,RAD,horizontal,2,23.88,26.38,48.4,82.7,817,32.04,1.82,0.57,11,1.31,0,0,run2 pfilter4
2026-08-21T14:15:07.780,4190,RAD,horizontal,2,23.88,26.38,129.3,91.3,459,31.96,1.62,0.49,8,1.07,0,0,run2 pfilter4
2026-08-21T14:15:07.909,4191,RAD,horizontal,2,23.86,26.36,45.7,81.9,835,32.02,1.89,0.56,7,1.37,0,0,run2 pfilter4
2026-08-21T14:15:07.909,4191,RAD,horizontal,2,23.86,26.36,129.8,90.8,450,31.94,1.62,0.48,7,1.07,0,0,run2 pfilter4
2026-08-21T14:15:08.005,4192,RAD,horizontal,2,23.84,26.34,43.2,80.9,744,31.94,2.16,0.55,5,1.23,0,0,run2 pfilter4
2026-08-21T14:15:08.005,4192,RAD,horizontal,2,23.84,26.34,127.6,93.9,853,31.94,1.70,0.51,6,1.52,0,0,run2 pfilter4
2026-08-21T14:15:08.134,4193,RAD,horizontal,2,23.84,26.34,41.2,79.7,703,31.91,2.50,0.58,7,1.19,0,0,run2 pfilter4
2026-08-21T14:15:08.134,4193,RAD,horizontal,2,23.84,26.34,126.3,95.5,868,31.89,1.67,0.44,9,1.53,0,0,run2 pfilter4
2026-08-21T14:15:08.233,4194,RAD,horizontal,2,23.81,26.31,39.4,78.2,643,31.76,2.75,0.58,7,1.11,0,0,run2 pfilter4
2026-08-21T14:15:08.233,4194,RAD,horizontal,2,23.81,26.31,126.2,95.6,838,31.98,1.70,0.48,7,1.48,0,0,run2 pfilter4
2026-08-21T14:15:08.358,4195,RAD,horizontal,2,23.79,26.29,37.7,76.9,607,31.61,2.67,0.52,8,1.13,0,0,run2 pfilter4
2026-08-21T14:15:08.358,4195,RAD,horizontal,2,23.79,26.29,125.7,95.5,844,32.00,1.56,0.43,6,1.54,0,0,run2 pfilter4
2026-08-21T14:15:08.456,4196,RAD,horizontal,2,23.79,26.29,36.2,76.3,562,31.65,2.50,0.46,7,1.09,0,0,run2 pfilter4
2026-08-21T14:15:08.456,4196,RAD,horizontal,2,23.79,26.29,125.0,94.8,857,32.13,1.56,0.42,8,1.56,0,0,run2 pfilter4
2026-08-21T14:15:08.583,4197,RAD,horizontal,2,23.84,26.34,34.8,75.5,541,31.63,2.48,0.41,8,1.10,0,0,run2 pfilter4
2026-08-21T14:15:08.583,4197,RAD,horizontal,2,23.84,26.34,124.0,93.8,843,32.15,1.64,0.38,7,1.52,0,0,run2 pfilter4
2026-08-21T14:15:08.711,4198,RAD,horizontal,2,23.84,26.34,33.6,74.9,515,31.76,2.30,0.42,6,1.11,0,0,run2 pfilter4
2026-08-21T14:15:08.711,4198,RAD,horizontal,2,23.84,26.34,122.8,93.2,850,32.15,1.67,0.39,8,1.53,0,0,run2 pfilter4
2026-08-21T14:15:08.807,4199,RAD,horizontal,2,23.86,26.36,32.9,74.3,547,31.76,2.39,0.43,6,1.11,0,0,run2 pfilter4
2026-08-21T14:15:08.807,4199,RAD,horizontal,2,23.86,26.36,122.1,93.0,829,31.65,1.74,0.40,6,1.52,0,0,run2 pfilter4
2026-08-21T14:15:08.934,4200,RAD,horizontal,2,23.86,26.36,32.7,74.1,544,31.68,2.32,0.48,8,1.08,0,0,run2 pfilter4
2026-08-21T14:15:08.934,4200,RAD,horizontal,2,23.86,26.36,121.9,92.8,803,31.30,1.86,0.43,7,1.46,0,0,run2 pfilter4
2026-08-21T14:15:09.029,4201,RAD,horizontal,2,23.86,26.36,32.5,73.6,562,31.57,2.50,0.46,9,1.09,0,0,run2 pfilter4
2026-08-21T14:15:09.029,4201,RAD,horizontal,2,23.86,26.36,121.7,92.5,803,31.17,2.00,0.43,10,1.45,0,0,run2 pfilter4
2026-08-21T14:15:09.158,4202,RAD,horizontal,2,23.86,26.36,32.1,73.5,536,31.41,2.30,0.44,8,1.03,0,0,run2 pfilter4
2026-08-21T14:15:09.158,4202,RAD,horizontal,2,23.86,26.36,121.4,92.5,821,31.17,1.95,0.38,9,1.46,0,0,run2 pfilter4
2026-08-21T14:15:09.254,4203,RAD,horizontal,2,23.86,26.36,31.9,73.6,546,31.48,2.26,0.46,9,1.02,0,0,run2 pfilter4
2026-08-21T14:15:09.254,4203,RAD,horizontal,2,23.86,26.36,121.0,92.4,826,31.44,1.71,0.35,9,1.44,0,0,run2 pfilter4
2026-08-21T14:15:09.383,4204,RAD,horizontal,2,23.84,26.34,31.7,73.5,552,31.48,2.43,0.43,7,1.04,0,0,run2 pfilter4
2026-08-21T14:15:09.383,4204,RAD,horizontal,2,23.84,26.34,120.4,92.2,814,31.44,1.46,0.29,10,1.40,0,0,run2 pfilter4
2026-08-21T14:15:09.511,4205,RAD,horizontal,2,23.84,26.34,31.5,73.3,552,31.50,2.48,0.42,7,1.03,0,0,run2 pfilter4
2026-08-21T14:15:09.511,4205,RAD,horizontal,2,23.84,26.34,119.6,92.0,814,31.41,1.17,0.24,10,1.44,0,0,run2 pfilter4
2026-08-21T14:15:09.608,4206,RAD,horizontal,2,23.84,26.34,31.3,73.1,565,31.57,2.55,0.46,8,1.07,0,0,run2 pfilter4
2026-08-21T14:15:09.608,4206,RAD,horizontal,2,23.84,26.34,118.9,91.8,802,31.30,1.32,0.26,8,1.43,0,0,run2 pfilter4
2026-08-21T14:15:09.734,4207,RAD,horizontal,2,23.84,26.34,31.2,73.6,569,31.55,2.60,0.55,7,1.07,0,0,run2 pfilter4
2026-08-21T14:15:09.734,4207,RAD,horizontal,2,23.84,26.34,118.1,92.2,799,31.22,1.34,0.29,7,1.43,0,0,run2 pfilter4
2026-08-21T14:15:09.835,4208,RAD,horizontal,2,23.79,26.29,30.8,73.8,549,31.52,2.55,0.54,9,1.05,0,0,run2 pfilter4
2026-08-21T14:15:09.835,4208,RAD,horizontal,2,23.79,26.29,117.4,92.8,792,31.24,1.38,0.35,8,1.44,0,0,run2 pfilter4
2026-08-21T14:15:09.959,4209,RAD,horizontal,2,23.79,26.29,30.4,74.2,570,31.52,0.00,0.00,7,1.05,0,0,run2 pfilter4
2026-08-21T14:15:09.959,4209,RAD,horizontal,2,23.79,26.29,116.6,93.7,795,31.61,1.54,0.36,8,1.45,0,0,run2 pfilter4
2026-08-21T14:15:10.057,4210,RAD,horizontal,2,23.79,26.29,29.9,75.0,612,31.76,2.27,0.56,9,1.08,0,0,run2 pfilter4
2026-08-21T14:15:10.057,4210,RAD,horizontal,2,23.79,26.29,115.1,94.9,825,31.61,1.32,0.32,9,1.42,0,0,run2 pfilter4
2026-08-21T14:15:10.184,4211,RAD,horizontal,2,23.79,26.29,29.3,75.6,628,31.81,2.13,0.56,8,1.10,0,0,run2 pfilter4
2026-08-21T14:15:10.184,4211,RAD,horizontal,2,23.79,26.29,113.3,95.8,890,31.50,1.58,0.30,8,1.44,0,0,run2 pfilter4
2026-08-21T14:15:10.280,4212,RAD,horizontal,2,23.79,26.29,29.0,76.4,665,31.76,2.17,0.58,7,1.14,0,0,run2 pfilter4
2026-08-21T14:15:10.280,4212,RAD,horizontal,2,23.79,26.29,114.5,92.6,345,31.35,1.59,0.30,9,1.15,0,0,run2 pfilter4
2026-08-21T14:15:10.407,4213,RAD,horizontal,2,23.81,26.31,28.8,77.1,664,31.85,1.96,0.59,7,1.16,0,0,run2 pfilter4
2026-08-21T14:15:10.407,4213,RAD,horizontal,2,23.81,26.31,112.4,92.2,414,31.33,1.45,0.30,8,1.27,0,0,run2 pfilter4
2026-08-21T14:15:10.535,4214,RAD,horizontal,2,23.81,26.31,29.1,77.8,665,31.83,1.77,0.56,7,1.17,0,0,run2 pfilter4
2026-08-21T14:15:10.535,4214,RAD,horizontal,2,23.81,26.31,108.3,92.4,484,31.37,1.47,0.37,9,1.55,0,0,run2 pfilter4
2026-08-21T14:15:10.628,4215,RAD,horizontal,2,23.79,26.29,29.6,78.6,666,31.72,1.84,0.58,7,1.19,0,0,run2 pfilter4
2026-08-21T14:15:10.628,4215,RAD,horizontal,2,23.79,26.29,104.3,93.5,608,31.33,1.52,0.48,8,1.41,0,0,run2 pfilter4
2026-08-21T14:15:10.756,4216,RAD,horizontal,2,23.81,26.31,30.7,79.0,649,31.94,1.88,0.55,7,1.20,0,0,run2 pfilter4
2026-08-21T14:15:10.756,4216,RAD,horizontal,2,23.81,26.31,101.0,92.9,614,31.28,1.52,0.48,8,1.38,0,0,run2 pfilter4
2026-08-21T14:15:10.852,4217,RAD,horizontal,2,23.79,26.29,32.1,79.1,633,31.76,2.04,0.59,8,1.14,0,0,run2 pfilter4
2026-08-21T14:15:10.852,4217,RAD,horizontal,2,23.79,26.29,99.5,90.1,503,31.24,1.53,0.36,10,1.18,0,0,run2 pfilter4
2026-08-21T14:15:10.981,4218,RAD,horizontal,2,23.81,26.31,33.7,79.0,665,31.87,2.36,0.58,5,1.11,0,0,run2 pfilter4
2026-08-21T14:15:10.981,4218,RAD,horizontal,2,23.81,26.31,98.0,88.9,517,31.37,1.45,0.37,9,1.18,0,0,run2 pfilter4
2026-08-21T14:15:11.076,4219,RAD,horizontal,2,23.81,26.31,35.1,79.4,674,31.81,2.32,0.60,5,1.09,0,0,run2 pfilter4
2026-08-21T14:15:11.076,4219,RAD,horizontal,2,23.81,26.31,97.1,88.1,496,31.13,1.61,0.39,8,1.17,0,0,run2 pfilter4
2026-08-21T14:15:11.205,4220,RAD,horizontal,2,23.84,26.34,36.2,79.9,665,31.98,2.57,0.59,5,1.09,0,0,run2 pfilter4
2026-08-21T14:15:11.205,4220,RAD,horizontal,2,23.84,26.34,96.3,87.6,505,31.68,1.41,0.35,8,1.17,0,0,run2 pfilter4
2026-08-21T14:15:11.301,4221,RAD,horizontal,2,23.84,26.34,37.2,80.9,631,31.94,2.50,0.52,6,1.10,0,0,run2 pfilter4
2026-08-21T14:15:11.301,4221,RAD,horizontal,2,23.84,26.34,96.0,88.0,522,31.61,1.41,0.36,8,1.18,0,0,run2 pfilter4
2026-08-21T14:15:11.428,4222,RAD,horizontal,2,23.86,26.36,38.5,82.0,636,32.07,2.76,0.52,5,1.15,0,0,run2 pfilter4
2026-08-21T14:15:11.428,4222,RAD,horizontal,2,23.86,26.36,96.3,88.8,562,31.24,1.38,0.40,9,1.23,0,0,run2 pfilter4
2026-08-21T14:15:11.557,4223,RAD,horizontal,2,23.86,26.36,39.6,83.6,609,32.02,2.52,0.55,5,1.14,0,0,run2 pfilter4
2026-08-21T14:15:11.557,4223,RAD,horizontal,2,23.86,26.36,97.3,89.3,589,31.26,1.38,0.42,11,1.25,0,0,run2 pfilter4
2026-08-21T14:15:11.651,4224,RAD,horizontal,2,23.88,26.38,41.1,85.3,622,32.19,2.52,0.56,6,1.17,0,0,run2 pfilter4
2026-08-21T14:15:11.651,4224,RAD,horizontal,2,23.88,26.38,99.2,90.1,627,31.30,1.26,0.43,10,1.25,0,0,run2 pfilter4
2026-08-21T14:15:11.784,4225,RAD,horizontal,2,23.88,26.38,42.8,87.7,644,32.13,2.17,0.56,8,1.24,0,0,run2 pfilter4
2026-08-21T14:15:11.784,4225,RAD,horizontal,2,23.88,26.38,102.5,88.8,516,30.98,1.23,0.34,14,1.18,0,0,run2 pfilter4
2026-08-21T14:15:11.877,4226,RAD,horizontal,2,23.86,26.36,44.4,89.7,655,32.07,1.88,0.51,10,1.26,0,0,run2 pfilter4
2026-08-21T14:15:11.877,4226,RAD,horizontal,2,23.86,26.36,106.4,87.9,466,31.06,1.24,0.33,11,1.18,0,0,run2 pfilter4
2026-08-21T14:15:12.009,4227,RAD,horizontal,2,23.84,26.34,45.7,90.9,640,32.02,1.71,0.48,10,1.24,0,0,run2 pfilter4
2026-08-21T14:15:12.009,4227,RAD,horizontal,2,23.84,26.34,108.6,91.1,924,31.06,1.33,0.35,10,1.36,0,0,run2 pfilter4
2026-08-21T14:15:12.106,4228,RAD,horizontal,2,23.84,26.34,46.8,91.5,645,31.91,1.75,0.47,9,1.23,0,0,run2 pfilter4
2026-08-21T14:15:12.106,4228,RAD,horizontal,2,23.84,26.34,110.8,92.7,977,31.00,1.32,0.36,11,1.41,0,0,run2 pfilter4
2026-08-21T14:15:12.232,4229,RAD,horizontal,2,23.84,26.34,47.6,91.1,651,32.00,1.81,0.49,10,1.22,0,0,run2 pfilter4
2026-08-21T14:15:12.232,4229,RAD,horizontal,2,23.84,26.34,113.1,92.1,921,31.00,1.25,0.35,9,1.36,0,0,run2 pfilter4
2026-08-21T14:15:12.360,4230,RAD,horizontal,2,23.84,26.34,48.2,90.6,662,32.07,1.88,0.52,12,1.24,0,0,run2 pfilter4
2026-08-21T14:15:12.360,4230,RAD,horizontal,2,23.84,26.34,115.1,90.5,851,31.15,1.10,0.34,9,1.37,0,0,run2 pfilter4
2026-08-21T14:15:12.454,4231,RAD,horizontal,2,23.81,26.31,48.8,90.0,649,32.17,1.96,0.53,11,1.23,0,0,run2 pfilter4
2026-08-21T14:15:12.454,4231,RAD,horizontal,2,23.81,26.31,116.2,88.9,821,31.39,1.35,0.35,8,1.43,0,0,run2 pfilter4
2026-08-21T14:15:12.584,4232,RAD,horizontal,2,23.81,26.31,49.3,89.6,659,32.15,1.96,0.54,10,1.25,0,0,run2 pfilter4
2026-08-21T14:15:12.584,4232,RAD,horizontal,2,23.81,26.31,117.0,87.4,778,31.65,1.42,0.35,10,1.47,0,0,run2 pfilter4
2026-08-21T14:15:12.683,4233,RAD,horizontal,2,23.81,26.31,49.9,89.5,654,32.13,1.96,0.53,9,1.24,0,0,run2 pfilter4
2026-08-21T14:15:12.683,4233,RAD,horizontal,2,23.81,26.31,117.7,86.3,770,31.87,1.43,0.43,7,1.47,0,0,run2 pfilter4
2026-08-21T14:15:12.808,4234,RAD,horizontal,2,23.81,26.31,50.5,89.3,661,31.98,1.92,0.51,11,1.26,0,0,run2 pfilter4
2026-08-21T14:15:12.808,4234,RAD,horizontal,2,23.81,26.31,118.1,85.6,768,31.87,1.26,0.48,7,1.48,0,0,run2 pfilter4
2026-08-21T14:15:12.904,4235,RAD,horizontal,2,23.81,26.31,50.9,89.4,658,32.04,1.92,0.51,11,1.27,0,0,run2 pfilter4
2026-08-21T14:15:12.904,4235,RAD,horizontal,2,23.81,26.31,118.5,85.1,765,31.81,1.29,0.44,6,1.46,0,0,run2 pfilter4
2026-08-21T14:15:13.030,4236,RAD,horizontal,2,23.84,26.34,51.2,89.0,668,32.11,2.19,0.45,9,1.31,0,0,run2 pfilter4
2026-08-21T14:15:13.030,4236,RAD,horizontal,2,23.84,26.34,118.8,85.1,785,31.74,1.38,0.43,6,1.46,0,0,run2 pfilter4
2026-08-21T14:15:13.127,4237,RAD,horizontal,2,23.84,26.34,51.5,89.1,649,32.02,2.08,0.50,10,1.29,0,0,run2 pfilter4
2026-08-21T14:15:13.127,4237,RAD,horizontal,2,23.84,26.34,119.2,85.3,781,31.55,1.21,0.49,7,1.43,0,0,run2 pfilter4
2026-08-21T14:15:13.256,4238,RAD,horizontal,2,23.84,26.34,51.5,89.2,671,32.09,2.00,0.50,10,1.27,0,0,run2 pfilter4
2026-08-21T14:15:13.256,4238,RAD,horizontal,2,23.84,26.34,119.6,85.4,785,31.63,1.38,0.44,7,1.45,0,0,run2 pfilter4
2026-08-21T14:15:13.386,4239,RAD,horizontal,2,23.84,26.34,51.4,88.9,662,32.04,1.93,0.47,9,1.30,0,0,run2 pfilter4
2026-08-21T14:15:13.386,4239,RAD,horizontal,2,23.84,26.34,119.9,85.6,789,31.59,1.36,0.41,8,1.45,0,0,run2 pfilter4
2026-08-21T14:15:13.481,4240,RAD,horizontal,2,23.84,26.34,51.4,88.4,634,32.02,1.89,0.46,8,1.30,0,0,run2 pfilter4
2026-08-21T14:15:13.481,4240,RAD,horizontal,2,23.84,26.34,120.1,85.8,770,31.57,1.20,0.45,7,1.40,0,0,run2 pfilter4
2026-08-21T14:15:13.607,4241,RAD,horizontal,2,23.86,26.36,51.3,88.1,652,32.17,1.96,0.49,10,1.31,0,0,run2 pfilter4
2026-08-21T14:15:13.607,4241,RAD,horizontal,2,23.86,26.36,120.3,85.9,783,31.78,1.25,0.48,6,1.42,0,0,run2 pfilter4
2026-08-21T14:15:13.704,4242,RAD,horizontal,2,23.84,26.34,51.1,88.1,650,32.13,2.04,0.51,10,1.31,0,0,run2 pfilter4
2026-08-21T14:15:13.704,4242,RAD,horizontal,2,23.84,26.34,120.4,86.1,779,31.46,1.21,0.48,9,1.41,0,0,run2 pfilter4
2026-08-21T14:15:13.830,4243,RAD,horizontal,2,23.86,26.36,50.8,88.2,647,32.09,2.04,0.55,8,1.27,0,0,run2 pfilter4
2026-08-21T14:15:13.830,4243,RAD,horizontal,2,23.86,26.36,120.5,86.1,772,31.44,1.33,0.44,10,1.40,0,0,run2 pfilter4
2026-08-21T14:15:13.927,4244,RAD,horizontal,2,23.86,26.36,50.7,88.1,655,32.02,1.96,0.53,9,1.26,0,0,run2 pfilter4
2026-08-21T14:15:13.927,4244,RAD,horizontal,2,23.86,26.36,120.5,86.2,773,31.41,1.33,0.44,10,1.40,0,0,run2 pfilter4
2026-08-21T14:15:14.057,4245,RAD,horizontal,2,23.86,26.36,50.6,88.1,654,32.15,2.04,0.56,10,1.26,0,0,run2 pfilter4
2026-08-21T14:15:14.057,4245,RAD,horizontal,2,23.86,26.36,120.5,86.2,774,31.41,1.33,0.44,9,1.39,0,0,run2 pfilter4
2026-08-21T14:15:14.184,4246,RAD,horizontal,2,23.86,26.36,50.6,88.1,660,32.13,2.04,0.56,11,1.27,0,0,run2 pfilter4
2026-08-21T14:15:14.184,4246,RAD,horizontal,2,23.86,26.36,120.5,86.2,775,31.39,1.29,0.44,8,1.39,0,0,run2 pfilter4
2026-08-21T14:15:14.281,4247,RAD,horizontal,2,23.86,26.36,50.5,87.9,666,32.17,2.08,0.56,11,1.28,0,0,run2 pfilter4
2026-08-21T14:15:14.281,4247,RAD,horizontal,2,23.86,26.36,120.4,86.2,775,31.28,1.29,0.44,8,1.38,0,0,run2 pfilter4
2026-08-21T14:15:14.409,4248,RAD,horizontal,2,23.84,26.34,50.4,87.8,666,32.11,2.17,0.58,10,1.29,0,0,run2 pfilter4
2026-08-21T14:15:14.409,4248,RAD,horizontal,2,23.84,26.34,120.4,86.2,776,31.30,1.29,0.44,8,1.38,0,0,run2 pfilter4
2026-08-21T14:15:14.506,4249,RAD,horizontal,2,23.86,26.36,50.4,87.8,671,32.13,2.08,0.56,11,1.28,0,0,run2 pfilter4
2026-08-21T14:15:14.506,4249,RAD,horizontal,2,23.86,26.36,120.4,86.1,778,31.30,1.17,0.49,7,1.38,0,0,run2 pfilter4
2026-08-21T14:15:14.630,4250,RAD,horizontal,2,23.86,26.36,50.4,87.8,671,32.17,2.08,0.56,13,1.29,0,0,run2 pfilter4
2026-08-21T14:15:14.630,4250,RAD,horizontal,2,23.86,26.36,120.4,86.0,775,31.30,1.17,0.48,7,1.39,0,0,run2 pfilter4
2026-08-21T14:15:14.728,4251,RAD,horizontal,2,23.86,26.36,50.4,87.8,669,32.15,2.08,0.56,11,1.29,0,0,run2 pfilter4
2026-08-21T14:15:14.728,4251,RAD,horizontal,2,23.86,26.36,120.3,86.0,776,31.24,1.21,0.46,8,1.39,0,0,run2 pfilter4
2026-08-21T14:15:14.857,4252,RAD,horizontal,2,23.86,26.36,50.3,87.7,656,32.17,2.08,0.55,10,1.28,0,0,run2 pfilter4
2026-08-21T14:15:14.857,4252,RAD,horizontal,2,23.86,26.36,120.3,86.0,777,31.22,1.21,0.46,9,1.38,0,0,run2 pfilter4
2026-08-21T14:15:14.954,4253,RAD,horizontal,2,23.86,26.36,50.4,87.8,647,32.15,2.04,0.55,11,1.27,0,0,run2 pfilter4
2026-08-21T14:15:14.954,4253,RAD,horizontal,2,23.86,26.36,120.2,86.0,784,31.22,1.21,0.46,9,1.40,0,0,run2 pfilter4
2026-08-21T14:15:15.079,4254,RAD,horizontal,2,23.86,26.36,50.5,87.8,646,32.19,2.08,0.54,11,1.26,0,0,run2 pfilter4
2026-08-21T14:15:15.079,4254,RAD,horizontal,2,23.86,26.36,120.1,86.0,774,31.20,1.29,0.44,9,1.39,0,0,run2 pfilter4
2026-08-21T14:15:15.208,4255,RAD,horizontal,2,23.84,26.34,50.6,87.8,640,32.24,2.17,0.56,10,1.26,0,0,run2 pfilter4
2026-08-21T14:15:15.208,4255,RAD,horizontal,2,23.84,26.34,120.0,86.1,778,31.20,1.35,0.46,8,1.39,0,0,run2 pfilter4
2026-08-21T14:15:15.303,4256,RAD,horizontal,2,23.84,26.34,50.7,87.8,645,32.19,2.17,0.56,11,1.25,0,0,run2 pfilter4
2026-08-21T14:15:15.303,4256,RAD,horizontal,2,23.84,26.34,119.9,86.0,778,31.20,1.35,0.45,8,1.39,0,0,run2 pfilter4
2026-08-21T14:15:15.432,4257,RAD,horizontal,2,23.84,26.34,50.7,88.3,666,32.17,2.27,0.61,9,1.19,0,0,run2 pfilter4
2026-08-21T14:15:15.432,4257,RAD,horizontal,2,23.84,26.34,119.9,86.0,778,31.20,1.35,0.45,7,1.39,0,0,run2 pfilter4
2026-08-21T14:15:15.527,4258,RAD,horizontal,2,23.84,26.34,50.2,88.6,679,32.17,2.50,0.68,9,1.21,0,0,run2 pfilter4
2026-08-21T14:15:15.527,4258,RAD,horizontal,2,23.84,26.34,119.9,85.8,781,31.20,1.33,0.43,7,1.39,0,0,run2 pfilter4
2026-08-21T14:15:15.654,4259,RAD,horizontal,2,23.84,26.34,49.7,88.9,699,32.13,2.38,0.67,9,1.22,0,0,run2 pfilter4
2026-08-21T14:15:15.654,4259,RAD,horizontal,2,23.84,26.34,119.8,85.7,788,31.09,1.33,0.43,8,1.40,0,0,run2 pfilter4
2026-08-21T14:15:15.752,4260,RAD,horizontal,2,23.84,26.34,49.6,89.0,696,32.09,2.38,0.66,7,1.21,0,0,run2 pfilter4
2026-08-21T14:15:15.752,4260,RAD,horizontal,2,23.84,26.34,119.8,85.6,788,31.00,1.42,0.42,8,1.40,0,0,run2 pfilter4
2026-08-21T14:15:15.880,4261,RAD,horizontal,2,23.84,26.34,49.6,88.7,683,32.02,2.43,0.64,7,1.20,0,0,run2 pfilter4
2026-08-21T14:15:15.880,4261,RAD,horizontal,2,23.84,26.34,119.6,85.5,784,30.80,1.25,0.46,9,1.41,0,0,run2 pfilter4
2026-08-21T14:15:16.007,4262,RAD,horizontal,2,23.84,26.34,49.7,88.3,683,32.19,2.48,0.63,8,1.22,0,0,run2 pfilter4
2026-08-21T14:15:16.007,4262,RAD,horizontal,2,23.84,26.34,119.5,85.5,784,30.87,1.29,0.45,7,1.41,0,0,run2 pfilter4
2026-08-21T14:15:16.104,4263,RAD,horizontal,2,23.88,26.38,49.8,87.8,679,32.19,2.67,0.58,9,1.23,0,0,run2 pfilter4
2026-08-21T14:15:16.104,4263,RAD,horizontal,2,23.88,26.38,119.4,85.3,786,30.89,1.39,0.46,9,1.41,0,0,run2 pfilter4
2026-08-21T14:15:16.232,4264,RAD,horizontal,2,23.86,26.36,50.0,87.1,650,32.19,2.67,0.55,8,1.24,0,0,run2 pfilter4
2026-08-21T14:15:16.232,4264,RAD,horizontal,2,23.86,26.36,119.3,85.3,766,31.59,1.22,0.51,9,1.39,0,0,run2 pfilter4
2026-08-21T14:15:18.070,4265,RAD,horizontal,2,22.40,24.90,48.1,88.3,631,31.15,1.41,0.62,8,1.43,0,0,run2 pfilter4
2026-08-21T14:15:18.070,4265,RAD,horizontal,2,22.40,24.90,122.7,87.2,711,29.99,1.37,0.40,8,1.45,0,0,run2 pfilter4
2026-08-21T14:15:18.156,4266,RAD,horizontal,2,22.56,25.06,47.4,89.5,641,31.06,1.34,0.57,8,1.18,0,0,run2 pfilter4
2026-08-21T14:15:18.156,4266,RAD,horizontal,2,22.56,25.06,123.4,87.5,733,30.36,1.30,0.41,9,1.46,0,0,run2 pfilter4
2026-08-21T14:15:18.283,4267,RAD,horizontal,2,22.75,25.25,47.6,90.2,606,30.67,1.48,0.49,10,1.01,0,0,run2 pfilter4
2026-08-21T14:15:18.283,4267,RAD,horizontal,2,22.75,25.25,122.7,86.9,741,30.47,1.24,0.40,8,1.41,0,0,run2 pfilter4
2026-08-21T14:15:18.378,4268,RAD,horizontal,2,22.94,25.44,48.5,91.3,634,30.78,1.63,0.53,15,1.06,0,0,run2 pfilter4
2026-08-21T14:15:18.378,4268,RAD,horizontal,2,22.94,25.44,121.4,86.2,747,30.67,1.30,0.47,8,1.44,0,0,run2 pfilter4
2026-08-21T14:15:18.504,4269,RAD,horizontal,2,23.13,25.63,49.7,91.2,616,30.82,1.81,0.50,12,1.06,0,0,run2 pfilter4
2026-08-21T14:15:18.504,4269,RAD,horizontal,2,23.13,25.63,120.5,85.6,735,30.71,1.48,0.43,9,1.45,0,0,run2 pfilter4
2026-08-21T14:15:18.599,4270,RAD,horizontal,2,23.27,25.77,51.6,91.3,653,31.06,2.04,0.51,10,1.10,0,0,run2 pfilter4
2026-08-21T14:15:18.599,4270,RAD,horizontal,2,23.27,25.77,120.1,85.8,738,31.06,1.27,0.47,8,1.43,0,0,run2 pfilter4
2026-08-21T14:15:18.729,4271,RAD,horizontal,2,23.43,25.93,54.1,90.4,680,31.30,2.30,0.56,11,1.14,0,0,run2 pfilter4
2026-08-21T14:15:18.729,4271,RAD,horizontal,2,23.43,25.93,119.9,86.4,735,31.13,1.36,0.44,7,1.47,0,0,run2 pfilter4
2026-08-21T14:15:18.859,4272,RAD,horizontal,2,23.74,26.24,57.0,88.6,697,31.55,2.80,0.62,10,1.15,0,0,run2 pfilter4
2026-08-21T14:15:18.859,4272,RAD,horizontal,2,23.74,26.24,119.7,87.4,761,31.37,1.58,0.36,8,1.44,0,0,run2 pfilter4
2026-08-21T14:15:18.952,4273,RAD,horizontal,2,23.62,26.12,59.2,85.8,651,31.35,2.90,0.56,10,1.10,0,0,run2 pfilter4
2026-08-21T14:15:18.952,4273,RAD,horizontal,2,23.62,26.12,119.9,88.6,783,31.39,1.42,0.34,9,1.40,0,0,run2 pfilter4
2026-08-21T14:15:19.081,4274,RAD,horizontal,2,23.55,26.05,61.3,83.6,669,31.24,2.86,0.53,12,1.06,0,0,run2 pfilter4
2026-08-21T14:15:19.081,4274,RAD,horizontal,2,23.55,26.05,120.4,89.5,772,30.98,1.42,0.37,10,1.39,0,0,run2 pfilter4
2026-08-21T14:15:19.175,4275,RAD,horizontal,2,23.43,25.93,62.6,82.4,731,31.26,2.16,0.54,12,1.16,0,0,run2 pfilter4
2026-08-21T14:15:19.175,4275,RAD,horizontal,2,23.43,25.93,120.8,89.8,779,30.87,1.41,0.42,7,1.38,0,0,run2 pfilter4
2026-08-21T14:15:19.304,4276,RAD,horizontal,2,23.41,25.91,63.2,81.1,779,31.22,1.79,0.52,11,1.25,0,0,run2 pfilter4
2026-08-21T14:15:19.304,4276,RAD,horizontal,2,23.41,25.91,120.8,89.8,791,30.95,1.41,0.41,7,1.38,0,0,run2 pfilter4
2026-08-21T14:15:19.399,4277,RAD,horizontal,2,23.34,25.84,63.0,79.7,757,30.95,1.61,0.49,14,1.26,0,0,run2 pfilter4
2026-08-21T14:15:19.399,4277,RAD,horizontal,2,23.34,25.84,120.7,89.3,792,30.82,1.35,0.39,7,1.39,0,0,run2 pfilter4
2026-08-21T14:15:19.531,4278,RAD,horizontal,2,23.27,25.77,62.2,77.7,665,31.33,1.47,0.50,10,1.21,0,0,run2 pfilter4
2026-08-21T14:15:19.531,4278,RAD,horizontal,2,23.27,25.77,120.6,88.5,775,30.76,1.23,0.44,8,1.37,0,0,run2 pfilter4
2026-08-21T14:15:19.628,4279,RAD,horizontal,2,23.20,25.70,61.6,79.5,1159,31.24,1.27,0.66,12,1.50,0,0,run2 pfilter4
2026-08-21T14:15:19.628,4279,RAD,horizontal,2,23.20,25.70,120.6,87.2,729,30.76,1.35,0.47,9,1.37,0,0,run2 pfilter4
2026-08-21T14:15:19.751,4280,RAD,horizontal,2,23.10,25.60,59.6,77.4,607,31.11,2.18,0.57,13,1.09,0,0,run2 pfilter4
2026-08-21T14:15:19.751,4280,RAD,horizontal,2,23.10,25.60,120.5,86.0,702,30.91,1.42,0.47,8,1.43,0,0,run2 pfilter4
2026-08-21T14:15:19.879,4281,RAD,horizontal,2,23.01,25.51,56.7,74.9,470,31.02,2.56,0.57,8,0.95,0,0,run2 pfilter4
2026-08-21T14:15:19.879,4281,RAD,horizontal,2,23.01,25.51,120.7,84.8,682,31.04,1.44,0.50,9,1.48,0,0,run2 pfilter4
2026-08-21T14:15:19.975,4282,RAD,horizontal,2,23.01,25.51,54.2,71.7,418,31.11,2.82,0.51,8,0.98,0,0,run2 pfilter4
2026-08-21T14:15:19.975,4282,RAD,horizontal,2,23.01,25.51,121.2,83.6,674,31.09,1.59,0.52,9,1.51,0,0,run2 pfilter4
2026-08-21T14:15:20.105,4283,RAD,horizontal,2,22.94,25.44,52.7,70.2,362,31.11,2.50,0.57,6,0.96,0,0,run2 pfilter4
2026-08-21T14:15:20.105,4283,RAD,horizontal,2,22.94,25.44,121.7,82.7,644,31.11,1.59,0.45,6,1.52,0,0,run2 pfilter4
2026-08-21T14:15:20.200,4284,RAD,horizontal,2,22.94,25.44,52.1,69.5,369,30.89,2.67,0.61,6,0.99,0,0,run2 pfilter4
2026-08-21T14:15:20.200,4284,RAD,horizontal,2,22.94,25.44,122.0,82.5,648,31.11,1.37,0.45,6,1.56,0,0,run2 pfilter4
2026-08-21T14:15:20.330,4285,RAD,horizontal,2,22.89,25.39,51.8,69.7,377,30.91,2.56,0.57,6,0.97,0,0,run2 pfilter4
2026-08-21T14:15:20.330,4285,RAD,horizontal,2,22.89,25.39,122.6,82.5,626,31.17,1.53,0.47,5,1.52,0,0,run2 pfilter4
2026-08-21T14:15:20.426,4286,RAD,horizontal,2,22.87,25.37,51.5,69.6,360,30.82,2.29,0.54,10,0.96,0,0,run2 pfilter4
2026-08-21T14:15:20.426,4286,RAD,horizontal,2,22.87,25.37,123.2,82.8,643,31.13,1.39,0.48,7,1.53,0,0,run2 pfilter4
2026-08-21T14:15:20.555,4287,RAD,horizontal,2,22.87,25.37,51.6,69.9,383,30.82,2.06,0.58,10,0.97,0,0,run2 pfilter4
2026-08-21T14:15:20.555,4287,RAD,horizontal,2,22.87,25.37,123.7,83.2,652,30.95,1.44,0.46,8,1.51,0,0,run2 pfilter4
2026-08-21T14:15:20.681,4288,RAD,horizontal,2,22.87,25.37,52.4,75.4,937,31.00,1.90,0.58,13,1.41,0,0,run2 pfilter4
2026-08-21T14:15:20.681,4288,RAD,horizontal,2,22.87,25.37,124.2,83.6,656,30.89,1.50,0.45,8,1.49,0,0,run2 pfilter4
2026-08-21T14:15:20.779,4289,RAD,horizontal,2,22.84,25.34,53.4,78.6,1021,30.91,1.81,0.57,9,1.41,0,0,run2 pfilter4
2026-08-21T14:15:20.779,4289,RAD,horizontal,2,22.84,25.34,124.6,84.0,664,30.69,1.59,0.47,9,1.49,0,0,run2 pfilter4
2026-08-21T14:15:20.908,4290,RAD,horizontal,2,22.87,25.37,53.8,76.0,561,31.41,1.65,0.64,8,1.11,0,0,run2 pfilter4
2026-08-21T14:15:20.908,4290,RAD,horizontal,2,22.87,25.37,124.9,84.0,674,30.69,1.59,0.49,8,1.51,0,0,run2 pfilter4
2026-08-21T14:15:21.006,4291,RAD,horizontal,2,22.89,25.39,54.9,79.8,1169,31.35,1.56,0.59,10,1.44,0,0,run2 pfilter4
2026-08-21T14:15:21.006,4291,RAD,horizontal,2,22.89,25.39,124.9,84.1,684,30.69,1.44,0.48,8,1.54,0,0,run2 pfilter4
2026-08-21T14:15:21.130,4292,RAD,horizontal,2,22.89,25.39,55.8,81.9,1163,31.28,1.44,0.60,9,1.44,0,0,run2 pfilter4
2026-08-21T14:15:21.130,4292,RAD,horizontal,2,22.89,25.39,125.0,83.7,665,30.47,1.37,0.44,8,1.53,0,0,run2 pfilter4
2026-08-21T14:15:21.231,4293,RAD,horizontal,2,22.89,25.39,56.1,79.8,596,31.30,1.84,0.52,12,1.10,0,0,run2 pfilter4
2026-08-21T14:15:21.231,4293,RAD,horizontal,2,22.89,25.39,124.9,83.3,667,30.50,1.32,0.46,8,1.53,0,0,run2 pfilter4
2026-08-21T14:15:21.357,4294,RAD,horizontal,2,22.89,25.39,57.0,79.5,541,31.30,2.04,0.50,8,1.06,0,0,run2 pfilter4
2026-08-21T14:15:21.357,4294,RAD,horizontal,2,22.89,25.39,124.7,82.8,646,30.43,1.24,0.42,8,1.47,0,0,run2 pfilter4
2026-08-21T14:15:21.450,4295,RAD,horizontal,2,22.89,25.39,57.7,81.3,475,31.28,2.37,0.56,7,1.08,0,0,run2 pfilter4
2026-08-21T14:15:21.450,4295,RAD,horizontal,2,22.89,25.39,124.3,82.2,633,30.30,1.25,0.42,10,1.45,0,0,run2 pfilter4
2026-08-21T14:15:21.579,4296,RAD,horizontal,2,22.89,25.39,59.0,84.1,439,31.17,2.50,0.54,9,1.12,0,0,run2 pfilter4
2026-08-21T14:15:21.579,4296,RAD,horizontal,2,22.89,25.39,123.5,81.5,622,30.45,1.47,0.47,9,1.43,0,0,run2 pfilter4
2026-08-21T14:15:21.707,4297,RAD,horizontal,2,22.91,25.41,60.5,86.7,415,31.13,2.50,0.51,9,1.09,0,0,run2 pfilter4
2026-08-21T14:15:21.707,4297,RAD,horizontal,2,22.91,25.41,122.5,80.8,628,30.56,1.37,0.42,8,1.43,0,0,run2 pfilter4
2026-08-21T14:15:21.802,4298,RAD,horizontal,2,22.94,25.44,62.6,90.3,446,31.09,2.65,0.58,6,1.11,0,0,run2 pfilter4
2026-08-21T14:15:21.802,4298,RAD,horizontal,2,22.94,25.44,121.5,80.1,626,30.52,1.44,0.41,9,1.44,0,0,run2 pfilter4
2026-08-21T14:15:21.931,4299,RAD,horizontal,2,23.01,25.51,64.4,93.1,456,31.00,2.88,0.62,7,1.08,0,0,run2 pfilter4
2026-08-21T14:15:21.931,4299,RAD,horizontal,2,23.01,25.51,120.9,79.1,612,30.76,1.44,0.46,6,1.45,0,0,run2 pfilter4
2026-08-21T14:15:22.027,4300,RAD,horizontal,2,22.98,25.48,65.6,94.4,449,31.00,2.81,0.62,6,1.10,0,0,run2 pfilter4
2026-08-21T14:15:22.027,4300,RAD,horizontal,2,22.98,25.48,120.5,78.3,600,30.69,1.37,0.45,7,1.42,0,0,run2 pfilter4
2026-08-21T14:15:22.155,4301,RAD,horizontal,2,23.01,25.51,66.0,93.9,461,31.35,2.37,0.54,6,1.18,0,0,run2 pfilter4
2026-08-21T14:15:22.155,4301,RAD,horizontal,2,23.01,25.51,120.1,78.6,621,30.50,1.25,0.46,6,1.46,0,0,run2 pfilter4
2026-08-21T14:15:22.246,4302,RAD,horizontal,2,23.13,25.63,66.0,93.7,496,31.61,2.05,0.50,5,1.26,0,0,run2 pfilter4
2026-08-21T14:15:22.246,4302,RAD,horizontal,2,23.13,25.63,119.8,78.3,616,30.58,1.19,0.48,7,1.40,0,0,run2 pfilter4
2026-08-21T14:15:22.376,4303,RAD,horizontal,2,23.15,25.65,65.2,94.5,477,31.26,1.96,0.46,8,1.23,0,0,run2 pfilter4
2026-08-21T14:15:22.376,4303,RAD,horizontal,2,23.15,25.65,119.8,78.2,614,30.56,1.25,0.50,5,1.36,0,0,run2 pfilter4
2026-08-21T14:15:22.472,4304,RAD,horizontal,2,23.15,25.65,64.6,94.8,559,31.20,0.00,0.00,9,1.23,0,0,run2 pfilter4
2026-08-21T14:15:22.472,4304,RAD,horizontal,2,23.15,25.65,120.2,78.0,609,30.56,1.35,0.46,6,1.35,0,0,run2 pfilter4
2026-08-21T14:15:22.597,4305,RAD,horizontal,2,23.17,25.67,63.6,93.3,621,31.48,1.55,0.48,9,1.24,0,0,run2 pfilter4
2026-08-21T14:15:22.597,4305,RAD,horizontal,2,23.17,25.67,120.5,78.3,627,30.39,1.25,0.49,6,1.35,0,0,run2 pfilter4
2026-08-21T14:15:22.727,4306,RAD,horizontal,2,23.22,25.72,62.3,90.7,597,31.48,1.62,0.44,10,1.25,0,0,run2 pfilter4
2026-08-21T14:15:22.727,4306,RAD,horizontal,2,23.22,25.72,121.3,78.7,648,30.30,1.45,0.44,7,1.32,0,0,run2 pfilter4
2026-08-21T14:15:22.822,4307,RAD,horizontal,2,23.22,25.72,59.9,89.0,523,30.74,1.95,0.55,13,0.94,0,0,run2 pfilter4
2026-08-21T14:15:22.822,4307,RAD,horizontal,2,23.22,25.72,122.0,79.3,676,30.19,1.24,0.49,9,1.30,0,0,run2 pfilter4
2026-08-21T14:15:22.952,4308,RAD,horizontal,2,23.22,25.72,57.1,85.9,522,30.78,2.68,0.54,7,1.07,0,0,run2 pfilter4
2026-08-21T14:15:22.952,4308,RAD,horizontal,2,23.22,25.72,123.2,79.4,669,30.32,1.24,0.48,8,1.23,0,0,run2 pfilter4
2026-08-21T14:15:23.047,4309,RAD,horizontal,2,23.22,25.72,54.6,83.5,510,31.00,2.19,0.53,7,1.04,0,0,run2 pfilter4
2026-08-21T14:15:23.047,4309,RAD,horizontal,2,23.22,25.72,124.7,79.9,628,30.39,1.40,0.47,5,1.27,0,0,run2 pfilter4
2026-08-21T14:15:23.176,4310,RAD,horizontal,2,23.32,25.82,52.7,82.7,639,31.26,2.09,0.58,8,1.11,0,0,run2 pfilter4
2026-08-21T14:15:23.176,4310,RAD,horizontal,2,23.32,25.82,126.0,80.3,638,30.71,1.33,0.46,7,1.34,0,0,run2 pfilter4
2026-08-21T14:15:23.272,4311,RAD,horizontal,2,23.39,25.89,50.8,82.8,714,31.35,1.84,0.62,8,1.14,0,0,run2 pfilter4
2026-08-21T14:15:23.272,4311,RAD,horizontal,2,23.39,25.89,127.0,80.5,639,30.87,1.45,0.47,8,1.32,0,0,run2 pfilter4
2026-08-21T14:15:23.399,4312,RAD,horizontal,2,23.39,25.89,48.2,81.0,699,31.24,1.59,0.52,13,1.16,0,0,run2 pfilter4
2026-08-21T14:15:23.399,4312,RAD,horizontal,2,23.39,25.89,127.4,80.7,647,30.69,1.50,0.49,8,1.37,0,0,run2 pfilter4
2026-08-21T14:15:23.528,4313,RAD,horizontal,2,23.41,25.91,44.9,78.8,642,31.35,1.48,0.51,12,1.15,0,0,run2 pfilter4
2026-08-21T14:15:23.528,4313,RAD,horizontal,2,23.41,25.91,127.8,80.3,624,30.78,1.43,0.40,9,1.43,0,0,run2 pfilter4
2026-08-21T14:15:23.624,4314,RAD,horizontal,2,23.46,25.96,41.2,78.5,676,31.46,1.61,0.54,11,1.23,0,0,run2 pfilter4
2026-08-21T14:15:23.624,4314,RAD,horizontal,2,23.46,25.96,128.6,79.0,562,31.15,1.50,0.40,7,1.40,0,0,run2 pfilter4
2026-08-21T14:15:23.751,4315,RAD,horizontal,2,23.43,25.93,36.9,77.4,599,31.65,1.59,0.52,11,1.16,0,0,run2 pfilter4
2026-08-21T14:15:23.751,4315,RAD,horizontal,2,23.43,25.93,128.8,77.8,525,31.00,1.76,0.42,6,1.42,0,0,run2 pfilter4
2026-08-21T14:15:23.844,4316,RAD,horizontal,2,23.43,25.93,34.1,77.0,616,31.44,1.68,0.59,11,1.10,0,0,run2 pfilter4
2026-08-21T14:15:23.844,4316,RAD,horizontal,2,23.43,25.93,130.7,73.9,195,30.71,1.76,0.38,5,0.93,0,0,run2 pfilter4
2026-08-21T14:15:23.973,4317,RAD,horizontal,2,23.43,25.93,32.1,77.6,692,31.59,1.79,0.67,8,1.22,0,0,run2 pfilter4
2026-08-21T14:15:23.973,4317,RAD,horizontal,2,23.43,25.93,131.4,71.7,178,30.93,1.81,0.38,6,0.98,0,0,run2 pfilter4
2026-08-21T14:15:24.069,4318,RAD,horizontal,2,23.48,25.98,31.0,77.6,791,31.78,1.77,0.66,9,1.23,0,0,run2 pfilter4
2026-08-21T14:15:24.069,4318,RAD,horizontal,2,23.48,25.98,129.8,73.6,400,30.93,1.50,0.39,7,1.38,0,0,run2 pfilter4
2026-08-21T14:15:24.199,4319,RAD,horizontal,2,23.48,25.98,30.6,77.5,795,31.65,1.77,0.66,9,1.25,0,0,run2 pfilter4
2026-08-21T14:15:24.199,4319,RAD,horizontal,2,23.48,25.98,130.1,71.4,218,30.47,1.81,0.47,4,1.08,0,0,run2 pfilter4
2026-08-21T14:15:24.295,4320,RAD,horizontal,2,23.51,26.01,29.9,76.7,727,31.72,1.73,0.62,7,1.23,0,0,run2 pfilter4
2026-08-21T14:15:24.295,4320,RAD,horizontal,2,23.51,26.01,129.2,73.3,356,30.36,1.75,0.37,5,1.28,0,0,run2 pfilter4
2026-08-21T14:15:24.419,4321,RAD,horizontal,2,23.51,26.01,29.7,76.2,744,31.63,1.88,0.58,7,1.23,0,0,run2 pfilter4
2026-08-21T14:15:24.419,4321,RAD,horizontal,2,23.51,26.01,130.3,69.8,154,30.25,1.69,0.36,4,0.89,0,0,run2 pfilter4
2026-08-21T14:15:24.552,4322,RAD,horizontal,2,23.48,25.98,29.7,76.6,723,31.57,1.69,0.63,7,1.20,0,0,run2 pfilter4
2026-08-21T14:15:24.552,4322,RAD,horizontal,2,23.48,25.98,128.4,72.7,362,30.45,2.00,0.38,4,1.27,0,0,run2 pfilter4
2026-08-21T14:15:24.647,4323,RAD,horizontal,2,23.48,25.98,30.6,77.4,796,31.52,1.81,0.60,7,1.27,0,0,run2 pfilter4
2026-08-21T14:15:24.647,4323,RAD,horizontal,2,23.48,25.98,126.9,73.4,381,30.28,2.07,0.43,4,1.25,0,0,run2 pfilter4
2026-08-21T14:15:24.774,4324,RAD,horizontal,2,23.51,26.01,31.8,78.3,809,31.46,1.78,0.62,13,1.21,0,0,run2 pfilter4
2026-08-21T14:15:24.774,4324,RAD,horizontal,2,23.51,26.01,125.5,73.0,387,30.50,1.93,0.42,5,1.25,0,0,run2 pfilter4
2026-08-21T14:15:24.869,4325,RAD,horizontal,2,23.53,26.03,33.6,78.7,809,31.02,1.78,0.62,12,1.11,0,0,run2 pfilter4
2026-08-21T14:15:24.869,4325,RAD,horizontal,2,23.53,26.03,124.1,72.2,372,30.30,2.13,0.38,5,1.29,0,0,run2 pfilter4
2026-08-21T14:15:24.998,4326,RAD,horizontal,2,23.60,26.10,36.2,79.7,798,31.09,1.88,0.63,14,1.05,0,0,run2 pfilter4
2026-08-21T14:15:24.998,4326,RAD,horizontal,2,23.60,26.10,123.3,70.2,336,30.45,1.73,0.43,5,1.22,0,0,run2 pfilter4
2026-08-21T14:15:25.091,4327,RAD,horizontal,2,23.60,26.10,39.1,80.1,733,31.04,2.08,0.61,10,1.01,0,0,run2 pfilter4
2026-08-21T14:15:25.091,4327,RAD,horizontal,2,23.60,26.10,123.5,65.4,173,30.21,1.56,0.43,4,0.93,0,0,run2 pfilter4
2026-08-21T14:15:25.222,4328,RAD,horizontal,2,23.65,26.15,42.9,81.4,765,31.15,2.33,0.57,9,0.99,0,0,run2 pfilter4
2026-08-21T14:15:25.222,4328,RAD,horizontal,2,23.65,26.15,122.3,66.0,338,30.63,1.53,0.52,6,1.27,0,0,run2 pfilter4
2026-08-21T14:15:25.354,4329,RAD,horizontal,2,23.72,26.22,46.2,81.8,587,31.28,2.41,0.50,8,1.00,0,0,run2 pfilter4
2026-08-21T14:15:25.354,4329,RAD,horizontal,2,23.72,26.22,121.3,65.9,368,30.34,1.40,0.49,6,1.40,0,0,run2 pfilter4
2026-08-21T14:15:25.445,4330,RAD,horizontal,2,23.74,26.24,49.9,82.9,731,31.20,2.44,0.48,10,1.00,0,0,run2 pfilter4
2026-08-21T14:15:25.445,4330,RAD,horizontal,2,23.74,26.24,121.0,65.1,343,30.30,1.60,0.50,6,1.24,0,0,run2 pfilter4
2026-08-21T14:15:25.575,4331,RAD,horizontal,2,23.72,26.22,53.0,83.5,533,30.93,2.00,0.50,7,0.97,0,0,run2 pfilter4
2026-08-21T14:15:25.575,4331,RAD,horizontal,2,23.72,26.22,122.2,61.1,135,30.05,1.69,0.47,5,0.89,0,0,run2 pfilter4
2026-08-21T14:15:25.669,4332,RAD,horizontal,2,23.67,26.17,56.7,84.7,630,30.85,2.04,0.49,9,0.97,0,0,run2 pfilter4
2026-08-21T14:15:25.669,4332,RAD,horizontal,2,23.67,26.17,122.4,59.3,180,30.01,1.59,0.39,4,0.84,0,0,run2 pfilter4
2026-08-21T14:15:25.799,4333,RAD,horizontal,2,23.67,26.17,60.5,86.3,490,30.71,2.21,0.61,9,0.95,0,0,run2 pfilter4
2026-08-21T14:15:25.799,4333,RAD,horizontal,2,23.67,26.17,121.2,61.3,329,29.92,2.00,0.43,7,1.22,0,0,run2 pfilter4
2026-08-21T14:15:25.894,4334,RAD,horizontal,2,23.70,26.20,65.3,89.3,546,30.93,2.42,0.62,6,1.12,0,0,run2 pfilter4
2026-08-21T14:15:25.894,4334,RAD,horizontal,2,23.70,26.20,120.9,62.5,355,30.30,1.75,0.50,6,1.23,0,0,run2 pfilter4
2026-08-21T14:15:26.022,4335,RAD,horizontal,2,23.67,26.17,70.2,92.6,568,31.37,2.25,0.63,6,1.07,0,0,run2 pfilter4
2026-08-21T14:15:26.022,4335,RAD,horizontal,2,23.67,26.17,121.1,62.3,326,30.25,1.73,0.57,6,1.16,0,0,run2 pfilter4
2026-08-21T14:15:26.117,4336,RAD,horizontal,2,23.70,26.20,75.0,96.3,615,31.28,2.30,0.67,6,1.17,0,0,run2 pfilter4
2026-08-21T14:15:26.117,4336,RAD,horizontal,2,23.70,26.20,120.9,62.1,340,30.12,1.73,0.59,6,1.17,0,0,run2 pfilter4
2026-08-21T14:15:26.247,4337,RAD,horizontal,2,23.72,26.22,80.1,98.0,602,31.30,1.84,0.52,5,1.18,0,0,run2 pfilter4
2026-08-21T14:15:26.247,4337,RAD,horizontal,2,23.72,26.22,120.2,62.0,332,29.99,1.67,0.49,6,1.17,0,0,run2 pfilter4
2026-08-21T14:15:26.378,4338,RAD,horizontal,2,23.70,26.20,86.1,97.2,540,31.46,1.75,0.39,6,1.13,0,0,run2 pfilter4
2026-08-21T14:15:26.378,4338,RAD,horizontal,2,23.70,26.20,120.3,59.2,127,29.81,1.85,0.41,6,0.76,0,0,run2 pfilter4
2026-08-21T14:15:26.466,4339,RAD,horizontal,1,23.70,26.20,97.0,89.7,606,31.39,0.00,0.00,12,1.04,0,0,run2 pfilter4
2026-08-21T14:15:26.592,4340,RAD,horizontal,1,23.67,26.17,103.4,87.1,626,31.57,0.00,0.00,11,1.07,0,0,run2 pfilter4
2026-08-21T14:15:26.688,4341,RAD,horizontal,1,23.67,26.17,106.8,88.3,583,31.24,0.00,0.00,7,1.12,0,0,run2 pfilter4
2026-08-21T14:15:26.819,4342,RAD,horizontal,1,23.70,26.20,109.9,87.6,596,30.91,0.00,0.00,14,1.26,0,0,run2 pfilter4
2026-08-21T14:15:26.921,4343,RAD,horizontal,1,23.70,26.20,113.3,86.8,1154,31.17,1.32,0.34,11,1.31,0,0,run2 pfilter4
2026-08-21T14:15:27.046,4344,RAD,horizontal,1,23.72,26.22,116.2,87.3,1198,30.69,2.06,0.53,13,1.26,0,0,run2 pfilter4
2026-08-21T14:15:27.174,4345,RAD,horizontal,1,23.70,26.20,119.6,85.7,669,30.91,0.00,0.00,10,0.94,0,0,run2 pfilter4
2026-08-21T14:15:27.275,4346,RAD,horizontal,1,23.70,26.20,120.7,85.5,1193,30.08,1.21,0.52,10,1.24,0,0,run2 pfilter4
2026-08-21T14:15:27.398,4347,RAD,horizontal,1,23.65,26.15,125.2,91.0,463,30.43,0.00,0.00,8,0.93,0,0,run2 pfilter4
2026-08-21T14:15:27.493,4348,RAD,horizontal,1,23.65,26.15,126.1,91.0,441,30.21,0.00,0.00,7,0.90,0,0,run2 pfilter4
2026-08-21T14:15:27.622,4349,RAD,horizontal,2,23.62,26.12,126.4,90.7,409,30.43,0.00,0.00,6,0.88,0,0,run2 pfilter4
2026-08-21T14:15:27.622,4349,RAD,horizontal,2,23.62,26.12,107.5,49.8,110,29.57,1.45,0.62,5,0.75,0,0,run2 pfilter4
2026-08-21T14:15:27.718,4350,RAD,horizontal,2,23.62,26.12,125.2,90.2,830,30.47,0.95,0.52,6,1.17,0,0,run2 pfilter4
2026-08-21T14:15:27.718,4350,RAD,horizontal,2,23.62,26.12,105.7,49.7,85,29.59,1.27,0.55,6,0.90,0,0,run2 pfilter4
2026-08-21T14:15:27.838,4351,RAD,horizontal,1,23.62,26.12,121.1,78.3,556,30.36,0.00,0.00,13,0.85,0,0,run2 pfilter4
2026-08-21T14:15:27.938,4352,RAD,horizontal,1,23.65,26.15,124.8,87.0,831,30.56,0.00,0.00,6,1.21,0,0,run2 pfilter4
2026-08-21T14:15:28.071,4353,RAD,horizontal,1,23.70,26.20,125.3,85.2,791,30.65,0.00,0.00,8,1.21,0,0,run2 pfilter4
2026-08-21T14:15:28.191,4354,RAD,horizontal,1,23.70,26.20,126.0,83.5,735,30.87,0.00,0.00,5,1.19,0,0,run2 pfilter4
2026-08-21T14:15:28.293,4355,RAD,horizontal,1,23.67,26.17,126.8,82.4,713,30.60,1.08,0.42,7,1.15,0,0,run2 pfilter4
2026-08-21T14:15:28.419,4356,RAD,horizontal,2,23.67,26.17,127.9,81.3,693,30.30,0.00,0.00,12,1.14,0,0,run2 pfilter4
2026-08-21T14:15:28.419,4356,RAD,horizontal,2,23.67,26.17,93.4,46.5,122,29.59,1.42,0.60,5,0.72,0,0,run2 pfilter4
2026-08-21T14:15:28.516,4357,RAD,horizontal,2,23.67,26.17,129.3,80.0,686,30.34,0.00,0.00,9,1.15,0,0,run2 pfilter4
2026-08-21T14:15:28.516,4357,RAD,horizontal,2,23.67,26.17,90.6,45.6,117,29.57,1.50,0.54,5,0.69,0,0,run2 pfilter4
2026-08-21T14:15:28.644,4358,RAD,horizontal,2,23.67,26.17,130.5,78.5,675,30.43,0.00,0.00,8,1.19,0,0,run2 pfilter4
2026-08-21T14:15:28.644,4358,RAD,horizontal,2,23.67,26.17,88.1,44.5,116,29.63,1.46,0.47,5,0.71,0,0,run2 pfilter4
2026-08-21T14:15:28.742,4359,RAD,horizontal,2,23.70,26.20,131.2,76.8,648,30.39,1.96,0.30,9,1.21,0,0,run2 pfilter4
2026-08-21T14:15:28.742,4359,RAD,horizontal,2,23.70,26.20,86.4,43.8,108,29.54,1.82,0.49,4,0.67,0,0,run2 pfilter4
2026-08-21T14:15:28.867,4360,RAD,horizontal,2,23.65,26.15,132.2,72.4,290,30.05,2.04,0.27,6,0.87,0,0,run2 pfilter4
2026-08-21T14:15:28.867,4360,RAD,horizontal,2,23.65,26.15,84.5,42.4,84,29.65,1.45,0.48,3,0.60,0,0,run2 pfilter4
2026-08-21T14:15:28.966,4361,RAD,horizontal,2,23.65,26.15,131.7,70.3,288,30.10,2.24,0.29,6,0.87,0,0,run2 pfilter4
2026-08-21T14:15:28.966,4361,RAD,horizontal,2,23.65,26.15,81.6,41.6,85,29.74,0.93,0.47,4,0.66,0,0,run2 pfilter4
2026-08-21T14:15:29.092,4362,RAD,horizontal,2,23.65,26.15,129.8,69.3,294,29.79,2.14,0.31,7,0.85,0,0,run2 pfilter4
2026-08-21T14:15:29.092,4362,RAD,horizontal,2,23.65,26.15,79.3,41.8,92,29.74,1.08,0.51,2,0.70,0,0,run2 pfilter4
2026-08-21T14:15:29.222,4363,RAD,horizontal,2,23.65,26.15,127.9,66.9,253,29.97,2.26,0.31,6,0.81,0,0,run2 pfilter4
2026-08-21T14:15:29.222,4363,RAD,horizontal,2,23.65,26.15,77.6,43.0,109,29.65,1.33,0.57,3,0.72,0,0,run2 pfilter4
2026-08-21T14:15:29.314,4364,RAD,horizontal,2,23.63,26.13,125.8,64.6,254,30.03,2.05,0.31,7,0.86,0,0,run2 pfilter4
2026-08-21T14:15:29.314,4364,RAD,horizontal,2,23.63,26.13,75.4,43.7,127,29.59,1.00,0.50,6,0.91,0,0,run2 pfilter4
2026-08-21T14:15:29.445,4365,RAD,horizontal,2,23.60,26.10,124.0,63.7,452,29.94,0.00,0.00,6,1.04,0,0,run2 pfilter4
2026-08-21T14:15:29.445,4365,RAD,horizontal,2,23.60,26.10,73.8,43.4,110,29.52,1.45,0.62,5,0.74,0,0,run2 pfilter4
2026-08-21T14:15:29.542,4366,RAD,horizontal,2,23.60,26.10,122.9,61.9,410,29.74,1.06,0.44,8,1.03,0,0,run2 pfilter4
2026-08-21T14:15:29.542,4366,RAD,horizontal,2,23.60,26.10,71.8,43.3,107,29.59,1.45,0.61,4,0.77,0,0,run2 pfilter4
2026-08-21T14:15:29.667,4367,RAD,horizontal,2,23.58,26.08,121.6,60.5,406,29.77,1.00,0.39,8,1.00,0,0,run2 pfilter4
2026-08-21T14:15:29.667,4367,RAD,horizontal,2,23.58,26.08,69.4,43.2,117,29.57,1.45,0.66,4,0.89,0,0,run2 pfilter4
2026-08-21T14:15:29.766,4368,RAD,horizontal,2,23.55,26.05,120.1,58.9,397,29.68,0.00,0.00,8,1.01,0,0,run2 pfilter4
2026-08-21T14:15:29.766,4368,RAD,horizontal,2,23.55,26.05,67.6,42.6,102,29.57,1.89,0.67,4,0.69,0,0,run2 pfilter4
2026-08-21T14:15:29.894,4369,RAD,horizontal,2,23.53,26.03,118.2,57.7,366,29.61,0.00,0.00,6,0.96,0,0,run2 pfilter4
2026-08-21T14:15:29.894,4369,RAD,horizontal,2,23.53,26.03,65.8,41.6,97,29.74,2.00,0.60,2,0.70,0,0,run2 pfilter4
2026-08-21T14:15:30.023,4370,RAD,horizontal,2,23.51,26.01,116.6,56.2,182,29.43,2.06,0.27,7,1.18,0,0,run2 pfilter4
2026-08-21T14:15:30.023,4370,RAD,horizontal,2,23.51,26.01,64.3,40.9,85,29.50,2.00,0.52,3,0.63,0,0,run2 pfilter4
2026-08-21T14:15:30.119,4371,RAD,horizontal,2,23.51,26.01,115.9,52.4,148,29.72,2.38,0.37,5,0.85,0,0,run2 pfilter4
2026-08-21T14:15:30.119,4371,RAD,horizontal,2,23.51,26.01,61.5,41.2,178,29.23,1.80,0.47,5,1.05,0,0,run2 pfilter4
2026-08-21T14:15:30.244,4372,RAD,horizontal,2,23.51,26.01,114.2,50.1,134,29.83,2.91,0.38,5,0.85,0,0,run2 pfilter4
2026-08-21T14:15:30.244,4372,RAD,horizontal,2,23.51,26.01,60.2,40.9,109,29.57,1.29,0.43,4,0.69,0,0,run2 pfilter4
2026-08-21T14:15:30.342,4373,RAD,horizontal,2,23.51,26.01,112.1,47.9,129,30.21,2.73,0.39,4,0.83,0,0,run2 pfilter4
2026-08-21T14:15:30.342,4373,RAD,horizontal,2,23.51,26.01,58.3,41.5,188,29.61,1.42,0.45,5,0.98,0,0,run2 pfilter4
2026-08-21T14:15:30.467,4374,RAD,horizontal,2,23.48,25.98,109.4,47.2,212,29.88,2.44,0.53,4,1.11,0,0,run2 pfilter4
2026-08-21T14:15:30.467,4374,RAD,horizontal,2,23.48,25.98,56.0,41.1,97,29.43,0.76,0.44,4,0.68,0,0,run2 pfilter4
2026-08-21T14:15:30.562,4375,RAD,horizontal,2,23.46,25.96,107.3,43.4,91,29.85,2.75,0.52,3,0.90,0,0,run2 pfilter4
2026-08-21T14:15:30.562,4375,RAD,horizontal,2,23.46,25.96,54.5,40.4,94,29.26,0.86,0.56,2,0.66,0,0,run2 pfilter4
2026-08-21T14:15:30.693,4376,RAD,horizontal,2,23.43,25.93,104.9,41.2,85,29.97,2.22,0.47,2,0.88,0,0,run2 pfilter4
2026-08-21T14:15:30.693,4376,RAD,horizontal,2,23.43,25.93,53.8,40.8,97,29.50,1.07,0.40,3,0.65,0,0,run2 pfilter4
2026-08-21T14:15:30.786,4377,RAD,horizontal,2,23.43,25.93,102.3,40.6,85,29.94,2.10,0.40,3,0.83,0,0,run2 pfilter4
2026-08-21T14:15:30.786,4377,RAD,horizontal,2,23.43,25.93,52.3,41.2,109,29.34,1.14,0.49,3,0.66,0,0,run2 pfilter4
2026-08-21T14:15:30.918,4378,RAD,horizontal,2,23.43,25.93,99.7,40.4,85,29.57,2.33,0.45,3,0.75,0,0,run2 pfilter4
2026-08-21T14:15:30.918,4378,RAD,horizontal,2,23.43,25.93,50.7,41.7,110,29.48,1.08,0.60,3,0.70,0,0,run2 pfilter4
2026-08-21T14:15:31.044,4379,RAD,horizontal,2,23.41,25.91,97.6,39.8,78,29.48,2.62,0.46,3,0.74,0,0,run2 pfilter4
2026-08-21T14:15:31.044,4379,RAD,horizontal,2,23.41,25.91,48.9,42.1,118,29.52,1.25,0.66,4,0.66,0,0,run2 pfilter4
2026-08-21T14:15:31.138,4380,RAD,horizontal,2,23.41,25.91,95.2,40.9,158,29.83,3.00,0.56,3,1.07,0,0,run2 pfilter4
2026-08-21T14:15:31.138,4380,RAD,horizontal,2,23.41,25.91,46.7,41.9,121,29.68,1.25,0.67,4,0.69,0,0,run2 pfilter4
2026-08-21T14:15:31.269,4381,RAD,horizontal,2,23.41,25.91,93.2,41.3,174,29.52,3.00,0.56,4,1.04,0,0,run2 pfilter4
2026-08-21T14:15:31.269,4381,RAD,horizontal,2,23.41,25.91,45.1,41.4,123,29.74,1.23,0.59,4,0.68,0,0,run2 pfilter4
2026-08-21T14:15:31.364,4382,RAD,horizontal,2,23.41,25.91,91.3,41.4,177,29.59,3.00,0.61,4,1.06,0,0,run2 pfilter4
2026-08-21T14:15:31.364,4382,RAD,horizontal,2,23.41,25.91,43.3,41.4,123,29.39,0.93,0.59,4,0.73,0,0,run2 pfilter4
2026-08-21T14:15:31.492,4383,RAD,horizontal,2,23.41,25.91,89.6,41.1,181,29.54,3.17,0.72,6,1.11,0,0,run2 pfilter4
2026-08-21T14:15:31.492,4383,RAD,horizontal,2,23.41,25.91,42.0,41.4,126,29.30,0.88,0.56,3,0.74,0,0,run2 pfilter4
2026-08-21T14:15:31.586,4384,RAD,horizontal,2,23.41,25.91,88.3,38.9,80,29.70,3.33,0.67,4,0.71,0,0,run2 pfilter4
2026-08-21T14:15:31.586,4384,RAD,horizontal,2,23.41,25.91,41.0,41.8,125,29.52,0.94,0.52,4,0.74,0,0,run2 pfilter4
2026-08-21T14:15:31.718,4385,RAD,horizontal,2,23.43,25.93,87.1,37.4,85,29.68,2.86,0.61,3,0.82,0,0,run2 pfilter4
2026-08-21T14:15:31.718,4385,RAD,horizontal,2,23.43,25.93,39.9,42.6,119,29.65,0.82,0.50,3,0.74,0,0,run2 pfilter4
2026-08-21T14:15:31.845,4386,RAD,horizontal,2,23.46,25.96,85.6,37.0,98,29.83,2.86,0.70,4,0.79,0,0,run2 pfilter4
2026-08-21T14:15:31.845,4386,RAD,horizontal,2,23.46,25.96,39.1,43.4,135,29.63,0.88,0.53,5,0.77,0,0,run2 pfilter4
2026-08-21T14:15:31.940,4387,RAD,horizontal,2,23.43,25.93,84.4,36.4,95,30.10,2.25,0.66,2,0.82,0,0,run2 pfilter4
2026-08-21T14:15:31.940,4387,RAD,horizontal,2,23.43,25.93,38.3,43.8,125,29.43,0.94,0.46,3,0.69,0,0,run2 pfilter4
2026-08-21T14:15:32.071,4388,RAD,horizontal,2,23.46,25.96,82.8,36.3,134,29.90,1.80,0.74,5,0.77,0,0,run2 pfilter4
2026-08-21T14:15:32.071,4388,RAD,horizontal,2,23.46,25.96,37.4,44.5,138,29.65,0.94,0.51,4,0.73,0,0,run2 pfilter4
2026-08-21T14:15:32.166,4389,RAD,horizontal,2,23.43,25.93,81.7,36.0,94,29.94,1.50,0.63,6,0.83,0,0,run2 pfilter4
2026-08-21T14:15:32.166,4389,RAD,horizontal,2,23.43,25.93,36.9,45.0,102,29.57,1.00,0.60,4,0.70,0,0,run2 pfilter4
2026-08-21T14:15:32.296,4390,RAD,horizontal,2,23.43,25.93,81.1,35.8,95,30.21,1.36,0.58,5,0.84,0,0,run2 pfilter4
2026-08-21T14:15:32.296,4390,RAD,horizontal,2,23.43,25.93,35.5,46.4,113,29.30,1.50,0.52,5,0.75,0,0,run2 pfilter4
2026-08-21T14:15:32.389,4391,RAD,horizontal,2,23.43,25.93,81.0,35.8,96,30.25,1.27,0.62,6,0.84,0,0,run2 pfilter4
2026-08-21T14:15:32.389,4391,RAD,horizontal,2,23.43,25.93,34.0,47.2,111,29.43,1.33,0.58,5,0.74,0,0,run2 pfilter4
2026-08-21T14:15:32.519,4392,RAD,horizontal,2,23.41,25.91,81.1,35.7,98,30.23,1.27,0.64,6,0.89,0,0,run2 pfilter4
2026-08-21T14:15:32.519,4392,RAD,horizontal,2,23.41,25.91,32.1,48.5,123,30.01,1.42,0.60,5,0.74,0,0,run2 pfilter4
2026-08-21T14:15:32.615,4393,RAD,horizontal,2,23.41,25.91,81.3,35.7,101,30.28,1.36,0.61,5,0.87,0,0,run2 pfilter4
2026-08-21T14:15:32.615,4393,RAD,horizontal,2,23.41,25.91,30.2,49.1,131,29.94,1.31,0.59,3,0.76,0,0,run2 pfilter4
2026-08-21T14:15:32.743,4394,RAD,horizontal,2,23.41,25.91,81.5,36.0,98,30.28,1.36,0.59,4,0.77,0,0,run2 pfilter4
2026-08-21T14:15:32.743,4394,RAD,horizontal,2,23.41,25.91,28.6,49.5,120,29.54,1.42,0.59,3,0.71,0,0,run2 pfilter4
2026-08-21T14:15:32.872,4395,RAD,horizontal,2,23.41,25.91,81.7,36.7,110,30.25,1.33,0.57,5,0.76,0,0,run2 pfilter4
2026-08-21T14:15:32.872,4395,RAD,horizontal,2,23.41,25.91,27.8,52.7,362,29.57,1.14,0.54,6,1.17,0,0,run2 pfilter4
2026-08-21T14:15:32.973,4396,RAD,horizontal,2,23.39,25.89,81.6,36.9,109,30.10,1.55,0.58,4,0.80,0,0,run2 pfilter4
2026-08-21T14:15:32.973,4396,RAD,horizontal,2,23.39,25.89,27.3,54.9,355,29.52,1.14,0.53,6,1.14,0,0,run2 pfilter4
2026-08-21T14:15:33.094,4397,RAD,horizontal,2,23.39,25.89,80.9,37.0,106,30.14,1.70,0.62,5,0.82,0,0,run2 pfilter4
2026-08-21T14:15:33.094,4397,RAD,horizontal,2,23.39,25.89,26.5,54.0,149,29.61,1.27,0.52,5,0.89,0,0,run2 pfilter4
2026-08-21T14:15:33.191,4398,RAD,horizontal,2,23.39,25.89,79.4,38.3,230,30.12,1.90,0.66,4,1.28,0,0,run2 pfilter4
2026-08-21T14:15:33.191,4398,RAD,horizontal,2,23.39,25.89,26.2,58.0,410,29.61,1.05,0.53,5,1.17,0,0,run2 pfilter4
2026-08-21T14:15:33.318,4399,RAD,horizontal,2,23.39,25.89,77.3,38.7,211,29.81,2.50,0.66,3,1.23,0,0,run2 pfilter4
2026-08-21T14:15:33.318,4399,RAD,horizontal,2,23.39,25.89,25.9,61.1,444,29.83,1.10,0.50,8,1.22,0,0,run2 pfilter4
2026-08-21T14:15:33.413,4400,RAD,horizontal,2,23.41,25.91,74.9,38.8,194,29.61,2.71,0.71,4,1.23,0,0,run2 pfilter4
2026-08-21T14:15:33.413,4400,RAD,horizontal,2,23.41,25.91,24.8,61.0,274,29.79,1.48,0.42,5,0.89,0,0,run2 pfilter4
2026-08-21T14:15:33.543,4401,RAD,horizontal,2,23.43,25.93,72.3,38.4,202,29.97,1.90,0.48,7,1.18,0,0,run2 pfilter4
2026-08-21T14:15:33.543,4401,RAD,horizontal,2,23.43,25.93,24.7,65.2,566,29.79,1.32,0.46,7,1.19,0,0,run2 pfilter4
2026-08-21T14:15:33.673,4402,RAD,horizontal,2,23.43,25.93,69.8,38.0,220,29.70,2.00,0.62,7,1.24,0,0,run2 pfilter4
2026-08-21T14:15:33.673,4402,RAD,horizontal,2,23.43,25.93,24.4,68.1,591,29.68,1.00,0.52,7,1.18,0,0,run2 pfilter4
2026-08-21T14:15:33.768,4403,RAD,horizontal,2,23.39,25.89,66.9,38.3,204,29.50,1.64,0.42,6,1.09,0,0,run2 pfilter4
2026-08-21T14:15:33.768,4403,RAD,horizontal,2,23.39,25.89,24.0,70.7,597,29.99,0.88,0.48,8,1.16,0,0,run2 pfilter4
2026-08-21T14:15:33.895,4404,RAD,horizontal,2,23.34,25.84,63.3,38.0,175,29.74,2.50,0.46,6,1.10,0,0,run2 pfilter4
2026-08-21T14:15:33.895,4404,RAD,horizontal,2,23.34,25.84,23.7,72.9,612,29.85,0.92,0.43,9,1.15,0,0,run2 pfilter4
2026-08-21T14:15:33.989,4405,RAD,horizontal,2,23.34,25.84,59.8,35.8,71,29.68,3.33,0.59,4,0.76,0,0,run2 pfilter4
2026-08-21T14:15:33.989,4405,RAD,horizontal,2,23.34,25.84,24.1,75.3,687,29.81,1.41,0.33,11,1.13,0,0,run2 pfilter4
2026-08-21T14:15:34.113,4406,RAD,horizontal,1,23.36,25.86,25.6,78.0,695,30.16,0.00,0.00,10,1.21,0,0,run2 pfilter4
2026-08-21T14:15:34.206,4407,RAD,horizontal,1,23.36,25.86,29.9,71.8,434,29.79,0.00,0.00,12,0.85,0,0,run2 pfilter4
2026-08-21T14:15:34.342,4408,RAD,horizontal,1,23.36,25.86,30.5,77.4,308,30.03,2.12,0.50,8,0.86,0,0,run2 pfilter4
2026-08-21T14:15:34.439,4409,RAD,horizontal,2,23.39,25.89,46.1,36.3,77,29.83,2.71,0.58,3,0.90,0,0,run2 pfilter4
2026-08-21T14:15:34.439,4409,RAD,horizontal,2,23.39,25.89,34.4,82.1,314,30.21,1.42,0.38,7,0.94,0,0,run2 pfilter4
2026-08-21T14:15:34.566,4410,RAD,horizontal,2,23.36,25.86,43.5,36.5,105,29.99,3.14,0.68,4,0.81,0,0,run2 pfilter4
2026-08-21T14:15:34.566,4410,RAD,horizontal,2,23.36,25.86,39.2,86.0,363,30.34,1.82,0.41,9,1.13,0,0,run2 pfilter4
2026-08-21T14:15:34.692,4411,RAD,horizontal,2,23.36,25.86,40.3,38.5,239,30.03,1.67,0.55,4,1.26,0,0,run2 pfilter4
2026-08-21T14:15:34.692,4411,RAD,horizontal,2,23.36,25.86,43.7,90.8,439,30.65,2.00,0.55,8,1.20,0,0,run2 pfilter4
2026-08-21T14:15:34.791,4412,RAD,horizontal,2,23.34,25.84,37.6,39.9,266,29.81,1.06,0.51,4,1.23,0,0,run2 pfilter4
2026-08-21T14:15:34.791,4412,RAD,horizontal,2,23.34,25.84,46.7,93.9,330,30.21,2.00,0.46,7,1.12,0,0,run2 pfilter4
2026-08-21T14:15:34.918,4413,RAD,horizontal,2,23.32,25.82,34.8,41.8,276,29.94,1.06,0.51,6,1.23,0,0,run2 pfilter4
2026-08-21T14:15:34.918,4413,RAD,horizontal,2,23.32,25.82,49.8,97.2,297,29.63,1.89,0.49,6,1.20,0,0,run2 pfilter4
2026-08-21T14:15:35.016,4414,RAD,horizontal,2,23.32,25.82,32.3,43.9,298,30.19,1.42,0.50,5,1.25,0,0,run2 pfilter4
2026-08-21T14:15:35.016,4414,RAD,horizontal,2,23.32,25.82,51.9,101.2,178,29.59,2.14,0.42,5,1.12,0,0,run2 pfilter4
2026-08-21T14:15:35.144,4415,RAD,horizontal,2,23.34,25.84,30.2,42.9,106,29.97,2.22,0.59,5,0.81,0,0,run2 pfilter4
2026-08-21T14:15:35.144,4415,RAD,horizontal,2,23.34,25.84,54.3,103.7,191,29.45,1.69,0.44,4,1.18,0,0,run2 pfilter4
2026-08-21T14:15:35.241,4416,RAD,horizontal,2,23.36,25.86,28.1,44.6,187,30.25,3.20,0.58,4,0.80,0,0,run2 pfilter4
2026-08-21T14:15:35.241,4416,RAD,horizontal,2,23.36,25.86,56.6,105.0,254,29.59,1.37,0.51,6,1.23,0,0,run2 pfilter4
2026-08-21T14:15:35.368,4417,RAD,horizontal,2,23.36,25.86,25.8,48.9,347,30.32,3.10,0.59,4,1.19,0,0,run2 pfilter4
2026-08-21T14:15:35.368,4417,RAD,horizontal,2,23.36,25.86,58.4,105.3,288,29.52,1.35,0.53,4,1.28,0,0,run2 pfilter4
2026-08-21T14:15:35.465,4418,RAD,horizontal,2,23.34,25.84,23.7,52.5,373,30.19,3.09,0.52,3,1.21,0,0,run2 pfilter4
2026-08-21T14:15:35.465,4418,RAD,horizontal,2,23.34,25.84,59.5,105.4,300,29.52,1.29,0.53,6,1.26,0,0,run2 pfilter4
2026-08-21T14:15:35.591,4419,RAD,horizontal,2,23.34,25.84,21.7,54.8,420,30.25,2.00,0.64,7,1.21,0,0,run2 pfilter4
2026-08-21T14:15:35.591,4419,RAD,horizontal,2,23.34,25.84,60.3,105.3,248,29.52,1.32,0.52,5,1.26,0,0,run2 pfilter4
2026-08-21T14:15:35.722,4420,RAD,horizontal,2,23.32,25.82,19.7,55.8,507,30.71,1.75,0.70,5,1.29,0,0,run2 pfilter4
2026-08-21T14:15:35.722,4420,RAD,horizontal,2,23.32,25.82,60.6,105.3,244,29.52,1.39,0.54,5,1.26,0,0,run2 pfilter4
2026-08-21T14:15:35.817,4421,RAD,horizontal,2,23.32,25.82,18.2,56.5,545,30.89,1.40,0.59,3,1.35,0,0,run2 pfilter4
2026-08-21T14:15:35.817,4421,RAD,horizontal,2,23.32,25.82,60.5,105.1,229,29.54,1.26,0.50,5,1.25,0,0,run2 pfilter4
2026-08-21T14:15:35.944,4422,RAD,horizontal,2,23.29,25.79,17.2,58.1,551,30.69,1.24,0.56,3,1.33,0,0,run2 pfilter4
2026-08-21T14:15:35.944,4422,RAD,horizontal,2,23.29,25.79,60.6,105.7,191,29.70,1.22,0.48,4,1.20,0,0,run2 pfilter4
2026-08-21T14:15:36.041,4423,RAD,horizontal,2,23.29,25.79,16.9,60.2,592,31.06,1.50,0.59,6,1.37,0,0,run2 pfilter4
2026-08-21T14:15:36.041,4423,RAD,horizontal,2,23.29,25.79,60.9,105.6,207,29.68,1.22,0.52,5,1.24,0,0,run2 pfilter4
2026-08-21T14:15:36.168,4424,RAD,horizontal,2,23.27,25.77,16.7,57.3,240,30.91,1.60,0.67,4,0.84,0,0,run2 pfilter4
2026-08-21T14:15:36.168,4424,RAD,horizontal,2,23.27,25.77,61.2,105.0,192,29.59,1.17,0.51,6,1.25,0,0,run2 pfilter4
2026-08-21T14:15:36.264,4425,RAD,horizontal,2,23.24,25.74,16.8,57.3,271,30.82,1.62,0.65,7,0.87,0,0,run2 pfilter4
2026-08-21T14:15:36.264,4425,RAD,horizontal,2,23.24,25.74,61.0,104.9,172,29.59,1.29,0.46,7,1.17,0,0,run2 pfilter4
2026-08-21T14:15:36.402,4426,RAD,horizontal,2,23.24,25.74,18.1,63.9,743,31.00,1.50,0.59,6,1.28,0,0,run2 pfilter4
2026-08-21T14:15:36.402,4426,RAD,horizontal,2,23.24,25.74,60.9,104.6,179,29.59,1.35,0.46,6,1.20,0,0,run2 pfilter4
2026-08-21T14:15:36.520,4427,RAD,horizontal,2,23.27,25.77,19.0,67.6,742,31.35,1.42,0.58,5,1.39,0,0,run2 pfilter4
2026-08-21T14:15:36.520,4427,RAD,horizontal,2,23.27,25.77,60.8,103.9,189,29.83,1.47,0.44,7,1.19,0,0,run2 pfilter4
2026-08-21T14:15:36.618,4428,RAD,horizontal,2,23.27,25.77,19.6,70.1,765,31.11,1.35,0.61,7,1.39,0,0,run2 pfilter4
2026-08-21T14:15:36.618,4428,RAD,horizontal,2,23.27,25.77,61.0,103.0,194,29.79,1.62,0.47,6,1.27,0,0,run2 pfilter4
2026-08-21T14:15:36.745,4429,RAD,horizontal,2,23.24,25.74,20.1,72.5,850,31.13,1.58,0.61,7,1.37,0,0,run2 pfilter4
2026-08-21T14:15:36.745,4429,RAD,horizontal,2,23.24,25.74,60.7,102.9,175,29.72,1.87,0.42,6,1.15,0,0,run2 pfilter4
2026-08-21T14:15:36.840,4430,RAD,horizontal,2,23.24,25.74,20.3,74.7,879,31.02,1.83,0.61,8,1.26,0,0,run2 pfilter4
2026-08-21T14:15:36.840,4430,RAD,horizontal,2,23.24,25.74,61.0,102.6,194,29.63,2.07,0.42,4,1.14,0,0,run2 pfilter4
2026-08-21T14:15:36.970,4431,RAD,horizontal,2,23.24,25.74,21.0,77.1,916,30.93,2.12,0.64,10,1.35,0,0,run2 pfilter4
2026-08-21T14:15:36.970,4431,RAD,horizontal,2,23.24,25.74,61.0,103.2,164,29.61,2.00,0.49,4,0.86,0,0,run2 pfilter4
2026-08-21T14:15:37.066,4432,RAD,horizontal,2,23.24,25.74,20.5,75.3,422,31.00,2.05,0.43,7,0.98,0,0,run2 pfilter4
2026-08-21T14:15:37.066,4432,RAD,horizontal,2,23.24,25.74,62.2,103.8,186,29.99,2.17,0.60,3,0.85,0,0,run2 pfilter4
2026-08-21T14:15:37.192,4433,RAD,horizontal,2,23.24,25.74,21.7,75.1,410,31.11,1.95,0.43,9,0.95,0,0,run2 pfilter4
2026-08-21T14:15:37.192,4433,RAD,horizontal,2,23.24,25.74,64.4,103.1,187,29.94,2.08,0.53,3,0.80,0,0,run2 pfilter4
2026-08-21T14:15:37.288,4434,RAD,horizontal,2,23.27,25.77,25.7,78.7,892,30.93,2.17,0.59,7,1.39,0,0,run2 pfilter4
2026-08-21T14:15:37.288,4434,RAD,horizontal,2,23.27,25.77,68.5,100.5,246,30.03,2.31,0.42,6,1.22,0,0,run2 pfilter4
2026-08-21T14:15:37.417,4435,RAD,horizontal,2,23.32,25.82,27.7,76.8,473,31.04,1.95,0.50,9,0.96,0,0,run2 pfilter4
2026-08-21T14:15:37.417,4435,RAD,horizontal,2,23.32,25.82,72.7,99.2,240,30.36,2.00,0.47,5,1.13,0,0,run2 pfilter4
2026-08-21T14:15:37.545,4436,RAD,horizontal,2,23.34,25.84,30.0,75.9,508,31.15,1.58,0.48,8,1.04,0,0,run2 pfilter4
2026-08-21T14:15:37.545,4436,RAD,horizontal,2,23.34,25.84,76.8,98.5,236,30.25,1.94,0.42,5,0.89,0,0,run2 pfilter4
2026-08-21T14:15:37.645,4437,RAD,horizontal,2,23.34,25.84,32.0,75.9,523,31.00,1.39,0.48,9,1.14,0,0,run2 pfilter4
2026-08-21T14:15:37.645,4437,RAD,horizontal,2,23.34,25.84,81.0,99.7,558,30.36,2.00,0.44,7,1.26,0,0,run2 pfilter4
2026-08-21T14:15:37.768,4438,RAD,horizontal,2,23.34,25.84,33.8,76.9,496,30.91,1.23,0.45,7,1.09,0,0,run2 pfilter4
2026-08-21T14:15:37.768,4438,RAD,horizontal,2,23.34,25.84,85.5,96.0,281,30.43,1.88,0.52,7,0.97,0,0,run2 pfilter4
2026-08-21T14:15:37.866,4439,RAD,horizontal,2,23.36,25.86,36.1,78.3,534,31.06,1.23,0.45,9,1.20,0,0,run2 pfilter4
2026-08-21T14:15:37.866,4439,RAD,horizontal,2,23.36,25.86,89.3,94.6,270,30.50,1.72,0.48,7,1.02,0,0,run2 pfilter4
2026-08-21T14:15:37.990,4440,RAD,horizontal,2,23.38,25.88,38.3,80.7,540,31.04,1.39,0.41,6,1.04,0,0,run2 pfilter4
2026-08-21T14:15:37.990,4440,RAD,horizontal,2,23.38,25.88,91.9,97.7,612,30.76,1.68,0.44,8,1.38,0,0,run2 pfilter4
2026-08-21T14:15:38.086,4441,RAD,horizontal,2,23.36,25.86,41.6,83.3,548,30.85,1.48,0.44,8,1.06,0,0,run2 pfilter4
2026-08-21T14:15:38.086,4441,RAD,horizontal,2,23.36,25.86,96.4,95.9,234,30.50,1.52,0.35,8,1.06,0,0,run2 pfilter4
2026-08-21T14:15:38.215,4442,RAD,horizontal,2,23.36,25.86,44.8,85.3,528,30.93,1.65,0.47,11,1.05,0,0,run2 pfilter4
2026-08-21T14:15:38.215,4442,RAD,horizontal,2,23.36,25.86,100.7,95.5,228,30.52,1.60,0.36,7,1.05,0,0,run2 pfilter4
2026-08-21T14:15:38.342,4443,RAD,horizontal,2,23.36,25.86,47.7,87.9,583,31.11,1.76,0.53,9,1.07,0,0,run2 pfilter4
2026-08-21T14:15:38.342,4443,RAD,horizontal,2,23.36,25.86,104.8,95.1,198,30.32,2.19,0.35,6,0.93,0,0,run2 pfilter4
2026-08-21T14:15:38.437,4444,RAD,horizontal,2,23.36,25.86,50.5,89.1,611,31.00,1.62,0.56,8,1.04,0,0,run2 pfilter4
2026-08-21T14:15:38.437,4444,RAD,horizontal,2,23.36,25.86,107.6,95.8,538,29.68,1.64,0.59,6,1.26,0,0,run2 pfilter4
2026-08-21T14:15:38.567,4445,RAD,horizontal,2,23.36,25.86,52.9,89.1,599,30.91,1.71,0.61,9,1.10,0,0,run2 pfilter4
2026-08-21T14:15:38.567,4445,RAD,horizontal,2,23.36,25.86,110.6,95.4,540,29.85,1.42,0.52,7,1.26,0,0,run2 pfilter4
2026-08-21T14:15:38.660,4446,RAD,horizontal,2,23.32,25.82,55.7,86.8,570,30.80,1.68,0.54,13,0.92,0,0,run2 pfilter4
2026-08-21T14:15:38.660,4446,RAD,horizontal,2,23.32,25.82,112.8,95.3,539,29.65,1.45,0.57,5,1.28,0,0,run2 pfilter4
2026-08-21T14:15:38.796,4447,RAD,horizontal,2,23.34,25.84,59.7,84.1,580,30.54,1.26,0.63,10,0.95,0,0,run2 pfilter4
2026-08-21T14:15:38.796,4447,RAD,horizontal,2,23.34,25.84,115.0,94.6,524,29.65,1.36,0.60,5,1.30,0,0,run2 pfilter4
2026-08-21T14:15:38.891,4448,RAD,horizontal,2,23.36,25.86,63.5,86.6,1205,30.71,0.91,0.63,12,1.44,0,0,run2 pfilter4
2026-08-21T14:15:38.891,4448,RAD,horizontal,2,23.36,25.86,117.5,92.5,484,29.41,1.55,0.57,6,1.32,0,0,run2 pfilter4
2026-08-21T14:15:39.019,4449,RAD,horizontal,2,23.39,25.89,66.1,83.3,624,30.80,0.94,0.61,12,1.34,0,0,run2 pfilter4
2026-08-21T14:15:39.019,4449,RAD,horizontal,2,23.39,25.89,121.4,88.7,194,30.47,1.63,0.33,8,0.96,0,0,run2 pfilter4
2026-08-21T14:15:39.114,4450,RAD,horizontal,2,23.39,25.89,67.6,81.3,587,31.04,1.00,0.61,12,1.15,0,0,run2 pfilter4
2026-08-21T14:15:39.114,4450,RAD,horizontal,2,23.39,25.89,124.0,86.0,177,30.41,1.38,0.29,7,0.90,0,0,run2 pfilter4
2026-08-21T14:15:39.243,4451,RAD,horizontal,2,23.39,25.89,68.4,80.3,565,31.15,1.22,0.63,11,1.15,0,0,run2 pfilter4
2026-08-21T14:15:39.243,4451,RAD,horizontal,2,23.39,25.89,126.1,85.3,204,30.36,1.32,0.32,6,0.91,0,0,run2 pfilter4
2026-08-21T14:15:39.371,4452,RAD,horizontal,2,23.39,25.89,68.4,84.2,1087,30.95,1.19,0.68,11,1.38,0,0,run2 pfilter4
2026-08-21T14:15:39.371,4452,RAD,horizontal,2,23.39,25.89,128.3,85.9,213,30.25,1.27,0.35,6,0.91,0,0,run2 pfilter4
2026-08-21T14:15:39.462,4453,RAD,horizontal,2,23.36,25.86,67.7,82.9,607,30.95,1.62,0.56,13,1.16,0,0,run2 pfilter4
2026-08-21T14:15:39.462,4453,RAD,horizontal,2,23.36,25.86,130.5,86.6,192,29.97,1.27,0.31,6,0.83,0,0,run2 pfilter4
2026-08-21T14:15:39.594,4454,RAD,horizontal,2,23.39,25.89,67.5,81.3,575,31.24,1.27,0.67,10,1.27,0,0,run2 pfilter4
2026-08-21T14:15:39.594,4454,RAD,horizontal,2,23.39,25.89,132.0,87.1,176,30.05,1.61,0.34,6,0.81,0,0,run2 pfilter4
2026-08-21T14:15:39.690,4455,RAD,horizontal,2,23.39,25.89,68.7,81.4,568,31.11,1.26,0.62,8,1.17,0,0,run2 pfilter4
2026-08-21T14:15:39.690,4455,RAD,horizontal,2,23.39,25.89,133.1,86.4,173,30.21,1.87,0.41,4,0.81,0,0,run2 pfilter4
2026-08-21T14:15:39.817,4456,RAD,horizontal,2,23.39,25.89,71.7,82.9,560,31.15,1.44,0.62,8,1.13,0,0,run2 pfilter4
2026-08-21T14:15:39.817,4456,RAD,horizontal,2,23.39,25.89,134.2,85.0,181,30.03,1.75,0.40,4,0.79,0,0,run2 pfilter4
2026-08-21T14:15:39.914,4457,RAD,horizontal,2,23.36,25.86,75.7,88.0,932,31.30,1.77,0.58,6,1.31,0,0,run2 pfilter4
2026-08-21T14:15:39.914,4457,RAD,horizontal,2,23.36,25.86,134.9,83.6,194,30.05,1.65,0.41,4,0.79,0,0,run2 pfilter4
2026-08-21T14:15:40.040,4458,RAD,horizontal,2,23.39,25.89,80.9,87.5,461,31.06,1.80,0.41,7,1.08,0,0,run2 pfilter4
2026-08-21T14:15:40.040,4458,RAD,horizontal,2,23.39,25.89,135.7,82.0,217,29.63,1.37,0.44,7,0.72,0,0,run2 pfilter4
2026-08-21T14:15:40.166,4459,RAD,horizontal,2,23.36,25.86,86.4,88.4,433,30.87,2.26,0.36,6,1.07,0,0,run2 pfilter4
2026-08-21T14:15:40.166,4459,RAD,horizontal,2,23.36,25.86,135.5,83.2,557,29.59,0.89,0.60,7,1.18,0,0,run2 pfilter4
2026-08-21T14:15:40.262,4460,RAD,horizontal,2,23.34,25.84,92.0,90.0,406,30.63,2.55,0.40,7,1.08,0,0,run2 pfilter4
2026-08-21T14:15:40.262,4460,RAD,horizontal,2,23.34,25.84,135.7,82.8,604,29.43,0.95,0.57,10,1.23,0,0,run2 pfilter4
2026-08-21T14:15:40.394,4461,RAD,horizontal,2,23.32,25.82,97.8,88.9,339,30.50,2.71,0.43,5,1.07,0,0,run2 pfilter4
2026-08-21T14:15:40.394,4461,RAD,horizontal,2,23.32,25.82,135.5,82.3,630,29.41,1.00,0.52,8,1.26,0,0,run2 pfilter4
2026-08-21T14:15:40.491,4462,RAD,horizontal,2,23.29,25.79,101.3,92.1,806,30.45,2.60,0.46,8,1.20,0,0,run2 pfilter4
2026-08-21T14:15:40.491,4462,RAD,horizontal,2,23.29,25.79,135.3,80.6,602,29.65,0.95,0.54,7,1.21,0,0,run2 pfilter4
2026-08-21T14:15:40.622,4463,RAD,horizontal,2,23.29,25.79,107.4,91.8,462,30.56,1.06,0.19,7,1.18,0,0,run2 pfilter4
2026-08-21T14:15:40.622,4463,RAD,horizontal,2,23.29,25.79,135.2,75.7,273,29.52,0.88,0.18,8,1.18,0,0,run2 pfilter4
2026-08-21T14:15:40.710,4464,RAD,horizontal,2,23.27,25.77,113.4,92.3,486,30.41,1.26,0.22,8,1.00,0,0,run2 pfilter4
2026-08-21T14:15:40.710,4464,RAD,horizontal,2,23.27,25.77,135.9,72.8,221,29.94,1.02,0.09,7,1.04,0,0,run2 pfilter4
2026-08-21T14:15:40.836,4465,RAD,horizontal,1,23.22,25.72,121.1,89.8,1231,30.19,0.00,0.00,13,1.22,0,0,run2 pfilter4
2026-08-21T14:15:40.933,4466,RAD,horizontal,1,23.20,25.70,126.0,86.2,565,30.01,0.00,0.00,12,1.09,0,0,run2 pfilter4
2026-08-21T14:15:41.058,4467,RAD,horizontal,1,23.19,25.69,128.0,82.9,653,30.12,0.00,0.00,12,1.10,0,0,run2 pfilter4
2026-08-21T14:15:41.189,4468,RAD,horizontal,1,23.20,25.70,128.9,81.5,631,30.12,0.00,0.00,12,1.05,0,0,run2 pfilter4
2026-08-21T14:15:41.284,4469,RAD,horizontal,1,23.20,25.70,128.9,81.2,672,29.99,0.00,0.00,13,1.17,0,0,run2 pfilter4
2026-08-21T14:15:41.411,4470,RAD,horizontal,1,23.20,25.70,130.4,80.8,655,29.99,0.00,0.00,14,0.98,0,0,run2 pfilter4
2026-08-21T14:15:41.506,4471,RAD,horizontal,1,23.20,25.70,131.9,80.3,638,30.45,0.00,0.00,14,0.97,0,0,run2 pfilter4
2026-08-21T14:15:41.637,4472,RAD,horizontal,1,23.20,25.70,133.2,79.3,674,30.67,1.70,0.44,9,1.06,0,0,run2 pfilter4
2026-08-21T14:15:41.732,4473,RAD,horizontal,1,23.20,25.70,134.1,78.3,690,30.32,1.59,0.42,12,0.98,0,0,run2 pfilter4
2026-08-21T14:15:41.861,4474,RAD,horizontal,1,23.24,25.74,130.1,78.7,383,30.19,2.40,0.26,11,0.79,0,0,run2 pfilter4
2026-08-21T14:15:41.956,4475,RAD,horizontal,1,23.24,25.74,129.3,78.3,408,30.01,2.55,0.33,10,0.91,0,0,run2 pfilter4
2026-08-21T14:15:42.086,4476,RAD,horizontal,2,23.29,25.79,128.1,77.9,442,30.21,2.59,0.35,12,1.20,0,0,run2 pfilter4
2026-08-21T14:15:42.086,4476,RAD,horizontal,2,23.29,25.79,142.1,72.9,240,30.52,2.12,0.44,5,1.47,0,0,run2 pfilter4
2026-08-21T14:15:42.214,4477,RAD,horizontal,1,23.29,25.79,127.1,76.2,410,30.19,2.04,0.38,13,1.54,0,0,run2 pfilter4
2026-08-21T14:15:42.313,4478,RAD,horizontal,2,23.27,25.77,128.3,78.0,1069,30.30,1.33,0.39,12,1.27,0,0,run2 pfilter4
2026-08-21T14:15:42.313,4478,RAD,horizontal,2,23.27,25.77,132.2,78.3,1069,29.83,0.89,0.50,12,1.27,0,0,run2 pfilter4
2026-08-21T14:15:42.443,4479,RAD,horizontal,1,23.24,25.74,122.2,75.6,545,29.83,1.24,0.46,8,1.18,0,0,run2 pfilter4
2026-08-21T14:15:42.527,4480,RAD,horizontal,1,23.24,25.74,127.4,75.8,459,30.19,0.00,0.00,14,0.92,0,0,run2 pfilter4
2026-08-21T14:15:42.659,4481,RAD,horizontal,1,23.24,25.74,128.4,77.5,553,30.21,0.00,0.00,15,1.01,0,0,run2 pfilter4
2026-08-21T14:15:42.760,4482,RAD,horizontal,2,23.24,25.74,128.7,81.6,1183,30.10,1.38,0.60,12,1.31,0,0,run2 pfilter4
2026-08-21T14:15:42.760,4482,RAD,horizontal,2,23.24,25.74,128.7,83.7,1183,30.16,1.84,0.35,12,1.31,0,0,run2 pfilter4
2026-08-21T14:15:42.890,4483,RAD,horizontal,2,23.24,25.74,128.3,84.0,1238,30.21,1.46,0.31,14,1.36,0,0,run2 pfilter4
2026-08-21T14:15:42.890,4483,RAD,horizontal,2,23.24,25.74,127.5,83.9,1238,29.65,1.32,0.53,14,1.36,0,0,run2 pfilter4
2026-08-21T14:15:43.021,4484,RAD,horizontal,2,23.24,25.74,127.6,85.1,1304,30.25,1.52,0.33,15,1.38,0,0,run2 pfilter4
2026-08-21T14:15:43.021,4484,RAD,horizontal,2,23.24,25.74,126.9,84.5,1304,30.25,1.09,0.52,15,1.38,0,0,run2 pfilter4
2026-08-21T14:15:43.115,4485,RAD,horizontal,2,23.29,25.79,126.8,85.6,1369,30.08,0.95,0.54,16,1.40,0,0,run2 pfilter4
2026-08-21T14:15:43.115,4485,RAD,horizontal,2,23.29,25.79,126.4,85.0,1369,30.25,0.00,0.00,16,1.40,0,0,run2 pfilter4
2026-08-21T14:15:43.243,4486,RAD,horizontal,2,23.29,25.79,125.8,86.0,1408,30.25,1.59,0.31,14,1.41,0,0,run2 pfilter4
2026-08-21T14:15:43.243,4486,RAD,horizontal,2,23.29,25.79,125.6,85.7,1408,29.97,1.04,0.42,14,1.41,0,0,run2 pfilter4
2026-08-21T14:15:43.343,4487,RAD,horizontal,2,23.29,25.79,124.8,86.2,1408,30.25,1.94,0.38,15,1.38,0,0,run2 pfilter4
2026-08-21T14:15:43.343,4487,RAD,horizontal,2,23.29,25.79,124.7,86.1,1408,30.16,0.96,0.47,15,1.38,0,0,run2 pfilter4
2026-08-21T14:15:43.460,4488,RAD,horizontal,1,23.32,25.82,124.2,85.7,1344,30.25,0.00,0.00,13,1.29,0,0,run2 pfilter4
2026-08-21T14:15:43.562,4489,RAD,horizontal,2,23.32,25.82,123.7,85.3,1356,30.21,1.71,0.36,16,1.25,0,0,run2 pfilter4
2026-08-21T14:15:43.562,4489,RAD,horizontal,2,23.32,25.82,123.7,85.2,1356,29.85,0.89,0.47,16,1.25,0,0,run2 pfilter4
2026-08-21T14:15:43.694,4490,RAD,horizontal,2,23.32,25.82,114.5,83.2,442,29.94,1.19,0.29,11,0.91,0,0,run2 pfilter4
2026-08-21T14:15:43.694,4490,RAD,horizontal,2,23.32,25.82,114.7,83.2,442,29.94,1.19,0.29,11,0.91,0,0,run2 pfilter4
2026-08-21T14:15:43.780,4491,RAD,horizontal,1,23.32,25.82,120.7,80.6,608,30.63,0.00,0.00,16,0.88,0,0,run2 pfilter4
2026-08-21T14:15:43.907,4492,RAD,horizontal,1,23.32,25.82,124.0,80.8,667,30.67,0.00,0.00,16,0.92,0,0,run2 pfilter4
2026-08-21T14:15:44.041,4493,RAD,horizontal,1,23.36,25.86,123.8,84.8,1560,31.30,1.62,0.44,16,1.36,0,0,run2 pfilter4
2026-08-21T14:15:44.131,4494,RAD,horizontal,1,23.34,25.84,126.0,84.6,752,31.04,0.00,0.00,16,0.94,0,0,run2 pfilter4
2026-08-21T14:15:44.268,4495,RAD,horizontal,1,23.34,25.84,107.5,83.8,355,29.97,1.16,0.49,11,0.93,0,0,run2 pfilter4
2026-08-21T14:15:44.365,4496,RAD,horizontal,2,23.34,25.84,124.9,89.8,1837,31.33,1.14,0.47,16,1.41,0,0,run2 pfilter4
2026-08-21T14:15:44.365,4496,RAD,horizontal,2,23.34,25.84,128.1,91.0,1837,29.94,0.97,0.42,16,1.41,0,0,run2 pfilter4
2026-08-21T14:15:44.498,4497,RAD,horizontal,3,23.36,25.86,139.1,88.6,503,31.17,1.41,0.42,6,1.08,0,0,run2 pfilter4
2026-08-21T14:15:44.498,4497,RAD,horizontal,3,23.36,25.86,107.4,84.0,523,29.99,1.27,0.30,13,0.95,0,0,run2 pfilter4
2026-08-21T14:15:44.498,4497,RAD,horizontal,3,23.36,25.86,112.5,86.2,523,29.99,1.27,0.30,13,0.95,0,0,run2 pfilter4
2026-08-21T14:15:44.591,4498,RAD,horizontal,3,23.36,25.86,144.5,88.0,524,31.33,1.43,0.41,3,1.13,0,0,run2 pfilter4
2026-08-21T14:15:44.591,4498,RAD,horizontal,3,23.36,25.86,108.2,84.1,516,29.99,1.33,0.30,14,1.01,0,0,run2 pfilter4
2026-08-21T14:15:44.591,4498,RAD,horizontal,3,23.36,25.86,107.1,84.2,516,29.99,1.33,0.30,14,1.01,0,0,run2 pfilter4
2026-08-21T14:15:44.720,4499,RAD,horizontal,3,23.36,25.86,145.8,87.6,509,31.35,1.40,0.40,3,1.08,0,0,run2 pfilter4
2026-08-21T14:15:44.720,4499,RAD,horizontal,3,23.36,25.86,108.4,84.1,494,29.99,1.33,0.29,13,0.95,0,0,run2 pfilter4
2026-08-21T14:15:44.720,4499,RAD,horizontal,3,23.36,25.86,106.0,83.6,494,29.99,1.33,0.29,13,0.95,0,0,run2 pfilter4
2026-08-21T14:15:44.840,4500,RAD,horizontal,2,23.34,25.84,119.8,88.4,1765,31.35,1.28,0.42,13,1.39,0,0,run2 pfilter4
2026-08-21T14:15:44.840,4500,RAD,horizontal,2,23.34,25.84,128.1,89.5,1765,29.97,0.79,0.41,13,1.39,0,0,run2 pfilter4
2026-08-21T14:15:44.935,4501,RAD,horizontal,2,23.34,25.84,124.3,89.8,1707,31.35,1.24,0.42,13,1.39,0,0,run2 pfilter4
2026-08-21T14:15:44.935,4501,RAD,horizontal,2,23.34,25.84,122.7,89.8,1707,29.99,1.04,0.41,13,1.39,0,0,run2 pfilter4
2026-08-21T14:15:45.058,4502,RAD,horizontal,1,23.32,25.82,127.5,87.8,726,31.20,0.00,0.00,13,0.93,0,0,run2 pfilter4
2026-08-21T14:15:45.152,4503,RAD,horizontal,1,23.32,25.82,128.2,86.9,732,31.20,0.00,0.00,13,0.91,0,0,run2 pfilter4
2026-08-21T14:15:45.283,4504,RAD,horizontal,1,23.32,25.82,128.2,87.1,765,31.20,0.00,0.00,14,0.93,0,0,run2 pfilter4
2026-08-21T14:15:45.379,4505,RAD,horizontal,1,23.29,25.79,127.6,87.7,780,31.13,0.00,0.00,15,0.97,0,0,run2 pfilter4
2026-08-21T14:15:45.504,4506,RAD,horizontal,1,23.29,25.79,127.4,88.2,786,31.11,0.00,0.00,15,1.01,0,0,run2 pfilter4
2026-08-21T14:15:45.600,4507,RAD,horizontal,1,23.29,25.79,127.5,88.0,814,31.50,0.00,0.00,15,1.05,0,0,run2 pfilter4
2026-08-21T14:15:45.729,4508,RAD,horizontal,1,23.29,25.79,127.3,87.9,807,31.44,0.00,0.00,15,1.00,0,0,run2 pfilter4
2026-08-21T14:15:45.857,4509,RAD,horizontal,1,23.27,25.77,127.2,87.8,787,31.44,0.00,0.00,13,0.99,0,0,run2 pfilter4
2026-08-21T14:15:45.952,4510,RAD,horizontal,1,23.24,25.74,127.1,87.7,793,31.41,0.00,0.00,13,1.02,0,0,run2 pfilter4
2026-08-21T14:15:46.078,4511,RAD,horizontal,1,23.24,25.74,127.0,87.7,815,31.46,0.00,0.00,16,1.06,0,0,run2 pfilter4
2026-08-21T14:15:46.176,4512,RAD,horizontal,1,23.24,25.74,127.1,87.6,783,31.44,0.00,0.00,14,1.03,0,0,run2 pfilter4
2026-08-21T14:15:46.302,4513,RAD,horizontal,1,23.24,25.74,126.8,87.9,797,31.44,0.00,0.00,13,1.04,0,0,run2 pfilter4
2026-08-21T14:15:46.410,4514,RAD,horizontal,1,23.22,25.72,138.5,90.5,450,31.26,1.52,0.47,6,1.22,0,0,run2 pfilter4
2026-08-21T14:15:46.539,4515,RAD,horizontal,1,23.24,25.74,142.8,92.3,455,31.24,1.41,0.44,7,1.12,0,0,run2 pfilter4
2026-08-21T14:15:46.664,4516,RAD,horizontal,2,23.22,25.72,143.7,92.6,429,31.20,1.46,0.43,7,1.08,0,0,run2 pfilter4
2026-08-21T14:15:46.664,4516,RAD,horizontal,2,23.22,25.72,102.8,83.6,319,29.85,1.26,0.48,10,0.74,0,0,run2 pfilter4
2026-08-21T14:15:46.750,4517,RAD,horizontal,1,23.22,25.72,130.9,90.1,738,31.20,0.00,0.00,18,0.96,0,0,run2 pfilter4
2026-08-21T14:15:46.876,4518,RAD,horizontal,1,23.22,25.72,125.0,89.2,757,31.17,0.00,0.00,19,0.93,0,0,run2 pfilter4
2026-08-21T14:15:46.987,4519,RAD,horizontal,2,23.24,25.74,135.4,90.6,437,31.15,1.29,0.43,10,1.05,0,0,run2 pfilter4
2026-08-21T14:15:46.987,4519,RAD,horizontal,2,23.24,25.74,100.2,86.9,356,29.85,1.21,0.51,17,0.76,0,0,run2 pfilter4
2026-08-21T14:15:47.112,4520,RAD,horizontal,2,23.27,25.77,139.5,91.5,469,31.09,1.24,0.45,5,1.12,0,0,run2 pfilter4
2026-08-21T14:15:47.112,4520,RAD,horizontal,2,23.27,25.77,99.4,88.0,392,29.85,1.24,0.51,17,0.77,0,0,run2 pfilter4
2026-08-21T14:15:47.197,4521,RAD,horizontal,1,23.27,25.77,114.2,89.7,861,31.11,0.00,0.00,20,1.01,0,0,run2 pfilter4
2026-08-21T14:15:47.327,4522,RAD,horizontal,1,23.29,25.79,118.6,90.6,945,31.30,0.00,0.00,19,1.06,0,0,run2 pfilter4
2026-08-21T14:15:47.429,4523,RAD,horizontal,2,23.27,25.77,138.0,90.9,454,30.89,1.26,0.49,9,1.06,0,0,run2 pfilter4
2026-08-21T14:15:47.429,4523,RAD,horizontal,2,23.27,25.77,104.4,89.9,458,31.28,1.23,0.55,12,1.02,0,0,run2 pfilter4
2026-08-21T14:15:47.561,4524,RAD,horizontal,2,23.27,25.77,136.8,89.2,422,30.82,1.31,0.48,9,0.97,0,0,run2 pfilter4
2026-08-21T14:15:47.561,4524,RAD,horizontal,2,23.27,25.77,97.1,89.6,444,30.65,1.20,0.59,12,0.91,0,0,run2 pfilter4
2026-08-21T14:15:47.689,4525,RAD,horizontal,2,23.27,25.77,135.9,86.9,450,31.06,1.15,0.54,10,1.27,0,0,run2 pfilter4
2026-08-21T14:15:47.689,4525,RAD,horizontal,2,23.27,25.77,94.1,89.4,410,30.08,1.12,0.63,13,0.82,0,0,run2 pfilter4
2026-08-21T14:15:47.789,4526,RAD,horizontal,2,23.27,25.77,133.3,88.2,888,31.00,1.11,0.52,8,1.53,0,0,run2 pfilter4
2026-08-21T14:15:47.789,4526,RAD,horizontal,2,23.27,25.77,92.7,89.6,423,29.85,1.08,0.63,12,0.84,0,0,run2 pfilter4
2026-08-21T14:15:47.916,4527,RAD,horizontal,2,23.27,25.77,131.9,88.4,839,31.06,1.19,0.50,8,1.48,0,0,run2 pfilter4
2026-08-21T14:15:47.916,4527,RAD,horizontal,2,23.27,25.77,92.0,89.6,440,30.01,1.08,0.65,13,0.86,0,0,run2 pfilter4
2026-08-21T14:15:48.012,4528,RAD,horizontal,2,23.24,25.74,130.8,88.1,835,31.02,1.19,0.51,8,1.47,0,0,run2 pfilter4
2026-08-21T14:15:48.012,4528,RAD,horizontal,2,23.24,25.74,91.4,89.1,423,30.01,1.08,0.63,10,0.86,0,0,run2 pfilter4
2026-08-21T14:15:48.139,4529,RAD,horizontal,2,23.24,25.74,131.4,84.6,444,31.00,1.50,0.51,7,1.13,0,0,run2 pfilter4
2026-08-21T14:15:48.139,4529,RAD,horizontal,2,23.24,25.74,90.6,88.8,430,30.19,1.04,0.66,10,0.86,0,0,run2 pfilter4
2026-08-21T14:15:48.233,4530,RAD,horizontal,2,23.24,25.74,131.2,83.4,441,30.91,1.42,0.54,8,1.12,0,0,run2 pfilter4
2026-08-21T14:15:48.233,4530,RAD,horizontal,2,23.24,25.74,89.9,88.5,425,29.94,1.04,0.65,15,0.85,0,0,run2 pfilter4
2026-08-21T14:15:48.363,4531,RAD,horizontal,2,23.27,25.77,130.6,83.6,433,30.95,1.61,0.51,6,1.16,0,0,run2 pfilter4
2026-08-21T14:15:48.363,4531,RAD,horizontal,2,23.27,25.77,89.3,88.1,430,30.03,1.04,0.66,13,0.87,0,0,run2 pfilter4
2026-08-21T14:15:48.461,4532,RAD,horizontal,2,23.29,25.79,128.9,86.4,749,31.24,2.12,0.56,7,1.38,0,0,run2 pfilter4
2026-08-21T14:15:48.461,4532,RAD,horizontal,2,23.29,25.79,88.9,88.1,438,30.25,1.08,0.65,12,0.88,0,0,run2 pfilter4
2026-08-21T14:15:48.586,4533,RAD,horizontal,2,23.27,25.77,127.9,88.4,798,30.98,1.85,0.49,7,1.37,0,0,run2 pfilter4
2026-08-21T14:15:48.586,4533,RAD,horizontal,2,23.27,25.77,88.8,87.9,437,30.21,1.08,0.65,11,0.88,0,0,run2 pfilter4
2026-08-21T14:15:48.714,4534,RAD,horizontal,2,23.27,25.77,128.8,86.9,416,30.95,1.64,0.53,5,1.04,0,0,run2 pfilter4
2026-08-21T14:15:48.714,4534,RAD,horizontal,2,23.27,25.77,88.9,87.7,438,30.14,1.08,0.65,12,0.89,0,0,run2 pfilter4
2026-08-21T14:15:48.810,4535,RAD,horizontal,2,23.22,25.72,128.8,86.7,398,31.11,1.46,0.47,6,1.05,0,0,run2 pfilter4
2026-08-21T14:15:48.810,4535,RAD,horizontal,2,23.22,25.72,89.4,87.6,435,29.94,1.08,0.70,13,0.88,0,0,run2 pfilter4
2026-08-21T14:15:48.925,4536,RAD,horizontal,1,23.24,25.74,103.6,88.0,894,31.33,0.00,0.00,15,1.01,0,0,run2 pfilter4
2026-08-21T14:15:49.022,4537,RAD,horizontal,1,23.24,25.74,109.7,88.9,935,31.37,0.00,0.00,14,1.00,0,0,run2 pfilter4
2026-08-21T14:15:49.162,4538,RAD,horizontal,2,23.24,25.74,125.8,91.7,479,31.09,1.46,0.42,6,1.03,0,0,run2 pfilter4
2026-08-21T14:15:49.162,4538,RAD,horizontal,2,23.24,25.74,97.7,88.3,457,30.19,1.04,0.70,13,0.99,0,0,run2 pfilter4
2026-08-21T14:15:49.253,4539,RAD,horizontal,2,23.24,25.74,123.8,93.1,546,31.13,1.45,0.39,6,1.27,0,0,run2 pfilter4
2026-08-21T14:15:49.253,4539,RAD,horizontal,2,23.24,25.74,92.2,88.0,456,30.14,1.04,0.70,12,1.03,0,0,run2 pfilter4
2026-08-21T14:15:49.387,4540,RAD,horizontal,2,23.24,25.74,123.1,93.3,512,30.41,2.04,0.44,10,1.02,0,0,run2 pfilter4
2026-08-21T14:15:49.387,4540,RAD,horizontal,2,23.24,25.74,90.3,87.8,451,30.08,1.04,0.69,11,0.95,0,0,run2 pfilter4
2026-08-21T14:15:49.511,4541,RAD,horizontal,2,23.20,25.70,122.3,92.3,497,30.39,1.50,0.42,10,1.13,0,0,run2 pfilter4
2026-08-21T14:15:49.511,4541,RAD,horizontal,2,23.20,25.70,90.4,87.8,462,30.08,0.96,0.66,11,1.10,0,0,run2 pfilter4
2026-08-21T14:15:49.613,4542,RAD,horizontal,2,23.20,25.70,109.7,92.0,1756,30.41,1.88,0.43,23,1.30,0,0,run2 pfilter4
2026-08-21T14:15:49.613,4542,RAD,horizontal,2,23.20,25.70,101.0,90.8,1756,30.08,0.90,0.63,23,1.30,0,0,run2 pfilter4
2026-08-21T14:15:49.742,4543,RAD,horizontal,2,23.22,25.72,104.7,91.7,1776,29.94,0.87,0.63,25,1.33,0,0,run2 pfilter4
2026-08-21T14:15:49.742,4543,RAD,horizontal,2,23.22,25.72,105.4,91.8,1776,30.32,1.60,0.50,25,1.33,0,0,run2 pfilter4
2026-08-21T14:15:49.876,4544,RAD,horizontal,2,23.22,25.72,93.6,88.7,461,29.97,0.93,0.63,14,1.04,0,0,run2 pfilter4
2026-08-21T14:15:49.876,4544,RAD,horizontal,2,23.22,25.72,119.1,90.5,461,30.47,1.96,0.45,6,0.96,0,0,run2 pfilter4
2026-08-21T14:15:49.950,4545,RAD,horizontal,1,23.22,25.72,112.5,88.9,877,30.80,0.00,0.00,17,0.91,0,0,run2 pfilter4
2026-08-21T14:15:50.052,4546,RAD,horizontal,1,23.20,25.70,108.3,88.0,861,30.80,0.00,0.00,17,0.91,0,0,run2 pfilter4
2026-08-21T14:15:50.184,4547,RAD,horizontal,1,23.20,25.70,105.2,90.3,1762,30.45,1.63,0.40,23,1.34,0,0,run2 pfilter4
2026-08-21T14:15:50.282,4548,RAD,horizontal,1,23.17,25.67,104.1,91.3,1770,29.90,0.90,0.62,25,1.33,0,0,run2 pfilter4
2026-08-21T14:15:50.414,4549,RAD,horizontal,2,23.17,25.67,104.1,91.8,1773,29.83,0.90,0.59,22,1.33,0,0,run2 pfilter4
2026-08-21T14:15:50.414,4549,RAD,horizontal,2,23.17,25.67,104.8,91.6,1773,30.28,1.88,0.45,22,1.33,0,0,run2 pfilter4
2026-08-21T14:15:50.535,4550,RAD,horizontal,2,23.15,25.65,94.9,88.7,450,29.83,1.00,0.62,14,0.92,0,0,run2 pfilter4
2026-08-21T14:15:50.535,4550,RAD,horizontal,2,23.15,25.65,117.5,92.2,468,30.39,1.92,0.39,8,1.02,0,0,run2 pfilter4
2026-08-21T14:15:50.625,4551,RAD,horizontal,1,23.15,25.65,102.3,89.7,910,30.43,0.00,0.00,17,0.91,0,0,run2 pfilter4
2026-08-21T14:15:50.753,4552,RAD,horizontal,1,23.15,25.65,106.1,90.6,901,30.12,0.00,0.00,21,0.91,0,0,run2 pfilter4
2026-08-21T14:15:50.846,4553,RAD,horizontal,1,23.15,25.65,107.5,91.6,901,30.47,0.00,0.00,20,0.91,0,0,run2 pfilter4
2026-08-21T14:15:50.976,4554,RAD,horizontal,1,23.15,25.65,107.3,92.5,885,30.16,0.00,0.00,23,0.90,0,0,run2 pfilter4
2026-08-21T14:15:51.071,4555,RAD,horizontal,1,23.15,25.65,107.5,93.2,913,30.25,0.00,0.00,21,0.92,0,0,run2 pfilter4
2026-08-21T14:15:51.206,4556,RAD,horizontal,1,23.13,25.63,107.7,93.6,892,30.32,0.00,0.00,24,0.91,0,0,run2 pfilter4
2026-08-21T14:15:51.330,4557,RAD,horizontal,1,23.13,25.63,108.1,93.7,910,30.85,0.00,0.00,20,0.95,0,0,run2 pfilter4
2026-08-21T14:15:51.425,4558,RAD,horizontal,1,23.15,25.65,108.0,94.1,917,31.35,0.00,0.00,17,0.98,0,0,run2 pfilter4
2026-08-21T14:15:51.551,4559,RAD,horizontal,1,23.13,25.63,108.2,94.1,929,31.35,0.00,0.00,18,1.02,0,0,run2 pfilter4
2026-08-21T14:15:51.648,4560,RAD,horizontal,1,23.15,25.65,108.4,94.0,967,31.68,0.00,0.00,17,1.07,0,0,run2 pfilter4
2026-08-21T14:15:51.778,4561,RAD,horizontal,1,23.15,25.65,109.1,93.3,1011,31.74,0.00,0.00,16,1.13,0,0,run2 pfilter4
2026-08-21T14:15:51.870,4562,RAD,horizontal,1,23.15,25.65,109.2,93.1,996,31.44,0.00,0.00,18,1.07,0,0,run2 pfilter4
2026-08-21T14:15:52.004,4563,RAD,horizontal,1,23.15,25.65,108.9,93.1,985,31.50,0.00,0.00,19,1.04,0,0,run2 pfilter4
2026-08-21T14:15:52.097,4564,RAD,horizontal,1,23.20,25.70,108.8,93.2,999,31.50,0.00,0.00,17,1.05,0,0,run2 pfilter4
2026-08-21T14:15:52.227,4565,RAD,horizontal,1,23.17,25.67,108.9,93.1,999,31.39,0.00,0.00,16,1.04,0,0,run2 pfilter4
2026-08-21T14:15:52.355,4566,RAD,horizontal,1,23.17,25.67,109.1,93.3,965,31.39,0.00,0.00,15,1.01,0,0,run2 pfilter4
2026-08-21T14:15:52.449,4567,RAD,horizontal,1,23.17,25.67,109.0,93.5,955,31.39,0.00,0.00,17,1.02,0,0,run2 pfilter4
2026-08-21T14:15:52.579,4568,RAD,horizontal,1,23.15,25.65,108.3,93.6,962,31.61,0.00,0.00,14,1.03,0,0,run2 pfilter4
2026-08-21T14:15:52.671,4569,RAD,horizontal,1,23.15,25.65,108.0,93.7,965,31.59,0.00,0.00,15,1.03,0,0,run2 pfilter4
2026-08-21T14:15:52.802,4570,RAD,horizontal,1,23.15,25.65,107.9,93.7,964,31.57,0.00,0.00,16,1.03,0,0,run2 pfilter4
2026-08-21T14:15:52.895,4571,RAD,horizontal,1,23.15,25.65,107.6,93.7,952,31.50,0.00,0.00,17,1.02,0,0,run2 pfilter4
2026-08-21T14:15:53.029,4572,RAD,horizontal,1,23.15,25.65,107.6,93.7,958,31.48,0.00,0.00,16,1.03,0,0,run2 pfilter4
2026-08-21T14:15:53.151,4573,RAD,horizontal,1,23.10,25.60,107.6,93.7,954,31.46,0.00,0.00,17,1.04,0,0,run2 pfilter4
2026-08-21T14:15:53.248,4574,RAD,horizontal,1,23.10,25.60,107.7,93.8,969,31.48,0.00,0.00,19,1.05,0,0,run2 pfilter4
2026-08-21T14:15:53.375,4575,RAD,horizontal,1,23.10,25.60,107.8,94.6,1018,31.48,0.00,0.00,19,1.05,0,0,run2 pfilter4
2026-08-21T14:15:53.471,4576,RAD,horizontal,1,23.13,25.63,107.9,95.2,1032,31.46,0.00,0.00,18,1.04,0,0,run2 pfilter4
2026-08-21T14:15:53.603,4577,RAD,horizontal,1,23.10,25.60,107.8,95.4,1035,31.46,0.00,0.00,17,1.07,0,0,run2 pfilter4
2026-08-21T14:15:53.697,4578,RAD,horizontal,1,23.10,25.60,107.7,95.3,1028,31.46,0.00,0.00,16,1.09,0,0,run2 pfilter4
2026-08-21T14:15:53.826,4579,RAD,horizontal,1,23.15,25.65,107.4,95.2,1034,31.61,0.00,0.00,14,1.11,0,0,run2 pfilter4
2026-08-21T14:15:53.918,4580,RAD,horizontal,1,23.15,25.65,107.1,94.2,968,31.50,0.00,0.00,15,1.06,0,0,run2 pfilter4
2026-08-21T14:15:54.051,4581,RAD,horizontal,1,23.13,25.63,106.7,93.4,931,31.48,0.00,0.00,16,1.04,0,0,run2 pfilter4
2026-08-21T14:15:54.177,4582,RAD,horizontal,1,23.10,25.60,106.6,93.3,925,31.39,0.00,0.00,15,1.02,0,0,run2 pfilter4
2026-08-21T14:15:54.273,4583,RAD,horizontal,1,23.10,25.60,106.4,93.4,925,31.44,0.00,0.00,15,1.02,0,0,run2 pfilter4
2026-08-21T14:15:54.401,4584,RAD,horizontal,1,23.10,25.60,106.3,93.5,931,31.41,0.00,0.00,16,1.00,0,0,run2 pfilter4
2026-08-21T14:15:54.494,4585,RAD,horizontal,1,23.08,25.58,106.6,93.6,927,31.41,0.00,0.00,16,1.00,0,0,run2 pfilter4
2026-08-21T14:15:54.622,4586,RAD,horizontal,1,23.03,25.53,106.8,93.4,922,31.22,0.00,0.00,18,0.99,0,0,run2 pfilter4
2026-08-21T14:15:54.722,4587,RAD,horizontal,1,23.05,25.55,106.9,93.2,922,31.44,0.00,0.00,18,1.00,0,0,run2 pfilter4
2026-08-21T14:15:54.849,4588,RAD,horizontal,1,23.05,25.55,106.8,93.3,937,31.46,0.00,0.00,19,1.01,0,0,run2 pfilter4
2026-08-21T14:15:54.943,4589,RAD,horizontal,1,23.05,25.55,106.7,93.6,932,31.46,0.00,0.00,19,1.02,0,0,run2 pfilter4
2026-08-21T14:15:55.073,4590,RAD,horizontal,1,23.03,25.53,106.7,93.6,905,31.28,0.00,0.00,14,0.98,0,0,run2 pfilter4
2026-08-21T14:15:55.204,4591,RAD,horizontal,1,23.03,25.53,105.8,93.8,902,30.67,0.00,0.00,18,0.94,0,0,run2 pfilter4
2026-08-21T14:15:55.294,4592,RAD,horizontal,1,23.05,25.55,104.7,93.8,944,30.50,0.00,0.00,17,0.92,0,0,run2 pfilter4
2026-08-21T14:15:55.438,4593,RAD,horizontal,1,23.05,25.55,117.0,97.1,467,30.28,1.91,0.46,7,0.93,0,0,run2 pfilter4
2026-08-21T14:15:55.530,4594,RAD,horizontal,1,23.05,25.55,121.4,98.1,461,30.21,2.00,0.48,8,0.95,0,0,run2 pfilter4
2026-08-21T14:15:55.660,4595,RAD,horizontal,2,23.15,25.65,121.2,97.4,532,30.28,1.84,0.46,7,0.94,0,0,run2 pfilter4
2026-08-21T14:15:55.660,4595,RAD,horizontal,2,23.15,25.65,75.3,91.5,503,30.21,1.20,0.67,14,0.88,0,0,run2 pfilter4
2026-08-21T14:15:55.754,4596,RAD,horizontal,2,23.15,25.65,119.5,95.1,521,30.47,1.80,0.46,6,1.16,0,0,run2 pfilter4
2026-08-21T14:15:55.754,4596,RAD,horizontal,2,23.15,25.65,69.6,91.6,507,30.08,1.16,0.70,16,0.87,0,0,run2 pfilter4
2026-08-21T14:15:55.882,4597,RAD,horizontal,2,23.15,25.65,118.6,92.1,469,30.74,1.60,0.47,7,1.11,0,0,run2 pfilter4
2026-08-21T14:15:55.882,4597,RAD,horizontal,2,23.15,25.65,65.4,90.9,474,30.14,1.15,0.61,12,0.94,0,0,run2 pfilter4
2026-08-21T14:15:56.008,4598,RAD,horizontal,2,23.13,25.63,117.6,89.3,444,30.91,1.50,0.44,9,1.13,0,0,run2 pfilter4
2026-08-21T14:15:56.008,4598,RAD,horizontal,2,23.13,25.63,61.4,91.1,471,30.47,1.04,0.62,15,1.08,0,0,run2 pfilter4
2026-08-21T14:15:56.105,4599,RAD,horizontal,2,23.13,25.63,116.7,87.1,451,31.33,1.74,0.49,8,1.11,0,0,run2 pfilter4
2026-08-21T14:15:56.105,4599,RAD,horizontal,2,23.13,25.63,57.8,92.3,472,30.52,1.14,0.53,16,1.05,0,0,run2 pfilter4
2026-08-21T14:15:56.235,4600,RAD,horizontal,2,23.10,25.60,115.8,86.8,395,30.78,2.00,0.45,7,0.97,0,0,run2 pfilter4
2026-08-21T14:15:56.235,4600,RAD,horizontal,2,23.10,25.60,54.9,93.3,473,30.14,0.96,0.63,14,1.04,0,0,run2 pfilter4
2026-08-21T14:15:56.334,4601,RAD,horizontal,2,23.08,25.58,114.7,87.6,381,30.47,2.30,0.41,6,0.96,0,0,run2 pfilter4
2026-08-21T14:15:56.334,4601,RAD,horizontal,2,23.08,25.58,51.5,94.3,510,30.14,1.07,0.61,14,0.99,0,0,run2 pfilter4
2026-08-21T14:15:56.459,4602,RAD,horizontal,2,23.08,25.58,113.5,87.7,391,30.36,2.47,0.44,7,0.98,0,0,run2 pfilter4
2026-08-21T14:15:56.459,4602,RAD,horizontal,2,23.08,25.58,48.0,94.1,509,29.90,1.07,0.65,16,1.00,0,0,run2 pfilter4
2026-08-21T14:15:56.556,4603,RAD,horizontal,2,23.05,25.55,112.0,87.6,380,30.60,2.71,0.49,6,0.99,0,0,run2 pfilter4
2026-08-21T14:15:56.556,4603,RAD,horizontal,2,23.05,25.55,44.2,92.6,469,29.88,1.07,0.56,16,0.94,0,0,run2 pfilter4
2026-08-21T14:15:56.682,4604,RAD,horizontal,2,23.05,25.55,109.6,87.4,372,30.58,2.88,0.51,5,0.99,0,0,run2 pfilter4
2026-08-21T14:15:56.682,4604,RAD,horizontal,2,23.05,25.55,39.8,91.1,422,30.05,1.00,0.58,12,0.95,0,0,run2 pfilter4
2026-08-21T14:15:56.777,4605,RAD,horizontal,2,23.03,25.53,106.3,87.8,376,30.54,2.20,0.43,7,0.95,0,0,run2 pfilter4
2026-08-21T14:15:56.777,4605,RAD,horizontal,2,23.03,25.53,34.3,89.2,398,30.12,1.33,0.52,11,0.87,0,0,run2 pfilter4
2026-08-21T14:15:56.904,4606,RAD,horizontal,2,23.05,25.55,101.7,89.3,407,30.47,2.10,0.48,6,0.92,0,0,run2 pfilter4
2026-08-21T14:15:56.904,4606,RAD,horizontal,2,23.05,25.55,30.4,87.2,396,31.02,1.55,0.53,8,0.98,0,0,run2 pfilter4
2026-08-21T14:15:57.036,4607,RAD,horizontal,2,23.03,25.53,96.4,90.0,386,30.43,2.26,0.47,6,0.96,0,0,run2 pfilter4
2026-08-21T14:15:57.036,4607,RAD,horizontal,2,23.03,25.53,27.3,84.8,292,31.57,1.94,0.46,3,1.07,0,0,run2 pfilter4
2026-08-21T14:15:57.133,4608,RAD,horizontal,2,23.03,25.53,91.5,89.2,351,30.36,1.95,0.45,5,1.00,0,0,run2 pfilter4
2026-08-21T14:15:57.133,4608,RAD,horizontal,2,23.03,25.53,25.8,82.9,255,31.33,1.94,0.45,5,1.08,0,0,run2 pfilter4
2026-08-21T14:15:57.255,4609,RAD,horizontal,2,23.03,25.53,86.0,88.9,359,30.65,1.44,0.34,4,1.01,0,0,run2 pfilter4
2026-08-21T14:15:57.255,4609,RAD,horizontal,2,23.03,25.53,23.8,80.4,168,31.28,2.20,0.34,2,1.14,0,0,run2 pfilter4
2026-08-21T14:15:57.352,4610,RAD,horizontal,2,23.03,25.53,80.4,88.0,496,30.80,1.75,0.36,5,1.03,0,0,run2 pfilter4
2026-08-21T14:15:57.352,4610,RAD,horizontal,2,23.03,25.53,22.5,78.9,218,31.28,1.74,0.35,4,1.14,0,0,run2 pfilter4
2026-08-21T14:15:57.480,4611,RAD,horizontal,2,23.01,25.51,75.6,86.8,482,30.87,2.25,0.54,4,1.06,0,0,run2 pfilter4
2026-08-21T14:15:57.480,4611,RAD,horizontal,2,23.01,25.51,20.3,76.1,198,31.06,1.67,0.37,4,1.04,0,0,run2 pfilter4
2026-08-21T14:15:57.574,4612,RAD,horizontal,2,23.01,25.51,70.9,86.7,549,31.09,2.95,0.52,6,1.12,0,0,run2 pfilter4
2026-08-21T14:15:57.574,4612,RAD,horizontal,2,23.01,25.51,18.0,73.1,204,30.76,1.88,0.38,3,1.03,0,0,run2 pfilter4
2026-08-21T14:15:57.704,4613,RAD,horizontal,2,22.98,25.48,65.6,85.1,559,30.95,2.04,0.41,7,1.22,0,0,run2 pfilter4
2026-08-21T14:15:57.704,4613,RAD,horizontal,2,22.98,25.48,16.7,74.0,462,30.63,1.93,0.42,3,1.42,0,0,run2 pfilter4
2026-08-21T14:15:57.834,4614,RAD,horizontal,2,22.96,25.46,60.2,83.7,528,30.87,1.58,0.35,9,1.20,0,0,run2 pfilter4
2026-08-21T14:15:57.834,4614,RAD,horizontal,2,22.96,25.46,15.4,74.4,462,30.65,1.71,0.38,3,1.37,0,0,run2 pfilter4
2026-08-21T14:15:57.929,4615,RAD,horizontal,2,22.94,25.44,53.9,83.0,482,31.04,1.74,0.38,7,1.03,0,0,run2 pfilter4
2026-08-21T14:15:57.929,4615,RAD,horizontal,2,22.94,25.44,13.9,74.8,456,30.45,1.75,0.36,4,1.37,0,0,run2 pfilter4
2026-08-21T14:15:58.055,4616,RAD,horizontal,2,22.91,25.41,47.3,83.7,465,31.06,1.80,0.41,6,0.99,0,0,run2 pfilter4
2026-08-21T14:15:58.055,4616,RAD,horizontal,2,22.91,25.41,12.7,75.0,460,30.39,1.75,0.34,3,1.47,0,0,run2 pfilter4
2026-08-21T14:15:58.145,4617,RAD,horizontal,1,22.94,25.44,40.9,84.2,909,30.85,0.00,0.00,5,1.39,0,0,run2 pfilter4
2026-08-21T14:15:58.278,4618,RAD,horizontal,1,22.91,25.41,31.2,77.2,555,30.52,0.00,0.00,10,0.96,0,0,run2 pfilter4
2026-08-21T14:15:58.370,4619,RAD,horizontal,1,22.89,25.39,25.1,73.8,554,30.34,1.05,0.35,10,1.07,0,0,run2 pfilter4
2026-08-21T14:15:58.498,4620,RAD,horizontal,1,22.89,25.39,22.4,75.2,1302,30.12,1.26,0.39,11,1.36,0,0,run2 pfilter4
2026-08-21T14:15:58.594,4621,RAD,horizontal,1,22.87,25.37,20.4,73.3,467,30.58,0.00,0.00,7,0.92,0,0,run2 pfilter4
2026-08-21T14:15:58.723,4622,RAD,horizontal,1,22.87,25.37,18.5,73.5,410,30.25,0.00,0.00,9,0.96,0,0,run2 pfilter4
2026-08-21T14:15:58.854,4623,RAD,horizontal,1,22.84,25.34,16.5,69.5,468,30.10,2.95,0.44,9,1.09,0,0,run2 pfilter4
2026-08-21T14:15:58.948,4624,RAD,horizontal,1,22.82,25.32,16.0,66.5,477,29.99,2.52,0.43,12,1.08,0,0,run2 pfilter4
2026-08-21T14:15:59.075,4625,RAD,horizontal,1,22.82,25.32,15.6,64.5,348,29.88,0.00,0.00,8,0.92,0,0,run2 pfilter4
2026-08-21T14:15:59.171,4626,RAD,horizontal,1,22.87,25.37,16.3,65.1,1012,29.92,0.00,0.00,8,1.27,0,0,run2 pfilter4
2026-08-21T14:15:59.297,4627,RAD,horizontal,1,22.87,25.37,13.3,67.3,697,29.85,0.00,0.00,6,1.23,0,0,run2 pfilter4
2026-08-21T14:15:59.391,4628,RAD,horizontal,1,22.89,25.39,12.2,63.4,247,29.63,0.00,0.00,7,0.88,0,0,run2 pfilter4
2026-08-21T14:15:59.523,4629,RAD,horizontal,1,22.87,25.37,13.2,64.1,570,29.59,0.00,0.00,7,1.16,0,0,run2 pfilter4
2026-08-21T14:15:59.658,4630,RAD,horizontal,1,22.84,25.34,14.9,59.1,202,29.57,2.33,0.38,4,0.80,0,0,run2 pfilter4
2026-08-21T14:15:59.744,4631,RAD,horizontal,1,22.84,25.34,16.6,55.1,174,29.63,0.00,0.00,5,0.70,0,0,run2 pfilter4
2026-08-21T14:15:59.876,4632,RAD,horizontal,1,22.84,25.34,18.1,54.8,438,29.81,1.62,0.44,6,1.14,0,0,run2 pfilter4
2026-08-21T14:15:59.970,4633,RAD,horizontal,1,22.82,25.32,20.2,54.4,427,29.59,1.43,0.35,5,1.14,0,0,run2 pfilter4
2026-08-21T14:16:00.098,4634,RAD,horizontal,1,22.82,25.32,23.1,52.2,362,29.45,1.54,0.39,5,1.11,0,0,run2 pfilter4
2026-08-21T14:16:00.193,4635,RAD,horizontal,1,22.80,25.30,26.2,49.4,292,29.74,2.22,0.43,5,1.10,0,0,run2 pfilter4
2026-08-21T14:16:00.323,4636,RAD,horizontal,1,22.75,25.25,28.9,47.0,277,29.50,0.00,0.00,6,1.15,0,0,run2 pfilter4
2026-08-21T14:16:00.415,4637,RAD,horizontal,1,22.77,25.27,31.8,43.1,95,29.72,3.86,0.50,3,0.71,0,0,run2 pfilter4
2026-08-21T14:16:00.544,4638,RAD,horizontal,1,22.77,25.27,35.4,38.5,62,29.59,2.86,0.44,2,0.72,0,0,run2 pfilter4
2026-08-21T14:16:00.676,4639,RAD,horizontal,1,22.74,25.24,39.6,35.3,54,29.39,2.00,0.55,1,0.78,0,0,run2 pfilter4
2026-08-21T14:16:00.773,4640,RAD,horizontal,1,22.75,25.25,43.2,35.4,68,29.63,2.71,0.51,3,0.77,0,0,run2 pfilter4
2026-08-21T14:16:00.896,4641,RAD,horizontal,0,22.75,25.25,,,,,,,,,,,run2 pfilter4
2026-08-21T14:16:00.998,4642,RAD,horizontal,1,22.75,25.25,51.9,36.3,55,29.14,2.57,0.44,4,0.79,0,0,run2 pfilter4
2026-08-21T14:16:01.126,4643,RAD,horizontal,2,22.77,25.27,55.9,35.9,59,29.48,2.57,0.47,2,0.79,0,0,run2 pfilter4
2026-08-21T14:16:01.126,4643,RAD,horizontal,2,22.77,25.27,114.4,55.6,304,28.59,0.70,0.71,6,1.07,0,0,run2 pfilter4
2026-08-21T14:16:01.220,4644,RAD,horizontal,2,22.80,25.30,60.4,37.5,183,29.23,1.50,0.53,5,1.14,0,0,run2 pfilter4
2026-08-21T14:16:01.220,4644,RAD,horizontal,2,22.80,25.30,116.5,57.3,322,28.32,0.75,0.62,6,1.10,0,0,run2 pfilter4
2026-08-21T14:16:01.353,4645,RAD,horizontal,2,22.80,25.30,65.1,38.7,199,29.41,2.33,0.60,4,1.14,0,0,run2 pfilter4
2026-08-21T14:16:01.353,4645,RAD,horizontal,2,22.80,25.30,118.2,59.8,358,28.68,1.00,0.49,6,1.20,0,0,run2 pfilter4
2026-08-21T14:16:01.448,4646,RAD,horizontal,2,22.80,25.30,69.8,39.6,197,29.54,2.33,0.62,4,1.17,0,0,run2 pfilter4
2026-08-21T14:16:01.448,4646,RAD,horizontal,2,22.80,25.30,120.1,61.4,362,28.59,1.00,0.48,8,1.07,0,0,run2 pfilter4
2026-08-21T14:16:01.575,4647,RAD,horizontal,2,22.80,25.30,73.6,37.1,56,29.37,2.57,0.44,3,0.76,0,0,run2 pfilter4
2026-08-21T14:16:01.575,4647,RAD,horizontal,2,22.80,25.30,121.7,59.2,153,28.72,1.29,0.61,6,0.65,0,0,run2 pfilter4
2026-08-21T14:16:01.702,4648,RAD,horizontal,2,22.80,25.30,77.6,36.3,64,29.41,2.57,0.51,2,0.81,0,0,run2 pfilter4
2026-08-21T14:16:01.702,4648,RAD,horizontal,2,22.80,25.30,122.8,58.0,148,29.14,1.21,0.62,5,0.62,0,0,run2 pfilter4
2026-08-21T14:16:01.800,4649,RAD,horizontal,2,22.80,25.30,81.3,37.1,85,29.43,2.38,0.56,2,0.80,0,0,run2 pfilter4
2026-08-21T14:16:01.800,4649,RAD,horizontal,2,22.80,25.30,123.5,61.6,397,28.97,1.27,0.57,9,1.13,0,0,run2 pfilter4
2026-08-21T14:16:01.926,4650,RAD,horizontal,2,22.80,25.30,84.5,38.4,79,29.59,2.38,0.52,2,0.82,0,0,run2 pfilter4
2026-08-21T14:16:01.926,4650,RAD,horizontal,2,22.80,25.30,123.7,63.4,402,28.90,1.08,0.51,6,1.10,0,0,run2 pfilter4
2026-08-21T14:16:02.023,4651,RAD,horizontal,2,22.77,25.27,88.0,38.0,69,29.50,2.38,0.45,3,0.78,0,0,run2 pfilter4
2026-08-21T14:16:02.023,4651,RAD,horizontal,2,22.77,25.27,123.6,64.4,408,28.66,0.92,0.61,6,1.11,0,0,run2 pfilter4
2026-08-21T14:16:02.150,4652,RAD,horizontal,2,22.77,25.27,91.1,40.4,224,29.41,2.00,0.58,5,1.31,0,0,run2 pfilter4
2026-08-21T14:16:02.150,4652,RAD,horizontal,2,22.77,25.27,126.0,60.9,105,28.97,1.92,0.38,5,0.49,0,0,run2 pfilter4
2026-08-21T14:16:02.246,4653,RAD,horizontal,2,22.80,25.30,93.9,42.2,223,29.63,2.00,0.61,5,1.16,0,0,run2 pfilter4
2026-08-21T14:16:02.246,4653,RAD,horizontal,2,22.80,25.30,125.0,63.9,409,29.06,1.15,0.52,7,1.13,0,0,run2 pfilter4
2026-08-21T14:16:02.377,4654,RAD,horizontal,2,22.80,25.30,96.5,43.6,233,29.54,1.75,0.55,4,1.22,0,0,run2 pfilter4
2026-08-21T14:16:02.377,4654,RAD,horizontal,2,22.80,25.30,124.8,66.3,426,29.23,0.92,0.67,5,1.17,0,0,run2 pfilter4
2026-08-21T14:16:02.504,4655,RAD,horizontal,2,22.84,25.34,99.1,44.9,230,29.52,1.75,0.61,4,1.19,0,0,run2 pfilter4
2026-08-21T14:16:02.504,4655,RAD,horizontal,2,22.84,25.34,125.2,68.3,431,28.83,0.93,0.62,7,1.19,0,0,run2 pfilter4
2026-08-21T14:16:02.599,4656,RAD,horizontal,2,22.82,25.32,101.4,41.8,63,29.50,1.75,0.56,2,0.67,0,0,run2 pfilter4
2026-08-21T14:16:02.599,4656,RAD,horizontal,2,22.82,25.32,125.9,70.1,451,28.81,0.87,0.58,10,1.19,0,0,run2 pfilter4
2026-08-21T14:16:02.730,4657,RAD,horizontal,2,22.82,25.32,102.5,42.5,95,29.45,1.82,0.43,3,0.73,0,0,run2 pfilter4
2026-08-21T14:16:02.730,4657,RAD,horizontal,2,22.82,25.32,126.1,72.8,475,29.32,0.80,0.71,8,1.12,0,0,run2 pfilter4
2026-08-21T14:16:02.815,4658,RAD,horizontal,1,22.80,25.30,125.5,75.7,514,29.68,0.00,0.00,8,1.21,0,0,run2 pfilter4
2026-08-21T14:16:02.945,4659,RAD,horizontal,1,22.82,25.32,124.9,77.4,514,29.61,0.00,0.00,8,1.23,0,0,run2 pfilter4
2026-08-21T14:16:03.044,4660,RAD,horizontal,1,22.77,25.27,123.5,80.6,565,29.50,0.00,0.00,10,1.20,0,0,run2 pfilter4
2026-08-21T14:16:03.169,4661,RAD,horizontal,1,22.77,25.27,119.1,77.2,991,29.77,0.00,0.00,15,1.21,0,0,run2 pfilter4
2026-08-21T14:16:03.273,4662,RAD,horizontal,1,22.77,25.27,116.8,75.6,1082,29.70,1.00,0.37,18,1.33,0,0,run2 pfilter4
2026-08-21T14:16:03.405,4663,RAD,horizontal,1,22.80,25.30,114.8,77.2,1078,28.99,0.92,0.42,16,1.29,0,0,run2 pfilter4
2026-08-21T14:16:03.531,4664,RAD,horizontal,2,22.80,25.30,111.4,79.4,1165,29.97,1.30,0.69,17,1.31,0,0,run2 pfilter4
2026-08-21T14:16:03.531,4664,RAD,horizontal,2,22.80,25.30,111.3,80.2,1165,29.52,1.38,0.36,17,1.31,0,0,run2 pfilter4
2026-08-21T14:16:03.624,4665,RAD,horizontal,2,22.77,25.27,108.0,81.1,1209,29.03,0.94,0.53,13,1.32,0,0,run2 pfilter4
2026-08-21T14:16:03.624,4665,RAD,horizontal,2,22.77,25.27,107.9,81.5,1209,30.01,1.40,0.66,13,1.32,0,0,run2 pfilter4
2026-08-21T14:16:03.753,4666,RAD,horizontal,2,22.80,25.30,116.4,68.5,535,29.94,1.38,0.47,5,1.22,0,0,run2 pfilter4
2026-08-21T14:16:03.753,4666,RAD,horizontal,2,22.80,25.30,95.8,92.3,684,29.12,1.42,0.65,9,1.35,0,0,run2 pfilter4
2026-08-21T14:16:03.847,4667,RAD,horizontal,2,22.80,25.30,120.8,64.7,574,29.63,1.42,0.53,8,1.21,0,0,run2 pfilter4
2026-08-21T14:16:03.847,4667,RAD,horizontal,2,22.80,25.30,85.6,98.1,711,29.83,1.72,0.40,7,1.33,0,0,run2 pfilter4
2026-08-21T14:16:03.983,4668,RAD,horizontal,2,22.82,25.32,122.6,65.8,593,29.92,1.38,0.59,8,1.28,0,0,run2 pfilter4
2026-08-21T14:16:03.983,4668,RAD,horizontal,2,22.82,25.32,80.3,95.8,237,29.59,1.81,0.30,6,0.70,0,0,run2 pfilter4
2026-08-21T14:16:04.076,4669,RAD,horizontal,2,22.84,25.34,123.4,68.7,632,29.97,1.06,0.52,7,1.29,0,0,run2 pfilter4
2026-08-21T14:16:04.076,4669,RAD,horizontal,2,22.84,25.34,71.1,96.4,815,29.14,0.71,0.49,7,1.29,0,0,run2 pfilter4
2026-08-21T14:16:04.202,4670,RAD,horizontal,1,22.87,25.37,123.7,72.7,743,30.05,1.26,0.51,8,1.31,0,0,run2 pfilter4
2026-08-21T14:16:04.331,4671,RAD,horizontal,2,22.84,25.34,123.5,75.8,781,29.99,1.47,0.49,6,1.26,0,0,run2 pfilter4
2026-08-21T14:16:04.331,4671,RAD,horizontal,2,22.84,25.34,54.5,91.9,204,29.39,2.00,0.40,7,0.73,0,0,run2 pfilter4
2026-08-21T14:16:04.425,4672,RAD,horizontal,1,22.84,25.34,122.7,78.8,781,29.97,1.76,0.48,8,1.26,0,0,run2 pfilter4
2026-08-21T14:16:04.553,4673,RAD,horizontal,2,22.91,25.41,120.8,81.8,754,30.21,2.07,0.53,10,1.33,0,0,run2 pfilter4
2026-08-21T14:16:04.553,4673,RAD,horizontal,2,22.91,25.41,39.3,85.9,178,29.83,2.23,0.47,7,0.70,0,0,run2 pfilter4
2026-08-21T14:16:04.653,4674,RAD,horizontal,2,22.96,25.46,118.3,84.1,787,30.41,2.12,0.54,9,1.36,0,0,run2 pfilter4
2026-08-21T14:16:04.653,4674,RAD,horizontal,2,22.96,25.46,35.3,85.7,194,29.41,1.86,0.24,6,0.73,0,0,run2 pfilter4
2026-08-21T14:16:04.779,4675,RAD,horizontal,2,22.96,25.46,115.6,85.8,860,30.25,2.27,0.60,8,1.31,0,0,run2 pfilter4
2026-08-21T14:16:04.779,4675,RAD,horizontal,2,22.96,25.46,29.5,85.9,691,29.17,0.79,0.57,9,1.27,0,0,run2 pfilter4
2026-08-21T14:16:04.874,4676,RAD,horizontal,2,22.98,25.48,112.1,87.2,926,30.34,1.55,0.46,7,1.32,0,0,run2 pfilter4
2026-08-21T14:16:04.874,4676,RAD,horizontal,2,22.98,25.48,24.7,84.9,705,29.10,0.75,0.57,10,1.33,0,0,run2 pfilter4
2026-08-21T14:16:05.004,4677,RAD,horizontal,2,22.94,25.44,107.8,89.5,969,30.19,1.46,0.40,6,1.38,0,0,run2 pfilter4
2026-08-21T14:16:05.004,4677,RAD,horizontal,2,22.94,25.44,20.2,85.1,640,29.17,0.93,0.73,11,1.27,0,0,run2 pfilter4
2026-08-21T14:16:05.100,4678,RAD,horizontal,2,22.87,25.37,102.8,90.7,924,29.90,1.50,0.37,10,1.30,0,0,run2 pfilter4
2026-08-21T14:16:05.100,4678,RAD,horizontal,2,22.87,25.37,15.9,81.7,168,29.21,1.93,0.39,8,0.58,0,0,run2 pfilter4
2026-08-21T14:16:05.226,4679,RAD,horizontal,2,22.87,25.37,98.8,88.7,343,29.97,1.95,0.40,9,0.82,0,0,run2 pfilter4
2026-08-21T14:16:05.226,4679,RAD,horizontal,2,22.87,25.37,12.3,79.5,190,29.03,1.80,0.47,7,0.58,0,0,run2 pfilter4
2026-08-21T14:16:05.354,4680,RAD,horizontal,2,22.84,25.34,93.4,88.4,341,30.01,1.70,0.38,6,0.89,0,0,run2 pfilter4
2026-08-21T14:16:05.354,4680,RAD,horizontal,2,22.84,25.34,9.0,77.9,192,29.06,1.69,0.44,4,0.62,0,0,run2 pfilter4
2026-08-21T14:16:05.448,4681,RAD,horizontal,2,22.80,25.30,87.7,86.9,327,30.10,1.33,0.34,10,0.97,0,0,run2 pfilter4
2026-08-21T14:16:05.448,4681,RAD,horizontal,2,22.80,25.30,7.7,80.0,538,28.92,1.21,0.60,6,1.25,0,0,run2 pfilter4
2026-08-21T14:16:05.576,4682,RAD,horizontal,2,22.77,25.27,81.4,85.6,320,30.74,1.42,0.33,5,1.08,0,0,run2 pfilter4
2026-08-21T14:16:05.576,4682,RAD,horizontal,2,22.77,25.27,7.3,80.1,518,29.01,1.08,0.67,5,1.22,0,0,run2 pfilter4
2026-08-21T14:16:05.673,4683,RAD,horizontal,2,22.77,25.27,75.3,83.5,313,30.60,2.06,0.47,6,1.09,0,0,run2 pfilter4
2026-08-21T14:16:05.673,4683,RAD,horizontal,2,22.77,25.27,7.2,79.8,498,28.86,1.17,0.60,6,1.17,0,0,run2 pfilter4
2026-08-21T14:16:05.796,4684,RAD,horizontal,1,22.73,25.23,69.6,84.9,870,30.69,3.00,0.47,5,1.48,0,0,run2 pfilter4
2026-08-21T14:16:05.921,4685,RAD,horizontal,1,22.73,25.23,64.4,81.0,301,30.74,3.47,0.39,6,1.06,0,0,run2 pfilter4
2026-08-21T14:16:06.032,4686,RAD,horizontal,1,22.73,25.23,59.1,82.8,965,30.71,1.44,0.53,8,1.46,0,0,run2 pfilter4
2026-08-21T14:16:06.115,4687,RAD,horizontal,1,22.73,25.23,54.6,82.7,970,30.69,1.37,0.55,9,1.44,0,0,run2 pfilter4
2026-08-21T14:16:06.242,4688,RAD,horizontal,1,22.73,25.23,50.6,82.5,922,30.56,1.25,0.50,8,1.39,0,0,run2 pfilter4
2026-08-21T14:16:06.375,4689,RAD,horizontal,1,22.75,25.25,45.8,82.0,922,30.50,1.89,0.40,9,1.32,0,0,run2 pfilter4
2026-08-21T14:16:06.466,4690,RAD,horizontal,1,22.73,25.23,41.1,81.9,843,29.77,1.50,0.60,8,1.26,0,0,run2 pfilter4
2026-08-21T14:16:06.599,4691,RAD,horizontal,1,22.75,25.25,36.8,81.0,833,29.74,1.43,0.60,8,1.26,0,0,run2 pfilter4
2026-08-21T14:16:06.697,4692,RAD,horizontal,1,22.73,25.23,33.1,79.0,776,29.77,1.20,0.64,8,1.27,0,0,run2 pfilter4
2026-08-21T14:16:06.818,4693,RAD,horizontal,1,22.73,25.23,30.6,78.0,788,29.59,1.20,0.66,8,1.25,0,0,run2 pfilter4
2026-08-21T14:16:06.914,4694,RAD,horizontal,1,22.73,25.23,29.1,77.4,818,29.63,1.06,0.60,8,1.23,0,0,run2 pfilter4
2026-08-21T14:16:07.045,4695,RAD,horizontal,1,22.70,25.20,22.4,75.5,1182,29.65,1.40,0.55,14,1.19,0,0,run2 pfilter4
2026-08-21T14:16:07.172,4696,RAD,horizontal,1,22.70,25.20,18.5,74.7,1202,29.88,1.36,0.58,11,1.20,0,0,run2 pfilter4
2026-08-21T14:16:07.270,4697,RAD,horizontal,1,22.77,25.27,20.3,71.5,284,29.81,2.50,0.23,7,0.93,0,0,run2 pfilter4
2026-08-21T14:16:07.394,4698,RAD,horizontal,1,22.77,25.27,17.8,73.2,1159,29.54,1.00,0.48,15,1.19,0,0,run2 pfilter4
2026-08-21T14:16:07.494,4699,RAD,horizontal,1,22.77,25.27,16.3,74.1,1131,29.70,1.00,0.35,9,1.23,0,0,run2 pfilter4
2026-08-21T14:16:07.621,4700,RAD,horizontal,1,22.77,25.27,15.8,74.1,1040,29.50,0.00,0.00,12,1.23,0,0,run2 pfilter4
2026-08-21T14:16:07.715,4701,RAD,horizontal,1,22.80,25.30,15.5,73.6,1004,29.74,0.00,0.00,11,1.25,0,0,run2 pfilter4
2026-08-21T14:16:07.841,4702,RAD,horizontal,1,22.80,25.30,15.1,73.3,950,29.57,0.00,0.00,10,1.19,0,0,run2 pfilter4
2026-08-21T14:16:07.940,4703,RAD,horizontal,1,22.80,25.30,14.3,72.7,928,29.37,0.00,0.00,12,1.18,0,0,run2 pfilter4
2026-08-21T14:16:08.066,4704,RAD,horizontal,1,22.80,25.30,13.7,71.8,895,29.30,0.00,0.00,14,1.13,0,0,run2 pfilter4
2026-08-21T14:16:08.192,4705,RAD,horizontal,1,22.77,25.27,13.2,70.7,891,29.43,0.00,0.00,15,1.08,0,0,run2 pfilter4
2026-08-21T14:16:08.290,4706,RAD,horizontal,1,22.77,25.27,10.4,66.8,219,29.43,0.00,0.00,10,0.67,0,0,run2 pfilter4
2026-08-21T14:16:08.418,4707,RAD,horizontal,1,22.75,25.25,15.0,63.4,559,29.17,0.00,0.00,8,1.10,0,0,run2 pfilter4
2026-08-21T14:16:08.517,4708,RAD,horizontal,1,22.73,25.23,17.7,62.0,548,29.41,1.25,0.53,6,1.17,0,0,run2 pfilter4
2026-08-21T14:16:08.643,4709,RAD,horizontal,1,22.70,25.20,19.0,60.4,511,29.23,0.00,0.00,7,1.13,0,0,run2 pfilter4
2026-08-21T14:16:08.734,4710,RAD,horizontal,1,22.70,25.20,13.3,67.9,337,29.85,0.00,0.00,10,0.81,0,0,run2 pfilter4
2026-08-21T14:16:08.862,4711,RAD,horizontal,1,22.70,25.20,10.6,70.7,305,29.81,0.00,0.00,9,0.78,0,0,run2 pfilter4
2026-08-21T14:16:08.993,4712,RAD,horizontal,1,22.70,25.20,10.5,71.1,322,30.03,0.00,0.00,8,0.81,0,0,run2 pfilter4
2026-08-21T14:16:09.091,4713,RAD,horizontal,1,22.73,25.23,11.4,69.3,354,29.74,0.00,0.00,9,0.92,0,0,run2 pfilter4
2026-08-21T14:16:09.216,4714,RAD,horizontal,1,22.73,25.23,13.0,67.0,373,30.16,0.00,0.00,9,0.93,0,0,run2 pfilter4
2026-08-21T14:16:09.313,4715,RAD,horizontal,1,22.73,25.23,14.7,66.5,384,30.63,0.00,0.00,10,0.94,0,0,run2 pfilter4
2026-08-21T14:16:09.443,4716,RAD,horizontal,1,22.73,25.23,15.9,66.6,389,30.52,0.00,0.00,8,0.93,0,0,run2 pfilter4
2026-08-21T14:16:09.536,4717,RAD,horizontal,1,22.75,25.25,16.7,67.2,388,30.60,0.00,0.00,10,1.04,0,0,run2 pfilter4
2026-08-21T14:16:09.665,4718,RAD,horizontal,1,22.75,25.25,17.3,67.1,386,30.69,0.00,0.00,9,0.94,0,0,run2 pfilter4
2026-08-21T14:16:09.763,4719,RAD,horizontal,1,22.75,25.25,17.8,67.4,386,30.69,0.00,0.00,8,0.96,0,0,run2 pfilter4
2026-08-21T14:16:09.892,4720,RAD,horizontal,1,22.77,25.27,18.6,67.0,380,30.69,0.00,0.00,8,0.85,0,0,run2 pfilter4
2026-08-21T14:16:10.024,4721,RAD,horizontal,1,22.77,25.27,20.4,71.5,986,29.74,2.00,0.56,8,1.39,0,0,run2 pfilter4
2026-08-21T14:16:10.110,4722,RAD,horizontal,0,22.77,25.27,,,,,,,,,,,run2 pfilter4
2026-08-21T14:16:10.247,4723,RAD,horizontal,2,22.75,25.25,22.2,72.4,884,30.71,1.64,0.61,8,1.38,0,0,run2 pfilter4
2026-08-21T14:16:10.247,4723,RAD,horizontal,2,22.75,25.25,22.1,72.0,884,29.72,2.30,0.59,8,1.38,0,0,run2 pfilter4
2026-08-21T14:16:10.334,4724,RAD,horizontal,1,22.75,25.25,22.9,72.0,878,30.78,0.00,0.00,8,1.39,0,0,run2 pfilter4
2026-08-21T14:16:10.465,4725,RAD,horizontal,1,22.73,25.23,22.4,67.3,374,30.58,0.00,0.00,10,0.82,0,0,run2 pfilter4
2026-08-21T14:16:10.568,4726,RAD,horizontal,2,22.70,25.20,25.2,74.1,914,29.65,2.08,0.65,9,1.38,0,0,run2 pfilter4
2026-08-21T14:16:10.568,4726,RAD,horizontal,2,22.70,25.20,24.5,71.6,914,30.43,0.00,0.00,9,1.38,0,0,run2 pfilter4
2026-08-21T14:16:10.696,4727,RAD,horizontal,2,22.70,25.20,26.5,75.1,964,30.67,0.93,0.62,7,1.40,0,0,run2 pfilter4
2026-08-21T14:16:10.696,4727,RAD,horizontal,2,22.70,25.20,26.3,74.6,964,30.12,2.20,0.56,7,1.40,0,0,run2 pfilter4
2026-08-21T14:16:10.823,4728,RAD,horizontal,2,22.68,25.18,27.3,75.1,977,30.32,0.87,0.67,11,1.37,0,0,run2 pfilter4
2026-08-21T14:16:10.823,4728,RAD,horizontal,2,22.68,25.18,27.3,75.3,977,29.59,2.00,0.50,11,1.37,0,0,run2 pfilter4
2026-08-21T14:16:10.918,4729,RAD,horizontal,2,22.66,25.16,27.9,75.4,1033,30.34,0.76,0.62,12,1.37,0,0,run2 pfilter4
2026-08-21T14:16:10.918,4729,RAD,horizontal,2,22.66,25.16,28.0,75.7,1033,29.94,1.83,0.48,12,1.37,0,0,run2 pfilter4
2026-08-21T14:16:11.047,4730,RAD,horizontal,2,22.63,25.13,28.5,75.9,1089,30.14,2.09,0.60,8,1.38,0,0,run2 pfilter4
2026-08-21T14:16:11.047,4730,RAD,horizontal,2,22.63,25.13,28.6,76.1,1089,30.23,0.82,0.62,8,1.38,0,0,run2 pfilter4
2026-08-21T14:16:11.143,4731,RAD,horizontal,2,22.63,25.13,28.9,76.2,1163,29.68,1.77,0.50,9,1.39,0,0,run2 pfilter4
2026-08-21T14:16:11.143,4731,RAD,horizontal,2,22.63,25.13,28.9,76.3,1163,30.41,0.72,0.64,9,1.39,0,0,run2 pfilter4
2026-08-21T14:16:11.272,4732,RAD,horizontal,2,22.61,25.11,29.0,76.2,1216,30.41,0.74,0.64,11,1.41,0,0,run2 pfilter4
2026-08-21T14:16:11.272,4732,RAD,horizontal,2,22.61,25.11,29.1,76.3,1216,30.16,2.17,0.52,11,1.41,0,0,run2 pfilter4
2026-08-21T14:16:11.368,4733,RAD,horizontal,2,22.61,25.11,29.1,76.3,1227,30.25,0.78,0.64,12,1.41,0,0,run2 pfilter4
2026-08-21T14:16:11.368,4733,RAD,horizontal,2,22.61,25.11,29.1,76.3,1227,29.63,1.77,0.52,12,1.41,0,0,run2 pfilter4
2026-08-21T14:16:11.495,4734,RAD,horizontal,2,22.61,25.11,29.5,76.7,1270,30.30,0.88,0.63,10,1.42,0,0,run2 pfilter4
2026-08-21T14:16:11.495,4734,RAD,horizontal,2,22.61,25.11,29.5,76.7,1270,29.79,1.50,0.50,10,1.42,0,0,run2 pfilter4
2026-08-21T14:16:11.592,4735,RAD,horizontal,2,22.63,25.13,30.4,77.3,1304,30.43,0.79,0.60,9,1.40,0,0,run2 pfilter4
2026-08-21T14:16:11.592,4735,RAD,horizontal,2,22.63,25.13,30.4,77.3,1304,29.94,1.64,0.52,9,1.40,0,0,run2 pfilter4
2026-08-21T14:16:11.721,4736,RAD,horizontal,2,22.63,25.13,31.9,78.0,1291,30.30,0.94,0.58,11,1.39,0,0,run2 pfilter4
2026-08-21T14:16:11.721,4736,RAD,horizontal,2,22.63,25.13,31.9,78.0,1291,29.92,1.69,0.53,11,1.39,0,0,run2 pfilter4
2026-08-21T14:16:11.847,4737,RAD,horizontal,2,22.63,25.13,42.8,87.8,663,30.34,1.00,0.62,5,1.48,0,0,run2 pfilter4
2026-08-21T14:16:11.847,4737,RAD,horizontal,2,22.63,25.13,21.7,66.0,560,30.05,2.00,0.56,8,1.21,0,0,run2 pfilter4
2026-08-21T14:16:11.943,4738,RAD,horizontal,2,22.63,25.13,49.2,90.8,656,30.39,0.94,0.64,4,1.48,0,0,run2 pfilter4
2026-08-21T14:16:11.943,4738,RAD,horizontal,2,22.63,25.13,17.6,61.5,569,30.01,1.92,0.57,7,1.24,0,0,run2 pfilter4
2026-08-21T14:16:12.070,4739,RAD,horizontal,2,22.63,25.13,53.0,91.7,708,30.60,0.94,0.63,2,1.44,0,0,run2 pfilter4
2026-08-21T14:16:12.070,4739,RAD,horizontal,2,22.63,25.13,17.0,61.2,589,30.21,1.71,0.60,8,1.25,0,0,run2 pfilter4
2026-08-21T14:16:12.168,4740,RAD,horizontal,2,22.63,25.13,55.6,91.6,764,30.39,0.82,0.66,5,1.47,0,0,run2 pfilter4
2026-08-21T14:16:12.168,4740,RAD,horizontal,2,22.63,25.13,17.9,62.7,643,30.76,1.73,0.53,6,1.27,0,0,run2 pfilter4
2026-08-21T14:16:12.297,4741,RAD,horizontal,2,22.63,25.13,57.9,90.7,783,30.19,0.68,0.67,5,1.45,0,0,run2 pfilter4
2026-08-21T14:16:12.297,4741,RAD,horizontal,2,22.63,25.13,19.2,64.5,674,30.45,1.69,0.51,7,1.28,0,0,run2 pfilter4
2026-08-21T14:16:12.392,4742,RAD,horizontal,2,22.63,25.13,60.4,89.7,829,29.97,0.70,0.67,4,1.42,0,0,run2 pfilter4
2026-08-21T14:16:12.392,4742,RAD,horizontal,2,22.63,25.13,20.2,66.0,719,30.56,1.65,0.47,8,1.31,0,0,run2 pfilter4
2026-08-21T14:16:12.521,4743,RAD,horizontal,2,22.66,25.16,63.1,89.2,862,30.43,0.76,0.63,6,1.45,0,0,run2 pfilter4
2026-08-21T14:16:12.521,4743,RAD,horizontal,2,22.66,25.16,19.0,60.7,207,30.56,1.93,0.48,5,0.88,0,0,run2 pfilter4
2026-08-21T14:16:12.617,4744,RAD,horizontal,2,22.66,25.16,66.0,89.4,830,30.56,0.86,0.54,2,1.47,0,0,run2 pfilter4
2026-08-21T14:16:12.617,4744,RAD,horizontal,2,22.66,25.16,18.9,59.7,219,30.58,1.88,0.46,4,0.91,0,0,run2 pfilter4
2026-08-21T14:16:12.746,4745,RAD,horizontal,2,22.63,25.13,69.2,89.9,836,30.98,1.11,0.54,2,1.50,0,0,run2 pfilter4
2026-08-21T14:16:12.746,4745,RAD,horizontal,2,22.63,25.13,21.4,67.3,784,30.63,1.93,0.49,5,1.31,0,0,run2 pfilter4
2026-08-21T14:16:12.874,4746,RAD,horizontal,2,22.61,25.11,72.6,91.2,775,30.95,1.62,0.63,4,1.50,0,0,run2 pfilter4
2026-08-21T14:16:12.874,4746,RAD,horizontal,2,22.61,25.11,22.4,71.6,800,30.82,1.47,0.41,7,1.37,0,0,run2 pfilter4
2026-08-21T14:16:12.969,4747,RAD,horizontal,2,22.58,25.08,75.8,91.7,676,30.54,2.10,0.71,5,1.51,0,0,run2 pfilter4
2026-08-21T14:16:12.969,4747,RAD,horizontal,2,22.58,25.08,21.3,66.8,234,30.63,1.42,0.46,6,0.91,0,0,run2 pfilter4
2026-08-21T14:16:13.099,4748,RAD,horizontal,2,22.61,25.11,78.9,92.9,663,30.32,2.15,0.57,6,1.50,0,0,run2 pfilter4
2026-08-21T14:16:13.099,4748,RAD,horizontal,2,22.61,25.11,23.0,72.9,891,30.78,1.65,0.47,10,1.40,0,0,run2 pfilter4
2026-08-21T14:16:13.197,4749,RAD,horizontal,2,22.58,25.08,82.5,93.8,725,30.25,1.59,0.59,6,1.48,0,0,run2 pfilter4
2026-08-21T14:16:13.197,4749,RAD,horizontal,2,22.58,25.08,21.7,69.0,236,30.76,1.18,0.41,7,0.91,0,0,run2 pfilter4
2026-08-21T14:16:13.324,4750,RAD,horizontal,2,22.58,25.08,86.3,91.3,357,30.45,1.27,0.58,10,1.14,0,0,run2 pfilter4
2026-08-21T14:16:13.324,4750,RAD,horizontal,2,22.58,25.08,24.3,75.6,1004,30.78,1.14,0.47,8,1.44,0,0,run2 pfilter4
2026-08-21T14:16:13.421,4751,RAD,horizontal,2,22.61,25.11,89.5,94.1,805,30.74,1.55,0.46,8,1.48,0,0,run2 pfilter4
2026-08-21T14:16:13.421,4751,RAD,horizontal,2,22.61,25.11,26.5,79.8,1011,30.71,1.65,0.40,8,1.48,0,0,run2 pfilter4
2026-08-21T14:16:13.547,4752,RAD,horizontal,2,22.61,25.11,92.8,95.9,861,30.60,1.15,0.52,9,1.50,0,0,run2 pfilter4
2026-08-21T14:16:13.547,4752,RAD,horizontal,2,22.61,25.11,28.5,82.1,966,30.89,1.94,0.43,6,1.48,0,0,run2 pfilter4
2026-08-21T14:16:13.678,4753,RAD,horizontal,2,22.61,25.11,96.4,96.8,851,30.78,1.21,0.55,8,1.46,0,0,run2 pfilter4
2026-08-21T14:16:13.678,4753,RAD,horizontal,2,22.61,25.11,30.7,83.2,916,30.91,2.53,0.51,5,1.52,0,0,run2 pfilter4
2026-08-21T14:16:13.770,4754,RAD,horizontal,2,22.61,25.11,100.3,96.2,826,30.87,1.10,0.53,5,1.52,0,0,run2 pfilter4
2026-08-21T14:16:13.770,4754,RAD,horizontal,2,22.61,25.11,33.6,83.5,917,30.87,2.50,0.48,5,1.53,0,0,run2 pfilter4
2026-08-21T14:16:13.899,4755,RAD,horizontal,2,22.61,25.11,103.4,94.4,755,30.47,1.14,0.49,10,1.44,0,0,run2 pfilter4
2026-08-21T14:16:13.899,4755,RAD,horizontal,2,22.61,25.11,36.9,84.0,978,30.80,2.29,0.47,7,1.49,0,0,run2 pfilter4
2026-08-21T14:16:13.998,4756,RAD,horizontal,2,22.61,25.11,105.2,93.6,754,30.50,1.14,0.46,7,1.48,0,0,run2 pfilter4
2026-08-21T14:16:13.998,4756,RAD,horizontal,2,22.61,25.11,40.4,84.4,1035,31.13,1.77,0.44,6,1.51,0,0,run2 pfilter4
2026-08-21T14:16:14.122,4757,RAD,horizontal,2,22.66,25.16,106.4,92.6,711,30.50,1.36,0.37,8,1.43,0,0,run2 pfilter4
2026-08-21T14:16:14.122,4757,RAD,horizontal,2,22.66,25.16,43.1,84.1,1030,31.09,1.62,0.43,6,1.54,0,0,run2 pfilter4
2026-08-21T14:16:14.220,4758,RAD,horizontal,2,22.61,25.11,107.5,92.0,698,30.41,1.38,0.40,10,1.42,0,0,run2 pfilter4
2026-08-21T14:16:14.220,4758,RAD,horizontal,2,22.61,25.11,45.6,84.7,1049,30.95,1.60,0.38,8,1.50,0,0,run2 pfilter4
2026-08-21T14:16:14.348,4759,RAD,horizontal,2,22.61,25.11,108.6,92.4,776,30.67,1.38,0.45,10,1.47,0,0,run2 pfilter4
2026-08-21T14:16:14.348,4759,RAD,horizontal,2,22.61,25.11,47.9,86.3,1093,31.17,1.56,0.39,8,1.56,0,0,run2 pfilter4
2026-08-21T14:16:14.443,4760,RAD,horizontal,2,22.61,25.11,110.2,92.4,801,30.54,1.32,0.41,12,1.47,0,0,run2 pfilter4
2026-08-21T14:16:14.443,4760,RAD,horizontal,2,22.61,25.11,50.1,87.9,1111,31.26,1.54,0.44,6,1.62,0,0,run2 pfilter4
2026-08-21T14:16:14.576,4761,RAD,horizontal,2,22.61,25.11,112.0,92.8,831,30.63,1.26,0.37,8,1.49,0,0,run2 pfilter4
2026-08-21T14:16:14.576,4761,RAD,horizontal,2,22.61,25.11,47.3,86.3,239,30.74,2.89,0.26,6,1.10,0,0,run2 pfilter4
2026-08-21T14:16:14.700,4762,RAD,horizontal,2,22.63,25.13,114.4,93.4,855,30.50,1.22,0.37,9,1.49,0,0,run2 pfilter4
2026-08-21T14:16:14.700,4762,RAD,horizontal,2,22.63,25.13,52.3,88.7,1024,31.33,1.95,0.52,7,1.60,0,0,run2 pfilter4
2026-08-21T14:16:14.796,4763,RAD,horizontal,2,22.63,25.13,117.1,93.8,816,30.67,1.17,0.37,7,1.50,0,0,run2 pfilter4
2026-08-21T14:16:14.796,4763,RAD,horizontal,2,22.63,25.13,56.2,90.6,1057,31.33,1.86,0.48,5,1.63,0,0,run2 pfilter4
2026-08-21T14:16:14.922,4764,RAD,horizontal,2,22.63,25.13,119.4,94.5,814,30.52,0.95,0.50,6,1.49,0,0,run2 pfilter4
2026-08-21T14:16:14.922,4764,RAD,horizontal,2,22.63,25.13,59.0,91.5,1134,31.28,1.32,0.62,9,1.68,0,0,run2 pfilter4
2026-08-21T14:16:15.021,4765,RAD,horizontal,2,22.58,25.08,121.8,94.5,749,30.76,1.24,0.39,6,1.42,0,0,run2 pfilter4
2026-08-21T14:16:15.021,4765,RAD,horizontal,2,22.58,25.08,61.0,91.1,1115,31.26,1.22,0.65,6,1.72,0,0,run2 pfilter4
2026-08-21T14:16:15.151,4766,RAD,horizontal,2,22.58,25.08,122.8,95.2,784,30.32,1.29,0.41,9,1.46,0,0,run2 pfilter4
2026-08-21T14:16:15.151,4766,RAD,horizontal,2,22.58,25.08,63.3,90.2,1122,31.61,1.22,0.51,4,1.72,0,0,run2 pfilter4
2026-08-21T14:16:15.243,4767,RAD,horizontal,2,22.58,25.08,123.2,95.2,813,30.14,1.33,0.36,10,1.42,0,0,run2 pfilter4
2026-08-21T14:16:15.243,4767,RAD,horizontal,2,22.58,25.08,66.1,89.0,1076,31.37,1.04,0.58,7,1.72,0,0,run2 pfilter4
2026-08-21T14:16:15.372,4768,RAD,horizontal,2,22.56,25.06,123.5,94.5,815,30.08,1.13,0.35,11,1.45,0,0,run2 pfilter4
2026-08-21T14:16:15.372,4768,RAD,horizontal,2,22.56,25.06,69.1,87.8,1008,31.46,1.04,0.64,7,1.76,0,0,run2 pfilter4
2026-08-21T14:16:15.499,4769,RAD,horizontal,2,22.56,25.06,123.6,93.9,816,30.08,1.53,0.43,10,1.45,0,0,run2 pfilter4
2026-08-21T14:16:15.499,4769,RAD,horizontal,2,22.56,25.06,71.6,87.8,1022,31.37,1.04,0.67,5,1.75,0,0,run2 pfilter4
2026-08-21T14:16:15.596,4770,RAD,horizontal,2,22.58,25.08,123.7,93.6,789,29.81,0.95,0.45,9,1.39,0,0,run2 pfilter4
2026-08-21T14:16:15.596,4770,RAD,horizontal,2,22.58,25.08,73.5,88.5,1021,31.41,1.08,0.63,6,1.76,0,0,run2 pfilter4
2026-08-21T14:16:15.743,4771,RAD,horizontal,2,22.61,25.11,123.8,93.5,752,29.94,1.29,0.37,11,1.36,0,0,run2 pfilter4
2026-08-21T14:16:15.743,4771,RAD,horizontal,2,22.61,25.11,74.8,88.4,1026,31.39,1.04,0.66,6,1.74,0,0,run2 pfilter4
2026-08-21T14:16:15.817,4772,RAD,horizontal,2,22.63,25.13,123.9,93.2,739,29.94,1.45,0.38,11,1.35,0,0,run2 pfilter4
2026-08-21T14:16:15.817,4772,RAD,horizontal,2,22.63,25.13,75.7,88.3,1049,31.39,1.04,0.66,5,1.74,0,0,run2 pfilter4
2026-08-21T14:16:15.947,4773,RAD,horizontal,2,22.63,25.13,123.9,93.4,751,29.94,1.45,0.38,9,1.40,0,0,run2 pfilter4
2026-08-21T14:16:15.947,4773,RAD,horizontal,2,22.63,25.13,76.3,88.1,1028,31.39,1.04,0.66,5,1.73,0,0,run2 pfilter4
2026-08-21T14:16:16.041,4774,RAD,horizontal,2,22.66,25.16,123.9,93.7,775,29.70,1.19,0.40,9,1.42,0,0,run2 pfilter4
2026-08-21T14:16:16.041,4774,RAD,horizontal,2,22.66,25.16,76.9,88.1,1047,31.39,1.04,0.65,6,1.73,0,0,run2 pfilter4
2026-08-21T14:16:16.171,4775,RAD,horizontal,2,22.63,25.13,124.1,94.0,798,29.39,1.24,0.39,11,1.43,0,0,run2 pfilter4
2026-08-21T14:16:16.171,4775,RAD,horizontal,2,22.63,25.13,77.2,88.5,1029,31.35,1.00,0.64,6,1.70,0,0,run2 pfilter4
2026-08-21T14:16:16.265,4776,RAD,horizontal,2,22.63,25.13,124.2,95.0,821,29.68,1.27,0.37,10,1.43,0,0,run2 pfilter4
2026-08-21T14:16:16.265,4776,RAD,horizontal,2,22.63,25.13,77.6,88.4,1036,31.15,0.96,0.67,5,1.61,0,0,run2 pfilter4
2026-08-21T14:16:16.394,4777,RAD,horizontal,2,22.63,25.13,124.7,96.3,799,29.50,1.17,0.33,12,1.39,0,0,run2 pfilter4
2026-08-21T14:16:16.394,4777,RAD,horizontal,2,22.63,25.13,77.7,88.6,1021,30.60,0.91,0.69,7,1.50,0,0,run2 pfilter4
2026-08-21T14:16:16.525,4778,RAD,horizontal,2,22.61,25.11,125.6,98.1,788,29.61,1.13,0.38,13,1.33,0,0,run2 pfilter4
2026-08-21T14:16:16.525,4778,RAD,horizontal,2,22.61,25.11,77.9,88.6,1017,30.52,0.83,0.69,7,1.51,0,0,run2 pfilter4
2026-08-21T14:16:16.625,4779,RAD,horizontal,2,22.56,25.06,126.4,100.2,838,29.32,1.08,0.35,13,1.33,0,0,run2 pfilter4
2026-08-21T14:16:16.625,4779,RAD,horizontal,2,22.56,25.06,78.0,88.6,1013,30.47,0.75,0.73,6,1.47,0,0,run2 pfilter4
2026-08-21T14:16:16.747,4780,RAD,horizontal,2,22.54,25.04,127.2,101.9,845,29.54,0.92,0.41,11,1.29,0,0,run2 pfilter4
2026-08-21T14:16:16.747,4780,RAD,horizontal,2,22.54,25.04,78.1,88.7,1008,30.12,0.75,0.70,6,1.42,0,0,run2 pfilter4
2026-08-21T14:16:16.843,4781,RAD,horizontal,2,22.51,25.01,127.9,103.1,828,29.48,0.84,0.46,10,1.32,0,0,run2 pfilter4
2026-08-21T14:16:16.843,4781,RAD,horizontal,2,22.51,25.01,78.1,88.8,1008,30.19,0.71,0.72,6,1.43,0,0,run2 pfilter4
2026-08-21T14:16:16.973,4782,RAD,horizontal,2,22.51,25.01,128.2,103.7,820,29.48,0.96,0.45,9,1.31,0,0,run2 pfilter4
2026-08-21T14:16:16.973,4782,RAD,horizontal,2,22.51,25.01,78.1,88.7,1016,30.16,0.75,0.69,7,1.44,0,0,run2 pfilter4
2026-08-21T14:16:17.067,4783,RAD,horizontal,2,22.49,24.99,128.2,103.7,807,29.48,1.26,0.36,8,1.31,0,0,run2 pfilter4
2026-08-21T14:16:17.067,4783,RAD,horizontal,2,22.49,24.99,78.0,88.8,1008,30.14,0.75,0.68,8,1.43,0,0,run2 pfilter4
2026-08-21T14:16:17.196,4784,RAD,horizontal,2,22.49,24.99,128.0,103.5,795,29.48,1.21,0.35,11,1.33,0,0,run2 pfilter4
2026-08-21T14:16:17.196,4784,RAD,horizontal,2,22.49,24.99,78.0,88.9,1003,30.12,0.71,0.70,8,1.41,0,0,run2 pfilter4
2026-08-21T14:16:17.323,4785,RAD,horizontal,2,22.49,24.99,127.9,103.1,793,29.50,1.26,0.38,10,1.36,0,0,run2 pfilter4
2026-08-21T14:16:17.323,4785,RAD,horizontal,2,22.49,24.99,78.0,88.9,1006,30.10,0.79,0.62,6,1.37,0,0,run2 pfilter4
2026-08-21T14:16:17.422,4786,RAD,horizontal,2,22.49,24.99,127.7,102.9,795,29.61,1.32,0.39,12,1.34,0,0,run2 pfilter4
2026-08-21T14:16:17.422,4786,RAD,horizontal,2,22.49,24.99,77.9,88.9,1009,30.08,0.75,0.66,5,1.37,0,0,run2 pfilter4
2026-08-21T14:16:17.548,4787,RAD,horizontal,2,22.49,24.99,129.7,100.9,270,29.57,1.16,0.37,9,0.67,0,0,run2 pfilter4
2026-08-21T14:16:17.548,4787,RAD,horizontal,2,22.49,24.99,77.8,88.9,1005,30.05,0.75,0.66,5,1.37,0,0,run2 pfilter4
2026-08-21T14:16:17.646,4788,RAD,horizontal,2,22.49,24.99,130.7,99.9,258,29.57,1.21,0.37,8,0.66,0,0,run2 pfilter4
2026-08-21T14:16:17.646,4788,RAD,horizontal,2,22.49,24.99,77.7,88.8,1000,30.05,0.71,0.68,6,1.36,0,0,run2 pfilter4
2026-08-21T14:16:17.772,4789,RAD,horizontal,2,22.49,24.99,128.6,101.8,794,29.68,1.16,0.35,9,1.34,0,0,run2 pfilter4
2026-08-21T14:16:17.772,4789,RAD,horizontal,2,22.49,24.99,77.7,88.8,1009,30.05,1.00,0.52,6,1.37,0,0,run2 pfilter4
2026-08-21T14:16:17.868,4790,RAD,horizontal,2,22.47,24.97,127.8,102.6,794,29.68,1.21,0.35,8,1.35,0,0,run2 pfilter4
2026-08-21T14:16:17.868,4790,RAD,horizontal,2,22.47,24.97,77.7,88.7,1015,29.97,0.96,0.54,7,1.36,0,0,run2 pfilter4
2026-08-21T14:16:17.999,4791,RAD,horizontal,2,22.49,24.99,130.1,101.2,254,29.65,1.21,0.36,9,0.64,0,0,run2 pfilter4
2026-08-21T14:16:17.999,4791,RAD,horizontal,2,22.49,24.99,77.5,88.7,1047,29.88,0.88,0.56,6,1.36,0,0,run2 pfilter4
2026-08-21T14:16:18.093,4792,RAD,horizontal,2,22.49,24.99,131.0,101.0,266,29.65,1.22,0.41,9,0.64,0,0,run2 pfilter4
2026-08-21T14:16:18.093,4792,RAD,horizontal,2,22.49,24.99,77.2,88.8,1108,30.10,0.85,0.60,10,1.36,0,0,run2 pfilter4
2026-08-21T14:16:18.222,4793,RAD,horizontal,2,22.49,24.99,131.2,101.3,271,29.79,1.22,0.42,6,0.68,0,0,run2 pfilter4
2026-08-21T14:16:18.222,4793,RAD,horizontal,2,22.49,24.99,77.0,88.9,1162,30.10,0.89,0.60,11,1.38,0,0,run2 pfilter4
2026-08-21T14:16:18.349,4794,RAD,horizontal,2,22.51,25.01,131.1,102.0,262,29.70,1.17,0.42,6,0.66,0,0,run2 pfilter4
2026-08-21T14:16:18.349,4794,RAD,horizontal,2,22.51,25.01,77.3,89.0,1197,30.08,0.90,0.55,10,1.36,0,0,run2 pfilter4
2026-08-21T14:16:18.447,4795,RAD,horizontal,2,22.51,25.01,131.0,102.4,256,29.72,1.17,0.41,7,0.68,0,0,run2 pfilter4
2026-08-21T14:16:18.447,4795,RAD,horizontal,2,22.51,25.01,77.5,89.0,1209,29.99,0.93,0.59,11,1.36,0,0,run2 pfilter4
2026-08-21T14:16:18.575,4796,RAD,horizontal,2,22.51,25.01,131.1,102.6,257,29.74,1.23,0.43,7,0.67,0,0,run2 pfilter4
2026-08-21T14:16:18.575,4796,RAD,horizontal,2,22.51,25.01,77.5,89.3,1209,29.99,0.93,0.59,11,1.38,0,0,run2 pfilter4
2026-08-21T14:16:18.669,4797,RAD,horizontal,2,22.49,24.99,130.2,103.1,312,29.74,1.12,0.48,8,0.79,0,0,run2 pfilter4
2026-08-21T14:16:18.669,4797,RAD,horizontal,2,22.49,24.99,77.6,89.4,1190,29.61,1.04,0.58,13,1.36,0,0,run2 pfilter4
2026-08-21T14:16:18.795,4798,RAD,horizontal,2,22.49,24.99,129.8,103.3,312,29.74,1.12,0.48,8,0.76,0,0,run2 pfilter4
2026-08-21T14:16:18.795,4798,RAD,horizontal,2,22.49,24.99,77.7,89.5,1196,29.61,1.19,0.59,12,1.36,0,0,run2 pfilter4
2026-08-21T14:16:18.893,4799,RAD,horizontal,2,22.49,24.99,129.7,103.3,309,29.74,1.12,0.48,7,0.75,0,0,run2 pfilter4
2026-08-21T14:16:18.893,4799,RAD,horizontal,2,22.49,24.99,78.0,89.6,1230,29.61,1.22,0.54,16,1.35,0,0,run2 pfilter4
2026-08-21T14:16:19.020,4800,RAD,horizontal,2,22.49,24.99,129.5,103.4,323,29.74,1.04,0.46,8,0.77,0,0,run2 pfilter4
2026-08-21T14:16:19.020,4800,RAD,horizontal,2,22.49,24.99,78.2,89.7,1242,29.57,0.93,0.70,16,1.35,0,0,run2 pfilter4
2026-08-21T14:16:19.114,4801,RAD,horizontal,2,22.51,25.01,129.6,103.5,332,29.79,1.08,0.49,10,0.78,0,0,run2 pfilter4
2026-08-21T14:16:19.114,4801,RAD,horizontal,2,22.51,25.01,78.4,89.6,1225,29.43,1.31,0.59,14,1.37,0,0,run2 pfilter4
2026-08-21T14:16:19.244,4802,RAD,horizontal,2,22.51,25.01,129.3,104.0,363,29.79,1.08,0.54,9,0.84,0,0,run2 pfilter4
2026-08-21T14:16:19.244,4802,RAD,horizontal,2,22.51,25.01,78.6,89.6,1200,29.30,1.26,0.57,15,1.35,0,0,run2 pfilter4
2026-08-21T14:16:19.373,4803,RAD,horizontal,2,22.51,25.01,129.4,104.3,365,29.79,1.00,0.54,11,0.80,0,0,run2 pfilter4
2026-08-21T14:16:19.373,4803,RAD,horizontal,2,22.51,25.01,78.7,89.7,1171,29.30,1.24,0.64,17,1.35,0,0,run2 pfilter4
2026-08-21T14:16:19.472,4804,RAD,horizontal,2,22.49,24.99,129.7,104.7,378,29.83,1.00,0.56,11,0.81,0,0,run2 pfilter4
2026-08-21T14:16:19.472,4804,RAD,horizontal,2,22.49,24.99,79.0,89.7,1160,29.39,1.19,0.60,14,1.36,0,0,run2 pfilter4
2026-08-21T14:16:19.593,4805,RAD,horizontal,2,22.49,24.99,129.0,105.5,440,29.81,1.04,0.68,11,0.82,0,0,run2 pfilter4
2026-08-21T14:16:19.593,4805,RAD,horizontal,2,22.49,24.99,79.2,89.7,1175,29.37,1.27,0.58,14,1.36,0,0,run2 pfilter4
2026-08-21T14:16:19.690,4806,RAD,horizontal,2,22.47,24.97,128.6,105.9,446,29.77,1.08,0.71,11,0.82,0,0,run2 pfilter4
2026-08-21T14:16:19.690,4806,RAD,horizontal,2,22.47,24.97,79.5,89.8,1194,29.45,1.15,0.60,15,1.35,0,0,run2 pfilter4
2026-08-21T14:16:19.819,4807,RAD,horizontal,2,22.47,24.97,129.5,104.8,382,29.79,1.17,0.62,11,0.78,0,0,run2 pfilter4
2026-08-21T14:16:19.819,4807,RAD,horizontal,2,22.47,24.97,79.8,89.8,1212,29.39,1.19,0.59,15,1.36,0,0,run2 pfilter4
2026-08-21T14:16:19.916,4808,RAD,horizontal,2,22.47,24.97,129.8,103.7,358,29.79,1.08,0.53,9,0.87,0,0,run2 pfilter4
2026-08-21T14:16:19.916,4808,RAD,horizontal,2,22.47,24.97,79.9,89.7,1208,29.39,1.21,0.55,15,1.36,0,0,run2 pfilter4
2026-08-21T14:16:20.044,4809,RAD,horizontal,2,22.47,24.97,129.9,103.3,350,29.79,1.00,0.48,10,0.84,0,0,run2 pfilter4
2026-08-21T14:16:20.044,4809,RAD,horizontal,2,22.47,24.97,80.0,89.5,1176,29.32,1.29,0.52,14,1.35,0,0,run2 pfilter4
2026-08-21T14:16:20.172,4810,RAD,horizontal,2,22.47,24.97,130.3,103.4,332,29.74,1.04,0.51,9,0.78,0,0,run2 pfilter4
2026-08-21T14:16:20.172,4810,RAD,horizontal,2,22.47,24.97,80.2,85.7,501,29.39,1.21,0.53,10,1.11,0,0,run2 pfilter4
2026-08-21T14:16:20.272,4811,RAD,horizontal,2,22.47,24.97,130.4,103.5,324,29.83,1.08,0.52,9,0.77,0,0,run2 pfilter4
2026-08-21T14:16:20.272,4811,RAD,horizontal,2,22.47,24.97,79.4,84.9,496,29.48,1.25,0.51,10,1.17,0,0,run2 pfilter4
2026-08-21T14:16:20.397,4812,RAD,horizontal,2,22.47,24.97,127.4,103.8,217,29.10,0.86,0.18,6,0.70,0,0,run2 pfilter4
2026-08-21T14:16:20.397,4812,RAD,horizontal,2,22.47,24.97,78.9,86.5,502,29.50,1.26,0.55,11,1.17,0,0,run2 pfilter4
2026-08-21T14:16:20.493,4813,RAD,horizontal,2,22.46,24.96,127.8,104.5,797,29.83,1.09,0.52,10,1.39,0,0,run2 pfilter4
2026-08-21T14:16:20.493,4813,RAD,horizontal,2,22.46,24.96,78.4,88.6,470,29.54,1.22,0.53,10,1.25,0,0,run2 pfilter4
2026-08-21T14:16:20.621,4814,RAD,horizontal,2,22.44,24.94,129.4,103.5,331,29.83,1.08,0.49,9,0.83,0,0,run2 pfilter4
2026-08-21T14:16:20.621,4814,RAD,horizontal,2,22.44,24.94,78.5,92.9,972,29.41,1.22,0.40,10,1.39,0,0,run2 pfilter4
2026-08-21T14:16:20.718,4815,RAD,horizontal,2,22.42,24.92,128.7,104.2,810,29.83,1.12,0.45,9,1.38,0,0,run2 pfilter4
2026-08-21T14:16:20.718,4815,RAD,horizontal,2,22.42,24.92,78.6,95.7,941,29.41,1.25,0.40,11,1.43,0,0,run2 pfilter4
2026-08-21T14:16:20.847,4816,RAD,horizontal,2,22.40,24.90,128.2,104.3,799,29.74,1.12,0.44,11,1.37,0,0,run2 pfilter4
2026-08-21T14:16:20.847,4816,RAD,horizontal,2,22.40,24.90,78.7,97.9,924,29.52,0.96,0.48,9,1.42,0,0,run2 pfilter4
2026-08-21T14:16:20.941,4817,RAD,horizontal,1,22.40,24.90,78.8,99.9,918,29.65,1.08,0.42,10,1.44,0,0,run2 pfilter4
2026-08-21T14:16:21.068,4818,RAD,horizontal,2,22.40,24.90,128.0,102.8,835,29.83,1.04,0.52,9,1.38,0,0,run2 pfilter4
2026-08-21T14:16:21.068,4818,RAD,horizontal,2,22.40,24.90,79.0,101.5,904,29.74,1.08,0.53,10,1.40,0,0,run2 pfilter4
2026-08-21T14:16:21.197,4819,RAD,horizontal,2,22.42,24.92,127.9,101.7,837,29.83,1.08,0.40,7,1.34,0,0,run2 pfilter4
2026-08-21T14:16:21.197,4819,RAD,horizontal,2,22.42,24.92,79.4,102.4,884,29.85,1.04,0.54,10,1.37,0,0,run2 pfilter4
2026-08-21T14:16:21.295,4820,RAD,horizontal,2,22.42,24.92,127.7,100.6,829,29.88,1.13,0.44,9,1.37,0,0,run2 pfilter4
2026-08-21T14:16:21.295,4820,RAD,horizontal,2,22.42,24.92,79.6,102.8,894,30.01,1.12,0.52,8,1.40,0,0,run2 pfilter4
2026-08-21T14:16:21.423,4821,RAD,horizontal,2,22.42,24.92,127.5,99.6,824,30.05,1.09,0.41,8,1.37,0,0,run2 pfilter4
2026-08-21T14:16:21.423,4821,RAD,horizontal,2,22.42,24.92,79.6,103.0,889,30.08,1.04,0.54,9,1.38,0,0,run2 pfilter4
2026-08-21T14:16:21.518,4822,RAD,horizontal,2,22.42,24.92,127.7,98.5,799,29.94,1.18,0.42,10,1.36,0,0,run2 pfilter4
2026-08-21T14:16:21.518,4822,RAD,horizontal,2,22.42,24.92,79.9,103.1,905,30.01,1.04,0.56,11,1.40,0,0,run2 pfilter4
2026-08-21T14:16:21.644,4823,RAD,horizontal,2,22.42,24.92,127.7,97.8,810,29.79,1.14,0.46,6,1.38,0,0,run2 pfilter4
2026-08-21T14:16:21.644,4823,RAD,horizontal,2,22.42,24.92,80.2,103.2,883,29.77,0.96,0.62,11,1.39,0,0,run2 pfilter4
2026-08-21T14:16:21.738,4824,RAD,horizontal,2,22.44,24.94,127.8,97.5,821,29.77,1.04,0.46,9,1.37,0,0,run2 pfilter4
2026-08-21T14:16:21.738,4824,RAD,horizontal,2,22.44,24.94,80.4,103.2,841,30.03,0.92,0.61,9,1.37,0,0,run2 pfilter4
2026-08-21T14:16:21.868,4825,RAD,horizontal,2,22.44,24.94,127.8,97.4,819,29.97,1.04,0.42,9,1.40,0,0,run2 pfilter4
2026-08-21T14:16:21.868,4825,RAD,horizontal,2,22.44,24.94,80.7,103.4,824,30.21,1.00,0.59,10,1.37,0,0,run2 pfilter4
2026-08-21T14:16:21.996,4826,RAD,horizontal,2,22.51,25.01,128.0,97.5,833,29.88,1.04,0.44,10,1.39,0,0,run2 pfilter4
2026-08-21T14:16:21.996,4826,RAD,horizontal,2,22.51,25.01,80.7,103.6,846,30.47,1.00,0.64,7,1.39,0,0,run2 pfilter4
2026-08-21T14:16:22.095,4827,RAD,horizontal,2,22.51,25.01,129.4,94.7,356,29.85,1.00,0.57,7,0.86,0,0,run2 pfilter4
2026-08-21T14:16:22.095,4827,RAD,horizontal,2,22.51,25.01,80.7,103.7,835,30.45,1.04,0.67,8,1.36,0,0,run2 pfilter4
2026-08-21T14:16:22.219,4828,RAD,horizontal,2,22.54,25.04,130.3,93.8,343,29.88,1.00,0.55,6,0.83,0,0,run2 pfilter4
2026-08-21T14:16:22.219,4828,RAD,horizontal,2,22.54,25.04,80.7,103.8,834,30.19,1.08,0.67,8,1.35,0,0,run2 pfilter4
2026-08-21T14:16:22.317,4829,RAD,horizontal,2,22.51,25.01,129.9,97.1,832,29.63,1.00,0.54,11,1.48,0,0,run2 pfilter4
2026-08-21T14:16:22.317,4829,RAD,horizontal,2,22.51,25.01,81.1,103.7,839,30.28,1.00,0.64,9,1.35,0,0,run2 pfilter4
2026-08-21T14:16:22.442,4830,RAD,horizontal,2,22.51,25.01,131.5,96.4,333,29.83,0.96,0.60,7,0.83,0,0,run2 pfilter4
2026-08-21T14:16:22.442,4830,RAD,horizontal,2,22.51,25.01,81.1,103.8,842,30.19,1.08,0.67,8,1.37,0,0,run2 pfilter4
2026-08-21T14:16:22.541,4831,RAD,horizontal,2,22.49,24.99,132.5,96.6,345,30.16,0.92,0.60,8,0.83,0,0,run2 pfilter4
2026-08-21T14:16:22.541,4831,RAD,horizontal,2,22.49,24.99,80.5,103.8,842,29.83,1.00,0.64,10,1.36,0,0,run2 pfilter4
2026-08-21T14:16:22.668,4832,RAD,horizontal,2,22.49,24.99,132.2,100.0,821,29.92,0.92,0.59,11,1.44,0,0,run2 pfilter4
2026-08-21T14:16:22.668,4832,RAD,horizontal,2,22.49,24.99,79.9,104.0,865,29.94,1.00,0.70,11,1.40,0,0,run2 pfilter4
2026-08-21T14:16:22.765,4833,RAD,horizontal,2,22.49,24.99,133.9,99.4,326,29.90,0.92,0.57,5,0.78,0,0,run2 pfilter4
2026-08-21T14:16:22.765,4833,RAD,horizontal,2,22.49,24.99,80.0,104.2,837,29.92,1.04,0.69,9,1.38,0,0,run2 pfilter4
2026-08-21T14:16:22.894,4834,RAD,horizontal,2,22.47,24.97,133.5,101.9,800,29.90,0.96,0.51,7,1.44,0,0,run2 pfilter4
2026-08-21T14:16:22.894,4834,RAD,horizontal,2,22.47,24.97,80.5,104.0,828,30.08,1.14,0.70,9,1.43,0,0,run2 pfilter4
2026-08-21T14:16:23.020,4835,RAD,horizontal,2,22.47,24.97,133.2,103.3,819,29.72,0.81,0.42,8,1.45,0,0,run2 pfilter4
2026-08-21T14:16:23.020,4835,RAD,horizontal,2,22.47,24.97,80.7,103.7,820,30.32,1.18,0.67,10,1.44,0,0,run2 pfilter4
2026-08-21T14:16:23.116,4836,RAD,horizontal,2,22.44,24.94,133.0,103.7,830,29.54,1.00,0.44,7,1.45,0,0,run2 pfilter4
2026-08-21T14:16:23.116,4836,RAD,horizontal,2,22.44,24.94,80.4,103.6,841,30.23,1.08,0.68,10,1.41,0,0,run2 pfilter4
2026-08-21T14:16:23.245,4837,RAD,horizontal,2,22.44,24.94,133.1,103.4,828,29.48,1.00,0.44,9,1.45,0,0,run2 pfilter4
2026-08-21T14:16:23.245,4837,RAD,horizontal,2,22.44,24.94,79.9,103.2,848,29.99,1.12,0.68,11,1.44,0,0,run2 pfilter4
2026-08-21T14:16:23.338,4838,RAD,horizontal,2,22.40,24.90,133.0,103.2,819,29.43,1.05,0.43,9,1.44,0,0,run2 pfilter4
2026-08-21T14:16:23.338,4838,RAD,horizontal,2,22.40,24.90,78.1,103.2,376,30.08,1.27,0.61,8,1.38,0,0,run2 pfilter4
2026-08-21T14:16:23.465,4839,RAD,horizontal,2,22.40,24.90,133.1,102.5,801,29.48,1.09,0.45,8,1.41,0,0,run2 pfilter4
2026-08-21T14:16:23.465,4839,RAD,horizontal,2,22.40,24.90,77.1,101.7,387,29.61,1.48,0.59,11,1.38,0,0,run2 pfilter4
2026-08-21T14:16:23.560,4840,RAD,horizontal,2,22.40,24.90,132.8,101.5,799,29.59,1.09,0.43,7,1.41,0,0,run2 pfilter4
2026-08-21T14:16:23.560,4840,RAD,horizontal,2,22.40,24.90,78.3,98.9,545,29.45,1.37,0.55,11,1.29,0,0,run2 pfilter4
2026-08-21T14:16:23.695,4841,RAD,horizontal,2,22.42,24.92,132.1,100.4,803,29.79,1.04,0.43,9,1.40,0,0,run2 pfilter4
2026-08-21T14:16:23.695,4841,RAD,horizontal,2,22.42,24.92,78.6,96.1,535,29.79,1.56,0.47,12,1.08,0,0,run2 pfilter4
2026-08-21T14:16:23.823,4842,RAD,horizontal,2,22.40,24.90,130.9,99.3,790,29.32,1.14,0.41,10,1.35,0,0,run2 pfilter4
2026-08-21T14:16:23.823,4842,RAD,horizontal,2,22.40,24.90,77.5,94.3,499,29.57,1.21,0.52,13,0.84,0,0,run2 pfilter4
2026-08-21T14:16:23.916,4843,RAD,horizontal,2,22.42,24.92,129.7,97.8,791,29.57,1.09,0.39,9,1.38,0,0,run2 pfilter4
2026-08-21T14:16:23.916,4843,RAD,horizontal,2,22.42,24.92,76.8,90.6,597,30.05,1.46,0.52,13,1.07,0,0,run2 pfilter4
2026-08-21T14:16:24.043,4844,RAD,horizontal,2,22.42,24.92,128.4,96.7,756,29.57,1.14,0.40,10,1.39,0,0,run2 pfilter4
2026-08-21T14:16:24.043,4844,RAD,horizontal,2,22.42,24.92,76.3,87.7,588,30.69,1.17,0.60,9,1.04,0,0,run2 pfilter4
2026-08-21T14:16:24.140,4845,RAD,horizontal,2,22.37,24.87,127.4,96.2,733,29.26,1.20,0.35,9,1.40,0,0,run2 pfilter4
2026-08-21T14:16:24.140,4845,RAD,horizontal,2,22.37,24.87,75.2,84.9,511,30.45,1.10,0.52,11,1.09,0,0,run2 pfilter4
2026-08-21T14:16:24.268,4846,RAD,horizontal,2,22.37,24.87,126.6,96.5,732,29.41,1.26,0.40,11,1.41,0,0,run2 pfilter4
2026-08-21T14:16:24.268,4846,RAD,horizontal,2,22.37,24.87,73.7,82.8,505,30.54,1.10,0.54,10,1.20,0,0,run2 pfilter4
2026-08-21T14:16:24.368,4847,RAD,horizontal,2,22.37,24.87,125.7,97.3,699,29.79,1.28,0.42,9,1.39,0,0,run2 pfilter4
2026-08-21T14:16:24.368,4847,RAD,horizontal,2,22.37,24.87,72.6,85.7,1240,30.54,1.17,0.53,11,1.54,0,0,run2 pfilter4
2026-08-21T14:16:24.494,4848,RAD,horizontal,2,22.37,24.87,124.3,98.7,683,29.54,1.28,0.42,9,1.38,0,0,run2 pfilter4
2026-08-21T14:16:24.494,4848,RAD,horizontal,2,22.37,24.87,70.2,82.5,562,30.69,1.21,0.59,12,1.38,0,0,run2 pfilter4
2026-08-21T14:16:24.590,4849,RAD,horizontal,2,22.40,24.90,122.6,100.7,670,29.77,1.11,0.40,9,1.34,0,0,run2 pfilter4
2026-08-21T14:16:24.590,4849,RAD,horizontal,2,22.40,24.90,67.7,80.2,538,30.74,1.22,0.60,10,1.30,0,0,run2 pfilter4
2026-08-21T14:16:24.717,4850,RAD,horizontal,2,22.40,24.90,120.8,102.7,672,29.32,1.06,0.43,10,1.30,0,0,run2 pfilter4
2026-08-21T14:16:24.717,4850,RAD,horizontal,2,22.40,24.90,65.8,82.8,1163,30.71,1.15,0.66,10,1.57,0,0,run2 pfilter4
2026-08-21T14:16:24.846,4851,RAD,horizontal,2,22.40,24.90,121.2,104.0,165,29.70,1.10,0.38,6,0.68,0,0,run2 pfilter4
2026-08-21T14:16:24.846,4851,RAD,horizontal,2,22.40,24.90,63.8,84.2,1139,30.63,1.04,0.68,14,1.56,0,0,run2 pfilter4
2026-08-21T14:16:24.938,4852,RAD,horizontal,2,22.40,24.90,117.7,105.5,669,29.72,1.00,0.39,9,1.33,0,0,run2 pfilter4
2026-08-21T14:16:24.938,4852,RAD,horizontal,2,22.40,24.90,62.3,83.9,1144,30.58,1.12,0.65,11,1.54,0,0,run2 pfilter4
2026-08-21T14:16:25.066,4853,RAD,horizontal,2,22.42,24.92,115.1,106.6,630,29.59,0.95,0.38,8,1.34,0,0,run2 pfilter4
2026-08-21T14:16:25.066,4853,RAD,horizontal,2,22.42,24.92,61.2,83.3,1164,30.74,1.15,0.66,11,1.52,0,0,run2 pfilter4
2026-08-21T14:16:25.164,4854,RAD,horizontal,2,22.42,24.92,113.0,107.4,563,29.23,1.42,0.50,8,1.32,0,0,run2 pfilter4
2026-08-21T14:16:25.164,4854,RAD,horizontal,2,22.42,24.92,60.6,83.0,1175,30.80,1.08,0.69,11,1.51,0,0,run2 pfilter4
2026-08-21T14:16:25.290,4855,RAD,horizontal,2,22.49,24.99,111.2,108.0,507,29.72,1.36,0.59,5,1.33,0,0,run2 pfilter4
2026-08-21T14:16:25.290,4855,RAD,horizontal,2,22.49,24.99,60.3,82.7,1165,30.71,1.21,0.73,10,1.50,0,0,run2 pfilter4
2026-08-21T14:16:25.389,4856,RAD,horizontal,2,22.47,24.97,109.7,108.6,464,29.61,1.45,0.58,5,1.35,0,0,run2 pfilter4
2026-08-21T14:16:25.389,4856,RAD,horizontal,2,22.47,24.97,60.1,82.5,1135,30.71,1.35,0.71,9,1.50,0,0,run2 pfilter4
2026-08-21T14:16:25.520,4857,RAD,horizontal,2,22.44,24.94,108.4,108.9,455,29.48,1.45,0.66,7,1.35,0,0,run2 pfilter4
2026-08-21T14:16:25.520,4857,RAD,horizontal,2,22.44,24.94,60.1,82.5,1142,30.71,1.26,0.74,11,1.49,0,0,run2 pfilter4
2026-08-21T14:16:25.616,4858,RAD,horizontal,2,22.44,24.94,111.4,110.3,98,29.12,1.60,0.61,4,0.70,0,0,run2 pfilter4
2026-08-21T14:16:25.616,4858,RAD,horizontal,2,22.44,24.94,60.3,82.8,1172,30.71,1.25,0.69,13,1.48,0,0,run2 pfilter4
2026-08-21T14:16:25.741,4859,RAD,horizontal,2,22.44,24.94,112.4,111.1,92,29.12,1.67,0.68,4,0.77,0,0,run2 pfilter4
2026-08-21T14:16:25.741,4859,RAD,horizontal,2,22.44,24.94,60.3,82.9,1156,30.71,1.21,0.72,12,1.48,0,0,run2 pfilter4
2026-08-21T14:16:25.873,4860,RAD,horizontal,2,22.44,24.94,112.6,111.2,98,29.12,1.50,0.65,4,0.70,0,0,run2 pfilter4
2026-08-21T14:16:25.873,4860,RAD,horizontal,2,22.44,24.94,60.1,83.1,1178,30.71,1.33,0.67,10,1.49,0,0,run2 pfilter4
2026-08-21T14:16:25.964,4861,RAD,horizontal,2,22.44,24.94,112.5,111.2,98,29.08,1.50,0.65,4,0.69,0,0,run2 pfilter4
2026-08-21T14:16:25.964,4861,RAD,horizontal,2,22.44,24.94,60.1,83.3,1178,30.69,1.38,0.64,10,1.47,0,0,run2 pfilter4
2026-08-21T14:16:26.089,4862,RAD,horizontal,2,22.44,24.94,112.4,111.1,135,28.99,1.42,0.66,4,0.69,0,0,run2 pfilter4
2026-08-21T14:16:26.089,4862,RAD,horizontal,2,22.44,24.94,60.0,83.4,1176,30.69,1.40,0.68,12,1.49,0,0,run2 pfilter4
2026-08-21T14:16:26.185,4863,RAD,horizontal,2,22.44,24.94,112.1,110.6,108,28.97,1.50,0.72,4,1.16,0,0,run2 pfilter4
2026-08-21T14:16:26.185,4863,RAD,horizontal,2,22.44,24.94,60.0,83.5,1169,30.63,1.43,0.66,10,1.48,0,0,run2 pfilter4
2026-08-21T14:16:26.313,4864,RAD,horizontal,2,22.44,24.94,112.2,110.6,101,28.97,1.50,0.67,4,1.08,0,0,run2 pfilter4
2026-08-21T14:16:26.313,4864,RAD,horizontal,2,22.44,24.94,60.0,83.6,1173,30.60,1.33,0.66,11,1.49,0,0,run2 pfilter4
2026-08-21T14:16:26.408,4865,RAD,horizontal,2,22.47,24.97,112.4,110.5,107,29.06,1.36,0.65,4,1.09,0,0,run2 pfilter4
2026-08-21T14:16:26.408,4865,RAD,horizontal,2,22.47,24.97,60.0,83.6,1178,30.65,1.28,0.65,8,1.49,0,0,run2 pfilter4
2026-08-21T14:16:26.546,4866,RAD,horizontal,2,22.47,24.97,112.4,110.5,106,29.03,1.36,0.64,4,1.14,0,0,run2 pfilter4
2026-08-21T14:16:26.546,4866,RAD,horizontal,2,22.47,24.97,60.0,83.7,1180,30.58,1.28,0.66,6,1.48,0,0,run2 pfilter4
2026-08-21T14:16:26.669,4867,RAD,horizontal,2,22.49,24.99,112.7,110.5,110,29.03,1.50,0.73,4,1.20,0,0,run2 pfilter4
2026-08-21T14:16:26.669,4867,RAD,horizontal,2,22.49,24.99,59.9,83.7,1190,30.60,1.36,0.62,6,1.48,0,0,run2 pfilter4
2026-08-21T14:16:26.762,4868,RAD,horizontal,2,22.49,24.99,113.1,110.5,116,29.19,1.36,0.70,4,1.19,0,0,run2 pfilter4
2026-08-21T14:16:26.762,4868,RAD,horizontal,2,22.49,24.99,59.8,83.7,1195,30.65,1.32,0.64,8,1.48,0,0,run2 pfilter4
2026-08-21T14:16:26.889,4869,RAD,horizontal,2,22.49,24.99,113.7,110.6,104,29.21,1.50,0.69,5,1.05,0,0,run2 pfilter4
2026-08-21T14:16:26.889,4869,RAD,horizontal,2,22.49,24.99,59.8,83.7,1191,30.78,1.28,0.65,8,1.48,0,0,run2 pfilter4
2026-08-21T14:16:26.988,4870,RAD,horizontal,2,22.47,24.97,109.9,109.1,500,29.10,1.31,0.59,8,1.32,0,0,run2 pfilter4
2026-08-21T14:16:26.988,4870,RAD,horizontal,2,22.47,24.97,59.8,83.7,1189,30.65,1.19,0.69,9,1.48,0,0,run2 pfilter4
2026-08-21T14:16:27.114,4871,RAD,horizontal,2,22.47,24.97,113.2,109.6,102,29.28,1.45,0.58,4,0.99,0,0,run2 pfilter4
2026-08-21T14:16:27.114,4871,RAD,horizontal,2,22.47,24.97,59.7,83.8,1187,30.60,1.20,0.67,9,1.46,0,0,run2 pfilter4
2026-08-21T14:16:27.210,4872,RAD,horizontal,2,22.47,24.97,115.1,109.7,114,29.68,1.14,0.51,3,0.72,0,0,run2 pfilter4
2026-08-21T14:16:27.210,4872,RAD,horizontal,2,22.47,24.97,59.7,83.7,1190,30.54,1.20,0.68,9,1.46,0,0,run2 pfilter4
2026-08-21T14:16:27.341,4873,RAD,horizontal,2,22.49,24.99,113.6,108.1,203,29.57,0.96,0.40,8,0.79,0,0,run2 pfilter4
2026-08-21T14:16:27.341,4873,RAD,horizontal,2,22.49,24.99,59.7,83.7,1183,30.52,1.24,0.66,11,1.46,0,0,run2 pfilter4
2026-08-21T14:16:27.438,4874,RAD,horizontal,2,22.49,24.99,114.0,105.8,228,29.74,1.00,0.40,9,0.66,0,0,run2 pfilter4
2026-08-21T14:16:27.438,4874,RAD,horizontal,2,22.49,24.99,59.8,83.7,1181,30.78,1.24,0.65,10,1.46,0,0,run2 pfilter4
2026-08-21T14:16:27.566,4875,RAD,horizontal,2,22.49,24.99,115.3,104.2,262,29.85,1.08,0.42,8,0.66,0,0,run2 pfilter4
2026-08-21T14:16:27.566,4875,RAD,horizontal,2,22.49,24.99,59.8,83.7,1171,30.67,1.20,0.67,9,1.46,0,0,run2 pfilter4
2026-08-21T14:16:27.697,4876,RAD,horizontal,2,22.49,24.99,116.9,102.9,267,29.94,1.08,0.40,9,0.66,0,0,run2 pfilter4
2026-08-21T14:16:27.697,4876,RAD,horizontal,2,22.49,24.99,59.9,83.7,1174,30.65,1.25,0.70,11,1.47,0,0,run2 pfilter4
2026-08-21T14:16:27.791,4877,RAD,horizontal,2,22.49,24.99,118.3,102.4,291,30.14,1.12,0.42,8,0.69,0,0,run2 pfilter4
2026-08-21T14:16:27.791,4877,RAD,horizontal,2,22.49,24.99,60.0,83.6,1178,30.60,1.30,0.73,12,1.50,0,0,run2 pfilter4
2026-08-21T14:16:27.917,4878,RAD,horizontal,2,22.51,25.01,119.5,102.0,291,30.14,1.12,0.42,6,0.67,0,0,run2 pfilter4
2026-08-21T14:16:27.917,4878,RAD,horizontal,2,22.51,25.01,60.1,83.7,1179,30.58,1.35,0.72,10,1.50,0,0,run2 pfilter4
2026-08-21T14:16:28.013,4879,RAD,horizontal,2,22.54,25.04,119.9,101.6,309,30.12,1.21,0.44,6,0.74,0,0,run2 pfilter4
2026-08-21T14:16:28.013,4879,RAD,horizontal,2,22.54,25.04,60.3,83.8,1164,30.71,1.29,0.67,9,1.47,0,0,run2 pfilter4
2026-08-21T14:16:28.140,4880,RAD,horizontal,2,22.54,25.04,120.1,100.9,318,30.12,1.12,0.45,5,0.76,0,0,run2 pfilter4
2026-08-21T14:16:28.140,4880,RAD,horizontal,2,22.54,25.04,60.6,84.0,1156,30.85,1.26,0.75,10,1.49,0,0,run2 pfilter4
2026-08-21T14:16:28.235,4881,RAD,horizontal,2,22.51,25.01,120.1,99.5,314,30.16,1.00,0.50,7,0.79,0,0,run2 pfilter4
2026-08-21T14:16:28.235,4881,RAD,horizontal,2,22.51,25.01,61.0,83.9,1136,30.78,1.30,0.73,10,1.50,0,0,run2 pfilter4
2026-08-21T14:16:28.367,4882,RAD,horizontal,2,22.51,25.01,118.6,100.6,857,30.05,1.08,0.43,10,1.37,0,0,run2 pfilter4
2026-08-21T14:16:28.367,4882,RAD,horizontal,2,22.51,25.01,61.4,84.0,1139,30.74,1.39,0.67,12,1.50,0,0,run2 pfilter4
2026-08-21T14:16:28.492,4883,RAD,horizontal,2,22.51,25.01,117.7,100.4,853,29.99,1.26,0.40,8,1.41,0,0,run2 pfilter4
2026-08-21T14:16:28.492,4883,RAD,horizontal,2,22.51,25.01,61.9,84.6,1126,30.76,1.35,0.68,10,1.50,0,0,run2 pfilter4
2026-08-21T14:16:28.591,4884,RAD,horizontal,2,22.51,25.01,117.1,99.8,831,29.77,1.22,0.40,9,1.41,0,0,run2 pfilter4
2026-08-21T14:16:28.591,4884,RAD,horizontal,2,22.51,25.01,62.8,85.3,1115,30.82,1.35,0.68,7,1.51,0,0,run2 pfilter4
2026-08-21T14:16:28.715,4885,RAD,horizontal,2,22.54,25.04,118.9,96.7,278,29.94,1.43,0.37,6,0.71,0,0,run2 pfilter4
2026-08-21T14:16:28.715,4885,RAD,horizontal,2,22.54,25.04,63.6,81.9,491,31.06,1.45,0.70,10,1.02,0,0,run2 pfilter4
2026-08-21T14:16:28.812,4886,RAD,horizontal,2,22.54,25.04,120.2,94.5,255,29.99,1.17,0.41,6,0.65,0,0,run2 pfilter4
2026-08-21T14:16:28.812,4886,RAD,horizontal,2,22.54,25.04,64.9,81.1,489,31.06,1.62,0.68,7,1.05,0,0,run2 pfilter4
2026-08-21T14:16:28.937,4887,RAD,horizontal,2,22.54,25.04,120.8,93.8,269,30.12,1.25,0.37,6,0.65,0,0,run2 pfilter4
2026-08-21T14:16:28.937,4887,RAD,horizontal,2,22.54,25.04,66.3,81.1,490,31.04,1.64,0.62,7,1.08,0,0,run2 pfilter4
2026-08-21T14:16:29.035,4888,RAD,horizontal,2,22.54,25.04,119.2,96.4,853,30.12,1.24,0.36,9,1.41,0,0,run2 pfilter4
2026-08-21T14:16:29.035,4888,RAD,horizontal,2,22.54,25.04,67.5,82.1,494,31.04,1.73,0.59,9,1.07,0,0,run2 pfilter4
2026-08-21T14:16:29.164,4889,RAD,horizontal,2,22.56,25.06,118.9,98.0,889,29.57,1.04,0.39,13,1.41,0,0,run2 pfilter4
2026-08-21T14:16:29.164,4889,RAD,horizontal,2,22.56,25.06,68.8,83.5,527,31.04,1.76,0.68,8,1.08,0,0,run2 pfilter4
2026-08-21T14:16:29.258,4890,RAD,horizontal,2,22.56,25.06,119.7,98.8,937,29.59,1.12,0.38,10,1.45,0,0,run2 pfilter4
2026-08-21T14:16:29.258,4890,RAD,horizontal,2,22.56,25.06,70.0,83.6,537,31.06,1.64,0.68,8,1.14,0,0,run2 pfilter4
2026-08-21T14:16:29.386,4891,RAD,horizontal,2,22.56,25.06,121.4,98.7,934,29.54,1.00,0.38,11,1.37,0,0,run2 pfilter4
2026-08-21T14:16:29.386,4891,RAD,horizontal,2,22.56,25.06,70.8,83.6,578,31.22,1.61,0.68,8,1.17,0,0,run2 pfilter4
2026-08-21T14:16:29.516,4892,RAD,horizontal,2,22.58,25.08,123.2,99.1,950,29.72,0.87,0.33,10,1.47,0,0,run2 pfilter4
2026-08-21T14:16:29.516,4892,RAD,horizontal,2,22.58,25.08,71.0,84.1,576,31.30,1.61,0.68,10,1.14,0,0,run2 pfilter4
2026-08-21T14:16:29.616,4893,RAD,horizontal,2,22.58,25.08,124.9,99.7,940,29.61,1.20,0.36,9,1.51,0,0,run2 pfilter4
2026-08-21T14:16:29.616,4893,RAD,horizontal,2,22.58,25.08,70.9,84.5,568,31.17,1.61,0.67,7,1.13,0,0,run2 pfilter4
2026-08-21T14:16:29.741,4894,RAD,horizontal,2,22.58,25.08,126.3,100.1,970,29.83,1.04,0.38,8,1.47,0,0,run2 pfilter4
2026-08-21T14:16:29.741,4894,RAD,horizontal,2,22.58,25.08,71.0,84.6,555,31.17,1.68,0.68,7,1.12,0,0,run2 pfilter4
2026-08-21T14:16:29.835,4895,RAD,horizontal,2,22.56,25.06,127.8,99.9,917,29.83,1.04,0.39,7,1.43,0,0,run2 pfilter4
2026-08-21T14:16:29.835,4895,RAD,horizontal,2,22.56,25.06,70.9,85.0,551,31.11,1.77,0.64,8,1.12,0,0,run2 pfilter4
2026-08-21T14:16:29.964,4896,RAD,horizontal,2,22.58,25.08,129.3,99.3,823,29.85,1.04,0.40,7,1.43,0,0,run2 pfilter4
2026-08-21T14:16:29.964,4896,RAD,horizontal,2,22.58,25.08,70.8,85.1,548,31.11,1.73,0.66,8,1.11,0,0,run2 pfilter4
2026-08-21T14:16:30.059,4897,RAD,horizontal,2,22.63,25.13,130.0,98.5,800,30.10,1.25,0.44,8,1.39,0,0,run2 pfilter4
2026-08-21T14:16:30.059,4897,RAD,horizontal,2,22.63,25.13,70.7,85.1,564,31.24,1.73,0.67,7,1.12,0,0,run2 pfilter4
2026-08-21T14:16:30.188,4898,RAD,horizontal,2,22.61,25.11,129.9,98.1,765,30.10,1.20,0.42,7,1.37,0,0,run2 pfilter4
2026-08-21T14:16:30.188,4898,RAD,horizontal,2,22.61,25.11,70.6,84.9,551,31.11,1.61,0.65,8,1.11,0,0,run2 pfilter4
2026-08-21T14:16:30.315,4899,RAD,horizontal,2,22.56,25.06,129.4,97.7,746,29.97,1.25,0.41,5,1.36,0,0,run2 pfilter4
2026-08-21T14:16:30.315,4899,RAD,horizontal,2,22.56,25.06,69.5,84.7,566,31.20,1.40,0.65,5,1.12,0,0,run2 pfilter4
2026-08-21T14:16:30.415,4900,RAD,horizontal,2,22.54,25.04,128.5,97.6,748,29.50,1.42,0.38,8,1.32,0,0,run2 pfilter4
2026-08-21T14:16:30.415,4900,RAD,horizontal,2,22.54,25.04,67.2,84.9,611,31.17,1.29,0.61,8,1.25,0,0,run2 pfilter4
2026-08-21T14:16:30.539,4901,RAD,horizontal,2,22.51,25.01,127.5,97.5,754,29.88,1.24,0.35,9,1.33,0,0,run2 pfilter4
2026-08-21T14:16:30.539,4901,RAD,horizontal,2,22.51,25.01,64.7,87.6,1304,31.24,1.04,0.64,9,1.56,0,0,run2 pfilter4
2026-08-21T14:16:30.635,4902,RAD,horizontal,2,22.54,25.04,126.7,97.3,745,29.79,1.24,0.38,8,1.36,0,0,run2 pfilter4
2026-08-21T14:16:30.635,4902,RAD,horizontal,2,22.54,25.04,60.8,85.6,635,31.02,1.29,0.63,11,1.31,0,0,run2 pfilter4
2026-08-21T14:16:30.766,4903,RAD,horizontal,2,22.54,25.04,125.9,97.3,730,29.77,1.30,0.42,8,1.38,0,0,run2 pfilter4
2026-08-21T14:16:30.766,4903,RAD,horizontal,2,22.54,25.04,56.4,84.0,622,30.93,1.50,0.61,11,1.07,0,0,run2 pfilter4
2026-08-21T14:16:30.860,4904,RAD,horizontal,2,22.51,25.01,127.2,96.5,222,29.54,1.47,0.42,7,0.61,0,0,run2 pfilter4
2026-08-21T14:16:30.860,4904,RAD,horizontal,2,22.51,25.01,52.4,82.9,549,30.85,1.57,0.66,11,0.94,0,0,run2 pfilter4
2026-08-21T14:16:30.988,4905,RAD,horizontal,2,22.49,24.99,126.0,98.9,230,29.92,1.61,0.44,6,0.72,0,0,run2 pfilter4
2026-08-21T14:16:30.988,4905,RAD,horizontal,2,22.49,24.99,49.2,81.6,494,30.71,1.68,0.61,8,0.98,0,0,run2 pfilter4
2026-08-21T14:16:31.080,4906,RAD,horizontal,2,22.49,24.99,124.0,102.5,182,30.08,1.50,0.47,5,0.65,0,0,run2 pfilter4
2026-08-21T14:16:31.080,4906,RAD,horizontal,2,22.49,24.99,47.2,81.0,408,30.67,1.76,0.53,7,0.97,0,0,run2 pfilter4
2026-08-21T14:16:31.210,4907,RAD,horizontal,2,22.47,24.97,120.6,106.4,153,30.23,1.06,0.50,4,0.76,0,0,run2 pfilter4
2026-08-21T14:16:31.210,4907,RAD,horizontal,2,22.47,24.97,45.1,82.1,410,30.60,1.81,0.51,8,1.03,0,0,run2 pfilter4
2026-08-21T14:16:31.338,4908,RAD,horizontal,2,22.44,24.94,118.3,110.6,116,30.14,1.36,0.70,4,0.65,0,0,run2 pfilter4
2026-08-21T14:16:31.338,4908,RAD,horizontal,2,22.44,24.94,42.9,83.0,334,30.74,1.80,0.46,7,1.07,0,0,run2 pfilter4
2026-08-21T14:16:31.434,4909,RAD,horizontal,2,22.42,24.92,113.8,110.7,390,30.05,1.08,0.67,4,1.57,0,0,run2 pfilter4
2026-08-21T14:16:31.434,4909,RAD,horizontal,2,22.42,24.92,39.7,83.5,297,30.78,1.85,0.40,5,1.07,0,0,run2 pfilter4
2026-08-21T14:16:31.558,4910,RAD,horizontal,2,22.42,24.92,113.5,113.4,100,30.03,0.92,0.64,3,0.63,0,0,run2 pfilter4
2026-08-21T14:16:31.558,4910,RAD,horizontal,2,22.42,24.92,36.3,83.1,269,30.50,2.06,0.40,7,0.92,0,0,run2 pfilter4
2026-08-21T14:16:31.658,4911,RAD,horizontal,2,22.42,24.92,113.3,114.5,99,30.34,0.92,0.63,4,0.66,0,0,run2 pfilter4
2026-08-21T14:16:31.658,4911,RAD,horizontal,2,22.42,24.92,33.9,84.5,816,30.32,1.56,0.47,4,1.42,0,0,run2 pfilter4
2026-08-21T14:16:31.788,4912,RAD,horizontal,2,22.42,24.92,110.1,112.5,385,30.32,0.77,0.70,5,1.57,0,0,run2 pfilter4
2026-08-21T14:16:31.788,4912,RAD,horizontal,2,22.42,24.92,32.0,85.6,890,30.14,1.41,0.57,6,1.32,0,0,run2 pfilter4
2026-08-21T14:16:31.881,4913,RAD,horizontal,2,22.40,24.90,111.9,113.9,84,30.30,0.83,0.70,3,0.60,0,0,run2 pfilter4
2026-08-21T14:16:31.881,4913,RAD,horizontal,2,22.40,24.90,30.2,85.7,941,29.97,1.18,0.64,7,1.28,0,0,run2 pfilter4
2026-08-21T14:16:32.000,4914,RAD,horizontal,1,22.42,24.92,28.0,84.3,939,29.88,1.38,0.61,8,1.27,0,0,run2 pfilter4
2026-08-21T14:16:32.102,4915,RAD,horizontal,2,22.42,24.92,113.0,114.4,107,30.47,0.67,0.71,4,0.72,0,0,run2 pfilter4
2026-08-21T14:16:32.102,4915,RAD,horizontal,2,22.42,24.92,25.6,82.3,945,29.70,1.47,0.58,9,1.20,0,0,run2 pfilter4
2026-08-21T14:16:32.225,4916,RAD,horizontal,1,22.42,24.92,23.5,80.0,907,29.52,1.25,0.55,10,1.18,0,0,run2 pfilter4
2026-08-21T14:16:32.354,4917,RAD,horizontal,1,22.42,24.92,22.0,78.0,845,29.72,1.00,0.63,7,1.23,0,0,run2 pfilter4
2026-08-21T14:16:32.458,4918,RAD,horizontal,2,22.42,24.92,111.5,110.0,257,31.04,0.78,0.62,3,1.10,0,0,run2 pfilter4
2026-08-21T14:16:32.458,4918,RAD,horizontal,2,22.42,24.92,20.7,75.8,776,29.28,1.07,0.65,7,1.20,0,0,run2 pfilter4
2026-08-21T14:16:32.585,4919,RAD,horizontal,2,22.42,24.92,112.2,107.4,276,31.09,1.21,0.63,3,1.05,0,0,run2 pfilter4
2026-08-21T14:16:32.585,4919,RAD,horizontal,2,22.42,24.92,19.7,73.8,758,29.17,1.08,0.65,9,1.17,0,0,run2 pfilter4
2026-08-21T14:16:32.681,4920,RAD,horizontal,2,22.40,24.90,112.3,105.7,313,31.11,1.23,0.53,8,1.04,0,0,run2 pfilter4
2026-08-21T14:16:32.681,4920,RAD,horizontal,2,22.40,24.90,18.8,71.4,741,29.17,1.17,0.63,10,1.15,0,0,run2 pfilter4
2026-08-21T14:16:32.808,4921,RAD,horizontal,2,22.37,24.87,111.8,104.2,329,31.15,1.25,0.46,8,0.99,0,0,run2 pfilter4
2026-08-21T14:16:32.808,4921,RAD,horizontal,2,22.37,24.87,18.2,69.0,705,29.03,1.08,0.61,9,1.08,0,0,run2 pfilter4
2026-08-21T14:16:32.898,4922,RAD,horizontal,1,22.35,24.85,111.8,101.6,296,31.20,0.00,0.00,8,1.16,0,0,run2 pfilter4
2026-08-21T14:16:33.034,4923,RAD,horizontal,2,22.35,24.85,111.8,98.4,672,31.11,1.47,0.54,6,1.63,0,0,run2 pfilter4
2026-08-21T14:16:33.034,4923,RAD,horizontal,2,22.35,24.85,17.9,64.8,572,28.90,1.30,0.55,7,1.09,0,0,run2 pfilter4
2026-08-21T14:16:33.161,4924,RAD,horizontal,2,22.35,24.85,111.4,97.1,710,30.65,1.20,0.49,6,1.57,0,0,run2 pfilter4
2026-08-21T14:16:33.161,4924,RAD,horizontal,2,22.35,24.85,18.6,63.2,538,28.81,1.50,0.65,8,1.08,0,0,run2 pfilter4
2026-08-21T14:16:33.256,4925,RAD,horizontal,2,22.35,24.85,110.8,96.9,795,30.82,1.22,0.58,4,1.53,0,0,run2 pfilter4
2026-08-21T14:16:33.256,4925,RAD,horizontal,2,22.35,24.85,18.1,52.8,93,28.86,1.40,0.66,2,0.59,0,0,run2 pfilter4
2026-08-21T14:16:33.385,4926,RAD,horizontal,2,22.35,24.85,111.0,95.8,777,30.50,1.17,0.60,4,1.48,0,0,run2 pfilter4
2026-08-21T14:16:33.385,4926,RAD,horizontal,2,22.35,24.85,20.2,54.7,472,28.63,1.67,0.64,6,1.10,0,0,run2 pfilter4
2026-08-21T14:16:33.479,4927,RAD,horizontal,2,22.37,24.87,111.1,93.8,776,30.54,1.24,0.64,5,1.49,0,0,run2 pfilter4
2026-08-21T14:16:33.479,4927,RAD,horizontal,2,22.37,24.87,21.7,54.6,425,28.81,1.56,0.59,5,1.16,0,0,run2 pfilter4
2026-08-21T14:16:33.609,4928,RAD,horizontal,2,22.37,24.87,110.8,91.8,776,30.63,0.76,0.49,2,1.47,0,0,run2 pfilter4
2026-08-21T14:16:33.609,4928,RAD,horizontal,2,22.37,24.87,23.1,54.5,387,28.72,1.62,0.62,5,1.11,0,0,run2 pfilter4
2026-08-21T14:16:33.702,4929,RAD,horizontal,2,22.35,24.85,110.8,89.5,761,30.50,1.06,0.66,3,1.45,0,0,run2 pfilter4
2026-08-21T14:16:33.702,4929,RAD,horizontal,2,22.35,24.85,24.3,52.9,379,28.57,1.50,0.58,5,1.11,0,0,run2 pfilter4
2026-08-21T14:16:33.831,4930,RAD,horizontal,2,22.35,24.85,111.5,86.9,717,30.34,0.86,0.57,6,1.42,0,0,run2 pfilter4
2026-08-21T14:16:33.831,4930,RAD,horizontal,2,22.35,24.85,25.5,51.2,367,28.99,1.71,0.63,4,1.08,0,0,run2 pfilter4
2026-08-21T14:16:33.923,4931,RAD,horizontal,1,22.33,24.83,112.7,85.0,663,30.39,0.95,0.51,3,1.39,0,0,run2 pfilter4
2026-08-21T14:16:34.049,4932,RAD,horizontal,1,22.33,24.83,114.2,83.4,615,30.23,0.90,0.44,3,1.37,0,0,run2 pfilter4
2026-08-21T14:16:34.182,4933,RAD,horizontal,1,22.33,24.83,115.9,82.6,609,30.39,1.13,0.56,4,1.36,0,0,run2 pfilter4
2026-08-21T14:16:34.273,4934,RAD,horizontal,1,22.33,24.83,117.6,81.9,607,30.05,1.23,0.65,5,1.36,0,0,run2 pfilter4
2026-08-21T14:16:34.405,4935,RAD,horizontal,1,22.33,24.83,119.4,80.9,614,30.19,1.33,0.68,5,1.39,0,0,run2 pfilter4
2026-08-21T14:16:34.498,4936,RAD,horizontal,1,22.33,24.83,120.5,79.8,592,30.19,1.45,0.70,5,1.39,0,0,run2 pfilter4
2026-08-21T14:16:34.627,4937,RAD,horizontal,1,22.33,24.83,121.0,78.4,575,29.97,1.45,0.68,4,1.36,0,0,run2 pfilter4
2026-08-21T14:16:34.721,4938,RAD,horizontal,1,22.33,24.83,121.0,76.5,528,29.83,1.50,0.71,6,1.34,0,0,run2 pfilter4
2026-08-21T14:16:34.850,4939,RAD,horizontal,1,22.33,24.83,120.2,74.9,513,29.85,1.40,0.61,4,1.34,0,0,run2 pfilter4
2026-08-21T14:16:34.978,4940,RAD,horizontal,1,22.33,24.83,118.9,73.2,487,29.83,1.30,0.68,4,1.31,0,0,run2 pfilter4
2026-08-21T14:16:35.076,4941,RAD,horizontal,1,22.30,24.80,117.6,70.7,449,29.92,1.18,0.55,4,1.35,0,0,run2 pfilter4
2026-08-21T14:16:35.201,4942,RAD,horizontal,1,22.28,24.78,116.7,68.0,411,29.77,1.30,0.60,3,1.29,0,0,run2 pfilter4
2026-08-21T14:16:35.296,4943,RAD,horizontal,1,22.23,24.73,115.9,65.4,363,29.74,1.71,0.65,3,1.29,0,0,run2 pfilter4
2026-08-21T14:16:35.424,4944,RAD,horizontal,1,22.23,24.73,115.1,64.1,353,29.65,1.62,0.53,4,1.30,0,0,run2 pfilter4
2026-08-21T14:16:35.512,4945,RAD,horizontal,0,22.23,24.73,,,,,,,,,,,run2 pfilter4
2026-08-21T14:16:35.640,4946,RAD,horizontal,0,22.23,24.73,,,,,,,,,,,run2 pfilter4
2026-08-21T14:16:35.740,4947,RAD,horizontal,0,22.21,24.71,,,,,,,,,,,run2 pfilter4
2026-08-21T14:16:35.864,4948,RAD,horizontal,0,22.23,24.73,,,,,,,,,,,run2 pfilter4
2026-08-21T14:16:35.993,4949,RAD,horizontal,0,22.26,24.76,,,,,,,,,,,run2 pfilter4
2026-08-21T14:16:36.090,4950,RAD,horizontal,0,22.23,24.73,,,,,,,,,,,run2 pfilter4
2026-08-21T14:16:36.217,4951,RAD,horizontal,0,22.23,24.73,,,,,,,,,,,run2 pfilter4
2026-08-21T14:16:36.316,4952,RAD,horizontal,0,22.23,24.73,,,,,,,,,,,run2 pfilter4
2026-08-21T14:16:36.442,4953,RAD,horizontal,0,22.26,24.76,,,,,,,,,,,run2 pfilter4
2026-08-21T14:16:36.546,4954,RAD,horizontal,0,22.26,24.76,,,,,,,,,,,run2 pfilter4
2026-08-21T14:16:36.671,4955,RAD,horizontal,0,22.26,24.76,,,,,,,,,,,run2 pfilter4
2026-08-21T14:16:36.800,4956,RAD,horizontal,1,22.28,24.78,110.5,52.2,237,28.52,2.29,0.51,5,1.21,0,0,run2 pfilter4
2026-08-21T14:16:36.898,4957,RAD,horizontal,0,22.28,24.78,,,,,,,,,,,run2 pfilter4
2026-08-21T14:16:37.024,4958,RAD,horizontal,0,22.28,24.78,,,,,,,,,,,run2 pfilter4
2026-08-21T14:16:37.119,4959,RAD,horizontal,0,22.26,24.76,,,,,,,,,,,run2 pfilter4
2026-08-21T14:16:37.251,4960,RAD,horizontal,1,22.26,24.76,111.5,54.9,295,28.48,1.88,0.53,5,1.19,0,0,run2 pfilter4
2026-08-21T14:16:37.337,4961,RAD,horizontal,0,22.26,24.76,,,,,,,,,,,run2 pfilter4
2026-08-21T14:16:37.483,4962,RAD,horizontal,1,22.28,24.78,113.4,56.9,343,28.70,0.90,0.54,5,1.21,0,0,run2 pfilter4
2026-08-21T14:16:37.578,4963,RAD,horizontal,1,22.28,24.78,114.6,57.5,362,28.63,1.00,0.65,6,1.29,0,0,run2 pfilter4
2026-08-21T14:16:37.703,4964,RAD,horizontal,2,22.28,24.78,115.6,58.1,395,28.61,1.00,0.63,5,1.29,0,0,run2 pfilter4
2026-08-21T14:16:37.703,4964,RAD,horizontal,2,22.28,24.78,87.9,38.2,324,29.50,1.22,0.64,7,1.28,0,0,run2 pfilter4
2026-08-21T14:16:37.831,4965,RAD,horizontal,2,22.28,24.78,116.5,58.6,390,28.81,0.90,0.62,5,1.24,0,0,run2 pfilter4
2026-08-21T14:16:37.831,4965,RAD,horizontal,2,22.28,24.78,88.1,38.4,329,29.48,1.22,0.65,7,1.26,0,0,run2 pfilter4
2026-08-21T14:16:37.928,4966,RAD,horizontal,2,22.26,24.76,116.9,58.9,373,28.81,0.80,0.66,6,1.16,0,0,run2 pfilter4
2026-08-21T14:16:37.928,4966,RAD,horizontal,2,22.26,24.76,88.1,38.5,335,29.41,1.22,0.65,6,1.25,0,0,run2 pfilter4
2026-08-21T14:16:38.053,4967,RAD,horizontal,2,22.30,24.80,116.7,59.2,386,28.39,0.73,0.67,6,1.19,0,0,run2 pfilter4
2026-08-21T14:16:38.053,4967,RAD,horizontal,2,22.30,24.80,88.0,38.5,336,29.52,1.22,0.62,7,1.21,0,0,run2 pfilter4
2026-08-21T14:16:38.151,4968,RAD,horizontal,2,22.33,24.83,116.5,59.1,380,28.39,0.80,0.69,6,1.21,0,0,run2 pfilter4
2026-08-21T14:16:38.151,4968,RAD,horizontal,2,22.33,24.83,87.9,38.5,334,29.52,1.42,0.38,7,1.22,0,0,run2 pfilter4
2026-08-21T14:16:38.279,4969,RAD,horizontal,2,22.30,24.80,116.4,59.1,378,28.50,0.80,0.69,6,1.21,0,0,run2 pfilter4
2026-08-21T14:16:38.279,4969,RAD,horizontal,2,22.30,24.80,87.7,38.4,337,29.52,1.10,0.59,8,1.21,0,0,run2 pfilter4
2026-08-21T14:16:38.372,4970,RAD,horizontal,2,22.33,24.83,116.4,59.2,381,28.52,1.50,0.49,6,1.21,0,0,run2 pfilter4
2026-08-21T14:16:38.372,4970,RAD,horizontal,2,22.33,24.83,87.5,38.5,342,29.52,1.10,0.59,5,1.23,0,0,run2 pfilter4
2026-08-21T14:16:38.502,4971,RAD,horizontal,2,22.30,24.80,116.5,59.2,383,28.52,0.80,0.74,5,1.19,0,0,run2 pfilter4
2026-08-21T14:16:38.502,4971,RAD,horizontal,2,22.30,24.80,87.3,38.5,340,29.50,1.10,0.62,4,1.24,0,0,run2 pfilter4
2026-08-21T14:16:38.600,4972,RAD,horizontal,2,22.30,24.80,116.6,59.2,387,28.52,0.80,0.68,5,1.19,0,0,run2 pfilter4
2026-08-21T14:16:38.600,4972,RAD,horizontal,2,22.30,24.80,87.1,38.5,340,29.50,1.10,0.61,5,1.24,0,0,run2 pfilter4
2026-08-21T14:16:38.726,4973,RAD,horizontal,2,22.30,24.80,116.5,59.1,393,28.72,0.70,0.76,5,1.19,0,0,run2 pfilter4
2026-08-21T14:16:38.726,4973,RAD,horizontal,2,22.30,24.80,87.0,38.5,343,29.48,1.22,0.65,4,1.24,0,0,run2 pfilter4
2026-08-21T14:16:38.856,4974,RAD,horizontal,2,22.37,24.87,116.3,59.3,394,28.79,0.80,0.42,5,1.21,0,0,run2 pfilter4
2026-08-21T14:16:38.856,4974,RAD,horizontal,2,22.37,24.87,87.0,38.4,345,29.48,1.22,0.67,5,1.26,0,0,run2 pfilter4
2026-08-21T14:16:38.951,4975,RAD,horizontal,2,22.40,24.90,116.1,59.5,385,28.79,0.93,0.40,6,1.19,0,0,run2 pfilter4
2026-08-21T14:16:38.951,4975,RAD,horizontal,2,22.40,24.90,86.9,38.4,345,29.50,1.22,0.62,6,1.26,0,0,run2 pfilter4
2026-08-21T14:16:39.080,4976,RAD,horizontal,2,22.40,24.90,116.0,59.5,377,28.86,0.73,0.67,5,1.19,0,0,run2 pfilter4
2026-08-21T14:16:39.080,4976,RAD,horizontal,2,22.40,24.90,86.9,38.3,348,29.63,1.60,0.53,5,1.27,0,0,run2 pfilter4
2026-08-21T14:16:39.173,4977,RAD,horizontal,2,22.42,24.92,116.1,59.4,375,28.94,0.73,0.67,5,1.18,0,0,run2 pfilter4
2026-08-21T14:16:39.173,4977,RAD,horizontal,2,22.42,24.92,87.9,35.2,88,29.54,1.45,0.50,3,0.77,0,0,run2 pfilter4
2026-08-21T14:16:39.302,4978,RAD,horizontal,2,22.42,24.92,116.2,59.2,370,28.94,0.82,0.62,6,1.18,0,0,run2 pfilter4
2026-08-21T14:16:39.302,4978,RAD,horizontal,2,22.42,24.92,86.7,34.1,90,29.43,1.33,0.47,4,0.71,0,0,run2 pfilter4
2026-08-21T14:16:39.399,4979,RAD,horizontal,2,22.44,24.94,116.3,59.1,372,28.88,0.73,0.67,5,1.17,0,0,run2 pfilter4
2026-08-21T14:16:39.399,4979,RAD,horizontal,2,22.44,24.94,85.3,33.8,102,29.39,1.17,0.61,5,0.80,0,0,run2 pfilter4
2026-08-21T14:16:39.527,4980,RAD,horizontal,2,22.44,24.94,116.3,59.1,375,28.83,0.73,0.67,5,1.17,0,0,run2 pfilter4
2026-08-21T14:16:39.527,4980,RAD,horizontal,2,22.44,24.94,82.9,33.1,69,29.43,1.33,0.64,3,0.72,0,0,run2 pfilter4
2026-08-21T14:16:39.649,4981,RAD,horizontal,1,22.42,24.92,116.3,59.2,378,28.83,0.73,0.67,5,1.18,0,0,run2 pfilter4
2026-08-21T14:16:39.747,4982,RAD,horizontal,1,22.40,24.90,116.3,59.2,378,28.83,0.73,0.65,5,1.19,0,0,run2 pfilter4
2026-08-21T14:16:39.874,4983,RAD,horizontal,1,22.37,24.87,116.3,59.3,384,28.83,0.73,0.66,5,1.21,0,0,run2 pfilter4
2026-08-21T14:16:39.971,4984,RAD,horizontal,1,22.37,24.87,116.3,59.4,382,28.86,0.91,0.60,6,1.20,0,0,run2 pfilter4
2026-08-21T14:16:40.102,4985,RAD,horizontal,1,22.35,24.85,116.4,59.4,378,28.88,0.82,0.60,5,1.19,0,0,run2 pfilter4
2026-08-21T14:16:40.193,4986,RAD,horizontal,1,22.35,24.85,116.7,59.5,389,28.90,0.90,0.57,5,1.21,0,0,run2 pfilter4
2026-08-21T14:16:40.311,4987,RAD,horizontal,0,22.33,24.83,,,,,,,,,,,run2 pfilter4
2026-08-21T14:16:40.407,4988,RAD,horizontal,0,22.33,24.83,,,,,,,,,,,run2 pfilter4
2026-08-21T14:16:40.545,4989,RAD,horizontal,1,22.33,24.83,117.3,59.5,383,28.79,0.67,0.48,6,1.19,0,0,run2 pfilter4
2026-08-21T14:16:40.681,4990,RAD,horizontal,1,22.33,24.83,117.3,59.5,383,28.74,0.73,0.64,7,1.19,0,0,run2 pfilter4
2026-08-21T14:16:40.767,4991,RAD,horizontal,1,22.33,24.83,117.4,59.5,386,28.81,0.73,0.64,7,1.20,0,0,run2 pfilter4
2026-08-21T14:16:40.903,4992,RAD,horizontal,1,22.33,24.83,117.5,59.4,388,28.74,0.73,0.64,7,1.20,0,0,run2 pfilter4
2026-08-21T14:16:40.994,4993,RAD,horizontal,1,22.33,24.83,117.5,59.4,387,28.59,0.73,0.64,7,1.19,0,0,run2 pfilter4
2026-08-21T14:16:41.122,4994,RAD,horizontal,1,22.33,24.83,117.4,59.5,384,28.59,1.00,0.55,7,1.19,0,0,run2 pfilter4
2026-08-21T14:16:41.210,4995,RAD,horizontal,0,22.35,24.85,,,,,,,,,,,run2 pfilter4
2026-08-21T14:16:41.352,4996,RAD,horizontal,1,22.37,24.87,116.5,59.3,376,28.88,1.00,0.62,6,1.20,0,0,run2 pfilter4
2026-08-21T14:16:41.474,4997,RAD,horizontal,1,22.35,24.85,116.0,58.2,346,28.77,1.11,0.60,6,1.14,0,0,run2 pfilter4
2026-08-21T14:16:41.570,4998,RAD,horizontal,1,22.35,24.85,115.2,57.0,334,28.68,1.67,0.44,5,1.15,0,0,run2 pfilter4
2026-08-21T14:16:41.689,4999,RAD,horizontal,0,22.35,24.85,,,,,,,,,,,run2 pfilter4
2026-08-21T14:16:41.796,5000,RAD,horizontal,1,22.35,24.85,112.2,55.3,287,28.86,1.67,0.56,6,1.21,0,0,run2 pfilter4
2026-08-21T14:16:41.922,5001,RAD,horizontal,1,22.35,24.85,111.7,52.6,82,28.72,1.56,0.65,3,0.57,0,0,run2 pfilter4
2026-08-21T14:16:42.017,5002,RAD,horizontal,1,22.35,24.85,110.2,51.1,87,28.77,1.56,0.69,3,0.65,0,0,run2 pfilter4
2026-08-21T14:16:42.156,5003,RAD,horizontal,1,22.37,24.87,108.9,50.3,82,28.55,1.40,0.59,3,0.60,0,0,run2 pfilter4
2026-08-21T14:16:42.247,5004,RAD,horizontal,1,22.35,24.85,108.2,50.0,76,28.61,1.67,0.56,4,0.56,0,0,run2 pfilter4
2026-08-21T14:16:42.372,5005,RAD,horizontal,1,22.35,24.85,107.7,49.7,68,28.77,1.67,0.50,3,0.59,0,0,run2 pfilter4
2026-08-21T14:16:42.503,5006,RAD,horizontal,1,22.35,24.85,107.2,49.8,79,28.92,1.67,0.59,3,0.61,0,0,run2 pfilter4
2026-08-21T14:16:42.598,5007,RAD,horizontal,1,22.35,24.85,107.0,49.8,76,28.77,1.50,0.51,3,0.61,0,0,run2 pfilter4
2026-08-21T14:16:42.725,5008,RAD,horizontal,1,22.33,24.83,106.0,50.1,222,28.79,1.30,0.45,6,1.09,0,0,run2 pfilter4
2026-08-21T14:16:42.822,5009,RAD,horizontal,1,22.33,24.83,105.5,49.9,227,28.79,1.67,0.44,6,1.13,0,0,run2 pfilter4
2026-08-21T14:16:42.951,5010,RAD,horizontal,2,22.33,24.83,105.1,49.2,86,28.79,1.00,0.51,3,0.73,0,0,run2 pfilter4
2026-08-21T14:16:42.951,5010,RAD,horizontal,2,22.33,24.83,43.7,31.6,65,29.30,1.50,0.43,3,0.72,0,0,run2 pfilter4
2026-08-21T14:16:43.045,5011,RAD,horizontal,2,22.33,24.83,105.1,49.7,225,28.70,1.44,0.45,4,1.11,0,0,run2 pfilter4
2026-08-21T14:16:43.045,5011,RAD,horizontal,2,22.33,24.83,43.7,36.7,262,29.57,1.50,0.44,3,1.21,0,0,run2 pfilter4
2026-08-21T14:16:43.173,5012,RAD,horizontal,2,22.30,24.80,105.2,49.9,222,28.66,1.44,0.45,4,1.10,0,0,run2 pfilter4
2026-08-21T14:16:43.173,5012,RAD,horizontal,2,22.30,24.80,44.4,38.6,258,29.52,1.50,0.44,7,1.20,0,0,run2 pfilter4
2026-08-21T14:16:43.297,5013,RAD,horizontal,1,22.30,24.80,105.2,50.0,225,28.61,1.44,0.43,5,1.11,0,0,run2 pfilter4
2026-08-21T14:16:43.391,5014,RAD,horizontal,1,22.33,24.83,105.3,50.0,231,28.59,1.40,0.47,4,1.13,0,0,run2 pfilter4
2026-08-21T14:16:43.522,5015,RAD,horizontal,1,22.30,24.80,105.7,50.1,229,28.70,1.40,0.46,4,1.17,0,0,run2 pfilter4
2026-08-21T14:16:43.617,5016,RAD,horizontal,1,22.33,24.83,106.2,50.7,233,28.46,1.20,0.49,6,1.17,0,0,run2 pfilter4
2026-08-21T14:16:43.752,5017,RAD,horizontal,1,22.30,24.80,106.9,51.7,241,28.43,1.50,0.45,4,1.20,0,0,run2 pfilter4
2026-08-21T14:16:43.845,5018,RAD,horizontal,2,22.30,24.80,107.8,53.2,257,28.37,1.18,0.52,5,1.20,0,0,run2 pfilter4
2026-08-21T14:16:43.845,5018,RAD,horizontal,2,22.30,24.80,56.2,37.6,208,29.34,1.71,0.60,2,1.35,0,0,run2 pfilter4
2026-08-21T14:16:43.975,5019,RAD,horizontal,2,22.33,24.83,109.4,55.0,281,28.70,1.18,0.46,5,1.24,0,0,run2 pfilter4
2026-08-21T14:16:43.975,5019,RAD,horizontal,2,22.33,24.83,57.5,37.1,202,29.34,1.71,0.57,3,1.37,0,0,run2 pfilter4
2026-08-21T14:16:44.069,5020,RAD,horizontal,2,22.33,24.83,111.5,55.8,138,28.52,1.00,0.61,6,0.73,0,0,run2 pfilter4
2026-08-21T14:16:44.069,5020,RAD,horizontal,2,22.33,24.83,57.7,33.2,54,29.30,1.50,0.56,2,0.71,0,0,run2 pfilter4
2026-08-21T14:16:44.197,5021,RAD,horizontal,2,22.33,24.83,112.5,57.8,327,28.77,1.55,0.53,7,1.27,0,0,run2 pfilter4
2026-08-21T14:16:44.197,5021,RAD,horizontal,2,22.33,24.83,57.6,32.7,80,29.54,1.40,0.57,5,0.73,0,0,run2 pfilter4
2026-08-21T14:16:44.328,5022,RAD,horizontal,2,22.35,24.85,113.3,59.3,342,28.68,1.19,0.42,5,1.23,0,0,run2 pfilter4
2026-08-21T14:16:44.328,5022,RAD,horizontal,2,22.35,24.85,57.5,34.3,127,29.50,1.46,0.51,3,0.85,0,0,run2 pfilter4
2026-08-21T14:16:44.422,5023,RAD,horizontal,2,22.40,24.90,115.8,58.3,110,28.86,1.75,0.44,4,0.59,0,0,run2 pfilter4
2026-08-21T14:16:44.422,5023,RAD,horizontal,2,22.40,24.90,57.0,34.2,89,29.68,1.23,0.43,3,0.76,0,0,run2 pfilter4
2026-08-21T14:16:44.552,5024,RAD,horizontal,2,22.37,24.87,116.1,58.7,118,28.66,1.18,0.35,4,0.66,0,0,run2 pfilter4
2026-08-21T14:16:44.552,5024,RAD,horizontal,2,22.37,24.87,55.3,37.4,254,29.65,1.20,0.59,5,1.22,0,0,run2 pfilter4
2026-08-21T14:16:44.645,5025,RAD,horizontal,2,22.37,24.87,115.1,62.1,378,28.66,0.71,0.47,5,1.18,0,0,run2 pfilter4
2026-08-21T14:16:44.645,5025,RAD,horizontal,2,22.37,24.87,52.6,38.7,239,29.28,1.86,0.55,6,1.21,0,0,run2 pfilter4
2026-08-21T14:16:44.770,5026,RAD,horizontal,1,22.35,24.85,114.9,64.7,405,28.59,1.00,0.55,7,1.19,0,0,run2 pfilter4
2026-08-21T14:16:44.871,5027,RAD,horizontal,2,22.35,24.85,115.2,66.9,448,28.72,0.71,0.50,8,1.16,0,0,run2 pfilter4
2026-08-21T14:16:44.871,5027,RAD,horizontal,2,22.35,24.85,45.0,40.7,219,29.14,1.86,0.64,4,1.28,0,0,run2 pfilter4
2026-08-21T14:16:45.000,5028,RAD,horizontal,2,22.33,24.83,115.4,69.1,511,28.43,0.79,0.55,9,1.21,0,0,run2 pfilter4
2026-08-21T14:16:45.000,5028,RAD,horizontal,2,22.33,24.83,41.5,41.0,214,29.19,1.78,0.48,3,1.24,0,0,run2 pfilter4
2026-08-21T14:16:45.087,5029,RAD,horizontal,1,22.33,24.83,38.6,41.1,242,29.34,1.50,0.55,4,1.24,0,0,run2 pfilter4
2026-08-21T14:16:45.227,5030,RAD,horizontal,2,22.28,24.78,116.4,72.0,538,28.61,0.00,0.00,11,1.30,0,0,run2 pfilter4
2026-08-21T14:16:45.227,5030,RAD,horizontal,2,22.28,24.78,35.8,42.2,257,29.21,1.20,0.52,4,1.30,0,0,run2 pfilter4
2026-08-21T14:16:45.351,5031,RAD,horizontal,2,22.30,24.80,117.3,73.0,533,29.01,1.53,0.27,8,1.29,0,0,run2 pfilter4
2026-08-21T14:16:45.351,5031,RAD,horizontal,2,22.30,24.80,33.2,44.1,273,29.59,1.44,0.60,4,1.29,0,0,run2 pfilter4
2026-08-21T14:16:45.450,5032,RAD,horizontal,2,22.30,24.80,118.4,74.3,559,29.39,1.26,0.34,7,1.32,0,0,run2 pfilter4
2026-08-21T14:16:45.450,5032,RAD,horizontal,2,22.30,24.80,30.6,46.3,307,29.23,1.67,0.56,6,1.25,0,0,run2 pfilter4
2026-08-21T14:16:45.577,5033,RAD,horizontal,2,22.30,24.80,119.5,75.8,582,29.45,0.00,0.00,8,1.31,0,0,run2 pfilter4
2026-08-21T14:16:45.577,5033,RAD,horizontal,2,22.30,24.80,28.5,42.3,75,29.23,1.67,0.56,2,0.63,0,0,run2 pfilter4
2026-08-21T14:16:45.671,5034,RAD,horizontal,2,22.30,24.80,120.0,77.4,632,29.63,1.60,0.30,6,1.37,0,0,run2 pfilter4
2026-08-21T14:16:45.671,5034,RAD,horizontal,2,22.30,24.80,26.1,48.5,408,29.34,1.50,0.59,5,1.20,0,0,run2 pfilter4
2026-08-21T14:16:45.799,5035,RAD,horizontal,2,22.30,24.80,120.0,79.4,675,29.90,0.00,0.00,8,1.44,0,0,run2 pfilter4
2026-08-21T14:16:45.799,5035,RAD,horizontal,2,22.30,24.80,24.0,53.7,477,29.63,1.78,0.67,3,1.32,0,0,run2 pfilter4
2026-08-21T14:16:45.900,5036,RAD,horizontal,2,22.33,24.83,119.9,80.7,667,30.16,1.57,0.32,9,1.42,0,0,run2 pfilter4
2026-08-21T14:16:45.900,5036,RAD,horizontal,2,22.33,24.83,21.7,57.9,555,29.79,1.55,0.69,4,1.32,0,0,run2 pfilter4
2026-08-21T14:16:46.025,5037,RAD,horizontal,2,22.33,24.83,119.4,81.7,641,29.65,2.36,0.41,7,1.34,0,0,run2 pfilter4
2026-08-21T14:16:46.025,5037,RAD,horizontal,2,22.33,24.83,19.9,59.7,602,29.83,1.31,0.63,4,1.35,0,0,run2 pfilter4
2026-08-21T14:16:46.156,5038,RAD,horizontal,2,22.33,24.83,118.8,82.1,618,30.10,0.94,0.45,8,1.39,0,0,run2 pfilter4
2026-08-21T14:16:46.156,5038,RAD,horizontal,2,22.33,24.83,19.0,61.5,686,30.08,1.45,0.64,4,1.42,0,0,run2 pfilter4
2026-08-21T14:16:46.253,5039,RAD,horizontal,2,22.33,24.83,117.8,82.6,630,30.03,1.07,0.50,7,1.42,0,0,run2 pfilter4
2026-08-21T14:16:46.253,5039,RAD,horizontal,2,22.33,24.83,18.8,64.0,701,30.08,1.31,0.55,4,1.42,0,0,run2 pfilter4
2026-08-21T14:16:46.379,5040,RAD,horizontal,2,22.33,24.83,116.7,83.3,667,30.19,0.94,0.46,7,1.45,0,0,run2 pfilter4
2026-08-21T14:16:46.379,5040,RAD,horizontal,2,22.33,24.83,19.6,67.2,769,30.45,1.36,0.56,3,1.38,0,0,run2 pfilter4
2026-08-21T14:16:46.476,5041,RAD,horizontal,2,22.33,24.83,115.9,84.2,679,30.45,1.06,0.46,7,1.49,0,0,run2 pfilter4
2026-08-21T14:16:46.476,5041,RAD,horizontal,2,22.33,24.83,20.3,69.5,826,30.52,1.38,0.46,5,1.41,0,0,run2 pfilter4
2026-08-21T14:16:46.602,5042,RAD,horizontal,2,22.35,24.85,115.1,85.5,720,30.43,1.40,0.34,7,1.60,0,0,run2 pfilter4
2026-08-21T14:16:46.602,5042,RAD,horizontal,2,22.35,24.85,20.8,70.9,891,30.63,1.29,0.49,5,1.42,0,0,run2 pfilter4
2026-08-21T14:16:46.698,5043,RAD,horizontal,2,22.35,24.85,114.4,86.7,706,30.43,1.50,0.39,7,1.55,0,0,run2 pfilter4
2026-08-21T14:16:46.698,5043,RAD,horizontal,2,22.35,24.85,21.6,72.4,947,30.71,1.22,0.50,7,1.45,0,0,run2 pfilter4
2026-08-21T14:16:46.828,5044,RAD,horizontal,2,22.35,24.85,114.0,87.8,696,30.45,1.65,0.37,7,1.57,0,0,run2 pfilter4
2026-08-21T14:16:46.828,5044,RAD,horizontal,2,22.35,24.85,22.5,74.4,1008,30.69,0.96,0.37,6,1.48,0,0,run2 pfilter4
2026-08-21T14:16:46.921,5045,RAD,horizontal,2,22.35,24.85,113.9,88.3,689,30.50,1.75,0.42,6,1.57,0,0,run2 pfilter4
2026-08-21T14:16:46.921,5045,RAD,horizontal,2,22.35,24.85,23.6,76.0,1106,30.89,0.93,0.39,6,1.53,0,0,run2 pfilter4
2026-08-21T14:16:47.051,5046,RAD,horizontal,2,22.35,24.85,114.2,89.0,685,30.67,1.65,0.39,6,1.58,0,0,run2 pfilter4
2026-08-21T14:16:47.051,5046,RAD,horizontal,2,22.35,24.85,24.8,76.3,1163,31.09,1.07,0.33,7,1.59,0,0,run2 pfilter4
2026-08-21T14:16:47.177,5047,RAD,horizontal,2,22.37,24.87,114.5,89.5,696,30.56,1.29,0.45,7,1.59,0,0,run2 pfilter4
2026-08-21T14:16:47.177,5047,RAD,horizontal,2,22.37,24.87,26.4,76.2,1197,30.91,1.19,0.26,7,1.61,0,0,run2 pfilter4
2026-08-21T14:16:47.274,5048,RAD,horizontal,2,22.37,24.87,114.9,89.8,683,30.50,1.05,0.46,7,1.61,0,0,run2 pfilter4
2026-08-21T14:16:47.274,5048,RAD,horizontal,2,22.37,24.87,28.3,75.4,1223,30.91,1.18,0.26,10,1.62,0,0,run2 pfilter4
2026-08-21T14:16:47.404,5049,RAD,horizontal,2,22.40,24.90,115.3,90.0,688,30.78,1.31,0.52,6,1.63,0,0,run2 pfilter4
2026-08-21T14:16:47.404,5049,RAD,horizontal,2,22.40,24.90,30.3,74.7,1228,31.09,1.29,0.31,9,1.63,0,0,run2 pfilter4
2026-08-21T14:16:47.500,5050,RAD,horizontal,2,22.37,24.87,115.5,90.5,690,30.65,1.24,0.49,7,1.59,0,0,run2 pfilter4
2026-08-21T14:16:47.500,5050,RAD,horizontal,2,22.37,24.87,31.8,74.3,1178,30.93,1.54,0.26,9,1.58,0,0,run2 pfilter4
2026-08-21T14:16:47.624,5051,RAD,horizontal,2,22.40,24.90,115.6,90.9,699,30.63,1.24,0.51,7,1.58,0,0,run2 pfilter4
2026-08-21T14:16:47.624,5051,RAD,horizontal,2,22.40,24.90,32.8,74.2,1171,30.78,1.61,0.26,9,1.57,0,0,run2 pfilter4
2026-08-21T14:16:47.723,5052,RAD,horizontal,2,22.35,24.85,115.7,91.0,692,30.50,1.27,0.54,7,1.59,0,0,run2 pfilter4
2026-08-21T14:16:47.723,5052,RAD,horizontal,2,22.35,24.85,33.1,74.2,1145,30.78,1.38,0.33,8,1.56,0,0,run2 pfilter4
2026-08-21T14:16:47.851,5053,RAD,horizontal,2,22.33,24.83,115.8,90.8,701,30.63,1.40,0.54,7,1.62,0,0,run2 pfilter4
2026-08-21T14:16:47.851,5053,RAD,horizontal,2,22.33,24.83,32.7,74.1,1149,30.78,1.92,0.29,9,1.56,0,0,run2 pfilter4
2026-08-21T14:16:47.977,5054,RAD,horizontal,2,22.30,24.80,115.8,90.8,697,30.63,1.33,0.53,7,1.63,0,0,run2 pfilter4
2026-08-21T14:16:47.977,5054,RAD,horizontal,2,22.30,24.80,31.8,74.1,1144,30.69,1.59,0.39,9,1.52,0,0,run2 pfilter4
2026-08-21T14:16:48.075,5055,RAD,horizontal,2,22.28,24.78,115.8,90.8,694,30.63,1.27,0.54,7,1.64,0,0,run2 pfilter4
2026-08-21T14:16:48.075,5055,RAD,horizontal,2,22.28,24.78,30.0,74.2,1146,30.69,1.76,0.37,8,1.52,0,0,run2 pfilter4
2026-08-21T14:16:48.201,5056,RAD,horizontal,2,22.28,24.78,115.7,90.8,691,30.56,1.27,0.53,7,1.63,0,0,run2 pfilter4
2026-08-21T14:16:48.201,5056,RAD,horizontal,2,22.28,24.78,27.8,74.4,1147,30.65,1.95,0.41,10,1.52,0,0,run2 pfilter4
2026-08-21T14:16:48.300,5057,RAD,horizontal,2,22.28,24.78,115.7,90.7,691,30.52,1.33,0.52,7,1.64,0,0,run2 pfilter4
2026-08-21T14:16:48.300,5057,RAD,horizontal,2,22.28,24.78,25.5,74.7,1154,30.76,2.06,0.41,9,1.51,0,0,run2 pfilter4
2026-08-21T14:16:48.426,5058,RAD,horizontal,2,22.26,24.76,115.6,90.7,685,30.54,1.33,0.51,7,1.62,0,0,run2 pfilter4
2026-08-21T14:16:48.426,5058,RAD,horizontal,2,22.26,24.76,23.6,74.7,1162,30.95,2.18,0.44,5,1.52,0,0,run2 pfilter4
2026-08-21T14:16:48.523,5059,RAD,horizontal,2,22.23,24.73,115.5,90.5,698,30.47,1.33,0.51,7,1.65,0,0,run2 pfilter4
2026-08-21T14:16:48.523,5059,RAD,horizontal,2,22.23,24.73,22.2,74.9,1187,30.82,2.29,0.41,6,1.53,0,0,run2 pfilter4
2026-08-21T14:16:48.652,5060,RAD,horizontal,2,22.23,24.73,115.4,90.4,690,30.47,1.25,0.50,7,1.67,0,0,run2 pfilter4
2026-08-21T14:16:48.652,5060,RAD,horizontal,2,22.23,24.73,21.1,75.2,1180,30.52,2.35,0.40,9,1.48,0,0,run2 pfilter4
2026-08-21T14:16:48.746,5061,RAD,horizontal,2,22.21,24.71,115.2,90.3,680,30.63,1.33,0.53,6,1.66,0,0,run2 pfilter4
2026-08-21T14:16:48.746,5061,RAD,horizontal,2,22.21,24.71,20.3,75.4,1173,30.45,2.24,0.39,9,1.49,0,0,run2 pfilter4
2026-08-21T14:16:48.875,5062,RAD,horizontal,2,22.21,24.71,115.1,90.1,687,30.58,1.11,0.46,7,1.67,0,0,run2 pfilter4
2026-08-21T14:16:48.875,5062,RAD,horizontal,2,22.21,24.71,19.9,75.4,1188,30.39,2.24,0.42,10,1.49,0,0,run2 pfilter4
2026-08-21T14:16:49.003,5063,RAD,horizontal,2,22.21,24.71,115.0,89.9,686,30.52,1.17,0.47,7,1.67,0,0,run2 pfilter4
2026-08-21T14:16:49.003,5063,RAD,horizontal,2,22.21,24.71,19.5,75.4,1193,30.39,1.75,0.38,9,1.49,0,0,run2 pfilter4
2026-08-21T14:16:49.099,5064,RAD,horizontal,2,22.21,24.71,114.9,89.8,678,30.54,1.17,0.45,7,1.67,0,0,run2 pfilter4
2026-08-21T14:16:49.099,5064,RAD,horizontal,2,22.21,24.71,19.2,75.1,1212,30.43,1.75,0.38,9,1.49,0,0,run2 pfilter4
2026-08-21T14:16:49.232,5065,RAD,horizontal,2,22.21,24.71,114.8,89.7,682,30.50,1.18,0.47,9,1.67,0,0,run2 pfilter4
2026-08-21T14:16:49.232,5065,RAD,horizontal,2,22.21,24.71,19.0,74.8,1220,30.47,1.75,0.38,9,1.47,0,0,run2 pfilter4
2026-08-21T14:16:49.321,5066,RAD,horizontal,2,22.21,24.71,114.8,89.7,681,30.50,1.18,0.46,8,1.64,0,0,run2 pfilter4
2026-08-21T14:16:49.321,5066,RAD,horizontal,2,22.21,24.71,19.0,74.6,1230,30.47,1.95,0.38,9,1.48,0,0,run2 pfilter4
2026-08-21T14:16:49.451,5067,RAD,horizontal,2,22.18,24.68,114.7,89.8,682,30.50,1.12,0.50,8,1.65,0,0,run2 pfilter4
2026-08-21T14:16:49.451,5067,RAD,horizontal,2,22.18,24.68,19.2,74.5,1222,30.47,1.74,0.40,7,1.47,0,0,run2 pfilter4
2026-08-21T14:16:49.546,5068,RAD,horizontal,2,22.18,24.68,114.5,89.7,676,30.50,1.12,0.48,6,1.65,0,0,run2 pfilter4
2026-08-21T14:16:49.546,5068,RAD,horizontal,2,22.18,24.68,19.4,74.2,1231,30.32,2.16,0.34,8,1.47,0,0,run2 pfilter4
2026-08-21T14:16:49.674,5069,RAD,horizontal,2,22.18,24.68,114.4,89.4,695,30.50,1.12,0.49,7,1.71,0,0,run2 pfilter4
2026-08-21T14:16:49.674,5069,RAD,horizontal,2,22.18,24.68,19.8,74.1,1216,30.47,2.82,0.35,9,1.47,0,0,run2 pfilter4
2026-08-21T14:16:49.772,5070,RAD,horizontal,2,22.18,24.68,114.4,88.7,716,30.52,0.95,0.46,7,1.69,0,0,run2 pfilter4
2026-08-21T14:16:49.772,5070,RAD,horizontal,2,22.18,24.68,20.4,74.0,1225,30.47,2.31,0.42,7,1.49,0,0,run2 pfilter4
2026-08-21T14:16:49.899,5071,RAD,horizontal,2,22.18,24.68,114.5,88.2,712,30.56,1.27,0.54,7,1.65,0,0,run2 pfilter4
2026-08-21T14:16:49.899,5071,RAD,horizontal,2,22.18,24.68,21.3,73.5,1197,30.47,2.35,0.36,11,1.49,0,0,run2 pfilter4
2026-08-21T14:16:50.024,5072,RAD,horizontal,2,22.14,24.64,114.4,88.1,727,30.56,1.12,0.53,7,1.63,0,0,run2 pfilter4
2026-08-21T14:16:50.024,5072,RAD,horizontal,2,22.14,24.64,22.7,72.9,1172,30.32,2.44,0.38,8,1.48,0,0,run2 pfilter4
2026-08-21T14:16:50.124,5073,RAD,horizontal,2,22.14,24.64,114.4,88.1,735,30.52,1.12,0.54,8,1.64,0,0,run2 pfilter4
2026-08-21T14:16:50.124,5073,RAD,horizontal,2,22.14,24.64,24.4,72.2,1163,30.43,2.44,0.37,9,1.44,0,0,run2 pfilter4
2026-08-21T14:16:50.251,5074,RAD,horizontal,2,22.16,24.66,114.3,87.9,739,30.54,1.19,0.55,9,1.64,0,0,run2 pfilter4
2026-08-21T14:16:50.251,5074,RAD,horizontal,2,22.16,24.66,26.3,71.7,1131,30.03,3.20,0.33,12,1.41,0,0,run2 pfilter4
2026-08-21T14:16:50.346,5075,RAD,horizontal,2,22.16,24.66,114.3,87.8,735,30.50,1.19,0.53,7,1.64,0,0,run2 pfilter4
2026-08-21T14:16:50.346,5075,RAD,horizontal,2,22.16,24.66,28.1,71.6,1109,30.50,3.50,0.33,8,1.43,0,0,run2 pfilter4
2026-08-21T14:16:50.472,5076,RAD,horizontal,2,22.18,24.68,114.2,87.7,715,30.45,1.00,0.45,6,1.63,0,0,run2 pfilter4
2026-08-21T14:16:50.472,5076,RAD,horizontal,2,22.18,24.68,29.7,71.7,1077,30.32,2.57,0.38,10,1.40,0,0,run2 pfilter4
2026-08-21T14:16:50.573,5077,RAD,horizontal,2,22.18,24.68,114.2,87.6,709,30.36,1.29,0.45,9,1.64,0,0,run2 pfilter4
2026-08-21T14:16:50.573,5077,RAD,horizontal,2,22.18,24.68,30.9,71.6,1063,30.19,2.33,0.35,11,1.38,0,0,run2 pfilter4
2026-08-21T14:16:50.700,5078,RAD,horizontal,2,22.21,24.71,114.2,87.4,702,30.30,1.19,0.47,8,1.64,0,0,run2 pfilter4
2026-08-21T14:16:50.700,5078,RAD,horizontal,2,22.21,24.71,31.8,71.9,1071,30.50,2.69,0.30,8,1.43,0,0,run2 pfilter4
2026-08-21T14:16:50.823,5079,RAD,horizontal,2,22.23,24.73,114.0,87.2,693,30.41,1.33,0.50,7,1.64,0,0,run2 pfilter4
2026-08-21T14:16:50.823,5079,RAD,horizontal,2,22.23,24.73,32.5,71.8,1075,30.34,1.94,0.33,7,1.45,0,0,run2 pfilter4
2026-08-21T14:16:50.924,5080,RAD,horizontal,2,22.28,24.78,113.7,87.1,688,30.41,1.31,0.47,8,1.63,0,0,run2 pfilter4
2026-08-21T14:16:50.924,5080,RAD,horizontal,2,22.28,24.78,33.0,71.8,1051,30.41,2.05,0.26,8,1.43,0,0,run2 pfilter4
2026-08-21T14:16:51.049,5081,RAD,horizontal,2,22.28,24.78,113.6,86.9,676,30.30,1.25,0.44,8,1.55,0,0,run2 pfilter4
2026-08-21T14:16:51.049,5081,RAD,horizontal,2,22.28,24.78,33.0,71.6,1036,30.76,2.00,0.29,6,1.46,0,0,run2 pfilter4
2026-08-21T14:16:51.148,5082,RAD,horizontal,2,22.23,24.73,113.5,87.3,659,29.50,1.12,0.42,8,1.47,0,0,run2 pfilter4
2026-08-21T14:16:51.148,5082,RAD,horizontal,2,22.23,24.73,32.4,70.8,1018,30.41,1.64,0.25,7,1.41,0,0,run2 pfilter4
2026-08-21T14:16:51.276,5083,RAD,horizontal,2,22.23,24.73,113.3,87.3,669,29.50,1.00,0.48,9,1.45,0,0,run2 pfilter4
2026-08-21T14:16:51.276,5083,RAD,horizontal,2,22.23,24.73,27.0,65.4,199,30.45,2.12,0.33,5,0.97,0,0,run2 pfilter4
2026-08-21T14:16:51.370,5084,RAD,horizontal,2,22.18,24.68,113.2,87.4,681,29.10,1.00,0.43,8,1.45,0,0,run2 pfilter4
2026-08-21T14:16:51.370,5084,RAD,horizontal,2,22.18,24.68,26.5,70.4,954,30.50,0.95,0.44,6,1.33,0,0,run2 pfilter4
2026-08-21T14:16:51.500,5085,RAD,horizontal,2,22.21,24.71,113.2,87.5,682,29.10,0.88,0.50,9,1.45,0,0,run2 pfilter4
2026-08-21T14:16:51.500,5085,RAD,horizontal,2,22.21,24.71,24.6,73.5,883,30.50,1.36,0.49,5,1.31,0,0,run2 pfilter4
2026-08-21T14:16:51.593,5086,RAD,horizontal,2,22.21,24.71,113.2,87.7,680,29.12,1.74,0.35,9,1.43,0,0,run2 pfilter4
2026-08-21T14:16:51.593,5086,RAD,horizontal,2,22.21,24.71,22.1,75.1,813,30.30,1.43,0.57,3,1.33,0,0,run2 pfilter4
2026-08-21T14:16:51.720,5087,RAD,horizontal,2,22.18,24.68,113.1,87.8,693,29.08,1.74,0.35,8,1.42,0,0,run2 pfilter4
2026-08-21T14:16:51.720,5087,RAD,horizontal,2,22.18,24.68,20.3,74.6,786,30.08,2.23,0.52,4,1.35,0,0,run2 pfilter4
2026-08-21T14:16:51.849,5088,RAD,horizontal,2,22.16,24.66,113.1,87.7,693,29.06,1.68,0.36,8,1.43,0,0,run2 pfilter4
2026-08-21T14:16:51.849,5088,RAD,horizontal,2,22.16,24.66,19.1,72.6,751,30.28,2.82,0.52,2,1.35,0,0,run2 pfilter4
2026-08-21T14:16:51.947,5089,RAD,horizontal,2,22.16,24.66,113.1,87.7,689,29.03,1.28,0.28,8,1.43,0,0,run2 pfilter4
2026-08-21T14:16:51.947,5089,RAD,horizontal,2,22.16,24.66,18.5,69.9,645,30.10,2.82,0.50,6,1.36,0,0,run2 pfilter4
2026-08-21T14:16:52.074,5090,RAD,horizontal,2,22.14,24.64,113.0,87.7,698,29.03,1.28,0.29,8,1.42,0,0,run2 pfilter4
2026-08-21T14:16:52.074,5090,RAD,horizontal,2,22.14,24.64,18.6,67.3,548,29.99,3.56,0.53,6,1.38,0,0,run2 pfilter4
2026-08-21T14:16:52.167,5091,RAD,horizontal,2,22.11,24.61,113.0,87.5,693,29.03,0.00,0.00,7,1.42,0,0,run2 pfilter4
2026-08-21T14:16:52.167,5091,RAD,horizontal,2,22.11,24.61,19.3,65.7,459,29.63,0.00,0.00,5,1.31,0,0,run2 pfilter4
2026-08-21T14:16:52.297,5092,RAD,horizontal,2,22.11,24.61,113.3,87.0,685,29.10,1.28,0.29,7,1.40,0,0,run2 pfilter4
2026-08-21T14:16:52.297,5092,RAD,horizontal,2,22.11,24.61,20.0,64.3,433,29.32,0.00,0.00,4,1.22,0,0,run2 pfilter4
2026-08-21T14:16:52.394,5093,RAD,horizontal,2,22.11,24.61,113.6,86.3,693,29.21,1.23,0.27,7,1.39,0,0,run2 pfilter4
2026-08-21T14:16:52.394,5093,RAD,horizontal,2,22.11,24.61,21.0,62.1,395,29.08,0.00,0.00,4,1.16,0,0,run2 pfilter4
2026-08-21T14:16:52.514,5094,RAD,horizontal,1,22.11,24.61,114.1,85.5,691,29.03,1.19,0.29,10,1.39,0,0,run2 pfilter4
2026-08-21T14:16:52.643,5095,RAD,horizontal,1,22.09,24.59,114.7,84.7,688,29.01,1.15,0.27,8,1.38,0,0,run2 pfilter4
2026-08-21T14:16:52.740,5096,RAD,horizontal,1,22.11,24.61,115.2,84.2,704,29.01,1.07,0.28,8,1.41,0,0,run2 pfilter4
2026-08-21T14:16:52.867,5097,RAD,horizontal,1,22.09,24.59,115.8,83.8,715,29.08,1.04,0.28,11,1.42,0,0,run2 pfilter4
2026-08-21T14:16:52.960,5098,RAD,horizontal,1,22.09,24.59,116.7,83.2,700,29.23,1.12,0.32,10,1.40,0,0,run2 pfilter4
2026-08-21T14:16:53.089,5099,RAD,horizontal,1,22.09,24.59,117.3,82.5,705,29.23,1.00,0.30,8,1.41,0,0,run2 pfilter4
2026-08-21T14:16:53.188,5100,RAD,horizontal,1,22.09,24.59,117.8,81.9,711,29.10,1.05,0.43,9,1.38,0,0,run2 pfilter4
2026-08-21T14:16:53.314,5101,RAD,horizontal,1,22.09,24.59,118.2,80.8,701,29.06,1.00,0.41,8,1.43,0,0,run2 pfilter4
2026-08-21T14:16:53.410,5102,RAD,horizontal,1,22.09,24.59,118.7,79.1,668,28.86,1.00,0.37,9,1.33,0,0,run2 pfilter4
2026-08-21T14:16:53.539,5103,RAD,horizontal,1,22.09,24.59,118.7,77.6,642,28.86,1.40,0.29,7,1.34,0,0,run2 pfilter4
2026-08-21T14:16:53.667,5104,RAD,horizontal,1,22.06,24.56,118.2,76.3,607,29.17,1.93,0.35,6,1.38,0,0,run2 pfilter4
2026-08-21T14:16:53.762,5105,RAD,horizontal,1,22.04,24.54,117.4,74.5,551,28.83,0.85,0.52,6,1.33,0,0,run2 pfilter4
2026-08-21T14:16:53.894,5106,RAD,horizontal,1,22.04,24.54,116.7,72.2,548,28.86,1.54,0.41,8,1.33,0,0,run2 pfilter4
2026-08-21T14:16:53.986,5107,RAD,horizontal,1,22.04,24.54,116.5,70.4,527,28.86,0.77,0.60,7,1.24,0,0,run2 pfilter4
2026-08-21T14:16:54.119,5108,RAD,horizontal,1,22.04,24.54,116.5,68.7,513,28.50,0.83,0.56,8,1.18,0,0,run2 pfilter4
2026-08-21T14:16:54.209,5109,RAD,horizontal,1,22.06,24.56,116.6,67.2,500,28.41,0.83,0.57,7,1.23,0,0,run2 pfilter4
2026-08-21T14:16:54.340,5110,RAD,horizontal,1,22.06,24.56,116.6,65.9,478,28.52,0.75,0.62,7,1.22,0,0,run2 pfilter4
2026-08-21T14:16:54.466,5111,RAD,horizontal,1,22.09,24.59,116.7,65.1,451,28.39,0.75,0.62,8,1.24,0,0,run2 pfilter4
2026-08-21T14:16:54.561,5112,RAD,horizontal,1,22.09,24.59,116.7,64.0,430,28.66,0.82,0.58,8,1.23,0,0,run2 pfilter4
2026-08-21T14:16:54.692,5113,RAD,horizontal,1,22.09,24.59,116.3,63.6,449,28.68,0.67,0.52,7,1.24,0,0,run2 pfilter4
2026-08-21T14:16:54.787,5114,RAD,horizontal,1,22.09,24.59,116.3,62.8,434,28.66,0.82,0.55,6,1.23,0,0,run2 pfilter4
2026-08-21T14:16:54.905,5115,RAD,horizontal,0,22.06,24.56,,,,,,,,,,,run2 pfilter4
2026-08-21T14:16:55.015,5116,RAD,horizontal,1,22.06,24.56,115.1,62.1,442,28.90,1.00,0.54,6,1.28,0,0,run2 pfilter4
2026-08-21T14:16:55.130,5117,RAD,horizontal,0,22.06,24.56,,,,,,,,,,,run2 pfilter4
2026-08-21T14:16:55.227,5118,RAD,horizontal,0,22.06,24.56,,,,,,,,,,,run2 pfilter4
2026-08-21T14:16:55.353,5119,RAD,horizontal,0,22.04,24.54,,,,,,,,,,,run2 pfilter4
2026-08-21T14:16:55.484,5120,RAD,horizontal,0,22.04,24.54,,,,,,,,,,,run2 pfilter4
2026-08-21T14:16:55.576,5121,RAD,horizontal,0,22.04,24.54,,,,,,,,,,,run2 pfilter4
2026-08-21T14:16:55.704,5122,RAD,horizontal,0,21.99,24.49,,,,,,,,,,,run2 pfilter4
2026-08-21T14:16:55.800,5123,RAD,horizontal,0,21.97,24.47,,,,,,,,,,,run2 pfilter4
2026-08-21T14:16:55.928,5124,RAD,horizontal,0,21.97,24.47,,,,,,,,,,,run2 pfilter4
2026-08-21T14:16:56.024,5125,RAD,horizontal,0,21.97,24.47,,,,,,,,,,,run2 pfilter4
2026-08-21T14:16:56.152,5126,RAD,horizontal,0,21.97,24.47,,,,,,,,,,,run2 pfilter4
2026-08-21T14:16:56.248,5127,RAD,horizontal,0,21.94,24.44,,,,,,,,,,,run2 pfilter4
2026-08-21T14:16:56.378,5128,RAD,horizontal,0,21.94,24.44,,,,,,,,,,,run2 pfilter4
2026-08-21T14:16:56.506,5129,RAD,horizontal,0,21.94,24.44,,,,,,,,,,,run2 pfilter4
2026-08-21T14:16:56.602,5130,RAD,horizontal,0,21.94,24.44,,,,,,,,,,,run2 pfilter4
2026-08-21T14:16:56.731,5131,RAD,horizontal,0,21.94,24.44,,,,,,,,,,,run2 pfilter4
2026-08-21T14:16:56.824,5132,RAD,horizontal,0,21.92,24.42,,,,,,,,,,,run2 pfilter4
2026-08-21T14:16:56.955,5133,RAD,horizontal,0,21.92,24.42,,,,,,,,,,,run2 pfilter4
2026-08-21T14:16:57.051,5134,RAD,horizontal,0,21.92,24.42,,,,,,,,,,,run2 pfilter4
2026-08-21T14:16:57.179,5135,RAD,horizontal,0,21.92,24.42,,,,,,,,,,,run2 pfilter4
2026-08-21T14:16:57.313,5136,RAD,horizontal,0,21.94,24.44,,,,,,,,,,,run2 pfilter4
2026-08-21T14:16:57.412,5137,RAD,horizontal,0,21.97,24.47,,,,,,,,,,,run2 pfilter4
2026-08-21T14:16:57.540,5138,RAD,horizontal,1,21.98,24.48,117.5,73.9,627,28.63,0.83,0.57,7,1.32,0,0,run2 pfilter4
2026-08-21T14:16:57.641,5139,RAD,horizontal,1,21.99,24.49,117.4,76.5,631,28.68,1.00,0.52,9,1.32,0,0,run2 pfilter4
2026-08-21T14:16:57.774,5140,RAD,horizontal,1,22.02,24.52,116.7,79.5,645,28.81,0.73,0.52,9,1.33,0,0,run2 pfilter4
2026-08-21T14:16:57.871,5141,RAD,horizontal,1,21.99,24.49,115.7,82.4,684,28.66,0.88,0.53,9,1.32,0,0,run2 pfilter4
2026-08-21T14:16:57.997,5142,RAD,horizontal,1,21.99,24.49,115.4,85.2,782,28.79,0.00,0.00,8,1.28,0,0,run2 pfilter4
2026-08-21T14:16:58.090,5143,RAD,horizontal,1,21.99,24.49,121.7,84.7,1306,28.79,0.00,0.00,9,1.30,0,0,run2 pfilter4
2026-08-21T14:16:58.217,5144,RAD,horizontal,1,21.97,24.47,123.5,85.5,1289,28.86,0.00,0.00,14,1.31,0,0,run2 pfilter4
2026-08-21T14:16:58.343,5145,RAD,horizontal,1,21.97,24.47,123.4,86.7,1199,29.08,0.65,0.41,10,1.29,0,0,run2 pfilter4
2026-08-21T14:16:58.442,5146,RAD,horizontal,2,21.97,24.47,122.6,89.2,1160,29.30,0.67,0.48,10,1.30,0,0,run2 pfilter4
2026-08-21T14:16:58.442,5146,RAD,horizontal,2,21.97,24.47,66.6,40.1,341,29.08,1.09,0.53,5,1.43,0,0,run2 pfilter4
2026-08-21T14:16:58.560,5147,RAD,horizontal,1,21.97,24.47,67.3,40.7,353,29.48,1.20,0.60,5,1.51,0,0,run2 pfilter4
2026-08-21T14:16:58.662,5148,RAD,horizontal,2,21.97,24.47,119.3,101.5,811,29.45,0.72,0.42,7,1.38,0,0,run2 pfilter4
2026-08-21T14:16:58.662,5148,RAD,horizontal,2,21.97,24.47,67.5,41.2,350,29.48,1.10,0.65,4,1.46,0,0,run2 pfilter4
2026-08-21T14:16:58.792,5149,RAD,horizontal,2,21.97,24.47,117.9,104.4,784,29.23,0.65,0.53,9,1.37,0,0,run2 pfilter4
2026-08-21T14:16:58.792,5149,RAD,horizontal,2,21.97,24.47,68.2,41.8,352,29.48,1.00,0.65,5,1.47,0,0,run2 pfilter4
2026-08-21T14:16:58.879,5150,RAD,horizontal,1,21.99,24.49,68.4,42.4,346,29.48,1.00,0.66,3,1.45,0,0,run2 pfilter4
2026-08-21T14:16:59.015,5151,RAD,horizontal,2,21.97,24.47,116.2,106.4,760,29.14,0.00,0.00,9,1.31,0,0,run2 pfilter4
2026-08-21T14:16:59.015,5151,RAD,horizontal,2,21.97,24.47,68.5,43.0,348,29.43,1.00,0.60,3,1.44,0,0,run2 pfilter4
2026-08-21T14:16:59.144,5152,RAD,horizontal,2,21.94,24.44,115.8,107.4,732,29.59,0.00,0.00,7,1.45,0,0,run2 pfilter4
2026-08-21T14:16:59.144,5152,RAD,horizontal,2,21.94,24.44,68.4,43.4,348,29.43,0.91,0.69,4,1.51,0,0,run2 pfilter4
2026-08-21T14:16:59.238,5153,RAD,horizontal,2,21.94,24.44,116.4,108.9,637,29.41,0.00,0.00,7,1.55,0,0,run2 pfilter4
2026-08-21T14:16:59.238,5153,RAD,horizontal,2,21.94,24.44,68.6,43.7,342,29.32,0.91,0.75,4,1.46,0,0,run2 pfilter4
2026-08-21T14:16:59.367,5154,RAD,horizontal,2,21.97,24.47,118.2,110.5,517,29.74,0.00,0.00,5,1.56,0,0,run2 pfilter4
2026-08-21T14:16:59.367,5154,RAD,horizontal,2,21.97,24.47,68.5,43.8,339,29.30,0.91,0.75,4,1.43,0,0,run2 pfilter4
2026-08-21T14:16:59.457,5155,RAD,horizontal,1,21.97,24.47,68.6,43.8,336,29.32,0.83,0.73,4,1.41,0,0,run2 pfilter4
2026-08-21T14:16:59.585,5156,RAD,horizontal,1,21.94,24.44,68.6,43.7,336,29.23,0.83,0.73,3,1.41,0,0,run2 pfilter4
2026-08-21T14:16:59.679,5157,RAD,horizontal,1,21.94,24.44,68.6,43.7,340,29.23,0.83,0.72,3,1.41,0,0,run2 pfilter4
2026-08-21T14:16:59.811,5158,RAD,horizontal,1,21.94,24.44,68.6,43.7,339,29.26,0.83,0.72,3,1.40,0,0,run2 pfilter4
2026-08-21T14:16:59.904,5159,RAD,horizontal,1,21.92,24.42,68.6,43.8,345,29.28,0.83,0.71,3,1.41,0,0,run2 pfilter4
2026-08-21T14:17:00.034,5160,RAD,horizontal,1,21.92,24.42,68.6,43.8,348,29.32,0.83,0.70,3,1.44,0,0,run2 pfilter4
2026-08-21T14:17:00.164,5161,RAD,horizontal,1,21.92,24.42,68.4,44.0,345,29.32,0.83,0.67,3,1.44,0,0,run2 pfilter4
2026-08-21T14:17:00.258,5162,RAD,horizontal,1,21.92,24.42,68.2,44.0,338,29.34,0.75,0.71,3,1.43,0,0,run2 pfilter4
2026-08-21T14:17:00.399,5163,RAD,horizontal,1,21.92,24.42,68.1,44.1,336,29.39,0.75,0.71,3,1.44,0,0,run2 pfilter4
2026-08-21T14:17:00.492,5164,RAD,horizontal,1,21.94,24.44,68.3,44.1,333,29.39,0.75,0.74,3,1.42,0,0,run2 pfilter4
2026-08-21T14:17:00.617,5165,RAD,horizontal,2,21.94,24.44,68.3,44.1,332,29.39,0.83,0.68,4,1.44,0,0,run2 pfilter4
2026-08-21T14:17:00.617,5165,RAD,horizontal,2,21.94,24.44,119.2,107.2,277,29.94,0.00,0.00,6,0.64,0,0,run2 pfilter4
2026-08-21T14:17:00.716,5166,RAD,horizontal,2,21.97,24.47,68.4,44.1,332,29.34,0.83,0.66,3,1.46,0,0,run2 pfilter4
2026-08-21T14:17:00.716,5166,RAD,horizontal,2,21.97,24.47,119.5,105.6,279,29.83,0.00,0.00,5,0.64,0,0,run2 pfilter4
2026-08-21T14:17:00.839,5167,RAD,horizontal,2,21.97,24.47,68.5,44.0,332,29.34,0.69,0.68,3,1.45,0,0,run2 pfilter4
2026-08-21T14:17:00.839,5167,RAD,horizontal,2,21.97,24.47,119.7,104.1,272,29.65,0.81,0.35,5,0.65,0,0,run2 pfilter4
2026-08-21T14:17:00.967,5168,RAD,horizontal,2,21.92,24.42,68.6,43.9,344,29.14,0.69,0.68,4,1.46,0,0,run2 pfilter4
2026-08-21T14:17:00.967,5168,RAD,horizontal,2,21.92,24.42,120.4,103.8,784,29.28,0.00,0.00,6,1.31,0,0,run2 pfilter4
2026-08-21T14:17:01.063,5169,RAD,horizontal,2,21.92,24.42,68.6,43.6,340,29.39,0.77,0.67,3,1.42,0,0,run2 pfilter4
2026-08-21T14:17:01.063,5169,RAD,horizontal,2,21.92,24.42,121.9,103.3,774,29.59,0.00,0.00,8,1.37,0,0,run2 pfilter4
2026-08-21T14:17:01.191,5170,RAD,horizontal,2,21.94,24.44,68.7,43.3,353,29.37,0.85,0.66,4,1.45,0,0,run2 pfilter4
2026-08-21T14:17:01.191,5170,RAD,horizontal,2,21.94,24.44,123.3,102.9,782,29.65,0.00,0.00,7,1.33,0,0,run2 pfilter4
2026-08-21T14:17:01.288,5171,RAD,horizontal,2,21.94,24.44,68.7,43.0,368,29.37,0.92,0.60,6,1.48,0,0,run2 pfilter4
2026-08-21T14:17:01.288,5171,RAD,horizontal,2,21.94,24.44,124.1,102.4,818,29.57,0.82,0.53,9,1.32,0,0,run2 pfilter4
2026-08-21T14:17:01.419,5172,RAD,horizontal,2,21.97,24.47,68.5,42.5,356,29.48,0.92,0.59,6,1.36,0,0,run2 pfilter4
2026-08-21T14:17:01.419,5172,RAD,horizontal,2,21.97,24.47,124.4,101.9,838,29.74,0.65,0.50,7,1.35,0,0,run2 pfilter4
2026-08-21T14:17:01.512,5173,RAD,horizontal,2,21.97,24.47,68.2,42.2,353,29.32,0.85,0.56,7,1.36,0,0,run2 pfilter4
2026-08-21T14:17:01.512,5173,RAD,horizontal,2,21.97,24.47,124.4,101.2,810,29.59,1.56,0.48,6,1.36,0,0,run2 pfilter4
2026-08-21T14:17:01.639,5174,RAD,horizontal,2,21.94,24.44,68.2,42.0,346,29.32,0.92,0.55,7,1.34,0,0,run2 pfilter4
2026-08-21T14:17:01.639,5174,RAD,horizontal,2,21.94,24.44,124.4,100.2,830,29.03,0.83,0.42,7,1.36,0,0,run2 pfilter4
2026-08-21T14:17:01.736,5175,RAD,horizontal,2,21.94,24.44,68.2,41.9,342,29.32,1.00,0.56,6,1.32,0,0,run2 pfilter4
2026-08-21T14:17:01.736,5175,RAD,horizontal,2,21.94,24.44,124.1,99.1,846,29.06,0.82,0.47,9,1.33,0,0,run2 pfilter4
2026-08-21T14:17:01.865,5176,RAD,horizontal,2,21.94,24.44,68.2,41.8,335,29.12,1.00,0.58,5,1.31,0,0,run2 pfilter4
2026-08-21T14:17:01.865,5176,RAD,horizontal,2,21.94,24.44,123.7,98.1,824,28.86,0.83,0.43,7,1.31,0,0,run2 pfilter4
2026-08-21T14:17:01.997,5177,RAD,horizontal,2,21.92,24.42,68.2,41.8,335,29.08,1.00,0.58,5,1.31,0,0,run2 pfilter4
2026-08-21T14:17:01.997,5177,RAD,horizontal,2,21.92,24.42,123.2,97.1,806,28.86,0.68,0.50,9,1.29,0,0,run2 pfilter4
2026-08-21T14:17:02.087,5178,RAD,horizontal,2,21.92,24.42,68.3,41.7,331,29.03,1.00,0.59,6,1.27,0,0,run2 pfilter4
2026-08-21T14:17:02.087,5178,RAD,horizontal,2,21.92,24.42,123.0,96.3,803,28.94,0.67,0.41,10,1.28,0,0,run2 pfilter4
2026-08-21T14:17:02.217,5179,RAD,horizontal,2,21.92,24.42,68.3,41.7,333,29.03,1.00,0.62,5,1.28,0,0,run2 pfilter4
2026-08-21T14:17:02.217,5179,RAD,horizontal,2,21.92,24.42,122.9,95.7,788,29.08,0.68,0.50,9,1.29,0,0,run2 pfilter4
2026-08-21T14:17:02.314,5180,RAD,horizontal,2,21.92,24.42,68.3,41.7,333,29.03,1.00,0.59,5,1.28,0,0,run2 pfilter4
2026-08-21T14:17:02.314,5180,RAD,horizontal,2,21.92,24.42,122.6,95.5,779,29.01,0.71,0.51,8,1.28,0,0,run2 pfilter4
2026-08-21T14:17:02.441,5181,RAD,horizontal,2,21.92,24.42,68.3,41.7,331,29.14,1.00,0.59,5,1.29,0,0,run2 pfilter4
2026-08-21T14:17:02.441,5181,RAD,horizontal,2,21.92,24.42,122.6,95.2,789,29.12,0.68,0.51,8,1.27,0,0,run2 pfilter4
2026-08-21T14:17:02.537,5182,RAD,horizontal,2,21.92,24.42,68.2,41.7,331,29.14,1.00,0.59,5,1.28,0,0,run2 pfilter4
2026-08-21T14:17:02.537,5182,RAD,horizontal,2,21.92,24.42,122.8,95.1,788,29.12,1.13,0.56,9,1.27,0,0,run2 pfilter4
2026-08-21T14:17:02.663,5183,RAD,horizontal,2,21.92,24.42,68.2,41.7,332,29.14,1.00,0.60,5,1.29,0,0,run2 pfilter4
2026-08-21T14:17:02.663,5183,RAD,horizontal,2,21.92,24.42,122.9,95.1,767,29.01,0.93,0.62,9,1.25,0,0,run2 pfilter4
2026-08-21T14:17:02.758,5184,RAD,horizontal,2,21.92,24.42,68.2,41.7,331,29.17,1.00,0.59,6,1.29,0,0,run2 pfilter4
2026-08-21T14:17:02.758,5184,RAD,horizontal,2,21.92,24.42,123.0,95.2,766,29.01,1.14,0.59,8,1.25,0,0,run2 pfilter4
2026-08-21T14:17:02.887,5185,RAD,horizontal,2,21.92,24.42,68.1,41.8,331,29.17,1.09,0.55,6,1.28,0,0,run2 pfilter4
2026-08-21T14:17:02.887,5185,RAD,horizontal,2,21.92,24.42,123.0,95.6,766,29.03,1.36,0.54,9,1.27,0,0,run2 pfilter4
2026-08-21T14:17:03.016,5186,RAD,horizontal,2,21.92,24.42,68.1,41.8,331,29.17,1.09,0.55,6,1.28,0,0,run2 pfilter4
2026-08-21T14:17:03.016,5186,RAD,horizontal,2,21.92,24.42,122.8,96.1,764,29.03,1.29,0.55,7,1.26,0,0,run2 pfilter4
2026-08-21T14:17:03.111,5187,RAD,horizontal,2,21.92,24.42,68.1,41.8,335,29.23,1.09,0.58,5,1.32,0,0,run2 pfilter4
2026-08-21T14:17:03.111,5187,RAD,horizontal,2,21.92,24.42,122.0,97.1,791,29.19,0.84,0.50,5,1.29,0,0,run2 pfilter4
2026-08-21T14:17:03.241,5188,RAD,horizontal,2,21.92,24.42,68.0,41.9,338,29.30,1.00,0.54,5,1.32,0,0,run2 pfilter4
2026-08-21T14:17:03.241,5188,RAD,horizontal,2,21.92,24.42,120.8,97.8,822,29.23,1.20,0.40,8,1.35,0,0,run2 pfilter4
2026-08-21T14:17:03.336,5189,RAD,horizontal,2,21.92,24.42,68.0,41.9,339,29.30,0.92,0.58,4,1.31,0,0,run2 pfilter4
2026-08-21T14:17:03.336,5189,RAD,horizontal,2,21.92,24.42,119.3,97.9,795,29.39,0.86,0.53,8,1.33,0,0,run2 pfilter4
2026-08-21T14:17:03.464,5190,RAD,horizontal,2,21.92,24.42,68.0,41.9,341,29.28,0.92,0.58,4,1.32,0,0,run2 pfilter4
2026-08-21T14:17:03.464,5190,RAD,horizontal,2,21.92,24.42,117.0,98.2,807,29.08,0.93,0.58,8,1.29,0,0,run2 pfilter4
2026-08-21T14:17:03.562,5191,RAD,horizontal,2,21.92,24.42,68.0,41.9,340,29.28,0.92,0.58,4,1.33,0,0,run2 pfilter4
2026-08-21T14:17:03.562,5191,RAD,horizontal,2,21.92,24.42,114.4,98.0,823,28.86,0.88,0.58,9,1.29,0,0,run2 pfilter4
2026-08-21T14:17:03.687,5192,RAD,horizontal,2,21.92,24.42,68.0,41.9,342,29.28,0.92,0.58,5,1.33,0,0,run2 pfilter4
2026-08-21T14:17:03.687,5192,RAD,horizontal,2,21.92,24.42,111.7,97.6,869,28.94,1.00,0.57,10,1.29,0,0,run2 pfilter4
2026-08-21T14:17:03.816,5193,RAD,horizontal,2,21.92,24.42,68.0,41.9,342,29.23,0.92,0.58,5,1.33,0,0,run2 pfilter4
2026-08-21T14:17:03.816,5193,RAD,horizontal,2,21.92,24.42,109.4,97.7,870,28.79,1.78,0.38,13,1.29,0,0,run2 pfilter4
2026-08-21T14:17:03.913,5194,RAD,horizontal,2,21.92,24.42,67.9,41.9,343,29.23,0.83,0.61,5,1.33,0,0,run2 pfilter4
2026-08-21T14:17:03.913,5194,RAD,horizontal,2,21.92,24.42,107.7,97.6,848,28.90,1.47,0.37,11,1.30,0,0,run2 pfilter4
2026-08-21T14:17:04.040,5195,RAD,horizontal,2,21.92,24.42,67.9,41.9,339,29.23,0.83,0.61,5,1.32,0,0,run2 pfilter4
2026-08-21T14:17:04.040,5195,RAD,horizontal,2,21.92,24.42,106.5,97.6,827,28.99,1.42,0.44,10,1.31,0,0,run2 pfilter4
2026-08-21T14:17:04.138,5196,RAD,horizontal,2,21.92,24.42,67.9,41.8,340,29.37,0.83,0.61,3,1.34,0,0,run2 pfilter4
2026-08-21T14:17:04.138,5196,RAD,horizontal,2,21.92,24.42,105.2,97.8,835,28.94,1.35,0.35,13,1.33,0,0,run2 pfilter4
2026-08-21T14:17:04.263,5197,RAD,horizontal,2,21.92,24.42,67.9,41.7,345,29.45,0.92,0.57,3,1.37,0,0,run2 pfilter4
2026-08-21T14:17:04.263,5197,RAD,horizontal,2,21.92,24.42,103.8,98.8,851,28.88,1.39,0.37,11,1.36,0,0,run2 pfilter4
2026-08-21T14:17:04.361,5198,RAD,horizontal,2,21.94,24.44,67.9,41.6,343,29.43,0.92,0.58,5,1.38,0,0,run2 pfilter4
2026-08-21T14:17:04.361,5198,RAD,horizontal,2,21.94,24.44,102.2,99.9,886,28.68,1.42,0.35,13,1.32,0,0,run2 pfilter4
2026-08-21T14:17:04.489,5199,RAD,horizontal,2,21.94,24.44,68.1,41.5,321,29.54,1.18,0.57,5,1.38,0,0,run2 pfilter4
2026-08-21T14:17:04.489,5199,RAD,horizontal,2,21.94,24.44,103.5,99.0,294,28.70,1.32,0.36,13,0.57,0,0,run2 pfilter4
2026-08-21T14:17:04.586,5200,RAD,horizontal,2,21.94,24.44,67.2,37.1,71,29.34,1.20,0.59,3,0.80,0,0,run2 pfilter4
2026-08-21T14:17:04.586,5200,RAD,horizontal,2,21.94,24.44,100.2,100.2,915,28.72,1.38,0.33,12,1.32,0,0,run2 pfilter4
2026-08-21T14:17:04.714,5201,RAD,horizontal,2,21.94,24.44,65.8,35.1,59,29.41,1.33,0.55,1,0.73,0,0,run2 pfilter4
2026-08-21T14:17:04.714,5201,RAD,horizontal,2,21.94,24.44,97.6,100.6,916,28.83,1.20,0.36,11,1.34,0,0,run2 pfilter4
2026-08-21T14:17:04.840,5202,RAD,horizontal,2,21.94,24.44,63.8,34.3,50,29.45,1.75,0.45,3,0.79,0,0,run2 pfilter4
2026-08-21T14:17:04.840,5202,RAD,horizontal,2,21.94,24.44,95.2,100.2,921,28.83,1.28,0.33,9,1.35,0,0,run2 pfilter4
2026-08-21T14:17:04.931,5203,RAD,horizontal,1,21.92,24.42,92.7,99.4,894,28.66,1.19,0.33,13,1.29,0,0,run2 pfilter4
2026-08-21T14:17:05.060,5204,RAD,horizontal,1,21.92,24.42,90.2,98.4,941,28.68,1.36,0.38,12,1.34,0,0,run2 pfilter4
2026-08-21T14:17:05.156,5205,RAD,horizontal,1,21.90,24.40,88.0,97.5,933,28.77,1.08,0.33,15,1.33,0,0,run2 pfilter4
2026-08-21T14:17:05.284,5206,RAD,horizontal,1,21.87,24.37,86.3,96.6,931,28.52,1.04,0.39,13,1.34,0,0,run2 pfilter4
2026-08-21T14:17:05.382,5207,RAD,horizontal,1,21.85,24.35,85.0,96.0,929,28.86,1.00,0.38,12,1.33,0,0,run2 pfilter4
2026-08-21T14:17:05.510,5208,RAD,horizontal,1,21.85,24.35,84.3,95.8,938,29.08,1.08,0.39,12,1.33,0,0,run2 pfilter4
2026-08-21T14:17:05.637,5209,RAD,horizontal,1,21.90,24.40,83.6,96.2,946,28.90,1.00,0.39,14,1.29,0,0,run2 pfilter4
2026-08-21T14:17:05.731,5210,RAD,horizontal,1,21.92,24.42,82.7,96.7,982,28.86,0.88,0.46,12,1.35,0,0,run2 pfilter4
2026-08-21T14:17:05.859,5211,RAD,horizontal,1,21.90,24.40,81.5,96.2,957,28.86,1.04,0.41,12,1.33,0,0,run2 pfilter4
2026-08-21T14:17:05.954,5212,RAD,horizontal,1,21.92,24.42,79.2,95.9,970,28.77,1.04,0.37,11,1.33,0,0,run2 pfilter4
2026-08-21T14:17:06.084,5213,RAD,horizontal,1,21.90,24.40,75.9,95.1,980,28.74,0.76,0.43,13,1.30,0,0,run2 pfilter4
2026-08-21T14:17:06.181,5214,RAD,horizontal,1,21.92,24.42,72.3,94.4,979,28.83,1.00,0.38,13,1.34,0,0,run2 pfilter4
2026-08-21T14:17:06.310,5215,RAD,horizontal,1,21.92,24.42,69.3,93.4,967,28.81,0.88,0.50,14,1.34,0,0,run2 pfilter4
2026-08-21T14:17:06.405,5216,RAD,horizontal,1,21.94,24.44,67.2,93.1,956,28.94,0.85,0.48,15,1.32,0,0,run2 pfilter4
2026-08-21T14:17:06.531,5217,RAD,horizontal,1,21.92,24.42,65.7,88.2,204,28.81,0.88,0.37,8,0.52,0,0,run2 pfilter4
2026-08-21T14:17:06.659,5218,RAD,horizontal,1,21.92,24.42,64.6,86.0,240,28.77,0.92,0.42,8,0.60,0,0,run2 pfilter4
2026-08-21T14:17:06.757,5219,RAD,horizontal,1,21.92,24.42,64.2,86.2,256,28.74,0.92,0.41,10,0.57,0,0,run2 pfilter4
2026-08-21T14:17:06.887,5220,RAD,horizontal,1,21.92,24.42,64.4,86.5,254,28.92,0.92,0.41,10,0.57,0,0,run2 pfilter4
2026-08-21T14:17:06.985,5221,RAD,horizontal,1,21.92,24.42,65.3,86.8,260,28.79,0.92,0.45,10,0.59,0,0,run2 pfilter4
2026-08-21T14:17:07.117,5222,RAD,horizontal,1,21.94,24.44,67.0,91.5,948,28.72,0.81,0.48,13,1.33,0,0,run2 pfilter4
2026-08-21T14:17:07.211,5223,RAD,horizontal,1,21.94,24.44,69.1,94.0,958,28.70,0.85,0.49,12,1.31,0,0,run2 pfilter4
2026-08-21T14:17:07.336,5224,RAD,horizontal,2,21.92,24.42,72.1,95.5,965,28.83,0.74,0.47,11,1.30,0,0,run2 pfilter4
2026-08-21T14:17:07.336,5224,RAD,horizontal,2,21.92,24.42,18.4,57.1,477,28.74,2.00,0.63,6,1.23,0,0,run2 pfilter4
2026-08-21T14:17:07.466,5225,RAD,horizontal,2,21.92,24.42,76.0,97.0,963,28.94,0.74,0.44,12,1.27,0,0,run2 pfilter4
2026-08-21T14:17:07.466,5225,RAD,horizontal,2,21.92,24.42,17.0,59.0,476,28.92,1.44,0.58,5,1.26,0,0,run2 pfilter4
2026-08-21T14:17:07.562,5226,RAD,horizontal,2,21.90,24.40,80.8,98.5,960,28.55,0.70,0.47,12,1.26,0,0,run2 pfilter4
2026-08-21T14:17:07.562,5226,RAD,horizontal,2,21.90,24.40,15.6,60.2,484,29.01,1.67,0.53,7,1.27,0,0,run2 pfilter4
2026-08-21T14:17:07.679,5227,RAD,horizontal,1,21.87,24.37,14.5,61.1,512,28.92,1.56,0.63,5,1.24,0,0,run2 pfilter4
2026-08-21T14:17:07.777,5228,RAD,horizontal,1,21.90,24.40,13.9,62.3,599,29.30,1.13,0.46,5,1.29,0,0,run2 pfilter4
2026-08-21T14:17:07.917,5229,RAD,horizontal,2,21.90,24.40,91.6,101.2,952,28.81,0.00,0.00,10,1.40,0,0,run2 pfilter4
2026-08-21T14:17:07.917,5229,RAD,horizontal,2,21.90,24.40,13.5,63.7,659,29.26,1.45,0.59,4,1.31,0,0,run2 pfilter4
2026-08-21T14:17:08.011,5230,RAD,horizontal,2,21.87,24.37,93.2,101.0,908,28.72,0.00,0.00,12,1.33,0,0,run2 pfilter4
2026-08-21T14:17:08.011,5230,RAD,horizontal,2,21.87,24.37,13.4,65.8,688,29.39,1.50,0.55,3,1.38,0,0,run2 pfilter4
2026-08-21T14:17:08.139,5231,RAD,horizontal,2,21.90,24.40,93.7,100.6,890,29.14,1.23,0.28,11,1.35,0,0,run2 pfilter4
2026-08-21T14:17:08.139,5231,RAD,horizontal,2,21.90,24.40,14.0,67.4,693,29.54,1.50,0.60,3,1.39,0,0,run2 pfilter4
2026-08-21T14:17:08.238,5232,RAD,horizontal,2,21.87,24.37,93.7,100.5,878,28.97,0.92,0.37,10,1.33,0,0,run2 pfilter4
2026-08-21T14:17:08.238,5232,RAD,horizontal,2,21.87,24.37,15.7,68.6,721,29.65,1.50,0.61,4,1.34,0,0,run2 pfilter4
2026-08-21T14:17:08.364,5233,RAD,horizontal,2,21.87,24.37,93.5,100.0,875,28.59,0.65,0.40,10,1.32,0,0,run2 pfilter4
2026-08-21T14:17:08.364,5233,RAD,horizontal,2,21.87,24.37,16.4,60.6,112,29.57,1.55,0.60,4,0.81,0,0,run2 pfilter4
2026-08-21T14:17:08.488,5234,RAD,horizontal,2,21.87,24.37,93.2,99.6,850,28.63,0.65,0.41,9,1.31,0,0,run2 pfilter4
2026-08-21T14:17:08.488,5234,RAD,horizontal,2,21.87,24.37,19.4,66.7,754,30.14,1.58,0.54,7,1.32,0,0,run2 pfilter4
2026-08-21T14:17:08.585,5235,RAD,horizontal,2,21.92,24.42,93.2,99.3,881,28.68,0.83,0.39,11,1.30,0,0,run2 pfilter4
2026-08-21T14:17:08.585,5235,RAD,horizontal,2,21.92,24.42,21.9,70.3,791,29.85,1.46,0.48,5,1.39,0,0,run2 pfilter4
2026-08-21T14:17:08.713,5236,RAD,horizontal,2,21.92,24.42,93.3,99.4,923,28.79,0.71,0.45,11,1.34,0,0,run2 pfilter4
2026-08-21T14:17:08.713,5236,RAD,horizontal,2,21.92,24.42,24.2,72.9,800,29.81,1.29,0.55,5,1.40,0,0,run2 pfilter4
2026-08-21T14:17:08.800,5237,RAD,horizontal,1,21.92,24.42,26.4,74.8,817,29.74,1.00,0.60,8,1.40,0,0,run2 pfilter4
2026-08-21T14:17:08.930,5238,RAD,horizontal,1,21.90,24.40,26.5,68.5,134,29.37,1.21,0.56,4,0.75,0,0,run2 pfilter4
2026-08-21T14:17:09.037,5239,RAD,horizontal,2,21.94,24.44,92.3,98.4,921,28.70,0.96,0.38,10,1.34,0,0,run2 pfilter4
2026-08-21T14:17:09.037,5239,RAD,horizontal,2,21.94,24.44,30.4,75.5,907,29.57,1.14,0.59,10,1.30,0,0,run2 pfilter4
2026-08-21T14:17:09.164,5240,RAD,horizontal,2,21.94,24.44,93.2,95.9,315,28.70,1.12,0.42,11,0.62,0,0,run2 pfilter4
2026-08-21T14:17:09.164,5240,RAD,horizontal,2,21.94,24.44,33.9,79.5,879,29.45,1.19,0.51,8,1.29,0,0,run2 pfilter4
2026-08-21T14:17:09.260,5241,RAD,horizontal,2,21.94,24.44,92.6,96.8,883,28.83,1.00,0.36,11,1.34,0,0,run2 pfilter4
2026-08-21T14:17:09.260,5241,RAD,horizontal,2,21.94,24.44,37.6,81.7,867,29.54,1.31,0.51,8,1.32,0,0,run2 pfilter4
2026-08-21T14:17:09.387,5242,RAD,horizontal,2,21.94,24.44,92.9,97.8,908,28.59,1.28,0.34,12,1.32,0,0,run2 pfilter4
2026-08-21T14:17:09.387,5242,RAD,horizontal,2,21.94,24.44,41.6,83.1,897,29.26,2.67,0.35,9,1.31,0,0,run2 pfilter4
2026-08-21T14:17:09.517,5243,RAD,horizontal,2,21.94,24.44,93.7,98.9,919,29.01,1.00,0.36,12,1.31,0,0,run2 pfilter4
2026-08-21T14:17:09.517,5243,RAD,horizontal,2,21.94,24.44,45.7,83.8,954,29.57,1.31,0.55,6,1.33,0,0,run2 pfilter4
2026-08-21T14:17:09.602,5244,RAD,horizontal,1,21.92,24.42,49.4,83.9,985,29.63,1.36,0.53,9,1.38,0,0,run2 pfilter4
2026-08-21T14:17:09.740,5245,RAD,horizontal,2,21.92,24.42,98.6,98.9,209,28.90,1.29,0.28,12,0.60,0,0,run2 pfilter4
2026-08-21T14:17:09.740,5245,RAD,horizontal,2,21.92,24.42,52.4,84.0,976,29.19,1.21,0.56,11,1.34,0,0,run2 pfilter4
2026-08-21T14:17:09.838,5246,RAD,horizontal,2,21.92,24.42,99.5,101.4,855,28.46,1.00,0.29,9,1.30,0,0,run2 pfilter4
2026-08-21T14:17:09.838,5246,RAD,horizontal,2,21.92,24.42,55.1,85.4,996,29.03,0.73,0.47,10,1.36,0,0,run2 pfilter4
2026-08-21T14:17:09.966,5247,RAD,horizontal,2,21.92,24.42,101.1,103.7,861,29.08,1.18,0.42,9,1.32,0,0,run2 pfilter4
2026-08-21T14:17:09.966,5247,RAD,horizontal,2,21.92,24.42,57.2,87.4,1032,29.10,0.70,0.45,11,1.38,0,0,run2 pfilter4
2026-08-21T14:17:10.062,5248,RAD,horizontal,2,21.92,24.42,102.8,105.3,823,28.70,0.00,0.00,9,1.21,0,0,run2 pfilter4
2026-08-21T14:17:10.062,5248,RAD,horizontal,2,21.92,24.42,59.2,89.4,1037,28.74,1.06,0.52,11,1.33,0,0,run2 pfilter4
2026-08-21T14:17:10.183,5249,RAD,horizontal,2,21.90,24.40,105.8,105.1,104,28.41,0.00,0.00,6,0.48,0,0,run2 pfilter4
2026-08-21T14:17:10.183,5249,RAD,horizontal,2,21.90,24.40,60.9,90.7,1040,29.14,1.69,0.41,8,1.35,0,0,run2 pfilter4
2026-08-21T14:17:10.313,5250,RAD,horizontal,2,21.90,24.40,106.2,104.7,115,28.43,0.00,0.00,6,0.47,0,0,run2 pfilter4
2026-08-21T14:17:10.313,5250,RAD,horizontal,2,21.90,24.40,62.6,91.1,1082,28.79,1.27,0.36,11,1.34,0,0,run2 pfilter4
2026-08-21T14:17:10.410,5251,RAD,horizontal,2,21.90,24.40,107.0,105.7,113,28.72,0.00,0.00,3,0.48,0,0,run2 pfilter4
2026-08-21T14:17:10.410,5251,RAD,horizontal,2,21.90,24.40,64.6,90.7,1106,28.94,1.36,0.38,14,1.37,0,0,run2 pfilter4
2026-08-21T14:17:10.540,5252,RAD,horizontal,2,21.90,24.40,107.6,106.3,99,28.72,0.00,0.00,3,0.47,0,0,run2 pfilter4
2026-08-21T14:17:10.540,5252,RAD,horizontal,2,21.90,24.40,67.1,89.7,1114,28.83,1.54,0.33,13,1.33,0,0,run2 pfilter4
2026-08-21T14:17:10.627,5253,RAD,horizontal,1,21.92,24.42,69.3,88.6,1116,28.81,0.00,0.00,11,1.38,0,0,run2 pfilter4
2026-08-21T14:17:10.758,5254,RAD,horizontal,1,21.92,24.42,71.2,87.6,1097,28.99,0.00,0.00,13,1.37,0,0,run2 pfilter4
2026-08-21T14:17:10.851,5255,RAD,horizontal,1,21.94,24.44,72.5,86.7,1077,29.30,0.00,0.00,15,1.35,0,0,run2 pfilter4
2026-08-21T14:17:10.983,5256,RAD,horizontal,1,21.97,24.47,73.2,85.8,1076,29.70,0.00,0.00,11,1.35,0,0,run2 pfilter4
2026-08-21T14:17:11.079,5257,RAD,horizontal,1,21.94,24.44,73.5,85.0,1059,29.61,0.00,0.00,10,1.37,0,0,run2 pfilter4
2026-08-21T14:17:11.211,5258,RAD,horizontal,1,21.94,24.44,74.1,84.4,1077,29.68,0.00,0.00,12,1.38,0,0,run2 pfilter4
2026-08-21T14:17:11.339,5259,RAD,horizontal,1,21.94,24.44,74.8,83.9,1104,29.94,0.00,0.00,8,1.39,0,0,run2 pfilter4
2026-08-21T14:17:11.430,5260,RAD,horizontal,1,21.94,24.44,75.4,83.7,1129,29.81,0.00,0.00,8,1.44,0,0,run2 pfilter4
2026-08-21T14:17:11.582,5261,RAD,horizontal,1,21.94,24.44,83.4,90.1,1856,29.88,0.00,0.00,18,1.38,0,0,run2 pfilter4
2026-08-21T14:17:11.650,5262,RAD,horizontal,1,21.94,24.44,78.7,86.3,1164,29.88,0.00,0.00,11,1.44,0,0,run2 pfilter4
2026-08-21T14:17:11.781,5263,RAD,horizontal,1,21.92,24.42,76.1,84.3,1148,29.88,0.00,0.00,11,1.40,0,0,run2 pfilter4
2026-08-21T14:17:11.876,5264,RAD,horizontal,1,21.94,24.44,75.1,83.6,1143,29.88,0.00,0.00,10,1.38,0,0,run2 pfilter4
2026-08-21T14:17:12.010,5265,RAD,horizontal,1,21.94,24.44,74.9,83.5,1142,29.88,0.00,0.00,8,1.39,0,0,run2 pfilter4
2026-08-21T14:17:12.137,5266,RAD,horizontal,1,21.94,24.44,74.9,83.6,1163,29.85,0.00,0.00,9,1.41,0,0,run2 pfilter4
