timestamp,frame,mode,view,n_det,background,threshold,cx,cy,area_px,val_max,aspect,extent,peaks,std_c,skin_px,priority,note
2026-08-21T14:58:41.393,43,RAD,horizontal,1,23.36,25.86,74.6,21.6,15,29.52,1.00,0.94,1,1.18,0,0,horizontal best
2026-08-21T14:58:41.519,44,RAD,horizontal,1,23.39,25.89,74.6,21.6,15,29.63,1.00,0.94,1,1.18,0,0,horizontal best
2026-08-21T14:58:41.616,45,RAD,horizontal,1,23.39,25.89,74.6,21.6,15,29.63,1.00,0.94,1,1.21,0,0,horizontal best
2026-08-21T14:58:41.746,46,RAD,horizontal,1,23.39,25.89,74.5,21.4,13,29.68,1.00,0.81,1,1.21,0,0,horizontal best
2026-08-21T14:58:41.841,47,RAD,horizontal,1,23.41,25.91,74.5,21.4,13,29.68,1.00,0.81,1,1.22,0,0,horizontal best
2026-08-21T14:58:41.970,48,RAD,horizontal,1,23.41,25.91,74.5,21.4,12,29.59,1.00,0.75,1,1.25,0,0,horizontal best
2026-08-21T14:58:42.097,49,RAD,horizontal,1,23.41,25.91,74.6,21.4,12,29.59,1.00,0.75,1,1.25,0,0,horizontal best
2026-08-21T14:58:42.191,50,RAD,horizontal,1,23.39,25.89,74.6,21.4,12,29.57,1.00,0.75,1,1.25,0,0,horizontal best
2026-08-21T14:58:42.323,51,RAD,horizontal,1,23.39,25.89,74.6,21.4,12,29.52,1.00,0.75,1,1.24,0,0,horizontal best
2026-08-21T14:58:42.417,52,RAD,horizontal,1,23.41,25.91,74.6,21.4,12,29.52,1.00,0.75,1,1.23,0,0,horizontal best
2026-08-21T14:58:42.544,53,RAD,horizontal,1,23.39,25.89,74.6,21.4,12,29.52,1.00,0.75,1,1.22,0,0,horizontal best
2026-08-21T14:58:42.640,54,RAD,horizontal,1,23.39,25.89,74.6,21.4,12,29.48,1.00,0.75,1,1.21,0,0,horizontal best
2026-08-21T14:58:42.772,55,RAD,horizontal,1,23.41,25.91,74.6,21.4,12,29.48,1.00,0.75,1,1.22,0,0,horizontal best
2026-08-21T14:58:42.863,56,RAD,horizontal,1,23.43,25.93,74.6,21.4,12,29.50,1.00,0.75,1,1.23,0,0,horizontal best
2026-08-21T14:58:42.991,57,RAD,horizontal,1,23.41,25.91,74.6,21.4,12,29.50,1.00,0.75,1,1.22,0,0,horizontal best
2026-08-21T14:58:43.115,58,RAD,horizontal,1,23.41,25.91,74.6,21.4,12,29.50,1.00,0.75,1,1.22,0,0,horizontal best
2026-08-21T14:58:43.210,59,RAD,horizontal,1,23.41,25.91,74.6,21.4,12,29.50,1.00,0.75,1,1.22,0,0,horizontal best
2026-08-21T14:58:43.342,60,RAD,horizontal,1,23.39,25.89,74.6,21.4,12,29.45,1.00,0.75,1,1.19,0,0,horizontal best
2026-08-21T14:58:43.441,61,RAD,horizontal,1,23.39,25.89,74.6,21.4,12,29.41,1.00,0.75,1,1.19,0,0,horizontal best
2026-08-21T14:58:43.569,62,RAD,horizontal,2,23.39,25.89,74.6,21.4,12,29.39,1.00,0.75,1,1.19,0,0,horizontal best
2026-08-21T14:58:43.569,62,RAD,horizontal,2,23.39,25.89,84.9,104.7,392,31.15,0.00,0.00,14,1.03,0,0,horizontal best
2026-08-21T14:58:43.666,63,RAD,horizontal,2,23.39,25.89,74.6,21.4,12,29.39,1.00,0.75,1,1.19,0,0,horizontal best
2026-08-21T14:58:43.666,63,RAD,horizontal,2,23.39,25.89,82.8,106.2,463,31.74,0.73,0.70,13,0.92,0,0,horizontal best
2026-08-21T14:58:43.792,64,RAD,horizontal,2,23.39,25.89,74.6,21.4,12,29.32,1.00,0.75,1,1.18,0,0,horizontal best
2026-08-21T14:58:43.792,64,RAD,horizontal,2,23.39,25.89,81.5,106.1,724,31.59,0.00,0.00,15,1.09,0,0,horizontal best
2026-08-21T14:58:43.927,65,RAD,horizontal,2,23.39,25.89,74.6,21.4,12,29.32,1.00,0.75,1,1.18,0,0,horizontal best
2026-08-21T14:58:43.927,65,RAD,horizontal,2,23.39,25.89,79.9,103.9,693,31.55,0.00,0.00,13,1.06,0,0,horizontal best
2026-08-21T14:58:44.018,66,RAD,horizontal,2,23.39,25.89,74.6,21.4,12,29.32,1.00,0.75,1,1.18,0,0,horizontal best
2026-08-21T14:58:44.018,66,RAD,horizontal,2,23.39,25.89,78.9,101.6,661,31.94,0.00,0.00,13,1.05,0,0,horizontal best
2026-08-21T14:58:44.149,67,RAD,horizontal,2,23.39,25.89,74.6,21.4,12,29.32,1.00,0.75,1,1.18,0,0,horizontal best
2026-08-21T14:58:44.149,67,RAD,horizontal,2,23.39,25.89,78.9,100.1,675,31.91,0.00,0.00,15,1.05,0,0,horizontal best
2026-08-21T14:58:44.243,68,RAD,horizontal,2,23.39,25.89,74.6,21.4,12,29.30,1.00,0.75,1,1.17,0,0,horizontal best
2026-08-21T14:58:44.243,68,RAD,horizontal,2,23.39,25.89,79.3,99.4,680,31.72,0.00,0.00,19,1.03,0,0,horizontal best
2026-08-21T14:58:44.375,69,RAD,horizontal,2,23.39,25.89,74.6,21.4,12,29.30,1.00,0.75,1,1.16,0,0,horizontal best
2026-08-21T14:58:44.375,69,RAD,horizontal,2,23.39,25.89,80.1,99.8,668,31.48,1.03,0.63,15,1.00,0,0,horizontal best
2026-08-21T14:58:44.467,70,RAD,horizontal,2,23.39,25.89,74.6,21.4,12,29.30,1.00,0.75,1,1.17,0,0,horizontal best
2026-08-21T14:58:44.467,70,RAD,horizontal,2,23.39,25.89,81.0,99.9,668,31.44,1.03,0.63,15,1.04,0,0,horizontal best
2026-08-21T14:58:44.594,71,RAD,horizontal,2,23.39,25.89,74.6,21.4,12,29.30,1.00,0.75,1,1.16,0,0,horizontal best
2026-08-21T14:58:44.594,71,RAD,horizontal,2,23.39,25.89,83.6,98.7,594,31.81,0.81,0.71,9,0.92,0,0,horizontal best
2026-08-21T14:58:44.689,72,RAD,horizontal,2,23.39,25.89,74.6,21.4,12,29.28,1.00,0.75,1,1.16,0,0,horizontal best
2026-08-21T14:58:44.689,72,RAD,horizontal,2,23.39,25.89,87.4,97.6,557,31.13,0.81,0.72,11,0.94,0,0,horizontal best
2026-08-21T14:58:44.818,73,RAD,horizontal,2,23.41,25.91,74.6,21.4,12,29.32,1.00,0.75,1,1.17,0,0,horizontal best
2026-08-21T14:58:44.818,73,RAD,horizontal,2,23.41,25.91,90.8,96.7,560,31.52,0.83,0.80,12,0.96,0,0,horizontal best
2026-08-21T14:58:44.948,74,RAD,horizontal,2,23.41,25.91,74.6,21.4,12,29.30,1.00,0.75,1,1.15,0,0,horizontal best
2026-08-21T14:58:44.948,74,RAD,horizontal,2,23.41,25.91,93.8,96.9,588,31.52,1.17,0.60,12,1.02,0,0,horizontal best
2026-08-21T14:58:45.042,75,RAD,horizontal,2,23.43,25.93,74.6,21.4,12,29.41,1.00,0.75,1,1.16,0,0,horizontal best
2026-08-21T14:58:45.042,75,RAD,horizontal,2,23.43,25.93,96.2,96.5,599,31.50,1.30,0.63,10,1.15,0,0,horizontal best
2026-08-21T14:58:45.172,76,RAD,horizontal,2,23.43,25.93,74.6,21.4,12,29.41,1.00,0.75,1,1.16,0,0,horizontal best
2026-08-21T14:58:45.172,76,RAD,horizontal,2,23.43,25.93,97.7,96.0,622,31.74,1.21,0.61,10,1.22,0,0,horizontal best
2026-08-21T14:58:45.266,77,RAD,horizontal,2,23.43,25.93,74.6,21.4,12,29.41,1.00,0.75,1,1.16,0,0,horizontal best
2026-08-21T14:58:45.266,77,RAD,horizontal,2,23.43,25.93,98.1,96.0,626,31.33,1.21,0.66,9,1.19,0,0,horizontal best
2026-08-21T14:58:45.396,78,RAD,horizontal,2,23.43,25.93,74.6,21.4,12,29.41,1.00,0.75,1,1.16,0,0,horizontal best
2026-08-21T14:58:45.396,78,RAD,horizontal,2,23.43,25.93,97.7,96.2,633,31.39,1.18,0.69,11,1.10,0,0,horizontal best
2026-08-21T14:58:45.491,79,RAD,horizontal,2,23.41,25.91,74.6,21.4,12,29.41,1.00,0.75,1,1.15,0,0,horizontal best
2026-08-21T14:58:45.491,79,RAD,horizontal,2,23.41,25.91,97.0,96.0,631,31.39,1.14,0.66,11,1.00,0,0,horizontal best
2026-08-21T14:58:45.619,80,RAD,horizontal,2,23.41,25.91,74.6,21.4,12,29.39,1.00,0.75,1,1.15,0,0,horizontal best
2026-08-21T14:58:45.619,80,RAD,horizontal,2,23.41,25.91,96.2,95.9,631,31.52,1.14,0.66,12,0.98,0,0,horizontal best
2026-08-21T14:58:45.749,81,RAD,horizontal,2,23.43,25.93,74.6,21.4,12,29.37,1.00,0.75,1,1.15,0,0,horizontal best
2026-08-21T14:58:45.749,81,RAD,horizontal,2,23.43,25.93,95.6,96.3,667,31.59,1.10,0.72,13,1.04,0,0,horizontal best
2026-08-21T14:58:45.841,82,RAD,horizontal,2,23.41,25.91,74.6,21.4,12,29.34,1.00,0.75,1,1.15,0,0,horizontal best
2026-08-21T14:58:45.841,82,RAD,horizontal,2,23.41,25.91,95.2,96.1,638,31.37,0.97,0.73,12,1.02,0,0,horizontal best
2026-08-21T14:58:45.970,83,RAD,horizontal,2,23.41,25.91,74.6,21.4,12,29.32,1.00,0.75,1,1.15,0,0,horizontal best
2026-08-21T14:58:45.970,83,RAD,horizontal,2,23.41,25.91,94.8,96.1,656,31.41,1.00,0.73,14,1.07,0,0,horizontal best
2026-08-21T14:58:46.067,84,RAD,horizontal,2,23.41,25.91,74.6,21.4,12,29.32,1.00,0.75,1,1.16,0,0,horizontal best
2026-08-21T14:58:46.067,84,RAD,horizontal,2,23.41,25.91,94.3,96.3,659,31.46,0.97,0.76,13,1.05,0,0,horizontal best
2026-08-21T14:58:46.192,85,RAD,horizontal,2,23.39,25.89,74.6,21.4,12,29.32,1.00,0.75,1,1.09,0,0,horizontal best
2026-08-21T14:58:46.192,85,RAD,horizontal,2,23.39,25.89,93.6,96.4,644,31.68,1.00,0.77,12,1.00,0,0,horizontal best
2026-08-21T14:58:46.291,86,RAD,horizontal,2,23.39,25.89,74.7,21.2,14,29.48,1.25,0.70,1,1.19,0,0,horizontal best
2026-08-21T14:58:46.291,86,RAD,horizontal,2,23.39,25.89,92.8,96.4,649,31.52,0.97,0.80,8,0.97,0,0,horizontal best
2026-08-21T14:58:46.421,87,RAD,horizontal,2,23.41,25.91,74.8,21.1,12,29.48,1.25,0.60,1,1.13,0,0,horizontal best
2026-08-21T14:58:46.421,87,RAD,horizontal,2,23.41,25.91,92.1,96.5,663,31.39,0.94,0.74,13,1.00,0,0,horizontal best
2026-08-21T14:58:46.516,88,RAD,horizontal,2,23.39,25.89,74.4,21.8,13,29.52,1.00,0.52,1,1.24,0,0,horizontal best
2026-08-21T14:58:46.516,88,RAD,horizontal,2,23.39,25.89,91.4,96.5,654,31.83,1.00,0.73,12,0.99,0,0,horizontal best
2026-08-21T14:58:46.646,89,RAD,horizontal,1,23.34,25.84,90.8,96.5,639,31.15,1.03,0.69,13,0.93,0,0,horizontal best
2026-08-21T14:58:46.775,90,RAD,horizontal,2,23.29,25.79,75.9,21.1,8,29.45,1.00,0.89,1,1.40,0,0,horizontal best
2026-08-21T14:58:46.775,90,RAD,horizontal,2,23.29,25.79,90.1,96.4,635,31.39,1.00,0.71,10,0.96,0,0,horizontal best
2026-08-21T14:58:46.865,91,RAD,horizontal,2,23.29,25.79,76.2,20.9,8,29.45,1.00,0.89,1,1.27,0,0,horizontal best
2026-08-21T14:58:46.865,91,RAD,horizontal,2,23.29,25.79,89.7,96.4,583,31.39,1.07,0.65,12,0.90,0,0,horizontal best
2026-08-21T14:58:46.993,92,RAD,horizontal,2,23.29,25.79,76.5,20.9,6,28.63,1.50,1.00,1,1.07,0,0,horizontal best
2026-08-21T14:58:46.993,92,RAD,horizontal,2,23.29,25.79,89.2,96.7,549,31.35,0.89,0.78,12,0.87,0,0,horizontal best
2026-08-21T14:58:47.088,93,RAD,horizontal,2,23.32,25.82,76.6,21.0,6,28.68,1.50,1.00,1,1.09,0,0,horizontal best
2026-08-21T14:58:47.088,93,RAD,horizontal,2,23.32,25.82,88.4,97.7,538,31.11,0.93,0.74,12,0.94,0,0,horizontal best
2026-08-21T14:58:47.216,94,RAD,horizontal,2,23.32,25.82,76.9,20.7,11,28.92,1.33,0.92,1,1.34,0,0,horizontal best
2026-08-21T14:58:47.216,94,RAD,horizontal,2,23.32,25.82,87.3,99.2,522,31.37,0.93,0.72,12,0.93,0,0,horizontal best
2026-08-21T14:58:47.313,95,RAD,horizontal,2,23.32,25.82,77.0,20.6,11,28.94,1.33,0.92,1,1.36,0,0,horizontal best
2026-08-21T14:58:47.313,95,RAD,horizontal,2,23.32,25.82,86.3,101.0,502,31.30,1.11,0.58,11,0.90,0,0,horizontal best
2026-08-21T14:58:47.441,96,RAD,horizontal,2,23.32,25.82,77.0,20.6,11,28.94,1.33,0.92,1,1.36,0,0,horizontal best
2026-08-21T14:58:47.441,96,RAD,horizontal,2,23.32,25.82,84.3,102.9,550,31.13,0.97,0.68,9,0.95,0,0,horizontal best
2026-08-21T14:58:47.541,97,RAD,horizontal,2,23.32,25.82,76.9,20.6,11,29.06,1.33,0.92,1,1.39,0,0,horizontal best
2026-08-21T14:58:47.541,97,RAD,horizontal,2,23.32,25.82,82.0,104.9,647,31.30,0.00,0.00,17,1.03,0,0,horizontal best
2026-08-21T14:58:47.673,98,RAD,horizontal,2,23.32,25.82,76.9,20.6,11,29.06,1.33,0.92,1,1.38,0,0,horizontal best
2026-08-21T14:58:47.673,98,RAD,horizontal,2,23.32,25.82,83.8,108.1,294,30.63,1.00,0.61,9,0.94,0,0,horizontal best
2026-08-21T14:58:47.802,99,RAD,horizontal,2,23.32,25.82,76.9,20.6,11,29.08,1.33,0.92,1,1.39,0,0,horizontal best
2026-08-21T14:58:47.802,99,RAD,horizontal,2,23.32,25.82,84.1,108.6,247,30.87,1.22,0.62,7,0.90,0,0,horizontal best
2026-08-21T14:58:47.890,100,RAD,horizontal,2,23.32,25.82,76.9,20.6,11,29.08,1.33,0.92,1,1.41,0,0,horizontal best
2026-08-21T14:58:47.890,100,RAD,horizontal,2,23.32,25.82,72.1,106.6,674,31.30,0.00,0.00,11,1.03,0,0,horizontal best
2026-08-21T14:58:48.021,101,RAD,horizontal,2,23.32,25.82,76.9,20.6,11,29.21,1.33,0.92,1,1.42,0,0,horizontal best
2026-08-21T14:58:48.021,101,RAD,horizontal,2,23.32,25.82,69.5,106.9,676,31.22,0.00,0.00,13,1.05,0,0,horizontal best
2026-08-21T14:58:48.113,102,RAD,horizontal,2,23.32,25.82,76.9,20.6,11,29.21,1.33,0.92,1,1.42,0,0,horizontal best
2026-08-21T14:58:48.113,102,RAD,horizontal,2,23.32,25.82,64.0,106.2,603,31.35,0.00,0.00,12,1.00,0,0,horizontal best
2026-08-21T14:58:48.242,103,RAD,horizontal,2,23.32,25.82,77.0,20.9,9,29.21,1.00,1.00,1,1.49,0,0,horizontal best
2026-08-21T14:58:48.242,103,RAD,horizontal,2,23.32,25.82,58.0,106.1,567,31.76,0.00,0.00,8,1.12,0,0,horizontal best
2026-08-21T14:58:48.336,104,RAD,horizontal,2,23.29,25.79,77.0,21.0,9,29.21,1.00,1.00,1,1.50,0,0,horizontal best
2026-08-21T14:58:48.336,104,RAD,horizontal,2,23.29,25.79,52.7,105.8,513,31.85,0.00,0.00,7,1.08,0,0,horizontal best
2026-08-21T14:58:48.463,105,RAD,horizontal,2,23.29,25.79,77.0,21.0,9,29.21,1.00,1.00,1,1.52,0,0,horizontal best
2026-08-21T14:58:48.463,105,RAD,horizontal,2,23.29,25.79,48.5,105.3,442,32.15,0.00,0.00,6,1.16,0,0,horizontal best
2026-08-21T14:58:48.594,106,RAD,horizontal,2,23.27,25.77,77.0,21.0,9,29.21,1.00,1.00,1,1.52,0,0,horizontal best
2026-08-21T14:58:48.594,106,RAD,horizontal,2,23.27,25.77,45.6,103.7,427,32.04,2.05,0.58,5,1.20,0,0,horizontal best
2026-08-21T14:58:48.688,107,RAD,horizontal,1,23.27,25.77,77.0,21.0,9,29.19,1.00,1.00,1,1.51,0,0,horizontal best
2026-08-21T14:58:48.819,108,RAD,horizontal,1,23.24,25.74,77.0,21.0,9,29.26,1.00,1.00,1,1.53,0,0,horizontal best
2026-08-21T14:58:48.912,109,RAD,horizontal,1,23.24,25.74,77.0,21.0,9,29.19,1.00,1.00,1,1.53,0,0,horizontal best
2026-08-21T14:58:49.043,110,RAD,horizontal,1,23.24,25.74,77.0,21.0,9,29.19,1.00,1.00,1,1.59,0,0,horizontal best
2026-08-21T14:58:49.136,111,RAD,horizontal,1,23.27,25.77,77.0,21.0,9,29.19,1.00,1.00,1,1.59,0,0,horizontal best
2026-08-21T14:58:49.265,112,RAD,horizontal,1,23.27,25.77,77.0,21.0,9,29.19,1.00,1.00,1,1.60,0,0,horizontal best
2026-08-21T14:58:49.360,113,RAD,horizontal,1,23.24,25.74,76.6,21.0,6,29.03,1.50,1.00,1,1.15,0,0,horizontal best
2026-08-21T14:58:49.491,114,RAD,horizontal,1,23.24,25.74,76.5,21.0,6,29.01,1.50,1.00,1,1.15,0,0,horizontal best
2026-08-21T14:58:49.617,115,RAD,horizontal,1,23.27,25.77,76.5,21.0,6,29.01,1.50,1.00,1,1.15,0,0,horizontal best
2026-08-21T14:58:49.713,116,RAD,horizontal,1,23.27,25.77,76.5,21.0,6,29.01,1.50,1.00,1,1.16,0,0,horizontal best
2026-08-21T14:58:49.842,117,RAD,horizontal,1,23.27,25.77,76.5,21.0,6,29.01,1.50,1.00,1,1.16,0,0,horizontal best
2026-08-21T14:58:49.937,118,RAD,horizontal,1,23.27,25.77,76.5,21.0,6,28.97,1.50,1.00,1,1.17,0,0,horizontal best
2026-08-21T14:58:50.065,119,RAD,horizontal,1,23.24,25.74,76.5,21.0,6,28.97,1.50,1.00,1,1.18,0,0,horizontal best
2026-08-21T14:58:50.160,120,RAD,horizontal,1,23.24,25.74,76.5,21.0,6,28.97,1.50,1.00,1,1.18,0,0,horizontal best
2026-08-21T14:58:50.289,121,RAD,horizontal,1,23.27,25.77,76.5,21.0,6,28.97,1.50,1.00,1,1.19,0,0,horizontal best
2026-08-21T14:58:50.417,122,RAD,horizontal,1,23.27,25.77,76.5,21.0,6,28.94,1.50,1.00,1,1.19,0,0,horizontal best
2026-08-21T14:58:50.513,123,RAD,horizontal,1,23.27,25.77,76.5,21.0,6,28.90,1.50,1.00,1,1.18,0,0,horizontal best
2026-08-21T14:58:50.642,124,RAD,horizontal,1,23.29,25.79,76.5,21.0,6,28.86,1.50,1.00,1,1.18,0,0,horizontal best
2026-08-21T14:58:50.737,125,RAD,horizontal,2,23.29,25.79,76.5,21.0,6,28.86,1.50,1.00,1,1.18,0,0,horizontal best
2026-08-21T14:58:50.737,125,RAD,horizontal,2,23.29,25.79,15.1,68.0,206,30.74,1.50,0.54,7,1.16,0,0,horizontal best
2026-08-21T14:58:50.865,126,RAD,horizontal,2,23.27,25.77,76.5,21.0,6,28.86,1.50,1.00,1,1.18,0,0,horizontal best
2026-08-21T14:58:50.865,126,RAD,horizontal,2,23.27,25.77,15.9,66.7,198,30.56,1.53,0.57,5,1.30,0,0,horizontal best
2026-08-21T14:58:50.960,127,RAD,horizontal,2,23.27,25.77,76.5,21.0,6,28.86,1.50,1.00,1,1.21,0,0,horizontal best
2026-08-21T14:58:50.960,127,RAD,horizontal,2,23.27,25.77,16.5,65.3,176,30.74,1.69,0.62,6,0.96,0,0,horizontal best
2026-08-21T14:58:51.090,128,RAD,horizontal,2,23.24,25.74,76.5,21.0,6,28.79,1.50,1.00,1,1.21,0,0,horizontal best
2026-08-21T14:58:51.090,128,RAD,horizontal,2,23.24,25.74,17.4,64.3,161,30.71,1.83,0.61,6,0.81,0,0,horizontal best
2026-08-21T14:58:51.184,129,RAD,horizontal,2,23.24,25.74,76.5,21.0,6,28.81,1.50,1.00,1,1.22,0,0,horizontal best
2026-08-21T14:58:51.184,129,RAD,horizontal,2,23.24,25.74,18.4,63.3,168,30.67,1.92,0.61,6,0.83,0,0,horizontal best
2026-08-21T14:58:51.313,130,RAD,horizontal,2,23.24,25.74,76.5,21.0,6,28.81,1.50,1.00,1,1.22,0,0,horizontal best
2026-08-21T14:58:51.313,130,RAD,horizontal,2,23.24,25.74,19.1,61.8,163,30.43,2.00,0.57,5,0.76,0,0,horizontal best
2026-08-21T14:58:51.439,131,RAD,horizontal,1,23.22,25.72,76.5,21.0,6,28.79,1.50,1.00,1,1.22,0,0,horizontal best
2026-08-21T14:58:51.535,132,RAD,horizontal,2,23.22,25.72,76.5,21.0,6,28.79,1.50,1.00,1,1.22,0,0,horizontal best
2026-08-21T14:58:51.535,132,RAD,horizontal,2,23.22,25.72,21.2,58.3,145,30.34,1.67,0.60,5,0.77,0,0,horizontal best
2026-08-21T14:58:51.663,133,RAD,horizontal,2,23.20,25.70,76.5,21.0,6,28.79,1.50,1.00,1,1.22,0,0,horizontal best
2026-08-21T14:58:51.663,133,RAD,horizontal,2,23.20,25.70,22.5,56.6,134,30.30,1.58,0.59,5,0.76,0,0,horizontal best
2026-08-21T14:58:51.760,134,RAD,horizontal,1,23.20,25.70,76.5,21.0,6,28.77,1.50,1.00,1,1.21,0,0,horizontal best
2026-08-21T14:58:51.894,135,RAD,horizontal,2,23.20,25.70,76.5,21.0,6,28.77,1.50,1.00,1,1.21,0,0,horizontal best
2026-08-21T14:58:51.894,135,RAD,horizontal,2,23.20,25.70,24.6,53.5,121,30.80,1.50,0.56,5,0.79,0,0,horizontal best
2026-08-21T14:58:51.987,136,RAD,horizontal,2,23.20,25.70,76.5,21.0,6,28.77,1.50,1.00,1,1.22,0,0,horizontal best
2026-08-21T14:58:51.987,136,RAD,horizontal,2,23.20,25.70,25.6,52.3,114,30.63,1.50,0.53,5,0.77,0,0,horizontal best
2026-08-21T14:58:52.114,137,RAD,horizontal,1,23.20,25.70,76.5,21.0,6,28.72,1.50,1.00,1,1.21,0,0,horizontal best
2026-08-21T14:58:52.209,138,RAD,horizontal,2,23.20,25.70,76.5,21.0,6,28.72,1.50,1.00,1,1.20,0,0,horizontal best
2026-08-21T14:58:52.209,138,RAD,horizontal,2,23.20,25.70,27.8,51.2,73,29.94,2.12,0.54,6,0.69,0,0,horizontal best
2026-08-21T14:58:52.338,139,RAD,horizontal,2,23.20,25.70,76.5,21.0,6,28.72,1.50,1.00,1,1.21,0,0,horizontal best
2026-08-21T14:58:52.338,139,RAD,horizontal,2,23.20,25.70,28.9,50.6,76,30.08,2.00,0.59,6,0.76,0,0,horizontal best
2026-08-21T14:58:52.472,140,RAD,horizontal,2,23.21,25.71,76.5,21.0,6,28.70,1.50,1.00,1,1.20,0,0,horizontal best
2026-08-21T14:58:52.472,140,RAD,horizontal,2,23.21,25.71,30.1,50.1,68,30.63,1.88,0.57,5,0.69,0,0,horizontal best
2026-08-21T14:58:52.563,141,RAD,horizontal,1,23.22,25.72,76.5,21.0,6,28.68,1.50,1.00,1,1.19,0,0,horizontal best
2026-08-21T14:58:52.692,142,RAD,horizontal,2,23.22,25.72,76.5,21.0,6,28.68,1.50,1.00,1,1.19,0,0,horizontal best
2026-08-21T14:58:52.692,142,RAD,horizontal,2,23.22,25.72,32.2,49.0,66,30.54,2.14,0.63,5,0.66,0,0,horizontal best
2026-08-21T14:58:52.787,143,RAD,horizontal,2,23.22,25.72,76.5,21.0,6,28.68,1.50,1.00,1,1.16,0,0,horizontal best
2026-08-21T14:58:52.787,143,RAD,horizontal,2,23.22,25.72,33.3,48.5,71,30.36,1.56,0.56,5,0.76,0,0,horizontal best
2026-08-21T14:58:52.918,144,RAD,horizontal,1,23.20,25.70,76.5,21.0,6,28.74,1.50,1.00,1,1.11,0,0,horizontal best
2026-08-21T14:58:53.010,145,RAD,horizontal,2,23.22,25.72,76.5,21.0,6,28.79,1.50,1.00,1,1.13,0,0,horizontal best
2026-08-21T14:58:53.010,145,RAD,horizontal,2,23.22,25.72,35.6,46.9,70,30.45,2.29,0.62,5,0.60,0,0,horizontal best
2026-08-21T14:58:53.140,146,RAD,horizontal,1,23.22,25.72,76.5,21.0,6,28.86,1.50,1.00,1,1.13,0,0,horizontal best
2026-08-21T14:58:53.269,147,RAD,horizontal,2,23.22,25.72,76.5,21.0,6,28.86,1.50,1.00,1,1.14,0,0,horizontal best
2026-08-21T14:58:53.269,147,RAD,horizontal,2,23.22,25.72,38.5,45.4,115,29.83,1.64,0.58,5,0.64,0,0,horizontal best
2026-08-21T14:58:53.363,148,RAD,horizontal,1,23.22,25.72,76.5,21.0,6,28.86,1.50,1.00,1,1.13,0,0,horizontal best
2026-08-21T14:58:53.494,149,RAD,horizontal,2,23.22,25.72,76.5,21.0,6,28.88,1.50,1.00,1,1.12,0,0,horizontal best
2026-08-21T14:58:53.494,149,RAD,horizontal,2,23.22,25.72,40.5,44.7,114,29.92,1.64,0.58,5,0.62,0,0,horizontal best
2026-08-21T14:58:53.589,150,RAD,horizontal,2,23.24,25.74,76.5,21.0,6,28.90,1.50,1.00,1,1.13,0,0,horizontal best
2026-08-21T14:58:53.589,150,RAD,horizontal,2,23.24,25.74,41.6,44.7,131,29.99,1.21,0.55,6,0.81,0,0,horizontal best
2026-08-21T14:58:53.712,151,RAD,horizontal,2,23.24,25.74,76.5,21.0,6,28.88,1.50,1.00,1,1.12,0,0,horizontal best
2026-08-21T14:58:53.712,151,RAD,horizontal,2,23.24,25.74,42.4,44.7,124,29.94,1.31,0.56,5,0.75,0,0,horizontal best
2026-08-21T14:58:53.808,152,RAD,horizontal,1,23.22,25.72,76.5,21.0,6,28.88,1.50,1.00,1,1.13,0,0,horizontal best
2026-08-21T14:58:53.938,153,RAD,horizontal,2,23.20,25.70,76.5,21.0,6,28.88,1.50,1.00,1,1.17,0,0,horizontal best
2026-08-21T14:58:53.938,153,RAD,horizontal,2,23.20,25.70,44.0,44.7,114,29.70,1.23,0.55,5,0.61,0,0,horizontal best
2026-08-21T14:58:54.033,154,RAD,horizontal,1,23.17,25.67,76.5,21.0,6,28.86,1.50,1.00,1,1.17,0,0,horizontal best
2026-08-21T14:58:54.162,155,RAD,horizontal,1,23.15,25.65,76.5,21.0,6,28.86,1.50,1.00,1,1.17,0,0,horizontal best
2026-08-21T14:58:54.290,156,RAD,horizontal,1,23.13,25.63,76.5,21.0,6,28.86,1.50,1.00,1,1.17,0,0,horizontal best
2026-08-21T14:58:54.383,157,RAD,horizontal,0,23.13,25.63,,,,,,,,,,,horizontal best
2026-08-21T14:58:54.514,158,RAD,horizontal,1,23.10,25.60,47.7,44.6,130,29.61,1.00,0.58,5,0.73,0,0,horizontal best
2026-08-21T14:58:54.607,159,RAD,horizontal,0,23.10,25.60,,,,,,,,,,,horizontal best
2026-08-21T14:58:54.737,160,RAD,horizontal,0,23.10,25.60,,,,,,,,,,,horizontal best
2026-08-21T14:58:54.835,161,RAD,horizontal,1,23.10,25.60,50.6,45.1,144,29.81,0.88,0.56,5,0.80,0,0,horizontal best
2026-08-21T14:58:54.961,162,RAD,horizontal,0,23.08,25.58,,,,,,,,,,,horizontal best
2026-08-21T14:58:55.087,163,RAD,horizontal,0,23.08,25.58,,,,,,,,,,,horizontal best
2026-08-21T14:58:55.183,164,RAD,horizontal,0,23.08,25.58,,,,,,,,,,,horizontal best
2026-08-21T14:58:55.313,165,RAD,horizontal,0,23.05,25.55,,,,,,,,,,,horizontal best
2026-08-21T14:58:55.407,166,RAD,horizontal,0,23.05,25.55,,,,,,,,,,,horizontal best
2026-08-21T14:58:55.536,167,RAD,horizontal,0,23.08,25.58,,,,,,,,,,,horizontal best
2026-08-21T14:58:55.635,168,RAD,horizontal,0,23.08,25.58,,,,,,,,,,,horizontal best
2026-08-21T14:58:55.761,169,RAD,horizontal,0,23.08,25.58,,,,,,,,,,,horizontal best
2026-08-21T14:58:55.858,170,RAD,horizontal,0,23.08,25.58,,,,,,,,,,,horizontal best
2026-08-21T14:58:55.984,171,RAD,horizontal,0,23.10,25.60,,,,,,,,,,,horizontal best
2026-08-21T14:58:56.112,172,RAD,horizontal,0,23.10,25.60,,,,,,,,,,,horizontal best
2026-08-21T14:58:56.207,173,RAD,horizontal,0,23.10,25.60,,,,,,,,,,,horizontal best
2026-08-21T14:58:56.337,174,RAD,horizontal,1,23.08,25.58,113.6,31.2,94,27.22,2.25,0.65,5,0.82,0,0,horizontal best
2026-08-21T14:58:56.435,175,RAD,horizontal,1,23.05,25.55,1.0,0.6,6,29.65,0.67,1.00,1,0.89,0,0,horizontal best
2026-08-21T14:58:56.561,176,RAD,horizontal,1,23.08,25.58,1.0,0.5,6,29.97,0.67,1.00,1,1.01,0,0,horizontal best
2026-08-21T14:58:56.656,177,RAD,horizontal,2,23.05,25.55,68.0,45.4,141,29.83,1.31,0.64,5,0.64,0,0,horizontal best
2026-08-21T14:58:56.656,177,RAD,horizontal,2,23.05,25.55,1.0,0.5,6,29.97,0.67,1.00,1,1.08,0,0,horizontal best
2026-08-21T14:58:56.786,178,RAD,horizontal,2,23.05,25.55,69.4,45.2,137,29.79,1.15,0.70,5,0.65,0,0,horizontal best
2026-08-21T14:58:56.786,178,RAD,horizontal,2,23.05,25.55,1.0,0.5,6,29.97,0.67,1.00,1,1.08,0,0,horizontal best
2026-08-21T14:58:56.913,179,RAD,horizontal,1,23.08,25.58,71.3,44.8,132,30.03,1.15,0.68,5,0.61,0,0,horizontal best
2026-08-21T14:58:57.008,180,RAD,horizontal,0,23.05,25.55,,,,,,,,,,,horizontal best
2026-08-21T14:58:57.136,181,RAD,horizontal,0,23.05,25.55,,,,,,,,,,,horizontal best
2026-08-21T14:58:57.233,182,RAD,horizontal,0,23.05,25.55,,,,,,,,,,,horizontal best
2026-08-21T14:58:57.361,183,RAD,horizontal,0,23.03,25.53,,,,,,,,,,,horizontal best
2026-08-21T14:58:57.455,184,RAD,horizontal,0,23.03,25.53,,,,,,,,,,,horizontal best
2026-08-21T14:58:57.585,185,RAD,horizontal,1,23.05,25.55,74.6,21.3,8,28.52,0.75,0.67,1,0.63,0,0,horizontal best
2026-08-21T14:58:57.679,186,RAD,horizontal,0,23.05,25.55,,,,,,,,,,,horizontal best
2026-08-21T14:58:57.808,187,RAD,horizontal,1,23.08,25.58,75.0,20.5,6,28.72,0.67,1.00,1,0.41,0,0,horizontal best
2026-08-21T14:58:57.938,188,RAD,horizontal,1,23.05,25.55,75.1,20.9,6,28.72,0.67,1.00,1,0.44,0,0,horizontal best
2026-08-21T14:58:58.033,189,RAD,horizontal,1,23.05,25.55,75.1,21.3,6,28.72,0.67,1.00,1,0.44,0,0,horizontal best
2026-08-21T14:58:58.161,190,RAD,horizontal,1,23.05,25.55,75.0,21.4,6,28.72,0.67,1.00,1,0.46,0,0,horizontal best
2026-08-21T14:58:58.257,191,RAD,horizontal,0,23.05,25.55,,,,,,,,,,,horizontal best
2026-08-21T14:58:58.384,192,RAD,horizontal,0,23.03,25.53,,,,,,,,,,,horizontal best
2026-08-21T14:58:58.479,193,RAD,horizontal,1,23.03,25.53,75.9,20.1,7,28.79,1.00,0.78,1,1.69,0,0,horizontal best
2026-08-21T14:58:58.610,194,RAD,horizontal,1,23.03,25.53,76.1,19.9,7,28.74,1.00,0.78,1,1.69,0,0,horizontal best
2026-08-21T14:58:58.704,195,RAD,horizontal,1,23.03,25.53,75.7,20.4,11,28.79,1.00,0.69,1,1.50,0,0,horizontal best
2026-08-21T14:58:58.833,196,RAD,horizontal,1,23.03,25.53,75.6,20.6,11,28.79,1.00,0.69,1,1.50,0,0,horizontal best
2026-08-21T14:58:58.961,197,RAD,horizontal,1,23.03,25.53,75.5,20.7,11,28.79,1.00,0.69,1,1.50,0,0,horizontal best
2026-08-21T14:58:59.058,198,RAD,horizontal,1,23.03,25.53,75.5,20.7,11,28.79,1.00,0.69,1,1.51,0,0,horizontal best
2026-08-21T14:58:59.184,199,RAD,horizontal,2,23.05,25.55,75.2,21.0,8,28.79,1.00,0.89,1,0.59,0,0,horizontal best
2026-08-21T14:58:59.184,199,RAD,horizontal,2,23.05,25.55,71.1,45.2,135,29.88,1.42,0.66,5,0.69,0,0,horizontal best
2026-08-21T14:58:59.282,200,RAD,horizontal,2,23.03,25.53,75.1,21.2,8,28.79,1.00,0.89,1,0.71,0,0,horizontal best
2026-08-21T14:58:59.282,200,RAD,horizontal,2,23.03,25.53,71.5,45.2,124,29.88,1.33,0.65,5,0.68,0,0,horizontal best
2026-08-21T14:58:59.410,201,RAD,horizontal,1,23.03,25.53,75.1,21.2,8,28.79,1.00,0.89,1,0.72,0,0,horizontal best
2026-08-21T14:58:59.505,202,RAD,horizontal,2,23.08,25.58,75.1,21.2,8,28.79,1.00,0.89,1,0.74,0,0,horizontal best
2026-08-21T14:58:59.505,202,RAD,horizontal,2,23.08,25.58,73.6,45.2,124,29.97,1.55,0.66,5,0.67,0,0,horizontal best
2026-08-21T14:58:59.632,203,RAD,horizontal,1,23.08,25.58,75.1,21.1,8,28.79,1.00,0.89,1,0.76,0,0,horizontal best
2026-08-21T14:58:59.761,204,RAD,horizontal,1,23.08,25.58,75.1,21.1,8,28.79,1.00,0.89,1,0.83,0,0,horizontal best
2026-08-21T14:58:59.855,205,RAD,horizontal,1,23.08,25.58,75.1,21.1,8,28.68,1.00,0.89,1,0.91,0,0,horizontal best
2026-08-21T14:58:59.983,206,RAD,horizontal,0,23.10,25.60,,,,,,,,,,,horizontal best
2026-08-21T14:59:00.083,207,RAD,horizontal,0,23.10,25.60,,,,,,,,,,,horizontal best
2026-08-21T14:59:00.208,208,RAD,horizontal,0,23.08,25.58,,,,,,,,,,,horizontal best
2026-08-21T14:59:00.304,209,RAD,horizontal,0,23.08,25.58,,,,,,,,,,,horizontal best
2026-08-21T14:59:00.432,210,RAD,horizontal,0,23.08,25.58,,,,,,,,,,,horizontal best
2026-08-21T14:59:00.528,211,RAD,horizontal,0,23.10,25.60,,,,,,,,,,,horizontal best
2026-08-21T14:59:00.655,212,RAD,horizontal,0,23.08,25.58,,,,,,,,,,,horizontal best
2026-08-21T14:59:00.784,213,RAD,horizontal,0,23.05,25.55,,,,,,,,,,,horizontal best
2026-08-21T14:59:00.880,214,RAD,horizontal,0,23.05,25.55,,,,,,,,,,,horizontal best
2026-08-21T14:59:01.007,215,RAD,horizontal,0,23.04,25.54,,,,,,,,,,,horizontal best
2026-08-21T14:59:01.104,216,RAD,horizontal,0,23.03,25.53,,,,,,,,,,,horizontal best
2026-08-21T14:59:01.231,217,RAD,horizontal,0,23.03,25.53,,,,,,,,,,,horizontal best
2026-08-21T14:59:01.328,218,RAD,horizontal,0,23.03,25.53,,,,,,,,,,,horizontal best
2026-08-21T14:59:01.455,219,RAD,horizontal,0,23.03,25.53,,,,,,,,,,,horizontal best
2026-08-21T14:59:01.584,220,RAD,horizontal,0,23.03,25.53,,,,,,,,,,,horizontal best
2026-08-21T14:59:01.681,221,RAD,horizontal,1,23.03,25.53,75.5,21.0,6,28.86,1.50,1.00,1,1.08,0,0,horizontal best
2026-08-21T14:59:01.808,222,RAD,horizontal,1,23.03,25.53,75.5,21.0,6,28.86,1.50,1.00,1,1.09,0,0,horizontal best
2026-08-21T14:59:01.904,223,RAD,horizontal,1,23.01,25.51,75.5,21.0,6,28.86,1.50,1.00,1,1.09,0,0,horizontal best
2026-08-21T14:59:02.032,224,RAD,horizontal,1,23.01,25.51,75.5,21.0,6,28.86,1.50,1.00,1,1.08,0,0,horizontal best
2026-08-21T14:59:02.130,225,RAD,horizontal,1,22.98,25.48,75.5,21.0,6,28.74,1.50,1.00,1,1.08,0,0,horizontal best
2026-08-21T14:59:02.257,226,RAD,horizontal,1,22.98,25.48,75.5,21.0,6,28.74,1.50,1.00,1,1.09,0,0,horizontal best
2026-08-21T14:59:02.352,227,RAD,horizontal,1,22.98,25.48,75.5,21.0,6,28.74,1.50,1.00,1,1.09,0,0,horizontal best
2026-08-21T14:59:02.479,228,RAD,horizontal,1,22.98,25.48,75.5,21.0,6,28.77,1.50,1.00,1,1.08,0,0,horizontal best
2026-08-21T14:59:02.609,229,RAD,horizontal,1,22.98,25.48,75.5,21.0,6,28.77,1.50,1.00,1,1.11,0,0,horizontal best
2026-08-21T14:59:02.705,230,RAD,horizontal,1,22.96,25.46,75.5,21.0,6,28.77,1.50,1.00,1,1.11,0,0,horizontal best
2026-08-21T14:59:02.833,231,RAD,horizontal,2,22.96,25.46,75.5,21.0,6,28.77,1.50,1.00,1,1.11,0,0,horizontal best
2026-08-21T14:59:02.833,231,RAD,horizontal,2,22.96,25.46,0.8,0.9,8,29.90,1.00,0.89,1,1.04,0,0,horizontal best
2026-08-21T14:59:02.928,232,RAD,horizontal,1,22.98,25.48,75.5,21.0,6,28.83,1.50,1.00,1,1.07,0,0,horizontal best
2026-08-21T14:59:03.057,233,RAD,horizontal,1,22.98,25.48,75.5,21.0,6,28.83,1.50,1.00,1,1.07,0,0,horizontal best
2026-08-21T14:59:03.153,234,RAD,horizontal,1,22.98,25.48,75.5,21.0,6,28.79,1.50,1.00,1,1.08,0,0,horizontal best
2026-08-21T14:59:03.280,235,RAD,horizontal,1,22.96,25.46,75.5,21.0,6,28.86,1.50,1.00,1,1.07,0,0,horizontal best
2026-08-21T14:59:03.408,236,RAD,horizontal,1,22.96,25.46,75.5,21.0,6,28.88,1.50,1.00,1,0.97,0,0,horizontal best
2026-08-21T14:59:03.503,237,RAD,horizontal,1,22.96,25.46,75.5,21.0,6,28.88,1.50,1.00,1,0.97,0,0,horizontal best
2026-08-21T14:59:03.629,238,RAD,horizontal,0,22.94,25.44,,,,,,,,,,,horizontal best
2026-08-21T14:59:03.726,239,RAD,horizontal,0,22.91,25.41,,,,,,,,,,,horizontal best
2026-08-21T14:59:03.856,240,RAD,horizontal,0,22.91,25.41,,,,,,,,,,,horizontal best
2026-08-21T14:59:03.954,241,RAD,horizontal,0,22.94,25.44,,,,,,,,,,,horizontal best
2026-08-21T14:59:04.080,242,RAD,horizontal,0,22.94,25.44,,,,,,,,,,,horizontal best
2026-08-21T14:59:04.175,243,RAD,horizontal,0,22.94,25.44,,,,,,,,,,,horizontal best
2026-08-21T14:59:04.302,244,RAD,horizontal,0,22.91,25.41,,,,,,,,,,,horizontal best
2026-08-21T14:59:04.430,245,RAD,horizontal,0,22.91,25.41,,,,,,,,,,,horizontal best
2026-08-21T14:59:04.528,246,RAD,horizontal,0,22.94,25.44,,,,,,,,,,,horizontal best
2026-08-21T14:59:04.656,247,RAD,horizontal,0,22.94,25.44,,,,,,,,,,,horizontal best
2026-08-21T14:59:04.752,248,RAD,horizontal,1,22.94,25.44,1.5,0.5,8,29.94,0.50,1.00,1,1.37,0,0,horizontal best
2026-08-21T14:59:04.882,249,RAD,horizontal,0,22.94,25.44,,,,,,,,,,,horizontal best
2026-08-21T14:59:04.978,250,RAD,horizontal,0,22.94,25.44,,,,,,,,,,,horizontal best
2026-08-21T14:59:05.104,251,RAD,horizontal,1,22.94,25.44,75.5,20.9,6,29.14,1.50,1.00,1,1.02,0,0,horizontal best
2026-08-21T14:59:05.198,252,RAD,horizontal,0,22.94,25.44,,,,,,,,,,,horizontal best
2026-08-21T14:59:05.328,253,RAD,horizontal,0,22.94,25.44,,,,,,,,,,,horizontal best
2026-08-21T14:59:05.456,254,RAD,horizontal,0,22.94,25.44,,,,,,,,,,,horizontal best
2026-08-21T14:59:05.551,255,RAD,horizontal,0,22.94,25.44,,,,,,,,,,,horizontal best
2026-08-21T14:59:05.678,256,RAD,horizontal,0,22.96,25.46,,,,,,,,,,,horizontal best
2026-08-21T14:59:05.775,257,RAD,horizontal,0,22.96,25.46,,,,,,,,,,,horizontal best
2026-08-21T14:59:05.904,258,RAD,horizontal,0,22.98,25.48,,,,,,,,,,,horizontal best
2026-08-21T14:59:06.001,259,RAD,horizontal,0,22.98,25.48,,,,,,,,,,,horizontal best
2026-08-21T14:59:06.127,260,RAD,horizontal,0,22.98,25.48,,,,,,,,,,,horizontal best
2026-08-21T14:59:06.255,261,RAD,horizontal,0,23.01,25.51,,,,,,,,,,,horizontal best
2026-08-21T14:59:06.352,262,RAD,horizontal,0,23.01,25.51,,,,,,,,,,,horizontal best
2026-08-21T14:59:06.479,263,RAD,horizontal,0,23.01,25.51,,,,,,,,,,,horizontal best
2026-08-21T14:59:06.576,264,RAD,horizontal,0,22.98,25.48,,,,,,,,,,,horizontal best
2026-08-21T14:59:06.703,265,RAD,horizontal,0,23.01,25.51,,,,,,,,,,,horizontal best
2026-08-21T14:59:06.798,266,RAD,horizontal,0,22.98,25.48,,,,,,,,,,,horizontal best
2026-08-21T14:59:06.928,267,RAD,horizontal,0,22.98,25.48,,,,,,,,,,,horizontal best
2026-08-21T14:59:07.026,268,RAD,horizontal,0,22.96,25.46,,,,,,,,,,,horizontal best
2026-08-21T14:59:07.151,269,RAD,horizontal,0,22.96,25.46,,,,,,,,,,,horizontal best
2026-08-21T14:59:07.281,270,RAD,horizontal,0,22.94,25.44,,,,,,,,,,,horizontal best
2026-08-21T14:59:07.376,271,RAD,horizontal,0,22.94,25.44,,,,,,,,,,,horizontal best
2026-08-21T14:59:07.504,272,RAD,horizontal,0,22.94,25.44,,,,,,,,,,,horizontal best
2026-08-21T14:59:07.600,273,RAD,horizontal,0,22.91,25.41,,,,,,,,,,,horizontal best
2026-08-21T14:59:07.730,274,RAD,horizontal,0,22.91,25.41,,,,,,,,,,,horizontal best
2026-08-21T14:59:07.825,275,RAD,horizontal,1,22.89,25.39,1.0,0.5,6,29.45,0.67,1.00,1,1.08,0,0,horizontal best
2026-08-21T14:59:07.956,276,RAD,horizontal,1,22.91,25.41,1.0,0.5,6,29.45,0.67,1.00,1,1.07,0,0,horizontal best
2026-08-21T14:59:08.080,277,RAD,horizontal,1,22.91,25.41,1.0,0.5,6,29.48,0.67,1.00,1,1.07,0,0,horizontal best
2026-08-21T14:59:08.175,278,RAD,horizontal,0,22.91,25.41,,,,,,,,,,,horizontal best
2026-08-21T14:59:08.302,279,RAD,horizontal,0,22.91,25.41,,,,,,,,,,,horizontal best
2026-08-21T14:59:08.397,280,RAD,horizontal,1,22.91,25.41,0.5,1.4,8,29.88,2.00,1.00,1,1.21,0,0,horizontal best
2026-08-21T14:59:08.524,281,RAD,horizontal,0,22.94,25.44,,,,,,,,,,,horizontal best
2026-08-21T14:59:08.620,282,RAD,horizontal,0,22.94,25.44,,,,,,,,,,,horizontal best
2026-08-21T14:59:08.751,283,RAD,horizontal,0,22.94,25.44,,,,,,,,,,,horizontal best
2026-08-21T14:59:08.843,284,RAD,horizontal,0,22.94,25.44,,,,,,,,,,,horizontal best
2026-08-21T14:59:08.972,285,RAD,horizontal,0,22.94,25.44,,,,,,,,,,,horizontal best
2026-08-21T14:59:09.103,286,RAD,horizontal,0,22.94,25.44,,,,,,,,,,,horizontal best
2026-08-21T14:59:09.195,287,RAD,horizontal,0,22.94,25.44,,,,,,,,,,,horizontal best
2026-08-21T14:59:09.324,288,RAD,horizontal,0,22.94,25.44,,,,,,,,,,,horizontal best
2026-08-21T14:59:09.419,289,RAD,horizontal,0,22.91,25.41,,,,,,,,,,,horizontal best
2026-08-21T14:59:09.547,290,RAD,horizontal,0,22.91,25.41,,,,,,,,,,,horizontal best
2026-08-21T14:59:09.644,291,RAD,horizontal,0,22.91,25.41,,,,,,,,,,,horizontal best
2026-08-21T14:59:09.772,292,RAD,horizontal,0,22.91,25.41,,,,,,,,,,,horizontal best
2026-08-21T14:59:09.900,293,RAD,horizontal,0,22.91,25.41,,,,,,,,,,,horizontal best
2026-08-21T14:59:09.995,294,RAD,horizontal,0,22.89,25.39,,,,,,,,,,,horizontal best
2026-08-21T14:59:10.123,295,RAD,horizontal,0,22.89,25.39,,,,,,,,,,,horizontal best
2026-08-21T14:59:10.219,296,RAD,horizontal,0,22.89,25.39,,,,,,,,,,,horizontal best
2026-08-21T14:59:10.348,297,RAD,horizontal,0,22.89,25.39,,,,,,,,,,,horizontal best
2026-08-21T14:59:10.443,298,RAD,horizontal,0,22.89,25.39,,,,,,,,,,,horizontal best
2026-08-21T14:59:10.573,299,RAD,horizontal,0,22.89,25.39,,,,,,,,,,,horizontal best
2026-08-21T14:59:10.668,300,RAD,horizontal,0,22.87,25.37,,,,,,,,,,,horizontal best
2026-08-21T14:59:10.795,301,RAD,horizontal,0,22.89,25.39,,,,,,,,,,,horizontal best
2026-08-21T14:59:10.923,302,RAD,horizontal,0,22.89,25.39,,,,,,,,,,,horizontal best
2026-08-21T14:59:11.020,303,RAD,horizontal,0,22.89,25.39,,,,,,,,,,,horizontal best
2026-08-21T14:59:11.147,304,RAD,horizontal,0,22.89,25.39,,,,,,,,,,,horizontal best
2026-08-21T14:59:11.243,305,RAD,horizontal,0,22.94,25.44,,,,,,,,,,,horizontal best
2026-08-21T14:59:11.373,306,RAD,horizontal,0,22.96,25.46,,,,,,,,,,,horizontal best
2026-08-21T14:59:11.468,307,RAD,horizontal,0,22.94,25.44,,,,,,,,,,,horizontal best
2026-08-21T14:59:11.594,308,RAD,horizontal,0,22.91,25.41,,,,,,,,,,,horizontal best
2026-08-21T14:59:11.692,309,RAD,horizontal,0,22.94,25.44,,,,,,,,,,,horizontal best
2026-08-21T14:59:11.818,310,RAD,horizontal,0,22.91,25.41,,,,,,,,,,,horizontal best
2026-08-21T14:59:11.946,311,RAD,horizontal,0,22.94,25.44,,,,,,,,,,,horizontal best
2026-08-21T14:59:12.043,312,RAD,horizontal,0,22.94,25.44,,,,,,,,,,,horizontal best
2026-08-21T14:59:12.172,313,RAD,horizontal,0,22.96,25.46,,,,,,,,,,,horizontal best
2026-08-21T14:59:12.268,314,RAD,horizontal,1,22.96,25.46,49.2,34.2,102,28.72,2.50,0.64,3,1.31,0,0,horizontal best
2026-08-21T14:59:12.397,315,RAD,horizontal,1,22.96,25.46,49.3,33.6,95,28.72,2.25,0.66,2,1.31,0,0,horizontal best
2026-08-21T14:59:12.492,316,RAD,horizontal,1,22.96,25.46,49.6,33.9,106,28.37,2.44,0.54,3,1.29,0,0,horizontal best
2026-08-21T14:59:12.620,317,RAD,horizontal,1,22.98,25.48,49.8,34.0,108,28.57,2.33,0.57,2,1.29,0,0,horizontal best
2026-08-21T14:59:12.748,318,RAD,horizontal,1,22.98,25.48,50.0,33.4,101,28.57,2.11,0.59,2,1.29,0,0,horizontal best
2026-08-21T14:59:12.844,319,RAD,horizontal,1,22.98,25.48,50.3,33.0,101,28.83,2.11,0.59,2,1.36,0,0,horizontal best
2026-08-21T14:59:12.973,320,RAD,horizontal,1,22.96,25.46,50.8,31.8,84,28.81,1.56,0.67,2,1.40,0,0,horizontal best
2026-08-21T14:59:13.068,321,RAD,horizontal,1,22.96,25.46,51.4,31.2,86,28.70,1.56,0.68,1,1.45,0,0,horizontal best
2026-08-21T14:59:13.196,322,RAD,horizontal,1,22.98,25.48,51.7,30.9,86,28.70,1.67,0.64,2,1.46,0,0,horizontal best
2026-08-21T14:59:13.292,323,RAD,horizontal,1,22.98,25.48,51.7,31.0,84,28.70,1.56,0.67,2,1.46,0,0,horizontal best
2026-08-21T14:59:13.420,324,RAD,horizontal,1,22.98,25.48,51.6,31.1,83,28.74,1.56,0.66,2,1.47,0,0,horizontal best
2026-08-21T14:59:13.516,325,RAD,horizontal,1,22.98,25.48,51.0,32.2,95,28.74,2.11,0.56,2,1.46,0,0,horizontal best
2026-08-21T14:59:13.645,326,RAD,horizontal,1,23.05,25.55,50.2,33.0,102,28.74,1.90,0.54,4,1.41,0,0,horizontal best
2026-08-21T14:59:13.778,327,RAD,horizontal,1,23.05,25.55,49.3,33.8,104,28.61,2.00,0.64,3,1.35,0,0,horizontal best
2026-08-21T14:59:13.868,328,RAD,horizontal,0,23.05,25.55,,,,,,,,,,,horizontal best
2026-08-21T14:59:13.996,329,RAD,horizontal,0,23.03,25.53,,,,,,,,,,,horizontal best
2026-08-21T14:59:14.096,330,RAD,horizontal,0,23.03,25.53,,,,,,,,,,,horizontal best
2026-08-21T14:59:14.220,331,RAD,horizontal,0,23.03,25.53,,,,,,,,,,,horizontal best
2026-08-21T14:59:14.314,332,RAD,horizontal,0,22.98,25.48,,,,,,,,,,,horizontal best
2026-08-21T14:59:14.445,333,RAD,horizontal,0,22.98,25.48,,,,,,,,,,,horizontal best
2026-08-21T14:59:14.577,334,RAD,horizontal,0,22.96,25.46,,,,,,,,,,,horizontal best
2026-08-21T14:59:14.674,335,RAD,horizontal,0,22.96,25.46,,,,,,,,,,,horizontal best
2026-08-21T14:59:14.800,336,RAD,horizontal,0,22.96,25.46,,,,,,,,,,,horizontal best
2026-08-21T14:59:14.898,337,RAD,horizontal,0,22.94,25.44,,,,,,,,,,,horizontal best
2026-08-21T14:59:15.023,338,RAD,horizontal,1,22.94,25.44,1.0,0.5,6,29.59,0.67,1.00,1,1.00,0,0,horizontal best
2026-08-21T14:59:15.123,339,RAD,horizontal,1,22.94,25.44,1.0,0.5,6,29.59,0.67,1.00,1,0.98,0,0,horizontal best
2026-08-21T14:59:15.251,340,RAD,horizontal,1,22.94,25.44,1.0,0.5,6,29.79,0.67,1.00,1,1.03,0,0,horizontal best
2026-08-21T14:59:15.346,341,RAD,horizontal,1,22.94,25.44,1.0,0.5,6,29.77,0.67,1.00,1,1.02,0,0,horizontal best
2026-08-21T14:59:15.472,342,RAD,horizontal,1,22.94,25.44,1.0,0.5,6,29.72,0.67,1.00,1,0.98,0,0,horizontal best
2026-08-21T14:59:15.601,343,RAD,horizontal,0,22.98,25.48,,,,,,,,,,,horizontal best
2026-08-21T14:59:15.699,344,RAD,horizontal,1,22.98,25.48,1.0,0.5,6,29.88,0.67,1.00,1,1.00,0,0,horizontal best
2026-08-21T14:59:15.826,345,RAD,horizontal,1,22.98,25.48,0.9,0.8,8,29.72,1.00,0.89,1,0.96,0,0,horizontal best
2026-08-21T14:59:15.920,346,RAD,horizontal,0,22.98,25.48,,,,,,,,,,,horizontal best
2026-08-21T14:59:16.048,347,RAD,horizontal,0,23.01,25.51,,,,,,,,,,,horizontal best
2026-08-21T14:59:16.142,348,RAD,horizontal,1,23.03,25.53,1.0,0.5,6,29.83,0.67,1.00,1,1.03,0,0,horizontal best
2026-08-21T14:59:16.272,349,RAD,horizontal,0,23.01,25.51,,,,,,,,,,,horizontal best
2026-08-21T14:59:16.401,350,RAD,horizontal,0,23.01,25.51,,,,,,,,,,,horizontal best
2026-08-21T14:59:16.496,351,RAD,horizontal,0,23.03,25.53,,,,,,,,,,,horizontal best
2026-08-21T14:59:16.625,352,RAD,horizontal,1,23.03,25.53,1.0,0.5,6,29.72,0.67,1.00,1,0.90,0,0,horizontal best
2026-08-21T14:59:16.721,353,RAD,horizontal,1,23.05,25.55,1.0,0.5,6,29.65,0.67,1.00,1,0.88,0,0,horizontal best
2026-08-21T14:59:16.849,354,RAD,horizontal,1,23.05,25.55,1.0,0.5,6,29.65,0.67,1.00,1,0.95,0,0,horizontal best
2026-08-21T14:59:16.943,355,RAD,horizontal,1,23.05,25.55,1.0,0.5,6,29.50,0.67,1.00,1,0.88,0,0,horizontal best
2026-08-21T14:59:17.072,356,RAD,horizontal,0,23.05,25.55,,,,,,,,,,,horizontal best
2026-08-21T14:59:17.168,357,RAD,horizontal,0,23.08,25.58,,,,,,,,,,,horizontal best
2026-08-21T14:59:17.295,358,RAD,horizontal,0,23.08,25.58,,,,,,,,,,,horizontal best
2026-08-21T14:59:17.426,359,RAD,horizontal,0,23.05,25.55,,,,,,,,,,,horizontal best
2026-08-21T14:59:17.520,360,RAD,horizontal,0,23.05,25.55,,,,,,,,,,,horizontal best
2026-08-21T14:59:17.648,361,RAD,horizontal,1,23.08,25.58,74.7,42.7,89,29.52,1.89,0.58,5,0.58,0,0,horizontal best
2026-08-21T14:59:17.743,362,RAD,horizontal,1,23.08,25.58,76.6,42.4,86,29.57,1.78,0.60,5,0.56,0,0,horizontal best
2026-08-21T14:59:17.875,363,RAD,horizontal,0,23.08,25.58,,,,,,,,,,,horizontal best
2026-08-21T14:59:17.967,364,RAD,horizontal,0,23.08,25.58,,,,,,,,,,,horizontal best
2026-08-21T14:59:18.095,365,RAD,horizontal,0,23.05,25.55,,,,,,,,,,,horizontal best
2026-08-21T14:59:18.193,366,RAD,horizontal,0,23.08,25.58,,,,,,,,,,,horizontal best
2026-08-21T14:59:18.318,367,RAD,horizontal,0,23.08,25.58,,,,,,,,,,,horizontal best
2026-08-21T14:59:18.448,368,RAD,horizontal,0,23.08,25.58,,,,,,,,,,,horizontal best
2026-08-21T14:59:18.544,369,RAD,horizontal,0,23.08,25.58,,,,,,,,,,,horizontal best
2026-08-21T14:59:18.671,370,RAD,horizontal,0,23.08,25.58,,,,,,,,,,,horizontal best
2026-08-21T14:59:18.768,371,RAD,horizontal,0,23.08,25.58,,,,,,,,,,,horizontal best
2026-08-21T14:59:18.896,372,RAD,horizontal,0,23.08,25.58,,,,,,,,,,,horizontal best
2026-08-21T14:59:18.994,373,RAD,horizontal,0,23.08,25.58,,,,,,,,,,,horizontal best
2026-08-21T14:59:19.120,374,RAD,horizontal,0,23.10,25.60,,,,,,,,,,,horizontal best
2026-08-21T14:59:19.249,375,RAD,horizontal,1,23.08,25.58,102.4,50.0,151,29.59,1.23,0.73,6,0.55,0,0,horizontal best
2026-08-21T14:59:19.346,376,RAD,horizontal,1,23.08,25.58,103.3,51.7,161,29.54,1.38,0.69,6,0.59,0,0,horizontal best
2026-08-21T14:59:19.475,377,RAD,horizontal,1,23.08,25.58,104.2,53.5,172,29.32,1.46,0.70,5,0.58,0,0,horizontal best
2026-08-21T14:59:19.568,378,RAD,horizontal,1,23.05,25.55,105.1,54.4,184,29.48,1.36,0.69,7,0.59,0,0,horizontal best
2026-08-21T14:59:19.697,379,RAD,horizontal,1,23.10,25.60,105.8,55.4,194,29.97,1.43,0.69,6,0.58,0,0,horizontal best
2026-08-21T14:59:19.792,380,RAD,horizontal,1,23.08,25.58,106.5,56.3,200,29.81,1.27,0.70,5,0.59,0,0,horizontal best
2026-08-21T14:59:19.920,381,RAD,horizontal,1,23.08,25.58,107.4,57.5,208,29.65,1.19,0.68,6,0.62,0,0,horizontal best
2026-08-21T14:59:20.018,382,RAD,horizontal,1,23.08,25.58,108.4,59.1,224,30.14,1.12,0.69,7,0.65,0,0,horizontal best
2026-08-21T14:59:20.145,383,RAD,horizontal,1,23.08,25.58,109.4,61.2,237,30.10,1.12,0.73,6,0.66,0,0,horizontal best
2026-08-21T14:59:20.272,384,RAD,horizontal,0,23.08,25.58,,,,,,,,,,,horizontal best
2026-08-21T14:59:20.369,385,RAD,horizontal,1,23.05,25.55,111.4,64.0,258,29.97,1.05,0.68,7,0.65,0,0,horizontal best
2026-08-21T14:59:20.497,386,RAD,horizontal,1,23.08,25.58,111.7,65.7,276,30.12,1.11,0.69,6,0.69,0,0,horizontal best
2026-08-21T14:59:20.593,387,RAD,horizontal,1,23.08,25.58,111.7,67.5,287,29.99,1.11,0.72,7,0.69,0,0,horizontal best
2026-08-21T14:59:20.720,388,RAD,horizontal,1,23.08,25.58,111.2,69.6,291,30.12,1.00,0.73,8,0.70,0,0,horizontal best
2026-08-21T14:59:20.816,389,RAD,horizontal,1,23.10,25.60,110.8,71.7,290,30.36,1.00,0.72,8,0.69,0,0,horizontal best
2026-08-21T14:59:20.949,390,RAD,horizontal,1,23.10,25.60,110.5,73.5,322,30.36,1.05,0.70,9,0.67,0,0,horizontal best
2026-08-21T14:59:21.073,391,RAD,horizontal,1,23.13,25.63,110.2,76.3,363,30.28,0.00,0.00,9,0.75,0,0,horizontal best
2026-08-21T14:59:21.168,392,RAD,horizontal,1,23.13,25.63,110.3,77.5,333,30.23,1.25,0.67,8,0.72,0,0,horizontal best
2026-08-21T14:59:21.297,393,RAD,horizontal,1,23.13,25.63,110.5,79.7,346,30.14,1.53,0.63,9,0.73,0,0,horizontal best
2026-08-21T14:59:21.393,394,RAD,horizontal,1,23.13,25.63,110.5,82.3,343,30.23,1.47,0.64,8,0.75,0,0,horizontal best
2026-08-21T14:59:21.521,395,RAD,horizontal,1,23.13,25.63,110.6,85.5,371,30.34,1.38,0.61,12,0.75,0,0,horizontal best
2026-08-21T14:59:21.621,396,RAD,horizontal,1,23.10,25.60,110.6,88.4,408,30.14,1.30,0.59,11,0.74,0,0,horizontal best
2026-08-21T14:59:21.746,397,RAD,horizontal,1,23.10,25.60,110.4,91.5,460,30.14,1.28,0.57,9,0.78,0,0,horizontal best
2026-08-21T14:59:21.841,398,RAD,horizontal,1,23.10,25.60,109.3,94.0,488,30.14,0.00,0.00,12,0.78,0,0,horizontal best
2026-08-21T14:59:21.969,399,RAD,horizontal,1,23.08,25.58,108.2,95.2,475,30.08,0.97,0.58,10,0.74,0,0,horizontal best
2026-08-21T14:59:22.098,400,RAD,horizontal,1,23.03,25.53,106.0,96.6,481,30.14,0.90,0.64,11,0.73,0,0,horizontal best
2026-08-21T14:59:22.196,401,RAD,horizontal,1,23.03,25.53,102.8,98.3,486,30.50,0.83,0.70,9,0.74,0,0,horizontal best
2026-08-21T14:59:22.323,402,RAD,horizontal,1,23.03,25.53,98.6,100.3,497,30.43,0.83,0.71,12,0.75,0,0,horizontal best
2026-08-21T14:59:22.418,403,RAD,horizontal,1,23.03,25.53,94.2,101.9,513,30.47,0.77,0.74,13,0.74,0,0,horizontal best
2026-08-21T14:59:22.549,404,RAD,horizontal,1,23.03,25.53,90.3,102.9,530,30.65,0.77,0.77,14,0.76,0,0,horizontal best
2026-08-21T14:59:22.644,405,RAD,horizontal,1,23.05,25.55,87.6,103.7,508,30.67,0.79,0.76,13,0.75,0,0,horizontal best
2026-08-21T14:59:22.770,406,RAD,horizontal,1,23.03,25.53,86.0,104.3,497,30.36,0.76,0.78,9,0.74,0,0,horizontal best
2026-08-21T14:59:22.899,407,RAD,horizontal,1,23.03,25.53,85.4,105.0,486,30.36,0.76,0.76,11,0.76,0,0,horizontal best
2026-08-21T14:59:22.997,408,RAD,horizontal,1,22.98,25.48,85.3,105.6,477,30.41,0.77,0.69,9,0.76,0,0,horizontal best
2026-08-21T14:59:23.127,409,RAD,horizontal,1,22.98,25.48,85.5,105.8,520,30.47,0.00,0.00,11,0.78,0,0,horizontal best
2026-08-21T14:59:23.217,410,RAD,horizontal,1,23.01,25.51,85.9,107.1,523,30.52,0.86,0.72,11,0.85,0,0,horizontal best
2026-08-21T14:59:23.348,411,RAD,horizontal,1,23.01,25.51,86.3,108.0,536,30.50,0.83,0.71,10,0.84,0,0,horizontal best
2026-08-21T14:59:23.441,412,RAD,horizontal,1,22.98,25.48,86.5,108.6,535,30.60,0.80,0.74,9,0.82,0,0,horizontal best
2026-08-21T14:59:23.574,413,RAD,horizontal,1,23.01,25.51,86.5,108.5,575,30.60,0.00,0.00,11,0.83,0,0,horizontal best
2026-08-21T14:59:23.667,414,RAD,horizontal,1,23.01,25.51,86.9,109.0,590,30.56,0.73,0.74,12,1.00,0,0,horizontal best
2026-08-21T14:59:23.795,415,RAD,horizontal,1,23.01,25.51,87.0,108.9,643,30.67,0.00,0.00,13,1.20,0,0,horizontal best
2026-08-21T14:59:23.924,416,RAD,horizontal,1,22.98,25.48,86.1,109.0,659,30.93,0.00,0.00,11,1.20,0,0,horizontal best
2026-08-21T14:59:24.019,417,RAD,horizontal,1,22.98,25.48,86.1,109.6,619,30.58,0.66,0.77,11,1.04,0,0,horizontal best
2026-08-21T14:59:24.148,418,RAD,horizontal,1,22.96,25.46,86.4,109.2,602,30.01,0.00,0.00,11,0.88,0,0,horizontal best
2026-08-21T14:59:24.235,419,RAD,horizontal,0,22.96,25.46,,,,,,,,,,,horizontal best
2026-08-21T14:59:24.364,420,RAD,horizontal,0,22.96,25.46,,,,,,,,,,,horizontal best
2026-08-21T14:59:24.469,421,RAD,horizontal,1,22.96,25.46,86.4,108.9,592,30.34,0.00,0.00,12,0.81,0,0,horizontal best
2026-08-21T14:59:24.587,422,RAD,horizontal,0,22.96,25.46,,,,,,,,,,,horizontal best
2026-08-21T14:59:24.683,423,RAD,horizontal,0,22.96,25.46,,,,,,,,,,,horizontal best
2026-08-21T14:59:24.812,424,RAD,horizontal,0,22.96,25.46,,,,,,,,,,,horizontal best
2026-08-21T14:59:24.939,425,RAD,horizontal,0,22.96,25.46,,,,,,,,,,,horizontal best
2026-08-21T14:59:25.045,426,RAD,horizontal,1,22.96,25.46,86.2,108.6,596,30.32,0.00,0.00,11,0.81,0,0,horizontal best
2026-08-21T14:59:25.172,427,RAD,horizontal,1,22.94,25.44,86.2,108.7,590,30.32,0.00,0.00,11,0.82,0,0,horizontal best
2026-08-21T14:59:25.266,428,RAD,horizontal,2,22.96,25.46,86.1,108.7,597,30.32,0.00,0.00,11,0.84,0,0,horizontal best
2026-08-21T14:59:25.266,428,RAD,horizontal,2,22.96,25.46,1.5,0.5,8,29.26,0.50,1.00,1,1.21,0,0,horizontal best
2026-08-21T14:59:25.395,429,RAD,horizontal,1,22.96,25.46,86.1,108.7,595,30.34,0.00,0.00,11,0.85,0,0,horizontal best
2026-08-21T14:59:25.490,430,RAD,horizontal,2,22.94,25.44,86.2,109.3,562,30.34,0.77,0.76,11,0.86,0,0,horizontal best
2026-08-21T14:59:25.490,430,RAD,horizontal,2,22.94,25.44,1.5,0.5,8,28.86,0.50,1.00,1,1.08,0,0,horizontal best
2026-08-21T14:59:25.618,431,RAD,horizontal,1,22.94,25.44,86.2,109.2,574,30.43,0.00,0.00,13,0.86,0,0,horizontal best
2026-08-21T14:59:25.746,432,RAD,horizontal,1,22.94,25.44,86.1,109.2,573,30.43,0.00,0.00,12,0.86,0,0,horizontal best
2026-08-21T14:59:25.842,433,RAD,horizontal,1,22.91,25.41,86.0,109.3,560,30.39,0.00,0.00,12,0.85,0,0,horizontal best
2026-08-21T14:59:25.971,434,RAD,horizontal,1,22.91,25.41,86.0,109.4,553,30.39,0.00,0.00,13,0.84,0,0,horizontal best
2026-08-21T14:59:26.064,435,RAD,horizontal,1,22.89,25.39,86.0,109.9,527,30.39,0.74,0.74,9,0.84,0,0,horizontal best
2026-08-21T14:59:26.194,436,RAD,horizontal,1,22.89,25.39,86.1,110.2,526,30.39,0.74,0.74,9,0.83,0,0,horizontal best
2026-08-21T14:59:26.287,437,RAD,horizontal,1,22.89,25.39,86.1,109.7,554,30.39,0.00,0.00,10,0.82,0,0,horizontal best
2026-08-21T14:59:26.419,438,RAD,horizontal,1,22.89,25.39,86.1,109.5,549,30.45,0.00,0.00,12,0.82,0,0,horizontal best
2026-08-21T14:59:26.511,439,RAD,horizontal,1,22.89,25.39,86.1,109.4,558,30.45,0.00,0.00,12,0.82,0,0,horizontal best
2026-08-21T14:59:26.643,440,RAD,horizontal,1,22.89,25.39,86.2,109.4,560,30.50,0.00,0.00,12,0.81,0,0,horizontal best
2026-08-21T14:59:26.769,441,RAD,horizontal,1,22.89,25.39,86.3,109.8,543,30.45,0.72,0.74,10,0.82,0,0,horizontal best
2026-08-21T14:59:26.865,442,RAD,horizontal,1,22.87,25.37,86.3,109.4,571,30.43,0.00,0.00,13,0.83,0,0,horizontal best
2026-08-21T14:59:26.997,443,RAD,horizontal,1,22.87,25.37,86.4,109.2,568,30.43,0.00,0.00,13,0.83,0,0,horizontal best
2026-08-21T14:59:27.091,444,RAD,horizontal,1,22.87,25.37,86.5,109.2,565,30.52,0.00,0.00,13,0.82,0,0,horizontal best
2026-08-21T14:59:27.219,445,RAD,horizontal,1,22.87,25.37,86.7,109.2,572,30.47,0.00,0.00,13,0.83,0,0,horizontal best
2026-08-21T14:59:27.315,446,RAD,horizontal,1,22.87,25.37,86.7,109.3,571,30.41,0.00,0.00,10,0.82,0,0,horizontal best
2026-08-21T14:59:27.442,447,RAD,horizontal,1,22.87,25.37,86.8,109.4,561,30.41,0.00,0.00,10,0.80,0,0,horizontal best
2026-08-21T14:59:27.571,448,RAD,horizontal,1,22.87,25.37,86.9,109.5,562,30.43,0.00,0.00,11,0.79,0,0,horizontal best
2026-08-21T14:59:27.665,449,RAD,horizontal,1,22.84,25.34,87.0,109.5,559,30.63,0.00,0.00,10,0.79,0,0,horizontal best
2026-08-21T14:59:27.794,450,RAD,horizontal,1,22.84,25.34,87.2,110.0,534,30.63,0.69,0.76,9,0.79,0,0,horizontal best
2026-08-21T14:59:27.889,451,RAD,horizontal,1,22.84,25.34,87.2,109.7,559,30.63,0.00,0.00,10,0.78,0,0,horizontal best
2026-08-21T14:59:28.019,452,RAD,horizontal,1,22.82,25.32,87.2,109.5,560,30.63,0.00,0.00,12,0.78,0,0,horizontal best
2026-08-21T14:59:28.115,453,RAD,horizontal,1,22.82,25.32,87.3,109.3,568,30.60,0.00,0.00,14,0.79,0,0,horizontal best
2026-08-21T14:59:28.243,454,RAD,horizontal,1,22.82,25.32,87.3,109.4,565,30.56,0.00,0.00,13,0.78,0,0,horizontal best
2026-08-21T14:59:28.339,455,RAD,horizontal,2,22.82,25.32,87.4,109.4,565,30.56,0.00,0.00,12,0.78,0,0,horizontal best
2026-08-21T14:59:28.339,455,RAD,horizontal,2,22.82,25.32,0.5,1.0,6,29.14,1.50,1.00,1,0.97,0,0,horizontal best
2026-08-21T14:59:28.469,456,RAD,horizontal,1,22.82,25.32,87.5,109.4,563,30.56,0.00,0.00,14,0.78,0,0,horizontal best
2026-08-21T14:59:28.595,457,RAD,horizontal,1,22.80,25.30,87.5,109.5,557,30.50,0.00,0.00,12,0.77,0,0,horizontal best
2026-08-21T14:59:28.691,458,RAD,horizontal,1,22.80,25.30,87.5,110.0,533,30.54,0.69,0.76,11,0.78,0,0,horizontal best
2026-08-21T14:59:28.819,459,RAD,horizontal,1,22.80,25.30,87.5,109.8,551,30.60,0.00,0.00,12,0.78,0,0,horizontal best
2026-08-21T14:59:28.914,460,RAD,horizontal,2,22.80,25.30,87.5,109.7,550,30.58,0.00,0.00,12,0.79,0,0,horizontal best
2026-08-21T14:59:28.914,460,RAD,horizontal,2,22.80,25.30,1.5,0.5,8,28.88,0.50,1.00,1,1.08,0,0,horizontal best
2026-08-21T14:59:29.042,461,RAD,horizontal,2,22.80,25.30,87.5,109.6,552,30.52,0.00,0.00,13,0.79,0,0,horizontal best
2026-08-21T14:59:29.042,461,RAD,horizontal,2,22.80,25.30,1.6,0.5,8,28.94,0.50,1.00,1,1.14,0,0,horizontal best
2026-08-21T14:59:29.139,462,RAD,horizontal,2,22.77,25.27,87.5,109.5,552,30.52,0.00,0.00,14,0.79,0,0,horizontal best
2026-08-21T14:59:29.139,462,RAD,horizontal,2,22.77,25.27,1.6,0.5,8,28.94,0.50,1.00,1,1.21,0,0,horizontal best
2026-08-21T14:59:29.266,463,RAD,horizontal,1,22.80,25.30,87.5,109.5,555,30.50,0.00,0.00,13,0.80,0,0,horizontal best
2026-08-21T14:59:29.362,464,RAD,horizontal,1,22.77,25.27,87.5,109.5,552,30.47,0.00,0.00,14,0.79,0,0,horizontal best
2026-08-21T14:59:29.495,465,RAD,horizontal,1,22.75,25.25,87.5,109.5,553,30.47,0.00,0.00,14,0.80,0,0,horizontal best
2026-08-21T14:59:29.618,466,RAD,horizontal,1,22.73,25.23,87.6,109.7,547,30.47,0.00,0.00,14,0.79,0,0,horizontal best
2026-08-21T14:59:29.714,467,RAD,horizontal,1,22.73,25.23,87.6,110.1,528,30.45,0.69,0.75,12,0.79,0,0,horizontal best
2026-08-21T14:59:29.843,468,RAD,horizontal,1,22.73,25.23,87.6,109.8,553,30.45,0.00,0.00,13,0.79,0,0,horizontal best
2026-08-21T14:59:29.938,469,RAD,horizontal,1,22.73,25.23,87.6,109.6,555,30.45,0.00,0.00,13,0.80,0,0,horizontal best
2026-08-21T14:59:30.067,470,RAD,horizontal,1,22.73,25.23,87.5,109.5,555,30.30,0.00,0.00,11,0.79,0,0,horizontal best
2026-08-21T14:59:30.162,471,RAD,horizontal,1,22.70,25.20,87.5,109.5,555,30.30,0.00,0.00,12,0.79,0,0,horizontal best
2026-08-21T14:59:30.291,472,RAD,horizontal,1,22.70,25.20,87.5,109.5,555,30.28,0.00,0.00,12,0.80,0,0,horizontal best
2026-08-21T14:59:30.420,473,RAD,horizontal,1,22.68,25.18,87.5,109.5,559,30.25,0.00,0.00,13,0.80,0,0,horizontal best
2026-08-21T14:59:30.516,474,RAD,horizontal,1,22.68,25.18,87.5,109.6,550,30.25,0.00,0.00,12,0.79,0,0,horizontal best
2026-08-21T14:59:30.642,475,RAD,horizontal,1,22.68,25.18,87.5,109.6,551,30.25,0.00,0.00,12,0.79,0,0,horizontal best
2026-08-21T14:59:30.739,476,RAD,horizontal,1,22.68,25.18,87.5,109.7,548,30.34,0.00,0.00,11,0.81,0,0,horizontal best
2026-08-21T14:59:30.869,477,RAD,horizontal,1,22.68,25.18,87.4,109.8,535,30.34,0.00,0.00,12,0.82,0,0,horizontal best
2026-08-21T14:59:30.962,478,RAD,horizontal,1,22.70,25.20,87.4,109.9,532,30.32,0.00,0.00,11,0.80,0,0,horizontal best
2026-08-21T14:59:31.089,479,RAD,horizontal,1,22.70,25.20,87.3,110.1,508,30.32,0.00,0.00,11,0.80,0,0,horizontal best
2026-08-21T14:59:31.185,480,RAD,horizontal,1,22.70,25.20,87.3,110.3,491,30.28,0.00,0.00,9,0.82,0,0,horizontal best
2026-08-21T14:59:31.315,481,RAD,horizontal,1,22.70,25.20,87.4,110.6,470,30.28,0.00,0.00,11,0.76,0,0,horizontal best
2026-08-21T14:59:31.441,482,RAD,horizontal,1,22.70,25.20,87.7,110.9,451,30.25,0.00,0.00,10,0.74,0,0,horizontal best
2026-08-21T14:59:31.537,483,RAD,horizontal,1,22.70,25.20,88.0,110.8,453,30.19,0.73,0.57,11,0.79,0,0,horizontal best
2026-08-21T14:59:31.659,484,RAD,horizontal,0,22.68,25.18,,,,,,,,,,,horizontal best
2026-08-21T14:59:31.762,485,RAD,horizontal,1,22.70,25.20,89.0,110.8,425,30.01,0.75,0.55,11,0.76,0,0,horizontal best
2026-08-21T14:59:31.884,486,RAD,horizontal,0,22.68,25.18,,,,,,,,,,,horizontal best
2026-08-21T14:59:31.978,487,RAD,horizontal,0,22.68,25.18,,,,,,,,,,,horizontal best
2026-08-21T14:59:32.107,488,RAD,horizontal,0,22.66,25.16,,,,,,,,,,,horizontal best
2026-08-21T14:59:32.236,489,RAD,horizontal,0,22.66,25.16,,,,,,,,,,,horizontal best
2026-08-21T14:59:32.331,490,RAD,horizontal,0,22.63,25.13,,,,,,,,,,,horizontal best
2026-08-21T14:59:32.460,491,RAD,horizontal,1,22.63,25.13,76.0,22.9,28,28.43,0.86,0.67,1,1.55,0,0,horizontal best
2026-08-21T14:59:32.557,492,RAD,horizontal,1,22.66,25.16,76.1,22.9,27,28.43,0.86,0.64,1,1.57,0,0,horizontal best
2026-08-21T14:59:32.686,493,RAD,horizontal,1,22.66,25.16,76.2,22.9,27,28.46,0.86,0.64,1,1.58,0,0,horizontal best
2026-08-21T14:59:32.782,494,RAD,horizontal,1,22.68,25.18,76.2,22.9,27,28.43,0.86,0.64,1,1.57,0,0,horizontal best
2026-08-21T14:59:32.908,495,RAD,horizontal,1,22.68,25.18,76.1,22.9,28,28.48,0.86,0.67,1,1.55,0,0,horizontal best
2026-08-21T14:59:33.004,496,RAD,horizontal,1,22.68,25.18,76.0,22.9,28,28.48,0.86,0.67,1,1.55,0,0,horizontal best
2026-08-21T14:59:33.140,497,RAD,horizontal,1,22.68,25.18,76.1,22.9,29,28.48,0.86,0.69,1,1.55,0,0,horizontal best
2026-08-21T14:59:33.266,498,RAD,horizontal,1,22.68,25.18,76.0,22.9,28,28.48,0.86,0.67,1,1.55,0,0,horizontal best
2026-08-21T14:59:33.359,499,RAD,horizontal,2,22.68,25.18,76.0,22.9,28,28.48,0.86,0.67,1,1.55,0,0,horizontal best
2026-08-21T14:59:33.359,499,RAD,horizontal,2,22.68,25.18,88.5,110.5,521,30.39,0.67,0.72,9,0.76,0,0,horizontal best
2026-08-21T14:59:33.489,500,RAD,horizontal,2,22.66,25.16,76.0,22.9,28,28.48,0.86,0.67,1,1.55,0,0,horizontal best
2026-08-21T14:59:33.489,500,RAD,horizontal,2,22.66,25.16,88.0,109.6,582,30.30,0.00,0.00,12,0.77,0,0,horizontal best
2026-08-21T14:59:33.579,501,RAD,horizontal,1,22.66,25.16,76.0,22.9,28,28.48,0.86,0.67,1,1.54,0,0,horizontal best
2026-08-21T14:59:33.709,502,RAD,horizontal,1,22.68,25.18,76.0,22.9,28,28.48,0.86,0.67,1,1.55,0,0,horizontal best
2026-08-21T14:59:33.804,503,RAD,horizontal,1,22.66,25.16,76.0,22.9,28,28.48,0.86,0.67,1,1.55,0,0,horizontal best
2026-08-21T14:59:33.938,504,RAD,horizontal,2,22.66,25.16,76.0,22.9,28,28.48,0.86,0.67,1,1.55,0,0,horizontal best
2026-08-21T14:59:33.938,504,RAD,horizontal,2,22.66,25.16,85.8,106.5,645,30.45,0.84,0.80,16,0.84,0,0,horizontal best
2026-08-21T14:59:34.066,505,RAD,horizontal,2,22.68,25.18,76.0,22.9,28,28.48,0.86,0.67,1,1.54,0,0,horizontal best
2026-08-21T14:59:34.066,505,RAD,horizontal,2,22.68,25.18,85.2,105.7,652,30.43,0.87,0.78,14,0.88,0,0,horizontal best
2026-08-21T14:59:34.165,506,RAD,horizontal,2,22.68,25.18,76.0,22.9,28,28.57,0.86,0.67,1,1.57,0,0,horizontal best
2026-08-21T14:59:34.165,506,RAD,horizontal,2,22.68,25.18,84.7,105.2,658,30.85,0.90,0.76,12,0.88,0,0,horizontal best
2026-08-21T14:59:34.290,507,RAD,horizontal,2,22.70,25.20,76.0,22.9,28,28.57,0.86,0.67,1,1.57,0,0,horizontal best
2026-08-21T14:59:34.290,507,RAD,horizontal,2,22.70,25.20,84.4,104.8,651,30.60,0.90,0.75,14,0.84,0,0,horizontal best
2026-08-21T14:59:34.386,508,RAD,horizontal,2,22.70,25.20,76.0,22.9,28,28.59,0.86,0.67,1,1.57,0,0,horizontal best
2026-08-21T14:59:34.386,508,RAD,horizontal,2,22.70,25.20,84.6,104.1,647,30.32,0.94,0.72,16,0.84,0,0,horizontal best
2026-08-21T14:59:34.515,509,RAD,horizontal,2,22.73,25.23,76.1,22.9,27,28.59,0.86,0.64,1,1.59,0,0,horizontal best
2026-08-21T14:59:34.515,509,RAD,horizontal,2,22.73,25.23,84.8,103.7,655,30.30,0.91,0.71,15,0.92,0,0,horizontal best
2026-08-21T14:59:34.609,510,RAD,horizontal,2,22.70,25.20,76.1,22.9,28,28.59,0.86,0.67,1,1.57,0,0,horizontal best
2026-08-21T14:59:34.609,510,RAD,horizontal,2,22.70,25.20,85.4,103.1,642,30.34,0.94,0.71,15,0.91,0,0,horizontal best
2026-08-21T14:59:34.738,511,RAD,horizontal,2,22.73,25.23,76.1,22.9,27,28.59,0.86,0.64,1,1.59,0,0,horizontal best
2026-08-21T14:59:34.738,511,RAD,horizontal,2,22.73,25.23,86.1,102.6,649,30.58,0.94,0.68,15,0.88,0,0,horizontal best
2026-08-21T14:59:34.834,512,RAD,horizontal,2,22.73,25.23,76.1,22.9,27,28.57,0.86,0.64,1,1.58,0,0,horizontal best
2026-08-21T14:59:34.834,512,RAD,horizontal,2,22.73,25.23,87.0,102.2,649,30.58,1.00,0.68,14,0.87,0,0,horizontal best
2026-08-21T14:59:34.963,513,RAD,horizontal,2,22.73,25.23,76.2,22.9,27,28.57,0.86,0.64,1,1.58,0,0,horizontal best
2026-08-21T14:59:34.963,513,RAD,horizontal,2,22.73,25.23,88.1,101.5,634,30.74,1.03,0.68,14,0.90,0,0,horizontal best
2026-08-21T14:59:35.091,514,RAD,horizontal,2,22.73,25.23,76.2,22.9,27,28.72,0.86,0.64,1,1.60,0,0,horizontal best
2026-08-21T14:59:35.091,514,RAD,horizontal,2,22.73,25.23,89.1,100.6,616,30.71,1.10,0.66,14,0.91,0,0,horizontal best
2026-08-21T14:59:35.187,515,RAD,horizontal,2,22.73,25.23,76.2,22.9,27,28.72,0.86,0.64,1,1.60,0,0,horizontal best
2026-08-21T14:59:35.187,515,RAD,horizontal,2,22.73,25.23,89.4,100.0,608,30.71,1.10,0.66,15,0.91,0,0,horizontal best
2026-08-21T14:59:35.315,516,RAD,horizontal,2,22.73,25.23,76.1,22.9,27,28.74,0.86,0.64,1,1.60,0,0,horizontal best
2026-08-21T14:59:35.315,516,RAD,horizontal,2,22.73,25.23,89.2,99.1,602,30.52,0.97,0.74,15,0.89,0,0,horizontal best
2026-08-21T14:59:35.410,517,RAD,horizontal,2,22.73,25.23,76.1,22.8,28,28.83,0.86,0.67,1,1.63,0,0,horizontal best
2026-08-21T14:59:35.410,517,RAD,horizontal,2,22.73,25.23,88.6,98.0,578,30.71,0.90,0.77,12,0.93,0,0,horizontal best
2026-08-21T14:59:35.537,518,RAD,horizontal,2,22.73,25.23,76.0,22.8,29,28.83,0.86,0.69,1,1.60,0,0,horizontal best
2026-08-21T14:59:35.537,518,RAD,horizontal,2,22.73,25.23,87.9,97.1,591,30.58,0.87,0.76,10,1.02,0,0,horizontal best
2026-08-21T14:59:35.633,519,RAD,horizontal,2,22.73,25.23,76.0,22.8,29,28.83,0.86,0.69,1,1.60,0,0,horizontal best
2026-08-21T14:59:35.633,519,RAD,horizontal,2,22.73,25.23,86.6,96.2,586,30.47,0.90,0.78,11,1.05,0,0,horizontal best
2026-08-21T14:59:35.763,520,RAD,horizontal,2,22.73,25.23,76.0,22.8,29,28.83,0.86,0.69,1,1.60,0,0,horizontal best
2026-08-21T14:59:35.763,520,RAD,horizontal,2,22.73,25.23,84.8,95.0,571,30.45,0.90,0.76,13,1.03,0,0,horizontal best
2026-08-21T14:59:35.858,521,RAD,horizontal,2,22.68,25.18,76.0,22.8,29,28.74,0.86,0.69,1,1.59,0,0,horizontal best
2026-08-21T14:59:35.858,521,RAD,horizontal,2,22.68,25.18,82.6,93.5,541,30.39,0.90,0.72,14,0.97,0,0,horizontal best
2026-08-21T14:59:35.986,522,RAD,horizontal,2,22.68,25.18,76.0,22.8,29,28.74,0.86,0.69,1,1.60,0,0,horizontal best
2026-08-21T14:59:35.986,522,RAD,horizontal,2,22.68,25.18,80.7,92.2,530,30.67,0.93,0.73,13,0.94,0,0,horizontal best
2026-08-21T14:59:36.114,523,RAD,horizontal,2,22.68,25.18,76.0,22.8,29,28.74,0.86,0.69,1,1.60,0,0,horizontal best
2026-08-21T14:59:36.114,523,RAD,horizontal,2,22.68,25.18,79.3,91.2,533,30.52,1.00,0.73,9,0.89,0,0,horizontal best
2026-08-21T14:59:36.210,524,RAD,horizontal,2,22.66,25.16,76.0,22.8,29,28.74,0.86,0.69,1,1.60,0,0,horizontal best
2026-08-21T14:59:36.210,524,RAD,horizontal,2,22.66,25.16,78.2,90.3,516,30.52,0.89,0.80,9,0.77,0,0,horizontal best
2026-08-21T14:59:36.339,525,RAD,horizontal,2,22.63,25.13,76.0,22.8,29,28.74,0.86,0.69,1,1.60,0,0,horizontal best
2026-08-21T14:59:36.339,525,RAD,horizontal,2,22.63,25.13,78.1,90.2,537,30.52,1.04,0.71,10,0.82,0,0,horizontal best
2026-08-21T14:59:36.436,526,RAD,horizontal,2,22.63,25.13,76.0,22.8,29,28.74,0.86,0.69,1,1.61,0,0,horizontal best
2026-08-21T14:59:36.436,526,RAD,horizontal,2,22.63,25.13,78.3,90.2,542,30.45,1.04,0.72,11,0.83,0,0,horizontal best
2026-08-21T14:59:36.562,527,RAD,horizontal,2,22.61,25.11,76.0,22.8,29,28.72,0.86,0.69,1,1.60,0,0,horizontal best
2026-08-21T14:59:36.562,527,RAD,horizontal,2,22.61,25.11,78.4,90.1,528,30.43,0.93,0.78,12,0.80,0,0,horizontal best
2026-08-21T14:59:36.658,528,RAD,horizontal,2,22.61,25.11,76.0,22.8,29,28.72,0.86,0.69,1,1.60,0,0,horizontal best
2026-08-21T14:59:36.658,528,RAD,horizontal,2,22.61,25.11,78.6,90.1,526,30.43,0.96,0.81,12,0.79,0,0,horizontal best
2026-08-21T14:59:36.787,529,RAD,horizontal,2,22.58,25.08,76.0,22.8,29,28.72,0.86,0.69,1,1.62,0,0,horizontal best
2026-08-21T14:59:36.787,529,RAD,horizontal,2,22.58,25.08,78.9,90.3,525,30.43,1.00,0.78,11,0.77,0,0,horizontal best
2026-08-21T14:59:36.917,530,RAD,horizontal,2,22.58,25.08,76.0,22.9,28,28.68,0.86,0.67,1,1.60,0,0,horizontal best
2026-08-21T14:59:36.917,530,RAD,horizontal,2,22.58,25.08,79.1,90.5,529,30.34,1.00,0.73,10,0.78,0,0,horizontal best
2026-08-21T14:59:37.009,531,RAD,horizontal,2,22.58,25.08,76.0,22.9,28,28.68,0.86,0.67,1,1.60,0,0,horizontal best
2026-08-21T14:59:37.009,531,RAD,horizontal,2,22.58,25.08,79.3,90.5,525,30.34,1.00,0.72,9,0.78,0,0,horizontal best
2026-08-21T14:59:37.137,532,RAD,horizontal,2,22.56,25.06,76.0,22.9,28,28.66,0.86,0.67,1,1.59,0,0,horizontal best
2026-08-21T14:59:37.137,532,RAD,horizontal,2,22.56,25.06,79.4,90.6,514,30.34,0.93,0.76,9,0.75,0,0,horizontal best
2026-08-21T14:59:37.236,533,RAD,horizontal,2,22.54,25.04,76.0,22.9,28,28.66,0.86,0.67,1,1.59,0,0,horizontal best
2026-08-21T14:59:37.236,533,RAD,horizontal,2,22.54,25.04,79.7,90.8,514,30.28,0.96,0.79,10,0.75,0,0,horizontal best
2026-08-21T14:59:37.366,534,RAD,horizontal,2,22.54,25.04,76.0,22.9,28,28.66,0.86,0.67,1,1.59,0,0,horizontal best
2026-08-21T14:59:37.366,534,RAD,horizontal,2,22.54,25.04,80.0,91.2,503,30.14,1.00,0.74,13,0.73,0,0,horizontal best
2026-08-21T14:59:37.458,535,RAD,horizontal,2,22.51,25.01,76.0,22.9,28,28.66,0.86,0.67,1,1.60,0,0,horizontal best
2026-08-21T14:59:37.458,535,RAD,horizontal,2,22.51,25.01,80.1,91.7,493,30.19,0.96,0.76,12,0.77,0,0,horizontal best
2026-08-21T14:59:37.585,536,RAD,horizontal,2,22.51,25.01,76.0,22.9,28,28.66,0.86,0.67,1,1.60,0,0,horizontal best
2026-08-21T14:59:37.585,536,RAD,horizontal,2,22.51,25.01,80.0,92.2,467,30.05,0.96,0.72,10,0.73,0,0,horizontal best
2026-08-21T14:59:37.684,537,RAD,horizontal,2,22.51,25.01,76.0,22.9,28,28.63,0.86,0.67,1,1.59,0,0,horizontal best
2026-08-21T14:59:37.684,537,RAD,horizontal,2,22.51,25.01,79.0,92.7,455,29.92,1.00,0.73,12,0.74,0,0,horizontal best
2026-08-21T14:59:37.810,538,RAD,horizontal,2,22.51,25.01,76.0,22.9,28,28.66,0.86,0.67,1,1.57,0,0,horizontal best
2026-08-21T14:59:37.810,538,RAD,horizontal,2,22.51,25.01,77.1,93.3,460,30.28,1.12,0.66,10,0.75,0,0,horizontal best
2026-08-21T14:59:37.940,539,RAD,horizontal,2,22.51,25.01,76.0,22.9,28,28.66,0.86,0.67,1,1.57,0,0,horizontal best
2026-08-21T14:59:37.940,539,RAD,horizontal,2,22.51,25.01,74.0,94.0,442,30.63,1.12,0.63,11,0.73,0,0,horizontal best
2026-08-21T14:59:38.034,540,RAD,horizontal,2,22.54,25.04,76.0,22.9,28,28.66,0.86,0.67,1,1.57,0,0,horizontal best
2026-08-21T14:59:38.034,540,RAD,horizontal,2,22.54,25.04,69.8,94.4,429,30.21,1.25,0.60,11,0.73,0,0,horizontal best
2026-08-21T14:59:38.162,541,RAD,horizontal,2,22.49,24.99,76.0,22.9,28,28.63,0.86,0.67,1,1.56,0,0,horizontal best
2026-08-21T14:59:38.162,541,RAD,horizontal,2,22.49,24.99,64.8,93.9,389,30.19,1.45,0.55,9,0.74,0,0,horizontal best
2026-08-21T14:59:38.255,542,RAD,horizontal,2,22.51,25.01,76.0,22.9,28,28.63,0.86,0.67,1,1.57,0,0,horizontal best
2026-08-21T14:59:38.255,542,RAD,horizontal,2,22.51,25.01,60.0,93.1,370,30.28,1.80,0.51,7,0.79,0,0,horizontal best
2026-08-21T14:59:38.383,543,RAD,horizontal,2,22.51,25.01,76.0,22.9,28,28.70,0.86,0.67,1,1.59,0,0,horizontal best
2026-08-21T14:59:38.383,543,RAD,horizontal,2,22.51,25.01,55.5,92.6,337,30.47,2.06,0.51,5,0.82,0,0,horizontal best
2026-08-21T14:59:38.481,544,RAD,horizontal,1,22.51,25.01,76.0,22.9,28,28.70,0.86,0.67,1,1.59,0,0,horizontal best
2026-08-21T14:59:38.608,545,RAD,horizontal,1,22.51,25.01,76.0,22.9,28,28.70,0.86,0.67,1,1.58,0,0,horizontal best
2026-08-21T14:59:38.738,546,RAD,horizontal,1,22.49,24.99,76.0,22.9,28,28.70,0.86,0.67,1,1.59,0,0,horizontal best
2026-08-21T14:59:38.832,547,RAD,horizontal,1,22.44,24.94,76.0,22.9,28,28.59,0.86,0.67,1,1.58,0,0,horizontal best
2026-08-21T14:59:38.960,548,RAD,horizontal,1,22.47,24.97,76.0,22.9,28,28.57,0.86,0.67,1,1.58,0,0,horizontal best
2026-08-21T14:59:39.058,549,RAD,horizontal,1,22.44,24.94,76.0,22.9,28,28.57,0.86,0.67,1,1.57,0,0,horizontal best
2026-08-21T14:59:39.185,550,RAD,horizontal,1,22.47,24.97,76.0,22.9,28,28.55,0.86,0.67,1,1.57,0,0,horizontal best
2026-08-21T14:59:39.281,551,RAD,horizontal,1,22.47,24.97,76.0,22.9,28,28.68,0.86,0.67,1,1.57,0,0,horizontal best
2026-08-21T14:59:39.408,552,RAD,horizontal,1,22.49,24.99,76.0,22.9,28,28.68,0.86,0.67,1,1.57,0,0,horizontal best
2026-08-21T14:59:39.506,553,RAD,horizontal,1,22.51,25.01,76.0,22.9,28,28.68,0.86,0.67,1,1.57,0,0,horizontal best
2026-08-21T14:59:39.634,554,RAD,horizontal,1,22.51,25.01,76.0,22.9,28,28.68,0.86,0.67,1,1.57,0,0,horizontal best
2026-08-21T14:59:39.760,555,RAD,horizontal,1,22.51,25.01,76.0,22.9,28,28.68,0.86,0.67,1,1.57,0,0,horizontal best
2026-08-21T14:59:39.855,556,RAD,horizontal,1,22.49,24.99,76.0,22.9,28,28.55,0.86,0.67,1,1.55,0,0,horizontal best
2026-08-21T14:59:39.983,557,RAD,horizontal,1,22.49,24.99,76.0,22.9,28,28.55,0.86,0.67,1,1.56,0,0,horizontal best
2026-08-21T14:59:40.080,558,RAD,horizontal,1,22.47,24.97,76.0,22.9,28,28.55,0.86,0.67,1,1.57,0,0,horizontal best
2026-08-21T14:59:40.206,559,RAD,horizontal,1,22.44,24.94,76.0,22.9,28,28.37,0.86,0.67,1,1.54,0,0,horizontal best
2026-08-21T14:59:40.304,560,RAD,horizontal,1,22.44,24.94,76.0,22.9,28,28.23,0.86,0.67,1,1.51,0,0,horizontal best
2026-08-21T14:59:40.431,561,RAD,horizontal,1,22.44,24.94,76.0,22.9,28,28.17,0.86,0.67,1,1.49,0,0,horizontal best
2026-08-21T14:59:40.561,562,RAD,horizontal,1,22.44,24.94,76.0,22.9,28,28.10,0.86,0.67,1,1.50,0,0,horizontal best
2026-08-21T14:59:40.657,563,RAD,horizontal,1,22.44,24.94,76.0,23.0,29,27.88,0.86,0.69,1,1.47,0,0,horizontal best
2026-08-21T14:59:40.783,564,RAD,horizontal,1,22.44,24.94,76.0,23.0,29,27.79,0.86,0.69,1,1.46,0,0,horizontal best
2026-08-21T14:59:40.882,565,RAD,horizontal,1,22.44,24.94,76.0,23.0,29,27.79,0.86,0.69,1,1.45,0,0,horizontal best
2026-08-21T14:59:41.009,566,RAD,horizontal,1,22.42,24.92,76.0,23.0,29,27.76,0.86,0.69,1,1.44,0,0,horizontal best
2026-08-21T14:59:41.108,567,RAD,horizontal,1,22.42,24.92,76.0,23.0,29,27.74,0.86,0.69,1,1.42,0,0,horizontal best
2026-08-21T14:59:41.233,568,RAD,horizontal,1,22.40,24.90,76.0,23.0,29,27.74,0.86,0.69,1,1.42,0,0,horizontal best
2026-08-21T14:59:41.328,569,RAD,horizontal,1,22.37,24.87,76.0,23.0,29,27.65,0.86,0.69,1,1.40,0,0,horizontal best
2026-08-21T14:59:41.456,570,RAD,horizontal,1,22.37,24.87,76.0,23.0,29,27.65,0.86,0.69,1,1.39,0,0,horizontal best
2026-08-21T14:59:41.585,571,RAD,horizontal,1,22.37,24.87,76.0,22.9,28,27.65,0.86,0.67,1,1.41,0,0,horizontal best
2026-08-21T14:59:41.683,572,RAD,horizontal,1,22.35,24.85,76.0,23.1,27,27.65,0.71,0.77,1,1.44,0,0,horizontal best
2026-08-21T14:59:41.804,573,RAD,horizontal,0,22.35,24.85,,,,,,,,,,,horizontal best
2026-08-21T14:59:41.906,574,RAD,horizontal,2,22.37,24.87,76.0,23.2,26,27.63,0.71,0.74,1,1.43,0,0,horizontal best
2026-08-21T14:59:41.906,574,RAD,horizontal,2,22.37,24.87,36.5,47.9,128,28.63,1.64,0.65,3,1.59,0,0,horizontal best
2026-08-21T14:59:42.033,575,RAD,horizontal,1,22.33,24.83,76.0,23.2,27,27.61,0.71,0.77,1,1.44,0,0,horizontal best
2026-08-21T14:59:42.127,576,RAD,horizontal,1,22.33,24.83,76.0,23.2,27,27.61,0.71,0.77,1,1.45,0,0,horizontal best
2026-08-21T14:59:42.258,577,RAD,horizontal,1,22.33,24.83,76.0,23.2,27,27.58,0.71,0.77,1,1.45,0,0,horizontal best
2026-08-21T14:59:42.354,578,RAD,horizontal,1,22.33,24.83,76.0,23.2,26,27.58,0.71,0.74,1,1.46,0,0,horizontal best
2026-08-21T14:59:42.479,579,RAD,horizontal,1,22.33,24.83,76.0,23.0,28,27.54,0.86,0.67,1,1.40,0,0,horizontal best
2026-08-21T14:59:42.608,580,RAD,horizontal,1,22.33,24.83,76.0,22.9,28,27.52,0.86,0.67,1,1.40,0,0,horizontal best
2026-08-21T14:59:42.704,581,RAD,horizontal,2,22.33,24.83,76.0,23.1,26,27.52,0.71,0.74,1,1.44,0,0,horizontal best
2026-08-21T14:59:42.704,581,RAD,horizontal,2,22.33,24.83,46.8,43.8,90,29.01,1.18,0.63,6,0.44,0,0,horizontal best
2026-08-21T14:59:42.833,582,RAD,horizontal,2,22.33,24.83,76.0,23.1,26,27.52,0.71,0.74,1,1.44,0,0,horizontal best
2026-08-21T14:59:42.833,582,RAD,horizontal,2,22.33,24.83,47.3,43.1,77,28.79,1.60,0.48,5,0.48,0,0,horizontal best
2026-08-21T14:59:42.929,583,RAD,horizontal,2,22.33,24.83,76.0,23.0,28,27.52,0.86,0.67,1,1.39,0,0,horizontal best
2026-08-21T14:59:42.929,583,RAD,horizontal,2,22.33,24.83,48.3,43.2,95,28.81,1.36,0.58,5,0.51,0,0,horizontal best
2026-08-21T14:59:43.057,584,RAD,horizontal,1,22.33,24.83,76.0,22.9,28,27.56,0.86,0.67,1,1.40,0,0,horizontal best
2026-08-21T14:59:43.153,585,RAD,horizontal,1,22.33,24.83,76.0,22.9,28,27.56,0.86,0.67,1,1.40,0,0,horizontal best
2026-08-21T14:59:43.281,586,RAD,horizontal,1,22.30,24.80,76.0,23.0,29,27.56,0.86,0.69,1,1.39,0,0,horizontal best
2026-08-21T14:59:43.409,587,RAD,horizontal,1,22.30,24.80,76.0,23.0,29,27.56,0.86,0.69,1,1.39,0,0,horizontal best
2026-08-21T14:59:43.505,588,RAD,horizontal,1,22.30,24.80,76.0,23.0,29,27.56,0.86,0.69,1,1.38,0,0,horizontal best
2026-08-21T14:59:43.631,589,RAD,horizontal,1,22.30,24.80,76.0,23.0,29,27.56,0.86,0.69,1,1.39,0,0,horizontal best
2026-08-21T14:59:43.728,590,RAD,horizontal,1,22.30,24.80,76.0,23.0,29,27.56,0.86,0.69,1,1.38,0,0,horizontal best
2026-08-21T14:59:43.857,591,RAD,horizontal,1,22.30,24.80,76.0,23.0,29,27.56,0.86,0.69,1,1.39,0,0,horizontal best
2026-08-21T14:59:43.953,592,RAD,horizontal,1,22.30,24.80,76.0,23.0,29,27.56,0.86,0.69,1,1.38,0,0,horizontal best
2026-08-21T14:59:44.079,593,RAD,horizontal,0,22.28,24.78,,,,,,,,,,,horizontal best
2026-08-21T14:59:44.177,594,RAD,horizontal,0,22.26,24.76,,,,,,,,,,,horizontal best
2026-08-21T14:59:44.303,595,RAD,horizontal,0,22.26,24.76,,,,,,,,,,,horizontal best
2026-08-21T14:59:44.432,596,RAD,horizontal,1,22.26,24.76,76.0,22.9,28,27.52,0.86,0.67,1,1.39,0,0,horizontal best
2026-08-21T14:59:44.529,597,RAD,horizontal,1,22.28,24.78,76.0,22.9,28,27.52,0.86,0.67,1,1.39,0,0,horizontal best
2026-08-21T14:59:44.658,598,RAD,horizontal,1,22.28,24.78,76.0,22.9,28,27.52,0.86,0.67,1,1.39,0,0,horizontal best
2026-08-21T14:59:44.752,599,RAD,horizontal,1,22.28,24.78,76.0,22.9,28,27.52,0.86,0.67,1,1.39,0,0,horizontal best
2026-08-21T14:59:44.882,600,RAD,horizontal,1,22.28,24.78,76.0,22.9,28,27.52,0.86,0.67,1,1.39,0,0,horizontal best
2026-08-21T14:59:44.977,601,RAD,horizontal,1,22.28,24.78,76.0,22.9,28,27.52,0.86,0.67,1,1.37,0,0,horizontal best
2026-08-21T14:59:45.103,602,RAD,horizontal,1,22.28,24.78,76.0,23.1,26,27.40,0.71,0.74,1,1.33,0,0,horizontal best
2026-08-21T14:59:45.231,603,RAD,horizontal,0,22.28,24.78,,,,,,,,,,,horizontal best
2026-08-21T14:59:45.327,604,RAD,horizontal,0,22.28,24.78,,,,,,,,,,,horizontal best
2026-08-21T14:59:45.456,605,RAD,horizontal,0,22.26,24.76,,,,,,,,,,,horizontal best
2026-08-21T14:59:45.551,606,RAD,horizontal,0,22.26,24.76,,,,,,,,,,,horizontal best
2026-08-21T14:59:45.678,607,RAD,horizontal,0,22.26,24.76,,,,,,,,,,,horizontal best
2026-08-21T14:59:45.775,608,RAD,horizontal,0,22.26,24.76,,,,,,,,,,,horizontal best
2026-08-21T14:59:45.904,609,RAD,horizontal,0,22.26,24.76,,,,,,,,,,,horizontal best
2026-08-21T14:59:45.999,610,RAD,horizontal,0,22.26,24.76,,,,,,,,,,,horizontal best
2026-08-21T14:59:46.126,611,RAD,horizontal,0,22.26,24.76,,,,,,,,,,,horizontal best
2026-08-21T14:59:46.254,612,RAD,horizontal,0,22.26,24.76,,,,,,,,,,,horizontal best
2026-08-21T14:59:46.352,613,RAD,horizontal,0,22.23,24.73,,,,,,,,,,,horizontal best
2026-08-21T14:59:46.480,614,RAD,horizontal,0,22.23,24.73,,,,,,,,,,,horizontal best
2026-08-21T14:59:46.576,615,RAD,horizontal,0,22.21,24.71,,,,,,,,,,,horizontal best
2026-08-21T14:59:46.703,616,RAD,horizontal,0,22.21,24.71,,,,,,,,,,,horizontal best
2026-08-21T14:59:46.799,617,RAD,horizontal,0,22.21,24.71,,,,,,,,,,,horizontal best
2026-08-21T14:59:46.929,618,RAD,horizontal,0,22.21,24.71,,,,,,,,,,,horizontal best
2026-08-21T14:59:47.054,619,RAD,horizontal,0,22.21,24.71,,,,,,,,,,,horizontal best
2026-08-21T14:59:47.154,620,RAD,horizontal,0,22.21,24.71,,,,,,,,,,,horizontal best
2026-08-21T14:59:47.280,621,RAD,horizontal,0,22.21,24.71,,,,,,,,,,,horizontal best
2026-08-21T14:59:47.376,622,RAD,horizontal,0,22.23,24.73,,,,,,,,,,,horizontal best
2026-08-21T14:59:47.506,623,RAD,horizontal,0,22.28,24.78,,,,,,,,,,,horizontal best
2026-08-21T14:59:47.601,624,RAD,horizontal,0,22.28,24.78,,,,,,,,,,,horizontal best
2026-08-21T14:59:47.728,625,RAD,horizontal,0,22.28,24.78,,,,,,,,,,,horizontal best
2026-08-21T14:59:47.824,626,RAD,horizontal,0,22.28,24.78,,,,,,,,,,,horizontal best
2026-08-21T14:59:47.952,627,RAD,horizontal,0,22.30,24.80,,,,,,,,,,,horizontal best
2026-08-21T14:59:48.080,628,RAD,horizontal,1,22.30,24.80,77.0,22.1,30,27.99,1.00,0.61,1,1.46,0,0,horizontal best
2026-08-21T14:59:48.176,629,RAD,horizontal,1,22.30,24.80,76.9,22.2,30,27.99,1.00,0.61,1,1.46,0,0,horizontal best
2026-08-21T14:59:48.305,630,RAD,horizontal,1,22.30,24.80,76.6,22.5,31,28.15,1.00,0.63,1,1.48,0,0,horizontal best
2026-08-21T14:59:48.401,631,RAD,horizontal,1,22.30,24.80,76.3,22.8,31,28.17,1.00,0.63,1,1.49,0,0,horizontal best
2026-08-21T14:59:48.527,632,RAD,horizontal,1,22.30,24.80,76.2,23.0,31,28.26,1.00,0.63,1,1.53,0,0,horizontal best
2026-08-21T14:59:48.622,633,RAD,horizontal,1,22.30,24.80,76.0,23.1,33,28.26,0.88,0.59,1,1.51,0,0,horizontal best
2026-08-21T14:59:48.754,634,RAD,horizontal,1,22.28,24.78,75.7,23.2,35,28.26,0.78,0.56,1,1.50,0,0,horizontal best
2026-08-21T14:59:48.849,635,RAD,horizontal,1,22.28,24.78,75.8,23.2,33,28.26,0.88,0.59,1,1.52,0,0,horizontal best
2026-08-21T14:59:48.976,636,RAD,horizontal,1,22.28,24.78,75.9,23.1,32,28.28,0.88,0.57,1,1.50,0,0,horizontal best
2026-08-21T14:59:49.103,637,RAD,horizontal,1,22.28,24.78,76.0,23.1,32,28.35,0.88,0.57,1,1.52,0,0,horizontal best
2026-08-21T14:59:49.201,638,RAD,horizontal,1,22.28,24.78,76.0,23.1,32,28.35,0.88,0.57,1,1.52,0,0,horizontal best
2026-08-21T14:59:49.328,639,RAD,horizontal,1,22.26,24.76,76.0,23.1,32,28.35,0.88,0.57,1,1.51,0,0,horizontal best
2026-08-21T14:59:49.426,640,RAD,horizontal,1,22.26,24.76,76.0,23.1,32,28.35,0.88,0.57,1,1.51,0,0,horizontal best
2026-08-21T14:59:49.553,641,RAD,horizontal,1,22.28,24.78,75.8,23.1,34,28.35,0.78,0.54,1,1.48,0,0,horizontal best
2026-08-21T14:59:49.649,642,RAD,horizontal,1,22.30,24.80,75.9,23.1,33,28.35,0.88,0.59,1,1.45,0,0,horizontal best
2026-08-21T14:59:49.776,643,RAD,horizontal,1,22.33,24.83,76.0,23.1,32,28.35,0.88,0.57,1,1.48,0,0,horizontal best
2026-08-21T14:59:49.905,644,RAD,horizontal,1,22.30,24.80,76.3,22.9,29,28.35,1.00,0.59,1,1.46,0,0,horizontal best
2026-08-21T14:59:49.996,645,RAD,horizontal,1,22.33,24.83,76.4,22.9,29,28.32,1.00,0.59,1,1.46,0,0,horizontal best
2026-08-21T14:59:50.127,646,RAD,horizontal,1,22.33,24.83,76.4,22.9,29,28.32,1.00,0.59,1,1.45,0,0,horizontal best
2026-08-21T14:59:50.224,647,RAD,horizontal,1,22.30,24.80,76.4,22.9,29,28.39,1.00,0.59,1,1.45,0,0,horizontal best
2026-08-21T14:59:50.352,648,RAD,horizontal,1,22.23,24.73,76.4,22.9,29,28.32,1.00,0.59,1,1.46,0,0,horizontal best
2026-08-21T14:59:50.453,649,RAD,horizontal,1,22.26,24.76,76.4,22.9,29,28.30,1.00,0.59,1,1.46,0,0,horizontal best
2026-08-21T14:59:50.577,650,RAD,horizontal,1,22.26,24.76,76.1,22.9,32,28.30,0.88,0.57,1,1.46,0,0,horizontal best
2026-08-21T14:59:50.667,651,RAD,horizontal,1,22.26,24.76,75.9,22.7,34,28.30,1.00,0.53,1,1.43,0,0,horizontal best
2026-08-21T14:59:50.799,652,RAD,horizontal,1,22.26,24.76,75.8,22.6,36,28.30,1.00,0.56,1,1.48,0,0,horizontal best
2026-08-21T14:59:50.928,653,RAD,horizontal,1,22.28,24.78,75.7,22.6,36,28.32,1.00,0.56,1,1.47,0,0,horizontal best
2026-08-21T14:59:51.025,654,RAD,horizontal,1,22.33,24.83,75.7,22.6,36,28.32,1.00,0.56,1,1.53,0,0,horizontal best
2026-08-21T14:59:51.153,655,RAD,horizontal,1,22.33,24.83,75.4,22.3,32,28.32,0.75,0.67,1,1.54,0,0,horizontal best
2026-08-21T14:59:51.249,656,RAD,horizontal,1,22.33,24.83,75.1,22.2,30,28.35,0.86,0.71,1,1.56,0,0,horizontal best
2026-08-21T14:59:51.376,657,RAD,horizontal,1,22.33,24.83,74.9,22.3,31,28.19,1.00,0.63,1,1.74,0,0,horizontal best
2026-08-21T14:59:51.473,658,RAD,horizontal,1,22.30,24.80,74.7,22.2,31,28.23,1.00,0.63,1,1.67,0,0,horizontal best
2026-08-21T14:59:51.600,659,RAD,horizontal,1,22.30,24.80,74.7,22.3,32,28.23,1.00,0.65,1,1.66,0,0,horizontal best
2026-08-21T14:59:51.731,660,RAD,horizontal,1,22.30,24.80,74.5,22.3,30,28.23,1.17,0.71,1,1.59,0,0,horizontal best
2026-08-21T14:59:51.824,661,RAD,horizontal,1,22.30,24.80,74.5,22.4,28,28.35,1.17,0.67,1,1.60,0,0,horizontal best
2026-08-21T14:59:51.955,662,RAD,horizontal,1,22.28,24.78,74.5,22.5,27,28.32,1.17,0.64,1,1.55,0,0,horizontal best
2026-08-21T14:59:52.048,663,RAD,horizontal,1,22.28,24.78,74.5,22.5,28,28.32,1.17,0.67,1,1.55,0,0,horizontal best
2026-08-21T14:59:52.176,664,RAD,horizontal,1,22.28,24.78,74.5,22.4,28,28.32,1.17,0.67,1,1.57,0,0,horizontal best
2026-08-21T14:59:52.272,665,RAD,horizontal,1,22.28,24.78,74.5,22.4,28,28.32,1.17,0.67,1,1.57,0,0,horizontal best
2026-08-21T14:59:52.401,666,RAD,horizontal,1,22.28,24.78,74.5,22.4,28,28.30,1.17,0.67,1,1.57,0,0,horizontal best
2026-08-21T14:59:52.496,667,RAD,horizontal,2,22.28,24.78,74.5,22.4,28,28.30,1.17,0.67,1,1.58,0,0,horizontal best
2026-08-21T14:59:52.496,667,RAD,horizontal,2,22.28,24.78,105.3,51.3,126,28.99,1.07,0.60,6,0.50,0,0,horizontal best
2026-08-21T14:59:52.625,668,RAD,horizontal,2,22.28,24.78,74.5,22.4,28,28.30,1.17,0.67,1,1.59,0,0,horizontal best
2026-08-21T14:59:52.625,668,RAD,horizontal,2,22.28,24.78,106.6,52.7,118,28.61,1.14,0.53,5,0.50,0,0,horizontal best
2026-08-21T14:59:52.752,669,RAD,horizontal,2,22.26,24.76,74.5,22.4,28,28.30,1.17,0.67,1,1.59,0,0,horizontal best
2026-08-21T14:59:52.752,669,RAD,horizontal,2,22.26,24.76,108.4,53.9,119,28.86,1.07,0.50,6,0.54,0,0,horizontal best
2026-08-21T14:59:52.849,670,RAD,horizontal,2,22.23,24.73,74.5,22.4,28,28.30,1.17,0.67,1,1.58,0,0,horizontal best
2026-08-21T14:59:52.849,670,RAD,horizontal,2,22.23,24.73,109.8,55.2,132,29.30,1.06,0.49,6,0.51,0,0,horizontal best
2026-08-21T14:59:52.977,671,RAD,horizontal,2,22.23,24.73,74.5,22.4,28,28.30,1.17,0.67,1,1.59,0,0,horizontal best
2026-08-21T14:59:52.977,671,RAD,horizontal,2,22.23,24.73,110.8,55.8,131,29.08,1.12,0.45,7,0.50,0,0,horizontal best
2026-08-21T14:59:53.074,672,RAD,horizontal,2,22.21,24.71,74.5,22.4,28,28.23,1.17,0.67,1,1.58,0,0,horizontal best
2026-08-21T14:59:53.074,672,RAD,horizontal,2,22.21,24.71,110.9,56.7,139,29.08,1.00,0.48,5,0.50,0,0,horizontal best
2026-08-21T14:59:53.201,673,RAD,horizontal,2,22.21,24.71,74.5,22.4,28,28.23,1.17,0.67,1,1.58,0,0,horizontal best
2026-08-21T14:59:53.201,673,RAD,horizontal,2,22.21,24.71,111.1,58.6,168,29.08,1.00,0.58,7,0.62,0,0,horizontal best
2026-08-21T14:59:53.297,674,RAD,horizontal,2,22.21,24.71,74.5,22.4,28,28.23,1.17,0.67,1,1.58,0,0,horizontal best
2026-08-21T14:59:53.297,674,RAD,horizontal,2,22.21,24.71,111.3,60.0,147,29.26,1.06,0.48,8,0.53,0,0,horizontal best
2026-08-21T14:59:53.424,675,RAD,horizontal,2,22.21,24.71,74.5,22.4,28,28.23,1.17,0.67,1,1.58,0,0,horizontal best
2026-08-21T14:59:53.424,675,RAD,horizontal,2,22.21,24.71,111.4,60.9,156,29.14,1.12,0.48,6,0.51,0,0,horizontal best
2026-08-21T14:59:53.553,676,RAD,horizontal,2,22.23,24.73,74.5,22.5,27,28.23,1.17,0.64,1,1.57,0,0,horizontal best
2026-08-21T14:59:53.553,676,RAD,horizontal,2,22.23,24.73,110.6,61.9,176,29.50,1.11,0.49,6,0.54,0,0,horizontal best
2026-08-21T14:59:53.650,677,RAD,horizontal,2,22.26,24.76,74.6,22.4,27,28.28,1.17,0.64,1,1.60,0,0,horizontal best
2026-08-21T14:59:53.650,677,RAD,horizontal,2,22.26,24.76,110.3,62.9,189,29.48,1.11,0.53,8,0.57,0,0,horizontal best
2026-08-21T14:59:53.779,678,RAD,horizontal,2,22.28,24.78,74.6,22.4,27,28.28,1.17,0.64,1,1.60,0,0,horizontal best
2026-08-21T14:59:53.779,678,RAD,horizontal,2,22.28,24.78,110.2,63.8,198,29.39,1.11,0.55,6,0.59,0,0,horizontal best
2026-08-21T14:59:53.872,679,RAD,horizontal,2,22.28,24.78,74.6,22.4,27,28.28,1.17,0.64,1,1.60,0,0,horizontal best
2026-08-21T14:59:53.872,679,RAD,horizontal,2,22.28,24.78,110.4,64.9,197,29.52,1.11,0.49,8,0.57,0,0,horizontal best
2026-08-21T14:59:54.003,680,RAD,horizontal,2,22.28,24.78,74.6,22.4,27,28.28,1.17,0.64,1,1.59,0,0,horizontal best
2026-08-21T14:59:54.003,680,RAD,horizontal,2,22.28,24.78,110.9,66.4,210,29.85,1.11,0.53,7,0.57,0,0,horizontal best
2026-08-21T14:59:54.096,681,RAD,horizontal,2,22.30,24.80,74.6,22.4,27,28.35,1.17,0.64,1,1.60,0,0,horizontal best
2026-08-21T14:59:54.096,681,RAD,horizontal,2,22.30,24.80,111.3,68.2,216,29.57,1.11,0.54,6,0.60,0,0,horizontal best
2026-08-21T14:59:54.225,682,RAD,horizontal,2,22.30,24.80,74.6,22.4,27,28.32,1.17,0.64,1,1.61,0,0,horizontal best
2026-08-21T14:59:54.225,682,RAD,horizontal,2,22.30,24.80,112.1,70.6,223,29.59,1.26,0.49,7,0.59,0,0,horizontal best
2026-08-21T14:59:54.321,683,RAD,horizontal,2,22.30,24.80,74.6,22.4,27,28.32,1.17,0.64,1,1.61,0,0,horizontal best
2026-08-21T14:59:54.321,683,RAD,horizontal,2,22.30,24.80,112.8,72.5,235,29.99,1.20,0.49,7,0.59,0,0,horizontal best
2026-08-21T14:59:54.449,684,RAD,horizontal,2,22.30,24.80,74.6,22.4,27,28.32,1.17,0.64,1,1.60,0,0,horizontal best
2026-08-21T14:59:54.449,684,RAD,horizontal,2,22.30,24.80,113.1,74.3,246,29.59,1.18,0.43,8,0.58,0,0,horizontal best
2026-08-21T14:59:54.578,685,RAD,horizontal,2,22.28,24.78,74.6,22.4,27,28.32,1.17,0.64,1,1.61,0,0,horizontal best
2026-08-21T14:59:54.578,685,RAD,horizontal,2,22.28,24.78,113.0,75.6,252,29.48,1.14,0.46,8,0.54,0,0,horizontal best
2026-08-21T14:59:54.674,686,RAD,horizontal,2,22.30,24.80,74.6,22.4,27,28.32,1.17,0.64,1,1.57,0,0,horizontal best
2026-08-21T14:59:54.674,686,RAD,horizontal,2,22.30,24.80,112.3,77.4,293,30.05,1.04,0.53,6,0.65,0,0,horizontal best
2026-08-21T14:59:54.801,687,RAD,horizontal,2,22.30,24.80,74.6,22.4,27,28.32,1.17,0.64,1,1.57,0,0,horizontal best
2026-08-21T14:59:54.801,687,RAD,horizontal,2,22.30,24.80,111.4,78.9,289,29.65,1.09,0.50,12,0.60,0,0,horizontal best
2026-08-21T14:59:54.898,688,RAD,horizontal,2,22.30,24.80,74.6,22.4,27,28.32,1.17,0.64,1,1.57,0,0,horizontal best
2026-08-21T14:59:54.898,688,RAD,horizontal,2,22.30,24.80,110.1,80.7,311,29.70,1.04,0.56,10,0.63,0,0,horizontal best
2026-08-21T14:59:55.026,689,RAD,horizontal,2,22.33,24.83,74.6,22.4,27,28.37,1.17,0.64,1,1.57,0,0,horizontal best
2026-08-21T14:59:55.026,689,RAD,horizontal,2,22.33,24.83,108.4,82.3,328,29.81,1.00,0.62,8,0.66,0,0,horizontal best
2026-08-21T14:59:55.121,690,RAD,horizontal,2,22.35,24.85,74.6,22.4,27,28.37,1.17,0.64,1,1.57,0,0,horizontal best
2026-08-21T14:59:55.121,690,RAD,horizontal,2,22.35,24.85,106.5,83.6,348,29.90,1.00,0.56,8,0.64,0,0,horizontal best
2026-08-21T14:59:55.252,691,RAD,horizontal,2,22.37,24.87,74.6,22.4,27,28.37,1.17,0.64,1,1.58,0,0,horizontal best
2026-08-21T14:59:55.252,691,RAD,horizontal,2,22.37,24.87,104.4,85.0,372,29.74,0.96,0.57,8,0.65,0,0,horizontal best
2026-08-21T14:59:55.347,692,RAD,horizontal,2,22.37,24.87,74.6,22.4,27,28.39,1.17,0.64,1,1.58,0,0,horizontal best
2026-08-21T14:59:55.347,692,RAD,horizontal,2,22.37,24.87,103.3,86.1,369,30.19,1.04,0.57,8,0.63,0,0,horizontal best
2026-08-21T14:59:55.474,693,RAD,horizontal,2,22.37,24.87,74.6,22.4,27,28.41,1.17,0.64,1,1.59,0,0,horizontal best
2026-08-21T14:59:55.474,693,RAD,horizontal,2,22.37,24.87,102.4,87.3,389,29.45,1.08,0.58,9,0.62,0,0,horizontal best
2026-08-21T14:59:55.601,694,RAD,horizontal,2,22.37,24.87,74.4,22.5,29,28.39,1.00,0.59,1,1.56,0,0,horizontal best
2026-08-21T14:59:55.601,694,RAD,horizontal,2,22.37,24.87,101.9,88.9,379,29.92,1.08,0.56,11,0.61,0,0,horizontal best
2026-08-21T14:59:55.698,695,RAD,horizontal,2,22.35,24.85,74.4,22.6,29,28.37,1.00,0.59,1,1.56,0,0,horizontal best
2026-08-21T14:59:55.698,695,RAD,horizontal,2,22.35,24.85,101.5,90.6,369,29.65,1.12,0.53,9,0.58,0,0,horizontal best
2026-08-21T14:59:55.827,696,RAD,horizontal,2,22.35,24.85,74.4,22.6,29,28.37,1.00,0.59,1,1.56,0,0,horizontal best
2026-08-21T14:59:55.827,696,RAD,horizontal,2,22.35,24.85,101.0,92.7,378,29.34,1.08,0.52,10,0.59,0,0,horizontal best
2026-08-21T14:59:55.921,697,RAD,horizontal,2,22.35,24.85,74.4,22.6,29,28.35,1.00,0.59,1,1.56,0,0,horizontal best
2026-08-21T14:59:55.921,697,RAD,horizontal,2,22.35,24.85,100.4,94.7,390,29.43,1.12,0.52,14,0.59,0,0,horizontal best
2026-08-21T14:59:56.053,698,RAD,horizontal,2,22.33,24.83,74.6,22.5,27,28.35,1.17,0.64,1,1.59,0,0,horizontal best
2026-08-21T14:59:56.053,698,RAD,horizontal,2,22.33,24.83,99.9,96.5,397,29.57,1.07,0.51,13,0.60,0,0,horizontal best
2026-08-21T14:59:56.146,699,RAD,horizontal,2,22.33,24.83,74.6,22.5,26,28.35,1.17,0.62,1,1.59,0,0,horizontal best
2026-08-21T14:59:56.146,699,RAD,horizontal,2,22.33,24.83,99.3,97.9,395,29.57,1.00,0.50,10,0.61,0,0,horizontal best
2026-08-21T14:59:56.274,700,RAD,horizontal,2,22.28,24.78,74.6,22.5,26,28.37,1.17,0.62,1,1.58,0,0,horizontal best
2026-08-21T14:59:56.274,700,RAD,horizontal,2,22.28,24.78,98.7,98.7,393,29.32,0.96,0.52,10,0.61,0,0,horizontal best
2026-08-21T14:59:56.405,701,RAD,horizontal,2,22.26,24.76,74.2,22.7,30,28.28,0.88,0.54,1,1.52,0,0,horizontal best
2026-08-21T14:59:56.405,701,RAD,horizontal,2,22.26,24.76,97.6,99.2,406,29.57,0.96,0.54,9,0.61,0,0,horizontal best
2026-08-21T14:59:56.498,702,RAD,horizontal,2,22.23,24.73,74.0,22.8,30,28.28,0.88,0.54,1,1.53,0,0,horizontal best
2026-08-21T14:59:56.498,702,RAD,horizontal,2,22.23,24.73,96.6,99.4,409,29.52,0.93,0.52,10,0.60,0,0,horizontal best
2026-08-21T14:59:56.630,703,RAD,horizontal,2,22.23,24.73,74.2,22.7,29,28.28,1.00,0.59,1,1.57,0,0,horizontal best
2026-08-21T14:59:56.630,703,RAD,horizontal,2,22.23,24.73,95.5,99.3,425,29.79,0.93,0.54,12,0.62,0,0,horizontal best
2026-08-21T14:59:56.722,704,RAD,horizontal,2,22.23,24.73,74.4,22.4,28,28.32,1.17,0.67,1,1.63,0,0,horizontal best
2026-08-21T14:59:56.722,704,RAD,horizontal,2,22.23,24.73,94.5,99.1,414,29.70,0.86,0.57,9,0.60,0,0,horizontal best
2026-08-21T14:59:56.851,705,RAD,horizontal,2,22.26,24.76,74.5,22.4,27,28.39,1.17,0.64,1,1.64,0,0,horizontal best
2026-08-21T14:59:56.851,705,RAD,horizontal,2,22.26,24.76,93.4,99.1,434,29.61,0.90,0.58,13,0.64,0,0,horizontal best
2026-08-21T14:59:56.945,706,RAD,horizontal,2,22.26,24.76,74.5,22.4,27,28.39,1.17,0.64,1,1.64,0,0,horizontal best
2026-08-21T14:59:56.945,706,RAD,horizontal,2,22.26,24.76,92.8,99.0,417,29.77,0.93,0.57,12,0.62,0,0,horizontal best
2026-08-21T14:59:57.074,707,RAD,horizontal,2,22.26,24.76,74.5,22.4,27,28.39,1.17,0.64,1,1.63,0,0,horizontal best
2026-08-21T14:59:57.074,707,RAD,horizontal,2,22.26,24.76,92.1,99.1,440,29.81,0.86,0.61,14,0.64,0,0,horizontal best
2026-08-21T14:59:57.202,708,RAD,horizontal,2,22.26,24.76,74.5,22.4,28,28.43,1.17,0.67,1,1.63,0,0,horizontal best
2026-08-21T14:59:57.202,708,RAD,horizontal,2,22.26,24.76,91.7,99.1,442,29.79,0.86,0.61,12,0.64,0,0,horizontal best
2026-08-21T14:59:57.298,709,RAD,horizontal,2,22.28,24.78,74.5,22.4,28,28.46,1.17,0.67,1,1.64,0,0,horizontal best
2026-08-21T14:59:57.298,709,RAD,horizontal,2,22.28,24.78,91.4,98.9,439,29.61,0.86,0.65,13,0.64,0,0,horizontal best
2026-08-21T14:59:57.426,710,RAD,horizontal,2,22.28,24.78,74.5,22.3,28,28.46,1.17,0.67,1,1.63,0,0,horizontal best
2026-08-21T14:59:57.426,710,RAD,horizontal,2,22.28,24.78,91.2,98.9,447,29.61,0.83,0.64,11,0.65,0,0,horizontal best
2026-08-21T14:59:57.522,711,RAD,horizontal,2,22.28,24.78,74.5,22.4,28,28.46,1.17,0.67,1,1.61,0,0,horizontal best
2026-08-21T14:59:57.522,711,RAD,horizontal,2,22.28,24.78,91.3,99.0,454,29.83,0.86,0.63,12,0.66,0,0,horizontal best
2026-08-21T14:59:57.650,712,RAD,horizontal,2,22.30,24.80,74.5,22.4,27,28.46,1.17,0.64,1,1.60,0,0,horizontal best
2026-08-21T14:59:57.650,712,RAD,horizontal,2,22.30,24.80,91.2,99.1,468,30.10,0.86,0.65,11,0.68,0,0,horizontal best
2026-08-21T14:59:57.746,713,RAD,horizontal,2,22.30,24.80,74.6,22.5,26,28.46,1.17,0.62,1,1.57,0,0,horizontal best
2026-08-21T14:59:57.746,713,RAD,horizontal,2,22.30,24.80,91.1,99.2,471,30.19,0.86,0.65,11,0.68,0,0,horizontal best
2026-08-21T14:59:57.875,714,RAD,horizontal,2,22.30,24.80,74.6,22.5,26,28.46,1.17,0.62,1,1.58,0,0,horizontal best
2026-08-21T14:59:57.875,714,RAD,horizontal,2,22.30,24.80,91.0,99.2,468,30.28,0.86,0.65,10,0.67,0,0,horizontal best
2026-08-21T14:59:57.970,715,RAD,horizontal,2,22.30,24.80,74.6,22.5,26,28.46,1.17,0.62,1,1.57,0,0,horizontal best
2026-08-21T14:59:57.970,715,RAD,horizontal,2,22.30,24.80,91.0,99.2,469,30.23,0.86,0.65,9,0.67,0,0,horizontal best
2026-08-21T14:59:58.099,716,RAD,horizontal,2,22.30,24.80,74.6,22.5,26,28.46,1.17,0.62,1,1.57,0,0,horizontal best
2026-08-21T14:59:58.099,716,RAD,horizontal,2,22.30,24.80,91.0,99.2,469,30.23,0.86,0.65,9,0.66,0,0,horizontal best
2026-08-21T14:59:58.226,717,RAD,horizontal,2,22.30,24.80,74.6,22.5,26,28.43,1.17,0.62,1,1.57,0,0,horizontal best
2026-08-21T14:59:58.226,717,RAD,horizontal,2,22.30,24.80,91.0,99.2,472,30.23,0.86,0.65,9,0.66,0,0,horizontal best
2026-08-21T14:59:58.322,718,RAD,horizontal,2,22.30,24.80,74.6,22.4,27,28.46,1.17,0.64,1,1.58,0,0,horizontal best
2026-08-21T14:59:58.322,718,RAD,horizontal,2,22.30,24.80,91.0,99.1,472,30.19,0.86,0.65,9,0.66,0,0,horizontal best
2026-08-21T14:59:58.450,719,RAD,horizontal,2,22.30,24.80,74.6,22.5,31,28.46,0.88,0.55,1,1.63,0,0,horizontal best
2026-08-21T14:59:58.450,719,RAD,horizontal,2,22.30,24.80,91.1,99.4,503,30.19,0.86,0.69,11,0.71,0,0,horizontal best
2026-08-21T14:59:58.547,720,RAD,horizontal,2,22.33,24.83,74.8,22.4,29,28.41,1.00,0.59,1,1.66,0,0,horizontal best
2026-08-21T14:59:58.547,720,RAD,horizontal,2,22.33,24.83,91.1,99.5,506,30.19,0.86,0.70,12,0.73,0,0,horizontal best
2026-08-21T14:59:58.674,721,RAD,horizontal,2,22.33,24.83,74.9,22.4,29,28.41,1.00,0.59,1,1.65,0,0,horizontal best
2026-08-21T14:59:58.674,721,RAD,horizontal,2,22.33,24.83,91.0,99.4,509,30.08,0.90,0.68,12,0.73,0,0,horizontal best
2026-08-21T14:59:58.771,722,RAD,horizontal,2,22.33,24.83,74.9,22.4,29,28.37,1.00,0.59,1,1.65,0,0,horizontal best
2026-08-21T14:59:58.771,722,RAD,horizontal,2,22.33,24.83,90.9,99.3,511,30.14,0.93,0.70,10,0.73,0,0,horizontal best
2026-08-21T14:59:58.897,723,RAD,horizontal,2,22.33,24.83,74.9,22.4,29,28.37,1.00,0.59,1,1.65,0,0,horizontal best
2026-08-21T14:59:58.897,723,RAD,horizontal,2,22.33,24.83,90.6,99.1,506,30.12,0.93,0.70,11,0.72,0,0,horizontal best
2026-08-21T14:59:58.995,724,RAD,horizontal,2,22.33,24.83,74.9,22.4,29,28.37,1.00,0.59,1,1.65,0,0,horizontal best
2026-08-21T14:59:58.995,724,RAD,horizontal,2,22.33,24.83,90.2,98.7,500,30.12,0.86,0.69,11,0.70,0,0,horizontal best
2026-08-21T14:59:59.123,725,RAD,horizontal,2,22.30,24.80,74.8,22.4,30,28.37,1.00,0.61,1,1.64,0,0,horizontal best
2026-08-21T14:59:59.123,725,RAD,horizontal,2,22.30,24.80,89.5,98.2,468,30.08,0.86,0.70,11,0.65,0,0,horizontal best
2026-08-21T14:59:59.252,726,RAD,horizontal,2,22.28,24.78,74.8,22.4,30,28.37,1.00,0.61,1,1.64,0,0,horizontal best
2026-08-21T14:59:59.252,726,RAD,horizontal,2,22.28,24.78,88.9,97.8,465,30.08,0.79,0.70,10,0.66,0,0,horizontal best
2026-08-21T14:59:59.344,727,RAD,horizontal,2,22.28,24.78,74.8,22.4,30,28.37,1.00,0.61,1,1.65,0,0,horizontal best
2026-08-21T14:59:59.344,727,RAD,horizontal,2,22.28,24.78,88.1,97.6,437,29.74,0.75,0.74,9,0.66,0,0,horizontal best
2026-08-21T14:59:59.474,728,RAD,horizontal,2,22.28,24.78,74.8,22.4,30,28.37,1.00,0.61,1,1.67,0,0,horizontal best
2026-08-21T14:59:59.474,728,RAD,horizontal,2,22.28,24.78,87.6,97.4,410,30.05,0.81,0.69,9,0.67,0,0,horizontal best
2026-08-21T14:59:59.574,729,RAD,horizontal,2,22.28,24.78,74.8,22.4,30,28.37,1.00,0.61,1,1.67,0,0,horizontal best
2026-08-21T14:59:59.574,729,RAD,horizontal,2,22.28,24.78,87.4,97.1,390,30.05,0.82,0.61,11,0.64,0,0,horizontal best
2026-08-21T14:59:59.701,730,RAD,horizontal,2,22.28,24.78,74.8,22.4,29,28.37,1.00,0.59,1,1.68,0,0,horizontal best
2026-08-21T14:59:59.701,730,RAD,horizontal,2,22.28,24.78,87.9,96.8,384,29.79,0.89,0.59,9,0.63,0,0,horizontal best
2026-08-21T14:59:59.794,731,RAD,horizontal,2,22.30,24.80,74.9,22.4,29,28.37,1.00,0.59,1,1.67,0,0,horizontal best
2026-08-21T14:59:59.794,731,RAD,horizontal,2,22.30,24.80,88.8,96.2,389,29.79,1.00,0.58,8,0.66,0,0,horizontal best
2026-08-21T14:59:59.922,732,RAD,horizontal,2,22.30,24.80,74.9,22.4,29,28.37,1.00,0.59,1,1.66,0,0,horizontal best
2026-08-21T14:59:59.922,732,RAD,horizontal,2,22.30,24.80,90.3,95.1,377,29.70,1.12,0.54,12,0.64,0,0,horizontal best
2026-08-21T15:00:00.050,733,RAD,horizontal,2,22.28,24.78,74.9,22.6,27,28.30,0.86,0.64,1,1.70,0,0,horizontal best
2026-08-21T15:00:00.050,733,RAD,horizontal,2,22.28,24.78,92.4,93.5,325,29.61,1.22,0.50,10,0.57,0,0,horizontal best
2026-08-21T15:00:00.143,734,RAD,horizontal,2,22.28,24.78,75.0,22.5,31,28.30,1.00,0.63,1,1.69,0,0,horizontal best
2026-08-21T15:00:00.143,734,RAD,horizontal,2,22.28,24.78,94.9,91.3,313,29.61,1.32,0.49,11,0.59,0,0,horizontal best
2026-08-21T15:00:00.271,735,RAD,horizontal,2,22.28,24.78,75.1,22.5,30,28.26,1.00,0.61,1,1.59,0,0,horizontal best
2026-08-21T15:00:00.271,735,RAD,horizontal,2,22.28,24.78,97.3,89.5,297,29.59,1.55,0.48,9,0.59,0,0,horizontal best
2026-08-21T15:00:00.369,736,RAD,horizontal,2,22.28,24.78,75.2,22.5,31,27.97,1.00,0.63,1,1.49,0,0,horizontal best
2026-08-21T15:00:00.369,736,RAD,horizontal,2,22.28,24.78,99.5,87.5,256,29.65,1.78,0.44,5,0.61,0,0,horizontal best
2026-08-21T15:00:00.497,737,RAD,horizontal,2,22.28,24.78,75.2,22.5,30,27.97,1.00,0.61,1,1.45,0,0,horizontal best
2026-08-21T15:00:00.497,737,RAD,horizontal,2,22.28,24.78,101.4,86.7,246,29.65,1.88,0.45,8,0.63,0,0,horizontal best
2026-08-21T15:00:00.594,738,RAD,horizontal,2,22.28,24.78,75.2,22.5,30,27.97,1.00,0.61,1,1.42,0,0,horizontal best
2026-08-21T15:00:00.594,738,RAD,horizontal,2,22.28,24.78,103.5,86.6,229,29.65,2.06,0.43,8,0.68,0,0,horizontal best
2026-08-21T15:00:00.721,739,RAD,horizontal,2,22.28,24.78,75.2,22.5,30,27.97,1.00,0.61,1,1.42,0,0,horizontal best
2026-08-21T15:00:00.721,739,RAD,horizontal,2,22.28,24.78,105.7,86.2,187,29.68,2.54,0.44,5,0.70,0,0,horizontal best
2026-08-21T15:00:00.816,740,RAD,horizontal,1,22.28,24.78,75.2,22.5,30,27.97,1.00,0.61,1,1.41,0,0,horizontal best
2026-08-21T15:00:00.946,741,RAD,horizontal,1,22.28,24.78,75.2,22.5,30,27.97,1.00,0.61,1,1.42,0,0,horizontal best
2026-08-21T15:00:01.073,742,RAD,horizontal,1,22.26,24.76,75.2,22.5,30,28.06,1.00,0.61,1,1.43,0,0,horizontal best
2026-08-21T15:00:01.167,743,RAD,horizontal,1,22.26,24.76,75.2,22.6,28,28.08,0.86,0.67,1,1.47,0,0,horizontal best
2026-08-21T15:00:01.296,744,RAD,horizontal,1,22.26,24.76,75.2,22.7,28,28.08,0.86,0.67,1,1.51,0,0,horizontal best
2026-08-21T15:00:01.392,745,RAD,horizontal,1,22.26,24.76,75.3,22.6,30,28.19,1.00,0.61,1,1.52,0,0,horizontal best
2026-08-21T15:00:01.521,746,RAD,horizontal,1,22.26,24.76,75.3,22.5,30,28.30,1.00,0.61,1,1.55,0,0,horizontal best
2026-08-21T15:00:01.616,747,RAD,horizontal,1,22.26,24.76,75.3,22.5,30,28.26,1.00,0.61,1,1.55,0,0,horizontal best
2026-08-21T15:00:01.743,748,RAD,horizontal,1,22.23,24.73,75.4,22.5,29,28.26,1.00,0.59,1,1.53,0,0,horizontal best
2026-08-21T15:00:01.843,749,RAD,horizontal,1,22.21,24.71,75.4,22.5,29,28.26,1.00,0.59,1,1.52,0,0,horizontal best
2026-08-21T15:00:01.971,750,RAD,horizontal,1,22.21,24.71,75.7,22.6,33,28.28,0.88,0.59,1,1.60,0,0,horizontal best
2026-08-21T15:00:02.097,751,RAD,horizontal,1,22.21,24.71,75.8,22.7,33,28.28,0.88,0.59,1,1.53,0,0,horizontal best
2026-08-21T15:00:02.192,752,RAD,horizontal,1,22.21,24.71,76.0,22.8,35,28.28,0.78,0.56,1,1.56,0,0,horizontal best
2026-08-21T15:00:02.319,753,RAD,horizontal,1,22.21,24.71,76.2,22.7,33,28.28,0.88,0.59,1,1.58,0,0,horizontal best
2026-08-21T15:00:02.416,754,RAD,horizontal,1,22.23,24.73,76.5,22.8,33,28.26,1.00,0.52,1,1.57,0,0,horizontal best
2026-08-21T15:00:02.540,755,RAD,horizontal,1,22.23,24.73,76.3,22.8,33,28.21,1.14,0.59,1,1.48,0,0,horizontal best
2026-08-21T15:00:02.641,756,RAD,horizontal,1,22.21,24.71,76.3,22.9,32,28.17,1.14,0.57,1,1.46,0,0,horizontal best
2026-08-21T15:00:02.763,757,RAD,horizontal,1,22.21,24.71,76.2,22.9,32,28.17,1.14,0.57,1,1.46,0,0,horizontal best
2026-08-21T15:00:02.891,758,RAD,horizontal,1,22.23,24.73,76.3,22.8,30,28.10,1.14,0.54,1,1.42,0,0,horizontal best
2026-08-21T15:00:02.987,759,RAD,horizontal,1,22.23,24.73,76.4,22.7,30,28.10,1.14,0.54,1,1.43,0,0,horizontal best
2026-08-21T15:00:03.115,760,RAD,horizontal,0,22.23,24.73,,,,,,,,,,,horizontal best
2026-08-21T15:00:03.213,761,RAD,horizontal,1,22.23,24.73,75.8,22.5,26,28.23,1.17,0.62,1,1.36,0,0,horizontal best
2026-08-21T15:00:03.340,762,RAD,horizontal,1,22.23,24.73,75.6,22.4,26,28.28,1.17,0.62,1,1.42,0,0,horizontal best
2026-08-21T15:00:03.436,763,RAD,horizontal,1,22.23,24.73,75.7,22.3,28,28.28,1.17,0.67,1,1.45,0,0,horizontal best
2026-08-21T15:00:03.568,764,RAD,horizontal,1,22.26,24.76,75.8,22.3,28,28.28,1.17,0.67,1,1.47,0,0,horizontal best
2026-08-21T15:00:03.664,765,RAD,horizontal,1,22.26,24.76,75.9,22.4,25,28.28,1.00,0.69,1,1.56,0,0,horizontal best
2026-08-21T15:00:03.788,766,RAD,horizontal,1,22.21,24.71,76.0,22.3,27,28.19,1.17,0.64,1,1.52,0,0,horizontal best
2026-08-21T15:00:03.919,767,RAD,horizontal,0,22.21,24.71,,,,,,,,,,,horizontal best
2026-08-21T15:00:04.017,768,RAD,horizontal,1,22.21,24.71,77.0,22.5,31,28.30,1.33,0.65,1,1.63,0,0,horizontal best
2026-08-21T15:00:04.145,769,RAD,horizontal,1,22.21,24.71,77.3,22.5,30,28.26,1.33,0.62,1,1.59,0,0,horizontal best
2026-08-21T15:00:04.242,770,RAD,horizontal,1,22.21,24.71,77.6,22.5,33,28.23,1.14,0.59,1,1.63,0,0,horizontal best
2026-08-21T15:00:04.368,771,RAD,horizontal,1,22.21,24.71,77.8,22.5,34,28.17,1.14,0.61,1,1.61,0,0,horizontal best
2026-08-21T15:00:04.465,772,RAD,horizontal,1,22.23,24.73,78.1,22.5,36,28.30,1.14,0.64,1,1.65,0,0,horizontal best
2026-08-21T15:00:04.592,773,RAD,horizontal,1,22.23,24.73,78.3,22.6,34,28.21,1.14,0.61,1,1.56,0,0,horizontal best
2026-08-21T15:00:04.720,774,RAD,horizontal,1,22.23,24.73,78.3,22.8,32,28.26,1.00,0.65,1,1.62,0,0,horizontal best
2026-08-21T15:00:04.816,775,RAD,horizontal,1,22.23,24.73,78.3,22.9,31,28.26,1.00,0.63,1,1.63,0,0,horizontal best
2026-08-21T15:00:04.944,776,RAD,horizontal,1,22.26,24.76,78.3,22.9,32,28.28,1.00,0.65,1,1.66,0,0,horizontal best
2026-08-21T15:00:05.040,777,RAD,horizontal,1,22.26,24.76,78.5,22.8,36,28.28,1.14,0.64,1,1.66,0,0,horizontal best
2026-08-21T15:00:05.166,778,RAD,horizontal,2,22.26,24.76,78.7,22.8,37,28.28,1.14,0.66,1,1.67,0,0,horizontal best
2026-08-21T15:00:05.166,778,RAD,horizontal,2,22.26,24.76,89.9,45.9,95,29.01,1.08,0.52,5,0.55,0,0,horizontal best
2026-08-21T15:00:05.263,779,RAD,horizontal,1,22.28,24.78,79.0,22.6,37,28.28,1.14,0.66,1,1.72,0,0,horizontal best
2026-08-21T15:00:05.393,780,RAD,horizontal,1,22.28,24.78,79.1,22.6,38,28.28,1.14,0.68,1,1.77,0,0,horizontal best
2026-08-21T15:00:05.488,781,RAD,horizontal,1,22.28,24.78,79.3,22.6,37,28.21,1.14,0.66,1,1.78,0,0,horizontal best
2026-08-21T15:00:05.614,782,RAD,horizontal,1,22.28,24.78,79.5,22.5,34,28.28,1.33,0.71,1,1.80,0,0,horizontal best
2026-08-21T15:00:05.744,783,RAD,horizontal,1,22.30,24.80,79.7,22.3,35,28.12,1.50,0.65,2,1.69,0,0,horizontal best
2026-08-21T15:00:05.841,784,RAD,horizontal,1,22.28,24.78,79.8,22.2,35,27.88,1.50,0.65,2,1.54,0,0,horizontal best
2026-08-21T15:00:05.970,785,RAD,horizontal,1,22.28,24.78,79.8,22.2,35,27.88,1.50,0.65,2,1.55,0,0,horizontal best
2026-08-21T15:00:06.067,786,RAD,horizontal,1,22.28,24.78,79.8,22.2,35,27.83,1.50,0.65,2,1.55,0,0,horizontal best
2026-08-21T15:00:06.193,787,RAD,horizontal,1,22.28,24.78,79.8,22.3,39,27.76,1.50,0.72,1,1.62,0,0,horizontal best
2026-08-21T15:00:06.289,788,RAD,horizontal,1,22.28,24.78,79.9,22.2,40,27.92,1.50,0.74,1,1.62,0,0,horizontal best
2026-08-21T15:00:06.417,789,RAD,horizontal,1,22.28,24.78,79.8,22.3,40,27.94,1.50,0.74,1,1.55,0,0,horizontal best
2026-08-21T15:00:06.512,790,RAD,horizontal,1,22.33,24.83,79.8,22.3,40,28.26,1.50,0.74,1,1.56,0,0,horizontal best
2026-08-21T15:00:06.641,791,RAD,horizontal,1,22.33,24.83,79.8,22.4,39,28.26,1.50,0.72,1,1.52,0,0,horizontal best
2026-08-21T15:00:06.768,792,RAD,horizontal,1,22.35,24.85,79.7,22.3,40,28.32,1.50,0.74,1,1.52,0,0,horizontal best
2026-08-21T15:00:06.863,793,RAD,horizontal,1,22.35,24.85,79.7,22.5,38,28.32,1.33,0.79,1,1.52,0,0,horizontal best
2026-08-21T15:00:06.994,794,RAD,horizontal,1,22.35,24.85,79.6,22.5,39,28.28,1.33,0.81,1,1.52,0,0,horizontal best
2026-08-21T15:00:07.089,795,RAD,horizontal,1,22.37,24.87,79.8,22.6,43,28.28,1.14,0.77,1,1.64,0,0,horizontal best
2026-08-21T15:00:07.216,796,RAD,horizontal,1,22.37,24.87,80.0,22.7,41,28.23,1.14,0.73,1,1.63,0,0,horizontal best
2026-08-21T15:00:07.312,797,RAD,horizontal,1,22.35,24.85,80.0,22.7,41,28.23,1.14,0.73,1,1.62,0,0,horizontal best
2026-08-21T15:00:07.440,798,RAD,horizontal,1,22.37,24.87,80.0,22.6,41,28.23,1.14,0.73,1,1.63,0,0,horizontal best
2026-08-21T15:00:07.567,799,RAD,horizontal,1,22.40,24.90,80.0,22.6,41,28.21,1.14,0.73,1,1.63,0,0,horizontal best
2026-08-21T15:00:07.665,800,RAD,horizontal,1,22.40,24.90,80.0,22.6,41,28.21,1.14,0.73,1,1.62,0,0,horizontal best
2026-08-21T15:00:07.793,801,RAD,horizontal,1,22.40,24.90,80.0,22.6,42,28.21,1.14,0.75,1,1.59,0,0,horizontal best
2026-08-21T15:00:07.886,802,RAD,horizontal,1,22.37,24.87,80.0,22.5,42,28.21,1.14,0.75,1,1.59,0,0,horizontal best
2026-08-21T15:00:08.013,803,RAD,horizontal,1,22.37,24.87,80.0,22.5,42,28.30,1.14,0.75,1,1.61,0,0,horizontal best
2026-08-21T15:00:08.108,804,RAD,horizontal,1,22.37,24.87,79.9,22.5,41,28.37,1.14,0.73,1,1.64,0,0,horizontal best
2026-08-21T15:00:08.235,805,RAD,horizontal,1,22.37,24.87,79.9,22.4,38,28.37,1.14,0.68,1,1.63,0,0,horizontal best
2026-08-21T15:00:08.333,806,RAD,horizontal,1,22.35,24.85,79.8,22.4,38,28.37,1.14,0.68,1,1.64,0,0,horizontal best
2026-08-21T15:00:08.460,807,RAD,horizontal,1,22.35,24.85,79.8,22.4,38,28.37,1.14,0.68,1,1.66,0,0,horizontal best
2026-08-21T15:00:08.588,808,RAD,horizontal,1,22.33,24.83,79.8,22.4,38,28.30,1.14,0.68,1,1.64,0,0,horizontal best
2026-08-21T15:00:08.685,809,RAD,horizontal,1,22.33,24.83,79.8,22.4,39,28.28,1.14,0.70,1,1.62,0,0,horizontal best
2026-08-21T15:00:08.813,810,RAD,horizontal,1,22.33,24.83,79.8,22.4,39,28.26,1.14,0.70,1,1.62,0,0,horizontal best
2026-08-21T15:00:08.908,811,RAD,horizontal,1,22.30,24.80,79.8,22.4,39,28.26,1.14,0.70,1,1.61,0,0,horizontal best
2026-08-21T15:00:09.035,812,RAD,horizontal,1,22.28,24.78,79.8,22.4,39,28.26,1.14,0.70,1,1.57,0,0,horizontal best
2026-08-21T15:00:09.131,813,RAD,horizontal,1,22.28,24.78,79.8,22.4,39,28.23,1.14,0.70,1,1.57,0,0,horizontal best
2026-08-21T15:00:09.259,814,RAD,horizontal,1,22.28,24.78,79.8,22.4,40,28.17,1.14,0.71,1,1.61,0,0,horizontal best
2026-08-21T15:00:09.388,815,RAD,horizontal,1,22.28,24.78,79.9,22.5,43,28.17,1.14,0.77,1,1.60,0,0,horizontal best
2026-08-21T15:00:09.486,816,RAD,horizontal,1,22.30,24.80,79.9,22.5,43,28.17,1.14,0.77,1,1.60,0,0,horizontal best
2026-08-21T15:00:09.613,817,RAD,horizontal,1,22.30,24.80,79.9,22.5,43,28.17,1.14,0.77,1,1.61,0,0,horizontal best
2026-08-21T15:00:09.708,818,RAD,horizontal,2,22.30,24.80,79.8,22.7,41,28.10,1.14,0.73,1,1.58,0,0,horizontal best
2026-08-21T15:00:09.708,818,RAD,horizontal,2,22.30,24.80,97.4,38.4,94,27.61,3.00,0.64,3,1.21,0,0,horizontal best
2026-08-21T15:00:09.835,819,RAD,horizontal,1,22.28,24.78,79.6,22.6,41,28.10,1.14,0.73,1,1.57,0,0,horizontal best
2026-08-21T15:00:09.932,820,RAD,horizontal,2,22.28,24.78,79.5,22.5,42,28.10,1.14,0.75,1,1.57,0,0,horizontal best
2026-08-21T15:00:09.932,820,RAD,horizontal,2,22.28,24.78,95.7,37.2,91,27.52,3.14,0.59,2,1.40,0,0,horizontal best
2026-08-21T15:00:10.061,821,RAD,horizontal,2,22.28,24.78,79.4,22.5,44,28.10,1.00,0.69,1,1.63,0,0,horizontal best
2026-08-21T15:00:10.061,821,RAD,horizontal,2,22.28,24.78,95.1,36.0,89,27.58,2.71,0.67,2,1.34,0,0,horizontal best
2026-08-21T15:00:10.156,822,RAD,horizontal,2,22.30,24.80,79.3,22.6,43,28.10,1.00,0.67,1,1.70,0,0,horizontal best
2026-08-21T15:00:10.156,822,RAD,horizontal,2,22.30,24.80,94.6,35.0,95,27.70,2.71,0.71,2,1.37,0,0,horizontal best
2026-08-21T15:00:10.283,823,RAD,horizontal,2,22.28,24.78,79.3,22.6,39,28.03,1.33,0.81,1,1.65,0,0,horizontal best
2026-08-21T15:00:10.283,823,RAD,horizontal,2,22.28,24.78,94.1,34.8,96,27.70,2.38,0.63,3,1.38,0,0,horizontal best
2026-08-21T15:00:10.413,824,RAD,horizontal,2,22.28,24.78,79.5,22.7,37,27.83,1.33,0.77,1,1.59,0,0,horizontal best
2026-08-21T15:00:10.413,824,RAD,horizontal,2,22.28,24.78,93.8,34.2,98,27.76,2.11,0.57,3,1.35,0,0,horizontal best
2026-08-21T15:00:10.508,825,RAD,horizontal,2,22.28,24.78,79.7,22.8,40,27.90,1.14,0.71,1,1.68,0,0,horizontal best
2026-08-21T15:00:10.508,825,RAD,horizontal,2,22.28,24.78,93.5,34.0,99,27.88,2.38,0.65,2,1.26,0,0,horizontal best
2026-08-21T15:00:10.637,826,RAD,horizontal,2,22.30,24.80,80.0,22.7,41,28.08,1.14,0.73,1,1.76,0,0,horizontal best
2026-08-21T15:00:10.637,826,RAD,horizontal,2,22.30,24.80,93.5,34.1,101,27.74,2.38,0.66,3,1.28,0,0,horizontal best
2026-08-21T15:00:10.733,827,RAD,horizontal,2,22.33,24.83,80.0,22.7,43,28.23,1.00,0.67,1,1.61,0,0,horizontal best
2026-08-21T15:00:10.733,827,RAD,horizontal,2,22.33,24.83,93.6,34.4,110,27.83,2.50,0.69,3,1.35,0,0,horizontal best
2026-08-21T15:00:10.861,828,RAD,horizontal,2,22.35,24.85,79.8,22.6,45,28.23,1.00,0.70,1,1.58,0,0,horizontal best
2026-08-21T15:00:10.861,828,RAD,horizontal,2,22.35,24.85,93.8,34.5,113,27.81,2.22,0.63,3,1.34,0,0,horizontal best
2026-08-21T15:00:10.956,829,RAD,horizontal,1,22.37,24.87,79.7,22.7,46,28.23,1.00,0.72,1,1.61,0,0,horizontal best
2026-08-21T15:00:11.085,830,RAD,horizontal,2,22.40,24.90,79.7,22.6,45,28.23,1.00,0.70,1,1.57,0,0,horizontal best
2026-08-21T15:00:11.085,830,RAD,horizontal,2,22.40,24.90,93.9,34.6,113,27.83,2.22,0.63,2,1.33,0,0,horizontal best
2026-08-21T15:00:11.211,831,RAD,horizontal,2,22.42,24.92,79.7,22.6,45,28.21,1.00,0.70,1,1.59,0,0,horizontal best
2026-08-21T15:00:11.211,831,RAD,horizontal,2,22.42,24.92,94.0,34.5,110,27.90,2.22,0.61,2,1.34,0,0,horizontal best
2026-08-21T15:00:11.306,832,RAD,horizontal,2,22.42,24.92,79.5,22.7,41,28.21,1.14,0.73,1,1.55,0,0,horizontal best
2026-08-21T15:00:11.306,832,RAD,horizontal,2,22.42,24.92,94.0,34.4,110,27.90,2.22,0.61,2,1.34,0,0,horizontal best
2026-08-21T15:00:11.438,833,RAD,horizontal,2,22.42,24.92,79.2,22.7,42,28.30,1.00,0.66,1,1.57,0,0,horizontal best
2026-08-21T15:00:11.438,833,RAD,horizontal,2,22.42,24.92,94.0,34.4,110,27.90,2.22,0.61,2,1.34,0,0,horizontal best
2026-08-21T15:00:11.531,834,RAD,horizontal,2,22.42,24.92,78.7,22.9,38,27.99,1.00,0.59,1,1.49,0,0,horizontal best
2026-08-21T15:00:11.531,834,RAD,horizontal,2,22.42,24.92,93.9,34.5,108,27.90,2.22,0.60,2,1.33,0,0,horizontal best
2026-08-21T15:00:11.661,835,RAD,horizontal,2,22.40,24.90,78.2,22.9,38,28.06,1.00,0.59,1,1.44,0,0,horizontal best
2026-08-21T15:00:11.661,835,RAD,horizontal,2,22.40,24.90,93.9,34.6,111,27.85,2.22,0.62,2,1.31,0,0,horizontal best
2026-08-21T15:00:11.757,836,RAD,horizontal,2,22.42,24.92,77.6,22.8,35,28.39,1.14,0.62,1,1.44,0,0,horizontal best
2026-08-21T15:00:11.757,836,RAD,horizontal,2,22.42,24.92,93.9,34.5,110,27.85,2.22,0.61,2,1.32,0,0,horizontal best
2026-08-21T15:00:11.883,837,RAD,horizontal,1,22.40,24.90,76.9,22.9,38,28.39,1.00,0.59,1,1.47,0,0,horizontal best
2026-08-21T15:00:11.981,838,RAD,horizontal,2,22.40,24.90,76.5,22.9,35,28.26,1.00,0.55,1,1.46,0,0,horizontal best
2026-08-21T15:00:11.981,838,RAD,horizontal,2,22.40,24.90,94.1,34.1,104,27.90,2.00,0.64,3,1.29,0,0,horizontal best
2026-08-21T15:00:12.110,839,RAD,horizontal,2,22.40,24.90,76.3,23.1,34,28.28,0.88,0.61,1,1.51,0,0,horizontal best
2026-08-21T15:00:12.110,839,RAD,horizontal,2,22.40,24.90,94.6,34.2,99,27.79,2.12,0.73,2,1.25,0,0,horizontal best
2026-08-21T15:00:12.236,840,RAD,horizontal,2,22.40,24.90,76.2,23.0,32,28.28,1.00,0.65,1,1.51,0,0,horizontal best
2026-08-21T15:00:12.236,840,RAD,horizontal,2,22.40,24.90,95.2,34.8,105,27.99,2.11,0.61,3,1.29,0,0,horizontal best
2026-08-21T15:00:12.331,841,RAD,horizontal,1,22.37,24.87,76.2,23.1,33,28.28,1.00,0.67,1,1.50,0,0,horizontal best
2026-08-21T15:00:12.459,842,RAD,horizontal,1,22.40,24.90,76.2,23.0,32,28.37,1.00,0.65,1,1.55,0,0,horizontal best
2026-08-21T15:00:12.556,843,RAD,horizontal,1,22.40,24.90,76.3,23.0,31,28.37,1.00,0.63,1,1.58,0,0,horizontal best
2026-08-21T15:00:12.684,844,RAD,horizontal,1,22.42,24.92,76.4,22.8,33,28.37,1.14,0.59,1,1.56,0,0,horizontal best
2026-08-21T15:00:12.779,845,RAD,horizontal,1,22.44,24.94,76.5,22.8,34,28.48,1.14,0.61,1,1.48,0,0,horizontal best
2026-08-21T15:00:12.907,846,RAD,horizontal,1,22.47,24.97,76.6,22.8,32,28.48,1.14,0.57,1,1.50,0,0,horizontal best
2026-08-21T15:00:13.004,847,RAD,horizontal,1,22.47,24.97,76.7,22.8,32,28.48,1.14,0.57,1,1.49,0,0,horizontal best
2026-08-21T15:00:13.131,848,RAD,horizontal,1,22.47,24.97,76.6,22.8,32,28.48,1.14,0.57,1,1.49,0,0,horizontal best
2026-08-21T15:00:13.259,849,RAD,horizontal,1,22.49,24.99,76.6,22.8,32,28.50,1.14,0.57,1,1.50,0,0,horizontal best
2026-08-21T15:00:13.356,850,RAD,horizontal,1,22.49,24.99,76.6,23.0,30,28.50,1.00,0.61,1,1.53,0,0,horizontal best
2026-08-21T15:00:13.484,851,RAD,horizontal,1,22.49,24.99,76.6,23.0,30,28.48,1.00,0.61,1,1.51,0,0,horizontal best
2026-08-21T15:00:13.582,852,RAD,horizontal,1,22.47,24.97,76.6,23.1,30,28.46,1.00,0.61,1,1.52,0,0,horizontal best
2026-08-21T15:00:13.707,853,RAD,horizontal,1,22.47,24.97,76.6,23.1,30,28.41,1.00,0.61,1,1.52,0,0,horizontal best
2026-08-21T15:00:13.804,854,RAD,horizontal,1,22.47,24.97,76.6,23.0,30,28.41,1.00,0.61,1,1.52,0,0,horizontal best
2026-08-21T15:00:13.932,855,RAD,horizontal,1,22.44,24.94,76.6,23.1,31,28.41,1.00,0.63,1,1.49,0,0,horizontal best
2026-08-21T15:00:14.066,856,RAD,horizontal,1,22.44,24.94,76.6,23.1,30,28.35,1.00,0.61,1,1.52,0,0,horizontal best
2026-08-21T15:00:14.163,857,RAD,horizontal,1,22.42,24.92,76.6,23.0,31,28.35,1.00,0.63,1,1.51,0,0,horizontal best
2026-08-21T15:00:14.289,858,RAD,horizontal,0,22.44,24.94,,,,,,,,,,,horizontal best
2026-08-21T15:00:14.385,859,RAD,horizontal,1,22.44,24.94,76.6,23.1,30,28.32,1.00,0.61,1,1.47,0,0,horizontal best
2026-08-21T15:00:14.513,860,RAD,horizontal,2,22.44,24.94,76.6,23.1,30,28.32,1.00,0.61,1,1.47,0,0,horizontal best
2026-08-21T15:00:14.513,860,RAD,horizontal,2,22.44,24.94,101.5,46.9,69,28.52,1.00,0.41,5,0.38,0,0,horizontal best
2026-08-21T15:00:14.608,861,RAD,horizontal,2,22.44,24.94,76.6,23.1,30,28.32,1.00,0.61,1,1.50,0,0,horizontal best
2026-08-21T15:00:14.608,861,RAD,horizontal,2,22.44,24.94,103.3,49.0,85,28.39,1.00,0.43,5,0.41,0,0,horizontal best
2026-08-21T15:00:14.737,862,RAD,horizontal,1,22.44,24.94,76.7,22.9,32,28.35,1.14,0.57,1,1.47,0,0,horizontal best
2026-08-21T15:00:14.832,863,RAD,horizontal,2,22.47,24.97,76.7,22.8,32,28.37,1.14,0.57,1,1.50,0,0,horizontal best
2026-08-21T15:00:14.832,863,RAD,horizontal,2,22.47,24.97,105.4,52.3,124,28.72,1.13,0.49,5,0.43,0,0,horizontal best
2026-08-21T15:00:14.961,864,RAD,horizontal,2,22.47,24.97,76.7,22.8,32,28.37,1.14,0.57,1,1.50,0,0,horizontal best
2026-08-21T15:00:14.961,864,RAD,horizontal,2,22.47,24.97,106.2,54.1,111,28.70,1.07,0.46,6,0.43,0,0,horizontal best
2026-08-21T15:00:15.088,865,RAD,horizontal,2,22.44,24.94,76.7,22.8,32,28.37,1.14,0.57,1,1.50,0,0,horizontal best
2026-08-21T15:00:15.088,865,RAD,horizontal,2,22.44,24.94,107.1,56.7,123,29.01,1.00,0.55,6,0.50,0,0,horizontal best
2026-08-21T15:00:15.184,866,RAD,horizontal,2,22.47,24.97,76.7,23.0,30,28.37,1.00,0.61,1,1.53,0,0,horizontal best
2026-08-21T15:00:15.184,866,RAD,horizontal,2,22.47,24.97,106.8,59.0,130,29.19,1.06,0.48,6,0.46,0,0,horizontal best
2026-08-21T15:00:15.316,867,RAD,horizontal,2,22.47,24.97,76.6,23.0,30,28.39,1.00,0.61,1,1.54,0,0,horizontal best
2026-08-21T15:00:15.316,867,RAD,horizontal,2,22.47,24.97,107.7,61.0,162,28.90,1.12,0.56,6,0.52,0,0,horizontal best
2026-08-21T15:00:15.408,868,RAD,horizontal,2,22.47,24.97,76.7,22.9,32,28.39,1.14,0.57,1,1.51,0,0,horizontal best
2026-08-21T15:00:15.408,868,RAD,horizontal,2,22.47,24.97,108.3,62.3,176,29.28,1.12,0.61,7,0.51,0,0,horizontal best
2026-08-21T15:00:15.538,869,RAD,horizontal,2,22.47,24.97,76.7,22.8,32,28.39,1.14,0.57,1,1.51,0,0,horizontal best
2026-08-21T15:00:15.538,869,RAD,horizontal,2,22.47,24.97,108.9,63.9,180,28.94,1.00,0.56,8,0.52,0,0,horizontal best
2026-08-21T15:00:15.633,870,RAD,horizontal,2,22.47,24.97,76.7,22.8,32,28.37,1.14,0.57,1,1.51,0,0,horizontal best
2026-08-21T15:00:15.633,870,RAD,horizontal,2,22.47,24.97,110.1,66.1,187,29.34,1.06,0.55,8,0.54,0,0,horizontal best
2026-08-21T15:00:15.763,871,RAD,horizontal,2,22.44,24.94,76.7,22.8,32,28.37,1.14,0.57,1,1.51,0,0,horizontal best
2026-08-21T15:00:15.763,871,RAD,horizontal,2,22.44,24.94,111.7,69.4,211,29.30,1.21,0.48,7,0.53,0,0,horizontal best
2026-08-21T15:00:15.889,872,RAD,horizontal,2,22.47,24.97,76.7,22.8,32,28.37,1.14,0.57,1,1.50,0,0,horizontal best
2026-08-21T15:00:15.889,872,RAD,horizontal,2,22.47,24.97,112.9,72.6,221,29.23,1.15,0.48,6,0.56,0,0,horizontal best
2026-08-21T15:00:15.985,873,RAD,horizontal,2,22.47,24.97,76.7,22.8,32,28.37,1.14,0.57,1,1.50,0,0,horizontal best
2026-08-21T15:00:15.985,873,RAD,horizontal,2,22.47,24.97,113.8,75.5,264,29.41,1.18,0.46,8,0.53,0,0,horizontal best
2026-08-21T15:00:16.114,874,RAD,horizontal,2,22.47,24.97,76.9,22.6,29,28.37,1.33,0.60,1,1.48,0,0,horizontal best
2026-08-21T15:00:16.114,874,RAD,horizontal,2,22.47,24.97,114.1,77.6,264,29.17,1.09,0.46,9,0.52,0,0,horizontal best
2026-08-21T15:00:16.209,875,RAD,horizontal,2,22.47,24.97,77.0,22.6,29,28.41,1.33,0.60,1,1.50,0,0,horizontal best
2026-08-21T15:00:16.209,875,RAD,horizontal,2,22.47,24.97,113.3,79.9,267,29.54,1.09,0.46,6,0.53,0,0,horizontal best
2026-08-21T15:00:16.338,876,RAD,horizontal,2,22.49,24.99,77.1,22.6,29,28.41,1.33,0.60,1,1.50,0,0,horizontal best
2026-08-21T15:00:16.338,876,RAD,horizontal,2,22.49,24.99,110.9,82.7,292,29.68,0.96,0.49,8,0.56,0,0,horizontal best
2026-08-21T15:00:16.432,877,RAD,horizontal,2,22.47,24.97,77.1,22.6,29,28.41,1.33,0.60,1,1.50,0,0,horizontal best
2026-08-21T15:00:16.432,877,RAD,horizontal,2,22.47,24.97,107.5,85.3,301,29.39,0.86,0.45,11,0.55,0,0,horizontal best
2026-08-21T15:00:16.563,878,RAD,horizontal,2,22.47,24.97,77.1,22.6,29,28.41,1.33,0.60,1,1.50,0,0,horizontal best
2026-08-21T15:00:16.563,878,RAD,horizontal,2,22.47,24.97,103.4,87.3,330,29.85,0.77,0.44,9,0.59,0,0,horizontal best
2026-08-21T15:00:16.660,879,RAD,horizontal,2,22.51,25.01,77.0,22.6,29,28.41,1.33,0.60,1,1.49,0,0,horizontal best
2026-08-21T15:00:16.660,879,RAD,horizontal,2,22.51,25.01,99.7,89.8,425,30.05,0.76,0.52,11,0.76,0,0,horizontal best
2026-08-21T15:00:16.788,880,RAD,horizontal,2,22.51,25.01,77.0,22.6,29,28.41,1.33,0.60,1,1.47,0,0,horizontal best
2026-08-21T15:00:16.788,880,RAD,horizontal,2,22.51,25.01,97.2,92.3,435,30.28,0.82,0.49,14,0.88,0,0,horizontal best
2026-08-21T15:00:16.917,881,RAD,horizontal,2,22.54,25.04,76.8,22.7,32,28.41,1.14,0.57,1,1.49,0,0,horizontal best
2026-08-21T15:00:16.917,881,RAD,horizontal,2,22.54,25.04,95.2,95.3,512,30.87,0.94,0.53,12,1.02,0,0,horizontal best
2026-08-21T15:00:17.010,882,RAD,horizontal,2,22.51,25.01,76.7,22.8,32,28.41,1.14,0.57,1,1.50,0,0,horizontal best
2026-08-21T15:00:17.010,882,RAD,horizontal,2,22.51,25.01,93.7,98.8,509,31.35,1.06,0.50,8,1.07,0,0,horizontal best
2026-08-21T15:00:17.140,883,RAD,horizontal,2,22.51,25.01,76.6,22.8,33,28.41,1.14,0.59,1,1.50,0,0,horizontal best
2026-08-21T15:00:17.140,883,RAD,horizontal,2,22.51,25.01,92.6,101.7,412,31.24,0.93,0.49,9,0.99,0,0,horizontal best
2026-08-21T15:00:17.234,884,RAD,horizontal,2,22.51,25.01,76.6,22.8,33,28.41,1.14,0.59,1,1.50,0,0,horizontal best
2026-08-21T15:00:17.234,884,RAD,horizontal,2,22.51,25.01,91.8,105.6,550,30.47,0.84,0.64,13,0.88,0,0,horizontal best
2026-08-21T15:00:17.366,885,RAD,horizontal,2,22.54,25.04,76.6,22.8,34,28.61,1.14,0.61,1,1.50,0,0,horizontal best
2026-08-21T15:00:17.366,885,RAD,horizontal,2,22.54,25.04,91.1,108.4,570,30.41,0.79,0.66,13,0.98,0,0,horizontal best
2026-08-21T15:00:17.456,886,RAD,horizontal,2,22.56,25.06,76.6,22.8,33,28.61,1.14,0.59,1,1.52,0,0,horizontal best
2026-08-21T15:00:17.456,886,RAD,horizontal,2,22.56,25.06,90.3,110.3,569,30.28,0.73,0.72,10,0.98,0,0,horizontal best
2026-08-21T15:00:17.587,887,RAD,horizontal,2,22.56,25.06,76.6,22.8,33,28.59,1.14,0.59,1,1.52,0,0,horizontal best
2026-08-21T15:00:17.587,887,RAD,horizontal,2,22.56,25.06,89.6,111.3,513,30.03,0.70,0.68,11,0.88,0,0,horizontal best
2026-08-21T15:00:17.708,888,RAD,horizontal,1,22.56,25.06,76.6,22.8,33,28.59,1.14,0.59,1,1.51,0,0,horizontal best
2026-08-21T15:00:17.805,889,RAD,horizontal,1,22.56,25.06,76.6,22.8,33,28.59,1.14,0.59,1,1.51,0,0,horizontal best
2026-08-21T15:00:17.932,890,RAD,horizontal,1,22.54,25.04,76.6,22.8,33,28.59,1.14,0.59,1,1.51,0,0,horizontal best
2026-08-21T15:00:18.028,891,RAD,horizontal,1,22.54,25.04,76.6,22.8,33,28.57,1.14,0.59,1,1.51,0,0,horizontal best
2026-08-21T15:00:18.155,892,RAD,horizontal,1,22.54,25.04,76.6,22.8,33,28.48,1.14,0.59,1,1.50,0,0,horizontal best
2026-08-21T15:00:18.252,893,RAD,horizontal,1,22.51,25.01,76.6,22.8,33,28.48,1.14,0.59,1,1.50,0,0,horizontal best
2026-08-21T15:00:18.379,894,RAD,horizontal,1,22.51,25.01,76.6,22.8,33,28.52,1.14,0.59,1,1.50,0,0,horizontal best
2026-08-21T15:00:18.475,895,RAD,horizontal,1,22.56,25.06,76.6,22.8,33,28.50,1.14,0.59,1,1.50,0,0,horizontal best
2026-08-21T15:00:18.605,896,RAD,horizontal,1,22.56,25.06,76.6,22.8,33,28.50,1.14,0.59,1,1.51,0,0,horizontal best
2026-08-21T15:00:18.737,897,RAD,horizontal,1,22.54,25.04,76.6,22.8,33,28.41,1.14,0.59,1,1.50,0,0,horizontal best
2026-08-21T15:00:18.829,898,RAD,horizontal,1,22.54,25.04,76.6,22.8,33,28.46,1.14,0.59,1,1.50,0,0,horizontal best
2026-08-21T15:00:18.954,899,RAD,horizontal,1,22.54,25.04,76.6,22.8,33,28.46,1.14,0.59,1,1.51,0,0,horizontal best
2026-08-21T15:00:19.058,900,RAD,horizontal,1,22.54,25.04,76.6,22.8,33,28.39,1.14,0.59,1,1.51,0,0,horizontal best
2026-08-21T15:00:19.185,901,RAD,horizontal,1,22.51,25.01,76.6,22.8,33,28.39,1.14,0.59,1,1.50,0,0,horizontal best
2026-08-21T15:00:19.276,902,RAD,horizontal,1,22.51,25.01,76.6,22.8,33,28.39,1.14,0.59,1,1.51,0,0,horizontal best
2026-08-21T15:00:19.408,903,RAD,horizontal,1,22.51,25.01,76.6,22.8,33,28.39,1.14,0.59,1,1.51,0,0,horizontal best
2026-08-21T15:00:19.500,904,RAD,horizontal,1,22.56,25.06,76.6,22.8,34,28.41,1.14,0.61,1,1.47,0,0,horizontal best
2026-08-21T15:00:19.627,905,RAD,horizontal,1,22.58,25.08,76.6,22.8,34,28.55,1.14,0.61,1,1.49,0,0,horizontal best
2026-08-21T15:00:19.756,906,RAD,horizontal,1,22.56,25.06,76.6,22.8,34,28.55,1.14,0.61,1,1.48,0,0,horizontal best
2026-08-21T15:00:19.852,907,RAD,horizontal,1,22.56,25.06,76.6,22.8,34,28.55,1.14,0.61,1,1.49,0,0,horizontal best
2026-08-21T15:00:19.981,908,RAD,horizontal,1,22.56,25.06,76.6,22.8,34,28.55,1.14,0.61,1,1.49,0,0,horizontal best
2026-08-21T15:00:20.076,909,RAD,horizontal,1,22.56,25.06,76.9,22.7,31,28.55,1.33,0.65,1,1.47,0,0,horizontal best
2026-08-21T15:00:20.205,910,RAD,horizontal,1,22.58,25.08,76.7,22.8,34,28.55,1.14,0.61,1,1.49,0,0,horizontal best
2026-08-21T15:00:20.301,911,RAD,horizontal,1,22.56,25.06,76.6,22.8,34,28.55,1.14,0.61,1,1.49,0,0,horizontal best
2026-08-21T15:00:20.429,912,RAD,horizontal,1,22.56,25.06,76.6,22.8,34,28.55,1.14,0.61,1,1.49,0,0,horizontal best
2026-08-21T15:00:20.557,913,RAD,horizontal,1,22.58,25.08,76.6,22.8,35,28.55,1.14,0.62,1,1.56,0,0,horizontal best
2026-08-21T15:00:20.662,914,RAD,horizontal,1,22.56,25.06,76.6,22.7,36,28.50,1.14,0.64,1,1.56,0,0,horizontal best
2026-08-21T15:00:20.779,915,RAD,horizontal,1,22.58,25.08,76.5,22.7,35,28.68,1.14,0.62,1,1.60,0,0,horizontal best
2026-08-21T15:00:20.875,916,RAD,horizontal,1,22.58,25.08,76.3,22.7,36,28.68,1.14,0.64,1,1.57,0,0,horizontal best
2026-08-21T15:00:21.004,917,RAD,horizontal,1,22.58,25.08,76.3,22.7,33,28.68,1.14,0.59,1,1.49,0,0,horizontal best
2026-08-21T15:00:21.100,918,RAD,horizontal,1,22.58,25.08,76.3,22.7,34,28.66,1.14,0.61,1,1.46,0,0,horizontal best
2026-08-21T15:00:21.229,919,RAD,horizontal,1,22.63,25.13,76.2,22.7,32,28.68,1.14,0.57,1,1.43,0,0,horizontal best
2026-08-21T15:00:21.324,920,RAD,horizontal,1,22.61,25.11,76.1,22.7,34,28.68,1.14,0.61,1,1.47,0,0,horizontal best
2026-08-21T15:00:21.452,921,RAD,horizontal,1,22.61,25.11,76.0,22.6,33,28.52,1.14,0.59,1,1.48,0,0,horizontal best
2026-08-21T15:00:21.579,922,RAD,horizontal,1,22.58,25.08,75.8,22.6,35,28.57,1.00,0.55,1,1.50,0,0,horizontal best
2026-08-21T15:00:21.675,923,RAD,horizontal,1,22.61,25.11,75.8,22.6,35,28.57,1.00,0.55,1,1.50,0,0,horizontal best
2026-08-21T15:00:21.803,924,RAD,horizontal,1,22.61,25.11,75.8,22.6,35,28.57,1.00,0.55,1,1.52,0,0,horizontal best
2026-08-21T15:00:21.900,925,RAD,horizontal,1,22.58,25.08,75.8,22.6,35,28.57,1.00,0.55,1,1.54,0,0,horizontal best
2026-08-21T15:00:22.025,926,RAD,horizontal,1,22.58,25.08,75.8,22.6,35,28.50,1.00,0.55,1,1.56,0,0,horizontal best
2026-08-21T15:00:22.122,927,RAD,horizontal,1,22.56,25.06,75.4,22.8,39,28.50,0.80,0.49,1,1.60,0,0,horizontal best
2026-08-21T15:00:22.251,928,RAD,horizontal,1,22.56,25.06,75.2,22.8,39,28.50,0.80,0.49,1,1.59,0,0,horizontal best
2026-08-21T15:00:22.381,929,RAD,horizontal,1,22.56,25.06,75.6,22.7,35,28.50,1.00,0.55,1,1.57,0,0,horizontal best
2026-08-21T15:00:22.475,930,RAD,horizontal,1,22.56,25.06,75.8,22.6,35,28.50,1.00,0.55,1,1.54,0,0,horizontal best
2026-08-21T15:00:22.604,931,RAD,horizontal,1,22.56,25.06,75.8,22.6,35,28.63,1.00,0.55,1,1.51,0,0,horizontal best
2026-08-21T15:00:22.700,932,RAD,horizontal,1,22.61,25.11,76.2,22.5,34,28.68,1.14,0.61,1,1.52,0,0,horizontal best
2026-08-21T15:00:22.828,933,RAD,horizontal,1,22.61,25.11,76.7,22.6,32,28.68,1.14,0.57,1,1.56,0,0,horizontal best
2026-08-21T15:00:22.923,934,RAD,horizontal,1,22.61,25.11,76.9,22.7,32,28.68,1.14,0.57,1,1.55,0,0,horizontal best
2026-08-21T15:00:23.053,935,RAD,horizontal,1,22.58,25.08,76.9,22.7,32,28.72,1.14,0.57,1,1.55,0,0,horizontal best
2026-08-21T15:00:23.148,936,RAD,horizontal,1,22.61,25.11,77.0,22.8,34,28.88,1.14,0.61,1,1.53,0,0,horizontal best
2026-08-21T15:00:23.275,937,RAD,horizontal,1,22.61,25.11,76.8,22.7,36,28.88,1.14,0.64,1,1.53,0,0,horizontal best
2026-08-21T15:00:23.405,938,RAD,horizontal,1,22.63,25.13,76.7,22.6,36,28.88,1.14,0.64,1,1.57,0,0,horizontal best
2026-08-21T15:00:23.501,939,RAD,horizontal,1,22.63,25.13,76.6,22.6,34,28.77,1.14,0.61,1,1.54,0,0,horizontal best
2026-08-21T15:00:23.628,940,RAD,horizontal,1,22.63,25.13,76.4,22.7,36,28.59,1.00,0.56,1,1.56,0,0,horizontal best
2026-08-21T15:00:23.725,941,RAD,horizontal,1,22.66,25.16,76.1,22.7,38,28.59,1.00,0.59,1,1.57,0,0,horizontal best
2026-08-21T15:00:23.858,942,RAD,horizontal,1,22.66,25.16,76.0,22.9,37,28.50,0.88,0.66,1,1.60,0,0,horizontal best
2026-08-21T15:00:23.955,943,RAD,horizontal,1,22.66,25.16,75.9,22.8,34,28.66,0.75,0.71,1,1.58,0,0,horizontal best
2026-08-21T15:00:24.076,944,RAD,horizontal,1,22.63,25.13,75.7,22.9,35,28.63,0.67,0.65,1,1.61,0,0,horizontal best
2026-08-21T15:00:24.205,945,RAD,horizontal,1,22.66,25.16,75.5,22.9,33,28.52,0.75,0.69,1,1.50,0,0,horizontal best
2026-08-21T15:00:24.301,946,RAD,horizontal,1,22.63,25.13,75.3,22.9,32,28.52,0.75,0.67,1,1.55,0,0,horizontal best
2026-08-21T15:00:24.428,947,RAD,horizontal,1,22.63,25.13,75.3,22.9,34,28.52,0.75,0.71,1,1.54,0,0,horizontal best
2026-08-21T15:00:24.523,948,RAD,horizontal,1,22.63,25.13,75.3,22.9,34,28.59,0.75,0.71,1,1.53,0,0,horizontal best
2026-08-21T15:00:24.651,949,RAD,horizontal,1,22.61,25.11,75.2,22.9,34,28.57,0.75,0.71,1,1.53,0,0,horizontal best
2026-08-21T15:00:24.748,950,RAD,horizontal,1,22.61,25.11,75.2,22.9,34,28.57,0.75,0.71,1,1.55,0,0,horizontal best
2026-08-21T15:00:24.877,951,RAD,horizontal,1,22.61,25.11,75.2,22.9,34,28.52,0.75,0.71,1,1.55,0,0,horizontal best
2026-08-21T15:00:24.973,952,RAD,horizontal,1,22.58,25.08,75.3,22.8,34,28.50,0.88,0.61,1,1.46,0,0,horizontal best
2026-08-21T15:00:25.100,953,RAD,horizontal,1,22.58,25.08,75.3,22.7,35,28.50,0.88,0.62,1,1.46,0,0,horizontal best
2026-08-21T15:00:25.227,954,RAD,horizontal,1,22.58,25.08,75.4,22.6,35,28.72,0.88,0.62,1,1.41,0,0,horizontal best
2026-08-21T15:00:25.330,955,RAD,horizontal,1,22.56,25.06,75.7,22.8,35,28.57,1.00,0.55,1,1.43,0,0,horizontal best
2026-08-21T15:00:25.452,956,RAD,horizontal,1,22.56,25.06,76.1,22.7,32,27.97,1.14,0.57,1,1.39,0,0,horizontal best
2026-08-21T15:00:25.547,957,RAD,horizontal,1,22.54,25.04,76.3,22.6,31,27.97,1.14,0.55,1,1.45,0,0,horizontal best
2026-08-21T15:00:25.676,958,RAD,horizontal,1,22.54,25.04,76.3,22.4,30,28.01,1.00,0.61,1,1.45,0,0,horizontal best
2026-08-21T15:00:25.772,959,RAD,horizontal,1,22.54,25.04,76.1,22.2,27,28.39,0.86,0.64,1,1.52,0,0,horizontal best
2026-08-21T15:00:25.900,960,RAD,horizontal,1,22.54,25.04,75.9,22.1,25,28.41,1.00,0.69,1,1.46,0,0,horizontal best
2026-08-21T15:00:25.996,961,RAD,horizontal,1,22.56,25.06,75.8,22.1,25,28.41,1.00,0.69,1,1.49,0,0,horizontal best
2026-08-21T15:00:26.123,962,RAD,horizontal,1,22.54,25.04,75.7,22.3,23,28.48,0.83,0.77,1,1.54,0,0,horizontal best
2026-08-21T15:00:26.252,963,RAD,horizontal,1,22.54,25.04,75.7,22.4,23,28.41,0.83,0.77,1,1.53,0,0,horizontal best
