file,timestamp,view,background,threshold,n_det,omega_count,omega_score,flags,note
cap_000000,2026-08-19T19:39:01.658,any,22.04,24.54,1,1,0.42737048757879775,TempBand+Watershed+Merge+ClustSml+ShapeGate+MinPeaks+EquipRej+SkinPrio+Omega+OmScale+Kalman+StaticSup,run1 baseline
cap_000001,2026-08-19T19:39:01.757,any,22.04,24.54,1,1,0.38150329618423984,TempBand+Watershed+Merge+ClustSml+ShapeGate+MinPeaks+EquipRej+SkinPrio+Omega+OmScale+Kalman+StaticSup,run1 baseline
cap_000002,2026-08-19T19:39:01.882,any,22.04,24.54,1,2,0.36538304959897533,TempBand+Watershed+Merge+ClustSml+ShapeGate+MinPeaks+EquipRej+SkinPrio+Omega+OmScale+Kalman+StaticSup,run1 baseline
cap_000003,2026-08-19T19:39:01.980,any,22.04,24.54,1,2,0.29095222898042955,TempBand+Watershed+Merge+ClustSml+ShapeGate+MinPeaks+EquipRej+SkinPrio+Omega+OmScale+Kalman+StaticSup,run1 baseline
cap_000004,2026-08-19T19:39:02.109,any,22.04,24.54,1,2,0.11685019161322632,TempBand+Watershed+Merge+ClustSml+ShapeGate+MinPeaks+EquipRej+SkinPrio+Omega+OmScale+Kalman+StaticSup,run1 baseline
cap_000005,2026-08-19T19:39:02.202,any,22.04,24.54,1,1,0.1336506689247554,TempBand+Watershed+Merge+ClustSml+ShapeGate+MinPeaks+EquipRej+SkinPrio+Omega+OmScale+Kalman+StaticSup,run1 baseline
cap_000006,2026-08-19T19:39:02.327,any,22.04,24.54,1,0,0.0,TempBand+Watershed+Merge+ClustSml+ShapeGate+MinPeaks+EquipRej+SkinPrio+Omega+OmScale+Kalman+StaticSup,run1 baseline
cap_000007,2026-08-19T19:39:02.459,any,22.04,24.54,1,0,0.0,TempBand+Watershed+Merge+ClustSml+ShapeGate+MinPeaks+EquipRej+SkinPrio+Omega+OmScale+Kalman+StaticSup,run1 baseline
cap_000008,2026-08-19T19:39:02.555,any,22.04,24.54,1,0,0.0,TempBand+Watershed+Merge+ClustSml+ShapeGate+MinPeaks+EquipRej+SkinPrio+Omega+OmScale+Kalman+StaticSup,run1 baseline
cap_000009,2026-08-19T19:39:02.682,any,22.04,24.54,1,1,0.40579340802726166,TempBand+Watershed+Merge+ClustSml+ShapeGate+MinPeaks+EquipRej+SkinPrio+Omega+OmScale+Kalman+StaticSup,run1 baseline
cap_000010,2026-08-19T19:39:02.778,any,22.06,24.56,1,0,0.0,TempBand+Watershed+Merge+ClustSml+ShapeGate+MinPeaks+EquipRej+SkinPrio+Omega+OmScale+Kalman+StaticSup,run1 baseline
cap_000011,2026-08-19T19:39:02.908,any,22.06,24.56,1,1,0.6146997803330317,TempBand+Watershed+Merge+ClustSml+ShapeGate+MinPeaks+EquipRej+SkinPrio+Omega+OmScale+Kalman+StaticSup,run1 baseline
cap_000012,2026-08-19T19:39:03.002,any,22.06,24.56,2,2,0.5492549814825394,TempBand+Watershed+Merge+ClustSml+ShapeGate+MinPeaks+EquipRej+SkinPrio+Omega+OmScale+Kalman+StaticSup,run1 baseline
cap_000013,2026-08-19T19:39:03.132,any,22.04,24.54,2,3,0.7737624812340443,TempBand+Watershed+Merge+ClustSml+ShapeGate+MinPeaks+EquipRej+SkinPrio+Omega+OmScale+Kalman+StaticSup,run1 baseline
cap_000014,2026-08-19T19:39:03.270,any,22.04,24.54,2,3,0.7624485578767706,TempBand+Watershed+Merge+ClustSml+ShapeGate+MinPeaks+EquipRej+SkinPrio+Omega+OmScale+Kalman+StaticSup,run1 baseline
cap_000015,2026-08-19T19:39:03.351,any,22.04,24.54,1,1,0.02455089786865291,TempBand+Watershed+Merge+ClustSml+ShapeGate+MinPeaks+EquipRej+SkinPrio+Omega+OmScale+Kalman+StaticSup,run1 baseline
cap_000016,2026-08-19T19:39:03.479,any,22.04,24.54,1,2,0.02624305337690569,TempBand+Watershed+Merge+ClustSml+ShapeGate+MinPeaks+EquipRej+SkinPrio+Omega+OmScale+Kalman+StaticSup,run1 baseline
cap_000017,2026-08-19T19:39:03.578,any,22.04,24.54,1,2,0.08558541022976991,TempBand+Watershed+Merge+ClustSml+ShapeGate+MinPeaks+EquipRej+SkinPrio+Omega+OmScale+Kalman+StaticSup,run1 baseline
cap_000018,2026-08-19T19:39:03.708,any,22.02,24.52,1,1,0.7957847603401762,TempBand+Watershed+Merge+ClustSml+ShapeGate+MinPeaks+EquipRej+SkinPrio+Omega+OmScale+Kalman+StaticSup,run1 baseline
cap_000019,2026-08-19T19:39:03.804,any,22.04,24.54,1,1,0.767365630959528,TempBand+Watershed+Merge+ClustSml+ShapeGate+MinPeaks+EquipRej+SkinPrio+Omega+OmScale+Kalman+StaticSup,run1 baseline
cap_000020,2026-08-19T19:39:03.929,any,22.02,24.52,1,1,0.5698038395333519,TempBand+Watershed+Merge+ClustSml+ShapeGate+MinPeaks+EquipRej+SkinPrio+Omega+OmScale+Kalman+StaticSup,run1 baseline
cap_000021,2026-08-19T19:39:04.027,any,21.99,24.49,1,1,0.46125758146630885,TempBand+Watershed+Merge+ClustSml+ShapeGate+MinPeaks+EquipRej+SkinPrio+Omega+OmScale+Kalman+StaticSup,run1 baseline
cap_000022,2026-08-19T19:39:04.158,any,21.99,24.49,1,1,0.39506262986704377,TempBand+Watershed+Merge+ClustSml+ShapeGate+MinPeaks+EquipRej+SkinPrio+Omega+OmScale+Kalman+StaticSup,run1 baseline
cap_000023,2026-08-19T19:39:04.284,any,21.99,24.49,1,1,0.3665464564534609,TempBand+Watershed+Merge+ClustSml+ShapeGate+MinPeaks+EquipRej+SkinPrio+Omega+OmScale+Kalman+StaticSup,run1 baseline
cap_000024,2026-08-19T19:39:04.376,any,22.02,24.52,1,1,0.4261787847140602,TempBand+Watershed+Merge+ClustSml+ShapeGate+MinPeaks+EquipRej+SkinPrio+Omega+OmScale+Kalman+StaticSup,run1 baseline
cap_000025,2026-08-19T19:39:04.503,any,22.09,24.59,1,1,0.40899587899795276,TempBand+Watershed+Merge+ClustSml+ShapeGate+MinPeaks+EquipRej+SkinPrio+Omega+OmScale+Kalman+StaticSup,run1 baseline
cap_000026,2026-08-19T19:39:04.599,any,22.09,24.59,1,1,0.5029579285968466,TempBand+Watershed+Merge+ClustSml+ShapeGate+MinPeaks+EquipRej+SkinPrio+Omega+OmScale+Kalman+StaticSup,run1 baseline
cap_000027,2026-08-19T19:39:04.731,any,22.09,24.59,1,1,0.4504897765766189,TempBand+Watershed+Merge+ClustSml+ShapeGate+MinPeaks+EquipRej+SkinPrio+Omega+OmScale+Kalman+StaticSup,run1 baseline
cap_000028,2026-08-19T19:39:04.826,any,22.09,24.59,1,1,0.7304190920299165,TempBand+Watershed+Merge+ClustSml+ShapeGate+MinPeaks+EquipRej+SkinPrio+Omega+OmScale+Kalman+StaticSup,run1 baseline
cap_000029,2026-08-19T19:39:04.957,any,22.09,24.59,1,1,0.7063728981777848,TempBand+Watershed+Merge+ClustSml+ShapeGate+MinPeaks+EquipRej+SkinPrio+Omega+OmScale+Kalman+StaticSup,run1 baseline
cap_000030,2026-08-19T19:39:05.081,any,22.09,24.59,1,1,0.675013248329562,TempBand+Watershed+Merge+ClustSml+ShapeGate+MinPeaks+EquipRej+SkinPrio+Omega+OmScale+Kalman+StaticSup,run1 baseline
cap_000031,2026-08-19T19:39:05.177,any,22.06,24.56,1,1,0.6578576974341301,TempBand+Watershed+Merge+ClustSml+ShapeGate+MinPeaks+EquipRej+SkinPrio+Omega+OmScale+Kalman+StaticSup,run1 baseline
cap_000032,2026-08-19T19:39:05.309,any,22.11,24.61,1,1,0.7131746203738435,TempBand+Watershed+Merge+ClustSml+ShapeGate+MinPeaks+EquipRej+SkinPrio+Omega+OmScale+Kalman+StaticSup,run1 baseline
cap_000033,2026-08-19T19:39:05.404,any,22.09,24.59,1,1,0.5818555265331932,TempBand+Watershed+Merge+ClustSml+ShapeGate+MinPeaks+EquipRej+SkinPrio+Omega+OmScale+Kalman+StaticSup,run1 baseline
cap_000034,2026-08-19T19:39:05.532,any,22.09,24.59,1,1,0.12945998192747343,TempBand+Watershed+Merge+ClustSml+ShapeGate+MinPeaks+EquipRej+SkinPrio+Omega+OmScale+Kalman+StaticSup,run1 baseline
cap_000035,2026-08-19T19:39:05.627,any,22.06,24.56,1,1,0.08056312728488998,TempBand+Watershed+Merge+ClustSml+ShapeGate+MinPeaks+EquipRej+SkinPrio+Omega+OmScale+Kalman+StaticSup,run1 baseline
cap_000036,2026-08-19T19:39:05.753,any,22.06,24.56,1,1,0.04954431852731659,TempBand+Watershed+Merge+ClustSml+ShapeGate+MinPeaks+EquipRej+SkinPrio+Omega+OmScale+Kalman+StaticSup,run1 baseline
cap_000037,2026-08-19T19:39:05.850,any,22.06,24.56,1,1,0.045400571246334315,TempBand+Watershed+Merge+ClustSml+ShapeGate+MinPeaks+EquipRej+SkinPrio+Omega+OmScale+Kalman+StaticSup,run1 baseline
cap_000038,2026-08-19T19:39:05.979,any,22.06,24.56,1,1,0.04253311257170661,TempBand+Watershed+Merge+ClustSml+ShapeGate+MinPeaks+EquipRej+SkinPrio+Omega+OmScale+Kalman+StaticSup,run1 baseline
cap_000039,2026-08-19T19:39:06.104,any,22.04,24.54,1,1,0.07155753840696938,TempBand+Watershed+Merge+ClustSml+ShapeGate+MinPeaks+EquipRej+SkinPrio+Omega+OmScale+Kalman+StaticSup,run1 baseline
cap_000040,2026-08-19T19:39:06.200,any,22.04,24.54,1,1,0.11834711997371436,TempBand+Watershed+Merge+ClustSml+ShapeGate+MinPeaks+EquipRej+SkinPrio+Omega+OmScale+Kalman+StaticSup,run1 baseline
cap_000041,2026-08-19T19:39:06.327,any,22.04,24.54,1,1,0.05325330527325787,TempBand+Watershed+Merge+ClustSml+ShapeGate+MinPeaks+EquipRej+SkinPrio+Omega+OmScale+Kalman+StaticSup,run1 baseline
cap_000042,2026-08-19T19:39:06.424,any,22.06,24.56,1,1,0.11584799974655101,TempBand+Watershed+Merge+ClustSml+ShapeGate+MinPeaks+EquipRej+SkinPrio+Omega+OmScale+Kalman+StaticSup,run1 baseline
cap_000043,2026-08-19T19:39:06.557,any,22.06,24.56,1,1,0.07695301959815831,TempBand+Watershed+Merge+ClustSml+ShapeGate+MinPeaks+EquipRej+SkinPrio+Omega+OmScale+Kalman+StaticSup,run1 baseline
cap_000044,2026-08-19T19:39:06.650,any,22.02,24.52,1,1,0.03527882490924442,TempBand+Watershed+Merge+ClustSml+ShapeGate+MinPeaks+EquipRej+SkinPrio+Omega+OmScale+Kalman+StaticSup,run1 baseline
cap_000045,2026-08-19T19:39:06.779,any,22.02,24.52,1,1,0.07187434507794765,TempBand+Watershed+Merge+ClustSml+ShapeGate+MinPeaks+EquipRej+SkinPrio+Omega+OmScale+Kalman+StaticSup,run1 baseline
cap_000046,2026-08-19T19:39:06.904,any,21.99,24.49,1,1,0.0203807304614578,TempBand+Watershed+Merge+ClustSml+ShapeGate+MinPeaks+EquipRej+SkinPrio+Omega+OmScale+Kalman+StaticSup,run1 baseline
cap_000047,2026-08-19T19:39:07.001,any,21.99,24.49,1,1,0.021641077292407666,TempBand+Watershed+Merge+ClustSml+ShapeGate+MinPeaks+EquipRej+SkinPrio+Omega+OmScale+Kalman+StaticSup,run1 baseline
cap_000048,2026-08-19T19:39:07.131,any,21.99,24.49,1,0,0.0,TempBand+Watershed+Merge+ClustSml+ShapeGate+MinPeaks+EquipRej+SkinPrio+Omega+OmScale+Kalman+StaticSup,run1 baseline
cap_000049,2026-08-19T19:39:07.226,any,21.99,24.49,1,1,0.0858661776923294,TempBand+Watershed+Merge+ClustSml+ShapeGate+MinPeaks+EquipRej+SkinPrio+Omega+OmScale+Kalman+StaticSup,run1 baseline
cap_000050,2026-08-19T19:39:07.354,any,22.02,24.52,1,1,0.048097305080910556,TempBand+Watershed+Merge+ClustSml+ShapeGate+MinPeaks+EquipRej+SkinPrio+Omega+OmScale+Kalman+StaticSup,run1 baseline
cap_000051,2026-08-19T19:39:07.448,any,22.02,24.52,1,0,0.0,TempBand+Watershed+Merge+ClustSml+ShapeGate+MinPeaks+EquipRej+SkinPrio+Omega+OmScale+Kalman+StaticSup,run1 baseline
cap_000052,2026-08-19T19:39:07.579,any,22.02,24.52,1,1,0.02619841605697602,TempBand+Watershed+Merge+ClustSml+ShapeGate+MinPeaks+EquipRej+SkinPrio+Omega+OmScale+Kalman+StaticSup,run1 baseline
cap_000053,2026-08-19T19:39:07.676,any,21.94,24.44,1,0,0.0,TempBand+Watershed+Merge+ClustSml+ShapeGate+MinPeaks+EquipRej+SkinPrio+Omega+OmScale+Kalman+StaticSup,run1 baseline
cap_000054,2026-08-19T19:39:07.806,any,21.94,24.44,1,0,0.0,TempBand+Watershed+Merge+ClustSml+ShapeGate+MinPeaks+EquipRej+SkinPrio+Omega+OmScale+Kalman+StaticSup,run1 baseline
cap_000055,2026-08-19T19:39:07.932,any,21.94,24.44,1,0,0.0,TempBand+Watershed+Merge+ClustSml+ShapeGate+MinPeaks+EquipRej+SkinPrio+Omega+OmScale+Kalman+StaticSup,run1 baseline
cap_000056,2026-08-19T19:39:08.025,any,21.92,24.42,1,1,0.1473172764627376,TempBand+Watershed+Merge+ClustSml+ShapeGate+MinPeaks+EquipRej+SkinPrio+Omega+OmScale+Kalman+StaticSup,run1 baseline
cap_000057,2026-08-19T19:39:08.153,any,21.94,24.44,1,0,0.0,TempBand+Watershed+Merge+ClustSml+ShapeGate+MinPeaks+EquipRej+SkinPrio+Omega+OmScale+Kalman+StaticSup,run1 baseline
cap_000058,2026-08-19T19:39:08.249,any,21.94,24.44,1,1,0.3221769547455888,TempBand+Watershed+Merge+ClustSml+ShapeGate+MinPeaks+EquipRej+SkinPrio+Omega+OmScale+Kalman+StaticSup,run1 baseline
cap_000059,2026-08-19T19:39:08.380,any,21.94,24.44,1,1,0.38730761593605234,TempBand+Watershed+Merge+ClustSml+ShapeGate+MinPeaks+EquipRej+SkinPrio+Omega+OmScale+Kalman+StaticSup,run1 baseline
cap_000060,2026-08-19T19:39:08.473,any,21.94,24.44,1,0,0.0,TempBand+Watershed+Merge+ClustSml+ShapeGate+MinPeaks+EquipRej+SkinPrio+Omega+OmScale+Kalman+StaticSup,run1 baseline
cap_000061,2026-08-19T19:39:08.601,any,21.94,24.44,1,1,0.6641888921023326,TempBand+Watershed+Merge+ClustSml+ShapeGate+MinPeaks+EquipRej+SkinPrio+Omega+OmScale+Kalman+StaticSup,run1 baseline
cap_000062,2026-08-19T19:39:08.702,any,21.94,24.44,1,2,0.08200114229207377,TempBand+Watershed+Merge+ClustSml+ShapeGate+MinPeaks+EquipRej+SkinPrio+Omega+OmScale+Kalman+StaticSup,run1 baseline
cap_000063,2026-08-19T19:39:08.826,any,21.94,24.44,1,0,0.0,TempBand+Watershed+Merge+ClustSml+ShapeGate+MinPeaks+EquipRej+SkinPrio+Omega+OmScale+Kalman+StaticSup,run1 baseline
cap_000064,2026-08-19T19:39:08.955,any,21.94,24.44,1,0,0.0,TempBand+Watershed+Merge+ClustSml+ShapeGate+MinPeaks+EquipRej+SkinPrio+Omega+OmScale+Kalman+StaticSup,run1 baseline
cap_000065,2026-08-19T19:39:09.050,any,21.94,24.44,1,0,0.0,TempBand+Watershed+Merge+ClustSml+ShapeGate+MinPeaks+EquipRej+SkinPrio+Omega+OmScale+Kalman+StaticSup,run1 baseline
cap_000066,2026-08-19T19:39:09.179,any,21.92,24.42,1,0,0.0,TempBand+Watershed+Merge+ClustSml+ShapeGate+MinPeaks+EquipRej+SkinPrio+Omega+OmScale+Kalman+StaticSup,run1 baseline
cap_000067,2026-08-19T19:39:09.275,any,21.94,24.44,1,0,0.0,TempBand+Watershed+Merge+ClustSml+ShapeGate+MinPeaks+EquipRej+SkinPrio+Omega+OmScale+Kalman+StaticSup,run1 baseline
cap_000068,2026-08-19T19:39:09.404,any,21.94,24.44,1,0,0.0,TempBand+Watershed+Merge+ClustSml+ShapeGate+MinPeaks+EquipRej+SkinPrio+Omega+OmScale+Kalman+StaticSup,run1 baseline
cap_000069,2026-08-19T19:39:09.496,any,21.94,24.44,1,0,0.0,TempBand+Watershed+Merge+ClustSml+ShapeGate+MinPeaks+EquipRej+SkinPrio+Omega+OmScale+Kalman+StaticSup,run1 baseline
cap_000070,2026-08-19T19:39:09.626,any,21.94,24.44,1,0,0.0,TempBand+Watershed+Merge+ClustSml+ShapeGate+MinPeaks+EquipRej+SkinPrio+Omega+OmScale+Kalman+StaticSup,run1 baseline
cap_000071,2026-08-19T19:39:09.749,any,21.94,24.44,0,0,0.0,TempBand+Watershed+Merge+ClustSml+ShapeGate+MinPeaks+EquipRej+SkinPrio+Omega+OmScale+Kalman+StaticSup,run1 baseline
cap_000072,2026-08-19T19:39:09.846,any,21.92,24.42,0,0,0.0,TempBand+Watershed+Merge+ClustSml+ShapeGate+MinPeaks+EquipRej+SkinPrio+Omega+OmScale+Kalman+StaticSup,run1 baseline
cap_000073,2026-08-19T19:39:09.973,any,21.92,24.42,0,0,0.0,TempBand+Watershed+Merge+ClustSml+ShapeGate+MinPeaks+EquipRej+SkinPrio+Omega+OmScale+Kalman+StaticSup,run1 baseline
cap_000074,2026-08-19T19:39:10.071,any,21.92,24.42,0,0,0.0,TempBand+Watershed+Merge+ClustSml+ShapeGate+MinPeaks+EquipRej+SkinPrio+Omega+OmScale+Kalman+StaticSup,run1 baseline
cap_000075,2026-08-19T19:39:10.196,any,21.94,24.44,0,0,0.0,TempBand+Watershed+Merge+ClustSml+ShapeGate+MinPeaks+EquipRej+SkinPrio+Omega+OmScale+Kalman+StaticSup,run1 baseline
cap_000076,2026-08-19T19:39:10.295,any,21.94,24.44,0,0,0.0,TempBand+Watershed+Merge+ClustSml+ShapeGate+MinPeaks+EquipRej+SkinPrio+Omega+OmScale+Kalman+StaticSup,run1 baseline
cap_000077,2026-08-19T19:39:10.422,any,21.92,24.42,0,0,0.0,TempBand+Watershed+Merge+ClustSml+ShapeGate+MinPeaks+EquipRej+SkinPrio+Omega+OmScale+Kalman+StaticSup,run1 baseline
cap_000078,2026-08-19T19:39:10.516,any,21.92,24.42,0,0,0.0,TempBand+Watershed+Merge+ClustSml+ShapeGate+MinPeaks+EquipRej+SkinPrio+Omega+OmScale+Kalman+StaticSup,run1 baseline
cap_000079,2026-08-19T19:39:10.645,any,21.92,24.42,0,0,0.0,TempBand+Watershed+Merge+ClustSml+ShapeGate+MinPeaks+EquipRej+SkinPrio+Omega+OmScale+Kalman+StaticSup,run1 baseline
cap_000080,2026-08-19T19:39:10.778,any,21.92,24.42,0,0,0.0,TempBand+Watershed+Merge+ClustSml+ShapeGate+MinPeaks+EquipRej+SkinPrio+Omega+OmScale+Kalman+StaticSup,run1 baseline
cap_000081,2026-08-19T19:39:12.604,any,23.58,26.08,0,0,0.0,TempBand+Watershed+Merge+ClustSml+ShapeGate+MinPeaks+EquipRej+SkinPrio+Omega+OmScale+Kalman+StaticSup,run1 baseline
cap_000082,2026-08-19T19:39:12.699,any,23.84,26.34,0,0,0.0,TempBand+Watershed+Merge+ClustSml+ShapeGate+MinPeaks+EquipRej+SkinPrio+Omega+OmScale+Kalman+StaticSup,run1 baseline
cap_000083,2026-08-19T19:39:12.828,any,24.02,26.52,1,0,0.0,TempBand+Watershed+Merge+ClustSml+ShapeGate+MinPeaks+EquipRej+SkinPrio+Omega+OmScale+Kalman+StaticSup,run1 baseline
cap_000084,2026-08-19T19:39:12.926,any,24.30,26.80,1,0,0.0,TempBand+Watershed+Merge+ClustSml+ShapeGate+MinPeaks+EquipRej+SkinPrio+Omega+OmScale+Kalman+StaticSup,run1 baseline
cap_000085,2026-08-19T19:39:13.053,any,24.39,26.89,1,0,0.0,TempBand+Watershed+Merge+ClustSml+ShapeGate+MinPeaks+EquipRej+SkinPrio+Omega+OmScale+Kalman+StaticSup,run1 baseline
cap_000086,2026-08-19T19:39:13.148,any,24.55,27.05,1,0,0.0,TempBand+Watershed+Merge+ClustSml+ShapeGate+MinPeaks+EquipRej+SkinPrio+Omega+OmScale+Kalman+StaticSup,run1 baseline
cap_000087,2026-08-19T19:39:13.271,any,24.83,27.33,1,0,0.0,TempBand+Watershed+Merge+ClustSml+ShapeGate+MinPeaks+EquipRej+SkinPrio+Omega+OmScale+Kalman+StaticSup,run1 baseline
cap_000088,2026-08-19T19:39:13.403,any,24.95,27.45,1,0,0.0,TempBand+Watershed+Merge+ClustSml+ShapeGate+MinPeaks+EquipRej+SkinPrio+Omega+OmScale+Kalman+StaticSup,run1 baseline
cap_000089,2026-08-19T19:39:13.502,any,24.92,27.42,1,0,0.0,TempBand+Watershed+Merge+ClustSml+ShapeGate+MinPeaks+EquipRej+SkinPrio+Omega+OmScale+Kalman+StaticSup,run1 baseline
cap_000090,2026-08-19T19:39:13.626,any,24.88,27.38,1,0,0.0,TempBand+Watershed+Merge+ClustSml+ShapeGate+MinPeaks+EquipRej+SkinPrio+Omega+OmScale+Kalman+StaticSup,run1 baseline
cap_000091,2026-08-19T19:39:13.724,any,24.78,27.28,1,0,0.0,TempBand+Watershed+Merge+ClustSml+ShapeGate+MinPeaks+EquipRej+SkinPrio+Omega+OmScale+Kalman+StaticSup,run1 baseline
cap_000092,2026-08-19T19:39:13.850,any,24.69,27.19,1,0,0.0,TempBand+Watershed+Merge+ClustSml+ShapeGate+MinPeaks+EquipRej+SkinPrio+Omega+OmScale+Kalman+StaticSup,run1 baseline
cap_000093,2026-08-19T19:39:13.948,any,24.65,27.15,1,1,0.026654314183197983,TempBand+Watershed+Merge+ClustSml+ShapeGate+MinPeaks+EquipRej+SkinPrio+Omega+OmScale+Kalman+StaticSup,run1 baseline
cap_000094,2026-08-19T19:39:14.076,any,24.58,27.08,1,1,0.005011399365165585,TempBand+Watershed+Merge+ClustSml+ShapeGate+MinPeaks+EquipRej+SkinPrio+Omega+OmScale+Kalman+StaticSup,run1 baseline
cap_000095,2026-08-19T19:39:14.172,any,24.48,26.98,1,1,0.0070324339559342825,TempBand+Watershed+Merge+ClustSml+ShapeGate+MinPeaks+EquipRej+SkinPrio+Omega+OmScale+Kalman+StaticSup,run1 baseline
cap_000096,2026-08-19T19:39:14.301,any,24.44,26.94,1,1,0.013785525664594137,TempBand+Watershed+Merge+ClustSml+ShapeGate+MinPeaks+EquipRej+SkinPrio+Omega+OmScale+Kalman+StaticSup,run1 baseline
cap_000097,2026-08-19T19:39:14.429,any,24.41,26.91,1,0,0.0,TempBand+Watershed+Merge+ClustSml+ShapeGate+MinPeaks+EquipRej+SkinPrio+Omega+OmScale+Kalman+StaticSup,run1 baseline
cap_000098,2026-08-19T19:39:14.524,any,24.35,26.85,1,0,0.0,TempBand+Watershed+Merge+ClustSml+ShapeGate+MinPeaks+EquipRej+SkinPrio+Omega+OmScale+Kalman+StaticSup,run1 baseline
cap_000099,2026-08-19T19:39:14.652,any,24.32,26.82,1,0,0.0,TempBand+Watershed+Merge+ClustSml+ShapeGate+MinPeaks+EquipRej+SkinPrio+Omega+OmScale+Kalman+StaticSup,run1 baseline
cap_000100,2026-08-19T19:39:14.749,any,24.32,26.82,1,0,0.0,TempBand+Watershed+Merge+ClustSml+ShapeGate+MinPeaks+EquipRej+SkinPrio+Omega+OmScale+Kalman+StaticSup,run1 baseline
cap_000101,2026-08-19T19:39:14.877,any,24.30,26.80,1,2,0.02334661041361392,TempBand+Watershed+Merge+ClustSml+ShapeGate+MinPeaks+EquipRej+SkinPrio+Omega+OmScale+Kalman+StaticSup,run1 baseline
cap_000102,2026-08-19T19:39:14.973,any,24.28,26.78,1,1,0.3641265737234303,TempBand+Watershed+Merge+ClustSml+ShapeGate+MinPeaks+EquipRej+SkinPrio+Omega+OmScale+Kalman+StaticSup,run1 baseline
cap_000103,2026-08-19T19:39:15.102,any,24.25,26.75,1,1,0.4693126755477332,TempBand+Watershed+Merge+ClustSml+ShapeGate+MinPeaks+EquipRej+SkinPrio+Omega+OmScale+Kalman+StaticSup,run1 baseline
cap_000104,2026-08-19T19:39:15.198,any,24.28,26.78,1,1,0.11268648262657606,TempBand+Watershed+Merge+ClustSml+ShapeGate+MinPeaks+EquipRej+SkinPrio+Omega+OmScale+Kalman+StaticSup,run1 baseline
cap_000105,2026-08-19T19:39:15.326,any,24.25,26.75,1,1,0.09833415015987627,TempBand+Watershed+Merge+ClustSml+ShapeGate+MinPeaks+EquipRej+SkinPrio+Omega+OmScale+Kalman+StaticSup,run1 baseline
cap_000106,2026-08-19T19:39:15.449,any,24.25,26.75,1,1,0.20079218253869785,TempBand+Watershed+Merge+ClustSml+ShapeGate+MinPeaks+EquipRej+SkinPrio+Omega+OmScale+Kalman+StaticSup,run1 baseline
cap_000107,2026-08-19T19:39:15.545,any,24.25,26.75,1,2,0.8415182330396891,TempBand+Watershed+Merge+ClustSml+ShapeGate+MinPeaks+EquipRej+SkinPrio+Omega+OmScale+Kalman+StaticSup,run1 baseline
cap_000108,2026-08-19T19:39:15.676,any,24.28,26.78,1,1,0.2000325262999847,TempBand+Watershed+Merge+ClustSml+ShapeGate+MinPeaks+EquipRej+SkinPrio+Omega+OmScale+Kalman+StaticSup,run1 baseline
cap_000109,2026-08-19T19:39:15.778,any,24.28,26.78,0,0,0.0,TempBand+Watershed+Merge+ClustSml+ShapeGate+MinPeaks+EquipRej+SkinPrio+Omega+OmScale+Kalman+StaticSup,run1 baseline
cap_000110,2026-08-19T19:39:15.902,any,24.30,26.80,0,0,0.0,TempBand+Watershed+Merge+ClustSml+ShapeGate+MinPeaks+EquipRej+SkinPrio+Omega+OmScale+Kalman+StaticSup,run1 baseline
cap_000111,2026-08-19T19:39:15.999,any,24.35,26.85,1,1,0.5122508362072531,TempBand+Watershed+Merge+ClustSml+ShapeGate+MinPeaks+EquipRej+SkinPrio+Omega+OmScale+Kalman+StaticSup,run1 baseline
cap_000112,2026-08-19T19:39:16.122,any,24.35,26.85,1,1,0.6568295634963097,TempBand+Watershed+Merge+ClustSml+ShapeGate+MinPeaks+EquipRej+SkinPrio+Omega+OmScale+Kalman+StaticSup,run1 baseline
cap_000113,2026-08-19T19:39:16.255,any,24.35,26.85,2,1,0.6067432128886701,TempBand+Watershed+Merge+ClustSml+ShapeGate+MinPeaks+EquipRej+SkinPrio+Omega+OmScale+Kalman+StaticSup,run1 baseline
cap_000114,2026-08-19T19:39:16.348,any,24.39,26.89,1,1,0.7767581818831808,TempBand+Watershed+Merge+ClustSml+ShapeGate+MinPeaks+EquipRej+SkinPrio+Omega+OmScale+Kalman+StaticSup,run1 baseline
cap_000115,2026-08-19T19:39:16.478,any,24.39,26.89,1,1,0.7630511955148396,TempBand+Watershed+Merge+ClustSml+ShapeGate+MinPeaks+EquipRej+SkinPrio+Omega+OmScale+Kalman+StaticSup,run1 baseline
cap_000116,2026-08-19T19:39:16.573,any,24.39,26.89,2,1,0.7146738250024365,TempBand+Watershed+Merge+ClustSml+ShapeGate+MinPeaks+EquipRej+SkinPrio+Omega+OmScale+Kalman+StaticSup,run1 baseline
cap_000117,2026-08-19T19:39:16.702,any,24.41,26.91,2,1,0.8132040421183451,TempBand+Watershed+Merge+ClustSml+ShapeGate+MinPeaks+EquipRej+SkinPrio+Omega+OmScale+Kalman+StaticSup,run1 baseline
cap_000118,2026-08-19T19:39:16.797,any,24.44,26.94,1,1,0.8284116017595816,TempBand+Watershed+Merge+ClustSml+ShapeGate+MinPeaks+EquipRej+SkinPrio+Omega+OmScale+Kalman+StaticSup,run1 baseline
cap_000119,2026-08-19T19:39:16.928,any,24.46,26.96,2,1,0.8495201820753423,TempBand+Watershed+Merge+ClustSml+ShapeGate+MinPeaks+EquipRej+SkinPrio+Omega+OmScale+Kalman+StaticSup,run1 baseline
cap_000120,2026-08-19T19:39:17.025,any,24.53,27.03,2,1,0.6767428656173715,TempBand+Watershed+Merge+ClustSml+ShapeGate+MinPeaks+EquipRej+SkinPrio+Omega+OmScale+Kalman+StaticSup,run1 baseline
cap_000121,2026-08-19T19:39:17.147,any,24.51,27.01,2,1,0.5378399909916978,TempBand+Watershed+Merge+ClustSml+ShapeGate+MinPeaks+EquipRej+SkinPrio+Omega+OmScale+Kalman+StaticSup,run1 baseline
cap_000122,2026-08-19T19:39:17.274,any,24.48,26.98,2,1,0.6282714958398928,TempBand+Watershed+Merge+ClustSml+ShapeGate+MinPeaks+EquipRej+SkinPrio+Omega+OmScale+Kalman+StaticSup,run1 baseline
cap_000123,2026-08-19T19:39:17.371,any,24.51,27.01,2,1,0.2844009984667024,TempBand+Watershed+Merge+ClustSml+ShapeGate+MinPeaks+EquipRej+SkinPrio+Omega+OmScale+Kalman+StaticSup,run1 baseline
cap_000124,2026-08-19T19:39:17.504,any,24.55,27.05,2,1,0.21093746898684052,TempBand+Watershed+Merge+ClustSml+ShapeGate+MinPeaks+EquipRej+SkinPrio+Omega+OmScale+Kalman+StaticSup,run1 baseline
cap_000125,2026-08-19T19:39:17.594,any,24.58,27.08,2,1,0.10976897866481558,TempBand+Watershed+Merge+ClustSml+ShapeGate+MinPeaks+EquipRej+SkinPrio+Omega+OmScale+Kalman+StaticSup,run1 baseline
cap_000126,2026-08-19T19:39:17.725,any,24.65,27.15,2,1,0.06310781836171082,TempBand+Watershed+Merge+ClustSml+ShapeGate+MinPeaks+EquipRej+SkinPrio+Omega+OmScale+Kalman+StaticSup,run1 baseline
cap_000127,2026-08-19T19:39:17.822,any,24.69,27.19,1,1,0.09073843852498999,TempBand+Watershed+Merge+ClustSml+ShapeGate+MinPeaks+EquipRej+SkinPrio+Omega+OmScale+Kalman+StaticSup,run1 baseline
cap_000128,2026-08-19T19:39:17.952,any,24.72,27.22,1,1,0.12104983813152799,TempBand+Watershed+Merge+ClustSml+ShapeGate+MinPeaks+EquipRej+SkinPrio+Omega+OmScale+Kalman+StaticSup,run1 baseline
cap_000129,2026-08-19T19:39:18.078,any,24.74,27.24,1,1,0.1366002369916892,TempBand+Watershed+Merge+ClustSml+ShapeGate+MinPeaks+EquipRej+SkinPrio+Omega+OmScale+Kalman+StaticSup,run1 baseline
cap_000130,2026-08-19T19:39:18.175,any,24.74,27.24,1,1,0.16197035971580123,TempBand+Watershed+Merge+ClustSml+ShapeGate+MinPeaks+EquipRej+SkinPrio+Omega+OmScale+Kalman+StaticSup,run1 baseline
cap_000131,2026-08-19T19:39:18.301,any,24.74,27.24,1,1,0.09026815602938111,TempBand+Watershed+Merge+ClustSml+ShapeGate+MinPeaks+EquipRej+SkinPrio+Omega+OmScale+Kalman+StaticSup,run1 baseline
cap_000132,2026-08-19T19:39:18.398,any,24.76,27.26,1,1,0.09247605732475113,TempBand+Watershed+Merge+ClustSml+ShapeGate+MinPeaks+EquipRej+SkinPrio+Omega+OmScale+Kalman+StaticSup,run1 baseline
cap_000133,2026-08-19T19:39:18.525,any,24.83,27.33,2,1,0.09163572082072406,TempBand+Watershed+Merge+ClustSml+ShapeGate+MinPeaks+EquipRej+SkinPrio+Omega+OmScale+Kalman+StaticSup,run1 baseline
cap_000134,2026-08-19T19:39:18.625,any,24.85,27.35,2,1,0.14423781621474335,TempBand+Watershed+Merge+ClustSml+ShapeGate+MinPeaks+EquipRej+SkinPrio+Omega+OmScale+Kalman+StaticSup,run1 baseline
cap_000135,2026-08-19T19:39:18.752,any,24.90,27.40,2,1,0.7989151422832287,TempBand+Watershed+Merge+ClustSml+ShapeGate+MinPeaks+EquipRej+SkinPrio+Omega+OmScale+Kalman+StaticSup,run1 baseline
cap_000136,2026-08-19T19:39:18.846,any,24.90,27.40,2,1,0.10258147575577682,TempBand+Watershed+Merge+ClustSml+ShapeGate+MinPeaks+EquipRej+SkinPrio+Omega+OmScale+Kalman+StaticSup,run1 baseline
cap_000137,2026-08-19T19:39:18.972,any,24.90,27.40,1,1,0.6751836366118472,TempBand+Watershed+Merge+ClustSml+ShapeGate+MinPeaks+EquipRej+SkinPrio+Omega+OmScale+Kalman+StaticSup,run1 baseline
cap_000138,2026-08-19T19:39:19.101,any,24.90,27.40,1,1,0.13357602004001493,TempBand+Watershed+Merge+ClustSml+ShapeGate+MinPeaks+EquipRej+SkinPrio+Omega+OmScale+Kalman+StaticSup,run1 baseline
cap_000139,2026-08-19T19:39:19.199,any,24.88,27.38,1,1,0.12615061230930857,TempBand+Watershed+Merge+ClustSml+ShapeGate+MinPeaks+EquipRej+SkinPrio+Omega+OmScale+Kalman+StaticSup,run1 baseline
cap_000140,2026-08-19T19:39:19.327,any,24.90,27.40,1,1,0.08711916677017126,TempBand+Watershed+Merge+ClustSml+ShapeGate+MinPeaks+EquipRej+SkinPrio+Omega+OmScale+Kalman+StaticSup,run1 baseline
cap_000141,2026-08-19T19:39:19.423,any,24.92,27.42,2,1,0.10736779382056878,TempBand+Watershed+Merge+ClustSml+ShapeGate+MinPeaks+EquipRej+SkinPrio+Omega+OmScale+Kalman+StaticSup,run1 baseline
cap_000142,2026-08-19T19:39:19.547,any,24.92,27.42,2,1,0.05934998538741932,TempBand+Watershed+Merge+ClustSml+ShapeGate+MinPeaks+EquipRej+SkinPrio+Omega+OmScale+Kalman+StaticSup,run1 baseline
cap_000143,2026-08-19T19:39:19.643,any,24.95,27.45,2,1,0.2755856999741411,TempBand+Watershed+Merge+ClustSml+ShapeGate+MinPeaks+EquipRej+SkinPrio+Omega+OmScale+Kalman+StaticSup,run1 baseline
cap_000144,2026-08-19T19:39:19.773,any,24.95,27.45,2,1,0.1779052491785802,TempBand+Watershed+Merge+ClustSml+ShapeGate+MinPeaks+EquipRej+SkinPrio+Omega+OmScale+Kalman+StaticSup,run1 baseline
cap_000145,2026-08-19T19:39:19.870,any,24.97,27.47,2,1,0.2877875873082779,TempBand+Watershed+Merge+ClustSml+ShapeGate+MinPeaks+EquipRej+SkinPrio+Omega+OmScale+Kalman+StaticSup,run1 baseline
cap_000146,2026-08-19T19:39:19.998,any,24.97,27.47,2,1,0.14005209580132794,TempBand+Watershed+Merge+ClustSml+ShapeGate+MinPeaks+EquipRej+SkinPrio+Omega+OmScale+Kalman+StaticSup,run1 baseline
cap_000147,2026-08-19T19:39:20.129,any,24.99,27.49,1,1,0.048067777554360085,TempBand+Watershed+Merge+ClustSml+ShapeGate+MinPeaks+EquipRej+SkinPrio+Omega+OmScale+Kalman+StaticSup,run1 baseline
cap_000148,2026-08-19T19:39:20.223,any,25.02,27.52,1,0,0.0,TempBand+Watershed+Merge+ClustSml+ShapeGate+MinPeaks+EquipRej+SkinPrio+Omega+OmScale+Kalman+StaticSup,run1 baseline
cap_000149,2026-08-19T19:39:20.349,any,25.09,27.59,0,0,0.0,TempBand+Watershed+Merge+ClustSml+ShapeGate+MinPeaks+EquipRej+SkinPrio+Omega+OmScale+Kalman+StaticSup,run1 baseline
cap_000150,2026-08-19T19:39:20.446,any,25.11,27.61,0,0,0.0,TempBand+Watershed+Merge+ClustSml+ShapeGate+MinPeaks+EquipRej+SkinPrio+Omega+OmScale+Kalman+StaticSup,run1 baseline
cap_000151,2026-08-19T19:39:20.574,any,25.11,27.61,1,0,0.0,TempBand+Watershed+Merge+ClustSml+ShapeGate+MinPeaks+EquipRej+SkinPrio+Omega+OmScale+Kalman+StaticSup,run1 baseline
cap_000152,2026-08-19T19:39:20.669,any,25.11,27.61,1,0,0.0,TempBand+Watershed+Merge+ClustSml+ShapeGate+MinPeaks+EquipRej+SkinPrio+Omega+OmScale+Kalman+StaticSup,run1 baseline
cap_000153,2026-08-19T19:39:20.793,any,25.11,27.61,1,0,0.0,TempBand+Watershed+Merge+ClustSml+ShapeGate+MinPeaks+EquipRej+SkinPrio+Omega+OmScale+Kalman+StaticSup,run1 baseline
cap_000154,2026-08-19T19:39:20.923,any,25.13,27.63,1,0,0.0,TempBand+Watershed+Merge+ClustSml+ShapeGate+MinPeaks+EquipRej+SkinPrio+Omega+OmScale+Kalman+StaticSup,run1 baseline
cap_000155,2026-08-19T19:39:21.021,any,25.15,27.65,1,0,0.0,TempBand+Watershed+Merge+ClustSml+ShapeGate+MinPeaks+EquipRej+SkinPrio+Omega+OmScale+Kalman+StaticSup,run1 baseline
cap_000156,2026-08-19T19:39:21.147,any,25.18,27.68,1,1,0.00020574587903834712,TempBand+Watershed+Merge+ClustSml+ShapeGate+MinPeaks+EquipRej+SkinPrio+Omega+OmScale+Kalman+StaticSup,run1 baseline
cap_000157,2026-08-19T19:39:21.242,any,25.20,27.70,1,0,0.0,TempBand+Watershed+Merge+ClustSml+ShapeGate+MinPeaks+EquipRej+SkinPrio+Omega+OmScale+Kalman+StaticSup,run1 baseline
cap_000158,2026-08-19T19:39:21.377,any,25.25,27.75,1,0,0.0,TempBand+Watershed+Merge+ClustSml+ShapeGate+MinPeaks+EquipRej+SkinPrio+Omega+OmScale+Kalman+StaticSup,run1 baseline
cap_000159,2026-08-19T19:39:21.469,any,25.22,27.72,1,1,0.4736635543299994,TempBand+Watershed+Merge+ClustSml+ShapeGate+MinPeaks+EquipRej+SkinPrio+Omega+OmScale+Kalman+StaticSup,run1 baseline
cap_000160,2026-08-19T19:39:21.595,any,25.22,27.72,1,1,0.5613541668496134,TempBand+Watershed+Merge+ClustSml+ShapeGate+MinPeaks+EquipRej+SkinPrio+Omega+OmScale+Kalman+StaticSup,run1 baseline
cap_000161,2026-08-19T19:39:21.692,any,25.22,27.72,1,1,0.244737373740054,TempBand+Watershed+Merge+ClustSml+ShapeGate+MinPeaks+EquipRej+SkinPrio+Omega+OmScale+Kalman+StaticSup,run1 baseline
cap_000162,2026-08-19T19:39:21.818,any,25.22,27.72,1,1,0.4481932815663949,TempBand+Watershed+Merge+ClustSml+ShapeGate+MinPeaks+EquipRej+SkinPrio+Omega+OmScale+Kalman+StaticSup,run1 baseline
cap_000163,2026-08-19T19:39:21.949,any,25.25,27.75,1,1,0.7319462245273248,TempBand+Watershed+Merge+ClustSml+ShapeGate+MinPeaks+EquipRej+SkinPrio+Omega+OmScale+Kalman+StaticSup,run1 baseline
cap_000164,2026-08-19T19:39:22.045,any,25.22,27.72,1,1,0.8455963878950641,TempBand+Watershed+Merge+ClustSml+ShapeGate+MinPeaks+EquipRej+SkinPrio+Omega+OmScale+Kalman+StaticSup,run1 baseline
cap_000165,2026-08-19T19:39:22.172,any,25.25,27.75,1,1,0.9668201069000697,TempBand+Watershed+Merge+ClustSml+ShapeGate+MinPeaks+EquipRej+SkinPrio+Omega+OmScale+Kalman+StaticSup,run1 baseline
cap_000166,2026-08-19T19:39:22.267,any,25.22,27.72,1,1,0.7737928466468313,TempBand+Watershed+Merge+ClustSml+ShapeGate+MinPeaks+EquipRej+SkinPrio+Omega+OmScale+Kalman+StaticSup,run1 baseline
cap_000167,2026-08-19T19:39:22.393,any,25.25,27.75,1,1,0.8663599981549679,TempBand+Watershed+Merge+ClustSml+ShapeGate+MinPeaks+EquipRej+SkinPrio+Omega+OmScale+Kalman+StaticSup,run1 baseline
cap_000168,2026-08-19T19:39:22.491,any,25.25,27.75,1,1,0.5211295852443879,TempBand+Watershed+Merge+ClustSml+ShapeGate+MinPeaks+EquipRej+SkinPrio+Omega+OmScale+Kalman+StaticSup,run1 baseline
cap_000169,2026-08-19T19:39:22.621,any,25.25,27.75,1,0,0.0,TempBand+Watershed+Merge+ClustSml+ShapeGate+MinPeaks+EquipRej+SkinPrio+Omega+OmScale+Kalman+StaticSup,run1 baseline
cap_000170,2026-08-19T19:39:22.750,any,25.25,27.75,1,0,0.0,TempBand+Watershed+Merge+ClustSml+ShapeGate+MinPeaks+EquipRej+SkinPrio+Omega+OmScale+Kalman+StaticSup,run1 baseline
cap_000171,2026-08-19T19:39:22.845,any,25.25,27.75,1,2,0.052055223201811836,TempBand+Watershed+Merge+ClustSml+ShapeGate+MinPeaks+EquipRej+SkinPrio+Omega+OmScale+Kalman+StaticSup,run1 baseline
cap_000172,2026-08-19T19:39:22.968,any,25.25,27.75,0,0,0.0,TempBand+Watershed+Merge+ClustSml+ShapeGate+MinPeaks+EquipRej+SkinPrio+Omega+OmScale+Kalman+StaticSup,run1 baseline
cap_000173,2026-08-19T19:39:23.066,any,25.25,27.75,0,0,0.0,TempBand+Watershed+Merge+ClustSml+ShapeGate+MinPeaks+EquipRej+SkinPrio+Omega+OmScale+Kalman+StaticSup,run1 baseline
cap_000174,2026-08-19T19:39:23.196,any,25.27,27.77,1,2,0.014362834417022184,TempBand+Watershed+Merge+ClustSml+ShapeGate+MinPeaks+EquipRej+SkinPrio+Omega+OmScale+Kalman+StaticSup,run1 baseline
cap_000175,2026-08-19T19:39:23.293,any,25.27,27.77,1,2,0.4974887508942027,TempBand+Watershed+Merge+ClustSml+ShapeGate+MinPeaks+EquipRej+SkinPrio+Omega+OmScale+Kalman+StaticSup,run1 baseline
cap_000176,2026-08-19T19:39:23.420,any,25.27,27.77,1,0,0.0,TempBand+Watershed+Merge+ClustSml+ShapeGate+MinPeaks+EquipRej+SkinPrio+Omega+OmScale+Kalman+StaticSup,run1 baseline
cap_000177,2026-08-19T19:39:23.515,any,25.27,27.77,1,0,0.0,TempBand+Watershed+Merge+ClustSml+ShapeGate+MinPeaks+EquipRej+SkinPrio+Omega+OmScale+Kalman+StaticSup,run1 baseline
cap_000178,2026-08-19T19:39:23.646,any,25.27,27.77,1,1,0.5053907125258603,TempBand+Watershed+Merge+ClustSml+ShapeGate+MinPeaks+EquipRej+SkinPrio+Omega+OmScale+Kalman+StaticSup,run1 baseline
cap_000179,2026-08-19T19:39:23.772,any,25.27,27.77,1,2,0.40267048466016114,TempBand+Watershed+Merge+ClustSml+ShapeGate+MinPeaks+EquipRej+SkinPrio+Omega+OmScale+Kalman+StaticSup,run1 baseline
cap_000180,2026-08-19T19:39:23.867,any,25.29,27.79,1,2,0.22357681151181,TempBand+Watershed+Merge+ClustSml+ShapeGate+MinPeaks+EquipRej+SkinPrio+Omega+OmScale+Kalman+StaticSup,run1 baseline
cap_000181,2026-08-19T19:39:23.994,any,25.29,27.79,1,2,0.3107381175949645,TempBand+Watershed+Merge+ClustSml+ShapeGate+MinPeaks+EquipRej+SkinPrio+Omega+OmScale+Kalman+StaticSup,run1 baseline
cap_000182,2026-08-19T19:39:24.089,any,25.29,27.79,1,2,0.44832615834595846,TempBand+Watershed+Merge+ClustSml+ShapeGate+MinPeaks+EquipRej+SkinPrio+Omega+OmScale+Kalman+StaticSup,run1 baseline
cap_000183,2026-08-19T19:39:24.217,any,25.32,27.82,1,2,0.9094844757411,TempBand+Watershed+Merge+ClustSml+ShapeGate+MinPeaks+EquipRej+SkinPrio+Omega+OmScale+Kalman+StaticSup,run1 baseline
cap_000184,2026-08-19T19:39:24.317,any,25.32,27.82,1,1,0.9629727897664248,TempBand+Watershed+Merge+ClustSml+ShapeGate+MinPeaks+EquipRej+SkinPrio+Omega+OmScale+Kalman+StaticSup,run1 baseline
cap_000185,2026-08-19T19:39:24.448,any,25.32,27.82,1,1,0.9862646306306826,TempBand+Watershed+Merge+ClustSml+ShapeGate+MinPeaks+EquipRej+SkinPrio+Omega+OmScale+Kalman+StaticSup,run1 baseline
cap_000186,2026-08-19T19:39:24.574,any,25.25,27.75,1,1,0.9104424124773677,TempBand+Watershed+Merge+ClustSml+ShapeGate+MinPeaks+EquipRej+SkinPrio+Omega+OmScale+Kalman+StaticSup,run1 baseline
cap_000187,2026-08-19T19:39:24.667,any,25.27,27.77,2,1,0.6356438614474472,TempBand+Watershed+Merge+ClustSml+ShapeGate+MinPeaks+EquipRej+SkinPrio+Omega+OmScale+Kalman+StaticSup,run1 baseline
cap_000188,2026-08-19T19:39:24.793,any,25.32,27.82,2,1,0.7055004662238191,TempBand+Watershed+Merge+ClustSml+ShapeGate+MinPeaks+EquipRej+SkinPrio+Omega+OmScale+Kalman+StaticSup,run1 baseline
cap_000189,2026-08-19T19:39:24.892,any,25.32,27.82,2,1,0.7560607645333224,TempBand+Watershed+Merge+ClustSml+ShapeGate+MinPeaks+EquipRej+SkinPrio+Omega+OmScale+Kalman+StaticSup,run1 baseline
cap_000190,2026-08-19T19:39:25.023,any,25.36,27.86,2,1,0.7459700324084805,TempBand+Watershed+Merge+ClustSml+ShapeGate+MinPeaks+EquipRej+SkinPrio+Omega+OmScale+Kalman+StaticSup,run1 baseline
cap_000191,2026-08-19T19:39:25.117,any,25.34,27.84,2,1,0.8232950197761852,TempBand+Watershed+Merge+ClustSml+ShapeGate+MinPeaks+EquipRej+SkinPrio+Omega+OmScale+Kalman+StaticSup,run1 baseline
cap_000192,2026-08-19T19:39:25.246,any,25.32,27.82,2,1,0.8658994540366288,TempBand+Watershed+Merge+ClustSml+ShapeGate+MinPeaks+EquipRej+SkinPrio+Omega+OmScale+Kalman+StaticSup,run1 baseline
cap_000193,2026-08-19T19:39:25.342,any,25.34,27.84,2,1,0.861264499330766,TempBand+Watershed+Merge+ClustSml+ShapeGate+MinPeaks+EquipRej+SkinPrio+Omega+OmScale+Kalman+StaticSup,run1 baseline
cap_000194,2026-08-19T19:39:25.467,any,25.32,27.82,2,1,0.7249265591573668,TempBand+Watershed+Merge+ClustSml+ShapeGate+MinPeaks+EquipRej+SkinPrio+Omega+OmScale+Kalman+StaticSup,run1 baseline
cap_000195,2026-08-19T19:39:25.600,any,25.29,27.79,2,1,0.799772913135377,TempBand+Watershed+Merge+ClustSml+ShapeGate+MinPeaks+EquipRej+SkinPrio+Omega+OmScale+Kalman+StaticSup,run1 baseline
cap_000196,2026-08-19T19:39:25.694,any,25.32,27.82,2,1,0.8448027017187215,TempBand+Watershed+Merge+ClustSml+ShapeGate+MinPeaks+EquipRej+SkinPrio+Omega+OmScale+Kalman+StaticSup,run1 baseline
cap_000197,2026-08-19T19:39:25.822,any,25.32,27.82,2,1,0.8222593806949723,TempBand+Watershed+Merge+ClustSml+ShapeGate+MinPeaks+EquipRej+SkinPrio+Omega+OmScale+Kalman+StaticSup,run1 baseline
cap_000198,2026-08-19T19:39:25.918,any,25.32,27.82,2,1,0.8297624092756318,TempBand+Watershed+Merge+ClustSml+ShapeGate+MinPeaks+EquipRej+SkinPrio+Omega+OmScale+Kalman+StaticSup,run1 baseline
cap_000199,2026-08-19T19:39:26.045,any,25.32,27.82,2,1,0.7725078791060451,TempBand+Watershed+Merge+ClustSml+ShapeGate+MinPeaks+EquipRej+SkinPrio+Omega+OmScale+Kalman+StaticSup,run1 baseline
cap_000200,2026-08-19T19:39:26.142,any,25.32,27.82,1,1,0.7357947520913299,TempBand+Watershed+Merge+ClustSml+ShapeGate+MinPeaks+EquipRej+SkinPrio+Omega+OmScale+Kalman+StaticSup,run1 baseline
cap_000201,2026-08-19T19:39:26.269,any,25.32,27.82,1,1,0.7357947520913299,TempBand+Watershed+Merge+ClustSml+ShapeGate+MinPeaks+EquipRej+SkinPrio+Omega+OmScale+Kalman+StaticSup,run1 baseline
cap_000202,2026-08-19T19:39:26.365,any,25.36,27.86,1,1,0.7865973673296403,TempBand+Watershed+Merge+ClustSml+ShapeGate+MinPeaks+EquipRej+SkinPrio+Omega+OmScale+Kalman+StaticSup,run1 baseline
cap_000203,2026-08-19T19:39:26.493,any,25.36,27.86,1,1,0.742615709161735,TempBand+Watershed+Merge+ClustSml+ShapeGate+MinPeaks+EquipRej+SkinPrio+Omega+OmScale+Kalman+StaticSup,run1 baseline
cap_000204,2026-08-19T19:39:26.617,any,25.36,27.86,1,1,0.7574805203605651,TempBand+Watershed+Merge+ClustSml+ShapeGate+MinPeaks+EquipRej+SkinPrio+Omega+OmScale+Kalman+StaticSup,run1 baseline
cap_000205,2026-08-19T19:39:26.713,any,25.34,27.84,1,1,0.7944603659639174,TempBand+Watershed+Merge+ClustSml+ShapeGate+MinPeaks+EquipRej+SkinPrio+Omega+OmScale+Kalman+StaticSup,run1 baseline
cap_000206,2026-08-19T19:39:26.845,any,25.34,27.84,1,1,0.8411451952607537,TempBand+Watershed+Merge+ClustSml+ShapeGate+MinPeaks+EquipRej+SkinPrio+Omega+OmScale+Kalman+StaticSup,run1 baseline
cap_000207,2026-08-19T19:39:26.943,any,25.34,27.84,1,1,0.8411451952607537,TempBand+Watershed+Merge+ClustSml+ShapeGate+MinPeaks+EquipRej+SkinPrio+Omega+OmScale+Kalman+StaticSup,run1 baseline
cap_000208,2026-08-19T19:39:27.070,any,25.34,27.84,1,1,0.835888307690422,TempBand+Watershed+Merge+ClustSml+ShapeGate+MinPeaks+EquipRej+SkinPrio+Omega+OmScale+Kalman+StaticSup,run1 baseline
cap_000209,2026-08-19T19:39:27.165,any,25.32,27.82,1,1,0.835888307690422,TempBand+Watershed+Merge+ClustSml+ShapeGate+MinPeaks+EquipRej+SkinPrio+Omega+OmScale+Kalman+StaticSup,run1 baseline
cap_000210,2026-08-19T19:39:27.292,any,25.36,27.86,1,1,0.742615709161735,TempBand+Watershed+Merge+ClustSml+ShapeGate+MinPeaks+EquipRej+SkinPrio+Omega+OmScale+Kalman+StaticSup,run1 baseline
cap_000211,2026-08-19T19:39:27.422,any,25.34,27.84,1,1,0.7382315191704119,TempBand+Watershed+Merge+ClustSml+ShapeGate+MinPeaks+EquipRej+SkinPrio+Omega+OmScale+Kalman+StaticSup,run1 baseline
cap_000212,2026-08-19T19:39:27.517,any,25.34,27.84,1,1,0.7329114413489758,TempBand+Watershed+Merge+ClustSml+ShapeGate+MinPeaks+EquipRej+SkinPrio+Omega+OmScale+Kalman+StaticSup,run1 baseline
cap_000213,2026-08-19T19:39:27.644,any,25.34,27.84,1,1,0.7329114413489758,TempBand+Watershed+Merge+ClustSml+ShapeGate+MinPeaks+EquipRej+SkinPrio+Omega+OmScale+Kalman+StaticSup,run1 baseline
cap_000214,2026-08-19T19:39:27.744,any,25.34,27.84,2,1,0.7760573898067222,TempBand+Watershed+Merge+ClustSml+ShapeGate+MinPeaks+EquipRej+SkinPrio+Omega+OmScale+Kalman+StaticSup,run1 baseline
cap_000215,2026-08-19T19:39:27.869,any,25.34,27.84,2,1,0.8237081659594359,TempBand+Watershed+Merge+ClustSml+ShapeGate+MinPeaks+EquipRej+SkinPrio+Omega+OmScale+Kalman+StaticSup,run1 baseline
cap_000216,2026-08-19T19:39:27.965,any,25.32,27.82,1,1,0.8175290956851295,TempBand+Watershed+Merge+ClustSml+ShapeGate+MinPeaks+EquipRej+SkinPrio+Omega+OmScale+Kalman+StaticSup,run1 baseline
cap_000217,2026-08-19T19:39:28.092,any,25.32,27.82,1,1,0.8185437059739412,TempBand+Watershed+Merge+ClustSml+ShapeGate+MinPeaks+EquipRej+SkinPrio+Omega+OmScale+Kalman+StaticSup,run1 baseline
cap_000218,2026-08-19T19:39:28.192,any,25.29,27.79,1,1,0.8233943353426757,TempBand+Watershed+Merge+ClustSml+ShapeGate+MinPeaks+EquipRej+SkinPrio+Omega+OmScale+Kalman+StaticSup,run1 baseline
cap_000219,2026-08-19T19:39:28.317,any,25.29,27.79,1,1,0.8233943353426757,TempBand+Watershed+Merge+ClustSml+ShapeGate+MinPeaks+EquipRej+SkinPrio+Omega+OmScale+Kalman+StaticSup,run1 baseline
cap_000220,2026-08-19T19:39:28.447,any,25.27,27.77,1,1,0.7823095045894948,TempBand+Watershed+Merge+ClustSml+ShapeGate+MinPeaks+EquipRej+SkinPrio+Omega+OmScale+Kalman+StaticSup,run1 baseline
cap_000221,2026-08-19T19:39:28.541,any,25.27,27.77,2,1,0.7778645642225097,TempBand+Watershed+Merge+ClustSml+ShapeGate+MinPeaks+EquipRej+SkinPrio+Omega+OmScale+Kalman+StaticSup,run1 baseline
cap_000222,2026-08-19T19:39:28.670,any,25.25,27.75,1,1,0.7750265431284235,TempBand+Watershed+Merge+ClustSml+ShapeGate+MinPeaks+EquipRej+SkinPrio+Omega+OmScale+Kalman+StaticSup,run1 baseline
cap_000223,2026-08-19T19:39:28.766,any,25.25,27.75,2,1,0.7750265431284235,TempBand+Watershed+Merge+ClustSml+ShapeGate+MinPeaks+EquipRej+SkinPrio+Omega+OmScale+Kalman+StaticSup,run1 baseline
cap_000224,2026-08-19T19:39:28.890,any,25.25,27.75,1,1,0.772549345352549,TempBand+Watershed+Merge+ClustSml+ShapeGate+MinPeaks+EquipRej+SkinPrio+Omega+OmScale+Kalman+StaticSup,run1 baseline
cap_000225,2026-08-19T19:39:28.985,any,25.22,27.72,1,1,0.7880133330096487,TempBand+Watershed+Merge+ClustSml+ShapeGate+MinPeaks+EquipRej+SkinPrio+Omega+OmScale+Kalman+StaticSup,run1 baseline
cap_000226,2026-08-19T19:39:29.114,any,25.22,27.72,1,1,0.7880133330096487,TempBand+Watershed+Merge+ClustSml+ShapeGate+MinPeaks+EquipRej+SkinPrio+Omega+OmScale+Kalman+StaticSup,run1 baseline
cap_000227,2026-08-19T19:39:29.248,any,25.22,27.72,1,1,0.7880133330096487,TempBand+Watershed+Merge+ClustSml+ShapeGate+MinPeaks+EquipRej+SkinPrio+Omega+OmScale+Kalman+StaticSup,run1 baseline
cap_000228,2026-08-19T19:39:29.341,any,25.20,27.70,2,1,0.7880133330096487,TempBand+Watershed+Merge+ClustSml+ShapeGate+MinPeaks+EquipRej+SkinPrio+Omega+OmScale+Kalman+StaticSup,run1 baseline
cap_000229,2026-08-19T19:39:29.466,any,25.20,27.70,2,1,0.7839892915879866,TempBand+Watershed+Merge+ClustSml+ShapeGate+MinPeaks+EquipRej+SkinPrio+Omega+OmScale+Kalman+StaticSup,run1 baseline
cap_000230,2026-08-19T19:39:29.564,any,25.20,27.70,2,1,0.7742194019361199,TempBand+Watershed+Merge+ClustSml+ShapeGate+MinPeaks+EquipRej+SkinPrio+Omega+OmScale+Kalman+StaticSup,run1 baseline
cap_000231,2026-08-19T19:39:29.695,any,25.22,27.72,1,1,0.7741125857965616,TempBand+Watershed+Merge+ClustSml+ShapeGate+MinPeaks+EquipRej+SkinPrio+Omega+OmScale+Kalman+StaticSup,run1 baseline
cap_000232,2026-08-19T19:39:29.790,any,25.22,27.72,2,1,0.8112146914939763,TempBand+Watershed+Merge+ClustSml+ShapeGate+MinPeaks+EquipRej+SkinPrio+Omega+OmScale+Kalman+StaticSup,run1 baseline
cap_000233,2026-08-19T19:39:29.917,any,25.20,27.70,1,1,0.7715549734749808,TempBand+Watershed+Merge+ClustSml+ShapeGate+MinPeaks+EquipRej+SkinPrio+Omega+OmScale+Kalman+StaticSup,run1 baseline
cap_000234,2026-08-19T19:39:30.012,any,25.20,27.70,1,1,0.7673723974400296,TempBand+Watershed+Merge+ClustSml+ShapeGate+MinPeaks+EquipRej+SkinPrio+Omega+OmScale+Kalman+StaticSup,run1 baseline
cap_000235,2026-08-19T19:39:30.141,any,25.20,27.70,1,1,0.800183893318906,TempBand+Watershed+Merge+ClustSml+ShapeGate+MinPeaks+EquipRej+SkinPrio+Omega+OmScale+Kalman+StaticSup,run1 baseline
cap_000236,2026-08-19T19:39:30.270,any,25.20,27.70,1,1,0.7609186562383783,TempBand+Watershed+Merge+ClustSml+ShapeGate+MinPeaks+EquipRej+SkinPrio+Omega+OmScale+Kalman+StaticSup,run1 baseline
cap_000237,2026-08-19T19:39:30.367,any,25.18,27.68,1,1,0.863303715015968,TempBand+Watershed+Merge+ClustSml+ShapeGate+MinPeaks+EquipRej+SkinPrio+Omega+OmScale+Kalman+StaticSup,run1 baseline
cap_000238,2026-08-19T19:39:30.491,any,25.18,27.68,2,1,0.8649122661023679,TempBand+Watershed+Merge+ClustSml+ShapeGate+MinPeaks+EquipRej+SkinPrio+Omega+OmScale+Kalman+StaticSup,run1 baseline
cap_000239,2026-08-19T19:39:30.587,any,25.20,27.70,2,1,0.8496618072273469,TempBand+Watershed+Merge+ClustSml+ShapeGate+MinPeaks+EquipRej+SkinPrio+Omega+OmScale+Kalman+StaticSup,run1 baseline
cap_000240,2026-08-19T19:39:30.719,any,25.22,27.72,2,1,0.831369093767119,TempBand+Watershed+Merge+ClustSml+ShapeGate+MinPeaks+EquipRej+SkinPrio+Omega+OmScale+Kalman+StaticSup,run1 baseline
cap_000241,2026-08-19T19:39:30.815,any,25.22,27.72,1,1,0.831369093767119,TempBand+Watershed+Merge+ClustSml+ShapeGate+MinPeaks+EquipRej+SkinPrio+Omega+OmScale+Kalman+StaticSup,run1 baseline
cap_000242,2026-08-19T19:39:30.943,any,25.22,27.72,1,1,0.831369093767119,TempBand+Watershed+Merge+ClustSml+ShapeGate+MinPeaks+EquipRej+SkinPrio+Omega+OmScale+Kalman+StaticSup,run1 baseline
cap_000243,2026-08-19T19:39:31.068,any,25.24,27.74,1,1,0.831369093767119,TempBand+Watershed+Merge+ClustSml+ShapeGate+MinPeaks+EquipRej+SkinPrio+Omega+OmScale+Kalman+StaticSup,run1 baseline
cap_000244,2026-08-19T19:39:31.162,any,25.25,27.75,1,1,0.8215882808992705,TempBand+Watershed+Merge+ClustSml+ShapeGate+MinPeaks+EquipRej+SkinPrio+Omega+OmScale+Kalman+StaticSup,run1 baseline
cap_000245,2026-08-19T19:39:31.296,any,25.22,27.72,1,1,0.8215882808992705,TempBand+Watershed+Merge+ClustSml+ShapeGate+MinPeaks+EquipRej+SkinPrio+Omega+OmScale+Kalman+StaticSup,run1 baseline
cap_000246,2026-08-19T19:39:31.390,any,25.22,27.72,1,1,0.8215882808992705,TempBand+Watershed+Merge+ClustSml+ShapeGate+MinPeaks+EquipRej+SkinPrio+Omega+OmScale+Kalman+StaticSup,run1 baseline
cap_000247,2026-08-19T19:39:31.518,any,25.20,27.70,1,1,0.8215882808992705,TempBand+Watershed+Merge+ClustSml+ShapeGate+MinPeaks+EquipRej+SkinPrio+Omega+OmScale+Kalman+StaticSup,run1 baseline
cap_000248,2026-08-19T19:39:31.615,any,25.20,27.70,1,1,0.832831421181184,TempBand+Watershed+Merge+ClustSml+ShapeGate+MinPeaks+EquipRej+SkinPrio+Omega+OmScale+Kalman+StaticSup,run1 baseline
cap_000249,2026-08-19T19:39:31.743,any,25.20,27.70,1,1,0.8312975965970321,TempBand+Watershed+Merge+ClustSml+ShapeGate+MinPeaks+EquipRej+SkinPrio+Omega+OmScale+Kalman+StaticSup,run1 baseline
cap_000250,2026-08-19T19:39:31.840,any,25.21,27.71,1,1,0.8366929466287121,TempBand+Watershed+Merge+ClustSml+ShapeGate+MinPeaks+EquipRej+SkinPrio+Omega+OmScale+Kalman+StaticSup,run1 baseline
cap_000251,2026-08-19T19:39:31.969,any,25.20,27.70,1,1,0.7979688596789526,TempBand+Watershed+Merge+ClustSml+ShapeGate+MinPeaks+EquipRej+SkinPrio+Omega+OmScale+Kalman+StaticSup,run1 baseline
cap_000252,2026-08-19T19:39:32.095,any,25.20,27.70,1,1,0.800216593099256,TempBand+Watershed+Merge+ClustSml+ShapeGate+MinPeaks+EquipRej+SkinPrio+Omega+OmScale+Kalman+StaticSup,run1 baseline
cap_000253,2026-08-19T19:39:32.193,any,25.20,27.70,1,1,0.7979688596789526,TempBand+Watershed+Merge+ClustSml+ShapeGate+MinPeaks+EquipRej+SkinPrio+Omega+OmScale+Kalman+StaticSup,run1 baseline
cap_000254,2026-08-19T19:39:32.317,any,25.22,27.72,1,1,0.7752816098839246,TempBand+Watershed+Merge+ClustSml+ShapeGate+MinPeaks+EquipRej+SkinPrio+Omega+OmScale+Kalman+StaticSup,run1 baseline
cap_000255,2026-08-19T19:39:32.417,any,25.20,27.70,1,1,0.7942220835464645,TempBand+Watershed+Merge+ClustSml+ShapeGate+MinPeaks+EquipRej+SkinPrio+Omega+OmScale+Kalman+StaticSup,run1 baseline
cap_000256,2026-08-19T19:39:32.543,any,25.20,27.70,1,1,0.7942220835464645,TempBand+Watershed+Merge+ClustSml+ShapeGate+MinPeaks+EquipRej+SkinPrio+Omega+OmScale+Kalman+StaticSup,run1 baseline
cap_000257,2026-08-19T19:39:32.636,any,25.20,27.70,1,1,0.7942220835464645,TempBand+Watershed+Merge+ClustSml+ShapeGate+MinPeaks+EquipRej+SkinPrio+Omega+OmScale+Kalman+StaticSup,run1 baseline
cap_000258,2026-08-19T19:39:32.767,any,25.20,27.70,1,1,0.7942220835464645,TempBand+Watershed+Merge+ClustSml+ShapeGate+MinPeaks+EquipRej+SkinPrio+Omega+OmScale+Kalman+StaticSup,run1 baseline
cap_000259,2026-08-19T19:39:32.860,any,25.20,27.70,1,1,0.7901761950336507,TempBand+Watershed+Merge+ClustSml+ShapeGate+MinPeaks+EquipRej+SkinPrio+Omega+OmScale+Kalman+StaticSup,run1 baseline
cap_000260,2026-08-19T19:39:32.990,any,25.22,27.72,2,1,0.7918665441805913,TempBand+Watershed+Merge+ClustSml+ShapeGate+MinPeaks+EquipRej+SkinPrio+Omega+OmScale+Kalman+StaticSup,run1 baseline
cap_000261,2026-08-19T19:39:33.117,any,25.25,27.75,1,1,0.793925932674855,TempBand+Watershed+Merge+ClustSml+ShapeGate+MinPeaks+EquipRej+SkinPrio+Omega+OmScale+Kalman+StaticSup,run1 baseline
cap_000262,2026-08-19T19:39:33.216,any,25.25,27.75,1,1,0.793925932674855,TempBand+Watershed+Merge+ClustSml+ShapeGate+MinPeaks+EquipRej+SkinPrio+Omega+OmScale+Kalman+StaticSup,run1 baseline
cap_000263,2026-08-19T19:39:33.341,any,25.27,27.77,1,1,0.7979688596789526,TempBand+Watershed+Merge+ClustSml+ShapeGate+MinPeaks+EquipRej+SkinPrio+Omega+OmScale+Kalman+StaticSup,run1 baseline
cap_000264,2026-08-19T19:39:33.439,any,25.27,27.77,1,1,0.7537098761773545,TempBand+Watershed+Merge+ClustSml+ShapeGate+MinPeaks+EquipRej+SkinPrio+Omega+OmScale+Kalman+StaticSup,run1 baseline
cap_000265,2026-08-19T19:39:33.568,any,25.25,27.75,1,1,0.7979688596789526,TempBand+Watershed+Merge+ClustSml+ShapeGate+MinPeaks+EquipRej+SkinPrio+Omega+OmScale+Kalman+StaticSup,run1 baseline
cap_000266,2026-08-19T19:39:33.661,any,25.25,27.75,2,1,0.7537098761773545,TempBand+Watershed+Merge+ClustSml+ShapeGate+MinPeaks+EquipRej+SkinPrio+Omega+OmScale+Kalman+StaticSup,run1 baseline
cap_000267,2026-08-19T19:39:33.792,any,25.25,27.75,2,1,0.7537098761773545,TempBand+Watershed+Merge+ClustSml+ShapeGate+MinPeaks+EquipRej+SkinPrio+Omega+OmScale+Kalman+StaticSup,run1 baseline
cap_000268,2026-08-19T19:39:33.917,any,25.22,27.72,2,2,0.836932182905464,TempBand+Watershed+Merge+ClustSml+ShapeGate+MinPeaks+EquipRej+SkinPrio+Omega+OmScale+Kalman+StaticSup,run1 baseline
cap_000269,2026-08-19T19:39:34.015,any,25.22,27.72,2,2,0.7498367203910542,TempBand+Watershed+Merge+ClustSml+ShapeGate+MinPeaks+EquipRej+SkinPrio+Omega+OmScale+Kalman+StaticSup,run1 baseline
cap_000270,2026-08-19T19:39:34.140,any,25.20,27.70,1,1,0.7537098761773545,TempBand+Watershed+Merge+ClustSml+ShapeGate+MinPeaks+EquipRej+SkinPrio+Omega+OmScale+Kalman+StaticSup,run1 baseline
cap_000271,2026-08-19T19:39:34.238,any,25.20,27.70,1,1,0.8470367945024062,TempBand+Watershed+Merge+ClustSml+ShapeGate+MinPeaks+EquipRej+SkinPrio+Omega+OmScale+Kalman+StaticSup,run1 baseline
cap_000272,2026-08-19T19:39:34.365,any,25.25,27.75,1,1,0.7865407856894382,TempBand+Watershed+Merge+ClustSml+ShapeGate+MinPeaks+EquipRej+SkinPrio+Omega+OmScale+Kalman+StaticSup,run1 baseline
cap_000273,2026-08-19T19:39:34.459,any,25.22,27.72,1,1,0.8254052493524637,TempBand+Watershed+Merge+ClustSml+ShapeGate+MinPeaks+EquipRej+SkinPrio+Omega+OmScale+Kalman+StaticSup,run1 baseline
cap_000274,2026-08-19T19:39:34.591,any,25.25,27.75,2,2,0.8760692263032732,TempBand+Watershed+Merge+ClustSml+ShapeGate+MinPeaks+EquipRej+SkinPrio+Omega+OmScale+Kalman+StaticSup,run1 baseline
cap_000275,2026-08-19T19:39:34.683,any,25.25,27.75,2,1,0.7792632092689267,TempBand+Watershed+Merge+ClustSml+ShapeGate+MinPeaks+EquipRej+SkinPrio+Omega+OmScale+Kalman+StaticSup,run1 baseline
cap_000276,2026-08-19T19:39:34.814,any,25.25,27.75,2,2,0.8643260107661492,TempBand+Watershed+Merge+ClustSml+ShapeGate+MinPeaks+EquipRej+SkinPrio+Omega+OmScale+Kalman+StaticSup,run1 baseline
cap_000277,2026-08-19T19:39:34.940,any,25.25,27.75,1,1,0.8687748489126185,TempBand+Watershed+Merge+ClustSml+ShapeGate+MinPeaks+EquipRej+SkinPrio+Omega+OmScale+Kalman+StaticSup,run1 baseline
cap_000278,2026-08-19T19:39:35.039,any,25.22,27.72,1,1,0.9028427981394609,TempBand+Watershed+Merge+ClustSml+ShapeGate+MinPeaks+EquipRej+SkinPrio+Omega+OmScale+Kalman+StaticSup,run1 baseline
cap_000279,2026-08-19T19:39:35.164,any,25.25,27.75,0,0,0.0,TempBand+Watershed+Merge+ClustSml+ShapeGate+MinPeaks+EquipRej+SkinPrio+Omega+OmScale+Kalman+StaticSup,run1 baseline
cap_000280,2026-08-19T19:39:35.258,any,25.25,27.75,2,1,0.7674612486259011,TempBand+Watershed+Merge+ClustSml+ShapeGate+MinPeaks+EquipRej+SkinPrio+Omega+OmScale+Kalman+StaticSup,run1 baseline
cap_000281,2026-08-19T19:39:35.391,any,25.22,27.72,2,1,0.8949356634428878,TempBand+Watershed+Merge+ClustSml+ShapeGate+MinPeaks+EquipRej+SkinPrio+Omega+OmScale+Kalman+StaticSup,run1 baseline
cap_000282,2026-08-19T19:39:35.485,any,25.20,27.70,0,0,0.0,TempBand+Watershed+Merge+ClustSml+ShapeGate+MinPeaks+EquipRej+SkinPrio+Omega+OmScale+Kalman+StaticSup,run1 baseline
cap_000283,2026-08-19T19:39:35.613,any,25.20,27.70,1,1,0.006854104265550468,TempBand+Watershed+Merge+ClustSml+ShapeGate+MinPeaks+EquipRej+SkinPrio+Omega+OmScale+Kalman+StaticSup,run1 baseline
cap_000284,2026-08-19T19:39:35.738,any,25.15,27.65,1,2,0.0024150841088808337,TempBand+Watershed+Merge+ClustSml+ShapeGate+MinPeaks+EquipRej+SkinPrio+Omega+OmScale+Kalman+StaticSup,run1 baseline
cap_000285,2026-08-19T19:39:35.834,any,25.15,27.65,1,1,0.006271427277588142,TempBand+Watershed+Merge+ClustSml+ShapeGate+MinPeaks+EquipRej+SkinPrio+Omega+OmScale+Kalman+StaticSup,run1 baseline
cap_000286,2026-08-19T19:39:35.964,any,25.13,27.63,1,2,0.004560341279453833,TempBand+Watershed+Merge+ClustSml+ShapeGate+MinPeaks+EquipRej+SkinPrio+Omega+OmScale+Kalman+StaticSup,run1 baseline
cap_000287,2026-08-19T19:39:36.061,any,25.13,27.63,1,2,0.006593905362611066,TempBand+Watershed+Merge+ClustSml+ShapeGate+MinPeaks+EquipRej+SkinPrio+Omega+OmScale+Kalman+StaticSup,run1 baseline
cap_000288,2026-08-19T19:39:36.188,any,25.13,27.63,1,2,0.01386830051826027,TempBand+Watershed+Merge+ClustSml+ShapeGate+MinPeaks+EquipRej+SkinPrio+Omega+OmScale+Kalman+StaticSup,run1 baseline
cap_000289,2026-08-19T19:39:36.284,any,25.15,27.65,1,2,0.017537955389564985,TempBand+Watershed+Merge+ClustSml+ShapeGate+MinPeaks+EquipRej+SkinPrio+Omega+OmScale+Kalman+StaticSup,run1 baseline
cap_000290,2026-08-19T19:39:36.412,any,25.13,27.63,1,2,0.02347324109069602,TempBand+Watershed+Merge+ClustSml+ShapeGate+MinPeaks+EquipRej+SkinPrio+Omega+OmScale+Kalman+StaticSup,run1 baseline
cap_000291,2026-08-19T19:39:36.507,any,25.13,27.63,1,2,0.016998240969231974,TempBand+Watershed+Merge+ClustSml+ShapeGate+MinPeaks+EquipRej+SkinPrio+Omega+OmScale+Kalman+StaticSup,run1 baseline
cap_000292,2026-08-19T19:39:36.637,any,25.13,27.63,1,2,0.07183798142511294,TempBand+Watershed+Merge+ClustSml+ShapeGate+MinPeaks+EquipRej+SkinPrio+Omega+OmScale+Kalman+StaticSup,run1 baseline
cap_000293,2026-08-19T19:39:36.762,any,25.15,27.65,1,2,0.042576192429893245,TempBand+Watershed+Merge+ClustSml+ShapeGate+MinPeaks+EquipRej+SkinPrio+Omega+OmScale+Kalman+StaticSup,run1 baseline
cap_000294,2026-08-19T19:39:36.857,any,25.13,27.63,1,2,0.04514204919927289,TempBand+Watershed+Merge+ClustSml+ShapeGate+MinPeaks+EquipRej+SkinPrio+Omega+OmScale+Kalman+StaticSup,run1 baseline
cap_000295,2026-08-19T19:39:36.990,any,25.13,27.63,1,2,0.047713834890901446,TempBand+Watershed+Merge+ClustSml+ShapeGate+MinPeaks+EquipRej+SkinPrio+Omega+OmScale+Kalman+StaticSup,run1 baseline
cap_000296,2026-08-19T19:39:37.085,any,25.13,27.63,1,2,0.039658015004863593,TempBand+Watershed+Merge+ClustSml+ShapeGate+MinPeaks+EquipRej+SkinPrio+Omega+OmScale+Kalman+StaticSup,run1 baseline
cap_000297,2026-08-19T19:39:37.212,any,25.11,27.61,1,2,0.03303767590881129,TempBand+Watershed+Merge+ClustSml+ShapeGate+MinPeaks+EquipRej+SkinPrio+Omega+OmScale+Kalman+StaticSup,run1 baseline
cap_000298,2026-08-19T19:39:37.310,any,25.15,27.65,1,2,0.035836063898870764,TempBand+Watershed+Merge+ClustSml+ShapeGate+MinPeaks+EquipRej+SkinPrio+Omega+OmScale+Kalman+StaticSup,run1 baseline
cap_000299,2026-08-19T19:39:37.435,any,25.13,27.63,1,2,0.027956832706863867,TempBand+Watershed+Merge+ClustSml+ShapeGate+MinPeaks+EquipRej+SkinPrio+Omega+OmScale+Kalman+StaticSup,run1 baseline
cap_000300,2026-08-19T19:39:37.562,any,25.13,27.63,1,2,0.026491036716771253,TempBand+Watershed+Merge+ClustSml+ShapeGate+MinPeaks+EquipRej+SkinPrio+Omega+OmScale+Kalman+StaticSup,run1 baseline
cap_000301,2026-08-19T19:39:37.659,any,25.15,27.65,1,2,0.033328724348945946,TempBand+Watershed+Merge+ClustSml+ShapeGate+MinPeaks+EquipRej+SkinPrio+Omega+OmScale+Kalman+StaticSup,run1 baseline
cap_000302,2026-08-19T19:39:37.788,any,25.20,27.70,1,2,0.03344884650745754,TempBand+Watershed+Merge+ClustSml+ShapeGate+MinPeaks+EquipRej+SkinPrio+Omega+OmScale+Kalman+StaticSup,run1 baseline
cap_000303,2026-08-19T19:39:37.885,any,25.20,27.70,1,2,0.03341436537698489,TempBand+Watershed+Merge+ClustSml+ShapeGate+MinPeaks+EquipRej+SkinPrio+Omega+OmScale+Kalman+StaticSup,run1 baseline
cap_000304,2026-08-19T19:39:38.012,any,25.22,27.72,1,2,0.03339889393957103,TempBand+Watershed+Merge+ClustSml+ShapeGate+MinPeaks+EquipRej+SkinPrio+Omega+OmScale+Kalman+StaticSup,run1 baseline
cap_000305,2026-08-19T19:39:38.107,any,25.25,27.75,1,2,0.004318265756408092,TempBand+Watershed+Merge+ClustSml+ShapeGate+MinPeaks+EquipRej+SkinPrio+Omega+OmScale+Kalman+StaticSup,run1 baseline
cap_000306,2026-08-19T19:39:38.234,any,25.25,27.75,1,1,0.004144190196450885,TempBand+Watershed+Merge+ClustSml+ShapeGate+MinPeaks+EquipRej+SkinPrio+Omega+OmScale+Kalman+StaticSup,run1 baseline
cap_000307,2026-08-19T19:39:38.331,any,25.22,27.72,1,1,0.004196683489962145,TempBand+Watershed+Merge+ClustSml+ShapeGate+MinPeaks+EquipRej+SkinPrio+Omega+OmScale+Kalman+StaticSup,run1 baseline
cap_000308,2026-08-19T19:39:38.461,any,25.25,27.75,1,1,0.0012862526674429144,TempBand+Watershed+Merge+ClustSml+ShapeGate+MinPeaks+EquipRej+SkinPrio+Omega+OmScale+Kalman+StaticSup,run1 baseline
cap_000309,2026-08-19T19:39:38.591,any,25.22,27.72,1,1,0.002890709526393798,TempBand+Watershed+Merge+ClustSml+ShapeGate+MinPeaks+EquipRej+SkinPrio+Omega+OmScale+Kalman+StaticSup,run1 baseline
cap_000310,2026-08-19T19:39:38.681,any,25.25,27.75,1,1,0.001285949751106675,TempBand+Watershed+Merge+ClustSml+ShapeGate+MinPeaks+EquipRej+SkinPrio+Omega+OmScale+Kalman+StaticSup,run1 baseline
cap_000311,2026-08-19T19:39:38.811,any,25.25,27.75,1,1,0.004153757310202581,TempBand+Watershed+Merge+ClustSml+ShapeGate+MinPeaks+EquipRej+SkinPrio+Omega+OmScale+Kalman+StaticSup,run1 baseline
cap_000312,2026-08-19T19:39:38.909,any,25.27,27.77,1,1,0.0026944569043305406,TempBand+Watershed+Merge+ClustSml+ShapeGate+MinPeaks+EquipRej+SkinPrio+Omega+OmScale+Kalman+StaticSup,run1 baseline
cap_000313,2026-08-19T19:39:39.036,any,25.27,27.77,1,1,0.002735723125943956,TempBand+Watershed+Merge+ClustSml+ShapeGate+MinPeaks+EquipRej+SkinPrio+Omega+OmScale+Kalman+StaticSup,run1 baseline
cap_000314,2026-08-19T19:39:39.131,any,25.25,27.75,1,1,0.004085403909287988,TempBand+Watershed+Merge+ClustSml+ShapeGate+MinPeaks+EquipRej+SkinPrio+Omega+OmScale+Kalman+StaticSup,run1 baseline
cap_000315,2026-08-19T19:39:39.258,any,25.25,27.75,1,1,0.004089290980208059,TempBand+Watershed+Merge+ClustSml+ShapeGate+MinPeaks+EquipRej+SkinPrio+Omega+OmScale+Kalman+StaticSup,run1 baseline
cap_000316,2026-08-19T19:39:39.355,any,25.29,27.79,1,1,0.004258994735910332,TempBand+Watershed+Merge+ClustSml+ShapeGate+MinPeaks+EquipRej+SkinPrio+Omega+OmScale+Kalman+StaticSup,run1 baseline
cap_000317,2026-08-19T19:39:39.486,any,25.29,27.79,1,1,0.004260393938510069,TempBand+Watershed+Merge+ClustSml+ShapeGate+MinPeaks+EquipRej+SkinPrio+Omega+OmScale+Kalman+StaticSup,run1 baseline
cap_000318,2026-08-19T19:39:39.612,any,25.27,27.77,1,1,0.004257920937686842,TempBand+Watershed+Merge+ClustSml+ShapeGate+MinPeaks+EquipRej+SkinPrio+Omega+OmScale+Kalman+StaticSup,run1 baseline
cap_000319,2026-08-19T19:39:39.707,any,25.27,27.77,1,1,0.004257920937686842,TempBand+Watershed+Merge+ClustSml+ShapeGate+MinPeaks+EquipRej+SkinPrio+Omega+OmScale+Kalman+StaticSup,run1 baseline
cap_000320,2026-08-19T19:39:39.837,any,25.27,27.77,1,1,0.00426039968693174,TempBand+Watershed+Merge+ClustSml+ShapeGate+MinPeaks+EquipRej+SkinPrio+Omega+OmScale+Kalman+StaticSup,run1 baseline
cap_000321,2026-08-19T19:39:39.931,any,25.27,27.77,1,1,0.0040926465558971305,TempBand+Watershed+Merge+ClustSml+ShapeGate+MinPeaks+EquipRej+SkinPrio+Omega+OmScale+Kalman+StaticSup,run1 baseline
cap_000322,2026-08-19T19:39:40.060,any,25.27,27.77,1,1,0.0040948002654662575,TempBand+Watershed+Merge+ClustSml+ShapeGate+MinPeaks+EquipRej+SkinPrio+Omega+OmScale+Kalman+StaticSup,run1 baseline
cap_000323,2026-08-19T19:39:40.157,any,25.27,27.77,1,1,0.004093596620473469,TempBand+Watershed+Merge+ClustSml+ShapeGate+MinPeaks+EquipRej+SkinPrio+Omega+OmScale+Kalman+StaticSup,run1 baseline
cap_000324,2026-08-19T19:39:40.281,any,25.29,27.79,1,1,0.004095167730460126,TempBand+Watershed+Merge+ClustSml+ShapeGate+MinPeaks+EquipRej+SkinPrio+Omega+OmScale+Kalman+StaticSup,run1 baseline
cap_000325,2026-08-19T19:39:40.409,any,25.27,27.77,1,1,0.004090567176150404,TempBand+Watershed+Merge+ClustSml+ShapeGate+MinPeaks+EquipRej+SkinPrio+Omega+OmScale+Kalman+StaticSup,run1 baseline
cap_000326,2026-08-19T19:39:40.507,any,25.27,27.77,1,1,0.004093126121718082,TempBand+Watershed+Merge+ClustSml+ShapeGate+MinPeaks+EquipRej+SkinPrio+Omega+OmScale+Kalman+StaticSup,run1 baseline
cap_000327,2026-08-19T19:39:40.635,any,25.27,27.77,1,1,0.004096406407847357,TempBand+Watershed+Merge+ClustSml+ShapeGate+MinPeaks+EquipRej+SkinPrio+Omega+OmScale+Kalman+StaticSup,run1 baseline
cap_000328,2026-08-19T19:39:40.732,any,25.27,27.77,1,1,0.004095673467631739,TempBand+Watershed+Merge+ClustSml+ShapeGate+MinPeaks+EquipRej+SkinPrio+Omega+OmScale+Kalman+StaticSup,run1 baseline
cap_000329,2026-08-19T19:39:40.860,any,25.27,27.77,1,1,0.004100062038783379,TempBand+Watershed+Merge+ClustSml+ShapeGate+MinPeaks+EquipRej+SkinPrio+Omega+OmScale+Kalman+StaticSup,run1 baseline
cap_000330,2026-08-19T19:39:40.957,any,25.22,27.72,1,1,0.0027609751583465366,TempBand+Watershed+Merge+ClustSml+ShapeGate+MinPeaks+EquipRej+SkinPrio+Omega+OmScale+Kalman+StaticSup,run1 baseline
cap_000331,2026-08-19T19:39:41.084,any,25.22,27.72,1,2,0.034639345059030206,TempBand+Watershed+Merge+ClustSml+ShapeGate+MinPeaks+EquipRej+SkinPrio+Omega+OmScale+Kalman+StaticSup,run1 baseline
cap_000332,2026-08-19T19:39:41.181,any,25.20,27.70,1,2,0.03462763859408608,TempBand+Watershed+Merge+ClustSml+ShapeGate+MinPeaks+EquipRej+SkinPrio+Omega+OmScale+Kalman+StaticSup,run1 baseline
cap_000333,2026-08-19T19:39:41.308,any,25.20,27.70,1,2,0.035738544113191086,TempBand+Watershed+Merge+ClustSml+ShapeGate+MinPeaks+EquipRej+SkinPrio+Omega+OmScale+Kalman+StaticSup,run1 baseline
cap_000334,2026-08-19T19:39:41.437,any,25.20,27.70,1,2,0.02596593468230019,TempBand+Watershed+Merge+ClustSml+ShapeGate+MinPeaks+EquipRej+SkinPrio+Omega+OmScale+Kalman+StaticSup,run1 baseline
cap_000335,2026-08-19T19:39:41.532,any,25.18,27.68,1,2,0.019379297674500955,TempBand+Watershed+Merge+ClustSml+ShapeGate+MinPeaks+EquipRej+SkinPrio+Omega+OmScale+Kalman+StaticSup,run1 baseline
cap_000336,2026-08-19T19:39:41.658,any,25.18,27.68,1,2,0.019391366402087065,TempBand+Watershed+Merge+ClustSml+ShapeGate+MinPeaks+EquipRej+SkinPrio+Omega+OmScale+Kalman+StaticSup,run1 baseline
cap_000337,2026-08-19T19:39:41.756,any,25.18,27.68,1,2,0.020430997481420042,TempBand+Watershed+Merge+ClustSml+ShapeGate+MinPeaks+EquipRej+SkinPrio+Omega+OmScale+Kalman+StaticSup,run1 baseline
cap_000338,2026-08-19T19:39:41.881,any,25.18,27.68,1,2,0.01628664404422545,TempBand+Watershed+Merge+ClustSml+ShapeGate+MinPeaks+EquipRej+SkinPrio+Omega+OmScale+Kalman+StaticSup,run1 baseline
cap_000339,2026-08-19T19:39:41.979,any,25.18,27.68,1,2,0.030211952571257868,TempBand+Watershed+Merge+ClustSml+ShapeGate+MinPeaks+EquipRej+SkinPrio+Omega+OmScale+Kalman+StaticSup,run1 baseline
cap_000340,2026-08-19T19:39:42.111,any,25.18,27.68,1,2,0.03367667312075917,TempBand+Watershed+Merge+ClustSml+ShapeGate+MinPeaks+EquipRej+SkinPrio+Omega+OmScale+Kalman+StaticSup,run1 baseline
cap_000341,2026-08-19T19:39:42.239,any,25.18,27.68,1,2,0.01721084159882972,TempBand+Watershed+Merge+ClustSml+ShapeGate+MinPeaks+EquipRej+SkinPrio+Omega+OmScale+Kalman+StaticSup,run1 baseline
cap_000342,2026-08-19T19:39:42.329,any,25.18,27.68,1,2,0.01200316567027548,TempBand+Watershed+Merge+ClustSml+ShapeGate+MinPeaks+EquipRej+SkinPrio+Omega+OmScale+Kalman+StaticSup,run1 baseline
cap_000343,2026-08-19T19:39:42.459,any,25.18,27.68,1,1,0.015206627538343264,TempBand+Watershed+Merge+ClustSml+ShapeGate+MinPeaks+EquipRej+SkinPrio+Omega+OmScale+Kalman+StaticSup,run1 baseline
cap_000344,2026-08-19T19:39:42.555,any,25.18,27.68,1,1,0.016539119064501197,TempBand+Watershed+Merge+ClustSml+ShapeGate+MinPeaks+EquipRej+SkinPrio+Omega+OmScale+Kalman+StaticSup,run1 baseline
cap_000345,2026-08-19T19:39:42.687,any,25.15,27.65,2,2,0.002087534546859265,TempBand+Watershed+Merge+ClustSml+ShapeGate+MinPeaks+EquipRej+SkinPrio+Omega+OmScale+Kalman+StaticSup,run1 baseline
cap_000346,2026-08-19T19:39:42.782,any,25.13,27.63,2,4,0.02321725258017835,TempBand+Watershed+Merge+ClustSml+ShapeGate+MinPeaks+EquipRej+SkinPrio+Omega+OmScale+Kalman+StaticSup,run1 baseline
cap_000347,2026-08-19T19:39:42.911,any,25.13,27.63,2,4,0.03302486334439812,TempBand+Watershed+Merge+ClustSml+ShapeGate+MinPeaks+EquipRej+SkinPrio+Omega+OmScale+Kalman+StaticSup,run1 baseline
cap_000348,2026-08-19T19:39:43.004,any,25.11,27.61,2,2,0.01275964028091061,TempBand+Watershed+Merge+ClustSml+ShapeGate+MinPeaks+EquipRej+SkinPrio+Omega+OmScale+Kalman+StaticSup,run1 baseline
cap_000349,2026-08-19T19:39:43.135,any,25.11,27.61,2,2,0.010194150285834726,TempBand+Watershed+Merge+ClustSml+ShapeGate+MinPeaks+EquipRej+SkinPrio+Omega+OmScale+Kalman+StaticSup,run1 baseline
cap_000350,2026-08-19T19:39:43.258,any,25.11,27.61,2,2,0.005073175844052912,TempBand+Watershed+Merge+ClustSml+ShapeGate+MinPeaks+EquipRej+SkinPrio+Omega+OmScale+Kalman+StaticSup,run1 baseline
cap_000351,2026-08-19T19:39:43.356,any,25.11,27.61,2,5,0.06593497286040716,TempBand+Watershed+Merge+ClustSml+ShapeGate+MinPeaks+EquipRej+SkinPrio+Omega+OmScale+Kalman+StaticSup,run1 baseline
cap_000352,2026-08-19T19:39:43.484,any,25.11,27.61,1,2,0.004753476335644795,TempBand+Watershed+Merge+ClustSml+ShapeGate+MinPeaks+EquipRej+SkinPrio+Omega+OmScale+Kalman+StaticSup,run1 baseline
cap_000353,2026-08-19T19:39:43.581,any,25.09,27.59,1,3,0.04575254027855115,TempBand+Watershed+Merge+ClustSml+ShapeGate+MinPeaks+EquipRej+SkinPrio+Omega+OmScale+Kalman+StaticSup,run1 baseline
cap_000354,2026-08-19T19:39:43.704,any,25.09,27.59,1,1,0.006436755552032741,TempBand+Watershed+Merge+ClustSml+ShapeGate+MinPeaks+EquipRej+SkinPrio+Omega+OmScale+Kalman+StaticSup,run1 baseline
cap_000355,2026-08-19T19:39:43.803,any,25.09,27.59,1,2,0.007759675233066595,TempBand+Watershed+Merge+ClustSml+ShapeGate+MinPeaks+EquipRej+SkinPrio+Omega+OmScale+Kalman+StaticSup,run1 baseline
cap_000356,2026-08-19T19:39:43.933,any,25.11,27.61,1,2,0.007775275288090841,TempBand+Watershed+Merge+ClustSml+ShapeGate+MinPeaks+EquipRej+SkinPrio+Omega+OmScale+Kalman+StaticSup,run1 baseline
cap_000357,2026-08-19T19:39:44.060,any,25.09,27.59,1,1,0.004326678406524861,TempBand+Watershed+Merge+ClustSml+ShapeGate+MinPeaks+EquipRej+SkinPrio+Omega+OmScale+Kalman+StaticSup,run1 baseline
cap_000358,2026-08-19T19:39:44.158,any,25.06,27.56,1,2,0.007697567076758007,TempBand+Watershed+Merge+ClustSml+ShapeGate+MinPeaks+EquipRej+SkinPrio+Omega+OmScale+Kalman+StaticSup,run1 baseline
cap_000359,2026-08-19T19:39:44.281,any,25.04,27.54,1,1,0.003138449641175444,TempBand+Watershed+Merge+ClustSml+ShapeGate+MinPeaks+EquipRej+SkinPrio+Omega+OmScale+Kalman+StaticSup,run1 baseline
cap_000360,2026-08-19T19:39:44.379,any,25.04,27.54,1,2,0.00421861144875761,TempBand+Watershed+Merge+ClustSml+ShapeGate+MinPeaks+EquipRej+SkinPrio+Omega+OmScale+Kalman+StaticSup,run1 baseline
cap_000361,2026-08-19T19:39:44.510,any,25.02,27.52,1,1,0.002562210715205095,TempBand+Watershed+Merge+ClustSml+ShapeGate+MinPeaks+EquipRej+SkinPrio+Omega+OmScale+Kalman+StaticSup,run1 baseline
cap_000362,2026-08-19T19:39:44.603,any,25.02,27.52,1,2,0.002795620530291507,TempBand+Watershed+Merge+ClustSml+ShapeGate+MinPeaks+EquipRej+SkinPrio+Omega+OmScale+Kalman+StaticSup,run1 baseline
cap_000363,2026-08-19T19:39:44.734,any,25.02,27.52,1,1,0.000880708699588781,TempBand+Watershed+Merge+ClustSml+ShapeGate+MinPeaks+EquipRej+SkinPrio+Omega+OmScale+Kalman+StaticSup,run1 baseline
cap_000364,2026-08-19T19:39:44.830,any,25.02,27.52,1,1,0.0008669391898791141,TempBand+Watershed+Merge+ClustSml+ShapeGate+MinPeaks+EquipRej+SkinPrio+Omega+OmScale+Kalman+StaticSup,run1 baseline
cap_000365,2026-08-19T19:39:44.955,any,25.02,27.52,1,1,0.0009122703226312776,TempBand+Watershed+Merge+ClustSml+ShapeGate+MinPeaks+EquipRej+SkinPrio+Omega+OmScale+Kalman+StaticSup,run1 baseline
cap_000366,2026-08-19T19:39:45.082,any,25.09,27.59,1,1,0.0008848132561829484,TempBand+Watershed+Merge+ClustSml+ShapeGate+MinPeaks+EquipRej+SkinPrio+Omega+OmScale+Kalman+StaticSup,run1 baseline
cap_000367,2026-08-19T19:39:45.184,any,25.06,27.56,1,1,0.0008842116995864644,TempBand+Watershed+Merge+ClustSml+ShapeGate+MinPeaks+EquipRej+SkinPrio+Omega+OmScale+Kalman+StaticSup,run1 baseline
cap_000368,2026-08-19T19:39:45.308,any,25.02,27.52,1,1,0.0008829541744915622,TempBand+Watershed+Merge+ClustSml+ShapeGate+MinPeaks+EquipRej+SkinPrio+Omega+OmScale+Kalman+StaticSup,run1 baseline
cap_000369,2026-08-19T19:39:45.406,any,25.02,27.52,1,1,0.0008825016083578217,TempBand+Watershed+Merge+ClustSml+ShapeGate+MinPeaks+EquipRej+SkinPrio+Omega+OmScale+Kalman+StaticSup,run1 baseline
cap_000370,2026-08-19T19:39:45.532,any,24.99,27.49,1,1,0.0008694818234881077,TempBand+Watershed+Merge+ClustSml+ShapeGate+MinPeaks+EquipRej+SkinPrio+Omega+OmScale+Kalman+StaticSup,run1 baseline
cap_000371,2026-08-19T19:39:45.630,any,24.99,27.49,1,1,0.0008697737887987636,TempBand+Watershed+Merge+ClustSml+ShapeGate+MinPeaks+EquipRej+SkinPrio+Omega+OmScale+Kalman+StaticSup,run1 baseline
cap_000372,2026-08-19T19:39:45.755,any,24.99,27.49,1,1,0.0008937325033622468,TempBand+Watershed+Merge+ClustSml+ShapeGate+MinPeaks+EquipRej+SkinPrio+Omega+OmScale+Kalman+StaticSup,run1 baseline
cap_000373,2026-08-19T19:39:45.855,any,24.97,27.47,1,1,0.0009764666098451737,TempBand+Watershed+Merge+ClustSml+ShapeGate+MinPeaks+EquipRej+SkinPrio+Omega+OmScale+Kalman+StaticSup,run1 baseline
cap_000374,2026-08-19T19:39:45.980,any,24.97,27.47,1,1,0.0015686194784571216,TempBand+Watershed+Merge+ClustSml+ShapeGate+MinPeaks+EquipRej+SkinPrio+Omega+OmScale+Kalman+StaticSup,run1 baseline
cap_000375,2026-08-19T19:39:46.109,any,24.95,27.45,1,1,0.001570741311555492,TempBand+Watershed+Merge+ClustSml+ShapeGate+MinPeaks+EquipRej+SkinPrio+Omega+OmScale+Kalman+StaticSup,run1 baseline
cap_000376,2026-08-19T19:39:46.201,any,24.97,27.47,1,1,0.000954554636633073,TempBand+Watershed+Merge+ClustSml+ShapeGate+MinPeaks+EquipRej+SkinPrio+Omega+OmScale+Kalman+StaticSup,run1 baseline
cap_000377,2026-08-19T19:39:46.332,any,24.95,27.45,1,1,0.002629702972628398,TempBand+Watershed+Merge+ClustSml+ShapeGate+MinPeaks+EquipRej+SkinPrio+Omega+OmScale+Kalman+StaticSup,run1 baseline
cap_000378,2026-08-19T19:39:46.430,any,24.95,27.45,1,1,0.0015296807985299217,TempBand+Watershed+Merge+ClustSml+ShapeGate+MinPeaks+EquipRej+SkinPrio+Omega+OmScale+Kalman+StaticSup,run1 baseline
cap_000379,2026-08-19T19:39:46.556,any,24.95,27.45,1,1,0.0008818672013651903,TempBand+Watershed+Merge+ClustSml+ShapeGate+MinPeaks+EquipRej+SkinPrio+Omega+OmScale+Kalman+StaticSup,run1 baseline
cap_000380,2026-08-19T19:39:46.655,any,24.95,27.45,1,1,0.0008956471292474244,TempBand+Watershed+Merge+ClustSml+ShapeGate+MinPeaks+EquipRej+SkinPrio+Omega+OmScale+Kalman+StaticSup,run1 baseline
cap_000381,2026-08-19T19:39:46.779,any,24.92,27.42,1,1,0.0008687554472010923,TempBand+Watershed+Merge+ClustSml+ShapeGate+MinPeaks+EquipRej+SkinPrio+Omega+OmScale+Kalman+StaticSup,run1 baseline
cap_000382,2026-08-19T19:39:46.908,any,24.92,27.42,1,1,0.0008687384521338969,TempBand+Watershed+Merge+ClustSml+ShapeGate+MinPeaks+EquipRej+SkinPrio+Omega+OmScale+Kalman+StaticSup,run1 baseline
cap_000383,2026-08-19T19:39:47.005,any,24.90,27.40,1,1,0.0008781543730975059,TempBand+Watershed+Merge+ClustSml+ShapeGate+MinPeaks+EquipRej+SkinPrio+Omega+OmScale+Kalman+StaticSup,run1 baseline
cap_000384,2026-08-19T19:39:47.132,any,24.90,27.40,1,1,0.0008765136859609682,TempBand+Watershed+Merge+ClustSml+ShapeGate+MinPeaks+EquipRej+SkinPrio+Omega+OmScale+Kalman+StaticSup,run1 baseline
cap_000385,2026-08-19T19:39:47.231,any,24.90,27.40,1,1,0.0008649317881315415,TempBand+Watershed+Merge+ClustSml+ShapeGate+MinPeaks+EquipRej+SkinPrio+Omega+OmScale+Kalman+StaticSup,run1 baseline
cap_000386,2026-08-19T19:39:47.355,any,24.90,27.40,1,1,0.0008648133813257149,TempBand+Watershed+Merge+ClustSml+ShapeGate+MinPeaks+EquipRej+SkinPrio+Omega+OmScale+Kalman+StaticSup,run1 baseline
cap_000387,2026-08-19T19:39:47.452,any,24.88,27.38,1,1,0.0008636124050108233,TempBand+Watershed+Merge+ClustSml+ShapeGate+MinPeaks+EquipRej+SkinPrio+Omega+OmScale+Kalman+StaticSup,run1 baseline
cap_000388,2026-08-19T19:39:47.583,any,24.88,27.38,1,1,0.000848582156283565,TempBand+Watershed+Merge+ClustSml+ShapeGate+MinPeaks+EquipRej+SkinPrio+Omega+OmScale+Kalman+StaticSup,run1 baseline
cap_000389,2026-08-19T19:39:47.678,any,24.88,27.38,1,1,0.0008476327185735753,TempBand+Watershed+Merge+ClustSml+ShapeGate+MinPeaks+EquipRej+SkinPrio+Omega+OmScale+Kalman+StaticSup,run1 baseline
cap_000390,2026-08-19T19:39:47.805,any,24.90,27.40,1,1,0.000844561955693782,TempBand+Watershed+Merge+ClustSml+ShapeGate+MinPeaks+EquipRej+SkinPrio+Omega+OmScale+Kalman+StaticSup,run1 baseline
cap_000391,2026-08-19T19:39:47.932,any,24.90,27.40,1,1,0.0008566484236088493,TempBand+Watershed+Merge+ClustSml+ShapeGate+MinPeaks+EquipRej+SkinPrio+Omega+OmScale+Kalman+StaticSup,run1 baseline
cap_000392,2026-08-19T19:39:48.027,any,24.90,27.40,1,1,0.0008549676362276286,TempBand+Watershed+Merge+ClustSml+ShapeGate+MinPeaks+EquipRej+SkinPrio+Omega+OmScale+Kalman+StaticSup,run1 baseline
cap_000393,2026-08-19T19:39:48.154,any,24.90,27.40,1,1,0.0008564853207155249,TempBand+Watershed+Merge+ClustSml+ShapeGate+MinPeaks+EquipRej+SkinPrio+Omega+OmScale+Kalman+StaticSup,run1 baseline
cap_000394,2026-08-19T19:39:48.252,any,24.90,27.40,1,1,0.003306315558678084,TempBand+Watershed+Merge+ClustSml+ShapeGate+MinPeaks+EquipRej+SkinPrio+Omega+OmScale+Kalman+StaticSup,run1 baseline
cap_000395,2026-08-19T19:39:48.380,any,24.90,27.40,1,1,0.0008127244911218391,TempBand+Watershed+Merge+ClustSml+ShapeGate+MinPeaks+EquipRej+SkinPrio+Omega+OmScale+Kalman+StaticSup,run1 baseline
cap_000396,2026-08-19T19:39:48.474,any,24.90,27.40,1,1,0.0008131336020816614,TempBand+Watershed+Merge+ClustSml+ShapeGate+MinPeaks+EquipRej+SkinPrio+Omega+OmScale+Kalman+StaticSup,run1 baseline
cap_000397,2026-08-19T19:39:48.605,any,24.90,27.40,1,1,0.0008127274692959145,TempBand+Watershed+Merge+ClustSml+ShapeGate+MinPeaks+EquipRej+SkinPrio+Omega+OmScale+Kalman+StaticSup,run1 baseline
cap_000398,2026-08-19T19:39:48.730,any,24.90,27.40,1,1,0.0008127274692959145,TempBand+Watershed+Merge+ClustSml+ShapeGate+MinPeaks+EquipRej+SkinPrio+Omega+OmScale+Kalman+StaticSup,run1 baseline
cap_000399,2026-08-19T19:39:48.827,any,24.88,27.38,1,0,0.0,TempBand+Watershed+Merge+ClustSml+ShapeGate+MinPeaks+EquipRej+SkinPrio+Omega+OmScale+Kalman+StaticSup,run1 baseline
cap_000400,2026-08-19T19:39:48.956,any,24.88,27.38,1,0,0.0,TempBand+Watershed+Merge+ClustSml+ShapeGate+MinPeaks+EquipRej+SkinPrio+Omega+OmScale+Kalman+StaticSup,run1 baseline
cap_000401,2026-08-19T19:39:49.051,any,24.85,27.35,1,1,0.0014034533797605702,TempBand+Watershed+Merge+ClustSml+ShapeGate+MinPeaks+EquipRej+SkinPrio+Omega+OmScale+Kalman+StaticSup,run1 baseline
cap_000402,2026-08-19T19:39:49.177,any,24.85,27.35,1,1,0.0014031489220048719,TempBand+Watershed+Merge+ClustSml+ShapeGate+MinPeaks+EquipRej+SkinPrio+Omega+OmScale+Kalman+StaticSup,run1 baseline
cap_000403,2026-08-19T19:39:49.274,any,24.83,27.33,1,1,0.0014031489220048719,TempBand+Watershed+Merge+ClustSml+ShapeGate+MinPeaks+EquipRej+SkinPrio+Omega+OmScale+Kalman+StaticSup,run1 baseline
cap_000404,2026-08-19T19:39:49.402,any,24.83,27.33,1,1,0.001403634211650653,TempBand+Watershed+Merge+ClustSml+ShapeGate+MinPeaks+EquipRej+SkinPrio+Omega+OmScale+Kalman+StaticSup,run1 baseline
cap_000405,2026-08-19T19:39:49.499,any,24.83,27.33,1,1,0.0014060612210756718,TempBand+Watershed+Merge+ClustSml+ShapeGate+MinPeaks+EquipRej+SkinPrio+Omega+OmScale+Kalman+StaticSup,run1 baseline
cap_000406,2026-08-19T19:39:49.628,any,24.81,27.31,1,1,0.0014063196975869908,TempBand+Watershed+Merge+ClustSml+ShapeGate+MinPeaks+EquipRej+SkinPrio+Omega+OmScale+Kalman+StaticSup,run1 baseline
cap_000407,2026-08-19T19:39:49.753,any,24.81,27.31,1,1,0.001409039325223809,TempBand+Watershed+Merge+ClustSml+ShapeGate+MinPeaks+EquipRej+SkinPrio+Omega+OmScale+Kalman+StaticSup,run1 baseline
cap_000408,2026-08-19T19:39:49.851,any,24.81,27.31,1,1,0.0014073960375653866,TempBand+Watershed+Merge+ClustSml+ShapeGate+MinPeaks+EquipRej+SkinPrio+Omega+OmScale+Kalman+StaticSup,run1 baseline
cap_000409,2026-08-19T19:39:49.978,any,24.78,27.28,1,1,0.0008282787494276039,TempBand+Watershed+Merge+ClustSml+ShapeGate+MinPeaks+EquipRej+SkinPrio+Omega+OmScale+Kalman+StaticSup,run1 baseline
cap_000410,2026-08-19T19:39:50.077,any,24.74,27.24,1,1,0.0008293974832520964,TempBand+Watershed+Merge+ClustSml+ShapeGate+MinPeaks+EquipRej+SkinPrio+Omega+OmScale+Kalman+StaticSup,run1 baseline
cap_000411,2026-08-19T19:39:50.202,any,24.74,27.24,1,1,0.0008372967233871043,TempBand+Watershed+Merge+ClustSml+ShapeGate+MinPeaks+EquipRej+SkinPrio+Omega+OmScale+Kalman+StaticSup,run1 baseline
cap_000412,2026-08-19T19:39:50.300,any,24.72,27.22,1,1,0.0008229112332721062,TempBand+Watershed+Merge+ClustSml+ShapeGate+MinPeaks+EquipRej+SkinPrio+Omega+OmScale+Kalman+StaticSup,run1 baseline
cap_000413,2026-08-19T19:39:50.427,any,24.69,27.19,1,1,0.0008230568155783498,TempBand+Watershed+Merge+ClustSml+ShapeGate+MinPeaks+EquipRej+SkinPrio+Omega+OmScale+Kalman+StaticSup,run1 baseline
cap_000414,2026-08-19T19:39:50.554,any,24.74,27.24,1,0,0.0,TempBand+Watershed+Merge+ClustSml+ShapeGate+MinPeaks+EquipRej+SkinPrio+Omega+OmScale+Kalman+StaticSup,run1 baseline
cap_000415,2026-08-19T19:39:50.653,any,24.81,27.31,1,0,0.0,TempBand+Watershed+Merge+ClustSml+ShapeGate+MinPeaks+EquipRej+SkinPrio+Omega+OmScale+Kalman+StaticSup,run1 baseline
cap_000416,2026-08-19T19:39:50.781,any,24.78,27.28,1,0,0.0,TempBand+Watershed+Merge+ClustSml+ShapeGate+MinPeaks+EquipRej+SkinPrio+Omega+OmScale+Kalman+StaticSup,run1 baseline
cap_000417,2026-08-19T19:39:50.875,any,24.78,27.28,1,0,0.0,TempBand+Watershed+Merge+ClustSml+ShapeGate+MinPeaks+EquipRej+SkinPrio+Omega+OmScale+Kalman+StaticSup,run1 baseline
cap_000418,2026-08-19T19:39:51.002,any,24.76,27.26,1,1,0.0008033042476565678,TempBand+Watershed+Merge+ClustSml+ShapeGate+MinPeaks+EquipRej+SkinPrio+Omega+OmScale+Kalman+StaticSup,run1 baseline
cap_000419,2026-08-19T19:39:51.104,any,24.67,27.17,1,1,0.0008176214839755252,TempBand+Watershed+Merge+ClustSml+ShapeGate+MinPeaks+EquipRej+SkinPrio+Omega+OmScale+Kalman+StaticSup,run1 baseline
cap_000420,2026-08-19T19:39:51.228,any,24.72,27.22,1,1,0.0008315163153544857,TempBand+Watershed+Merge+ClustSml+ShapeGate+MinPeaks+EquipRej+SkinPrio+Omega+OmScale+Kalman+StaticSup,run1 baseline
cap_000421,2026-08-19T19:39:51.325,any,24.74,27.24,1,1,0.0008662246375629068,TempBand+Watershed+Merge+ClustSml+ShapeGate+MinPeaks+EquipRej+SkinPrio+Omega+OmScale+Kalman+StaticSup,run1 baseline
cap_000422,2026-08-19T19:39:51.450,any,24.74,27.24,1,1,0.002321315998924724,TempBand+Watershed+Merge+ClustSml+ShapeGate+MinPeaks+EquipRej+SkinPrio+Omega+OmScale+Kalman+StaticSup,run1 baseline
cap_000423,2026-08-19T19:39:51.579,any,24.76,27.26,1,1,0.000861644502837096,TempBand+Watershed+Merge+ClustSml+ShapeGate+MinPeaks+EquipRej+SkinPrio+Omega+OmScale+Kalman+StaticSup,run1 baseline
cap_000424,2026-08-19T19:39:51.678,any,24.78,27.28,1,2,0.00384781511868425,TempBand+Watershed+Merge+ClustSml+ShapeGate+MinPeaks+EquipRej+SkinPrio+Omega+OmScale+Kalman+StaticSup,run1 baseline
cap_000425,2026-08-19T19:39:51.801,any,24.76,27.26,1,1,0.0005770149231836954,TempBand+Watershed+Merge+ClustSml+ShapeGate+MinPeaks+EquipRej+SkinPrio+Omega+OmScale+Kalman+StaticSup,run1 baseline
cap_000426,2026-08-19T19:39:51.901,any,24.74,27.24,1,1,0.0009461636902351374,TempBand+Watershed+Merge+ClustSml+ShapeGate+MinPeaks+EquipRej+SkinPrio+Omega+OmScale+Kalman+StaticSup,run1 baseline
cap_000427,2026-08-19T19:39:52.028,any,24.72,27.22,1,0,0.0,TempBand+Watershed+Merge+ClustSml+ShapeGate+MinPeaks+EquipRej+SkinPrio+Omega+OmScale+Kalman+StaticSup,run1 baseline
cap_000428,2026-08-19T19:39:52.121,any,24.72,27.22,1,0,0.0,TempBand+Watershed+Merge+ClustSml+ShapeGate+MinPeaks+EquipRej+SkinPrio+Omega+OmScale+Kalman+StaticSup,run1 baseline
cap_000429,2026-08-19T19:39:52.253,any,24.69,27.19,1,0,0.0,TempBand+Watershed+Merge+ClustSml+ShapeGate+MinPeaks+EquipRej+SkinPrio+Omega+OmScale+Kalman+StaticSup,run1 baseline
cap_000430,2026-08-19T19:39:52.348,any,24.65,27.15,1,1,0.0012784841967032696,TempBand+Watershed+Merge+ClustSml+ShapeGate+MinPeaks+EquipRej+SkinPrio+Omega+OmScale+Kalman+StaticSup,run1 baseline
cap_000431,2026-08-19T19:39:52.476,any,24.62,27.12,1,1,0.0012787170118513538,TempBand+Watershed+Merge+ClustSml+ShapeGate+MinPeaks+EquipRej+SkinPrio+Omega+OmScale+Kalman+StaticSup,run1 baseline
cap_000432,2026-08-19T19:39:52.600,any,24.62,27.12,1,1,0.0012785700774284468,TempBand+Watershed+Merge+ClustSml+ShapeGate+MinPeaks+EquipRej+SkinPrio+Omega+OmScale+Kalman+StaticSup,run1 baseline
cap_000433,2026-08-19T19:39:52.698,any,24.62,27.12,1,0,0.0,TempBand+Watershed+Merge+ClustSml+ShapeGate+MinPeaks+EquipRej+SkinPrio+Omega+OmScale+Kalman+StaticSup,run1 baseline
cap_000434,2026-08-19T19:39:52.830,any,24.60,27.10,1,0,0.0,TempBand+Watershed+Merge+ClustSml+ShapeGate+MinPeaks+EquipRej+SkinPrio+Omega+OmScale+Kalman+StaticSup,run1 baseline
cap_000435,2026-08-19T19:39:52.926,any,24.58,27.08,1,0,0.0,TempBand+Watershed+Merge+ClustSml+ShapeGate+MinPeaks+EquipRej+SkinPrio+Omega+OmScale+Kalman+StaticSup,run1 baseline
cap_000436,2026-08-19T19:39:53.055,any,24.58,27.08,2,0,0.0,TempBand+Watershed+Merge+ClustSml+ShapeGate+MinPeaks+EquipRej+SkinPrio+Omega+OmScale+Kalman+StaticSup,run1 baseline
cap_000437,2026-08-19T19:39:53.149,any,24.58,27.08,2,0,0.0,TempBand+Watershed+Merge+ClustSml+ShapeGate+MinPeaks+EquipRej+SkinPrio+Omega+OmScale+Kalman+StaticSup,run1 baseline
cap_000438,2026-08-19T19:39:53.274,any,24.58,27.08,1,0,0.0,TempBand+Watershed+Merge+ClustSml+ShapeGate+MinPeaks+EquipRej+SkinPrio+Omega+OmScale+Kalman+StaticSup,run1 baseline
cap_000439,2026-08-19T19:39:53.402,any,24.58,27.08,1,0,0.0,TempBand+Watershed+Merge+ClustSml+ShapeGate+MinPeaks+EquipRej+SkinPrio+Omega+OmScale+Kalman+StaticSup,run1 baseline
cap_000440,2026-08-19T19:39:53.499,any,24.60,27.10,1,0,0.0,TempBand+Watershed+Merge+ClustSml+ShapeGate+MinPeaks+EquipRej+SkinPrio+Omega+OmScale+Kalman+StaticSup,run1 baseline
cap_000441,2026-08-19T19:39:53.628,any,24.58,27.08,2,0,0.0,TempBand+Watershed+Merge+ClustSml+ShapeGate+MinPeaks+EquipRej+SkinPrio+Omega+OmScale+Kalman+StaticSup,run1 baseline
cap_000442,2026-08-19T19:39:53.725,any,24.60,27.10,2,0,0.0,TempBand+Watershed+Merge+ClustSml+ShapeGate+MinPeaks+EquipRej+SkinPrio+Omega+OmScale+Kalman+StaticSup,run1 baseline
cap_000443,2026-08-19T19:39:53.849,any,24.60,27.10,1,0,0.0,TempBand+Watershed+Merge+ClustSml+ShapeGate+MinPeaks+EquipRej+SkinPrio+Omega+OmScale+Kalman+StaticSup,run1 baseline
cap_000444,2026-08-19T19:39:53.947,any,24.58,27.08,1,0,0.0,TempBand+Watershed+Merge+ClustSml+ShapeGate+MinPeaks+EquipRej+SkinPrio+Omega+OmScale+Kalman+StaticSup,run1 baseline
cap_000445,2026-08-19T19:39:54.073,any,24.58,27.08,1,0,0.0,TempBand+Watershed+Merge+ClustSml+ShapeGate+MinPeaks+EquipRej+SkinPrio+Omega+OmScale+Kalman+StaticSup,run1 baseline
cap_000446,2026-08-19T19:39:54.170,any,24.58,27.08,1,0,0.0,TempBand+Watershed+Merge+ClustSml+ShapeGate+MinPeaks+EquipRej+SkinPrio+Omega+OmScale+Kalman+StaticSup,run1 baseline
cap_000447,2026-08-19T19:39:54.300,any,24.58,27.08,1,0,0.0,TempBand+Watershed+Merge+ClustSml+ShapeGate+MinPeaks+EquipRej+SkinPrio+Omega+OmScale+Kalman+StaticSup,run1 baseline
cap_000448,2026-08-19T19:39:54.427,any,24.58,27.08,1,0,0.0,TempBand+Watershed+Merge+ClustSml+ShapeGate+MinPeaks+EquipRej+SkinPrio+Omega+OmScale+Kalman+StaticSup,run1 baseline
cap_000449,2026-08-19T19:39:54.522,any,24.55,27.05,1,0,0.0,TempBand+Watershed+Merge+ClustSml+ShapeGate+MinPeaks+EquipRej+SkinPrio+Omega+OmScale+Kalman+StaticSup,run1 baseline
cap_000450,2026-08-19T19:39:54.654,any,24.55,27.05,1,0,0.0,TempBand+Watershed+Merge+ClustSml+ShapeGate+MinPeaks+EquipRej+SkinPrio+Omega+OmScale+Kalman+StaticSup,run1 baseline
cap_000451,2026-08-19T19:39:54.748,any,24.53,27.03,1,0,0.0,TempBand+Watershed+Merge+ClustSml+ShapeGate+MinPeaks+EquipRej+SkinPrio+Omega+OmScale+Kalman+StaticSup,run1 baseline
cap_000452,2026-08-19T19:39:54.877,any,24.55,27.05,1,1,0.00044688403456316525,TempBand+Watershed+Merge+ClustSml+ShapeGate+MinPeaks+EquipRej+SkinPrio+Omega+OmScale+Kalman+StaticSup,run1 baseline
cap_000453,2026-08-19T19:39:54.972,any,24.55,27.05,0,0,0.0,TempBand+Watershed+Merge+ClustSml+ShapeGate+MinPeaks+EquipRej+SkinPrio+Omega+OmScale+Kalman+StaticSup,run1 baseline
cap_000454,2026-08-19T19:39:55.101,any,24.55,27.05,1,2,0.007325687728820615,TempBand+Watershed+Merge+ClustSml+ShapeGate+MinPeaks+EquipRej+SkinPrio+Omega+OmScale+Kalman+StaticSup,run1 baseline
cap_000455,2026-08-19T19:39:55.227,any,24.53,27.03,1,2,0.0023958692115634826,TempBand+Watershed+Merge+ClustSml+ShapeGate+MinPeaks+EquipRej+SkinPrio+Omega+OmScale+Kalman+StaticSup,run1 baseline
cap_000456,2026-08-19T19:39:55.322,any,24.53,27.03,1,1,0.011492926555818586,TempBand+Watershed+Merge+ClustSml+ShapeGate+MinPeaks+EquipRej+SkinPrio+Omega+OmScale+Kalman+StaticSup,run1 baseline
cap_000457,2026-08-19T19:39:55.450,any,24.55,27.05,1,1,0.017131656793349555,TempBand+Watershed+Merge+ClustSml+ShapeGate+MinPeaks+EquipRej+SkinPrio+Omega+OmScale+Kalman+StaticSup,run1 baseline
cap_000458,2026-08-19T19:39:55.548,any,24.58,27.08,1,1,0.01608157666081813,TempBand+Watershed+Merge+ClustSml+ShapeGate+MinPeaks+EquipRej+SkinPrio+Omega+OmScale+Kalman+StaticSup,run1 baseline
cap_000459,2026-08-19T19:39:55.673,any,24.55,27.05,1,1,0.021037651119858215,TempBand+Watershed+Merge+ClustSml+ShapeGate+MinPeaks+EquipRej+SkinPrio+Omega+OmScale+Kalman+StaticSup,run1 baseline
cap_000460,2026-08-19T19:39:55.770,any,24.55,27.05,1,1,0.018053119496747518,TempBand+Watershed+Merge+ClustSml+ShapeGate+MinPeaks+EquipRej+SkinPrio+Omega+OmScale+Kalman+StaticSup,run1 baseline
cap_000461,2026-08-19T19:39:55.900,any,24.55,27.05,1,1,0.00214050246709644,TempBand+Watershed+Merge+ClustSml+ShapeGate+MinPeaks+EquipRej+SkinPrio+Omega+OmScale+Kalman+StaticSup,run1 baseline
cap_000462,2026-08-19T19:39:55.994,any,24.55,27.05,1,1,0.0011474609269299279,TempBand+Watershed+Merge+ClustSml+ShapeGate+MinPeaks+EquipRej+SkinPrio+Omega+OmScale+Kalman+StaticSup,run1 baseline
cap_000463,2026-08-19T19:39:56.123,any,24.55,27.05,1,1,0.002080823298286937,TempBand+Watershed+Merge+ClustSml+ShapeGate+MinPeaks+EquipRej+SkinPrio+Omega+OmScale+Kalman+StaticSup,run1 baseline
cap_000464,2026-08-19T19:39:56.248,any,24.53,27.03,1,1,0.0011411969097321016,TempBand+Watershed+Merge+ClustSml+ShapeGate+MinPeaks+EquipRej+SkinPrio+Omega+OmScale+Kalman+StaticSup,run1 baseline
cap_000465,2026-08-19T19:39:56.343,any,24.53,27.03,1,1,0.002378966767102596,TempBand+Watershed+Merge+ClustSml+ShapeGate+MinPeaks+EquipRej+SkinPrio+Omega+OmScale+Kalman+StaticSup,run1 baseline
cap_000466,2026-08-19T19:39:56.477,any,24.53,27.03,1,1,0.0007986233122761567,TempBand+Watershed+Merge+ClustSml+ShapeGate+MinPeaks+EquipRej+SkinPrio+Omega+OmScale+Kalman+StaticSup,run1 baseline
cap_000467,2026-08-19T19:39:56.572,any,24.53,27.03,1,1,0.00018890568967249742,TempBand+Watershed+Merge+ClustSml+ShapeGate+MinPeaks+EquipRej+SkinPrio+Omega+OmScale+Kalman+StaticSup,run1 baseline
cap_000468,2026-08-19T19:39:56.701,any,24.53,27.03,1,0,0.0,TempBand+Watershed+Merge+ClustSml+ShapeGate+MinPeaks+EquipRej+SkinPrio+Omega+OmScale+Kalman+StaticSup,run1 baseline
cap_000469,2026-08-19T19:39:56.794,any,24.51,27.01,1,0,0.0,TempBand+Watershed+Merge+ClustSml+ShapeGate+MinPeaks+EquipRej+SkinPrio+Omega+OmScale+Kalman+StaticSup,run1 baseline
cap_000470,2026-08-19T19:39:56.922,any,24.51,27.01,1,0,0.0,TempBand+Watershed+Merge+ClustSml+ShapeGate+MinPeaks+EquipRej+SkinPrio+Omega+OmScale+Kalman+StaticSup,run1 baseline
cap_000471,2026-08-19T19:39:57.020,any,24.48,26.98,1,0,0.0,TempBand+Watershed+Merge+ClustSml+ShapeGate+MinPeaks+EquipRej+SkinPrio+Omega+OmScale+Kalman+StaticSup,run1 baseline
cap_000472,2026-08-19T19:39:57.145,any,24.48,26.98,1,0,0.0,TempBand+Watershed+Merge+ClustSml+ShapeGate+MinPeaks+EquipRej+SkinPrio+Omega+OmScale+Kalman+StaticSup,run1 baseline
cap_000473,2026-08-19T19:39:57.275,any,24.46,26.96,1,0,0.0,TempBand+Watershed+Merge+ClustSml+ShapeGate+MinPeaks+EquipRej+SkinPrio+Omega+OmScale+Kalman+StaticSup,run1 baseline
cap_000474,2026-08-19T19:39:57.371,any,24.46,26.96,1,0,0.0,TempBand+Watershed+Merge+ClustSml+ShapeGate+MinPeaks+EquipRej+SkinPrio+Omega+OmScale+Kalman+StaticSup,run1 baseline
cap_000475,2026-08-19T19:39:57.500,any,24.46,26.96,1,0,0.0,TempBand+Watershed+Merge+ClustSml+ShapeGate+MinPeaks+EquipRej+SkinPrio+Omega+OmScale+Kalman+StaticSup,run1 baseline
cap_000476,2026-08-19T19:39:57.594,any,24.44,26.94,1,0,0.0,TempBand+Watershed+Merge+ClustSml+ShapeGate+MinPeaks+EquipRej+SkinPrio+Omega+OmScale+Kalman+StaticSup,run1 baseline
cap_000477,2026-08-19T19:39:57.724,any,24.39,26.89,1,0,0.0,TempBand+Watershed+Merge+ClustSml+ShapeGate+MinPeaks+EquipRej+SkinPrio+Omega+OmScale+Kalman+StaticSup,run1 baseline
cap_000478,2026-08-19T19:39:57.818,any,24.37,26.87,1,1,0.013404413346917485,TempBand+Watershed+Merge+ClustSml+ShapeGate+MinPeaks+EquipRej+SkinPrio+Omega+OmScale+Kalman+StaticSup,run1 baseline
cap_000479,2026-08-19T19:39:57.947,any,24.35,26.85,1,1,0.1396438233213411,TempBand+Watershed+Merge+ClustSml+ShapeGate+MinPeaks+EquipRej+SkinPrio+Omega+OmScale+Kalman+StaticSup,run1 baseline
cap_000480,2026-08-19T19:39:58.071,any,24.32,26.82,1,1,0.26034122090730805,TempBand+Watershed+Merge+ClustSml+ShapeGate+MinPeaks+EquipRej+SkinPrio+Omega+OmScale+Kalman+StaticSup,run1 baseline
cap_000481,2026-08-19T19:39:58.170,any,24.32,26.82,1,1,0.18903701865775047,TempBand+Watershed+Merge+ClustSml+ShapeGate+MinPeaks+EquipRej+SkinPrio+Omega+OmScale+Kalman+StaticSup,run1 baseline
cap_000482,2026-08-19T19:39:58.299,any,24.30,26.80,1,1,0.24528177902805626,TempBand+Watershed+Merge+ClustSml+ShapeGate+MinPeaks+EquipRej+SkinPrio+Omega+OmScale+Kalman+StaticSup,run1 baseline
cap_000483,2026-08-19T19:39:58.392,any,24.30,26.80,1,1,0.21139912831692698,TempBand+Watershed+Merge+ClustSml+ShapeGate+MinPeaks+EquipRej+SkinPrio+Omega+OmScale+Kalman+StaticSup,run1 baseline
cap_000484,2026-08-19T19:39:58.519,any,24.30,26.80,1,1,0.29732435275933944,TempBand+Watershed+Merge+ClustSml+ShapeGate+MinPeaks+EquipRej+SkinPrio+Omega+OmScale+Kalman+StaticSup,run1 baseline
cap_000485,2026-08-19T19:39:58.618,any,24.30,26.80,1,1,0.17787638537754236,TempBand+Watershed+Merge+ClustSml+ShapeGate+MinPeaks+EquipRej+SkinPrio+Omega+OmScale+Kalman+StaticSup,run1 baseline
cap_000486,2026-08-19T19:39:58.745,any,24.30,26.80,1,2,0.22724377523985193,TempBand+Watershed+Merge+ClustSml+ShapeGate+MinPeaks+EquipRej+SkinPrio+Omega+OmScale+Kalman+StaticSup,run1 baseline
cap_000487,2026-08-19T19:39:58.844,any,24.30,26.80,1,2,0.17045927295566712,TempBand+Watershed+Merge+ClustSml+ShapeGate+MinPeaks+EquipRej+SkinPrio+Omega+OmScale+Kalman+StaticSup,run1 baseline
cap_000488,2026-08-19T19:39:58.970,any,24.28,26.78,1,1,0.30195149604618504,TempBand+Watershed+Merge+ClustSml+ShapeGate+MinPeaks+EquipRej+SkinPrio+Omega+OmScale+Kalman+StaticSup,run1 baseline
cap_000489,2026-08-19T19:39:59.097,any,24.25,26.75,1,1,0.06822509759359344,TempBand+Watershed+Merge+ClustSml+ShapeGate+MinPeaks+EquipRej+SkinPrio+Omega+OmScale+Kalman+StaticSup,run1 baseline
cap_000490,2026-08-19T19:39:59.195,any,24.25,26.75,1,1,0.08625110374466595,TempBand+Watershed+Merge+ClustSml+ShapeGate+MinPeaks+EquipRej+SkinPrio+Omega+OmScale+Kalman+StaticSup,run1 baseline
cap_000491,2026-08-19T19:39:59.320,any,24.25,26.75,1,1,0.24304263261419815,TempBand+Watershed+Merge+ClustSml+ShapeGate+MinPeaks+EquipRej+SkinPrio+Omega+OmScale+Kalman+StaticSup,run1 baseline
cap_000492,2026-08-19T19:39:59.419,any,24.25,26.75,1,1,0.0527105600140604,TempBand+Watershed+Merge+ClustSml+ShapeGate+MinPeaks+EquipRej+SkinPrio+Omega+OmScale+Kalman+StaticSup,run1 baseline
cap_000493,2026-08-19T19:39:59.548,any,24.23,26.73,1,1,0.052461347937591885,TempBand+Watershed+Merge+ClustSml+ShapeGate+MinPeaks+EquipRej+SkinPrio+Omega+OmScale+Kalman+StaticSup,run1 baseline
cap_000494,2026-08-19T19:39:59.643,any,24.23,26.73,1,1,0.24661677596903497,TempBand+Watershed+Merge+ClustSml+ShapeGate+MinPeaks+EquipRej+SkinPrio+Omega+OmScale+Kalman+StaticSup,run1 baseline
cap_000495,2026-08-19T19:39:59.770,any,24.23,26.73,1,2,0.1338443743868509,TempBand+Watershed+Merge+ClustSml+ShapeGate+MinPeaks+EquipRej+SkinPrio+Omega+OmScale+Kalman+StaticSup,run1 baseline
cap_000496,2026-08-19T19:39:59.896,any,24.21,26.71,1,1,0.1074112524669511,TempBand+Watershed+Merge+ClustSml+ShapeGate+MinPeaks+EquipRej+SkinPrio+Omega+OmScale+Kalman+StaticSup,run1 baseline
cap_000497,2026-08-19T19:39:59.995,any,24.21,26.71,1,1,0.06464380800933892,TempBand+Watershed+Merge+ClustSml+ShapeGate+MinPeaks+EquipRej+SkinPrio+Omega+OmScale+Kalman+StaticSup,run1 baseline
cap_000498,2026-08-19T19:40:00.124,any,24.21,26.71,1,1,0.056904042863726995,TempBand+Watershed+Merge+ClustSml+ShapeGate+MinPeaks+EquipRej+SkinPrio+Omega+OmScale+Kalman+StaticSup,run1 baseline
cap_000499,2026-08-19T19:40:00.219,any,24.21,26.71,1,1,0.05471591617499531,TempBand+Watershed+Merge+ClustSml+ShapeGate+MinPeaks+EquipRej+SkinPrio+Omega+OmScale+Kalman+StaticSup,run1 baseline
cap_000500,2026-08-19T19:40:00.346,any,24.23,26.73,1,1,0.03030291270727146,TempBand+Watershed+Merge+ClustSml+ShapeGate+MinPeaks+EquipRej+SkinPrio+Omega+OmScale+Kalman+StaticSup,run1 baseline
cap_000501,2026-08-19T19:40:00.442,any,24.23,26.73,1,1,0.040255288225117536,TempBand+Watershed+Merge+ClustSml+ShapeGate+MinPeaks+EquipRej+SkinPrio+Omega+OmScale+Kalman+StaticSup,run1 baseline
cap_000502,2026-08-19T19:40:00.569,any,24.23,26.73,1,1,0.05475704964528215,TempBand+Watershed+Merge+ClustSml+ShapeGate+MinPeaks+EquipRej+SkinPrio+Omega+OmScale+Kalman+StaticSup,run1 baseline
cap_000503,2026-08-19T19:40:00.669,any,24.23,26.73,1,2,0.0542458471479617,TempBand+Watershed+Merge+ClustSml+ShapeGate+MinPeaks+EquipRej+SkinPrio+Omega+OmScale+Kalman+StaticSup,run1 baseline
cap_000504,2026-08-19T19:40:00.795,any,24.23,26.73,1,1,0.030591503268937982,TempBand+Watershed+Merge+ClustSml+ShapeGate+MinPeaks+EquipRej+SkinPrio+Omega+OmScale+Kalman+StaticSup,run1 baseline
cap_000505,2026-08-19T19:40:00.924,any,24.23,26.73,1,0,0.0,TempBand+Watershed+Merge+ClustSml+ShapeGate+MinPeaks+EquipRej+SkinPrio+Omega+OmScale+Kalman+StaticSup,run1 baseline
cap_000506,2026-08-19T19:40:01.018,any,24.25,26.75,1,1,0.0008874082159031181,TempBand+Watershed+Merge+ClustSml+ShapeGate+MinPeaks+EquipRej+SkinPrio+Omega+OmScale+Kalman+StaticSup,run1 baseline
cap_000507,2026-08-19T19:40:01.144,any,24.25,26.75,1,0,0.0,TempBand+Watershed+Merge+ClustSml+ShapeGate+MinPeaks+EquipRej+SkinPrio+Omega+OmScale+Kalman+StaticSup,run1 baseline
cap_000508,2026-08-19T19:40:01.243,any,24.23,26.73,1,0,0.0,TempBand+Watershed+Merge+ClustSml+ShapeGate+MinPeaks+EquipRej+SkinPrio+Omega+OmScale+Kalman+StaticSup,run1 baseline
cap_000509,2026-08-19T19:40:01.373,any,24.23,26.73,1,0,0.0,TempBand+Watershed+Merge+ClustSml+ShapeGate+MinPeaks+EquipRej+SkinPrio+Omega+OmScale+Kalman+StaticSup,run1 baseline
cap_000510,2026-08-19T19:40:01.464,any,24.23,26.73,1,0,0.0,TempBand+Watershed+Merge+ClustSml+ShapeGate+MinPeaks+EquipRej+SkinPrio+Omega+OmScale+Kalman+StaticSup,run1 baseline
cap_000511,2026-08-19T19:40:01.594,any,24.23,26.73,1,0,0.0,TempBand+Watershed+Merge+ClustSml+ShapeGate+MinPeaks+EquipRej+SkinPrio+Omega+OmScale+Kalman+StaticSup,run1 baseline
cap_000512,2026-08-19T19:40:01.720,any,24.23,26.73,1,0,0.0,TempBand+Watershed+Merge+ClustSml+ShapeGate+MinPeaks+EquipRej+SkinPrio+Omega+OmScale+Kalman+StaticSup,run1 baseline
cap_000513,2026-08-19T19:40:01.817,any,24.23,26.73,1,0,0.0,TempBand+Watershed+Merge+ClustSml+ShapeGate+MinPeaks+EquipRej+SkinPrio+Omega+OmScale+Kalman+StaticSup,run1 baseline
cap_000514,2026-08-19T19:40:01.946,any,24.23,26.73,1,0,0.0,TempBand+Watershed+Merge+ClustSml+ShapeGate+MinPeaks+EquipRej+SkinPrio+Omega+OmScale+Kalman+StaticSup,run1 baseline
cap_000515,2026-08-19T19:40:02.042,any,24.23,26.73,1,0,0.0,TempBand+Watershed+Merge+ClustSml+ShapeGate+MinPeaks+EquipRej+SkinPrio+Omega+OmScale+Kalman+StaticSup,run1 baseline
cap_000516,2026-08-19T19:40:02.171,any,24.23,26.73,1,0,0.0,TempBand+Watershed+Merge+ClustSml+ShapeGate+MinPeaks+EquipRej+SkinPrio+Omega+OmScale+Kalman+StaticSup,run1 baseline
cap_000517,2026-08-19T19:40:02.264,any,24.23,26.73,1,0,0.0,TempBand+Watershed+Merge+ClustSml+ShapeGate+MinPeaks+EquipRej+SkinPrio+Omega+OmScale+Kalman+StaticSup,run1 baseline
cap_000518,2026-08-19T19:40:02.392,any,24.21,26.71,1,1,0.005651655175095752,TempBand+Watershed+Merge+ClustSml+ShapeGate+MinPeaks+EquipRej+SkinPrio+Omega+OmScale+Kalman+StaticSup,run1 baseline
cap_000519,2026-08-19T19:40:02.492,any,24.23,26.73,1,0,0.0,TempBand+Watershed+Merge+ClustSml+ShapeGate+MinPeaks+EquipRej+SkinPrio+Omega+OmScale+Kalman+StaticSup,run1 baseline
cap_000520,2026-08-19T19:40:02.618,any,24.25,26.75,1,0,0.0,TempBand+Watershed+Merge+ClustSml+ShapeGate+MinPeaks+EquipRej+SkinPrio+Omega+OmScale+Kalman+StaticSup,run1 baseline
cap_000521,2026-08-19T19:40:02.744,any,24.23,26.73,1,0,0.0,TempBand+Watershed+Merge+ClustSml+ShapeGate+MinPeaks+EquipRej+SkinPrio+Omega+OmScale+Kalman+StaticSup,run1 baseline
cap_000522,2026-08-19T19:40:02.842,any,24.23,26.73,1,0,0.0,TempBand+Watershed+Merge+ClustSml+ShapeGate+MinPeaks+EquipRej+SkinPrio+Omega+OmScale+Kalman+StaticSup,run1 baseline
cap_000523,2026-08-19T19:40:02.971,any,24.21,26.71,1,0,0.0,TempBand+Watershed+Merge+ClustSml+ShapeGate+MinPeaks+EquipRej+SkinPrio+Omega+OmScale+Kalman+StaticSup,run1 baseline
cap_000524,2026-08-19T19:40:03.067,any,24.16,26.66,1,0,0.0,TempBand+Watershed+Merge+ClustSml+ShapeGate+MinPeaks+EquipRej+SkinPrio+Omega+OmScale+Kalman+StaticSup,run1 baseline
cap_000525,2026-08-19T19:40:03.194,any,24.16,26.66,1,0,0.0,TempBand+Watershed+Merge+ClustSml+ShapeGate+MinPeaks+EquipRej+SkinPrio+Omega+OmScale+Kalman+StaticSup,run1 baseline
cap_000526,2026-08-19T19:40:03.292,any,24.14,26.64,1,0,0.0,TempBand+Watershed+Merge+ClustSml+ShapeGate+MinPeaks+EquipRej+SkinPrio+Omega+OmScale+Kalman+StaticSup,run1 baseline
cap_000527,2026-08-19T19:40:03.419,any,24.14,26.64,1,0,0.0,TempBand+Watershed+Merge+ClustSml+ShapeGate+MinPeaks+EquipRej+SkinPrio+Omega+OmScale+Kalman+StaticSup,run1 baseline
cap_000528,2026-08-19T19:40:03.514,any,24.14,26.64,1,0,0.0,TempBand+Watershed+Merge+ClustSml+ShapeGate+MinPeaks+EquipRej+SkinPrio+Omega+OmScale+Kalman+StaticSup,run1 baseline
cap_000529,2026-08-19T19:40:03.643,any,24.16,26.66,1,1,0.9221121885605282,TempBand+Watershed+Merge+ClustSml+ShapeGate+MinPeaks+EquipRej+SkinPrio+Omega+OmScale+Kalman+StaticSup,run1 baseline
cap_000530,2026-08-19T19:40:03.770,any,24.14,26.64,1,1,0.9167499550672156,TempBand+Watershed+Merge+ClustSml+ShapeGate+MinPeaks+EquipRej+SkinPrio+Omega+OmScale+Kalman+StaticSup,run1 baseline
cap_000531,2026-08-19T19:40:03.866,any,24.14,26.64,1,1,0.9291701699294297,TempBand+Watershed+Merge+ClustSml+ShapeGate+MinPeaks+EquipRej+SkinPrio+Omega+OmScale+Kalman+StaticSup,run1 baseline
cap_000532,2026-08-19T19:40:03.995,any,24.14,26.64,1,1,0.9219783388586581,TempBand+Watershed+Merge+ClustSml+ShapeGate+MinPeaks+EquipRej+SkinPrio+Omega+OmScale+Kalman+StaticSup,run1 baseline
cap_000533,2026-08-19T19:40:04.092,any,24.14,26.64,1,1,0.8945132820585493,TempBand+Watershed+Merge+ClustSml+ShapeGate+MinPeaks+EquipRej+SkinPrio+Omega+OmScale+Kalman+StaticSup,run1 baseline
cap_000534,2026-08-19T19:40:04.218,any,24.14,26.64,1,1,0.9429781498544676,TempBand+Watershed+Merge+ClustSml+ShapeGate+MinPeaks+EquipRej+SkinPrio+Omega+OmScale+Kalman+StaticSup,run1 baseline
cap_000535,2026-08-19T19:40:04.316,any,24.14,26.64,1,1,0.9454453438415135,TempBand+Watershed+Merge+ClustSml+ShapeGate+MinPeaks+EquipRej+SkinPrio+Omega+OmScale+Kalman+StaticSup,run1 baseline
cap_000536,2026-08-19T19:40:04.443,any,24.14,26.64,1,1,0.9460961848139298,TempBand+Watershed+Merge+ClustSml+ShapeGate+MinPeaks+EquipRej+SkinPrio+Omega+OmScale+Kalman+StaticSup,run1 baseline
cap_000537,2026-08-19T19:40:04.570,any,24.18,26.68,1,1,0.0008400939197274169,TempBand+Watershed+Merge+ClustSml+ShapeGate+MinPeaks+EquipRej+SkinPrio+Omega+OmScale+Kalman+StaticSup,run1 baseline
cap_000538,2026-08-19T19:40:04.666,any,24.18,26.68,1,1,0.0030777706254062173,TempBand+Watershed+Merge+ClustSml+ShapeGate+MinPeaks+EquipRej+SkinPrio+Omega+OmScale+Kalman+StaticSup,run1 baseline
cap_000539,2026-08-19T19:40:04.795,any,24.21,26.71,1,0,0.0,TempBand+Watershed+Merge+ClustSml+ShapeGate+MinPeaks+EquipRej+SkinPrio+Omega+OmScale+Kalman+StaticSup,run1 baseline
cap_000540,2026-08-19T19:40:04.891,any,24.21,26.71,1,0,0.0,TempBand+Watershed+Merge+ClustSml+ShapeGate+MinPeaks+EquipRej+SkinPrio+Omega+OmScale+Kalman+StaticSup,run1 baseline
cap_000541,2026-08-19T19:40:05.017,any,24.21,26.71,1,0,0.0,TempBand+Watershed+Merge+ClustSml+ShapeGate+MinPeaks+EquipRej+SkinPrio+Omega+OmScale+Kalman+StaticSup,run1 baseline
cap_000542,2026-08-19T19:40:05.116,any,24.21,26.71,1,0,0.0,TempBand+Watershed+Merge+ClustSml+ShapeGate+MinPeaks+EquipRej+SkinPrio+Omega+OmScale+Kalman+StaticSup,run1 baseline
cap_000543,2026-08-19T19:40:05.242,any,24.21,26.71,1,0,0.0,TempBand+Watershed+Merge+ClustSml+ShapeGate+MinPeaks+EquipRej+SkinPrio+Omega+OmScale+Kalman+StaticSup,run1 baseline
cap_000544,2026-08-19T19:40:05.337,any,24.18,26.68,1,0,0.0,TempBand+Watershed+Merge+ClustSml+ShapeGate+MinPeaks+EquipRej+SkinPrio+Omega+OmScale+Kalman+StaticSup,run1 baseline
cap_000545,2026-08-19T19:40:05.466,any,24.18,26.68,1,0,0.0,TempBand+Watershed+Merge+ClustSml+ShapeGate+MinPeaks+EquipRej+SkinPrio+Omega+OmScale+Kalman+StaticSup,run1 baseline
cap_000546,2026-08-19T19:40:05.595,any,24.16,26.66,1,1,0.8946581048413207,TempBand+Watershed+Merge+ClustSml+ShapeGate+MinPeaks+EquipRej+SkinPrio+Omega+OmScale+Kalman+StaticSup,run1 baseline
cap_000547,2026-08-19T19:40:05.691,any,24.14,26.64,1,2,0.9029351177125866,TempBand+Watershed+Merge+ClustSml+ShapeGate+MinPeaks+EquipRej+SkinPrio+Omega+OmScale+Kalman+StaticSup,run1 baseline
cap_000548,2026-08-19T19:40:05.818,any,24.09,26.59,1,1,0.0008564379798296422,TempBand+Watershed+Merge+ClustSml+ShapeGate+MinPeaks+EquipRej+SkinPrio+Omega+OmScale+Kalman+StaticSup,run1 baseline
cap_000549,2026-08-19T19:40:05.913,any,24.09,26.59,1,1,0.0008562775921525019,TempBand+Watershed+Merge+ClustSml+ShapeGate+MinPeaks+EquipRej+SkinPrio+Omega+OmScale+Kalman+StaticSup,run1 baseline
cap_000550,2026-08-19T19:40:06.042,any,24.09,26.59,1,1,0.0008578181528112774,TempBand+Watershed+Merge+ClustSml+ShapeGate+MinPeaks+EquipRej+SkinPrio+Omega+OmScale+Kalman+StaticSup,run1 baseline
cap_000551,2026-08-19T19:40:06.141,any,24.09,26.59,1,1,0.00151167967037704,TempBand+Watershed+Merge+ClustSml+ShapeGate+MinPeaks+EquipRej+SkinPrio+Omega+OmScale+Kalman+StaticSup,run1 baseline
cap_000552,2026-08-19T19:40:06.268,any,24.11,26.61,1,0,0.0,TempBand+Watershed+Merge+ClustSml+ShapeGate+MinPeaks+EquipRej+SkinPrio+Omega+OmScale+Kalman+StaticSup,run1 baseline
cap_000553,2026-08-19T19:40:06.394,any,24.11,26.61,1,0,0.0,TempBand+Watershed+Merge+ClustSml+ShapeGate+MinPeaks+EquipRej+SkinPrio+Omega+OmScale+Kalman+StaticSup,run1 baseline
cap_000554,2026-08-19T19:40:06.492,any,24.11,26.61,1,0,0.0,TempBand+Watershed+Merge+ClustSml+ShapeGate+MinPeaks+EquipRej+SkinPrio+Omega+OmScale+Kalman+StaticSup,run1 baseline
cap_000555,2026-08-19T19:40:06.620,any,24.16,26.66,1,0,0.0,TempBand+Watershed+Merge+ClustSml+ShapeGate+MinPeaks+EquipRej+SkinPrio+Omega+OmScale+Kalman+StaticSup,run1 baseline
cap_000556,2026-08-19T19:40:06.716,any,24.16,26.66,1,0,0.0,TempBand+Watershed+Merge+ClustSml+ShapeGate+MinPeaks+EquipRej+SkinPrio+Omega+OmScale+Kalman+StaticSup,run1 baseline
cap_000557,2026-08-19T19:40:06.842,any,24.16,26.66,1,0,0.0,TempBand+Watershed+Merge+ClustSml+ShapeGate+MinPeaks+EquipRej+SkinPrio+Omega+OmScale+Kalman+StaticSup,run1 baseline
cap_000558,2026-08-19T19:40:06.940,any,24.16,26.66,1,0,0.0,TempBand+Watershed+Merge+ClustSml+ShapeGate+MinPeaks+EquipRej+SkinPrio+Omega+OmScale+Kalman+StaticSup,run1 baseline
cap_000559,2026-08-19T19:40:07.064,any,24.16,26.66,1,0,0.0,TempBand+Watershed+Merge+ClustSml+ShapeGate+MinPeaks+EquipRej+SkinPrio+Omega+OmScale+Kalman+StaticSup,run1 baseline
cap_000560,2026-08-19T19:40:07.162,any,24.16,26.66,1,0,0.0,TempBand+Watershed+Merge+ClustSml+ShapeGate+MinPeaks+EquipRej+SkinPrio+Omega+OmScale+Kalman+StaticSup,run1 baseline
cap_000561,2026-08-19T19:40:07.290,any,24.14,26.64,1,0,0.0,TempBand+Watershed+Merge+ClustSml+ShapeGate+MinPeaks+EquipRej+SkinPrio+Omega+OmScale+Kalman+StaticSup,run1 baseline
cap_000562,2026-08-19T19:40:07.417,any,24.14,26.64,1,0,0.0,TempBand+Watershed+Merge+ClustSml+ShapeGate+MinPeaks+EquipRej+SkinPrio+Omega+OmScale+Kalman+StaticSup,run1 baseline
cap_000563,2026-08-19T19:40:07.514,any,24.14,26.64,1,0,0.0,TempBand+Watershed+Merge+ClustSml+ShapeGate+MinPeaks+EquipRej+SkinPrio+Omega+OmScale+Kalman+StaticSup,run1 baseline
cap_000564,2026-08-19T19:40:07.640,any,24.14,26.64,1,0,0.0,TempBand+Watershed+Merge+ClustSml+ShapeGate+MinPeaks+EquipRej+SkinPrio+Omega+OmScale+Kalman+StaticSup,run1 baseline
cap_000565,2026-08-19T19:40:07.740,any,24.14,26.64,1,0,0.0,TempBand+Watershed+Merge+ClustSml+ShapeGate+MinPeaks+EquipRej+SkinPrio+Omega+OmScale+Kalman+StaticSup,run1 baseline
cap_000566,2026-08-19T19:40:07.868,any,24.14,26.64,1,0,0.0,TempBand+Watershed+Merge+ClustSml+ShapeGate+MinPeaks+EquipRej+SkinPrio+Omega+OmScale+Kalman+StaticSup,run1 baseline
cap_000567,2026-08-19T19:40:07.961,any,24.18,26.68,1,1,0.0012807209203569933,TempBand+Watershed+Merge+ClustSml+ShapeGate+MinPeaks+EquipRej+SkinPrio+Omega+OmScale+Kalman+StaticSup,run1 baseline
cap_000568,2026-08-19T19:40:08.091,any,24.18,26.68,1,0,0.0,TempBand+Watershed+Merge+ClustSml+ShapeGate+MinPeaks+EquipRej+SkinPrio+Omega+OmScale+Kalman+StaticSup,run1 baseline
cap_000569,2026-08-19T19:40:08.219,any,24.18,26.68,1,0,0.0,TempBand+Watershed+Merge+ClustSml+ShapeGate+MinPeaks+EquipRej+SkinPrio+Omega+OmScale+Kalman+StaticSup,run1 baseline
cap_000570,2026-08-19T19:40:08.315,any,24.18,26.68,1,0,0.0,TempBand+Watershed+Merge+ClustSml+ShapeGate+MinPeaks+EquipRej+SkinPrio+Omega+OmScale+Kalman+StaticSup,run1 baseline
cap_000571,2026-08-19T19:40:08.442,any,24.18,26.68,1,0,0.0,TempBand+Watershed+Merge+ClustSml+ShapeGate+MinPeaks+EquipRej+SkinPrio+Omega+OmScale+Kalman+StaticSup,run1 baseline
cap_000572,2026-08-19T19:40:08.539,any,24.21,26.71,1,0,0.0,TempBand+Watershed+Merge+ClustSml+ShapeGate+MinPeaks+EquipRej+SkinPrio+Omega+OmScale+Kalman+StaticSup,run1 baseline
cap_000573,2026-08-19T19:40:08.665,any,24.21,26.71,1,1,0.9581087274325725,TempBand+Watershed+Merge+ClustSml+ShapeGate+MinPeaks+EquipRej+SkinPrio+Omega+OmScale+Kalman+StaticSup,run1 baseline
cap_000574,2026-08-19T19:40:08.762,any,24.21,26.71,1,1,0.95863837731555,TempBand+Watershed+Merge+ClustSml+ShapeGate+MinPeaks+EquipRej+SkinPrio+Omega+OmScale+Kalman+StaticSup,run1 baseline
cap_000575,2026-08-19T19:40:08.890,any,24.21,26.71,1,1,0.9581720957945075,TempBand+Watershed+Merge+ClustSml+ShapeGate+MinPeaks+EquipRej+SkinPrio+Omega+OmScale+Kalman+StaticSup,run1 baseline
cap_000576,2026-08-19T19:40:08.987,any,24.18,26.68,1,1,0.9581720957945075,TempBand+Watershed+Merge+ClustSml+ShapeGate+MinPeaks+EquipRej+SkinPrio+Omega+OmScale+Kalman+StaticSup,run1 baseline
cap_000577,2026-08-19T19:40:09.115,any,24.21,26.71,1,1,0.950868337673197,TempBand+Watershed+Merge+ClustSml+ShapeGate+MinPeaks+EquipRej+SkinPrio+Omega+OmScale+Kalman+StaticSup,run1 baseline
cap_000578,2026-08-19T19:40:09.242,any,24.18,26.68,1,1,0.9520990410652524,TempBand+Watershed+Merge+ClustSml+ShapeGate+MinPeaks+EquipRej+SkinPrio+Omega+OmScale+Kalman+StaticSup,run1 baseline
cap_000579,2026-08-19T19:40:09.338,any,24.18,26.68,1,1,0.9825272140354591,TempBand+Watershed+Merge+ClustSml+ShapeGate+MinPeaks+EquipRej+SkinPrio+Omega+OmScale+Kalman+StaticSup,run1 baseline
cap_000580,2026-08-19T19:40:09.465,any,24.16,26.66,1,1,0.9826160792628953,TempBand+Watershed+Merge+ClustSml+ShapeGate+MinPeaks+EquipRej+SkinPrio+Omega+OmScale+Kalman+StaticSup,run1 baseline
cap_000581,2026-08-19T19:40:09.560,any,24.16,26.66,1,1,0.9826160792628953,TempBand+Watershed+Merge+ClustSml+ShapeGate+MinPeaks+EquipRej+SkinPrio+Omega+OmScale+Kalman+StaticSup,run1 baseline
cap_000582,2026-08-19T19:40:09.690,any,24.16,26.66,1,1,0.9826160792628953,TempBand+Watershed+Merge+ClustSml+ShapeGate+MinPeaks+EquipRej+SkinPrio+Omega+OmScale+Kalman+StaticSup,run1 baseline
cap_000583,2026-08-19T19:40:09.786,any,24.18,26.68,1,1,0.9826160792628953,TempBand+Watershed+Merge+ClustSml+ShapeGate+MinPeaks+EquipRej+SkinPrio+Omega+OmScale+Kalman+StaticSup,run1 baseline
cap_000584,2026-08-19T19:40:09.914,any,24.16,26.66,1,1,0.9826160792628953,TempBand+Watershed+Merge+ClustSml+ShapeGate+MinPeaks+EquipRej+SkinPrio+Omega+OmScale+Kalman+StaticSup,run1 baseline
cap_000585,2026-08-19T19:40:10.008,any,24.18,26.68,1,1,0.9800751938273733,TempBand+Watershed+Merge+ClustSml+ShapeGate+MinPeaks+EquipRej+SkinPrio+Omega+OmScale+Kalman+StaticSup,run1 baseline
cap_000586,2026-08-19T19:40:10.135,any,24.21,26.71,1,1,0.9812327274272347,TempBand+Watershed+Merge+ClustSml+ShapeGate+MinPeaks+EquipRej+SkinPrio+Omega+OmScale+Kalman+StaticSup,run1 baseline
cap_000587,2026-08-19T19:40:10.267,any,24.21,26.71,1,1,0.9804836538417553,TempBand+Watershed+Merge+ClustSml+ShapeGate+MinPeaks+EquipRej+SkinPrio+Omega+OmScale+Kalman+StaticSup,run1 baseline
cap_000588,2026-08-19T19:40:10.364,any,24.21,26.71,1,1,0.9805673894066537,TempBand+Watershed+Merge+ClustSml+ShapeGate+MinPeaks+EquipRej+SkinPrio+Omega+OmScale+Kalman+StaticSup,run1 baseline
cap_000589,2026-08-19T19:40:10.491,any,24.21,26.71,1,1,0.9800317207412946,TempBand+Watershed+Merge+ClustSml+ShapeGate+MinPeaks+EquipRej+SkinPrio+Omega+OmScale+Kalman+StaticSup,run1 baseline
cap_000590,2026-08-19T19:40:10.584,any,24.21,26.71,1,1,0.9800317207412946,TempBand+Watershed+Merge+ClustSml+ShapeGate+MinPeaks+EquipRej+SkinPrio+Omega+OmScale+Kalman+StaticSup,run1 baseline
cap_000591,2026-08-19T19:40:10.716,any,24.18,26.68,1,1,0.9800317207412946,TempBand+Watershed+Merge+ClustSml+ShapeGate+MinPeaks+EquipRej+SkinPrio+Omega+OmScale+Kalman+StaticSup,run1 baseline
cap_000592,2026-08-19T19:40:10.810,any,24.18,26.68,1,1,0.9791212139631508,TempBand+Watershed+Merge+ClustSml+ShapeGate+MinPeaks+EquipRej+SkinPrio+Omega+OmScale+Kalman+StaticSup,run1 baseline
cap_000593,2026-08-19T19:40:10.941,any,24.18,26.68,1,1,0.9847117895317845,TempBand+Watershed+Merge+ClustSml+ShapeGate+MinPeaks+EquipRej+SkinPrio+Omega+OmScale+Kalman+StaticSup,run1 baseline
cap_000594,2026-08-19T19:40:11.065,any,24.18,26.68,1,1,0.9830412790443795,TempBand+Watershed+Merge+ClustSml+ShapeGate+MinPeaks+EquipRej+SkinPrio+Omega+OmScale+Kalman+StaticSup,run1 baseline
cap_000595,2026-08-19T19:40:11.161,any,24.18,26.68,1,1,0.9830412790443795,TempBand+Watershed+Merge+ClustSml+ShapeGate+MinPeaks+EquipRej+SkinPrio+Omega+OmScale+Kalman+StaticSup,run1 baseline
cap_000596,2026-08-19T19:40:11.291,any,24.23,26.73,1,1,0.9467889222345147,TempBand+Watershed+Merge+ClustSml+ShapeGate+MinPeaks+EquipRej+SkinPrio+Omega+OmScale+Kalman+StaticSup,run1 baseline
cap_000597,2026-08-19T19:40:11.386,any,24.21,26.71,1,1,0.9486511961414059,TempBand+Watershed+Merge+ClustSml+ShapeGate+MinPeaks+EquipRej+SkinPrio+Omega+OmScale+Kalman+StaticSup,run1 baseline
cap_000598,2026-08-19T19:40:11.517,any,24.21,26.71,1,1,0.9381034384073467,TempBand+Watershed+Merge+ClustSml+ShapeGate+MinPeaks+EquipRej+SkinPrio+Omega+OmScale+Kalman+StaticSup,run1 baseline
cap_000599,2026-08-19T19:40:11.612,any,24.18,26.68,1,1,0.9381034384073467,TempBand+Watershed+Merge+ClustSml+ShapeGate+MinPeaks+EquipRej+SkinPrio+Omega+OmScale+Kalman+StaticSup,run1 baseline
cap_000600,2026-08-19T19:40:11.739,any,24.18,26.68,1,1,0.9381034384073467,TempBand+Watershed+Merge+ClustSml+ShapeGate+MinPeaks+EquipRej+SkinPrio+Omega+OmScale+Kalman+StaticSup,run1 baseline
cap_000601,2026-08-19T19:40:11.835,any,24.14,26.64,1,1,0.9409504095620586,TempBand+Watershed+Merge+ClustSml+ShapeGate+MinPeaks+EquipRej+SkinPrio+Omega+OmScale+Kalman+StaticSup,run1 baseline
cap_000602,2026-08-19T19:40:11.962,any,24.14,26.64,1,1,0.9542177523260761,TempBand+Watershed+Merge+ClustSml+ShapeGate+MinPeaks+EquipRej+SkinPrio+Omega+OmScale+Kalman+StaticSup,run1 baseline
cap_000603,2026-08-19T19:40:12.092,any,24.14,26.64,1,1,0.9447913222557897,TempBand+Watershed+Merge+ClustSml+ShapeGate+MinPeaks+EquipRej+SkinPrio+Omega+OmScale+Kalman+StaticSup,run1 baseline
cap_000604,2026-08-19T19:40:12.184,any,24.18,26.68,1,1,0.943813174765866,TempBand+Watershed+Merge+ClustSml+ShapeGate+MinPeaks+EquipRej+SkinPrio+Omega+OmScale+Kalman+StaticSup,run1 baseline
cap_000605,2026-08-19T19:40:12.314,any,24.18,26.68,1,1,0.943813174765866,TempBand+Watershed+Merge+ClustSml+ShapeGate+MinPeaks+EquipRej+SkinPrio+Omega+OmScale+Kalman+StaticSup,run1 baseline
cap_000606,2026-08-19T19:40:12.411,any,24.18,26.68,1,1,0.9449799451075239,TempBand+Watershed+Merge+ClustSml+ShapeGate+MinPeaks+EquipRej+SkinPrio+Omega+OmScale+Kalman+StaticSup,run1 baseline
cap_000607,2026-08-19T19:40:12.537,any,24.18,26.68,1,1,0.9459584484896206,TempBand+Watershed+Merge+ClustSml+ShapeGate+MinPeaks+EquipRej+SkinPrio+Omega+OmScale+Kalman+StaticSup,run1 baseline
cap_000608,2026-08-19T19:40:12.631,any,24.16,26.66,1,1,0.9564511920710895,TempBand+Watershed+Merge+ClustSml+ShapeGate+MinPeaks+EquipRej+SkinPrio+Omega+OmScale+Kalman+StaticSup,run1 baseline
cap_000609,2026-08-19T19:40:12.760,any,24.16,26.66,1,1,0.9463179106650089,TempBand+Watershed+Merge+ClustSml+ShapeGate+MinPeaks+EquipRej+SkinPrio+Omega+OmScale+Kalman+StaticSup,run1 baseline
cap_000610,2026-08-19T19:40:12.888,any,24.16,26.66,1,1,0.9463179106650089,TempBand+Watershed+Merge+ClustSml+ShapeGate+MinPeaks+EquipRej+SkinPrio+Omega+OmScale+Kalman+StaticSup,run1 baseline
cap_000611,2026-08-19T19:40:12.985,any,24.18,26.68,1,1,0.9469944715140226,TempBand+Watershed+Merge+ClustSml+ShapeGate+MinPeaks+EquipRej+SkinPrio+Omega+OmScale+Kalman+StaticSup,run1 baseline
cap_000612,2026-08-19T19:40:13.114,any,24.18,26.68,1,1,0.9469944715140226,TempBand+Watershed+Merge+ClustSml+ShapeGate+MinPeaks+EquipRej+SkinPrio+Omega+OmScale+Kalman+StaticSup,run1 baseline
cap_000613,2026-08-19T19:40:13.213,any,24.23,26.73,1,1,0.8967427282317156,TempBand+Watershed+Merge+ClustSml+ShapeGate+MinPeaks+EquipRej+SkinPrio+Omega+OmScale+Kalman+StaticSup,run1 baseline
cap_000614,2026-08-19T19:40:13.390,any,24.23,26.73,1,1,0.9464731217697422,TempBand+Watershed+Merge+ClustSml+ShapeGate+MinPeaks+EquipRej+SkinPrio+Omega+OmScale+Kalman+StaticSup,run1 baseline
cap_000615,2026-08-19T19:40:13.440,any,24.23,26.73,1,1,0.9464731217697422,TempBand+Watershed+Merge+ClustSml+ShapeGate+MinPeaks+EquipRej+SkinPrio+Omega+OmScale+Kalman+StaticSup,run1 baseline
cap_000616,2026-08-19T19:40:13.567,any,24.23,26.73,1,1,0.9429400380075666,TempBand+Watershed+Merge+ClustSml+ShapeGate+MinPeaks+EquipRej+SkinPrio+Omega+OmScale+Kalman+StaticSup,run1 baseline
cap_000617,2026-08-19T19:40:13.656,any,24.23,26.73,1,1,0.9422854183277662,TempBand+Watershed+Merge+ClustSml+ShapeGate+MinPeaks+EquipRej+SkinPrio+Omega+OmScale+Kalman+StaticSup,run1 baseline
cap_000618,2026-08-19T19:40:13.785,any,24.21,26.71,1,1,0.8992709864490341,TempBand+Watershed+Merge+ClustSml+ShapeGate+MinPeaks+EquipRej+SkinPrio+Omega+OmScale+Kalman+StaticSup,run1 baseline
cap_000619,2026-08-19T19:40:13.916,any,24.21,26.71,1,1,0.8987560634669898,TempBand+Watershed+Merge+ClustSml+ShapeGate+MinPeaks+EquipRej+SkinPrio+Omega+OmScale+Kalman+StaticSup,run1 baseline
cap_000620,2026-08-19T19:40:14.010,any,24.21,26.71,1,1,0.8987560634669898,TempBand+Watershed+Merge+ClustSml+ShapeGate+MinPeaks+EquipRej+SkinPrio+Omega+OmScale+Kalman+StaticSup,run1 baseline
cap_000621,2026-08-19T19:40:14.137,any,24.21,26.71,1,1,0.8971035970761655,TempBand+Watershed+Merge+ClustSml+ShapeGate+MinPeaks+EquipRej+SkinPrio+Omega+OmScale+Kalman+StaticSup,run1 baseline
cap_000622,2026-08-19T19:40:14.232,any,24.21,26.71,1,1,0.9460354686552668,TempBand+Watershed+Merge+ClustSml+ShapeGate+MinPeaks+EquipRej+SkinPrio+Omega+OmScale+Kalman+StaticSup,run1 baseline
cap_000623,2026-08-19T19:40:14.360,any,24.21,26.71,1,1,0.9466929320357197,TempBand+Watershed+Merge+ClustSml+ShapeGate+MinPeaks+EquipRej+SkinPrio+Omega+OmScale+Kalman+StaticSup,run1 baseline
cap_000624,2026-08-19T19:40:14.455,any,24.18,26.68,1,1,0.9464947669205594,TempBand+Watershed+Merge+ClustSml+ShapeGate+MinPeaks+EquipRej+SkinPrio+Omega+OmScale+Kalman+StaticSup,run1 baseline
cap_000625,2026-08-19T19:40:14.584,any,24.21,26.71,1,1,0.9803144581239369,TempBand+Watershed+Merge+ClustSml+ShapeGate+MinPeaks+EquipRej+SkinPrio+Omega+OmScale+Kalman+StaticSup,run1 baseline
cap_000626,2026-08-19T19:40:14.711,any,24.21,26.71,1,1,0.9783502672077612,TempBand+Watershed+Merge+ClustSml+ShapeGate+MinPeaks+EquipRej+SkinPrio+Omega+OmScale+Kalman+StaticSup,run1 baseline
cap_000627,2026-08-19T19:40:14.808,any,24.18,26.68,1,1,0.9789220242040676,TempBand+Watershed+Merge+ClustSml+ShapeGate+MinPeaks+EquipRej+SkinPrio+Omega+OmScale+Kalman+StaticSup,run1 baseline
cap_000628,2026-08-19T19:40:14.935,any,24.21,26.71,1,1,0.9780148545119259,TempBand+Watershed+Merge+ClustSml+ShapeGate+MinPeaks+EquipRej+SkinPrio+Omega+OmScale+Kalman+StaticSup,run1 baseline
cap_000629,2026-08-19T19:40:15.032,any,24.21,26.71,1,1,0.9787922202513184,TempBand+Watershed+Merge+ClustSml+ShapeGate+MinPeaks+EquipRej+SkinPrio+Omega+OmScale+Kalman+StaticSup,run1 baseline
cap_000630,2026-08-19T19:40:15.162,any,24.21,26.71,1,1,0.9787922202513184,TempBand+Watershed+Merge+ClustSml+ShapeGate+MinPeaks+EquipRej+SkinPrio+Omega+OmScale+Kalman+StaticSup,run1 baseline
cap_000631,2026-08-19T19:40:15.257,any,24.21,26.71,1,1,0.9787922202513184,TempBand+Watershed+Merge+ClustSml+ShapeGate+MinPeaks+EquipRej+SkinPrio+Omega+OmScale+Kalman+StaticSup,run1 baseline
cap_000632,2026-08-19T19:40:15.385,any,24.18,26.68,1,1,0.9788292509713509,TempBand+Watershed+Merge+ClustSml+ShapeGate+MinPeaks+EquipRej+SkinPrio+Omega+OmScale+Kalman+StaticSup,run1 baseline
cap_000633,2026-08-19T19:40:15.482,any,24.18,26.68,1,1,0.9786243872657192,TempBand+Watershed+Merge+ClustSml+ShapeGate+MinPeaks+EquipRej+SkinPrio+Omega+OmScale+Kalman+StaticSup,run1 baseline
cap_000634,2026-08-19T19:40:15.608,any,24.18,26.68,1,1,0.9800317207412946,TempBand+Watershed+Merge+ClustSml+ShapeGate+MinPeaks+EquipRej+SkinPrio+Omega+OmScale+Kalman+StaticSup,run1 baseline
cap_000635,2026-08-19T19:40:15.736,any,24.18,26.68,1,1,0.9426903126915912,TempBand+Watershed+Merge+ClustSml+ShapeGate+MinPeaks+EquipRej+SkinPrio+Omega+OmScale+Kalman+StaticSup,run1 baseline
cap_000636,2026-08-19T19:40:15.835,any,24.18,26.68,1,1,0.9164086326600182,TempBand+Watershed+Merge+ClustSml+ShapeGate+MinPeaks+EquipRej+SkinPrio+Omega+OmScale+Kalman+StaticSup,run1 baseline
cap_000637,2026-08-19T19:40:15.963,any,24.18,26.68,1,1,0.905415929924957,TempBand+Watershed+Merge+ClustSml+ShapeGate+MinPeaks+EquipRej+SkinPrio+Omega+OmScale+Kalman+StaticSup,run1 baseline
cap_000638,2026-08-19T19:40:16.059,any,24.18,26.68,1,1,0.907317271277231,TempBand+Watershed+Merge+ClustSml+ShapeGate+MinPeaks+EquipRej+SkinPrio+Omega+OmScale+Kalman+StaticSup,run1 baseline
cap_000639,2026-08-19T19:40:16.185,any,24.16,26.66,1,1,0.9066514098970366,TempBand+Watershed+Merge+ClustSml+ShapeGate+MinPeaks+EquipRej+SkinPrio+Omega+OmScale+Kalman+StaticSup,run1 baseline
cap_000640,2026-08-19T19:40:16.283,any,24.16,26.66,1,1,0.9022800563045249,TempBand+Watershed+Merge+ClustSml+ShapeGate+MinPeaks+EquipRej+SkinPrio+Omega+OmScale+Kalman+StaticSup,run1 baseline
cap_000641,2026-08-19T19:40:16.411,any,24.18,26.68,1,1,0.9037127366753425,TempBand+Watershed+Merge+ClustSml+ShapeGate+MinPeaks+EquipRej+SkinPrio+Omega+OmScale+Kalman+StaticSup,run1 baseline
cap_000642,2026-08-19T19:40:16.507,any,24.18,26.68,1,1,0.9037127366753425,TempBand+Watershed+Merge+ClustSml+ShapeGate+MinPeaks+EquipRej+SkinPrio+Omega+OmScale+Kalman+StaticSup,run1 baseline
cap_000643,2026-08-19T19:40:16.634,any,24.21,26.71,1,1,0.9037127366753425,TempBand+Watershed+Merge+ClustSml+ShapeGate+MinPeaks+EquipRej+SkinPrio+Omega+OmScale+Kalman+StaticSup,run1 baseline
cap_000644,2026-08-19T19:40:16.761,any,24.21,26.71,1,1,0.8978184756228601,TempBand+Watershed+Merge+ClustSml+ShapeGate+MinPeaks+EquipRej+SkinPrio+Omega+OmScale+Kalman+StaticSup,run1 baseline
cap_000645,2026-08-19T19:40:16.859,any,24.16,26.66,1,1,0.891344050913269,TempBand+Watershed+Merge+ClustSml+ShapeGate+MinPeaks+EquipRej+SkinPrio+Omega+OmScale+Kalman+StaticSup,run1 baseline
cap_000646,2026-08-19T19:40:16.987,any,24.16,26.66,1,1,0.8895926544286344,TempBand+Watershed+Merge+ClustSml+ShapeGate+MinPeaks+EquipRej+SkinPrio+Omega+OmScale+Kalman+StaticSup,run1 baseline
cap_000647,2026-08-19T19:40:17.084,any,24.14,26.64,1,1,0.8897035271472696,TempBand+Watershed+Merge+ClustSml+ShapeGate+MinPeaks+EquipRej+SkinPrio+Omega+OmScale+Kalman+StaticSup,run1 baseline
cap_000648,2026-08-19T19:40:17.209,any,24.09,26.59,1,2,0.8860371022821293,TempBand+Watershed+Merge+ClustSml+ShapeGate+MinPeaks+EquipRej+SkinPrio+Omega+OmScale+Kalman+StaticSup,run1 baseline
cap_000649,2026-08-19T19:40:17.307,any,24.11,26.61,1,2,0.8975003665997452,TempBand+Watershed+Merge+ClustSml+ShapeGate+MinPeaks+EquipRej+SkinPrio+Omega+OmScale+Kalman+StaticSup,run1 baseline
cap_000650,2026-08-19T19:40:17.434,any,24.11,26.61,1,1,0.904957701072518,TempBand+Watershed+Merge+ClustSml+ShapeGate+MinPeaks+EquipRej+SkinPrio+Omega+OmScale+Kalman+StaticSup,run1 baseline
cap_000651,2026-08-19T19:40:17.561,any,24.14,26.64,1,1,0.90541614092894,TempBand+Watershed+Merge+ClustSml+ShapeGate+MinPeaks+EquipRej+SkinPrio+Omega+OmScale+Kalman+StaticSup,run1 baseline
cap_000652,2026-08-19T19:40:17.656,any,24.11,26.61,1,1,0.8977957068008523,TempBand+Watershed+Merge+ClustSml+ShapeGate+MinPeaks+EquipRej+SkinPrio+Omega+OmScale+Kalman+StaticSup,run1 baseline
cap_000653,2026-08-19T19:40:17.784,any,24.09,26.59,1,2,0.9031659070287376,TempBand+Watershed+Merge+ClustSml+ShapeGate+MinPeaks+EquipRej+SkinPrio+Omega+OmScale+Kalman+StaticSup,run1 baseline
cap_000654,2026-08-19T19:40:17.880,any,24.09,26.59,1,2,0.9219348473539614,TempBand+Watershed+Merge+ClustSml+ShapeGate+MinPeaks+EquipRej+SkinPrio+Omega+OmScale+Kalman+StaticSup,run1 baseline
cap_000655,2026-08-19T19:40:18.011,any,24.09,26.59,1,2,0.9225270479261272,TempBand+Watershed+Merge+ClustSml+ShapeGate+MinPeaks+EquipRej+SkinPrio+Omega+OmScale+Kalman+StaticSup,run1 baseline
cap_000656,2026-08-19T19:40:18.107,any,24.11,26.61,1,2,0.9207901856274265,TempBand+Watershed+Merge+ClustSml+ShapeGate+MinPeaks+EquipRej+SkinPrio+Omega+OmScale+Kalman+StaticSup,run1 baseline
cap_000657,2026-08-19T19:40:18.232,any,24.11,26.61,1,2,0.9207901856274265,TempBand+Watershed+Merge+ClustSml+ShapeGate+MinPeaks+EquipRej+SkinPrio+Omega+OmScale+Kalman+StaticSup,run1 baseline
cap_000658,2026-08-19T19:40:18.330,any,24.14,26.64,1,2,0.918874033225078,TempBand+Watershed+Merge+ClustSml+ShapeGate+MinPeaks+EquipRej+SkinPrio+Omega+OmScale+Kalman+StaticSup,run1 baseline
cap_000659,2026-08-19T19:40:18.457,any,24.14,26.64,1,2,0.9219307042349729,TempBand+Watershed+Merge+ClustSml+ShapeGate+MinPeaks+EquipRej+SkinPrio+Omega+OmScale+Kalman+StaticSup,run1 baseline
cap_000660,2026-08-19T19:40:18.586,any,24.16,26.66,1,2,0.9219307042349729,TempBand+Watershed+Merge+ClustSml+ShapeGate+MinPeaks+EquipRej+SkinPrio+Omega+OmScale+Kalman+StaticSup,run1 baseline
cap_000661,2026-08-19T19:40:18.681,any,24.16,26.66,1,2,0.9261153518985238,TempBand+Watershed+Merge+ClustSml+ShapeGate+MinPeaks+EquipRej+SkinPrio+Omega+OmScale+Kalman+StaticSup,run1 baseline
cap_000662,2026-08-19T19:40:18.809,any,24.16,26.66,1,2,0.8759461156609415,TempBand+Watershed+Merge+ClustSml+ShapeGate+MinPeaks+EquipRej+SkinPrio+Omega+OmScale+Kalman+StaticSup,run1 baseline
cap_000663,2026-08-19T19:40:18.904,any,24.16,26.66,1,2,0.8759461156609415,TempBand+Watershed+Merge+ClustSml+ShapeGate+MinPeaks+EquipRej+SkinPrio+Omega+OmScale+Kalman+StaticSup,run1 baseline
cap_000664,2026-08-19T19:40:19.032,any,24.14,26.64,1,2,0.8759461156609415,TempBand+Watershed+Merge+ClustSml+ShapeGate+MinPeaks+EquipRej+SkinPrio+Omega+OmScale+Kalman+StaticSup,run1 baseline
cap_000665,2026-08-19T19:40:19.130,any,24.14,26.64,1,2,0.8751606960176239,TempBand+Watershed+Merge+ClustSml+ShapeGate+MinPeaks+EquipRej+SkinPrio+Omega+OmScale+Kalman+StaticSup,run1 baseline
cap_000666,2026-08-19T19:40:19.258,any,24.11,26.61,1,2,0.8746515038086741,TempBand+Watershed+Merge+ClustSml+ShapeGate+MinPeaks+EquipRej+SkinPrio+Omega+OmScale+Kalman+StaticSup,run1 baseline
cap_000667,2026-08-19T19:40:19.386,any,24.11,26.61,1,2,0.8669126670953978,TempBand+Watershed+Merge+ClustSml+ShapeGate+MinPeaks+EquipRej+SkinPrio+Omega+OmScale+Kalman+StaticSup,run1 baseline
cap_000668,2026-08-19T19:40:19.484,any,24.11,26.61,1,2,0.9179876391787454,TempBand+Watershed+Merge+ClustSml+ShapeGate+MinPeaks+EquipRej+SkinPrio+Omega+OmScale+Kalman+StaticSup,run1 baseline
cap_000669,2026-08-19T19:40:19.610,any,24.09,26.59,1,2,0.922136153515901,TempBand+Watershed+Merge+ClustSml+ShapeGate+MinPeaks+EquipRej+SkinPrio+Omega+OmScale+Kalman+StaticSup,run1 baseline
cap_000670,2026-08-19T19:40:19.705,any,24.04,26.54,1,2,0.8790559663703431,TempBand+Watershed+Merge+ClustSml+ShapeGate+MinPeaks+EquipRej+SkinPrio+Omega+OmScale+Kalman+StaticSup,run1 baseline
cap_000671,2026-08-19T19:40:19.833,any,24.04,26.54,1,1,0.8861033524427798,TempBand+Watershed+Merge+ClustSml+ShapeGate+MinPeaks+EquipRej+SkinPrio+Omega+OmScale+Kalman+StaticSup,run1 baseline
cap_000672,2026-08-19T19:40:19.933,any,24.04,26.54,1,1,0.8849266327308754,TempBand+Watershed+Merge+ClustSml+ShapeGate+MinPeaks+EquipRej+SkinPrio+Omega+OmScale+Kalman+StaticSup,run1 baseline
cap_000673,2026-08-19T19:40:20.056,any,24.02,26.52,1,1,0.8849266327308754,TempBand+Watershed+Merge+ClustSml+ShapeGate+MinPeaks+EquipRej+SkinPrio+Omega+OmScale+Kalman+StaticSup,run1 baseline
cap_000674,2026-08-19T19:40:20.153,any,24.02,26.52,1,1,0.8753666598695673,TempBand+Watershed+Merge+ClustSml+ShapeGate+MinPeaks+EquipRej+SkinPrio+Omega+OmScale+Kalman+StaticSup,run1 baseline
cap_000675,2026-08-19T19:40:20.280,any,24.04,26.54,1,1,0.8753666598695673,TempBand+Watershed+Merge+ClustSml+ShapeGate+MinPeaks+EquipRej+SkinPrio+Omega+OmScale+Kalman+StaticSup,run1 baseline
cap_000676,2026-08-19T19:40:20.408,any,24.02,26.52,1,1,0.869442875807259,TempBand+Watershed+Merge+ClustSml+ShapeGate+MinPeaks+EquipRej+SkinPrio+Omega+OmScale+Kalman+StaticSup,run1 baseline
cap_000677,2026-08-19T19:40:20.505,any,24.02,26.52,1,1,0.8858371880788859,TempBand+Watershed+Merge+ClustSml+ShapeGate+MinPeaks+EquipRej+SkinPrio+Omega+OmScale+Kalman+StaticSup,run1 baseline
cap_000678,2026-08-19T19:40:20.635,any,24.02,26.52,1,1,0.8858371880788859,TempBand+Watershed+Merge+ClustSml+ShapeGate+MinPeaks+EquipRej+SkinPrio+Omega+OmScale+Kalman+StaticSup,run1 baseline
cap_000679,2026-08-19T19:40:20.728,any,24.00,26.50,1,1,0.8868777269050061,TempBand+Watershed+Merge+ClustSml+ShapeGate+MinPeaks+EquipRej+SkinPrio+Omega+OmScale+Kalman+StaticSup,run1 baseline
cap_000680,2026-08-19T19:40:20.856,any,24.00,26.50,1,1,0.8868777269050061,TempBand+Watershed+Merge+ClustSml+ShapeGate+MinPeaks+EquipRej+SkinPrio+Omega+OmScale+Kalman+StaticSup,run1 baseline
cap_000681,2026-08-19T19:40:20.952,any,23.98,26.48,1,1,0.88304250890045,TempBand+Watershed+Merge+ClustSml+ShapeGate+MinPeaks+EquipRej+SkinPrio+Omega+OmScale+Kalman+StaticSup,run1 baseline
cap_000682,2026-08-19T19:40:21.081,any,23.98,26.48,1,1,0.9467473723030446,TempBand+Watershed+Merge+ClustSml+ShapeGate+MinPeaks+EquipRej+SkinPrio+Omega+OmScale+Kalman+StaticSup,run1 baseline
cap_000683,2026-08-19T19:40:21.210,any,23.98,26.48,1,1,0.945521359117236,TempBand+Watershed+Merge+ClustSml+ShapeGate+MinPeaks+EquipRej+SkinPrio+Omega+OmScale+Kalman+StaticSup,run1 baseline
cap_000684,2026-08-19T19:40:21.305,any,23.95,26.45,1,1,0.9311834338452892,TempBand+Watershed+Merge+ClustSml+ShapeGate+MinPeaks+EquipRej+SkinPrio+Omega+OmScale+Kalman+StaticSup,run1 baseline
cap_000685,2026-08-19T19:40:21.432,any,23.95,26.45,1,1,0.9324074844038444,TempBand+Watershed+Merge+ClustSml+ShapeGate+MinPeaks+EquipRej+SkinPrio+Omega+OmScale+Kalman+StaticSup,run1 baseline
cap_000686,2026-08-19T19:40:21.531,any,23.95,26.45,1,1,0.9406918386753759,TempBand+Watershed+Merge+ClustSml+ShapeGate+MinPeaks+EquipRej+SkinPrio+Omega+OmScale+Kalman+StaticSup,run1 baseline
cap_000687,2026-08-19T19:40:21.657,any,23.95,26.45,1,1,0.9395992147582665,TempBand+Watershed+Merge+ClustSml+ShapeGate+MinPeaks+EquipRej+SkinPrio+Omega+OmScale+Kalman+StaticSup,run1 baseline
cap_000688,2026-08-19T19:40:21.755,any,23.95,26.45,1,1,0.9401439766289403,TempBand+Watershed+Merge+ClustSml+ShapeGate+MinPeaks+EquipRej+SkinPrio+Omega+OmScale+Kalman+StaticSup,run1 baseline
cap_000689,2026-08-19T19:40:21.882,any,23.95,26.45,1,1,0.9401439766289403,TempBand+Watershed+Merge+ClustSml+ShapeGate+MinPeaks+EquipRej+SkinPrio+Omega+OmScale+Kalman+StaticSup,run1 baseline
cap_000690,2026-08-19T19:40:21.978,any,23.95,26.45,1,1,0.9375487590730033,TempBand+Watershed+Merge+ClustSml+ShapeGate+MinPeaks+EquipRej+SkinPrio+Omega+OmScale+Kalman+StaticSup,run1 baseline
cap_000691,2026-08-19T19:40:22.105,any,23.95,26.45,1,1,0.9375487590730033,TempBand+Watershed+Merge+ClustSml+ShapeGate+MinPeaks+EquipRej+SkinPrio+Omega+OmScale+Kalman+StaticSup,run1 baseline
cap_000692,2026-08-19T19:40:22.234,any,23.95,26.45,1,1,0.9345056637539527,TempBand+Watershed+Merge+ClustSml+ShapeGate+MinPeaks+EquipRej+SkinPrio+Omega+OmScale+Kalman+StaticSup,run1 baseline
cap_000693,2026-08-19T19:40:22.330,any,23.95,26.45,1,1,0.9350560474577586,TempBand+Watershed+Merge+ClustSml+ShapeGate+MinPeaks+EquipRej+SkinPrio+Omega+OmScale+Kalman+StaticSup,run1 baseline
cap_000694,2026-08-19T19:40:22.459,any,23.95,26.45,1,1,0.9334912818624395,TempBand+Watershed+Merge+ClustSml+ShapeGate+MinPeaks+EquipRej+SkinPrio+Omega+OmScale+Kalman+StaticSup,run1 baseline
cap_000695,2026-08-19T19:40:22.554,any,23.95,26.45,1,1,0.9474510291478593,TempBand+Watershed+Merge+ClustSml+ShapeGate+MinPeaks+EquipRej+SkinPrio+Omega+OmScale+Kalman+StaticSup,run1 baseline
cap_000696,2026-08-19T19:40:22.681,any,23.95,26.45,1,1,0.9474510291478593,TempBand+Watershed+Merge+ClustSml+ShapeGate+MinPeaks+EquipRej+SkinPrio+Omega+OmScale+Kalman+StaticSup,run1 baseline
cap_000697,2026-08-19T19:40:22.781,any,23.95,26.45,1,1,0.9474510291478593,TempBand+Watershed+Merge+ClustSml+ShapeGate+MinPeaks+EquipRej+SkinPrio+Omega+OmScale+Kalman+StaticSup,run1 baseline
cap_000698,2026-08-19T19:40:22.904,any,23.95,26.45,1,1,0.950197154587156,TempBand+Watershed+Merge+ClustSml+ShapeGate+MinPeaks+EquipRej+SkinPrio+Omega+OmScale+Kalman+StaticSup,run1 baseline
cap_000699,2026-08-19T19:40:23.001,any,23.95,26.45,1,1,0.9385706966600282,TempBand+Watershed+Merge+ClustSml+ShapeGate+MinPeaks+EquipRej+SkinPrio+Omega+OmScale+Kalman+StaticSup,run1 baseline
cap_000700,2026-08-19T19:40:23.129,any,23.98,26.48,1,1,0.9385706966600282,TempBand+Watershed+Merge+ClustSml+ShapeGate+MinPeaks+EquipRej+SkinPrio+Omega+OmScale+Kalman+StaticSup,run1 baseline
cap_000701,2026-08-19T19:40:23.258,any,23.98,26.48,1,1,0.9385706966600282,TempBand+Watershed+Merge+ClustSml+ShapeGate+MinPeaks+EquipRej+SkinPrio+Omega+OmScale+Kalman+StaticSup,run1 baseline
cap_000702,2026-08-19T19:40:23.356,any,23.98,26.48,1,1,0.9143202915070991,TempBand+Watershed+Merge+ClustSml+ShapeGate+MinPeaks+EquipRej+SkinPrio+Omega+OmScale+Kalman+StaticSup,run1 baseline
cap_000703,2026-08-19T19:40:23.483,any,23.95,26.45,1,1,0.9134163862717105,TempBand+Watershed+Merge+ClustSml+ShapeGate+MinPeaks+EquipRej+SkinPrio+Omega+OmScale+Kalman+StaticSup,run1 baseline
cap_000704,2026-08-19T19:40:23.578,any,23.95,26.45,1,1,0.8953440573058384,TempBand+Watershed+Merge+ClustSml+ShapeGate+MinPeaks+EquipRej+SkinPrio+Omega+OmScale+Kalman+StaticSup,run1 baseline
cap_000705,2026-08-19T19:40:23.704,any,23.98,26.48,1,1,0.8999306741642917,TempBand+Watershed+Merge+ClustSml+ShapeGate+MinPeaks+EquipRej+SkinPrio+Omega+OmScale+Kalman+StaticSup,run1 baseline
cap_000706,2026-08-19T19:40:23.803,any,23.95,26.45,1,1,0.8910824255461506,TempBand+Watershed+Merge+ClustSml+ShapeGate+MinPeaks+EquipRej+SkinPrio+Omega+OmScale+Kalman+StaticSup,run1 baseline
cap_000707,2026-08-19T19:40:23.930,any,23.95,26.45,1,1,0.8910680059985171,TempBand+Watershed+Merge+ClustSml+ShapeGate+MinPeaks+EquipRej+SkinPrio+Omega+OmScale+Kalman+StaticSup,run1 baseline
cap_000708,2026-08-19T19:40:24.059,any,23.95,26.45,1,1,0.8872319233626667,TempBand+Watershed+Merge+ClustSml+ShapeGate+MinPeaks+EquipRej+SkinPrio+Omega+OmScale+Kalman+StaticSup,run1 baseline
cap_000709,2026-08-19T19:40:24.154,any,23.95,26.45,1,1,0.8883381381584912,TempBand+Watershed+Merge+ClustSml+ShapeGate+MinPeaks+EquipRej+SkinPrio+Omega+OmScale+Kalman+StaticSup,run1 baseline
cap_000710,2026-08-19T19:40:24.282,any,23.93,26.43,1,1,0.8794653748354475,TempBand+Watershed+Merge+ClustSml+ShapeGate+MinPeaks+EquipRej+SkinPrio+Omega+OmScale+Kalman+StaticSup,run1 baseline
cap_000711,2026-08-19T19:40:24.380,any,23.95,26.45,1,1,0.8775743808394841,TempBand+Watershed+Merge+ClustSml+ShapeGate+MinPeaks+EquipRej+SkinPrio+Omega+OmScale+Kalman+StaticSup,run1 baseline
cap_000712,2026-08-19T19:40:24.507,any,23.93,26.43,1,1,0.8781532839322532,TempBand+Watershed+Merge+ClustSml+ShapeGate+MinPeaks+EquipRej+SkinPrio+Omega+OmScale+Kalman+StaticSup,run1 baseline
cap_000713,2026-08-19T19:40:24.602,any,23.93,26.43,1,1,0.8386608907814483,TempBand+Watershed+Merge+ClustSml+ShapeGate+MinPeaks+EquipRej+SkinPrio+Omega+OmScale+Kalman+StaticSup,run1 baseline
cap_000714,2026-08-19T19:40:24.730,any,23.91,26.41,1,1,0.8427419460170141,TempBand+Watershed+Merge+ClustSml+ShapeGate+MinPeaks+EquipRej+SkinPrio+Omega+OmScale+Kalman+StaticSup,run1 baseline
cap_000715,2026-08-19T19:40:24.825,any,23.88,26.38,1,1,0.8390933725003591,TempBand+Watershed+Merge+ClustSml+ShapeGate+MinPeaks+EquipRej+SkinPrio+Omega+OmScale+Kalman+StaticSup,run1 baseline
cap_000716,2026-08-19T19:40:24.951,any,23.88,26.38,1,1,0.8366596656042212,TempBand+Watershed+Merge+ClustSml+ShapeGate+MinPeaks+EquipRej+SkinPrio+Omega+OmScale+Kalman+StaticSup,run1 baseline
cap_000717,2026-08-19T19:40:25.086,any,23.86,26.36,1,1,0.8374083818636274,TempBand+Watershed+Merge+ClustSml+ShapeGate+MinPeaks+EquipRej+SkinPrio+Omega+OmScale+Kalman+StaticSup,run1 baseline
cap_000718,2026-08-19T19:40:25.178,any,23.86,26.36,1,1,0.8374083818636274,TempBand+Watershed+Merge+ClustSml+ShapeGate+MinPeaks+EquipRej+SkinPrio+Omega+OmScale+Kalman+StaticSup,run1 baseline
cap_000719,2026-08-19T19:40:25.305,any,23.84,26.34,1,1,0.8369713239292306,TempBand+Watershed+Merge+ClustSml+ShapeGate+MinPeaks+EquipRej+SkinPrio+Omega+OmScale+Kalman+StaticSup,run1 baseline
cap_000720,2026-08-19T19:40:25.400,any,23.84,26.34,1,1,0.8369713239292306,TempBand+Watershed+Merge+ClustSml+ShapeGate+MinPeaks+EquipRej+SkinPrio+Omega+OmScale+Kalman+StaticSup,run1 baseline
cap_000721,2026-08-19T19:40:25.528,any,23.84,26.34,1,1,0.8379036760429968,TempBand+Watershed+Merge+ClustSml+ShapeGate+MinPeaks+EquipRej+SkinPrio+Omega+OmScale+Kalman+StaticSup,run1 baseline
cap_000722,2026-08-19T19:40:25.625,any,23.84,26.34,1,1,0.8405492366565136,TempBand+Watershed+Merge+ClustSml+ShapeGate+MinPeaks+EquipRej+SkinPrio+Omega+OmScale+Kalman+StaticSup,run1 baseline
cap_000723,2026-08-19T19:40:25.752,any,23.86,26.36,1,1,0.8849641569274532,TempBand+Watershed+Merge+ClustSml+ShapeGate+MinPeaks+EquipRej+SkinPrio+Omega+OmScale+Kalman+StaticSup,run1 baseline
cap_000724,2026-08-19T19:40:25.880,any,23.88,26.38,1,1,0.8829344218977794,TempBand+Watershed+Merge+ClustSml+ShapeGate+MinPeaks+EquipRej+SkinPrio+Omega+OmScale+Kalman+StaticSup,run1 baseline
cap_000725,2026-08-19T19:40:25.976,any,23.91,26.41,1,1,0.8836519871022933,TempBand+Watershed+Merge+ClustSml+ShapeGate+MinPeaks+EquipRej+SkinPrio+Omega+OmScale+Kalman+StaticSup,run1 baseline
cap_000726,2026-08-19T19:40:26.105,any,23.91,26.41,1,1,0.9302760412208211,TempBand+Watershed+Merge+ClustSml+ShapeGate+MinPeaks+EquipRej+SkinPrio+Omega+OmScale+Kalman+StaticSup,run1 baseline
cap_000727,2026-08-19T19:40:26.202,any,23.93,26.43,1,1,0.9299225094046271,TempBand+Watershed+Merge+ClustSml+ShapeGate+MinPeaks+EquipRej+SkinPrio+Omega+OmScale+Kalman+StaticSup,run1 baseline
cap_000728,2026-08-19T19:40:26.330,any,23.93,26.43,1,1,0.9310198774367736,TempBand+Watershed+Merge+ClustSml+ShapeGate+MinPeaks+EquipRej+SkinPrio+Omega+OmScale+Kalman+StaticSup,run1 baseline
cap_000729,2026-08-19T19:40:26.423,any,23.91,26.41,1,1,0.8941547805359896,TempBand+Watershed+Merge+ClustSml+ShapeGate+MinPeaks+EquipRej+SkinPrio+Omega+OmScale+Kalman+StaticSup,run1 baseline
cap_000730,2026-08-19T19:40:26.553,any,23.91,26.41,1,1,0.892279873454224,TempBand+Watershed+Merge+ClustSml+ShapeGate+MinPeaks+EquipRej+SkinPrio+Omega+OmScale+Kalman+StaticSup,run1 baseline
cap_000731,2026-08-19T19:40:26.649,any,23.88,26.38,1,1,0.8829589181915473,TempBand+Watershed+Merge+ClustSml+ShapeGate+MinPeaks+EquipRej+SkinPrio+Omega+OmScale+Kalman+StaticSup,run1 baseline
cap_000732,2026-08-19T19:40:26.779,any,23.88,26.38,1,2,0.9168186264017729,TempBand+Watershed+Merge+ClustSml+ShapeGate+MinPeaks+EquipRej+SkinPrio+Omega+OmScale+Kalman+StaticSup,run1 baseline
cap_000733,2026-08-19T19:40:26.906,any,23.88,26.38,1,2,0.9234820120424453,TempBand+Watershed+Merge+ClustSml+ShapeGate+MinPeaks+EquipRej+SkinPrio+Omega+OmScale+Kalman+StaticSup,run1 baseline
cap_000734,2026-08-19T19:40:27.003,any,23.88,26.38,1,2,0.908486971073221,TempBand+Watershed+Merge+ClustSml+ShapeGate+MinPeaks+EquipRej+SkinPrio+Omega+OmScale+Kalman+StaticSup,run1 baseline
cap_000735,2026-08-19T19:40:27.130,any,23.88,26.38,1,2,0.9224436000332741,TempBand+Watershed+Merge+ClustSml+ShapeGate+MinPeaks+EquipRej+SkinPrio+Omega+OmScale+Kalman+StaticSup,run1 baseline
cap_000736,2026-08-19T19:40:27.228,any,23.88,26.38,1,2,0.8885669654546762,TempBand+Watershed+Merge+ClustSml+ShapeGate+MinPeaks+EquipRej+SkinPrio+Omega+OmScale+Kalman+StaticSup,run1 baseline
cap_000737,2026-08-19T19:40:27.353,any,23.86,26.36,1,2,0.8775053659002278,TempBand+Watershed+Merge+ClustSml+ShapeGate+MinPeaks+EquipRej+SkinPrio+Omega+OmScale+Kalman+StaticSup,run1 baseline
cap_000738,2026-08-19T19:40:27.450,any,23.86,26.36,1,2,0.9174558442574879,TempBand+Watershed+Merge+ClustSml+ShapeGate+MinPeaks+EquipRej+SkinPrio+Omega+OmScale+Kalman+StaticSup,run1 baseline
cap_000739,2026-08-19T19:40:27.579,any,23.88,26.38,1,2,0.9229892146619677,TempBand+Watershed+Merge+ClustSml+ShapeGate+MinPeaks+EquipRej+SkinPrio+Omega+OmScale+Kalman+StaticSup,run1 baseline
cap_000740,2026-08-19T19:40:27.706,any,23.86,26.36,1,1,0.9067737493877147,TempBand+Watershed+Merge+ClustSml+ShapeGate+MinPeaks+EquipRej+SkinPrio+Omega+OmScale+Kalman+StaticSup,run1 baseline
cap_000741,2026-08-19T19:40:27.801,any,23.86,26.36,1,1,0.892579246304547,TempBand+Watershed+Merge+ClustSml+ShapeGate+MinPeaks+EquipRej+SkinPrio+Omega+OmScale+Kalman+StaticSup,run1 baseline
cap_000742,2026-08-19T19:40:27.930,any,23.88,26.38,1,1,0.9099448584925152,TempBand+Watershed+Merge+ClustSml+ShapeGate+MinPeaks+EquipRej+SkinPrio+Omega+OmScale+Kalman+StaticSup,run1 baseline
cap_000743,2026-08-19T19:40:28.035,any,23.86,26.36,1,1,0.9048007926324931,TempBand+Watershed+Merge+ClustSml+ShapeGate+MinPeaks+EquipRej+SkinPrio+Omega+OmScale+Kalman+StaticSup,run1 baseline
cap_000744,2026-08-19T19:40:28.155,any,23.86,26.36,1,1,0.9142897518282838,TempBand+Watershed+Merge+ClustSml+ShapeGate+MinPeaks+EquipRej+SkinPrio+Omega+OmScale+Kalman+StaticSup,run1 baseline
cap_000745,2026-08-19T19:40:28.251,any,23.84,26.34,1,1,0.9078196503699384,TempBand+Watershed+Merge+ClustSml+ShapeGate+MinPeaks+EquipRej+SkinPrio+Omega+OmScale+Kalman+StaticSup,run1 baseline
cap_000746,2026-08-19T19:40:28.378,any,23.86,26.36,1,1,0.8878448613574875,TempBand+Watershed+Merge+ClustSml+ShapeGate+MinPeaks+EquipRej+SkinPrio+Omega+OmScale+Kalman+StaticSup,run1 baseline
cap_000747,2026-08-19T19:40:28.473,any,23.84,26.34,1,1,0.9301813664328286,TempBand+Watershed+Merge+ClustSml+ShapeGate+MinPeaks+EquipRej+SkinPrio+Omega+OmScale+Kalman+StaticSup,run1 baseline
cap_000748,2026-08-19T19:40:28.603,any,23.81,26.31,1,1,0.9301813664328286,TempBand+Watershed+Merge+ClustSml+ShapeGate+MinPeaks+EquipRej+SkinPrio+Omega+OmScale+Kalman+StaticSup,run1 baseline
cap_000749,2026-08-19T19:40:28.729,any,23.81,26.31,1,2,0.9277593563216706,TempBand+Watershed+Merge+ClustSml+ShapeGate+MinPeaks+EquipRej+SkinPrio+Omega+OmScale+Kalman+StaticSup,run1 baseline
cap_000750,2026-08-19T19:40:28.827,any,23.81,26.31,1,2,0.927459092179535,TempBand+Watershed+Merge+ClustSml+ShapeGate+MinPeaks+EquipRej+SkinPrio+Omega+OmScale+Kalman+StaticSup,run1 baseline
cap_000751,2026-08-19T19:40:28.952,any,23.81,26.31,1,1,0.9224773831085118,TempBand+Watershed+Merge+ClustSml+ShapeGate+MinPeaks+EquipRej+SkinPrio+Omega+OmScale+Kalman+StaticSup,run1 baseline
cap_000752,2026-08-19T19:40:29.050,any,23.84,26.34,1,1,0.9184317312929069,TempBand+Watershed+Merge+ClustSml+ShapeGate+MinPeaks+EquipRej+SkinPrio+Omega+OmScale+Kalman+StaticSup,run1 baseline
cap_000753,2026-08-19T19:40:29.181,any,23.81,26.31,1,1,0.9150999903718036,TempBand+Watershed+Merge+ClustSml+ShapeGate+MinPeaks+EquipRej+SkinPrio+Omega+OmScale+Kalman+StaticSup,run1 baseline
cap_000754,2026-08-19T19:40:29.273,any,23.81,26.31,1,1,0.9150999903718036,TempBand+Watershed+Merge+ClustSml+ShapeGate+MinPeaks+EquipRej+SkinPrio+Omega+OmScale+Kalman+StaticSup,run1 baseline
cap_000755,2026-08-19T19:40:29.403,any,23.81,26.31,1,1,0.8999422569974689,TempBand+Watershed+Merge+ClustSml+ShapeGate+MinPeaks+EquipRej+SkinPrio+Omega+OmScale+Kalman+StaticSup,run1 baseline
cap_000756,2026-08-19T19:40:29.496,any,23.79,26.29,1,1,0.9008346918681804,TempBand+Watershed+Merge+ClustSml+ShapeGate+MinPeaks+EquipRej+SkinPrio+Omega+OmScale+Kalman+StaticSup,run1 baseline
cap_000757,2026-08-19T19:40:29.628,any,23.79,26.29,1,1,0.9192175487222807,TempBand+Watershed+Merge+ClustSml+ShapeGate+MinPeaks+EquipRej+SkinPrio+Omega+OmScale+Kalman+StaticSup,run1 baseline
cap_000758,2026-08-19T19:40:29.753,any,23.79,26.29,1,1,0.9201700948302542,TempBand+Watershed+Merge+ClustSml+ShapeGate+MinPeaks+EquipRej+SkinPrio+Omega+OmScale+Kalman+StaticSup,run1 baseline
cap_000759,2026-08-19T19:40:29.848,any,23.79,26.29,1,1,0.920320822536175,TempBand+Watershed+Merge+ClustSml+ShapeGate+MinPeaks+EquipRej+SkinPrio+Omega+OmScale+Kalman+StaticSup,run1 baseline
cap_000760,2026-08-19T19:40:29.977,any,23.77,26.27,1,1,0.9135438600266501,TempBand+Watershed+Merge+ClustSml+ShapeGate+MinPeaks+EquipRej+SkinPrio+Omega+OmScale+Kalman+StaticSup,run1 baseline
cap_000761,2026-08-19T19:40:30.074,any,23.77,26.27,1,1,0.9135438600266501,TempBand+Watershed+Merge+ClustSml+ShapeGate+MinPeaks+EquipRej+SkinPrio+Omega+OmScale+Kalman+StaticSup,run1 baseline
cap_000762,2026-08-19T19:40:30.199,any,23.77,26.27,1,1,0.9146281387429848,TempBand+Watershed+Merge+ClustSml+ShapeGate+MinPeaks+EquipRej+SkinPrio+Omega+OmScale+Kalman+StaticSup,run1 baseline
cap_000763,2026-08-19T19:40:30.298,any,23.72,26.22,1,1,0.9064711274592199,TempBand+Watershed+Merge+ClustSml+ShapeGate+MinPeaks+EquipRej+SkinPrio+Omega+OmScale+Kalman+StaticSup,run1 baseline
cap_000764,2026-08-19T19:40:30.426,any,23.74,26.24,1,1,0.8538295595241484,TempBand+Watershed+Merge+ClustSml+ShapeGate+MinPeaks+EquipRej+SkinPrio+Omega+OmScale+Kalman+StaticSup,run1 baseline
cap_000765,2026-08-19T19:40:30.557,any,23.72,26.22,1,1,0.8530578917173058,TempBand+Watershed+Merge+ClustSml+ShapeGate+MinPeaks+EquipRej+SkinPrio+Omega+OmScale+Kalman+StaticSup,run1 baseline
cap_000766,2026-08-19T19:40:30.649,any,23.72,26.22,1,1,0.8571836007464274,TempBand+Watershed+Merge+ClustSml+ShapeGate+MinPeaks+EquipRej+SkinPrio+Omega+OmScale+Kalman+StaticSup,run1 baseline
cap_000767,2026-08-19T19:40:30.779,any,23.70,26.20,1,1,0.8575835025018179,TempBand+Watershed+Merge+ClustSml+ShapeGate+MinPeaks+EquipRej+SkinPrio+Omega+OmScale+Kalman+StaticSup,run1 baseline
cap_000768,2026-08-19T19:40:30.875,any,23.70,26.20,1,1,0.8564647316700308,TempBand+Watershed+Merge+ClustSml+ShapeGate+MinPeaks+EquipRej+SkinPrio+Omega+OmScale+Kalman+StaticSup,run1 baseline
cap_000769,2026-08-19T19:40:31.003,any,23.67,26.17,1,1,0.8439035930658296,TempBand+Watershed+Merge+ClustSml+ShapeGate+MinPeaks+EquipRej+SkinPrio+Omega+OmScale+Kalman+StaticSup,run1 baseline
cap_000770,2026-08-19T19:40:31.101,any,23.67,26.17,1,1,0.8420178523588215,TempBand+Watershed+Merge+ClustSml+ShapeGate+MinPeaks+EquipRej+SkinPrio+Omega+OmScale+Kalman+StaticSup,run1 baseline
cap_000771,2026-08-19T19:40:31.224,any,23.70,26.20,1,1,0.8558193072511004,TempBand+Watershed+Merge+ClustSml+ShapeGate+MinPeaks+EquipRej+SkinPrio+Omega+OmScale+Kalman+StaticSup,run1 baseline
cap_000772,2026-08-19T19:40:31.320,any,23.72,26.22,1,1,0.8813374097285486,TempBand+Watershed+Merge+ClustSml+ShapeGate+MinPeaks+EquipRej+SkinPrio+Omega+OmScale+Kalman+StaticSup,run1 baseline
cap_000773,2026-08-19T19:40:31.448,any,23.74,26.24,1,1,0.8685372382701858,TempBand+Watershed+Merge+ClustSml+ShapeGate+MinPeaks+EquipRej+SkinPrio+Omega+OmScale+Kalman+StaticSup,run1 baseline
cap_000774,2026-08-19T19:40:31.580,any,23.74,26.24,1,1,0.8550993070873643,TempBand+Watershed+Merge+ClustSml+ShapeGate+MinPeaks+EquipRej+SkinPrio+Omega+OmScale+Kalman+StaticSup,run1 baseline
cap_000775,2026-08-19T19:40:31.673,any,23.74,26.24,1,1,0.8550367471384893,TempBand+Watershed+Merge+ClustSml+ShapeGate+MinPeaks+EquipRej+SkinPrio+Omega+OmScale+Kalman+StaticSup,run1 baseline
cap_000776,2026-08-19T19:40:31.800,any,23.74,26.24,1,1,0.8590076183867331,TempBand+Watershed+Merge+ClustSml+ShapeGate+MinPeaks+EquipRej+SkinPrio+Omega+OmScale+Kalman+StaticSup,run1 baseline
cap_000777,2026-08-19T19:40:31.899,any,23.74,26.24,1,1,0.8948149147471309,TempBand+Watershed+Merge+ClustSml+ShapeGate+MinPeaks+EquipRej+SkinPrio+Omega+OmScale+Kalman+StaticSup,run1 baseline
