file,timestamp,view,background,threshold,n_det,omega_count,omega_score,flags,note
cap_000000,2026-08-24T15:29:59.701,horizontal,22.87,25.37,2,0,0.0,TempBand+Watershed+Merge+ClustSml+ShapeGate+MinPeaks+P-Filter+EquipRej+SkinPrio+Omega+OmScale+OmSplit+OmRot+FarField+GradFarF+Kalman+StaticSup,horizontal best
cap_000001,2026-08-24T15:29:59.822,horizontal,22.87,25.37,2,0,0.0,TempBand+Watershed+Merge+ClustSml+ShapeGate+MinPeaks+P-Filter+EquipRej+SkinPrio+Omega+OmScale+OmSplit+OmRot+FarField+GradFarF+Kalman+StaticSup,horizontal best
cap_000002,2026-08-24T15:29:59.920,horizontal,22.84,25.34,2,0,0.0,TempBand+Watershed+Merge+ClustSml+ShapeGate+MinPeaks+P-Filter+EquipRej+SkinPrio+Omega+OmScale+OmSplit+OmRot+FarField+GradFarF+Kalman+StaticSup,horizontal best
cap_000003,2026-08-24T15:30:00.049,horizontal,22.84,25.34,2,0,0.0,TempBand+Watershed+Merge+ClustSml+ShapeGate+MinPeaks+P-Filter+EquipRej+SkinPrio+Omega+OmScale+OmSplit+OmRot+FarField+GradFarF+Kalman+StaticSup,horizontal best
cap_000004,2026-08-24T15:30:00.170,horizontal,22.87,25.37,2,0,0.0,TempBand+Watershed+Merge+ClustSml+ShapeGate+MinPeaks+P-Filter+EquipRej+SkinPrio+Omega+OmScale+OmSplit+OmRot+FarField+GradFarF+Kalman+StaticSup,horizontal best
cap_000005,2026-08-24T15:30:00.268,horizontal,22.87,25.37,2,0,0.0,TempBand+Watershed+Merge+ClustSml+ShapeGate+MinPeaks+P-Filter+EquipRej+SkinPrio+Omega+OmScale+OmSplit+OmRot+FarField+GradFarF+Kalman+StaticSup,horizontal best
cap_000006,2026-08-24T15:30:00.397,horizontal,22.87,25.37,2,0,0.0,TempBand+Watershed+Merge+ClustSml+ShapeGate+MinPeaks+P-Filter+EquipRej+SkinPrio+Omega+OmScale+OmSplit+OmRot+FarField+GradFarF+Kalman+StaticSup,horizontal best
cap_000007,2026-08-24T15:30:00.491,horizontal,22.87,25.37,2,0,0.0,TempBand+Watershed+Merge+ClustSml+ShapeGate+MinPeaks+P-Filter+EquipRej+SkinPrio+Omega+OmScale+OmSplit+OmRot+FarField+GradFarF+Kalman+StaticSup,horizontal best
cap_000008,2026-08-24T15:30:00.626,horizontal,22.87,25.37,2,0,0.0,TempBand+Watershed+Merge+ClustSml+ShapeGate+MinPeaks+P-Filter+EquipRej+SkinPrio+Omega+OmScale+OmSplit+OmRot+FarField+GradFarF+Kalman+StaticSup,horizontal best
cap_000009,2026-08-24T15:30:00.722,horizontal,22.84,25.34,2,0,0.0,TempBand+Watershed+Merge+ClustSml+ShapeGate+MinPeaks+P-Filter+EquipRej+SkinPrio+Omega+OmScale+OmSplit+OmRot+FarField+GradFarF+Kalman+StaticSup,horizontal best
cap_000010,2026-08-24T15:30:00.849,horizontal,22.84,25.34,2,0,0.0,TempBand+Watershed+Merge+ClustSml+ShapeGate+MinPeaks+P-Filter+EquipRej+SkinPrio+Omega+OmScale+OmSplit+OmRot+FarField+GradFarF+Kalman+StaticSup,horizontal best
cap_000011,2026-08-24T15:30:00.942,horizontal,22.84,25.34,2,0,0.0,TempBand+Watershed+Merge+ClustSml+ShapeGate+MinPeaks+P-Filter+EquipRej+SkinPrio+Omega+OmScale+OmSplit+OmRot+FarField+GradFarF+Kalman+StaticSup,horizontal best
cap_000012,2026-08-24T15:30:01.071,horizontal,22.87,25.37,2,0,0.0,TempBand+Watershed+Merge+ClustSml+ShapeGate+MinPeaks+P-Filter+EquipRej+SkinPrio+Omega+OmScale+OmSplit+OmRot+FarField+GradFarF+Kalman+StaticSup,horizontal best
cap_000013,2026-08-24T15:30:01.198,horizontal,22.87,25.37,2,0,0.0,TempBand+Watershed+Merge+ClustSml+ShapeGate+MinPeaks+P-Filter+EquipRej+SkinPrio+Omega+OmScale+OmSplit+OmRot+FarField+GradFarF+Kalman+StaticSup,horizontal best
cap_000014,2026-08-24T15:30:01.296,horizontal,22.89,25.39,2,0,0.0,TempBand+Watershed+Merge+ClustSml+ShapeGate+MinPeaks+P-Filter+EquipRej+SkinPrio+Omega+OmScale+OmSplit+OmRot+FarField+GradFarF+Kalman+StaticSup,horizontal best
cap_000015,2026-08-24T15:30:01.427,horizontal,22.89,25.39,2,0,0.0,TempBand+Watershed+Merge+ClustSml+ShapeGate+MinPeaks+P-Filter+EquipRej+SkinPrio+Omega+OmScale+OmSplit+OmRot+FarField+GradFarF+Kalman+StaticSup,horizontal best
cap_000016,2026-08-24T15:30:01.516,horizontal,22.89,25.39,2,0,0.0,TempBand+Watershed+Merge+ClustSml+ShapeGate+MinPeaks+P-Filter+EquipRej+SkinPrio+Omega+OmScale+OmSplit+OmRot+FarField+GradFarF+Kalman+StaticSup,horizontal best
cap_000017,2026-08-24T15:30:01.644,horizontal,22.87,25.37,2,0,0.0,TempBand+Watershed+Merge+ClustSml+ShapeGate+MinPeaks+P-Filter+EquipRej+SkinPrio+Omega+OmScale+OmSplit+OmRot+FarField+GradFarF+Kalman+StaticSup,horizontal best
cap_000018,2026-08-24T15:30:01.747,horizontal,22.87,25.37,2,0,0.0,TempBand+Watershed+Merge+ClustSml+ShapeGate+MinPeaks+P-Filter+EquipRej+SkinPrio+Omega+OmScale+OmSplit+OmRot+FarField+GradFarF+Kalman+StaticSup,horizontal best
cap_000019,2026-08-24T15:30:01.869,horizontal,22.87,25.37,2,0,0.0,TempBand+Watershed+Merge+ClustSml+ShapeGate+MinPeaks+P-Filter+EquipRej+SkinPrio+Omega+OmScale+OmSplit+OmRot+FarField+GradFarF+Kalman+StaticSup,horizontal best
cap_000020,2026-08-24T15:30:02.002,horizontal,22.87,25.37,2,0,0.0,TempBand+Watershed+Merge+ClustSml+ShapeGate+MinPeaks+P-Filter+EquipRej+SkinPrio+Omega+OmScale+OmSplit+OmRot+FarField+GradFarF+Kalman+StaticSup,horizontal best
cap_000021,2026-08-24T15:30:02.099,horizontal,22.87,25.37,2,0,0.0,TempBand+Watershed+Merge+ClustSml+ShapeGate+MinPeaks+P-Filter+EquipRej+SkinPrio+Omega+OmScale+OmSplit+OmRot+FarField+GradFarF+Kalman+StaticSup,horizontal best
cap_000022,2026-08-24T15:30:02.225,horizontal,22.87,25.37,2,0,0.0,TempBand+Watershed+Merge+ClustSml+ShapeGate+MinPeaks+P-Filter+EquipRej+SkinPrio+Omega+OmScale+OmSplit+OmRot+FarField+GradFarF+Kalman+StaticSup,horizontal best
cap_000023,2026-08-24T15:30:02.323,horizontal,22.87,25.37,2,0,0.0,TempBand+Watershed+Merge+ClustSml+ShapeGate+MinPeaks+P-Filter+EquipRej+SkinPrio+Omega+OmScale+OmSplit+OmRot+FarField+GradFarF+Kalman+StaticSup,horizontal best
cap_000024,2026-08-24T15:30:02.447,horizontal,22.89,25.39,2,0,0.0,TempBand+Watershed+Merge+ClustSml+ShapeGate+MinPeaks+P-Filter+EquipRej+SkinPrio+Omega+OmScale+OmSplit+OmRot+FarField+GradFarF+Kalman+StaticSup,horizontal best
cap_000025,2026-08-24T15:30:02.546,horizontal,22.87,25.37,2,0,0.0,TempBand+Watershed+Merge+ClustSml+ShapeGate+MinPeaks+P-Filter+EquipRej+SkinPrio+Omega+OmScale+OmSplit+OmRot+FarField+GradFarF+Kalman+StaticSup,horizontal best
cap_000026,2026-08-24T15:30:02.670,horizontal,22.87,25.37,2,0,0.0,TempBand+Watershed+Merge+ClustSml+ShapeGate+MinPeaks+P-Filter+EquipRej+SkinPrio+Omega+OmScale+OmSplit+OmRot+FarField+GradFarF+Kalman+StaticSup,horizontal best
cap_000027,2026-08-24T15:30:02.767,horizontal,22.84,25.34,2,0,0.0,TempBand+Watershed+Merge+ClustSml+ShapeGate+MinPeaks+P-Filter+EquipRej+SkinPrio+Omega+OmScale+OmSplit+OmRot+FarField+GradFarF+Kalman+StaticSup,horizontal best
cap_000028,2026-08-24T15:30:02.901,horizontal,22.84,25.34,2,0,0.0,TempBand+Watershed+Merge+ClustSml+ShapeGate+MinPeaks+P-Filter+EquipRej+SkinPrio+Omega+OmScale+OmSplit+OmRot+FarField+GradFarF+Kalman+StaticSup,horizontal best
cap_000029,2026-08-24T15:30:03.024,horizontal,22.84,25.34,2,0,0.0,TempBand+Watershed+Merge+ClustSml+ShapeGate+MinPeaks+P-Filter+EquipRej+SkinPrio+Omega+OmScale+OmSplit+OmRot+FarField+GradFarF+Kalman+StaticSup,horizontal best
cap_000030,2026-08-24T15:30:03.120,horizontal,22.84,25.34,2,0,0.0,TempBand+Watershed+Merge+ClustSml+ShapeGate+MinPeaks+P-Filter+EquipRej+SkinPrio+Omega+OmScale+OmSplit+OmRot+FarField+GradFarF+Kalman+StaticSup,horizontal best
cap_000031,2026-08-24T15:30:03.252,horizontal,22.82,25.32,2,0,0.0,TempBand+Watershed+Merge+ClustSml+ShapeGate+MinPeaks+P-Filter+EquipRej+SkinPrio+Omega+OmScale+OmSplit+OmRot+FarField+GradFarF+Kalman+StaticSup,horizontal best
cap_000032,2026-08-24T15:30:03.345,horizontal,22.82,25.32,2,0,0.0,TempBand+Watershed+Merge+ClustSml+ShapeGate+MinPeaks+P-Filter+EquipRej+SkinPrio+Omega+OmScale+OmSplit+OmRot+FarField+GradFarF+Kalman+StaticSup,horizontal best
cap_000033,2026-08-24T15:30:03.478,horizontal,22.82,25.32,2,0,0.0,TempBand+Watershed+Merge+ClustSml+ShapeGate+MinPeaks+P-Filter+EquipRej+SkinPrio+Omega+OmScale+OmSplit+OmRot+FarField+GradFarF+Kalman+StaticSup,horizontal best
cap_000034,2026-08-24T15:30:03.569,horizontal,22.82,25.32,2,0,0.0,TempBand+Watershed+Merge+ClustSml+ShapeGate+MinPeaks+P-Filter+EquipRej+SkinPrio+Omega+OmScale+OmSplit+OmRot+FarField+GradFarF+Kalman+StaticSup,horizontal best
cap_000035,2026-08-24T15:30:03.699,horizontal,22.80,25.30,2,0,0.0,TempBand+Watershed+Merge+ClustSml+ShapeGate+MinPeaks+P-Filter+EquipRej+SkinPrio+Omega+OmScale+OmSplit+OmRot+FarField+GradFarF+Kalman+StaticSup,horizontal best
cap_000036,2026-08-24T15:30:03.827,horizontal,22.82,25.32,2,0,0.0,TempBand+Watershed+Merge+ClustSml+ShapeGate+MinPeaks+P-Filter+EquipRej+SkinPrio+Omega+OmScale+OmSplit+OmRot+FarField+GradFarF+Kalman+StaticSup,horizontal best
cap_000037,2026-08-24T15:30:03.921,horizontal,22.84,25.34,2,0,0.0,TempBand+Watershed+Merge+ClustSml+ShapeGate+MinPeaks+P-Filter+EquipRej+SkinPrio+Omega+OmScale+OmSplit+OmRot+FarField+GradFarF+Kalman+StaticSup,horizontal best
cap_000038,2026-08-24T15:30:04.043,horizontal,22.82,25.32,2,0,0.0,TempBand+Watershed+Merge+ClustSml+ShapeGate+MinPeaks+P-Filter+EquipRej+SkinPrio+Omega+OmScale+OmSplit+OmRot+FarField+GradFarF+Kalman+StaticSup,horizontal best
cap_000039,2026-08-24T15:30:04.138,horizontal,22.82,25.32,2,0,0.0,TempBand+Watershed+Merge+ClustSml+ShapeGate+MinPeaks+P-Filter+EquipRej+SkinPrio+Omega+OmScale+OmSplit+OmRot+FarField+GradFarF+Kalman+StaticSup,horizontal best
cap_000040,2026-08-24T15:30:04.268,horizontal,22.82,25.32,2,0,0.0,TempBand+Watershed+Merge+ClustSml+ShapeGate+MinPeaks+P-Filter+EquipRej+SkinPrio+Omega+OmScale+OmSplit+OmRot+FarField+GradFarF+Kalman+StaticSup,horizontal best
cap_000041,2026-08-24T15:30:04.363,horizontal,22.82,25.32,2,0,0.0,TempBand+Watershed+Merge+ClustSml+ShapeGate+MinPeaks+P-Filter+EquipRej+SkinPrio+Omega+OmScale+OmSplit+OmRot+FarField+GradFarF+Kalman+StaticSup,horizontal best
cap_000042,2026-08-24T15:30:04.493,horizontal,22.84,25.34,2,0,0.0,TempBand+Watershed+Merge+ClustSml+ShapeGate+MinPeaks+P-Filter+EquipRej+SkinPrio+Omega+OmScale+OmSplit+OmRot+FarField+GradFarF+Kalman+StaticSup,horizontal best
cap_000043,2026-08-24T15:30:04.588,horizontal,22.91,25.41,2,0,0.0,TempBand+Watershed+Merge+ClustSml+ShapeGate+MinPeaks+P-Filter+EquipRej+SkinPrio+Omega+OmScale+OmSplit+OmRot+FarField+GradFarF+Kalman+StaticSup,horizontal best
cap_000044,2026-08-24T15:30:04.715,horizontal,22.96,25.46,2,0,0.0,TempBand+Watershed+Merge+ClustSml+ShapeGate+MinPeaks+P-Filter+EquipRej+SkinPrio+Omega+OmScale+OmSplit+OmRot+FarField+GradFarF+Kalman+StaticSup,horizontal best
cap_000045,2026-08-24T15:30:04.843,horizontal,22.96,25.46,2,0,0.0,TempBand+Watershed+Merge+ClustSml+ShapeGate+MinPeaks+P-Filter+EquipRej+SkinPrio+Omega+OmScale+OmSplit+OmRot+FarField+GradFarF+Kalman+StaticSup,horizontal best
cap_000046,2026-08-24T15:30:04.949,horizontal,22.96,25.46,2,0,0.0,TempBand+Watershed+Merge+ClustSml+ShapeGate+MinPeaks+P-Filter+EquipRej+SkinPrio+Omega+OmScale+OmSplit+OmRot+FarField+GradFarF+Kalman+StaticSup,horizontal best
cap_000047,2026-08-24T15:30:05.074,horizontal,22.94,25.44,2,0,0.0,TempBand+Watershed+Merge+ClustSml+ShapeGate+MinPeaks+P-Filter+EquipRej+SkinPrio+Omega+OmScale+OmSplit+OmRot+FarField+GradFarF+Kalman+StaticSup,horizontal best
cap_000048,2026-08-24T15:30:05.170,horizontal,22.94,25.44,3,1,0.5529083237129082,TempBand+Watershed+Merge+ClustSml+ShapeGate+MinPeaks+P-Filter+EquipRej+SkinPrio+Omega+OmScale+OmSplit+OmRot+FarField+GradFarF+Kalman+StaticSup,horizontal best
cap_000049,2026-08-24T15:30:05.297,horizontal,22.94,25.44,3,1,0.6693636753642896,TempBand+Watershed+Merge+ClustSml+ShapeGate+MinPeaks+P-Filter+EquipRej+SkinPrio+Omega+OmScale+OmSplit+OmRot+FarField+GradFarF+Kalman+StaticSup,horizontal best
cap_000050,2026-08-24T15:30:05.395,horizontal,22.94,25.44,3,0,0.0,TempBand+Watershed+Merge+ClustSml+ShapeGate+MinPeaks+P-Filter+EquipRej+SkinPrio+Omega+OmScale+OmSplit+OmRot+FarField+GradFarF+Kalman+StaticSup,horizontal best
cap_000051,2026-08-24T15:30:05.521,horizontal,22.96,25.46,3,0,0.0,TempBand+Watershed+Merge+ClustSml+ShapeGate+MinPeaks+P-Filter+EquipRej+SkinPrio+Omega+OmScale+OmSplit+OmRot+FarField+GradFarF+Kalman+StaticSup,horizontal best
cap_000052,2026-08-24T15:30:05.653,horizontal,22.94,25.44,3,0,0.0,TempBand+Watershed+Merge+ClustSml+ShapeGate+MinPeaks+P-Filter+EquipRej+SkinPrio+Omega+OmScale+OmSplit+OmRot+FarField+GradFarF+Kalman+StaticSup,horizontal best
cap_000053,2026-08-24T15:30:05.746,horizontal,22.94,25.44,3,1,0.6096751344837157,TempBand+Watershed+Merge+ClustSml+ShapeGate+MinPeaks+P-Filter+EquipRej+SkinPrio+Omega+OmScale+OmSplit+OmRot+FarField+GradFarF+Kalman+StaticSup,horizontal best
cap_000054,2026-08-24T15:30:05.878,horizontal,22.91,25.41,3,0,0.0,TempBand+Watershed+Merge+ClustSml+ShapeGate+MinPeaks+P-Filter+EquipRej+SkinPrio+Omega+OmScale+OmSplit+OmRot+FarField+GradFarF+Kalman+StaticSup,horizontal best
cap_000055,2026-08-24T15:30:05.970,horizontal,22.94,25.44,3,1,0.20279792751534464,TempBand+Watershed+Merge+ClustSml+ShapeGate+MinPeaks+P-Filter+EquipRej+SkinPrio+Omega+OmScale+OmSplit+OmRot+FarField+GradFarF+Kalman+StaticSup,horizontal best
cap_000056,2026-08-24T15:30:06.100,horizontal,22.94,25.44,3,1,0.8864847940874745,TempBand+Watershed+Merge+ClustSml+ShapeGate+MinPeaks+P-Filter+EquipRej+SkinPrio+Omega+OmScale+OmSplit+OmRot+FarField+GradFarF+Kalman+StaticSup,horizontal best
cap_000057,2026-08-24T15:30:06.195,horizontal,22.91,25.41,3,0,0.0,TempBand+Watershed+Merge+ClustSml+ShapeGate+MinPeaks+P-Filter+EquipRej+SkinPrio+Omega+OmScale+OmSplit+OmRot+FarField+GradFarF+Kalman+StaticSup,horizontal best
cap_000058,2026-08-24T15:30:06.326,horizontal,22.91,25.41,3,1,0.9209346291810706,TempBand+Watershed+Merge+ClustSml+ShapeGate+MinPeaks+P-Filter+EquipRej+SkinPrio+Omega+OmScale+OmSplit+OmRot+FarField+GradFarF+Kalman+StaticSup,horizontal best
cap_000059,2026-08-24T15:30:06.422,horizontal,22.94,25.44,3,0,0.0,TempBand+Watershed+Merge+ClustSml+ShapeGate+MinPeaks+P-Filter+EquipRej+SkinPrio+Omega+OmScale+OmSplit+OmRot+FarField+GradFarF+Kalman+StaticSup,horizontal best
cap_000060,2026-08-24T15:30:06.551,horizontal,22.94,25.44,3,0,0.0,TempBand+Watershed+Merge+ClustSml+ShapeGate+MinPeaks+P-Filter+EquipRej+SkinPrio+Omega+OmScale+OmSplit+OmRot+FarField+GradFarF+Kalman+StaticSup,horizontal best
cap_000061,2026-08-24T15:30:06.675,horizontal,22.96,25.46,3,2,0.9427710110722616,TempBand+Watershed+Merge+ClustSml+ShapeGate+MinPeaks+P-Filter+EquipRej+SkinPrio+Omega+OmScale+OmSplit+OmRot+FarField+GradFarF+Kalman+StaticSup,horizontal best
cap_000062,2026-08-24T15:30:06.776,horizontal,22.96,25.46,3,0,0.0,TempBand+Watershed+Merge+ClustSml+ShapeGate+MinPeaks+P-Filter+EquipRej+SkinPrio+Omega+OmScale+OmSplit+OmRot+FarField+GradFarF+Kalman+StaticSup,horizontal best
cap_000063,2026-08-24T15:30:06.898,horizontal,22.96,25.46,3,1,0.6686924813587567,TempBand+Watershed+Merge+ClustSml+ShapeGate+MinPeaks+P-Filter+EquipRej+SkinPrio+Omega+OmScale+OmSplit+OmRot+FarField+GradFarF+Kalman+StaticSup,horizontal best
cap_000064,2026-08-24T15:30:06.994,horizontal,22.94,25.44,3,1,0.1950971614042153,TempBand+Watershed+Merge+ClustSml+ShapeGate+MinPeaks+P-Filter+EquipRej+SkinPrio+Omega+OmScale+OmSplit+OmRot+FarField+GradFarF+Kalman+StaticSup,horizontal best
cap_000065,2026-08-24T15:30:07.125,horizontal,22.94,25.44,3,1,0.10974606626610228,TempBand+Watershed+Merge+ClustSml+ShapeGate+MinPeaks+P-Filter+EquipRej+SkinPrio+Omega+OmScale+OmSplit+OmRot+FarField+GradFarF+Kalman+StaticSup,horizontal best
cap_000066,2026-08-24T15:30:07.220,horizontal,22.94,25.44,3,0,0.0,TempBand+Watershed+Merge+ClustSml+ShapeGate+MinPeaks+P-Filter+EquipRej+SkinPrio+Omega+OmScale+OmSplit+OmRot+FarField+GradFarF+Kalman+StaticSup,horizontal best
cap_000067,2026-08-24T15:30:07.346,horizontal,22.91,25.41,2,1,0.12302649041094699,TempBand+Watershed+Merge+ClustSml+ShapeGate+MinPeaks+P-Filter+EquipRej+SkinPrio+Omega+OmScale+OmSplit+OmRot+FarField+GradFarF+Kalman+StaticSup,horizontal best
cap_000068,2026-08-24T15:30:07.445,horizontal,22.91,25.41,2,1,0.1677369540491349,TempBand+Watershed+Merge+ClustSml+ShapeGate+MinPeaks+P-Filter+EquipRej+SkinPrio+Omega+OmScale+OmSplit+OmRot+FarField+GradFarF+Kalman+StaticSup,horizontal best
cap_000069,2026-08-24T15:30:07.571,horizontal,22.94,25.44,2,0,0.0,TempBand+Watershed+Merge+ClustSml+ShapeGate+MinPeaks+P-Filter+EquipRej+SkinPrio+Omega+OmScale+OmSplit+OmRot+FarField+GradFarF+Kalman+StaticSup,horizontal best
cap_000070,2026-08-24T15:30:07.698,horizontal,22.94,25.44,2,0,0.0,TempBand+Watershed+Merge+ClustSml+ShapeGate+MinPeaks+P-Filter+EquipRej+SkinPrio+Omega+OmScale+OmSplit+OmRot+FarField+GradFarF+Kalman+StaticSup,horizontal best
cap_000071,2026-08-24T15:30:07.792,horizontal,22.94,25.44,2,1,0.193349482960829,TempBand+Watershed+Merge+ClustSml+ShapeGate+MinPeaks+P-Filter+EquipRej+SkinPrio+Omega+OmScale+OmSplit+OmRot+FarField+GradFarF+Kalman+StaticSup,horizontal best
cap_000072,2026-08-24T15:30:07.920,horizontal,22.94,25.44,2,1,0.08224355299330732,TempBand+Watershed+Merge+ClustSml+ShapeGate+MinPeaks+P-Filter+EquipRej+SkinPrio+Omega+OmScale+OmSplit+OmRot+FarField+GradFarF+Kalman+StaticSup,horizontal best
cap_000073,2026-08-24T15:30:08.017,horizontal,22.94,25.44,3,0,0.0,TempBand+Watershed+Merge+ClustSml+ShapeGate+MinPeaks+P-Filter+EquipRej+SkinPrio+Omega+OmScale+OmSplit+OmRot+FarField+GradFarF+Kalman+StaticSup,horizontal best
cap_000074,2026-08-24T15:30:08.146,horizontal,22.94,25.44,2,0,0.0,TempBand+Watershed+Merge+ClustSml+ShapeGate+MinPeaks+P-Filter+EquipRej+SkinPrio+Omega+OmScale+OmSplit+OmRot+FarField+GradFarF+Kalman+StaticSup,horizontal best
cap_000075,2026-08-24T15:30:08.243,horizontal,22.91,25.41,2,0,0.0,TempBand+Watershed+Merge+ClustSml+ShapeGate+MinPeaks+P-Filter+EquipRej+SkinPrio+Omega+OmScale+OmSplit+OmRot+FarField+GradFarF+Kalman+StaticSup,horizontal best
cap_000076,2026-08-24T15:30:08.369,horizontal,22.91,25.41,2,0,0.0,TempBand+Watershed+Merge+ClustSml+ShapeGate+MinPeaks+P-Filter+EquipRej+SkinPrio+Omega+OmScale+OmSplit+OmRot+FarField+GradFarF+Kalman+StaticSup,horizontal best
cap_000077,2026-08-24T15:30:08.499,horizontal,22.94,25.44,2,1,0.5635510568886873,TempBand+Watershed+Merge+ClustSml+ShapeGate+MinPeaks+P-Filter+EquipRej+SkinPrio+Omega+OmScale+OmSplit+OmRot+FarField+GradFarF+Kalman+StaticSup,horizontal best
cap_000078,2026-08-24T15:30:08.593,horizontal,22.91,25.41,2,0,0.0,TempBand+Watershed+Merge+ClustSml+ShapeGate+MinPeaks+P-Filter+EquipRej+SkinPrio+Omega+OmScale+OmSplit+OmRot+FarField+GradFarF+Kalman+StaticSup,horizontal best
cap_000079,2026-08-24T15:30:08.724,horizontal,22.94,25.44,2,0,0.0,TempBand+Watershed+Merge+ClustSml+ShapeGate+MinPeaks+P-Filter+EquipRej+SkinPrio+Omega+OmScale+OmSplit+OmRot+FarField+GradFarF+Kalman+StaticSup,horizontal best
cap_000080,2026-08-24T15:30:08.823,horizontal,22.94,25.44,2,0,0.0,TempBand+Watershed+Merge+ClustSml+ShapeGate+MinPeaks+P-Filter+EquipRej+SkinPrio+Omega+OmScale+OmSplit+OmRot+FarField+GradFarF+Kalman+StaticSup,horizontal best
cap_000081,2026-08-24T15:30:08.956,horizontal,22.91,25.41,2,0,0.0,TempBand+Watershed+Merge+ClustSml+ShapeGate+MinPeaks+P-Filter+EquipRej+SkinPrio+Omega+OmScale+OmSplit+OmRot+FarField+GradFarF+Kalman+StaticSup,horizontal best
cap_000082,2026-08-24T15:30:09.044,horizontal,22.94,25.44,2,0,0.0,TempBand+Watershed+Merge+ClustSml+ShapeGate+MinPeaks+P-Filter+EquipRej+SkinPrio+Omega+OmScale+OmSplit+OmRot+FarField+GradFarF+Kalman+StaticSup,horizontal best
cap_000083,2026-08-24T15:30:09.172,horizontal,22.94,25.44,2,0,0.0,TempBand+Watershed+Merge+ClustSml+ShapeGate+MinPeaks+P-Filter+EquipRej+SkinPrio+Omega+OmScale+OmSplit+OmRot+FarField+GradFarF+Kalman+StaticSup,horizontal best
cap_000084,2026-08-24T15:30:09.266,horizontal,22.94,25.44,2,0,0.0,TempBand+Watershed+Merge+ClustSml+ShapeGate+MinPeaks+P-Filter+EquipRej+SkinPrio+Omega+OmScale+OmSplit+OmRot+FarField+GradFarF+Kalman+StaticSup,horizontal best
cap_000085,2026-08-24T15:30:09.392,horizontal,22.94,25.44,2,0,0.0,TempBand+Watershed+Merge+ClustSml+ShapeGate+MinPeaks+P-Filter+EquipRej+SkinPrio+Omega+OmScale+OmSplit+OmRot+FarField+GradFarF+Kalman+StaticSup,horizontal best
cap_000086,2026-08-24T15:30:09.524,horizontal,22.94,25.44,2,0,0.0,TempBand+Watershed+Merge+ClustSml+ShapeGate+MinPeaks+P-Filter+EquipRej+SkinPrio+Omega+OmScale+OmSplit+OmRot+FarField+GradFarF+Kalman+StaticSup,horizontal best
cap_000087,2026-08-24T15:30:09.617,horizontal,22.91,25.41,2,0,0.0,TempBand+Watershed+Merge+ClustSml+ShapeGate+MinPeaks+P-Filter+EquipRej+SkinPrio+Omega+OmScale+OmSplit+OmRot+FarField+GradFarF+Kalman+StaticSup,horizontal best
cap_000088,2026-08-24T15:30:09.748,horizontal,22.91,25.41,2,0,0.0,TempBand+Watershed+Merge+ClustSml+ShapeGate+MinPeaks+P-Filter+EquipRej+SkinPrio+Omega+OmScale+OmSplit+OmRot+FarField+GradFarF+Kalman+StaticSup,horizontal best
cap_000089,2026-08-24T15:30:09.841,horizontal,22.91,25.41,2,0,0.0,TempBand+Watershed+Merge+ClustSml+ShapeGate+MinPeaks+P-Filter+EquipRej+SkinPrio+Omega+OmScale+OmSplit+OmRot+FarField+GradFarF+Kalman+StaticSup,horizontal best
cap_000090,2026-08-24T15:30:09.972,horizontal,22.89,25.39,2,0,0.0,TempBand+Watershed+Merge+ClustSml+ShapeGate+MinPeaks+P-Filter+EquipRej+SkinPrio+Omega+OmScale+OmSplit+OmRot+FarField+GradFarF+Kalman+StaticSup,horizontal best
cap_000091,2026-08-24T15:30:10.065,horizontal,22.87,25.37,1,0,0.0,TempBand+Watershed+Merge+ClustSml+ShapeGate+MinPeaks+P-Filter+EquipRej+SkinPrio+Omega+OmScale+OmSplit+OmRot+FarField+GradFarF+Kalman+StaticSup,horizontal best
cap_000092,2026-08-24T15:30:10.193,horizontal,22.84,25.34,1,0,0.0,TempBand+Watershed+Merge+ClustSml+ShapeGate+MinPeaks+P-Filter+EquipRej+SkinPrio+Omega+OmScale+OmSplit+OmRot+FarField+GradFarF+Kalman+StaticSup,horizontal best
cap_000093,2026-08-24T15:30:10.322,horizontal,22.84,25.34,1,0,0.0,TempBand+Watershed+Merge+ClustSml+ShapeGate+MinPeaks+P-Filter+EquipRej+SkinPrio+Omega+OmScale+OmSplit+OmRot+FarField+GradFarF+Kalman+StaticSup,horizontal best
cap_000094,2026-08-24T15:30:10.416,horizontal,22.84,25.34,1,0,0.0,TempBand+Watershed+Merge+ClustSml+ShapeGate+MinPeaks+P-Filter+EquipRej+SkinPrio+Omega+OmScale+OmSplit+OmRot+FarField+GradFarF+Kalman+StaticSup,horizontal best
cap_000095,2026-08-24T15:30:10.551,horizontal,22.82,25.32,1,0,0.0,TempBand+Watershed+Merge+ClustSml+ShapeGate+MinPeaks+P-Filter+EquipRej+SkinPrio+Omega+OmScale+OmSplit+OmRot+FarField+GradFarF+Kalman+StaticSup,horizontal best
cap_000096,2026-08-24T15:30:10.642,horizontal,22.82,25.32,1,0,0.0,TempBand+Watershed+Merge+ClustSml+ShapeGate+MinPeaks+P-Filter+EquipRej+SkinPrio+Omega+OmScale+OmSplit+OmRot+FarField+GradFarF+Kalman+StaticSup,horizontal best
cap_000097,2026-08-24T15:30:10.781,horizontal,22.80,25.30,1,0,0.0,TempBand+Watershed+Merge+ClustSml+ShapeGate+MinPeaks+P-Filter+EquipRej+SkinPrio+Omega+OmScale+OmSplit+OmRot+FarField+GradFarF+Kalman+StaticSup,horizontal best
cap_000098,2026-08-24T15:30:10.867,horizontal,22.80,25.30,1,0,0.0,TempBand+Watershed+Merge+ClustSml+ShapeGate+MinPeaks+P-Filter+EquipRej+SkinPrio+Omega+OmScale+OmSplit+OmRot+FarField+GradFarF+Kalman+StaticSup,horizontal best
cap_000099,2026-08-24T15:30:10.998,horizontal,22.77,25.27,1,0,0.0,TempBand+Watershed+Merge+ClustSml+ShapeGate+MinPeaks+P-Filter+EquipRej+SkinPrio+Omega+OmScale+OmSplit+OmRot+FarField+GradFarF+Kalman+StaticSup,horizontal best
cap_000100,2026-08-24T15:30:11.089,horizontal,22.80,25.30,1,0,0.0,TempBand+Watershed+Merge+ClustSml+ShapeGate+MinPeaks+P-Filter+EquipRej+SkinPrio+Omega+OmScale+OmSplit+OmRot+FarField+GradFarF+Kalman+StaticSup,horizontal best
cap_000101,2026-08-24T15:30:11.220,horizontal,22.80,25.30,2,0,0.0,TempBand+Watershed+Merge+ClustSml+ShapeGate+MinPeaks+P-Filter+EquipRej+SkinPrio+Omega+OmScale+OmSplit+OmRot+FarField+GradFarF+Kalman+StaticSup,horizontal best
cap_000102,2026-08-24T15:30:11.349,horizontal,22.82,25.32,2,0,0.0,TempBand+Watershed+Merge+ClustSml+ShapeGate+MinPeaks+P-Filter+EquipRej+SkinPrio+Omega+OmScale+OmSplit+OmRot+FarField+GradFarF+Kalman+StaticSup,horizontal best
cap_000103,2026-08-24T15:30:11.442,horizontal,22.80,25.30,2,0,0.0,TempBand+Watershed+Merge+ClustSml+ShapeGate+MinPeaks+P-Filter+EquipRej+SkinPrio+Omega+OmScale+OmSplit+OmRot+FarField+GradFarF+Kalman+StaticSup,horizontal best
cap_000104,2026-08-24T15:30:11.573,horizontal,22.80,25.30,2,0,0.0,TempBand+Watershed+Merge+ClustSml+ShapeGate+MinPeaks+P-Filter+EquipRej+SkinPrio+Omega+OmScale+OmSplit+OmRot+FarField+GradFarF+Kalman+StaticSup,horizontal best
cap_000105,2026-08-24T15:30:11.661,horizontal,22.80,25.30,1,0,0.0,TempBand+Watershed+Merge+ClustSml+ShapeGate+MinPeaks+P-Filter+EquipRej+SkinPrio+Omega+OmScale+OmSplit+OmRot+FarField+GradFarF+Kalman+StaticSup,horizontal best
cap_000106,2026-08-24T15:30:11.787,horizontal,22.80,25.30,2,0,0.0,TempBand+Watershed+Merge+ClustSml+ShapeGate+MinPeaks+P-Filter+EquipRej+SkinPrio+Omega+OmScale+OmSplit+OmRot+FarField+GradFarF+Kalman+StaticSup,horizontal best
cap_000107,2026-08-24T15:30:11.888,horizontal,22.80,25.30,2,0,0.0,TempBand+Watershed+Merge+ClustSml+ShapeGate+MinPeaks+P-Filter+EquipRej+SkinPrio+Omega+OmScale+OmSplit+OmRot+FarField+GradFarF+Kalman+StaticSup,horizontal best
cap_000108,2026-08-24T15:30:12.015,horizontal,22.80,25.30,2,0,0.0,TempBand+Watershed+Merge+ClustSml+ShapeGate+MinPeaks+P-Filter+EquipRej+SkinPrio+Omega+OmScale+OmSplit+OmRot+FarField+GradFarF+Kalman+StaticSup,horizontal best
cap_000109,2026-08-24T15:30:12.143,horizontal,22.77,25.27,2,0,0.0,TempBand+Watershed+Merge+ClustSml+ShapeGate+MinPeaks+P-Filter+EquipRej+SkinPrio+Omega+OmScale+OmSplit+OmRot+FarField+GradFarF+Kalman+StaticSup,horizontal best
cap_000110,2026-08-24T15:30:12.242,horizontal,22.77,25.27,2,0,0.0,TempBand+Watershed+Merge+ClustSml+ShapeGate+MinPeaks+P-Filter+EquipRej+SkinPrio+Omega+OmScale+OmSplit+OmRot+FarField+GradFarF+Kalman+StaticSup,horizontal best
cap_000111,2026-08-24T15:30:12.369,horizontal,22.77,25.27,2,0,0.0,TempBand+Watershed+Merge+ClustSml+ShapeGate+MinPeaks+P-Filter+EquipRej+SkinPrio+Omega+OmScale+OmSplit+OmRot+FarField+GradFarF+Kalman+StaticSup,horizontal best
cap_000112,2026-08-24T15:30:12.465,horizontal,22.75,25.25,2,0,0.0,TempBand+Watershed+Merge+ClustSml+ShapeGate+MinPeaks+P-Filter+EquipRej+SkinPrio+Omega+OmScale+OmSplit+OmRot+FarField+GradFarF+Kalman+StaticSup,horizontal best
cap_000113,2026-08-24T15:30:12.595,horizontal,22.73,25.23,2,0,0.0,TempBand+Watershed+Merge+ClustSml+ShapeGate+MinPeaks+P-Filter+EquipRej+SkinPrio+Omega+OmScale+OmSplit+OmRot+FarField+GradFarF+Kalman+StaticSup,horizontal best
cap_000114,2026-08-24T15:30:12.691,horizontal,22.70,25.20,2,0,0.0,TempBand+Watershed+Merge+ClustSml+ShapeGate+MinPeaks+P-Filter+EquipRej+SkinPrio+Omega+OmScale+OmSplit+OmRot+FarField+GradFarF+Kalman+StaticSup,horizontal best
cap_000115,2026-08-24T15:30:12.822,horizontal,22.70,25.20,2,0,0.0,TempBand+Watershed+Merge+ClustSml+ShapeGate+MinPeaks+P-Filter+EquipRej+SkinPrio+Omega+OmScale+OmSplit+OmRot+FarField+GradFarF+Kalman+StaticSup,horizontal best
cap_000116,2026-08-24T15:30:12.920,horizontal,22.68,25.18,2,0,0.0,TempBand+Watershed+Merge+ClustSml+ShapeGate+MinPeaks+P-Filter+EquipRej+SkinPrio+Omega+OmScale+OmSplit+OmRot+FarField+GradFarF+Kalman+StaticSup,horizontal best
cap_000117,2026-08-24T15:30:13.042,horizontal,22.68,25.18,2,0,0.0,TempBand+Watershed+Merge+ClustSml+ShapeGate+MinPeaks+P-Filter+EquipRej+SkinPrio+Omega+OmScale+OmSplit+OmRot+FarField+GradFarF+Kalman+StaticSup,horizontal best
cap_000118,2026-08-24T15:30:13.207,horizontal,22.68,25.18,2,0,0.0,TempBand+Watershed+Merge+ClustSml+ShapeGate+MinPeaks+P-Filter+EquipRej+SkinPrio+Omega+OmScale+OmSplit+OmRot+FarField+GradFarF+Kalman+StaticSup,horizontal best
cap_000119,2026-08-24T15:30:13.265,horizontal,22.68,25.18,1,0,0.0,TempBand+Watershed+Merge+ClustSml+ShapeGate+MinPeaks+P-Filter+EquipRej+SkinPrio+Omega+OmScale+OmSplit+OmRot+FarField+GradFarF+Kalman+StaticSup,horizontal best
cap_000120,2026-08-24T15:30:13.392,horizontal,22.68,25.18,2,0,0.0,TempBand+Watershed+Merge+ClustSml+ShapeGate+MinPeaks+P-Filter+EquipRej+SkinPrio+Omega+OmScale+OmSplit+OmRot+FarField+GradFarF+Kalman+StaticSup,horizontal best
cap_000121,2026-08-24T15:30:13.489,horizontal,22.73,25.23,2,0,0.0,TempBand+Watershed+Merge+ClustSml+ShapeGate+MinPeaks+P-Filter+EquipRej+SkinPrio+Omega+OmScale+OmSplit+OmRot+FarField+GradFarF+Kalman+StaticSup,horizontal best
cap_000122,2026-08-24T15:30:13.617,horizontal,22.75,25.25,2,0,0.0,TempBand+Watershed+Merge+ClustSml+ShapeGate+MinPeaks+P-Filter+EquipRej+SkinPrio+Omega+OmScale+OmSplit+OmRot+FarField+GradFarF+Kalman+StaticSup,horizontal best
cap_000123,2026-08-24T15:30:13.715,horizontal,22.73,25.23,2,0,0.0,TempBand+Watershed+Merge+ClustSml+ShapeGate+MinPeaks+P-Filter+EquipRej+SkinPrio+Omega+OmScale+OmSplit+OmRot+FarField+GradFarF+Kalman+StaticSup,horizontal best
cap_000124,2026-08-24T15:30:13.845,horizontal,22.70,25.20,2,0,0.0,TempBand+Watershed+Merge+ClustSml+ShapeGate+MinPeaks+P-Filter+EquipRej+SkinPrio+Omega+OmScale+OmSplit+OmRot+FarField+GradFarF+Kalman+StaticSup,horizontal best
cap_000125,2026-08-24T15:30:13.938,horizontal,22.68,25.18,2,0,0.0,TempBand+Watershed+Merge+ClustSml+ShapeGate+MinPeaks+P-Filter+EquipRej+SkinPrio+Omega+OmScale+OmSplit+OmRot+FarField+GradFarF+Kalman+StaticSup,horizontal best
cap_000126,2026-08-24T15:30:14.069,horizontal,22.70,25.20,2,0,0.0,TempBand+Watershed+Merge+ClustSml+ShapeGate+MinPeaks+P-Filter+EquipRej+SkinPrio+Omega+OmScale+OmSplit+OmRot+FarField+GradFarF+Kalman+StaticSup,horizontal best
cap_000127,2026-08-24T15:30:14.198,horizontal,22.68,25.18,2,0,0.0,TempBand+Watershed+Merge+ClustSml+ShapeGate+MinPeaks+P-Filter+EquipRej+SkinPrio+Omega+OmScale+OmSplit+OmRot+FarField+GradFarF+Kalman+StaticSup,horizontal best
cap_000128,2026-08-24T15:30:14.291,horizontal,22.70,25.20,2,0,0.0,TempBand+Watershed+Merge+ClustSml+ShapeGate+MinPeaks+P-Filter+EquipRej+SkinPrio+Omega+OmScale+OmSplit+OmRot+FarField+GradFarF+Kalman+StaticSup,horizontal best
cap_000129,2026-08-24T15:30:14.419,horizontal,22.68,25.18,1,0,0.0,TempBand+Watershed+Merge+ClustSml+ShapeGate+MinPeaks+P-Filter+EquipRej+SkinPrio+Omega+OmScale+OmSplit+OmRot+FarField+GradFarF+Kalman+StaticSup,horizontal best
cap_000130,2026-08-24T15:30:14.509,horizontal,22.68,25.18,1,0,0.0,TempBand+Watershed+Merge+ClustSml+ShapeGate+MinPeaks+P-Filter+EquipRej+SkinPrio+Omega+OmScale+OmSplit+OmRot+FarField+GradFarF+Kalman+StaticSup,horizontal best
cap_000131,2026-08-24T15:30:14.641,horizontal,22.66,25.16,1,0,0.0,TempBand+Watershed+Merge+ClustSml+ShapeGate+MinPeaks+P-Filter+EquipRej+SkinPrio+Omega+OmScale+OmSplit+OmRot+FarField+GradFarF+Kalman+StaticSup,horizontal best
cap_000132,2026-08-24T15:30:14.740,horizontal,22.66,25.16,1,0,0.0,TempBand+Watershed+Merge+ClustSml+ShapeGate+MinPeaks+P-Filter+EquipRej+SkinPrio+Omega+OmScale+OmSplit+OmRot+FarField+GradFarF+Kalman+StaticSup,horizontal best
cap_000133,2026-08-24T15:30:14.876,horizontal,22.68,25.18,2,0,0.0,TempBand+Watershed+Merge+ClustSml+ShapeGate+MinPeaks+P-Filter+EquipRej+SkinPrio+Omega+OmScale+OmSplit+OmRot+FarField+GradFarF+Kalman+StaticSup,horizontal best
cap_000134,2026-08-24T15:30:14.997,horizontal,22.68,25.18,2,0,0.0,TempBand+Watershed+Merge+ClustSml+ShapeGate+MinPeaks+P-Filter+EquipRej+SkinPrio+Omega+OmScale+OmSplit+OmRot+FarField+GradFarF+Kalman+StaticSup,horizontal best
cap_000135,2026-08-24T15:30:15.089,horizontal,22.68,25.18,2,0,0.0,TempBand+Watershed+Merge+ClustSml+ShapeGate+MinPeaks+P-Filter+EquipRej+SkinPrio+Omega+OmScale+OmSplit+OmRot+FarField+GradFarF+Kalman+StaticSup,horizontal best
cap_000136,2026-08-24T15:30:15.217,horizontal,22.66,25.16,2,1,0.8915073309984178,TempBand+Watershed+Merge+ClustSml+ShapeGate+MinPeaks+P-Filter+EquipRej+SkinPrio+Omega+OmScale+OmSplit+OmRot+FarField+GradFarF+Kalman+StaticSup,horizontal best
cap_000137,2026-08-24T15:30:15.311,horizontal,22.68,25.18,2,0,0.0,TempBand+Watershed+Merge+ClustSml+ShapeGate+MinPeaks+P-Filter+EquipRej+SkinPrio+Omega+OmScale+OmSplit+OmRot+FarField+GradFarF+Kalman+StaticSup,horizontal best
cap_000138,2026-08-24T15:30:15.446,horizontal,22.68,25.18,2,0,0.0,TempBand+Watershed+Merge+ClustSml+ShapeGate+MinPeaks+P-Filter+EquipRej+SkinPrio+Omega+OmScale+OmSplit+OmRot+FarField+GradFarF+Kalman+StaticSup,horizontal best
cap_000139,2026-08-24T15:30:15.537,horizontal,22.68,25.18,2,0,0.0,TempBand+Watershed+Merge+ClustSml+ShapeGate+MinPeaks+P-Filter+EquipRej+SkinPrio+Omega+OmScale+OmSplit+OmRot+FarField+GradFarF+Kalman+StaticSup,horizontal best
cap_000140,2026-08-24T15:30:15.669,horizontal,22.68,25.18,2,0,0.0,TempBand+Watershed+Merge+ClustSml+ShapeGate+MinPeaks+P-Filter+EquipRej+SkinPrio+Omega+OmScale+OmSplit+OmRot+FarField+GradFarF+Kalman+StaticSup,horizontal best
cap_000141,2026-08-24T15:30:15.770,horizontal,22.68,25.18,2,1,0.949431612581369,TempBand+Watershed+Merge+ClustSml+ShapeGate+MinPeaks+P-Filter+EquipRej+SkinPrio+Omega+OmScale+OmSplit+OmRot+FarField+GradFarF+Kalman+StaticSup,horizontal best
cap_000142,2026-08-24T15:30:15.894,horizontal,22.70,25.20,2,0,0.0,TempBand+Watershed+Merge+ClustSml+ShapeGate+MinPeaks+P-Filter+EquipRej+SkinPrio+Omega+OmScale+OmSplit+OmRot+FarField+GradFarF+Kalman+StaticSup,horizontal best
cap_000143,2026-08-24T15:30:16.025,horizontal,22.70,25.20,2,1,0.49721023745113363,TempBand+Watershed+Merge+ClustSml+ShapeGate+MinPeaks+P-Filter+EquipRej+SkinPrio+Omega+OmScale+OmSplit+OmRot+FarField+GradFarF+Kalman+StaticSup,horizontal best
cap_000144,2026-08-24T15:30:16.118,horizontal,22.68,25.18,2,2,0.26207368227757794,TempBand+Watershed+Merge+ClustSml+ShapeGate+MinPeaks+P-Filter+EquipRej+SkinPrio+Omega+OmScale+OmSplit+OmRot+FarField+GradFarF+Kalman+StaticSup,horizontal best
cap_000145,2026-08-24T15:30:16.240,horizontal,22.68,25.18,2,1,0.9836069275391278,TempBand+Watershed+Merge+ClustSml+ShapeGate+MinPeaks+P-Filter+EquipRej+SkinPrio+Omega+OmScale+OmSplit+OmRot+FarField+GradFarF+Kalman+StaticSup,horizontal best
cap_000146,2026-08-24T15:30:16.337,horizontal,22.68,25.18,2,2,0.944711473247413,TempBand+Watershed+Merge+ClustSml+ShapeGate+MinPeaks+P-Filter+EquipRej+SkinPrio+Omega+OmScale+OmSplit+OmRot+FarField+GradFarF+Kalman+StaticSup,horizontal best
cap_000147,2026-08-24T15:30:16.465,horizontal,22.68,25.18,2,2,0.6444235184927395,TempBand+Watershed+Merge+ClustSml+ShapeGate+MinPeaks+P-Filter+EquipRej+SkinPrio+Omega+OmScale+OmSplit+OmRot+FarField+GradFarF+Kalman+StaticSup,horizontal best
cap_000148,2026-08-24T15:30:16.560,horizontal,22.66,25.16,2,3,0.9357761126776252,TempBand+Watershed+Merge+ClustSml+ShapeGate+MinPeaks+P-Filter+EquipRej+SkinPrio+Omega+OmScale+OmSplit+OmRot+FarField+GradFarF+Kalman+StaticSup,horizontal best
cap_000149,2026-08-24T15:30:16.689,horizontal,22.68,25.18,2,2,0.939218818628848,TempBand+Watershed+Merge+ClustSml+ShapeGate+MinPeaks+P-Filter+EquipRej+SkinPrio+Omega+OmScale+OmSplit+OmRot+FarField+GradFarF+Kalman+StaticSup,horizontal best
cap_000150,2026-08-24T15:30:16.816,horizontal,22.68,25.18,2,2,0.9499871007059952,TempBand+Watershed+Merge+ClustSml+ShapeGate+MinPeaks+P-Filter+EquipRej+SkinPrio+Omega+OmScale+OmSplit+OmRot+FarField+GradFarF+Kalman+StaticSup,horizontal best
cap_000151,2026-08-24T15:30:16.913,horizontal,22.68,25.18,2,3,0.887210292381156,TempBand+Watershed+Merge+ClustSml+ShapeGate+MinPeaks+P-Filter+EquipRej+SkinPrio+Omega+OmScale+OmSplit+OmRot+FarField+GradFarF+Kalman+StaticSup,horizontal best
cap_000152,2026-08-24T15:30:17.045,horizontal,22.68,25.18,2,3,0.9822125945909298,TempBand+Watershed+Merge+ClustSml+ShapeGate+MinPeaks+P-Filter+EquipRej+SkinPrio+Omega+OmScale+OmSplit+OmRot+FarField+GradFarF+Kalman+StaticSup,horizontal best
cap_000153,2026-08-24T15:30:17.137,horizontal,22.66,25.16,2,1,0.9493497321170852,TempBand+Watershed+Merge+ClustSml+ShapeGate+MinPeaks+P-Filter+EquipRej+SkinPrio+Omega+OmScale+OmSplit+OmRot+FarField+GradFarF+Kalman+StaticSup,horizontal best
cap_000154,2026-08-24T15:30:17.265,horizontal,22.66,25.16,2,0,0.0,TempBand+Watershed+Merge+ClustSml+ShapeGate+MinPeaks+P-Filter+EquipRej+SkinPrio+Omega+OmScale+OmSplit+OmRot+FarField+GradFarF+Kalman+StaticSup,horizontal best
cap_000155,2026-08-24T15:30:17.358,horizontal,22.66,25.16,2,0,0.0,TempBand+Watershed+Merge+ClustSml+ShapeGate+MinPeaks+P-Filter+EquipRej+SkinPrio+Omega+OmScale+OmSplit+OmRot+FarField+GradFarF+Kalman+StaticSup,horizontal best
cap_000156,2026-08-24T15:30:17.491,horizontal,22.68,25.18,2,0,0.0,TempBand+Watershed+Merge+ClustSml+ShapeGate+MinPeaks+P-Filter+EquipRej+SkinPrio+Omega+OmScale+OmSplit+OmRot+FarField+GradFarF+Kalman+StaticSup,horizontal best
cap_000157,2026-08-24T15:30:17.583,horizontal,22.68,25.18,2,0,0.0,TempBand+Watershed+Merge+ClustSml+ShapeGate+MinPeaks+P-Filter+EquipRej+SkinPrio+Omega+OmScale+OmSplit+OmRot+FarField+GradFarF+Kalman+StaticSup,horizontal best
cap_000158,2026-08-24T15:30:17.714,horizontal,22.66,25.16,1,0,0.0,TempBand+Watershed+Merge+ClustSml+ShapeGate+MinPeaks+P-Filter+EquipRej+SkinPrio+Omega+OmScale+OmSplit+OmRot+FarField+GradFarF+Kalman+StaticSup,horizontal best
cap_000159,2026-08-24T15:30:17.842,horizontal,22.68,25.18,1,0,0.0,TempBand+Watershed+Merge+ClustSml+ShapeGate+MinPeaks+P-Filter+EquipRej+SkinPrio+Omega+OmScale+OmSplit+OmRot+FarField+GradFarF+Kalman+StaticSup,horizontal best
cap_000160,2026-08-24T15:30:17.935,horizontal,22.68,25.18,1,0,0.0,TempBand+Watershed+Merge+ClustSml+ShapeGate+MinPeaks+P-Filter+EquipRej+SkinPrio+Omega+OmScale+OmSplit+OmRot+FarField+GradFarF+Kalman+StaticSup,horizontal best
cap_000161,2026-08-24T15:30:18.066,horizontal,22.68,25.18,1,0,0.0,TempBand+Watershed+Merge+ClustSml+ShapeGate+MinPeaks+P-Filter+EquipRej+SkinPrio+Omega+OmScale+OmSplit+OmRot+FarField+GradFarF+Kalman+StaticSup,horizontal best
cap_000162,2026-08-24T15:30:18.158,horizontal,22.66,25.16,1,0,0.0,TempBand+Watershed+Merge+ClustSml+ShapeGate+MinPeaks+P-Filter+EquipRej+SkinPrio+Omega+OmScale+OmSplit+OmRot+FarField+GradFarF+Kalman+StaticSup,horizontal best
cap_000163,2026-08-24T15:30:18.295,horizontal,22.63,25.13,1,0,0.0,TempBand+Watershed+Merge+ClustSml+ShapeGate+MinPeaks+P-Filter+EquipRej+SkinPrio+Omega+OmScale+OmSplit+OmRot+FarField+GradFarF+Kalman+StaticSup,horizontal best
cap_000164,2026-08-24T15:30:18.389,horizontal,22.61,25.11,1,0,0.0,TempBand+Watershed+Merge+ClustSml+ShapeGate+MinPeaks+P-Filter+EquipRej+SkinPrio+Omega+OmScale+OmSplit+OmRot+FarField+GradFarF+Kalman+StaticSup,horizontal best
cap_000165,2026-08-24T15:30:18.540,horizontal,22.61,25.11,1,0,0.0,TempBand+Watershed+Merge+ClustSml+ShapeGate+MinPeaks+P-Filter+EquipRej+SkinPrio+Omega+OmScale+OmSplit+OmRot+FarField+GradFarF+Kalman+StaticSup,horizontal best
cap_000166,2026-08-24T15:30:18.618,horizontal,22.61,25.11,1,0,0.0,TempBand+Watershed+Merge+ClustSml+ShapeGate+MinPeaks+P-Filter+EquipRej+SkinPrio+Omega+OmScale+OmSplit+OmRot+FarField+GradFarF+Kalman+StaticSup,horizontal best
cap_000167,2026-08-24T15:30:18.739,horizontal,22.61,25.11,1,0,0.0,TempBand+Watershed+Merge+ClustSml+ShapeGate+MinPeaks+P-Filter+EquipRej+SkinPrio+Omega+OmScale+OmSplit+OmRot+FarField+GradFarF+Kalman+StaticSup,horizontal best
cap_000168,2026-08-24T15:30:18.865,horizontal,22.61,25.11,1,0,0.0,TempBand+Watershed+Merge+ClustSml+ShapeGate+MinPeaks+P-Filter+EquipRej+SkinPrio+Omega+OmScale+OmSplit+OmRot+FarField+GradFarF+Kalman+StaticSup,horizontal best
cap_000169,2026-08-24T15:30:18.965,horizontal,22.61,25.11,1,0,0.0,TempBand+Watershed+Merge+ClustSml+ShapeGate+MinPeaks+P-Filter+EquipRej+SkinPrio+Omega+OmScale+OmSplit+OmRot+FarField+GradFarF+Kalman+StaticSup,horizontal best
cap_000170,2026-08-24T15:30:19.095,horizontal,22.63,25.13,1,0,0.0,TempBand+Watershed+Merge+ClustSml+ShapeGate+MinPeaks+P-Filter+EquipRej+SkinPrio+Omega+OmScale+OmSplit+OmRot+FarField+GradFarF+Kalman+StaticSup,horizontal best
cap_000171,2026-08-24T15:30:19.186,horizontal,22.63,25.13,1,0,0.0,TempBand+Watershed+Merge+ClustSml+ShapeGate+MinPeaks+P-Filter+EquipRej+SkinPrio+Omega+OmScale+OmSplit+OmRot+FarField+GradFarF+Kalman+StaticSup,horizontal best
cap_000172,2026-08-24T15:30:19.313,horizontal,22.63,25.13,1,0,0.0,TempBand+Watershed+Merge+ClustSml+ShapeGate+MinPeaks+P-Filter+EquipRej+SkinPrio+Omega+OmScale+OmSplit+OmRot+FarField+GradFarF+Kalman+StaticSup,horizontal best
cap_000173,2026-08-24T15:30:19.407,horizontal,22.63,25.13,1,0,0.0,TempBand+Watershed+Merge+ClustSml+ShapeGate+MinPeaks+P-Filter+EquipRej+SkinPrio+Omega+OmScale+OmSplit+OmRot+FarField+GradFarF+Kalman+StaticSup,horizontal best
cap_000174,2026-08-24T15:30:19.537,horizontal,22.61,25.11,1,0,0.0,TempBand+Watershed+Merge+ClustSml+ShapeGate+MinPeaks+P-Filter+EquipRej+SkinPrio+Omega+OmScale+OmSplit+OmRot+FarField+GradFarF+Kalman+StaticSup,horizontal best
cap_000175,2026-08-24T15:30:19.665,horizontal,22.61,25.11,1,0,0.0,TempBand+Watershed+Merge+ClustSml+ShapeGate+MinPeaks+P-Filter+EquipRej+SkinPrio+Omega+OmScale+OmSplit+OmRot+FarField+GradFarF+Kalman+StaticSup,horizontal best
cap_000176,2026-08-24T15:30:19.756,horizontal,22.58,25.08,1,0,0.0,TempBand+Watershed+Merge+ClustSml+ShapeGate+MinPeaks+P-Filter+EquipRej+SkinPrio+Omega+OmScale+OmSplit+OmRot+FarField+GradFarF+Kalman+StaticSup,horizontal best
cap_000177,2026-08-24T15:30:19.886,horizontal,22.58,25.08,1,0,0.0,TempBand+Watershed+Merge+ClustSml+ShapeGate+MinPeaks+P-Filter+EquipRej+SkinPrio+Omega+OmScale+OmSplit+OmRot+FarField+GradFarF+Kalman+StaticSup,horizontal best
cap_000178,2026-08-24T15:30:19.983,horizontal,22.58,25.08,1,0,0.0,TempBand+Watershed+Merge+ClustSml+ShapeGate+MinPeaks+P-Filter+EquipRej+SkinPrio+Omega+OmScale+OmSplit+OmRot+FarField+GradFarF+Kalman+StaticSup,horizontal best
cap_000179,2026-08-24T15:30:20.116,horizontal,22.56,25.06,1,0,0.0,TempBand+Watershed+Merge+ClustSml+ShapeGate+MinPeaks+P-Filter+EquipRej+SkinPrio+Omega+OmScale+OmSplit+OmRot+FarField+GradFarF+Kalman+StaticSup,horizontal best
cap_000180,2026-08-24T15:30:20.209,horizontal,22.56,25.06,1,0,0.0,TempBand+Watershed+Merge+ClustSml+ShapeGate+MinPeaks+P-Filter+EquipRej+SkinPrio+Omega+OmScale+OmSplit+OmRot+FarField+GradFarF+Kalman+StaticSup,horizontal best
cap_000181,2026-08-24T15:30:20.337,horizontal,22.56,25.06,1,0,0.0,TempBand+Watershed+Merge+ClustSml+ShapeGate+MinPeaks+P-Filter+EquipRej+SkinPrio+Omega+OmScale+OmSplit+OmRot+FarField+GradFarF+Kalman+StaticSup,horizontal best
cap_000182,2026-08-24T15:30:20.436,horizontal,22.54,25.04,1,0,0.0,TempBand+Watershed+Merge+ClustSml+ShapeGate+MinPeaks+P-Filter+EquipRej+SkinPrio+Omega+OmScale+OmSplit+OmRot+FarField+GradFarF+Kalman+StaticSup,horizontal best
cap_000183,2026-08-24T15:30:20.562,horizontal,22.54,25.04,1,0,0.0,TempBand+Watershed+Merge+ClustSml+ShapeGate+MinPeaks+P-Filter+EquipRej+SkinPrio+Omega+OmScale+OmSplit+OmRot+FarField+GradFarF+Kalman+StaticSup,horizontal best
cap_000184,2026-08-24T15:30:20.687,horizontal,22.54,25.04,1,0,0.0,TempBand+Watershed+Merge+ClustSml+ShapeGate+MinPeaks+P-Filter+EquipRej+SkinPrio+Omega+OmScale+OmSplit+OmRot+FarField+GradFarF+Kalman+StaticSup,horizontal best
cap_000185,2026-08-24T15:30:20.785,horizontal,22.54,25.04,1,0,0.0,TempBand+Watershed+Merge+ClustSml+ShapeGate+MinPeaks+P-Filter+EquipRej+SkinPrio+Omega+OmScale+OmSplit+OmRot+FarField+GradFarF+Kalman+StaticSup,horizontal best
cap_000186,2026-08-24T15:30:20.913,horizontal,22.54,25.04,1,0,0.0,TempBand+Watershed+Merge+ClustSml+ShapeGate+MinPeaks+P-Filter+EquipRej+SkinPrio+Omega+OmScale+OmSplit+OmRot+FarField+GradFarF+Kalman+StaticSup,horizontal best
cap_000187,2026-08-24T15:30:21.005,horizontal,22.54,25.04,1,0,0.0,TempBand+Watershed+Merge+ClustSml+ShapeGate+MinPeaks+P-Filter+EquipRej+SkinPrio+Omega+OmScale+OmSplit+OmRot+FarField+GradFarF+Kalman+StaticSup,horizontal best
cap_000188,2026-08-24T15:30:21.137,horizontal,22.54,25.04,1,0,0.0,TempBand+Watershed+Merge+ClustSml+ShapeGate+MinPeaks+P-Filter+EquipRej+SkinPrio+Omega+OmScale+OmSplit+OmRot+FarField+GradFarF+Kalman+StaticSup,horizontal best
cap_000189,2026-08-24T15:30:21.237,horizontal,22.51,25.01,1,0,0.0,TempBand+Watershed+Merge+ClustSml+ShapeGate+MinPeaks+P-Filter+EquipRej+SkinPrio+Omega+OmScale+OmSplit+OmRot+FarField+GradFarF+Kalman+StaticSup,horizontal best
cap_000190,2026-08-24T15:30:21.362,horizontal,22.47,24.97,1,0,0.0,TempBand+Watershed+Merge+ClustSml+ShapeGate+MinPeaks+P-Filter+EquipRej+SkinPrio+Omega+OmScale+OmSplit+OmRot+FarField+GradFarF+Kalman+StaticSup,horizontal best
cap_000191,2026-08-24T15:30:21.499,horizontal,22.47,24.97,1,0,0.0,TempBand+Watershed+Merge+ClustSml+ShapeGate+MinPeaks+P-Filter+EquipRej+SkinPrio+Omega+OmScale+OmSplit+OmRot+FarField+GradFarF+Kalman+StaticSup,horizontal best
cap_000192,2026-08-24T15:30:21.583,horizontal,22.47,24.97,1,0,0.0,TempBand+Watershed+Merge+ClustSml+ShapeGate+MinPeaks+P-Filter+EquipRej+SkinPrio+Omega+OmScale+OmSplit+OmRot+FarField+GradFarF+Kalman+StaticSup,horizontal best
cap_000193,2026-08-24T15:30:21.712,horizontal,22.47,24.97,1,0,0.0,TempBand+Watershed+Merge+ClustSml+ShapeGate+MinPeaks+P-Filter+EquipRej+SkinPrio+Omega+OmScale+OmSplit+OmRot+FarField+GradFarF+Kalman+StaticSup,horizontal best
cap_000194,2026-08-24T15:30:21.815,horizontal,22.49,24.99,1,0,0.0,TempBand+Watershed+Merge+ClustSml+ShapeGate+MinPeaks+P-Filter+EquipRej+SkinPrio+Omega+OmScale+OmSplit+OmRot+FarField+GradFarF+Kalman+StaticSup,horizontal best
cap_000195,2026-08-24T15:30:21.936,horizontal,22.47,24.97,1,0,0.0,TempBand+Watershed+Merge+ClustSml+ShapeGate+MinPeaks+P-Filter+EquipRej+SkinPrio+Omega+OmScale+OmSplit+OmRot+FarField+GradFarF+Kalman+StaticSup,horizontal best
cap_000196,2026-08-24T15:30:22.033,horizontal,22.47,24.97,1,0,0.0,TempBand+Watershed+Merge+ClustSml+ShapeGate+MinPeaks+P-Filter+EquipRej+SkinPrio+Omega+OmScale+OmSplit+OmRot+FarField+GradFarF+Kalman+StaticSup,horizontal best
cap_000197,2026-08-24T15:30:22.159,horizontal,22.47,24.97,1,0,0.0,TempBand+Watershed+Merge+ClustSml+ShapeGate+MinPeaks+P-Filter+EquipRej+SkinPrio+Omega+OmScale+OmSplit+OmRot+FarField+GradFarF+Kalman+StaticSup,horizontal best
cap_000198,2026-08-24T15:30:22.257,horizontal,22.47,24.97,1,0,0.0,TempBand+Watershed+Merge+ClustSml+ShapeGate+MinPeaks+P-Filter+EquipRej+SkinPrio+Omega+OmScale+OmSplit+OmRot+FarField+GradFarF+Kalman+StaticSup,horizontal best
cap_000199,2026-08-24T15:30:22.390,horizontal,22.49,24.99,1,0,0.0,TempBand+Watershed+Merge+ClustSml+ShapeGate+MinPeaks+P-Filter+EquipRej+SkinPrio+Omega+OmScale+OmSplit+OmRot+FarField+GradFarF+Kalman+StaticSup,horizontal best
cap_000200,2026-08-24T15:30:22.521,horizontal,22.47,24.97,1,0,0.0,TempBand+Watershed+Merge+ClustSml+ShapeGate+MinPeaks+P-Filter+EquipRej+SkinPrio+Omega+OmScale+OmSplit+OmRot+FarField+GradFarF+Kalman+StaticSup,horizontal best
cap_000201,2026-08-24T15:30:22.609,horizontal,22.47,24.97,1,0,0.0,TempBand+Watershed+Merge+ClustSml+ShapeGate+MinPeaks+P-Filter+EquipRej+SkinPrio+Omega+OmScale+OmSplit+OmRot+FarField+GradFarF+Kalman+StaticSup,horizontal best
cap_000202,2026-08-24T15:30:22.737,horizontal,22.47,24.97,2,0,0.0,TempBand+Watershed+Merge+ClustSml+ShapeGate+MinPeaks+P-Filter+EquipRej+SkinPrio+Omega+OmScale+OmSplit+OmRot+FarField+GradFarF+Kalman+StaticSup,horizontal best
cap_000203,2026-08-24T15:30:22.836,horizontal,22.47,24.97,2,0,0.0,TempBand+Watershed+Merge+ClustSml+ShapeGate+MinPeaks+P-Filter+EquipRej+SkinPrio+Omega+OmScale+OmSplit+OmRot+FarField+GradFarF+Kalman+StaticSup,horizontal best
cap_000204,2026-08-24T15:30:22.973,horizontal,22.47,24.97,2,1,0.687094199180061,TempBand+Watershed+Merge+ClustSml+ShapeGate+MinPeaks+P-Filter+EquipRej+SkinPrio+Omega+OmScale+OmSplit+OmRot+FarField+GradFarF+Kalman+StaticSup,horizontal best
cap_000205,2026-08-24T15:30:23.059,horizontal,22.42,24.92,2,1,0.7068043545897066,TempBand+Watershed+Merge+ClustSml+ShapeGate+MinPeaks+P-Filter+EquipRej+SkinPrio+Omega+OmScale+OmSplit+OmRot+FarField+GradFarF+Kalman+StaticSup,horizontal best
cap_000206,2026-08-24T15:30:23.188,horizontal,22.42,24.92,2,1,0.8717919824331399,TempBand+Watershed+Merge+ClustSml+ShapeGate+MinPeaks+P-Filter+EquipRej+SkinPrio+Omega+OmScale+OmSplit+OmRot+FarField+GradFarF+Kalman+StaticSup,horizontal best
cap_000207,2026-08-24T15:30:23.325,horizontal,22.44,24.94,2,1,0.8160475912487134,TempBand+Watershed+Merge+ClustSml+ShapeGate+MinPeaks+P-Filter+EquipRej+SkinPrio+Omega+OmScale+OmSplit+OmRot+FarField+GradFarF+Kalman+StaticSup,horizontal best
cap_000208,2026-08-24T15:30:23.416,horizontal,22.47,24.97,2,2,0.023519354002781483,TempBand+Watershed+Merge+ClustSml+ShapeGate+MinPeaks+P-Filter+EquipRej+SkinPrio+Omega+OmScale+OmSplit+OmRot+FarField+GradFarF+Kalman+StaticSup,horizontal best
cap_000209,2026-08-24T15:30:23.536,horizontal,22.47,24.97,2,2,0.060068559237769284,TempBand+Watershed+Merge+ClustSml+ShapeGate+MinPeaks+P-Filter+EquipRej+SkinPrio+Omega+OmScale+OmSplit+OmRot+FarField+GradFarF+Kalman+StaticSup,horizontal best
cap_000210,2026-08-24T15:30:23.634,horizontal,22.51,25.01,2,2,0.728162838439319,TempBand+Watershed+Merge+ClustSml+ShapeGate+MinPeaks+P-Filter+EquipRej+SkinPrio+Omega+OmScale+OmSplit+OmRot+FarField+GradFarF+Kalman+StaticSup,horizontal best
cap_000211,2026-08-24T15:30:23.763,horizontal,22.51,25.01,2,1,0.7823541780295629,TempBand+Watershed+Merge+ClustSml+ShapeGate+MinPeaks+P-Filter+EquipRej+SkinPrio+Omega+OmScale+OmSplit+OmRot+FarField+GradFarF+Kalman+StaticSup,horizontal best
cap_000212,2026-08-24T15:30:23.855,horizontal,22.51,25.01,2,1,0.05107212899326809,TempBand+Watershed+Merge+ClustSml+ShapeGate+MinPeaks+P-Filter+EquipRej+SkinPrio+Omega+OmScale+OmSplit+OmRot+FarField+GradFarF+Kalman+StaticSup,horizontal best
cap_000213,2026-08-24T15:30:23.983,horizontal,22.49,24.99,2,1,0.7334570419027151,TempBand+Watershed+Merge+ClustSml+ShapeGate+MinPeaks+P-Filter+EquipRej+SkinPrio+Omega+OmScale+OmSplit+OmRot+FarField+GradFarF+Kalman+StaticSup,horizontal best
cap_000214,2026-08-24T15:30:24.079,horizontal,22.51,25.01,2,1,0.7302693847414572,TempBand+Watershed+Merge+ClustSml+ShapeGate+MinPeaks+P-Filter+EquipRej+SkinPrio+Omega+OmScale+OmSplit+OmRot+FarField+GradFarF+Kalman+StaticSup,horizontal best
cap_000215,2026-08-24T15:30:24.209,horizontal,22.49,24.99,2,2,0.7113612070169736,TempBand+Watershed+Merge+ClustSml+ShapeGate+MinPeaks+P-Filter+EquipRej+SkinPrio+Omega+OmScale+OmSplit+OmRot+FarField+GradFarF+Kalman+StaticSup,horizontal best
cap_000216,2026-08-24T15:30:24.337,horizontal,22.49,24.99,2,1,0.715973958423597,TempBand+Watershed+Merge+ClustSml+ShapeGate+MinPeaks+P-Filter+EquipRej+SkinPrio+Omega+OmScale+OmSplit+OmRot+FarField+GradFarF+Kalman+StaticSup,horizontal best
cap_000217,2026-08-24T15:30:24.433,horizontal,22.47,24.97,2,1,0.6307243025178563,TempBand+Watershed+Merge+ClustSml+ShapeGate+MinPeaks+P-Filter+EquipRej+SkinPrio+Omega+OmScale+OmSplit+OmRot+FarField+GradFarF+Kalman+StaticSup,horizontal best
cap_000218,2026-08-24T15:30:24.561,horizontal,22.47,24.97,2,1,0.886005982146724,TempBand+Watershed+Merge+ClustSml+ShapeGate+MinPeaks+P-Filter+EquipRej+SkinPrio+Omega+OmScale+OmSplit+OmRot+FarField+GradFarF+Kalman+StaticSup,horizontal best
cap_000219,2026-08-24T15:30:24.657,horizontal,22.47,24.97,2,1,0.7763075745137398,TempBand+Watershed+Merge+ClustSml+ShapeGate+MinPeaks+P-Filter+EquipRej+SkinPrio+Omega+OmScale+OmSplit+OmRot+FarField+GradFarF+Kalman+StaticSup,horizontal best
cap_000220,2026-08-24T15:30:24.787,horizontal,22.47,24.97,2,1,0.826332415301826,TempBand+Watershed+Merge+ClustSml+ShapeGate+MinPeaks+P-Filter+EquipRej+SkinPrio+Omega+OmScale+OmSplit+OmRot+FarField+GradFarF+Kalman+StaticSup,horizontal best
cap_000221,2026-08-24T15:30:24.883,horizontal,22.47,24.97,2,1,0.6557669042279501,TempBand+Watershed+Merge+ClustSml+ShapeGate+MinPeaks+P-Filter+EquipRej+SkinPrio+Omega+OmScale+OmSplit+OmRot+FarField+GradFarF+Kalman+StaticSup,horizontal best
cap_000222,2026-08-24T15:30:25.017,horizontal,22.44,24.94,2,0,0.0,TempBand+Watershed+Merge+ClustSml+ShapeGate+MinPeaks+P-Filter+EquipRej+SkinPrio+Omega+OmScale+OmSplit+OmRot+FarField+GradFarF+Kalman+StaticSup,horizontal best
cap_000223,2026-08-24T15:30:25.112,horizontal,22.49,24.99,2,1,0.499715558500518,TempBand+Watershed+Merge+ClustSml+ShapeGate+MinPeaks+P-Filter+EquipRej+SkinPrio+Omega+OmScale+OmSplit+OmRot+FarField+GradFarF+Kalman+StaticSup,horizontal best
cap_000224,2026-08-24T15:30:25.235,horizontal,22.47,24.97,2,0,0.0,TempBand+Watershed+Merge+ClustSml+ShapeGate+MinPeaks+P-Filter+EquipRej+SkinPrio+Omega+OmScale+OmSplit+OmRot+FarField+GradFarF+Kalman+StaticSup,horizontal best
cap_000225,2026-08-24T15:30:25.360,horizontal,22.47,24.97,1,0,0.0,TempBand+Watershed+Merge+ClustSml+ShapeGate+MinPeaks+P-Filter+EquipRej+SkinPrio+Omega+OmScale+OmSplit+OmRot+FarField+GradFarF+Kalman+StaticSup,horizontal best
cap_000226,2026-08-24T15:30:25.458,horizontal,22.44,24.94,1,0,0.0,TempBand+Watershed+Merge+ClustSml+ShapeGate+MinPeaks+P-Filter+EquipRej+SkinPrio+Omega+OmScale+OmSplit+OmRot+FarField+GradFarF+Kalman+StaticSup,horizontal best
cap_000227,2026-08-24T15:30:25.584,horizontal,22.44,24.94,1,0,0.0,TempBand+Watershed+Merge+ClustSml+ShapeGate+MinPeaks+P-Filter+EquipRej+SkinPrio+Omega+OmScale+OmSplit+OmRot+FarField+GradFarF+Kalman+StaticSup,horizontal best
cap_000228,2026-08-24T15:30:25.681,horizontal,22.44,24.94,1,0,0.0,TempBand+Watershed+Merge+ClustSml+ShapeGate+MinPeaks+P-Filter+EquipRej+SkinPrio+Omega+OmScale+OmSplit+OmRot+FarField+GradFarF+Kalman+StaticSup,horizontal best
cap_000229,2026-08-24T15:30:25.809,horizontal,22.42,24.92,1,0,0.0,TempBand+Watershed+Merge+ClustSml+ShapeGate+MinPeaks+P-Filter+EquipRej+SkinPrio+Omega+OmScale+OmSplit+OmRot+FarField+GradFarF+Kalman+StaticSup,horizontal best
cap_000230,2026-08-24T15:30:25.909,horizontal,22.42,24.92,1,0,0.0,TempBand+Watershed+Merge+ClustSml+ShapeGate+MinPeaks+P-Filter+EquipRej+SkinPrio+Omega+OmScale+OmSplit+OmRot+FarField+GradFarF+Kalman+StaticSup,horizontal best
cap_000231,2026-08-24T15:30:26.033,horizontal,22.42,24.92,1,0,0.0,TempBand+Watershed+Merge+ClustSml+ShapeGate+MinPeaks+P-Filter+EquipRej+SkinPrio+Omega+OmScale+OmSplit+OmRot+FarField+GradFarF+Kalman+StaticSup,horizontal best
cap_000232,2026-08-24T15:30:26.160,horizontal,22.40,24.90,1,0,0.0,TempBand+Watershed+Merge+ClustSml+ShapeGate+MinPeaks+P-Filter+EquipRej+SkinPrio+Omega+OmScale+OmSplit+OmRot+FarField+GradFarF+Kalman+StaticSup,horizontal best
cap_000233,2026-08-24T15:30:26.257,horizontal,22.40,24.90,1,0,0.0,TempBand+Watershed+Merge+ClustSml+ShapeGate+MinPeaks+P-Filter+EquipRej+SkinPrio+Omega+OmScale+OmSplit+OmRot+FarField+GradFarF+Kalman+StaticSup,horizontal best
cap_000234,2026-08-24T15:30:26.383,horizontal,22.40,24.90,1,0,0.0,TempBand+Watershed+Merge+ClustSml+ShapeGate+MinPeaks+P-Filter+EquipRej+SkinPrio+Omega+OmScale+OmSplit+OmRot+FarField+GradFarF+Kalman+StaticSup,horizontal best
cap_000235,2026-08-24T15:30:26.483,horizontal,22.40,24.90,1,0,0.0,TempBand+Watershed+Merge+ClustSml+ShapeGate+MinPeaks+P-Filter+EquipRej+SkinPrio+Omega+OmScale+OmSplit+OmRot+FarField+GradFarF+Kalman+StaticSup,horizontal best
cap_000236,2026-08-24T15:30:26.609,horizontal,22.40,24.90,1,0,0.0,TempBand+Watershed+Merge+ClustSml+ShapeGate+MinPeaks+P-Filter+EquipRej+SkinPrio+Omega+OmScale+OmSplit+OmRot+FarField+GradFarF+Kalman+StaticSup,horizontal best
cap_000237,2026-08-24T15:30:26.706,horizontal,22.40,24.90,1,0,0.0,TempBand+Watershed+Merge+ClustSml+ShapeGate+MinPeaks+P-Filter+EquipRej+SkinPrio+Omega+OmScale+OmSplit+OmRot+FarField+GradFarF+Kalman+StaticSup,horizontal best
cap_000238,2026-08-24T15:30:26.836,horizontal,22.40,24.90,1,0,0.0,TempBand+Watershed+Merge+ClustSml+ShapeGate+MinPeaks+P-Filter+EquipRej+SkinPrio+Omega+OmScale+OmSplit+OmRot+FarField+GradFarF+Kalman+StaticSup,horizontal best
cap_000239,2026-08-24T15:30:26.932,horizontal,22.37,24.87,1,0,0.0,TempBand+Watershed+Merge+ClustSml+ShapeGate+MinPeaks+P-Filter+EquipRej+SkinPrio+Omega+OmScale+OmSplit+OmRot+FarField+GradFarF+Kalman+StaticSup,horizontal best
cap_000240,2026-08-24T15:30:27.058,horizontal,22.37,24.87,1,0,0.0,TempBand+Watershed+Merge+ClustSml+ShapeGate+MinPeaks+P-Filter+EquipRej+SkinPrio+Omega+OmScale+OmSplit+OmRot+FarField+GradFarF+Kalman+StaticSup,horizontal best
cap_000241,2026-08-24T15:30:27.224,horizontal,22.37,24.87,1,0,0.0,TempBand+Watershed+Merge+ClustSml+ShapeGate+MinPeaks+P-Filter+EquipRej+SkinPrio+Omega+OmScale+OmSplit+OmRot+FarField+GradFarF+Kalman+StaticSup,horizontal best
cap_000242,2026-08-24T15:30:27.281,horizontal,22.35,24.85,1,0,0.0,TempBand+Watershed+Merge+ClustSml+ShapeGate+MinPeaks+P-Filter+EquipRej+SkinPrio+Omega+OmScale+OmSplit+OmRot+FarField+GradFarF+Kalman+StaticSup,horizontal best
cap_000243,2026-08-24T15:30:27.413,horizontal,22.35,24.85,1,0,0.0,TempBand+Watershed+Merge+ClustSml+ShapeGate+MinPeaks+P-Filter+EquipRej+SkinPrio+Omega+OmScale+OmSplit+OmRot+FarField+GradFarF+Kalman+StaticSup,horizontal best
cap_000244,2026-08-24T15:30:27.501,horizontal,22.35,24.85,1,0,0.0,TempBand+Watershed+Merge+ClustSml+ShapeGate+MinPeaks+P-Filter+EquipRej+SkinPrio+Omega+OmScale+OmSplit+OmRot+FarField+GradFarF+Kalman+StaticSup,horizontal best
cap_000245,2026-08-24T15:30:27.641,horizontal,22.35,24.85,1,0,0.0,TempBand+Watershed+Merge+ClustSml+ShapeGate+MinPeaks+P-Filter+EquipRej+SkinPrio+Omega+OmScale+OmSplit+OmRot+FarField+GradFarF+Kalman+StaticSup,horizontal best
cap_000246,2026-08-24T15:30:27.731,horizontal,22.33,24.83,1,0,0.0,TempBand+Watershed+Merge+ClustSml+ShapeGate+MinPeaks+P-Filter+EquipRej+SkinPrio+Omega+OmScale+OmSplit+OmRot+FarField+GradFarF+Kalman+StaticSup,horizontal best
cap_000247,2026-08-24T15:30:27.864,horizontal,22.33,24.83,1,0,0.0,TempBand+Watershed+Merge+ClustSml+ShapeGate+MinPeaks+P-Filter+EquipRej+SkinPrio+Omega+OmScale+OmSplit+OmRot+FarField+GradFarF+Kalman+StaticSup,horizontal best
cap_000248,2026-08-24T15:30:27.986,horizontal,22.33,24.83,1,0,0.0,TempBand+Watershed+Merge+ClustSml+ShapeGate+MinPeaks+P-Filter+EquipRej+SkinPrio+Omega+OmScale+OmSplit+OmRot+FarField+GradFarF+Kalman+StaticSup,horizontal best
cap_000249,2026-08-24T15:30:28.083,horizontal,22.30,24.80,1,0,0.0,TempBand+Watershed+Merge+ClustSml+ShapeGate+MinPeaks+P-Filter+EquipRej+SkinPrio+Omega+OmScale+OmSplit+OmRot+FarField+GradFarF+Kalman+StaticSup,horizontal best
cap_000250,2026-08-24T15:30:28.206,horizontal,22.30,24.80,1,0,0.0,TempBand+Watershed+Merge+ClustSml+ShapeGate+MinPeaks+P-Filter+EquipRej+SkinPrio+Omega+OmScale+OmSplit+OmRot+FarField+GradFarF+Kalman+StaticSup,horizontal best
cap_000251,2026-08-24T15:30:28.302,horizontal,22.30,24.80,1,0,0.0,TempBand+Watershed+Merge+ClustSml+ShapeGate+MinPeaks+P-Filter+EquipRej+SkinPrio+Omega+OmScale+OmSplit+OmRot+FarField+GradFarF+Kalman+StaticSup,horizontal best
cap_000252,2026-08-24T15:30:28.432,horizontal,22.28,24.78,1,0,0.0,TempBand+Watershed+Merge+ClustSml+ShapeGate+MinPeaks+P-Filter+EquipRej+SkinPrio+Omega+OmScale+OmSplit+OmRot+FarField+GradFarF+Kalman+StaticSup,horizontal best
cap_000253,2026-08-24T15:30:28.527,horizontal,22.28,24.78,1,0,0.0,TempBand+Watershed+Merge+ClustSml+ShapeGate+MinPeaks+P-Filter+EquipRej+SkinPrio+Omega+OmScale+OmSplit+OmRot+FarField+GradFarF+Kalman+StaticSup,horizontal best
cap_000254,2026-08-24T15:30:28.656,horizontal,22.28,24.78,1,0,0.0,TempBand+Watershed+Merge+ClustSml+ShapeGate+MinPeaks+P-Filter+EquipRej+SkinPrio+Omega+OmScale+OmSplit+OmRot+FarField+GradFarF+Kalman+StaticSup,horizontal best
cap_000255,2026-08-24T15:30:28.753,horizontal,22.26,24.76,1,0,0.0,TempBand+Watershed+Merge+ClustSml+ShapeGate+MinPeaks+P-Filter+EquipRej+SkinPrio+Omega+OmScale+OmSplit+OmRot+FarField+GradFarF+Kalman+StaticSup,horizontal best
cap_000256,2026-08-24T15:30:28.879,horizontal,22.26,24.76,1,0,0.0,TempBand+Watershed+Merge+ClustSml+ShapeGate+MinPeaks+P-Filter+EquipRej+SkinPrio+Omega+OmScale+OmSplit+OmRot+FarField+GradFarF+Kalman+StaticSup,horizontal best
cap_000257,2026-08-24T15:30:29.011,horizontal,22.23,24.73,1,0,0.0,TempBand+Watershed+Merge+ClustSml+ShapeGate+MinPeaks+P-Filter+EquipRej+SkinPrio+Omega+OmScale+OmSplit+OmRot+FarField+GradFarF+Kalman+StaticSup,horizontal best
cap_000258,2026-08-24T15:30:29.104,horizontal,22.23,24.73,1,0,0.0,TempBand+Watershed+Merge+ClustSml+ShapeGate+MinPeaks+P-Filter+EquipRej+SkinPrio+Omega+OmScale+OmSplit+OmRot+FarField+GradFarF+Kalman+StaticSup,horizontal best
cap_000259,2026-08-24T15:30:29.231,horizontal,22.23,24.73,1,0,0.0,TempBand+Watershed+Merge+ClustSml+ShapeGate+MinPeaks+P-Filter+EquipRej+SkinPrio+Omega+OmScale+OmSplit+OmRot+FarField+GradFarF+Kalman+StaticSup,horizontal best
cap_000260,2026-08-24T15:30:29.329,horizontal,22.26,24.76,1,0,0.0,TempBand+Watershed+Merge+ClustSml+ShapeGate+MinPeaks+P-Filter+EquipRej+SkinPrio+Omega+OmScale+OmSplit+OmRot+FarField+GradFarF+Kalman+StaticSup,horizontal best
cap_000261,2026-08-24T15:30:29.457,horizontal,22.26,24.76,2,0,0.0,TempBand+Watershed+Merge+ClustSml+ShapeGate+MinPeaks+P-Filter+EquipRej+SkinPrio+Omega+OmScale+OmSplit+OmRot+FarField+GradFarF+Kalman+StaticSup,horizontal best
cap_000262,2026-08-24T15:30:29.552,horizontal,22.26,24.76,1,0,0.0,TempBand+Watershed+Merge+ClustSml+ShapeGate+MinPeaks+P-Filter+EquipRej+SkinPrio+Omega+OmScale+OmSplit+OmRot+FarField+GradFarF+Kalman+StaticSup,horizontal best
cap_000263,2026-08-24T15:30:29.682,horizontal,22.26,24.76,2,0,0.0,TempBand+Watershed+Merge+ClustSml+ShapeGate+MinPeaks+P-Filter+EquipRej+SkinPrio+Omega+OmScale+OmSplit+OmRot+FarField+GradFarF+Kalman+StaticSup,horizontal best
cap_000264,2026-08-24T15:30:29.810,horizontal,22.26,24.76,2,0,0.0,TempBand+Watershed+Merge+ClustSml+ShapeGate+MinPeaks+P-Filter+EquipRej+SkinPrio+Omega+OmScale+OmSplit+OmRot+FarField+GradFarF+Kalman+StaticSup,horizontal best
cap_000265,2026-08-24T15:30:29.903,horizontal,22.33,24.83,2,0,0.0,TempBand+Watershed+Merge+ClustSml+ShapeGate+MinPeaks+P-Filter+EquipRej+SkinPrio+Omega+OmScale+OmSplit+OmRot+FarField+GradFarF+Kalman+StaticSup,horizontal best
cap_000266,2026-08-24T15:30:30.028,horizontal,22.33,24.83,2,0,0.0,TempBand+Watershed+Merge+ClustSml+ShapeGate+MinPeaks+P-Filter+EquipRej+SkinPrio+Omega+OmScale+OmSplit+OmRot+FarField+GradFarF+Kalman+StaticSup,horizontal best
cap_000267,2026-08-24T15:30:30.123,horizontal,22.30,24.80,1,0,0.0,TempBand+Watershed+Merge+ClustSml+ShapeGate+MinPeaks+P-Filter+EquipRej+SkinPrio+Omega+OmScale+OmSplit+OmRot+FarField+GradFarF+Kalman+StaticSup,horizontal best
cap_000268,2026-08-24T15:30:30.258,horizontal,22.30,24.80,2,0,0.0,TempBand+Watershed+Merge+ClustSml+ShapeGate+MinPeaks+P-Filter+EquipRej+SkinPrio+Omega+OmScale+OmSplit+OmRot+FarField+GradFarF+Kalman+StaticSup,horizontal best
cap_000269,2026-08-24T15:30:30.353,horizontal,22.33,24.83,1,0,0.0,TempBand+Watershed+Merge+ClustSml+ShapeGate+MinPeaks+P-Filter+EquipRej+SkinPrio+Omega+OmScale+OmSplit+OmRot+FarField+GradFarF+Kalman+StaticSup,horizontal best
cap_000270,2026-08-24T15:30:30.482,horizontal,22.33,24.83,1,0,0.0,TempBand+Watershed+Merge+ClustSml+ShapeGate+MinPeaks+P-Filter+EquipRej+SkinPrio+Omega+OmScale+OmSplit+OmRot+FarField+GradFarF+Kalman+StaticSup,horizontal best
cap_000271,2026-08-24T15:30:30.581,horizontal,22.33,24.83,1,0,0.0,TempBand+Watershed+Merge+ClustSml+ShapeGate+MinPeaks+P-Filter+EquipRej+SkinPrio+Omega+OmScale+OmSplit+OmRot+FarField+GradFarF+Kalman+StaticSup,horizontal best
cap_000272,2026-08-24T15:30:30.705,horizontal,22.33,24.83,1,0,0.0,TempBand+Watershed+Merge+ClustSml+ShapeGate+MinPeaks+P-Filter+EquipRej+SkinPrio+Omega+OmScale+OmSplit+OmRot+FarField+GradFarF+Kalman+StaticSup,horizontal best
cap_000273,2026-08-24T15:30:30.836,horizontal,22.33,24.83,1,0,0.0,TempBand+Watershed+Merge+ClustSml+ShapeGate+MinPeaks+P-Filter+EquipRej+SkinPrio+Omega+OmScale+OmSplit+OmRot+FarField+GradFarF+Kalman+StaticSup,horizontal best
cap_000274,2026-08-24T15:30:30.930,horizontal,22.33,24.83,2,0,0.0,TempBand+Watershed+Merge+ClustSml+ShapeGate+MinPeaks+P-Filter+EquipRej+SkinPrio+Omega+OmScale+OmSplit+OmRot+FarField+GradFarF+Kalman+StaticSup,horizontal best
cap_000275,2026-08-24T15:30:31.063,horizontal,22.30,24.80,3,0,0.0,TempBand+Watershed+Merge+ClustSml+ShapeGate+MinPeaks+P-Filter+EquipRej+SkinPrio+Omega+OmScale+OmSplit+OmRot+FarField+GradFarF+Kalman+StaticSup,horizontal best
cap_000276,2026-08-24T15:30:31.151,horizontal,22.30,24.80,3,0,0.0,TempBand+Watershed+Merge+ClustSml+ShapeGate+MinPeaks+P-Filter+EquipRej+SkinPrio+Omega+OmScale+OmSplit+OmRot+FarField+GradFarF+Kalman+StaticSup,horizontal best
cap_000277,2026-08-24T15:30:31.284,horizontal,22.30,24.80,3,0,0.0,TempBand+Watershed+Merge+ClustSml+ShapeGate+MinPeaks+P-Filter+EquipRej+SkinPrio+Omega+OmScale+OmSplit+OmRot+FarField+GradFarF+Kalman+StaticSup,horizontal best
cap_000278,2026-08-24T15:30:31.378,horizontal,22.33,24.83,3,0,0.0,TempBand+Watershed+Merge+ClustSml+ShapeGate+MinPeaks+P-Filter+EquipRej+SkinPrio+Omega+OmScale+OmSplit+OmRot+FarField+GradFarF+Kalman+StaticSup,horizontal best
cap_000279,2026-08-24T15:30:31.508,horizontal,22.30,24.80,3,0,0.0,TempBand+Watershed+Merge+ClustSml+ShapeGate+MinPeaks+P-Filter+EquipRej+SkinPrio+Omega+OmScale+OmSplit+OmRot+FarField+GradFarF+Kalman+StaticSup,horizontal best
cap_000280,2026-08-24T15:30:31.602,horizontal,22.30,24.80,2,1,0.4075089059222582,TempBand+Watershed+Merge+ClustSml+ShapeGate+MinPeaks+P-Filter+EquipRej+SkinPrio+Omega+OmScale+OmSplit+OmRot+FarField+GradFarF+Kalman+StaticSup,horizontal best
cap_000281,2026-08-24T15:30:31.733,horizontal,22.30,24.80,2,1,0.7424982295463365,TempBand+Watershed+Merge+ClustSml+ShapeGate+MinPeaks+P-Filter+EquipRej+SkinPrio+Omega+OmScale+OmSplit+OmRot+FarField+GradFarF+Kalman+StaticSup,horizontal best
cap_000282,2026-08-24T15:30:31.859,horizontal,22.30,24.80,2,1,0.6008156508139221,TempBand+Watershed+Merge+ClustSml+ShapeGate+MinPeaks+P-Filter+EquipRej+SkinPrio+Omega+OmScale+OmSplit+OmRot+FarField+GradFarF+Kalman+StaticSup,horizontal best
cap_000283,2026-08-24T15:30:31.953,horizontal,22.30,24.80,3,1,0.0178269701001982,TempBand+Watershed+Merge+ClustSml+ShapeGate+MinPeaks+P-Filter+EquipRej+SkinPrio+Omega+OmScale+OmSplit+OmRot+FarField+GradFarF+Kalman+StaticSup,horizontal best
cap_000284,2026-08-24T15:30:32.088,horizontal,22.30,24.80,3,2,0.6163882149531044,TempBand+Watershed+Merge+ClustSml+ShapeGate+MinPeaks+P-Filter+EquipRej+SkinPrio+Omega+OmScale+OmSplit+OmRot+FarField+GradFarF+Kalman+StaticSup,horizontal best
cap_000285,2026-08-24T15:30:32.180,horizontal,22.30,24.80,3,2,0.01960766446627483,TempBand+Watershed+Merge+ClustSml+ShapeGate+MinPeaks+P-Filter+EquipRej+SkinPrio+Omega+OmScale+OmSplit+OmRot+FarField+GradFarF+Kalman+StaticSup,horizontal best
cap_000286,2026-08-24T15:30:32.307,horizontal,22.28,24.78,3,2,0.019690179753420675,TempBand+Watershed+Merge+ClustSml+ShapeGate+MinPeaks+P-Filter+EquipRej+SkinPrio+Omega+OmScale+OmSplit+OmRot+FarField+GradFarF+Kalman+StaticSup,horizontal best
cap_000287,2026-08-24T15:30:32.402,horizontal,22.30,24.80,3,1,0.6945219323415257,TempBand+Watershed+Merge+ClustSml+ShapeGate+MinPeaks+P-Filter+EquipRej+SkinPrio+Omega+OmScale+OmSplit+OmRot+FarField+GradFarF+Kalman+StaticSup,horizontal best
cap_000288,2026-08-24T15:30:32.535,horizontal,22.28,24.78,3,2,0.6548650678948145,TempBand+Watershed+Merge+ClustSml+ShapeGate+MinPeaks+P-Filter+EquipRej+SkinPrio+Omega+OmScale+OmSplit+OmRot+FarField+GradFarF+Kalman+StaticSup,horizontal best
cap_000289,2026-08-24T15:30:32.658,horizontal,22.28,24.78,3,1,0.69845782239748,TempBand+Watershed+Merge+ClustSml+ShapeGate+MinPeaks+P-Filter+EquipRej+SkinPrio+Omega+OmScale+OmSplit+OmRot+FarField+GradFarF+Kalman+StaticSup,horizontal best
cap_000290,2026-08-24T15:30:32.754,horizontal,22.28,24.78,3,1,0.7639741255756789,TempBand+Watershed+Merge+ClustSml+ShapeGate+MinPeaks+P-Filter+EquipRej+SkinPrio+Omega+OmScale+OmSplit+OmRot+FarField+GradFarF+Kalman+StaticSup,horizontal best
cap_000291,2026-08-24T15:30:32.884,horizontal,22.28,24.78,3,1,0.01826615101071335,TempBand+Watershed+Merge+ClustSml+ShapeGate+MinPeaks+P-Filter+EquipRej+SkinPrio+Omega+OmScale+OmSplit+OmRot+FarField+GradFarF+Kalman+StaticSup,horizontal best
cap_000292,2026-08-24T15:30:32.979,horizontal,22.28,24.78,3,2,0.6888118306564626,TempBand+Watershed+Merge+ClustSml+ShapeGate+MinPeaks+P-Filter+EquipRej+SkinPrio+Omega+OmScale+OmSplit+OmRot+FarField+GradFarF+Kalman+StaticSup,horizontal best
cap_000293,2026-08-24T15:30:33.112,horizontal,22.28,24.78,3,2,0.7347944111207964,TempBand+Watershed+Merge+ClustSml+ShapeGate+MinPeaks+P-Filter+EquipRej+SkinPrio+Omega+OmScale+OmSplit+OmRot+FarField+GradFarF+Kalman+StaticSup,horizontal best
cap_000294,2026-08-24T15:30:33.200,horizontal,22.30,24.80,3,1,0.7813371738842175,TempBand+Watershed+Merge+ClustSml+ShapeGate+MinPeaks+P-Filter+EquipRej+SkinPrio+Omega+OmScale+OmSplit+OmRot+FarField+GradFarF+Kalman+StaticSup,horizontal best
cap_000295,2026-08-24T15:30:33.334,horizontal,22.30,24.80,3,2,0.6927031663376517,TempBand+Watershed+Merge+ClustSml+ShapeGate+MinPeaks+P-Filter+EquipRej+SkinPrio+Omega+OmScale+OmSplit+OmRot+FarField+GradFarF+Kalman+StaticSup,horizontal best
cap_000296,2026-08-24T15:30:33.428,horizontal,22.30,24.80,3,2,0.6963553798684303,TempBand+Watershed+Merge+ClustSml+ShapeGate+MinPeaks+P-Filter+EquipRej+SkinPrio+Omega+OmScale+OmSplit+OmRot+FarField+GradFarF+Kalman+StaticSup,horizontal best
cap_000297,2026-08-24T15:30:33.558,horizontal,22.30,24.80,3,2,0.6963553798684303,TempBand+Watershed+Merge+ClustSml+ShapeGate+MinPeaks+P-Filter+EquipRej+SkinPrio+Omega+OmScale+OmSplit+OmRot+FarField+GradFarF+Kalman+StaticSup,horizontal best
cap_000298,2026-08-24T15:30:33.686,horizontal,22.37,24.87,3,2,0.632786467523911,TempBand+Watershed+Merge+ClustSml+ShapeGate+MinPeaks+P-Filter+EquipRej+SkinPrio+Omega+OmScale+OmSplit+OmRot+FarField+GradFarF+Kalman+StaticSup,horizontal best
cap_000299,2026-08-24T15:30:33.782,horizontal,22.35,24.85,3,2,0.680414455590839,TempBand+Watershed+Merge+ClustSml+ShapeGate+MinPeaks+P-Filter+EquipRej+SkinPrio+Omega+OmScale+OmSplit+OmRot+FarField+GradFarF+Kalman+StaticSup,horizontal best
cap_000300,2026-08-24T15:30:33.905,horizontal,22.33,24.83,3,2,0.680414455590839,TempBand+Watershed+Merge+ClustSml+ShapeGate+MinPeaks+P-Filter+EquipRej+SkinPrio+Omega+OmScale+OmSplit+OmRot+FarField+GradFarF+Kalman+StaticSup,horizontal best
cap_000301,2026-08-24T15:30:34.002,horizontal,22.33,24.83,3,2,0.6179202486273873,TempBand+Watershed+Merge+ClustSml+ShapeGate+MinPeaks+P-Filter+EquipRej+SkinPrio+Omega+OmScale+OmSplit+OmRot+FarField+GradFarF+Kalman+StaticSup,horizontal best
cap_000302,2026-08-24T15:30:34.128,horizontal,22.37,24.87,3,1,0.673833300031532,TempBand+Watershed+Merge+ClustSml+ShapeGate+MinPeaks+P-Filter+EquipRej+SkinPrio+Omega+OmScale+OmSplit+OmRot+FarField+GradFarF+Kalman+StaticSup,horizontal best
cap_000303,2026-08-24T15:30:34.227,horizontal,22.35,24.85,3,2,0.6087918813181191,TempBand+Watershed+Merge+ClustSml+ShapeGate+MinPeaks+P-Filter+EquipRej+SkinPrio+Omega+OmScale+OmSplit+OmRot+FarField+GradFarF+Kalman+StaticSup,horizontal best
cap_000304,2026-08-24T15:30:34.358,horizontal,22.33,24.83,3,2,0.6048128494140786,TempBand+Watershed+Merge+ClustSml+ShapeGate+MinPeaks+P-Filter+EquipRej+SkinPrio+Omega+OmScale+OmSplit+OmRot+FarField+GradFarF+Kalman+StaticSup,horizontal best
cap_000305,2026-08-24T15:30:34.484,horizontal,22.33,24.83,3,1,0.6203635670035347,TempBand+Watershed+Merge+ClustSml+ShapeGate+MinPeaks+P-Filter+EquipRej+SkinPrio+Omega+OmScale+OmSplit+OmRot+FarField+GradFarF+Kalman+StaticSup,horizontal best
cap_000306,2026-08-24T15:30:34.579,horizontal,22.33,24.83,3,1,0.6454613716091517,TempBand+Watershed+Merge+ClustSml+ShapeGate+MinPeaks+P-Filter+EquipRej+SkinPrio+Omega+OmScale+OmSplit+OmRot+FarField+GradFarF+Kalman+StaticSup,horizontal best
cap_000307,2026-08-24T15:30:34.713,horizontal,22.33,24.83,3,2,0.6740362971803401,TempBand+Watershed+Merge+ClustSml+ShapeGate+MinPeaks+P-Filter+EquipRej+SkinPrio+Omega+OmScale+OmSplit+OmRot+FarField+GradFarF+Kalman+StaticSup,horizontal best
cap_000308,2026-08-24T15:30:34.803,horizontal,22.35,24.85,2,2,0.6569874675307438,TempBand+Watershed+Merge+ClustSml+ShapeGate+MinPeaks+P-Filter+EquipRej+SkinPrio+Omega+OmScale+OmSplit+OmRot+FarField+GradFarF+Kalman+StaticSup,horizontal best
cap_000309,2026-08-24T15:30:34.936,horizontal,22.37,24.87,3,1,0.38116415395351494,TempBand+Watershed+Merge+ClustSml+ShapeGate+MinPeaks+P-Filter+EquipRej+SkinPrio+Omega+OmScale+OmSplit+OmRot+FarField+GradFarF+Kalman+StaticSup,horizontal best
cap_000310,2026-08-24T15:30:35.028,horizontal,22.37,24.87,3,1,0.008222671736894864,TempBand+Watershed+Merge+ClustSml+ShapeGate+MinPeaks+P-Filter+EquipRej+SkinPrio+Omega+OmScale+OmSplit+OmRot+FarField+GradFarF+Kalman+StaticSup,horizontal best
cap_000311,2026-08-24T15:30:35.157,horizontal,22.40,24.90,3,1,0.8212721849938542,TempBand+Watershed+Merge+ClustSml+ShapeGate+MinPeaks+P-Filter+EquipRej+SkinPrio+Omega+OmScale+OmSplit+OmRot+FarField+GradFarF+Kalman+StaticSup,horizontal best
cap_000312,2026-08-24T15:30:35.261,horizontal,22.47,24.97,2,1,0.817724438773097,TempBand+Watershed+Merge+ClustSml+ShapeGate+MinPeaks+P-Filter+EquipRej+SkinPrio+Omega+OmScale+OmSplit+OmRot+FarField+GradFarF+Kalman+StaticSup,horizontal best
cap_000313,2026-08-24T15:30:35.378,horizontal,22.44,24.94,2,1,0.8914324047740689,TempBand+Watershed+Merge+ClustSml+ShapeGate+MinPeaks+P-Filter+EquipRej+SkinPrio+Omega+OmScale+OmSplit+OmRot+FarField+GradFarF+Kalman+StaticSup,horizontal best
cap_000314,2026-08-24T15:30:35.513,horizontal,22.44,24.94,2,1,0.8230911710071304,TempBand+Watershed+Merge+ClustSml+ShapeGate+MinPeaks+P-Filter+EquipRej+SkinPrio+Omega+OmScale+OmSplit+OmRot+FarField+GradFarF+Kalman+StaticSup,horizontal best
cap_000315,2026-08-24T15:30:35.603,horizontal,22.40,24.90,2,1,0.8138228680528343,TempBand+Watershed+Merge+ClustSml+ShapeGate+MinPeaks+P-Filter+EquipRej+SkinPrio+Omega+OmScale+OmSplit+OmRot+FarField+GradFarF+Kalman+StaticSup,horizontal best
cap_000316,2026-08-24T15:30:35.733,horizontal,22.37,24.87,2,1,0.6302546641689962,TempBand+Watershed+Merge+ClustSml+ShapeGate+MinPeaks+P-Filter+EquipRej+SkinPrio+Omega+OmScale+OmSplit+OmRot+FarField+GradFarF+Kalman+StaticSup,horizontal best
cap_000317,2026-08-24T15:30:35.825,horizontal,22.33,24.83,2,1,0.6140415862415025,TempBand+Watershed+Merge+ClustSml+ShapeGate+MinPeaks+P-Filter+EquipRej+SkinPrio+Omega+OmScale+OmSplit+OmRot+FarField+GradFarF+Kalman+StaticSup,horizontal best
cap_000318,2026-08-24T15:30:35.959,horizontal,22.33,24.83,2,1,0.47843564684761,TempBand+Watershed+Merge+ClustSml+ShapeGate+MinPeaks+P-Filter+EquipRej+SkinPrio+Omega+OmScale+OmSplit+OmRot+FarField+GradFarF+Kalman+StaticSup,horizontal best
cap_000319,2026-08-24T15:30:36.054,horizontal,22.28,24.78,2,0,0.0,TempBand+Watershed+Merge+ClustSml+ShapeGate+MinPeaks+P-Filter+EquipRej+SkinPrio+Omega+OmScale+OmSplit+OmRot+FarField+GradFarF+Kalman+StaticSup,horizontal best
cap_000320,2026-08-24T15:30:36.183,horizontal,22.28,24.78,2,0,0.0,TempBand+Watershed+Merge+ClustSml+ShapeGate+MinPeaks+P-Filter+EquipRej+SkinPrio+Omega+OmScale+OmSplit+OmRot+FarField+GradFarF+Kalman+StaticSup,horizontal best
cap_000321,2026-08-24T15:30:36.313,horizontal,22.30,24.80,2,0,0.0,TempBand+Watershed+Merge+ClustSml+ShapeGate+MinPeaks+P-Filter+EquipRej+SkinPrio+Omega+OmScale+OmSplit+OmRot+FarField+GradFarF+Kalman+StaticSup,horizontal best
cap_000322,2026-08-24T15:30:36.422,horizontal,22.28,24.78,2,0,0.0,TempBand+Watershed+Merge+ClustSml+ShapeGate+MinPeaks+P-Filter+EquipRej+SkinPrio+Omega+OmScale+OmSplit+OmRot+FarField+GradFarF+Kalman+StaticSup,horizontal best
cap_000323,2026-08-24T15:30:36.530,horizontal,22.28,24.78,2,1,0.22806241355368947,TempBand+Watershed+Merge+ClustSml+ShapeGate+MinPeaks+P-Filter+EquipRej+SkinPrio+Omega+OmScale+OmSplit+OmRot+FarField+GradFarF+Kalman+StaticSup,horizontal best
cap_000324,2026-08-24T15:30:36.630,horizontal,22.30,24.80,2,0,0.0,TempBand+Watershed+Merge+ClustSml+ShapeGate+MinPeaks+P-Filter+EquipRej+SkinPrio+Omega+OmScale+OmSplit+OmRot+FarField+GradFarF+Kalman+StaticSup,horizontal best
cap_000325,2026-08-24T15:30:36.755,horizontal,22.33,24.83,2,1,0.04183765700787423,TempBand+Watershed+Merge+ClustSml+ShapeGate+MinPeaks+P-Filter+EquipRej+SkinPrio+Omega+OmScale+OmSplit+OmRot+FarField+GradFarF+Kalman+StaticSup,horizontal best
cap_000326,2026-08-24T15:30:36.853,horizontal,22.30,24.80,2,0,0.0,TempBand+Watershed+Merge+ClustSml+ShapeGate+MinPeaks+P-Filter+EquipRej+SkinPrio+Omega+OmScale+OmSplit+OmRot+FarField+GradFarF+Kalman+StaticSup,horizontal best
cap_000327,2026-08-24T15:30:36.980,horizontal,22.30,24.80,2,0,0.0,TempBand+Watershed+Merge+ClustSml+ShapeGate+MinPeaks+P-Filter+EquipRej+SkinPrio+Omega+OmScale+OmSplit+OmRot+FarField+GradFarF+Kalman+StaticSup,horizontal best
cap_000328,2026-08-24T15:30:37.076,horizontal,22.33,24.83,2,0,0.0,TempBand+Watershed+Merge+ClustSml+ShapeGate+MinPeaks+P-Filter+EquipRej+SkinPrio+Omega+OmScale+OmSplit+OmRot+FarField+GradFarF+Kalman+StaticSup,horizontal best
cap_000329,2026-08-24T15:30:37.205,horizontal,22.33,24.83,2,0,0.0,TempBand+Watershed+Merge+ClustSml+ShapeGate+MinPeaks+P-Filter+EquipRej+SkinPrio+Omega+OmScale+OmSplit+OmRot+FarField+GradFarF+Kalman+StaticSup,horizontal best
cap_000330,2026-08-24T15:30:37.337,horizontal,22.35,24.85,2,0,0.0,TempBand+Watershed+Merge+ClustSml+ShapeGate+MinPeaks+P-Filter+EquipRej+SkinPrio+Omega+OmScale+OmSplit+OmRot+FarField+GradFarF+Kalman+StaticSup,horizontal best
cap_000331,2026-08-24T15:30:37.426,horizontal,22.35,24.85,3,0,0.0,TempBand+Watershed+Merge+ClustSml+ShapeGate+MinPeaks+P-Filter+EquipRej+SkinPrio+Omega+OmScale+OmSplit+OmRot+FarField+GradFarF+Kalman+StaticSup,horizontal best
cap_000332,2026-08-24T15:30:37.558,horizontal,22.33,24.83,2,0,0.0,TempBand+Watershed+Merge+ClustSml+ShapeGate+MinPeaks+P-Filter+EquipRej+SkinPrio+Omega+OmScale+OmSplit+OmRot+FarField+GradFarF+Kalman+StaticSup,horizontal best
cap_000333,2026-08-24T15:30:37.658,horizontal,22.33,24.83,2,0,0.0,TempBand+Watershed+Merge+ClustSml+ShapeGate+MinPeaks+P-Filter+EquipRej+SkinPrio+Omega+OmScale+OmSplit+OmRot+FarField+GradFarF+Kalman+StaticSup,horizontal best
cap_000334,2026-08-24T15:30:37.782,horizontal,22.33,24.83,2,0,0.0,TempBand+Watershed+Merge+ClustSml+ShapeGate+MinPeaks+P-Filter+EquipRej+SkinPrio+Omega+OmScale+OmSplit+OmRot+FarField+GradFarF+Kalman+StaticSup,horizontal best
cap_000335,2026-08-24T15:30:37.874,horizontal,22.30,24.80,2,0,0.0,TempBand+Watershed+Merge+ClustSml+ShapeGate+MinPeaks+P-Filter+EquipRej+SkinPrio+Omega+OmScale+OmSplit+OmRot+FarField+GradFarF+Kalman+StaticSup,horizontal best
cap_000336,2026-08-24T15:30:38.008,horizontal,22.30,24.80,2,0,0.0,TempBand+Watershed+Merge+ClustSml+ShapeGate+MinPeaks+P-Filter+EquipRej+SkinPrio+Omega+OmScale+OmSplit+OmRot+FarField+GradFarF+Kalman+StaticSup,horizontal best
cap_000337,2026-08-24T15:30:38.102,horizontal,22.28,24.78,2,0,0.0,TempBand+Watershed+Merge+ClustSml+ShapeGate+MinPeaks+P-Filter+EquipRej+SkinPrio+Omega+OmScale+OmSplit+OmRot+FarField+GradFarF+Kalman+StaticSup,horizontal best
cap_000338,2026-08-24T15:30:38.227,horizontal,22.28,24.78,2,0,0.0,TempBand+Watershed+Merge+ClustSml+ShapeGate+MinPeaks+P-Filter+EquipRej+SkinPrio+Omega+OmScale+OmSplit+OmRot+FarField+GradFarF+Kalman+StaticSup,horizontal best
cap_000339,2026-08-24T15:30:38.357,horizontal,22.28,24.78,2,0,0.0,TempBand+Watershed+Merge+ClustSml+ShapeGate+MinPeaks+P-Filter+EquipRej+SkinPrio+Omega+OmScale+OmSplit+OmRot+FarField+GradFarF+Kalman+StaticSup,horizontal best
cap_000340,2026-08-24T15:30:38.448,horizontal,22.26,24.76,2,0,0.0,TempBand+Watershed+Merge+ClustSml+ShapeGate+MinPeaks+P-Filter+EquipRej+SkinPrio+Omega+OmScale+OmSplit+OmRot+FarField+GradFarF+Kalman+StaticSup,horizontal best
cap_000341,2026-08-24T15:30:38.588,horizontal,22.28,24.78,2,0,0.0,TempBand+Watershed+Merge+ClustSml+ShapeGate+MinPeaks+P-Filter+EquipRej+SkinPrio+Omega+OmScale+OmSplit+OmRot+FarField+GradFarF+Kalman+StaticSup,horizontal best
cap_000342,2026-08-24T15:30:38.672,horizontal,22.26,24.76,2,0,0.0,TempBand+Watershed+Merge+ClustSml+ShapeGate+MinPeaks+P-Filter+EquipRej+SkinPrio+Omega+OmScale+OmSplit+OmRot+FarField+GradFarF+Kalman+StaticSup,horizontal best
cap_000343,2026-08-24T15:30:38.799,horizontal,22.26,24.76,2,0,0.0,TempBand+Watershed+Merge+ClustSml+ShapeGate+MinPeaks+P-Filter+EquipRej+SkinPrio+Omega+OmScale+OmSplit+OmRot+FarField+GradFarF+Kalman+StaticSup,horizontal best
cap_000344,2026-08-24T15:30:38.898,horizontal,22.26,24.76,2,0,0.0,TempBand+Watershed+Merge+ClustSml+ShapeGate+MinPeaks+P-Filter+EquipRej+SkinPrio+Omega+OmScale+OmSplit+OmRot+FarField+GradFarF+Kalman+StaticSup,horizontal best
cap_000345,2026-08-24T15:30:39.023,horizontal,22.26,24.76,2,0,0.0,TempBand+Watershed+Merge+ClustSml+ShapeGate+MinPeaks+P-Filter+EquipRej+SkinPrio+Omega+OmScale+OmSplit+OmRot+FarField+GradFarF+Kalman+StaticSup,horizontal best
cap_000346,2026-08-24T15:30:39.150,horizontal,22.26,24.76,3,0,0.0,TempBand+Watershed+Merge+ClustSml+ShapeGate+MinPeaks+P-Filter+EquipRej+SkinPrio+Omega+OmScale+OmSplit+OmRot+FarField+GradFarF+Kalman+StaticSup,horizontal best
cap_000347,2026-08-24T15:30:39.245,horizontal,22.26,24.76,3,0,0.0,TempBand+Watershed+Merge+ClustSml+ShapeGate+MinPeaks+P-Filter+EquipRej+SkinPrio+Omega+OmScale+OmSplit+OmRot+FarField+GradFarF+Kalman+StaticSup,horizontal best
cap_000348,2026-08-24T15:30:39.380,horizontal,22.26,24.76,3,0,0.0,TempBand+Watershed+Merge+ClustSml+ShapeGate+MinPeaks+P-Filter+EquipRej+SkinPrio+Omega+OmScale+OmSplit+OmRot+FarField+GradFarF+Kalman+StaticSup,horizontal best
cap_000349,2026-08-24T15:30:39.470,horizontal,22.26,24.76,2,0,0.0,TempBand+Watershed+Merge+ClustSml+ShapeGate+MinPeaks+P-Filter+EquipRej+SkinPrio+Omega+OmScale+OmSplit+OmRot+FarField+GradFarF+Kalman+StaticSup,horizontal best
cap_000350,2026-08-24T15:30:39.599,horizontal,22.26,24.76,2,0,0.0,TempBand+Watershed+Merge+ClustSml+ShapeGate+MinPeaks+P-Filter+EquipRej+SkinPrio+Omega+OmScale+OmSplit+OmRot+FarField+GradFarF+Kalman+StaticSup,horizontal best
cap_000351,2026-08-24T15:30:39.695,horizontal,22.23,24.73,2,0,0.0,TempBand+Watershed+Merge+ClustSml+ShapeGate+MinPeaks+P-Filter+EquipRej+SkinPrio+Omega+OmScale+OmSplit+OmRot+FarField+GradFarF+Kalman+StaticSup,horizontal best
cap_000352,2026-08-24T15:30:39.823,horizontal,22.23,24.73,2,0,0.0,TempBand+Watershed+Merge+ClustSml+ShapeGate+MinPeaks+P-Filter+EquipRej+SkinPrio+Omega+OmScale+OmSplit+OmRot+FarField+GradFarF+Kalman+StaticSup,horizontal best
cap_000353,2026-08-24T15:30:39.920,horizontal,22.26,24.76,3,0,0.0,TempBand+Watershed+Merge+ClustSml+ShapeGate+MinPeaks+P-Filter+EquipRej+SkinPrio+Omega+OmScale+OmSplit+OmRot+FarField+GradFarF+Kalman+StaticSup,horizontal best
cap_000354,2026-08-24T15:30:40.049,horizontal,22.28,24.78,2,0,0.0,TempBand+Watershed+Merge+ClustSml+ShapeGate+MinPeaks+P-Filter+EquipRej+SkinPrio+Omega+OmScale+OmSplit+OmRot+FarField+GradFarF+Kalman+StaticSup,horizontal best
cap_000355,2026-08-24T15:30:40.178,horizontal,22.26,24.76,2,0,0.0,TempBand+Watershed+Merge+ClustSml+ShapeGate+MinPeaks+P-Filter+EquipRej+SkinPrio+Omega+OmScale+OmSplit+OmRot+FarField+GradFarF+Kalman+StaticSup,horizontal best
cap_000356,2026-08-24T15:30:40.276,horizontal,22.28,24.78,3,0,0.0,TempBand+Watershed+Merge+ClustSml+ShapeGate+MinPeaks+P-Filter+EquipRej+SkinPrio+Omega+OmScale+OmSplit+OmRot+FarField+GradFarF+Kalman+StaticSup,horizontal best
cap_000357,2026-08-24T15:30:40.399,horizontal,22.28,24.78,3,0,0.0,TempBand+Watershed+Merge+ClustSml+ShapeGate+MinPeaks+P-Filter+EquipRej+SkinPrio+Omega+OmScale+OmSplit+OmRot+FarField+GradFarF+Kalman+StaticSup,horizontal best
cap_000358,2026-08-24T15:30:40.496,horizontal,22.28,24.78,3,0,0.0,TempBand+Watershed+Merge+ClustSml+ShapeGate+MinPeaks+P-Filter+EquipRej+SkinPrio+Omega+OmScale+OmSplit+OmRot+FarField+GradFarF+Kalman+StaticSup,horizontal best
cap_000359,2026-08-24T15:30:40.624,horizontal,22.28,24.78,2,0,0.0,TempBand+Watershed+Merge+ClustSml+ShapeGate+MinPeaks+P-Filter+EquipRej+SkinPrio+Omega+OmScale+OmSplit+OmRot+FarField+GradFarF+Kalman+StaticSup,horizontal best
cap_000360,2026-08-24T15:30:40.721,horizontal,22.28,24.78,3,0,0.0,TempBand+Watershed+Merge+ClustSml+ShapeGate+MinPeaks+P-Filter+EquipRej+SkinPrio+Omega+OmScale+OmSplit+OmRot+FarField+GradFarF+Kalman+StaticSup,horizontal best
cap_000361,2026-08-24T15:30:40.851,horizontal,22.30,24.80,3,0,0.0,TempBand+Watershed+Merge+ClustSml+ShapeGate+MinPeaks+P-Filter+EquipRej+SkinPrio+Omega+OmScale+OmSplit+OmRot+FarField+GradFarF+Kalman+StaticSup,horizontal best
cap_000362,2026-08-24T15:30:40.984,horizontal,22.33,24.83,3,0,0.0,TempBand+Watershed+Merge+ClustSml+ShapeGate+MinPeaks+P-Filter+EquipRej+SkinPrio+Omega+OmScale+OmSplit+OmRot+FarField+GradFarF+Kalman+StaticSup,horizontal best
cap_000363,2026-08-24T15:30:41.075,horizontal,22.33,24.83,3,0,0.0,TempBand+Watershed+Merge+ClustSml+ShapeGate+MinPeaks+P-Filter+EquipRej+SkinPrio+Omega+OmScale+OmSplit+OmRot+FarField+GradFarF+Kalman+StaticSup,horizontal best
cap_000364,2026-08-24T15:30:41.203,horizontal,22.33,24.83,2,0,0.0,TempBand+Watershed+Merge+ClustSml+ShapeGate+MinPeaks+P-Filter+EquipRej+SkinPrio+Omega+OmScale+OmSplit+OmRot+FarField+GradFarF+Kalman+StaticSup,horizontal best
cap_000365,2026-08-24T15:30:41.298,horizontal,22.30,24.80,2,0,0.0,TempBand+Watershed+Merge+ClustSml+ShapeGate+MinPeaks+P-Filter+EquipRej+SkinPrio+Omega+OmScale+OmSplit+OmRot+FarField+GradFarF+Kalman+StaticSup,horizontal best
cap_000366,2026-08-24T15:30:41.424,horizontal,22.30,24.80,2,0,0.0,TempBand+Watershed+Merge+ClustSml+ShapeGate+MinPeaks+P-Filter+EquipRej+SkinPrio+Omega+OmScale+OmSplit+OmRot+FarField+GradFarF+Kalman+StaticSup,horizontal best
cap_000367,2026-08-24T15:30:41.521,horizontal,22.30,24.80,3,0,0.0,TempBand+Watershed+Merge+ClustSml+ShapeGate+MinPeaks+P-Filter+EquipRej+SkinPrio+Omega+OmScale+OmSplit+OmRot+FarField+GradFarF+Kalman+StaticSup,horizontal best
cap_000368,2026-08-24T15:30:41.653,horizontal,22.30,24.80,3,0,0.0,TempBand+Watershed+Merge+ClustSml+ShapeGate+MinPeaks+P-Filter+EquipRej+SkinPrio+Omega+OmScale+OmSplit+OmRot+FarField+GradFarF+Kalman+StaticSup,horizontal best
cap_000369,2026-08-24T15:30:41.745,horizontal,22.28,24.78,3,0,0.0,TempBand+Watershed+Merge+ClustSml+ShapeGate+MinPeaks+P-Filter+EquipRej+SkinPrio+Omega+OmScale+OmSplit+OmRot+FarField+GradFarF+Kalman+StaticSup,horizontal best
cap_000370,2026-08-24T15:30:41.881,horizontal,22.30,24.80,2,0,0.0,TempBand+Watershed+Merge+ClustSml+ShapeGate+MinPeaks+P-Filter+EquipRej+SkinPrio+Omega+OmScale+OmSplit+OmRot+FarField+GradFarF+Kalman+StaticSup,horizontal best
cap_000371,2026-08-24T15:30:42.003,horizontal,22.30,24.80,2,0,0.0,TempBand+Watershed+Merge+ClustSml+ShapeGate+MinPeaks+P-Filter+EquipRej+SkinPrio+Omega+OmScale+OmSplit+OmRot+FarField+GradFarF+Kalman+StaticSup,horizontal best
cap_000372,2026-08-24T15:30:42.097,horizontal,22.33,24.83,2,0,0.0,TempBand+Watershed+Merge+ClustSml+ShapeGate+MinPeaks+P-Filter+EquipRej+SkinPrio+Omega+OmScale+OmSplit+OmRot+FarField+GradFarF+Kalman+StaticSup,horizontal best
cap_000373,2026-08-24T15:30:42.230,horizontal,22.33,24.83,2,0,0.0,TempBand+Watershed+Merge+ClustSml+ShapeGate+MinPeaks+P-Filter+EquipRej+SkinPrio+Omega+OmScale+OmSplit+OmRot+FarField+GradFarF+Kalman+StaticSup,horizontal best
cap_000374,2026-08-24T15:30:42.320,horizontal,22.35,24.85,1,0,0.0,TempBand+Watershed+Merge+ClustSml+ShapeGate+MinPeaks+P-Filter+EquipRej+SkinPrio+Omega+OmScale+OmSplit+OmRot+FarField+GradFarF+Kalman+StaticSup,horizontal best
cap_000375,2026-08-24T15:30:42.452,horizontal,22.37,24.87,2,0,0.0,TempBand+Watershed+Merge+ClustSml+ShapeGate+MinPeaks+P-Filter+EquipRej+SkinPrio+Omega+OmScale+OmSplit+OmRot+FarField+GradFarF+Kalman+StaticSup,horizontal best
cap_000376,2026-08-24T15:30:42.544,horizontal,22.42,24.92,1,1,0.6458408773846994,TempBand+Watershed+Merge+ClustSml+ShapeGate+MinPeaks+P-Filter+EquipRej+SkinPrio+Omega+OmScale+OmSplit+OmRot+FarField+GradFarF+Kalman+StaticSup,horizontal best
cap_000377,2026-08-24T15:30:42.675,horizontal,22.44,24.94,1,1,0.6147565986566442,TempBand+Watershed+Merge+ClustSml+ShapeGate+MinPeaks+P-Filter+EquipRej+SkinPrio+Omega+OmScale+OmSplit+OmRot+FarField+GradFarF+Kalman+StaticSup,horizontal best
cap_000378,2026-08-24T15:30:42.806,horizontal,22.44,24.94,1,1,0.01778138987979335,TempBand+Watershed+Merge+ClustSml+ShapeGate+MinPeaks+P-Filter+EquipRej+SkinPrio+Omega+OmScale+OmSplit+OmRot+FarField+GradFarF+Kalman+StaticSup,horizontal best
cap_000379,2026-08-24T15:30:42.897,horizontal,22.47,24.97,2,1,0.003841724505293971,TempBand+Watershed+Merge+ClustSml+ShapeGate+MinPeaks+P-Filter+EquipRej+SkinPrio+Omega+OmScale+OmSplit+OmRot+FarField+GradFarF+Kalman+StaticSup,horizontal best
cap_000380,2026-08-24T15:30:43.024,horizontal,22.47,24.97,1,1,0.0228194503457348,TempBand+Watershed+Merge+ClustSml+ShapeGate+MinPeaks+P-Filter+EquipRej+SkinPrio+Omega+OmScale+OmSplit+OmRot+FarField+GradFarF+Kalman+StaticSup,horizontal best
cap_000381,2026-08-24T15:30:43.122,horizontal,22.47,24.97,2,1,0.0228194503457348,TempBand+Watershed+Merge+ClustSml+ShapeGate+MinPeaks+P-Filter+EquipRej+SkinPrio+Omega+OmScale+OmSplit+OmRot+FarField+GradFarF+Kalman+StaticSup,horizontal best
cap_000382,2026-08-24T15:30:43.250,horizontal,22.44,24.94,2,1,0.0228194503457348,TempBand+Watershed+Merge+ClustSml+ShapeGate+MinPeaks+P-Filter+EquipRej+SkinPrio+Omega+OmScale+OmSplit+OmRot+FarField+GradFarF+Kalman+StaticSup,horizontal best
cap_000383,2026-08-24T15:30:43.347,horizontal,22.47,24.97,2,0,0.0,TempBand+Watershed+Merge+ClustSml+ShapeGate+MinPeaks+P-Filter+EquipRej+SkinPrio+Omega+OmScale+OmSplit+OmRot+FarField+GradFarF+Kalman+StaticSup,horizontal best
cap_000384,2026-08-24T15:30:43.472,horizontal,22.47,24.97,2,1,0.021187001117075915,TempBand+Watershed+Merge+ClustSml+ShapeGate+MinPeaks+P-Filter+EquipRej+SkinPrio+Omega+OmScale+OmSplit+OmRot+FarField+GradFarF+Kalman+StaticSup,horizontal best
cap_000385,2026-08-24T15:30:43.568,horizontal,22.49,24.99,2,1,0.7025789698933078,TempBand+Watershed+Merge+ClustSml+ShapeGate+MinPeaks+P-Filter+EquipRej+SkinPrio+Omega+OmScale+OmSplit+OmRot+FarField+GradFarF+Kalman+StaticSup,horizontal best
cap_000386,2026-08-24T15:30:43.701,horizontal,22.54,25.04,2,1,0.6811980098828004,TempBand+Watershed+Merge+ClustSml+ShapeGate+MinPeaks+P-Filter+EquipRej+SkinPrio+Omega+OmScale+OmSplit+OmRot+FarField+GradFarF+Kalman+StaticSup,horizontal best
cap_000387,2026-08-24T15:30:43.830,horizontal,22.54,25.04,2,0,0.0,TempBand+Watershed+Merge+ClustSml+ShapeGate+MinPeaks+P-Filter+EquipRej+SkinPrio+Omega+OmScale+OmSplit+OmRot+FarField+GradFarF+Kalman+StaticSup,horizontal best
cap_000388,2026-08-24T15:30:43.924,horizontal,22.51,25.01,2,0,0.0,TempBand+Watershed+Merge+ClustSml+ShapeGate+MinPeaks+P-Filter+EquipRej+SkinPrio+Omega+OmScale+OmSplit+OmRot+FarField+GradFarF+Kalman+StaticSup,horizontal best
cap_000389,2026-08-24T15:30:44.052,horizontal,22.51,25.01,3,0,0.0,TempBand+Watershed+Merge+ClustSml+ShapeGate+MinPeaks+P-Filter+EquipRej+SkinPrio+Omega+OmScale+OmSplit+OmRot+FarField+GradFarF+Kalman+StaticSup,horizontal best
cap_000390,2026-08-24T15:30:44.147,horizontal,22.49,24.99,3,0,0.0,TempBand+Watershed+Merge+ClustSml+ShapeGate+MinPeaks+P-Filter+EquipRej+SkinPrio+Omega+OmScale+OmSplit+OmRot+FarField+GradFarF+Kalman+StaticSup,horizontal best
cap_000391,2026-08-24T15:30:44.274,horizontal,22.47,24.97,2,0,0.0,TempBand+Watershed+Merge+ClustSml+ShapeGate+MinPeaks+P-Filter+EquipRej+SkinPrio+Omega+OmScale+OmSplit+OmRot+FarField+GradFarF+Kalman+StaticSup,horizontal best
cap_000392,2026-08-24T15:30:44.370,horizontal,22.47,24.97,2,0,0.0,TempBand+Watershed+Merge+ClustSml+ShapeGate+MinPeaks+P-Filter+EquipRej+SkinPrio+Omega+OmScale+OmSplit+OmRot+FarField+GradFarF+Kalman+StaticSup,horizontal best
cap_000393,2026-08-24T15:30:44.496,horizontal,22.47,24.97,2,0,0.0,TempBand+Watershed+Merge+ClustSml+ShapeGate+MinPeaks+P-Filter+EquipRej+SkinPrio+Omega+OmScale+OmSplit+OmRot+FarField+GradFarF+Kalman+StaticSup,horizontal best
cap_000394,2026-08-24T15:30:44.597,horizontal,22.44,24.94,2,0,0.0,TempBand+Watershed+Merge+ClustSml+ShapeGate+MinPeaks+P-Filter+EquipRej+SkinPrio+Omega+OmScale+OmSplit+OmRot+FarField+GradFarF+Kalman+StaticSup,horizontal best
cap_000395,2026-08-24T15:30:44.722,horizontal,22.44,24.94,2,0,0.0,TempBand+Watershed+Merge+ClustSml+ShapeGate+MinPeaks+P-Filter+EquipRej+SkinPrio+Omega+OmScale+OmSplit+OmRot+FarField+GradFarF+Kalman+StaticSup,horizontal best
cap_000396,2026-08-24T15:30:44.852,horizontal,22.47,24.97,2,0,0.0,TempBand+Watershed+Merge+ClustSml+ShapeGate+MinPeaks+P-Filter+EquipRej+SkinPrio+Omega+OmScale+OmSplit+OmRot+FarField+GradFarF+Kalman+StaticSup,horizontal best
cap_000397,2026-08-24T15:30:44.947,horizontal,22.49,24.99,2,0,0.0,TempBand+Watershed+Merge+ClustSml+ShapeGate+MinPeaks+P-Filter+EquipRej+SkinPrio+Omega+OmScale+OmSplit+OmRot+FarField+GradFarF+Kalman+StaticSup,horizontal best
cap_000398,2026-08-24T15:30:45.079,horizontal,22.47,24.97,2,0,0.0,TempBand+Watershed+Merge+ClustSml+ShapeGate+MinPeaks+P-Filter+EquipRej+SkinPrio+Omega+OmScale+OmSplit+OmRot+FarField+GradFarF+Kalman+StaticSup,horizontal best
cap_000399,2026-08-24T15:30:45.170,horizontal,22.47,24.97,2,0,0.0,TempBand+Watershed+Merge+ClustSml+ShapeGate+MinPeaks+P-Filter+EquipRej+SkinPrio+Omega+OmScale+OmSplit+OmRot+FarField+GradFarF+Kalman+StaticSup,horizontal best
cap_000400,2026-08-24T15:30:45.301,horizontal,22.47,24.97,2,0,0.0,TempBand+Watershed+Merge+ClustSml+ShapeGate+MinPeaks+P-Filter+EquipRej+SkinPrio+Omega+OmScale+OmSplit+OmRot+FarField+GradFarF+Kalman+StaticSup,horizontal best
cap_000401,2026-08-24T15:30:45.395,horizontal,22.47,24.97,2,0,0.0,TempBand+Watershed+Merge+ClustSml+ShapeGate+MinPeaks+P-Filter+EquipRej+SkinPrio+Omega+OmScale+OmSplit+OmRot+FarField+GradFarF+Kalman+StaticSup,horizontal best
cap_000402,2026-08-24T15:30:45.525,horizontal,22.42,24.92,2,0,0.0,TempBand+Watershed+Merge+ClustSml+ShapeGate+MinPeaks+P-Filter+EquipRej+SkinPrio+Omega+OmScale+OmSplit+OmRot+FarField+GradFarF+Kalman+StaticSup,horizontal best
cap_000403,2026-08-24T15:30:45.654,horizontal,22.37,24.87,2,1,0.761936891521834,TempBand+Watershed+Merge+ClustSml+ShapeGate+MinPeaks+P-Filter+EquipRej+SkinPrio+Omega+OmScale+OmSplit+OmRot+FarField+GradFarF+Kalman+StaticSup,horizontal best
cap_000404,2026-08-24T15:30:45.748,horizontal,22.37,24.87,2,0,0.0,TempBand+Watershed+Merge+ClustSml+ShapeGate+MinPeaks+P-Filter+EquipRej+SkinPrio+Omega+OmScale+OmSplit+OmRot+FarField+GradFarF+Kalman+StaticSup,horizontal best
cap_000405,2026-08-24T15:30:45.874,horizontal,22.35,24.85,2,0,0.0,TempBand+Watershed+Merge+ClustSml+ShapeGate+MinPeaks+P-Filter+EquipRej+SkinPrio+Omega+OmScale+OmSplit+OmRot+FarField+GradFarF+Kalman+StaticSup,horizontal best
cap_000406,2026-08-24T15:30:45.971,horizontal,22.35,24.85,2,0,0.0,TempBand+Watershed+Merge+ClustSml+ShapeGate+MinPeaks+P-Filter+EquipRej+SkinPrio+Omega+OmScale+OmSplit+OmRot+FarField+GradFarF+Kalman+StaticSup,horizontal best
cap_000407,2026-08-24T15:30:46.102,horizontal,22.35,24.85,2,0,0.0,TempBand+Watershed+Merge+ClustSml+ShapeGate+MinPeaks+P-Filter+EquipRej+SkinPrio+Omega+OmScale+OmSplit+OmRot+FarField+GradFarF+Kalman+StaticSup,horizontal best
cap_000408,2026-08-24T15:30:46.195,horizontal,22.40,24.90,2,0,0.0,TempBand+Watershed+Merge+ClustSml+ShapeGate+MinPeaks+P-Filter+EquipRej+SkinPrio+Omega+OmScale+OmSplit+OmRot+FarField+GradFarF+Kalman+StaticSup,horizontal best
cap_000409,2026-08-24T15:30:46.324,horizontal,22.44,24.94,2,0,0.0,TempBand+Watershed+Merge+ClustSml+ShapeGate+MinPeaks+P-Filter+EquipRej+SkinPrio+Omega+OmScale+OmSplit+OmRot+FarField+GradFarF+Kalman+StaticSup,horizontal best
cap_000410,2026-08-24T15:30:46.416,horizontal,22.44,24.94,2,1,0.03516485783375105,TempBand+Watershed+Merge+ClustSml+ShapeGate+MinPeaks+P-Filter+EquipRej+SkinPrio+Omega+OmScale+OmSplit+OmRot+FarField+GradFarF+Kalman+StaticSup,horizontal best
cap_000411,2026-08-24T15:30:46.546,horizontal,22.44,24.94,2,1,0.1140388094411442,TempBand+Watershed+Merge+ClustSml+ShapeGate+MinPeaks+P-Filter+EquipRej+SkinPrio+Omega+OmScale+OmSplit+OmRot+FarField+GradFarF+Kalman+StaticSup,horizontal best
cap_000412,2026-08-24T15:30:46.676,horizontal,22.47,24.97,2,1,0.06648470695838116,TempBand+Watershed+Merge+ClustSml+ShapeGate+MinPeaks+P-Filter+EquipRej+SkinPrio+Omega+OmScale+OmSplit+OmRot+FarField+GradFarF+Kalman+StaticSup,horizontal best
cap_000413,2026-08-24T15:30:46.773,horizontal,22.49,24.99,2,1,0.6337270370945383,TempBand+Watershed+Merge+ClustSml+ShapeGate+MinPeaks+P-Filter+EquipRej+SkinPrio+Omega+OmScale+OmSplit+OmRot+FarField+GradFarF+Kalman+StaticSup,horizontal best
cap_000414,2026-08-24T15:30:46.900,horizontal,22.49,24.99,2,1,0.9309857793405016,TempBand+Watershed+Merge+ClustSml+ShapeGate+MinPeaks+P-Filter+EquipRej+SkinPrio+Omega+OmScale+OmSplit+OmRot+FarField+GradFarF+Kalman+StaticSup,horizontal best
cap_000415,2026-08-24T15:30:46.997,horizontal,22.49,24.99,2,2,0.5769746019770821,TempBand+Watershed+Merge+ClustSml+ShapeGate+MinPeaks+P-Filter+EquipRej+SkinPrio+Omega+OmScale+OmSplit+OmRot+FarField+GradFarF+Kalman+StaticSup,horizontal best
cap_000416,2026-08-24T15:30:47.125,horizontal,22.47,24.97,2,1,0.6135648458795134,TempBand+Watershed+Merge+ClustSml+ShapeGate+MinPeaks+P-Filter+EquipRej+SkinPrio+Omega+OmScale+OmSplit+OmRot+FarField+GradFarF+Kalman+StaticSup,horizontal best
cap_000417,2026-08-24T15:30:47.222,horizontal,22.47,24.97,2,2,0.7704920932389835,TempBand+Watershed+Merge+ClustSml+ShapeGate+MinPeaks+P-Filter+EquipRej+SkinPrio+Omega+OmScale+OmSplit+OmRot+FarField+GradFarF+Kalman+StaticSup,horizontal best
cap_000418,2026-08-24T15:30:47.350,horizontal,22.47,24.97,2,3,0.587070519621317,TempBand+Watershed+Merge+ClustSml+ShapeGate+MinPeaks+P-Filter+EquipRej+SkinPrio+Omega+OmScale+OmSplit+OmRot+FarField+GradFarF+Kalman+StaticSup,horizontal best
cap_000419,2026-08-24T15:30:47.483,horizontal,22.54,25.04,2,1,0.2768272869297877,TempBand+Watershed+Merge+ClustSml+ShapeGate+MinPeaks+P-Filter+EquipRej+SkinPrio+Omega+OmScale+OmSplit+OmRot+FarField+GradFarF+Kalman+StaticSup,horizontal best
cap_000420,2026-08-24T15:30:47.569,horizontal,22.56,25.06,2,1,0.8612958122150054,TempBand+Watershed+Merge+ClustSml+ShapeGate+MinPeaks+P-Filter+EquipRej+SkinPrio+Omega+OmScale+OmSplit+OmRot+FarField+GradFarF+Kalman+StaticSup,horizontal best
cap_000421,2026-08-24T15:30:47.698,horizontal,22.56,25.06,2,1,0.02522059773474122,TempBand+Watershed+Merge+ClustSml+ShapeGate+MinPeaks+P-Filter+EquipRej+SkinPrio+Omega+OmScale+OmSplit+OmRot+FarField+GradFarF+Kalman+StaticSup,horizontal best
cap_000422,2026-08-24T15:30:47.794,horizontal,22.56,25.06,2,1,0.9166203810594633,TempBand+Watershed+Merge+ClustSml+ShapeGate+MinPeaks+P-Filter+EquipRej+SkinPrio+Omega+OmScale+OmSplit+OmRot+FarField+GradFarF+Kalman+StaticSup,horizontal best
cap_000423,2026-08-24T15:30:47.925,horizontal,22.54,25.04,2,2,0.6960651142763028,TempBand+Watershed+Merge+ClustSml+ShapeGate+MinPeaks+P-Filter+EquipRej+SkinPrio+Omega+OmScale+OmSplit+OmRot+FarField+GradFarF+Kalman+StaticSup,horizontal best
cap_000424,2026-08-24T15:30:48.020,horizontal,22.54,25.04,2,1,0.8898146051469026,TempBand+Watershed+Merge+ClustSml+ShapeGate+MinPeaks+P-Filter+EquipRej+SkinPrio+Omega+OmScale+OmSplit+OmRot+FarField+GradFarF+Kalman+StaticSup,horizontal best
cap_000425,2026-08-24T15:30:48.149,horizontal,22.51,25.01,2,1,0.7669820421335277,TempBand+Watershed+Merge+ClustSml+ShapeGate+MinPeaks+P-Filter+EquipRej+SkinPrio+Omega+OmScale+OmSplit+OmRot+FarField+GradFarF+Kalman+StaticSup,horizontal best
cap_000426,2026-08-24T15:30:48.243,horizontal,22.49,24.99,2,0,0.0,TempBand+Watershed+Merge+ClustSml+ShapeGate+MinPeaks+P-Filter+EquipRej+SkinPrio+Omega+OmScale+OmSplit+OmRot+FarField+GradFarF+Kalman+StaticSup,horizontal best
cap_000427,2026-08-24T15:30:48.371,horizontal,22.47,24.97,2,1,0.8217664737144943,TempBand+Watershed+Merge+ClustSml+ShapeGate+MinPeaks+P-Filter+EquipRej+SkinPrio+Omega+OmScale+OmSplit+OmRot+FarField+GradFarF+Kalman+StaticSup,horizontal best
cap_000428,2026-08-24T15:30:48.504,horizontal,22.44,24.94,2,2,0.0016356544757033982,TempBand+Watershed+Merge+ClustSml+ShapeGate+MinPeaks+P-Filter+EquipRej+SkinPrio+Omega+OmScale+OmSplit+OmRot+FarField+GradFarF+Kalman+StaticSup,horizontal best
cap_000429,2026-08-24T15:30:48.595,horizontal,22.47,24.97,2,1,0.6604358394241933,TempBand+Watershed+Merge+ClustSml+ShapeGate+MinPeaks+P-Filter+EquipRej+SkinPrio+Omega+OmScale+OmSplit+OmRot+FarField+GradFarF+Kalman+StaticSup,horizontal best
cap_000430,2026-08-24T15:30:48.719,horizontal,22.44,24.94,2,1,0.2670860199597087,TempBand+Watershed+Merge+ClustSml+ShapeGate+MinPeaks+P-Filter+EquipRej+SkinPrio+Omega+OmScale+OmSplit+OmRot+FarField+GradFarF+Kalman+StaticSup,horizontal best
cap_000431,2026-08-24T15:30:48.816,horizontal,22.42,24.92,2,1,0.2566408404070819,TempBand+Watershed+Merge+ClustSml+ShapeGate+MinPeaks+P-Filter+EquipRej+SkinPrio+Omega+OmScale+OmSplit+OmRot+FarField+GradFarF+Kalman+StaticSup,horizontal best
cap_000432,2026-08-24T15:30:48.961,horizontal,22.40,24.90,2,1,0.12540764962039255,TempBand+Watershed+Merge+ClustSml+ShapeGate+MinPeaks+P-Filter+EquipRej+SkinPrio+Omega+OmScale+OmSplit+OmRot+FarField+GradFarF+Kalman+StaticSup,horizontal best
cap_000433,2026-08-24T15:30:49.036,horizontal,22.37,24.87,1,0,0.0,TempBand+Watershed+Merge+ClustSml+ShapeGate+MinPeaks+P-Filter+EquipRej+SkinPrio+Omega+OmScale+OmSplit+OmRot+FarField+GradFarF+Kalman+StaticSup,horizontal best
cap_000434,2026-08-24T15:30:49.162,horizontal,22.40,24.90,1,0,0.0,TempBand+Watershed+Merge+ClustSml+ShapeGate+MinPeaks+P-Filter+EquipRej+SkinPrio+Omega+OmScale+OmSplit+OmRot+FarField+GradFarF+Kalman+StaticSup,horizontal best
cap_000435,2026-08-24T15:30:49.291,horizontal,22.40,24.90,1,0,0.0,TempBand+Watershed+Merge+ClustSml+ShapeGate+MinPeaks+P-Filter+EquipRej+SkinPrio+Omega+OmScale+OmSplit+OmRot+FarField+GradFarF+Kalman+StaticSup,horizontal best
cap_000436,2026-08-24T15:30:49.388,horizontal,22.40,24.90,1,0,0.0,TempBand+Watershed+Merge+ClustSml+ShapeGate+MinPeaks+P-Filter+EquipRej+SkinPrio+Omega+OmScale+OmSplit+OmRot+FarField+GradFarF+Kalman+StaticSup,horizontal best
cap_000437,2026-08-24T15:30:49.517,horizontal,22.40,24.90,1,0,0.0,TempBand+Watershed+Merge+ClustSml+ShapeGate+MinPeaks+P-Filter+EquipRej+SkinPrio+Omega+OmScale+OmSplit+OmRot+FarField+GradFarF+Kalman+StaticSup,horizontal best
cap_000438,2026-08-24T15:30:49.613,horizontal,22.37,24.87,1,0,0.0,TempBand+Watershed+Merge+ClustSml+ShapeGate+MinPeaks+P-Filter+EquipRej+SkinPrio+Omega+OmScale+OmSplit+OmRot+FarField+GradFarF+Kalman+StaticSup,horizontal best
cap_000439,2026-08-24T15:30:49.745,horizontal,22.35,24.85,1,0,0.0,TempBand+Watershed+Merge+ClustSml+ShapeGate+MinPeaks+P-Filter+EquipRej+SkinPrio+Omega+OmScale+OmSplit+OmRot+FarField+GradFarF+Kalman+StaticSup,horizontal best
cap_000440,2026-08-24T15:30:49.837,horizontal,22.33,24.83,1,0,0.0,TempBand+Watershed+Merge+ClustSml+ShapeGate+MinPeaks+P-Filter+EquipRej+SkinPrio+Omega+OmScale+OmSplit+OmRot+FarField+GradFarF+Kalman+StaticSup,horizontal best
cap_000441,2026-08-24T15:30:49.971,horizontal,22.33,24.83,1,0,0.0,TempBand+Watershed+Merge+ClustSml+ShapeGate+MinPeaks+P-Filter+EquipRej+SkinPrio+Omega+OmScale+OmSplit+OmRot+FarField+GradFarF+Kalman+StaticSup,horizontal best
cap_000442,2026-08-24T15:30:50.069,horizontal,22.30,24.80,1,0,0.0,TempBand+Watershed+Merge+ClustSml+ShapeGate+MinPeaks+P-Filter+EquipRej+SkinPrio+Omega+OmScale+OmSplit+OmRot+FarField+GradFarF+Kalman+StaticSup,horizontal best
cap_000443,2026-08-24T15:30:50.202,horizontal,22.30,24.80,1,0,0.0,TempBand+Watershed+Merge+ClustSml+ShapeGate+MinPeaks+P-Filter+EquipRej+SkinPrio+Omega+OmScale+OmSplit+OmRot+FarField+GradFarF+Kalman+StaticSup,horizontal best
cap_000444,2026-08-24T15:30:50.320,horizontal,22.28,24.78,1,0,0.0,TempBand+Watershed+Merge+ClustSml+ShapeGate+MinPeaks+P-Filter+EquipRej+SkinPrio+Omega+OmScale+OmSplit+OmRot+FarField+GradFarF+Kalman+StaticSup,horizontal best
cap_000445,2026-08-24T15:30:50.416,horizontal,22.26,24.76,1,0,0.0,TempBand+Watershed+Merge+ClustSml+ShapeGate+MinPeaks+P-Filter+EquipRej+SkinPrio+Omega+OmScale+OmSplit+OmRot+FarField+GradFarF+Kalman+StaticSup,horizontal best
cap_000446,2026-08-24T15:30:50.546,horizontal,22.26,24.76,1,0,0.0,TempBand+Watershed+Merge+ClustSml+ShapeGate+MinPeaks+P-Filter+EquipRej+SkinPrio+Omega+OmScale+OmSplit+OmRot+FarField+GradFarF+Kalman+StaticSup,horizontal best
cap_000447,2026-08-24T15:30:50.639,horizontal,22.28,24.78,1,0,0.0,TempBand+Watershed+Merge+ClustSml+ShapeGate+MinPeaks+P-Filter+EquipRej+SkinPrio+Omega+OmScale+OmSplit+OmRot+FarField+GradFarF+Kalman+StaticSup,horizontal best
cap_000448,2026-08-24T15:30:50.770,horizontal,22.26,24.76,1,0,0.0,TempBand+Watershed+Merge+ClustSml+ShapeGate+MinPeaks+P-Filter+EquipRej+SkinPrio+Omega+OmScale+OmSplit+OmRot+FarField+GradFarF+Kalman+StaticSup,horizontal best
cap_000449,2026-08-24T15:30:50.864,horizontal,22.26,24.76,1,0,0.0,TempBand+Watershed+Merge+ClustSml+ShapeGate+MinPeaks+P-Filter+EquipRej+SkinPrio+Omega+OmScale+OmSplit+OmRot+FarField+GradFarF+Kalman+StaticSup,horizontal best
cap_000450,2026-08-24T15:30:50.992,horizontal,22.23,24.73,1,0,0.0,TempBand+Watershed+Merge+ClustSml+ShapeGate+MinPeaks+P-Filter+EquipRej+SkinPrio+Omega+OmScale+OmSplit+OmRot+FarField+GradFarF+Kalman+StaticSup,horizontal best
cap_000451,2026-08-24T15:30:51.089,horizontal,22.26,24.76,1,0,0.0,TempBand+Watershed+Merge+ClustSml+ShapeGate+MinPeaks+P-Filter+EquipRej+SkinPrio+Omega+OmScale+OmSplit+OmRot+FarField+GradFarF+Kalman+StaticSup,horizontal best
cap_000452,2026-08-24T15:30:51.216,horizontal,22.23,24.73,1,0,0.0,TempBand+Watershed+Merge+ClustSml+ShapeGate+MinPeaks+P-Filter+EquipRej+SkinPrio+Omega+OmScale+OmSplit+OmRot+FarField+GradFarF+Kalman+StaticSup,horizontal best
cap_000453,2026-08-24T15:30:51.346,horizontal,22.23,24.73,1,0,0.0,TempBand+Watershed+Merge+ClustSml+ShapeGate+MinPeaks+P-Filter+EquipRej+SkinPrio+Omega+OmScale+OmSplit+OmRot+FarField+GradFarF+Kalman+StaticSup,horizontal best
cap_000454,2026-08-24T15:30:51.441,horizontal,22.23,24.73,1,0,0.0,TempBand+Watershed+Merge+ClustSml+ShapeGate+MinPeaks+P-Filter+EquipRej+SkinPrio+Omega+OmScale+OmSplit+OmRot+FarField+GradFarF+Kalman+StaticSup,horizontal best
cap_000455,2026-08-24T15:30:51.572,horizontal,22.26,24.76,1,0,0.0,TempBand+Watershed+Merge+ClustSml+ShapeGate+MinPeaks+P-Filter+EquipRej+SkinPrio+Omega+OmScale+OmSplit+OmRot+FarField+GradFarF+Kalman+StaticSup,horizontal best
cap_000456,2026-08-24T15:30:51.666,horizontal,22.26,24.76,1,0,0.0,TempBand+Watershed+Merge+ClustSml+ShapeGate+MinPeaks+P-Filter+EquipRej+SkinPrio+Omega+OmScale+OmSplit+OmRot+FarField+GradFarF+Kalman+StaticSup,horizontal best
cap_000457,2026-08-24T15:30:51.794,horizontal,22.28,24.78,1,0,0.0,TempBand+Watershed+Merge+ClustSml+ShapeGate+MinPeaks+P-Filter+EquipRej+SkinPrio+Omega+OmScale+OmSplit+OmRot+FarField+GradFarF+Kalman+StaticSup,horizontal best
cap_000458,2026-08-24T15:30:51.889,horizontal,22.28,24.78,1,0,0.0,TempBand+Watershed+Merge+ClustSml+ShapeGate+MinPeaks+P-Filter+EquipRej+SkinPrio+Omega+OmScale+OmSplit+OmRot+FarField+GradFarF+Kalman+StaticSup,horizontal best
cap_000459,2026-08-24T15:30:52.018,horizontal,22.26,24.76,1,0,0.0,TempBand+Watershed+Merge+ClustSml+ShapeGate+MinPeaks+P-Filter+EquipRej+SkinPrio+Omega+OmScale+OmSplit+OmRot+FarField+GradFarF+Kalman+StaticSup,horizontal best
cap_000460,2026-08-24T15:30:52.146,horizontal,22.26,24.76,1,0,0.0,TempBand+Watershed+Merge+ClustSml+ShapeGate+MinPeaks+P-Filter+EquipRej+SkinPrio+Omega+OmScale+OmSplit+OmRot+FarField+GradFarF+Kalman+StaticSup,horizontal best
cap_000461,2026-08-24T15:30:52.241,horizontal,22.26,24.76,1,0,0.0,TempBand+Watershed+Merge+ClustSml+ShapeGate+MinPeaks+P-Filter+EquipRej+SkinPrio+Omega+OmScale+OmSplit+OmRot+FarField+GradFarF+Kalman+StaticSup,horizontal best
cap_000462,2026-08-24T15:30:52.369,horizontal,22.26,24.76,1,0,0.0,TempBand+Watershed+Merge+ClustSml+ShapeGate+MinPeaks+P-Filter+EquipRej+SkinPrio+Omega+OmScale+OmSplit+OmRot+FarField+GradFarF+Kalman+StaticSup,horizontal best
cap_000463,2026-08-24T15:30:52.463,horizontal,22.26,24.76,1,0,0.0,TempBand+Watershed+Merge+ClustSml+ShapeGate+MinPeaks+P-Filter+EquipRej+SkinPrio+Omega+OmScale+OmSplit+OmRot+FarField+GradFarF+Kalman+StaticSup,horizontal best
cap_000464,2026-08-24T15:30:52.593,horizontal,22.26,24.76,1,0,0.0,TempBand+Watershed+Merge+ClustSml+ShapeGate+MinPeaks+P-Filter+EquipRej+SkinPrio+Omega+OmScale+OmSplit+OmRot+FarField+GradFarF+Kalman+StaticSup,horizontal best
cap_000465,2026-08-24T15:30:52.690,horizontal,22.23,24.73,1,0,0.0,TempBand+Watershed+Merge+ClustSml+ShapeGate+MinPeaks+P-Filter+EquipRej+SkinPrio+Omega+OmScale+OmSplit+OmRot+FarField+GradFarF+Kalman+StaticSup,horizontal best
cap_000466,2026-08-24T15:30:52.818,horizontal,22.21,24.71,1,0,0.0,TempBand+Watershed+Merge+ClustSml+ShapeGate+MinPeaks+P-Filter+EquipRej+SkinPrio+Omega+OmScale+OmSplit+OmRot+FarField+GradFarF+Kalman+StaticSup,horizontal best
cap_000467,2026-08-24T15:30:52.912,horizontal,22.26,24.76,1,0,0.0,TempBand+Watershed+Merge+ClustSml+ShapeGate+MinPeaks+P-Filter+EquipRej+SkinPrio+Omega+OmScale+OmSplit+OmRot+FarField+GradFarF+Kalman+StaticSup,horizontal best
cap_000468,2026-08-24T15:30:53.039,horizontal,22.26,24.76,1,0,0.0,TempBand+Watershed+Merge+ClustSml+ShapeGate+MinPeaks+P-Filter+EquipRej+SkinPrio+Omega+OmScale+OmSplit+OmRot+FarField+GradFarF+Kalman+StaticSup,horizontal best
cap_000469,2026-08-24T15:30:53.168,horizontal,22.26,24.76,1,0,0.0,TempBand+Watershed+Merge+ClustSml+ShapeGate+MinPeaks+P-Filter+EquipRej+SkinPrio+Omega+OmScale+OmSplit+OmRot+FarField+GradFarF+Kalman+StaticSup,horizontal best
cap_000470,2026-08-24T15:30:53.263,horizontal,22.26,24.76,1,0,0.0,TempBand+Watershed+Merge+ClustSml+ShapeGate+MinPeaks+P-Filter+EquipRej+SkinPrio+Omega+OmScale+OmSplit+OmRot+FarField+GradFarF+Kalman+StaticSup,horizontal best
cap_000471,2026-08-24T15:30:53.392,horizontal,22.23,24.73,1,0,0.0,TempBand+Watershed+Merge+ClustSml+ShapeGate+MinPeaks+P-Filter+EquipRej+SkinPrio+Omega+OmScale+OmSplit+OmRot+FarField+GradFarF+Kalman+StaticSup,horizontal best
cap_000472,2026-08-24T15:30:53.489,horizontal,22.23,24.73,1,0,0.0,TempBand+Watershed+Merge+ClustSml+ShapeGate+MinPeaks+P-Filter+EquipRej+SkinPrio+Omega+OmScale+OmSplit+OmRot+FarField+GradFarF+Kalman+StaticSup,horizontal best
cap_000473,2026-08-24T15:30:53.617,horizontal,22.23,24.73,1,0,0.0,TempBand+Watershed+Merge+ClustSml+ShapeGate+MinPeaks+P-Filter+EquipRej+SkinPrio+Omega+OmScale+OmSplit+OmRot+FarField+GradFarF+Kalman+StaticSup,horizontal best
cap_000474,2026-08-24T15:30:53.714,horizontal,22.23,24.73,1,0,0.0,TempBand+Watershed+Merge+ClustSml+ShapeGate+MinPeaks+P-Filter+EquipRej+SkinPrio+Omega+OmScale+OmSplit+OmRot+FarField+GradFarF+Kalman+StaticSup,horizontal best
cap_000475,2026-08-24T15:30:53.846,horizontal,22.23,24.73,1,0,0.0,TempBand+Watershed+Merge+ClustSml+ShapeGate+MinPeaks+P-Filter+EquipRej+SkinPrio+Omega+OmScale+OmSplit+OmRot+FarField+GradFarF+Kalman+StaticSup,horizontal best
cap_000476,2026-08-24T15:30:53.968,horizontal,22.23,24.73,1,0,0.0,TempBand+Watershed+Merge+ClustSml+ShapeGate+MinPeaks+P-Filter+EquipRej+SkinPrio+Omega+OmScale+OmSplit+OmRot+FarField+GradFarF+Kalman+StaticSup,horizontal best
cap_000477,2026-08-24T15:30:54.067,horizontal,22.23,24.73,1,0,0.0,TempBand+Watershed+Merge+ClustSml+ShapeGate+MinPeaks+P-Filter+EquipRej+SkinPrio+Omega+OmScale+OmSplit+OmRot+FarField+GradFarF+Kalman+StaticSup,horizontal best
cap_000478,2026-08-24T15:30:54.193,horizontal,22.23,24.73,1,0,0.0,TempBand+Watershed+Merge+ClustSml+ShapeGate+MinPeaks+P-Filter+EquipRej+SkinPrio+Omega+OmScale+OmSplit+OmRot+FarField+GradFarF+Kalman+StaticSup,horizontal best
cap_000479,2026-08-24T15:30:54.288,horizontal,22.23,24.73,1,0,0.0,TempBand+Watershed+Merge+ClustSml+ShapeGate+MinPeaks+P-Filter+EquipRej+SkinPrio+Omega+OmScale+OmSplit+OmRot+FarField+GradFarF+Kalman+StaticSup,horizontal best
cap_000480,2026-08-24T15:30:54.425,horizontal,22.21,24.71,1,0,0.0,TempBand+Watershed+Merge+ClustSml+ShapeGate+MinPeaks+P-Filter+EquipRej+SkinPrio+Omega+OmScale+OmSplit+OmRot+FarField+GradFarF+Kalman+StaticSup,horizontal best
cap_000481,2026-08-24T15:30:54.520,horizontal,22.21,24.71,1,0,0.0,TempBand+Watershed+Merge+ClustSml+ShapeGate+MinPeaks+P-Filter+EquipRej+SkinPrio+Omega+OmScale+OmSplit+OmRot+FarField+GradFarF+Kalman+StaticSup,horizontal best
cap_000482,2026-08-24T15:30:54.640,horizontal,22.21,24.71,1,0,0.0,TempBand+Watershed+Merge+ClustSml+ShapeGate+MinPeaks+P-Filter+EquipRej+SkinPrio+Omega+OmScale+OmSplit+OmRot+FarField+GradFarF+Kalman+StaticSup,horizontal best
cap_000483,2026-08-24T15:30:54.739,horizontal,22.21,24.71,1,0,0.0,TempBand+Watershed+Merge+ClustSml+ShapeGate+MinPeaks+P-Filter+EquipRej+SkinPrio+Omega+OmScale+OmSplit+OmRot+FarField+GradFarF+Kalman+StaticSup,horizontal best
cap_000484,2026-08-24T15:30:54.865,horizontal,22.23,24.73,1,0,0.0,TempBand+Watershed+Merge+ClustSml+ShapeGate+MinPeaks+P-Filter+EquipRej+SkinPrio+Omega+OmScale+OmSplit+OmRot+FarField+GradFarF+Kalman+StaticSup,horizontal best
cap_000485,2026-08-24T15:30:54.996,horizontal,22.23,24.73,1,0,0.0,TempBand+Watershed+Merge+ClustSml+ShapeGate+MinPeaks+P-Filter+EquipRej+SkinPrio+Omega+OmScale+OmSplit+OmRot+FarField+GradFarF+Kalman+StaticSup,horizontal best
cap_000486,2026-08-24T15:30:55.089,horizontal,22.23,24.73,2,0,0.0,TempBand+Watershed+Merge+ClustSml+ShapeGate+MinPeaks+P-Filter+EquipRej+SkinPrio+Omega+OmScale+OmSplit+OmRot+FarField+GradFarF+Kalman+StaticSup,horizontal best
cap_000487,2026-08-24T15:30:55.215,horizontal,22.21,24.71,2,0,0.0,TempBand+Watershed+Merge+ClustSml+ShapeGate+MinPeaks+P-Filter+EquipRej+SkinPrio+Omega+OmScale+OmSplit+OmRot+FarField+GradFarF+Kalman+StaticSup,horizontal best
cap_000488,2026-08-24T15:30:55.314,horizontal,22.21,24.71,2,0,0.0,TempBand+Watershed+Merge+ClustSml+ShapeGate+MinPeaks+P-Filter+EquipRej+SkinPrio+Omega+OmScale+OmSplit+OmRot+FarField+GradFarF+Kalman+StaticSup,horizontal best
cap_000489,2026-08-24T15:30:55.439,horizontal,22.23,24.73,2,0,0.0,TempBand+Watershed+Merge+ClustSml+ShapeGate+MinPeaks+P-Filter+EquipRej+SkinPrio+Omega+OmScale+OmSplit+OmRot+FarField+GradFarF+Kalman+StaticSup,horizontal best
cap_000490,2026-08-24T15:30:55.531,horizontal,22.21,24.71,2,0,0.0,TempBand+Watershed+Merge+ClustSml+ShapeGate+MinPeaks+P-Filter+EquipRej+SkinPrio+Omega+OmScale+OmSplit+OmRot+FarField+GradFarF+Kalman+StaticSup,horizontal best
cap_000491,2026-08-24T15:30:55.668,horizontal,22.21,24.71,2,0,0.0,TempBand+Watershed+Merge+ClustSml+ShapeGate+MinPeaks+P-Filter+EquipRej+SkinPrio+Omega+OmScale+OmSplit+OmRot+FarField+GradFarF+Kalman+StaticSup,horizontal best
cap_000492,2026-08-24T15:30:55.796,horizontal,22.21,24.71,2,0,0.0,TempBand+Watershed+Merge+ClustSml+ShapeGate+MinPeaks+P-Filter+EquipRej+SkinPrio+Omega+OmScale+OmSplit+OmRot+FarField+GradFarF+Kalman+StaticSup,horizontal best
cap_000493,2026-08-24T15:30:55.889,horizontal,22.18,24.68,2,0,0.0,TempBand+Watershed+Merge+ClustSml+ShapeGate+MinPeaks+P-Filter+EquipRej+SkinPrio+Omega+OmScale+OmSplit+OmRot+FarField+GradFarF+Kalman+StaticSup,horizontal best
cap_000494,2026-08-24T15:30:56.017,horizontal,22.18,24.68,2,0,0.0,TempBand+Watershed+Merge+ClustSml+ShapeGate+MinPeaks+P-Filter+EquipRej+SkinPrio+Omega+OmScale+OmSplit+OmRot+FarField+GradFarF+Kalman+StaticSup,horizontal best
cap_000495,2026-08-24T15:30:56.113,horizontal,22.18,24.68,2,0,0.0,TempBand+Watershed+Merge+ClustSml+ShapeGate+MinPeaks+P-Filter+EquipRej+SkinPrio+Omega+OmScale+OmSplit+OmRot+FarField+GradFarF+Kalman+StaticSup,horizontal best
cap_000496,2026-08-24T15:30:56.242,horizontal,22.18,24.68,2,0,0.0,TempBand+Watershed+Merge+ClustSml+ShapeGate+MinPeaks+P-Filter+EquipRej+SkinPrio+Omega+OmScale+OmSplit+OmRot+FarField+GradFarF+Kalman+StaticSup,horizontal best
cap_000497,2026-08-24T15:30:56.338,horizontal,22.18,24.68,2,0,0.0,TempBand+Watershed+Merge+ClustSml+ShapeGate+MinPeaks+P-Filter+EquipRej+SkinPrio+Omega+OmScale+OmSplit+OmRot+FarField+GradFarF+Kalman+StaticSup,horizontal best
cap_000498,2026-08-24T15:30:56.467,horizontal,22.21,24.71,2,0,0.0,TempBand+Watershed+Merge+ClustSml+ShapeGate+MinPeaks+P-Filter+EquipRej+SkinPrio+Omega+OmScale+OmSplit+OmRot+FarField+GradFarF+Kalman+StaticSup,horizontal best
cap_000499,2026-08-24T15:30:56.560,horizontal,22.21,24.71,2,0,0.0,TempBand+Watershed+Merge+ClustSml+ShapeGate+MinPeaks+P-Filter+EquipRej+SkinPrio+Omega+OmScale+OmSplit+OmRot+FarField+GradFarF+Kalman+StaticSup,horizontal best
cap_000500,2026-08-24T15:30:56.688,horizontal,22.21,24.71,2,0,0.0,TempBand+Watershed+Merge+ClustSml+ShapeGate+MinPeaks+P-Filter+EquipRej+SkinPrio+Omega+OmScale+OmSplit+OmRot+FarField+GradFarF+Kalman+StaticSup,horizontal best
cap_000501,2026-08-24T15:30:56.817,horizontal,22.23,24.73,2,0,0.0,TempBand+Watershed+Merge+ClustSml+ShapeGate+MinPeaks+P-Filter+EquipRej+SkinPrio+Omega+OmScale+OmSplit+OmRot+FarField+GradFarF+Kalman+StaticSup,horizontal best
cap_000502,2026-08-24T15:30:56.914,horizontal,22.23,24.73,2,0,0.0,TempBand+Watershed+Merge+ClustSml+ShapeGate+MinPeaks+P-Filter+EquipRej+SkinPrio+Omega+OmScale+OmSplit+OmRot+FarField+GradFarF+Kalman+StaticSup,horizontal best
cap_000503,2026-08-24T15:30:57.041,horizontal,22.23,24.73,2,0,0.0,TempBand+Watershed+Merge+ClustSml+ShapeGate+MinPeaks+P-Filter+EquipRej+SkinPrio+Omega+OmScale+OmSplit+OmRot+FarField+GradFarF+Kalman+StaticSup,horizontal best
cap_000504,2026-08-24T15:30:57.137,horizontal,22.23,24.73,2,0,0.0,TempBand+Watershed+Merge+ClustSml+ShapeGate+MinPeaks+P-Filter+EquipRej+SkinPrio+Omega+OmScale+OmSplit+OmRot+FarField+GradFarF+Kalman+StaticSup,horizontal best
cap_000505,2026-08-24T15:30:57.268,horizontal,22.26,24.76,2,0,0.0,TempBand+Watershed+Merge+ClustSml+ShapeGate+MinPeaks+P-Filter+EquipRej+SkinPrio+Omega+OmScale+OmSplit+OmRot+FarField+GradFarF+Kalman+StaticSup,horizontal best
cap_000506,2026-08-24T15:30:57.363,horizontal,22.26,24.76,2,0,0.0,TempBand+Watershed+Merge+ClustSml+ShapeGate+MinPeaks+P-Filter+EquipRej+SkinPrio+Omega+OmScale+OmSplit+OmRot+FarField+GradFarF+Kalman+StaticSup,horizontal best
cap_000507,2026-08-24T15:30:57.489,horizontal,22.23,24.73,2,0,0.0,TempBand+Watershed+Merge+ClustSml+ShapeGate+MinPeaks+P-Filter+EquipRej+SkinPrio+Omega+OmScale+OmSplit+OmRot+FarField+GradFarF+Kalman+StaticSup,horizontal best
cap_000508,2026-08-24T15:30:57.593,horizontal,22.23,24.73,2,0,0.0,TempBand+Watershed+Merge+ClustSml+ShapeGate+MinPeaks+P-Filter+EquipRej+SkinPrio+Omega+OmScale+OmSplit+OmRot+FarField+GradFarF+Kalman+StaticSup,horizontal best
cap_000509,2026-08-24T15:30:57.714,horizontal,22.21,24.71,2,0,0.0,TempBand+Watershed+Merge+ClustSml+ShapeGate+MinPeaks+P-Filter+EquipRej+SkinPrio+Omega+OmScale+OmSplit+OmRot+FarField+GradFarF+Kalman+StaticSup,horizontal best
cap_000510,2026-08-24T15:30:57.843,horizontal,22.21,24.71,2,0,0.0,TempBand+Watershed+Merge+ClustSml+ShapeGate+MinPeaks+P-Filter+EquipRej+SkinPrio+Omega+OmScale+OmSplit+OmRot+FarField+GradFarF+Kalman+StaticSup,horizontal best
cap_000511,2026-08-24T15:30:57.939,horizontal,22.21,24.71,2,0,0.0,TempBand+Watershed+Merge+ClustSml+ShapeGate+MinPeaks+P-Filter+EquipRej+SkinPrio+Omega+OmScale+OmSplit+OmRot+FarField+GradFarF+Kalman+StaticSup,horizontal best
cap_000512,2026-08-24T15:30:58.069,horizontal,22.23,24.73,2,0,0.0,TempBand+Watershed+Merge+ClustSml+ShapeGate+MinPeaks+P-Filter+EquipRej+SkinPrio+Omega+OmScale+OmSplit+OmRot+FarField+GradFarF+Kalman+StaticSup,horizontal best
cap_000513,2026-08-24T15:30:58.163,horizontal,22.21,24.71,2,0,0.0,TempBand+Watershed+Merge+ClustSml+ShapeGate+MinPeaks+P-Filter+EquipRej+SkinPrio+Omega+OmScale+OmSplit+OmRot+FarField+GradFarF+Kalman+StaticSup,horizontal best
cap_000514,2026-08-24T15:30:58.291,horizontal,22.26,24.76,1,1,0.8202486121015681,TempBand+Watershed+Merge+ClustSml+ShapeGate+MinPeaks+P-Filter+EquipRej+SkinPrio+Omega+OmScale+OmSplit+OmRot+FarField+GradFarF+Kalman+StaticSup,horizontal best
cap_000515,2026-08-24T15:30:58.383,horizontal,22.26,24.76,2,0,0.0,TempBand+Watershed+Merge+ClustSml+ShapeGate+MinPeaks+P-Filter+EquipRej+SkinPrio+Omega+OmScale+OmSplit+OmRot+FarField+GradFarF+Kalman+StaticSup,horizontal best
cap_000516,2026-08-24T15:30:58.514,horizontal,22.26,24.76,2,0,0.0,TempBand+Watershed+Merge+ClustSml+ShapeGate+MinPeaks+P-Filter+EquipRej+SkinPrio+Omega+OmScale+OmSplit+OmRot+FarField+GradFarF+Kalman+StaticSup,horizontal best
cap_000517,2026-08-24T15:30:58.644,horizontal,22.26,24.76,2,0,0.0,TempBand+Watershed+Merge+ClustSml+ShapeGate+MinPeaks+P-Filter+EquipRej+SkinPrio+Omega+OmScale+OmSplit+OmRot+FarField+GradFarF+Kalman+StaticSup,horizontal best
cap_000518,2026-08-24T15:30:58.737,horizontal,22.30,24.80,2,0,0.0,TempBand+Watershed+Merge+ClustSml+ShapeGate+MinPeaks+P-Filter+EquipRej+SkinPrio+Omega+OmScale+OmSplit+OmRot+FarField+GradFarF+Kalman+StaticSup,horizontal best
cap_000519,2026-08-24T15:30:58.867,horizontal,22.30,24.80,2,0,0.0,TempBand+Watershed+Merge+ClustSml+ShapeGate+MinPeaks+P-Filter+EquipRej+SkinPrio+Omega+OmScale+OmSplit+OmRot+FarField+GradFarF+Kalman+StaticSup,horizontal best
cap_000520,2026-08-24T15:30:58.967,horizontal,22.30,24.80,2,0,0.0,TempBand+Watershed+Merge+ClustSml+ShapeGate+MinPeaks+P-Filter+EquipRej+SkinPrio+Omega+OmScale+OmSplit+OmRot+FarField+GradFarF+Kalman+StaticSup,horizontal best
cap_000521,2026-08-24T15:30:59.092,horizontal,22.30,24.80,2,0,0.0,TempBand+Watershed+Merge+ClustSml+ShapeGate+MinPeaks+P-Filter+EquipRej+SkinPrio+Omega+OmScale+OmSplit+OmRot+FarField+GradFarF+Kalman+StaticSup,horizontal best
cap_000522,2026-08-24T15:30:59.185,horizontal,22.30,24.80,2,0,0.0,TempBand+Watershed+Merge+ClustSml+ShapeGate+MinPeaks+P-Filter+EquipRej+SkinPrio+Omega+OmScale+OmSplit+OmRot+FarField+GradFarF+Kalman+StaticSup,horizontal best
cap_000523,2026-08-24T15:30:59.313,horizontal,22.30,24.80,2,0,0.0,TempBand+Watershed+Merge+ClustSml+ShapeGate+MinPeaks+P-Filter+EquipRej+SkinPrio+Omega+OmScale+OmSplit+OmRot+FarField+GradFarF+Kalman+StaticSup,horizontal best
cap_000524,2026-08-24T15:30:59.416,horizontal,22.30,24.80,2,0,0.0,TempBand+Watershed+Merge+ClustSml+ShapeGate+MinPeaks+P-Filter+EquipRej+SkinPrio+Omega+OmScale+OmSplit+OmRot+FarField+GradFarF+Kalman+StaticSup,horizontal best
cap_000525,2026-08-24T15:30:59.546,horizontal,22.30,24.80,2,0,0.0,TempBand+Watershed+Merge+ClustSml+ShapeGate+MinPeaks+P-Filter+EquipRej+SkinPrio+Omega+OmScale+OmSplit+OmRot+FarField+GradFarF+Kalman+StaticSup,horizontal best
cap_000526,2026-08-24T15:30:59.672,horizontal,22.33,24.83,2,0,0.0,TempBand+Watershed+Merge+ClustSml+ShapeGate+MinPeaks+P-Filter+EquipRej+SkinPrio+Omega+OmScale+OmSplit+OmRot+FarField+GradFarF+Kalman+StaticSup,horizontal best
cap_000527,2026-08-24T15:30:59.775,horizontal,22.30,24.80,2,0,0.0,TempBand+Watershed+Merge+ClustSml+ShapeGate+MinPeaks+P-Filter+EquipRej+SkinPrio+Omega+OmScale+OmSplit+OmRot+FarField+GradFarF+Kalman+StaticSup,horizontal best
cap_000528,2026-08-24T15:30:59.894,horizontal,22.30,24.80,2,0,0.0,TempBand+Watershed+Merge+ClustSml+ShapeGate+MinPeaks+P-Filter+EquipRej+SkinPrio+Omega+OmScale+OmSplit+OmRot+FarField+GradFarF+Kalman+StaticSup,horizontal best
cap_000529,2026-08-24T15:30:59.987,horizontal,22.33,24.83,2,0,0.0,TempBand+Watershed+Merge+ClustSml+ShapeGate+MinPeaks+P-Filter+EquipRej+SkinPrio+Omega+OmScale+OmSplit+OmRot+FarField+GradFarF+Kalman+StaticSup,horizontal best
cap_000530,2026-08-24T15:31:00.111,horizontal,22.33,24.83,2,0,0.0,TempBand+Watershed+Merge+ClustSml+ShapeGate+MinPeaks+P-Filter+EquipRej+SkinPrio+Omega+OmScale+OmSplit+OmRot+FarField+GradFarF+Kalman+StaticSup,horizontal best
cap_000531,2026-08-24T15:31:00.204,horizontal,22.40,24.90,2,0,0.0,TempBand+Watershed+Merge+ClustSml+ShapeGate+MinPeaks+P-Filter+EquipRej+SkinPrio+Omega+OmScale+OmSplit+OmRot+FarField+GradFarF+Kalman+StaticSup,horizontal best
cap_000532,2026-08-24T15:31:00.340,horizontal,22.40,24.90,2,0,0.0,TempBand+Watershed+Merge+ClustSml+ShapeGate+MinPeaks+P-Filter+EquipRej+SkinPrio+Omega+OmScale+OmSplit+OmRot+FarField+GradFarF+Kalman+StaticSup,horizontal best
cap_000533,2026-08-24T15:31:00.467,horizontal,22.42,24.92,2,0,0.0,TempBand+Watershed+Merge+ClustSml+ShapeGate+MinPeaks+P-Filter+EquipRej+SkinPrio+Omega+OmScale+OmSplit+OmRot+FarField+GradFarF+Kalman+StaticSup,horizontal best
cap_000534,2026-08-24T15:31:00.565,horizontal,22.44,24.94,3,0,0.0,TempBand+Watershed+Merge+ClustSml+ShapeGate+MinPeaks+P-Filter+EquipRej+SkinPrio+Omega+OmScale+OmSplit+OmRot+FarField+GradFarF+Kalman+StaticSup,horizontal best
cap_000535,2026-08-24T15:31:00.706,horizontal,22.44,24.94,3,0,0.0,TempBand+Watershed+Merge+ClustSml+ShapeGate+MinPeaks+P-Filter+EquipRej+SkinPrio+Omega+OmScale+OmSplit+OmRot+FarField+GradFarF+Kalman+StaticSup,horizontal best
cap_000536,2026-08-24T15:31:00.784,horizontal,22.47,24.97,3,0,0.0,TempBand+Watershed+Merge+ClustSml+ShapeGate+MinPeaks+P-Filter+EquipRej+SkinPrio+Omega+OmScale+OmSplit+OmRot+FarField+GradFarF+Kalman+StaticSup,horizontal best
cap_000537,2026-08-24T15:31:00.917,horizontal,22.44,24.94,3,1,0.006568784468010182,TempBand+Watershed+Merge+ClustSml+ShapeGate+MinPeaks+P-Filter+EquipRej+SkinPrio+Omega+OmScale+OmSplit+OmRot+FarField+GradFarF+Kalman+StaticSup,horizontal best
cap_000538,2026-08-24T15:31:01.016,horizontal,22.44,24.94,3,1,0.6315097521529296,TempBand+Watershed+Merge+ClustSml+ShapeGate+MinPeaks+P-Filter+EquipRej+SkinPrio+Omega+OmScale+OmSplit+OmRot+FarField+GradFarF+Kalman+StaticSup,horizontal best
cap_000539,2026-08-24T15:31:01.143,horizontal,22.44,24.94,3,1,0.580603454286831,TempBand+Watershed+Merge+ClustSml+ShapeGate+MinPeaks+P-Filter+EquipRej+SkinPrio+Omega+OmScale+OmSplit+OmRot+FarField+GradFarF+Kalman+StaticSup,horizontal best
cap_000540,2026-08-24T15:31:01.236,horizontal,22.42,24.92,3,0,0.0,TempBand+Watershed+Merge+ClustSml+ShapeGate+MinPeaks+P-Filter+EquipRej+SkinPrio+Omega+OmScale+OmSplit+OmRot+FarField+GradFarF+Kalman+StaticSup,horizontal best
cap_000541,2026-08-24T15:31:01.365,horizontal,22.42,24.92,2,0,0.0,TempBand+Watershed+Merge+ClustSml+ShapeGate+MinPeaks+P-Filter+EquipRej+SkinPrio+Omega+OmScale+OmSplit+OmRot+FarField+GradFarF+Kalman+StaticSup,horizontal best
cap_000542,2026-08-24T15:31:01.490,horizontal,22.42,24.92,2,1,0.05881908933344342,TempBand+Watershed+Merge+ClustSml+ShapeGate+MinPeaks+P-Filter+EquipRej+SkinPrio+Omega+OmScale+OmSplit+OmRot+FarField+GradFarF+Kalman+StaticSup,horizontal best
cap_000543,2026-08-24T15:31:01.585,horizontal,22.40,24.90,2,1,0.8577884111411133,TempBand+Watershed+Merge+ClustSml+ShapeGate+MinPeaks+P-Filter+EquipRej+SkinPrio+Omega+OmScale+OmSplit+OmRot+FarField+GradFarF+Kalman+StaticSup,horizontal best
cap_000544,2026-08-24T15:31:01.716,horizontal,22.42,24.92,2,1,0.6463711731420383,TempBand+Watershed+Merge+ClustSml+ShapeGate+MinPeaks+P-Filter+EquipRej+SkinPrio+Omega+OmScale+OmSplit+OmRot+FarField+GradFarF+Kalman+StaticSup,horizontal best
cap_000545,2026-08-24T15:31:01.809,horizontal,22.42,24.92,2,1,0.8060531181661535,TempBand+Watershed+Merge+ClustSml+ShapeGate+MinPeaks+P-Filter+EquipRej+SkinPrio+Omega+OmScale+OmSplit+OmRot+FarField+GradFarF+Kalman+StaticSup,horizontal best
cap_000546,2026-08-24T15:31:01.942,horizontal,22.44,24.94,2,2,0.8312513141564104,TempBand+Watershed+Merge+ClustSml+ShapeGate+MinPeaks+P-Filter+EquipRej+SkinPrio+Omega+OmScale+OmSplit+OmRot+FarField+GradFarF+Kalman+StaticSup,horizontal best
cap_000547,2026-08-24T15:31:02.040,horizontal,22.42,24.92,2,2,0.6545393741499582,TempBand+Watershed+Merge+ClustSml+ShapeGate+MinPeaks+P-Filter+EquipRej+SkinPrio+Omega+OmScale+OmSplit+OmRot+FarField+GradFarF+Kalman+StaticSup,horizontal best
cap_000548,2026-08-24T15:31:02.168,horizontal,22.42,24.92,2,0,0.0,TempBand+Watershed+Merge+ClustSml+ShapeGate+MinPeaks+P-Filter+EquipRej+SkinPrio+Omega+OmScale+OmSplit+OmRot+FarField+GradFarF+Kalman+StaticSup,horizontal best
cap_000549,2026-08-24T15:31:02.260,horizontal,22.47,24.97,2,1,0.7087270987573163,TempBand+Watershed+Merge+ClustSml+ShapeGate+MinPeaks+P-Filter+EquipRej+SkinPrio+Omega+OmScale+OmSplit+OmRot+FarField+GradFarF+Kalman+StaticSup,horizontal best
cap_000550,2026-08-24T15:31:02.389,horizontal,22.44,24.94,2,1,0.5854350992057958,TempBand+Watershed+Merge+ClustSml+ShapeGate+MinPeaks+P-Filter+EquipRej+SkinPrio+Omega+OmScale+OmSplit+OmRot+FarField+GradFarF+Kalman+StaticSup,horizontal best
cap_000551,2026-08-24T15:31:02.519,horizontal,22.44,24.94,3,2,0.5953307629561466,TempBand+Watershed+Merge+ClustSml+ShapeGate+MinPeaks+P-Filter+EquipRej+SkinPrio+Omega+OmScale+OmSplit+OmRot+FarField+GradFarF+Kalman+StaticSup,horizontal best
cap_000552,2026-08-24T15:31:02.608,horizontal,22.47,24.97,3,1,0.6536709567212141,TempBand+Watershed+Merge+ClustSml+ShapeGate+MinPeaks+P-Filter+EquipRej+SkinPrio+Omega+OmScale+OmSplit+OmRot+FarField+GradFarF+Kalman+StaticSup,horizontal best
cap_000553,2026-08-24T15:31:02.741,horizontal,22.49,24.99,3,1,0.6174839060381186,TempBand+Watershed+Merge+ClustSml+ShapeGate+MinPeaks+P-Filter+EquipRej+SkinPrio+Omega+OmScale+OmSplit+OmRot+FarField+GradFarF+Kalman+StaticSup,horizontal best
cap_000554,2026-08-24T15:31:02.834,horizontal,22.47,24.97,3,1,0.07860269517822947,TempBand+Watershed+Merge+ClustSml+ShapeGate+MinPeaks+P-Filter+EquipRej+SkinPrio+Omega+OmScale+OmSplit+OmRot+FarField+GradFarF+Kalman+StaticSup,horizontal best
cap_000555,2026-08-24T15:31:02.968,horizontal,22.44,24.94,3,1,0.16397731677769348,TempBand+Watershed+Merge+ClustSml+ShapeGate+MinPeaks+P-Filter+EquipRej+SkinPrio+Omega+OmScale+OmSplit+OmRot+FarField+GradFarF+Kalman+StaticSup,horizontal best
cap_000556,2026-08-24T15:31:03.062,horizontal,22.44,24.94,3,1,0.0985654806523835,TempBand+Watershed+Merge+ClustSml+ShapeGate+MinPeaks+P-Filter+EquipRej+SkinPrio+Omega+OmScale+OmSplit+OmRot+FarField+GradFarF+Kalman+StaticSup,horizontal best
cap_000557,2026-08-24T15:31:03.188,horizontal,22.44,24.94,3,1,0.8672459159620518,TempBand+Watershed+Merge+ClustSml+ShapeGate+MinPeaks+P-Filter+EquipRej+SkinPrio+Omega+OmScale+OmSplit+OmRot+FarField+GradFarF+Kalman+StaticSup,horizontal best
cap_000558,2026-08-24T15:31:03.317,horizontal,22.44,24.94,3,1,0.9140695200427744,TempBand+Watershed+Merge+ClustSml+ShapeGate+MinPeaks+P-Filter+EquipRej+SkinPrio+Omega+OmScale+OmSplit+OmRot+FarField+GradFarF+Kalman+StaticSup,horizontal best
cap_000559,2026-08-24T15:31:03.411,horizontal,22.44,24.94,3,1,0.7465258773577065,TempBand+Watershed+Merge+ClustSml+ShapeGate+MinPeaks+P-Filter+EquipRej+SkinPrio+Omega+OmScale+OmSplit+OmRot+FarField+GradFarF+Kalman+StaticSup,horizontal best
cap_000560,2026-08-24T15:31:03.547,horizontal,22.44,24.94,3,2,0.05864297684352975,TempBand+Watershed+Merge+ClustSml+ShapeGate+MinPeaks+P-Filter+EquipRej+SkinPrio+Omega+OmScale+OmSplit+OmRot+FarField+GradFarF+Kalman+StaticSup,horizontal best
cap_000561,2026-08-24T15:31:03.633,horizontal,22.44,24.94,3,1,0.017089705913680673,TempBand+Watershed+Merge+ClustSml+ShapeGate+MinPeaks+P-Filter+EquipRej+SkinPrio+Omega+OmScale+OmSplit+OmRot+FarField+GradFarF+Kalman+StaticSup,horizontal best
cap_000562,2026-08-24T15:31:03.761,horizontal,22.44,24.94,3,1,0.37099057854244355,TempBand+Watershed+Merge+ClustSml+ShapeGate+MinPeaks+P-Filter+EquipRej+SkinPrio+Omega+OmScale+OmSplit+OmRot+FarField+GradFarF+Kalman+StaticSup,horizontal best
cap_000563,2026-08-24T15:31:03.858,horizontal,22.44,24.94,3,1,0.6410957847742251,TempBand+Watershed+Merge+ClustSml+ShapeGate+MinPeaks+P-Filter+EquipRej+SkinPrio+Omega+OmScale+OmSplit+OmRot+FarField+GradFarF+Kalman+StaticSup,horizontal best
cap_000564,2026-08-24T15:31:03.988,horizontal,22.40,24.90,2,2,0.015783696508249435,TempBand+Watershed+Merge+ClustSml+ShapeGate+MinPeaks+P-Filter+EquipRej+SkinPrio+Omega+OmScale+OmSplit+OmRot+FarField+GradFarF+Kalman+StaticSup,horizontal best
cap_000565,2026-08-24T15:31:04.080,horizontal,22.42,24.92,3,0,0.0,TempBand+Watershed+Merge+ClustSml+ShapeGate+MinPeaks+P-Filter+EquipRej+SkinPrio+Omega+OmScale+OmSplit+OmRot+FarField+GradFarF+Kalman+StaticSup,horizontal best
cap_000566,2026-08-24T15:31:04.210,horizontal,22.42,24.92,3,0,0.0,TempBand+Watershed+Merge+ClustSml+ShapeGate+MinPeaks+P-Filter+EquipRej+SkinPrio+Omega+OmScale+OmSplit+OmRot+FarField+GradFarF+Kalman+StaticSup,horizontal best
cap_000567,2026-08-24T15:31:04.342,horizontal,22.42,24.92,3,0,0.0,TempBand+Watershed+Merge+ClustSml+ShapeGate+MinPeaks+P-Filter+EquipRej+SkinPrio+Omega+OmScale+OmSplit+OmRot+FarField+GradFarF+Kalman+StaticSup,horizontal best
cap_000568,2026-08-24T15:31:04.431,horizontal,22.42,24.92,2,0,0.0,TempBand+Watershed+Merge+ClustSml+ShapeGate+MinPeaks+P-Filter+EquipRej+SkinPrio+Omega+OmScale+OmSplit+OmRot+FarField+GradFarF+Kalman+StaticSup,horizontal best
cap_000569,2026-08-24T15:31:04.566,horizontal,22.42,24.92,3,0,0.0,TempBand+Watershed+Merge+ClustSml+ShapeGate+MinPeaks+P-Filter+EquipRej+SkinPrio+Omega+OmScale+OmSplit+OmRot+FarField+GradFarF+Kalman+StaticSup,horizontal best
cap_000570,2026-08-24T15:31:04.659,horizontal,22.40,24.90,3,0,0.0,TempBand+Watershed+Merge+ClustSml+ShapeGate+MinPeaks+P-Filter+EquipRej+SkinPrio+Omega+OmScale+OmSplit+OmRot+FarField+GradFarF+Kalman+StaticSup,horizontal best
cap_000571,2026-08-24T15:31:04.789,horizontal,22.40,24.90,3,0,0.0,TempBand+Watershed+Merge+ClustSml+ShapeGate+MinPeaks+P-Filter+EquipRej+SkinPrio+Omega+OmScale+OmSplit+OmRot+FarField+GradFarF+Kalman+StaticSup,horizontal best
cap_000572,2026-08-24T15:31:04.881,horizontal,22.37,24.87,3,0,0.0,TempBand+Watershed+Merge+ClustSml+ShapeGate+MinPeaks+P-Filter+EquipRej+SkinPrio+Omega+OmScale+OmSplit+OmRot+FarField+GradFarF+Kalman+StaticSup,horizontal best
cap_000573,2026-08-24T15:31:05.013,horizontal,22.40,24.90,3,0,0.0,TempBand+Watershed+Merge+ClustSml+ShapeGate+MinPeaks+P-Filter+EquipRej+SkinPrio+Omega+OmScale+OmSplit+OmRot+FarField+GradFarF+Kalman+StaticSup,horizontal best
cap_000574,2026-08-24T15:31:05.145,horizontal,22.42,24.92,3,0,0.0,TempBand+Watershed+Merge+ClustSml+ShapeGate+MinPeaks+P-Filter+EquipRej+SkinPrio+Omega+OmScale+OmSplit+OmRot+FarField+GradFarF+Kalman+StaticSup,horizontal best
cap_000575,2026-08-24T15:31:05.240,horizontal,22.44,24.94,3,1,0.16353474983390376,TempBand+Watershed+Merge+ClustSml+ShapeGate+MinPeaks+P-Filter+EquipRej+SkinPrio+Omega+OmScale+OmSplit+OmRot+FarField+GradFarF+Kalman+StaticSup,horizontal best
cap_000576,2026-08-24T15:31:05.364,horizontal,22.44,24.94,3,1,0.00435957924291715,TempBand+Watershed+Merge+ClustSml+ShapeGate+MinPeaks+P-Filter+EquipRej+SkinPrio+Omega+OmScale+OmSplit+OmRot+FarField+GradFarF+Kalman+StaticSup,horizontal best
cap_000577,2026-08-24T15:31:05.458,horizontal,22.44,24.94,3,1,0.31774580240876804,TempBand+Watershed+Merge+ClustSml+ShapeGate+MinPeaks+P-Filter+EquipRej+SkinPrio+Omega+OmScale+OmSplit+OmRot+FarField+GradFarF+Kalman+StaticSup,horizontal best
cap_000578,2026-08-24T15:31:05.590,horizontal,22.47,24.97,3,0,0.0,TempBand+Watershed+Merge+ClustSml+ShapeGate+MinPeaks+P-Filter+EquipRej+SkinPrio+Omega+OmScale+OmSplit+OmRot+FarField+GradFarF+Kalman+StaticSup,horizontal best
cap_000579,2026-08-24T15:31:05.681,horizontal,22.47,24.97,3,1,0.25405723721962253,TempBand+Watershed+Merge+ClustSml+ShapeGate+MinPeaks+P-Filter+EquipRej+SkinPrio+Omega+OmScale+OmSplit+OmRot+FarField+GradFarF+Kalman+StaticSup,horizontal best
cap_000580,2026-08-24T15:31:05.811,horizontal,22.47,24.97,3,0,0.0,TempBand+Watershed+Merge+ClustSml+ShapeGate+MinPeaks+P-Filter+EquipRej+SkinPrio+Omega+OmScale+OmSplit+OmRot+FarField+GradFarF+Kalman+StaticSup,horizontal best
cap_000581,2026-08-24T15:31:05.905,horizontal,22.47,24.97,3,0,0.0,TempBand+Watershed+Merge+ClustSml+ShapeGate+MinPeaks+P-Filter+EquipRej+SkinPrio+Omega+OmScale+OmSplit+OmRot+FarField+GradFarF+Kalman+StaticSup,horizontal best
cap_000582,2026-08-24T15:31:06.036,horizontal,22.47,24.97,3,1,0.6744857088740487,TempBand+Watershed+Merge+ClustSml+ShapeGate+MinPeaks+P-Filter+EquipRej+SkinPrio+Omega+OmScale+OmSplit+OmRot+FarField+GradFarF+Kalman+StaticSup,horizontal best
cap_000583,2026-08-24T15:31:06.165,horizontal,22.49,24.99,3,0,0.0,TempBand+Watershed+Merge+ClustSml+ShapeGate+MinPeaks+P-Filter+EquipRej+SkinPrio+Omega+OmScale+OmSplit+OmRot+FarField+GradFarF+Kalman+StaticSup,horizontal best
cap_000584,2026-08-24T15:31:06.258,horizontal,22.51,25.01,3,0,0.0,TempBand+Watershed+Merge+ClustSml+ShapeGate+MinPeaks+P-Filter+EquipRej+SkinPrio+Omega+OmScale+OmSplit+OmRot+FarField+GradFarF+Kalman+StaticSup,horizontal best
cap_000585,2026-08-24T15:31:06.390,horizontal,22.54,25.04,3,1,0.824182742068662,TempBand+Watershed+Merge+ClustSml+ShapeGate+MinPeaks+P-Filter+EquipRej+SkinPrio+Omega+OmScale+OmSplit+OmRot+FarField+GradFarF+Kalman+StaticSup,horizontal best
cap_000586,2026-08-24T15:31:06.483,horizontal,22.51,25.01,3,1,0.6551675576483874,TempBand+Watershed+Merge+ClustSml+ShapeGate+MinPeaks+P-Filter+EquipRej+SkinPrio+Omega+OmScale+OmSplit+OmRot+FarField+GradFarF+Kalman+StaticSup,horizontal best
cap_000587,2026-08-24T15:31:06.614,horizontal,22.51,25.01,3,1,0.8336676777591967,TempBand+Watershed+Merge+ClustSml+ShapeGate+MinPeaks+P-Filter+EquipRej+SkinPrio+Omega+OmScale+OmSplit+OmRot+FarField+GradFarF+Kalman+StaticSup,horizontal best
cap_000588,2026-08-24T15:31:06.711,horizontal,22.56,25.06,3,0,0.0,TempBand+Watershed+Merge+ClustSml+ShapeGate+MinPeaks+P-Filter+EquipRej+SkinPrio+Omega+OmScale+OmSplit+OmRot+FarField+GradFarF+Kalman+StaticSup,horizontal best
cap_000589,2026-08-24T15:31:06.847,horizontal,22.54,25.04,3,1,0.7326955056082379,TempBand+Watershed+Merge+ClustSml+ShapeGate+MinPeaks+P-Filter+EquipRej+SkinPrio+Omega+OmScale+OmSplit+OmRot+FarField+GradFarF+Kalman+StaticSup,horizontal best
cap_000590,2026-08-24T15:31:06.968,horizontal,22.56,25.06,3,1,0.7166806452770974,TempBand+Watershed+Merge+ClustSml+ShapeGate+MinPeaks+P-Filter+EquipRej+SkinPrio+Omega+OmScale+OmSplit+OmRot+FarField+GradFarF+Kalman+StaticSup,horizontal best
cap_000591,2026-08-24T15:31:07.058,horizontal,22.56,25.06,3,1,0.02339708258756143,TempBand+Watershed+Merge+ClustSml+ShapeGate+MinPeaks+P-Filter+EquipRej+SkinPrio+Omega+OmScale+OmSplit+OmRot+FarField+GradFarF+Kalman+StaticSup,horizontal best
cap_000592,2026-08-24T15:31:07.192,horizontal,22.58,25.08,3,1,0.9115600361982533,TempBand+Watershed+Merge+ClustSml+ShapeGate+MinPeaks+P-Filter+EquipRej+SkinPrio+Omega+OmScale+OmSplit+OmRot+FarField+GradFarF+Kalman+StaticSup,horizontal best
cap_000593,2026-08-24T15:31:07.288,horizontal,22.58,25.08,3,1,0.9061605193034752,TempBand+Watershed+Merge+ClustSml+ShapeGate+MinPeaks+P-Filter+EquipRej+SkinPrio+Omega+OmScale+OmSplit+OmRot+FarField+GradFarF+Kalman+StaticSup,horizontal best
cap_000594,2026-08-24T15:31:07.412,horizontal,22.63,25.13,3,1,0.7639741255756789,TempBand+Watershed+Merge+ClustSml+ShapeGate+MinPeaks+P-Filter+EquipRej+SkinPrio+Omega+OmScale+OmSplit+OmRot+FarField+GradFarF+Kalman+StaticSup,horizontal best
cap_000595,2026-08-24T15:31:07.505,horizontal,22.63,25.13,3,1,0.8913031465049583,TempBand+Watershed+Merge+ClustSml+ShapeGate+MinPeaks+P-Filter+EquipRej+SkinPrio+Omega+OmScale+OmSplit+OmRot+FarField+GradFarF+Kalman+StaticSup,horizontal best
cap_000596,2026-08-24T15:31:07.638,horizontal,22.63,25.13,3,1,0.01257484849613627,TempBand+Watershed+Merge+ClustSml+ShapeGate+MinPeaks+P-Filter+EquipRej+SkinPrio+Omega+OmScale+OmSplit+OmRot+FarField+GradFarF+Kalman+StaticSup,horizontal best
cap_000597,2026-08-24T15:31:07.734,horizontal,22.66,25.16,3,2,0.0241922410751312,TempBand+Watershed+Merge+ClustSml+ShapeGate+MinPeaks+P-Filter+EquipRej+SkinPrio+Omega+OmScale+OmSplit+OmRot+FarField+GradFarF+Kalman+StaticSup,horizontal best
cap_000598,2026-08-24T15:31:07.861,horizontal,22.66,25.16,3,1,0.014952529752341097,TempBand+Watershed+Merge+ClustSml+ShapeGate+MinPeaks+P-Filter+EquipRej+SkinPrio+Omega+OmScale+OmSplit+OmRot+FarField+GradFarF+Kalman+StaticSup,horizontal best
cap_000599,2026-08-24T15:31:07.990,horizontal,22.66,25.16,3,2,0.024096185665303676,TempBand+Watershed+Merge+ClustSml+ShapeGate+MinPeaks+P-Filter+EquipRej+SkinPrio+Omega+OmScale+OmSplit+OmRot+FarField+GradFarF+Kalman+StaticSup,horizontal best
cap_000600,2026-08-24T15:31:08.083,horizontal,22.66,25.16,3,0,0.0,TempBand+Watershed+Merge+ClustSml+ShapeGate+MinPeaks+P-Filter+EquipRej+SkinPrio+Omega+OmScale+OmSplit+OmRot+FarField+GradFarF+Kalman+StaticSup,horizontal best
cap_000601,2026-08-24T15:31:08.212,horizontal,22.66,25.16,3,0,0.0,TempBand+Watershed+Merge+ClustSml+ShapeGate+MinPeaks+P-Filter+EquipRej+SkinPrio+Omega+OmScale+OmSplit+OmRot+FarField+GradFarF+Kalman+StaticSup,horizontal best
cap_000602,2026-08-24T15:31:08.307,horizontal,22.66,25.16,3,0,0.0,TempBand+Watershed+Merge+ClustSml+ShapeGate+MinPeaks+P-Filter+EquipRej+SkinPrio+Omega+OmScale+OmSplit+OmRot+FarField+GradFarF+Kalman+StaticSup,horizontal best
cap_000603,2026-08-24T15:31:08.437,horizontal,22.66,25.16,3,0,0.0,TempBand+Watershed+Merge+ClustSml+ShapeGate+MinPeaks+P-Filter+EquipRej+SkinPrio+Omega+OmScale+OmSplit+OmRot+FarField+GradFarF+Kalman+StaticSup,horizontal best
cap_000604,2026-08-24T15:31:08.529,horizontal,22.68,25.18,3,0,0.0,TempBand+Watershed+Merge+ClustSml+ShapeGate+MinPeaks+P-Filter+EquipRej+SkinPrio+Omega+OmScale+OmSplit+OmRot+FarField+GradFarF+Kalman+StaticSup,horizontal best
cap_000605,2026-08-24T15:31:08.660,horizontal,22.68,25.18,3,0,0.0,TempBand+Watershed+Merge+ClustSml+ShapeGate+MinPeaks+P-Filter+EquipRej+SkinPrio+Omega+OmScale+OmSplit+OmRot+FarField+GradFarF+Kalman+StaticSup,horizontal best
cap_000606,2026-08-24T15:31:08.756,horizontal,22.70,25.20,3,0,0.0,TempBand+Watershed+Merge+ClustSml+ShapeGate+MinPeaks+P-Filter+EquipRej+SkinPrio+Omega+OmScale+OmSplit+OmRot+FarField+GradFarF+Kalman+StaticSup,horizontal best
cap_000607,2026-08-24T15:31:08.887,horizontal,22.68,25.18,3,0,0.0,TempBand+Watershed+Merge+ClustSml+ShapeGate+MinPeaks+P-Filter+EquipRej+SkinPrio+Omega+OmScale+OmSplit+OmRot+FarField+GradFarF+Kalman+StaticSup,horizontal best
cap_000608,2026-08-24T15:31:09.013,horizontal,22.70,25.20,3,1,0.021156187115248543,TempBand+Watershed+Merge+ClustSml+ShapeGate+MinPeaks+P-Filter+EquipRej+SkinPrio+Omega+OmScale+OmSplit+OmRot+FarField+GradFarF+Kalman+StaticSup,horizontal best
cap_000609,2026-08-24T15:31:09.105,horizontal,22.70,25.20,3,1,0.021328542410247342,TempBand+Watershed+Merge+ClustSml+ShapeGate+MinPeaks+P-Filter+EquipRej+SkinPrio+Omega+OmScale+OmSplit+OmRot+FarField+GradFarF+Kalman+StaticSup,horizontal best
cap_000610,2026-08-24T15:31:09.237,horizontal,22.70,25.20,3,1,0.6297815609159149,TempBand+Watershed+Merge+ClustSml+ShapeGate+MinPeaks+P-Filter+EquipRej+SkinPrio+Omega+OmScale+OmSplit+OmRot+FarField+GradFarF+Kalman+StaticSup,horizontal best
cap_000611,2026-08-24T15:31:09.332,horizontal,22.70,25.20,3,1,0.6226163105844783,TempBand+Watershed+Merge+ClustSml+ShapeGate+MinPeaks+P-Filter+EquipRej+SkinPrio+Omega+OmScale+OmSplit+OmRot+FarField+GradFarF+Kalman+StaticSup,horizontal best
cap_000612,2026-08-24T15:31:09.461,horizontal,22.70,25.20,3,1,0.6394904236227372,TempBand+Watershed+Merge+ClustSml+ShapeGate+MinPeaks+P-Filter+EquipRej+SkinPrio+Omega+OmScale+OmSplit+OmRot+FarField+GradFarF+Kalman+StaticSup,horizontal best
cap_000613,2026-08-24T15:31:09.556,horizontal,22.70,25.20,3,1,0.7448747724362866,TempBand+Watershed+Merge+ClustSml+ShapeGate+MinPeaks+P-Filter+EquipRej+SkinPrio+Omega+OmScale+OmSplit+OmRot+FarField+GradFarF+Kalman+StaticSup,horizontal best
cap_000614,2026-08-24T15:31:09.683,horizontal,22.70,25.20,2,1,0.012481724821518712,TempBand+Watershed+Merge+ClustSml+ShapeGate+MinPeaks+P-Filter+EquipRej+SkinPrio+Omega+OmScale+OmSplit+OmRot+FarField+GradFarF+Kalman+StaticSup,horizontal best
cap_000615,2026-08-24T15:31:09.815,horizontal,22.73,25.23,2,2,0.024244781450305317,TempBand+Watershed+Merge+ClustSml+ShapeGate+MinPeaks+P-Filter+EquipRej+SkinPrio+Omega+OmScale+OmSplit+OmRot+FarField+GradFarF+Kalman+StaticSup,horizontal best
cap_000616,2026-08-24T15:31:09.907,horizontal,22.70,25.20,2,1,0.07032163535867862,TempBand+Watershed+Merge+ClustSml+ShapeGate+MinPeaks+P-Filter+EquipRej+SkinPrio+Omega+OmScale+OmSplit+OmRot+FarField+GradFarF+Kalman+StaticSup,horizontal best
cap_000617,2026-08-24T15:31:10.038,horizontal,22.73,25.23,3,0,0.0,TempBand+Watershed+Merge+ClustSml+ShapeGate+MinPeaks+P-Filter+EquipRej+SkinPrio+Omega+OmScale+OmSplit+OmRot+FarField+GradFarF+Kalman+StaticSup,horizontal best
cap_000618,2026-08-24T15:31:10.127,horizontal,22.73,25.23,2,1,0.6619334127408598,TempBand+Watershed+Merge+ClustSml+ShapeGate+MinPeaks+P-Filter+EquipRej+SkinPrio+Omega+OmScale+OmSplit+OmRot+FarField+GradFarF+Kalman+StaticSup,horizontal best
cap_000619,2026-08-24T15:31:10.258,horizontal,22.73,25.23,2,1,0.7610042414027364,TempBand+Watershed+Merge+ClustSml+ShapeGate+MinPeaks+P-Filter+EquipRej+SkinPrio+Omega+OmScale+OmSplit+OmRot+FarField+GradFarF+Kalman+StaticSup,horizontal best
cap_000620,2026-08-24T15:31:10.355,horizontal,22.73,25.23,2,1,0.6547827425666096,TempBand+Watershed+Merge+ClustSml+ShapeGate+MinPeaks+P-Filter+EquipRej+SkinPrio+Omega+OmScale+OmSplit+OmRot+FarField+GradFarF+Kalman+StaticSup,horizontal best
cap_000621,2026-08-24T15:31:10.487,horizontal,22.77,25.27,2,1,0.9189080610593349,TempBand+Watershed+Merge+ClustSml+ShapeGate+MinPeaks+P-Filter+EquipRej+SkinPrio+Omega+OmScale+OmSplit+OmRot+FarField+GradFarF+Kalman+StaticSup,horizontal best
cap_000622,2026-08-24T15:31:10.582,horizontal,22.77,25.27,2,1,0.7739948049166017,TempBand+Watershed+Merge+ClustSml+ShapeGate+MinPeaks+P-Filter+EquipRej+SkinPrio+Omega+OmScale+OmSplit+OmRot+FarField+GradFarF+Kalman+StaticSup,horizontal best
cap_000623,2026-08-24T15:31:10.710,horizontal,22.75,25.25,2,1,0.8487620368922635,TempBand+Watershed+Merge+ClustSml+ShapeGate+MinPeaks+P-Filter+EquipRej+SkinPrio+Omega+OmScale+OmSplit+OmRot+FarField+GradFarF+Kalman+StaticSup,horizontal best
cap_000624,2026-08-24T15:31:10.837,horizontal,22.77,25.27,2,1,0.8069530668119551,TempBand+Watershed+Merge+ClustSml+ShapeGate+MinPeaks+P-Filter+EquipRej+SkinPrio+Omega+OmScale+OmSplit+OmRot+FarField+GradFarF+Kalman+StaticSup,horizontal best
cap_000625,2026-08-24T15:31:10.933,horizontal,22.77,25.27,2,1,0.5981741429976881,TempBand+Watershed+Merge+ClustSml+ShapeGate+MinPeaks+P-Filter+EquipRej+SkinPrio+Omega+OmScale+OmSplit+OmRot+FarField+GradFarF+Kalman+StaticSup,horizontal best
cap_000626,2026-08-24T15:31:11.062,horizontal,22.75,25.25,2,1,0.5873972191825824,TempBand+Watershed+Merge+ClustSml+ShapeGate+MinPeaks+P-Filter+EquipRej+SkinPrio+Omega+OmScale+OmSplit+OmRot+FarField+GradFarF+Kalman+StaticSup,horizontal best
cap_000627,2026-08-24T15:31:11.156,horizontal,22.73,25.23,2,1,0.3736981210151275,TempBand+Watershed+Merge+ClustSml+ShapeGate+MinPeaks+P-Filter+EquipRej+SkinPrio+Omega+OmScale+OmSplit+OmRot+FarField+GradFarF+Kalman+StaticSup,horizontal best
cap_000628,2026-08-24T15:31:11.287,horizontal,22.70,25.20,2,1,0.5252452641619731,TempBand+Watershed+Merge+ClustSml+ShapeGate+MinPeaks+P-Filter+EquipRej+SkinPrio+Omega+OmScale+OmSplit+OmRot+FarField+GradFarF+Kalman+StaticSup,horizontal best
cap_000629,2026-08-24T15:31:11.380,horizontal,22.70,25.20,2,1,0.29374798274254527,TempBand+Watershed+Merge+ClustSml+ShapeGate+MinPeaks+P-Filter+EquipRej+SkinPrio+Omega+OmScale+OmSplit+OmRot+FarField+GradFarF+Kalman+StaticSup,horizontal best
cap_000630,2026-08-24T15:31:11.507,horizontal,22.68,25.18,2,0,0.0,TempBand+Watershed+Merge+ClustSml+ShapeGate+MinPeaks+P-Filter+EquipRej+SkinPrio+Omega+OmScale+OmSplit+OmRot+FarField+GradFarF+Kalman+StaticSup,horizontal best
cap_000631,2026-08-24T15:31:11.642,horizontal,22.68,25.18,2,1,0.06455270710827407,TempBand+Watershed+Merge+ClustSml+ShapeGate+MinPeaks+P-Filter+EquipRej+SkinPrio+Omega+OmScale+OmSplit+OmRot+FarField+GradFarF+Kalman+StaticSup,horizontal best
cap_000632,2026-08-24T15:31:11.733,horizontal,22.68,25.18,2,0,0.0,TempBand+Watershed+Merge+ClustSml+ShapeGate+MinPeaks+P-Filter+EquipRej+SkinPrio+Omega+OmScale+OmSplit+OmRot+FarField+GradFarF+Kalman+StaticSup,horizontal best
cap_000633,2026-08-24T15:31:11.861,horizontal,22.68,25.18,2,1,0.2573591385411899,TempBand+Watershed+Merge+ClustSml+ShapeGate+MinPeaks+P-Filter+EquipRej+SkinPrio+Omega+OmScale+OmSplit+OmRot+FarField+GradFarF+Kalman+StaticSup,horizontal best
cap_000634,2026-08-24T15:31:11.959,horizontal,22.70,25.20,2,0,0.0,TempBand+Watershed+Merge+ClustSml+ShapeGate+MinPeaks+P-Filter+EquipRej+SkinPrio+Omega+OmScale+OmSplit+OmRot+FarField+GradFarF+Kalman+StaticSup,horizontal best
cap_000635,2026-08-24T15:31:12.086,horizontal,22.75,25.25,2,0,0.0,TempBand+Watershed+Merge+ClustSml+ShapeGate+MinPeaks+P-Filter+EquipRej+SkinPrio+Omega+OmScale+OmSplit+OmRot+FarField+GradFarF+Kalman+StaticSup,horizontal best
cap_000636,2026-08-24T15:31:12.183,horizontal,22.73,25.23,2,0,0.0,TempBand+Watershed+Merge+ClustSml+ShapeGate+MinPeaks+P-Filter+EquipRej+SkinPrio+Omega+OmScale+OmSplit+OmRot+FarField+GradFarF+Kalman+StaticSup,horizontal best
cap_000637,2026-08-24T15:31:12.309,horizontal,22.73,25.23,2,0,0.0,TempBand+Watershed+Merge+ClustSml+ShapeGate+MinPeaks+P-Filter+EquipRej+SkinPrio+Omega+OmScale+OmSplit+OmRot+FarField+GradFarF+Kalman+StaticSup,horizontal best
cap_000638,2026-08-24T15:31:12.403,horizontal,22.73,25.23,2,1,0.06463051270141376,TempBand+Watershed+Merge+ClustSml+ShapeGate+MinPeaks+P-Filter+EquipRej+SkinPrio+Omega+OmScale+OmSplit+OmRot+FarField+GradFarF+Kalman+StaticSup,horizontal best
cap_000639,2026-08-24T15:31:12.533,horizontal,22.75,25.25,2,1,0.11057750456912595,TempBand+Watershed+Merge+ClustSml+ShapeGate+MinPeaks+P-Filter+EquipRej+SkinPrio+Omega+OmScale+OmSplit+OmRot+FarField+GradFarF+Kalman+StaticSup,horizontal best
cap_000640,2026-08-24T15:31:12.662,horizontal,22.73,25.23,2,1,0.05613084108720848,TempBand+Watershed+Merge+ClustSml+ShapeGate+MinPeaks+P-Filter+EquipRej+SkinPrio+Omega+OmScale+OmSplit+OmRot+FarField+GradFarF+Kalman+StaticSup,horizontal best
cap_000641,2026-08-24T15:31:12.757,horizontal,22.70,25.20,2,0,0.0,TempBand+Watershed+Merge+ClustSml+ShapeGate+MinPeaks+P-Filter+EquipRej+SkinPrio+Omega+OmScale+OmSplit+OmRot+FarField+GradFarF+Kalman+StaticSup,horizontal best
cap_000642,2026-08-24T15:31:12.884,horizontal,22.73,25.23,2,1,0.16501069046749786,TempBand+Watershed+Merge+ClustSml+ShapeGate+MinPeaks+P-Filter+EquipRej+SkinPrio+Omega+OmScale+OmSplit+OmRot+FarField+GradFarF+Kalman+StaticSup,horizontal best
cap_000643,2026-08-24T15:31:12.979,horizontal,22.70,25.20,2,1,0.14399416944040644,TempBand+Watershed+Merge+ClustSml+ShapeGate+MinPeaks+P-Filter+EquipRej+SkinPrio+Omega+OmScale+OmSplit+OmRot+FarField+GradFarF+Kalman+StaticSup,horizontal best
cap_000644,2026-08-24T15:31:13.111,horizontal,22.70,25.20,2,0,0.0,TempBand+Watershed+Merge+ClustSml+ShapeGate+MinPeaks+P-Filter+EquipRej+SkinPrio+Omega+OmScale+OmSplit+OmRot+FarField+GradFarF+Kalman+StaticSup,horizontal best
cap_000645,2026-08-24T15:31:13.204,horizontal,22.73,25.23,2,0,0.0,TempBand+Watershed+Merge+ClustSml+ShapeGate+MinPeaks+P-Filter+EquipRej+SkinPrio+Omega+OmScale+OmSplit+OmRot+FarField+GradFarF+Kalman+StaticSup,horizontal best
cap_000646,2026-08-24T15:31:13.334,horizontal,22.75,25.25,2,1,0.14142200757375417,TempBand+Watershed+Merge+ClustSml+ShapeGate+MinPeaks+P-Filter+EquipRej+SkinPrio+Omega+OmScale+OmSplit+OmRot+FarField+GradFarF+Kalman+StaticSup,horizontal best
cap_000647,2026-08-24T15:31:13.462,horizontal,22.77,25.27,2,0,0.0,TempBand+Watershed+Merge+ClustSml+ShapeGate+MinPeaks+P-Filter+EquipRej+SkinPrio+Omega+OmScale+OmSplit+OmRot+FarField+GradFarF+Kalman+StaticSup,horizontal best
cap_000648,2026-08-24T15:31:13.555,horizontal,22.77,25.27,2,0,0.0,TempBand+Watershed+Merge+ClustSml+ShapeGate+MinPeaks+P-Filter+EquipRej+SkinPrio+Omega+OmScale+OmSplit+OmRot+FarField+GradFarF+Kalman+StaticSup,horizontal best
cap_000649,2026-08-24T15:31:13.687,horizontal,22.77,25.27,2,0,0.0,TempBand+Watershed+Merge+ClustSml+ShapeGate+MinPeaks+P-Filter+EquipRej+SkinPrio+Omega+OmScale+OmSplit+OmRot+FarField+GradFarF+Kalman+StaticSup,horizontal best
cap_000650,2026-08-24T15:31:13.780,horizontal,22.77,25.27,2,0,0.0,TempBand+Watershed+Merge+ClustSml+ShapeGate+MinPeaks+P-Filter+EquipRej+SkinPrio+Omega+OmScale+OmSplit+OmRot+FarField+GradFarF+Kalman+StaticSup,horizontal best
cap_000651,2026-08-24T15:31:13.908,horizontal,22.77,25.27,1,0,0.0,TempBand+Watershed+Merge+ClustSml+ShapeGate+MinPeaks+P-Filter+EquipRej+SkinPrio+Omega+OmScale+OmSplit+OmRot+FarField+GradFarF+Kalman+StaticSup,horizontal best
cap_000652,2026-08-24T15:31:14.002,horizontal,22.75,25.25,1,0,0.0,TempBand+Watershed+Merge+ClustSml+ShapeGate+MinPeaks+P-Filter+EquipRej+SkinPrio+Omega+OmScale+OmSplit+OmRot+FarField+GradFarF+Kalman+StaticSup,horizontal best
cap_000653,2026-08-24T15:31:14.130,horizontal,22.75,25.25,1,0,0.0,TempBand+Watershed+Merge+ClustSml+ShapeGate+MinPeaks+P-Filter+EquipRej+SkinPrio+Omega+OmScale+OmSplit+OmRot+FarField+GradFarF+Kalman+StaticSup,horizontal best
cap_000654,2026-08-24T15:31:14.223,horizontal,22.75,25.25,1,0,0.0,TempBand+Watershed+Merge+ClustSml+ShapeGate+MinPeaks+P-Filter+EquipRej+SkinPrio+Omega+OmScale+OmSplit+OmRot+FarField+GradFarF+Kalman+StaticSup,horizontal best
cap_000655,2026-08-24T15:31:14.360,horizontal,22.75,25.25,1,0,0.0,TempBand+Watershed+Merge+ClustSml+ShapeGate+MinPeaks+P-Filter+EquipRej+SkinPrio+Omega+OmScale+OmSplit+OmRot+FarField+GradFarF+Kalman+StaticSup,horizontal best
cap_000656,2026-08-24T15:31:14.483,horizontal,22.73,25.23,1,0,0.0,TempBand+Watershed+Merge+ClustSml+ShapeGate+MinPeaks+P-Filter+EquipRej+SkinPrio+Omega+OmScale+OmSplit+OmRot+FarField+GradFarF+Kalman+StaticSup,horizontal best
cap_000657,2026-08-24T15:31:14.584,horizontal,22.75,25.25,1,0,0.0,TempBand+Watershed+Merge+ClustSml+ShapeGate+MinPeaks+P-Filter+EquipRej+SkinPrio+Omega+OmScale+OmSplit+OmRot+FarField+GradFarF+Kalman+StaticSup,horizontal best
cap_000658,2026-08-24T15:31:14.712,horizontal,22.75,25.25,1,0,0.0,TempBand+Watershed+Merge+ClustSml+ShapeGate+MinPeaks+P-Filter+EquipRej+SkinPrio+Omega+OmScale+OmSplit+OmRot+FarField+GradFarF+Kalman+StaticSup,horizontal best
cap_000659,2026-08-24T15:31:14.809,horizontal,22.75,25.25,2,0,0.0,TempBand+Watershed+Merge+ClustSml+ShapeGate+MinPeaks+P-Filter+EquipRej+SkinPrio+Omega+OmScale+OmSplit+OmRot+FarField+GradFarF+Kalman+StaticSup,horizontal best
cap_000660,2026-08-24T15:31:14.932,horizontal,22.75,25.25,1,0,0.0,TempBand+Watershed+Merge+ClustSml+ShapeGate+MinPeaks+P-Filter+EquipRej+SkinPrio+Omega+OmScale+OmSplit+OmRot+FarField+GradFarF+Kalman+StaticSup,horizontal best
cap_000661,2026-08-24T15:31:15.026,horizontal,22.75,25.25,1,0,0.0,TempBand+Watershed+Merge+ClustSml+ShapeGate+MinPeaks+P-Filter+EquipRej+SkinPrio+Omega+OmScale+OmSplit+OmRot+FarField+GradFarF+Kalman+StaticSup,horizontal best
cap_000662,2026-08-24T15:31:15.157,horizontal,22.75,25.25,1,0,0.0,TempBand+Watershed+Merge+ClustSml+ShapeGate+MinPeaks+P-Filter+EquipRej+SkinPrio+Omega+OmScale+OmSplit+OmRot+FarField+GradFarF+Kalman+StaticSup,horizontal best
cap_000663,2026-08-24T15:31:15.249,horizontal,22.75,25.25,2,0,0.0,TempBand+Watershed+Merge+ClustSml+ShapeGate+MinPeaks+P-Filter+EquipRej+SkinPrio+Omega+OmScale+OmSplit+OmRot+FarField+GradFarF+Kalman+StaticSup,horizontal best
cap_000664,2026-08-24T15:31:15.405,horizontal,22.75,25.25,1,0,0.0,TempBand+Watershed+Merge+ClustSml+ShapeGate+MinPeaks+P-Filter+EquipRej+SkinPrio+Omega+OmScale+OmSplit+OmRot+FarField+GradFarF+Kalman+StaticSup,horizontal best
cap_000665,2026-08-24T15:31:15.505,horizontal,22.75,25.25,1,0,0.0,TempBand+Watershed+Merge+ClustSml+ShapeGate+MinPeaks+P-Filter+EquipRej+SkinPrio+Omega+OmScale+OmSplit+OmRot+FarField+GradFarF+Kalman+StaticSup,horizontal best
cap_000666,2026-08-24T15:31:15.633,horizontal,22.73,25.23,1,0,0.0,TempBand+Watershed+Merge+ClustSml+ShapeGate+MinPeaks+P-Filter+EquipRej+SkinPrio+Omega+OmScale+OmSplit+OmRot+FarField+GradFarF+Kalman+StaticSup,horizontal best
cap_000667,2026-08-24T15:31:15.729,horizontal,22.73,25.23,1,0,0.0,TempBand+Watershed+Merge+ClustSml+ShapeGate+MinPeaks+P-Filter+EquipRej+SkinPrio+Omega+OmScale+OmSplit+OmRot+FarField+GradFarF+Kalman+StaticSup,horizontal best
cap_000668,2026-08-24T15:31:15.824,horizontal,22.75,25.25,1,0,0.0,TempBand+Watershed+Merge+ClustSml+ShapeGate+MinPeaks+P-Filter+EquipRej+SkinPrio+Omega+OmScale+OmSplit+OmRot+FarField+GradFarF+Kalman+StaticSup,horizontal best
cap_000669,2026-08-24T15:31:15.955,horizontal,22.75,25.25,1,0,0.0,TempBand+Watershed+Merge+ClustSml+ShapeGate+MinPeaks+P-Filter+EquipRej+SkinPrio+Omega+OmScale+OmSplit+OmRot+FarField+GradFarF+Kalman+StaticSup,horizontal best
cap_000670,2026-08-24T15:31:16.048,horizontal,22.75,25.25,1,0,0.0,TempBand+Watershed+Merge+ClustSml+ShapeGate+MinPeaks+P-Filter+EquipRej+SkinPrio+Omega+OmScale+OmSplit+OmRot+FarField+GradFarF+Kalman+StaticSup,horizontal best
cap_000671,2026-08-24T15:31:16.180,horizontal,22.73,25.23,1,0,0.0,TempBand+Watershed+Merge+ClustSml+ShapeGate+MinPeaks+P-Filter+EquipRej+SkinPrio+Omega+OmScale+OmSplit+OmRot+FarField+GradFarF+Kalman+StaticSup,horizontal best
cap_000672,2026-08-24T15:31:16.308,horizontal,22.75,25.25,1,0,0.0,TempBand+Watershed+Merge+ClustSml+ShapeGate+MinPeaks+P-Filter+EquipRej+SkinPrio+Omega+OmScale+OmSplit+OmRot+FarField+GradFarF+Kalman+StaticSup,horizontal best
cap_000673,2026-08-24T15:31:16.408,horizontal,22.75,25.25,1,0,0.0,TempBand+Watershed+Merge+ClustSml+ShapeGate+MinPeaks+P-Filter+EquipRej+SkinPrio+Omega+OmScale+OmSplit+OmRot+FarField+GradFarF+Kalman+StaticSup,horizontal best
cap_000674,2026-08-24T15:31:16.534,horizontal,22.77,25.27,1,0,0.0,TempBand+Watershed+Merge+ClustSml+ShapeGate+MinPeaks+P-Filter+EquipRej+SkinPrio+Omega+OmScale+OmSplit+OmRot+FarField+GradFarF+Kalman+StaticSup,horizontal best
cap_000675,2026-08-24T15:31:16.629,horizontal,22.80,25.30,2,0,0.0,TempBand+Watershed+Merge+ClustSml+ShapeGate+MinPeaks+P-Filter+EquipRej+SkinPrio+Omega+OmScale+OmSplit+OmRot+FarField+GradFarF+Kalman+StaticSup,horizontal best
cap_000676,2026-08-24T15:31:16.754,horizontal,22.82,25.32,2,1,0.37965955524253575,TempBand+Watershed+Merge+ClustSml+ShapeGate+MinPeaks+P-Filter+EquipRej+SkinPrio+Omega+OmScale+OmSplit+OmRot+FarField+GradFarF+Kalman+StaticSup,horizontal best
cap_000677,2026-08-24T15:31:16.853,horizontal,22.82,25.32,2,1,0.5722675380468842,TempBand+Watershed+Merge+ClustSml+ShapeGate+MinPeaks+P-Filter+EquipRej+SkinPrio+Omega+OmScale+OmSplit+OmRot+FarField+GradFarF+Kalman+StaticSup,horizontal best
cap_000678,2026-08-24T15:31:16.985,horizontal,22.82,25.32,2,2,0.6850144956459747,TempBand+Watershed+Merge+ClustSml+ShapeGate+MinPeaks+P-Filter+EquipRej+SkinPrio+Omega+OmScale+OmSplit+OmRot+FarField+GradFarF+Kalman+StaticSup,horizontal best
cap_000679,2026-08-24T15:31:17.082,horizontal,22.84,25.34,2,1,0.3228266662737542,TempBand+Watershed+Merge+ClustSml+ShapeGate+MinPeaks+P-Filter+EquipRej+SkinPrio+Omega+OmScale+OmSplit+OmRot+FarField+GradFarF+Kalman+StaticSup,horizontal best
cap_000680,2026-08-24T15:31:17.204,horizontal,22.87,25.37,2,1,0.7416792158241804,TempBand+Watershed+Merge+ClustSml+ShapeGate+MinPeaks+P-Filter+EquipRej+SkinPrio+Omega+OmScale+OmSplit+OmRot+FarField+GradFarF+Kalman+StaticSup,horizontal best
cap_000681,2026-08-24T15:31:17.330,horizontal,22.87,25.37,2,1,0.6103839401795251,TempBand+Watershed+Merge+ClustSml+ShapeGate+MinPeaks+P-Filter+EquipRej+SkinPrio+Omega+OmScale+OmSplit+OmRot+FarField+GradFarF+Kalman+StaticSup,horizontal best
cap_000682,2026-08-24T15:31:17.428,horizontal,22.89,25.39,2,1,0.7321418703433594,TempBand+Watershed+Merge+ClustSml+ShapeGate+MinPeaks+P-Filter+EquipRej+SkinPrio+Omega+OmScale+OmSplit+OmRot+FarField+GradFarF+Kalman+StaticSup,horizontal best
cap_000683,2026-08-24T15:31:17.557,horizontal,22.89,25.39,2,1,0.021254055355932767,TempBand+Watershed+Merge+ClustSml+ShapeGate+MinPeaks+P-Filter+EquipRej+SkinPrio+Omega+OmScale+OmSplit+OmRot+FarField+GradFarF+Kalman+StaticSup,horizontal best
cap_000684,2026-08-24T15:31:17.654,horizontal,22.89,25.39,2,1,0.7326955056082379,TempBand+Watershed+Merge+ClustSml+ShapeGate+MinPeaks+P-Filter+EquipRej+SkinPrio+Omega+OmScale+OmSplit+OmRot+FarField+GradFarF+Kalman+StaticSup,horizontal best
cap_000685,2026-08-24T15:31:17.781,horizontal,22.91,25.41,2,1,0.7599929399852294,TempBand+Watershed+Merge+ClustSml+ShapeGate+MinPeaks+P-Filter+EquipRej+SkinPrio+Omega+OmScale+OmSplit+OmRot+FarField+GradFarF+Kalman+StaticSup,horizontal best
cap_000686,2026-08-24T15:31:17.876,horizontal,22.91,25.41,2,1,0.7223073396553836,TempBand+Watershed+Merge+ClustSml+ShapeGate+MinPeaks+P-Filter+EquipRej+SkinPrio+Omega+OmScale+OmSplit+OmRot+FarField+GradFarF+Kalman+StaticSup,horizontal best
cap_000687,2026-08-24T15:31:18.005,horizontal,22.91,25.41,2,2,0.8040211563518236,TempBand+Watershed+Merge+ClustSml+ShapeGate+MinPeaks+P-Filter+EquipRej+SkinPrio+Omega+OmScale+OmSplit+OmRot+FarField+GradFarF+Kalman+StaticSup,horizontal best
cap_000688,2026-08-24T15:31:18.135,horizontal,22.96,25.46,2,1,0.8279915050812875,TempBand+Watershed+Merge+ClustSml+ShapeGate+MinPeaks+P-Filter+EquipRej+SkinPrio+Omega+OmScale+OmSplit+OmRot+FarField+GradFarF+Kalman+StaticSup,horizontal best
cap_000689,2026-08-24T15:31:18.229,horizontal,22.96,25.46,2,1,0.7792980466009882,TempBand+Watershed+Merge+ClustSml+ShapeGate+MinPeaks+P-Filter+EquipRej+SkinPrio+Omega+OmScale+OmSplit+OmRot+FarField+GradFarF+Kalman+StaticSup,horizontal best
cap_000690,2026-08-24T15:31:18.358,horizontal,22.98,25.48,2,1,0.9072192741211187,TempBand+Watershed+Merge+ClustSml+ShapeGate+MinPeaks+P-Filter+EquipRej+SkinPrio+Omega+OmScale+OmSplit+OmRot+FarField+GradFarF+Kalman+StaticSup,horizontal best
cap_000691,2026-08-24T15:31:18.452,horizontal,22.98,25.48,2,1,0.9152221244965094,TempBand+Watershed+Merge+ClustSml+ShapeGate+MinPeaks+P-Filter+EquipRej+SkinPrio+Omega+OmScale+OmSplit+OmRot+FarField+GradFarF+Kalman+StaticSup,horizontal best
cap_000692,2026-08-24T15:31:18.582,horizontal,22.98,25.48,2,2,0.9152221244965094,TempBand+Watershed+Merge+ClustSml+ShapeGate+MinPeaks+P-Filter+EquipRej+SkinPrio+Omega+OmScale+OmSplit+OmRot+FarField+GradFarF+Kalman+StaticSup,horizontal best
cap_000693,2026-08-24T15:31:18.675,horizontal,22.98,25.48,2,1,0.9527165234151003,TempBand+Watershed+Merge+ClustSml+ShapeGate+MinPeaks+P-Filter+EquipRej+SkinPrio+Omega+OmScale+OmSplit+OmRot+FarField+GradFarF+Kalman+StaticSup,horizontal best
cap_000694,2026-08-24T15:31:18.808,horizontal,22.98,25.48,2,1,0.8878914169696783,TempBand+Watershed+Merge+ClustSml+ShapeGate+MinPeaks+P-Filter+EquipRej+SkinPrio+Omega+OmScale+OmSplit+OmRot+FarField+GradFarF+Kalman+StaticSup,horizontal best
cap_000695,2026-08-24T15:31:18.902,horizontal,22.98,25.48,2,1,0.7360238526887634,TempBand+Watershed+Merge+ClustSml+ShapeGate+MinPeaks+P-Filter+EquipRej+SkinPrio+Omega+OmScale+OmSplit+OmRot+FarField+GradFarF+Kalman+StaticSup,horizontal best
cap_000696,2026-08-24T15:31:19.030,horizontal,22.98,25.48,2,2,0.48632093630327006,TempBand+Watershed+Merge+ClustSml+ShapeGate+MinPeaks+P-Filter+EquipRej+SkinPrio+Omega+OmScale+OmSplit+OmRot+FarField+GradFarF+Kalman+StaticSup,horizontal best
cap_000697,2026-08-24T15:31:19.158,horizontal,22.96,25.46,2,1,0.5535490414586056,TempBand+Watershed+Merge+ClustSml+ShapeGate+MinPeaks+P-Filter+EquipRej+SkinPrio+Omega+OmScale+OmSplit+OmRot+FarField+GradFarF+Kalman+StaticSup,horizontal best
cap_000698,2026-08-24T15:31:19.252,horizontal,22.96,25.46,2,1,0.6876036868783493,TempBand+Watershed+Merge+ClustSml+ShapeGate+MinPeaks+P-Filter+EquipRej+SkinPrio+Omega+OmScale+OmSplit+OmRot+FarField+GradFarF+Kalman+StaticSup,horizontal best
cap_000699,2026-08-24T15:31:19.380,horizontal,22.96,25.46,2,1,0.8407362077664062,TempBand+Watershed+Merge+ClustSml+ShapeGate+MinPeaks+P-Filter+EquipRej+SkinPrio+Omega+OmScale+OmSplit+OmRot+FarField+GradFarF+Kalman+StaticSup,horizontal best
cap_000700,2026-08-24T15:31:19.474,horizontal,22.94,25.44,2,0,0.0,TempBand+Watershed+Merge+ClustSml+ShapeGate+MinPeaks+P-Filter+EquipRej+SkinPrio+Omega+OmScale+OmSplit+OmRot+FarField+GradFarF+Kalman+StaticSup,horizontal best
cap_000701,2026-08-24T15:31:19.603,horizontal,22.94,25.44,2,0,0.0,TempBand+Watershed+Merge+ClustSml+ShapeGate+MinPeaks+P-Filter+EquipRej+SkinPrio+Omega+OmScale+OmSplit+OmRot+FarField+GradFarF+Kalman+StaticSup,horizontal best
cap_000702,2026-08-24T15:31:19.698,horizontal,22.94,25.44,2,0,0.0,TempBand+Watershed+Merge+ClustSml+ShapeGate+MinPeaks+P-Filter+EquipRej+SkinPrio+Omega+OmScale+OmSplit+OmRot+FarField+GradFarF+Kalman+StaticSup,horizontal best
cap_000703,2026-08-24T15:31:19.832,horizontal,22.94,25.44,2,0,0.0,TempBand+Watershed+Merge+ClustSml+ShapeGate+MinPeaks+P-Filter+EquipRej+SkinPrio+Omega+OmScale+OmSplit+OmRot+FarField+GradFarF+Kalman+StaticSup,horizontal best
cap_000704,2026-08-24T15:31:19.960,horizontal,22.94,25.44,1,0,0.0,TempBand+Watershed+Merge+ClustSml+ShapeGate+MinPeaks+P-Filter+EquipRej+SkinPrio+Omega+OmScale+OmSplit+OmRot+FarField+GradFarF+Kalman+StaticSup,horizontal best
cap_000705,2026-08-24T15:31:20.050,horizontal,22.91,25.41,1,0,0.0,TempBand+Watershed+Merge+ClustSml+ShapeGate+MinPeaks+P-Filter+EquipRej+SkinPrio+Omega+OmScale+OmSplit+OmRot+FarField+GradFarF+Kalman+StaticSup,horizontal best
cap_000706,2026-08-24T15:31:20.178,horizontal,22.91,25.41,1,0,0.0,TempBand+Watershed+Merge+ClustSml+ShapeGate+MinPeaks+P-Filter+EquipRej+SkinPrio+Omega+OmScale+OmSplit+OmRot+FarField+GradFarF+Kalman+StaticSup,horizontal best
cap_000707,2026-08-24T15:31:20.275,horizontal,22.91,25.41,1,0,0.0,TempBand+Watershed+Merge+ClustSml+ShapeGate+MinPeaks+P-Filter+EquipRej+SkinPrio+Omega+OmScale+OmSplit+OmRot+FarField+GradFarF+Kalman+StaticSup,horizontal best
cap_000708,2026-08-24T15:31:20.405,horizontal,22.91,25.41,1,0,0.0,TempBand+Watershed+Merge+ClustSml+ShapeGate+MinPeaks+P-Filter+EquipRej+SkinPrio+Omega+OmScale+OmSplit+OmRot+FarField+GradFarF+Kalman+StaticSup,horizontal best
cap_000709,2026-08-24T15:31:20.497,horizontal,22.89,25.39,1,0,0.0,TempBand+Watershed+Merge+ClustSml+ShapeGate+MinPeaks+P-Filter+EquipRej+SkinPrio+Omega+OmScale+OmSplit+OmRot+FarField+GradFarF+Kalman+StaticSup,horizontal best
cap_000710,2026-08-24T15:31:20.628,horizontal,22.89,25.39,1,0,0.0,TempBand+Watershed+Merge+ClustSml+ShapeGate+MinPeaks+P-Filter+EquipRej+SkinPrio+Omega+OmScale+OmSplit+OmRot+FarField+GradFarF+Kalman+StaticSup,horizontal best
cap_000711,2026-08-24T15:31:20.722,horizontal,22.89,25.39,1,0,0.0,TempBand+Watershed+Merge+ClustSml+ShapeGate+MinPeaks+P-Filter+EquipRej+SkinPrio+Omega+OmScale+OmSplit+OmRot+FarField+GradFarF+Kalman+StaticSup,horizontal best
cap_000712,2026-08-24T15:31:20.852,horizontal,22.89,25.39,1,0,0.0,TempBand+Watershed+Merge+ClustSml+ShapeGate+MinPeaks+P-Filter+EquipRej+SkinPrio+Omega+OmScale+OmSplit+OmRot+FarField+GradFarF+Kalman+StaticSup,horizontal best
cap_000713,2026-08-24T15:31:20.983,horizontal,22.89,25.39,1,0,0.0,TempBand+Watershed+Merge+ClustSml+ShapeGate+MinPeaks+P-Filter+EquipRej+SkinPrio+Omega+OmScale+OmSplit+OmRot+FarField+GradFarF+Kalman+StaticSup,horizontal best
cap_000714,2026-08-24T15:31:21.079,horizontal,22.91,25.41,1,0,0.0,TempBand+Watershed+Merge+ClustSml+ShapeGate+MinPeaks+P-Filter+EquipRej+SkinPrio+Omega+OmScale+OmSplit+OmRot+FarField+GradFarF+Kalman+StaticSup,horizontal best
cap_000715,2026-08-24T15:31:21.204,horizontal,22.96,25.46,1,0,0.0,TempBand+Watershed+Merge+ClustSml+ShapeGate+MinPeaks+P-Filter+EquipRej+SkinPrio+Omega+OmScale+OmSplit+OmRot+FarField+GradFarF+Kalman+StaticSup,horizontal best
cap_000716,2026-08-24T15:31:21.298,horizontal,22.96,25.46,1,0,0.0,TempBand+Watershed+Merge+ClustSml+ShapeGate+MinPeaks+P-Filter+EquipRej+SkinPrio+Omega+OmScale+OmSplit+OmRot+FarField+GradFarF+Kalman+StaticSup,horizontal best
cap_000717,2026-08-24T15:31:21.424,horizontal,22.98,25.48,1,0,0.0,TempBand+Watershed+Merge+ClustSml+ShapeGate+MinPeaks+P-Filter+EquipRej+SkinPrio+Omega+OmScale+OmSplit+OmRot+FarField+GradFarF+Kalman+StaticSup,horizontal best
cap_000718,2026-08-24T15:31:21.519,horizontal,22.98,25.48,1,0,0.0,TempBand+Watershed+Merge+ClustSml+ShapeGate+MinPeaks+P-Filter+EquipRej+SkinPrio+Omega+OmScale+OmSplit+OmRot+FarField+GradFarF+Kalman+StaticSup,horizontal best
cap_000719,2026-08-24T15:31:21.652,horizontal,23.01,25.51,1,0,0.0,TempBand+Watershed+Merge+ClustSml+ShapeGate+MinPeaks+P-Filter+EquipRej+SkinPrio+Omega+OmScale+OmSplit+OmRot+FarField+GradFarF+Kalman+StaticSup,horizontal best
cap_000720,2026-08-24T15:31:21.744,horizontal,23.01,25.51,1,0,0.0,TempBand+Watershed+Merge+ClustSml+ShapeGate+MinPeaks+P-Filter+EquipRej+SkinPrio+Omega+OmScale+OmSplit+OmRot+FarField+GradFarF+Kalman+StaticSup,horizontal best
cap_000721,2026-08-24T15:31:21.879,horizontal,23.01,25.51,1,0,0.0,TempBand+Watershed+Merge+ClustSml+ShapeGate+MinPeaks+P-Filter+EquipRej+SkinPrio+Omega+OmScale+OmSplit+OmRot+FarField+GradFarF+Kalman+StaticSup,horizontal best
cap_000722,2026-08-24T15:31:22.008,horizontal,23.01,25.51,1,0,0.0,TempBand+Watershed+Merge+ClustSml+ShapeGate+MinPeaks+P-Filter+EquipRej+SkinPrio+Omega+OmScale+OmSplit+OmRot+FarField+GradFarF+Kalman+StaticSup,horizontal best
cap_000723,2026-08-24T15:31:22.098,horizontal,23.01,25.51,1,0,0.0,TempBand+Watershed+Merge+ClustSml+ShapeGate+MinPeaks+P-Filter+EquipRej+SkinPrio+Omega+OmScale+OmSplit+OmRot+FarField+GradFarF+Kalman+StaticSup,horizontal best
cap_000724,2026-08-24T15:31:22.228,horizontal,23.01,25.51,1,0,0.0,TempBand+Watershed+Merge+ClustSml+ShapeGate+MinPeaks+P-Filter+EquipRej+SkinPrio+Omega+OmScale+OmSplit+OmRot+FarField+GradFarF+Kalman+StaticSup,horizontal best
cap_000725,2026-08-24T15:31:22.321,horizontal,23.01,25.51,1,0,0.0,TempBand+Watershed+Merge+ClustSml+ShapeGate+MinPeaks+P-Filter+EquipRej+SkinPrio+Omega+OmScale+OmSplit+OmRot+FarField+GradFarF+Kalman+StaticSup,horizontal best
cap_000726,2026-08-24T15:31:22.452,horizontal,22.98,25.48,1,0,0.0,TempBand+Watershed+Merge+ClustSml+ShapeGate+MinPeaks+P-Filter+EquipRej+SkinPrio+Omega+OmScale+OmSplit+OmRot+FarField+GradFarF+Kalman+StaticSup,horizontal best
cap_000727,2026-08-24T15:31:22.543,horizontal,22.98,25.48,1,0,0.0,TempBand+Watershed+Merge+ClustSml+ShapeGate+MinPeaks+P-Filter+EquipRej+SkinPrio+Omega+OmScale+OmSplit+OmRot+FarField+GradFarF+Kalman+StaticSup,horizontal best
cap_000728,2026-08-24T15:31:22.678,horizontal,22.96,25.46,1,0,0.0,TempBand+Watershed+Merge+ClustSml+ShapeGate+MinPeaks+P-Filter+EquipRej+SkinPrio+Omega+OmScale+OmSplit+OmRot+FarField+GradFarF+Kalman+StaticSup,horizontal best
cap_000729,2026-08-24T15:31:22.803,horizontal,22.96,25.46,1,0,0.0,TempBand+Watershed+Merge+ClustSml+ShapeGate+MinPeaks+P-Filter+EquipRej+SkinPrio+Omega+OmScale+OmSplit+OmRot+FarField+GradFarF+Kalman+StaticSup,horizontal best
cap_000730,2026-08-24T15:31:22.899,horizontal,22.94,25.44,1,0,0.0,TempBand+Watershed+Merge+ClustSml+ShapeGate+MinPeaks+P-Filter+EquipRej+SkinPrio+Omega+OmScale+OmSplit+OmRot+FarField+GradFarF+Kalman+StaticSup,horizontal best
cap_000731,2026-08-24T15:31:23.030,horizontal,22.94,25.44,1,0,0.0,TempBand+Watershed+Merge+ClustSml+ShapeGate+MinPeaks+P-Filter+EquipRej+SkinPrio+Omega+OmScale+OmSplit+OmRot+FarField+GradFarF+Kalman+StaticSup,horizontal best
cap_000732,2026-08-24T15:31:23.127,horizontal,22.94,25.44,1,0,0.0,TempBand+Watershed+Merge+ClustSml+ShapeGate+MinPeaks+P-Filter+EquipRej+SkinPrio+Omega+OmScale+OmSplit+OmRot+FarField+GradFarF+Kalman+StaticSup,horizontal best
cap_000733,2026-08-24T15:31:23.252,horizontal,22.94,25.44,1,0,0.0,TempBand+Watershed+Merge+ClustSml+ShapeGate+MinPeaks+P-Filter+EquipRej+SkinPrio+Omega+OmScale+OmSplit+OmRot+FarField+GradFarF+Kalman+StaticSup,horizontal best
cap_000734,2026-08-24T15:31:23.346,horizontal,22.96,25.46,1,0,0.0,TempBand+Watershed+Merge+ClustSml+ShapeGate+MinPeaks+P-Filter+EquipRej+SkinPrio+Omega+OmScale+OmSplit+OmRot+FarField+GradFarF+Kalman+StaticSup,horizontal best
cap_000735,2026-08-24T15:31:23.471,horizontal,22.96,25.46,1,0,0.0,TempBand+Watershed+Merge+ClustSml+ShapeGate+MinPeaks+P-Filter+EquipRej+SkinPrio+Omega+OmScale+OmSplit+OmRot+FarField+GradFarF+Kalman+StaticSup,horizontal best
cap_000736,2026-08-24T15:31:23.568,horizontal,22.94,25.44,1,0,0.0,TempBand+Watershed+Merge+ClustSml+ShapeGate+MinPeaks+P-Filter+EquipRej+SkinPrio+Omega+OmScale+OmSplit+OmRot+FarField+GradFarF+Kalman+StaticSup,horizontal best
cap_000737,2026-08-24T15:31:23.702,horizontal,22.94,25.44,1,0,0.0,TempBand+Watershed+Merge+ClustSml+ShapeGate+MinPeaks+P-Filter+EquipRej+SkinPrio+Omega+OmScale+OmSplit+OmRot+FarField+GradFarF+Kalman+StaticSup,horizontal best
cap_000738,2026-08-24T15:31:23.827,horizontal,22.96,25.46,1,0,0.0,TempBand+Watershed+Merge+ClustSml+ShapeGate+MinPeaks+P-Filter+EquipRej+SkinPrio+Omega+OmScale+OmSplit+OmRot+FarField+GradFarF+Kalman+StaticSup,horizontal best
cap_000739,2026-08-24T15:31:23.922,horizontal,22.96,25.46,1,0,0.0,TempBand+Watershed+Merge+ClustSml+ShapeGate+MinPeaks+P-Filter+EquipRej+SkinPrio+Omega+OmScale+OmSplit+OmRot+FarField+GradFarF+Kalman+StaticSup,horizontal best
cap_000740,2026-08-24T15:31:24.053,horizontal,22.96,25.46,1,0,0.0,TempBand+Watershed+Merge+ClustSml+ShapeGate+MinPeaks+P-Filter+EquipRej+SkinPrio+Omega+OmScale+OmSplit+OmRot+FarField+GradFarF+Kalman+StaticSup,horizontal best
cap_000741,2026-08-24T15:31:24.148,horizontal,22.96,25.46,1,0,0.0,TempBand+Watershed+Merge+ClustSml+ShapeGate+MinPeaks+P-Filter+EquipRej+SkinPrio+Omega+OmScale+OmSplit+OmRot+FarField+GradFarF+Kalman+StaticSup,horizontal best
cap_000742,2026-08-24T15:31:24.278,horizontal,22.98,25.48,1,0,0.0,TempBand+Watershed+Merge+ClustSml+ShapeGate+MinPeaks+P-Filter+EquipRej+SkinPrio+Omega+OmScale+OmSplit+OmRot+FarField+GradFarF+Kalman+StaticSup,horizontal best
cap_000743,2026-08-24T15:31:24.371,horizontal,22.96,25.46,1,0,0.0,TempBand+Watershed+Merge+ClustSml+ShapeGate+MinPeaks+P-Filter+EquipRej+SkinPrio+Omega+OmScale+OmSplit+OmRot+FarField+GradFarF+Kalman+StaticSup,horizontal best
cap_000744,2026-08-24T15:31:24.499,horizontal,22.96,25.46,1,0,0.0,TempBand+Watershed+Merge+ClustSml+ShapeGate+MinPeaks+P-Filter+EquipRej+SkinPrio+Omega+OmScale+OmSplit+OmRot+FarField+GradFarF+Kalman+StaticSup,horizontal best
cap_000745,2026-08-24T15:31:24.631,horizontal,22.98,25.48,1,0,0.0,TempBand+Watershed+Merge+ClustSml+ShapeGate+MinPeaks+P-Filter+EquipRej+SkinPrio+Omega+OmScale+OmSplit+OmRot+FarField+GradFarF+Kalman+StaticSup,horizontal best
cap_000746,2026-08-24T15:31:24.721,horizontal,22.98,25.48,1,0,0.0,TempBand+Watershed+Merge+ClustSml+ShapeGate+MinPeaks+P-Filter+EquipRej+SkinPrio+Omega+OmScale+OmSplit+OmRot+FarField+GradFarF+Kalman+StaticSup,horizontal best
cap_000747,2026-08-24T15:31:24.855,horizontal,22.98,25.48,1,0,0.0,TempBand+Watershed+Merge+ClustSml+ShapeGate+MinPeaks+P-Filter+EquipRej+SkinPrio+Omega+OmScale+OmSplit+OmRot+FarField+GradFarF+Kalman+StaticSup,horizontal best
cap_000748,2026-08-24T15:31:24.946,horizontal,23.01,25.51,1,0,0.0,TempBand+Watershed+Merge+ClustSml+ShapeGate+MinPeaks+P-Filter+EquipRej+SkinPrio+Omega+OmScale+OmSplit+OmRot+FarField+GradFarF+Kalman+StaticSup,horizontal best
cap_000749,2026-08-24T15:31:25.077,horizontal,23.03,25.53,1,0,0.0,TempBand+Watershed+Merge+ClustSml+ShapeGate+MinPeaks+P-Filter+EquipRej+SkinPrio+Omega+OmScale+OmSplit+OmRot+FarField+GradFarF+Kalman+StaticSup,horizontal best
cap_000750,2026-08-24T15:31:25.171,horizontal,23.03,25.53,1,0,0.0,TempBand+Watershed+Merge+ClustSml+ShapeGate+MinPeaks+P-Filter+EquipRej+SkinPrio+Omega+OmScale+OmSplit+OmRot+FarField+GradFarF+Kalman+StaticSup,horizontal best
cap_000751,2026-08-24T15:31:25.300,horizontal,23.05,25.55,1,0,0.0,TempBand+Watershed+Merge+ClustSml+ShapeGate+MinPeaks+P-Filter+EquipRej+SkinPrio+Omega+OmScale+OmSplit+OmRot+FarField+GradFarF+Kalman+StaticSup,horizontal best
cap_000752,2026-08-24T15:31:25.392,horizontal,23.08,25.58,2,0,0.0,TempBand+Watershed+Merge+ClustSml+ShapeGate+MinPeaks+P-Filter+EquipRej+SkinPrio+Omega+OmScale+OmSplit+OmRot+FarField+GradFarF+Kalman+StaticSup,horizontal best
cap_000753,2026-08-24T15:31:25.522,horizontal,23.08,25.58,2,0,0.0,TempBand+Watershed+Merge+ClustSml+ShapeGate+MinPeaks+P-Filter+EquipRej+SkinPrio+Omega+OmScale+OmSplit+OmRot+FarField+GradFarF+Kalman+StaticSup,horizontal best
cap_000754,2026-08-24T15:31:27.351,horizontal,21.73,24.23,2,1,0.0159397065415729,TempBand+Watershed+Merge+ClustSml+ShapeGate+MinPeaks+P-Filter+EquipRej+SkinPrio+Omega+OmScale+OmSplit+OmRot+FarField+GradFarF+Kalman+StaticSup,horizontal best
cap_000755,2026-08-24T15:31:27.474,horizontal,21.87,24.37,2,1,0.8305487108381601,TempBand+Watershed+Merge+ClustSml+ShapeGate+MinPeaks+P-Filter+EquipRej+SkinPrio+Omega+OmScale+OmSplit+OmRot+FarField+GradFarF+Kalman+StaticSup,horizontal best
cap_000756,2026-08-24T15:31:27.566,horizontal,22.16,24.66,3,1,0.6284478546792202,TempBand+Watershed+Merge+ClustSml+ShapeGate+MinPeaks+P-Filter+EquipRej+SkinPrio+Omega+OmScale+OmSplit+OmRot+FarField+GradFarF+Kalman+StaticSup,horizontal best
cap_000757,2026-08-24T15:31:27.702,horizontal,22.28,24.78,3,1,0.7423006041332375,TempBand+Watershed+Merge+ClustSml+ShapeGate+MinPeaks+P-Filter+EquipRej+SkinPrio+Omega+OmScale+OmSplit+OmRot+FarField+GradFarF+Kalman+StaticSup,horizontal best
cap_000758,2026-08-24T15:31:27.796,horizontal,22.47,24.97,2,1,0.7079253753132634,TempBand+Watershed+Merge+ClustSml+ShapeGate+MinPeaks+P-Filter+EquipRej+SkinPrio+Omega+OmScale+OmSplit+OmRot+FarField+GradFarF+Kalman+StaticSup,horizontal best
cap_000759,2026-08-24T15:31:27.930,horizontal,22.73,25.23,2,1,0.6512244195699478,TempBand+Watershed+Merge+ClustSml+ShapeGate+MinPeaks+P-Filter+EquipRej+SkinPrio+Omega+OmScale+OmSplit+OmRot+FarField+GradFarF+Kalman+StaticSup,horizontal best
cap_000760,2026-08-24T15:31:28.019,horizontal,22.80,25.30,2,1,0.6871040407452262,TempBand+Watershed+Merge+ClustSml+ShapeGate+MinPeaks+P-Filter+EquipRej+SkinPrio+Omega+OmScale+OmSplit+OmRot+FarField+GradFarF+Kalman+StaticSup,horizontal best
cap_000761,2026-08-24T15:31:28.151,horizontal,23.13,25.63,2,2,0.5958104968699862,TempBand+Watershed+Merge+ClustSml+ShapeGate+MinPeaks+P-Filter+EquipRej+SkinPrio+Omega+OmScale+OmSplit+OmRot+FarField+GradFarF+Kalman+StaticSup,horizontal best
cap_000762,2026-08-24T15:31:28.245,horizontal,23.03,25.53,2,1,0.5956647788225868,TempBand+Watershed+Merge+ClustSml+ShapeGate+MinPeaks+P-Filter+EquipRej+SkinPrio+Omega+OmScale+OmSplit+OmRot+FarField+GradFarF+Kalman+StaticSup,horizontal best
cap_000763,2026-08-24T15:31:28.371,horizontal,22.94,25.44,2,2,0.5867830650992286,TempBand+Watershed+Merge+ClustSml+ShapeGate+MinPeaks+P-Filter+EquipRej+SkinPrio+Omega+OmScale+OmSplit+OmRot+FarField+GradFarF+Kalman+StaticSup,horizontal best
cap_000764,2026-08-24T15:31:28.503,horizontal,22.80,25.30,2,2,0.5532526042364159,TempBand+Watershed+Merge+ClustSml+ShapeGate+MinPeaks+P-Filter+EquipRej+SkinPrio+Omega+OmScale+OmSplit+OmRot+FarField+GradFarF+Kalman+StaticSup,horizontal best
cap_000765,2026-08-24T15:31:28.595,horizontal,22.75,25.25,2,1,0.6538439868248553,TempBand+Watershed+Merge+ClustSml+ShapeGate+MinPeaks+P-Filter+EquipRej+SkinPrio+Omega+OmScale+OmSplit+OmRot+FarField+GradFarF+Kalman+StaticSup,horizontal best
cap_000766,2026-08-24T15:31:28.726,horizontal,22.68,25.18,2,1,0.6538439868248553,TempBand+Watershed+Merge+ClustSml+ShapeGate+MinPeaks+P-Filter+EquipRej+SkinPrio+Omega+OmScale+OmSplit+OmRot+FarField+GradFarF+Kalman+StaticSup,horizontal best
cap_000767,2026-08-24T15:31:28.818,horizontal,22.66,25.16,2,1,0.6352484852785324,TempBand+Watershed+Merge+ClustSml+ShapeGate+MinPeaks+P-Filter+EquipRej+SkinPrio+Omega+OmScale+OmSplit+OmRot+FarField+GradFarF+Kalman+StaticSup,horizontal best
cap_000768,2026-08-24T15:31:28.950,horizontal,22.54,25.04,2,1,0.6352484852785324,TempBand+Watershed+Merge+ClustSml+ShapeGate+MinPeaks+P-Filter+EquipRej+SkinPrio+Omega+OmScale+OmSplit+OmRot+FarField+GradFarF+Kalman+StaticSup,horizontal best
cap_000769,2026-08-24T15:31:29.044,horizontal,22.49,24.99,2,1,0.6685089102184179,TempBand+Watershed+Merge+ClustSml+ShapeGate+MinPeaks+P-Filter+EquipRej+SkinPrio+Omega+OmScale+OmSplit+OmRot+FarField+GradFarF+Kalman+StaticSup,horizontal best
cap_000770,2026-08-24T15:31:29.174,horizontal,22.44,24.94,2,1,0.841663677127451,TempBand+Watershed+Merge+ClustSml+ShapeGate+MinPeaks+P-Filter+EquipRej+SkinPrio+Omega+OmScale+OmSplit+OmRot+FarField+GradFarF+Kalman+StaticSup,horizontal best
cap_000771,2026-08-24T15:31:29.302,horizontal,22.37,24.87,2,1,0.8521844730915443,TempBand+Watershed+Merge+ClustSml+ShapeGate+MinPeaks+P-Filter+EquipRej+SkinPrio+Omega+OmScale+OmSplit+OmRot+FarField+GradFarF+Kalman+StaticSup,horizontal best
cap_000772,2026-08-24T15:31:29.400,horizontal,22.28,24.78,2,2,0.5640589480793201,TempBand+Watershed+Merge+ClustSml+ShapeGate+MinPeaks+P-Filter+EquipRej+SkinPrio+Omega+OmScale+OmSplit+OmRot+FarField+GradFarF+Kalman+StaticSup,horizontal best
cap_000773,2026-08-24T15:31:29.526,horizontal,22.26,24.76,2,1,0.6038716815912056,TempBand+Watershed+Merge+ClustSml+ShapeGate+MinPeaks+P-Filter+EquipRej+SkinPrio+Omega+OmScale+OmSplit+OmRot+FarField+GradFarF+Kalman+StaticSup,horizontal best
cap_000774,2026-08-24T15:31:29.615,horizontal,22.26,24.76,2,0,0.0,TempBand+Watershed+Merge+ClustSml+ShapeGate+MinPeaks+P-Filter+EquipRej+SkinPrio+Omega+OmScale+OmSplit+OmRot+FarField+GradFarF+Kalman+StaticSup,horizontal best
cap_000775,2026-08-24T15:31:29.748,horizontal,22.23,24.73,2,1,0.5947868528113417,TempBand+Watershed+Merge+ClustSml+ShapeGate+MinPeaks+P-Filter+EquipRej+SkinPrio+Omega+OmScale+OmSplit+OmRot+FarField+GradFarF+Kalman+StaticSup,horizontal best
cap_000776,2026-08-24T15:31:29.841,horizontal,22.18,24.68,3,1,0.4440232952876515,TempBand+Watershed+Merge+ClustSml+ShapeGate+MinPeaks+P-Filter+EquipRej+SkinPrio+Omega+OmScale+OmSplit+OmRot+FarField+GradFarF+Kalman+StaticSup,horizontal best
cap_000777,2026-08-24T15:31:29.972,horizontal,22.16,24.66,2,1,0.6022806016452696,TempBand+Watershed+Merge+ClustSml+ShapeGate+MinPeaks+P-Filter+EquipRej+SkinPrio+Omega+OmScale+OmSplit+OmRot+FarField+GradFarF+Kalman+StaticSup,horizontal best
cap_000778,2026-08-24T15:31:30.067,horizontal,22.14,24.64,2,1,0.8349502529694544,TempBand+Watershed+Merge+ClustSml+ShapeGate+MinPeaks+P-Filter+EquipRej+SkinPrio+Omega+OmScale+OmSplit+OmRot+FarField+GradFarF+Kalman+StaticSup,horizontal best
cap_000779,2026-08-24T15:31:30.196,horizontal,22.14,24.64,2,1,0.7540294321987757,TempBand+Watershed+Merge+ClustSml+ShapeGate+MinPeaks+P-Filter+EquipRej+SkinPrio+Omega+OmScale+OmSplit+OmRot+FarField+GradFarF+Kalman+StaticSup,horizontal best
cap_000780,2026-08-24T15:31:30.325,horizontal,22.14,24.64,2,1,0.8647255963145759,TempBand+Watershed+Merge+ClustSml+ShapeGate+MinPeaks+P-Filter+EquipRej+SkinPrio+Omega+OmScale+OmSplit+OmRot+FarField+GradFarF+Kalman+StaticSup,horizontal best
cap_000781,2026-08-24T15:31:30.418,horizontal,22.14,24.64,3,1,0.8281358272622457,TempBand+Watershed+Merge+ClustSml+ShapeGate+MinPeaks+P-Filter+EquipRej+SkinPrio+Omega+OmScale+OmSplit+OmRot+FarField+GradFarF+Kalman+StaticSup,horizontal best
cap_000782,2026-08-24T15:31:30.549,horizontal,22.14,24.64,2,1,0.8185162188930677,TempBand+Watershed+Merge+ClustSml+ShapeGate+MinPeaks+P-Filter+EquipRej+SkinPrio+Omega+OmScale+OmSplit+OmRot+FarField+GradFarF+Kalman+StaticSup,horizontal best
cap_000783,2026-08-24T15:31:30.641,horizontal,22.14,24.64,2,1,0.7419023050159492,TempBand+Watershed+Merge+ClustSml+ShapeGate+MinPeaks+P-Filter+EquipRej+SkinPrio+Omega+OmScale+OmSplit+OmRot+FarField+GradFarF+Kalman+StaticSup,horizontal best
cap_000784,2026-08-24T15:31:30.772,horizontal,22.14,24.64,2,1,0.8304185841021245,TempBand+Watershed+Merge+ClustSml+ShapeGate+MinPeaks+P-Filter+EquipRej+SkinPrio+Omega+OmScale+OmSplit+OmRot+FarField+GradFarF+Kalman+StaticSup,horizontal best
cap_000785,2026-08-24T15:31:30.865,horizontal,22.14,24.64,2,1,0.8885236745349261,TempBand+Watershed+Merge+ClustSml+ShapeGate+MinPeaks+P-Filter+EquipRej+SkinPrio+Omega+OmScale+OmSplit+OmRot+FarField+GradFarF+Kalman+StaticSup,horizontal best
cap_000786,2026-08-24T15:31:30.996,horizontal,22.16,24.66,2,1,0.876732997007761,TempBand+Watershed+Merge+ClustSml+ShapeGate+MinPeaks+P-Filter+EquipRej+SkinPrio+Omega+OmScale+OmSplit+OmRot+FarField+GradFarF+Kalman+StaticSup,horizontal best
cap_000787,2026-08-24T15:31:31.124,horizontal,22.16,24.66,2,1,0.9160471384241484,TempBand+Watershed+Merge+ClustSml+ShapeGate+MinPeaks+P-Filter+EquipRej+SkinPrio+Omega+OmScale+OmSplit+OmRot+FarField+GradFarF+Kalman+StaticSup,horizontal best
cap_000788,2026-08-24T15:31:31.219,horizontal,22.26,24.76,2,1,0.8802399289957926,TempBand+Watershed+Merge+ClustSml+ShapeGate+MinPeaks+P-Filter+EquipRej+SkinPrio+Omega+OmScale+OmSplit+OmRot+FarField+GradFarF+Kalman+StaticSup,horizontal best
cap_000789,2026-08-24T15:31:31.353,horizontal,22.23,24.73,2,1,0.6794683810030941,TempBand+Watershed+Merge+ClustSml+ShapeGate+MinPeaks+P-Filter+EquipRej+SkinPrio+Omega+OmScale+OmSplit+OmRot+FarField+GradFarF+Kalman+StaticSup,horizontal best
cap_000790,2026-08-24T15:31:31.442,horizontal,22.23,24.73,2,1,0.7326858812860639,TempBand+Watershed+Merge+ClustSml+ShapeGate+MinPeaks+P-Filter+EquipRej+SkinPrio+Omega+OmScale+OmSplit+OmRot+FarField+GradFarF+Kalman+StaticSup,horizontal best
cap_000791,2026-08-24T15:31:31.573,horizontal,22.26,24.76,2,1,0.741764467861796,TempBand+Watershed+Merge+ClustSml+ShapeGate+MinPeaks+P-Filter+EquipRej+SkinPrio+Omega+OmScale+OmSplit+OmRot+FarField+GradFarF+Kalman+StaticSup,horizontal best
cap_000792,2026-08-24T15:31:31.665,horizontal,22.26,24.76,2,1,0.859198337067606,TempBand+Watershed+Merge+ClustSml+ShapeGate+MinPeaks+P-Filter+EquipRej+SkinPrio+Omega+OmScale+OmSplit+OmRot+FarField+GradFarF+Kalman+StaticSup,horizontal best
cap_000793,2026-08-24T15:31:31.795,horizontal,22.28,24.78,2,1,0.879633951892137,TempBand+Watershed+Merge+ClustSml+ShapeGate+MinPeaks+P-Filter+EquipRej+SkinPrio+Omega+OmScale+OmSplit+OmRot+FarField+GradFarF+Kalman+StaticSup,horizontal best
cap_000794,2026-08-24T15:31:31.889,horizontal,22.33,24.83,2,1,0.820940897198177,TempBand+Watershed+Merge+ClustSml+ShapeGate+MinPeaks+P-Filter+EquipRej+SkinPrio+Omega+OmScale+OmSplit+OmRot+FarField+GradFarF+Kalman+StaticSup,horizontal best
cap_000795,2026-08-24T15:31:32.021,horizontal,22.35,24.85,2,1,0.8521844730915443,TempBand+Watershed+Merge+ClustSml+ShapeGate+MinPeaks+P-Filter+EquipRej+SkinPrio+Omega+OmScale+OmSplit+OmRot+FarField+GradFarF+Kalman+StaticSup,horizontal best
cap_000796,2026-08-24T15:31:32.150,horizontal,22.40,24.90,2,1,0.8394718446349314,TempBand+Watershed+Merge+ClustSml+ShapeGate+MinPeaks+P-Filter+EquipRej+SkinPrio+Omega+OmScale+OmSplit+OmRot+FarField+GradFarF+Kalman+StaticSup,horizontal best
cap_000797,2026-08-24T15:31:32.242,horizontal,22.42,24.92,2,1,0.8521844730915443,TempBand+Watershed+Merge+ClustSml+ShapeGate+MinPeaks+P-Filter+EquipRej+SkinPrio+Omega+OmScale+OmSplit+OmRot+FarField+GradFarF+Kalman+StaticSup,horizontal best
cap_000798,2026-08-24T15:31:32.374,horizontal,22.44,24.94,2,0,0.0,TempBand+Watershed+Merge+ClustSml+ShapeGate+MinPeaks+P-Filter+EquipRej+SkinPrio+Omega+OmScale+OmSplit+OmRot+FarField+GradFarF+Kalman+StaticSup,horizontal best
cap_000799,2026-08-24T15:31:32.466,horizontal,22.49,24.99,2,1,0.9381043067983046,TempBand+Watershed+Merge+ClustSml+ShapeGate+MinPeaks+P-Filter+EquipRej+SkinPrio+Omega+OmScale+OmSplit+OmRot+FarField+GradFarF+Kalman+StaticSup,horizontal best
cap_000800,2026-08-24T15:31:32.595,horizontal,22.56,25.06,2,1,0.8600167743325171,TempBand+Watershed+Merge+ClustSml+ShapeGate+MinPeaks+P-Filter+EquipRej+SkinPrio+Omega+OmScale+OmSplit+OmRot+FarField+GradFarF+Kalman+StaticSup,horizontal best
cap_000801,2026-08-24T15:31:32.691,horizontal,22.58,25.08,2,1,0.8600167743325171,TempBand+Watershed+Merge+ClustSml+ShapeGate+MinPeaks+P-Filter+EquipRej+SkinPrio+Omega+OmScale+OmSplit+OmRot+FarField+GradFarF+Kalman+StaticSup,horizontal best
cap_000802,2026-08-24T15:31:32.820,horizontal,22.61,25.11,2,1,0.6588057371578346,TempBand+Watershed+Merge+ClustSml+ShapeGate+MinPeaks+P-Filter+EquipRej+SkinPrio+Omega+OmScale+OmSplit+OmRot+FarField+GradFarF+Kalman+StaticSup,horizontal best
cap_000803,2026-08-24T15:31:32.950,horizontal,22.63,25.13,2,1,0.5435744581448121,TempBand+Watershed+Merge+ClustSml+ShapeGate+MinPeaks+P-Filter+EquipRej+SkinPrio+Omega+OmScale+OmSplit+OmRot+FarField+GradFarF+Kalman+StaticSup,horizontal best
cap_000804,2026-08-24T15:31:33.046,horizontal,22.58,25.08,2,1,0.33027440838550953,TempBand+Watershed+Merge+ClustSml+ShapeGate+MinPeaks+P-Filter+EquipRej+SkinPrio+Omega+OmScale+OmSplit+OmRot+FarField+GradFarF+Kalman+StaticSup,horizontal best
cap_000805,2026-08-24T15:31:33.173,horizontal,22.58,25.08,2,0,0.0,TempBand+Watershed+Merge+ClustSml+ShapeGate+MinPeaks+P-Filter+EquipRej+SkinPrio+Omega+OmScale+OmSplit+OmRot+FarField+GradFarF+Kalman+StaticSup,horizontal best
cap_000806,2026-08-24T15:31:33.266,horizontal,22.56,25.06,1,0,0.0,TempBand+Watershed+Merge+ClustSml+ShapeGate+MinPeaks+P-Filter+EquipRej+SkinPrio+Omega+OmScale+OmSplit+OmRot+FarField+GradFarF+Kalman+StaticSup,horizontal best
cap_000807,2026-08-24T15:31:33.394,horizontal,22.56,25.06,1,0,0.0,TempBand+Watershed+Merge+ClustSml+ShapeGate+MinPeaks+P-Filter+EquipRej+SkinPrio+Omega+OmScale+OmSplit+OmRot+FarField+GradFarF+Kalman+StaticSup,horizontal best
cap_000808,2026-08-24T15:31:33.493,horizontal,22.58,25.08,1,0,0.0,TempBand+Watershed+Merge+ClustSml+ShapeGate+MinPeaks+P-Filter+EquipRej+SkinPrio+Omega+OmScale+OmSplit+OmRot+FarField+GradFarF+Kalman+StaticSup,horizontal best
cap_000809,2026-08-24T15:31:33.616,horizontal,22.61,25.11,1,0,0.0,TempBand+Watershed+Merge+ClustSml+ShapeGate+MinPeaks+P-Filter+EquipRej+SkinPrio+Omega+OmScale+OmSplit+OmRot+FarField+GradFarF+Kalman+StaticSup,horizontal best
cap_000810,2026-08-24T15:31:33.715,horizontal,22.63,25.13,1,0,0.0,TempBand+Watershed+Merge+ClustSml+ShapeGate+MinPeaks+P-Filter+EquipRej+SkinPrio+Omega+OmScale+OmSplit+OmRot+FarField+GradFarF+Kalman+StaticSup,horizontal best
cap_000811,2026-08-24T15:31:33.845,horizontal,22.68,25.18,1,0,0.0,TempBand+Watershed+Merge+ClustSml+ShapeGate+MinPeaks+P-Filter+EquipRej+SkinPrio+Omega+OmScale+OmSplit+OmRot+FarField+GradFarF+Kalman+StaticSup,horizontal best
cap_000812,2026-08-24T15:31:33.973,horizontal,22.70,25.20,1,0,0.0,TempBand+Watershed+Merge+ClustSml+ShapeGate+MinPeaks+P-Filter+EquipRej+SkinPrio+Omega+OmScale+OmSplit+OmRot+FarField+GradFarF+Kalman+StaticSup,horizontal best
cap_000813,2026-08-24T15:31:34.071,horizontal,22.70,25.20,1,0,0.0,TempBand+Watershed+Merge+ClustSml+ShapeGate+MinPeaks+P-Filter+EquipRej+SkinPrio+Omega+OmScale+OmSplit+OmRot+FarField+GradFarF+Kalman+StaticSup,horizontal best
cap_000814,2026-08-24T15:31:34.196,horizontal,22.73,25.23,1,0,0.0,TempBand+Watershed+Merge+ClustSml+ShapeGate+MinPeaks+P-Filter+EquipRej+SkinPrio+Omega+OmScale+OmSplit+OmRot+FarField+GradFarF+Kalman+StaticSup,horizontal best
cap_000815,2026-08-24T15:31:34.293,horizontal,22.73,25.23,1,0,0.0,TempBand+Watershed+Merge+ClustSml+ShapeGate+MinPeaks+P-Filter+EquipRej+SkinPrio+Omega+OmScale+OmSplit+OmRot+FarField+GradFarF+Kalman+StaticSup,horizontal best
cap_000816,2026-08-24T15:31:34.419,horizontal,22.73,25.23,1,0,0.0,TempBand+Watershed+Merge+ClustSml+ShapeGate+MinPeaks+P-Filter+EquipRej+SkinPrio+Omega+OmScale+OmSplit+OmRot+FarField+GradFarF+Kalman+StaticSup,horizontal best
cap_000817,2026-08-24T15:31:34.529,horizontal,22.73,25.23,1,0,0.0,TempBand+Watershed+Merge+ClustSml+ShapeGate+MinPeaks+P-Filter+EquipRej+SkinPrio+Omega+OmScale+OmSplit+OmRot+FarField+GradFarF+Kalman+StaticSup,horizontal best
cap_000818,2026-08-24T15:31:34.638,horizontal,22.75,25.25,1,0,0.0,TempBand+Watershed+Merge+ClustSml+ShapeGate+MinPeaks+P-Filter+EquipRej+SkinPrio+Omega+OmScale+OmSplit+OmRot+FarField+GradFarF+Kalman+StaticSup,horizontal best
cap_000819,2026-08-24T15:31:34.735,horizontal,22.77,25.27,1,0,0.0,TempBand+Watershed+Merge+ClustSml+ShapeGate+MinPeaks+P-Filter+EquipRej+SkinPrio+Omega+OmScale+OmSplit+OmRot+FarField+GradFarF+Kalman+StaticSup,horizontal best
cap_000820,2026-08-24T15:31:34.863,horizontal,22.80,25.30,1,0,0.0,TempBand+Watershed+Merge+ClustSml+ShapeGate+MinPeaks+P-Filter+EquipRej+SkinPrio+Omega+OmScale+OmSplit+OmRot+FarField+GradFarF+Kalman+StaticSup,horizontal best
cap_000821,2026-08-24T15:31:34.994,horizontal,22.80,25.30,1,0,0.0,TempBand+Watershed+Merge+ClustSml+ShapeGate+MinPeaks+P-Filter+EquipRej+SkinPrio+Omega+OmScale+OmSplit+OmRot+FarField+GradFarF+Kalman+StaticSup,horizontal best
cap_000822,2026-08-24T15:31:35.088,horizontal,22.80,25.30,1,0,0.0,TempBand+Watershed+Merge+ClustSml+ShapeGate+MinPeaks+P-Filter+EquipRej+SkinPrio+Omega+OmScale+OmSplit+OmRot+FarField+GradFarF+Kalman+StaticSup,horizontal best
cap_000823,2026-08-24T15:31:35.218,horizontal,22.87,25.37,1,1,0.29371027203185157,TempBand+Watershed+Merge+ClustSml+ShapeGate+MinPeaks+P-Filter+EquipRej+SkinPrio+Omega+OmScale+OmSplit+OmRot+FarField+GradFarF+Kalman+StaticSup,horizontal best
cap_000824,2026-08-24T15:31:35.314,horizontal,22.89,25.39,1,0,0.0,TempBand+Watershed+Merge+ClustSml+ShapeGate+MinPeaks+P-Filter+EquipRej+SkinPrio+Omega+OmScale+OmSplit+OmRot+FarField+GradFarF+Kalman+StaticSup,horizontal best
cap_000825,2026-08-24T15:31:35.448,horizontal,22.91,25.41,1,0,0.0,TempBand+Watershed+Merge+ClustSml+ShapeGate+MinPeaks+P-Filter+EquipRej+SkinPrio+Omega+OmScale+OmSplit+OmRot+FarField+GradFarF+Kalman+StaticSup,horizontal best
cap_000826,2026-08-24T15:31:35.537,horizontal,22.91,25.41,1,0,0.0,TempBand+Watershed+Merge+ClustSml+ShapeGate+MinPeaks+P-Filter+EquipRej+SkinPrio+Omega+OmScale+OmSplit+OmRot+FarField+GradFarF+Kalman+StaticSup,horizontal best
cap_000827,2026-08-24T15:31:35.667,horizontal,22.94,25.44,1,1,0.3631380598957354,TempBand+Watershed+Merge+ClustSml+ShapeGate+MinPeaks+P-Filter+EquipRej+SkinPrio+Omega+OmScale+OmSplit+OmRot+FarField+GradFarF+Kalman+StaticSup,horizontal best
cap_000828,2026-08-24T15:31:35.806,horizontal,22.94,25.44,1,0,0.0,TempBand+Watershed+Merge+ClustSml+ShapeGate+MinPeaks+P-Filter+EquipRej+SkinPrio+Omega+OmScale+OmSplit+OmRot+FarField+GradFarF+Kalman+StaticSup,horizontal best
cap_000829,2026-08-24T15:31:35.890,horizontal,22.96,25.46,1,0,0.0,TempBand+Watershed+Merge+ClustSml+ShapeGate+MinPeaks+P-Filter+EquipRej+SkinPrio+Omega+OmScale+OmSplit+OmRot+FarField+GradFarF+Kalman+StaticSup,horizontal best
cap_000830,2026-08-24T15:31:36.021,horizontal,22.96,25.46,1,0,0.0,TempBand+Watershed+Merge+ClustSml+ShapeGate+MinPeaks+P-Filter+EquipRej+SkinPrio+Omega+OmScale+OmSplit+OmRot+FarField+GradFarF+Kalman+StaticSup,horizontal best
cap_000831,2026-08-24T15:31:36.115,horizontal,23.05,25.55,1,0,0.0,TempBand+Watershed+Merge+ClustSml+ShapeGate+MinPeaks+P-Filter+EquipRej+SkinPrio+Omega+OmScale+OmSplit+OmRot+FarField+GradFarF+Kalman+StaticSup,horizontal best
cap_000832,2026-08-24T15:31:36.243,horizontal,23.03,25.53,1,0,0.0,TempBand+Watershed+Merge+ClustSml+ShapeGate+MinPeaks+P-Filter+EquipRej+SkinPrio+Omega+OmScale+OmSplit+OmRot+FarField+GradFarF+Kalman+StaticSup,horizontal best
cap_000833,2026-08-24T15:31:36.338,horizontal,23.03,25.53,1,0,0.0,TempBand+Watershed+Merge+ClustSml+ShapeGate+MinPeaks+P-Filter+EquipRej+SkinPrio+Omega+OmScale+OmSplit+OmRot+FarField+GradFarF+Kalman+StaticSup,horizontal best
cap_000834,2026-08-24T15:31:36.479,horizontal,23.03,25.53,2,0,0.0,TempBand+Watershed+Merge+ClustSml+ShapeGate+MinPeaks+P-Filter+EquipRej+SkinPrio+Omega+OmScale+OmSplit+OmRot+FarField+GradFarF+Kalman+StaticSup,horizontal best
cap_000835,2026-08-24T15:31:36.562,horizontal,23.01,25.51,1,0,0.0,TempBand+Watershed+Merge+ClustSml+ShapeGate+MinPeaks+P-Filter+EquipRej+SkinPrio+Omega+OmScale+OmSplit+OmRot+FarField+GradFarF+Kalman+StaticSup,horizontal best
cap_000836,2026-08-24T15:31:36.691,horizontal,22.98,25.48,2,0,0.0,TempBand+Watershed+Merge+ClustSml+ShapeGate+MinPeaks+P-Filter+EquipRej+SkinPrio+Omega+OmScale+OmSplit+OmRot+FarField+GradFarF+Kalman+StaticSup,horizontal best
cap_000837,2026-08-24T15:31:36.820,horizontal,22.98,25.48,2,0,0.0,TempBand+Watershed+Merge+ClustSml+ShapeGate+MinPeaks+P-Filter+EquipRej+SkinPrio+Omega+OmScale+OmSplit+OmRot+FarField+GradFarF+Kalman+StaticSup,horizontal best
cap_000838,2026-08-24T15:31:36.914,horizontal,22.96,25.46,2,0,0.0,TempBand+Watershed+Merge+ClustSml+ShapeGate+MinPeaks+P-Filter+EquipRej+SkinPrio+Omega+OmScale+OmSplit+OmRot+FarField+GradFarF+Kalman+StaticSup,horizontal best
cap_000839,2026-08-24T15:31:37.039,horizontal,22.96,25.46,2,0,0.0,TempBand+Watershed+Merge+ClustSml+ShapeGate+MinPeaks+P-Filter+EquipRej+SkinPrio+Omega+OmScale+OmSplit+OmRot+FarField+GradFarF+Kalman+StaticSup,horizontal best
cap_000840,2026-08-24T15:31:37.137,horizontal,22.96,25.46,1,0,0.0,TempBand+Watershed+Merge+ClustSml+ShapeGate+MinPeaks+P-Filter+EquipRej+SkinPrio+Omega+OmScale+OmSplit+OmRot+FarField+GradFarF+Kalman+StaticSup,horizontal best
cap_000841,2026-08-24T15:31:37.266,horizontal,22.96,25.46,1,0,0.0,TempBand+Watershed+Merge+ClustSml+ShapeGate+MinPeaks+P-Filter+EquipRej+SkinPrio+Omega+OmScale+OmSplit+OmRot+FarField+GradFarF+Kalman+StaticSup,horizontal best
cap_000842,2026-08-24T15:31:37.359,horizontal,22.96,25.46,1,1,0.11004674042025603,TempBand+Watershed+Merge+ClustSml+ShapeGate+MinPeaks+P-Filter+EquipRej+SkinPrio+Omega+OmScale+OmSplit+OmRot+FarField+GradFarF+Kalman+StaticSup,horizontal best
cap_000843,2026-08-24T15:31:37.492,horizontal,22.94,25.44,1,1,0.2030133930763393,TempBand+Watershed+Merge+ClustSml+ShapeGate+MinPeaks+P-Filter+EquipRej+SkinPrio+Omega+OmScale+OmSplit+OmRot+FarField+GradFarF+Kalman+StaticSup,horizontal best
cap_000844,2026-08-24T15:31:37.626,horizontal,22.94,25.44,1,1,0.31141545430013506,TempBand+Watershed+Merge+ClustSml+ShapeGate+MinPeaks+P-Filter+EquipRej+SkinPrio+Omega+OmScale+OmSplit+OmRot+FarField+GradFarF+Kalman+StaticSup,horizontal best
cap_000845,2026-08-24T15:31:37.715,horizontal,22.94,25.44,2,0,0.0,TempBand+Watershed+Merge+ClustSml+ShapeGate+MinPeaks+P-Filter+EquipRej+SkinPrio+Omega+OmScale+OmSplit+OmRot+FarField+GradFarF+Kalman+StaticSup,horizontal best
cap_000846,2026-08-24T15:31:37.847,horizontal,22.94,25.44,2,0,0.0,TempBand+Watershed+Merge+ClustSml+ShapeGate+MinPeaks+P-Filter+EquipRej+SkinPrio+Omega+OmScale+OmSplit+OmRot+FarField+GradFarF+Kalman+StaticSup,horizontal best
cap_000847,2026-08-24T15:31:37.937,horizontal,22.91,25.41,2,0,0.0,TempBand+Watershed+Merge+ClustSml+ShapeGate+MinPeaks+P-Filter+EquipRej+SkinPrio+Omega+OmScale+OmSplit+OmRot+FarField+GradFarF+Kalman+StaticSup,horizontal best
cap_000848,2026-08-24T15:31:38.067,horizontal,22.91,25.41,2,0,0.0,TempBand+Watershed+Merge+ClustSml+ShapeGate+MinPeaks+P-Filter+EquipRej+SkinPrio+Omega+OmScale+OmSplit+OmRot+FarField+GradFarF+Kalman+StaticSup,horizontal best
cap_000849,2026-08-24T15:31:38.162,horizontal,22.91,25.41,2,0,0.0,TempBand+Watershed+Merge+ClustSml+ShapeGate+MinPeaks+P-Filter+EquipRej+SkinPrio+Omega+OmScale+OmSplit+OmRot+FarField+GradFarF+Kalman+StaticSup,horizontal best
cap_000850,2026-08-24T15:31:38.288,horizontal,22.91,25.41,2,0,0.0,TempBand+Watershed+Merge+ClustSml+ShapeGate+MinPeaks+P-Filter+EquipRej+SkinPrio+Omega+OmScale+OmSplit+OmRot+FarField+GradFarF+Kalman+StaticSup,horizontal best
cap_000851,2026-08-24T15:31:38.386,horizontal,22.96,25.46,2,1,0.04361100082339684,TempBand+Watershed+Merge+ClustSml+ShapeGate+MinPeaks+P-Filter+EquipRej+SkinPrio+Omega+OmScale+OmSplit+OmRot+FarField+GradFarF+Kalman+StaticSup,horizontal best
cap_000852,2026-08-24T15:31:38.515,horizontal,22.98,25.48,2,1,0.04361100082339684,TempBand+Watershed+Merge+ClustSml+ShapeGate+MinPeaks+P-Filter+EquipRej+SkinPrio+Omega+OmScale+OmSplit+OmRot+FarField+GradFarF+Kalman+StaticSup,horizontal best
cap_000853,2026-08-24T15:31:38.651,horizontal,22.96,25.46,2,0,0.0,TempBand+Watershed+Merge+ClustSml+ShapeGate+MinPeaks+P-Filter+EquipRej+SkinPrio+Omega+OmScale+OmSplit+OmRot+FarField+GradFarF+Kalman+StaticSup,horizontal best
cap_000854,2026-08-24T15:31:38.737,horizontal,22.94,25.44,2,0,0.0,TempBand+Watershed+Merge+ClustSml+ShapeGate+MinPeaks+P-Filter+EquipRej+SkinPrio+Omega+OmScale+OmSplit+OmRot+FarField+GradFarF+Kalman+StaticSup,horizontal best
cap_000855,2026-08-24T15:31:38.864,horizontal,22.94,25.44,2,0,0.0,TempBand+Watershed+Merge+ClustSml+ShapeGate+MinPeaks+P-Filter+EquipRej+SkinPrio+Omega+OmScale+OmSplit+OmRot+FarField+GradFarF+Kalman+StaticSup,horizontal best
cap_000856,2026-08-24T15:31:38.964,horizontal,22.94,25.44,2,0,0.0,TempBand+Watershed+Merge+ClustSml+ShapeGate+MinPeaks+P-Filter+EquipRej+SkinPrio+Omega+OmScale+OmSplit+OmRot+FarField+GradFarF+Kalman+StaticSup,horizontal best
cap_000857,2026-08-24T15:31:39.090,horizontal,22.94,25.44,2,0,0.0,TempBand+Watershed+Merge+ClustSml+ShapeGate+MinPeaks+P-Filter+EquipRej+SkinPrio+Omega+OmScale+OmSplit+OmRot+FarField+GradFarF+Kalman+StaticSup,horizontal best
cap_000858,2026-08-24T15:31:39.188,horizontal,22.91,25.41,1,1,0.22552139970002041,TempBand+Watershed+Merge+ClustSml+ShapeGate+MinPeaks+P-Filter+EquipRej+SkinPrio+Omega+OmScale+OmSplit+OmRot+FarField+GradFarF+Kalman+StaticSup,horizontal best
cap_000859,2026-08-24T15:31:39.318,horizontal,22.91,25.41,1,1,0.22443104643797362,TempBand+Watershed+Merge+ClustSml+ShapeGate+MinPeaks+P-Filter+EquipRej+SkinPrio+Omega+OmScale+OmSplit+OmRot+FarField+GradFarF+Kalman+StaticSup,horizontal best
cap_000860,2026-08-24T15:31:39.445,horizontal,22.94,25.44,1,1,0.2782188830295621,TempBand+Watershed+Merge+ClustSml+ShapeGate+MinPeaks+P-Filter+EquipRej+SkinPrio+Omega+OmScale+OmSplit+OmRot+FarField+GradFarF+Kalman+StaticSup,horizontal best
cap_000861,2026-08-24T15:31:39.536,horizontal,22.94,25.44,1,1,0.2782188830295621,TempBand+Watershed+Merge+ClustSml+ShapeGate+MinPeaks+P-Filter+EquipRej+SkinPrio+Omega+OmScale+OmSplit+OmRot+FarField+GradFarF+Kalman+StaticSup,horizontal best
cap_000862,2026-08-24T15:31:39.691,horizontal,22.96,25.46,1,1,0.10841282079024005,TempBand+Watershed+Merge+ClustSml+ShapeGate+MinPeaks+P-Filter+EquipRej+SkinPrio+Omega+OmScale+OmSplit+OmRot+FarField+GradFarF+Kalman+StaticSup,horizontal best
cap_000863,2026-08-24T15:31:39.760,horizontal,22.96,25.46,1,1,0.1082426954953339,TempBand+Watershed+Merge+ClustSml+ShapeGate+MinPeaks+P-Filter+EquipRej+SkinPrio+Omega+OmScale+OmSplit+OmRot+FarField+GradFarF+Kalman+StaticSup,horizontal best
cap_000864,2026-08-24T15:31:39.922,horizontal,22.94,25.44,1,1,0.6827858546360085,TempBand+Watershed+Merge+ClustSml+ShapeGate+MinPeaks+P-Filter+EquipRej+SkinPrio+Omega+OmScale+OmSplit+OmRot+FarField+GradFarF+Kalman+StaticSup,horizontal best
cap_000865,2026-08-24T15:31:40.041,horizontal,22.89,25.39,1,0,0.0,TempBand+Watershed+Merge+ClustSml+ShapeGate+MinPeaks+P-Filter+EquipRej+SkinPrio+Omega+OmScale+OmSplit+OmRot+FarField+GradFarF+Kalman+StaticSup,horizontal best
cap_000866,2026-08-24T15:31:40.110,horizontal,22.89,25.39,1,0,0.0,TempBand+Watershed+Merge+ClustSml+ShapeGate+MinPeaks+P-Filter+EquipRej+SkinPrio+Omega+OmScale+OmSplit+OmRot+FarField+GradFarF+Kalman+StaticSup,horizontal best
cap_000867,2026-08-24T15:31:40.209,horizontal,22.89,25.39,1,1,0.11029274654638176,TempBand+Watershed+Merge+ClustSml+ShapeGate+MinPeaks+P-Filter+EquipRej+SkinPrio+Omega+OmScale+OmSplit+OmRot+FarField+GradFarF+Kalman+StaticSup,horizontal best
cap_000868,2026-08-24T15:31:40.339,horizontal,22.89,25.39,1,0,0.0,TempBand+Watershed+Merge+ClustSml+ShapeGate+MinPeaks+P-Filter+EquipRej+SkinPrio+Omega+OmScale+OmSplit+OmRot+FarField+GradFarF+Kalman+StaticSup,horizontal best
cap_000869,2026-08-24T15:31:40.464,horizontal,22.91,25.41,1,0,0.0,TempBand+Watershed+Merge+ClustSml+ShapeGate+MinPeaks+P-Filter+EquipRej+SkinPrio+Omega+OmScale+OmSplit+OmRot+FarField+GradFarF+Kalman+StaticSup,horizontal best
cap_000870,2026-08-24T15:31:40.561,horizontal,22.89,25.39,1,0,0.0,TempBand+Watershed+Merge+ClustSml+ShapeGate+MinPeaks+P-Filter+EquipRej+SkinPrio+Omega+OmScale+OmSplit+OmRot+FarField+GradFarF+Kalman+StaticSup,horizontal best
cap_000871,2026-08-24T15:31:40.690,horizontal,22.89,25.39,1,0,0.0,TempBand+Watershed+Merge+ClustSml+ShapeGate+MinPeaks+P-Filter+EquipRej+SkinPrio+Omega+OmScale+OmSplit+OmRot+FarField+GradFarF+Kalman+StaticSup,horizontal best
cap_000872,2026-08-24T15:31:40.786,horizontal,22.89,25.39,1,0,0.0,TempBand+Watershed+Merge+ClustSml+ShapeGate+MinPeaks+P-Filter+EquipRej+SkinPrio+Omega+OmScale+OmSplit+OmRot+FarField+GradFarF+Kalman+StaticSup,horizontal best
cap_000873,2026-08-24T15:31:40.918,horizontal,22.87,25.37,1,0,0.0,TempBand+Watershed+Merge+ClustSml+ShapeGate+MinPeaks+P-Filter+EquipRej+SkinPrio+Omega+OmScale+OmSplit+OmRot+FarField+GradFarF+Kalman+StaticSup,horizontal best
cap_000874,2026-08-24T15:31:41.029,horizontal,22.87,25.37,1,0,0.0,TempBand+Watershed+Merge+ClustSml+ShapeGate+MinPeaks+P-Filter+EquipRej+SkinPrio+Omega+OmScale+OmSplit+OmRot+FarField+GradFarF+Kalman+StaticSup,horizontal best
cap_000875,2026-08-24T15:31:41.146,horizontal,22.84,25.34,1,1,0.2766066618131295,TempBand+Watershed+Merge+ClustSml+ShapeGate+MinPeaks+P-Filter+EquipRej+SkinPrio+Omega+OmScale+OmSplit+OmRot+FarField+GradFarF+Kalman+StaticSup,horizontal best
cap_000876,2026-08-24T15:31:41.232,horizontal,22.82,25.32,1,1,0.7349762505631429,TempBand+Watershed+Merge+ClustSml+ShapeGate+MinPeaks+P-Filter+EquipRej+SkinPrio+Omega+OmScale+OmSplit+OmRot+FarField+GradFarF+Kalman+StaticSup,horizontal best
cap_000877,2026-08-24T15:31:41.364,horizontal,22.80,25.30,1,1,0.5283178569785364,TempBand+Watershed+Merge+ClustSml+ShapeGate+MinPeaks+P-Filter+EquipRej+SkinPrio+Omega+OmScale+OmSplit+OmRot+FarField+GradFarF+Kalman+StaticSup,horizontal best
cap_000878,2026-08-24T15:31:41.491,horizontal,22.77,25.27,1,0,0.0,TempBand+Watershed+Merge+ClustSml+ShapeGate+MinPeaks+P-Filter+EquipRej+SkinPrio+Omega+OmScale+OmSplit+OmRot+FarField+GradFarF+Kalman+StaticSup,horizontal best
cap_000879,2026-08-24T15:31:41.584,horizontal,22.75,25.25,1,0,0.0,TempBand+Watershed+Merge+ClustSml+ShapeGate+MinPeaks+P-Filter+EquipRej+SkinPrio+Omega+OmScale+OmSplit+OmRot+FarField+GradFarF+Kalman+StaticSup,horizontal best
cap_000880,2026-08-24T15:31:41.716,horizontal,22.75,25.25,1,0,0.0,TempBand+Watershed+Merge+ClustSml+ShapeGate+MinPeaks+P-Filter+EquipRej+SkinPrio+Omega+OmScale+OmSplit+OmRot+FarField+GradFarF+Kalman+StaticSup,horizontal best
cap_000881,2026-08-24T15:31:41.812,horizontal,22.75,25.25,1,0,0.0,TempBand+Watershed+Merge+ClustSml+ShapeGate+MinPeaks+P-Filter+EquipRej+SkinPrio+Omega+OmScale+OmSplit+OmRot+FarField+GradFarF+Kalman+StaticSup,horizontal best
cap_000882,2026-08-24T15:31:41.938,horizontal,22.75,25.25,1,0,0.0,TempBand+Watershed+Merge+ClustSml+ShapeGate+MinPeaks+P-Filter+EquipRej+SkinPrio+Omega+OmScale+OmSplit+OmRot+FarField+GradFarF+Kalman+StaticSup,horizontal best
cap_000883,2026-08-24T15:31:42.034,horizontal,22.73,25.23,1,0,0.0,TempBand+Watershed+Merge+ClustSml+ShapeGate+MinPeaks+P-Filter+EquipRej+SkinPrio+Omega+OmScale+OmSplit+OmRot+FarField+GradFarF+Kalman+StaticSup,horizontal best
cap_000884,2026-08-24T15:31:42.159,horizontal,22.70,25.20,1,0,0.0,TempBand+Watershed+Merge+ClustSml+ShapeGate+MinPeaks+P-Filter+EquipRej+SkinPrio+Omega+OmScale+OmSplit+OmRot+FarField+GradFarF+Kalman+StaticSup,horizontal best
cap_000885,2026-08-24T15:31:42.292,horizontal,22.70,25.20,1,0,0.0,TempBand+Watershed+Merge+ClustSml+ShapeGate+MinPeaks+P-Filter+EquipRej+SkinPrio+Omega+OmScale+OmSplit+OmRot+FarField+GradFarF+Kalman+StaticSup,horizontal best
cap_000886,2026-08-24T15:31:42.383,horizontal,22.70,25.20,1,0,0.0,TempBand+Watershed+Merge+ClustSml+ShapeGate+MinPeaks+P-Filter+EquipRej+SkinPrio+Omega+OmScale+OmSplit+OmRot+FarField+GradFarF+Kalman+StaticSup,horizontal best
cap_000887,2026-08-24T15:31:42.515,horizontal,22.73,25.23,1,0,0.0,TempBand+Watershed+Merge+ClustSml+ShapeGate+MinPeaks+P-Filter+EquipRej+SkinPrio+Omega+OmScale+OmSplit+OmRot+FarField+GradFarF+Kalman+StaticSup,horizontal best
cap_000888,2026-08-24T15:31:42.607,horizontal,22.70,25.20,1,0,0.0,TempBand+Watershed+Merge+ClustSml+ShapeGate+MinPeaks+P-Filter+EquipRej+SkinPrio+Omega+OmScale+OmSplit+OmRot+FarField+GradFarF+Kalman+StaticSup,horizontal best
cap_000889,2026-08-24T15:31:42.742,horizontal,22.68,25.18,1,0,0.0,TempBand+Watershed+Merge+ClustSml+ShapeGate+MinPeaks+P-Filter+EquipRej+SkinPrio+Omega+OmScale+OmSplit+OmRot+FarField+GradFarF+Kalman+StaticSup,horizontal best
cap_000890,2026-08-24T15:31:42.835,horizontal,22.68,25.18,1,0,0.0,TempBand+Watershed+Merge+ClustSml+ShapeGate+MinPeaks+P-Filter+EquipRej+SkinPrio+Omega+OmScale+OmSplit+OmRot+FarField+GradFarF+Kalman+StaticSup,horizontal best
cap_000891,2026-08-24T15:31:42.961,horizontal,22.68,25.18,1,0,0.0,TempBand+Watershed+Merge+ClustSml+ShapeGate+MinPeaks+P-Filter+EquipRej+SkinPrio+Omega+OmScale+OmSplit+OmRot+FarField+GradFarF+Kalman+StaticSup,horizontal best
cap_000892,2026-08-24T15:31:43.059,horizontal,22.70,25.20,1,0,0.0,TempBand+Watershed+Merge+ClustSml+ShapeGate+MinPeaks+P-Filter+EquipRej+SkinPrio+Omega+OmScale+OmSplit+OmRot+FarField+GradFarF+Kalman+StaticSup,horizontal best
cap_000893,2026-08-24T15:31:43.187,horizontal,22.70,25.20,1,0,0.0,TempBand+Watershed+Merge+ClustSml+ShapeGate+MinPeaks+P-Filter+EquipRej+SkinPrio+Omega+OmScale+OmSplit+OmRot+FarField+GradFarF+Kalman+StaticSup,horizontal best
cap_000894,2026-08-24T15:31:43.318,horizontal,22.70,25.20,1,0,0.0,TempBand+Watershed+Merge+ClustSml+ShapeGate+MinPeaks+P-Filter+EquipRej+SkinPrio+Omega+OmScale+OmSplit+OmRot+FarField+GradFarF+Kalman+StaticSup,horizontal best
cap_000895,2026-08-24T15:31:43.410,horizontal,22.73,25.23,1,0,0.0,TempBand+Watershed+Merge+ClustSml+ShapeGate+MinPeaks+P-Filter+EquipRej+SkinPrio+Omega+OmScale+OmSplit+OmRot+FarField+GradFarF+Kalman+StaticSup,horizontal best
cap_000896,2026-08-24T15:31:43.540,horizontal,22.75,25.25,1,0,0.0,TempBand+Watershed+Merge+ClustSml+ShapeGate+MinPeaks+P-Filter+EquipRej+SkinPrio+Omega+OmScale+OmSplit+OmRot+FarField+GradFarF+Kalman+StaticSup,horizontal best
cap_000897,2026-08-24T15:31:43.635,horizontal,22.75,25.25,1,0,0.0,TempBand+Watershed+Merge+ClustSml+ShapeGate+MinPeaks+P-Filter+EquipRej+SkinPrio+Omega+OmScale+OmSplit+OmRot+FarField+GradFarF+Kalman+StaticSup,horizontal best
cap_000898,2026-08-24T15:31:43.765,horizontal,22.80,25.30,1,0,0.0,TempBand+Watershed+Merge+ClustSml+ShapeGate+MinPeaks+P-Filter+EquipRej+SkinPrio+Omega+OmScale+OmSplit+OmRot+FarField+GradFarF+Kalman+StaticSup,horizontal best
cap_000899,2026-08-24T15:31:43.856,horizontal,22.80,25.30,2,0,0.0,TempBand+Watershed+Merge+ClustSml+ShapeGate+MinPeaks+P-Filter+EquipRej+SkinPrio+Omega+OmScale+OmSplit+OmRot+FarField+GradFarF+Kalman+StaticSup,horizontal best
cap_000900,2026-08-24T15:31:43.990,horizontal,22.80,25.30,2,0,0.0,TempBand+Watershed+Merge+ClustSml+ShapeGate+MinPeaks+P-Filter+EquipRej+SkinPrio+Omega+OmScale+OmSplit+OmRot+FarField+GradFarF+Kalman+StaticSup,horizontal best
cap_000901,2026-08-24T15:31:44.119,horizontal,22.80,25.30,2,0,0.0,TempBand+Watershed+Merge+ClustSml+ShapeGate+MinPeaks+P-Filter+EquipRej+SkinPrio+Omega+OmScale+OmSplit+OmRot+FarField+GradFarF+Kalman+StaticSup,horizontal best
cap_000902,2026-08-24T15:31:44.210,horizontal,22.80,25.30,2,0,0.0,TempBand+Watershed+Merge+ClustSml+ShapeGate+MinPeaks+P-Filter+EquipRej+SkinPrio+Omega+OmScale+OmSplit+OmRot+FarField+GradFarF+Kalman+StaticSup,horizontal best
cap_000903,2026-08-24T15:31:44.340,horizontal,22.77,25.27,2,0,0.0,TempBand+Watershed+Merge+ClustSml+ShapeGate+MinPeaks+P-Filter+EquipRej+SkinPrio+Omega+OmScale+OmSplit+OmRot+FarField+GradFarF+Kalman+StaticSup,horizontal best
cap_000904,2026-08-24T15:31:44.438,horizontal,22.77,25.27,2,1,0.5041214732794627,TempBand+Watershed+Merge+ClustSml+ShapeGate+MinPeaks+P-Filter+EquipRej+SkinPrio+Omega+OmScale+OmSplit+OmRot+FarField+GradFarF+Kalman+StaticSup,horizontal best
cap_000905,2026-08-24T15:31:44.566,horizontal,22.77,25.27,2,2,0.4935949674018229,TempBand+Watershed+Merge+ClustSml+ShapeGate+MinPeaks+P-Filter+EquipRej+SkinPrio+Omega+OmScale+OmSplit+OmRot+FarField+GradFarF+Kalman+StaticSup,horizontal best
cap_000906,2026-08-24T15:31:44.661,horizontal,22.77,25.27,2,1,0.6975457729140679,TempBand+Watershed+Merge+ClustSml+ShapeGate+MinPeaks+P-Filter+EquipRej+SkinPrio+Omega+OmScale+OmSplit+OmRot+FarField+GradFarF+Kalman+StaticSup,horizontal best
cap_000907,2026-08-24T15:31:44.789,horizontal,22.77,25.27,2,1,0.5823030242876416,TempBand+Watershed+Merge+ClustSml+ShapeGate+MinPeaks+P-Filter+EquipRej+SkinPrio+Omega+OmScale+OmSplit+OmRot+FarField+GradFarF+Kalman+StaticSup,horizontal best
cap_000908,2026-08-24T15:31:44.883,horizontal,22.77,25.27,2,1,0.5984283388063761,TempBand+Watershed+Merge+ClustSml+ShapeGate+MinPeaks+P-Filter+EquipRej+SkinPrio+Omega+OmScale+OmSplit+OmRot+FarField+GradFarF+Kalman+StaticSup,horizontal best
cap_000909,2026-08-24T15:31:45.014,horizontal,22.77,25.27,2,1,0.5269342274199809,TempBand+Watershed+Merge+ClustSml+ShapeGate+MinPeaks+P-Filter+EquipRej+SkinPrio+Omega+OmScale+OmSplit+OmRot+FarField+GradFarF+Kalman+StaticSup,horizontal best
cap_000910,2026-08-24T15:31:45.141,horizontal,22.77,25.27,2,1,0.542898248049834,TempBand+Watershed+Merge+ClustSml+ShapeGate+MinPeaks+P-Filter+EquipRej+SkinPrio+Omega+OmScale+OmSplit+OmRot+FarField+GradFarF+Kalman+StaticSup,horizontal best
cap_000911,2026-08-24T15:31:45.237,horizontal,22.80,25.30,2,1,0.8235196810185729,TempBand+Watershed+Merge+ClustSml+ShapeGate+MinPeaks+P-Filter+EquipRej+SkinPrio+Omega+OmScale+OmSplit+OmRot+FarField+GradFarF+Kalman+StaticSup,horizontal best
cap_000912,2026-08-24T15:31:45.363,horizontal,22.82,25.32,2,1,0.5554275000897505,TempBand+Watershed+Merge+ClustSml+ShapeGate+MinPeaks+P-Filter+EquipRej+SkinPrio+Omega+OmScale+OmSplit+OmRot+FarField+GradFarF+Kalman+StaticSup,horizontal best
cap_000913,2026-08-24T15:31:45.457,horizontal,22.87,25.37,2,1,0.725375636665523,TempBand+Watershed+Merge+ClustSml+ShapeGate+MinPeaks+P-Filter+EquipRej+SkinPrio+Omega+OmScale+OmSplit+OmRot+FarField+GradFarF+Kalman+StaticSup,horizontal best
cap_000914,2026-08-24T15:31:45.588,horizontal,22.84,25.34,2,1,0.5856576420011844,TempBand+Watershed+Merge+ClustSml+ShapeGate+MinPeaks+P-Filter+EquipRej+SkinPrio+Omega+OmScale+OmSplit+OmRot+FarField+GradFarF+Kalman+StaticSup,horizontal best
cap_000915,2026-08-24T15:31:45.681,horizontal,22.84,25.34,2,1,0.5856576420011844,TempBand+Watershed+Merge+ClustSml+ShapeGate+MinPeaks+P-Filter+EquipRej+SkinPrio+Omega+OmScale+OmSplit+OmRot+FarField+GradFarF+Kalman+StaticSup,horizontal best
cap_000916,2026-08-24T15:31:45.816,horizontal,22.80,25.30,2,1,0.6866112660320963,TempBand+Watershed+Merge+ClustSml+ShapeGate+MinPeaks+P-Filter+EquipRej+SkinPrio+Omega+OmScale+OmSplit+OmRot+FarField+GradFarF+Kalman+StaticSup,horizontal best
cap_000917,2026-08-24T15:31:45.905,horizontal,22.80,25.30,2,1,0.6943456225898705,TempBand+Watershed+Merge+ClustSml+ShapeGate+MinPeaks+P-Filter+EquipRej+SkinPrio+Omega+OmScale+OmSplit+OmRot+FarField+GradFarF+Kalman+StaticSup,horizontal best
cap_000918,2026-08-24T15:31:46.036,horizontal,22.77,25.27,2,1,0.6725815973070156,TempBand+Watershed+Merge+ClustSml+ShapeGate+MinPeaks+P-Filter+EquipRej+SkinPrio+Omega+OmScale+OmSplit+OmRot+FarField+GradFarF+Kalman+StaticSup,horizontal best
cap_000919,2026-08-24T15:31:46.168,horizontal,22.77,25.27,2,1,0.6184158641248383,TempBand+Watershed+Merge+ClustSml+ShapeGate+MinPeaks+P-Filter+EquipRej+SkinPrio+Omega+OmScale+OmSplit+OmRot+FarField+GradFarF+Kalman+StaticSup,horizontal best
cap_000920,2026-08-24T15:31:46.259,horizontal,22.77,25.27,2,1,0.6487824177857434,TempBand+Watershed+Merge+ClustSml+ShapeGate+MinPeaks+P-Filter+EquipRej+SkinPrio+Omega+OmScale+OmSplit+OmRot+FarField+GradFarF+Kalman+StaticSup,horizontal best
cap_000921,2026-08-24T15:31:46.386,horizontal,22.77,25.27,2,1,0.48081517470812485,TempBand+Watershed+Merge+ClustSml+ShapeGate+MinPeaks+P-Filter+EquipRej+SkinPrio+Omega+OmScale+OmSplit+OmRot+FarField+GradFarF+Kalman+StaticSup,horizontal best
cap_000922,2026-08-24T15:31:46.486,horizontal,22.82,25.32,2,1,0.5331054689047364,TempBand+Watershed+Merge+ClustSml+ShapeGate+MinPeaks+P-Filter+EquipRej+SkinPrio+Omega+OmScale+OmSplit+OmRot+FarField+GradFarF+Kalman+StaticSup,horizontal best
cap_000923,2026-08-24T15:31:46.616,horizontal,22.82,25.32,2,1,0.5440141745617555,TempBand+Watershed+Merge+ClustSml+ShapeGate+MinPeaks+P-Filter+EquipRej+SkinPrio+Omega+OmScale+OmSplit+OmRot+FarField+GradFarF+Kalman+StaticSup,horizontal best
cap_000924,2026-08-24T15:31:46.712,horizontal,22.84,25.34,2,1,0.7155879426855792,TempBand+Watershed+Merge+ClustSml+ShapeGate+MinPeaks+P-Filter+EquipRej+SkinPrio+Omega+OmScale+OmSplit+OmRot+FarField+GradFarF+Kalman+StaticSup,horizontal best
cap_000925,2026-08-24T15:31:46.848,horizontal,22.82,25.32,2,1,0.712111564120438,TempBand+Watershed+Merge+ClustSml+ShapeGate+MinPeaks+P-Filter+EquipRej+SkinPrio+Omega+OmScale+OmSplit+OmRot+FarField+GradFarF+Kalman+StaticSup,horizontal best
cap_000926,2026-08-24T15:31:46.966,horizontal,22.82,25.32,2,1,0.7687944262077633,TempBand+Watershed+Merge+ClustSml+ShapeGate+MinPeaks+P-Filter+EquipRej+SkinPrio+Omega+OmScale+OmSplit+OmRot+FarField+GradFarF+Kalman+StaticSup,horizontal best
cap_000927,2026-08-24T15:31:47.066,horizontal,22.84,25.34,2,1,0.8941969878897147,TempBand+Watershed+Merge+ClustSml+ShapeGate+MinPeaks+P-Filter+EquipRej+SkinPrio+Omega+OmScale+OmSplit+OmRot+FarField+GradFarF+Kalman+StaticSup,horizontal best
cap_000928,2026-08-24T15:31:47.189,horizontal,22.82,25.32,2,1,0.9072192741211187,TempBand+Watershed+Merge+ClustSml+ShapeGate+MinPeaks+P-Filter+EquipRej+SkinPrio+Omega+OmScale+OmSplit+OmRot+FarField+GradFarF+Kalman+StaticSup,horizontal best
cap_000929,2026-08-24T15:31:47.283,horizontal,22.80,25.30,2,1,0.9028785120439841,TempBand+Watershed+Merge+ClustSml+ShapeGate+MinPeaks+P-Filter+EquipRej+SkinPrio+Omega+OmScale+OmSplit+OmRot+FarField+GradFarF+Kalman+StaticSup,horizontal best
cap_000930,2026-08-24T15:31:47.413,horizontal,22.80,25.30,2,1,0.9470095931615184,TempBand+Watershed+Merge+ClustSml+ShapeGate+MinPeaks+P-Filter+EquipRej+SkinPrio+Omega+OmScale+OmSplit+OmRot+FarField+GradFarF+Kalman+StaticSup,horizontal best
cap_000931,2026-08-24T15:31:47.508,horizontal,22.80,25.30,2,1,0.8001341426859994,TempBand+Watershed+Merge+ClustSml+ShapeGate+MinPeaks+P-Filter+EquipRej+SkinPrio+Omega+OmScale+OmSplit+OmRot+FarField+GradFarF+Kalman+StaticSup,horizontal best
cap_000932,2026-08-24T15:31:47.634,horizontal,22.82,25.32,2,1,0.8364035355872712,TempBand+Watershed+Merge+ClustSml+ShapeGate+MinPeaks+P-Filter+EquipRej+SkinPrio+Omega+OmScale+OmSplit+OmRot+FarField+GradFarF+Kalman+StaticSup,horizontal best
cap_000933,2026-08-24T15:31:47.733,horizontal,22.82,25.32,2,1,0.7503885896539895,TempBand+Watershed+Merge+ClustSml+ShapeGate+MinPeaks+P-Filter+EquipRej+SkinPrio+Omega+OmScale+OmSplit+OmRot+FarField+GradFarF+Kalman+StaticSup,horizontal best
cap_000934,2026-08-24T15:31:47.861,horizontal,22.87,25.37,2,1,0.7277906281919514,TempBand+Watershed+Merge+ClustSml+ShapeGate+MinPeaks+P-Filter+EquipRej+SkinPrio+Omega+OmScale+OmSplit+OmRot+FarField+GradFarF+Kalman+StaticSup,horizontal best
cap_000935,2026-08-24T15:31:47.992,horizontal,22.89,25.39,2,1,0.6897215799480655,TempBand+Watershed+Merge+ClustSml+ShapeGate+MinPeaks+P-Filter+EquipRej+SkinPrio+Omega+OmScale+OmSplit+OmRot+FarField+GradFarF+Kalman+StaticSup,horizontal best
cap_000936,2026-08-24T15:31:48.088,horizontal,22.87,25.37,2,3,0.5624408837398862,TempBand+Watershed+Merge+ClustSml+ShapeGate+MinPeaks+P-Filter+EquipRej+SkinPrio+Omega+OmScale+OmSplit+OmRot+FarField+GradFarF+Kalman+StaticSup,horizontal best
cap_000937,2026-08-24T15:31:48.217,horizontal,22.87,25.37,2,2,0.6624828896712108,TempBand+Watershed+Merge+ClustSml+ShapeGate+MinPeaks+P-Filter+EquipRej+SkinPrio+Omega+OmScale+OmSplit+OmRot+FarField+GradFarF+Kalman+StaticSup,horizontal best
cap_000938,2026-08-24T15:31:48.310,horizontal,22.84,25.34,2,2,0.6311836584192061,TempBand+Watershed+Merge+ClustSml+ShapeGate+MinPeaks+P-Filter+EquipRej+SkinPrio+Omega+OmScale+OmSplit+OmRot+FarField+GradFarF+Kalman+StaticSup,horizontal best
cap_000939,2026-08-24T15:31:48.437,horizontal,22.84,25.34,2,2,0.609494063418832,TempBand+Watershed+Merge+ClustSml+ShapeGate+MinPeaks+P-Filter+EquipRej+SkinPrio+Omega+OmScale+OmSplit+OmRot+FarField+GradFarF+Kalman+StaticSup,horizontal best
cap_000940,2026-08-24T15:31:48.534,horizontal,22.82,25.32,2,2,0.5832123905064338,TempBand+Watershed+Merge+ClustSml+ShapeGate+MinPeaks+P-Filter+EquipRej+SkinPrio+Omega+OmScale+OmSplit+OmRot+FarField+GradFarF+Kalman+StaticSup,horizontal best
cap_000941,2026-08-24T15:31:48.660,horizontal,22.82,25.32,2,1,0.7144572841031812,TempBand+Watershed+Merge+ClustSml+ShapeGate+MinPeaks+P-Filter+EquipRej+SkinPrio+Omega+OmScale+OmSplit+OmRot+FarField+GradFarF+Kalman+StaticSup,horizontal best
cap_000942,2026-08-24T15:31:48.789,horizontal,22.82,25.32,2,1,0.7345143776157305,TempBand+Watershed+Merge+ClustSml+ShapeGate+MinPeaks+P-Filter+EquipRej+SkinPrio+Omega+OmScale+OmSplit+OmRot+FarField+GradFarF+Kalman+StaticSup,horizontal best
cap_000943,2026-08-24T15:31:48.885,horizontal,22.82,25.32,2,1,0.688019264242722,TempBand+Watershed+Merge+ClustSml+ShapeGate+MinPeaks+P-Filter+EquipRej+SkinPrio+Omega+OmScale+OmSplit+OmRot+FarField+GradFarF+Kalman+StaticSup,horizontal best
cap_000944,2026-08-24T15:31:49.009,horizontal,22.82,25.32,2,1,0.688019264242722,TempBand+Watershed+Merge+ClustSml+ShapeGate+MinPeaks+P-Filter+EquipRej+SkinPrio+Omega+OmScale+OmSplit+OmRot+FarField+GradFarF+Kalman+StaticSup,horizontal best
cap_000945,2026-08-24T15:31:49.106,horizontal,22.82,25.32,2,1,0.6538439868248553,TempBand+Watershed+Merge+ClustSml+ShapeGate+MinPeaks+P-Filter+EquipRej+SkinPrio+Omega+OmScale+OmSplit+OmRot+FarField+GradFarF+Kalman+StaticSup,horizontal best
cap_000946,2026-08-24T15:31:49.237,horizontal,22.82,25.32,2,1,0.6923361150188759,TempBand+Watershed+Merge+ClustSml+ShapeGate+MinPeaks+P-Filter+EquipRej+SkinPrio+Omega+OmScale+OmSplit+OmRot+FarField+GradFarF+Kalman+StaticSup,horizontal best
cap_000947,2026-08-24T15:31:49.335,horizontal,22.84,25.34,2,0,0.0,TempBand+Watershed+Merge+ClustSml+ShapeGate+MinPeaks+P-Filter+EquipRej+SkinPrio+Omega+OmScale+OmSplit+OmRot+FarField+GradFarF+Kalman+StaticSup,horizontal best
cap_000948,2026-08-24T15:31:49.460,horizontal,22.82,25.32,2,0,0.0,TempBand+Watershed+Merge+ClustSml+ShapeGate+MinPeaks+P-Filter+EquipRej+SkinPrio+Omega+OmScale+OmSplit+OmRot+FarField+GradFarF+Kalman+StaticSup,horizontal best
cap_000949,2026-08-24T15:31:49.555,horizontal,22.82,25.32,2,0,0.0,TempBand+Watershed+Merge+ClustSml+ShapeGate+MinPeaks+P-Filter+EquipRej+SkinPrio+Omega+OmScale+OmSplit+OmRot+FarField+GradFarF+Kalman+StaticSup,horizontal best
cap_000950,2026-08-24T15:31:49.684,horizontal,22.82,25.32,2,0,0.0,TempBand+Watershed+Merge+ClustSml+ShapeGate+MinPeaks+P-Filter+EquipRej+SkinPrio+Omega+OmScale+OmSplit+OmRot+FarField+GradFarF+Kalman+StaticSup,horizontal best
cap_000951,2026-08-24T15:31:49.818,horizontal,22.77,25.27,2,0,0.0,TempBand+Watershed+Merge+ClustSml+ShapeGate+MinPeaks+P-Filter+EquipRej+SkinPrio+Omega+OmScale+OmSplit+OmRot+FarField+GradFarF+Kalman+StaticSup,horizontal best
cap_000952,2026-08-24T15:31:49.907,horizontal,22.77,25.27,2,1,0.6675637632007938,TempBand+Watershed+Merge+ClustSml+ShapeGate+MinPeaks+P-Filter+EquipRej+SkinPrio+Omega+OmScale+OmSplit+OmRot+FarField+GradFarF+Kalman+StaticSup,horizontal best
cap_000953,2026-08-24T15:31:50.037,horizontal,22.80,25.30,2,0,0.0,TempBand+Watershed+Merge+ClustSml+ShapeGate+MinPeaks+P-Filter+EquipRej+SkinPrio+Omega+OmScale+OmSplit+OmRot+FarField+GradFarF+Kalman+StaticSup,horizontal best
cap_000954,2026-08-24T15:31:50.134,horizontal,22.82,25.32,2,0,0.0,TempBand+Watershed+Merge+ClustSml+ShapeGate+MinPeaks+P-Filter+EquipRej+SkinPrio+Omega+OmScale+OmSplit+OmRot+FarField+GradFarF+Kalman+StaticSup,horizontal best
cap_000955,2026-08-24T15:31:50.260,horizontal,22.87,25.37,2,0,0.0,TempBand+Watershed+Merge+ClustSml+ShapeGate+MinPeaks+P-Filter+EquipRej+SkinPrio+Omega+OmScale+OmSplit+OmRot+FarField+GradFarF+Kalman+StaticSup,horizontal best
cap_000956,2026-08-24T15:31:50.357,horizontal,22.87,25.37,2,1,0.6715828388686031,TempBand+Watershed+Merge+ClustSml+ShapeGate+MinPeaks+P-Filter+EquipRej+SkinPrio+Omega+OmScale+OmSplit+OmRot+FarField+GradFarF+Kalman+StaticSup,horizontal best
cap_000957,2026-08-24T15:31:50.485,horizontal,22.87,25.37,2,1,0.6853943586060185,TempBand+Watershed+Merge+ClustSml+ShapeGate+MinPeaks+P-Filter+EquipRej+SkinPrio+Omega+OmScale+OmSplit+OmRot+FarField+GradFarF+Kalman+StaticSup,horizontal best
cap_000958,2026-08-24T15:31:50.616,horizontal,22.87,25.37,2,1,0.7156997707747624,TempBand+Watershed+Merge+ClustSml+ShapeGate+MinPeaks+P-Filter+EquipRej+SkinPrio+Omega+OmScale+OmSplit+OmRot+FarField+GradFarF+Kalman+StaticSup,horizontal best
cap_000959,2026-08-24T15:31:50.707,horizontal,22.87,25.37,3,1,0.704516961856407,TempBand+Watershed+Merge+ClustSml+ShapeGate+MinPeaks+P-Filter+EquipRej+SkinPrio+Omega+OmScale+OmSplit+OmRot+FarField+GradFarF+Kalman+StaticSup,horizontal best
cap_000960,2026-08-24T15:31:50.836,horizontal,22.87,25.37,3,1,0.6199226204940954,TempBand+Watershed+Merge+ClustSml+ShapeGate+MinPeaks+P-Filter+EquipRej+SkinPrio+Omega+OmScale+OmSplit+OmRot+FarField+GradFarF+Kalman+StaticSup,horizontal best
cap_000961,2026-08-24T15:31:50.929,horizontal,22.87,25.37,3,1,0.5593527424310917,TempBand+Watershed+Merge+ClustSml+ShapeGate+MinPeaks+P-Filter+EquipRej+SkinPrio+Omega+OmScale+OmSplit+OmRot+FarField+GradFarF+Kalman+StaticSup,horizontal best
cap_000962,2026-08-24T15:31:51.060,horizontal,22.87,25.37,3,1,0.6077934211056798,TempBand+Watershed+Merge+ClustSml+ShapeGate+MinPeaks+P-Filter+EquipRej+SkinPrio+Omega+OmScale+OmSplit+OmRot+FarField+GradFarF+Kalman+StaticSup,horizontal best
cap_000963,2026-08-24T15:31:51.153,horizontal,22.84,25.34,3,1,0.3584824437432257,TempBand+Watershed+Merge+ClustSml+ShapeGate+MinPeaks+P-Filter+EquipRej+SkinPrio+Omega+OmScale+OmSplit+OmRot+FarField+GradFarF+Kalman+StaticSup,horizontal best
cap_000964,2026-08-24T15:31:51.282,horizontal,22.84,25.34,3,1,0.42963170708979687,TempBand+Watershed+Merge+ClustSml+ShapeGate+MinPeaks+P-Filter+EquipRej+SkinPrio+Omega+OmScale+OmSplit+OmRot+FarField+GradFarF+Kalman+StaticSup,horizontal best
cap_000965,2026-08-24T15:31:51.377,horizontal,22.82,25.32,3,1,0.6485707703527934,TempBand+Watershed+Merge+ClustSml+ShapeGate+MinPeaks+P-Filter+EquipRej+SkinPrio+Omega+OmScale+OmSplit+OmRot+FarField+GradFarF+Kalman+StaticSup,horizontal best
cap_000966,2026-08-24T15:31:51.508,horizontal,22.80,25.30,3,1,0.4613424631127306,TempBand+Watershed+Merge+ClustSml+ShapeGate+MinPeaks+P-Filter+EquipRej+SkinPrio+Omega+OmScale+OmSplit+OmRot+FarField+GradFarF+Kalman+StaticSup,horizontal best
cap_000967,2026-08-24T15:31:51.638,horizontal,22.80,25.30,3,2,0.5154095616552555,TempBand+Watershed+Merge+ClustSml+ShapeGate+MinPeaks+P-Filter+EquipRej+SkinPrio+Omega+OmScale+OmSplit+OmRot+FarField+GradFarF+Kalman+StaticSup,horizontal best
cap_000968,2026-08-24T15:31:51.730,horizontal,22.80,25.30,3,1,0.7271692338395735,TempBand+Watershed+Merge+ClustSml+ShapeGate+MinPeaks+P-Filter+EquipRej+SkinPrio+Omega+OmScale+OmSplit+OmRot+FarField+GradFarF+Kalman+StaticSup,horizontal best
cap_000969,2026-08-24T15:31:51.862,horizontal,22.80,25.30,3,1,0.5542572466352675,TempBand+Watershed+Merge+ClustSml+ShapeGate+MinPeaks+P-Filter+EquipRej+SkinPrio+Omega+OmScale+OmSplit+OmRot+FarField+GradFarF+Kalman+StaticSup,horizontal best
cap_000970,2026-08-24T15:31:51.955,horizontal,22.80,25.30,3,1,0.6707170893404496,TempBand+Watershed+Merge+ClustSml+ShapeGate+MinPeaks+P-Filter+EquipRej+SkinPrio+Omega+OmScale+OmSplit+OmRot+FarField+GradFarF+Kalman+StaticSup,horizontal best
cap_000971,2026-08-24T15:31:52.085,horizontal,22.80,25.30,3,1,0.6707170893404496,TempBand+Watershed+Merge+ClustSml+ShapeGate+MinPeaks+P-Filter+EquipRej+SkinPrio+Omega+OmScale+OmSplit+OmRot+FarField+GradFarF+Kalman+StaticSup,horizontal best
cap_000972,2026-08-24T15:31:52.177,horizontal,22.80,25.30,3,1,0.6580620499189318,TempBand+Watershed+Merge+ClustSml+ShapeGate+MinPeaks+P-Filter+EquipRej+SkinPrio+Omega+OmScale+OmSplit+OmRot+FarField+GradFarF+Kalman+StaticSup,horizontal best
cap_000973,2026-08-24T15:31:52.306,horizontal,22.80,25.30,3,1,0.6707170893404496,TempBand+Watershed+Merge+ClustSml+ShapeGate+MinPeaks+P-Filter+EquipRej+SkinPrio+Omega+OmScale+OmSplit+OmRot+FarField+GradFarF+Kalman+StaticSup,horizontal best
cap_000974,2026-08-24T15:31:52.410,horizontal,22.80,25.30,3,2,0.699190928038865,TempBand+Watershed+Merge+ClustSml+ShapeGate+MinPeaks+P-Filter+EquipRej+SkinPrio+Omega+OmScale+OmSplit+OmRot+FarField+GradFarF+Kalman+StaticSup,horizontal best
cap_000975,2026-08-24T15:31:52.530,horizontal,22.80,25.30,3,1,0.6154845985448829,TempBand+Watershed+Merge+ClustSml+ShapeGate+MinPeaks+P-Filter+EquipRej+SkinPrio+Omega+OmScale+OmSplit+OmRot+FarField+GradFarF+Kalman+StaticSup,horizontal best
cap_000976,2026-08-24T15:31:52.665,horizontal,22.80,25.30,3,2,0.6154845985448829,TempBand+Watershed+Merge+ClustSml+ShapeGate+MinPeaks+P-Filter+EquipRej+SkinPrio+Omega+OmScale+OmSplit+OmRot+FarField+GradFarF+Kalman+StaticSup,horizontal best
cap_000977,2026-08-24T15:31:52.754,horizontal,22.82,25.32,3,1,0.700836083163662,TempBand+Watershed+Merge+ClustSml+ShapeGate+MinPeaks+P-Filter+EquipRej+SkinPrio+Omega+OmScale+OmSplit+OmRot+FarField+GradFarF+Kalman+StaticSup,horizontal best
cap_000978,2026-08-24T15:31:52.883,horizontal,22.80,25.30,3,1,0.7098539705144036,TempBand+Watershed+Merge+ClustSml+ShapeGate+MinPeaks+P-Filter+EquipRej+SkinPrio+Omega+OmScale+OmSplit+OmRot+FarField+GradFarF+Kalman+StaticSup,horizontal best
cap_000979,2026-08-24T15:31:52.978,horizontal,22.80,25.30,3,1,0.699190928038865,TempBand+Watershed+Merge+ClustSml+ShapeGate+MinPeaks+P-Filter+EquipRej+SkinPrio+Omega+OmScale+OmSplit+OmRot+FarField+GradFarF+Kalman+StaticSup,horizontal best
cap_000980,2026-08-24T15:31:53.113,horizontal,22.80,25.30,3,1,0.699190928038865,TempBand+Watershed+Merge+ClustSml+ShapeGate+MinPeaks+P-Filter+EquipRej+SkinPrio+Omega+OmScale+OmSplit+OmRot+FarField+GradFarF+Kalman+StaticSup,horizontal best
cap_000981,2026-08-24T15:31:53.205,horizontal,22.80,25.30,3,1,0.6952107140272586,TempBand+Watershed+Merge+ClustSml+ShapeGate+MinPeaks+P-Filter+EquipRej+SkinPrio+Omega+OmScale+OmSplit+OmRot+FarField+GradFarF+Kalman+StaticSup,horizontal best
cap_000982,2026-08-24T15:31:53.331,horizontal,22.78,25.28,2,1,0.6952107140272586,TempBand+Watershed+Merge+ClustSml+ShapeGate+MinPeaks+P-Filter+EquipRej+SkinPrio+Omega+OmScale+OmSplit+OmRot+FarField+GradFarF+Kalman+StaticSup,horizontal best
cap_000983,2026-08-24T15:31:53.460,horizontal,22.80,25.30,2,1,0.6952107140272586,TempBand+Watershed+Merge+ClustSml+ShapeGate+MinPeaks+P-Filter+EquipRej+SkinPrio+Omega+OmScale+OmSplit+OmRot+FarField+GradFarF+Kalman+StaticSup,horizontal best
cap_000984,2026-08-24T15:31:53.552,horizontal,22.80,25.30,2,1,0.6952107140272586,TempBand+Watershed+Merge+ClustSml+ShapeGate+MinPeaks+P-Filter+EquipRej+SkinPrio+Omega+OmScale+OmSplit+OmRot+FarField+GradFarF+Kalman+StaticSup,horizontal best
cap_000985,2026-08-24T15:31:53.685,horizontal,22.80,25.30,2,1,0.6952107140272586,TempBand+Watershed+Merge+ClustSml+ShapeGate+MinPeaks+P-Filter+EquipRej+SkinPrio+Omega+OmScale+OmSplit+OmRot+FarField+GradFarF+Kalman+StaticSup,horizontal best
cap_000986,2026-08-24T15:31:53.777,horizontal,22.80,25.30,2,1,0.6952107140272586,TempBand+Watershed+Merge+ClustSml+ShapeGate+MinPeaks+P-Filter+EquipRej+SkinPrio+Omega+OmScale+OmSplit+OmRot+FarField+GradFarF+Kalman+StaticSup,horizontal best
cap_000987,2026-08-24T15:31:53.910,horizontal,22.80,25.30,2,1,0.6218686371733907,TempBand+Watershed+Merge+ClustSml+ShapeGate+MinPeaks+P-Filter+EquipRej+SkinPrio+Omega+OmScale+OmSplit+OmRot+FarField+GradFarF+Kalman+StaticSup,horizontal best
cap_000988,2026-08-24T15:31:54.002,horizontal,22.77,25.27,2,1,0.6218686371733907,TempBand+Watershed+Merge+ClustSml+ShapeGate+MinPeaks+P-Filter+EquipRej+SkinPrio+Omega+OmScale+OmSplit+OmRot+FarField+GradFarF+Kalman+StaticSup,horizontal best
cap_000989,2026-08-24T15:31:54.134,horizontal,22.77,25.27,2,1,0.6613523601685263,TempBand+Watershed+Merge+ClustSml+ShapeGate+MinPeaks+P-Filter+EquipRej+SkinPrio+Omega+OmScale+OmSplit+OmRot+FarField+GradFarF+Kalman+StaticSup,horizontal best
cap_000990,2026-08-24T15:31:54.226,horizontal,22.77,25.27,2,1,0.6607155259266693,TempBand+Watershed+Merge+ClustSml+ShapeGate+MinPeaks+P-Filter+EquipRej+SkinPrio+Omega+OmScale+OmSplit+OmRot+FarField+GradFarF+Kalman+StaticSup,horizontal best
cap_000991,2026-08-24T15:31:54.357,horizontal,22.77,25.27,2,1,0.5964816435297751,TempBand+Watershed+Merge+ClustSml+ShapeGate+MinPeaks+P-Filter+EquipRej+SkinPrio+Omega+OmScale+OmSplit+OmRot+FarField+GradFarF+Kalman+StaticSup,horizontal best
cap_000992,2026-08-24T15:31:54.487,horizontal,22.77,25.27,3,1,0.7403198061587982,TempBand+Watershed+Merge+ClustSml+ShapeGate+MinPeaks+P-Filter+EquipRej+SkinPrio+Omega+OmScale+OmSplit+OmRot+FarField+GradFarF+Kalman+StaticSup,horizontal best
cap_000993,2026-08-24T15:31:54.579,horizontal,22.77,25.27,3,1,0.7320940305348115,TempBand+Watershed+Merge+ClustSml+ShapeGate+MinPeaks+P-Filter+EquipRej+SkinPrio+Omega+OmScale+OmSplit+OmRot+FarField+GradFarF+Kalman+StaticSup,horizontal best
cap_000994,2026-08-24T15:31:54.713,horizontal,22.80,25.30,3,1,0.7508207963170789,TempBand+Watershed+Merge+ClustSml+ShapeGate+MinPeaks+P-Filter+EquipRej+SkinPrio+Omega+OmScale+OmSplit+OmRot+FarField+GradFarF+Kalman+StaticSup,horizontal best
cap_000995,2026-08-24T15:31:54.808,horizontal,22.80,25.30,3,1,0.594392255481774,TempBand+Watershed+Merge+ClustSml+ShapeGate+MinPeaks+P-Filter+EquipRej+SkinPrio+Omega+OmScale+OmSplit+OmRot+FarField+GradFarF+Kalman+StaticSup,horizontal best
cap_000996,2026-08-24T15:31:54.930,horizontal,22.84,25.34,3,1,0.6491620577105464,TempBand+Watershed+Merge+ClustSml+ShapeGate+MinPeaks+P-Filter+EquipRej+SkinPrio+Omega+OmScale+OmSplit+OmRot+FarField+GradFarF+Kalman+StaticSup,horizontal best
cap_000997,2026-08-24T15:31:55.036,horizontal,22.84,25.34,3,1,0.6652928278675634,TempBand+Watershed+Merge+ClustSml+ShapeGate+MinPeaks+P-Filter+EquipRej+SkinPrio+Omega+OmScale+OmSplit+OmRot+FarField+GradFarF+Kalman+StaticSup,horizontal best
cap_000998,2026-08-24T15:31:55.157,horizontal,22.84,25.34,3,1,0.5421120777921051,TempBand+Watershed+Merge+ClustSml+ShapeGate+MinPeaks+P-Filter+EquipRej+SkinPrio+Omega+OmScale+OmSplit+OmRot+FarField+GradFarF+Kalman+StaticSup,horizontal best
cap_000999,2026-08-24T15:31:55.286,horizontal,22.87,25.37,3,1,0.5445628557206411,TempBand+Watershed+Merge+ClustSml+ShapeGate+MinPeaks+P-Filter+EquipRej+SkinPrio+Omega+OmScale+OmSplit+OmRot+FarField+GradFarF+Kalman+StaticSup,horizontal best
cap_001000,2026-08-24T15:31:55.378,horizontal,22.84,25.34,3,1,0.5386855866854935,TempBand+Watershed+Merge+ClustSml+ShapeGate+MinPeaks+P-Filter+EquipRej+SkinPrio+Omega+OmScale+OmSplit+OmRot+FarField+GradFarF+Kalman+StaticSup,horizontal best
cap_001001,2026-08-24T15:31:55.508,horizontal,22.89,25.39,3,1,0.5432403320774932,TempBand+Watershed+Merge+ClustSml+ShapeGate+MinPeaks+P-Filter+EquipRej+SkinPrio+Omega+OmScale+OmSplit+OmRot+FarField+GradFarF+Kalman+StaticSup,horizontal best
cap_001002,2026-08-24T15:31:55.604,horizontal,22.89,25.39,3,1,0.5372777889105219,TempBand+Watershed+Merge+ClustSml+ShapeGate+MinPeaks+P-Filter+EquipRej+SkinPrio+Omega+OmScale+OmSplit+OmRot+FarField+GradFarF+Kalman+StaticSup,horizontal best
cap_001003,2026-08-24T15:31:55.732,horizontal,22.89,25.39,3,1,0.5791995166426585,TempBand+Watershed+Merge+ClustSml+ShapeGate+MinPeaks+P-Filter+EquipRej+SkinPrio+Omega+OmScale+OmSplit+OmRot+FarField+GradFarF+Kalman+StaticSup,horizontal best
cap_001004,2026-08-24T15:31:55.825,horizontal,22.91,25.41,3,1,0.6634066883986725,TempBand+Watershed+Merge+ClustSml+ShapeGate+MinPeaks+P-Filter+EquipRej+SkinPrio+Omega+OmScale+OmSplit+OmRot+FarField+GradFarF+Kalman+StaticSup,horizontal best
cap_001005,2026-08-24T15:31:55.957,horizontal,22.94,25.44,2,1,0.5825640577247048,TempBand+Watershed+Merge+ClustSml+ShapeGate+MinPeaks+P-Filter+EquipRej+SkinPrio+Omega+OmScale+OmSplit+OmRot+FarField+GradFarF+Kalman+StaticSup,horizontal best
cap_001006,2026-08-24T15:31:56.051,horizontal,22.94,25.44,2,1,0.5825640577247048,TempBand+Watershed+Merge+ClustSml+ShapeGate+MinPeaks+P-Filter+EquipRej+SkinPrio+Omega+OmScale+OmSplit+OmRot+FarField+GradFarF+Kalman+StaticSup,horizontal best
cap_001007,2026-08-24T15:31:56.177,horizontal,22.94,25.44,2,1,0.5825640577247048,TempBand+Watershed+Merge+ClustSml+ShapeGate+MinPeaks+P-Filter+EquipRej+SkinPrio+Omega+OmScale+OmSplit+OmRot+FarField+GradFarF+Kalman+StaticSup,horizontal best
cap_001008,2026-08-24T15:31:56.312,horizontal,22.91,25.41,2,1,0.5825640577247048,TempBand+Watershed+Merge+ClustSml+ShapeGate+MinPeaks+P-Filter+EquipRej+SkinPrio+Omega+OmScale+OmSplit+OmRot+FarField+GradFarF+Kalman+StaticSup,horizontal best
cap_001009,2026-08-24T15:31:56.402,horizontal,22.94,25.44,2,1,0.5410105375233621,TempBand+Watershed+Merge+ClustSml+ShapeGate+MinPeaks+P-Filter+EquipRej+SkinPrio+Omega+OmScale+OmSplit+OmRot+FarField+GradFarF+Kalman+StaticSup,horizontal best
cap_001010,2026-08-24T15:31:56.528,horizontal,22.94,25.44,2,1,0.5410105375233621,TempBand+Watershed+Merge+ClustSml+ShapeGate+MinPeaks+P-Filter+EquipRej+SkinPrio+Omega+OmScale+OmSplit+OmRot+FarField+GradFarF+Kalman+StaticSup,horizontal best
cap_001011,2026-08-24T15:31:56.629,horizontal,22.94,25.44,2,1,0.6045641575869928,TempBand+Watershed+Merge+ClustSml+ShapeGate+MinPeaks+P-Filter+EquipRej+SkinPrio+Omega+OmScale+OmSplit+OmRot+FarField+GradFarF+Kalman+StaticSup,horizontal best
cap_001012,2026-08-24T15:31:56.757,horizontal,22.94,25.44,2,1,0.6045641575869928,TempBand+Watershed+Merge+ClustSml+ShapeGate+MinPeaks+P-Filter+EquipRej+SkinPrio+Omega+OmScale+OmSplit+OmRot+FarField+GradFarF+Kalman+StaticSup,horizontal best
cap_001013,2026-08-24T15:31:56.861,horizontal,22.94,25.44,2,1,0.7160884780366307,TempBand+Watershed+Merge+ClustSml+ShapeGate+MinPeaks+P-Filter+EquipRej+SkinPrio+Omega+OmScale+OmSplit+OmRot+FarField+GradFarF+Kalman+StaticSup,horizontal best
cap_001014,2026-08-24T15:31:56.977,horizontal,22.94,25.44,2,1,0.51988217166979,TempBand+Watershed+Merge+ClustSml+ShapeGate+MinPeaks+P-Filter+EquipRej+SkinPrio+Omega+OmScale+OmSplit+OmRot+FarField+GradFarF+Kalman+StaticSup,horizontal best
cap_001015,2026-08-24T15:31:57.107,horizontal,22.94,25.44,2,1,0.6182519208466243,TempBand+Watershed+Merge+ClustSml+ShapeGate+MinPeaks+P-Filter+EquipRej+SkinPrio+Omega+OmScale+OmSplit+OmRot+FarField+GradFarF+Kalman+StaticSup,horizontal best
cap_001016,2026-08-24T15:31:57.199,horizontal,22.94,25.44,2,1,0.5201739263525222,TempBand+Watershed+Merge+ClustSml+ShapeGate+MinPeaks+P-Filter+EquipRej+SkinPrio+Omega+OmScale+OmSplit+OmRot+FarField+GradFarF+Kalman+StaticSup,horizontal best
cap_001017,2026-08-24T15:31:57.328,horizontal,22.96,25.46,2,1,0.6972113202863326,TempBand+Watershed+Merge+ClustSml+ShapeGate+MinPeaks+P-Filter+EquipRej+SkinPrio+Omega+OmScale+OmSplit+OmRot+FarField+GradFarF+Kalman+StaticSup,horizontal best
cap_001018,2026-08-24T15:31:57.427,horizontal,22.96,25.46,2,1,0.7489577349605218,TempBand+Watershed+Merge+ClustSml+ShapeGate+MinPeaks+P-Filter+EquipRej+SkinPrio+Omega+OmScale+OmSplit+OmRot+FarField+GradFarF+Kalman+StaticSup,horizontal best
cap_001019,2026-08-24T15:31:57.551,horizontal,22.94,25.44,2,1,0.8335141415552424,TempBand+Watershed+Merge+ClustSml+ShapeGate+MinPeaks+P-Filter+EquipRej+SkinPrio+Omega+OmScale+OmSplit+OmRot+FarField+GradFarF+Kalman+StaticSup,horizontal best
cap_001020,2026-08-24T15:31:57.649,horizontal,22.94,25.44,2,1,0.8669915192632308,TempBand+Watershed+Merge+ClustSml+ShapeGate+MinPeaks+P-Filter+EquipRej+SkinPrio+Omega+OmScale+OmSplit+OmRot+FarField+GradFarF+Kalman+StaticSup,horizontal best
cap_001021,2026-08-24T15:31:57.824,horizontal,22.94,25.44,2,1,0.7429158553592079,TempBand+Watershed+Merge+ClustSml+ShapeGate+MinPeaks+P-Filter+EquipRej+SkinPrio+Omega+OmScale+OmSplit+OmRot+FarField+GradFarF+Kalman+StaticSup,horizontal best
cap_001022,2026-08-24T15:31:57.873,horizontal,22.94,25.44,2,1,0.7214715395406216,TempBand+Watershed+Merge+ClustSml+ShapeGate+MinPeaks+P-Filter+EquipRej+SkinPrio+Omega+OmScale+OmSplit+OmRot+FarField+GradFarF+Kalman+StaticSup,horizontal best
cap_001023,2026-08-24T15:31:58.038,horizontal,22.94,25.44,3,1,0.5941349252792343,TempBand+Watershed+Merge+ClustSml+ShapeGate+MinPeaks+P-Filter+EquipRej+SkinPrio+Omega+OmScale+OmSplit+OmRot+FarField+GradFarF+Kalman+StaticSup,horizontal best
cap_001024,2026-08-24T15:31:58.132,horizontal,22.91,25.41,3,1,0.6230044668547969,TempBand+Watershed+Merge+ClustSml+ShapeGate+MinPeaks+P-Filter+EquipRej+SkinPrio+Omega+OmScale+OmSplit+OmRot+FarField+GradFarF+Kalman+StaticSup,horizontal best
cap_001025,2026-08-24T15:31:58.223,horizontal,22.89,25.39,2,1,0.7590147507587678,TempBand+Watershed+Merge+ClustSml+ShapeGate+MinPeaks+P-Filter+EquipRej+SkinPrio+Omega+OmScale+OmSplit+OmRot+FarField+GradFarF+Kalman+StaticSup,horizontal best
cap_001026,2026-08-24T15:31:58.359,horizontal,22.87,25.37,3,1,0.6550059772098161,TempBand+Watershed+Merge+ClustSml+ShapeGate+MinPeaks+P-Filter+EquipRej+SkinPrio+Omega+OmScale+OmSplit+OmRot+FarField+GradFarF+Kalman+StaticSup,horizontal best
cap_001027,2026-08-24T15:31:58.451,horizontal,22.87,25.37,3,1,0.26421952670840754,TempBand+Watershed+Merge+ClustSml+ShapeGate+MinPeaks+P-Filter+EquipRej+SkinPrio+Omega+OmScale+OmSplit+OmRot+FarField+GradFarF+Kalman+StaticSup,horizontal best
cap_001028,2026-08-24T15:31:58.583,horizontal,22.84,25.34,3,1,0.6209399726763922,TempBand+Watershed+Merge+ClustSml+ShapeGate+MinPeaks+P-Filter+EquipRej+SkinPrio+Omega+OmScale+OmSplit+OmRot+FarField+GradFarF+Kalman+StaticSup,horizontal best
cap_001029,2026-08-24T15:31:58.673,horizontal,22.82,25.32,3,1,0.642060379910283,TempBand+Watershed+Merge+ClustSml+ShapeGate+MinPeaks+P-Filter+EquipRej+SkinPrio+Omega+OmScale+OmSplit+OmRot+FarField+GradFarF+Kalman+StaticSup,horizontal best
cap_001030,2026-08-24T15:31:58.805,horizontal,22.82,25.32,3,1,0.4842568238633629,TempBand+Watershed+Merge+ClustSml+ShapeGate+MinPeaks+P-Filter+EquipRej+SkinPrio+Omega+OmScale+OmSplit+OmRot+FarField+GradFarF+Kalman+StaticSup,horizontal best
cap_001031,2026-08-24T15:31:58.900,horizontal,22.80,25.30,3,1,0.5087697638693023,TempBand+Watershed+Merge+ClustSml+ShapeGate+MinPeaks+P-Filter+EquipRej+SkinPrio+Omega+OmScale+OmSplit+OmRot+FarField+GradFarF+Kalman+StaticSup,horizontal best
cap_001032,2026-08-24T15:31:59.028,horizontal,22.80,25.30,3,1,0.5397103154221403,TempBand+Watershed+Merge+ClustSml+ShapeGate+MinPeaks+P-Filter+EquipRej+SkinPrio+Omega+OmScale+OmSplit+OmRot+FarField+GradFarF+Kalman+StaticSup,horizontal best
cap_001033,2026-08-24T15:31:59.156,horizontal,22.80,25.30,3,1,0.24463747052077117,TempBand+Watershed+Merge+ClustSml+ShapeGate+MinPeaks+P-Filter+EquipRej+SkinPrio+Omega+OmScale+OmSplit+OmRot+FarField+GradFarF+Kalman+StaticSup,horizontal best
cap_001034,2026-08-24T15:31:59.286,horizontal,22.77,25.27,3,1,0.4735478956420942,TempBand+Watershed+Merge+ClustSml+ShapeGate+MinPeaks+P-Filter+EquipRej+SkinPrio+Omega+OmScale+OmSplit+OmRot+FarField+GradFarF+Kalman+StaticSup,horizontal best
cap_001035,2026-08-24T15:31:59.379,horizontal,22.77,25.27,2,1,0.443866068749703,TempBand+Watershed+Merge+ClustSml+ShapeGate+MinPeaks+P-Filter+EquipRej+SkinPrio+Omega+OmScale+OmSplit+OmRot+FarField+GradFarF+Kalman+StaticSup,horizontal best
cap_001036,2026-08-24T15:31:59.474,horizontal,22.80,25.30,3,1,0.522859182679735,TempBand+Watershed+Merge+ClustSml+ShapeGate+MinPeaks+P-Filter+EquipRej+SkinPrio+Omega+OmScale+OmSplit+OmRot+FarField+GradFarF+Kalman+StaticSup,horizontal best
cap_001037,2026-08-24T15:31:59.604,horizontal,22.77,25.27,2,1,0.5128378957172024,TempBand+Watershed+Merge+ClustSml+ShapeGate+MinPeaks+P-Filter+EquipRej+SkinPrio+Omega+OmScale+OmSplit+OmRot+FarField+GradFarF+Kalman+StaticSup,horizontal best
cap_001038,2026-08-24T15:31:59.702,horizontal,22.75,25.25,2,3,0.7376701389818884,TempBand+Watershed+Merge+ClustSml+ShapeGate+MinPeaks+P-Filter+EquipRej+SkinPrio+Omega+OmScale+OmSplit+OmRot+FarField+GradFarF+Kalman+StaticSup,horizontal best
cap_001039,2026-08-24T15:31:59.828,horizontal,22.77,25.27,2,1,0.47933447970211607,TempBand+Watershed+Merge+ClustSml+ShapeGate+MinPeaks+P-Filter+EquipRej+SkinPrio+Omega+OmScale+OmSplit+OmRot+FarField+GradFarF+Kalman+StaticSup,horizontal best
cap_001040,2026-08-24T15:31:59.960,horizontal,22.80,25.30,3,2,0.4297513131441397,TempBand+Watershed+Merge+ClustSml+ShapeGate+MinPeaks+P-Filter+EquipRej+SkinPrio+Omega+OmScale+OmSplit+OmRot+FarField+GradFarF+Kalman+StaticSup,horizontal best
cap_001041,2026-08-24T15:32:00.056,horizontal,22.82,25.32,2,2,0.8383720574553656,TempBand+Watershed+Merge+ClustSml+ShapeGate+MinPeaks+P-Filter+EquipRej+SkinPrio+Omega+OmScale+OmSplit+OmRot+FarField+GradFarF+Kalman+StaticSup,horizontal best
cap_001042,2026-08-24T15:32:00.178,horizontal,22.82,25.32,3,1,0.6645390476173044,TempBand+Watershed+Merge+ClustSml+ShapeGate+MinPeaks+P-Filter+EquipRej+SkinPrio+Omega+OmScale+OmSplit+OmRot+FarField+GradFarF+Kalman+StaticSup,horizontal best
cap_001043,2026-08-24T15:32:00.277,horizontal,22.82,25.32,3,1,0.09262796467973496,TempBand+Watershed+Merge+ClustSml+ShapeGate+MinPeaks+P-Filter+EquipRej+SkinPrio+Omega+OmScale+OmSplit+OmRot+FarField+GradFarF+Kalman+StaticSup,horizontal best
cap_001044,2026-08-24T15:32:00.409,horizontal,22.82,25.32,2,2,0.843051587407872,TempBand+Watershed+Merge+ClustSml+ShapeGate+MinPeaks+P-Filter+EquipRej+SkinPrio+Omega+OmScale+OmSplit+OmRot+FarField+GradFarF+Kalman+StaticSup,horizontal best
cap_001045,2026-08-24T15:32:00.498,horizontal,22.84,25.34,2,2,0.843051587407872,TempBand+Watershed+Merge+ClustSml+ShapeGate+MinPeaks+P-Filter+EquipRej+SkinPrio+Omega+OmScale+OmSplit+OmRot+FarField+GradFarF+Kalman+StaticSup,horizontal best
cap_001046,2026-08-24T15:32:00.630,horizontal,22.84,25.34,3,2,0.5444987016673137,TempBand+Watershed+Merge+ClustSml+ShapeGate+MinPeaks+P-Filter+EquipRej+SkinPrio+Omega+OmScale+OmSplit+OmRot+FarField+GradFarF+Kalman+StaticSup,horizontal best
cap_001047,2026-08-24T15:32:00.722,horizontal,22.84,25.34,2,1,0.7660062380086757,TempBand+Watershed+Merge+ClustSml+ShapeGate+MinPeaks+P-Filter+EquipRej+SkinPrio+Omega+OmScale+OmSplit+OmRot+FarField+GradFarF+Kalman+StaticSup,horizontal best
cap_001048,2026-08-24T15:32:00.853,horizontal,22.84,25.34,2,0,0.0,TempBand+Watershed+Merge+ClustSml+ShapeGate+MinPeaks+P-Filter+EquipRej+SkinPrio+Omega+OmScale+OmSplit+OmRot+FarField+GradFarF+Kalman+StaticSup,horizontal best
cap_001049,2026-08-24T15:32:00.984,horizontal,22.82,25.32,2,1,0.7376701389818884,TempBand+Watershed+Merge+ClustSml+ShapeGate+MinPeaks+P-Filter+EquipRej+SkinPrio+Omega+OmScale+OmSplit+OmRot+FarField+GradFarF+Kalman+StaticSup,horizontal best
cap_001050,2026-08-24T15:32:01.079,horizontal,22.82,25.32,2,2,0.7548396019890073,TempBand+Watershed+Merge+ClustSml+ShapeGate+MinPeaks+P-Filter+EquipRej+SkinPrio+Omega+OmScale+OmSplit+OmRot+FarField+GradFarF+Kalman+StaticSup,horizontal best
cap_001051,2026-08-24T15:32:01.220,horizontal,22.80,25.30,2,2,0.9220876737273597,TempBand+Watershed+Merge+ClustSml+ShapeGate+MinPeaks+P-Filter+EquipRej+SkinPrio+Omega+OmScale+OmSplit+OmRot+FarField+GradFarF+Kalman+StaticSup,horizontal best
cap_001052,2026-08-24T15:32:01.302,horizontal,22.80,25.30,2,3,0.5650335730213509,TempBand+Watershed+Merge+ClustSml+ShapeGate+MinPeaks+P-Filter+EquipRej+SkinPrio+Omega+OmScale+OmSplit+OmRot+FarField+GradFarF+Kalman+StaticSup,horizontal best
cap_001053,2026-08-24T15:32:01.430,horizontal,22.80,25.30,2,3,0.5500927814270363,TempBand+Watershed+Merge+ClustSml+ShapeGate+MinPeaks+P-Filter+EquipRej+SkinPrio+Omega+OmScale+OmSplit+OmRot+FarField+GradFarF+Kalman+StaticSup,horizontal best
cap_001054,2026-08-24T15:32:01.526,horizontal,22.80,25.30,2,3,0.5500927814270363,TempBand+Watershed+Merge+ClustSml+ShapeGate+MinPeaks+P-Filter+EquipRej+SkinPrio+Omega+OmScale+OmSplit+OmRot+FarField+GradFarF+Kalman+StaticSup,horizontal best
cap_001055,2026-08-24T15:32:01.651,horizontal,22.80,25.30,2,3,0.5500927814270363,TempBand+Watershed+Merge+ClustSml+ShapeGate+MinPeaks+P-Filter+EquipRej+SkinPrio+Omega+OmScale+OmSplit+OmRot+FarField+GradFarF+Kalman+StaticSup,horizontal best
cap_001056,2026-08-24T15:32:01.781,horizontal,22.80,25.30,2,1,0.006394589001509596,TempBand+Watershed+Merge+ClustSml+ShapeGate+MinPeaks+P-Filter+EquipRej+SkinPrio+Omega+OmScale+OmSplit+OmRot+FarField+GradFarF+Kalman+StaticSup,horizontal best
cap_001057,2026-08-24T15:32:01.873,horizontal,22.80,25.30,3,1,0.006394280278698862,TempBand+Watershed+Merge+ClustSml+ShapeGate+MinPeaks+P-Filter+EquipRej+SkinPrio+Omega+OmScale+OmSplit+OmRot+FarField+GradFarF+Kalman+StaticSup,horizontal best
cap_001058,2026-08-24T15:32:02.003,horizontal,22.80,25.30,3,1,0.00637709157126707,TempBand+Watershed+Merge+ClustSml+ShapeGate+MinPeaks+P-Filter+EquipRej+SkinPrio+Omega+OmScale+OmSplit+OmRot+FarField+GradFarF+Kalman+StaticSup,horizontal best
cap_001059,2026-08-24T15:32:02.098,horizontal,22.77,25.27,3,1,0.006382155078451107,TempBand+Watershed+Merge+ClustSml+ShapeGate+MinPeaks+P-Filter+EquipRej+SkinPrio+Omega+OmScale+OmSplit+OmRot+FarField+GradFarF+Kalman+StaticSup,horizontal best
cap_001060,2026-08-24T15:32:02.231,horizontal,22.78,25.28,3,2,0.6097760505230416,TempBand+Watershed+Merge+ClustSml+ShapeGate+MinPeaks+P-Filter+EquipRej+SkinPrio+Omega+OmScale+OmSplit+OmRot+FarField+GradFarF+Kalman+StaticSup,horizontal best
cap_001061,2026-08-24T15:32:02.322,horizontal,22.77,25.27,3,1,0.006382155078451107,TempBand+Watershed+Merge+ClustSml+ShapeGate+MinPeaks+P-Filter+EquipRej+SkinPrio+Omega+OmScale+OmSplit+OmRot+FarField+GradFarF+Kalman+StaticSup,horizontal best
cap_001062,2026-08-24T15:32:02.453,horizontal,22.77,25.27,3,1,0.006382155078451107,TempBand+Watershed+Merge+ClustSml+ShapeGate+MinPeaks+P-Filter+EquipRej+SkinPrio+Omega+OmScale+OmSplit+OmRot+FarField+GradFarF+Kalman+StaticSup,horizontal best
cap_001063,2026-08-24T15:32:02.546,horizontal,22.77,25.27,3,1,0.006395477138870919,TempBand+Watershed+Merge+ClustSml+ShapeGate+MinPeaks+P-Filter+EquipRej+SkinPrio+Omega+OmScale+OmSplit+OmRot+FarField+GradFarF+Kalman+StaticSup,horizontal best
cap_001064,2026-08-24T15:32:02.676,horizontal,22.77,25.27,3,1,0.8317460238122312,TempBand+Watershed+Merge+ClustSml+ShapeGate+MinPeaks+P-Filter+EquipRej+SkinPrio+Omega+OmScale+OmSplit+OmRot+FarField+GradFarF+Kalman+StaticSup,horizontal best
cap_001065,2026-08-24T15:32:02.804,horizontal,22.77,25.27,3,1,0.8317460238122312,TempBand+Watershed+Merge+ClustSml+ShapeGate+MinPeaks+P-Filter+EquipRej+SkinPrio+Omega+OmScale+OmSplit+OmRot+FarField+GradFarF+Kalman+StaticSup,horizontal best
cap_001066,2026-08-24T15:32:02.899,horizontal,22.77,25.27,2,2,0.006796811610162423,TempBand+Watershed+Merge+ClustSml+ShapeGate+MinPeaks+P-Filter+EquipRej+SkinPrio+Omega+OmScale+OmSplit+OmRot+FarField+GradFarF+Kalman+StaticSup,horizontal best
cap_001067,2026-08-24T15:32:03.032,horizontal,22.77,25.27,2,2,0.021512994795022777,TempBand+Watershed+Merge+ClustSml+ShapeGate+MinPeaks+P-Filter+EquipRej+SkinPrio+Omega+OmScale+OmSplit+OmRot+FarField+GradFarF+Kalman+StaticSup,horizontal best
cap_001068,2026-08-24T15:32:03.126,horizontal,22.77,25.27,2,2,0.011166204779163948,TempBand+Watershed+Merge+ClustSml+ShapeGate+MinPeaks+P-Filter+EquipRej+SkinPrio+Omega+OmScale+OmSplit+OmRot+FarField+GradFarF+Kalman+StaticSup,horizontal best
cap_001069,2026-08-24T15:32:03.253,horizontal,22.77,25.27,2,4,0.7152105228845843,TempBand+Watershed+Merge+ClustSml+ShapeGate+MinPeaks+P-Filter+EquipRej+SkinPrio+Omega+OmScale+OmSplit+OmRot+FarField+GradFarF+Kalman+StaticSup,horizontal best
cap_001070,2026-08-24T15:32:03.346,horizontal,22.75,25.25,2,3,0.5717203608677576,TempBand+Watershed+Merge+ClustSml+ShapeGate+MinPeaks+P-Filter+EquipRej+SkinPrio+Omega+OmScale+OmSplit+OmRot+FarField+GradFarF+Kalman+StaticSup,horizontal best
cap_001071,2026-08-24T15:32:03.478,horizontal,22.73,25.23,2,1,0.006121004175963254,TempBand+Watershed+Merge+ClustSml+ShapeGate+MinPeaks+P-Filter+EquipRej+SkinPrio+Omega+OmScale+OmSplit+OmRot+FarField+GradFarF+Kalman+StaticSup,horizontal best
cap_001072,2026-08-24T15:32:03.602,horizontal,22.73,25.23,2,1,0.707457990517567,TempBand+Watershed+Merge+ClustSml+ShapeGate+MinPeaks+P-Filter+EquipRej+SkinPrio+Omega+OmScale+OmSplit+OmRot+FarField+GradFarF+Kalman+StaticSup,horizontal best
cap_001073,2026-08-24T15:32:03.701,horizontal,22.77,25.27,2,1,0.8030409842698895,TempBand+Watershed+Merge+ClustSml+ShapeGate+MinPeaks+P-Filter+EquipRej+SkinPrio+Omega+OmScale+OmSplit+OmRot+FarField+GradFarF+Kalman+StaticSup,horizontal best
cap_001074,2026-08-24T15:32:03.833,horizontal,22.77,25.27,2,2,0.8597347921062839,TempBand+Watershed+Merge+ClustSml+ShapeGate+MinPeaks+P-Filter+EquipRej+SkinPrio+Omega+OmScale+OmSplit+OmRot+FarField+GradFarF+Kalman+StaticSup,horizontal best
cap_001075,2026-08-24T15:32:03.940,horizontal,22.77,25.27,2,1,0.0061259375000954535,TempBand+Watershed+Merge+ClustSml+ShapeGate+MinPeaks+P-Filter+EquipRej+SkinPrio+Omega+OmScale+OmSplit+OmRot+FarField+GradFarF+Kalman+StaticSup,horizontal best
cap_001076,2026-08-24T15:32:04.059,horizontal,22.75,25.25,2,2,0.8007036508437406,TempBand+Watershed+Merge+ClustSml+ShapeGate+MinPeaks+P-Filter+EquipRej+SkinPrio+Omega+OmScale+OmSplit+OmRot+FarField+GradFarF+Kalman+StaticSup,horizontal best
cap_001077,2026-08-24T15:32:04.148,horizontal,22.77,25.27,2,1,0.7491962349034798,TempBand+Watershed+Merge+ClustSml+ShapeGate+MinPeaks+P-Filter+EquipRej+SkinPrio+Omega+OmScale+OmSplit+OmRot+FarField+GradFarF+Kalman+StaticSup,horizontal best
cap_001078,2026-08-24T15:32:04.282,horizontal,22.77,25.27,2,1,0.019948374511026535,TempBand+Watershed+Merge+ClustSml+ShapeGate+MinPeaks+P-Filter+EquipRej+SkinPrio+Omega+OmScale+OmSplit+OmRot+FarField+GradFarF+Kalman+StaticSup,horizontal best
cap_001079,2026-08-24T15:32:04.373,horizontal,22.75,25.25,2,1,0.2238625958123826,TempBand+Watershed+Merge+ClustSml+ShapeGate+MinPeaks+P-Filter+EquipRej+SkinPrio+Omega+OmScale+OmSplit+OmRot+FarField+GradFarF+Kalman+StaticSup,horizontal best
cap_001080,2026-08-24T15:32:04.502,horizontal,22.77,25.27,2,1,0.6723736026988144,TempBand+Watershed+Merge+ClustSml+ShapeGate+MinPeaks+P-Filter+EquipRej+SkinPrio+Omega+OmScale+OmSplit+OmRot+FarField+GradFarF+Kalman+StaticSup,horizontal best
cap_001081,2026-08-24T15:32:04.630,horizontal,22.75,25.25,2,0,0.0,TempBand+Watershed+Merge+ClustSml+ShapeGate+MinPeaks+P-Filter+EquipRej+SkinPrio+Omega+OmScale+OmSplit+OmRot+FarField+GradFarF+Kalman+StaticSup,horizontal best
cap_001082,2026-08-24T15:32:04.724,horizontal,22.75,25.25,2,0,0.0,TempBand+Watershed+Merge+ClustSml+ShapeGate+MinPeaks+P-Filter+EquipRej+SkinPrio+Omega+OmScale+OmSplit+OmRot+FarField+GradFarF+Kalman+StaticSup,horizontal best
cap_001083,2026-08-24T15:32:04.855,horizontal,22.77,25.27,2,0,0.0,TempBand+Watershed+Merge+ClustSml+ShapeGate+MinPeaks+P-Filter+EquipRej+SkinPrio+Omega+OmScale+OmSplit+OmRot+FarField+GradFarF+Kalman+StaticSup,horizontal best
cap_001084,2026-08-24T15:32:04.945,horizontal,22.77,25.27,2,0,0.0,TempBand+Watershed+Merge+ClustSml+ShapeGate+MinPeaks+P-Filter+EquipRej+SkinPrio+Omega+OmScale+OmSplit+OmRot+FarField+GradFarF+Kalman+StaticSup,horizontal best
cap_001085,2026-08-24T15:32:05.079,horizontal,22.77,25.27,2,0,0.0,TempBand+Watershed+Merge+ClustSml+ShapeGate+MinPeaks+P-Filter+EquipRej+SkinPrio+Omega+OmScale+OmSplit+OmRot+FarField+GradFarF+Kalman+StaticSup,horizontal best
cap_001086,2026-08-24T15:32:05.170,horizontal,22.80,25.30,2,0,0.0,TempBand+Watershed+Merge+ClustSml+ShapeGate+MinPeaks+P-Filter+EquipRej+SkinPrio+Omega+OmScale+OmSplit+OmRot+FarField+GradFarF+Kalman+StaticSup,horizontal best
cap_001087,2026-08-24T15:32:05.300,horizontal,22.82,25.32,3,0,0.0,TempBand+Watershed+Merge+ClustSml+ShapeGate+MinPeaks+P-Filter+EquipRej+SkinPrio+Omega+OmScale+OmSplit+OmRot+FarField+GradFarF+Kalman+StaticSup,horizontal best
cap_001088,2026-08-24T15:32:05.394,horizontal,22.82,25.32,3,0,0.0,TempBand+Watershed+Merge+ClustSml+ShapeGate+MinPeaks+P-Filter+EquipRej+SkinPrio+Omega+OmScale+OmSplit+OmRot+FarField+GradFarF+Kalman+StaticSup,horizontal best
cap_001089,2026-08-24T15:32:05.523,horizontal,22.84,25.34,3,1,0.8021730540306243,TempBand+Watershed+Merge+ClustSml+ShapeGate+MinPeaks+P-Filter+EquipRej+SkinPrio+Omega+OmScale+OmSplit+OmRot+FarField+GradFarF+Kalman+StaticSup,horizontal best
cap_001090,2026-08-24T15:32:05.652,horizontal,22.87,25.37,3,1,0.8136187093733998,TempBand+Watershed+Merge+ClustSml+ShapeGate+MinPeaks+P-Filter+EquipRej+SkinPrio+Omega+OmScale+OmSplit+OmRot+FarField+GradFarF+Kalman+StaticSup,horizontal best
cap_001091,2026-08-24T15:32:05.748,horizontal,22.87,25.37,3,0,0.0,TempBand+Watershed+Merge+ClustSml+ShapeGate+MinPeaks+P-Filter+EquipRej+SkinPrio+Omega+OmScale+OmSplit+OmRot+FarField+GradFarF+Kalman+StaticSup,horizontal best
cap_001092,2026-08-24T15:32:05.874,horizontal,22.87,25.37,3,1,0.6447130178204057,TempBand+Watershed+Merge+ClustSml+ShapeGate+MinPeaks+P-Filter+EquipRej+SkinPrio+Omega+OmScale+OmSplit+OmRot+FarField+GradFarF+Kalman+StaticSup,horizontal best
cap_001093,2026-08-24T15:32:05.972,horizontal,22.89,25.39,3,2,0.8812605382308266,TempBand+Watershed+Merge+ClustSml+ShapeGate+MinPeaks+P-Filter+EquipRej+SkinPrio+Omega+OmScale+OmSplit+OmRot+FarField+GradFarF+Kalman+StaticSup,horizontal best
cap_001094,2026-08-24T15:32:06.101,horizontal,22.89,25.39,3,2,0.6520669628579224,TempBand+Watershed+Merge+ClustSml+ShapeGate+MinPeaks+P-Filter+EquipRej+SkinPrio+Omega+OmScale+OmSplit+OmRot+FarField+GradFarF+Kalman+StaticSup,horizontal best
cap_001095,2026-08-24T15:32:06.195,horizontal,22.87,25.37,3,0,0.0,TempBand+Watershed+Merge+ClustSml+ShapeGate+MinPeaks+P-Filter+EquipRej+SkinPrio+Omega+OmScale+OmSplit+OmRot+FarField+GradFarF+Kalman+StaticSup,horizontal best
cap_001096,2026-08-24T15:32:06.326,horizontal,22.89,25.39,3,0,0.0,TempBand+Watershed+Merge+ClustSml+ShapeGate+MinPeaks+P-Filter+EquipRej+SkinPrio+Omega+OmScale+OmSplit+OmRot+FarField+GradFarF+Kalman+StaticSup,horizontal best
cap_001097,2026-08-24T15:32:06.453,horizontal,22.89,25.39,3,0,0.0,TempBand+Watershed+Merge+ClustSml+ShapeGate+MinPeaks+P-Filter+EquipRej+SkinPrio+Omega+OmScale+OmSplit+OmRot+FarField+GradFarF+Kalman+StaticSup,horizontal best
cap_001098,2026-08-24T15:32:06.549,horizontal,22.89,25.39,3,0,0.0,TempBand+Watershed+Merge+ClustSml+ShapeGate+MinPeaks+P-Filter+EquipRej+SkinPrio+Omega+OmScale+OmSplit+OmRot+FarField+GradFarF+Kalman+StaticSup,horizontal best
cap_001099,2026-08-24T15:32:06.677,horizontal,22.89,25.39,3,0,0.0,TempBand+Watershed+Merge+ClustSml+ShapeGate+MinPeaks+P-Filter+EquipRej+SkinPrio+Omega+OmScale+OmSplit+OmRot+FarField+GradFarF+Kalman+StaticSup,horizontal best
cap_001100,2026-08-24T15:32:06.773,horizontal,22.87,25.37,3,0,0.0,TempBand+Watershed+Merge+ClustSml+ShapeGate+MinPeaks+P-Filter+EquipRej+SkinPrio+Omega+OmScale+OmSplit+OmRot+FarField+GradFarF+Kalman+StaticSup,horizontal best
cap_001101,2026-08-24T15:32:06.899,horizontal,22.89,25.39,3,0,0.0,TempBand+Watershed+Merge+ClustSml+ShapeGate+MinPeaks+P-Filter+EquipRej+SkinPrio+Omega+OmScale+OmSplit+OmRot+FarField+GradFarF+Kalman+StaticSup,horizontal best
cap_001102,2026-08-24T15:32:06.994,horizontal,22.87,25.37,3,0,0.0,TempBand+Watershed+Merge+ClustSml+ShapeGate+MinPeaks+P-Filter+EquipRej+SkinPrio+Omega+OmScale+OmSplit+OmRot+FarField+GradFarF+Kalman+StaticSup,horizontal best
cap_001103,2026-08-24T15:32:07.125,horizontal,22.84,25.34,3,1,0.8500938548742274,TempBand+Watershed+Merge+ClustSml+ShapeGate+MinPeaks+P-Filter+EquipRej+SkinPrio+Omega+OmScale+OmSplit+OmRot+FarField+GradFarF+Kalman+StaticSup,horizontal best
cap_001104,2026-08-24T15:32:07.218,horizontal,22.84,25.34,3,0,0.0,TempBand+Watershed+Merge+ClustSml+ShapeGate+MinPeaks+P-Filter+EquipRej+SkinPrio+Omega+OmScale+OmSplit+OmRot+FarField+GradFarF+Kalman+StaticSup,horizontal best
cap_001105,2026-08-24T15:32:07.348,horizontal,22.84,25.34,3,0,0.0,TempBand+Watershed+Merge+ClustSml+ShapeGate+MinPeaks+P-Filter+EquipRej+SkinPrio+Omega+OmScale+OmSplit+OmRot+FarField+GradFarF+Kalman+StaticSup,horizontal best
cap_001106,2026-08-24T15:32:07.476,horizontal,22.84,25.34,3,0,0.0,TempBand+Watershed+Merge+ClustSml+ShapeGate+MinPeaks+P-Filter+EquipRej+SkinPrio+Omega+OmScale+OmSplit+OmRot+FarField+GradFarF+Kalman+StaticSup,horizontal best
cap_001107,2026-08-24T15:32:07.570,horizontal,22.82,25.32,3,0,0.0,TempBand+Watershed+Merge+ClustSml+ShapeGate+MinPeaks+P-Filter+EquipRej+SkinPrio+Omega+OmScale+OmSplit+OmRot+FarField+GradFarF+Kalman+StaticSup,horizontal best
cap_001108,2026-08-24T15:32:07.702,horizontal,22.84,25.34,3,0,0.0,TempBand+Watershed+Merge+ClustSml+ShapeGate+MinPeaks+P-Filter+EquipRej+SkinPrio+Omega+OmScale+OmSplit+OmRot+FarField+GradFarF+Kalman+StaticSup,horizontal best
cap_001109,2026-08-24T15:32:07.795,horizontal,22.82,25.32,3,0,0.0,TempBand+Watershed+Merge+ClustSml+ShapeGate+MinPeaks+P-Filter+EquipRej+SkinPrio+Omega+OmScale+OmSplit+OmRot+FarField+GradFarF+Kalman+StaticSup,horizontal best
cap_001110,2026-08-24T15:32:07.921,horizontal,22.82,25.32,3,0,0.0,TempBand+Watershed+Merge+ClustSml+ShapeGate+MinPeaks+P-Filter+EquipRej+SkinPrio+Omega+OmScale+OmSplit+OmRot+FarField+GradFarF+Kalman+StaticSup,horizontal best
cap_001111,2026-08-24T15:32:08.016,horizontal,22.80,25.30,3,0,0.0,TempBand+Watershed+Merge+ClustSml+ShapeGate+MinPeaks+P-Filter+EquipRej+SkinPrio+Omega+OmScale+OmSplit+OmRot+FarField+GradFarF+Kalman+StaticSup,horizontal best
cap_001112,2026-08-24T15:32:08.147,horizontal,22.77,25.27,3,0,0.0,TempBand+Watershed+Merge+ClustSml+ShapeGate+MinPeaks+P-Filter+EquipRej+SkinPrio+Omega+OmScale+OmSplit+OmRot+FarField+GradFarF+Kalman+StaticSup,horizontal best
cap_001113,2026-08-24T15:32:08.278,horizontal,22.75,25.25,3,0,0.0,TempBand+Watershed+Merge+ClustSml+ShapeGate+MinPeaks+P-Filter+EquipRej+SkinPrio+Omega+OmScale+OmSplit+OmRot+FarField+GradFarF+Kalman+StaticSup,horizontal best
cap_001114,2026-08-24T15:32:08.368,horizontal,22.73,25.23,3,0,0.0,TempBand+Watershed+Merge+ClustSml+ShapeGate+MinPeaks+P-Filter+EquipRej+SkinPrio+Omega+OmScale+OmSplit+OmRot+FarField+GradFarF+Kalman+StaticSup,horizontal best
cap_001115,2026-08-24T15:32:08.500,horizontal,22.73,25.23,3,0,0.0,TempBand+Watershed+Merge+ClustSml+ShapeGate+MinPeaks+P-Filter+EquipRej+SkinPrio+Omega+OmScale+OmSplit+OmRot+FarField+GradFarF+Kalman+StaticSup,horizontal best
cap_001116,2026-08-24T15:32:08.592,horizontal,22.75,25.25,3,0,0.0,TempBand+Watershed+Merge+ClustSml+ShapeGate+MinPeaks+P-Filter+EquipRej+SkinPrio+Omega+OmScale+OmSplit+OmRot+FarField+GradFarF+Kalman+StaticSup,horizontal best
cap_001117,2026-08-24T15:32:08.726,horizontal,22.77,25.27,3,0,0.0,TempBand+Watershed+Merge+ClustSml+ShapeGate+MinPeaks+P-Filter+EquipRej+SkinPrio+Omega+OmScale+OmSplit+OmRot+FarField+GradFarF+Kalman+StaticSup,horizontal best
cap_001118,2026-08-24T15:32:08.820,horizontal,22.77,25.27,3,0,0.0,TempBand+Watershed+Merge+ClustSml+ShapeGate+MinPeaks+P-Filter+EquipRej+SkinPrio+Omega+OmScale+OmSplit+OmRot+FarField+GradFarF+Kalman+StaticSup,horizontal best
cap_001119,2026-08-24T15:32:08.948,horizontal,22.75,25.25,3,0,0.0,TempBand+Watershed+Merge+ClustSml+ShapeGate+MinPeaks+P-Filter+EquipRej+SkinPrio+Omega+OmScale+OmSplit+OmRot+FarField+GradFarF+Kalman+StaticSup,horizontal best
cap_001120,2026-08-24T15:32:09.043,horizontal,22.75,25.25,3,0,0.0,TempBand+Watershed+Merge+ClustSml+ShapeGate+MinPeaks+P-Filter+EquipRej+SkinPrio+Omega+OmScale+OmSplit+OmRot+FarField+GradFarF+Kalman+StaticSup,horizontal best
cap_001121,2026-08-24T15:32:09.174,horizontal,22.73,25.23,3,0,0.0,TempBand+Watershed+Merge+ClustSml+ShapeGate+MinPeaks+P-Filter+EquipRej+SkinPrio+Omega+OmScale+OmSplit+OmRot+FarField+GradFarF+Kalman+StaticSup,horizontal best
cap_001122,2026-08-24T15:32:09.302,horizontal,22.75,25.25,3,0,0.0,TempBand+Watershed+Merge+ClustSml+ShapeGate+MinPeaks+P-Filter+EquipRej+SkinPrio+Omega+OmScale+OmSplit+OmRot+FarField+GradFarF+Kalman+StaticSup,horizontal best
cap_001123,2026-08-24T15:32:09.395,horizontal,22.75,25.25,3,0,0.0,TempBand+Watershed+Merge+ClustSml+ShapeGate+MinPeaks+P-Filter+EquipRej+SkinPrio+Omega+OmScale+OmSplit+OmRot+FarField+GradFarF+Kalman+StaticSup,horizontal best
cap_001124,2026-08-24T15:32:09.521,horizontal,22.77,25.27,3,0,0.0,TempBand+Watershed+Merge+ClustSml+ShapeGate+MinPeaks+P-Filter+EquipRej+SkinPrio+Omega+OmScale+OmSplit+OmRot+FarField+GradFarF+Kalman+StaticSup,horizontal best
cap_001125,2026-08-24T15:32:09.618,horizontal,22.75,25.25,2,0,0.0,TempBand+Watershed+Merge+ClustSml+ShapeGate+MinPeaks+P-Filter+EquipRej+SkinPrio+Omega+OmScale+OmSplit+OmRot+FarField+GradFarF+Kalman+StaticSup,horizontal best
cap_001126,2026-08-24T15:32:09.746,horizontal,22.75,25.25,2,0,0.0,TempBand+Watershed+Merge+ClustSml+ShapeGate+MinPeaks+P-Filter+EquipRej+SkinPrio+Omega+OmScale+OmSplit+OmRot+FarField+GradFarF+Kalman+StaticSup,horizontal best
cap_001127,2026-08-24T15:32:09.844,horizontal,22.77,25.27,2,0,0.0,TempBand+Watershed+Merge+ClustSml+ShapeGate+MinPeaks+P-Filter+EquipRej+SkinPrio+Omega+OmScale+OmSplit+OmRot+FarField+GradFarF+Kalman+StaticSup,horizontal best
cap_001128,2026-08-24T15:32:09.971,horizontal,22.77,25.27,2,0,0.0,TempBand+Watershed+Merge+ClustSml+ShapeGate+MinPeaks+P-Filter+EquipRej+SkinPrio+Omega+OmScale+OmSplit+OmRot+FarField+GradFarF+Kalman+StaticSup,horizontal best
cap_001129,2026-08-24T15:32:10.105,horizontal,22.75,25.25,3,0,0.0,TempBand+Watershed+Merge+ClustSml+ShapeGate+MinPeaks+P-Filter+EquipRej+SkinPrio+Omega+OmScale+OmSplit+OmRot+FarField+GradFarF+Kalman+StaticSup,horizontal best
cap_001130,2026-08-24T15:32:10.193,horizontal,22.75,25.25,3,0,0.0,TempBand+Watershed+Merge+ClustSml+ShapeGate+MinPeaks+P-Filter+EquipRej+SkinPrio+Omega+OmScale+OmSplit+OmRot+FarField+GradFarF+Kalman+StaticSup,horizontal best
cap_001131,2026-08-24T15:32:10.327,horizontal,22.73,25.23,3,0,0.0,TempBand+Watershed+Merge+ClustSml+ShapeGate+MinPeaks+P-Filter+EquipRej+SkinPrio+Omega+OmScale+OmSplit+OmRot+FarField+GradFarF+Kalman+StaticSup,horizontal best
cap_001132,2026-08-24T15:32:10.418,horizontal,22.73,25.23,3,0,0.0,TempBand+Watershed+Merge+ClustSml+ShapeGate+MinPeaks+P-Filter+EquipRej+SkinPrio+Omega+OmScale+OmSplit+OmRot+FarField+GradFarF+Kalman+StaticSup,horizontal best
cap_001133,2026-08-24T15:32:10.547,horizontal,22.73,25.23,3,0,0.0,TempBand+Watershed+Merge+ClustSml+ShapeGate+MinPeaks+P-Filter+EquipRej+SkinPrio+Omega+OmScale+OmSplit+OmRot+FarField+GradFarF+Kalman+StaticSup,horizontal best
cap_001134,2026-08-24T15:32:10.643,horizontal,22.70,25.20,3,0,0.0,TempBand+Watershed+Merge+ClustSml+ShapeGate+MinPeaks+P-Filter+EquipRej+SkinPrio+Omega+OmScale+OmSplit+OmRot+FarField+GradFarF+Kalman+StaticSup,horizontal best
cap_001135,2026-08-24T15:32:10.770,horizontal,22.70,25.20,3,0,0.0,TempBand+Watershed+Merge+ClustSml+ShapeGate+MinPeaks+P-Filter+EquipRej+SkinPrio+Omega+OmScale+OmSplit+OmRot+FarField+GradFarF+Kalman+StaticSup,horizontal best
cap_001136,2026-08-24T15:32:10.867,horizontal,22.70,25.20,3,0,0.0,TempBand+Watershed+Merge+ClustSml+ShapeGate+MinPeaks+P-Filter+EquipRej+SkinPrio+Omega+OmScale+OmSplit+OmRot+FarField+GradFarF+Kalman+StaticSup,horizontal best
cap_001137,2026-08-24T15:32:10.996,horizontal,22.68,25.18,3,0,0.0,TempBand+Watershed+Merge+ClustSml+ShapeGate+MinPeaks+P-Filter+EquipRej+SkinPrio+Omega+OmScale+OmSplit+OmRot+FarField+GradFarF+Kalman+StaticSup,horizontal best
cap_001138,2026-08-24T15:32:11.125,horizontal,22.68,25.18,3,0,0.0,TempBand+Watershed+Merge+ClustSml+ShapeGate+MinPeaks+P-Filter+EquipRej+SkinPrio+Omega+OmScale+OmSplit+OmRot+FarField+GradFarF+Kalman+StaticSup,horizontal best
cap_001139,2026-08-24T15:32:11.217,horizontal,22.66,25.16,3,0,0.0,TempBand+Watershed+Merge+ClustSml+ShapeGate+MinPeaks+P-Filter+EquipRej+SkinPrio+Omega+OmScale+OmSplit+OmRot+FarField+GradFarF+Kalman+StaticSup,horizontal best
cap_001140,2026-08-24T15:32:11.346,horizontal,22.66,25.16,3,0,0.0,TempBand+Watershed+Merge+ClustSml+ShapeGate+MinPeaks+P-Filter+EquipRej+SkinPrio+Omega+OmScale+OmSplit+OmRot+FarField+GradFarF+Kalman+StaticSup,horizontal best
cap_001141,2026-08-24T15:32:11.440,horizontal,22.61,25.11,3,0,0.0,TempBand+Watershed+Merge+ClustSml+ShapeGate+MinPeaks+P-Filter+EquipRej+SkinPrio+Omega+OmScale+OmSplit+OmRot+FarField+GradFarF+Kalman+StaticSup,horizontal best
cap_001142,2026-08-24T15:32:11.569,horizontal,22.58,25.08,3,0,0.0,TempBand+Watershed+Merge+ClustSml+ShapeGate+MinPeaks+P-Filter+EquipRej+SkinPrio+Omega+OmScale+OmSplit+OmRot+FarField+GradFarF+Kalman+StaticSup,horizontal best
cap_001143,2026-08-24T15:32:11.667,horizontal,22.58,25.08,3,0,0.0,TempBand+Watershed+Merge+ClustSml+ShapeGate+MinPeaks+P-Filter+EquipRej+SkinPrio+Omega+OmScale+OmSplit+OmRot+FarField+GradFarF+Kalman+StaticSup,horizontal best
cap_001144,2026-08-24T15:32:11.799,horizontal,22.58,25.08,3,0,0.0,TempBand+Watershed+Merge+ClustSml+ShapeGate+MinPeaks+P-Filter+EquipRej+SkinPrio+Omega+OmScale+OmSplit+OmRot+FarField+GradFarF+Kalman+StaticSup,horizontal best
cap_001145,2026-08-24T15:32:11.891,horizontal,22.61,25.11,3,0,0.0,TempBand+Watershed+Merge+ClustSml+ShapeGate+MinPeaks+P-Filter+EquipRej+SkinPrio+Omega+OmScale+OmSplit+OmRot+FarField+GradFarF+Kalman+StaticSup,horizontal best
cap_001146,2026-08-24T15:32:12.019,horizontal,22.63,25.13,3,0,0.0,TempBand+Watershed+Merge+ClustSml+ShapeGate+MinPeaks+P-Filter+EquipRej+SkinPrio+Omega+OmScale+OmSplit+OmRot+FarField+GradFarF+Kalman+StaticSup,horizontal best
cap_001147,2026-08-24T15:32:12.156,horizontal,22.63,25.13,3,0,0.0,TempBand+Watershed+Merge+ClustSml+ShapeGate+MinPeaks+P-Filter+EquipRej+SkinPrio+Omega+OmScale+OmSplit+OmRot+FarField+GradFarF+Kalman+StaticSup,horizontal best
cap_001148,2026-08-24T15:32:12.238,horizontal,22.63,25.13,3,0,0.0,TempBand+Watershed+Merge+ClustSml+ShapeGate+MinPeaks+P-Filter+EquipRej+SkinPrio+Omega+OmScale+OmSplit+OmRot+FarField+GradFarF+Kalman+StaticSup,horizontal best
cap_001149,2026-08-24T15:32:12.370,horizontal,22.63,25.13,3,0,0.0,TempBand+Watershed+Merge+ClustSml+ShapeGate+MinPeaks+P-Filter+EquipRej+SkinPrio+Omega+OmScale+OmSplit+OmRot+FarField+GradFarF+Kalman+StaticSup,horizontal best
cap_001150,2026-08-24T15:32:12.463,horizontal,22.61,25.11,3,0,0.0,TempBand+Watershed+Merge+ClustSml+ShapeGate+MinPeaks+P-Filter+EquipRej+SkinPrio+Omega+OmScale+OmSplit+OmRot+FarField+GradFarF+Kalman+StaticSup,horizontal best
cap_001151,2026-08-24T15:32:12.591,horizontal,22.58,25.08,1,0,0.0,TempBand+Watershed+Merge+ClustSml+ShapeGate+MinPeaks+P-Filter+EquipRej+SkinPrio+Omega+OmScale+OmSplit+OmRot+FarField+GradFarF+Kalman+StaticSup,horizontal best
cap_001152,2026-08-24T15:32:12.688,horizontal,22.56,25.06,2,0,0.0,TempBand+Watershed+Merge+ClustSml+ShapeGate+MinPeaks+P-Filter+EquipRej+SkinPrio+Omega+OmScale+OmSplit+OmRot+FarField+GradFarF+Kalman+StaticSup,horizontal best
cap_001153,2026-08-24T15:32:12.816,horizontal,22.56,25.06,2,0,0.0,TempBand+Watershed+Merge+ClustSml+ShapeGate+MinPeaks+P-Filter+EquipRej+SkinPrio+Omega+OmScale+OmSplit+OmRot+FarField+GradFarF+Kalman+StaticSup,horizontal best
cap_001154,2026-08-24T15:32:12.945,horizontal,22.56,25.06,2,0,0.0,TempBand+Watershed+Merge+ClustSml+ShapeGate+MinPeaks+P-Filter+EquipRej+SkinPrio+Omega+OmScale+OmSplit+OmRot+FarField+GradFarF+Kalman+StaticSup,horizontal best
cap_001155,2026-08-24T15:32:13.043,horizontal,22.56,25.06,2,0,0.0,TempBand+Watershed+Merge+ClustSml+ShapeGate+MinPeaks+P-Filter+EquipRej+SkinPrio+Omega+OmScale+OmSplit+OmRot+FarField+GradFarF+Kalman+StaticSup,horizontal best
cap_001156,2026-08-24T15:32:13.167,horizontal,22.54,25.04,1,0,0.0,TempBand+Watershed+Merge+ClustSml+ShapeGate+MinPeaks+P-Filter+EquipRej+SkinPrio+Omega+OmScale+OmSplit+OmRot+FarField+GradFarF+Kalman+StaticSup,horizontal best
cap_001157,2026-08-24T15:32:13.265,horizontal,22.54,25.04,1,0,0.0,TempBand+Watershed+Merge+ClustSml+ShapeGate+MinPeaks+P-Filter+EquipRej+SkinPrio+Omega+OmScale+OmSplit+OmRot+FarField+GradFarF+Kalman+StaticSup,horizontal best
cap_001158,2026-08-24T15:32:13.393,horizontal,22.56,25.06,2,0,0.0,TempBand+Watershed+Merge+ClustSml+ShapeGate+MinPeaks+P-Filter+EquipRej+SkinPrio+Omega+OmScale+OmSplit+OmRot+FarField+GradFarF+Kalman+StaticSup,horizontal best
cap_001159,2026-08-24T15:32:13.490,horizontal,22.54,25.04,2,0,0.0,TempBand+Watershed+Merge+ClustSml+ShapeGate+MinPeaks+P-Filter+EquipRej+SkinPrio+Omega+OmScale+OmSplit+OmRot+FarField+GradFarF+Kalman+StaticSup,horizontal best
cap_001160,2026-08-24T15:32:13.619,horizontal,22.54,25.04,1,0,0.0,TempBand+Watershed+Merge+ClustSml+ShapeGate+MinPeaks+P-Filter+EquipRej+SkinPrio+Omega+OmScale+OmSplit+OmRot+FarField+GradFarF+Kalman+StaticSup,horizontal best
cap_001161,2026-08-24T15:32:13.710,horizontal,22.54,25.04,1,0,0.0,TempBand+Watershed+Merge+ClustSml+ShapeGate+MinPeaks+P-Filter+EquipRej+SkinPrio+Omega+OmScale+OmSplit+OmRot+FarField+GradFarF+Kalman+StaticSup,horizontal best
cap_001162,2026-08-24T15:32:13.844,horizontal,22.56,25.06,1,0,0.0,TempBand+Watershed+Merge+ClustSml+ShapeGate+MinPeaks+P-Filter+EquipRej+SkinPrio+Omega+OmScale+OmSplit+OmRot+FarField+GradFarF+Kalman+StaticSup,horizontal best
cap_001163,2026-08-24T15:32:13.969,horizontal,22.54,25.04,1,0,0.0,TempBand+Watershed+Merge+ClustSml+ShapeGate+MinPeaks+P-Filter+EquipRej+SkinPrio+Omega+OmScale+OmSplit+OmRot+FarField+GradFarF+Kalman+StaticSup,horizontal best
cap_001164,2026-08-24T15:32:14.064,horizontal,22.54,25.04,1,0,0.0,TempBand+Watershed+Merge+ClustSml+ShapeGate+MinPeaks+P-Filter+EquipRej+SkinPrio+Omega+OmScale+OmSplit+OmRot+FarField+GradFarF+Kalman+StaticSup,horizontal best
cap_001165,2026-08-24T15:32:14.193,horizontal,22.56,25.06,1,0,0.0,TempBand+Watershed+Merge+ClustSml+ShapeGate+MinPeaks+P-Filter+EquipRej+SkinPrio+Omega+OmScale+OmSplit+OmRot+FarField+GradFarF+Kalman+StaticSup,horizontal best
cap_001166,2026-08-24T15:32:14.291,horizontal,22.53,25.03,1,0,0.0,TempBand+Watershed+Merge+ClustSml+ShapeGate+MinPeaks+P-Filter+EquipRej+SkinPrio+Omega+OmScale+OmSplit+OmRot+FarField+GradFarF+Kalman+StaticSup,horizontal best
cap_001167,2026-08-24T15:32:14.417,horizontal,22.51,25.01,1,0,0.0,TempBand+Watershed+Merge+ClustSml+ShapeGate+MinPeaks+P-Filter+EquipRej+SkinPrio+Omega+OmScale+OmSplit+OmRot+FarField+GradFarF+Kalman+StaticSup,horizontal best
cap_001168,2026-08-24T15:32:14.511,horizontal,22.51,25.01,1,0,0.0,TempBand+Watershed+Merge+ClustSml+ShapeGate+MinPeaks+P-Filter+EquipRej+SkinPrio+Omega+OmScale+OmSplit+OmRot+FarField+GradFarF+Kalman+StaticSup,horizontal best
cap_001169,2026-08-24T15:32:14.646,horizontal,22.49,24.99,1,0,0.0,TempBand+Watershed+Merge+ClustSml+ShapeGate+MinPeaks+P-Filter+EquipRej+SkinPrio+Omega+OmScale+OmSplit+OmRot+FarField+GradFarF+Kalman+StaticSup,horizontal best
cap_001170,2026-08-24T15:32:14.767,horizontal,22.49,24.99,1,0,0.0,TempBand+Watershed+Merge+ClustSml+ShapeGate+MinPeaks+P-Filter+EquipRej+SkinPrio+Omega+OmScale+OmSplit+OmRot+FarField+GradFarF+Kalman+StaticSup,horizontal best
cap_001171,2026-08-24T15:32:14.864,horizontal,22.49,24.99,1,0,0.0,TempBand+Watershed+Merge+ClustSml+ShapeGate+MinPeaks+P-Filter+EquipRej+SkinPrio+Omega+OmScale+OmSplit+OmRot+FarField+GradFarF+Kalman+StaticSup,horizontal best
cap_001172,2026-08-24T15:32:14.994,horizontal,22.51,25.01,1,0,0.0,TempBand+Watershed+Merge+ClustSml+ShapeGate+MinPeaks+P-Filter+EquipRej+SkinPrio+Omega+OmScale+OmSplit+OmRot+FarField+GradFarF+Kalman+StaticSup,horizontal best
cap_001173,2026-08-24T15:32:15.088,horizontal,22.51,25.01,2,0,0.0,TempBand+Watershed+Merge+ClustSml+ShapeGate+MinPeaks+P-Filter+EquipRej+SkinPrio+Omega+OmScale+OmSplit+OmRot+FarField+GradFarF+Kalman+StaticSup,horizontal best
cap_001174,2026-08-24T15:32:15.216,horizontal,22.51,25.01,2,0,0.0,TempBand+Watershed+Merge+ClustSml+ShapeGate+MinPeaks+P-Filter+EquipRej+SkinPrio+Omega+OmScale+OmSplit+OmRot+FarField+GradFarF+Kalman+StaticSup,horizontal best
cap_001175,2026-08-24T15:32:15.312,horizontal,22.49,24.99,2,0,0.0,TempBand+Watershed+Merge+ClustSml+ShapeGate+MinPeaks+P-Filter+EquipRej+SkinPrio+Omega+OmScale+OmSplit+OmRot+FarField+GradFarF+Kalman+StaticSup,horizontal best
cap_001176,2026-08-24T15:32:15.443,horizontal,22.51,25.01,2,0,0.0,TempBand+Watershed+Merge+ClustSml+ShapeGate+MinPeaks+P-Filter+EquipRej+SkinPrio+Omega+OmScale+OmSplit+OmRot+FarField+GradFarF+Kalman+StaticSup,horizontal best
cap_001177,2026-08-24T15:32:15.536,horizontal,22.54,25.04,2,0,0.0,TempBand+Watershed+Merge+ClustSml+ShapeGate+MinPeaks+P-Filter+EquipRej+SkinPrio+Omega+OmScale+OmSplit+OmRot+FarField+GradFarF+Kalman+StaticSup,horizontal best
cap_001178,2026-08-24T15:32:15.667,horizontal,22.54,25.04,2,0,0.0,TempBand+Watershed+Merge+ClustSml+ShapeGate+MinPeaks+P-Filter+EquipRej+SkinPrio+Omega+OmScale+OmSplit+OmRot+FarField+GradFarF+Kalman+StaticSup,horizontal best
cap_001179,2026-08-24T15:32:15.794,horizontal,22.54,25.04,1,0,0.0,TempBand+Watershed+Merge+ClustSml+ShapeGate+MinPeaks+P-Filter+EquipRej+SkinPrio+Omega+OmScale+OmSplit+OmRot+FarField+GradFarF+Kalman+StaticSup,horizontal best
cap_001180,2026-08-24T15:32:15.888,horizontal,22.54,25.04,1,0,0.0,TempBand+Watershed+Merge+ClustSml+ShapeGate+MinPeaks+P-Filter+EquipRej+SkinPrio+Omega+OmScale+OmSplit+OmRot+FarField+GradFarF+Kalman+StaticSup,horizontal best
cap_001181,2026-08-24T15:32:16.018,horizontal,22.54,25.04,1,0,0.0,TempBand+Watershed+Merge+ClustSml+ShapeGate+MinPeaks+P-Filter+EquipRej+SkinPrio+Omega+OmScale+OmSplit+OmRot+FarField+GradFarF+Kalman+StaticSup,horizontal best
cap_001182,2026-08-24T15:32:16.114,horizontal,22.54,25.04,2,0,0.0,TempBand+Watershed+Merge+ClustSml+ShapeGate+MinPeaks+P-Filter+EquipRej+SkinPrio+Omega+OmScale+OmSplit+OmRot+FarField+GradFarF+Kalman+StaticSup,horizontal best
cap_001183,2026-08-24T15:32:16.242,horizontal,22.54,25.04,1,0,0.0,TempBand+Watershed+Merge+ClustSml+ShapeGate+MinPeaks+P-Filter+EquipRej+SkinPrio+Omega+OmScale+OmSplit+OmRot+FarField+GradFarF+Kalman+StaticSup,horizontal best
cap_001184,2026-08-24T15:32:16.333,horizontal,22.51,25.01,1,0,0.0,TempBand+Watershed+Merge+ClustSml+ShapeGate+MinPeaks+P-Filter+EquipRej+SkinPrio+Omega+OmScale+OmSplit+OmRot+FarField+GradFarF+Kalman+StaticSup,horizontal best
cap_001185,2026-08-24T15:32:16.469,horizontal,22.54,25.04,1,0,0.0,TempBand+Watershed+Merge+ClustSml+ShapeGate+MinPeaks+P-Filter+EquipRej+SkinPrio+Omega+OmScale+OmSplit+OmRot+FarField+GradFarF+Kalman+StaticSup,horizontal best
cap_001186,2026-08-24T15:32:16.625,horizontal,22.54,25.04,1,0,0.0,TempBand+Watershed+Merge+ClustSml+ShapeGate+MinPeaks+P-Filter+EquipRej+SkinPrio+Omega+OmScale+OmSplit+OmRot+FarField+GradFarF+Kalman+StaticSup,horizontal best
cap_001187,2026-08-24T15:32:16.684,horizontal,22.54,25.04,1,0,0.0,TempBand+Watershed+Merge+ClustSml+ShapeGate+MinPeaks+P-Filter+EquipRej+SkinPrio+Omega+OmScale+OmSplit+OmRot+FarField+GradFarF+Kalman+StaticSup,horizontal best
cap_001188,2026-08-24T15:32:16.814,horizontal,22.54,25.04,1,0,0.0,TempBand+Watershed+Merge+ClustSml+ShapeGate+MinPeaks+P-Filter+EquipRej+SkinPrio+Omega+OmScale+OmSplit+OmRot+FarField+GradFarF+Kalman+StaticSup,horizontal best
cap_001189,2026-08-24T15:32:16.908,horizontal,22.54,25.04,1,0,0.0,TempBand+Watershed+Merge+ClustSml+ShapeGate+MinPeaks+P-Filter+EquipRej+SkinPrio+Omega+OmScale+OmSplit+OmRot+FarField+GradFarF+Kalman+StaticSup,horizontal best
cap_001190,2026-08-24T15:32:17.038,horizontal,22.56,25.06,1,0,0.0,TempBand+Watershed+Merge+ClustSml+ShapeGate+MinPeaks+P-Filter+EquipRej+SkinPrio+Omega+OmScale+OmSplit+OmRot+FarField+GradFarF+Kalman+StaticSup,horizontal best
cap_001191,2026-08-24T15:32:17.137,horizontal,22.56,25.06,1,0,0.0,TempBand+Watershed+Merge+ClustSml+ShapeGate+MinPeaks+P-Filter+EquipRej+SkinPrio+Omega+OmScale+OmSplit+OmRot+FarField+GradFarF+Kalman+StaticSup,horizontal best
cap_001192,2026-08-24T15:32:17.261,horizontal,22.56,25.06,1,0,0.0,TempBand+Watershed+Merge+ClustSml+ShapeGate+MinPeaks+P-Filter+EquipRej+SkinPrio+Omega+OmScale+OmSplit+OmRot+FarField+GradFarF+Kalman+StaticSup,horizontal best
cap_001193,2026-08-24T15:32:17.364,horizontal,22.56,25.06,1,0,0.0,TempBand+Watershed+Merge+ClustSml+ShapeGate+MinPeaks+P-Filter+EquipRej+SkinPrio+Omega+OmScale+OmSplit+OmRot+FarField+GradFarF+Kalman+StaticSup,horizontal best
cap_001194,2026-08-24T15:32:17.492,horizontal,22.56,25.06,1,0,0.0,TempBand+Watershed+Merge+ClustSml+ShapeGate+MinPeaks+P-Filter+EquipRej+SkinPrio+Omega+OmScale+OmSplit+OmRot+FarField+GradFarF+Kalman+StaticSup,horizontal best
cap_001195,2026-08-24T15:32:17.616,horizontal,22.56,25.06,1,0,0.0,TempBand+Watershed+Merge+ClustSml+ShapeGate+MinPeaks+P-Filter+EquipRej+SkinPrio+Omega+OmScale+OmSplit+OmRot+FarField+GradFarF+Kalman+StaticSup,horizontal best
cap_001196,2026-08-24T15:32:17.710,horizontal,22.61,25.11,1,0,0.0,TempBand+Watershed+Merge+ClustSml+ShapeGate+MinPeaks+P-Filter+EquipRej+SkinPrio+Omega+OmScale+OmSplit+OmRot+FarField+GradFarF+Kalman+StaticSup,horizontal best
cap_001197,2026-08-24T15:32:17.839,horizontal,22.61,25.11,1,0,0.0,TempBand+Watershed+Merge+ClustSml+ShapeGate+MinPeaks+P-Filter+EquipRej+SkinPrio+Omega+OmScale+OmSplit+OmRot+FarField+GradFarF+Kalman+StaticSup,horizontal best
cap_001198,2026-08-24T15:32:17.938,horizontal,22.61,25.11,1,0,0.0,TempBand+Watershed+Merge+ClustSml+ShapeGate+MinPeaks+P-Filter+EquipRej+SkinPrio+Omega+OmScale+OmSplit+OmRot+FarField+GradFarF+Kalman+StaticSup,horizontal best
cap_001199,2026-08-24T15:32:18.063,horizontal,22.58,25.08,1,0,0.0,TempBand+Watershed+Merge+ClustSml+ShapeGate+MinPeaks+P-Filter+EquipRej+SkinPrio+Omega+OmScale+OmSplit+OmRot+FarField+GradFarF+Kalman+StaticSup,horizontal best
cap_001200,2026-08-24T15:32:18.161,horizontal,22.58,25.08,1,0,0.0,TempBand+Watershed+Merge+ClustSml+ShapeGate+MinPeaks+P-Filter+EquipRej+SkinPrio+Omega+OmScale+OmSplit+OmRot+FarField+GradFarF+Kalman+StaticSup,horizontal best
cap_001201,2026-08-24T15:32:18.293,horizontal,22.58,25.08,1,0,0.0,TempBand+Watershed+Merge+ClustSml+ShapeGate+MinPeaks+P-Filter+EquipRej+SkinPrio+Omega+OmScale+OmSplit+OmRot+FarField+GradFarF+Kalman+StaticSup,horizontal best
cap_001202,2026-08-24T15:32:18.387,horizontal,22.58,25.08,1,0,0.0,TempBand+Watershed+Merge+ClustSml+ShapeGate+MinPeaks+P-Filter+EquipRej+SkinPrio+Omega+OmScale+OmSplit+OmRot+FarField+GradFarF+Kalman+StaticSup,horizontal best
cap_001203,2026-08-24T15:32:18.516,horizontal,22.58,25.08,1,0,0.0,TempBand+Watershed+Merge+ClustSml+ShapeGate+MinPeaks+P-Filter+EquipRej+SkinPrio+Omega+OmScale+OmSplit+OmRot+FarField+GradFarF+Kalman+StaticSup,horizontal best
cap_001204,2026-08-24T15:32:18.642,horizontal,22.58,25.08,1,0,0.0,TempBand+Watershed+Merge+ClustSml+ShapeGate+MinPeaks+P-Filter+EquipRej+SkinPrio+Omega+OmScale+OmSplit+OmRot+FarField+GradFarF+Kalman+StaticSup,horizontal best
cap_001205,2026-08-24T15:32:18.738,horizontal,22.56,25.06,1,0,0.0,TempBand+Watershed+Merge+ClustSml+ShapeGate+MinPeaks+P-Filter+EquipRej+SkinPrio+Omega+OmScale+OmSplit+OmRot+FarField+GradFarF+Kalman+StaticSup,horizontal best
cap_001206,2026-08-24T15:32:18.868,horizontal,22.56,25.06,1,0,0.0,TempBand+Watershed+Merge+ClustSml+ShapeGate+MinPeaks+P-Filter+EquipRej+SkinPrio+Omega+OmScale+OmSplit+OmRot+FarField+GradFarF+Kalman+StaticSup,horizontal best
cap_001207,2026-08-24T15:32:18.962,horizontal,22.56,25.06,1,0,0.0,TempBand+Watershed+Merge+ClustSml+ShapeGate+MinPeaks+P-Filter+EquipRej+SkinPrio+Omega+OmScale+OmSplit+OmRot+FarField+GradFarF+Kalman+StaticSup,horizontal best
cap_001208,2026-08-24T15:32:19.093,horizontal,22.56,25.06,1,0,0.0,TempBand+Watershed+Merge+ClustSml+ShapeGate+MinPeaks+P-Filter+EquipRej+SkinPrio+Omega+OmScale+OmSplit+OmRot+FarField+GradFarF+Kalman+StaticSup,horizontal best
cap_001209,2026-08-24T15:32:19.187,horizontal,22.54,25.04,1,0,0.0,TempBand+Watershed+Merge+ClustSml+ShapeGate+MinPeaks+P-Filter+EquipRej+SkinPrio+Omega+OmScale+OmSplit+OmRot+FarField+GradFarF+Kalman+StaticSup,horizontal best
cap_001210,2026-08-24T15:32:19.322,horizontal,22.56,25.06,1,0,0.0,TempBand+Watershed+Merge+ClustSml+ShapeGate+MinPeaks+P-Filter+EquipRej+SkinPrio+Omega+OmScale+OmSplit+OmRot+FarField+GradFarF+Kalman+StaticSup,horizontal best
cap_001211,2026-08-24T15:32:19.446,horizontal,22.56,25.06,1,0,0.0,TempBand+Watershed+Merge+ClustSml+ShapeGate+MinPeaks+P-Filter+EquipRej+SkinPrio+Omega+OmScale+OmSplit+OmRot+FarField+GradFarF+Kalman+StaticSup,horizontal best
cap_001212,2026-08-24T15:32:19.537,horizontal,22.56,25.06,1,0,0.0,TempBand+Watershed+Merge+ClustSml+ShapeGate+MinPeaks+P-Filter+EquipRej+SkinPrio+Omega+OmScale+OmSplit+OmRot+FarField+GradFarF+Kalman+StaticSup,horizontal best
cap_001213,2026-08-24T15:32:19.667,horizontal,22.56,25.06,1,0,0.0,TempBand+Watershed+Merge+ClustSml+ShapeGate+MinPeaks+P-Filter+EquipRej+SkinPrio+Omega+OmScale+OmSplit+OmRot+FarField+GradFarF+Kalman+StaticSup,horizontal best
cap_001214,2026-08-24T15:32:19.760,horizontal,22.56,25.06,1,0,0.0,TempBand+Watershed+Merge+ClustSml+ShapeGate+MinPeaks+P-Filter+EquipRej+SkinPrio+Omega+OmScale+OmSplit+OmRot+FarField+GradFarF+Kalman+StaticSup,horizontal best
cap_001215,2026-08-24T15:32:19.894,horizontal,22.58,25.08,2,0,0.0,TempBand+Watershed+Merge+ClustSml+ShapeGate+MinPeaks+P-Filter+EquipRej+SkinPrio+Omega+OmScale+OmSplit+OmRot+FarField+GradFarF+Kalman+StaticSup,horizontal best
cap_001216,2026-08-24T15:32:19.985,horizontal,22.56,25.06,2,0,0.0,TempBand+Watershed+Merge+ClustSml+ShapeGate+MinPeaks+P-Filter+EquipRej+SkinPrio+Omega+OmScale+OmSplit+OmRot+FarField+GradFarF+Kalman+StaticSup,horizontal best
cap_001217,2026-08-24T15:32:20.116,horizontal,22.56,25.06,2,0,0.0,TempBand+Watershed+Merge+ClustSml+ShapeGate+MinPeaks+P-Filter+EquipRej+SkinPrio+Omega+OmScale+OmSplit+OmRot+FarField+GradFarF+Kalman+StaticSup,horizontal best
cap_001218,2026-08-24T15:32:20.208,horizontal,22.56,25.06,1,0,0.0,TempBand+Watershed+Merge+ClustSml+ShapeGate+MinPeaks+P-Filter+EquipRej+SkinPrio+Omega+OmScale+OmSplit+OmRot+FarField+GradFarF+Kalman+StaticSup,horizontal best
cap_001219,2026-08-24T15:32:20.341,horizontal,22.56,25.06,2,0,0.0,TempBand+Watershed+Merge+ClustSml+ShapeGate+MinPeaks+P-Filter+EquipRej+SkinPrio+Omega+OmScale+OmSplit+OmRot+FarField+GradFarF+Kalman+StaticSup,horizontal best
cap_001220,2026-08-24T15:32:20.466,horizontal,22.56,25.06,1,0,0.0,TempBand+Watershed+Merge+ClustSml+ShapeGate+MinPeaks+P-Filter+EquipRej+SkinPrio+Omega+OmScale+OmSplit+OmRot+FarField+GradFarF+Kalman+StaticSup,horizontal best
cap_001221,2026-08-24T15:32:20.559,horizontal,22.58,25.08,1,0,0.0,TempBand+Watershed+Merge+ClustSml+ShapeGate+MinPeaks+P-Filter+EquipRej+SkinPrio+Omega+OmScale+OmSplit+OmRot+FarField+GradFarF+Kalman+StaticSup,horizontal best
cap_001222,2026-08-24T15:32:20.691,horizontal,22.58,25.08,1,0,0.0,TempBand+Watershed+Merge+ClustSml+ShapeGate+MinPeaks+P-Filter+EquipRej+SkinPrio+Omega+OmScale+OmSplit+OmRot+FarField+GradFarF+Kalman+StaticSup,horizontal best
cap_001223,2026-08-24T15:32:20.784,horizontal,22.56,25.06,1,0,0.0,TempBand+Watershed+Merge+ClustSml+ShapeGate+MinPeaks+P-Filter+EquipRej+SkinPrio+Omega+OmScale+OmSplit+OmRot+FarField+GradFarF+Kalman+StaticSup,horizontal best
cap_001224,2026-08-24T15:32:20.917,horizontal,22.56,25.06,1,0,0.0,TempBand+Watershed+Merge+ClustSml+ShapeGate+MinPeaks+P-Filter+EquipRej+SkinPrio+Omega+OmScale+OmSplit+OmRot+FarField+GradFarF+Kalman+StaticSup,horizontal best
cap_001225,2026-08-24T15:32:21.009,horizontal,22.56,25.06,1,0,0.0,TempBand+Watershed+Merge+ClustSml+ShapeGate+MinPeaks+P-Filter+EquipRej+SkinPrio+Omega+OmScale+OmSplit+OmRot+FarField+GradFarF+Kalman+StaticSup,horizontal best
cap_001226,2026-08-24T15:32:21.139,horizontal,22.56,25.06,1,0,0.0,TempBand+Watershed+Merge+ClustSml+ShapeGate+MinPeaks+P-Filter+EquipRej+SkinPrio+Omega+OmScale+OmSplit+OmRot+FarField+GradFarF+Kalman+StaticSup,horizontal best
cap_001227,2026-08-24T15:32:21.272,horizontal,22.56,25.06,1,0,0.0,TempBand+Watershed+Merge+ClustSml+ShapeGate+MinPeaks+P-Filter+EquipRej+SkinPrio+Omega+OmScale+OmSplit+OmRot+FarField+GradFarF+Kalman+StaticSup,horizontal best
cap_001228,2026-08-24T15:32:21.361,horizontal,22.56,25.06,1,0,0.0,TempBand+Watershed+Merge+ClustSml+ShapeGate+MinPeaks+P-Filter+EquipRej+SkinPrio+Omega+OmScale+OmSplit+OmRot+FarField+GradFarF+Kalman+StaticSup,horizontal best
cap_001229,2026-08-24T15:32:21.491,horizontal,22.58,25.08,1,0,0.0,TempBand+Watershed+Merge+ClustSml+ShapeGate+MinPeaks+P-Filter+EquipRej+SkinPrio+Omega+OmScale+OmSplit+OmRot+FarField+GradFarF+Kalman+StaticSup,horizontal best
cap_001230,2026-08-24T15:32:21.582,horizontal,22.66,25.16,1,0,0.0,TempBand+Watershed+Merge+ClustSml+ShapeGate+MinPeaks+P-Filter+EquipRej+SkinPrio+Omega+OmScale+OmSplit+OmRot+FarField+GradFarF+Kalman+StaticSup,horizontal best
cap_001231,2026-08-24T15:32:21.714,horizontal,22.66,25.16,1,0,0.0,TempBand+Watershed+Merge+ClustSml+ShapeGate+MinPeaks+P-Filter+EquipRej+SkinPrio+Omega+OmScale+OmSplit+OmRot+FarField+GradFarF+Kalman+StaticSup,horizontal best
cap_001232,2026-08-24T15:32:21.810,horizontal,22.66,25.16,2,0,0.0,TempBand+Watershed+Merge+ClustSml+ShapeGate+MinPeaks+P-Filter+EquipRej+SkinPrio+Omega+OmScale+OmSplit+OmRot+FarField+GradFarF+Kalman+StaticSup,horizontal best
cap_001233,2026-08-24T15:32:21.936,horizontal,22.63,25.13,2,0,0.0,TempBand+Watershed+Merge+ClustSml+ShapeGate+MinPeaks+P-Filter+EquipRej+SkinPrio+Omega+OmScale+OmSplit+OmRot+FarField+GradFarF+Kalman+StaticSup,horizontal best
cap_001234,2026-08-24T15:32:22.029,horizontal,22.63,25.13,2,0,0.0,TempBand+Watershed+Merge+ClustSml+ShapeGate+MinPeaks+P-Filter+EquipRej+SkinPrio+Omega+OmScale+OmSplit+OmRot+FarField+GradFarF+Kalman+StaticSup,horizontal best
cap_001235,2026-08-24T15:32:22.163,horizontal,22.63,25.13,2,0,0.0,TempBand+Watershed+Merge+ClustSml+ShapeGate+MinPeaks+P-Filter+EquipRej+SkinPrio+Omega+OmScale+OmSplit+OmRot+FarField+GradFarF+Kalman+StaticSup,horizontal best
cap_001236,2026-08-24T15:32:22.298,horizontal,22.61,25.11,2,0,0.0,TempBand+Watershed+Merge+ClustSml+ShapeGate+MinPeaks+P-Filter+EquipRej+SkinPrio+Omega+OmScale+OmSplit+OmRot+FarField+GradFarF+Kalman+StaticSup,horizontal best
cap_001237,2026-08-24T15:32:22.386,horizontal,22.56,25.06,2,0,0.0,TempBand+Watershed+Merge+ClustSml+ShapeGate+MinPeaks+P-Filter+EquipRej+SkinPrio+Omega+OmScale+OmSplit+OmRot+FarField+GradFarF+Kalman+StaticSup,horizontal best
cap_001238,2026-08-24T15:32:22.516,horizontal,22.56,25.06,2,0,0.0,TempBand+Watershed+Merge+ClustSml+ShapeGate+MinPeaks+P-Filter+EquipRej+SkinPrio+Omega+OmScale+OmSplit+OmRot+FarField+GradFarF+Kalman+StaticSup,horizontal best
cap_001239,2026-08-24T15:32:22.608,horizontal,22.61,25.11,2,0,0.0,TempBand+Watershed+Merge+ClustSml+ShapeGate+MinPeaks+P-Filter+EquipRej+SkinPrio+Omega+OmScale+OmSplit+OmRot+FarField+GradFarF+Kalman+StaticSup,horizontal best
cap_001240,2026-08-24T15:32:22.736,horizontal,22.61,25.11,1,0,0.0,TempBand+Watershed+Merge+ClustSml+ShapeGate+MinPeaks+P-Filter+EquipRej+SkinPrio+Omega+OmScale+OmSplit+OmRot+FarField+GradFarF+Kalman+StaticSup,horizontal best
cap_001241,2026-08-24T15:32:22.833,horizontal,22.63,25.13,1,0,0.0,TempBand+Watershed+Merge+ClustSml+ShapeGate+MinPeaks+P-Filter+EquipRej+SkinPrio+Omega+OmScale+OmSplit+OmRot+FarField+GradFarF+Kalman+StaticSup,horizontal best
cap_001242,2026-08-24T15:32:22.957,horizontal,22.63,25.13,1,0,0.0,TempBand+Watershed+Merge+ClustSml+ShapeGate+MinPeaks+P-Filter+EquipRej+SkinPrio+Omega+OmScale+OmSplit+OmRot+FarField+GradFarF+Kalman+StaticSup,horizontal best
cap_001243,2026-08-24T15:32:23.088,horizontal,22.63,25.13,1,0,0.0,TempBand+Watershed+Merge+ClustSml+ShapeGate+MinPeaks+P-Filter+EquipRej+SkinPrio+Omega+OmScale+OmSplit+OmRot+FarField+GradFarF+Kalman+StaticSup,horizontal best
cap_001244,2026-08-24T15:32:23.184,horizontal,22.61,25.11,1,0,0.0,TempBand+Watershed+Merge+ClustSml+ShapeGate+MinPeaks+P-Filter+EquipRej+SkinPrio+Omega+OmScale+OmSplit+OmRot+FarField+GradFarF+Kalman+StaticSup,horizontal best
cap_001245,2026-08-24T15:32:23.314,horizontal,22.61,25.11,2,0,0.0,TempBand+Watershed+Merge+ClustSml+ShapeGate+MinPeaks+P-Filter+EquipRej+SkinPrio+Omega+OmScale+OmSplit+OmRot+FarField+GradFarF+Kalman+StaticSup,horizontal best
cap_001246,2026-08-24T15:32:23.409,horizontal,22.61,25.11,2,0,0.0,TempBand+Watershed+Merge+ClustSml+ShapeGate+MinPeaks+P-Filter+EquipRej+SkinPrio+Omega+OmScale+OmSplit+OmRot+FarField+GradFarF+Kalman+StaticSup,horizontal best
cap_001247,2026-08-24T15:32:23.535,horizontal,22.61,25.11,2,0,0.0,TempBand+Watershed+Merge+ClustSml+ShapeGate+MinPeaks+P-Filter+EquipRej+SkinPrio+Omega+OmScale+OmSplit+OmRot+FarField+GradFarF+Kalman+StaticSup,horizontal best
cap_001248,2026-08-24T15:32:23.633,horizontal,22.61,25.11,2,0,0.0,TempBand+Watershed+Merge+ClustSml+ShapeGate+MinPeaks+P-Filter+EquipRej+SkinPrio+Omega+OmScale+OmSplit+OmRot+FarField+GradFarF+Kalman+StaticSup,horizontal best
cap_001249,2026-08-24T15:32:23.759,horizontal,22.61,25.11,2,0,0.0,TempBand+Watershed+Merge+ClustSml+ShapeGate+MinPeaks+P-Filter+EquipRej+SkinPrio+Omega+OmScale+OmSplit+OmRot+FarField+GradFarF+Kalman+StaticSup,horizontal best
cap_001250,2026-08-24T15:32:23.856,horizontal,22.61,25.11,2,0,0.0,TempBand+Watershed+Merge+ClustSml+ShapeGate+MinPeaks+P-Filter+EquipRej+SkinPrio+Omega+OmScale+OmSplit+OmRot+FarField+GradFarF+Kalman+StaticSup,horizontal best
cap_001251,2026-08-24T15:32:23.985,horizontal,22.61,25.11,2,0,0.0,TempBand+Watershed+Merge+ClustSml+ShapeGate+MinPeaks+P-Filter+EquipRej+SkinPrio+Omega+OmScale+OmSplit+OmRot+FarField+GradFarF+Kalman+StaticSup,horizontal best
cap_001252,2026-08-24T15:32:24.116,horizontal,22.58,25.08,2,0,0.0,TempBand+Watershed+Merge+ClustSml+ShapeGate+MinPeaks+P-Filter+EquipRej+SkinPrio+Omega+OmScale+OmSplit+OmRot+FarField+GradFarF+Kalman+StaticSup,horizontal best
cap_001253,2026-08-24T15:32:24.214,horizontal,22.56,25.06,2,0,0.0,TempBand+Watershed+Merge+ClustSml+ShapeGate+MinPeaks+P-Filter+EquipRej+SkinPrio+Omega+OmScale+OmSplit+OmRot+FarField+GradFarF+Kalman+StaticSup,horizontal best
cap_001254,2026-08-24T15:32:24.338,horizontal,22.58,25.08,2,0,0.0,TempBand+Watershed+Merge+ClustSml+ShapeGate+MinPeaks+P-Filter+EquipRej+SkinPrio+Omega+OmScale+OmSplit+OmRot+FarField+GradFarF+Kalman+StaticSup,horizontal best
cap_001255,2026-08-24T15:32:24.436,horizontal,22.58,25.08,2,0,0.0,TempBand+Watershed+Merge+ClustSml+ShapeGate+MinPeaks+P-Filter+EquipRej+SkinPrio+Omega+OmScale+OmSplit+OmRot+FarField+GradFarF+Kalman+StaticSup,horizontal best
cap_001256,2026-08-24T15:32:24.559,horizontal,22.61,25.11,3,0,0.0,TempBand+Watershed+Merge+ClustSml+ShapeGate+MinPeaks+P-Filter+EquipRej+SkinPrio+Omega+OmScale+OmSplit+OmRot+FarField+GradFarF+Kalman+StaticSup,horizontal best
cap_001257,2026-08-24T15:32:24.652,horizontal,22.61,25.11,3,0,0.0,TempBand+Watershed+Merge+ClustSml+ShapeGate+MinPeaks+P-Filter+EquipRej+SkinPrio+Omega+OmScale+OmSplit+OmRot+FarField+GradFarF+Kalman+StaticSup,horizontal best
cap_001258,2026-08-24T15:32:24.781,horizontal,22.63,25.13,3,0,0.0,TempBand+Watershed+Merge+ClustSml+ShapeGate+MinPeaks+P-Filter+EquipRej+SkinPrio+Omega+OmScale+OmSplit+OmRot+FarField+GradFarF+Kalman+StaticSup,horizontal best
cap_001259,2026-08-24T15:32:24.885,horizontal,22.63,25.13,3,0,0.0,TempBand+Watershed+Merge+ClustSml+ShapeGate+MinPeaks+P-Filter+EquipRej+SkinPrio+Omega+OmScale+OmSplit+OmRot+FarField+GradFarF+Kalman+StaticSup,horizontal best
cap_001260,2026-08-24T15:32:25.014,horizontal,22.63,25.13,3,0,0.0,TempBand+Watershed+Merge+ClustSml+ShapeGate+MinPeaks+P-Filter+EquipRej+SkinPrio+Omega+OmScale+OmSplit+OmRot+FarField+GradFarF+Kalman+StaticSup,horizontal best
cap_001261,2026-08-24T15:32:25.144,horizontal,22.63,25.13,3,0,0.0,TempBand+Watershed+Merge+ClustSml+ShapeGate+MinPeaks+P-Filter+EquipRej+SkinPrio+Omega+OmScale+OmSplit+OmRot+FarField+GradFarF+Kalman+StaticSup,horizontal best
cap_001262,2026-08-24T15:32:25.234,horizontal,22.66,25.16,3,0,0.0,TempBand+Watershed+Merge+ClustSml+ShapeGate+MinPeaks+P-Filter+EquipRej+SkinPrio+Omega+OmScale+OmSplit+OmRot+FarField+GradFarF+Kalman+StaticSup,horizontal best
cap_001263,2026-08-24T15:32:25.362,horizontal,22.68,25.18,3,0,0.0,TempBand+Watershed+Merge+ClustSml+ShapeGate+MinPeaks+P-Filter+EquipRej+SkinPrio+Omega+OmScale+OmSplit+OmRot+FarField+GradFarF+Kalman+StaticSup,horizontal best
cap_001264,2026-08-24T15:32:25.459,horizontal,22.66,25.16,3,0,0.0,TempBand+Watershed+Merge+ClustSml+ShapeGate+MinPeaks+P-Filter+EquipRej+SkinPrio+Omega+OmScale+OmSplit+OmRot+FarField+GradFarF+Kalman+StaticSup,horizontal best
cap_001265,2026-08-24T15:32:25.586,horizontal,22.66,25.16,3,0,0.0,TempBand+Watershed+Merge+ClustSml+ShapeGate+MinPeaks+P-Filter+EquipRej+SkinPrio+Omega+OmScale+OmSplit+OmRot+FarField+GradFarF+Kalman+StaticSup,horizontal best
cap_001266,2026-08-24T15:32:25.682,horizontal,22.66,25.16,3,0,0.0,TempBand+Watershed+Merge+ClustSml+ShapeGate+MinPeaks+P-Filter+EquipRej+SkinPrio+Omega+OmScale+OmSplit+OmRot+FarField+GradFarF+Kalman+StaticSup,horizontal best
cap_001267,2026-08-24T15:32:25.815,horizontal,22.61,25.11,3,0,0.0,TempBand+Watershed+Merge+ClustSml+ShapeGate+MinPeaks+P-Filter+EquipRej+SkinPrio+Omega+OmScale+OmSplit+OmRot+FarField+GradFarF+Kalman+StaticSup,horizontal best
cap_001268,2026-08-24T15:32:25.944,horizontal,22.61,25.11,3,0,0.0,TempBand+Watershed+Merge+ClustSml+ShapeGate+MinPeaks+P-Filter+EquipRej+SkinPrio+Omega+OmScale+OmSplit+OmRot+FarField+GradFarF+Kalman+StaticSup,horizontal best
cap_001269,2026-08-24T15:32:26.032,horizontal,22.61,25.11,3,0,0.0,TempBand+Watershed+Merge+ClustSml+ShapeGate+MinPeaks+P-Filter+EquipRej+SkinPrio+Omega+OmScale+OmSplit+OmRot+FarField+GradFarF+Kalman+StaticSup,horizontal best
cap_001270,2026-08-24T15:32:26.166,horizontal,22.61,25.11,3,0,0.0,TempBand+Watershed+Merge+ClustSml+ShapeGate+MinPeaks+P-Filter+EquipRej+SkinPrio+Omega+OmScale+OmSplit+OmRot+FarField+GradFarF+Kalman+StaticSup,horizontal best
cap_001271,2026-08-24T15:32:26.260,horizontal,22.63,25.13,3,0,0.0,TempBand+Watershed+Merge+ClustSml+ShapeGate+MinPeaks+P-Filter+EquipRej+SkinPrio+Omega+OmScale+OmSplit+OmRot+FarField+GradFarF+Kalman+StaticSup,horizontal best
cap_001272,2026-08-24T15:32:26.390,horizontal,22.63,25.13,3,0,0.0,TempBand+Watershed+Merge+ClustSml+ShapeGate+MinPeaks+P-Filter+EquipRej+SkinPrio+Omega+OmScale+OmSplit+OmRot+FarField+GradFarF+Kalman+StaticSup,horizontal best
cap_001273,2026-08-24T15:32:26.479,horizontal,22.63,25.13,3,0,0.0,TempBand+Watershed+Merge+ClustSml+ShapeGate+MinPeaks+P-Filter+EquipRej+SkinPrio+Omega+OmScale+OmSplit+OmRot+FarField+GradFarF+Kalman+StaticSup,horizontal best
cap_001274,2026-08-24T15:32:26.610,horizontal,22.63,25.13,3,0,0.0,TempBand+Watershed+Merge+ClustSml+ShapeGate+MinPeaks+P-Filter+EquipRej+SkinPrio+Omega+OmScale+OmSplit+OmRot+FarField+GradFarF+Kalman+StaticSup,horizontal best
cap_001275,2026-08-24T15:32:26.710,horizontal,22.61,25.11,3,0,0.0,TempBand+Watershed+Merge+ClustSml+ShapeGate+MinPeaks+P-Filter+EquipRej+SkinPrio+Omega+OmScale+OmSplit+OmRot+FarField+GradFarF+Kalman+StaticSup,horizontal best
cap_001276,2026-08-24T15:32:26.839,horizontal,22.66,25.16,3,0,0.0,TempBand+Watershed+Merge+ClustSml+ShapeGate+MinPeaks+P-Filter+EquipRej+SkinPrio+Omega+OmScale+OmSplit+OmRot+FarField+GradFarF+Kalman+StaticSup,horizontal best
cap_001277,2026-08-24T15:32:26.968,horizontal,22.63,25.13,3,0,0.0,TempBand+Watershed+Merge+ClustSml+ShapeGate+MinPeaks+P-Filter+EquipRej+SkinPrio+Omega+OmScale+OmSplit+OmRot+FarField+GradFarF+Kalman+StaticSup,horizontal best
cap_001278,2026-08-24T15:32:27.059,horizontal,22.58,25.08,3,0,0.0,TempBand+Watershed+Merge+ClustSml+ShapeGate+MinPeaks+P-Filter+EquipRej+SkinPrio+Omega+OmScale+OmSplit+OmRot+FarField+GradFarF+Kalman+StaticSup,horizontal best
cap_001279,2026-08-24T15:32:27.185,horizontal,22.58,25.08,1,1,0.569122521079991,TempBand+Watershed+Merge+ClustSml+ShapeGate+MinPeaks+P-Filter+EquipRej+SkinPrio+Omega+OmScale+OmSplit+OmRot+FarField+GradFarF+Kalman+StaticSup,horizontal best
cap_001280,2026-08-24T15:32:27.283,horizontal,22.58,25.08,3,0,0.0,TempBand+Watershed+Merge+ClustSml+ShapeGate+MinPeaks+P-Filter+EquipRej+SkinPrio+Omega+OmScale+OmSplit+OmRot+FarField+GradFarF+Kalman+StaticSup,horizontal best
cap_001281,2026-08-24T15:32:27.407,horizontal,22.58,25.08,2,0,0.0,TempBand+Watershed+Merge+ClustSml+ShapeGate+MinPeaks+P-Filter+EquipRej+SkinPrio+Omega+OmScale+OmSplit+OmRot+FarField+GradFarF+Kalman+StaticSup,horizontal best
cap_001282,2026-08-24T15:32:27.503,horizontal,22.63,25.13,2,1,0.021263195574771392,TempBand+Watershed+Merge+ClustSml+ShapeGate+MinPeaks+P-Filter+EquipRej+SkinPrio+Omega+OmScale+OmSplit+OmRot+FarField+GradFarF+Kalman+StaticSup,horizontal best
cap_001283,2026-08-24T15:32:27.632,horizontal,22.63,25.13,3,0,0.0,TempBand+Watershed+Merge+ClustSml+ShapeGate+MinPeaks+P-Filter+EquipRej+SkinPrio+Omega+OmScale+OmSplit+OmRot+FarField+GradFarF+Kalman+StaticSup,horizontal best
cap_001284,2026-08-24T15:32:27.767,horizontal,22.61,25.11,3,0,0.0,TempBand+Watershed+Merge+ClustSml+ShapeGate+MinPeaks+P-Filter+EquipRej+SkinPrio+Omega+OmScale+OmSplit+OmRot+FarField+GradFarF+Kalman+StaticSup,horizontal best
cap_001285,2026-08-24T15:32:27.857,horizontal,22.61,25.11,1,1,0.6642588497503265,TempBand+Watershed+Merge+ClustSml+ShapeGate+MinPeaks+P-Filter+EquipRej+SkinPrio+Omega+OmScale+OmSplit+OmRot+FarField+GradFarF+Kalman+StaticSup,horizontal best
cap_001286,2026-08-24T15:32:27.987,horizontal,22.61,25.11,1,1,0.3280823945049353,TempBand+Watershed+Merge+ClustSml+ShapeGate+MinPeaks+P-Filter+EquipRej+SkinPrio+Omega+OmScale+OmSplit+OmRot+FarField+GradFarF+Kalman+StaticSup,horizontal best
cap_001287,2026-08-24T15:32:28.082,horizontal,22.61,25.11,1,1,0.7208214796904598,TempBand+Watershed+Merge+ClustSml+ShapeGate+MinPeaks+P-Filter+EquipRej+SkinPrio+Omega+OmScale+OmSplit+OmRot+FarField+GradFarF+Kalman+StaticSup,horizontal best
cap_001288,2026-08-24T15:32:28.211,horizontal,22.61,25.11,1,1,0.7522843305678377,TempBand+Watershed+Merge+ClustSml+ShapeGate+MinPeaks+P-Filter+EquipRej+SkinPrio+Omega+OmScale+OmSplit+OmRot+FarField+GradFarF+Kalman+StaticSup,horizontal best
cap_001289,2026-08-24T15:32:28.307,horizontal,22.58,25.08,1,1,0.8710660669732857,TempBand+Watershed+Merge+ClustSml+ShapeGate+MinPeaks+P-Filter+EquipRej+SkinPrio+Omega+OmScale+OmSplit+OmRot+FarField+GradFarF+Kalman+StaticSup,horizontal best
cap_001290,2026-08-24T15:32:28.433,horizontal,22.58,25.08,1,1,0.18481197332359764,TempBand+Watershed+Merge+ClustSml+ShapeGate+MinPeaks+P-Filter+EquipRej+SkinPrio+Omega+OmScale+OmSplit+OmRot+FarField+GradFarF+Kalman+StaticSup,horizontal best
cap_001291,2026-08-24T15:32:28.532,horizontal,22.58,25.08,3,0,0.0,TempBand+Watershed+Merge+ClustSml+ShapeGate+MinPeaks+P-Filter+EquipRej+SkinPrio+Omega+OmScale+OmSplit+OmRot+FarField+GradFarF+Kalman+StaticSup,horizontal best
cap_001292,2026-08-24T15:32:28.659,horizontal,22.56,25.06,2,1,0.7502440618054427,TempBand+Watershed+Merge+ClustSml+ShapeGate+MinPeaks+P-Filter+EquipRej+SkinPrio+Omega+OmScale+OmSplit+OmRot+FarField+GradFarF+Kalman+StaticSup,horizontal best
cap_001293,2026-08-24T15:32:28.787,horizontal,22.56,25.06,1,1,0.4820142148487164,TempBand+Watershed+Merge+ClustSml+ShapeGate+MinPeaks+P-Filter+EquipRej+SkinPrio+Omega+OmScale+OmSplit+OmRot+FarField+GradFarF+Kalman+StaticSup,horizontal best
cap_001294,2026-08-24T15:32:28.883,horizontal,22.56,25.06,3,0,0.0,TempBand+Watershed+Merge+ClustSml+ShapeGate+MinPeaks+P-Filter+EquipRej+SkinPrio+Omega+OmScale+OmSplit+OmRot+FarField+GradFarF+Kalman+StaticSup,horizontal best
cap_001295,2026-08-24T15:32:29.011,horizontal,22.56,25.06,3,0,0.0,TempBand+Watershed+Merge+ClustSml+ShapeGate+MinPeaks+P-Filter+EquipRej+SkinPrio+Omega+OmScale+OmSplit+OmRot+FarField+GradFarF+Kalman+StaticSup,horizontal best
cap_001296,2026-08-24T15:32:29.107,horizontal,22.54,25.04,3,0,0.0,TempBand+Watershed+Merge+ClustSml+ShapeGate+MinPeaks+P-Filter+EquipRej+SkinPrio+Omega+OmScale+OmSplit+OmRot+FarField+GradFarF+Kalman+StaticSup,horizontal best
cap_001297,2026-08-24T15:32:29.233,horizontal,22.54,25.04,3,0,0.0,TempBand+Watershed+Merge+ClustSml+ShapeGate+MinPeaks+P-Filter+EquipRej+SkinPrio+Omega+OmScale+OmSplit+OmRot+FarField+GradFarF+Kalman+StaticSup,horizontal best
cap_001298,2026-08-24T15:32:29.331,horizontal,22.54,25.04,3,0,0.0,TempBand+Watershed+Merge+ClustSml+ShapeGate+MinPeaks+P-Filter+EquipRej+SkinPrio+Omega+OmScale+OmSplit+OmRot+FarField+GradFarF+Kalman+StaticSup,horizontal best
cap_001299,2026-08-24T15:32:29.462,horizontal,22.54,25.04,3,0,0.0,TempBand+Watershed+Merge+ClustSml+ShapeGate+MinPeaks+P-Filter+EquipRej+SkinPrio+Omega+OmScale+OmSplit+OmRot+FarField+GradFarF+Kalman+StaticSup,horizontal best
cap_001300,2026-08-24T15:32:29.555,horizontal,22.54,25.04,3,0,0.0,TempBand+Watershed+Merge+ClustSml+ShapeGate+MinPeaks+P-Filter+EquipRej+SkinPrio+Omega+OmScale+OmSplit+OmRot+FarField+GradFarF+Kalman+StaticSup,horizontal best
cap_001301,2026-08-24T15:32:29.683,horizontal,22.58,25.08,3,0,0.0,TempBand+Watershed+Merge+ClustSml+ShapeGate+MinPeaks+P-Filter+EquipRej+SkinPrio+Omega+OmScale+OmSplit+OmRot+FarField+GradFarF+Kalman+StaticSup,horizontal best
cap_001302,2026-08-24T15:32:29.811,horizontal,22.56,25.06,3,0,0.0,TempBand+Watershed+Merge+ClustSml+ShapeGate+MinPeaks+P-Filter+EquipRej+SkinPrio+Omega+OmScale+OmSplit+OmRot+FarField+GradFarF+Kalman+StaticSup,horizontal best
cap_001303,2026-08-24T15:32:29.910,horizontal,22.56,25.06,3,0,0.0,TempBand+Watershed+Merge+ClustSml+ShapeGate+MinPeaks+P-Filter+EquipRej+SkinPrio+Omega+OmScale+OmSplit+OmRot+FarField+GradFarF+Kalman+StaticSup,horizontal best
cap_001304,2026-08-24T15:32:30.034,horizontal,22.56,25.06,3,1,0.21968718975800086,TempBand+Watershed+Merge+ClustSml+ShapeGate+MinPeaks+P-Filter+EquipRej+SkinPrio+Omega+OmScale+OmSplit+OmRot+FarField+GradFarF+Kalman+StaticSup,horizontal best
cap_001305,2026-08-24T15:32:30.131,horizontal,22.56,25.06,3,0,0.0,TempBand+Watershed+Merge+ClustSml+ShapeGate+MinPeaks+P-Filter+EquipRej+SkinPrio+Omega+OmScale+OmSplit+OmRot+FarField+GradFarF+Kalman+StaticSup,horizontal best
cap_001306,2026-08-24T15:32:30.263,horizontal,22.56,25.06,3,0,0.0,TempBand+Watershed+Merge+ClustSml+ShapeGate+MinPeaks+P-Filter+EquipRej+SkinPrio+Omega+OmScale+OmSplit+OmRot+FarField+GradFarF+Kalman+StaticSup,horizontal best
cap_001307,2026-08-24T15:32:30.362,horizontal,22.56,25.06,3,0,0.0,TempBand+Watershed+Merge+ClustSml+ShapeGate+MinPeaks+P-Filter+EquipRej+SkinPrio+Omega+OmScale+OmSplit+OmRot+FarField+GradFarF+Kalman+StaticSup,horizontal best
cap_001308,2026-08-24T15:32:30.486,horizontal,22.61,25.11,3,0,0.0,TempBand+Watershed+Merge+ClustSml+ShapeGate+MinPeaks+P-Filter+EquipRej+SkinPrio+Omega+OmScale+OmSplit+OmRot+FarField+GradFarF+Kalman+StaticSup,horizontal best
cap_001309,2026-08-24T15:32:30.614,horizontal,22.61,25.11,2,0,0.0,TempBand+Watershed+Merge+ClustSml+ShapeGate+MinPeaks+P-Filter+EquipRej+SkinPrio+Omega+OmScale+OmSplit+OmRot+FarField+GradFarF+Kalman+StaticSup,horizontal best
cap_001310,2026-08-24T15:32:30.708,horizontal,22.61,25.11,3,0,0.0,TempBand+Watershed+Merge+ClustSml+ShapeGate+MinPeaks+P-Filter+EquipRej+SkinPrio+Omega+OmScale+OmSplit+OmRot+FarField+GradFarF+Kalman+StaticSup,horizontal best
cap_001311,2026-08-24T15:32:30.838,horizontal,22.58,25.08,2,0,0.0,TempBand+Watershed+Merge+ClustSml+ShapeGate+MinPeaks+P-Filter+EquipRej+SkinPrio+Omega+OmScale+OmSplit+OmRot+FarField+GradFarF+Kalman+StaticSup,horizontal best
cap_001312,2026-08-24T15:32:30.932,horizontal,22.58,25.08,2,0,0.0,TempBand+Watershed+Merge+ClustSml+ShapeGate+MinPeaks+P-Filter+EquipRej+SkinPrio+Omega+OmScale+OmSplit+OmRot+FarField+GradFarF+Kalman+StaticSup,horizontal best
cap_001313,2026-08-24T15:32:31.062,horizontal,22.61,25.11,2,0,0.0,TempBand+Watershed+Merge+ClustSml+ShapeGate+MinPeaks+P-Filter+EquipRej+SkinPrio+Omega+OmScale+OmSplit+OmRot+FarField+GradFarF+Kalman+StaticSup,horizontal best
cap_001314,2026-08-24T15:32:31.155,horizontal,22.58,25.08,3,0,0.0,TempBand+Watershed+Merge+ClustSml+ShapeGate+MinPeaks+P-Filter+EquipRej+SkinPrio+Omega+OmScale+OmSplit+OmRot+FarField+GradFarF+Kalman+StaticSup,horizontal best
cap_001315,2026-08-24T15:32:31.286,horizontal,22.58,25.08,3,0,0.0,TempBand+Watershed+Merge+ClustSml+ShapeGate+MinPeaks+P-Filter+EquipRej+SkinPrio+Omega+OmScale+OmSplit+OmRot+FarField+GradFarF+Kalman+StaticSup,horizontal best
cap_001316,2026-08-24T15:32:31.382,horizontal,22.58,25.08,3,0,0.0,TempBand+Watershed+Merge+ClustSml+ShapeGate+MinPeaks+P-Filter+EquipRej+SkinPrio+Omega+OmScale+OmSplit+OmRot+FarField+GradFarF+Kalman+StaticSup,horizontal best
cap_001317,2026-08-24T15:32:31.509,horizontal,22.58,25.08,3,0,0.0,TempBand+Watershed+Merge+ClustSml+ShapeGate+MinPeaks+P-Filter+EquipRej+SkinPrio+Omega+OmScale+OmSplit+OmRot+FarField+GradFarF+Kalman+StaticSup,horizontal best
cap_001318,2026-08-24T15:32:31.641,horizontal,22.56,25.06,3,0,0.0,TempBand+Watershed+Merge+ClustSml+ShapeGate+MinPeaks+P-Filter+EquipRej+SkinPrio+Omega+OmScale+OmSplit+OmRot+FarField+GradFarF+Kalman+StaticSup,horizontal best
cap_001319,2026-08-24T15:32:31.734,horizontal,22.54,25.04,3,0,0.0,TempBand+Watershed+Merge+ClustSml+ShapeGate+MinPeaks+P-Filter+EquipRej+SkinPrio+Omega+OmScale+OmSplit+OmRot+FarField+GradFarF+Kalman+StaticSup,horizontal best
cap_001320,2026-08-24T15:32:31.860,horizontal,22.54,25.04,3,0,0.0,TempBand+Watershed+Merge+ClustSml+ShapeGate+MinPeaks+P-Filter+EquipRej+SkinPrio+Omega+OmScale+OmSplit+OmRot+FarField+GradFarF+Kalman+StaticSup,horizontal best
cap_001321,2026-08-24T15:32:31.958,horizontal,22.54,25.04,3,0,0.0,TempBand+Watershed+Merge+ClustSml+ShapeGate+MinPeaks+P-Filter+EquipRej+SkinPrio+Omega+OmScale+OmSplit+OmRot+FarField+GradFarF+Kalman+StaticSup,horizontal best
cap_001322,2026-08-24T15:32:32.087,horizontal,22.51,25.01,3,0,0.0,TempBand+Watershed+Merge+ClustSml+ShapeGate+MinPeaks+P-Filter+EquipRej+SkinPrio+Omega+OmScale+OmSplit+OmRot+FarField+GradFarF+Kalman+StaticSup,horizontal best
cap_001323,2026-08-24T15:32:32.185,horizontal,22.51,25.01,3,0,0.0,TempBand+Watershed+Merge+ClustSml+ShapeGate+MinPeaks+P-Filter+EquipRej+SkinPrio+Omega+OmScale+OmSplit+OmRot+FarField+GradFarF+Kalman+StaticSup,horizontal best
cap_001324,2026-08-24T15:32:32.307,horizontal,22.54,25.04,3,1,0.6526153900180243,TempBand+Watershed+Merge+ClustSml+ShapeGate+MinPeaks+P-Filter+EquipRej+SkinPrio+Omega+OmScale+OmSplit+OmRot+FarField+GradFarF+Kalman+StaticSup,horizontal best
cap_001325,2026-08-24T15:32:32.436,horizontal,22.54,25.04,3,1,0.7884778028995839,TempBand+Watershed+Merge+ClustSml+ShapeGate+MinPeaks+P-Filter+EquipRej+SkinPrio+Omega+OmScale+OmSplit+OmRot+FarField+GradFarF+Kalman+StaticSup,horizontal best
cap_001326,2026-08-24T15:32:32.533,horizontal,22.56,25.06,3,2,0.9139058687661868,TempBand+Watershed+Merge+ClustSml+ShapeGate+MinPeaks+P-Filter+EquipRej+SkinPrio+Omega+OmScale+OmSplit+OmRot+FarField+GradFarF+Kalman+StaticSup,horizontal best
cap_001327,2026-08-24T15:32:32.659,horizontal,22.56,25.06,2,0,0.0,TempBand+Watershed+Merge+ClustSml+ShapeGate+MinPeaks+P-Filter+EquipRej+SkinPrio+Omega+OmScale+OmSplit+OmRot+FarField+GradFarF+Kalman+StaticSup,horizontal best
cap_001328,2026-08-24T15:32:32.758,horizontal,22.56,25.06,2,0,0.0,TempBand+Watershed+Merge+ClustSml+ShapeGate+MinPeaks+P-Filter+EquipRej+SkinPrio+Omega+OmScale+OmSplit+OmRot+FarField+GradFarF+Kalman+StaticSup,horizontal best
cap_001329,2026-08-24T15:32:32.878,horizontal,22.51,25.01,2,0,0.0,TempBand+Watershed+Merge+ClustSml+ShapeGate+MinPeaks+P-Filter+EquipRej+SkinPrio+Omega+OmScale+OmSplit+OmRot+FarField+GradFarF+Kalman+StaticSup,horizontal best
cap_001330,2026-08-24T15:32:32.982,horizontal,22.51,25.01,3,0,0.0,TempBand+Watershed+Merge+ClustSml+ShapeGate+MinPeaks+P-Filter+EquipRej+SkinPrio+Omega+OmScale+OmSplit+OmRot+FarField+GradFarF+Kalman+StaticSup,horizontal best
cap_001331,2026-08-24T15:32:33.110,horizontal,22.51,25.01,3,1,0.4678024935263954,TempBand+Watershed+Merge+ClustSml+ShapeGate+MinPeaks+P-Filter+EquipRej+SkinPrio+Omega+OmScale+OmSplit+OmRot+FarField+GradFarF+Kalman+StaticSup,horizontal best
cap_001332,2026-08-24T15:32:33.203,horizontal,22.51,25.01,3,1,0.5605606921009204,TempBand+Watershed+Merge+ClustSml+ShapeGate+MinPeaks+P-Filter+EquipRej+SkinPrio+Omega+OmScale+OmSplit+OmRot+FarField+GradFarF+Kalman+StaticSup,horizontal best
cap_001333,2026-08-24T15:32:33.330,horizontal,22.49,24.99,2,0,0.0,TempBand+Watershed+Merge+ClustSml+ShapeGate+MinPeaks+P-Filter+EquipRej+SkinPrio+Omega+OmScale+OmSplit+OmRot+FarField+GradFarF+Kalman+StaticSup,horizontal best
cap_001334,2026-08-24T15:32:33.459,horizontal,22.49,24.99,2,0,0.0,TempBand+Watershed+Merge+ClustSml+ShapeGate+MinPeaks+P-Filter+EquipRej+SkinPrio+Omega+OmScale+OmSplit+OmRot+FarField+GradFarF+Kalman+StaticSup,horizontal best
cap_001335,2026-08-24T15:32:33.548,horizontal,22.47,24.97,2,0,0.0,TempBand+Watershed+Merge+ClustSml+ShapeGate+MinPeaks+P-Filter+EquipRej+SkinPrio+Omega+OmScale+OmSplit+OmRot+FarField+GradFarF+Kalman+StaticSup,horizontal best
cap_001336,2026-08-24T15:32:33.684,horizontal,22.47,24.97,2,0,0.0,TempBand+Watershed+Merge+ClustSml+ShapeGate+MinPeaks+P-Filter+EquipRej+SkinPrio+Omega+OmScale+OmSplit+OmRot+FarField+GradFarF+Kalman+StaticSup,horizontal best
cap_001337,2026-08-24T15:32:33.775,horizontal,22.44,24.94,2,0,0.0,TempBand+Watershed+Merge+ClustSml+ShapeGate+MinPeaks+P-Filter+EquipRej+SkinPrio+Omega+OmScale+OmSplit+OmRot+FarField+GradFarF+Kalman+StaticSup,horizontal best
cap_001338,2026-08-24T15:32:33.904,horizontal,22.44,24.94,2,0,0.0,TempBand+Watershed+Merge+ClustSml+ShapeGate+MinPeaks+P-Filter+EquipRej+SkinPrio+Omega+OmScale+OmSplit+OmRot+FarField+GradFarF+Kalman+StaticSup,horizontal best
cap_001339,2026-08-24T15:32:34.001,horizontal,22.42,24.92,2,0,0.0,TempBand+Watershed+Merge+ClustSml+ShapeGate+MinPeaks+P-Filter+EquipRej+SkinPrio+Omega+OmScale+OmSplit+OmRot+FarField+GradFarF+Kalman+StaticSup,horizontal best
cap_001340,2026-08-24T15:32:34.129,horizontal,22.42,24.92,2,0,0.0,TempBand+Watershed+Merge+ClustSml+ShapeGate+MinPeaks+P-Filter+EquipRej+SkinPrio+Omega+OmScale+OmSplit+OmRot+FarField+GradFarF+Kalman+StaticSup,horizontal best
cap_001341,2026-08-24T15:32:34.257,horizontal,22.42,24.92,2,0,0.0,TempBand+Watershed+Merge+ClustSml+ShapeGate+MinPeaks+P-Filter+EquipRej+SkinPrio+Omega+OmScale+OmSplit+OmRot+FarField+GradFarF+Kalman+StaticSup,horizontal best
cap_001342,2026-08-24T15:32:34.357,horizontal,22.40,24.90,2,0,0.0,TempBand+Watershed+Merge+ClustSml+ShapeGate+MinPeaks+P-Filter+EquipRej+SkinPrio+Omega+OmScale+OmSplit+OmRot+FarField+GradFarF+Kalman+StaticSup,horizontal best
cap_001343,2026-08-24T15:32:34.485,horizontal,22.40,24.90,2,0,0.0,TempBand+Watershed+Merge+ClustSml+ShapeGate+MinPeaks+P-Filter+EquipRej+SkinPrio+Omega+OmScale+OmSplit+OmRot+FarField+GradFarF+Kalman+StaticSup,horizontal best
cap_001344,2026-08-24T15:32:34.575,horizontal,22.40,24.90,2,0,0.0,TempBand+Watershed+Merge+ClustSml+ShapeGate+MinPeaks+P-Filter+EquipRej+SkinPrio+Omega+OmScale+OmSplit+OmRot+FarField+GradFarF+Kalman+StaticSup,horizontal best
cap_001345,2026-08-24T15:32:34.707,horizontal,22.37,24.87,2,0,0.0,TempBand+Watershed+Merge+ClustSml+ShapeGate+MinPeaks+P-Filter+EquipRej+SkinPrio+Omega+OmScale+OmSplit+OmRot+FarField+GradFarF+Kalman+StaticSup,horizontal best
cap_001346,2026-08-24T15:32:34.801,horizontal,22.40,24.90,2,0,0.0,TempBand+Watershed+Merge+ClustSml+ShapeGate+MinPeaks+P-Filter+EquipRej+SkinPrio+Omega+OmScale+OmSplit+OmRot+FarField+GradFarF+Kalman+StaticSup,horizontal best
cap_001347,2026-08-24T15:32:34.931,horizontal,22.40,24.90,2,0,0.0,TempBand+Watershed+Merge+ClustSml+ShapeGate+MinPeaks+P-Filter+EquipRej+SkinPrio+Omega+OmScale+OmSplit+OmRot+FarField+GradFarF+Kalman+StaticSup,horizontal best
cap_001348,2026-08-24T15:32:35.024,horizontal,22.35,24.85,2,0,0.0,TempBand+Watershed+Merge+ClustSml+ShapeGate+MinPeaks+P-Filter+EquipRej+SkinPrio+Omega+OmScale+OmSplit+OmRot+FarField+GradFarF+Kalman+StaticSup,horizontal best
cap_001349,2026-08-24T15:32:35.156,horizontal,22.35,24.85,2,0,0.0,TempBand+Watershed+Merge+ClustSml+ShapeGate+MinPeaks+P-Filter+EquipRej+SkinPrio+Omega+OmScale+OmSplit+OmRot+FarField+GradFarF+Kalman+StaticSup,horizontal best
cap_001350,2026-08-24T15:32:35.281,horizontal,22.35,24.85,2,0,0.0,TempBand+Watershed+Merge+ClustSml+ShapeGate+MinPeaks+P-Filter+EquipRej+SkinPrio+Omega+OmScale+OmSplit+OmRot+FarField+GradFarF+Kalman+StaticSup,horizontal best
cap_001351,2026-08-24T15:32:35.378,horizontal,22.35,24.85,2,0,0.0,TempBand+Watershed+Merge+ClustSml+ShapeGate+MinPeaks+P-Filter+EquipRej+SkinPrio+Omega+OmScale+OmSplit+OmRot+FarField+GradFarF+Kalman+StaticSup,horizontal best
cap_001352,2026-08-24T15:32:35.504,horizontal,22.35,24.85,2,0,0.0,TempBand+Watershed+Merge+ClustSml+ShapeGate+MinPeaks+P-Filter+EquipRej+SkinPrio+Omega+OmScale+OmSplit+OmRot+FarField+GradFarF+Kalman+StaticSup,horizontal best
cap_001353,2026-08-24T15:32:35.599,horizontal,22.35,24.85,2,0,0.0,TempBand+Watershed+Merge+ClustSml+ShapeGate+MinPeaks+P-Filter+EquipRej+SkinPrio+Omega+OmScale+OmSplit+OmRot+FarField+GradFarF+Kalman+StaticSup,horizontal best
cap_001354,2026-08-24T15:32:35.728,horizontal,22.35,24.85,2,0,0.0,TempBand+Watershed+Merge+ClustSml+ShapeGate+MinPeaks+P-Filter+EquipRej+SkinPrio+Omega+OmScale+OmSplit+OmRot+FarField+GradFarF+Kalman+StaticSup,horizontal best
cap_001355,2026-08-24T15:32:35.830,horizontal,22.37,24.87,2,0,0.0,TempBand+Watershed+Merge+ClustSml+ShapeGate+MinPeaks+P-Filter+EquipRej+SkinPrio+Omega+OmScale+OmSplit+OmRot+FarField+GradFarF+Kalman+StaticSup,horizontal best
cap_001356,2026-08-24T15:32:35.956,horizontal,22.42,24.92,2,0,0.0,TempBand+Watershed+Merge+ClustSml+ShapeGate+MinPeaks+P-Filter+EquipRej+SkinPrio+Omega+OmScale+OmSplit+OmRot+FarField+GradFarF+Kalman+StaticSup,horizontal best
cap_001357,2026-08-24T15:32:36.048,horizontal,22.40,24.90,2,0,0.0,TempBand+Watershed+Merge+ClustSml+ShapeGate+MinPeaks+P-Filter+EquipRej+SkinPrio+Omega+OmScale+OmSplit+OmRot+FarField+GradFarF+Kalman+StaticSup,horizontal best
cap_001358,2026-08-24T15:32:36.184,horizontal,22.40,24.90,2,0,0.0,TempBand+Watershed+Merge+ClustSml+ShapeGate+MinPeaks+P-Filter+EquipRej+SkinPrio+Omega+OmScale+OmSplit+OmRot+FarField+GradFarF+Kalman+StaticSup,horizontal best
cap_001359,2026-08-24T15:32:36.315,horizontal,22.42,24.92,2,0,0.0,TempBand+Watershed+Merge+ClustSml+ShapeGate+MinPeaks+P-Filter+EquipRej+SkinPrio+Omega+OmScale+OmSplit+OmRot+FarField+GradFarF+Kalman+StaticSup,horizontal best
cap_001360,2026-08-24T15:32:36.402,horizontal,22.44,24.94,1,3,0.7747293337033198,TempBand+Watershed+Merge+ClustSml+ShapeGate+MinPeaks+P-Filter+EquipRej+SkinPrio+Omega+OmScale+OmSplit+OmRot+FarField+GradFarF+Kalman+StaticSup,horizontal best
cap_001361,2026-08-24T15:32:36.531,horizontal,22.44,24.94,2,0,0.0,TempBand+Watershed+Merge+ClustSml+ShapeGate+MinPeaks+P-Filter+EquipRej+SkinPrio+Omega+OmScale+OmSplit+OmRot+FarField+GradFarF+Kalman+StaticSup,horizontal best
cap_001362,2026-08-24T15:32:36.626,horizontal,22.47,24.97,1,1,0.7837745226682556,TempBand+Watershed+Merge+ClustSml+ShapeGate+MinPeaks+P-Filter+EquipRej+SkinPrio+Omega+OmScale+OmSplit+OmRot+FarField+GradFarF+Kalman+StaticSup,horizontal best
cap_001363,2026-08-24T15:32:36.755,horizontal,22.47,24.97,1,1,0.7837745226682556,TempBand+Watershed+Merge+ClustSml+ShapeGate+MinPeaks+P-Filter+EquipRej+SkinPrio+Omega+OmScale+OmSplit+OmRot+FarField+GradFarF+Kalman+StaticSup,horizontal best
cap_001364,2026-08-24T15:32:36.847,horizontal,22.44,24.94,1,1,0.7837745226682556,TempBand+Watershed+Merge+ClustSml+ShapeGate+MinPeaks+P-Filter+EquipRej+SkinPrio+Omega+OmScale+OmSplit+OmRot+FarField+GradFarF+Kalman+StaticSup,horizontal best
cap_001365,2026-08-24T15:32:36.982,horizontal,22.44,24.94,2,0,0.0,TempBand+Watershed+Merge+ClustSml+ShapeGate+MinPeaks+P-Filter+EquipRej+SkinPrio+Omega+OmScale+OmSplit+OmRot+FarField+GradFarF+Kalman+StaticSup,horizontal best
cap_001366,2026-08-24T15:32:37.109,horizontal,22.42,24.92,2,0,0.0,TempBand+Watershed+Merge+ClustSml+ShapeGate+MinPeaks+P-Filter+EquipRej+SkinPrio+Omega+OmScale+OmSplit+OmRot+FarField+GradFarF+Kalman+StaticSup,horizontal best
cap_001367,2026-08-24T15:32:37.200,horizontal,22.42,24.92,2,0,0.0,TempBand+Watershed+Merge+ClustSml+ShapeGate+MinPeaks+P-Filter+EquipRej+SkinPrio+Omega+OmScale+OmSplit+OmRot+FarField+GradFarF+Kalman+StaticSup,horizontal best
cap_001368,2026-08-24T15:32:37.331,horizontal,22.37,24.87,2,0,0.0,TempBand+Watershed+Merge+ClustSml+ShapeGate+MinPeaks+P-Filter+EquipRej+SkinPrio+Omega+OmScale+OmSplit+OmRot+FarField+GradFarF+Kalman+StaticSup,horizontal best
cap_001369,2026-08-24T15:32:37.431,horizontal,22.37,24.87,2,0,0.0,TempBand+Watershed+Merge+ClustSml+ShapeGate+MinPeaks+P-Filter+EquipRej+SkinPrio+Omega+OmScale+OmSplit+OmRot+FarField+GradFarF+Kalman+StaticSup,horizontal best
cap_001370,2026-08-24T15:32:37.558,horizontal,22.37,24.87,2,0,0.0,TempBand+Watershed+Merge+ClustSml+ShapeGate+MinPeaks+P-Filter+EquipRej+SkinPrio+Omega+OmScale+OmSplit+OmRot+FarField+GradFarF+Kalman+StaticSup,horizontal best
cap_001371,2026-08-24T15:32:37.648,horizontal,22.37,24.87,2,0,0.0,TempBand+Watershed+Merge+ClustSml+ShapeGate+MinPeaks+P-Filter+EquipRej+SkinPrio+Omega+OmScale+OmSplit+OmRot+FarField+GradFarF+Kalman+StaticSup,horizontal best
cap_001372,2026-08-24T15:32:37.780,horizontal,22.37,24.87,2,0,0.0,TempBand+Watershed+Merge+ClustSml+ShapeGate+MinPeaks+P-Filter+EquipRej+SkinPrio+Omega+OmScale+OmSplit+OmRot+FarField+GradFarF+Kalman+StaticSup,horizontal best
cap_001373,2026-08-24T15:32:37.872,horizontal,22.37,24.87,2,0,0.0,TempBand+Watershed+Merge+ClustSml+ShapeGate+MinPeaks+P-Filter+EquipRej+SkinPrio+Omega+OmScale+OmSplit+OmRot+FarField+GradFarF+Kalman+StaticSup,horizontal best
cap_001374,2026-08-24T15:32:38.004,horizontal,22.37,24.87,2,0,0.0,TempBand+Watershed+Merge+ClustSml+ShapeGate+MinPeaks+P-Filter+EquipRej+SkinPrio+Omega+OmScale+OmSplit+OmRot+FarField+GradFarF+Kalman+StaticSup,horizontal best
cap_001375,2026-08-24T15:32:38.137,horizontal,22.37,24.87,2,0,0.0,TempBand+Watershed+Merge+ClustSml+ShapeGate+MinPeaks+P-Filter+EquipRej+SkinPrio+Omega+OmScale+OmSplit+OmRot+FarField+GradFarF+Kalman+StaticSup,horizontal best
cap_001376,2026-08-24T15:32:38.226,horizontal,22.35,24.85,2,0,0.0,TempBand+Watershed+Merge+ClustSml+ShapeGate+MinPeaks+P-Filter+EquipRej+SkinPrio+Omega+OmScale+OmSplit+OmRot+FarField+GradFarF+Kalman+StaticSup,horizontal best
cap_001377,2026-08-24T15:32:38.355,horizontal,22.37,24.87,2,0,0.0,TempBand+Watershed+Merge+ClustSml+ShapeGate+MinPeaks+P-Filter+EquipRej+SkinPrio+Omega+OmScale+OmSplit+OmRot+FarField+GradFarF+Kalman+StaticSup,horizontal best
cap_001378,2026-08-24T15:32:38.447,horizontal,22.37,24.87,2,0,0.0,TempBand+Watershed+Merge+ClustSml+ShapeGate+MinPeaks+P-Filter+EquipRej+SkinPrio+Omega+OmScale+OmSplit+OmRot+FarField+GradFarF+Kalman+StaticSup,horizontal best
cap_001379,2026-08-24T15:32:38.571,horizontal,22.37,24.87,2,0,0.0,TempBand+Watershed+Merge+ClustSml+ShapeGate+MinPeaks+P-Filter+EquipRej+SkinPrio+Omega+OmScale+OmSplit+OmRot+FarField+GradFarF+Kalman+StaticSup,horizontal best
cap_001380,2026-08-24T15:32:38.668,horizontal,22.35,24.85,2,0,0.0,TempBand+Watershed+Merge+ClustSml+ShapeGate+MinPeaks+P-Filter+EquipRej+SkinPrio+Omega+OmScale+OmSplit+OmRot+FarField+GradFarF+Kalman+StaticSup,horizontal best
cap_001381,2026-08-24T15:32:38.805,horizontal,22.35,24.85,2,0,0.0,TempBand+Watershed+Merge+ClustSml+ShapeGate+MinPeaks+P-Filter+EquipRej+SkinPrio+Omega+OmScale+OmSplit+OmRot+FarField+GradFarF+Kalman+StaticSup,horizontal best
cap_001382,2026-08-24T15:32:38.928,horizontal,22.35,24.85,2,0,0.0,TempBand+Watershed+Merge+ClustSml+ShapeGate+MinPeaks+P-Filter+EquipRej+SkinPrio+Omega+OmScale+OmSplit+OmRot+FarField+GradFarF+Kalman+StaticSup,horizontal best
cap_001383,2026-08-24T15:32:39.027,horizontal,22.37,24.87,2,0,0.0,TempBand+Watershed+Merge+ClustSml+ShapeGate+MinPeaks+P-Filter+EquipRej+SkinPrio+Omega+OmScale+OmSplit+OmRot+FarField+GradFarF+Kalman+StaticSup,horizontal best
cap_001384,2026-08-24T15:32:39.159,horizontal,22.40,24.90,2,0,0.0,TempBand+Watershed+Merge+ClustSml+ShapeGate+MinPeaks+P-Filter+EquipRej+SkinPrio+Omega+OmScale+OmSplit+OmRot+FarField+GradFarF+Kalman+StaticSup,horizontal best
cap_001385,2026-08-24T15:32:39.248,horizontal,22.37,24.87,2,0,0.0,TempBand+Watershed+Merge+ClustSml+ShapeGate+MinPeaks+P-Filter+EquipRej+SkinPrio+Omega+OmScale+OmSplit+OmRot+FarField+GradFarF+Kalman+StaticSup,horizontal best
cap_001386,2026-08-24T15:32:39.381,horizontal,22.37,24.87,2,0,0.0,TempBand+Watershed+Merge+ClustSml+ShapeGate+MinPeaks+P-Filter+EquipRej+SkinPrio+Omega+OmScale+OmSplit+OmRot+FarField+GradFarF+Kalman+StaticSup,horizontal best
cap_001387,2026-08-24T15:32:39.474,horizontal,22.37,24.87,2,0,0.0,TempBand+Watershed+Merge+ClustSml+ShapeGate+MinPeaks+P-Filter+EquipRej+SkinPrio+Omega+OmScale+OmSplit+OmRot+FarField+GradFarF+Kalman+StaticSup,horizontal best
cap_001388,2026-08-24T15:32:39.602,horizontal,22.35,24.85,2,0,0.0,TempBand+Watershed+Merge+ClustSml+ShapeGate+MinPeaks+P-Filter+EquipRej+SkinPrio+Omega+OmScale+OmSplit+OmRot+FarField+GradFarF+Kalman+StaticSup,horizontal best
cap_001389,2026-08-24T15:32:39.696,horizontal,22.33,24.83,2,0,0.0,TempBand+Watershed+Merge+ClustSml+ShapeGate+MinPeaks+P-Filter+EquipRej+SkinPrio+Omega+OmScale+OmSplit+OmRot+FarField+GradFarF+Kalman+StaticSup,horizontal best
cap_001390,2026-08-24T15:32:39.826,horizontal,22.33,24.83,2,0,0.0,TempBand+Watershed+Merge+ClustSml+ShapeGate+MinPeaks+P-Filter+EquipRej+SkinPrio+Omega+OmScale+OmSplit+OmRot+FarField+GradFarF+Kalman+StaticSup,horizontal best
cap_001391,2026-08-24T15:32:39.957,horizontal,22.33,24.83,2,0,0.0,TempBand+Watershed+Merge+ClustSml+ShapeGate+MinPeaks+P-Filter+EquipRej+SkinPrio+Omega+OmScale+OmSplit+OmRot+FarField+GradFarF+Kalman+StaticSup,horizontal best
cap_001392,2026-08-24T15:32:40.051,horizontal,22.33,24.83,2,0,0.0,TempBand+Watershed+Merge+ClustSml+ShapeGate+MinPeaks+P-Filter+EquipRej+SkinPrio+Omega+OmScale+OmSplit+OmRot+FarField+GradFarF+Kalman+StaticSup,horizontal best
cap_001393,2026-08-24T15:32:40.185,horizontal,22.33,24.83,2,0,0.0,TempBand+Watershed+Merge+ClustSml+ShapeGate+MinPeaks+P-Filter+EquipRej+SkinPrio+Omega+OmScale+OmSplit+OmRot+FarField+GradFarF+Kalman+StaticSup,horizontal best
cap_001394,2026-08-24T15:32:40.273,horizontal,22.33,24.83,2,0,0.0,TempBand+Watershed+Merge+ClustSml+ShapeGate+MinPeaks+P-Filter+EquipRej+SkinPrio+Omega+OmScale+OmSplit+OmRot+FarField+GradFarF+Kalman+StaticSup,horizontal best
cap_001395,2026-08-24T15:32:40.407,horizontal,22.33,24.83,2,0,0.0,TempBand+Watershed+Merge+ClustSml+ShapeGate+MinPeaks+P-Filter+EquipRej+SkinPrio+Omega+OmScale+OmSplit+OmRot+FarField+GradFarF+Kalman+StaticSup,horizontal best
cap_001396,2026-08-24T15:32:40.495,horizontal,22.33,24.83,2,0,0.0,TempBand+Watershed+Merge+ClustSml+ShapeGate+MinPeaks+P-Filter+EquipRej+SkinPrio+Omega+OmScale+OmSplit+OmRot+FarField+GradFarF+Kalman+StaticSup,horizontal best
cap_001397,2026-08-24T15:32:40.627,horizontal,22.33,24.83,2,0,0.0,TempBand+Watershed+Merge+ClustSml+ShapeGate+MinPeaks+P-Filter+EquipRej+SkinPrio+Omega+OmScale+OmSplit+OmRot+FarField+GradFarF+Kalman+StaticSup,horizontal best
cap_001398,2026-08-24T15:32:40.754,horizontal,22.35,24.85,2,0,0.0,TempBand+Watershed+Merge+ClustSml+ShapeGate+MinPeaks+P-Filter+EquipRej+SkinPrio+Omega+OmScale+OmSplit+OmRot+FarField+GradFarF+Kalman+StaticSup,horizontal best
cap_001399,2026-08-24T15:32:40.857,horizontal,22.33,24.83,2,0,0.0,TempBand+Watershed+Merge+ClustSml+ShapeGate+MinPeaks+P-Filter+EquipRej+SkinPrio+Omega+OmScale+OmSplit+OmRot+FarField+GradFarF+Kalman+StaticSup,horizontal best
cap_001400,2026-08-24T15:32:40.976,horizontal,22.33,24.83,2,0,0.0,TempBand+Watershed+Merge+ClustSml+ShapeGate+MinPeaks+P-Filter+EquipRej+SkinPrio+Omega+OmScale+OmSplit+OmRot+FarField+GradFarF+Kalman+StaticSup,horizontal best
cap_001401,2026-08-24T15:32:41.069,horizontal,22.33,24.83,2,0,0.0,TempBand+Watershed+Merge+ClustSml+ShapeGate+MinPeaks+P-Filter+EquipRej+SkinPrio+Omega+OmScale+OmSplit+OmRot+FarField+GradFarF+Kalman+StaticSup,horizontal best
cap_001402,2026-08-24T15:32:41.201,horizontal,22.33,24.83,2,0,0.0,TempBand+Watershed+Merge+ClustSml+ShapeGate+MinPeaks+P-Filter+EquipRej+SkinPrio+Omega+OmScale+OmSplit+OmRot+FarField+GradFarF+Kalman+StaticSup,horizontal best
cap_001403,2026-08-24T15:32:41.293,horizontal,22.33,24.83,2,0,0.0,TempBand+Watershed+Merge+ClustSml+ShapeGate+MinPeaks+P-Filter+EquipRej+SkinPrio+Omega+OmScale+OmSplit+OmRot+FarField+GradFarF+Kalman+StaticSup,horizontal best
cap_001404,2026-08-24T15:32:41.426,horizontal,22.26,24.76,2,0,0.0,TempBand+Watershed+Merge+ClustSml+ShapeGate+MinPeaks+P-Filter+EquipRej+SkinPrio+Omega+OmScale+OmSplit+OmRot+FarField+GradFarF+Kalman+StaticSup,horizontal best
cap_001405,2026-08-24T15:32:41.518,horizontal,22.26,24.76,2,0,0.0,TempBand+Watershed+Merge+ClustSml+ShapeGate+MinPeaks+P-Filter+EquipRej+SkinPrio+Omega+OmScale+OmSplit+OmRot+FarField+GradFarF+Kalman+StaticSup,horizontal best
cap_001406,2026-08-24T15:32:41.646,horizontal,22.30,24.80,2,0,0.0,TempBand+Watershed+Merge+ClustSml+ShapeGate+MinPeaks+P-Filter+EquipRej+SkinPrio+Omega+OmScale+OmSplit+OmRot+FarField+GradFarF+Kalman+StaticSup,horizontal best
cap_001407,2026-08-24T15:32:41.776,horizontal,22.30,24.80,2,0,0.0,TempBand+Watershed+Merge+ClustSml+ShapeGate+MinPeaks+P-Filter+EquipRej+SkinPrio+Omega+OmScale+OmSplit+OmRot+FarField+GradFarF+Kalman+StaticSup,horizontal best
cap_001408,2026-08-24T15:32:41.873,horizontal,22.35,24.85,2,0,0.0,TempBand+Watershed+Merge+ClustSml+ShapeGate+MinPeaks+P-Filter+EquipRej+SkinPrio+Omega+OmScale+OmSplit+OmRot+FarField+GradFarF+Kalman+StaticSup,horizontal best
cap_001409,2026-08-24T15:32:42.007,horizontal,22.37,24.87,2,0,0.0,TempBand+Watershed+Merge+ClustSml+ShapeGate+MinPeaks+P-Filter+EquipRej+SkinPrio+Omega+OmScale+OmSplit+OmRot+FarField+GradFarF+Kalman+StaticSup,horizontal best
cap_001410,2026-08-24T15:32:42.103,horizontal,22.37,24.87,2,0,0.0,TempBand+Watershed+Merge+ClustSml+ShapeGate+MinPeaks+P-Filter+EquipRej+SkinPrio+Omega+OmScale+OmSplit+OmRot+FarField+GradFarF+Kalman+StaticSup,horizontal best
cap_001411,2026-08-24T15:32:42.228,horizontal,22.40,24.90,2,0,0.0,TempBand+Watershed+Merge+ClustSml+ShapeGate+MinPeaks+P-Filter+EquipRej+SkinPrio+Omega+OmScale+OmSplit+OmRot+FarField+GradFarF+Kalman+StaticSup,horizontal best
cap_001412,2026-08-24T15:32:42.317,horizontal,22.40,24.90,2,0,0.0,TempBand+Watershed+Merge+ClustSml+ShapeGate+MinPeaks+P-Filter+EquipRej+SkinPrio+Omega+OmScale+OmSplit+OmRot+FarField+GradFarF+Kalman+StaticSup,horizontal best
cap_001413,2026-08-24T15:32:42.455,horizontal,22.40,24.90,2,0,0.0,TempBand+Watershed+Merge+ClustSml+ShapeGate+MinPeaks+P-Filter+EquipRej+SkinPrio+Omega+OmScale+OmSplit+OmRot+FarField+GradFarF+Kalman+StaticSup,horizontal best
cap_001414,2026-08-24T15:32:42.547,horizontal,22.44,24.94,2,0,0.0,TempBand+Watershed+Merge+ClustSml+ShapeGate+MinPeaks+P-Filter+EquipRej+SkinPrio+Omega+OmScale+OmSplit+OmRot+FarField+GradFarF+Kalman+StaticSup,horizontal best
cap_001415,2026-08-24T15:32:42.677,horizontal,22.42,24.92,2,0,0.0,TempBand+Watershed+Merge+ClustSml+ShapeGate+MinPeaks+P-Filter+EquipRej+SkinPrio+Omega+OmScale+OmSplit+OmRot+FarField+GradFarF+Kalman+StaticSup,horizontal best
cap_001416,2026-08-24T15:32:42.804,horizontal,22.44,24.94,2,0,0.0,TempBand+Watershed+Merge+ClustSml+ShapeGate+MinPeaks+P-Filter+EquipRej+SkinPrio+Omega+OmScale+OmSplit+OmRot+FarField+GradFarF+Kalman+StaticSup,horizontal best
cap_001417,2026-08-24T15:32:42.897,horizontal,22.42,24.92,2,0,0.0,TempBand+Watershed+Merge+ClustSml+ShapeGate+MinPeaks+P-Filter+EquipRej+SkinPrio+Omega+OmScale+OmSplit+OmRot+FarField+GradFarF+Kalman+StaticSup,horizontal best
cap_001418,2026-08-24T15:32:43.026,horizontal,22.42,24.92,2,0,0.0,TempBand+Watershed+Merge+ClustSml+ShapeGate+MinPeaks+P-Filter+EquipRej+SkinPrio+Omega+OmScale+OmSplit+OmRot+FarField+GradFarF+Kalman+StaticSup,horizontal best
cap_001419,2026-08-24T15:32:43.125,horizontal,22.47,24.97,3,0,0.0,TempBand+Watershed+Merge+ClustSml+ShapeGate+MinPeaks+P-Filter+EquipRej+SkinPrio+Omega+OmScale+OmSplit+OmRot+FarField+GradFarF+Kalman+StaticSup,horizontal best
cap_001420,2026-08-24T15:32:43.256,horizontal,22.47,24.97,3,0,0.0,TempBand+Watershed+Merge+ClustSml+ShapeGate+MinPeaks+P-Filter+EquipRej+SkinPrio+Omega+OmScale+OmSplit+OmRot+FarField+GradFarF+Kalman+StaticSup,horizontal best
cap_001421,2026-08-24T15:32:43.345,horizontal,22.47,24.97,3,0,0.0,TempBand+Watershed+Merge+ClustSml+ShapeGate+MinPeaks+P-Filter+EquipRej+SkinPrio+Omega+OmScale+OmSplit+OmRot+FarField+GradFarF+Kalman+StaticSup,horizontal best
cap_001422,2026-08-24T15:32:43.474,horizontal,22.51,25.01,2,1,0.9220876737273597,TempBand+Watershed+Merge+ClustSml+ShapeGate+MinPeaks+P-Filter+EquipRej+SkinPrio+Omega+OmScale+OmSplit+OmRot+FarField+GradFarF+Kalman+StaticSup,horizontal best
cap_001423,2026-08-24T15:32:43.601,horizontal,22.51,25.01,3,0,0.0,TempBand+Watershed+Merge+ClustSml+ShapeGate+MinPeaks+P-Filter+EquipRej+SkinPrio+Omega+OmScale+OmSplit+OmRot+FarField+GradFarF+Kalman+StaticSup,horizontal best
cap_001424,2026-08-24T15:32:43.698,horizontal,22.51,25.01,2,1,0.8825696305676148,TempBand+Watershed+Merge+ClustSml+ShapeGate+MinPeaks+P-Filter+EquipRej+SkinPrio+Omega+OmScale+OmSplit+OmRot+FarField+GradFarF+Kalman+StaticSup,horizontal best
cap_001425,2026-08-24T15:32:43.829,horizontal,22.54,25.04,2,3,0.7666857509215634,TempBand+Watershed+Merge+ClustSml+ShapeGate+MinPeaks+P-Filter+EquipRej+SkinPrio+Omega+OmScale+OmSplit+OmRot+FarField+GradFarF+Kalman+StaticSup,horizontal best
cap_001426,2026-08-24T15:32:43.925,horizontal,22.54,25.04,3,2,0.09329888525591667,TempBand+Watershed+Merge+ClustSml+ShapeGate+MinPeaks+P-Filter+EquipRej+SkinPrio+Omega+OmScale+OmSplit+OmRot+FarField+GradFarF+Kalman+StaticSup,horizontal best
cap_001427,2026-08-24T15:32:44.050,horizontal,22.51,25.01,3,2,0.03703491730225922,TempBand+Watershed+Merge+ClustSml+ShapeGate+MinPeaks+P-Filter+EquipRej+SkinPrio+Omega+OmScale+OmSplit+OmRot+FarField+GradFarF+Kalman+StaticSup,horizontal best
cap_001428,2026-08-24T15:32:44.144,horizontal,22.51,25.01,3,1,0.6110606301815774,TempBand+Watershed+Merge+ClustSml+ShapeGate+MinPeaks+P-Filter+EquipRej+SkinPrio+Omega+OmScale+OmSplit+OmRot+FarField+GradFarF+Kalman+StaticSup,horizontal best
cap_001429,2026-08-24T15:32:44.277,horizontal,22.51,25.01,3,2,0.06678522733761988,TempBand+Watershed+Merge+ClustSml+ShapeGate+MinPeaks+P-Filter+EquipRej+SkinPrio+Omega+OmScale+OmSplit+OmRot+FarField+GradFarF+Kalman+StaticSup,horizontal best
cap_001430,2026-08-24T15:32:44.371,horizontal,22.51,25.01,3,2,0.07791478229031162,TempBand+Watershed+Merge+ClustSml+ShapeGate+MinPeaks+P-Filter+EquipRej+SkinPrio+Omega+OmScale+OmSplit+OmRot+FarField+GradFarF+Kalman+StaticSup,horizontal best
cap_001431,2026-08-24T15:32:44.500,horizontal,22.51,25.01,3,1,0.4474828059734949,TempBand+Watershed+Merge+ClustSml+ShapeGate+MinPeaks+P-Filter+EquipRej+SkinPrio+Omega+OmScale+OmSplit+OmRot+FarField+GradFarF+Kalman+StaticSup,horizontal best
cap_001432,2026-08-24T15:32:44.631,horizontal,22.51,25.01,3,2,0.02386983812040231,TempBand+Watershed+Merge+ClustSml+ShapeGate+MinPeaks+P-Filter+EquipRej+SkinPrio+Omega+OmScale+OmSplit+OmRot+FarField+GradFarF+Kalman+StaticSup,horizontal best
cap_001433,2026-08-24T15:32:44.723,horizontal,22.56,25.06,3,2,0.006581993487951828,TempBand+Watershed+Merge+ClustSml+ShapeGate+MinPeaks+P-Filter+EquipRej+SkinPrio+Omega+OmScale+OmSplit+OmRot+FarField+GradFarF+Kalman+StaticSup,horizontal best
cap_001434,2026-08-24T15:32:44.851,horizontal,22.54,25.04,3,2,0.02963644743416811,TempBand+Watershed+Merge+ClustSml+ShapeGate+MinPeaks+P-Filter+EquipRej+SkinPrio+Omega+OmScale+OmSplit+OmRot+FarField+GradFarF+Kalman+StaticSup,horizontal best
cap_001435,2026-08-24T15:32:44.947,horizontal,22.51,25.01,3,2,0.09474441011799692,TempBand+Watershed+Merge+ClustSml+ShapeGate+MinPeaks+P-Filter+EquipRej+SkinPrio+Omega+OmScale+OmSplit+OmRot+FarField+GradFarF+Kalman+StaticSup,horizontal best
cap_001436,2026-08-24T15:32:45.077,horizontal,22.51,25.01,3,2,0.04252023724296346,TempBand+Watershed+Merge+ClustSml+ShapeGate+MinPeaks+P-Filter+EquipRej+SkinPrio+Omega+OmScale+OmSplit+OmRot+FarField+GradFarF+Kalman+StaticSup,horizontal best
cap_001437,2026-08-24T15:32:45.171,horizontal,22.49,24.99,3,2,0.032669512779337044,TempBand+Watershed+Merge+ClustSml+ShapeGate+MinPeaks+P-Filter+EquipRej+SkinPrio+Omega+OmScale+OmSplit+OmRot+FarField+GradFarF+Kalman+StaticSup,horizontal best
cap_001438,2026-08-24T15:32:45.301,horizontal,22.49,24.99,3,2,0.02932495921102869,TempBand+Watershed+Merge+ClustSml+ShapeGate+MinPeaks+P-Filter+EquipRej+SkinPrio+Omega+OmScale+OmSplit+OmRot+FarField+GradFarF+Kalman+StaticSup,horizontal best
cap_001439,2026-08-24T15:32:45.428,horizontal,22.49,24.99,3,2,0.49483929463723825,TempBand+Watershed+Merge+ClustSml+ShapeGate+MinPeaks+P-Filter+EquipRej+SkinPrio+Omega+OmScale+OmSplit+OmRot+FarField+GradFarF+Kalman+StaticSup,horizontal best
cap_001440,2026-08-24T15:32:45.523,horizontal,22.49,24.99,3,2,0.03800706009727411,TempBand+Watershed+Merge+ClustSml+ShapeGate+MinPeaks+P-Filter+EquipRej+SkinPrio+Omega+OmScale+OmSplit+OmRot+FarField+GradFarF+Kalman+StaticSup,horizontal best
cap_001441,2026-08-24T15:32:45.649,horizontal,22.47,24.97,3,1,0.003522543869250012,TempBand+Watershed+Merge+ClustSml+ShapeGate+MinPeaks+P-Filter+EquipRej+SkinPrio+Omega+OmScale+OmSplit+OmRot+FarField+GradFarF+Kalman+StaticSup,horizontal best
cap_001442,2026-08-24T15:32:45.751,horizontal,22.47,24.97,3,2,0.003417003596802529,TempBand+Watershed+Merge+ClustSml+ShapeGate+MinPeaks+P-Filter+EquipRej+SkinPrio+Omega+OmScale+OmSplit+OmRot+FarField+GradFarF+Kalman+StaticSup,horizontal best
cap_001443,2026-08-24T15:32:45.878,horizontal,22.47,24.97,3,2,0.0065067780439509535,TempBand+Watershed+Merge+ClustSml+ShapeGate+MinPeaks+P-Filter+EquipRej+SkinPrio+Omega+OmScale+OmSplit+OmRot+FarField+GradFarF+Kalman+StaticSup,horizontal best
cap_001444,2026-08-24T15:32:45.973,horizontal,22.49,24.99,3,2,0.00638789139119545,TempBand+Watershed+Merge+ClustSml+ShapeGate+MinPeaks+P-Filter+EquipRej+SkinPrio+Omega+OmScale+OmSplit+OmRot+FarField+GradFarF+Kalman+StaticSup,horizontal best
cap_001445,2026-08-24T15:32:46.107,horizontal,22.49,24.99,3,2,0.10291424280881366,TempBand+Watershed+Merge+ClustSml+ShapeGate+MinPeaks+P-Filter+EquipRej+SkinPrio+Omega+OmScale+OmSplit+OmRot+FarField+GradFarF+Kalman+StaticSup,horizontal best
cap_001446,2026-08-24T15:32:46.202,horizontal,22.51,25.01,3,2,0.0662491265876882,TempBand+Watershed+Merge+ClustSml+ShapeGate+MinPeaks+P-Filter+EquipRej+SkinPrio+Omega+OmScale+OmSplit+OmRot+FarField+GradFarF+Kalman+StaticSup,horizontal best
cap_001447,2026-08-24T15:32:46.324,horizontal,22.51,25.01,3,2,0.1544943997142001,TempBand+Watershed+Merge+ClustSml+ShapeGate+MinPeaks+P-Filter+EquipRej+SkinPrio+Omega+OmScale+OmSplit+OmRot+FarField+GradFarF+Kalman+StaticSup,horizontal best
cap_001448,2026-08-24T15:32:46.450,horizontal,22.51,25.01,2,1,0.4995215436456358,TempBand+Watershed+Merge+ClustSml+ShapeGate+MinPeaks+P-Filter+EquipRej+SkinPrio+Omega+OmScale+OmSplit+OmRot+FarField+GradFarF+Kalman+StaticSup,horizontal best
cap_001449,2026-08-24T15:32:46.548,horizontal,22.49,24.99,3,2,0.08428962033257155,TempBand+Watershed+Merge+ClustSml+ShapeGate+MinPeaks+P-Filter+EquipRej+SkinPrio+Omega+OmScale+OmSplit+OmRot+FarField+GradFarF+Kalman+StaticSup,horizontal best
cap_001450,2026-08-24T15:32:46.675,horizontal,22.51,25.01,3,0,0.0,TempBand+Watershed+Merge+ClustSml+ShapeGate+MinPeaks+P-Filter+EquipRej+SkinPrio+Omega+OmScale+OmSplit+OmRot+FarField+GradFarF+Kalman+StaticSup,horizontal best
cap_001451,2026-08-24T15:32:46.770,horizontal,22.51,25.01,3,0,0.0,TempBand+Watershed+Merge+ClustSml+ShapeGate+MinPeaks+P-Filter+EquipRej+SkinPrio+Omega+OmScale+OmSplit+OmRot+FarField+GradFarF+Kalman+StaticSup,horizontal best
cap_001452,2026-08-24T15:32:46.898,horizontal,22.54,25.04,3,0,0.0,TempBand+Watershed+Merge+ClustSml+ShapeGate+MinPeaks+P-Filter+EquipRej+SkinPrio+Omega+OmScale+OmSplit+OmRot+FarField+GradFarF+Kalman+StaticSup,horizontal best
cap_001453,2026-08-24T15:32:46.994,horizontal,22.49,24.99,3,0,0.0,TempBand+Watershed+Merge+ClustSml+ShapeGate+MinPeaks+P-Filter+EquipRej+SkinPrio+Omega+OmScale+OmSplit+OmRot+FarField+GradFarF+Kalman+StaticSup,horizontal best
cap_001454,2026-08-24T15:32:47.122,horizontal,22.49,24.99,3,0,0.0,TempBand+Watershed+Merge+ClustSml+ShapeGate+MinPeaks+P-Filter+EquipRej+SkinPrio+Omega+OmScale+OmSplit+OmRot+FarField+GradFarF+Kalman+StaticSup,horizontal best
cap_001455,2026-08-24T15:32:47.252,horizontal,22.49,24.99,2,0,0.0,TempBand+Watershed+Merge+ClustSml+ShapeGate+MinPeaks+P-Filter+EquipRej+SkinPrio+Omega+OmScale+OmSplit+OmRot+FarField+GradFarF+Kalman+StaticSup,horizontal best
cap_001456,2026-08-24T15:32:47.343,horizontal,22.47,24.97,2,0,0.0,TempBand+Watershed+Merge+ClustSml+ShapeGate+MinPeaks+P-Filter+EquipRej+SkinPrio+Omega+OmScale+OmSplit+OmRot+FarField+GradFarF+Kalman+StaticSup,horizontal best
cap_001457,2026-08-24T15:32:47.470,horizontal,22.44,24.94,2,0,0.0,TempBand+Watershed+Merge+ClustSml+ShapeGate+MinPeaks+P-Filter+EquipRej+SkinPrio+Omega+OmScale+OmSplit+OmRot+FarField+GradFarF+Kalman+StaticSup,horizontal best
cap_001458,2026-08-24T15:32:47.566,horizontal,22.42,24.92,2,0,0.0,TempBand+Watershed+Merge+ClustSml+ShapeGate+MinPeaks+P-Filter+EquipRej+SkinPrio+Omega+OmScale+OmSplit+OmRot+FarField+GradFarF+Kalman+StaticSup,horizontal best
cap_001459,2026-08-24T15:32:47.702,horizontal,22.42,24.92,2,0,0.0,TempBand+Watershed+Merge+ClustSml+ShapeGate+MinPeaks+P-Filter+EquipRej+SkinPrio+Omega+OmScale+OmSplit+OmRot+FarField+GradFarF+Kalman+StaticSup,horizontal best
cap_001460,2026-08-24T15:32:47.791,horizontal,22.40,24.90,2,0,0.0,TempBand+Watershed+Merge+ClustSml+ShapeGate+MinPeaks+P-Filter+EquipRej+SkinPrio+Omega+OmScale+OmSplit+OmRot+FarField+GradFarF+Kalman+StaticSup,horizontal best
cap_001461,2026-08-24T15:32:47.920,horizontal,22.37,24.87,2,0,0.0,TempBand+Watershed+Merge+ClustSml+ShapeGate+MinPeaks+P-Filter+EquipRej+SkinPrio+Omega+OmScale+OmSplit+OmRot+FarField+GradFarF+Kalman+StaticSup,horizontal best
cap_001462,2026-08-24T15:32:48.021,horizontal,22.40,24.90,2,0,0.0,TempBand+Watershed+Merge+ClustSml+ShapeGate+MinPeaks+P-Filter+EquipRej+SkinPrio+Omega+OmScale+OmSplit+OmRot+FarField+GradFarF+Kalman+StaticSup,horizontal best
cap_001463,2026-08-24T15:32:48.152,horizontal,22.37,24.87,1,0,0.0,TempBand+Watershed+Merge+ClustSml+ShapeGate+MinPeaks+P-Filter+EquipRej+SkinPrio+Omega+OmScale+OmSplit+OmRot+FarField+GradFarF+Kalman+StaticSup,horizontal best
cap_001464,2026-08-24T15:32:48.278,horizontal,22.37,24.87,1,0,0.0,TempBand+Watershed+Merge+ClustSml+ShapeGate+MinPeaks+P-Filter+EquipRej+SkinPrio+Omega+OmScale+OmSplit+OmRot+FarField+GradFarF+Kalman+StaticSup,horizontal best
cap_001465,2026-08-24T15:32:48.369,horizontal,22.35,24.85,1,0,0.0,TempBand+Watershed+Merge+ClustSml+ShapeGate+MinPeaks+P-Filter+EquipRej+SkinPrio+Omega+OmScale+OmSplit+OmRot+FarField+GradFarF+Kalman+StaticSup,horizontal best
cap_001466,2026-08-24T15:32:48.500,horizontal,22.35,24.85,1,0,0.0,TempBand+Watershed+Merge+ClustSml+ShapeGate+MinPeaks+P-Filter+EquipRej+SkinPrio+Omega+OmScale+OmSplit+OmRot+FarField+GradFarF+Kalman+StaticSup,horizontal best
cap_001467,2026-08-24T15:32:48.595,horizontal,22.35,24.85,1,0,0.0,TempBand+Watershed+Merge+ClustSml+ShapeGate+MinPeaks+P-Filter+EquipRej+SkinPrio+Omega+OmScale+OmSplit+OmRot+FarField+GradFarF+Kalman+StaticSup,horizontal best
cap_001468,2026-08-24T15:32:48.721,horizontal,22.35,24.85,1,0,0.0,TempBand+Watershed+Merge+ClustSml+ShapeGate+MinPeaks+P-Filter+EquipRej+SkinPrio+Omega+OmScale+OmSplit+OmRot+FarField+GradFarF+Kalman+StaticSup,horizontal best
cap_001469,2026-08-24T15:32:48.818,horizontal,22.37,24.87,1,0,0.0,TempBand+Watershed+Merge+ClustSml+ShapeGate+MinPeaks+P-Filter+EquipRej+SkinPrio+Omega+OmScale+OmSplit+OmRot+FarField+GradFarF+Kalman+StaticSup,horizontal best
cap_001470,2026-08-24T15:32:48.948,horizontal,22.40,24.90,1,0,0.0,TempBand+Watershed+Merge+ClustSml+ShapeGate+MinPeaks+P-Filter+EquipRej+SkinPrio+Omega+OmScale+OmSplit+OmRot+FarField+GradFarF+Kalman+StaticSup,horizontal best
cap_001471,2026-08-24T15:32:49.044,horizontal,22.42,24.92,1,0,0.0,TempBand+Watershed+Merge+ClustSml+ShapeGate+MinPeaks+P-Filter+EquipRej+SkinPrio+Omega+OmScale+OmSplit+OmRot+FarField+GradFarF+Kalman+StaticSup,horizontal best
cap_001472,2026-08-24T15:32:49.172,horizontal,22.44,24.94,1,0,0.0,TempBand+Watershed+Merge+ClustSml+ShapeGate+MinPeaks+P-Filter+EquipRej+SkinPrio+Omega+OmScale+OmSplit+OmRot+FarField+GradFarF+Kalman+StaticSup,horizontal best
cap_001473,2026-08-24T15:32:49.292,horizontal,22.42,24.92,1,0,0.0,TempBand+Watershed+Merge+ClustSml+ShapeGate+MinPeaks+P-Filter+EquipRej+SkinPrio+Omega+OmScale+OmSplit+OmRot+FarField+GradFarF+Kalman+StaticSup,horizontal best
cap_001474,2026-08-24T15:32:49.392,horizontal,22.44,24.94,1,0,0.0,TempBand+Watershed+Merge+ClustSml+ShapeGate+MinPeaks+P-Filter+EquipRej+SkinPrio+Omega+OmScale+OmSplit+OmRot+FarField+GradFarF+Kalman+StaticSup,horizontal best
cap_001475,2026-08-24T15:32:49.522,horizontal,22.44,24.94,1,0,0.0,TempBand+Watershed+Merge+ClustSml+ShapeGate+MinPeaks+P-Filter+EquipRej+SkinPrio+Omega+OmScale+OmSplit+OmRot+FarField+GradFarF+Kalman+StaticSup,horizontal best
cap_001476,2026-08-24T15:32:49.614,horizontal,22.42,24.92,1,0,0.0,TempBand+Watershed+Merge+ClustSml+ShapeGate+MinPeaks+P-Filter+EquipRej+SkinPrio+Omega+OmScale+OmSplit+OmRot+FarField+GradFarF+Kalman+StaticSup,horizontal best
cap_001477,2026-08-24T15:32:49.741,horizontal,22.44,24.94,1,0,0.0,TempBand+Watershed+Merge+ClustSml+ShapeGate+MinPeaks+P-Filter+EquipRej+SkinPrio+Omega+OmScale+OmSplit+OmRot+FarField+GradFarF+Kalman+StaticSup,horizontal best
cap_001478,2026-08-24T15:32:49.840,horizontal,22.44,24.94,1,0,0.0,TempBand+Watershed+Merge+ClustSml+ShapeGate+MinPeaks+P-Filter+EquipRej+SkinPrio+Omega+OmScale+OmSplit+OmRot+FarField+GradFarF+Kalman+StaticSup,horizontal best
cap_001479,2026-08-24T15:32:49.983,horizontal,22.44,24.94,1,0,0.0,TempBand+Watershed+Merge+ClustSml+ShapeGate+MinPeaks+P-Filter+EquipRej+SkinPrio+Omega+OmScale+OmSplit+OmRot+FarField+GradFarF+Kalman+StaticSup,horizontal best
cap_001480,2026-08-24T15:32:50.098,horizontal,22.42,24.92,1,0,0.0,TempBand+Watershed+Merge+ClustSml+ShapeGate+MinPeaks+P-Filter+EquipRej+SkinPrio+Omega+OmScale+OmSplit+OmRot+FarField+GradFarF+Kalman+StaticSup,horizontal best
cap_001481,2026-08-24T15:32:50.189,horizontal,22.44,24.94,1,0,0.0,TempBand+Watershed+Merge+ClustSml+ShapeGate+MinPeaks+P-Filter+EquipRej+SkinPrio+Omega+OmScale+OmSplit+OmRot+FarField+GradFarF+Kalman+StaticSup,horizontal best
cap_001482,2026-08-24T15:32:50.320,horizontal,22.44,24.94,1,0,0.0,TempBand+Watershed+Merge+ClustSml+ShapeGate+MinPeaks+P-Filter+EquipRej+SkinPrio+Omega+OmScale+OmSplit+OmRot+FarField+GradFarF+Kalman+StaticSup,horizontal best
cap_001483,2026-08-24T15:32:50.418,horizontal,22.44,24.94,1,0,0.0,TempBand+Watershed+Merge+ClustSml+ShapeGate+MinPeaks+P-Filter+EquipRej+SkinPrio+Omega+OmScale+OmSplit+OmRot+FarField+GradFarF+Kalman+StaticSup,horizontal best
cap_001484,2026-08-24T15:32:50.543,horizontal,22.44,24.94,1,0,0.0,TempBand+Watershed+Merge+ClustSml+ShapeGate+MinPeaks+P-Filter+EquipRej+SkinPrio+Omega+OmScale+OmSplit+OmRot+FarField+GradFarF+Kalman+StaticSup,horizontal best
cap_001485,2026-08-24T15:32:50.641,horizontal,22.44,24.94,1,0,0.0,TempBand+Watershed+Merge+ClustSml+ShapeGate+MinPeaks+P-Filter+EquipRej+SkinPrio+Omega+OmScale+OmSplit+OmRot+FarField+GradFarF+Kalman+StaticSup,horizontal best
cap_001486,2026-08-24T15:32:50.778,horizontal,22.44,24.94,1,0,0.0,TempBand+Watershed+Merge+ClustSml+ShapeGate+MinPeaks+P-Filter+EquipRej+SkinPrio+Omega+OmScale+OmSplit+OmRot+FarField+GradFarF+Kalman+StaticSup,horizontal best
cap_001487,2026-08-24T15:32:50.862,horizontal,22.44,24.94,1,0,0.0,TempBand+Watershed+Merge+ClustSml+ShapeGate+MinPeaks+P-Filter+EquipRej+SkinPrio+Omega+OmScale+OmSplit+OmRot+FarField+GradFarF+Kalman+StaticSup,horizontal best
cap_001488,2026-08-24T15:32:50.990,horizontal,22.44,24.94,1,0,0.0,TempBand+Watershed+Merge+ClustSml+ShapeGate+MinPeaks+P-Filter+EquipRej+SkinPrio+Omega+OmScale+OmSplit+OmRot+FarField+GradFarF+Kalman+StaticSup,horizontal best
cap_001489,2026-08-24T15:32:51.125,horizontal,22.47,24.97,1,0,0.0,TempBand+Watershed+Merge+ClustSml+ShapeGate+MinPeaks+P-Filter+EquipRej+SkinPrio+Omega+OmScale+OmSplit+OmRot+FarField+GradFarF+Kalman+StaticSup,horizontal best
cap_001490,2026-08-24T15:32:51.216,horizontal,22.44,24.94,1,0,0.0,TempBand+Watershed+Merge+ClustSml+ShapeGate+MinPeaks+P-Filter+EquipRej+SkinPrio+Omega+OmScale+OmSplit+OmRot+FarField+GradFarF+Kalman+StaticSup,horizontal best
cap_001491,2026-08-24T15:32:51.343,horizontal,22.44,24.94,1,0,0.0,TempBand+Watershed+Merge+ClustSml+ShapeGate+MinPeaks+P-Filter+EquipRej+SkinPrio+Omega+OmScale+OmSplit+OmRot+FarField+GradFarF+Kalman+StaticSup,horizontal best
cap_001492,2026-08-24T15:32:51.444,horizontal,22.44,24.94,1,0,0.0,TempBand+Watershed+Merge+ClustSml+ShapeGate+MinPeaks+P-Filter+EquipRej+SkinPrio+Omega+OmScale+OmSplit+OmRot+FarField+GradFarF+Kalman+StaticSup,horizontal best
cap_001493,2026-08-24T15:32:51.568,horizontal,22.47,24.97,1,0,0.0,TempBand+Watershed+Merge+ClustSml+ShapeGate+MinPeaks+P-Filter+EquipRej+SkinPrio+Omega+OmScale+OmSplit+OmRot+FarField+GradFarF+Kalman+StaticSup,horizontal best
cap_001494,2026-08-24T15:32:51.669,horizontal,22.47,24.97,1,0,0.0,TempBand+Watershed+Merge+ClustSml+ShapeGate+MinPeaks+P-Filter+EquipRej+SkinPrio+Omega+OmScale+OmSplit+OmRot+FarField+GradFarF+Kalman+StaticSup,horizontal best
cap_001495,2026-08-24T15:32:51.802,horizontal,22.47,24.97,1,0,0.0,TempBand+Watershed+Merge+ClustSml+ShapeGate+MinPeaks+P-Filter+EquipRej+SkinPrio+Omega+OmScale+OmSplit+OmRot+FarField+GradFarF+Kalman+StaticSup,horizontal best
cap_001496,2026-08-24T15:32:51.922,horizontal,22.47,24.97,1,0,0.0,TempBand+Watershed+Merge+ClustSml+ShapeGate+MinPeaks+P-Filter+EquipRej+SkinPrio+Omega+OmScale+OmSplit+OmRot+FarField+GradFarF+Kalman+StaticSup,horizontal best
cap_001497,2026-08-24T15:32:52.018,horizontal,22.44,24.94,1,0,0.0,TempBand+Watershed+Merge+ClustSml+ShapeGate+MinPeaks+P-Filter+EquipRej+SkinPrio+Omega+OmScale+OmSplit+OmRot+FarField+GradFarF+Kalman+StaticSup,horizontal best
cap_001498,2026-08-24T15:32:52.146,horizontal,22.44,24.94,1,0,0.0,TempBand+Watershed+Merge+ClustSml+ShapeGate+MinPeaks+P-Filter+EquipRej+SkinPrio+Omega+OmScale+OmSplit+OmRot+FarField+GradFarF+Kalman+StaticSup,horizontal best
cap_001499,2026-08-24T15:32:52.239,horizontal,22.44,24.94,1,0,0.0,TempBand+Watershed+Merge+ClustSml+ShapeGate+MinPeaks+P-Filter+EquipRej+SkinPrio+Omega+OmScale+OmSplit+OmRot+FarField+GradFarF+Kalman+StaticSup,horizontal best
cap_001500,2026-08-24T15:32:52.368,horizontal,22.47,24.97,1,0,0.0,TempBand+Watershed+Merge+ClustSml+ShapeGate+MinPeaks+P-Filter+EquipRej+SkinPrio+Omega+OmScale+OmSplit+OmRot+FarField+GradFarF+Kalman+StaticSup,horizontal best
cap_001501,2026-08-24T15:32:52.467,horizontal,22.47,24.97,1,0,0.0,TempBand+Watershed+Merge+ClustSml+ShapeGate+MinPeaks+P-Filter+EquipRej+SkinPrio+Omega+OmScale+OmSplit+OmRot+FarField+GradFarF+Kalman+StaticSup,horizontal best
cap_001502,2026-08-24T15:32:52.600,horizontal,22.47,24.97,1,0,0.0,TempBand+Watershed+Merge+ClustSml+ShapeGate+MinPeaks+P-Filter+EquipRej+SkinPrio+Omega+OmScale+OmSplit+OmRot+FarField+GradFarF+Kalman+StaticSup,horizontal best
cap_001503,2026-08-24T15:32:52.686,horizontal,22.47,24.97,1,0,0.0,TempBand+Watershed+Merge+ClustSml+ShapeGate+MinPeaks+P-Filter+EquipRej+SkinPrio+Omega+OmScale+OmSplit+OmRot+FarField+GradFarF+Kalman+StaticSup,horizontal best
cap_001504,2026-08-24T15:32:52.816,horizontal,22.47,24.97,1,0,0.0,TempBand+Watershed+Merge+ClustSml+ShapeGate+MinPeaks+P-Filter+EquipRej+SkinPrio+Omega+OmScale+OmSplit+OmRot+FarField+GradFarF+Kalman+StaticSup,horizontal best
cap_001505,2026-08-24T15:32:52.949,horizontal,22.47,24.97,1,0,0.0,TempBand+Watershed+Merge+ClustSml+ShapeGate+MinPeaks+P-Filter+EquipRej+SkinPrio+Omega+OmScale+OmSplit+OmRot+FarField+GradFarF+Kalman+StaticSup,horizontal best
cap_001506,2026-08-24T15:32:53.053,horizontal,22.44,24.94,1,0,0.0,TempBand+Watershed+Merge+ClustSml+ShapeGate+MinPeaks+P-Filter+EquipRej+SkinPrio+Omega+OmScale+OmSplit+OmRot+FarField+GradFarF+Kalman+StaticSup,horizontal best
cap_001507,2026-08-24T15:32:53.173,horizontal,22.44,24.94,1,0,0.0,TempBand+Watershed+Merge+ClustSml+ShapeGate+MinPeaks+P-Filter+EquipRej+SkinPrio+Omega+OmScale+OmSplit+OmRot+FarField+GradFarF+Kalman+StaticSup,horizontal best
cap_001508,2026-08-24T15:32:53.275,horizontal,22.44,24.94,2,0,0.0,TempBand+Watershed+Merge+ClustSml+ShapeGate+MinPeaks+P-Filter+EquipRej+SkinPrio+Omega+OmScale+OmSplit+OmRot+FarField+GradFarF+Kalman+StaticSup,horizontal best
cap_001509,2026-08-24T15:32:53.395,horizontal,22.44,24.94,2,0,0.0,TempBand+Watershed+Merge+ClustSml+ShapeGate+MinPeaks+P-Filter+EquipRej+SkinPrio+Omega+OmScale+OmSplit+OmRot+FarField+GradFarF+Kalman+StaticSup,horizontal best
cap_001510,2026-08-24T15:32:53.489,horizontal,22.44,24.94,2,0,0.0,TempBand+Watershed+Merge+ClustSml+ShapeGate+MinPeaks+P-Filter+EquipRej+SkinPrio+Omega+OmScale+OmSplit+OmRot+FarField+GradFarF+Kalman+StaticSup,horizontal best
cap_001511,2026-08-24T15:32:53.618,horizontal,22.44,24.94,2,0,0.0,TempBand+Watershed+Merge+ClustSml+ShapeGate+MinPeaks+P-Filter+EquipRej+SkinPrio+Omega+OmScale+OmSplit+OmRot+FarField+GradFarF+Kalman+StaticSup,horizontal best
cap_001512,2026-08-24T15:32:53.750,horizontal,22.42,24.92,2,0,0.0,TempBand+Watershed+Merge+ClustSml+ShapeGate+MinPeaks+P-Filter+EquipRej+SkinPrio+Omega+OmScale+OmSplit+OmRot+FarField+GradFarF+Kalman+StaticSup,horizontal best
cap_001513,2026-08-24T15:32:53.843,horizontal,22.42,24.92,2,0,0.0,TempBand+Watershed+Merge+ClustSml+ShapeGate+MinPeaks+P-Filter+EquipRej+SkinPrio+Omega+OmScale+OmSplit+OmRot+FarField+GradFarF+Kalman+StaticSup,horizontal best
cap_001514,2026-08-24T15:32:53.967,horizontal,22.40,24.90,2,0,0.0,TempBand+Watershed+Merge+ClustSml+ShapeGate+MinPeaks+P-Filter+EquipRej+SkinPrio+Omega+OmScale+OmSplit+OmRot+FarField+GradFarF+Kalman+StaticSup,horizontal best
cap_001515,2026-08-24T15:32:54.064,horizontal,22.40,24.90,2,0,0.0,TempBand+Watershed+Merge+ClustSml+ShapeGate+MinPeaks+P-Filter+EquipRej+SkinPrio+Omega+OmScale+OmSplit+OmRot+FarField+GradFarF+Kalman+StaticSup,horizontal best
cap_001516,2026-08-24T15:32:54.196,horizontal,22.37,24.87,2,0,0.0,TempBand+Watershed+Merge+ClustSml+ShapeGate+MinPeaks+P-Filter+EquipRej+SkinPrio+Omega+OmScale+OmSplit+OmRot+FarField+GradFarF+Kalman+StaticSup,horizontal best
cap_001517,2026-08-24T15:32:54.291,horizontal,22.37,24.87,2,0,0.0,TempBand+Watershed+Merge+ClustSml+ShapeGate+MinPeaks+P-Filter+EquipRej+SkinPrio+Omega+OmScale+OmSplit+OmRot+FarField+GradFarF+Kalman+StaticSup,horizontal best
cap_001518,2026-08-24T15:32:54.423,horizontal,22.37,24.87,2,0,0.0,TempBand+Watershed+Merge+ClustSml+ShapeGate+MinPeaks+P-Filter+EquipRej+SkinPrio+Omega+OmScale+OmSplit+OmRot+FarField+GradFarF+Kalman+StaticSup,horizontal best
cap_001519,2026-08-24T15:32:54.511,horizontal,22.37,24.87,2,0,0.0,TempBand+Watershed+Merge+ClustSml+ShapeGate+MinPeaks+P-Filter+EquipRej+SkinPrio+Omega+OmScale+OmSplit+OmRot+FarField+GradFarF+Kalman+StaticSup,horizontal best
cap_001520,2026-08-24T15:32:54.649,horizontal,22.37,24.87,2,0,0.0,TempBand+Watershed+Merge+ClustSml+ShapeGate+MinPeaks+P-Filter+EquipRej+SkinPrio+Omega+OmScale+OmSplit+OmRot+FarField+GradFarF+Kalman+StaticSup,horizontal best
cap_001521,2026-08-24T15:32:54.777,horizontal,22.37,24.87,2,0,0.0,TempBand+Watershed+Merge+ClustSml+ShapeGate+MinPeaks+P-Filter+EquipRej+SkinPrio+Omega+OmScale+OmSplit+OmRot+FarField+GradFarF+Kalman+StaticSup,horizontal best
cap_001522,2026-08-24T15:32:54.869,horizontal,22.35,24.85,1,3,0.8867156001413985,TempBand+Watershed+Merge+ClustSml+ShapeGate+MinPeaks+P-Filter+EquipRej+SkinPrio+Omega+OmScale+OmSplit+OmRot+FarField+GradFarF+Kalman+StaticSup,horizontal best
cap_001523,2026-08-24T15:32:54.996,horizontal,22.35,24.85,2,0,0.0,TempBand+Watershed+Merge+ClustSml+ShapeGate+MinPeaks+P-Filter+EquipRej+SkinPrio+Omega+OmScale+OmSplit+OmRot+FarField+GradFarF+Kalman+StaticSup,horizontal best
cap_001524,2026-08-24T15:32:55.090,horizontal,22.33,24.83,2,0,0.0,TempBand+Watershed+Merge+ClustSml+ShapeGate+MinPeaks+P-Filter+EquipRej+SkinPrio+Omega+OmScale+OmSplit+OmRot+FarField+GradFarF+Kalman+StaticSup,horizontal best
cap_001525,2026-08-24T15:32:55.218,horizontal,22.33,24.83,2,0,0.0,TempBand+Watershed+Merge+ClustSml+ShapeGate+MinPeaks+P-Filter+EquipRej+SkinPrio+Omega+OmScale+OmSplit+OmRot+FarField+GradFarF+Kalman+StaticSup,horizontal best
cap_001526,2026-08-24T15:32:55.311,horizontal,22.33,24.83,2,0,0.0,TempBand+Watershed+Merge+ClustSml+ShapeGate+MinPeaks+P-Filter+EquipRej+SkinPrio+Omega+OmScale+OmSplit+OmRot+FarField+GradFarF+Kalman+StaticSup,horizontal best
cap_001527,2026-08-24T15:32:55.443,horizontal,22.33,24.83,2,0,0.0,TempBand+Watershed+Merge+ClustSml+ShapeGate+MinPeaks+P-Filter+EquipRej+SkinPrio+Omega+OmScale+OmSplit+OmRot+FarField+GradFarF+Kalman+StaticSup,horizontal best
cap_001528,2026-08-24T15:32:55.539,horizontal,22.30,24.80,2,0,0.0,TempBand+Watershed+Merge+ClustSml+ShapeGate+MinPeaks+P-Filter+EquipRej+SkinPrio+Omega+OmScale+OmSplit+OmRot+FarField+GradFarF+Kalman+StaticSup,horizontal best
cap_001529,2026-08-24T15:32:55.667,horizontal,22.30,24.80,2,0,0.0,TempBand+Watershed+Merge+ClustSml+ShapeGate+MinPeaks+P-Filter+EquipRej+SkinPrio+Omega+OmScale+OmSplit+OmRot+FarField+GradFarF+Kalman+StaticSup,horizontal best
cap_001530,2026-08-24T15:32:55.795,horizontal,22.30,24.80,2,0,0.0,TempBand+Watershed+Merge+ClustSml+ShapeGate+MinPeaks+P-Filter+EquipRej+SkinPrio+Omega+OmScale+OmSplit+OmRot+FarField+GradFarF+Kalman+StaticSup,horizontal best
cap_001531,2026-08-24T15:32:55.887,horizontal,22.30,24.80,2,0,0.0,TempBand+Watershed+Merge+ClustSml+ShapeGate+MinPeaks+P-Filter+EquipRej+SkinPrio+Omega+OmScale+OmSplit+OmRot+FarField+GradFarF+Kalman+StaticSup,horizontal best
cap_001532,2026-08-24T15:32:56.020,horizontal,22.30,24.80,2,0,0.0,TempBand+Watershed+Merge+ClustSml+ShapeGate+MinPeaks+P-Filter+EquipRej+SkinPrio+Omega+OmScale+OmSplit+OmRot+FarField+GradFarF+Kalman+StaticSup,horizontal best
cap_001533,2026-08-24T15:32:56.114,horizontal,22.30,24.80,2,0,0.0,TempBand+Watershed+Merge+ClustSml+ShapeGate+MinPeaks+P-Filter+EquipRej+SkinPrio+Omega+OmScale+OmSplit+OmRot+FarField+GradFarF+Kalman+StaticSup,horizontal best
cap_001534,2026-08-24T15:32:56.246,horizontal,22.30,24.80,2,0,0.0,TempBand+Watershed+Merge+ClustSml+ShapeGate+MinPeaks+P-Filter+EquipRej+SkinPrio+Omega+OmScale+OmSplit+OmRot+FarField+GradFarF+Kalman+StaticSup,horizontal best
cap_001535,2026-08-24T15:32:56.338,horizontal,22.30,24.80,2,0,0.0,TempBand+Watershed+Merge+ClustSml+ShapeGate+MinPeaks+P-Filter+EquipRej+SkinPrio+Omega+OmScale+OmSplit+OmRot+FarField+GradFarF+Kalman+StaticSup,horizontal best
cap_001536,2026-08-24T15:32:56.462,horizontal,22.28,24.78,2,0,0.0,TempBand+Watershed+Merge+ClustSml+ShapeGate+MinPeaks+P-Filter+EquipRej+SkinPrio+Omega+OmScale+OmSplit+OmRot+FarField+GradFarF+Kalman+StaticSup,horizontal best
cap_001537,2026-08-24T15:32:56.594,horizontal,22.26,24.76,2,0,0.0,TempBand+Watershed+Merge+ClustSml+ShapeGate+MinPeaks+P-Filter+EquipRej+SkinPrio+Omega+OmScale+OmSplit+OmRot+FarField+GradFarF+Kalman+StaticSup,horizontal best
cap_001538,2026-08-24T15:32:56.690,horizontal,22.26,24.76,2,0,0.0,TempBand+Watershed+Merge+ClustSml+ShapeGate+MinPeaks+P-Filter+EquipRej+SkinPrio+Omega+OmScale+OmSplit+OmRot+FarField+GradFarF+Kalman+StaticSup,horizontal best
cap_001539,2026-08-24T15:32:56.820,horizontal,22.26,24.76,2,0,0.0,TempBand+Watershed+Merge+ClustSml+ShapeGate+MinPeaks+P-Filter+EquipRej+SkinPrio+Omega+OmScale+OmSplit+OmRot+FarField+GradFarF+Kalman+StaticSup,horizontal best
cap_001540,2026-08-24T15:32:56.912,horizontal,22.23,24.73,2,0,0.0,TempBand+Watershed+Merge+ClustSml+ShapeGate+MinPeaks+P-Filter+EquipRej+SkinPrio+Omega+OmScale+OmSplit+OmRot+FarField+GradFarF+Kalman+StaticSup,horizontal best
cap_001541,2026-08-24T15:32:57.049,horizontal,22.26,24.76,2,0,0.0,TempBand+Watershed+Merge+ClustSml+ShapeGate+MinPeaks+P-Filter+EquipRej+SkinPrio+Omega+OmScale+OmSplit+OmRot+FarField+GradFarF+Kalman+StaticSup,horizontal best
cap_001542,2026-08-24T15:32:57.133,horizontal,22.26,24.76,2,0,0.0,TempBand+Watershed+Merge+ClustSml+ShapeGate+MinPeaks+P-Filter+EquipRej+SkinPrio+Omega+OmScale+OmSplit+OmRot+FarField+GradFarF+Kalman+StaticSup,horizontal best
cap_001543,2026-08-24T15:32:57.269,horizontal,22.26,24.76,2,0,0.0,TempBand+Watershed+Merge+ClustSml+ShapeGate+MinPeaks+P-Filter+EquipRej+SkinPrio+Omega+OmScale+OmSplit+OmRot+FarField+GradFarF+Kalman+StaticSup,horizontal best
cap_001544,2026-08-24T15:32:57.391,horizontal,22.26,24.76,2,0,0.0,TempBand+Watershed+Merge+ClustSml+ShapeGate+MinPeaks+P-Filter+EquipRej+SkinPrio+Omega+OmScale+OmSplit+OmRot+FarField+GradFarF+Kalman+StaticSup,horizontal best
cap_001545,2026-08-24T15:32:57.490,horizontal,22.26,24.76,2,0,0.0,TempBand+Watershed+Merge+ClustSml+ShapeGate+MinPeaks+P-Filter+EquipRej+SkinPrio+Omega+OmScale+OmSplit+OmRot+FarField+GradFarF+Kalman+StaticSup,horizontal best
cap_001546,2026-08-24T15:32:57.613,horizontal,22.26,24.76,1,0,0.0,TempBand+Watershed+Merge+ClustSml+ShapeGate+MinPeaks+P-Filter+EquipRej+SkinPrio+Omega+OmScale+OmSplit+OmRot+FarField+GradFarF+Kalman+StaticSup,horizontal best
cap_001547,2026-08-24T15:32:57.714,horizontal,22.21,24.71,1,0,0.0,TempBand+Watershed+Merge+ClustSml+ShapeGate+MinPeaks+P-Filter+EquipRej+SkinPrio+Omega+OmScale+OmSplit+OmRot+FarField+GradFarF+Kalman+StaticSup,horizontal best
cap_001548,2026-08-24T15:32:57.841,horizontal,22.18,24.68,1,0,0.0,TempBand+Watershed+Merge+ClustSml+ShapeGate+MinPeaks+P-Filter+EquipRej+SkinPrio+Omega+OmScale+OmSplit+OmRot+FarField+GradFarF+Kalman+StaticSup,horizontal best
cap_001549,2026-08-24T15:32:57.937,horizontal,22.18,24.68,2,0,0.0,TempBand+Watershed+Merge+ClustSml+ShapeGate+MinPeaks+P-Filter+EquipRej+SkinPrio+Omega+OmScale+OmSplit+OmRot+FarField+GradFarF+Kalman+StaticSup,horizontal best
cap_001550,2026-08-24T15:32:58.064,horizontal,22.18,24.68,2,0,0.0,TempBand+Watershed+Merge+ClustSml+ShapeGate+MinPeaks+P-Filter+EquipRej+SkinPrio+Omega+OmScale+OmSplit+OmRot+FarField+GradFarF+Kalman+StaticSup,horizontal best
cap_001551,2026-08-24T15:32:58.157,horizontal,22.16,24.66,2,0,0.0,TempBand+Watershed+Merge+ClustSml+ShapeGate+MinPeaks+P-Filter+EquipRej+SkinPrio+Omega+OmScale+OmSplit+OmRot+FarField+GradFarF+Kalman+StaticSup,horizontal best
cap_001552,2026-08-24T15:32:58.291,horizontal,22.16,24.66,1,0,0.0,TempBand+Watershed+Merge+ClustSml+ShapeGate+MinPeaks+P-Filter+EquipRej+SkinPrio+Omega+OmScale+OmSplit+OmRot+FarField+GradFarF+Kalman+StaticSup,horizontal best
cap_001553,2026-08-24T15:32:58.417,horizontal,22.16,24.66,1,0,0.0,TempBand+Watershed+Merge+ClustSml+ShapeGate+MinPeaks+P-Filter+EquipRej+SkinPrio+Omega+OmScale+OmSplit+OmRot+FarField+GradFarF+Kalman+StaticSup,horizontal best
cap_001554,2026-08-24T15:32:58.511,horizontal,22.14,24.64,1,0,0.0,TempBand+Watershed+Merge+ClustSml+ShapeGate+MinPeaks+P-Filter+EquipRej+SkinPrio+Omega+OmScale+OmSplit+OmRot+FarField+GradFarF+Kalman+StaticSup,horizontal best
cap_001555,2026-08-24T15:32:58.644,horizontal,22.14,24.64,1,0,0.0,TempBand+Watershed+Merge+ClustSml+ShapeGate+MinPeaks+P-Filter+EquipRej+SkinPrio+Omega+OmScale+OmSplit+OmRot+FarField+GradFarF+Kalman+StaticSup,horizontal best
cap_001556,2026-08-24T15:32:58.735,horizontal,22.11,24.61,1,0,0.0,TempBand+Watershed+Merge+ClustSml+ShapeGate+MinPeaks+P-Filter+EquipRej+SkinPrio+Omega+OmScale+OmSplit+OmRot+FarField+GradFarF+Kalman+StaticSup,horizontal best
cap_001557,2026-08-24T15:32:58.865,horizontal,22.11,24.61,1,0,0.0,TempBand+Watershed+Merge+ClustSml+ShapeGate+MinPeaks+P-Filter+EquipRej+SkinPrio+Omega+OmScale+OmSplit+OmRot+FarField+GradFarF+Kalman+StaticSup,horizontal best
cap_001558,2026-08-24T15:32:58.960,horizontal,22.11,24.61,1,0,0.0,TempBand+Watershed+Merge+ClustSml+ShapeGate+MinPeaks+P-Filter+EquipRej+SkinPrio+Omega+OmScale+OmSplit+OmRot+FarField+GradFarF+Kalman+StaticSup,horizontal best
cap_001559,2026-08-24T15:32:59.088,horizontal,22.11,24.61,1,0,0.0,TempBand+Watershed+Merge+ClustSml+ShapeGate+MinPeaks+P-Filter+EquipRej+SkinPrio+Omega+OmScale+OmSplit+OmRot+FarField+GradFarF+Kalman+StaticSup,horizontal best
cap_001560,2026-08-24T15:32:59.185,horizontal,22.11,24.61,1,0,0.0,TempBand+Watershed+Merge+ClustSml+ShapeGate+MinPeaks+P-Filter+EquipRej+SkinPrio+Omega+OmScale+OmSplit+OmRot+FarField+GradFarF+Kalman+StaticSup,horizontal best
cap_001561,2026-08-24T15:32:59.316,horizontal,22.11,24.61,1,0,0.0,TempBand+Watershed+Merge+ClustSml+ShapeGate+MinPeaks+P-Filter+EquipRej+SkinPrio+Omega+OmScale+OmSplit+OmRot+FarField+GradFarF+Kalman+StaticSup,horizontal best
cap_001562,2026-08-24T15:32:59.444,horizontal,22.14,24.64,1,0,0.0,TempBand+Watershed+Merge+ClustSml+ShapeGate+MinPeaks+P-Filter+EquipRej+SkinPrio+Omega+OmScale+OmSplit+OmRot+FarField+GradFarF+Kalman+StaticSup,horizontal best
cap_001563,2026-08-24T15:32:59.533,horizontal,22.14,24.64,1,0,0.0,TempBand+Watershed+Merge+ClustSml+ShapeGate+MinPeaks+P-Filter+EquipRej+SkinPrio+Omega+OmScale+OmSplit+OmRot+FarField+GradFarF+Kalman+StaticSup,horizontal best
cap_001564,2026-08-24T15:32:59.667,horizontal,22.14,24.64,1,0,0.0,TempBand+Watershed+Merge+ClustSml+ShapeGate+MinPeaks+P-Filter+EquipRej+SkinPrio+Omega+OmScale+OmSplit+OmRot+FarField+GradFarF+Kalman+StaticSup,horizontal best
cap_001565,2026-08-24T15:32:59.759,horizontal,22.14,24.64,1,0,0.0,TempBand+Watershed+Merge+ClustSml+ShapeGate+MinPeaks+P-Filter+EquipRej+SkinPrio+Omega+OmScale+OmSplit+OmRot+FarField+GradFarF+Kalman+StaticSup,horizontal best
cap_001566,2026-08-24T15:32:59.889,horizontal,22.14,24.64,1,0,0.0,TempBand+Watershed+Merge+ClustSml+ShapeGate+MinPeaks+P-Filter+EquipRej+SkinPrio+Omega+OmScale+OmSplit+OmRot+FarField+GradFarF+Kalman+StaticSup,horizontal best
cap_001567,2026-08-24T15:32:59.982,horizontal,22.11,24.61,1,0,0.0,TempBand+Watershed+Merge+ClustSml+ShapeGate+MinPeaks+P-Filter+EquipRej+SkinPrio+Omega+OmScale+OmSplit+OmRot+FarField+GradFarF+Kalman+StaticSup,horizontal best
cap_001568,2026-08-24T15:33:00.113,horizontal,22.11,24.61,1,0,0.0,TempBand+Watershed+Merge+ClustSml+ShapeGate+MinPeaks+P-Filter+EquipRej+SkinPrio+Omega+OmScale+OmSplit+OmRot+FarField+GradFarF+Kalman+StaticSup,horizontal best
cap_001569,2026-08-24T15:33:00.237,horizontal,22.09,24.59,1,0,0.0,TempBand+Watershed+Merge+ClustSml+ShapeGate+MinPeaks+P-Filter+EquipRej+SkinPrio+Omega+OmScale+OmSplit+OmRot+FarField+GradFarF+Kalman+StaticSup,horizontal best
cap_001570,2026-08-24T15:33:00.330,horizontal,22.04,24.54,1,0,0.0,TempBand+Watershed+Merge+ClustSml+ShapeGate+MinPeaks+P-Filter+EquipRej+SkinPrio+Omega+OmScale+OmSplit+OmRot+FarField+GradFarF+Kalman+StaticSup,horizontal best
cap_001571,2026-08-24T15:33:00.461,horizontal,22.04,24.54,1,0,0.0,TempBand+Watershed+Merge+ClustSml+ShapeGate+MinPeaks+P-Filter+EquipRej+SkinPrio+Omega+OmScale+OmSplit+OmRot+FarField+GradFarF+Kalman+StaticSup,horizontal best
cap_001572,2026-08-24T15:33:00.557,horizontal,22.04,24.54,1,0,0.0,TempBand+Watershed+Merge+ClustSml+ShapeGate+MinPeaks+P-Filter+EquipRej+SkinPrio+Omega+OmScale+OmSplit+OmRot+FarField+GradFarF+Kalman+StaticSup,horizontal best
cap_001573,2026-08-24T15:33:00.688,horizontal,22.04,24.54,1,0,0.0,TempBand+Watershed+Merge+ClustSml+ShapeGate+MinPeaks+P-Filter+EquipRej+SkinPrio+Omega+OmScale+OmSplit+OmRot+FarField+GradFarF+Kalman+StaticSup,horizontal best
cap_001574,2026-08-24T15:33:00.782,horizontal,22.04,24.54,1,0,0.0,TempBand+Watershed+Merge+ClustSml+ShapeGate+MinPeaks+P-Filter+EquipRej+SkinPrio+Omega+OmScale+OmSplit+OmRot+FarField+GradFarF+Kalman+StaticSup,horizontal best
cap_001575,2026-08-24T15:33:00.914,horizontal,22.06,24.56,1,0,0.0,TempBand+Watershed+Merge+ClustSml+ShapeGate+MinPeaks+P-Filter+EquipRej+SkinPrio+Omega+OmScale+OmSplit+OmRot+FarField+GradFarF+Kalman+StaticSup,horizontal best
cap_001576,2026-08-24T15:33:01.006,horizontal,22.09,24.59,1,0,0.0,TempBand+Watershed+Merge+ClustSml+ShapeGate+MinPeaks+P-Filter+EquipRej+SkinPrio+Omega+OmScale+OmSplit+OmRot+FarField+GradFarF+Kalman+StaticSup,horizontal best
cap_001577,2026-08-24T15:33:01.136,horizontal,22.06,24.56,1,0,0.0,TempBand+Watershed+Merge+ClustSml+ShapeGate+MinPeaks+P-Filter+EquipRej+SkinPrio+Omega+OmScale+OmSplit+OmRot+FarField+GradFarF+Kalman+StaticSup,horizontal best
cap_001578,2026-08-24T15:33:01.267,horizontal,22.06,24.56,1,0,0.0,TempBand+Watershed+Merge+ClustSml+ShapeGate+MinPeaks+P-Filter+EquipRej+SkinPrio+Omega+OmScale+OmSplit+OmRot+FarField+GradFarF+Kalman+StaticSup,horizontal best
cap_001579,2026-08-24T15:33:01.361,horizontal,22.06,24.56,1,0,0.0,TempBand+Watershed+Merge+ClustSml+ShapeGate+MinPeaks+P-Filter+EquipRej+SkinPrio+Omega+OmScale+OmSplit+OmRot+FarField+GradFarF+Kalman+StaticSup,horizontal best
cap_001580,2026-08-24T15:33:01.487,horizontal,22.06,24.56,1,0,0.0,TempBand+Watershed+Merge+ClustSml+ShapeGate+MinPeaks+P-Filter+EquipRej+SkinPrio+Omega+OmScale+OmSplit+OmRot+FarField+GradFarF+Kalman+StaticSup,horizontal best
cap_001581,2026-08-24T15:33:01.584,horizontal,22.06,24.56,1,0,0.0,TempBand+Watershed+Merge+ClustSml+ShapeGate+MinPeaks+P-Filter+EquipRej+SkinPrio+Omega+OmScale+OmSplit+OmRot+FarField+GradFarF+Kalman+StaticSup,horizontal best
cap_001582,2026-08-24T15:33:01.713,horizontal,22.04,24.54,1,0,0.0,TempBand+Watershed+Merge+ClustSml+ShapeGate+MinPeaks+P-Filter+EquipRej+SkinPrio+Omega+OmScale+OmSplit+OmRot+FarField+GradFarF+Kalman+StaticSup,horizontal best
cap_001583,2026-08-24T15:33:01.809,horizontal,22.06,24.56,1,0,0.0,TempBand+Watershed+Merge+ClustSml+ShapeGate+MinPeaks+P-Filter+EquipRej+SkinPrio+Omega+OmScale+OmSplit+OmRot+FarField+GradFarF+Kalman+StaticSup,horizontal best
cap_001584,2026-08-24T15:33:01.938,horizontal,22.06,24.56,1,0,0.0,TempBand+Watershed+Merge+ClustSml+ShapeGate+MinPeaks+P-Filter+EquipRej+SkinPrio+Omega+OmScale+OmSplit+OmRot+FarField+GradFarF+Kalman+StaticSup,horizontal best
cap_001585,2026-08-24T15:33:02.037,horizontal,22.06,24.56,1,0,0.0,TempBand+Watershed+Merge+ClustSml+ShapeGate+MinPeaks+P-Filter+EquipRej+SkinPrio+Omega+OmScale+OmSplit+OmRot+FarField+GradFarF+Kalman+StaticSup,horizontal best
cap_001586,2026-08-24T15:33:02.162,horizontal,22.06,24.56,1,0,0.0,TempBand+Watershed+Merge+ClustSml+ShapeGate+MinPeaks+P-Filter+EquipRej+SkinPrio+Omega+OmScale+OmSplit+OmRot+FarField+GradFarF+Kalman+StaticSup,horizontal best
cap_001587,2026-08-24T15:33:02.296,horizontal,22.06,24.56,1,0,0.0,TempBand+Watershed+Merge+ClustSml+ShapeGate+MinPeaks+P-Filter+EquipRej+SkinPrio+Omega+OmScale+OmSplit+OmRot+FarField+GradFarF+Kalman+StaticSup,horizontal best
cap_001588,2026-08-24T15:33:02.382,horizontal,22.06,24.56,1,0,0.0,TempBand+Watershed+Merge+ClustSml+ShapeGate+MinPeaks+P-Filter+EquipRej+SkinPrio+Omega+OmScale+OmSplit+OmRot+FarField+GradFarF+Kalman+StaticSup,horizontal best
cap_001589,2026-08-24T15:33:02.516,horizontal,22.06,24.56,1,0,0.0,TempBand+Watershed+Merge+ClustSml+ShapeGate+MinPeaks+P-Filter+EquipRej+SkinPrio+Omega+OmScale+OmSplit+OmRot+FarField+GradFarF+Kalman+StaticSup,horizontal best
cap_001590,2026-08-24T15:33:02.605,horizontal,22.06,24.56,1,0,0.0,TempBand+Watershed+Merge+ClustSml+ShapeGate+MinPeaks+P-Filter+EquipRej+SkinPrio+Omega+OmScale+OmSplit+OmRot+FarField+GradFarF+Kalman+StaticSup,horizontal best
cap_001591,2026-08-24T15:33:02.736,horizontal,22.04,24.54,1,0,0.0,TempBand+Watershed+Merge+ClustSml+ShapeGate+MinPeaks+P-Filter+EquipRej+SkinPrio+Omega+OmScale+OmSplit+OmRot+FarField+GradFarF+Kalman+StaticSup,horizontal best
cap_001592,2026-08-24T15:33:02.834,horizontal,22.02,24.52,1,0,0.0,TempBand+Watershed+Merge+ClustSml+ShapeGate+MinPeaks+P-Filter+EquipRej+SkinPrio+Omega+OmScale+OmSplit+OmRot+FarField+GradFarF+Kalman+StaticSup,horizontal best
cap_001593,2026-08-24T15:33:02.960,horizontal,22.02,24.52,1,0,0.0,TempBand+Watershed+Merge+ClustSml+ShapeGate+MinPeaks+P-Filter+EquipRej+SkinPrio+Omega+OmScale+OmSplit+OmRot+FarField+GradFarF+Kalman+StaticSup,horizontal best
cap_001594,2026-08-24T15:33:03.088,horizontal,22.02,24.52,1,0,0.0,TempBand+Watershed+Merge+ClustSml+ShapeGate+MinPeaks+P-Filter+EquipRej+SkinPrio+Omega+OmScale+OmSplit+OmRot+FarField+GradFarF+Kalman+StaticSup,horizontal best
cap_001595,2026-08-24T15:33:03.188,horizontal,21.97,24.47,1,0,0.0,TempBand+Watershed+Merge+ClustSml+ShapeGate+MinPeaks+P-Filter+EquipRej+SkinPrio+Omega+OmScale+OmSplit+OmRot+FarField+GradFarF+Kalman+StaticSup,horizontal best
cap_001596,2026-08-24T15:33:03.314,horizontal,21.97,24.47,1,0,0.0,TempBand+Watershed+Merge+ClustSml+ShapeGate+MinPeaks+P-Filter+EquipRej+SkinPrio+Omega+OmScale+OmSplit+OmRot+FarField+GradFarF+Kalman+StaticSup,horizontal best
cap_001597,2026-08-24T15:33:03.407,horizontal,21.97,24.47,1,0,0.0,TempBand+Watershed+Merge+ClustSml+ShapeGate+MinPeaks+P-Filter+EquipRej+SkinPrio+Omega+OmScale+OmSplit+OmRot+FarField+GradFarF+Kalman+StaticSup,horizontal best
cap_001598,2026-08-24T15:33:03.538,horizontal,21.97,24.47,1,0,0.0,TempBand+Watershed+Merge+ClustSml+ShapeGate+MinPeaks+P-Filter+EquipRej+SkinPrio+Omega+OmScale+OmSplit+OmRot+FarField+GradFarF+Kalman+StaticSup,horizontal best
cap_001599,2026-08-24T15:33:03.635,horizontal,21.97,24.47,1,0,0.0,TempBand+Watershed+Merge+ClustSml+ShapeGate+MinPeaks+P-Filter+EquipRej+SkinPrio+Omega+OmScale+OmSplit+OmRot+FarField+GradFarF+Kalman+StaticSup,horizontal best
cap_001600,2026-08-24T15:33:03.763,horizontal,21.94,24.44,1,0,0.0,TempBand+Watershed+Merge+ClustSml+ShapeGate+MinPeaks+P-Filter+EquipRej+SkinPrio+Omega+OmScale+OmSplit+OmRot+FarField+GradFarF+Kalman+StaticSup,horizontal best
cap_001601,2026-08-24T15:33:03.859,horizontal,21.94,24.44,1,0,0.0,TempBand+Watershed+Merge+ClustSml+ShapeGate+MinPeaks+P-Filter+EquipRej+SkinPrio+Omega+OmScale+OmSplit+OmRot+FarField+GradFarF+Kalman+StaticSup,horizontal best
cap_001602,2026-08-24T15:33:03.986,horizontal,21.94,24.44,1,0,0.0,TempBand+Watershed+Merge+ClustSml+ShapeGate+MinPeaks+P-Filter+EquipRej+SkinPrio+Omega+OmScale+OmSplit+OmRot+FarField+GradFarF+Kalman+StaticSup,horizontal best
cap_001603,2026-08-24T15:33:04.110,horizontal,21.94,24.44,1,0,0.0,TempBand+Watershed+Merge+ClustSml+ShapeGate+MinPeaks+P-Filter+EquipRej+SkinPrio+Omega+OmScale+OmSplit+OmRot+FarField+GradFarF+Kalman+StaticSup,horizontal best
cap_001604,2026-08-24T15:33:04.212,horizontal,21.94,24.44,1,0,0.0,TempBand+Watershed+Merge+ClustSml+ShapeGate+MinPeaks+P-Filter+EquipRej+SkinPrio+Omega+OmScale+OmSplit+OmRot+FarField+GradFarF+Kalman+StaticSup,horizontal best
cap_001605,2026-08-24T15:33:04.336,horizontal,21.92,24.42,2,0,0.0,TempBand+Watershed+Merge+ClustSml+ShapeGate+MinPeaks+P-Filter+EquipRej+SkinPrio+Omega+OmScale+OmSplit+OmRot+FarField+GradFarF+Kalman+StaticSup,horizontal best
cap_001606,2026-08-24T15:33:04.431,horizontal,21.92,24.42,2,0,0.0,TempBand+Watershed+Merge+ClustSml+ShapeGate+MinPeaks+P-Filter+EquipRej+SkinPrio+Omega+OmScale+OmSplit+OmRot+FarField+GradFarF+Kalman+StaticSup,horizontal best
cap_001607,2026-08-24T15:33:04.559,horizontal,21.92,24.42,2,0,0.0,TempBand+Watershed+Merge+ClustSml+ShapeGate+MinPeaks+P-Filter+EquipRej+SkinPrio+Omega+OmScale+OmSplit+OmRot+FarField+GradFarF+Kalman+StaticSup,horizontal best
cap_001608,2026-08-24T15:33:04.656,horizontal,21.90,24.40,2,0,0.0,TempBand+Watershed+Merge+ClustSml+ShapeGate+MinPeaks+P-Filter+EquipRej+SkinPrio+Omega+OmScale+OmSplit+OmRot+FarField+GradFarF+Kalman+StaticSup,horizontal best
cap_001609,2026-08-24T15:33:04.783,horizontal,21.92,24.42,1,0,0.0,TempBand+Watershed+Merge+ClustSml+ShapeGate+MinPeaks+P-Filter+EquipRej+SkinPrio+Omega+OmScale+OmSplit+OmRot+FarField+GradFarF+Kalman+StaticSup,horizontal best
cap_001610,2026-08-24T15:33:04.912,horizontal,21.92,24.42,1,0,0.0,TempBand+Watershed+Merge+ClustSml+ShapeGate+MinPeaks+P-Filter+EquipRej+SkinPrio+Omega+OmScale+OmSplit+OmRot+FarField+GradFarF+Kalman+StaticSup,horizontal best
cap_001611,2026-08-24T15:33:05.009,horizontal,21.92,24.42,1,0,0.0,TempBand+Watershed+Merge+ClustSml+ShapeGate+MinPeaks+P-Filter+EquipRej+SkinPrio+Omega+OmScale+OmSplit+OmRot+FarField+GradFarF+Kalman+StaticSup,horizontal best
cap_001612,2026-08-24T15:33:05.140,horizontal,21.92,24.42,1,0,0.0,TempBand+Watershed+Merge+ClustSml+ShapeGate+MinPeaks+P-Filter+EquipRej+SkinPrio+Omega+OmScale+OmSplit+OmRot+FarField+GradFarF+Kalman+StaticSup,horizontal best
cap_001613,2026-08-24T15:33:05.233,horizontal,21.96,24.46,1,0,0.0,TempBand+Watershed+Merge+ClustSml+ShapeGate+MinPeaks+P-Filter+EquipRej+SkinPrio+Omega+OmScale+OmSplit+OmRot+FarField+GradFarF+Kalman+StaticSup,horizontal best
cap_001614,2026-08-24T15:33:05.362,horizontal,21.97,24.47,1,0,0.0,TempBand+Watershed+Merge+ClustSml+ShapeGate+MinPeaks+P-Filter+EquipRej+SkinPrio+Omega+OmScale+OmSplit+OmRot+FarField+GradFarF+Kalman+StaticSup,horizontal best
cap_001615,2026-08-24T15:33:05.453,horizontal,21.99,24.49,1,0,0.0,TempBand+Watershed+Merge+ClustSml+ShapeGate+MinPeaks+P-Filter+EquipRej+SkinPrio+Omega+OmScale+OmSplit+OmRot+FarField+GradFarF+Kalman+StaticSup,horizontal best
cap_001616,2026-08-24T15:33:05.585,horizontal,22.04,24.54,1,0,0.0,TempBand+Watershed+Merge+ClustSml+ShapeGate+MinPeaks+P-Filter+EquipRej+SkinPrio+Omega+OmScale+OmSplit+OmRot+FarField+GradFarF+Kalman+StaticSup,horizontal best
cap_001617,2026-08-24T15:33:05.681,horizontal,22.06,24.56,1,0,0.0,TempBand+Watershed+Merge+ClustSml+ShapeGate+MinPeaks+P-Filter+EquipRej+SkinPrio+Omega+OmScale+OmSplit+OmRot+FarField+GradFarF+Kalman+StaticSup,horizontal best
cap_001618,2026-08-24T15:33:05.808,horizontal,22.04,24.54,1,0,0.0,TempBand+Watershed+Merge+ClustSml+ShapeGate+MinPeaks+P-Filter+EquipRej+SkinPrio+Omega+OmScale+OmSplit+OmRot+FarField+GradFarF+Kalman+StaticSup,horizontal best
cap_001619,2026-08-24T15:33:05.937,horizontal,22.04,24.54,1,0,0.0,TempBand+Watershed+Merge+ClustSml+ShapeGate+MinPeaks+P-Filter+EquipRej+SkinPrio+Omega+OmScale+OmSplit+OmRot+FarField+GradFarF+Kalman+StaticSup,horizontal best
cap_001620,2026-08-24T15:33:06.030,horizontal,22.04,24.54,1,0,0.0,TempBand+Watershed+Merge+ClustSml+ShapeGate+MinPeaks+P-Filter+EquipRej+SkinPrio+Omega+OmScale+OmSplit+OmRot+FarField+GradFarF+Kalman+StaticSup,horizontal best
cap_001621,2026-08-24T15:33:06.159,horizontal,22.04,24.54,1,0,0.0,TempBand+Watershed+Merge+ClustSml+ShapeGate+MinPeaks+P-Filter+EquipRej+SkinPrio+Omega+OmScale+OmSplit+OmRot+FarField+GradFarF+Kalman+StaticSup,horizontal best
cap_001622,2026-08-24T15:33:06.254,horizontal,22.04,24.54,1,0,0.0,TempBand+Watershed+Merge+ClustSml+ShapeGate+MinPeaks+P-Filter+EquipRej+SkinPrio+Omega+OmScale+OmSplit+OmRot+FarField+GradFarF+Kalman+StaticSup,horizontal best
cap_001623,2026-08-24T15:33:06.383,horizontal,22.04,24.54,1,0,0.0,TempBand+Watershed+Merge+ClustSml+ShapeGate+MinPeaks+P-Filter+EquipRej+SkinPrio+Omega+OmScale+OmSplit+OmRot+FarField+GradFarF+Kalman+StaticSup,horizontal best
cap_001624,2026-08-24T15:33:06.479,horizontal,22.04,24.54,1,0,0.0,TempBand+Watershed+Merge+ClustSml+ShapeGate+MinPeaks+P-Filter+EquipRej+SkinPrio+Omega+OmScale+OmSplit+OmRot+FarField+GradFarF+Kalman+StaticSup,horizontal best
cap_001625,2026-08-24T15:33:06.605,horizontal,22.02,24.52,1,0,0.0,TempBand+Watershed+Merge+ClustSml+ShapeGate+MinPeaks+P-Filter+EquipRej+SkinPrio+Omega+OmScale+OmSplit+OmRot+FarField+GradFarF+Kalman+StaticSup,horizontal best
cap_001626,2026-08-24T15:33:06.737,horizontal,22.02,24.52,1,0,0.0,TempBand+Watershed+Merge+ClustSml+ShapeGate+MinPeaks+P-Filter+EquipRej+SkinPrio+Omega+OmScale+OmSplit+OmRot+FarField+GradFarF+Kalman+StaticSup,horizontal best
cap_001627,2026-08-24T15:33:06.834,horizontal,22.02,24.52,1,0,0.0,TempBand+Watershed+Merge+ClustSml+ShapeGate+MinPeaks+P-Filter+EquipRej+SkinPrio+Omega+OmScale+OmSplit+OmRot+FarField+GradFarF+Kalman+StaticSup,horizontal best
cap_001628,2026-08-24T15:33:06.963,horizontal,22.02,24.52,1,0,0.0,TempBand+Watershed+Merge+ClustSml+ShapeGate+MinPeaks+P-Filter+EquipRej+SkinPrio+Omega+OmScale+OmSplit+OmRot+FarField+GradFarF+Kalman+StaticSup,horizontal best
cap_001629,2026-08-24T15:33:07.058,horizontal,21.99,24.49,1,0,0.0,TempBand+Watershed+Merge+ClustSml+ShapeGate+MinPeaks+P-Filter+EquipRej+SkinPrio+Omega+OmScale+OmSplit+OmRot+FarField+GradFarF+Kalman+StaticSup,horizontal best
cap_001630,2026-08-24T15:33:07.184,horizontal,22.02,24.52,1,0,0.0,TempBand+Watershed+Merge+ClustSml+ShapeGate+MinPeaks+P-Filter+EquipRej+SkinPrio+Omega+OmScale+OmSplit+OmRot+FarField+GradFarF+Kalman+StaticSup,horizontal best
cap_001631,2026-08-24T15:33:07.282,horizontal,21.99,24.49,1,0,0.0,TempBand+Watershed+Merge+ClustSml+ShapeGate+MinPeaks+P-Filter+EquipRej+SkinPrio+Omega+OmScale+OmSplit+OmRot+FarField+GradFarF+Kalman+StaticSup,horizontal best
cap_001632,2026-08-24T15:33:07.409,horizontal,21.99,24.49,1,0,0.0,TempBand+Watershed+Merge+ClustSml+ShapeGate+MinPeaks+P-Filter+EquipRej+SkinPrio+Omega+OmScale+OmSplit+OmRot+FarField+GradFarF+Kalman+StaticSup,horizontal best
cap_001633,2026-08-24T15:33:07.502,horizontal,22.02,24.52,1,0,0.0,TempBand+Watershed+Merge+ClustSml+ShapeGate+MinPeaks+P-Filter+EquipRej+SkinPrio+Omega+OmScale+OmSplit+OmRot+FarField+GradFarF+Kalman+StaticSup,horizontal best
cap_001634,2026-08-24T15:33:07.633,horizontal,21.99,24.49,1,0,0.0,TempBand+Watershed+Merge+ClustSml+ShapeGate+MinPeaks+P-Filter+EquipRej+SkinPrio+Omega+OmScale+OmSplit+OmRot+FarField+GradFarF+Kalman+StaticSup,horizontal best
cap_001635,2026-08-24T15:33:07.763,horizontal,21.99,24.49,1,0,0.0,TempBand+Watershed+Merge+ClustSml+ShapeGate+MinPeaks+P-Filter+EquipRej+SkinPrio+Omega+OmScale+OmSplit+OmRot+FarField+GradFarF+Kalman+StaticSup,horizontal best
cap_001636,2026-08-24T15:33:07.859,horizontal,21.99,24.49,1,0,0.0,TempBand+Watershed+Merge+ClustSml+ShapeGate+MinPeaks+P-Filter+EquipRej+SkinPrio+Omega+OmScale+OmSplit+OmRot+FarField+GradFarF+Kalman+StaticSup,horizontal best
cap_001637,2026-08-24T15:33:07.985,horizontal,21.99,24.49,1,0,0.0,TempBand+Watershed+Merge+ClustSml+ShapeGate+MinPeaks+P-Filter+EquipRej+SkinPrio+Omega+OmScale+OmSplit+OmRot+FarField+GradFarF+Kalman+StaticSup,horizontal best
cap_001638,2026-08-24T15:33:08.083,horizontal,21.99,24.49,1,0,0.0,TempBand+Watershed+Merge+ClustSml+ShapeGate+MinPeaks+P-Filter+EquipRej+SkinPrio+Omega+OmScale+OmSplit+OmRot+FarField+GradFarF+Kalman+StaticSup,horizontal best
cap_001639,2026-08-24T15:33:08.208,horizontal,21.99,24.49,1,0,0.0,TempBand+Watershed+Merge+ClustSml+ShapeGate+MinPeaks+P-Filter+EquipRej+SkinPrio+Omega+OmScale+OmSplit+OmRot+FarField+GradFarF+Kalman+StaticSup,horizontal best
cap_001640,2026-08-24T15:33:08.307,horizontal,22.02,24.52,1,0,0.0,TempBand+Watershed+Merge+ClustSml+ShapeGate+MinPeaks+P-Filter+EquipRej+SkinPrio+Omega+OmScale+OmSplit+OmRot+FarField+GradFarF+Kalman+StaticSup,horizontal best
cap_001641,2026-08-24T15:33:08.435,horizontal,22.02,24.52,1,0,0.0,TempBand+Watershed+Merge+ClustSml+ShapeGate+MinPeaks+P-Filter+EquipRej+SkinPrio+Omega+OmScale+OmSplit+OmRot+FarField+GradFarF+Kalman+StaticSup,horizontal best
cap_001642,2026-08-24T15:33:08.528,horizontal,22.02,24.52,1,0,0.0,TempBand+Watershed+Merge+ClustSml+ShapeGate+MinPeaks+P-Filter+EquipRej+SkinPrio+Omega+OmScale+OmSplit+OmRot+FarField+GradFarF+Kalman+StaticSup,horizontal best
cap_001643,2026-08-24T15:33:08.658,horizontal,22.02,24.52,1,0,0.0,TempBand+Watershed+Merge+ClustSml+ShapeGate+MinPeaks+P-Filter+EquipRej+SkinPrio+Omega+OmScale+OmSplit+OmRot+FarField+GradFarF+Kalman+StaticSup,horizontal best
cap_001644,2026-08-24T15:33:08.787,horizontal,22.04,24.54,1,0,0.0,TempBand+Watershed+Merge+ClustSml+ShapeGate+MinPeaks+P-Filter+EquipRej+SkinPrio+Omega+OmScale+OmSplit+OmRot+FarField+GradFarF+Kalman+StaticSup,horizontal best
cap_001645,2026-08-24T15:33:08.880,horizontal,22.04,24.54,1,0,0.0,TempBand+Watershed+Merge+ClustSml+ShapeGate+MinPeaks+P-Filter+EquipRej+SkinPrio+Omega+OmScale+OmSplit+OmRot+FarField+GradFarF+Kalman+StaticSup,horizontal best
cap_001646,2026-08-24T15:33:09.009,horizontal,22.02,24.52,1,0,0.0,TempBand+Watershed+Merge+ClustSml+ShapeGate+MinPeaks+P-Filter+EquipRej+SkinPrio+Omega+OmScale+OmSplit+OmRot+FarField+GradFarF+Kalman+StaticSup,horizontal best
cap_001647,2026-08-24T15:33:09.108,horizontal,22.02,24.52,1,0,0.0,TempBand+Watershed+Merge+ClustSml+ShapeGate+MinPeaks+P-Filter+EquipRej+SkinPrio+Omega+OmScale+OmSplit+OmRot+FarField+GradFarF+Kalman+StaticSup,horizontal best
cap_001648,2026-08-24T15:33:09.233,horizontal,22.02,24.52,1,0,0.0,TempBand+Watershed+Merge+ClustSml+ShapeGate+MinPeaks+P-Filter+EquipRej+SkinPrio+Omega+OmScale+OmSplit+OmRot+FarField+GradFarF+Kalman+StaticSup,horizontal best
cap_001649,2026-08-24T15:33:09.328,horizontal,22.04,24.54,1,0,0.0,TempBand+Watershed+Merge+ClustSml+ShapeGate+MinPeaks+P-Filter+EquipRej+SkinPrio+Omega+OmScale+OmSplit+OmRot+FarField+GradFarF+Kalman+StaticSup,horizontal best
cap_001650,2026-08-24T15:33:09.460,horizontal,22.04,24.54,1,0,0.0,TempBand+Watershed+Merge+ClustSml+ShapeGate+MinPeaks+P-Filter+EquipRej+SkinPrio+Omega+OmScale+OmSplit+OmRot+FarField+GradFarF+Kalman+StaticSup,horizontal best
cap_001651,2026-08-24T15:33:09.583,horizontal,22.04,24.54,1,0,0.0,TempBand+Watershed+Merge+ClustSml+ShapeGate+MinPeaks+P-Filter+EquipRej+SkinPrio+Omega+OmScale+OmSplit+OmRot+FarField+GradFarF+Kalman+StaticSup,horizontal best
cap_001652,2026-08-24T15:33:09.677,horizontal,22.02,24.52,1,0,0.0,TempBand+Watershed+Merge+ClustSml+ShapeGate+MinPeaks+P-Filter+EquipRej+SkinPrio+Omega+OmScale+OmSplit+OmRot+FarField+GradFarF+Kalman+StaticSup,horizontal best
cap_001653,2026-08-24T15:33:09.807,horizontal,22.04,24.54,1,0,0.0,TempBand+Watershed+Merge+ClustSml+ShapeGate+MinPeaks+P-Filter+EquipRej+SkinPrio+Omega+OmScale+OmSplit+OmRot+FarField+GradFarF+Kalman+StaticSup,horizontal best
cap_001654,2026-08-24T15:33:09.899,horizontal,22.04,24.54,1,0,0.0,TempBand+Watershed+Merge+ClustSml+ShapeGate+MinPeaks+P-Filter+EquipRej+SkinPrio+Omega+OmScale+OmSplit+OmRot+FarField+GradFarF+Kalman+StaticSup,horizontal best
cap_001655,2026-08-24T15:33:10.137,horizontal,22.06,24.56,1,0,0.0,TempBand+Watershed+Merge+ClustSml+ShapeGate+MinPeaks+P-Filter+EquipRej+SkinPrio+Omega+OmScale+OmSplit+OmRot+FarField+GradFarF+Kalman+StaticSup,horizontal best
cap_001656,2026-08-24T15:33:10.233,horizontal,22.06,24.56,1,0,0.0,TempBand+Watershed+Merge+ClustSml+ShapeGate+MinPeaks+P-Filter+EquipRej+SkinPrio+Omega+OmScale+OmSplit+OmRot+FarField+GradFarF+Kalman+StaticSup,horizontal best
cap_001657,2026-08-24T15:33:10.282,horizontal,22.09,24.59,1,0,0.0,TempBand+Watershed+Merge+ClustSml+ShapeGate+MinPeaks+P-Filter+EquipRej+SkinPrio+Omega+OmScale+OmSplit+OmRot+FarField+GradFarF+Kalman+StaticSup,horizontal best
cap_001658,2026-08-24T15:33:10.357,horizontal,22.11,24.61,1,0,0.0,TempBand+Watershed+Merge+ClustSml+ShapeGate+MinPeaks+P-Filter+EquipRej+SkinPrio+Omega+OmScale+OmSplit+OmRot+FarField+GradFarF+Kalman+StaticSup,horizontal best
cap_001659,2026-08-24T15:33:10.475,horizontal,22.11,24.61,1,0,0.0,TempBand+Watershed+Merge+ClustSml+ShapeGate+MinPeaks+P-Filter+EquipRej+SkinPrio+Omega+OmScale+OmSplit+OmRot+FarField+GradFarF+Kalman+StaticSup,horizontal best
cap_001660,2026-08-24T15:33:10.603,horizontal,22.09,24.59,1,0,0.0,TempBand+Watershed+Merge+ClustSml+ShapeGate+MinPeaks+P-Filter+EquipRej+SkinPrio+Omega+OmScale+OmSplit+OmRot+FarField+GradFarF+Kalman+StaticSup,horizontal best
cap_001661,2026-08-24T15:33:10.700,horizontal,22.09,24.59,1,0,0.0,TempBand+Watershed+Merge+ClustSml+ShapeGate+MinPeaks+P-Filter+EquipRej+SkinPrio+Omega+OmScale+OmSplit+OmRot+FarField+GradFarF+Kalman+StaticSup,horizontal best
cap_001662,2026-08-24T15:33:10.832,horizontal,22.09,24.59,1,0,0.0,TempBand+Watershed+Merge+ClustSml+ShapeGate+MinPeaks+P-Filter+EquipRej+SkinPrio+Omega+OmScale+OmSplit+OmRot+FarField+GradFarF+Kalman+StaticSup,horizontal best
cap_001663,2026-08-24T15:33:10.925,horizontal,22.09,24.59,1,0,0.0,TempBand+Watershed+Merge+ClustSml+ShapeGate+MinPeaks+P-Filter+EquipRej+SkinPrio+Omega+OmScale+OmSplit+OmRot+FarField+GradFarF+Kalman+StaticSup,horizontal best
cap_001664,2026-08-24T15:33:11.053,horizontal,22.09,24.59,1,0,0.0,TempBand+Watershed+Merge+ClustSml+ShapeGate+MinPeaks+P-Filter+EquipRej+SkinPrio+Omega+OmScale+OmSplit+OmRot+FarField+GradFarF+Kalman+StaticSup,horizontal best
cap_001665,2026-08-24T15:33:11.148,horizontal,22.14,24.64,1,0,0.0,TempBand+Watershed+Merge+ClustSml+ShapeGate+MinPeaks+P-Filter+EquipRej+SkinPrio+Omega+OmScale+OmSplit+OmRot+FarField+GradFarF+Kalman+StaticSup,horizontal best
cap_001666,2026-08-24T15:33:11.277,horizontal,22.14,24.64,1,0,0.0,TempBand+Watershed+Merge+ClustSml+ShapeGate+MinPeaks+P-Filter+EquipRej+SkinPrio+Omega+OmScale+OmSplit+OmRot+FarField+GradFarF+Kalman+StaticSup,horizontal best
cap_001667,2026-08-24T15:33:11.403,horizontal,22.14,24.64,1,0,0.0,TempBand+Watershed+Merge+ClustSml+ShapeGate+MinPeaks+P-Filter+EquipRej+SkinPrio+Omega+OmScale+OmSplit+OmRot+FarField+GradFarF+Kalman+StaticSup,horizontal best
cap_001668,2026-08-24T15:33:11.498,horizontal,22.14,24.64,1,0,0.0,TempBand+Watershed+Merge+ClustSml+ShapeGate+MinPeaks+P-Filter+EquipRej+SkinPrio+Omega+OmScale+OmSplit+OmRot+FarField+GradFarF+Kalman+StaticSup,horizontal best
cap_001669,2026-08-24T15:33:11.627,horizontal,22.14,24.64,1,0,0.0,TempBand+Watershed+Merge+ClustSml+ShapeGate+MinPeaks+P-Filter+EquipRej+SkinPrio+Omega+OmScale+OmSplit+OmRot+FarField+GradFarF+Kalman+StaticSup,horizontal best
cap_001670,2026-08-24T15:33:11.722,horizontal,22.11,24.61,1,0,0.0,TempBand+Watershed+Merge+ClustSml+ShapeGate+MinPeaks+P-Filter+EquipRej+SkinPrio+Omega+OmScale+OmSplit+OmRot+FarField+GradFarF+Kalman+StaticSup,horizontal best
cap_001671,2026-08-24T15:33:11.851,horizontal,22.11,24.61,1,0,0.0,TempBand+Watershed+Merge+ClustSml+ShapeGate+MinPeaks+P-Filter+EquipRej+SkinPrio+Omega+OmScale+OmSplit+OmRot+FarField+GradFarF+Kalman+StaticSup,horizontal best
cap_001672,2026-08-24T15:33:11.949,horizontal,22.09,24.59,1,0,0.0,TempBand+Watershed+Merge+ClustSml+ShapeGate+MinPeaks+P-Filter+EquipRej+SkinPrio+Omega+OmScale+OmSplit+OmRot+FarField+GradFarF+Kalman+StaticSup,horizontal best
cap_001673,2026-08-24T15:33:12.076,horizontal,22.09,24.59,1,0,0.0,TempBand+Watershed+Merge+ClustSml+ShapeGate+MinPeaks+P-Filter+EquipRej+SkinPrio+Omega+OmScale+OmSplit+OmRot+FarField+GradFarF+Kalman+StaticSup,horizontal best
cap_001674,2026-08-24T15:33:12.174,horizontal,22.09,24.59,1,0,0.0,TempBand+Watershed+Merge+ClustSml+ShapeGate+MinPeaks+P-Filter+EquipRej+SkinPrio+Omega+OmScale+OmSplit+OmRot+FarField+GradFarF+Kalman+StaticSup,horizontal best
cap_001675,2026-08-24T15:33:12.300,horizontal,22.09,24.59,1,0,0.0,TempBand+Watershed+Merge+ClustSml+ShapeGate+MinPeaks+P-Filter+EquipRej+SkinPrio+Omega+OmScale+OmSplit+OmRot+FarField+GradFarF+Kalman+StaticSup,horizontal best
cap_001676,2026-08-24T15:33:12.427,horizontal,22.04,24.54,1,0,0.0,TempBand+Watershed+Merge+ClustSml+ShapeGate+MinPeaks+P-Filter+EquipRej+SkinPrio+Omega+OmScale+OmSplit+OmRot+FarField+GradFarF+Kalman+StaticSup,horizontal best
cap_001677,2026-08-24T15:33:12.522,horizontal,21.99,24.49,1,0,0.0,TempBand+Watershed+Merge+ClustSml+ShapeGate+MinPeaks+P-Filter+EquipRej+SkinPrio+Omega+OmScale+OmSplit+OmRot+FarField+GradFarF+Kalman+StaticSup,horizontal best
cap_001678,2026-08-24T15:33:12.654,horizontal,22.02,24.52,1,0,0.0,TempBand+Watershed+Merge+ClustSml+ShapeGate+MinPeaks+P-Filter+EquipRej+SkinPrio+Omega+OmScale+OmSplit+OmRot+FarField+GradFarF+Kalman+StaticSup,horizontal best
cap_001679,2026-08-24T15:33:12.748,horizontal,21.99,24.49,1,0,0.0,TempBand+Watershed+Merge+ClustSml+ShapeGate+MinPeaks+P-Filter+EquipRej+SkinPrio+Omega+OmScale+OmSplit+OmRot+FarField+GradFarF+Kalman+StaticSup,horizontal best
cap_001680,2026-08-24T15:33:12.875,horizontal,21.99,24.49,1,0,0.0,TempBand+Watershed+Merge+ClustSml+ShapeGate+MinPeaks+P-Filter+EquipRej+SkinPrio+Omega+OmScale+OmSplit+OmRot+FarField+GradFarF+Kalman+StaticSup,horizontal best
cap_001681,2026-08-24T15:33:12.973,horizontal,21.99,24.49,1,0,0.0,TempBand+Watershed+Merge+ClustSml+ShapeGate+MinPeaks+P-Filter+EquipRej+SkinPrio+Omega+OmScale+OmSplit+OmRot+FarField+GradFarF+Kalman+StaticSup,horizontal best
cap_001682,2026-08-24T15:33:13.114,horizontal,21.99,24.49,1,0,0.0,TempBand+Watershed+Merge+ClustSml+ShapeGate+MinPeaks+P-Filter+EquipRej+SkinPrio+Omega+OmScale+OmSplit+OmRot+FarField+GradFarF+Kalman+StaticSup,horizontal best
cap_001683,2026-08-24T15:33:13.196,horizontal,21.99,24.49,1,0,0.0,TempBand+Watershed+Merge+ClustSml+ShapeGate+MinPeaks+P-Filter+EquipRej+SkinPrio+Omega+OmScale+OmSplit+OmRot+FarField+GradFarF+Kalman+StaticSup,horizontal best
cap_001684,2026-08-24T15:33:13.324,horizontal,21.97,24.47,1,0,0.0,TempBand+Watershed+Merge+ClustSml+ShapeGate+MinPeaks+P-Filter+EquipRej+SkinPrio+Omega+OmScale+OmSplit+OmRot+FarField+GradFarF+Kalman+StaticSup,horizontal best
cap_001685,2026-08-24T15:33:13.452,horizontal,21.94,24.44,1,0,0.0,TempBand+Watershed+Merge+ClustSml+ShapeGate+MinPeaks+P-Filter+EquipRej+SkinPrio+Omega+OmScale+OmSplit+OmRot+FarField+GradFarF+Kalman+StaticSup,horizontal best
cap_001686,2026-08-24T15:33:13.548,horizontal,21.94,24.44,1,0,0.0,TempBand+Watershed+Merge+ClustSml+ShapeGate+MinPeaks+P-Filter+EquipRej+SkinPrio+Omega+OmScale+OmSplit+OmRot+FarField+GradFarF+Kalman+StaticSup,horizontal best
cap_001687,2026-08-24T15:33:13.676,horizontal,21.92,24.42,1,0,0.0,TempBand+Watershed+Merge+ClustSml+ShapeGate+MinPeaks+P-Filter+EquipRej+SkinPrio+Omega+OmScale+OmSplit+OmRot+FarField+GradFarF+Kalman+StaticSup,horizontal best
cap_001688,2026-08-24T15:33:13.791,horizontal,21.94,24.44,1,0,0.0,TempBand+Watershed+Merge+ClustSml+ShapeGate+MinPeaks+P-Filter+EquipRej+SkinPrio+Omega+OmScale+OmSplit+OmRot+FarField+GradFarF+Kalman+StaticSup,horizontal best
cap_001689,2026-08-24T15:33:13.898,horizontal,21.97,24.47,1,0,0.0,TempBand+Watershed+Merge+ClustSml+ShapeGate+MinPeaks+P-Filter+EquipRej+SkinPrio+Omega+OmScale+OmSplit+OmRot+FarField+GradFarF+Kalman+StaticSup,horizontal best
cap_001690,2026-08-24T15:33:13.995,horizontal,21.94,24.44,1,0,0.0,TempBand+Watershed+Merge+ClustSml+ShapeGate+MinPeaks+P-Filter+EquipRej+SkinPrio+Omega+OmScale+OmSplit+OmRot+FarField+GradFarF+Kalman+StaticSup,horizontal best
cap_001691,2026-08-24T15:33:14.122,horizontal,21.94,24.44,1,0,0.0,TempBand+Watershed+Merge+ClustSml+ShapeGate+MinPeaks+P-Filter+EquipRej+SkinPrio+Omega+OmScale+OmSplit+OmRot+FarField+GradFarF+Kalman+StaticSup,horizontal best
cap_001692,2026-08-24T15:33:14.251,horizontal,21.94,24.44,1,0,0.0,TempBand+Watershed+Merge+ClustSml+ShapeGate+MinPeaks+P-Filter+EquipRej+SkinPrio+Omega+OmScale+OmSplit+OmRot+FarField+GradFarF+Kalman+StaticSup,horizontal best
cap_001693,2026-08-24T15:33:14.347,horizontal,21.92,24.42,1,0,0.0,TempBand+Watershed+Merge+ClustSml+ShapeGate+MinPeaks+P-Filter+EquipRej+SkinPrio+Omega+OmScale+OmSplit+OmRot+FarField+GradFarF+Kalman+StaticSup,horizontal best
cap_001694,2026-08-24T15:33:14.473,horizontal,21.92,24.42,1,0,0.0,TempBand+Watershed+Merge+ClustSml+ShapeGate+MinPeaks+P-Filter+EquipRej+SkinPrio+Omega+OmScale+OmSplit+OmRot+FarField+GradFarF+Kalman+StaticSup,horizontal best
cap_001695,2026-08-24T15:33:14.571,horizontal,21.92,24.42,1,0,0.0,TempBand+Watershed+Merge+ClustSml+ShapeGate+MinPeaks+P-Filter+EquipRej+SkinPrio+Omega+OmScale+OmSplit+OmRot+FarField+GradFarF+Kalman+StaticSup,horizontal best
cap_001696,2026-08-24T15:33:14.698,horizontal,21.92,24.42,1,0,0.0,TempBand+Watershed+Merge+ClustSml+ShapeGate+MinPeaks+P-Filter+EquipRej+SkinPrio+Omega+OmScale+OmSplit+OmRot+FarField+GradFarF+Kalman+StaticSup,horizontal best
cap_001697,2026-08-24T15:33:14.797,horizontal,21.92,24.42,1,0,0.0,TempBand+Watershed+Merge+ClustSml+ShapeGate+MinPeaks+P-Filter+EquipRej+SkinPrio+Omega+OmScale+OmSplit+OmRot+FarField+GradFarF+Kalman+StaticSup,horizontal best
cap_001698,2026-08-24T15:33:14.930,horizontal,21.99,24.49,1,0,0.0,TempBand+Watershed+Merge+ClustSml+ShapeGate+MinPeaks+P-Filter+EquipRej+SkinPrio+Omega+OmScale+OmSplit+OmRot+FarField+GradFarF+Kalman+StaticSup,horizontal best
cap_001699,2026-08-24T15:33:15.021,horizontal,21.99,24.49,1,0,0.0,TempBand+Watershed+Merge+ClustSml+ShapeGate+MinPeaks+P-Filter+EquipRej+SkinPrio+Omega+OmScale+OmSplit+OmRot+FarField+GradFarF+Kalman+StaticSup,horizontal best
cap_001700,2026-08-24T15:33:15.147,horizontal,21.97,24.47,1,0,0.0,TempBand+Watershed+Merge+ClustSml+ShapeGate+MinPeaks+P-Filter+EquipRej+SkinPrio+Omega+OmScale+OmSplit+OmRot+FarField+GradFarF+Kalman+StaticSup,horizontal best
cap_001701,2026-08-24T15:33:15.275,horizontal,21.97,24.47,1,0,0.0,TempBand+Watershed+Merge+ClustSml+ShapeGate+MinPeaks+P-Filter+EquipRej+SkinPrio+Omega+OmScale+OmSplit+OmRot+FarField+GradFarF+Kalman+StaticSup,horizontal best
cap_001702,2026-08-24T15:33:15.373,horizontal,21.94,24.44,1,0,0.0,TempBand+Watershed+Merge+ClustSml+ShapeGate+MinPeaks+P-Filter+EquipRej+SkinPrio+Omega+OmScale+OmSplit+OmRot+FarField+GradFarF+Kalman+StaticSup,horizontal best
cap_001703,2026-08-24T15:33:15.505,horizontal,21.94,24.44,1,0,0.0,TempBand+Watershed+Merge+ClustSml+ShapeGate+MinPeaks+P-Filter+EquipRej+SkinPrio+Omega+OmScale+OmSplit+OmRot+FarField+GradFarF+Kalman+StaticSup,horizontal best
cap_001704,2026-08-24T15:33:15.646,horizontal,21.90,24.40,1,0,0.0,TempBand+Watershed+Merge+ClustSml+ShapeGate+MinPeaks+P-Filter+EquipRej+SkinPrio+Omega+OmScale+OmSplit+OmRot+FarField+GradFarF+Kalman+StaticSup,horizontal best
cap_001705,2026-08-24T15:33:15.745,horizontal,21.82,24.32,1,0,0.0,TempBand+Watershed+Merge+ClustSml+ShapeGate+MinPeaks+P-Filter+EquipRej+SkinPrio+Omega+OmScale+OmSplit+OmRot+FarField+GradFarF+Kalman+StaticSup,horizontal best
cap_001706,2026-08-24T15:33:15.818,horizontal,21.80,24.30,0,0,0.0,TempBand+Watershed+Merge+ClustSml+ShapeGate+MinPeaks+P-Filter+EquipRej+SkinPrio+Omega+OmScale+OmSplit+OmRot+FarField+GradFarF+Kalman+StaticSup,horizontal best
cap_001707,2026-08-24T15:33:15.957,horizontal,21.73,24.23,1,0,0.0,TempBand+Watershed+Merge+ClustSml+ShapeGate+MinPeaks+P-Filter+EquipRej+SkinPrio+Omega+OmScale+OmSplit+OmRot+FarField+GradFarF+Kalman+StaticSup,horizontal best
cap_001708,2026-08-24T15:33:16.077,horizontal,21.73,24.23,1,0,0.0,TempBand+Watershed+Merge+ClustSml+ShapeGate+MinPeaks+P-Filter+EquipRej+SkinPrio+Omega+OmScale+OmSplit+OmRot+FarField+GradFarF+Kalman+StaticSup,horizontal best
cap_001709,2026-08-24T15:33:16.172,horizontal,21.73,24.23,1,0,0.0,TempBand+Watershed+Merge+ClustSml+ShapeGate+MinPeaks+P-Filter+EquipRej+SkinPrio+Omega+OmScale+OmSplit+OmRot+FarField+GradFarF+Kalman+StaticSup,horizontal best
cap_001710,2026-08-24T15:33:16.316,horizontal,21.73,24.23,1,0,0.0,TempBand+Watershed+Merge+ClustSml+ShapeGate+MinPeaks+P-Filter+EquipRej+SkinPrio+Omega+OmScale+OmSplit+OmRot+FarField+GradFarF+Kalman+StaticSup,horizontal best
cap_001711,2026-08-24T15:33:16.397,horizontal,21.75,24.25,1,0,0.0,TempBand+Watershed+Merge+ClustSml+ShapeGate+MinPeaks+P-Filter+EquipRej+SkinPrio+Omega+OmScale+OmSplit+OmRot+FarField+GradFarF+Kalman+StaticSup,horizontal best
cap_001712,2026-08-24T15:33:16.531,horizontal,21.75,24.25,1,0,0.0,TempBand+Watershed+Merge+ClustSml+ShapeGate+MinPeaks+P-Filter+EquipRej+SkinPrio+Omega+OmScale+OmSplit+OmRot+FarField+GradFarF+Kalman+StaticSup,horizontal best
cap_001713,2026-08-24T15:33:16.623,horizontal,21.73,24.23,1,0,0.0,TempBand+Watershed+Merge+ClustSml+ShapeGate+MinPeaks+P-Filter+EquipRej+SkinPrio+Omega+OmScale+OmSplit+OmRot+FarField+GradFarF+Kalman+StaticSup,horizontal best
cap_001714,2026-08-24T15:33:16.753,horizontal,21.73,24.23,1,0,0.0,TempBand+Watershed+Merge+ClustSml+ShapeGate+MinPeaks+P-Filter+EquipRej+SkinPrio+Omega+OmScale+OmSplit+OmRot+FarField+GradFarF+Kalman+StaticSup,horizontal best
cap_001715,2026-08-24T15:33:16.854,horizontal,21.73,24.23,1,0,0.0,TempBand+Watershed+Merge+ClustSml+ShapeGate+MinPeaks+P-Filter+EquipRej+SkinPrio+Omega+OmScale+OmSplit+OmRot+FarField+GradFarF+Kalman+StaticSup,horizontal best
cap_001716,2026-08-24T15:33:16.970,horizontal,21.70,24.20,1,0,0.0,TempBand+Watershed+Merge+ClustSml+ShapeGate+MinPeaks+P-Filter+EquipRej+SkinPrio+Omega+OmScale+OmSplit+OmRot+FarField+GradFarF+Kalman+StaticSup,horizontal best
cap_001717,2026-08-24T15:33:17.104,horizontal,21.73,24.23,1,0,0.0,TempBand+Watershed+Merge+ClustSml+ShapeGate+MinPeaks+P-Filter+EquipRej+SkinPrio+Omega+OmScale+OmSplit+OmRot+FarField+GradFarF+Kalman+StaticSup,horizontal best
cap_001718,2026-08-24T15:33:17.198,horizontal,21.73,24.23,1,0,0.0,TempBand+Watershed+Merge+ClustSml+ShapeGate+MinPeaks+P-Filter+EquipRej+SkinPrio+Omega+OmScale+OmSplit+OmRot+FarField+GradFarF+Kalman+StaticSup,horizontal best
cap_001719,2026-08-24T15:33:17.322,horizontal,21.73,24.23,1,0,0.0,TempBand+Watershed+Merge+ClustSml+ShapeGate+MinPeaks+P-Filter+EquipRej+SkinPrio+Omega+OmScale+OmSplit+OmRot+FarField+GradFarF+Kalman+StaticSup,horizontal best
cap_001720,2026-08-24T15:33:17.420,horizontal,21.73,24.23,1,0,0.0,TempBand+Watershed+Merge+ClustSml+ShapeGate+MinPeaks+P-Filter+EquipRej+SkinPrio+Omega+OmScale+OmSplit+OmRot+FarField+GradFarF+Kalman+StaticSup,horizontal best
cap_001721,2026-08-24T15:33:17.548,horizontal,21.73,24.23,1,0,0.0,TempBand+Watershed+Merge+ClustSml+ShapeGate+MinPeaks+P-Filter+EquipRej+SkinPrio+Omega+OmScale+OmSplit+OmRot+FarField+GradFarF+Kalman+StaticSup,horizontal best
cap_001722,2026-08-24T15:33:17.645,horizontal,21.73,24.23,1,0,0.0,TempBand+Watershed+Merge+ClustSml+ShapeGate+MinPeaks+P-Filter+EquipRej+SkinPrio+Omega+OmScale+OmSplit+OmRot+FarField+GradFarF+Kalman+StaticSup,horizontal best
cap_001723,2026-08-24T15:33:17.773,horizontal,21.70,24.20,1,0,0.0,TempBand+Watershed+Merge+ClustSml+ShapeGate+MinPeaks+P-Filter+EquipRej+SkinPrio+Omega+OmScale+OmSplit+OmRot+FarField+GradFarF+Kalman+StaticSup,horizontal best
cap_001724,2026-08-24T15:33:17.897,horizontal,21.70,24.20,1,0,0.0,TempBand+Watershed+Merge+ClustSml+ShapeGate+MinPeaks+P-Filter+EquipRej+SkinPrio+Omega+OmScale+OmSplit+OmRot+FarField+GradFarF+Kalman+StaticSup,horizontal best
cap_001725,2026-08-24T15:33:17.994,horizontal,21.70,24.20,1,0,0.0,TempBand+Watershed+Merge+ClustSml+ShapeGate+MinPeaks+P-Filter+EquipRej+SkinPrio+Omega+OmScale+OmSplit+OmRot+FarField+GradFarF+Kalman+StaticSup,horizontal best
cap_001726,2026-08-24T15:33:18.121,horizontal,21.70,24.20,1,0,0.0,TempBand+Watershed+Merge+ClustSml+ShapeGate+MinPeaks+P-Filter+EquipRej+SkinPrio+Omega+OmScale+OmSplit+OmRot+FarField+GradFarF+Kalman+StaticSup,horizontal best
cap_001727,2026-08-24T15:33:18.219,horizontal,21.70,24.20,1,0,0.0,TempBand+Watershed+Merge+ClustSml+ShapeGate+MinPeaks+P-Filter+EquipRej+SkinPrio+Omega+OmScale+OmSplit+OmRot+FarField+GradFarF+Kalman+StaticSup,horizontal best
cap_001728,2026-08-24T15:33:18.348,horizontal,21.70,24.20,1,0,0.0,TempBand+Watershed+Merge+ClustSml+ShapeGate+MinPeaks+P-Filter+EquipRej+SkinPrio+Omega+OmScale+OmSplit+OmRot+FarField+GradFarF+Kalman+StaticSup,horizontal best
cap_001729,2026-08-24T15:33:18.445,horizontal,21.70,24.20,1,0,0.0,TempBand+Watershed+Merge+ClustSml+ShapeGate+MinPeaks+P-Filter+EquipRej+SkinPrio+Omega+OmScale+OmSplit+OmRot+FarField+GradFarF+Kalman+StaticSup,horizontal best
cap_001730,2026-08-24T15:33:18.571,horizontal,21.68,24.18,1,0,0.0,TempBand+Watershed+Merge+ClustSml+ShapeGate+MinPeaks+P-Filter+EquipRej+SkinPrio+Omega+OmScale+OmSplit+OmRot+FarField+GradFarF+Kalman+StaticSup,horizontal best
cap_001731,2026-08-24T15:33:18.670,horizontal,21.68,24.18,2,0,0.0,TempBand+Watershed+Merge+ClustSml+ShapeGate+MinPeaks+P-Filter+EquipRej+SkinPrio+Omega+OmScale+OmSplit+OmRot+FarField+GradFarF+Kalman+StaticSup,horizontal best
cap_001732,2026-08-24T15:33:18.844,horizontal,21.68,24.18,2,0,0.0,TempBand+Watershed+Merge+ClustSml+ShapeGate+MinPeaks+P-Filter+EquipRej+SkinPrio+Omega+OmScale+OmSplit+OmRot+FarField+GradFarF+Kalman+StaticSup,horizontal best
cap_001733,2026-08-24T15:33:18.924,horizontal,21.68,24.18,2,0,0.0,TempBand+Watershed+Merge+ClustSml+ShapeGate+MinPeaks+P-Filter+EquipRej+SkinPrio+Omega+OmScale+OmSplit+OmRot+FarField+GradFarF+Kalman+StaticSup,horizontal best
cap_001734,2026-08-24T15:33:19.019,horizontal,21.68,24.18,2,0,0.0,TempBand+Watershed+Merge+ClustSml+ShapeGate+MinPeaks+P-Filter+EquipRej+SkinPrio+Omega+OmScale+OmSplit+OmRot+FarField+GradFarF+Kalman+StaticSup,horizontal best
cap_001735,2026-08-24T15:33:19.146,horizontal,21.65,24.15,2,0,0.0,TempBand+Watershed+Merge+ClustSml+ShapeGate+MinPeaks+P-Filter+EquipRej+SkinPrio+Omega+OmScale+OmSplit+OmRot+FarField+GradFarF+Kalman+StaticSup,horizontal best
cap_001736,2026-08-24T15:33:19.244,horizontal,21.65,24.15,2,0,0.0,TempBand+Watershed+Merge+ClustSml+ShapeGate+MinPeaks+P-Filter+EquipRej+SkinPrio+Omega+OmScale+OmSplit+OmRot+FarField+GradFarF+Kalman+StaticSup,horizontal best
cap_001737,2026-08-24T15:33:19.371,horizontal,21.63,24.13,2,0,0.0,TempBand+Watershed+Merge+ClustSml+ShapeGate+MinPeaks+P-Filter+EquipRej+SkinPrio+Omega+OmScale+OmSplit+OmRot+FarField+GradFarF+Kalman+StaticSup,horizontal best
cap_001738,2026-08-24T15:33:19.466,horizontal,21.63,24.13,2,0,0.0,TempBand+Watershed+Merge+ClustSml+ShapeGate+MinPeaks+P-Filter+EquipRej+SkinPrio+Omega+OmScale+OmSplit+OmRot+FarField+GradFarF+Kalman+StaticSup,horizontal best
cap_001739,2026-08-24T15:33:19.594,horizontal,21.63,24.13,2,0,0.0,TempBand+Watershed+Merge+ClustSml+ShapeGate+MinPeaks+P-Filter+EquipRej+SkinPrio+Omega+OmScale+OmSplit+OmRot+FarField+GradFarF+Kalman+StaticSup,horizontal best
cap_001740,2026-08-24T15:33:19.692,horizontal,21.65,24.15,2,0,0.0,TempBand+Watershed+Merge+ClustSml+ShapeGate+MinPeaks+P-Filter+EquipRej+SkinPrio+Omega+OmScale+OmSplit+OmRot+FarField+GradFarF+Kalman+StaticSup,horizontal best
cap_001741,2026-08-24T15:33:19.819,horizontal,21.65,24.15,2,0,0.0,TempBand+Watershed+Merge+ClustSml+ShapeGate+MinPeaks+P-Filter+EquipRej+SkinPrio+Omega+OmScale+OmSplit+OmRot+FarField+GradFarF+Kalman+StaticSup,horizontal best
cap_001742,2026-08-24T15:33:19.946,horizontal,21.63,24.13,2,0,0.0,TempBand+Watershed+Merge+ClustSml+ShapeGate+MinPeaks+P-Filter+EquipRej+SkinPrio+Omega+OmScale+OmSplit+OmRot+FarField+GradFarF+Kalman+StaticSup,horizontal best
cap_001743,2026-08-24T15:33:20.044,horizontal,21.63,24.13,2,0,0.0,TempBand+Watershed+Merge+ClustSml+ShapeGate+MinPeaks+P-Filter+EquipRej+SkinPrio+Omega+OmScale+OmSplit+OmRot+FarField+GradFarF+Kalman+StaticSup,horizontal best
cap_001744,2026-08-24T15:33:20.179,horizontal,21.63,24.13,2,0,0.0,TempBand+Watershed+Merge+ClustSml+ShapeGate+MinPeaks+P-Filter+EquipRej+SkinPrio+Omega+OmScale+OmSplit+OmRot+FarField+GradFarF+Kalman+StaticSup,horizontal best
cap_001745,2026-08-24T15:33:20.278,horizontal,21.63,24.13,2,0,0.0,TempBand+Watershed+Merge+ClustSml+ShapeGate+MinPeaks+P-Filter+EquipRej+SkinPrio+Omega+OmScale+OmSplit+OmRot+FarField+GradFarF+Kalman+StaticSup,horizontal best
cap_001746,2026-08-24T15:33:20.394,horizontal,21.63,24.13,2,0,0.0,TempBand+Watershed+Merge+ClustSml+ShapeGate+MinPeaks+P-Filter+EquipRej+SkinPrio+Omega+OmScale+OmSplit+OmRot+FarField+GradFarF+Kalman+StaticSup,horizontal best
cap_001747,2026-08-24T15:33:20.492,horizontal,21.63,24.13,2,0,0.0,TempBand+Watershed+Merge+ClustSml+ShapeGate+MinPeaks+P-Filter+EquipRej+SkinPrio+Omega+OmScale+OmSplit+OmRot+FarField+GradFarF+Kalman+StaticSup,horizontal best
cap_001748,2026-08-24T15:33:20.640,horizontal,21.63,24.13,2,0,0.0,TempBand+Watershed+Merge+ClustSml+ShapeGate+MinPeaks+P-Filter+EquipRej+SkinPrio+Omega+OmScale+OmSplit+OmRot+FarField+GradFarF+Kalman+StaticSup,horizontal best
cap_001749,2026-08-24T15:33:20.746,horizontal,21.61,24.11,2,0,0.0,TempBand+Watershed+Merge+ClustSml+ShapeGate+MinPeaks+P-Filter+EquipRej+SkinPrio+Omega+OmScale+OmSplit+OmRot+FarField+GradFarF+Kalman+StaticSup,horizontal best
cap_001750,2026-08-24T15:33:20.843,horizontal,21.58,24.08,2,0,0.0,TempBand+Watershed+Merge+ClustSml+ShapeGate+MinPeaks+P-Filter+EquipRej+SkinPrio+Omega+OmScale+OmSplit+OmRot+FarField+GradFarF+Kalman+StaticSup,horizontal best
cap_001751,2026-08-24T15:33:20.970,horizontal,21.58,24.08,2,0,0.0,TempBand+Watershed+Merge+ClustSml+ShapeGate+MinPeaks+P-Filter+EquipRej+SkinPrio+Omega+OmScale+OmSplit+OmRot+FarField+GradFarF+Kalman+StaticSup,horizontal best
cap_001752,2026-08-24T15:33:21.082,horizontal,21.53,24.03,2,0,0.0,TempBand+Watershed+Merge+ClustSml+ShapeGate+MinPeaks+P-Filter+EquipRej+SkinPrio+Omega+OmScale+OmSplit+OmRot+FarField+GradFarF+Kalman+StaticSup,horizontal best
cap_001753,2026-08-24T15:33:21.195,horizontal,21.51,24.01,2,0,0.0,TempBand+Watershed+Merge+ClustSml+ShapeGate+MinPeaks+P-Filter+EquipRej+SkinPrio+Omega+OmScale+OmSplit+OmRot+FarField+GradFarF+Kalman+StaticSup,horizontal best
cap_001754,2026-08-24T15:33:21.299,horizontal,21.51,24.01,2,0,0.0,TempBand+Watershed+Merge+ClustSml+ShapeGate+MinPeaks+P-Filter+EquipRej+SkinPrio+Omega+OmScale+OmSplit+OmRot+FarField+GradFarF+Kalman+StaticSup,horizontal best
cap_001755,2026-08-24T15:33:21.419,horizontal,21.53,24.03,2,0,0.0,TempBand+Watershed+Merge+ClustSml+ShapeGate+MinPeaks+P-Filter+EquipRej+SkinPrio+Omega+OmScale+OmSplit+OmRot+FarField+GradFarF+Kalman+StaticSup,horizontal best
cap_001756,2026-08-24T15:33:21.518,horizontal,21.51,24.01,2,0,0.0,TempBand+Watershed+Merge+ClustSml+ShapeGate+MinPeaks+P-Filter+EquipRej+SkinPrio+Omega+OmScale+OmSplit+OmRot+FarField+GradFarF+Kalman+StaticSup,horizontal best
cap_001757,2026-08-24T15:33:21.645,horizontal,21.51,24.01,2,0,0.0,TempBand+Watershed+Merge+ClustSml+ShapeGate+MinPeaks+P-Filter+EquipRej+SkinPrio+Omega+OmScale+OmSplit+OmRot+FarField+GradFarF+Kalman+StaticSup,horizontal best
cap_001758,2026-08-24T15:33:21.770,horizontal,21.51,24.01,2,0,0.0,TempBand+Watershed+Merge+ClustSml+ShapeGate+MinPeaks+P-Filter+EquipRej+SkinPrio+Omega+OmScale+OmSplit+OmRot+FarField+GradFarF+Kalman+StaticSup,horizontal best
cap_001759,2026-08-24T15:33:21.867,horizontal,21.51,24.01,2,0,0.0,TempBand+Watershed+Merge+ClustSml+ShapeGate+MinPeaks+P-Filter+EquipRej+SkinPrio+Omega+OmScale+OmSplit+OmRot+FarField+GradFarF+Kalman+StaticSup,horizontal best
cap_001760,2026-08-24T15:33:21.994,horizontal,21.49,23.99,2,0,0.0,TempBand+Watershed+Merge+ClustSml+ShapeGate+MinPeaks+P-Filter+EquipRej+SkinPrio+Omega+OmScale+OmSplit+OmRot+FarField+GradFarF+Kalman+StaticSup,horizontal best
cap_001761,2026-08-24T15:33:22.092,horizontal,21.49,23.99,2,0,0.0,TempBand+Watershed+Merge+ClustSml+ShapeGate+MinPeaks+P-Filter+EquipRej+SkinPrio+Omega+OmScale+OmSplit+OmRot+FarField+GradFarF+Kalman+StaticSup,horizontal best
cap_001762,2026-08-24T15:33:22.219,horizontal,21.49,23.99,2,0,0.0,TempBand+Watershed+Merge+ClustSml+ShapeGate+MinPeaks+P-Filter+EquipRej+SkinPrio+Omega+OmScale+OmSplit+OmRot+FarField+GradFarF+Kalman+StaticSup,horizontal best
cap_001763,2026-08-24T15:33:22.314,horizontal,21.44,23.94,2,0,0.0,TempBand+Watershed+Merge+ClustSml+ShapeGate+MinPeaks+P-Filter+EquipRej+SkinPrio+Omega+OmScale+OmSplit+OmRot+FarField+GradFarF+Kalman+StaticSup,horizontal best
cap_001764,2026-08-24T15:33:22.444,horizontal,21.44,23.94,2,0,0.0,TempBand+Watershed+Merge+ClustSml+ShapeGate+MinPeaks+P-Filter+EquipRej+SkinPrio+Omega+OmScale+OmSplit+OmRot+FarField+GradFarF+Kalman+StaticSup,horizontal best
cap_001765,2026-08-24T15:33:22.609,horizontal,21.46,23.96,2,0,0.0,TempBand+Watershed+Merge+ClustSml+ShapeGate+MinPeaks+P-Filter+EquipRej+SkinPrio+Omega+OmScale+OmSplit+OmRot+FarField+GradFarF+Kalman+StaticSup,horizontal best
cap_001766,2026-08-24T15:33:22.666,horizontal,21.44,23.94,2,0,0.0,TempBand+Watershed+Merge+ClustSml+ShapeGate+MinPeaks+P-Filter+EquipRej+SkinPrio+Omega+OmScale+OmSplit+OmRot+FarField+GradFarF+Kalman+StaticSup,horizontal best
cap_001767,2026-08-24T15:33:22.794,horizontal,21.41,23.91,2,0,0.0,TempBand+Watershed+Merge+ClustSml+ShapeGate+MinPeaks+P-Filter+EquipRej+SkinPrio+Omega+OmScale+OmSplit+OmRot+FarField+GradFarF+Kalman+StaticSup,horizontal best
cap_001768,2026-08-24T15:33:22.890,horizontal,21.41,23.91,2,0,0.0,TempBand+Watershed+Merge+ClustSml+ShapeGate+MinPeaks+P-Filter+EquipRej+SkinPrio+Omega+OmScale+OmSplit+OmRot+FarField+GradFarF+Kalman+StaticSup,horizontal best
cap_001769,2026-08-24T15:33:23.020,horizontal,21.41,23.91,2,0,0.0,TempBand+Watershed+Merge+ClustSml+ShapeGate+MinPeaks+P-Filter+EquipRej+SkinPrio+Omega+OmScale+OmSplit+OmRot+FarField+GradFarF+Kalman+StaticSup,horizontal best
cap_001770,2026-08-24T15:33:23.118,horizontal,21.41,23.91,2,0,0.0,TempBand+Watershed+Merge+ClustSml+ShapeGate+MinPeaks+P-Filter+EquipRej+SkinPrio+Omega+OmScale+OmSplit+OmRot+FarField+GradFarF+Kalman+StaticSup,horizontal best
cap_001771,2026-08-24T15:33:23.242,horizontal,21.41,23.91,2,0,0.0,TempBand+Watershed+Merge+ClustSml+ShapeGate+MinPeaks+P-Filter+EquipRej+SkinPrio+Omega+OmScale+OmSplit+OmRot+FarField+GradFarF+Kalman+StaticSup,horizontal best
cap_001772,2026-08-24T15:33:23.341,horizontal,21.41,23.91,2,0,0.0,TempBand+Watershed+Merge+ClustSml+ShapeGate+MinPeaks+P-Filter+EquipRej+SkinPrio+Omega+OmScale+OmSplit+OmRot+FarField+GradFarF+Kalman+StaticSup,horizontal best
cap_001773,2026-08-24T15:33:23.467,horizontal,21.49,23.99,2,0,0.0,TempBand+Watershed+Merge+ClustSml+ShapeGate+MinPeaks+P-Filter+EquipRej+SkinPrio+Omega+OmScale+OmSplit+OmRot+FarField+GradFarF+Kalman+StaticSup,horizontal best
cap_001774,2026-08-24T15:33:23.596,horizontal,21.46,23.96,1,0,0.0,TempBand+Watershed+Merge+ClustSml+ShapeGate+MinPeaks+P-Filter+EquipRej+SkinPrio+Omega+OmScale+OmSplit+OmRot+FarField+GradFarF+Kalman+StaticSup,horizontal best
cap_001775,2026-08-24T15:33:23.693,horizontal,21.49,23.99,1,0,0.0,TempBand+Watershed+Merge+ClustSml+ShapeGate+MinPeaks+P-Filter+EquipRej+SkinPrio+Omega+OmScale+OmSplit+OmRot+FarField+GradFarF+Kalman+StaticSup,horizontal best
cap_001776,2026-08-24T15:33:23.819,horizontal,21.51,24.01,1,0,0.0,TempBand+Watershed+Merge+ClustSml+ShapeGate+MinPeaks+P-Filter+EquipRej+SkinPrio+Omega+OmScale+OmSplit+OmRot+FarField+GradFarF+Kalman+StaticSup,horizontal best
cap_001777,2026-08-24T15:33:23.918,horizontal,21.49,23.99,1,0,0.0,TempBand+Watershed+Merge+ClustSml+ShapeGate+MinPeaks+P-Filter+EquipRej+SkinPrio+Omega+OmScale+OmSplit+OmRot+FarField+GradFarF+Kalman+StaticSup,horizontal best
cap_001778,2026-08-24T15:33:24.043,horizontal,21.49,23.99,1,0,0.0,TempBand+Watershed+Merge+ClustSml+ShapeGate+MinPeaks+P-Filter+EquipRej+SkinPrio+Omega+OmScale+OmSplit+OmRot+FarField+GradFarF+Kalman+StaticSup,horizontal best
cap_001779,2026-08-24T15:33:24.149,horizontal,21.46,23.96,1,0,0.0,TempBand+Watershed+Merge+ClustSml+ShapeGate+MinPeaks+P-Filter+EquipRej+SkinPrio+Omega+OmScale+OmSplit+OmRot+FarField+GradFarF+Kalman+StaticSup,horizontal best
cap_001780,2026-08-24T15:33:24.268,horizontal,21.44,23.94,2,0,0.0,TempBand+Watershed+Merge+ClustSml+ShapeGate+MinPeaks+P-Filter+EquipRej+SkinPrio+Omega+OmScale+OmSplit+OmRot+FarField+GradFarF+Kalman+StaticSup,horizontal best
cap_001781,2026-08-24T15:33:24.394,horizontal,21.44,23.94,2,0,0.0,TempBand+Watershed+Merge+ClustSml+ShapeGate+MinPeaks+P-Filter+EquipRej+SkinPrio+Omega+OmScale+OmSplit+OmRot+FarField+GradFarF+Kalman+StaticSup,horizontal best
cap_001782,2026-08-24T15:33:24.490,horizontal,21.41,23.91,2,0,0.0,TempBand+Watershed+Merge+ClustSml+ShapeGate+MinPeaks+P-Filter+EquipRej+SkinPrio+Omega+OmScale+OmSplit+OmRot+FarField+GradFarF+Kalman+StaticSup,horizontal best
cap_001783,2026-08-24T15:33:24.620,horizontal,21.39,23.89,2,0,0.0,TempBand+Watershed+Merge+ClustSml+ShapeGate+MinPeaks+P-Filter+EquipRej+SkinPrio+Omega+OmScale+OmSplit+OmRot+FarField+GradFarF+Kalman+StaticSup,horizontal best
cap_001784,2026-08-24T15:33:24.724,horizontal,21.37,23.87,2,0,0.0,TempBand+Watershed+Merge+ClustSml+ShapeGate+MinPeaks+P-Filter+EquipRej+SkinPrio+Omega+OmScale+OmSplit+OmRot+FarField+GradFarF+Kalman+StaticSup,horizontal best
cap_001785,2026-08-24T15:33:24.843,horizontal,21.37,23.87,2,0,0.0,TempBand+Watershed+Merge+ClustSml+ShapeGate+MinPeaks+P-Filter+EquipRej+SkinPrio+Omega+OmScale+OmSplit+OmRot+FarField+GradFarF+Kalman+StaticSup,horizontal best
cap_001786,2026-08-24T15:33:24.941,horizontal,21.39,23.89,2,0,0.0,TempBand+Watershed+Merge+ClustSml+ShapeGate+MinPeaks+P-Filter+EquipRej+SkinPrio+Omega+OmScale+OmSplit+OmRot+FarField+GradFarF+Kalman+StaticSup,horizontal best
cap_001787,2026-08-24T15:33:25.072,horizontal,21.39,23.89,2,0,0.0,TempBand+Watershed+Merge+ClustSml+ShapeGate+MinPeaks+P-Filter+EquipRej+SkinPrio+Omega+OmScale+OmSplit+OmRot+FarField+GradFarF+Kalman+StaticSup,horizontal best
cap_001788,2026-08-24T15:33:25.162,horizontal,21.39,23.89,1,0,0.0,TempBand+Watershed+Merge+ClustSml+ShapeGate+MinPeaks+P-Filter+EquipRej+SkinPrio+Omega+OmScale+OmSplit+OmRot+FarField+GradFarF+Kalman+StaticSup,horizontal best
cap_001789,2026-08-24T15:33:25.291,horizontal,21.38,23.88,2,0,0.0,TempBand+Watershed+Merge+ClustSml+ShapeGate+MinPeaks+P-Filter+EquipRej+SkinPrio+Omega+OmScale+OmSplit+OmRot+FarField+GradFarF+Kalman+StaticSup,horizontal best
cap_001790,2026-08-24T15:33:25.420,horizontal,21.37,23.87,2,0,0.0,TempBand+Watershed+Merge+ClustSml+ShapeGate+MinPeaks+P-Filter+EquipRej+SkinPrio+Omega+OmScale+OmSplit+OmRot+FarField+GradFarF+Kalman+StaticSup,horizontal best
cap_001791,2026-08-24T15:33:25.517,horizontal,21.37,23.87,2,0,0.0,TempBand+Watershed+Merge+ClustSml+ShapeGate+MinPeaks+P-Filter+EquipRej+SkinPrio+Omega+OmScale+OmSplit+OmRot+FarField+GradFarF+Kalman+StaticSup,horizontal best
cap_001792,2026-08-24T15:33:25.644,horizontal,21.39,23.89,2,0,0.0,TempBand+Watershed+Merge+ClustSml+ShapeGate+MinPeaks+P-Filter+EquipRej+SkinPrio+Omega+OmScale+OmSplit+OmRot+FarField+GradFarF+Kalman+StaticSup,horizontal best
cap_001793,2026-08-24T15:33:25.739,horizontal,21.39,23.89,2,0,0.0,TempBand+Watershed+Merge+ClustSml+ShapeGate+MinPeaks+P-Filter+EquipRej+SkinPrio+Omega+OmScale+OmSplit+OmRot+FarField+GradFarF+Kalman+StaticSup,horizontal best
cap_001794,2026-08-24T15:33:25.869,horizontal,21.37,23.87,2,0,0.0,TempBand+Watershed+Merge+ClustSml+ShapeGate+MinPeaks+P-Filter+EquipRej+SkinPrio+Omega+OmScale+OmSplit+OmRot+FarField+GradFarF+Kalman+StaticSup,horizontal best
cap_001795,2026-08-24T15:33:25.966,horizontal,21.37,23.87,2,0,0.0,TempBand+Watershed+Merge+ClustSml+ShapeGate+MinPeaks+P-Filter+EquipRej+SkinPrio+Omega+OmScale+OmSplit+OmRot+FarField+GradFarF+Kalman+StaticSup,horizontal best
cap_001796,2026-08-24T15:33:26.095,horizontal,21.37,23.87,2,0,0.0,TempBand+Watershed+Merge+ClustSml+ShapeGate+MinPeaks+P-Filter+EquipRej+SkinPrio+Omega+OmScale+OmSplit+OmRot+FarField+GradFarF+Kalman+StaticSup,horizontal best
cap_001797,2026-08-24T15:33:26.188,horizontal,21.34,23.84,2,0,0.0,TempBand+Watershed+Merge+ClustSml+ShapeGate+MinPeaks+P-Filter+EquipRej+SkinPrio+Omega+OmScale+OmSplit+OmRot+FarField+GradFarF+Kalman+StaticSup,horizontal best
cap_001798,2026-08-24T15:33:26.316,horizontal,21.34,23.84,2,0,0.0,TempBand+Watershed+Merge+ClustSml+ShapeGate+MinPeaks+P-Filter+EquipRej+SkinPrio+Omega+OmScale+OmSplit+OmRot+FarField+GradFarF+Kalman+StaticSup,horizontal best
cap_001799,2026-08-24T15:33:26.445,horizontal,21.34,23.84,2,0,0.0,TempBand+Watershed+Merge+ClustSml+ShapeGate+MinPeaks+P-Filter+EquipRej+SkinPrio+Omega+OmScale+OmSplit+OmRot+FarField+GradFarF+Kalman+StaticSup,horizontal best
cap_001800,2026-08-24T15:33:26.540,horizontal,21.32,23.82,2,0,0.0,TempBand+Watershed+Merge+ClustSml+ShapeGate+MinPeaks+P-Filter+EquipRej+SkinPrio+Omega+OmScale+OmSplit+OmRot+FarField+GradFarF+Kalman+StaticSup,horizontal best
cap_001801,2026-08-24T15:33:26.665,horizontal,21.29,23.79,2,0,0.0,TempBand+Watershed+Merge+ClustSml+ShapeGate+MinPeaks+P-Filter+EquipRej+SkinPrio+Omega+OmScale+OmSplit+OmRot+FarField+GradFarF+Kalman+StaticSup,horizontal best
cap_001802,2026-08-24T15:33:26.762,horizontal,21.29,23.79,2,0,0.0,TempBand+Watershed+Merge+ClustSml+ShapeGate+MinPeaks+P-Filter+EquipRej+SkinPrio+Omega+OmScale+OmSplit+OmRot+FarField+GradFarF+Kalman+StaticSup,horizontal best
cap_001803,2026-08-24T15:33:26.893,horizontal,21.29,23.79,2,0,0.0,TempBand+Watershed+Merge+ClustSml+ShapeGate+MinPeaks+P-Filter+EquipRej+SkinPrio+Omega+OmScale+OmSplit+OmRot+FarField+GradFarF+Kalman+StaticSup,horizontal best
cap_001804,2026-08-24T15:33:26.987,horizontal,21.29,23.79,2,0,0.0,TempBand+Watershed+Merge+ClustSml+ShapeGate+MinPeaks+P-Filter+EquipRej+SkinPrio+Omega+OmScale+OmSplit+OmRot+FarField+GradFarF+Kalman+StaticSup,horizontal best
cap_001805,2026-08-24T15:33:27.122,horizontal,21.27,23.77,2,0,0.0,TempBand+Watershed+Merge+ClustSml+ShapeGate+MinPeaks+P-Filter+EquipRej+SkinPrio+Omega+OmScale+OmSplit+OmRot+FarField+GradFarF+Kalman+StaticSup,horizontal best
cap_001806,2026-08-24T15:33:27.243,horizontal,21.22,23.72,2,0,0.0,TempBand+Watershed+Merge+ClustSml+ShapeGate+MinPeaks+P-Filter+EquipRej+SkinPrio+Omega+OmScale+OmSplit+OmRot+FarField+GradFarF+Kalman+StaticSup,horizontal best
cap_001807,2026-08-24T15:33:27.338,horizontal,21.20,23.70,2,0,0.0,TempBand+Watershed+Merge+ClustSml+ShapeGate+MinPeaks+P-Filter+EquipRej+SkinPrio+Omega+OmScale+OmSplit+OmRot+FarField+GradFarF+Kalman+StaticSup,horizontal best
cap_001808,2026-08-24T15:33:27.468,horizontal,21.20,23.70,2,0,0.0,TempBand+Watershed+Merge+ClustSml+ShapeGate+MinPeaks+P-Filter+EquipRej+SkinPrio+Omega+OmScale+OmSplit+OmRot+FarField+GradFarF+Kalman+StaticSup,horizontal best
cap_001809,2026-08-24T15:33:27.563,horizontal,21.17,23.67,2,0,0.0,TempBand+Watershed+Merge+ClustSml+ShapeGate+MinPeaks+P-Filter+EquipRej+SkinPrio+Omega+OmScale+OmSplit+OmRot+FarField+GradFarF+Kalman+StaticSup,horizontal best
cap_001810,2026-08-24T15:33:27.690,horizontal,21.17,23.67,2,0,0.0,TempBand+Watershed+Merge+ClustSml+ShapeGate+MinPeaks+P-Filter+EquipRej+SkinPrio+Omega+OmScale+OmSplit+OmRot+FarField+GradFarF+Kalman+StaticSup,horizontal best
cap_001811,2026-08-24T15:33:27.786,horizontal,21.17,23.67,2,0,0.0,TempBand+Watershed+Merge+ClustSml+ShapeGate+MinPeaks+P-Filter+EquipRej+SkinPrio+Omega+OmScale+OmSplit+OmRot+FarField+GradFarF+Kalman+StaticSup,horizontal best
cap_001812,2026-08-24T15:33:27.914,horizontal,21.15,23.65,2,0,0.0,TempBand+Watershed+Merge+ClustSml+ShapeGate+MinPeaks+P-Filter+EquipRej+SkinPrio+Omega+OmScale+OmSplit+OmRot+FarField+GradFarF+Kalman+StaticSup,horizontal best
cap_001813,2026-08-24T15:33:28.010,horizontal,21.15,23.65,2,0,0.0,TempBand+Watershed+Merge+ClustSml+ShapeGate+MinPeaks+P-Filter+EquipRej+SkinPrio+Omega+OmScale+OmSplit+OmRot+FarField+GradFarF+Kalman+StaticSup,horizontal best
cap_001814,2026-08-24T15:33:28.138,horizontal,21.15,23.65,1,0,0.0,TempBand+Watershed+Merge+ClustSml+ShapeGate+MinPeaks+P-Filter+EquipRej+SkinPrio+Omega+OmScale+OmSplit+OmRot+FarField+GradFarF+Kalman+StaticSup,horizontal best
cap_001815,2026-08-24T15:33:28.266,horizontal,21.15,23.65,1,0,0.0,TempBand+Watershed+Merge+ClustSml+ShapeGate+MinPeaks+P-Filter+EquipRej+SkinPrio+Omega+OmScale+OmSplit+OmRot+FarField+GradFarF+Kalman+StaticSup,horizontal best
cap_001816,2026-08-24T15:33:28.363,horizontal,21.15,23.65,1,0,0.0,TempBand+Watershed+Merge+ClustSml+ShapeGate+MinPeaks+P-Filter+EquipRej+SkinPrio+Omega+OmScale+OmSplit+OmRot+FarField+GradFarF+Kalman+StaticSup,horizontal best
cap_001817,2026-08-24T15:33:28.491,horizontal,21.13,23.63,2,0,0.0,TempBand+Watershed+Merge+ClustSml+ShapeGate+MinPeaks+P-Filter+EquipRej+SkinPrio+Omega+OmScale+OmSplit+OmRot+FarField+GradFarF+Kalman+StaticSup,horizontal best
cap_001818,2026-08-24T15:33:28.589,horizontal,21.13,23.63,2,0,0.0,TempBand+Watershed+Merge+ClustSml+ShapeGate+MinPeaks+P-Filter+EquipRej+SkinPrio+Omega+OmScale+OmSplit+OmRot+FarField+GradFarF+Kalman+StaticSup,horizontal best
cap_001819,2026-08-24T15:33:28.717,horizontal,21.10,23.60,2,0,0.0,TempBand+Watershed+Merge+ClustSml+ShapeGate+MinPeaks+P-Filter+EquipRej+SkinPrio+Omega+OmScale+OmSplit+OmRot+FarField+GradFarF+Kalman+StaticSup,horizontal best
cap_001820,2026-08-24T15:33:28.810,horizontal,21.10,23.60,2,0,0.0,TempBand+Watershed+Merge+ClustSml+ShapeGate+MinPeaks+P-Filter+EquipRej+SkinPrio+Omega+OmScale+OmSplit+OmRot+FarField+GradFarF+Kalman+StaticSup,horizontal best
cap_001821,2026-08-24T15:33:28.937,horizontal,21.10,23.60,2,0,0.0,TempBand+Watershed+Merge+ClustSml+ShapeGate+MinPeaks+P-Filter+EquipRej+SkinPrio+Omega+OmScale+OmSplit+OmRot+FarField+GradFarF+Kalman+StaticSup,horizontal best
cap_001822,2026-08-24T15:33:29.066,horizontal,21.08,23.58,2,0,0.0,TempBand+Watershed+Merge+ClustSml+ShapeGate+MinPeaks+P-Filter+EquipRej+SkinPrio+Omega+OmScale+OmSplit+OmRot+FarField+GradFarF+Kalman+StaticSup,horizontal best
cap_001823,2026-08-24T15:33:29.160,horizontal,21.08,23.58,2,0,0.0,TempBand+Watershed+Merge+ClustSml+ShapeGate+MinPeaks+P-Filter+EquipRej+SkinPrio+Omega+OmScale+OmSplit+OmRot+FarField+GradFarF+Kalman+StaticSup,horizontal best
cap_001824,2026-08-24T15:33:29.290,horizontal,21.10,23.60,2,0,0.0,TempBand+Watershed+Merge+ClustSml+ShapeGate+MinPeaks+P-Filter+EquipRej+SkinPrio+Omega+OmScale+OmSplit+OmRot+FarField+GradFarF+Kalman+StaticSup,horizontal best
cap_001825,2026-08-24T15:33:29.386,horizontal,21.10,23.60,2,0,0.0,TempBand+Watershed+Merge+ClustSml+ShapeGate+MinPeaks+P-Filter+EquipRej+SkinPrio+Omega+OmScale+OmSplit+OmRot+FarField+GradFarF+Kalman+StaticSup,horizontal best
cap_001826,2026-08-24T15:33:29.514,horizontal,21.08,23.58,2,0,0.0,TempBand+Watershed+Merge+ClustSml+ShapeGate+MinPeaks+P-Filter+EquipRej+SkinPrio+Omega+OmScale+OmSplit+OmRot+FarField+GradFarF+Kalman+StaticSup,horizontal best
cap_001827,2026-08-24T15:33:29.611,horizontal,21.08,23.58,2,0,0.0,TempBand+Watershed+Merge+ClustSml+ShapeGate+MinPeaks+P-Filter+EquipRej+SkinPrio+Omega+OmScale+OmSplit+OmRot+FarField+GradFarF+Kalman+StaticSup,horizontal best
cap_001828,2026-08-24T15:33:29.738,horizontal,21.05,23.55,2,0,0.0,TempBand+Watershed+Merge+ClustSml+ShapeGate+MinPeaks+P-Filter+EquipRej+SkinPrio+Omega+OmScale+OmSplit+OmRot+FarField+GradFarF+Kalman+StaticSup,horizontal best
cap_001829,2026-08-24T15:33:29.836,horizontal,21.08,23.58,2,0,0.0,TempBand+Watershed+Merge+ClustSml+ShapeGate+MinPeaks+P-Filter+EquipRej+SkinPrio+Omega+OmScale+OmSplit+OmRot+FarField+GradFarF+Kalman+StaticSup,horizontal best
cap_001830,2026-08-24T15:33:29.992,horizontal,21.05,23.55,2,0,0.0,TempBand+Watershed+Merge+ClustSml+ShapeGate+MinPeaks+P-Filter+EquipRej+SkinPrio+Omega+OmScale+OmSplit+OmRot+FarField+GradFarF+Kalman+StaticSup,horizontal best
cap_001831,2026-08-24T15:33:30.094,horizontal,21.03,23.53,2,0,0.0,TempBand+Watershed+Merge+ClustSml+ShapeGate+MinPeaks+P-Filter+EquipRej+SkinPrio+Omega+OmScale+OmSplit+OmRot+FarField+GradFarF+Kalman+StaticSup,horizontal best
cap_001832,2026-08-24T15:33:30.191,horizontal,21.03,23.53,2,0,0.0,TempBand+Watershed+Merge+ClustSml+ShapeGate+MinPeaks+P-Filter+EquipRej+SkinPrio+Omega+OmScale+OmSplit+OmRot+FarField+GradFarF+Kalman+StaticSup,horizontal best
cap_001833,2026-08-24T15:33:30.314,horizontal,21.00,23.50,2,0,0.0,TempBand+Watershed+Merge+ClustSml+ShapeGate+MinPeaks+P-Filter+EquipRej+SkinPrio+Omega+OmScale+OmSplit+OmRot+FarField+GradFarF+Kalman+StaticSup,horizontal best
cap_001834,2026-08-24T15:33:30.410,horizontal,21.00,23.50,2,0,0.0,TempBand+Watershed+Merge+ClustSml+ShapeGate+MinPeaks+P-Filter+EquipRej+SkinPrio+Omega+OmScale+OmSplit+OmRot+FarField+GradFarF+Kalman+StaticSup,horizontal best
cap_001835,2026-08-24T15:33:30.539,horizontal,21.00,23.50,2,0,0.0,TempBand+Watershed+Merge+ClustSml+ShapeGate+MinPeaks+P-Filter+EquipRej+SkinPrio+Omega+OmScale+OmSplit+OmRot+FarField+GradFarF+Kalman+StaticSup,horizontal best
cap_001836,2026-08-24T15:33:30.634,horizontal,20.98,23.48,2,0,0.0,TempBand+Watershed+Merge+ClustSml+ShapeGate+MinPeaks+P-Filter+EquipRej+SkinPrio+Omega+OmScale+OmSplit+OmRot+FarField+GradFarF+Kalman+StaticSup,horizontal best
cap_001837,2026-08-24T15:33:30.763,horizontal,20.98,23.48,2,0,0.0,TempBand+Watershed+Merge+ClustSml+ShapeGate+MinPeaks+P-Filter+EquipRej+SkinPrio+Omega+OmScale+OmSplit+OmRot+FarField+GradFarF+Kalman+StaticSup,horizontal best
cap_001838,2026-08-24T15:33:30.891,horizontal,20.98,23.48,2,0,0.0,TempBand+Watershed+Merge+ClustSml+ShapeGate+MinPeaks+P-Filter+EquipRej+SkinPrio+Omega+OmScale+OmSplit+OmRot+FarField+GradFarF+Kalman+StaticSup,horizontal best
cap_001839,2026-08-24T15:33:30.987,horizontal,20.98,23.48,2,0,0.0,TempBand+Watershed+Merge+ClustSml+ShapeGate+MinPeaks+P-Filter+EquipRej+SkinPrio+Omega+OmScale+OmSplit+OmRot+FarField+GradFarF+Kalman+StaticSup,horizontal best
cap_001840,2026-08-24T15:33:31.113,horizontal,20.98,23.48,2,0,0.0,TempBand+Watershed+Merge+ClustSml+ShapeGate+MinPeaks+P-Filter+EquipRej+SkinPrio+Omega+OmScale+OmSplit+OmRot+FarField+GradFarF+Kalman+StaticSup,horizontal best
cap_001841,2026-08-24T15:33:31.213,horizontal,20.96,23.46,2,0,0.0,TempBand+Watershed+Merge+ClustSml+ShapeGate+MinPeaks+P-Filter+EquipRej+SkinPrio+Omega+OmScale+OmSplit+OmRot+FarField+GradFarF+Kalman+StaticSup,horizontal best
cap_001842,2026-08-24T15:33:31.336,horizontal,20.96,23.46,2,0,0.0,TempBand+Watershed+Merge+ClustSml+ShapeGate+MinPeaks+P-Filter+EquipRej+SkinPrio+Omega+OmScale+OmSplit+OmRot+FarField+GradFarF+Kalman+StaticSup,horizontal best
cap_001843,2026-08-24T15:33:31.435,horizontal,20.96,23.46,2,0,0.0,TempBand+Watershed+Merge+ClustSml+ShapeGate+MinPeaks+P-Filter+EquipRej+SkinPrio+Omega+OmScale+OmSplit+OmRot+FarField+GradFarF+Kalman+StaticSup,horizontal best
cap_001844,2026-08-24T15:33:31.562,horizontal,20.96,23.46,2,0,0.0,TempBand+Watershed+Merge+ClustSml+ShapeGate+MinPeaks+P-Filter+EquipRej+SkinPrio+Omega+OmScale+OmSplit+OmRot+FarField+GradFarF+Kalman+StaticSup,horizontal best
cap_001845,2026-08-24T15:33:31.657,horizontal,20.96,23.46,2,0,0.0,TempBand+Watershed+Merge+ClustSml+ShapeGate+MinPeaks+P-Filter+EquipRej+SkinPrio+Omega+OmScale+OmSplit+OmRot+FarField+GradFarF+Kalman+StaticSup,horizontal best
cap_001846,2026-08-24T15:33:31.787,horizontal,20.93,23.43,2,0,0.0,TempBand+Watershed+Merge+ClustSml+ShapeGate+MinPeaks+P-Filter+EquipRej+SkinPrio+Omega+OmScale+OmSplit+OmRot+FarField+GradFarF+Kalman+StaticSup,horizontal best
cap_001847,2026-08-24T15:33:31.915,horizontal,20.93,23.43,1,0,0.0,TempBand+Watershed+Merge+ClustSml+ShapeGate+MinPeaks+P-Filter+EquipRej+SkinPrio+Omega+OmScale+OmSplit+OmRot+FarField+GradFarF+Kalman+StaticSup,horizontal best
cap_001848,2026-08-24T15:33:32.012,horizontal,20.91,23.41,1,0,0.0,TempBand+Watershed+Merge+ClustSml+ShapeGate+MinPeaks+P-Filter+EquipRej+SkinPrio+Omega+OmScale+OmSplit+OmRot+FarField+GradFarF+Kalman+StaticSup,horizontal best
cap_001849,2026-08-24T15:33:32.139,horizontal,20.91,23.41,1,0,0.0,TempBand+Watershed+Merge+ClustSml+ShapeGate+MinPeaks+P-Filter+EquipRej+SkinPrio+Omega+OmScale+OmSplit+OmRot+FarField+GradFarF+Kalman+StaticSup,horizontal best
cap_001850,2026-08-24T15:33:32.233,horizontal,20.88,23.38,1,0,0.0,TempBand+Watershed+Merge+ClustSml+ShapeGate+MinPeaks+P-Filter+EquipRej+SkinPrio+Omega+OmScale+OmSplit+OmRot+FarField+GradFarF+Kalman+StaticSup,horizontal best
cap_001851,2026-08-24T15:33:32.363,horizontal,20.88,23.38,1,0,0.0,TempBand+Watershed+Merge+ClustSml+ShapeGate+MinPeaks+P-Filter+EquipRej+SkinPrio+Omega+OmScale+OmSplit+OmRot+FarField+GradFarF+Kalman+StaticSup,horizontal best
cap_001852,2026-08-24T15:33:32.460,horizontal,20.88,23.38,1,0,0.0,TempBand+Watershed+Merge+ClustSml+ShapeGate+MinPeaks+P-Filter+EquipRej+SkinPrio+Omega+OmScale+OmSplit+OmRot+FarField+GradFarF+Kalman+StaticSup,horizontal best
cap_001853,2026-08-24T15:33:32.587,horizontal,20.88,23.38,1,0,0.0,TempBand+Watershed+Merge+ClustSml+ShapeGate+MinPeaks+P-Filter+EquipRej+SkinPrio+Omega+OmScale+OmSplit+OmRot+FarField+GradFarF+Kalman+StaticSup,horizontal best
cap_001854,2026-08-24T15:33:32.683,horizontal,20.93,23.43,1,0,0.0,TempBand+Watershed+Merge+ClustSml+ShapeGate+MinPeaks+P-Filter+EquipRej+SkinPrio+Omega+OmScale+OmSplit+OmRot+FarField+GradFarF+Kalman+StaticSup,horizontal best
cap_001855,2026-08-24T15:33:32.809,horizontal,20.93,23.43,1,0,0.0,TempBand+Watershed+Merge+ClustSml+ShapeGate+MinPeaks+P-Filter+EquipRej+SkinPrio+Omega+OmScale+OmSplit+OmRot+FarField+GradFarF+Kalman+StaticSup,horizontal best
cap_001856,2026-08-24T15:33:32.938,horizontal,20.96,23.46,1,0,0.0,TempBand+Watershed+Merge+ClustSml+ShapeGate+MinPeaks+P-Filter+EquipRej+SkinPrio+Omega+OmScale+OmSplit+OmRot+FarField+GradFarF+Kalman+StaticSup,horizontal best
cap_001857,2026-08-24T15:33:33.036,horizontal,20.96,23.46,1,0,0.0,TempBand+Watershed+Merge+ClustSml+ShapeGate+MinPeaks+P-Filter+EquipRej+SkinPrio+Omega+OmScale+OmSplit+OmRot+FarField+GradFarF+Kalman+StaticSup,horizontal best
cap_001858,2026-08-24T15:33:33.163,horizontal,20.96,23.46,1,0,0.0,TempBand+Watershed+Merge+ClustSml+ShapeGate+MinPeaks+P-Filter+EquipRej+SkinPrio+Omega+OmScale+OmSplit+OmRot+FarField+GradFarF+Kalman+StaticSup,horizontal best
cap_001859,2026-08-24T15:33:33.259,horizontal,20.96,23.46,1,0,0.0,TempBand+Watershed+Merge+ClustSml+ShapeGate+MinPeaks+P-Filter+EquipRej+SkinPrio+Omega+OmScale+OmSplit+OmRot+FarField+GradFarF+Kalman+StaticSup,horizontal best
cap_001860,2026-08-24T15:33:33.390,horizontal,20.96,23.46,1,0,0.0,TempBand+Watershed+Merge+ClustSml+ShapeGate+MinPeaks+P-Filter+EquipRej+SkinPrio+Omega+OmScale+OmSplit+OmRot+FarField+GradFarF+Kalman+StaticSup,horizontal best
cap_001861,2026-08-24T15:33:33.481,horizontal,20.96,23.46,1,0,0.0,TempBand+Watershed+Merge+ClustSml+ShapeGate+MinPeaks+P-Filter+EquipRej+SkinPrio+Omega+OmScale+OmSplit+OmRot+FarField+GradFarF+Kalman+StaticSup,horizontal best
cap_001862,2026-08-24T15:33:33.610,horizontal,20.98,23.48,2,0,0.0,TempBand+Watershed+Merge+ClustSml+ShapeGate+MinPeaks+P-Filter+EquipRej+SkinPrio+Omega+OmScale+OmSplit+OmRot+FarField+GradFarF+Kalman+StaticSup,horizontal best
cap_001863,2026-08-24T15:33:33.739,horizontal,20.96,23.46,2,0,0.0,TempBand+Watershed+Merge+ClustSml+ShapeGate+MinPeaks+P-Filter+EquipRej+SkinPrio+Omega+OmScale+OmSplit+OmRot+FarField+GradFarF+Kalman+StaticSup,horizontal best
cap_001864,2026-08-24T15:33:33.836,horizontal,20.96,23.46,2,0,0.0,TempBand+Watershed+Merge+ClustSml+ShapeGate+MinPeaks+P-Filter+EquipRej+SkinPrio+Omega+OmScale+OmSplit+OmRot+FarField+GradFarF+Kalman+StaticSup,horizontal best
cap_001865,2026-08-24T15:33:33.960,horizontal,20.93,23.43,2,0,0.0,TempBand+Watershed+Merge+ClustSml+ShapeGate+MinPeaks+P-Filter+EquipRej+SkinPrio+Omega+OmScale+OmSplit+OmRot+FarField+GradFarF+Kalman+StaticSup,horizontal best
cap_001866,2026-08-24T15:33:34.057,horizontal,20.93,23.43,2,0,0.0,TempBand+Watershed+Merge+ClustSml+ShapeGate+MinPeaks+P-Filter+EquipRej+SkinPrio+Omega+OmScale+OmSplit+OmRot+FarField+GradFarF+Kalman+StaticSup,horizontal best
cap_001867,2026-08-24T15:33:34.186,horizontal,20.93,23.43,2,0,0.0,TempBand+Watershed+Merge+ClustSml+ShapeGate+MinPeaks+P-Filter+EquipRej+SkinPrio+Omega+OmScale+OmSplit+OmRot+FarField+GradFarF+Kalman+StaticSup,horizontal best
cap_001868,2026-08-24T15:33:34.284,horizontal,20.93,23.43,2,0,0.0,TempBand+Watershed+Merge+ClustSml+ShapeGate+MinPeaks+P-Filter+EquipRej+SkinPrio+Omega+OmScale+OmSplit+OmRot+FarField+GradFarF+Kalman+StaticSup,horizontal best
cap_001869,2026-08-24T15:33:34.411,horizontal,20.93,23.43,2,0,0.0,TempBand+Watershed+Merge+ClustSml+ShapeGate+MinPeaks+P-Filter+EquipRej+SkinPrio+Omega+OmScale+OmSplit+OmRot+FarField+GradFarF+Kalman+StaticSup,horizontal best
cap_001870,2026-08-24T15:33:34.506,horizontal,20.96,23.46,2,0,0.0,TempBand+Watershed+Merge+ClustSml+ShapeGate+MinPeaks+P-Filter+EquipRej+SkinPrio+Omega+OmScale+OmSplit+OmRot+FarField+GradFarF+Kalman+StaticSup,horizontal best
cap_001871,2026-08-24T15:33:34.635,horizontal,20.93,23.43,2,0,0.0,TempBand+Watershed+Merge+ClustSml+ShapeGate+MinPeaks+P-Filter+EquipRej+SkinPrio+Omega+OmScale+OmSplit+OmRot+FarField+GradFarF+Kalman+StaticSup,horizontal best
cap_001872,2026-08-24T15:33:34.761,horizontal,20.93,23.43,2,0,0.0,TempBand+Watershed+Merge+ClustSml+ShapeGate+MinPeaks+P-Filter+EquipRej+SkinPrio+Omega+OmScale+OmSplit+OmRot+FarField+GradFarF+Kalman+StaticSup,horizontal best
cap_001873,2026-08-24T15:33:34.859,horizontal,20.93,23.43,2,0,0.0,TempBand+Watershed+Merge+ClustSml+ShapeGate+MinPeaks+P-Filter+EquipRej+SkinPrio+Omega+OmScale+OmSplit+OmRot+FarField+GradFarF+Kalman+StaticSup,horizontal best
cap_001874,2026-08-24T15:33:35.006,horizontal,20.93,23.43,2,0,0.0,TempBand+Watershed+Merge+ClustSml+ShapeGate+MinPeaks+P-Filter+EquipRej+SkinPrio+Omega+OmScale+OmSplit+OmRot+FarField+GradFarF+Kalman+StaticSup,horizontal best
cap_001875,2026-08-24T15:33:35.082,horizontal,20.93,23.43,2,0,0.0,TempBand+Watershed+Merge+ClustSml+ShapeGate+MinPeaks+P-Filter+EquipRej+SkinPrio+Omega+OmScale+OmSplit+OmRot+FarField+GradFarF+Kalman+StaticSup,horizontal best
cap_001876,2026-08-24T15:33:35.210,horizontal,20.96,23.46,2,0,0.0,TempBand+Watershed+Merge+ClustSml+ShapeGate+MinPeaks+P-Filter+EquipRej+SkinPrio+Omega+OmScale+OmSplit+OmRot+FarField+GradFarF+Kalman+StaticSup,horizontal best
cap_001877,2026-08-24T15:33:35.305,horizontal,20.96,23.46,2,0,0.0,TempBand+Watershed+Merge+ClustSml+ShapeGate+MinPeaks+P-Filter+EquipRej+SkinPrio+Omega+OmScale+OmSplit+OmRot+FarField+GradFarF+Kalman+StaticSup,horizontal best
cap_001878,2026-08-24T15:33:35.435,horizontal,20.96,23.46,2,0,0.0,TempBand+Watershed+Merge+ClustSml+ShapeGate+MinPeaks+P-Filter+EquipRej+SkinPrio+Omega+OmScale+OmSplit+OmRot+FarField+GradFarF+Kalman+StaticSup,horizontal best
cap_001879,2026-08-24T15:33:35.564,horizontal,20.93,23.43,2,0,0.0,TempBand+Watershed+Merge+ClustSml+ShapeGate+MinPeaks+P-Filter+EquipRej+SkinPrio+Omega+OmScale+OmSplit+OmRot+FarField+GradFarF+Kalman+StaticSup,horizontal best
cap_001880,2026-08-24T15:33:35.658,horizontal,20.93,23.43,2,0,0.0,TempBand+Watershed+Merge+ClustSml+ShapeGate+MinPeaks+P-Filter+EquipRej+SkinPrio+Omega+OmScale+OmSplit+OmRot+FarField+GradFarF+Kalman+StaticSup,horizontal best
cap_001881,2026-08-24T15:33:35.787,horizontal,20.93,23.43,2,0,0.0,TempBand+Watershed+Merge+ClustSml+ShapeGate+MinPeaks+P-Filter+EquipRej+SkinPrio+Omega+OmScale+OmSplit+OmRot+FarField+GradFarF+Kalman+StaticSup,horizontal best
cap_001882,2026-08-24T15:33:35.886,horizontal,20.93,23.43,2,0,0.0,TempBand+Watershed+Merge+ClustSml+ShapeGate+MinPeaks+P-Filter+EquipRej+SkinPrio+Omega+OmScale+OmSplit+OmRot+FarField+GradFarF+Kalman+StaticSup,horizontal best
cap_001883,2026-08-24T15:33:36.011,horizontal,20.93,23.43,2,0,0.0,TempBand+Watershed+Merge+ClustSml+ShapeGate+MinPeaks+P-Filter+EquipRej+SkinPrio+Omega+OmScale+OmSplit+OmRot+FarField+GradFarF+Kalman+StaticSup,horizontal best
cap_001884,2026-08-24T15:33:36.107,horizontal,20.91,23.41,2,0,0.0,TempBand+Watershed+Merge+ClustSml+ShapeGate+MinPeaks+P-Filter+EquipRej+SkinPrio+Omega+OmScale+OmSplit+OmRot+FarField+GradFarF+Kalman+StaticSup,horizontal best
cap_001885,2026-08-24T15:33:36.232,horizontal,20.88,23.38,2,0,0.0,TempBand+Watershed+Merge+ClustSml+ShapeGate+MinPeaks+P-Filter+EquipRej+SkinPrio+Omega+OmScale+OmSplit+OmRot+FarField+GradFarF+Kalman+StaticSup,horizontal best
cap_001886,2026-08-24T15:33:36.329,horizontal,20.88,23.38,2,0,0.0,TempBand+Watershed+Merge+ClustSml+ShapeGate+MinPeaks+P-Filter+EquipRej+SkinPrio+Omega+OmScale+OmSplit+OmRot+FarField+GradFarF+Kalman+StaticSup,horizontal best
cap_001887,2026-08-24T15:33:36.458,horizontal,20.86,23.36,2,0,0.0,TempBand+Watershed+Merge+ClustSml+ShapeGate+MinPeaks+P-Filter+EquipRej+SkinPrio+Omega+OmScale+OmSplit+OmRot+FarField+GradFarF+Kalman+StaticSup,horizontal best
cap_001888,2026-08-24T15:33:36.588,horizontal,20.91,23.41,2,0,0.0,TempBand+Watershed+Merge+ClustSml+ShapeGate+MinPeaks+P-Filter+EquipRej+SkinPrio+Omega+OmScale+OmSplit+OmRot+FarField+GradFarF+Kalman+StaticSup,horizontal best
cap_001889,2026-08-24T15:33:36.682,horizontal,20.91,23.41,2,0,0.0,TempBand+Watershed+Merge+ClustSml+ShapeGate+MinPeaks+P-Filter+EquipRej+SkinPrio+Omega+OmScale+OmSplit+OmRot+FarField+GradFarF+Kalman+StaticSup,horizontal best
cap_001890,2026-08-24T15:33:36.809,horizontal,20.91,23.41,2,0,0.0,TempBand+Watershed+Merge+ClustSml+ShapeGate+MinPeaks+P-Filter+EquipRej+SkinPrio+Omega+OmScale+OmSplit+OmRot+FarField+GradFarF+Kalman+StaticSup,horizontal best
cap_001891,2026-08-24T15:33:36.904,horizontal,20.88,23.38,2,0,0.0,TempBand+Watershed+Merge+ClustSml+ShapeGate+MinPeaks+P-Filter+EquipRej+SkinPrio+Omega+OmScale+OmSplit+OmRot+FarField+GradFarF+Kalman+StaticSup,horizontal best
cap_001892,2026-08-24T15:33:37.041,horizontal,20.81,23.31,2,0,0.0,TempBand+Watershed+Merge+ClustSml+ShapeGate+MinPeaks+P-Filter+EquipRej+SkinPrio+Omega+OmScale+OmSplit+OmRot+FarField+GradFarF+Kalman+StaticSup,horizontal best
cap_001893,2026-08-24T15:33:37.132,horizontal,20.79,23.29,2,0,0.0,TempBand+Watershed+Merge+ClustSml+ShapeGate+MinPeaks+P-Filter+EquipRej+SkinPrio+Omega+OmScale+OmSplit+OmRot+FarField+GradFarF+Kalman+StaticSup,horizontal best
cap_001894,2026-08-24T15:33:37.257,horizontal,20.79,23.29,2,0,0.0,TempBand+Watershed+Merge+ClustSml+ShapeGate+MinPeaks+P-Filter+EquipRej+SkinPrio+Omega+OmScale+OmSplit+OmRot+FarField+GradFarF+Kalman+StaticSup,horizontal best
cap_001895,2026-08-24T15:33:37.387,horizontal,20.76,23.26,2,0,0.0,TempBand+Watershed+Merge+ClustSml+ShapeGate+MinPeaks+P-Filter+EquipRej+SkinPrio+Omega+OmScale+OmSplit+OmRot+FarField+GradFarF+Kalman+StaticSup,horizontal best
cap_001896,2026-08-24T15:33:37.483,horizontal,20.76,23.26,2,0,0.0,TempBand+Watershed+Merge+ClustSml+ShapeGate+MinPeaks+P-Filter+EquipRej+SkinPrio+Omega+OmScale+OmSplit+OmRot+FarField+GradFarF+Kalman+StaticSup,horizontal best
cap_001897,2026-08-24T15:33:37.611,horizontal,20.76,23.26,2,0,0.0,TempBand+Watershed+Merge+ClustSml+ShapeGate+MinPeaks+P-Filter+EquipRej+SkinPrio+Omega+OmScale+OmSplit+OmRot+FarField+GradFarF+Kalman+StaticSup,horizontal best
cap_001898,2026-08-24T15:33:37.710,horizontal,20.76,23.26,2,0,0.0,TempBand+Watershed+Merge+ClustSml+ShapeGate+MinPeaks+P-Filter+EquipRej+SkinPrio+Omega+OmScale+OmSplit+OmRot+FarField+GradFarF+Kalman+StaticSup,horizontal best
cap_001899,2026-08-24T15:33:37.838,horizontal,20.76,23.26,2,0,0.0,TempBand+Watershed+Merge+ClustSml+ShapeGate+MinPeaks+P-Filter+EquipRej+SkinPrio+Omega+OmScale+OmSplit+OmRot+FarField+GradFarF+Kalman+StaticSup,horizontal best
cap_001900,2026-08-24T15:33:37.935,horizontal,20.76,23.26,2,0,0.0,TempBand+Watershed+Merge+ClustSml+ShapeGate+MinPeaks+P-Filter+EquipRej+SkinPrio+Omega+OmScale+OmSplit+OmRot+FarField+GradFarF+Kalman+StaticSup,horizontal best
cap_001901,2026-08-24T15:33:38.061,horizontal,20.76,23.26,2,0,0.0,TempBand+Watershed+Merge+ClustSml+ShapeGate+MinPeaks+P-Filter+EquipRej+SkinPrio+Omega+OmScale+OmSplit+OmRot+FarField+GradFarF+Kalman+StaticSup,horizontal best
cap_001902,2026-08-24T15:33:38.156,horizontal,20.79,23.29,2,0,0.0,TempBand+Watershed+Merge+ClustSml+ShapeGate+MinPeaks+P-Filter+EquipRej+SkinPrio+Omega+OmScale+OmSplit+OmRot+FarField+GradFarF+Kalman+StaticSup,horizontal best
cap_001903,2026-08-24T15:33:38.285,horizontal,20.79,23.29,2,0,0.0,TempBand+Watershed+Merge+ClustSml+ShapeGate+MinPeaks+P-Filter+EquipRej+SkinPrio+Omega+OmScale+OmSplit+OmRot+FarField+GradFarF+Kalman+StaticSup,horizontal best
cap_001904,2026-08-24T15:33:38.412,horizontal,20.81,23.31,2,0,0.0,TempBand+Watershed+Merge+ClustSml+ShapeGate+MinPeaks+P-Filter+EquipRej+SkinPrio+Omega+OmScale+OmSplit+OmRot+FarField+GradFarF+Kalman+StaticSup,horizontal best
cap_001905,2026-08-24T15:33:38.506,horizontal,20.79,23.29,2,0,0.0,TempBand+Watershed+Merge+ClustSml+ShapeGate+MinPeaks+P-Filter+EquipRej+SkinPrio+Omega+OmScale+OmSplit+OmRot+FarField+GradFarF+Kalman+StaticSup,horizontal best
cap_001906,2026-08-24T15:33:38.634,horizontal,20.79,23.29,2,0,0.0,TempBand+Watershed+Merge+ClustSml+ShapeGate+MinPeaks+P-Filter+EquipRej+SkinPrio+Omega+OmScale+OmSplit+OmRot+FarField+GradFarF+Kalman+StaticSup,horizontal best
cap_001907,2026-08-24T15:33:38.731,horizontal,20.79,23.29,2,0,0.0,TempBand+Watershed+Merge+ClustSml+ShapeGate+MinPeaks+P-Filter+EquipRej+SkinPrio+Omega+OmScale+OmSplit+OmRot+FarField+GradFarF+Kalman+StaticSup,horizontal best
cap_001908,2026-08-24T15:33:38.863,horizontal,20.76,23.26,1,0,0.0,TempBand+Watershed+Merge+ClustSml+ShapeGate+MinPeaks+P-Filter+EquipRej+SkinPrio+Omega+OmScale+OmSplit+OmRot+FarField+GradFarF+Kalman+StaticSup,horizontal best
cap_001909,2026-08-24T15:33:38.955,horizontal,20.76,23.26,1,0,0.0,TempBand+Watershed+Merge+ClustSml+ShapeGate+MinPeaks+P-Filter+EquipRej+SkinPrio+Omega+OmScale+OmSplit+OmRot+FarField+GradFarF+Kalman+StaticSup,horizontal best
cap_001910,2026-08-24T15:33:39.085,horizontal,20.76,23.26,1,0,0.0,TempBand+Watershed+Merge+ClustSml+ShapeGate+MinPeaks+P-Filter+EquipRej+SkinPrio+Omega+OmScale+OmSplit+OmRot+FarField+GradFarF+Kalman+StaticSup,horizontal best
cap_001911,2026-08-24T15:33:39.179,horizontal,20.76,23.26,1,0,0.0,TempBand+Watershed+Merge+ClustSml+ShapeGate+MinPeaks+P-Filter+EquipRej+SkinPrio+Omega+OmScale+OmSplit+OmRot+FarField+GradFarF+Kalman+StaticSup,horizontal best
cap_001912,2026-08-24T15:33:39.305,horizontal,20.79,23.29,1,0,0.0,TempBand+Watershed+Merge+ClustSml+ShapeGate+MinPeaks+P-Filter+EquipRej+SkinPrio+Omega+OmScale+OmSplit+OmRot+FarField+GradFarF+Kalman+StaticSup,horizontal best
cap_001913,2026-08-24T15:33:39.432,horizontal,20.79,23.29,1,0,0.0,TempBand+Watershed+Merge+ClustSml+ShapeGate+MinPeaks+P-Filter+EquipRej+SkinPrio+Omega+OmScale+OmSplit+OmRot+FarField+GradFarF+Kalman+StaticSup,horizontal best
cap_001914,2026-08-24T15:33:39.530,horizontal,20.79,23.29,2,0,0.0,TempBand+Watershed+Merge+ClustSml+ShapeGate+MinPeaks+P-Filter+EquipRej+SkinPrio+Omega+OmScale+OmSplit+OmRot+FarField+GradFarF+Kalman+StaticSup,horizontal best
cap_001915,2026-08-24T15:33:39.660,horizontal,20.76,23.26,2,0,0.0,TempBand+Watershed+Merge+ClustSml+ShapeGate+MinPeaks+P-Filter+EquipRej+SkinPrio+Omega+OmScale+OmSplit+OmRot+FarField+GradFarF+Kalman+StaticSup,horizontal best
cap_001916,2026-08-24T15:33:39.755,horizontal,20.74,23.24,2,0,0.0,TempBand+Watershed+Merge+ClustSml+ShapeGate+MinPeaks+P-Filter+EquipRej+SkinPrio+Omega+OmScale+OmSplit+OmRot+FarField+GradFarF+Kalman+StaticSup,horizontal best
cap_001917,2026-08-24T15:33:39.884,horizontal,20.74,23.24,2,0,0.0,TempBand+Watershed+Merge+ClustSml+ShapeGate+MinPeaks+P-Filter+EquipRej+SkinPrio+Omega+OmScale+OmSplit+OmRot+FarField+GradFarF+Kalman+StaticSup,horizontal best
cap_001918,2026-08-24T15:33:39.979,horizontal,20.74,23.24,2,0,0.0,TempBand+Watershed+Merge+ClustSml+ShapeGate+MinPeaks+P-Filter+EquipRej+SkinPrio+Omega+OmScale+OmSplit+OmRot+FarField+GradFarF+Kalman+StaticSup,horizontal best
cap_001919,2026-08-24T15:33:40.107,horizontal,20.74,23.24,2,0,0.0,TempBand+Watershed+Merge+ClustSml+ShapeGate+MinPeaks+P-Filter+EquipRej+SkinPrio+Omega+OmScale+OmSplit+OmRot+FarField+GradFarF+Kalman+StaticSup,horizontal best
cap_001920,2026-08-24T15:33:40.236,horizontal,20.76,23.26,2,0,0.0,TempBand+Watershed+Merge+ClustSml+ShapeGate+MinPeaks+P-Filter+EquipRej+SkinPrio+Omega+OmScale+OmSplit+OmRot+FarField+GradFarF+Kalman+StaticSup,horizontal best
cap_001921,2026-08-24T15:33:40.331,horizontal,20.74,23.24,2,0,0.0,TempBand+Watershed+Merge+ClustSml+ShapeGate+MinPeaks+P-Filter+EquipRej+SkinPrio+Omega+OmScale+OmSplit+OmRot+FarField+GradFarF+Kalman+StaticSup,horizontal best
cap_001922,2026-08-24T15:33:40.460,horizontal,20.74,23.24,2,0,0.0,TempBand+Watershed+Merge+ClustSml+ShapeGate+MinPeaks+P-Filter+EquipRej+SkinPrio+Omega+OmScale+OmSplit+OmRot+FarField+GradFarF+Kalman+StaticSup,horizontal best
cap_001923,2026-08-24T15:33:40.556,horizontal,20.74,23.24,2,0,0.0,TempBand+Watershed+Merge+ClustSml+ShapeGate+MinPeaks+P-Filter+EquipRej+SkinPrio+Omega+OmScale+OmSplit+OmRot+FarField+GradFarF+Kalman+StaticSup,horizontal best
cap_001924,2026-08-24T15:33:40.685,horizontal,20.74,23.24,2,0,0.0,TempBand+Watershed+Merge+ClustSml+ShapeGate+MinPeaks+P-Filter+EquipRej+SkinPrio+Omega+OmScale+OmSplit+OmRot+FarField+GradFarF+Kalman+StaticSup,horizontal best
cap_001925,2026-08-24T15:33:40.779,horizontal,20.72,23.22,2,0,0.0,TempBand+Watershed+Merge+ClustSml+ShapeGate+MinPeaks+P-Filter+EquipRej+SkinPrio+Omega+OmScale+OmSplit+OmRot+FarField+GradFarF+Kalman+StaticSup,horizontal best
cap_001926,2026-08-24T15:33:40.912,horizontal,20.74,23.24,2,0,0.0,TempBand+Watershed+Merge+ClustSml+ShapeGate+MinPeaks+P-Filter+EquipRej+SkinPrio+Omega+OmScale+OmSplit+OmRot+FarField+GradFarF+Kalman+StaticSup,horizontal best
cap_001927,2026-08-24T15:33:41.005,horizontal,20.74,23.24,2,0,0.0,TempBand+Watershed+Merge+ClustSml+ShapeGate+MinPeaks+P-Filter+EquipRej+SkinPrio+Omega+OmScale+OmSplit+OmRot+FarField+GradFarF+Kalman+StaticSup,horizontal best
cap_001928,2026-08-24T15:33:41.131,horizontal,20.72,23.22,3,0,0.0,TempBand+Watershed+Merge+ClustSml+ShapeGate+MinPeaks+P-Filter+EquipRej+SkinPrio+Omega+OmScale+OmSplit+OmRot+FarField+GradFarF+Kalman+StaticSup,horizontal best
cap_001929,2026-08-24T15:33:41.262,horizontal,20.69,23.19,3,0,0.0,TempBand+Watershed+Merge+ClustSml+ShapeGate+MinPeaks+P-Filter+EquipRej+SkinPrio+Omega+OmScale+OmSplit+OmRot+FarField+GradFarF+Kalman+StaticSup,horizontal best
cap_001930,2026-08-24T15:33:41.356,horizontal,20.69,23.19,3,0,0.0,TempBand+Watershed+Merge+ClustSml+ShapeGate+MinPeaks+P-Filter+EquipRej+SkinPrio+Omega+OmScale+OmSplit+OmRot+FarField+GradFarF+Kalman+StaticSup,horizontal best
cap_001931,2026-08-24T15:33:41.486,horizontal,20.69,23.19,3,0,0.0,TempBand+Watershed+Merge+ClustSml+ShapeGate+MinPeaks+P-Filter+EquipRej+SkinPrio+Omega+OmScale+OmSplit+OmRot+FarField+GradFarF+Kalman+StaticSup,horizontal best
cap_001932,2026-08-24T15:33:41.578,horizontal,20.69,23.19,3,0,0.0,TempBand+Watershed+Merge+ClustSml+ShapeGate+MinPeaks+P-Filter+EquipRej+SkinPrio+Omega+OmScale+OmSplit+OmRot+FarField+GradFarF+Kalman+StaticSup,horizontal best
cap_001933,2026-08-24T15:33:41.708,horizontal,20.72,23.22,3,0,0.0,TempBand+Watershed+Merge+ClustSml+ShapeGate+MinPeaks+P-Filter+EquipRej+SkinPrio+Omega+OmScale+OmSplit+OmRot+FarField+GradFarF+Kalman+StaticSup,horizontal best
cap_001934,2026-08-24T15:33:41.803,horizontal,20.72,23.22,3,0,0.0,TempBand+Watershed+Merge+ClustSml+ShapeGate+MinPeaks+P-Filter+EquipRej+SkinPrio+Omega+OmScale+OmSplit+OmRot+FarField+GradFarF+Kalman+StaticSup,horizontal best
cap_001935,2026-08-24T15:33:41.936,horizontal,20.76,23.26,3,0,0.0,TempBand+Watershed+Merge+ClustSml+ShapeGate+MinPeaks+P-Filter+EquipRej+SkinPrio+Omega+OmScale+OmSplit+OmRot+FarField+GradFarF+Kalman+StaticSup,horizontal best
cap_001936,2026-08-24T15:33:42.065,horizontal,20.74,23.24,3,0,0.0,TempBand+Watershed+Merge+ClustSml+ShapeGate+MinPeaks+P-Filter+EquipRej+SkinPrio+Omega+OmScale+OmSplit+OmRot+FarField+GradFarF+Kalman+StaticSup,horizontal best
cap_001937,2026-08-24T15:33:42.155,horizontal,20.74,23.24,3,0,0.0,TempBand+Watershed+Merge+ClustSml+ShapeGate+MinPeaks+P-Filter+EquipRej+SkinPrio+Omega+OmScale+OmSplit+OmRot+FarField+GradFarF+Kalman+StaticSup,horizontal best
cap_001938,2026-08-24T15:33:42.286,horizontal,20.74,23.24,3,0,0.0,TempBand+Watershed+Merge+ClustSml+ShapeGate+MinPeaks+P-Filter+EquipRej+SkinPrio+Omega+OmScale+OmSplit+OmRot+FarField+GradFarF+Kalman+StaticSup,horizontal best
cap_001939,2026-08-24T15:33:42.379,horizontal,20.72,23.22,3,0,0.0,TempBand+Watershed+Merge+ClustSml+ShapeGate+MinPeaks+P-Filter+EquipRej+SkinPrio+Omega+OmScale+OmSplit+OmRot+FarField+GradFarF+Kalman+StaticSup,horizontal best
cap_001940,2026-08-24T15:33:42.508,horizontal,20.67,23.17,3,0,0.0,TempBand+Watershed+Merge+ClustSml+ShapeGate+MinPeaks+P-Filter+EquipRej+SkinPrio+Omega+OmScale+OmSplit+OmRot+FarField+GradFarF+Kalman+StaticSup,horizontal best
cap_001941,2026-08-24T15:33:42.606,horizontal,20.67,23.17,3,0,0.0,TempBand+Watershed+Merge+ClustSml+ShapeGate+MinPeaks+P-Filter+EquipRej+SkinPrio+Omega+OmScale+OmSplit+OmRot+FarField+GradFarF+Kalman+StaticSup,horizontal best
cap_001942,2026-08-24T15:33:42.732,horizontal,20.67,23.17,3,0,0.0,TempBand+Watershed+Merge+ClustSml+ShapeGate+MinPeaks+P-Filter+EquipRej+SkinPrio+Omega+OmScale+OmSplit+OmRot+FarField+GradFarF+Kalman+StaticSup,horizontal best
cap_001943,2026-08-24T15:33:42.827,horizontal,20.67,23.17,3,0,0.0,TempBand+Watershed+Merge+ClustSml+ShapeGate+MinPeaks+P-Filter+EquipRej+SkinPrio+Omega+OmScale+OmSplit+OmRot+FarField+GradFarF+Kalman+StaticSup,horizontal best
cap_001944,2026-08-24T15:33:42.956,horizontal,20.67,23.17,3,0,0.0,TempBand+Watershed+Merge+ClustSml+ShapeGate+MinPeaks+P-Filter+EquipRej+SkinPrio+Omega+OmScale+OmSplit+OmRot+FarField+GradFarF+Kalman+StaticSup,horizontal best
cap_001945,2026-08-24T15:33:43.086,horizontal,20.64,23.14,3,0,0.0,TempBand+Watershed+Merge+ClustSml+ShapeGate+MinPeaks+P-Filter+EquipRej+SkinPrio+Omega+OmScale+OmSplit+OmRot+FarField+GradFarF+Kalman+StaticSup,horizontal best
cap_001946,2026-08-24T15:33:43.186,horizontal,20.64,23.14,3,0,0.0,TempBand+Watershed+Merge+ClustSml+ShapeGate+MinPeaks+P-Filter+EquipRej+SkinPrio+Omega+OmScale+OmSplit+OmRot+FarField+GradFarF+Kalman+StaticSup,horizontal best
cap_001947,2026-08-24T15:33:43.311,horizontal,20.69,23.19,3,0,0.0,TempBand+Watershed+Merge+ClustSml+ShapeGate+MinPeaks+P-Filter+EquipRej+SkinPrio+Omega+OmScale+OmSplit+OmRot+FarField+GradFarF+Kalman+StaticSup,horizontal best
cap_001948,2026-08-24T15:33:43.408,horizontal,20.67,23.17,3,0,0.0,TempBand+Watershed+Merge+ClustSml+ShapeGate+MinPeaks+P-Filter+EquipRej+SkinPrio+Omega+OmScale+OmSplit+OmRot+FarField+GradFarF+Kalman+StaticSup,horizontal best
cap_001949,2026-08-24T15:33:43.538,horizontal,20.67,23.17,3,0,0.0,TempBand+Watershed+Merge+ClustSml+ShapeGate+MinPeaks+P-Filter+EquipRej+SkinPrio+Omega+OmScale+OmSplit+OmRot+FarField+GradFarF+Kalman+StaticSup,horizontal best
cap_001950,2026-08-24T15:33:43.627,horizontal,20.67,23.17,3,0,0.0,TempBand+Watershed+Merge+ClustSml+ShapeGate+MinPeaks+P-Filter+EquipRej+SkinPrio+Omega+OmScale+OmSplit+OmRot+FarField+GradFarF+Kalman+StaticSup,horizontal best
cap_001951,2026-08-24T15:33:43.755,horizontal,20.67,23.17,3,0,0.0,TempBand+Watershed+Merge+ClustSml+ShapeGate+MinPeaks+P-Filter+EquipRej+SkinPrio+Omega+OmScale+OmSplit+OmRot+FarField+GradFarF+Kalman+StaticSup,horizontal best
cap_001952,2026-08-24T15:33:43.883,horizontal,20.67,23.17,3,0,0.0,TempBand+Watershed+Merge+ClustSml+ShapeGate+MinPeaks+P-Filter+EquipRej+SkinPrio+Omega+OmScale+OmSplit+OmRot+FarField+GradFarF+Kalman+StaticSup,horizontal best
cap_001953,2026-08-24T15:33:43.982,horizontal,20.67,23.17,3,0,0.0,TempBand+Watershed+Merge+ClustSml+ShapeGate+MinPeaks+P-Filter+EquipRej+SkinPrio+Omega+OmScale+OmSplit+OmRot+FarField+GradFarF+Kalman+StaticSup,horizontal best
cap_001954,2026-08-24T15:33:44.113,horizontal,20.72,23.22,3,0,0.0,TempBand+Watershed+Merge+ClustSml+ShapeGate+MinPeaks+P-Filter+EquipRej+SkinPrio+Omega+OmScale+OmSplit+OmRot+FarField+GradFarF+Kalman+StaticSup,horizontal best
cap_001955,2026-08-24T15:33:44.203,horizontal,20.72,23.22,3,0,0.0,TempBand+Watershed+Merge+ClustSml+ShapeGate+MinPeaks+P-Filter+EquipRej+SkinPrio+Omega+OmScale+OmSplit+OmRot+FarField+GradFarF+Kalman+StaticSup,horizontal best
cap_001956,2026-08-24T15:33:44.333,horizontal,20.72,23.22,3,0,0.0,TempBand+Watershed+Merge+ClustSml+ShapeGate+MinPeaks+P-Filter+EquipRej+SkinPrio+Omega+OmScale+OmSplit+OmRot+FarField+GradFarF+Kalman+StaticSup,horizontal best
cap_001957,2026-08-24T15:33:44.429,horizontal,20.74,23.24,3,0,0.0,TempBand+Watershed+Merge+ClustSml+ShapeGate+MinPeaks+P-Filter+EquipRej+SkinPrio+Omega+OmScale+OmSplit+OmRot+FarField+GradFarF+Kalman+StaticSup,horizontal best
cap_001958,2026-08-24T15:33:44.558,horizontal,20.74,23.24,3,0,0.0,TempBand+Watershed+Merge+ClustSml+ShapeGate+MinPeaks+P-Filter+EquipRej+SkinPrio+Omega+OmScale+OmSplit+OmRot+FarField+GradFarF+Kalman+StaticSup,horizontal best
cap_001959,2026-08-24T15:33:44.654,horizontal,20.74,23.24,3,0,0.0,TempBand+Watershed+Merge+ClustSml+ShapeGate+MinPeaks+P-Filter+EquipRej+SkinPrio+Omega+OmScale+OmSplit+OmRot+FarField+GradFarF+Kalman+StaticSup,horizontal best
cap_001960,2026-08-24T15:33:44.784,horizontal,20.74,23.24,3,0,0.0,TempBand+Watershed+Merge+ClustSml+ShapeGate+MinPeaks+P-Filter+EquipRej+SkinPrio+Omega+OmScale+OmSplit+OmRot+FarField+GradFarF+Kalman+StaticSup,horizontal best
cap_001961,2026-08-24T15:33:44.916,horizontal,20.74,23.24,3,0,0.0,TempBand+Watershed+Merge+ClustSml+ShapeGate+MinPeaks+P-Filter+EquipRej+SkinPrio+Omega+OmScale+OmSplit+OmRot+FarField+GradFarF+Kalman+StaticSup,horizontal best
cap_001962,2026-08-24T15:33:45.007,horizontal,20.74,23.24,4,0,0.0,TempBand+Watershed+Merge+ClustSml+ShapeGate+MinPeaks+P-Filter+EquipRej+SkinPrio+Omega+OmScale+OmSplit+OmRot+FarField+GradFarF+Kalman+StaticSup,horizontal best
cap_001963,2026-08-24T15:33:45.133,horizontal,20.74,23.24,4,0,0.0,TempBand+Watershed+Merge+ClustSml+ShapeGate+MinPeaks+P-Filter+EquipRej+SkinPrio+Omega+OmScale+OmSplit+OmRot+FarField+GradFarF+Kalman+StaticSup,horizontal best
cap_001964,2026-08-24T15:33:45.233,horizontal,20.74,23.24,2,1,0.38930005413174573,TempBand+Watershed+Merge+ClustSml+ShapeGate+MinPeaks+P-Filter+EquipRej+SkinPrio+Omega+OmScale+OmSplit+OmRot+FarField+GradFarF+Kalman+StaticSup,horizontal best
cap_001965,2026-08-24T15:33:45.356,horizontal,20.72,23.22,2,0,0.0,TempBand+Watershed+Merge+ClustSml+ShapeGate+MinPeaks+P-Filter+EquipRej+SkinPrio+Omega+OmScale+OmSplit+OmRot+FarField+GradFarF+Kalman+StaticSup,horizontal best
cap_001966,2026-08-24T15:33:45.457,horizontal,20.72,23.22,2,0,0.0,TempBand+Watershed+Merge+ClustSml+ShapeGate+MinPeaks+P-Filter+EquipRej+SkinPrio+Omega+OmScale+OmSplit+OmRot+FarField+GradFarF+Kalman+StaticSup,horizontal best
cap_001967,2026-08-24T15:33:45.592,horizontal,20.72,23.22,2,2,0.6357346015167906,TempBand+Watershed+Merge+ClustSml+ShapeGate+MinPeaks+P-Filter+EquipRej+SkinPrio+Omega+OmScale+OmSplit+OmRot+FarField+GradFarF+Kalman+StaticSup,horizontal best
cap_001968,2026-08-24T15:33:45.684,horizontal,20.72,23.22,2,2,0.7249072668814683,TempBand+Watershed+Merge+ClustSml+ShapeGate+MinPeaks+P-Filter+EquipRej+SkinPrio+Omega+OmScale+OmSplit+OmRot+FarField+GradFarF+Kalman+StaticSup,horizontal best
cap_001969,2026-08-24T15:33:45.808,horizontal,20.72,23.22,2,1,0.7018847006802402,TempBand+Watershed+Merge+ClustSml+ShapeGate+MinPeaks+P-Filter+EquipRej+SkinPrio+Omega+OmScale+OmSplit+OmRot+FarField+GradFarF+Kalman+StaticSup,horizontal best
cap_001970,2026-08-24T15:33:45.936,horizontal,20.69,23.19,2,1,0.710549913284024,TempBand+Watershed+Merge+ClustSml+ShapeGate+MinPeaks+P-Filter+EquipRej+SkinPrio+Omega+OmScale+OmSplit+OmRot+FarField+GradFarF+Kalman+StaticSup,horizontal best
cap_001971,2026-08-24T15:33:46.037,horizontal,20.69,23.19,2,2,0.7305771568762923,TempBand+Watershed+Merge+ClustSml+ShapeGate+MinPeaks+P-Filter+EquipRej+SkinPrio+Omega+OmScale+OmSplit+OmRot+FarField+GradFarF+Kalman+StaticSup,horizontal best
cap_001972,2026-08-24T15:33:46.159,horizontal,20.69,23.19,2,1,0.745354202929616,TempBand+Watershed+Merge+ClustSml+ShapeGate+MinPeaks+P-Filter+EquipRej+SkinPrio+Omega+OmScale+OmSplit+OmRot+FarField+GradFarF+Kalman+StaticSup,horizontal best
cap_001973,2026-08-24T15:33:46.256,horizontal,20.69,23.19,2,1,0.745354202929616,TempBand+Watershed+Merge+ClustSml+ShapeGate+MinPeaks+P-Filter+EquipRej+SkinPrio+Omega+OmScale+OmSplit+OmRot+FarField+GradFarF+Kalman+StaticSup,horizontal best
cap_001974,2026-08-24T15:33:46.385,horizontal,20.69,23.19,2,0,0.0,TempBand+Watershed+Merge+ClustSml+ShapeGate+MinPeaks+P-Filter+EquipRej+SkinPrio+Omega+OmScale+OmSplit+OmRot+FarField+GradFarF+Kalman+StaticSup,horizontal best
cap_001975,2026-08-24T15:33:46.482,horizontal,20.69,23.19,2,1,0.8160632705012936,TempBand+Watershed+Merge+ClustSml+ShapeGate+MinPeaks+P-Filter+EquipRej+SkinPrio+Omega+OmScale+OmSplit+OmRot+FarField+GradFarF+Kalman+StaticSup,horizontal best
cap_001976,2026-08-24T15:33:46.610,horizontal,20.69,23.19,2,1,0.5680755739486724,TempBand+Watershed+Merge+ClustSml+ShapeGate+MinPeaks+P-Filter+EquipRej+SkinPrio+Omega+OmScale+OmSplit+OmRot+FarField+GradFarF+Kalman+StaticSup,horizontal best
cap_001977,2026-08-24T15:33:46.736,horizontal,20.69,23.19,2,1,0.49729217856034597,TempBand+Watershed+Merge+ClustSml+ShapeGate+MinPeaks+P-Filter+EquipRej+SkinPrio+Omega+OmScale+OmSplit+OmRot+FarField+GradFarF+Kalman+StaticSup,horizontal best
cap_001978,2026-08-24T15:33:46.855,horizontal,20.69,23.19,2,1,0.5483850415991096,TempBand+Watershed+Merge+ClustSml+ShapeGate+MinPeaks+P-Filter+EquipRej+SkinPrio+Omega+OmScale+OmSplit+OmRot+FarField+GradFarF+Kalman+StaticSup,horizontal best
cap_001979,2026-08-24T15:33:46.987,horizontal,20.67,23.17,2,2,0.7726556497299482,TempBand+Watershed+Merge+ClustSml+ShapeGate+MinPeaks+P-Filter+EquipRej+SkinPrio+Omega+OmScale+OmSplit+OmRot+FarField+GradFarF+Kalman+StaticSup,horizontal best
cap_001980,2026-08-24T15:33:47.057,horizontal,20.67,23.17,2,1,0.5141109764991654,TempBand+Watershed+Merge+ClustSml+ShapeGate+MinPeaks+P-Filter+EquipRej+SkinPrio+Omega+OmScale+OmSplit+OmRot+FarField+GradFarF+Kalman+StaticSup,horizontal best
cap_001981,2026-08-24T15:33:47.185,horizontal,20.67,23.17,4,1,0.5980652231143674,TempBand+Watershed+Merge+ClustSml+ShapeGate+MinPeaks+P-Filter+EquipRej+SkinPrio+Omega+OmScale+OmSplit+OmRot+FarField+GradFarF+Kalman+StaticSup,horizontal best
cap_001982,2026-08-24T15:33:47.282,horizontal,20.67,23.17,4,2,0.5269342274199809,TempBand+Watershed+Merge+ClustSml+ShapeGate+MinPeaks+P-Filter+EquipRej+SkinPrio+Omega+OmScale+OmSplit+OmRot+FarField+GradFarF+Kalman+StaticSup,horizontal best
cap_001983,2026-08-24T15:33:47.424,horizontal,20.64,23.14,4,1,1.8343175225238643e-05,TempBand+Watershed+Merge+ClustSml+ShapeGate+MinPeaks+P-Filter+EquipRej+SkinPrio+Omega+OmScale+OmSplit+OmRot+FarField+GradFarF+Kalman+StaticSup,horizontal best
cap_001984,2026-08-24T15:33:47.502,horizontal,20.64,23.14,4,0,0.0,TempBand+Watershed+Merge+ClustSml+ShapeGate+MinPeaks+P-Filter+EquipRej+SkinPrio+Omega+OmScale+OmSplit+OmRot+FarField+GradFarF+Kalman+StaticSup,horizontal best
cap_001985,2026-08-24T15:33:47.633,horizontal,20.62,23.12,4,0,0.0,TempBand+Watershed+Merge+ClustSml+ShapeGate+MinPeaks+P-Filter+EquipRej+SkinPrio+Omega+OmScale+OmSplit+OmRot+FarField+GradFarF+Kalman+StaticSup,horizontal best
cap_001986,2026-08-24T15:33:47.759,horizontal,20.62,23.12,4,0,0.0,TempBand+Watershed+Merge+ClustSml+ShapeGate+MinPeaks+P-Filter+EquipRej+SkinPrio+Omega+OmScale+OmSplit+OmRot+FarField+GradFarF+Kalman+StaticSup,horizontal best
cap_001987,2026-08-24T15:33:47.860,horizontal,20.62,23.12,4,0,0.0,TempBand+Watershed+Merge+ClustSml+ShapeGate+MinPeaks+P-Filter+EquipRej+SkinPrio+Omega+OmScale+OmSplit+OmRot+FarField+GradFarF+Kalman+StaticSup,horizontal best
cap_001988,2026-08-24T15:33:47.982,horizontal,20.62,23.12,4,0,0.0,TempBand+Watershed+Merge+ClustSml+ShapeGate+MinPeaks+P-Filter+EquipRej+SkinPrio+Omega+OmScale+OmSplit+OmRot+FarField+GradFarF+Kalman+StaticSup,horizontal best
cap_001989,2026-08-24T15:33:48.081,horizontal,20.62,23.12,4,0,0.0,TempBand+Watershed+Merge+ClustSml+ShapeGate+MinPeaks+P-Filter+EquipRej+SkinPrio+Omega+OmScale+OmSplit+OmRot+FarField+GradFarF+Kalman+StaticSup,horizontal best
cap_001990,2026-08-24T15:33:48.207,horizontal,20.62,23.12,4,0,0.0,TempBand+Watershed+Merge+ClustSml+ShapeGate+MinPeaks+P-Filter+EquipRej+SkinPrio+Omega+OmScale+OmSplit+OmRot+FarField+GradFarF+Kalman+StaticSup,horizontal best
cap_001991,2026-08-24T15:33:48.301,horizontal,20.62,23.12,2,0,0.0,TempBand+Watershed+Merge+ClustSml+ShapeGate+MinPeaks+P-Filter+EquipRej+SkinPrio+Omega+OmScale+OmSplit+OmRot+FarField+GradFarF+Kalman+StaticSup,horizontal best
cap_001992,2026-08-24T15:33:48.427,horizontal,20.62,23.12,2,0,0.0,TempBand+Watershed+Merge+ClustSml+ShapeGate+MinPeaks+P-Filter+EquipRej+SkinPrio+Omega+OmScale+OmSplit+OmRot+FarField+GradFarF+Kalman+StaticSup,horizontal best
cap_001993,2026-08-24T15:33:48.561,horizontal,20.62,23.12,4,0,0.0,TempBand+Watershed+Merge+ClustSml+ShapeGate+MinPeaks+P-Filter+EquipRej+SkinPrio+Omega+OmScale+OmSplit+OmRot+FarField+GradFarF+Kalman+StaticSup,horizontal best
cap_001994,2026-08-24T15:33:48.660,horizontal,20.62,23.12,2,0,0.0,TempBand+Watershed+Merge+ClustSml+ShapeGate+MinPeaks+P-Filter+EquipRej+SkinPrio+Omega+OmScale+OmSplit+OmRot+FarField+GradFarF+Kalman+StaticSup,horizontal best
cap_001995,2026-08-24T15:33:48.785,horizontal,20.62,23.12,1,0,0.0,TempBand+Watershed+Merge+ClustSml+ShapeGate+MinPeaks+P-Filter+EquipRej+SkinPrio+Omega+OmScale+OmSplit+OmRot+FarField+GradFarF+Kalman+StaticSup,horizontal best
cap_001996,2026-08-24T15:33:48.880,horizontal,20.62,23.12,1,0,0.0,TempBand+Watershed+Merge+ClustSml+ShapeGate+MinPeaks+P-Filter+EquipRej+SkinPrio+Omega+OmScale+OmSplit+OmRot+FarField+GradFarF+Kalman+StaticSup,horizontal best
cap_001997,2026-08-24T15:33:49.008,horizontal,20.60,23.10,1,1,0.9995118379398894,TempBand+Watershed+Merge+ClustSml+ShapeGate+MinPeaks+P-Filter+EquipRej+SkinPrio+Omega+OmScale+OmSplit+OmRot+FarField+GradFarF+Kalman+StaticSup,horizontal best
cap_001998,2026-08-24T15:33:49.103,horizontal,20.60,23.10,3,0,0.0,TempBand+Watershed+Merge+ClustSml+ShapeGate+MinPeaks+P-Filter+EquipRej+SkinPrio+Omega+OmScale+OmSplit+OmRot+FarField+GradFarF+Kalman+StaticSup,horizontal best
cap_001999,2026-08-24T15:33:49.231,horizontal,20.57,23.07,3,0,0.0,TempBand+Watershed+Merge+ClustSml+ShapeGate+MinPeaks+P-Filter+EquipRej+SkinPrio+Omega+OmScale+OmSplit+OmRot+FarField+GradFarF+Kalman+StaticSup,horizontal best
cap_002000,2026-08-24T15:33:49.328,horizontal,20.57,23.07,1,0,0.0,TempBand+Watershed+Merge+ClustSml+ShapeGate+MinPeaks+P-Filter+EquipRej+SkinPrio+Omega+OmScale+OmSplit+OmRot+FarField+GradFarF+Kalman+StaticSup,horizontal best
cap_002001,2026-08-24T15:33:49.455,horizontal,20.55,23.05,1,1,0.9524720649564473,TempBand+Watershed+Merge+ClustSml+ShapeGate+MinPeaks+P-Filter+EquipRej+SkinPrio+Omega+OmScale+OmSplit+OmRot+FarField+GradFarF+Kalman+StaticSup,horizontal best
cap_002002,2026-08-24T15:33:49.594,horizontal,20.55,23.05,1,1,0.9556669239626927,TempBand+Watershed+Merge+ClustSml+ShapeGate+MinPeaks+P-Filter+EquipRej+SkinPrio+Omega+OmScale+OmSplit+OmRot+FarField+GradFarF+Kalman+StaticSup,horizontal best
cap_002003,2026-08-24T15:33:49.692,horizontal,20.55,23.05,1,1,0.9517768279357086,TempBand+Watershed+Merge+ClustSml+ShapeGate+MinPeaks+P-Filter+EquipRej+SkinPrio+Omega+OmScale+OmSplit+OmRot+FarField+GradFarF+Kalman+StaticSup,horizontal best
cap_002004,2026-08-24T15:33:49.805,horizontal,20.55,23.05,1,1,0.9973848313442476,TempBand+Watershed+Merge+ClustSml+ShapeGate+MinPeaks+P-Filter+EquipRej+SkinPrio+Omega+OmScale+OmSplit+OmRot+FarField+GradFarF+Kalman+StaticSup,horizontal best
cap_002005,2026-08-24T15:33:49.901,horizontal,20.55,23.05,2,1,0.8889968528666714,TempBand+Watershed+Merge+ClustSml+ShapeGate+MinPeaks+P-Filter+EquipRej+SkinPrio+Omega+OmScale+OmSplit+OmRot+FarField+GradFarF+Kalman+StaticSup,horizontal best
cap_002006,2026-08-24T15:33:50.031,horizontal,20.55,23.05,1,0,0.0,TempBand+Watershed+Merge+ClustSml+ShapeGate+MinPeaks+P-Filter+EquipRej+SkinPrio+Omega+OmScale+OmSplit+OmRot+FarField+GradFarF+Kalman+StaticSup,horizontal best
cap_002007,2026-08-24T15:33:50.130,horizontal,20.52,23.02,2,1,0.9659533457768847,TempBand+Watershed+Merge+ClustSml+ShapeGate+MinPeaks+P-Filter+EquipRej+SkinPrio+Omega+OmScale+OmSplit+OmRot+FarField+GradFarF+Kalman+StaticSup,horizontal best
cap_002008,2026-08-24T15:33:50.256,horizontal,20.52,23.02,1,1,0.31748042126010245,TempBand+Watershed+Merge+ClustSml+ShapeGate+MinPeaks+P-Filter+EquipRej+SkinPrio+Omega+OmScale+OmSplit+OmRot+FarField+GradFarF+Kalman+StaticSup,horizontal best
cap_002009,2026-08-24T15:33:50.351,horizontal,20.55,23.05,1,0,0.0,TempBand+Watershed+Merge+ClustSml+ShapeGate+MinPeaks+P-Filter+EquipRej+SkinPrio+Omega+OmScale+OmSplit+OmRot+FarField+GradFarF+Kalman+StaticSup,horizontal best
cap_002010,2026-08-24T15:33:50.481,horizontal,20.55,23.05,2,1,0.9849825504663556,TempBand+Watershed+Merge+ClustSml+ShapeGate+MinPeaks+P-Filter+EquipRej+SkinPrio+Omega+OmScale+OmSplit+OmRot+FarField+GradFarF+Kalman+StaticSup,horizontal best
cap_002011,2026-08-24T15:33:50.604,horizontal,20.52,23.02,0,0,0.0,TempBand+Watershed+Merge+ClustSml+ShapeGate+MinPeaks+P-Filter+EquipRej+SkinPrio+Omega+OmScale+OmSplit+OmRot+FarField+GradFarF+Kalman+StaticSup,horizontal best
cap_002012,2026-08-24T15:33:50.703,horizontal,20.52,23.02,4,1,0.9442626504375631,TempBand+Watershed+Merge+ClustSml+ShapeGate+MinPeaks+P-Filter+EquipRej+SkinPrio+Omega+OmScale+OmSplit+OmRot+FarField+GradFarF+Kalman+StaticSup,horizontal best
cap_002013,2026-08-24T15:33:50.831,horizontal,20.52,23.02,3,1,0.7962378375938495,TempBand+Watershed+Merge+ClustSml+ShapeGate+MinPeaks+P-Filter+EquipRej+SkinPrio+Omega+OmScale+OmSplit+OmRot+FarField+GradFarF+Kalman+StaticSup,horizontal best
cap_002014,2026-08-24T15:33:50.928,horizontal,20.55,23.05,3,1,0.7808137799901179,TempBand+Watershed+Merge+ClustSml+ShapeGate+MinPeaks+P-Filter+EquipRej+SkinPrio+Omega+OmScale+OmSplit+OmRot+FarField+GradFarF+Kalman+StaticSup,horizontal best
cap_002015,2026-08-24T15:33:51.054,horizontal,20.55,23.05,3,1,0.9905071963838424,TempBand+Watershed+Merge+ClustSml+ShapeGate+MinPeaks+P-Filter+EquipRej+SkinPrio+Omega+OmScale+OmSplit+OmRot+FarField+GradFarF+Kalman+StaticSup,horizontal best
cap_002016,2026-08-24T15:33:51.153,horizontal,20.52,23.02,3,1,0.7950796516529233,TempBand+Watershed+Merge+ClustSml+ShapeGate+MinPeaks+P-Filter+EquipRej+SkinPrio+Omega+OmScale+OmSplit+OmRot+FarField+GradFarF+Kalman+StaticSup,horizontal best
cap_002017,2026-08-24T15:33:51.280,horizontal,20.55,23.05,3,1,0.9218498789579855,TempBand+Watershed+Merge+ClustSml+ShapeGate+MinPeaks+P-Filter+EquipRej+SkinPrio+Omega+OmScale+OmSplit+OmRot+FarField+GradFarF+Kalman+StaticSup,horizontal best
cap_002018,2026-08-24T15:33:51.408,horizontal,20.52,23.02,3,1,0.6937936177359094,TempBand+Watershed+Merge+ClustSml+ShapeGate+MinPeaks+P-Filter+EquipRej+SkinPrio+Omega+OmScale+OmSplit+OmRot+FarField+GradFarF+Kalman+StaticSup,horizontal best
cap_002019,2026-08-24T15:33:51.505,horizontal,20.52,23.02,3,1,0.9283435273099224,TempBand+Watershed+Merge+ClustSml+ShapeGate+MinPeaks+P-Filter+EquipRej+SkinPrio+Omega+OmScale+OmSplit+OmRot+FarField+GradFarF+Kalman+StaticSup,horizontal best
cap_002020,2026-08-24T15:33:51.632,horizontal,20.52,23.02,3,1,0.8829021235135689,TempBand+Watershed+Merge+ClustSml+ShapeGate+MinPeaks+P-Filter+EquipRej+SkinPrio+Omega+OmScale+OmSplit+OmRot+FarField+GradFarF+Kalman+StaticSup,horizontal best
cap_002021,2026-08-24T15:33:51.727,horizontal,20.52,23.02,3,1,0.984280194754162,TempBand+Watershed+Merge+ClustSml+ShapeGate+MinPeaks+P-Filter+EquipRej+SkinPrio+Omega+OmScale+OmSplit+OmRot+FarField+GradFarF+Kalman+StaticSup,horizontal best
cap_002022,2026-08-24T15:33:51.856,horizontal,20.48,22.98,3,1,0.8901612360391894,TempBand+Watershed+Merge+ClustSml+ShapeGate+MinPeaks+P-Filter+EquipRej+SkinPrio+Omega+OmScale+OmSplit+OmRot+FarField+GradFarF+Kalman+StaticSup,horizontal best
cap_002023,2026-08-24T15:33:51.954,horizontal,20.48,22.98,3,1,0.9795923555162429,TempBand+Watershed+Merge+ClustSml+ShapeGate+MinPeaks+P-Filter+EquipRej+SkinPrio+Omega+OmScale+OmSplit+OmRot+FarField+GradFarF+Kalman+StaticSup,horizontal best
cap_002024,2026-08-24T15:33:52.080,horizontal,20.48,22.98,3,1,0.41115768201097314,TempBand+Watershed+Merge+ClustSml+ShapeGate+MinPeaks+P-Filter+EquipRej+SkinPrio+Omega+OmScale+OmSplit+OmRot+FarField+GradFarF+Kalman+StaticSup,horizontal best
cap_002025,2026-08-24T15:33:52.178,horizontal,20.50,23.00,3,0,0.0,TempBand+Watershed+Merge+ClustSml+ShapeGate+MinPeaks+P-Filter+EquipRej+SkinPrio+Omega+OmScale+OmSplit+OmRot+FarField+GradFarF+Kalman+StaticSup,horizontal best
cap_002026,2026-08-24T15:33:52.303,horizontal,20.50,23.00,3,1,0.6487824177857434,TempBand+Watershed+Merge+ClustSml+ShapeGate+MinPeaks+P-Filter+EquipRej+SkinPrio+Omega+OmScale+OmSplit+OmRot+FarField+GradFarF+Kalman+StaticSup,horizontal best
cap_002027,2026-08-24T15:33:52.432,horizontal,20.50,23.00,2,1,0.719909153681485,TempBand+Watershed+Merge+ClustSml+ShapeGate+MinPeaks+P-Filter+EquipRej+SkinPrio+Omega+OmScale+OmSplit+OmRot+FarField+GradFarF+Kalman+StaticSup,horizontal best
cap_002028,2026-08-24T15:33:52.532,horizontal,20.50,23.00,2,0,0.0,TempBand+Watershed+Merge+ClustSml+ShapeGate+MinPeaks+P-Filter+EquipRej+SkinPrio+Omega+OmScale+OmSplit+OmRot+FarField+GradFarF+Kalman+StaticSup,horizontal best
cap_002029,2026-08-24T15:33:52.655,horizontal,20.48,22.98,2,1,0.3295470480518327,TempBand+Watershed+Merge+ClustSml+ShapeGate+MinPeaks+P-Filter+EquipRej+SkinPrio+Omega+OmScale+OmSplit+OmRot+FarField+GradFarF+Kalman+StaticSup,horizontal best
cap_002030,2026-08-24T15:33:52.752,horizontal,20.48,22.98,2,0,0.0,TempBand+Watershed+Merge+ClustSml+ShapeGate+MinPeaks+P-Filter+EquipRej+SkinPrio+Omega+OmScale+OmSplit+OmRot+FarField+GradFarF+Kalman+StaticSup,horizontal best
cap_002031,2026-08-24T15:33:52.879,horizontal,20.48,22.98,2,0,0.0,TempBand+Watershed+Merge+ClustSml+ShapeGate+MinPeaks+P-Filter+EquipRej+SkinPrio+Omega+OmScale+OmSplit+OmRot+FarField+GradFarF+Kalman+StaticSup,horizontal best
cap_002032,2026-08-24T15:33:52.977,horizontal,20.45,22.95,2,0,0.0,TempBand+Watershed+Merge+ClustSml+ShapeGate+MinPeaks+P-Filter+EquipRej+SkinPrio+Omega+OmScale+OmSplit+OmRot+FarField+GradFarF+Kalman+StaticSup,horizontal best
cap_002033,2026-08-24T15:33:53.102,horizontal,20.45,22.95,1,0,0.0,TempBand+Watershed+Merge+ClustSml+ShapeGate+MinPeaks+P-Filter+EquipRej+SkinPrio+Omega+OmScale+OmSplit+OmRot+FarField+GradFarF+Kalman+StaticSup,horizontal best
cap_002034,2026-08-24T15:33:53.230,horizontal,20.43,22.93,0,0,0.0,TempBand+Watershed+Merge+ClustSml+ShapeGate+MinPeaks+P-Filter+EquipRej+SkinPrio+Omega+OmScale+OmSplit+OmRot+FarField+GradFarF+Kalman+StaticSup,horizontal best
cap_002035,2026-08-24T15:33:53.322,horizontal,20.43,22.93,0,0,0.0,TempBand+Watershed+Merge+ClustSml+ShapeGate+MinPeaks+P-Filter+EquipRej+SkinPrio+Omega+OmScale+OmSplit+OmRot+FarField+GradFarF+Kalman+StaticSup,horizontal best
cap_002036,2026-08-24T15:33:53.458,horizontal,20.40,22.90,1,0,0.0,TempBand+Watershed+Merge+ClustSml+ShapeGate+MinPeaks+P-Filter+EquipRej+SkinPrio+Omega+OmScale+OmSplit+OmRot+FarField+GradFarF+Kalman+StaticSup,horizontal best
cap_002037,2026-08-24T15:33:53.562,horizontal,20.40,22.90,1,0,0.0,TempBand+Watershed+Merge+ClustSml+ShapeGate+MinPeaks+P-Filter+EquipRej+SkinPrio+Omega+OmScale+OmSplit+OmRot+FarField+GradFarF+Kalman+StaticSup,horizontal best
cap_002038,2026-08-24T15:33:53.673,horizontal,20.40,22.90,2,0,0.0,TempBand+Watershed+Merge+ClustSml+ShapeGate+MinPeaks+P-Filter+EquipRej+SkinPrio+Omega+OmScale+OmSplit+OmRot+FarField+GradFarF+Kalman+StaticSup,horizontal best
cap_002039,2026-08-24T15:33:53.769,horizontal,20.40,22.90,2,0,0.0,TempBand+Watershed+Merge+ClustSml+ShapeGate+MinPeaks+P-Filter+EquipRej+SkinPrio+Omega+OmScale+OmSplit+OmRot+FarField+GradFarF+Kalman+StaticSup,horizontal best
cap_002040,2026-08-24T15:33:53.898,horizontal,20.40,22.90,2,0,0.0,TempBand+Watershed+Merge+ClustSml+ShapeGate+MinPeaks+P-Filter+EquipRej+SkinPrio+Omega+OmScale+OmSplit+OmRot+FarField+GradFarF+Kalman+StaticSup,horizontal best
cap_002041,2026-08-24T15:33:53.993,horizontal,20.40,22.90,2,0,0.0,TempBand+Watershed+Merge+ClustSml+ShapeGate+MinPeaks+P-Filter+EquipRej+SkinPrio+Omega+OmScale+OmSplit+OmRot+FarField+GradFarF+Kalman+StaticSup,horizontal best
cap_002042,2026-08-24T15:33:54.120,horizontal,20.38,22.88,2,0,0.0,TempBand+Watershed+Merge+ClustSml+ShapeGate+MinPeaks+P-Filter+EquipRej+SkinPrio+Omega+OmScale+OmSplit+OmRot+FarField+GradFarF+Kalman+StaticSup,horizontal best
cap_002043,2026-08-24T15:33:54.249,horizontal,20.38,22.88,2,0,0.0,TempBand+Watershed+Merge+ClustSml+ShapeGate+MinPeaks+P-Filter+EquipRej+SkinPrio+Omega+OmScale+OmSplit+OmRot+FarField+GradFarF+Kalman+StaticSup,horizontal best
cap_002044,2026-08-24T15:33:54.348,horizontal,20.38,22.88,2,0,0.0,TempBand+Watershed+Merge+ClustSml+ShapeGate+MinPeaks+P-Filter+EquipRej+SkinPrio+Omega+OmScale+OmSplit+OmRot+FarField+GradFarF+Kalman+StaticSup,horizontal best
cap_002045,2026-08-24T15:33:54.480,horizontal,20.38,22.88,2,0,0.0,TempBand+Watershed+Merge+ClustSml+ShapeGate+MinPeaks+P-Filter+EquipRej+SkinPrio+Omega+OmScale+OmSplit+OmRot+FarField+GradFarF+Kalman+StaticSup,horizontal best
cap_002046,2026-08-24T15:33:54.573,horizontal,20.38,22.88,2,0,0.0,TempBand+Watershed+Merge+ClustSml+ShapeGate+MinPeaks+P-Filter+EquipRej+SkinPrio+Omega+OmScale+OmSplit+OmRot+FarField+GradFarF+Kalman+StaticSup,horizontal best
cap_002047,2026-08-24T15:33:54.701,horizontal,20.38,22.88,2,0,0.0,TempBand+Watershed+Merge+ClustSml+ShapeGate+MinPeaks+P-Filter+EquipRej+SkinPrio+Omega+OmScale+OmSplit+OmRot+FarField+GradFarF+Kalman+StaticSup,horizontal best
cap_002048,2026-08-24T15:33:54.794,horizontal,20.38,22.88,2,0,0.0,TempBand+Watershed+Merge+ClustSml+ShapeGate+MinPeaks+P-Filter+EquipRej+SkinPrio+Omega+OmScale+OmSplit+OmRot+FarField+GradFarF+Kalman+StaticSup,horizontal best
cap_002049,2026-08-24T15:33:54.922,horizontal,20.36,22.86,2,0,0.0,TempBand+Watershed+Merge+ClustSml+ShapeGate+MinPeaks+P-Filter+EquipRej+SkinPrio+Omega+OmScale+OmSplit+OmRot+FarField+GradFarF+Kalman+StaticSup,horizontal best
cap_002050,2026-08-24T15:33:55.052,horizontal,20.33,22.83,2,0,0.0,TempBand+Watershed+Merge+ClustSml+ShapeGate+MinPeaks+P-Filter+EquipRej+SkinPrio+Omega+OmScale+OmSplit+OmRot+FarField+GradFarF+Kalman+StaticSup,horizontal best
cap_002051,2026-08-24T15:33:55.150,horizontal,20.31,22.81,2,0,0.0,TempBand+Watershed+Merge+ClustSml+ShapeGate+MinPeaks+P-Filter+EquipRej+SkinPrio+Omega+OmScale+OmSplit+OmRot+FarField+GradFarF+Kalman+StaticSup,horizontal best
cap_002052,2026-08-24T15:33:55.278,horizontal,20.31,22.81,2,0,0.0,TempBand+Watershed+Merge+ClustSml+ShapeGate+MinPeaks+P-Filter+EquipRej+SkinPrio+Omega+OmScale+OmSplit+OmRot+FarField+GradFarF+Kalman+StaticSup,horizontal best
cap_002053,2026-08-24T15:33:55.375,horizontal,20.31,22.81,2,0,0.0,TempBand+Watershed+Merge+ClustSml+ShapeGate+MinPeaks+P-Filter+EquipRej+SkinPrio+Omega+OmScale+OmSplit+OmRot+FarField+GradFarF+Kalman+StaticSup,horizontal best
cap_002054,2026-08-24T15:33:55.499,horizontal,20.31,22.81,1,0,0.0,TempBand+Watershed+Merge+ClustSml+ShapeGate+MinPeaks+P-Filter+EquipRej+SkinPrio+Omega+OmScale+OmSplit+OmRot+FarField+GradFarF+Kalman+StaticSup,horizontal best
cap_002055,2026-08-24T15:33:55.595,horizontal,20.28,22.78,1,0,0.0,TempBand+Watershed+Merge+ClustSml+ShapeGate+MinPeaks+P-Filter+EquipRej+SkinPrio+Omega+OmScale+OmSplit+OmRot+FarField+GradFarF+Kalman+StaticSup,horizontal best
cap_002056,2026-08-24T15:33:55.723,horizontal,20.31,22.81,1,0,0.0,TempBand+Watershed+Merge+ClustSml+ShapeGate+MinPeaks+P-Filter+EquipRej+SkinPrio+Omega+OmScale+OmSplit+OmRot+FarField+GradFarF+Kalman+StaticSup,horizontal best
cap_002057,2026-08-24T15:33:55.818,horizontal,20.31,22.81,1,0,0.0,TempBand+Watershed+Merge+ClustSml+ShapeGate+MinPeaks+P-Filter+EquipRej+SkinPrio+Omega+OmScale+OmSplit+OmRot+FarField+GradFarF+Kalman+StaticSup,horizontal best
cap_002058,2026-08-24T15:33:55.950,horizontal,20.31,22.81,1,0,0.0,TempBand+Watershed+Merge+ClustSml+ShapeGate+MinPeaks+P-Filter+EquipRej+SkinPrio+Omega+OmScale+OmSplit+OmRot+FarField+GradFarF+Kalman+StaticSup,horizontal best
cap_002059,2026-08-24T15:33:56.076,horizontal,20.31,22.81,1,0,0.0,TempBand+Watershed+Merge+ClustSml+ShapeGate+MinPeaks+P-Filter+EquipRej+SkinPrio+Omega+OmScale+OmSplit+OmRot+FarField+GradFarF+Kalman+StaticSup,horizontal best
cap_002060,2026-08-24T15:33:56.172,horizontal,20.31,22.81,1,0,0.0,TempBand+Watershed+Merge+ClustSml+ShapeGate+MinPeaks+P-Filter+EquipRej+SkinPrio+Omega+OmScale+OmSplit+OmRot+FarField+GradFarF+Kalman+StaticSup,horizontal best
cap_002061,2026-08-24T15:33:56.298,horizontal,20.31,22.81,1,0,0.0,TempBand+Watershed+Merge+ClustSml+ShapeGate+MinPeaks+P-Filter+EquipRej+SkinPrio+Omega+OmScale+OmSplit+OmRot+FarField+GradFarF+Kalman+StaticSup,horizontal best
cap_002062,2026-08-24T15:33:56.393,horizontal,20.33,22.83,0,0,0.0,TempBand+Watershed+Merge+ClustSml+ShapeGate+MinPeaks+P-Filter+EquipRej+SkinPrio+Omega+OmScale+OmSplit+OmRot+FarField+GradFarF+Kalman+StaticSup,horizontal best
cap_002063,2026-08-24T15:33:56.524,horizontal,20.33,22.83,0,0,0.0,TempBand+Watershed+Merge+ClustSml+ShapeGate+MinPeaks+P-Filter+EquipRej+SkinPrio+Omega+OmScale+OmSplit+OmRot+FarField+GradFarF+Kalman+StaticSup,horizontal best
cap_002064,2026-08-24T15:33:56.619,horizontal,20.33,22.83,0,0,0.0,TempBand+Watershed+Merge+ClustSml+ShapeGate+MinPeaks+P-Filter+EquipRej+SkinPrio+Omega+OmScale+OmSplit+OmRot+FarField+GradFarF+Kalman+StaticSup,horizontal best
cap_002065,2026-08-24T15:33:56.749,horizontal,20.33,22.83,1,0,0.0,TempBand+Watershed+Merge+ClustSml+ShapeGate+MinPeaks+P-Filter+EquipRej+SkinPrio+Omega+OmScale+OmSplit+OmRot+FarField+GradFarF+Kalman+StaticSup,horizontal best
cap_002066,2026-08-24T15:33:56.842,horizontal,20.31,22.81,1,0,0.0,TempBand+Watershed+Merge+ClustSml+ShapeGate+MinPeaks+P-Filter+EquipRej+SkinPrio+Omega+OmScale+OmSplit+OmRot+FarField+GradFarF+Kalman+StaticSup,horizontal best
cap_002067,2026-08-24T15:33:56.969,horizontal,20.31,22.81,1,0,0.0,TempBand+Watershed+Merge+ClustSml+ShapeGate+MinPeaks+P-Filter+EquipRej+SkinPrio+Omega+OmScale+OmSplit+OmRot+FarField+GradFarF+Kalman+StaticSup,horizontal best
cap_002068,2026-08-24T15:33:57.103,horizontal,20.31,22.81,1,0,0.0,TempBand+Watershed+Merge+ClustSml+ShapeGate+MinPeaks+P-Filter+EquipRej+SkinPrio+Omega+OmScale+OmSplit+OmRot+FarField+GradFarF+Kalman+StaticSup,horizontal best
cap_002069,2026-08-24T15:33:57.193,horizontal,20.31,22.81,1,0,0.0,TempBand+Watershed+Merge+ClustSml+ShapeGate+MinPeaks+P-Filter+EquipRej+SkinPrio+Omega+OmScale+OmSplit+OmRot+FarField+GradFarF+Kalman+StaticSup,horizontal best
cap_002070,2026-08-24T15:33:57.321,horizontal,20.28,22.78,1,0,0.0,TempBand+Watershed+Merge+ClustSml+ShapeGate+MinPeaks+P-Filter+EquipRej+SkinPrio+Omega+OmScale+OmSplit+OmRot+FarField+GradFarF+Kalman+StaticSup,horizontal best
cap_002071,2026-08-24T15:33:57.418,horizontal,20.31,22.81,1,0,0.0,TempBand+Watershed+Merge+ClustSml+ShapeGate+MinPeaks+P-Filter+EquipRej+SkinPrio+Omega+OmScale+OmSplit+OmRot+FarField+GradFarF+Kalman+StaticSup,horizontal best
cap_002072,2026-08-24T15:33:57.547,horizontal,20.28,22.78,2,0,0.0,TempBand+Watershed+Merge+ClustSml+ShapeGate+MinPeaks+P-Filter+EquipRej+SkinPrio+Omega+OmScale+OmSplit+OmRot+FarField+GradFarF+Kalman+StaticSup,horizontal best
cap_002073,2026-08-24T15:33:57.643,horizontal,20.28,22.78,2,0,0.0,TempBand+Watershed+Merge+ClustSml+ShapeGate+MinPeaks+P-Filter+EquipRej+SkinPrio+Omega+OmScale+OmSplit+OmRot+FarField+GradFarF+Kalman+StaticSup,horizontal best
cap_002074,2026-08-24T15:33:57.771,horizontal,20.31,22.81,2,0,0.0,TempBand+Watershed+Merge+ClustSml+ShapeGate+MinPeaks+P-Filter+EquipRej+SkinPrio+Omega+OmScale+OmSplit+OmRot+FarField+GradFarF+Kalman+StaticSup,horizontal best
cap_002075,2026-08-24T15:33:57.896,horizontal,20.31,22.81,0,0,0.0,TempBand+Watershed+Merge+ClustSml+ShapeGate+MinPeaks+P-Filter+EquipRej+SkinPrio+Omega+OmScale+OmSplit+OmRot+FarField+GradFarF+Kalman+StaticSup,horizontal best
cap_002076,2026-08-24T15:33:57.994,horizontal,20.33,22.83,1,0,0.0,TempBand+Watershed+Merge+ClustSml+ShapeGate+MinPeaks+P-Filter+EquipRej+SkinPrio+Omega+OmScale+OmSplit+OmRot+FarField+GradFarF+Kalman+StaticSup,horizontal best
cap_002077,2026-08-24T15:33:58.123,horizontal,20.31,22.81,1,0,0.0,TempBand+Watershed+Merge+ClustSml+ShapeGate+MinPeaks+P-Filter+EquipRej+SkinPrio+Omega+OmScale+OmSplit+OmRot+FarField+GradFarF+Kalman+StaticSup,horizontal best
cap_002078,2026-08-24T15:33:58.221,horizontal,20.28,22.78,1,0,0.0,TempBand+Watershed+Merge+ClustSml+ShapeGate+MinPeaks+P-Filter+EquipRej+SkinPrio+Omega+OmScale+OmSplit+OmRot+FarField+GradFarF+Kalman+StaticSup,horizontal best
cap_002079,2026-08-24T15:33:58.349,horizontal,20.28,22.78,1,0,0.0,TempBand+Watershed+Merge+ClustSml+ShapeGate+MinPeaks+P-Filter+EquipRej+SkinPrio+Omega+OmScale+OmSplit+OmRot+FarField+GradFarF+Kalman+StaticSup,horizontal best
cap_002080,2026-08-24T15:33:58.440,horizontal,20.28,22.78,0,0,0.0,TempBand+Watershed+Merge+ClustSml+ShapeGate+MinPeaks+P-Filter+EquipRej+SkinPrio+Omega+OmScale+OmSplit+OmRot+FarField+GradFarF+Kalman+StaticSup,horizontal best
cap_002081,2026-08-24T15:33:58.571,horizontal,20.26,22.76,2,0,0.0,TempBand+Watershed+Merge+ClustSml+ShapeGate+MinPeaks+P-Filter+EquipRej+SkinPrio+Omega+OmScale+OmSplit+OmRot+FarField+GradFarF+Kalman+StaticSup,horizontal best
cap_002082,2026-08-24T15:33:58.668,horizontal,20.28,22.78,2,0,0.0,TempBand+Watershed+Merge+ClustSml+ShapeGate+MinPeaks+P-Filter+EquipRej+SkinPrio+Omega+OmScale+OmSplit+OmRot+FarField+GradFarF+Kalman+StaticSup,horizontal best
cap_002083,2026-08-24T15:33:58.795,horizontal,20.28,22.78,2,0,0.0,TempBand+Watershed+Merge+ClustSml+ShapeGate+MinPeaks+P-Filter+EquipRej+SkinPrio+Omega+OmScale+OmSplit+OmRot+FarField+GradFarF+Kalman+StaticSup,horizontal best
cap_002084,2026-08-24T15:33:58.929,horizontal,20.28,22.78,0,0,0.0,TempBand+Watershed+Merge+ClustSml+ShapeGate+MinPeaks+P-Filter+EquipRej+SkinPrio+Omega+OmScale+OmSplit+OmRot+FarField+GradFarF+Kalman+StaticSup,horizontal best
cap_002085,2026-08-24T15:33:59.022,horizontal,20.28,22.78,2,0,0.0,TempBand+Watershed+Merge+ClustSml+ShapeGate+MinPeaks+P-Filter+EquipRej+SkinPrio+Omega+OmScale+OmSplit+OmRot+FarField+GradFarF+Kalman+StaticSup,horizontal best
cap_002086,2026-08-24T15:33:59.147,horizontal,20.26,22.76,2,0,0.0,TempBand+Watershed+Merge+ClustSml+ShapeGate+MinPeaks+P-Filter+EquipRej+SkinPrio+Omega+OmScale+OmSplit+OmRot+FarField+GradFarF+Kalman+StaticSup,horizontal best
cap_002087,2026-08-24T15:33:59.244,horizontal,20.26,22.76,2,0,0.0,TempBand+Watershed+Merge+ClustSml+ShapeGate+MinPeaks+P-Filter+EquipRej+SkinPrio+Omega+OmScale+OmSplit+OmRot+FarField+GradFarF+Kalman+StaticSup,horizontal best
cap_002088,2026-08-24T15:33:59.373,horizontal,20.26,22.76,2,0,0.0,TempBand+Watershed+Merge+ClustSml+ShapeGate+MinPeaks+P-Filter+EquipRej+SkinPrio+Omega+OmScale+OmSplit+OmRot+FarField+GradFarF+Kalman+StaticSup,horizontal best
cap_002089,2026-08-24T15:33:59.490,horizontal,20.23,22.73,2,0,0.0,TempBand+Watershed+Merge+ClustSml+ShapeGate+MinPeaks+P-Filter+EquipRej+SkinPrio+Omega+OmScale+OmSplit+OmRot+FarField+GradFarF+Kalman+StaticSup,horizontal best
cap_002090,2026-08-24T15:33:59.596,horizontal,20.26,22.76,1,0,0.0,TempBand+Watershed+Merge+ClustSml+ShapeGate+MinPeaks+P-Filter+EquipRej+SkinPrio+Omega+OmScale+OmSplit+OmRot+FarField+GradFarF+Kalman+StaticSup,horizontal best
cap_002091,2026-08-24T15:33:59.723,horizontal,20.26,22.76,1,0,0.0,TempBand+Watershed+Merge+ClustSml+ShapeGate+MinPeaks+P-Filter+EquipRej+SkinPrio+Omega+OmScale+OmSplit+OmRot+FarField+GradFarF+Kalman+StaticSup,horizontal best
cap_002092,2026-08-24T15:33:59.818,horizontal,20.26,22.76,1,0,0.0,TempBand+Watershed+Merge+ClustSml+ShapeGate+MinPeaks+P-Filter+EquipRej+SkinPrio+Omega+OmScale+OmSplit+OmRot+FarField+GradFarF+Kalman+StaticSup,horizontal best
cap_002093,2026-08-24T15:33:59.947,horizontal,20.26,22.76,1,0,0.0,TempBand+Watershed+Merge+ClustSml+ShapeGate+MinPeaks+P-Filter+EquipRej+SkinPrio+Omega+OmScale+OmSplit+OmRot+FarField+GradFarF+Kalman+StaticSup,horizontal best
cap_002094,2026-08-24T15:34:00.042,horizontal,20.26,22.76,1,0,0.0,TempBand+Watershed+Merge+ClustSml+ShapeGate+MinPeaks+P-Filter+EquipRej+SkinPrio+Omega+OmScale+OmSplit+OmRot+FarField+GradFarF+Kalman+StaticSup,horizontal best
cap_002095,2026-08-24T15:34:00.173,horizontal,20.26,22.76,1,0,0.0,TempBand+Watershed+Merge+ClustSml+ShapeGate+MinPeaks+P-Filter+EquipRej+SkinPrio+Omega+OmScale+OmSplit+OmRot+FarField+GradFarF+Kalman+StaticSup,horizontal best
cap_002096,2026-08-24T15:34:00.267,horizontal,20.26,22.76,1,0,0.0,TempBand+Watershed+Merge+ClustSml+ShapeGate+MinPeaks+P-Filter+EquipRej+SkinPrio+Omega+OmScale+OmSplit+OmRot+FarField+GradFarF+Kalman+StaticSup,horizontal best
cap_002097,2026-08-24T15:34:00.396,horizontal,20.26,22.76,1,0,0.0,TempBand+Watershed+Merge+ClustSml+ShapeGate+MinPeaks+P-Filter+EquipRej+SkinPrio+Omega+OmScale+OmSplit+OmRot+FarField+GradFarF+Kalman+StaticSup,horizontal best
cap_002098,2026-08-24T15:34:00.491,horizontal,20.28,22.78,1,0,0.0,TempBand+Watershed+Merge+ClustSml+ShapeGate+MinPeaks+P-Filter+EquipRej+SkinPrio+Omega+OmScale+OmSplit+OmRot+FarField+GradFarF+Kalman+StaticSup,horizontal best
cap_002099,2026-08-24T15:34:00.617,horizontal,20.28,22.78,0,0,0.0,TempBand+Watershed+Merge+ClustSml+ShapeGate+MinPeaks+P-Filter+EquipRej+SkinPrio+Omega+OmScale+OmSplit+OmRot+FarField+GradFarF+Kalman+StaticSup,horizontal best
cap_002100,2026-08-24T15:34:00.746,horizontal,20.31,22.81,0,0,0.0,TempBand+Watershed+Merge+ClustSml+ShapeGate+MinPeaks+P-Filter+EquipRej+SkinPrio+Omega+OmScale+OmSplit+OmRot+FarField+GradFarF+Kalman+StaticSup,horizontal best
cap_002101,2026-08-24T15:34:00.844,horizontal,20.31,22.81,1,0,0.0,TempBand+Watershed+Merge+ClustSml+ShapeGate+MinPeaks+P-Filter+EquipRej+SkinPrio+Omega+OmScale+OmSplit+OmRot+FarField+GradFarF+Kalman+StaticSup,horizontal best
cap_002102,2026-08-24T15:34:00.975,horizontal,20.33,22.83,2,0,0.0,TempBand+Watershed+Merge+ClustSml+ShapeGate+MinPeaks+P-Filter+EquipRej+SkinPrio+Omega+OmScale+OmSplit+OmRot+FarField+GradFarF+Kalman+StaticSup,horizontal best
cap_002103,2026-08-24T15:34:01.066,horizontal,20.31,22.81,2,0,0.0,TempBand+Watershed+Merge+ClustSml+ShapeGate+MinPeaks+P-Filter+EquipRej+SkinPrio+Omega+OmScale+OmSplit+OmRot+FarField+GradFarF+Kalman+StaticSup,horizontal best
cap_002104,2026-08-24T15:34:01.194,horizontal,20.31,22.81,2,0,0.0,TempBand+Watershed+Merge+ClustSml+ShapeGate+MinPeaks+P-Filter+EquipRej+SkinPrio+Omega+OmScale+OmSplit+OmRot+FarField+GradFarF+Kalman+StaticSup,horizontal best
cap_002105,2026-08-24T15:34:01.289,horizontal,20.28,22.78,2,0,0.0,TempBand+Watershed+Merge+ClustSml+ShapeGate+MinPeaks+P-Filter+EquipRej+SkinPrio+Omega+OmScale+OmSplit+OmRot+FarField+GradFarF+Kalman+StaticSup,horizontal best
cap_002106,2026-08-24T15:34:01.425,horizontal,20.28,22.78,2,0,0.0,TempBand+Watershed+Merge+ClustSml+ShapeGate+MinPeaks+P-Filter+EquipRej+SkinPrio+Omega+OmScale+OmSplit+OmRot+FarField+GradFarF+Kalman+StaticSup,horizontal best
cap_002107,2026-08-24T15:34:01.562,horizontal,20.28,22.78,2,0,0.0,TempBand+Watershed+Merge+ClustSml+ShapeGate+MinPeaks+P-Filter+EquipRej+SkinPrio+Omega+OmScale+OmSplit+OmRot+FarField+GradFarF+Kalman+StaticSup,horizontal best
cap_002108,2026-08-24T15:34:01.642,horizontal,20.26,22.76,2,0,0.0,TempBand+Watershed+Merge+ClustSml+ShapeGate+MinPeaks+P-Filter+EquipRej+SkinPrio+Omega+OmScale+OmSplit+OmRot+FarField+GradFarF+Kalman+StaticSup,horizontal best
cap_002109,2026-08-24T15:34:01.770,horizontal,20.28,22.78,2,0,0.0,TempBand+Watershed+Merge+ClustSml+ShapeGate+MinPeaks+P-Filter+EquipRej+SkinPrio+Omega+OmScale+OmSplit+OmRot+FarField+GradFarF+Kalman+StaticSup,horizontal best
cap_002110,2026-08-24T15:34:01.866,horizontal,20.26,22.76,2,0,0.0,TempBand+Watershed+Merge+ClustSml+ShapeGate+MinPeaks+P-Filter+EquipRej+SkinPrio+Omega+OmScale+OmSplit+OmRot+FarField+GradFarF+Kalman+StaticSup,horizontal best
cap_002111,2026-08-24T15:34:01.998,horizontal,20.26,22.76,2,0,0.0,TempBand+Watershed+Merge+ClustSml+ShapeGate+MinPeaks+P-Filter+EquipRej+SkinPrio+Omega+OmScale+OmSplit+OmRot+FarField+GradFarF+Kalman+StaticSup,horizontal best
cap_002112,2026-08-24T15:34:02.092,horizontal,20.26,22.76,2,0,0.0,TempBand+Watershed+Merge+ClustSml+ShapeGate+MinPeaks+P-Filter+EquipRej+SkinPrio+Omega+OmScale+OmSplit+OmRot+FarField+GradFarF+Kalman+StaticSup,horizontal best
cap_002113,2026-08-24T15:34:02.219,horizontal,20.26,22.76,2,0,0.0,TempBand+Watershed+Merge+ClustSml+ShapeGate+MinPeaks+P-Filter+EquipRej+SkinPrio+Omega+OmScale+OmSplit+OmRot+FarField+GradFarF+Kalman+StaticSup,horizontal best
cap_002114,2026-08-24T15:34:02.315,horizontal,20.26,22.76,2,0,0.0,TempBand+Watershed+Merge+ClustSml+ShapeGate+MinPeaks+P-Filter+EquipRej+SkinPrio+Omega+OmScale+OmSplit+OmRot+FarField+GradFarF+Kalman+StaticSup,horizontal best
cap_002115,2026-08-24T15:34:02.443,horizontal,20.28,22.78,2,0,0.0,TempBand+Watershed+Merge+ClustSml+ShapeGate+MinPeaks+P-Filter+EquipRej+SkinPrio+Omega+OmScale+OmSplit+OmRot+FarField+GradFarF+Kalman+StaticSup,horizontal best
cap_002116,2026-08-24T15:34:02.570,horizontal,20.28,22.78,2,0,0.0,TempBand+Watershed+Merge+ClustSml+ShapeGate+MinPeaks+P-Filter+EquipRej+SkinPrio+Omega+OmScale+OmSplit+OmRot+FarField+GradFarF+Kalman+StaticSup,horizontal best
cap_002117,2026-08-24T15:34:02.667,horizontal,20.28,22.78,2,0,0.0,TempBand+Watershed+Merge+ClustSml+ShapeGate+MinPeaks+P-Filter+EquipRej+SkinPrio+Omega+OmScale+OmSplit+OmRot+FarField+GradFarF+Kalman+StaticSup,horizontal best
cap_002118,2026-08-24T15:34:02.794,horizontal,20.28,22.78,2,0,0.0,TempBand+Watershed+Merge+ClustSml+ShapeGate+MinPeaks+P-Filter+EquipRej+SkinPrio+Omega+OmScale+OmSplit+OmRot+FarField+GradFarF+Kalman+StaticSup,horizontal best
cap_002119,2026-08-24T15:34:02.891,horizontal,20.28,22.78,2,0,0.0,TempBand+Watershed+Merge+ClustSml+ShapeGate+MinPeaks+P-Filter+EquipRej+SkinPrio+Omega+OmScale+OmSplit+OmRot+FarField+GradFarF+Kalman+StaticSup,horizontal best
cap_002120,2026-08-24T15:34:03.028,horizontal,20.26,22.76,2,0,0.0,TempBand+Watershed+Merge+ClustSml+ShapeGate+MinPeaks+P-Filter+EquipRej+SkinPrio+Omega+OmScale+OmSplit+OmRot+FarField+GradFarF+Kalman+StaticSup,horizontal best
cap_002121,2026-08-24T15:34:03.115,horizontal,20.28,22.78,2,0,0.0,TempBand+Watershed+Merge+ClustSml+ShapeGate+MinPeaks+P-Filter+EquipRej+SkinPrio+Omega+OmScale+OmSplit+OmRot+FarField+GradFarF+Kalman+StaticSup,horizontal best
cap_002122,2026-08-24T15:34:03.245,horizontal,20.31,22.81,2,0,0.0,TempBand+Watershed+Merge+ClustSml+ShapeGate+MinPeaks+P-Filter+EquipRej+SkinPrio+Omega+OmScale+OmSplit+OmRot+FarField+GradFarF+Kalman+StaticSup,horizontal best
cap_002123,2026-08-24T15:34:03.340,horizontal,20.28,22.78,2,0,0.0,TempBand+Watershed+Merge+ClustSml+ShapeGate+MinPeaks+P-Filter+EquipRej+SkinPrio+Omega+OmScale+OmSplit+OmRot+FarField+GradFarF+Kalman+StaticSup,horizontal best
cap_002124,2026-08-24T15:34:03.476,horizontal,20.28,22.78,2,0,0.0,TempBand+Watershed+Merge+ClustSml+ShapeGate+MinPeaks+P-Filter+EquipRej+SkinPrio+Omega+OmScale+OmSplit+OmRot+FarField+GradFarF+Kalman+StaticSup,horizontal best
cap_002125,2026-08-24T15:34:03.594,horizontal,20.28,22.78,2,0,0.0,TempBand+Watershed+Merge+ClustSml+ShapeGate+MinPeaks+P-Filter+EquipRej+SkinPrio+Omega+OmScale+OmSplit+OmRot+FarField+GradFarF+Kalman+StaticSup,horizontal best
cap_002126,2026-08-24T15:34:03.692,horizontal,20.26,22.76,2,0,0.0,TempBand+Watershed+Merge+ClustSml+ShapeGate+MinPeaks+P-Filter+EquipRej+SkinPrio+Omega+OmScale+OmSplit+OmRot+FarField+GradFarF+Kalman+StaticSup,horizontal best
cap_002127,2026-08-24T15:34:03.824,horizontal,20.26,22.76,2,0,0.0,TempBand+Watershed+Merge+ClustSml+ShapeGate+MinPeaks+P-Filter+EquipRej+SkinPrio+Omega+OmScale+OmSplit+OmRot+FarField+GradFarF+Kalman+StaticSup,horizontal best
cap_002128,2026-08-24T15:34:03.916,horizontal,20.28,22.78,2,0,0.0,TempBand+Watershed+Merge+ClustSml+ShapeGate+MinPeaks+P-Filter+EquipRej+SkinPrio+Omega+OmScale+OmSplit+OmRot+FarField+GradFarF+Kalman+StaticSup,horizontal best
cap_002129,2026-08-24T15:34:04.046,horizontal,20.31,22.81,2,0,0.0,TempBand+Watershed+Merge+ClustSml+ShapeGate+MinPeaks+P-Filter+EquipRej+SkinPrio+Omega+OmScale+OmSplit+OmRot+FarField+GradFarF+Kalman+StaticSup,horizontal best
cap_002130,2026-08-24T15:34:04.138,horizontal,20.33,22.83,2,0,0.0,TempBand+Watershed+Merge+ClustSml+ShapeGate+MinPeaks+P-Filter+EquipRej+SkinPrio+Omega+OmScale+OmSplit+OmRot+FarField+GradFarF+Kalman+StaticSup,horizontal best
cap_002131,2026-08-24T15:34:04.268,horizontal,20.33,22.83,2,0,0.0,TempBand+Watershed+Merge+ClustSml+ShapeGate+MinPeaks+P-Filter+EquipRej+SkinPrio+Omega+OmScale+OmSplit+OmRot+FarField+GradFarF+Kalman+StaticSup,horizontal best
cap_002132,2026-08-24T15:34:04.405,horizontal,20.36,22.86,1,0,0.0,TempBand+Watershed+Merge+ClustSml+ShapeGate+MinPeaks+P-Filter+EquipRej+SkinPrio+Omega+OmScale+OmSplit+OmRot+FarField+GradFarF+Kalman+StaticSup,horizontal best
cap_002133,2026-08-24T15:34:04.595,horizontal,20.36,22.86,1,0,0.0,TempBand+Watershed+Merge+ClustSml+ShapeGate+MinPeaks+P-Filter+EquipRej+SkinPrio+Omega+OmScale+OmSplit+OmRot+FarField+GradFarF+Kalman+StaticSup,horizontal best
cap_002134,2026-08-24T15:34:04.668,horizontal,20.37,22.87,1,0,0.0,TempBand+Watershed+Merge+ClustSml+ShapeGate+MinPeaks+P-Filter+EquipRej+SkinPrio+Omega+OmScale+OmSplit+OmRot+FarField+GradFarF+Kalman+StaticSup,horizontal best
cap_002135,2026-08-24T15:34:04.720,horizontal,20.40,22.90,1,0,0.0,TempBand+Watershed+Merge+ClustSml+ShapeGate+MinPeaks+P-Filter+EquipRej+SkinPrio+Omega+OmScale+OmSplit+OmRot+FarField+GradFarF+Kalman+StaticSup,horizontal best
cap_002136,2026-08-24T15:34:04.890,horizontal,20.38,22.88,0,0,0.0,TempBand+Watershed+Merge+ClustSml+ShapeGate+MinPeaks+P-Filter+EquipRej+SkinPrio+Omega+OmScale+OmSplit+OmRot+FarField+GradFarF+Kalman+StaticSup,horizontal best
cap_002137,2026-08-24T15:34:04.946,horizontal,20.36,22.86,0,0,0.0,TempBand+Watershed+Merge+ClustSml+ShapeGate+MinPeaks+P-Filter+EquipRej+SkinPrio+Omega+OmScale+OmSplit+OmRot+FarField+GradFarF+Kalman+StaticSup,horizontal best
cap_002138,2026-08-24T15:34:05.070,horizontal,20.36,22.86,0,0,0.0,TempBand+Watershed+Merge+ClustSml+ShapeGate+MinPeaks+P-Filter+EquipRej+SkinPrio+Omega+OmScale+OmSplit+OmRot+FarField+GradFarF+Kalman+StaticSup,horizontal best
cap_002139,2026-08-24T15:34:05.176,horizontal,20.33,22.83,0,0,0.0,TempBand+Watershed+Merge+ClustSml+ShapeGate+MinPeaks+P-Filter+EquipRej+SkinPrio+Omega+OmScale+OmSplit+OmRot+FarField+GradFarF+Kalman+StaticSup,horizontal best
cap_002140,2026-08-24T15:34:05.293,horizontal,20.36,22.86,0,0,0.0,TempBand+Watershed+Merge+ClustSml+ShapeGate+MinPeaks+P-Filter+EquipRej+SkinPrio+Omega+OmScale+OmSplit+OmRot+FarField+GradFarF+Kalman+StaticSup,horizontal best
cap_002141,2026-08-24T15:34:05.435,horizontal,20.33,22.83,0,0,0.0,TempBand+Watershed+Merge+ClustSml+ShapeGate+MinPeaks+P-Filter+EquipRej+SkinPrio+Omega+OmScale+OmSplit+OmRot+FarField+GradFarF+Kalman+StaticSup,horizontal best
cap_002142,2026-08-24T15:34:05.529,horizontal,20.36,22.86,0,0,0.0,TempBand+Watershed+Merge+ClustSml+ShapeGate+MinPeaks+P-Filter+EquipRej+SkinPrio+Omega+OmScale+OmSplit+OmRot+FarField+GradFarF+Kalman+StaticSup,horizontal best
cap_002143,2026-08-24T15:34:05.642,horizontal,20.36,22.86,0,0,0.0,TempBand+Watershed+Merge+ClustSml+ShapeGate+MinPeaks+P-Filter+EquipRej+SkinPrio+Omega+OmScale+OmSplit+OmRot+FarField+GradFarF+Kalman+StaticSup,horizontal best
cap_002144,2026-08-24T15:34:05.739,horizontal,20.36,22.86,0,0,0.0,TempBand+Watershed+Merge+ClustSml+ShapeGate+MinPeaks+P-Filter+EquipRej+SkinPrio+Omega+OmScale+OmSplit+OmRot+FarField+GradFarF+Kalman+StaticSup,horizontal best
cap_002145,2026-08-24T15:34:05.863,horizontal,20.33,22.83,0,0,0.0,TempBand+Watershed+Merge+ClustSml+ShapeGate+MinPeaks+P-Filter+EquipRej+SkinPrio+Omega+OmScale+OmSplit+OmRot+FarField+GradFarF+Kalman+StaticSup,horizontal best
cap_002146,2026-08-24T15:34:05.960,horizontal,20.33,22.83,0,0,0.0,TempBand+Watershed+Merge+ClustSml+ShapeGate+MinPeaks+P-Filter+EquipRej+SkinPrio+Omega+OmScale+OmSplit+OmRot+FarField+GradFarF+Kalman+StaticSup,horizontal best
cap_002147,2026-08-24T15:34:06.086,horizontal,20.33,22.83,0,0,0.0,TempBand+Watershed+Merge+ClustSml+ShapeGate+MinPeaks+P-Filter+EquipRej+SkinPrio+Omega+OmScale+OmSplit+OmRot+FarField+GradFarF+Kalman+StaticSup,horizontal best
cap_002148,2026-08-24T15:34:06.217,horizontal,20.33,22.83,0,0,0.0,TempBand+Watershed+Merge+ClustSml+ShapeGate+MinPeaks+P-Filter+EquipRej+SkinPrio+Omega+OmScale+OmSplit+OmRot+FarField+GradFarF+Kalman+StaticSup,horizontal best
cap_002149,2026-08-24T15:34:06.313,horizontal,20.33,22.83,0,0,0.0,TempBand+Watershed+Merge+ClustSml+ShapeGate+MinPeaks+P-Filter+EquipRej+SkinPrio+Omega+OmScale+OmSplit+OmRot+FarField+GradFarF+Kalman+StaticSup,horizontal best
cap_002150,2026-08-24T15:34:06.444,horizontal,20.31,22.81,0,0,0.0,TempBand+Watershed+Merge+ClustSml+ShapeGate+MinPeaks+P-Filter+EquipRej+SkinPrio+Omega+OmScale+OmSplit+OmRot+FarField+GradFarF+Kalman+StaticSup,horizontal best
cap_002151,2026-08-24T15:34:06.548,horizontal,20.28,22.78,0,0,0.0,TempBand+Watershed+Merge+ClustSml+ShapeGate+MinPeaks+P-Filter+EquipRej+SkinPrio+Omega+OmScale+OmSplit+OmRot+FarField+GradFarF+Kalman+StaticSup,horizontal best
cap_002152,2026-08-24T15:34:06.671,horizontal,20.28,22.78,0,0,0.0,TempBand+Watershed+Merge+ClustSml+ShapeGate+MinPeaks+P-Filter+EquipRej+SkinPrio+Omega+OmScale+OmSplit+OmRot+FarField+GradFarF+Kalman+StaticSup,horizontal best
cap_002153,2026-08-24T15:34:06.771,horizontal,20.28,22.78,0,0,0.0,TempBand+Watershed+Merge+ClustSml+ShapeGate+MinPeaks+P-Filter+EquipRej+SkinPrio+Omega+OmScale+OmSplit+OmRot+FarField+GradFarF+Kalman+StaticSup,horizontal best
cap_002154,2026-08-24T15:34:06.889,horizontal,20.33,22.83,0,0,0.0,TempBand+Watershed+Merge+ClustSml+ShapeGate+MinPeaks+P-Filter+EquipRej+SkinPrio+Omega+OmScale+OmSplit+OmRot+FarField+GradFarF+Kalman+StaticSup,horizontal best
cap_002155,2026-08-24T15:34:06.984,horizontal,20.36,22.86,0,0,0.0,TempBand+Watershed+Merge+ClustSml+ShapeGate+MinPeaks+P-Filter+EquipRej+SkinPrio+Omega+OmScale+OmSplit+OmRot+FarField+GradFarF+Kalman+StaticSup,horizontal best
cap_002156,2026-08-24T15:34:07.112,horizontal,20.38,22.88,0,0,0.0,TempBand+Watershed+Merge+ClustSml+ShapeGate+MinPeaks+P-Filter+EquipRej+SkinPrio+Omega+OmScale+OmSplit+OmRot+FarField+GradFarF+Kalman+StaticSup,horizontal best
cap_002157,2026-08-24T15:34:07.240,horizontal,20.36,22.86,0,0,0.0,TempBand+Watershed+Merge+ClustSml+ShapeGate+MinPeaks+P-Filter+EquipRej+SkinPrio+Omega+OmScale+OmSplit+OmRot+FarField+GradFarF+Kalman+StaticSup,horizontal best
cap_002158,2026-08-24T15:34:07.336,horizontal,20.36,22.86,0,0,0.0,TempBand+Watershed+Merge+ClustSml+ShapeGate+MinPeaks+P-Filter+EquipRej+SkinPrio+Omega+OmScale+OmSplit+OmRot+FarField+GradFarF+Kalman+StaticSup,horizontal best
cap_002159,2026-08-24T15:34:07.507,horizontal,20.33,22.83,0,0,0.0,TempBand+Watershed+Merge+ClustSml+ShapeGate+MinPeaks+P-Filter+EquipRej+SkinPrio+Omega+OmScale+OmSplit+OmRot+FarField+GradFarF+Kalman+StaticSup,horizontal best
cap_002160,2026-08-24T15:34:07.604,horizontal,20.28,22.78,0,0,0.0,TempBand+Watershed+Merge+ClustSml+ShapeGate+MinPeaks+P-Filter+EquipRej+SkinPrio+Omega+OmScale+OmSplit+OmRot+FarField+GradFarF+Kalman+StaticSup,horizontal best
cap_002161,2026-08-24T15:34:07.723,horizontal,20.28,22.78,0,0,0.0,TempBand+Watershed+Merge+ClustSml+ShapeGate+MinPeaks+P-Filter+EquipRej+SkinPrio+Omega+OmScale+OmSplit+OmRot+FarField+GradFarF+Kalman+StaticSup,horizontal best
cap_002162,2026-08-24T15:34:07.806,horizontal,20.28,22.78,0,0,0.0,TempBand+Watershed+Merge+ClustSml+ShapeGate+MinPeaks+P-Filter+EquipRej+SkinPrio+Omega+OmScale+OmSplit+OmRot+FarField+GradFarF+Kalman+StaticSup,horizontal best
cap_002163,2026-08-24T15:34:07.921,horizontal,20.28,22.78,0,0,0.0,TempBand+Watershed+Merge+ClustSml+ShapeGate+MinPeaks+P-Filter+EquipRej+SkinPrio+Omega+OmScale+OmSplit+OmRot+FarField+GradFarF+Kalman+StaticSup,horizontal best
cap_002164,2026-08-24T15:34:08.048,horizontal,20.28,22.78,0,0,0.0,TempBand+Watershed+Merge+ClustSml+ShapeGate+MinPeaks+P-Filter+EquipRej+SkinPrio+Omega+OmScale+OmSplit+OmRot+FarField+GradFarF+Kalman+StaticSup,horizontal best
cap_002165,2026-08-24T15:34:08.135,horizontal,20.28,22.78,0,0,0.0,TempBand+Watershed+Merge+ClustSml+ShapeGate+MinPeaks+P-Filter+EquipRej+SkinPrio+Omega+OmScale+OmSplit+OmRot+FarField+GradFarF+Kalman+StaticSup,horizontal best
cap_002166,2026-08-24T15:34:08.268,horizontal,20.26,22.76,0,0,0.0,TempBand+Watershed+Merge+ClustSml+ShapeGate+MinPeaks+P-Filter+EquipRej+SkinPrio+Omega+OmScale+OmSplit+OmRot+FarField+GradFarF+Kalman+StaticSup,horizontal best
cap_002167,2026-08-24T15:34:08.361,horizontal,20.26,22.76,0,0,0.0,TempBand+Watershed+Merge+ClustSml+ShapeGate+MinPeaks+P-Filter+EquipRej+SkinPrio+Omega+OmScale+OmSplit+OmRot+FarField+GradFarF+Kalman+StaticSup,horizontal best
cap_002168,2026-08-24T15:34:08.491,horizontal,20.26,22.76,0,0,0.0,TempBand+Watershed+Merge+ClustSml+ShapeGate+MinPeaks+P-Filter+EquipRej+SkinPrio+Omega+OmScale+OmSplit+OmRot+FarField+GradFarF+Kalman+StaticSup,horizontal best
cap_002169,2026-08-24T15:34:08.584,horizontal,20.26,22.76,0,0,0.0,TempBand+Watershed+Merge+ClustSml+ShapeGate+MinPeaks+P-Filter+EquipRej+SkinPrio+Omega+OmScale+OmSplit+OmRot+FarField+GradFarF+Kalman+StaticSup,horizontal best
cap_002170,2026-08-24T15:34:08.715,horizontal,20.26,22.76,0,0,0.0,TempBand+Watershed+Merge+ClustSml+ShapeGate+MinPeaks+P-Filter+EquipRej+SkinPrio+Omega+OmScale+OmSplit+OmRot+FarField+GradFarF+Kalman+StaticSup,horizontal best
cap_002171,2026-08-24T15:34:08.806,horizontal,20.26,22.76,0,0,0.0,TempBand+Watershed+Merge+ClustSml+ShapeGate+MinPeaks+P-Filter+EquipRej+SkinPrio+Omega+OmScale+OmSplit+OmRot+FarField+GradFarF+Kalman+StaticSup,horizontal best
cap_002172,2026-08-24T15:34:08.935,horizontal,20.23,22.73,0,0,0.0,TempBand+Watershed+Merge+ClustSml+ShapeGate+MinPeaks+P-Filter+EquipRej+SkinPrio+Omega+OmScale+OmSplit+OmRot+FarField+GradFarF+Kalman+StaticSup,horizontal best
cap_002173,2026-08-24T15:34:09.063,horizontal,20.23,22.73,0,0,0.0,TempBand+Watershed+Merge+ClustSml+ShapeGate+MinPeaks+P-Filter+EquipRej+SkinPrio+Omega+OmScale+OmSplit+OmRot+FarField+GradFarF+Kalman+StaticSup,horizontal best
cap_002174,2026-08-24T15:34:09.159,horizontal,20.23,22.73,0,0,0.0,TempBand+Watershed+Merge+ClustSml+ShapeGate+MinPeaks+P-Filter+EquipRej+SkinPrio+Omega+OmScale+OmSplit+OmRot+FarField+GradFarF+Kalman+StaticSup,horizontal best
cap_002175,2026-08-24T15:34:09.287,horizontal,20.23,22.73,0,0,0.0,TempBand+Watershed+Merge+ClustSml+ShapeGate+MinPeaks+P-Filter+EquipRej+SkinPrio+Omega+OmScale+OmSplit+OmRot+FarField+GradFarF+Kalman+StaticSup,horizontal best
cap_002176,2026-08-24T15:34:09.385,horizontal,20.23,22.73,0,0,0.0,TempBand+Watershed+Merge+ClustSml+ShapeGate+MinPeaks+P-Filter+EquipRej+SkinPrio+Omega+OmScale+OmSplit+OmRot+FarField+GradFarF+Kalman+StaticSup,horizontal best
cap_002177,2026-08-24T15:34:09.513,horizontal,20.23,22.73,0,0,0.0,TempBand+Watershed+Merge+ClustSml+ShapeGate+MinPeaks+P-Filter+EquipRej+SkinPrio+Omega+OmScale+OmSplit+OmRot+FarField+GradFarF+Kalman+StaticSup,horizontal best
cap_002178,2026-08-24T15:34:09.607,horizontal,20.21,22.71,0,0,0.0,TempBand+Watershed+Merge+ClustSml+ShapeGate+MinPeaks+P-Filter+EquipRej+SkinPrio+Omega+OmScale+OmSplit+OmRot+FarField+GradFarF+Kalman+StaticSup,horizontal best
cap_002179,2026-08-24T15:34:09.738,horizontal,20.21,22.71,0,0,0.0,TempBand+Watershed+Merge+ClustSml+ShapeGate+MinPeaks+P-Filter+EquipRej+SkinPrio+Omega+OmScale+OmSplit+OmRot+FarField+GradFarF+Kalman+StaticSup,horizontal best
cap_002180,2026-08-24T15:34:09.831,horizontal,20.21,22.71,0,0,0.0,TempBand+Watershed+Merge+ClustSml+ShapeGate+MinPeaks+P-Filter+EquipRej+SkinPrio+Omega+OmScale+OmSplit+OmRot+FarField+GradFarF+Kalman+StaticSup,horizontal best
cap_002181,2026-08-24T15:34:09.961,horizontal,20.23,22.73,0,0,0.0,TempBand+Watershed+Merge+ClustSml+ShapeGate+MinPeaks+P-Filter+EquipRej+SkinPrio+Omega+OmScale+OmSplit+OmRot+FarField+GradFarF+Kalman+StaticSup,horizontal best
cap_002182,2026-08-24T15:34:10.087,horizontal,20.26,22.76,0,0,0.0,TempBand+Watershed+Merge+ClustSml+ShapeGate+MinPeaks+P-Filter+EquipRej+SkinPrio+Omega+OmScale+OmSplit+OmRot+FarField+GradFarF+Kalman+StaticSup,horizontal best
cap_002183,2026-08-24T15:34:10.185,horizontal,20.26,22.76,0,0,0.0,TempBand+Watershed+Merge+ClustSml+ShapeGate+MinPeaks+P-Filter+EquipRej+SkinPrio+Omega+OmScale+OmSplit+OmRot+FarField+GradFarF+Kalman+StaticSup,horizontal best
cap_002184,2026-08-24T15:34:10.315,horizontal,20.23,22.73,0,0,0.0,TempBand+Watershed+Merge+ClustSml+ShapeGate+MinPeaks+P-Filter+EquipRej+SkinPrio+Omega+OmScale+OmSplit+OmRot+FarField+GradFarF+Kalman+StaticSup,horizontal best
cap_002185,2026-08-24T15:34:10.408,horizontal,20.23,22.73,0,0,0.0,TempBand+Watershed+Merge+ClustSml+ShapeGate+MinPeaks+P-Filter+EquipRej+SkinPrio+Omega+OmScale+OmSplit+OmRot+FarField+GradFarF+Kalman+StaticSup,horizontal best
cap_002186,2026-08-24T15:34:10.544,horizontal,20.26,22.76,0,0,0.0,TempBand+Watershed+Merge+ClustSml+ShapeGate+MinPeaks+P-Filter+EquipRej+SkinPrio+Omega+OmScale+OmSplit+OmRot+FarField+GradFarF+Kalman+StaticSup,horizontal best
cap_002187,2026-08-24T15:34:10.632,horizontal,20.26,22.76,0,0,0.0,TempBand+Watershed+Merge+ClustSml+ShapeGate+MinPeaks+P-Filter+EquipRej+SkinPrio+Omega+OmScale+OmSplit+OmRot+FarField+GradFarF+Kalman+StaticSup,horizontal best
cap_002188,2026-08-24T15:34:10.759,horizontal,20.23,22.73,0,0,0.0,TempBand+Watershed+Merge+ClustSml+ShapeGate+MinPeaks+P-Filter+EquipRej+SkinPrio+Omega+OmScale+OmSplit+OmRot+FarField+GradFarF+Kalman+StaticSup,horizontal best
cap_002189,2026-08-24T15:34:10.888,horizontal,20.23,22.73,0,0,0.0,TempBand+Watershed+Merge+ClustSml+ShapeGate+MinPeaks+P-Filter+EquipRej+SkinPrio+Omega+OmScale+OmSplit+OmRot+FarField+GradFarF+Kalman+StaticSup,horizontal best
cap_002190,2026-08-24T15:34:10.984,horizontal,20.21,22.71,0,0,0.0,TempBand+Watershed+Merge+ClustSml+ShapeGate+MinPeaks+P-Filter+EquipRej+SkinPrio+Omega+OmScale+OmSplit+OmRot+FarField+GradFarF+Kalman+StaticSup,horizontal best
cap_002191,2026-08-24T15:34:11.114,horizontal,20.19,22.69,0,0,0.0,TempBand+Watershed+Merge+ClustSml+ShapeGate+MinPeaks+P-Filter+EquipRej+SkinPrio+Omega+OmScale+OmSplit+OmRot+FarField+GradFarF+Kalman+StaticSup,horizontal best
cap_002192,2026-08-24T15:34:11.208,horizontal,20.16,22.66,0,0,0.0,TempBand+Watershed+Merge+ClustSml+ShapeGate+MinPeaks+P-Filter+EquipRej+SkinPrio+Omega+OmScale+OmSplit+OmRot+FarField+GradFarF+Kalman+StaticSup,horizontal best
cap_002193,2026-08-24T15:34:11.336,horizontal,20.16,22.66,0,0,0.0,TempBand+Watershed+Merge+ClustSml+ShapeGate+MinPeaks+P-Filter+EquipRej+SkinPrio+Omega+OmScale+OmSplit+OmRot+FarField+GradFarF+Kalman+StaticSup,horizontal best
cap_002194,2026-08-24T15:34:11.434,horizontal,20.16,22.66,0,0,0.0,TempBand+Watershed+Merge+ClustSml+ShapeGate+MinPeaks+P-Filter+EquipRej+SkinPrio+Omega+OmScale+OmSplit+OmRot+FarField+GradFarF+Kalman+StaticSup,horizontal best
cap_002195,2026-08-24T15:34:11.565,horizontal,20.16,22.66,0,0,0.0,TempBand+Watershed+Merge+ClustSml+ShapeGate+MinPeaks+P-Filter+EquipRej+SkinPrio+Omega+OmScale+OmSplit+OmRot+FarField+GradFarF+Kalman+StaticSup,horizontal best
cap_002196,2026-08-24T15:34:11.658,horizontal,20.14,22.64,0,0,0.0,TempBand+Watershed+Merge+ClustSml+ShapeGate+MinPeaks+P-Filter+EquipRej+SkinPrio+Omega+OmScale+OmSplit+OmRot+FarField+GradFarF+Kalman+StaticSup,horizontal best
cap_002197,2026-08-24T15:34:11.784,horizontal,20.11,22.61,0,0,0.0,TempBand+Watershed+Merge+ClustSml+ShapeGate+MinPeaks+P-Filter+EquipRej+SkinPrio+Omega+OmScale+OmSplit+OmRot+FarField+GradFarF+Kalman+StaticSup,horizontal best
cap_002198,2026-08-24T15:34:11.911,horizontal,20.11,22.61,0,0,0.0,TempBand+Watershed+Merge+ClustSml+ShapeGate+MinPeaks+P-Filter+EquipRej+SkinPrio+Omega+OmScale+OmSplit+OmRot+FarField+GradFarF+Kalman+StaticSup,horizontal best
cap_002199,2026-08-24T15:34:12.008,horizontal,20.11,22.61,0,0,0.0,TempBand+Watershed+Merge+ClustSml+ShapeGate+MinPeaks+P-Filter+EquipRej+SkinPrio+Omega+OmScale+OmSplit+OmRot+FarField+GradFarF+Kalman+StaticSup,horizontal best
cap_002200,2026-08-24T15:34:12.136,horizontal,20.11,22.61,0,0,0.0,TempBand+Watershed+Merge+ClustSml+ShapeGate+MinPeaks+P-Filter+EquipRej+SkinPrio+Omega+OmScale+OmSplit+OmRot+FarField+GradFarF+Kalman+StaticSup,horizontal best
cap_002201,2026-08-24T15:34:12.231,horizontal,20.09,22.59,0,0,0.0,TempBand+Watershed+Merge+ClustSml+ShapeGate+MinPeaks+P-Filter+EquipRej+SkinPrio+Omega+OmScale+OmSplit+OmRot+FarField+GradFarF+Kalman+StaticSup,horizontal best
cap_002202,2026-08-24T15:34:12.361,horizontal,20.09,22.59,0,0,0.0,TempBand+Watershed+Merge+ClustSml+ShapeGate+MinPeaks+P-Filter+EquipRej+SkinPrio+Omega+OmScale+OmSplit+OmRot+FarField+GradFarF+Kalman+StaticSup,horizontal best
cap_002203,2026-08-24T15:34:12.455,horizontal,20.09,22.59,0,0,0.0,TempBand+Watershed+Merge+ClustSml+ShapeGate+MinPeaks+P-Filter+EquipRej+SkinPrio+Omega+OmScale+OmSplit+OmRot+FarField+GradFarF+Kalman+StaticSup,horizontal best
cap_002204,2026-08-24T15:34:12.584,horizontal,20.07,22.57,0,0,0.0,TempBand+Watershed+Merge+ClustSml+ShapeGate+MinPeaks+P-Filter+EquipRej+SkinPrio+Omega+OmScale+OmSplit+OmRot+FarField+GradFarF+Kalman+StaticSup,horizontal best
cap_002205,2026-08-24T15:34:12.712,horizontal,20.07,22.57,0,0,0.0,TempBand+Watershed+Merge+ClustSml+ShapeGate+MinPeaks+P-Filter+EquipRej+SkinPrio+Omega+OmScale+OmSplit+OmRot+FarField+GradFarF+Kalman+StaticSup,horizontal best
cap_002206,2026-08-24T15:34:12.808,horizontal,20.04,22.54,0,0,0.0,TempBand+Watershed+Merge+ClustSml+ShapeGate+MinPeaks+P-Filter+EquipRej+SkinPrio+Omega+OmScale+OmSplit+OmRot+FarField+GradFarF+Kalman+StaticSup,horizontal best
cap_002207,2026-08-24T15:34:12.935,horizontal,20.04,22.54,0,0,0.0,TempBand+Watershed+Merge+ClustSml+ShapeGate+MinPeaks+P-Filter+EquipRej+SkinPrio+Omega+OmScale+OmSplit+OmRot+FarField+GradFarF+Kalman+StaticSup,horizontal best
cap_002208,2026-08-24T15:34:13.032,horizontal,20.02,22.52,0,0,0.0,TempBand+Watershed+Merge+ClustSml+ShapeGate+MinPeaks+P-Filter+EquipRej+SkinPrio+Omega+OmScale+OmSplit+OmRot+FarField+GradFarF+Kalman+StaticSup,horizontal best
cap_002209,2026-08-24T15:34:13.159,horizontal,19.99,22.49,0,0,0.0,TempBand+Watershed+Merge+ClustSml+ShapeGate+MinPeaks+P-Filter+EquipRej+SkinPrio+Omega+OmScale+OmSplit+OmRot+FarField+GradFarF+Kalman+StaticSup,horizontal best
cap_002210,2026-08-24T15:34:13.256,horizontal,19.99,22.49,0,0,0.0,TempBand+Watershed+Merge+ClustSml+ShapeGate+MinPeaks+P-Filter+EquipRej+SkinPrio+Omega+OmScale+OmSplit+OmRot+FarField+GradFarF+Kalman+StaticSup,horizontal best
cap_002211,2026-08-24T15:34:13.385,horizontal,20.02,22.52,0,0,0.0,TempBand+Watershed+Merge+ClustSml+ShapeGate+MinPeaks+P-Filter+EquipRej+SkinPrio+Omega+OmScale+OmSplit+OmRot+FarField+GradFarF+Kalman+StaticSup,horizontal best
cap_002212,2026-08-24T15:34:13.483,horizontal,20.04,22.54,0,0,0.0,TempBand+Watershed+Merge+ClustSml+ShapeGate+MinPeaks+P-Filter+EquipRej+SkinPrio+Omega+OmScale+OmSplit+OmRot+FarField+GradFarF+Kalman+StaticSup,horizontal best
cap_002213,2026-08-24T15:34:13.607,horizontal,20.04,22.54,0,0,0.0,TempBand+Watershed+Merge+ClustSml+ShapeGate+MinPeaks+P-Filter+EquipRej+SkinPrio+Omega+OmScale+OmSplit+OmRot+FarField+GradFarF+Kalman+StaticSup,horizontal best
cap_002214,2026-08-24T15:34:13.736,horizontal,20.07,22.57,0,0,0.0,TempBand+Watershed+Merge+ClustSml+ShapeGate+MinPeaks+P-Filter+EquipRej+SkinPrio+Omega+OmScale+OmSplit+OmRot+FarField+GradFarF+Kalman+StaticSup,horizontal best
cap_002215,2026-08-24T15:34:13.838,horizontal,20.04,22.54,0,0,0.0,TempBand+Watershed+Merge+ClustSml+ShapeGate+MinPeaks+P-Filter+EquipRej+SkinPrio+Omega+OmScale+OmSplit+OmRot+FarField+GradFarF+Kalman+StaticSup,horizontal best
cap_002216,2026-08-24T15:34:13.962,horizontal,20.07,22.57,0,0,0.0,TempBand+Watershed+Merge+ClustSml+ShapeGate+MinPeaks+P-Filter+EquipRej+SkinPrio+Omega+OmScale+OmSplit+OmRot+FarField+GradFarF+Kalman+StaticSup,horizontal best
cap_002217,2026-08-24T15:34:14.057,horizontal,20.07,22.57,0,0,0.0,TempBand+Watershed+Merge+ClustSml+ShapeGate+MinPeaks+P-Filter+EquipRej+SkinPrio+Omega+OmScale+OmSplit+OmRot+FarField+GradFarF+Kalman+StaticSup,horizontal best
cap_002218,2026-08-24T15:34:14.185,horizontal,20.04,22.54,0,0,0.0,TempBand+Watershed+Merge+ClustSml+ShapeGate+MinPeaks+P-Filter+EquipRej+SkinPrio+Omega+OmScale+OmSplit+OmRot+FarField+GradFarF+Kalman+StaticSup,horizontal best
cap_002219,2026-08-24T15:34:14.312,horizontal,20.04,22.54,0,0,0.0,TempBand+Watershed+Merge+ClustSml+ShapeGate+MinPeaks+P-Filter+EquipRej+SkinPrio+Omega+OmScale+OmSplit+OmRot+FarField+GradFarF+Kalman+StaticSup,horizontal best
cap_002220,2026-08-24T15:34:14.408,horizontal,20.04,22.54,0,0,0.0,TempBand+Watershed+Merge+ClustSml+ShapeGate+MinPeaks+P-Filter+EquipRej+SkinPrio+Omega+OmScale+OmSplit+OmRot+FarField+GradFarF+Kalman+StaticSup,horizontal best
cap_002221,2026-08-24T15:34:14.537,horizontal,20.04,22.54,0,0,0.0,TempBand+Watershed+Merge+ClustSml+ShapeGate+MinPeaks+P-Filter+EquipRej+SkinPrio+Omega+OmScale+OmSplit+OmRot+FarField+GradFarF+Kalman+StaticSup,horizontal best
cap_002222,2026-08-24T15:34:14.633,horizontal,20.04,22.54,0,0,0.0,TempBand+Watershed+Merge+ClustSml+ShapeGate+MinPeaks+P-Filter+EquipRej+SkinPrio+Omega+OmScale+OmSplit+OmRot+FarField+GradFarF+Kalman+StaticSup,horizontal best
cap_002223,2026-08-24T15:34:14.760,horizontal,20.04,22.54,0,0,0.0,TempBand+Watershed+Merge+ClustSml+ShapeGate+MinPeaks+P-Filter+EquipRej+SkinPrio+Omega+OmScale+OmSplit+OmRot+FarField+GradFarF+Kalman+StaticSup,horizontal best
cap_002224,2026-08-24T15:34:14.856,horizontal,20.04,22.54,0,0,0.0,TempBand+Watershed+Merge+ClustSml+ShapeGate+MinPeaks+P-Filter+EquipRej+SkinPrio+Omega+OmScale+OmSplit+OmRot+FarField+GradFarF+Kalman+StaticSup,horizontal best
cap_002225,2026-08-24T15:34:14.983,horizontal,20.07,22.57,0,0,0.0,TempBand+Watershed+Merge+ClustSml+ShapeGate+MinPeaks+P-Filter+EquipRej+SkinPrio+Omega+OmScale+OmSplit+OmRot+FarField+GradFarF+Kalman+StaticSup,horizontal best
cap_002226,2026-08-24T15:34:15.081,horizontal,20.07,22.57,0,0,0.0,TempBand+Watershed+Merge+ClustSml+ShapeGate+MinPeaks+P-Filter+EquipRej+SkinPrio+Omega+OmScale+OmSplit+OmRot+FarField+GradFarF+Kalman+StaticSup,horizontal best
cap_002227,2026-08-24T15:34:15.209,horizontal,20.09,22.59,0,0,0.0,TempBand+Watershed+Merge+ClustSml+ShapeGate+MinPeaks+P-Filter+EquipRej+SkinPrio+Omega+OmScale+OmSplit+OmRot+FarField+GradFarF+Kalman+StaticSup,horizontal best
cap_002228,2026-08-24T15:34:15.309,horizontal,20.07,22.57,0,0,0.0,TempBand+Watershed+Merge+ClustSml+ShapeGate+MinPeaks+P-Filter+EquipRej+SkinPrio+Omega+OmScale+OmSplit+OmRot+FarField+GradFarF+Kalman+StaticSup,horizontal best
cap_002229,2026-08-24T15:34:15.435,horizontal,20.07,22.57,0,0,0.0,TempBand+Watershed+Merge+ClustSml+ShapeGate+MinPeaks+P-Filter+EquipRej+SkinPrio+Omega+OmScale+OmSplit+OmRot+FarField+GradFarF+Kalman+StaticSup,horizontal best
cap_002230,2026-08-24T15:34:15.566,horizontal,20.04,22.54,2,0,0.0,TempBand+Watershed+Merge+ClustSml+ShapeGate+MinPeaks+P-Filter+EquipRej+SkinPrio+Omega+OmScale+OmSplit+OmRot+FarField+GradFarF+Kalman+StaticSup,horizontal best
cap_002231,2026-08-24T15:34:15.672,horizontal,20.04,22.54,2,0,0.0,TempBand+Watershed+Merge+ClustSml+ShapeGate+MinPeaks+P-Filter+EquipRej+SkinPrio+Omega+OmScale+OmSplit+OmRot+FarField+GradFarF+Kalman+StaticSup,horizontal best
cap_002232,2026-08-24T15:34:15.790,horizontal,20.04,22.54,2,0,0.0,TempBand+Watershed+Merge+ClustSml+ShapeGate+MinPeaks+P-Filter+EquipRej+SkinPrio+Omega+OmScale+OmSplit+OmRot+FarField+GradFarF+Kalman+StaticSup,horizontal best
cap_002233,2026-08-24T15:34:15.887,horizontal,20.07,22.57,2,0,0.0,TempBand+Watershed+Merge+ClustSml+ShapeGate+MinPeaks+P-Filter+EquipRej+SkinPrio+Omega+OmScale+OmSplit+OmRot+FarField+GradFarF+Kalman+StaticSup,horizontal best
cap_002234,2026-08-24T15:34:16.016,horizontal,20.07,22.57,2,0,0.0,TempBand+Watershed+Merge+ClustSml+ShapeGate+MinPeaks+P-Filter+EquipRej+SkinPrio+Omega+OmScale+OmSplit+OmRot+FarField+GradFarF+Kalman+StaticSup,horizontal best
cap_002235,2026-08-24T15:34:16.106,horizontal,20.07,22.57,2,0,0.0,TempBand+Watershed+Merge+ClustSml+ShapeGate+MinPeaks+P-Filter+EquipRej+SkinPrio+Omega+OmScale+OmSplit+OmRot+FarField+GradFarF+Kalman+StaticSup,horizontal best
cap_002236,2026-08-24T15:34:16.237,horizontal,20.07,22.57,2,0,0.0,TempBand+Watershed+Merge+ClustSml+ShapeGate+MinPeaks+P-Filter+EquipRej+SkinPrio+Omega+OmScale+OmSplit+OmRot+FarField+GradFarF+Kalman+StaticSup,horizontal best
cap_002237,2026-08-24T15:34:16.334,horizontal,20.07,22.57,2,0,0.0,TempBand+Watershed+Merge+ClustSml+ShapeGate+MinPeaks+P-Filter+EquipRej+SkinPrio+Omega+OmScale+OmSplit+OmRot+FarField+GradFarF+Kalman+StaticSup,horizontal best
cap_002238,2026-08-24T15:34:16.494,horizontal,20.07,22.57,2,0,0.0,TempBand+Watershed+Merge+ClustSml+ShapeGate+MinPeaks+P-Filter+EquipRej+SkinPrio+Omega+OmScale+OmSplit+OmRot+FarField+GradFarF+Kalman+StaticSup,horizontal best
cap_002239,2026-08-24T15:34:16.594,horizontal,20.07,22.57,2,0,0.0,TempBand+Watershed+Merge+ClustSml+ShapeGate+MinPeaks+P-Filter+EquipRej+SkinPrio+Omega+OmScale+OmSplit+OmRot+FarField+GradFarF+Kalman+StaticSup,horizontal best
cap_002240,2026-08-24T15:34:16.684,horizontal,20.07,22.57,2,0,0.0,TempBand+Watershed+Merge+ClustSml+ShapeGate+MinPeaks+P-Filter+EquipRej+SkinPrio+Omega+OmScale+OmSplit+OmRot+FarField+GradFarF+Kalman+StaticSup,horizontal best
cap_002241,2026-08-24T15:34:16.817,horizontal,20.07,22.57,2,0,0.0,TempBand+Watershed+Merge+ClustSml+ShapeGate+MinPeaks+P-Filter+EquipRej+SkinPrio+Omega+OmScale+OmSplit+OmRot+FarField+GradFarF+Kalman+StaticSup,horizontal best
cap_002242,2026-08-24T15:34:16.912,horizontal,20.09,22.59,2,0,0.0,TempBand+Watershed+Merge+ClustSml+ShapeGate+MinPeaks+P-Filter+EquipRej+SkinPrio+Omega+OmScale+OmSplit+OmRot+FarField+GradFarF+Kalman+StaticSup,horizontal best
cap_002243,2026-08-24T15:34:17.039,horizontal,20.07,22.57,2,0,0.0,TempBand+Watershed+Merge+ClustSml+ShapeGate+MinPeaks+P-Filter+EquipRej+SkinPrio+Omega+OmScale+OmSplit+OmRot+FarField+GradFarF+Kalman+StaticSup,horizontal best
cap_002244,2026-08-24T15:34:17.136,horizontal,20.09,22.59,2,0,0.0,TempBand+Watershed+Merge+ClustSml+ShapeGate+MinPeaks+P-Filter+EquipRej+SkinPrio+Omega+OmScale+OmSplit+OmRot+FarField+GradFarF+Kalman+StaticSup,horizontal best
cap_002245,2026-08-24T15:34:17.260,horizontal,20.09,22.59,2,0,0.0,TempBand+Watershed+Merge+ClustSml+ShapeGate+MinPeaks+P-Filter+EquipRej+SkinPrio+Omega+OmScale+OmSplit+OmRot+FarField+GradFarF+Kalman+StaticSup,horizontal best
cap_002246,2026-08-24T15:34:17.396,horizontal,20.09,22.59,2,0,0.0,TempBand+Watershed+Merge+ClustSml+ShapeGate+MinPeaks+P-Filter+EquipRej+SkinPrio+Omega+OmScale+OmSplit+OmRot+FarField+GradFarF+Kalman+StaticSup,horizontal best
cap_002247,2026-08-24T15:34:17.490,horizontal,20.09,22.59,2,0,0.0,TempBand+Watershed+Merge+ClustSml+ShapeGate+MinPeaks+P-Filter+EquipRej+SkinPrio+Omega+OmScale+OmSplit+OmRot+FarField+GradFarF+Kalman+StaticSup,horizontal best
cap_002248,2026-08-24T15:34:17.616,horizontal,20.07,22.57,2,0,0.0,TempBand+Watershed+Merge+ClustSml+ShapeGate+MinPeaks+P-Filter+EquipRej+SkinPrio+Omega+OmScale+OmSplit+OmRot+FarField+GradFarF+Kalman+StaticSup,horizontal best
cap_002249,2026-08-24T15:34:17.708,horizontal,20.09,22.59,2,0,0.0,TempBand+Watershed+Merge+ClustSml+ShapeGate+MinPeaks+P-Filter+EquipRej+SkinPrio+Omega+OmScale+OmSplit+OmRot+FarField+GradFarF+Kalman+StaticSup,horizontal best
cap_002250,2026-08-24T15:34:17.837,horizontal,20.07,22.57,2,0,0.0,TempBand+Watershed+Merge+ClustSml+ShapeGate+MinPeaks+P-Filter+EquipRej+SkinPrio+Omega+OmScale+OmSplit+OmRot+FarField+GradFarF+Kalman+StaticSup,horizontal best
cap_002251,2026-08-24T15:34:17.933,horizontal,20.04,22.54,2,0,0.0,TempBand+Watershed+Merge+ClustSml+ShapeGate+MinPeaks+P-Filter+EquipRej+SkinPrio+Omega+OmScale+OmSplit+OmRot+FarField+GradFarF+Kalman+StaticSup,horizontal best
cap_002252,2026-08-24T15:34:18.060,horizontal,20.07,22.57,2,0,0.0,TempBand+Watershed+Merge+ClustSml+ShapeGate+MinPeaks+P-Filter+EquipRej+SkinPrio+Omega+OmScale+OmSplit+OmRot+FarField+GradFarF+Kalman+StaticSup,horizontal best
cap_002253,2026-08-24T15:34:18.155,horizontal,20.09,22.59,2,0,0.0,TempBand+Watershed+Merge+ClustSml+ShapeGate+MinPeaks+P-Filter+EquipRej+SkinPrio+Omega+OmScale+OmSplit+OmRot+FarField+GradFarF+Kalman+StaticSup,horizontal best
cap_002254,2026-08-24T15:34:18.287,horizontal,20.07,22.57,2,0,0.0,TempBand+Watershed+Merge+ClustSml+ShapeGate+MinPeaks+P-Filter+EquipRej+SkinPrio+Omega+OmScale+OmSplit+OmRot+FarField+GradFarF+Kalman+StaticSup,horizontal best
cap_002255,2026-08-24T15:34:18.415,horizontal,20.07,22.57,2,0,0.0,TempBand+Watershed+Merge+ClustSml+ShapeGate+MinPeaks+P-Filter+EquipRej+SkinPrio+Omega+OmScale+OmSplit+OmRot+FarField+GradFarF+Kalman+StaticSup,horizontal best
cap_002256,2026-08-24T15:34:18.509,horizontal,20.04,22.54,2,0,0.0,TempBand+Watershed+Merge+ClustSml+ShapeGate+MinPeaks+P-Filter+EquipRej+SkinPrio+Omega+OmScale+OmSplit+OmRot+FarField+GradFarF+Kalman+StaticSup,horizontal best
cap_002257,2026-08-24T15:34:18.642,horizontal,20.04,22.54,2,0,0.0,TempBand+Watershed+Merge+ClustSml+ShapeGate+MinPeaks+P-Filter+EquipRej+SkinPrio+Omega+OmScale+OmSplit+OmRot+FarField+GradFarF+Kalman+StaticSup,horizontal best
cap_002258,2026-08-24T15:34:18.732,horizontal,20.04,22.54,2,0,0.0,TempBand+Watershed+Merge+ClustSml+ShapeGate+MinPeaks+P-Filter+EquipRej+SkinPrio+Omega+OmScale+OmSplit+OmRot+FarField+GradFarF+Kalman+StaticSup,horizontal best
cap_002259,2026-08-24T15:34:18.865,horizontal,20.07,22.57,2,0,0.0,TempBand+Watershed+Merge+ClustSml+ShapeGate+MinPeaks+P-Filter+EquipRej+SkinPrio+Omega+OmScale+OmSplit+OmRot+FarField+GradFarF+Kalman+StaticSup,horizontal best
cap_002260,2026-08-24T15:34:18.955,horizontal,20.07,22.57,2,0,0.0,TempBand+Watershed+Merge+ClustSml+ShapeGate+MinPeaks+P-Filter+EquipRej+SkinPrio+Omega+OmScale+OmSplit+OmRot+FarField+GradFarF+Kalman+StaticSup,horizontal best
cap_002261,2026-08-24T15:34:19.082,horizontal,20.04,22.54,2,0,0.0,TempBand+Watershed+Merge+ClustSml+ShapeGate+MinPeaks+P-Filter+EquipRej+SkinPrio+Omega+OmScale+OmSplit+OmRot+FarField+GradFarF+Kalman+StaticSup,horizontal best
cap_002262,2026-08-24T15:34:19.210,horizontal,20.04,22.54,2,0,0.0,TempBand+Watershed+Merge+ClustSml+ShapeGate+MinPeaks+P-Filter+EquipRej+SkinPrio+Omega+OmScale+OmSplit+OmRot+FarField+GradFarF+Kalman+StaticSup,horizontal best
cap_002263,2026-08-24T15:34:19.307,horizontal,20.07,22.57,2,0,0.0,TempBand+Watershed+Merge+ClustSml+ShapeGate+MinPeaks+P-Filter+EquipRej+SkinPrio+Omega+OmScale+OmSplit+OmRot+FarField+GradFarF+Kalman+StaticSup,horizontal best
cap_002264,2026-08-24T15:34:19.447,horizontal,20.07,22.57,2,0,0.0,TempBand+Watershed+Merge+ClustSml+ShapeGate+MinPeaks+P-Filter+EquipRej+SkinPrio+Omega+OmScale+OmSplit+OmRot+FarField+GradFarF+Kalman+StaticSup,horizontal best
cap_002265,2026-08-24T15:34:19.533,horizontal,20.07,22.57,2,0,0.0,TempBand+Watershed+Merge+ClustSml+ShapeGate+MinPeaks+P-Filter+EquipRej+SkinPrio+Omega+OmScale+OmSplit+OmRot+FarField+GradFarF+Kalman+StaticSup,horizontal best
cap_002266,2026-08-24T15:34:19.660,horizontal,20.07,22.57,2,0,0.0,TempBand+Watershed+Merge+ClustSml+ShapeGate+MinPeaks+P-Filter+EquipRej+SkinPrio+Omega+OmScale+OmSplit+OmRot+FarField+GradFarF+Kalman+StaticSup,horizontal best
cap_002267,2026-08-24T15:34:19.757,horizontal,20.07,22.57,1,0,0.0,TempBand+Watershed+Merge+ClustSml+ShapeGate+MinPeaks+P-Filter+EquipRej+SkinPrio+Omega+OmScale+OmSplit+OmRot+FarField+GradFarF+Kalman+StaticSup,horizontal best
cap_002268,2026-08-24T15:34:19.886,horizontal,20.04,22.54,1,0,0.0,TempBand+Watershed+Merge+ClustSml+ShapeGate+MinPeaks+P-Filter+EquipRej+SkinPrio+Omega+OmScale+OmSplit+OmRot+FarField+GradFarF+Kalman+StaticSup,horizontal best
cap_002269,2026-08-24T15:34:19.986,horizontal,20.04,22.54,1,0,0.0,TempBand+Watershed+Merge+ClustSml+ShapeGate+MinPeaks+P-Filter+EquipRej+SkinPrio+Omega+OmScale+OmSplit+OmRot+FarField+GradFarF+Kalman+StaticSup,horizontal best
cap_002270,2026-08-24T15:34:20.115,horizontal,20.02,22.52,2,0,0.0,TempBand+Watershed+Merge+ClustSml+ShapeGate+MinPeaks+P-Filter+EquipRej+SkinPrio+Omega+OmScale+OmSplit+OmRot+FarField+GradFarF+Kalman+StaticSup,horizontal best
cap_002271,2026-08-24T15:34:20.239,horizontal,20.02,22.52,2,0,0.0,TempBand+Watershed+Merge+ClustSml+ShapeGate+MinPeaks+P-Filter+EquipRej+SkinPrio+Omega+OmScale+OmSplit+OmRot+FarField+GradFarF+Kalman+StaticSup,horizontal best
cap_002272,2026-08-24T15:34:20.345,horizontal,20.04,22.54,2,0,0.0,TempBand+Watershed+Merge+ClustSml+ShapeGate+MinPeaks+P-Filter+EquipRej+SkinPrio+Omega+OmScale+OmSplit+OmRot+FarField+GradFarF+Kalman+StaticSup,horizontal best
cap_002273,2026-08-24T15:34:20.464,horizontal,20.04,22.54,2,0,0.0,TempBand+Watershed+Merge+ClustSml+ShapeGate+MinPeaks+P-Filter+EquipRej+SkinPrio+Omega+OmScale+OmSplit+OmRot+FarField+GradFarF+Kalman+StaticSup,horizontal best
cap_002274,2026-08-24T15:34:20.557,horizontal,20.04,22.54,2,0,0.0,TempBand+Watershed+Merge+ClustSml+ShapeGate+MinPeaks+P-Filter+EquipRej+SkinPrio+Omega+OmScale+OmSplit+OmRot+FarField+GradFarF+Kalman+StaticSup,horizontal best
cap_002275,2026-08-24T15:34:20.690,horizontal,20.04,22.54,2,0,0.0,TempBand+Watershed+Merge+ClustSml+ShapeGate+MinPeaks+P-Filter+EquipRej+SkinPrio+Omega+OmScale+OmSplit+OmRot+FarField+GradFarF+Kalman+StaticSup,horizontal best
cap_002276,2026-08-24T15:34:20.782,horizontal,20.04,22.54,2,0,0.0,TempBand+Watershed+Merge+ClustSml+ShapeGate+MinPeaks+P-Filter+EquipRej+SkinPrio+Omega+OmScale+OmSplit+OmRot+FarField+GradFarF+Kalman+StaticSup,horizontal best
cap_002277,2026-08-24T15:34:20.910,horizontal,20.09,22.59,2,0,0.0,TempBand+Watershed+Merge+ClustSml+ShapeGate+MinPeaks+P-Filter+EquipRej+SkinPrio+Omega+OmScale+OmSplit+OmRot+FarField+GradFarF+Kalman+StaticSup,horizontal best
cap_002278,2026-08-24T15:34:21.033,horizontal,20.07,22.57,2,0,0.0,TempBand+Watershed+Merge+ClustSml+ShapeGate+MinPeaks+P-Filter+EquipRej+SkinPrio+Omega+OmScale+OmSplit+OmRot+FarField+GradFarF+Kalman+StaticSup,horizontal best
cap_002279,2026-08-24T15:34:21.133,horizontal,20.07,22.57,2,0,0.0,TempBand+Watershed+Merge+ClustSml+ShapeGate+MinPeaks+P-Filter+EquipRej+SkinPrio+Omega+OmScale+OmSplit+OmRot+FarField+GradFarF+Kalman+StaticSup,horizontal best
cap_002280,2026-08-24T15:34:21.264,horizontal,20.07,22.57,2,0,0.0,TempBand+Watershed+Merge+ClustSml+ShapeGate+MinPeaks+P-Filter+EquipRej+SkinPrio+Omega+OmScale+OmSplit+OmRot+FarField+GradFarF+Kalman+StaticSup,horizontal best
cap_002281,2026-08-24T15:34:21.356,horizontal,20.07,22.57,2,0,0.0,TempBand+Watershed+Merge+ClustSml+ShapeGate+MinPeaks+P-Filter+EquipRej+SkinPrio+Omega+OmScale+OmSplit+OmRot+FarField+GradFarF+Kalman+StaticSup,horizontal best
cap_002282,2026-08-24T15:34:21.490,horizontal,20.07,22.57,2,0,0.0,TempBand+Watershed+Merge+ClustSml+ShapeGate+MinPeaks+P-Filter+EquipRej+SkinPrio+Omega+OmScale+OmSplit+OmRot+FarField+GradFarF+Kalman+StaticSup,horizontal best
cap_002283,2026-08-24T15:34:21.596,horizontal,20.07,22.57,2,0,0.0,TempBand+Watershed+Merge+ClustSml+ShapeGate+MinPeaks+P-Filter+EquipRej+SkinPrio+Omega+OmScale+OmSplit+OmRot+FarField+GradFarF+Kalman+StaticSup,horizontal best
cap_002284,2026-08-24T15:34:21.711,horizontal,20.07,22.57,2,0,0.0,TempBand+Watershed+Merge+ClustSml+ShapeGate+MinPeaks+P-Filter+EquipRej+SkinPrio+Omega+OmScale+OmSplit+OmRot+FarField+GradFarF+Kalman+StaticSup,horizontal best
cap_002285,2026-08-24T15:34:21.802,horizontal,20.07,22.57,2,0,0.0,TempBand+Watershed+Merge+ClustSml+ShapeGate+MinPeaks+P-Filter+EquipRej+SkinPrio+Omega+OmScale+OmSplit+OmRot+FarField+GradFarF+Kalman+StaticSup,horizontal best
cap_002286,2026-08-24T15:34:21.931,horizontal,20.11,22.61,2,0,0.0,TempBand+Watershed+Merge+ClustSml+ShapeGate+MinPeaks+P-Filter+EquipRej+SkinPrio+Omega+OmScale+OmSplit+OmRot+FarField+GradFarF+Kalman+StaticSup,horizontal best
cap_002287,2026-08-24T15:34:22.064,horizontal,20.11,22.61,2,0,0.0,TempBand+Watershed+Merge+ClustSml+ShapeGate+MinPeaks+P-Filter+EquipRej+SkinPrio+Omega+OmScale+OmSplit+OmRot+FarField+GradFarF+Kalman+StaticSup,horizontal best
cap_002288,2026-08-24T15:34:22.153,horizontal,20.11,22.61,1,0,0.0,TempBand+Watershed+Merge+ClustSml+ShapeGate+MinPeaks+P-Filter+EquipRej+SkinPrio+Omega+OmScale+OmSplit+OmRot+FarField+GradFarF+Kalman+StaticSup,horizontal best
cap_002289,2026-08-24T15:34:22.286,horizontal,20.14,22.64,1,0,0.0,TempBand+Watershed+Merge+ClustSml+ShapeGate+MinPeaks+P-Filter+EquipRej+SkinPrio+Omega+OmScale+OmSplit+OmRot+FarField+GradFarF+Kalman+StaticSup,horizontal best
cap_002290,2026-08-24T15:34:22.381,horizontal,20.14,22.64,1,0,0.0,TempBand+Watershed+Merge+ClustSml+ShapeGate+MinPeaks+P-Filter+EquipRej+SkinPrio+Omega+OmScale+OmSplit+OmRot+FarField+GradFarF+Kalman+StaticSup,horizontal best
cap_002291,2026-08-24T15:34:22.511,horizontal,20.16,22.66,1,0,0.0,TempBand+Watershed+Merge+ClustSml+ShapeGate+MinPeaks+P-Filter+EquipRej+SkinPrio+Omega+OmScale+OmSplit+OmRot+FarField+GradFarF+Kalman+StaticSup,horizontal best
cap_002292,2026-08-24T15:34:22.601,horizontal,20.14,22.64,1,0,0.0,TempBand+Watershed+Merge+ClustSml+ShapeGate+MinPeaks+P-Filter+EquipRej+SkinPrio+Omega+OmScale+OmSplit+OmRot+FarField+GradFarF+Kalman+StaticSup,horizontal best
cap_002293,2026-08-24T15:34:22.731,horizontal,20.14,22.64,1,0,0.0,TempBand+Watershed+Merge+ClustSml+ShapeGate+MinPeaks+P-Filter+EquipRej+SkinPrio+Omega+OmScale+OmSplit+OmRot+FarField+GradFarF+Kalman+StaticSup,horizontal best
cap_002294,2026-08-24T15:34:22.827,horizontal,20.11,22.61,1,0,0.0,TempBand+Watershed+Merge+ClustSml+ShapeGate+MinPeaks+P-Filter+EquipRej+SkinPrio+Omega+OmScale+OmSplit+OmRot+FarField+GradFarF+Kalman+StaticSup,horizontal best
cap_002295,2026-08-24T15:34:22.956,horizontal,20.11,22.61,1,0,0.0,TempBand+Watershed+Merge+ClustSml+ShapeGate+MinPeaks+P-Filter+EquipRej+SkinPrio+Omega+OmScale+OmSplit+OmRot+FarField+GradFarF+Kalman+StaticSup,horizontal best
cap_002296,2026-08-24T15:34:23.090,horizontal,20.11,22.61,1,0,0.0,TempBand+Watershed+Merge+ClustSml+ShapeGate+MinPeaks+P-Filter+EquipRej+SkinPrio+Omega+OmScale+OmSplit+OmRot+FarField+GradFarF+Kalman+StaticSup,horizontal best
cap_002297,2026-08-24T15:34:23.185,horizontal,20.11,22.61,1,0,0.0,TempBand+Watershed+Merge+ClustSml+ShapeGate+MinPeaks+P-Filter+EquipRej+SkinPrio+Omega+OmScale+OmSplit+OmRot+FarField+GradFarF+Kalman+StaticSup,horizontal best
cap_002298,2026-08-24T15:34:23.311,horizontal,20.11,22.61,1,0,0.0,TempBand+Watershed+Merge+ClustSml+ShapeGate+MinPeaks+P-Filter+EquipRej+SkinPrio+Omega+OmScale+OmSplit+OmRot+FarField+GradFarF+Kalman+StaticSup,horizontal best
cap_002299,2026-08-24T15:34:23.410,horizontal,20.11,22.61,1,0,0.0,TempBand+Watershed+Merge+ClustSml+ShapeGate+MinPeaks+P-Filter+EquipRej+SkinPrio+Omega+OmScale+OmSplit+OmRot+FarField+GradFarF+Kalman+StaticSup,horizontal best
cap_002300,2026-08-24T15:34:23.537,horizontal,20.11,22.61,1,0,0.0,TempBand+Watershed+Merge+ClustSml+ShapeGate+MinPeaks+P-Filter+EquipRej+SkinPrio+Omega+OmScale+OmSplit+OmRot+FarField+GradFarF+Kalman+StaticSup,horizontal best
cap_002301,2026-08-24T15:34:23.631,horizontal,20.11,22.61,1,0,0.0,TempBand+Watershed+Merge+ClustSml+ShapeGate+MinPeaks+P-Filter+EquipRej+SkinPrio+Omega+OmScale+OmSplit+OmRot+FarField+GradFarF+Kalman+StaticSup,horizontal best
cap_002302,2026-08-24T15:34:23.751,horizontal,20.11,22.61,0,0,0.0,TempBand+Watershed+Merge+ClustSml+ShapeGate+MinPeaks+P-Filter+EquipRej+SkinPrio+Omega+OmScale+OmSplit+OmRot+FarField+GradFarF+Kalman+StaticSup,horizontal best
cap_002303,2026-08-24T15:34:23.880,horizontal,20.11,22.61,0,0,0.0,TempBand+Watershed+Merge+ClustSml+ShapeGate+MinPeaks+P-Filter+EquipRej+SkinPrio+Omega+OmScale+OmSplit+OmRot+FarField+GradFarF+Kalman+StaticSup,horizontal best
cap_002304,2026-08-24T15:34:23.983,horizontal,20.11,22.61,0,0,0.0,TempBand+Watershed+Merge+ClustSml+ShapeGate+MinPeaks+P-Filter+EquipRej+SkinPrio+Omega+OmScale+OmSplit+OmRot+FarField+GradFarF+Kalman+StaticSup,horizontal best
cap_002305,2026-08-24T15:34:24.112,horizontal,20.11,22.61,0,0,0.0,TempBand+Watershed+Merge+ClustSml+ShapeGate+MinPeaks+P-Filter+EquipRej+SkinPrio+Omega+OmScale+OmSplit+OmRot+FarField+GradFarF+Kalman+StaticSup,horizontal best
cap_002306,2026-08-24T15:34:24.206,horizontal,20.11,22.61,0,0,0.0,TempBand+Watershed+Merge+ClustSml+ShapeGate+MinPeaks+P-Filter+EquipRej+SkinPrio+Omega+OmScale+OmSplit+OmRot+FarField+GradFarF+Kalman+StaticSup,horizontal best
cap_002307,2026-08-24T15:34:24.335,horizontal,20.09,22.59,0,0,0.0,TempBand+Watershed+Merge+ClustSml+ShapeGate+MinPeaks+P-Filter+EquipRej+SkinPrio+Omega+OmScale+OmSplit+OmRot+FarField+GradFarF+Kalman+StaticSup,horizontal best
cap_002308,2026-08-24T15:34:24.429,horizontal,20.09,22.59,0,0,0.0,TempBand+Watershed+Merge+ClustSml+ShapeGate+MinPeaks+P-Filter+EquipRej+SkinPrio+Omega+OmScale+OmSplit+OmRot+FarField+GradFarF+Kalman+StaticSup,horizontal best
cap_002309,2026-08-24T15:34:24.557,horizontal,20.09,22.59,0,0,0.0,TempBand+Watershed+Merge+ClustSml+ShapeGate+MinPeaks+P-Filter+EquipRej+SkinPrio+Omega+OmScale+OmSplit+OmRot+FarField+GradFarF+Kalman+StaticSup,horizontal best
cap_002310,2026-08-24T15:34:24.652,horizontal,20.09,22.59,0,0,0.0,TempBand+Watershed+Merge+ClustSml+ShapeGate+MinPeaks+P-Filter+EquipRej+SkinPrio+Omega+OmScale+OmSplit+OmRot+FarField+GradFarF+Kalman+StaticSup,horizontal best
cap_002311,2026-08-24T15:34:24.781,horizontal,20.11,22.61,0,0,0.0,TempBand+Watershed+Merge+ClustSml+ShapeGate+MinPeaks+P-Filter+EquipRej+SkinPrio+Omega+OmScale+OmSplit+OmRot+FarField+GradFarF+Kalman+StaticSup,horizontal best
cap_002312,2026-08-24T15:34:24.912,horizontal,20.11,22.61,0,0,0.0,TempBand+Watershed+Merge+ClustSml+ShapeGate+MinPeaks+P-Filter+EquipRej+SkinPrio+Omega+OmScale+OmSplit+OmRot+FarField+GradFarF+Kalman+StaticSup,horizontal best
cap_002313,2026-08-24T15:34:25.012,horizontal,20.14,22.64,0,0,0.0,TempBand+Watershed+Merge+ClustSml+ShapeGate+MinPeaks+P-Filter+EquipRej+SkinPrio+Omega+OmScale+OmSplit+OmRot+FarField+GradFarF+Kalman+StaticSup,horizontal best
cap_002314,2026-08-24T15:34:25.132,horizontal,20.14,22.64,0,0,0.0,TempBand+Watershed+Merge+ClustSml+ShapeGate+MinPeaks+P-Filter+EquipRej+SkinPrio+Omega+OmScale+OmSplit+OmRot+FarField+GradFarF+Kalman+StaticSup,horizontal best
cap_002315,2026-08-24T15:34:25.231,horizontal,20.21,22.71,0,0,0.0,TempBand+Watershed+Merge+ClustSml+ShapeGate+MinPeaks+P-Filter+EquipRej+SkinPrio+Omega+OmScale+OmSplit+OmRot+FarField+GradFarF+Kalman+StaticSup,horizontal best
cap_002316,2026-08-24T15:34:25.354,horizontal,20.19,22.69,0,0,0.0,TempBand+Watershed+Merge+ClustSml+ShapeGate+MinPeaks+P-Filter+EquipRej+SkinPrio+Omega+OmScale+OmSplit+OmRot+FarField+GradFarF+Kalman+StaticSup,horizontal best
cap_002317,2026-08-24T15:34:25.452,horizontal,20.21,22.71,0,0,0.0,TempBand+Watershed+Merge+ClustSml+ShapeGate+MinPeaks+P-Filter+EquipRej+SkinPrio+Omega+OmScale+OmSplit+OmRot+FarField+GradFarF+Kalman+StaticSup,horizontal best
cap_002318,2026-08-24T15:34:25.580,horizontal,20.21,22.71,0,0,0.0,TempBand+Watershed+Merge+ClustSml+ShapeGate+MinPeaks+P-Filter+EquipRej+SkinPrio+Omega+OmScale+OmSplit+OmRot+FarField+GradFarF+Kalman+StaticSup,horizontal best
cap_002319,2026-08-24T15:34:25.710,horizontal,20.23,22.73,0,0,0.0,TempBand+Watershed+Merge+ClustSml+ShapeGate+MinPeaks+P-Filter+EquipRej+SkinPrio+Omega+OmScale+OmSplit+OmRot+FarField+GradFarF+Kalman+StaticSup,horizontal best
cap_002320,2026-08-24T15:34:25.807,horizontal,20.28,22.78,0,0,0.0,TempBand+Watershed+Merge+ClustSml+ShapeGate+MinPeaks+P-Filter+EquipRej+SkinPrio+Omega+OmScale+OmSplit+OmRot+FarField+GradFarF+Kalman+StaticSup,horizontal best
cap_002321,2026-08-24T15:34:25.927,horizontal,20.26,22.76,0,0,0.0,TempBand+Watershed+Merge+ClustSml+ShapeGate+MinPeaks+P-Filter+EquipRej+SkinPrio+Omega+OmScale+OmSplit+OmRot+FarField+GradFarF+Kalman+StaticSup,horizontal best
cap_002322,2026-08-24T15:34:26.023,horizontal,20.26,22.76,0,0,0.0,TempBand+Watershed+Merge+ClustSml+ShapeGate+MinPeaks+P-Filter+EquipRej+SkinPrio+Omega+OmScale+OmSplit+OmRot+FarField+GradFarF+Kalman+StaticSup,horizontal best
cap_002323,2026-08-24T15:34:26.152,horizontal,20.26,22.76,0,0,0.0,TempBand+Watershed+Merge+ClustSml+ShapeGate+MinPeaks+P-Filter+EquipRej+SkinPrio+Omega+OmScale+OmSplit+OmRot+FarField+GradFarF+Kalman+StaticSup,horizontal best
cap_002324,2026-08-24T15:34:26.249,horizontal,20.28,22.78,0,0,0.0,TempBand+Watershed+Merge+ClustSml+ShapeGate+MinPeaks+P-Filter+EquipRej+SkinPrio+Omega+OmScale+OmSplit+OmRot+FarField+GradFarF+Kalman+StaticSup,horizontal best
cap_002325,2026-08-24T15:34:26.381,horizontal,20.26,22.76,0,0,0.0,TempBand+Watershed+Merge+ClustSml+ShapeGate+MinPeaks+P-Filter+EquipRej+SkinPrio+Omega+OmScale+OmSplit+OmRot+FarField+GradFarF+Kalman+StaticSup,horizontal best
cap_002326,2026-08-24T15:34:26.471,horizontal,20.26,22.76,0,0,0.0,TempBand+Watershed+Merge+ClustSml+ShapeGate+MinPeaks+P-Filter+EquipRej+SkinPrio+Omega+OmScale+OmSplit+OmRot+FarField+GradFarF+Kalman+StaticSup,horizontal best
cap_002327,2026-08-24T15:34:26.610,horizontal,20.26,22.76,0,0,0.0,TempBand+Watershed+Merge+ClustSml+ShapeGate+MinPeaks+P-Filter+EquipRej+SkinPrio+Omega+OmScale+OmSplit+OmRot+FarField+GradFarF+Kalman+StaticSup,horizontal best
cap_002328,2026-08-24T15:34:26.729,horizontal,20.23,22.73,2,0,0.0,TempBand+Watershed+Merge+ClustSml+ShapeGate+MinPeaks+P-Filter+EquipRej+SkinPrio+Omega+OmScale+OmSplit+OmRot+FarField+GradFarF+Kalman+StaticSup,horizontal best
cap_002329,2026-08-24T15:34:26.826,horizontal,20.23,22.73,2,0,0.0,TempBand+Watershed+Merge+ClustSml+ShapeGate+MinPeaks+P-Filter+EquipRej+SkinPrio+Omega+OmScale+OmSplit+OmRot+FarField+GradFarF+Kalman+StaticSup,horizontal best
cap_002330,2026-08-24T15:34:26.959,horizontal,20.23,22.73,2,0,0.0,TempBand+Watershed+Merge+ClustSml+ShapeGate+MinPeaks+P-Filter+EquipRej+SkinPrio+Omega+OmScale+OmSplit+OmRot+FarField+GradFarF+Kalman+StaticSup,horizontal best
cap_002331,2026-08-24T15:34:27.049,horizontal,20.23,22.73,2,0,0.0,TempBand+Watershed+Merge+ClustSml+ShapeGate+MinPeaks+P-Filter+EquipRej+SkinPrio+Omega+OmScale+OmSplit+OmRot+FarField+GradFarF+Kalman+StaticSup,horizontal best
cap_002332,2026-08-24T15:34:27.199,horizontal,20.23,22.73,2,0,0.0,TempBand+Watershed+Merge+ClustSml+ShapeGate+MinPeaks+P-Filter+EquipRej+SkinPrio+Omega+OmScale+OmSplit+OmRot+FarField+GradFarF+Kalman+StaticSup,horizontal best
cap_002333,2026-08-24T15:34:27.303,horizontal,20.23,22.73,2,0,0.0,TempBand+Watershed+Merge+ClustSml+ShapeGate+MinPeaks+P-Filter+EquipRej+SkinPrio+Omega+OmScale+OmSplit+OmRot+FarField+GradFarF+Kalman+StaticSup,horizontal best
cap_002334,2026-08-24T15:34:27.433,horizontal,20.23,22.73,2,0,0.0,TempBand+Watershed+Merge+ClustSml+ShapeGate+MinPeaks+P-Filter+EquipRej+SkinPrio+Omega+OmScale+OmSplit+OmRot+FarField+GradFarF+Kalman+StaticSup,horizontal best
cap_002335,2026-08-24T15:34:27.573,horizontal,20.23,22.73,2,0,0.0,TempBand+Watershed+Merge+ClustSml+ShapeGate+MinPeaks+P-Filter+EquipRej+SkinPrio+Omega+OmScale+OmSplit+OmRot+FarField+GradFarF+Kalman+StaticSup,horizontal best
cap_002336,2026-08-24T15:34:27.682,horizontal,20.23,22.73,2,0,0.0,TempBand+Watershed+Merge+ClustSml+ShapeGate+MinPeaks+P-Filter+EquipRej+SkinPrio+Omega+OmScale+OmSplit+OmRot+FarField+GradFarF+Kalman+StaticSup,horizontal best
cap_002337,2026-08-24T15:34:27.755,horizontal,20.21,22.71,2,0,0.0,TempBand+Watershed+Merge+ClustSml+ShapeGate+MinPeaks+P-Filter+EquipRej+SkinPrio+Omega+OmScale+OmSplit+OmRot+FarField+GradFarF+Kalman+StaticSup,horizontal best
cap_002338,2026-08-24T15:34:28.323,horizontal,20.21,22.71,2,0,0.0,TempBand+Watershed+Merge+ClustSml+ShapeGate+MinPeaks+P-Filter+EquipRej+SkinPrio+Omega+OmScale+OmSplit+OmRot+FarField+GradFarF+Kalman+StaticSup,horizontal best
cap_002339,2026-08-24T15:34:28.380,horizontal,20.21,22.71,2,0,0.0,TempBand+Watershed+Merge+ClustSml+ShapeGate+MinPeaks+P-Filter+EquipRej+SkinPrio+Omega+OmScale+OmSplit+OmRot+FarField+GradFarF+Kalman+StaticSup,horizontal best
cap_002340,2026-08-24T15:34:28.504,horizontal,20.21,22.71,2,0,0.0,TempBand+Watershed+Merge+ClustSml+ShapeGate+MinPeaks+P-Filter+EquipRej+SkinPrio+Omega+OmScale+OmSplit+OmRot+FarField+GradFarF+Kalman+StaticSup,horizontal best
cap_002341,2026-08-24T15:34:30.131,horizontal,22.73,25.23,0,0,0.0,TempBand+Watershed+Merge+ClustSml+ShapeGate+MinPeaks+P-Filter+EquipRej+SkinPrio+Omega+OmScale+OmSplit+OmRot+FarField+GradFarF+Kalman+StaticSup,horizontal best
cap_002342,2026-08-24T15:34:30.249,horizontal,22.94,25.44,0,0,0.0,TempBand+Watershed+Merge+ClustSml+ShapeGate+MinPeaks+P-Filter+EquipRej+SkinPrio+Omega+OmScale+OmSplit+OmRot+FarField+GradFarF+Kalman+StaticSup,horizontal best
cap_002343,2026-08-24T15:34:30.379,horizontal,23.22,25.72,1,0,0.0,TempBand+Watershed+Merge+ClustSml+ShapeGate+MinPeaks+P-Filter+EquipRej+SkinPrio+Omega+OmScale+OmSplit+OmRot+FarField+GradFarF+Kalman+StaticSup,horizontal best
cap_002344,2026-08-24T15:34:30.474,horizontal,23.32,25.82,1,0,0.0,TempBand+Watershed+Merge+ClustSml+ShapeGate+MinPeaks+P-Filter+EquipRej+SkinPrio+Omega+OmScale+OmSplit+OmRot+FarField+GradFarF+Kalman+StaticSup,horizontal best
cap_002345,2026-08-24T15:34:30.605,horizontal,23.48,25.98,1,0,0.0,TempBand+Watershed+Merge+ClustSml+ShapeGate+MinPeaks+P-Filter+EquipRej+SkinPrio+Omega+OmScale+OmSplit+OmRot+FarField+GradFarF+Kalman+StaticSup,horizontal best
cap_002346,2026-08-24T15:34:30.702,horizontal,23.67,26.17,1,0,0.0,TempBand+Watershed+Merge+ClustSml+ShapeGate+MinPeaks+P-Filter+EquipRej+SkinPrio+Omega+OmScale+OmSplit+OmRot+FarField+GradFarF+Kalman+StaticSup,horizontal best
cap_002347,2026-08-24T15:34:30.826,horizontal,23.91,26.41,1,0,0.0,TempBand+Watershed+Merge+ClustSml+ShapeGate+MinPeaks+P-Filter+EquipRej+SkinPrio+Omega+OmScale+OmSplit+OmRot+FarField+GradFarF+Kalman+StaticSup,horizontal best
cap_002348,2026-08-24T15:34:30.928,horizontal,24.07,26.57,1,0,0.0,TempBand+Watershed+Merge+ClustSml+ShapeGate+MinPeaks+P-Filter+EquipRej+SkinPrio+Omega+OmScale+OmSplit+OmRot+FarField+GradFarF+Kalman+StaticSup,horizontal best
cap_002349,2026-08-24T15:34:31.054,horizontal,24.04,26.54,1,0,0.0,TempBand+Watershed+Merge+ClustSml+ShapeGate+MinPeaks+P-Filter+EquipRej+SkinPrio+Omega+OmScale+OmSplit+OmRot+FarField+GradFarF+Kalman+StaticSup,horizontal best
cap_002350,2026-08-24T15:34:31.153,horizontal,24.04,26.54,1,0,0.0,TempBand+Watershed+Merge+ClustSml+ShapeGate+MinPeaks+P-Filter+EquipRej+SkinPrio+Omega+OmScale+OmSplit+OmRot+FarField+GradFarF+Kalman+StaticSup,horizontal best
cap_002351,2026-08-24T15:34:31.281,horizontal,23.91,26.41,1,0,0.0,TempBand+Watershed+Merge+ClustSml+ShapeGate+MinPeaks+P-Filter+EquipRej+SkinPrio+Omega+OmScale+OmSplit+OmRot+FarField+GradFarF+Kalman+StaticSup,horizontal best
cap_002352,2026-08-24T15:34:31.407,horizontal,23.79,26.29,1,0,0.0,TempBand+Watershed+Merge+ClustSml+ShapeGate+MinPeaks+P-Filter+EquipRej+SkinPrio+Omega+OmScale+OmSplit+OmRot+FarField+GradFarF+Kalman+StaticSup,horizontal best
cap_002353,2026-08-24T15:34:31.501,horizontal,23.77,26.27,1,0,0.0,TempBand+Watershed+Merge+ClustSml+ShapeGate+MinPeaks+P-Filter+EquipRej+SkinPrio+Omega+OmScale+OmSplit+OmRot+FarField+GradFarF+Kalman+StaticSup,horizontal best
cap_002354,2026-08-24T15:34:31.630,horizontal,23.74,26.24,1,0,0.0,TempBand+Watershed+Merge+ClustSml+ShapeGate+MinPeaks+P-Filter+EquipRej+SkinPrio+Omega+OmScale+OmSplit+OmRot+FarField+GradFarF+Kalman+StaticSup,horizontal best
cap_002355,2026-08-24T15:34:31.726,horizontal,23.67,26.17,1,0,0.0,TempBand+Watershed+Merge+ClustSml+ShapeGate+MinPeaks+P-Filter+EquipRej+SkinPrio+Omega+OmScale+OmSplit+OmRot+FarField+GradFarF+Kalman+StaticSup,horizontal best
cap_002356,2026-08-24T15:34:31.854,horizontal,23.55,26.05,1,2,0.9265985351821924,TempBand+Watershed+Merge+ClustSml+ShapeGate+MinPeaks+P-Filter+EquipRej+SkinPrio+Omega+OmScale+OmSplit+OmRot+FarField+GradFarF+Kalman+StaticSup,horizontal best
cap_002357,2026-08-24T15:34:31.952,horizontal,23.53,26.03,1,0,0.0,TempBand+Watershed+Merge+ClustSml+ShapeGate+MinPeaks+P-Filter+EquipRej+SkinPrio+Omega+OmScale+OmSplit+OmRot+FarField+GradFarF+Kalman+StaticSup,horizontal best
cap_002358,2026-08-24T15:34:32.078,horizontal,23.48,25.98,1,2,0.9265985351821924,TempBand+Watershed+Merge+ClustSml+ShapeGate+MinPeaks+P-Filter+EquipRej+SkinPrio+Omega+OmScale+OmSplit+OmRot+FarField+GradFarF+Kalman+StaticSup,horizontal best
cap_002359,2026-08-24T15:34:32.206,horizontal,23.41,25.91,1,0,0.0,TempBand+Watershed+Merge+ClustSml+ShapeGate+MinPeaks+P-Filter+EquipRej+SkinPrio+Omega+OmScale+OmSplit+OmRot+FarField+GradFarF+Kalman+StaticSup,horizontal best
cap_002360,2026-08-24T15:34:32.296,horizontal,23.34,25.84,1,0,0.0,TempBand+Watershed+Merge+ClustSml+ShapeGate+MinPeaks+P-Filter+EquipRej+SkinPrio+Omega+OmScale+OmSplit+OmRot+FarField+GradFarF+Kalman+StaticSup,horizontal best
cap_002361,2026-08-24T15:34:32.430,horizontal,23.34,25.84,1,0,0.0,TempBand+Watershed+Merge+ClustSml+ShapeGate+MinPeaks+P-Filter+EquipRej+SkinPrio+Omega+OmScale+OmSplit+OmRot+FarField+GradFarF+Kalman+StaticSup,horizontal best
cap_002362,2026-08-24T15:34:32.526,horizontal,23.34,25.84,1,0,0.0,TempBand+Watershed+Merge+ClustSml+ShapeGate+MinPeaks+P-Filter+EquipRej+SkinPrio+Omega+OmScale+OmSplit+OmRot+FarField+GradFarF+Kalman+StaticSup,horizontal best
cap_002363,2026-08-24T15:34:32.653,horizontal,23.32,25.82,1,0,0.0,TempBand+Watershed+Merge+ClustSml+ShapeGate+MinPeaks+P-Filter+EquipRej+SkinPrio+Omega+OmScale+OmSplit+OmRot+FarField+GradFarF+Kalman+StaticSup,horizontal best
cap_002364,2026-08-24T15:34:32.747,horizontal,23.32,25.82,1,0,0.0,TempBand+Watershed+Merge+ClustSml+ShapeGate+MinPeaks+P-Filter+EquipRej+SkinPrio+Omega+OmScale+OmSplit+OmRot+FarField+GradFarF+Kalman+StaticSup,horizontal best
cap_002365,2026-08-24T15:34:32.876,horizontal,23.34,25.84,1,0,0.0,TempBand+Watershed+Merge+ClustSml+ShapeGate+MinPeaks+P-Filter+EquipRej+SkinPrio+Omega+OmScale+OmSplit+OmRot+FarField+GradFarF+Kalman+StaticSup,horizontal best
cap_002366,2026-08-24T15:34:32.969,horizontal,23.34,25.84,1,0,0.0,TempBand+Watershed+Merge+ClustSml+ShapeGate+MinPeaks+P-Filter+EquipRej+SkinPrio+Omega+OmScale+OmSplit+OmRot+FarField+GradFarF+Kalman+StaticSup,horizontal best
cap_002367,2026-08-24T15:34:33.103,horizontal,23.36,25.86,1,0,0.0,TempBand+Watershed+Merge+ClustSml+ShapeGate+MinPeaks+P-Filter+EquipRej+SkinPrio+Omega+OmScale+OmSplit+OmRot+FarField+GradFarF+Kalman+StaticSup,horizontal best
cap_002368,2026-08-24T15:34:33.230,horizontal,23.36,25.86,1,0,0.0,TempBand+Watershed+Merge+ClustSml+ShapeGate+MinPeaks+P-Filter+EquipRej+SkinPrio+Omega+OmScale+OmSplit+OmRot+FarField+GradFarF+Kalman+StaticSup,horizontal best
cap_002369,2026-08-24T15:34:33.327,horizontal,23.39,25.89,2,2,0.9247856511940136,TempBand+Watershed+Merge+ClustSml+ShapeGate+MinPeaks+P-Filter+EquipRej+SkinPrio+Omega+OmScale+OmSplit+OmRot+FarField+GradFarF+Kalman+StaticSup,horizontal best
cap_002370,2026-08-24T15:34:33.455,horizontal,23.39,25.89,2,2,0.8684704591579538,TempBand+Watershed+Merge+ClustSml+ShapeGate+MinPeaks+P-Filter+EquipRej+SkinPrio+Omega+OmScale+OmSplit+OmRot+FarField+GradFarF+Kalman+StaticSup,horizontal best
cap_002371,2026-08-24T15:34:33.552,horizontal,23.41,25.91,2,2,0.7796173949861659,TempBand+Watershed+Merge+ClustSml+ShapeGate+MinPeaks+P-Filter+EquipRej+SkinPrio+Omega+OmScale+OmSplit+OmRot+FarField+GradFarF+Kalman+StaticSup,horizontal best
cap_002372,2026-08-24T15:34:33.683,horizontal,23.41,25.91,2,2,0.8906728048171902,TempBand+Watershed+Merge+ClustSml+ShapeGate+MinPeaks+P-Filter+EquipRej+SkinPrio+Omega+OmScale+OmSplit+OmRot+FarField+GradFarF+Kalman+StaticSup,horizontal best
cap_002373,2026-08-24T15:34:33.800,horizontal,23.41,25.91,1,2,0.9223590052681975,TempBand+Watershed+Merge+ClustSml+ShapeGate+MinPeaks+P-Filter+EquipRej+SkinPrio+Omega+OmScale+OmSplit+OmRot+FarField+GradFarF+Kalman+StaticSup,horizontal best
cap_002374,2026-08-24T15:34:33.902,horizontal,23.43,25.93,1,2,0.8952821784089987,TempBand+Watershed+Merge+ClustSml+ShapeGate+MinPeaks+P-Filter+EquipRej+SkinPrio+Omega+OmScale+OmSplit+OmRot+FarField+GradFarF+Kalman+StaticSup,horizontal best
cap_002375,2026-08-24T15:34:33.998,horizontal,23.53,26.03,1,2,0.873514533286897,TempBand+Watershed+Merge+ClustSml+ShapeGate+MinPeaks+P-Filter+EquipRej+SkinPrio+Omega+OmScale+OmSplit+OmRot+FarField+GradFarF+Kalman+StaticSup,horizontal best
cap_002376,2026-08-24T15:34:34.126,horizontal,23.58,26.08,1,2,0.8066015843678019,TempBand+Watershed+Merge+ClustSml+ShapeGate+MinPeaks+P-Filter+EquipRej+SkinPrio+Omega+OmScale+OmSplit+OmRot+FarField+GradFarF+Kalman+StaticSup,horizontal best
cap_002377,2026-08-24T15:34:34.255,horizontal,23.58,26.08,1,1,0.8326975350759129,TempBand+Watershed+Merge+ClustSml+ShapeGate+MinPeaks+P-Filter+EquipRej+SkinPrio+Omega+OmScale+OmSplit+OmRot+FarField+GradFarF+Kalman+StaticSup,horizontal best
cap_002378,2026-08-24T15:34:34.352,horizontal,23.60,26.10,1,2,0.8111032698031805,TempBand+Watershed+Merge+ClustSml+ShapeGate+MinPeaks+P-Filter+EquipRej+SkinPrio+Omega+OmScale+OmSplit+OmRot+FarField+GradFarF+Kalman+StaticSup,horizontal best
cap_002379,2026-08-24T15:34:34.479,horizontal,23.60,26.10,2,2,0.8426200483517713,TempBand+Watershed+Merge+ClustSml+ShapeGate+MinPeaks+P-Filter+EquipRej+SkinPrio+Omega+OmScale+OmSplit+OmRot+FarField+GradFarF+Kalman+StaticSup,horizontal best
cap_002380,2026-08-24T15:34:34.580,horizontal,23.62,26.12,2,2,0.8380955291898182,TempBand+Watershed+Merge+ClustSml+ShapeGate+MinPeaks+P-Filter+EquipRej+SkinPrio+Omega+OmScale+OmSplit+OmRot+FarField+GradFarF+Kalman+StaticSup,horizontal best
cap_002381,2026-08-24T15:34:34.705,horizontal,23.65,26.15,3,2,0.8269670505428529,TempBand+Watershed+Merge+ClustSml+ShapeGate+MinPeaks+P-Filter+EquipRej+SkinPrio+Omega+OmScale+OmSplit+OmRot+FarField+GradFarF+Kalman+StaticSup,horizontal best
cap_002382,2026-08-24T15:34:34.804,horizontal,23.72,26.22,2,3,0.841817222115919,TempBand+Watershed+Merge+ClustSml+ShapeGate+MinPeaks+P-Filter+EquipRej+SkinPrio+Omega+OmScale+OmSplit+OmRot+FarField+GradFarF+Kalman+StaticSup,horizontal best
cap_002383,2026-08-24T15:34:34.930,horizontal,23.74,26.24,2,3,0.9732088948362073,TempBand+Watershed+Merge+ClustSml+ShapeGate+MinPeaks+P-Filter+EquipRej+SkinPrio+Omega+OmScale+OmSplit+OmRot+FarField+GradFarF+Kalman+StaticSup,horizontal best
cap_002384,2026-08-24T15:34:35.055,horizontal,23.74,26.24,2,1,0.8692843624968184,TempBand+Watershed+Merge+ClustSml+ShapeGate+MinPeaks+P-Filter+EquipRej+SkinPrio+Omega+OmScale+OmSplit+OmRot+FarField+GradFarF+Kalman+StaticSup,horizontal best
cap_002385,2026-08-24T15:34:35.150,horizontal,23.79,26.29,2,1,0.857075174669066,TempBand+Watershed+Merge+ClustSml+ShapeGate+MinPeaks+P-Filter+EquipRej+SkinPrio+Omega+OmScale+OmSplit+OmRot+FarField+GradFarF+Kalman+StaticSup,horizontal best
cap_002386,2026-08-24T15:34:35.284,horizontal,23.81,26.31,2,3,0.9780433962850975,TempBand+Watershed+Merge+ClustSml+ShapeGate+MinPeaks+P-Filter+EquipRej+SkinPrio+Omega+OmScale+OmSplit+OmRot+FarField+GradFarF+Kalman+StaticSup,horizontal best
cap_002387,2026-08-24T15:34:35.380,horizontal,23.81,26.31,2,1,0.8608524933383009,TempBand+Watershed+Merge+ClustSml+ShapeGate+MinPeaks+P-Filter+EquipRej+SkinPrio+Omega+OmScale+OmSplit+OmRot+FarField+GradFarF+Kalman+StaticSup,horizontal best
cap_002388,2026-08-24T15:34:35.507,horizontal,23.86,26.36,2,3,0.9755423225851506,TempBand+Watershed+Merge+ClustSml+ShapeGate+MinPeaks+P-Filter+EquipRej+SkinPrio+Omega+OmScale+OmSplit+OmRot+FarField+GradFarF+Kalman+StaticSup,horizontal best
cap_002389,2026-08-24T15:34:35.601,horizontal,23.88,26.38,2,3,0.9611563412326692,TempBand+Watershed+Merge+ClustSml+ShapeGate+MinPeaks+P-Filter+EquipRej+SkinPrio+Omega+OmScale+OmSplit+OmRot+FarField+GradFarF+Kalman+StaticSup,horizontal best
cap_002390,2026-08-24T15:34:35.724,horizontal,23.88,26.38,1,1,0.843554763656479,TempBand+Watershed+Merge+ClustSml+ShapeGate+MinPeaks+P-Filter+EquipRej+SkinPrio+Omega+OmScale+OmSplit+OmRot+FarField+GradFarF+Kalman+StaticSup,horizontal best
cap_002391,2026-08-24T15:34:35.822,horizontal,23.88,26.38,1,2,0.8671878016319893,TempBand+Watershed+Merge+ClustSml+ShapeGate+MinPeaks+P-Filter+EquipRej+SkinPrio+Omega+OmScale+OmSplit+OmRot+FarField+GradFarF+Kalman+StaticSup,horizontal best
cap_002392,2026-08-24T15:34:35.951,horizontal,23.91,26.41,1,2,0.8692883157835415,TempBand+Watershed+Merge+ClustSml+ShapeGate+MinPeaks+P-Filter+EquipRej+SkinPrio+Omega+OmScale+OmSplit+OmRot+FarField+GradFarF+Kalman+StaticSup,horizontal best
cap_002393,2026-08-24T15:34:36.080,horizontal,24.00,26.50,1,2,0.8771919405772292,TempBand+Watershed+Merge+ClustSml+ShapeGate+MinPeaks+P-Filter+EquipRej+SkinPrio+Omega+OmScale+OmSplit+OmRot+FarField+GradFarF+Kalman+StaticSup,horizontal best
cap_002394,2026-08-24T15:34:36.252,horizontal,23.98,26.48,1,2,0.8436577596033661,TempBand+Watershed+Merge+ClustSml+ShapeGate+MinPeaks+P-Filter+EquipRej+SkinPrio+Omega+OmScale+OmSplit+OmRot+FarField+GradFarF+Kalman+StaticSup,horizontal best
cap_002395,2026-08-24T15:34:36.320,horizontal,23.98,26.48,1,2,0.8436577596033661,TempBand+Watershed+Merge+ClustSml+ShapeGate+MinPeaks+P-Filter+EquipRej+SkinPrio+Omega+OmScale+OmSplit+OmRot+FarField+GradFarF+Kalman+StaticSup,horizontal best
cap_002396,2026-08-24T15:34:36.400,horizontal,23.98,26.48,1,2,0.8436577596033661,TempBand+Watershed+Merge+ClustSml+ShapeGate+MinPeaks+P-Filter+EquipRej+SkinPrio+Omega+OmScale+OmSplit+OmRot+FarField+GradFarF+Kalman+StaticSup,horizontal best
cap_002397,2026-08-24T15:34:36.530,horizontal,23.98,26.48,1,2,0.8410759287073365,TempBand+Watershed+Merge+ClustSml+ShapeGate+MinPeaks+P-Filter+EquipRej+SkinPrio+Omega+OmScale+OmSplit+OmRot+FarField+GradFarF+Kalman+StaticSup,horizontal best
cap_002398,2026-08-24T15:34:36.623,horizontal,24.00,26.50,1,2,0.8436577596033661,TempBand+Watershed+Merge+ClustSml+ShapeGate+MinPeaks+P-Filter+EquipRej+SkinPrio+Omega+OmScale+OmSplit+OmRot+FarField+GradFarF+Kalman+StaticSup,horizontal best
cap_002399,2026-08-24T15:34:36.771,horizontal,24.07,26.57,1,0,0.0,TempBand+Watershed+Merge+ClustSml+ShapeGate+MinPeaks+P-Filter+EquipRej+SkinPrio+Omega+OmScale+OmSplit+OmRot+FarField+GradFarF+Kalman+StaticSup,horizontal best
cap_002400,2026-08-24T15:34:36.877,horizontal,24.07,26.57,1,2,0.8602136646196805,TempBand+Watershed+Merge+ClustSml+ShapeGate+MinPeaks+P-Filter+EquipRej+SkinPrio+Omega+OmScale+OmSplit+OmRot+FarField+GradFarF+Kalman+StaticSup,horizontal best
cap_002401,2026-08-24T15:34:36.973,horizontal,24.09,26.59,1,2,0.8610483301680066,TempBand+Watershed+Merge+ClustSml+ShapeGate+MinPeaks+P-Filter+EquipRej+SkinPrio+Omega+OmScale+OmSplit+OmRot+FarField+GradFarF+Kalman+StaticSup,horizontal best
cap_002402,2026-08-24T15:34:37.104,horizontal,24.11,26.61,1,2,0.8610483301680066,TempBand+Watershed+Merge+ClustSml+ShapeGate+MinPeaks+P-Filter+EquipRej+SkinPrio+Omega+OmScale+OmSplit+OmRot+FarField+GradFarF+Kalman+StaticSup,horizontal best
cap_002403,2026-08-24T15:34:37.199,horizontal,24.14,26.64,1,2,0.8866227796900583,TempBand+Watershed+Merge+ClustSml+ShapeGate+MinPeaks+P-Filter+EquipRej+SkinPrio+Omega+OmScale+OmSplit+OmRot+FarField+GradFarF+Kalman+StaticSup,horizontal best
cap_002404,2026-08-24T15:34:37.325,horizontal,24.14,26.64,1,1,0.9612800439900814,TempBand+Watershed+Merge+ClustSml+ShapeGate+MinPeaks+P-Filter+EquipRej+SkinPrio+Omega+OmScale+OmSplit+OmRot+FarField+GradFarF+Kalman+StaticSup,horizontal best
cap_002405,2026-08-24T15:34:37.421,horizontal,24.16,26.66,1,1,0.9079193689948555,TempBand+Watershed+Merge+ClustSml+ShapeGate+MinPeaks+P-Filter+EquipRej+SkinPrio+Omega+OmScale+OmSplit+OmRot+FarField+GradFarF+Kalman+StaticSup,horizontal best
cap_002406,2026-08-24T15:34:37.550,horizontal,24.16,26.66,1,1,0.9208062123300357,TempBand+Watershed+Merge+ClustSml+ShapeGate+MinPeaks+P-Filter+EquipRej+SkinPrio+Omega+OmScale+OmSplit+OmRot+FarField+GradFarF+Kalman+StaticSup,horizontal best
cap_002407,2026-08-24T15:34:37.644,horizontal,24.16,26.66,1,1,0.8793381679320921,TempBand+Watershed+Merge+ClustSml+ShapeGate+MinPeaks+P-Filter+EquipRej+SkinPrio+Omega+OmScale+OmSplit+OmRot+FarField+GradFarF+Kalman+StaticSup,horizontal best
cap_002408,2026-08-24T15:34:37.773,horizontal,24.16,26.66,1,1,0.840587448997514,TempBand+Watershed+Merge+ClustSml+ShapeGate+MinPeaks+P-Filter+EquipRej+SkinPrio+Omega+OmScale+OmSplit+OmRot+FarField+GradFarF+Kalman+StaticSup,horizontal best
cap_002409,2026-08-24T15:34:37.902,horizontal,24.16,26.66,1,1,0.9318169258915479,TempBand+Watershed+Merge+ClustSml+ShapeGate+MinPeaks+P-Filter+EquipRej+SkinPrio+Omega+OmScale+OmSplit+OmRot+FarField+GradFarF+Kalman+StaticSup,horizontal best
cap_002410,2026-08-24T15:34:37.998,horizontal,24.18,26.68,1,1,0.9498230151741514,TempBand+Watershed+Merge+ClustSml+ShapeGate+MinPeaks+P-Filter+EquipRej+SkinPrio+Omega+OmScale+OmSplit+OmRot+FarField+GradFarF+Kalman+StaticSup,horizontal best
cap_002411,2026-08-24T15:34:38.144,horizontal,24.18,26.68,1,2,0.8860523750067033,TempBand+Watershed+Merge+ClustSml+ShapeGate+MinPeaks+P-Filter+EquipRej+SkinPrio+Omega+OmScale+OmSplit+OmRot+FarField+GradFarF+Kalman+StaticSup,horizontal best
cap_002412,2026-08-24T15:34:38.225,horizontal,24.18,26.68,1,1,0.9098729705876846,TempBand+Watershed+Merge+ClustSml+ShapeGate+MinPeaks+P-Filter+EquipRej+SkinPrio+Omega+OmScale+OmSplit+OmRot+FarField+GradFarF+Kalman+StaticSup,horizontal best
cap_002413,2026-08-24T15:34:38.355,horizontal,24.23,26.73,1,2,0.885173548791259,TempBand+Watershed+Merge+ClustSml+ShapeGate+MinPeaks+P-Filter+EquipRej+SkinPrio+Omega+OmScale+OmSplit+OmRot+FarField+GradFarF+Kalman+StaticSup,horizontal best
cap_002414,2026-08-24T15:34:38.447,horizontal,24.28,26.78,1,2,0.9791594725623068,TempBand+Watershed+Merge+ClustSml+ShapeGate+MinPeaks+P-Filter+EquipRej+SkinPrio+Omega+OmScale+OmSplit+OmRot+FarField+GradFarF+Kalman+StaticSup,horizontal best
cap_002415,2026-08-24T15:34:38.582,horizontal,24.28,26.78,1,1,0.9431578034853676,TempBand+Watershed+Merge+ClustSml+ShapeGate+MinPeaks+P-Filter+EquipRej+SkinPrio+Omega+OmScale+OmSplit+OmRot+FarField+GradFarF+Kalman+StaticSup,horizontal best
cap_002416,2026-08-24T15:34:38.709,horizontal,24.28,26.78,1,2,0.9470823981972257,TempBand+Watershed+Merge+ClustSml+ShapeGate+MinPeaks+P-Filter+EquipRej+SkinPrio+Omega+OmScale+OmSplit+OmRot+FarField+GradFarF+Kalman+StaticSup,horizontal best
cap_002417,2026-08-24T15:34:38.802,horizontal,24.28,26.78,1,3,0.8342463980898631,TempBand+Watershed+Merge+ClustSml+ShapeGate+MinPeaks+P-Filter+EquipRej+SkinPrio+Omega+OmScale+OmSplit+OmRot+FarField+GradFarF+Kalman+StaticSup,horizontal best
cap_002418,2026-08-24T15:34:38.927,horizontal,24.30,26.80,1,2,0.9706498041919176,TempBand+Watershed+Merge+ClustSml+ShapeGate+MinPeaks+P-Filter+EquipRej+SkinPrio+Omega+OmScale+OmSplit+OmRot+FarField+GradFarF+Kalman+StaticSup,horizontal best
cap_002419,2026-08-24T15:34:39.025,horizontal,24.30,26.80,1,3,0.8811606455570382,TempBand+Watershed+Merge+ClustSml+ShapeGate+MinPeaks+P-Filter+EquipRej+SkinPrio+Omega+OmScale+OmSplit+OmRot+FarField+GradFarF+Kalman+StaticSup,horizontal best
cap_002420,2026-08-24T15:34:39.151,horizontal,24.32,26.82,1,2,0.9133560684891661,TempBand+Watershed+Merge+ClustSml+ShapeGate+MinPeaks+P-Filter+EquipRej+SkinPrio+Omega+OmScale+OmSplit+OmRot+FarField+GradFarF+Kalman+StaticSup,horizontal best
cap_002421,2026-08-24T15:34:39.247,horizontal,24.32,26.82,1,1,0.9388651780353049,TempBand+Watershed+Merge+ClustSml+ShapeGate+MinPeaks+P-Filter+EquipRej+SkinPrio+Omega+OmScale+OmSplit+OmRot+FarField+GradFarF+Kalman+StaticSup,horizontal best
cap_002422,2026-08-24T15:34:39.376,horizontal,24.32,26.82,1,2,0.8236637757456223,TempBand+Watershed+Merge+ClustSml+ShapeGate+MinPeaks+P-Filter+EquipRej+SkinPrio+Omega+OmScale+OmSplit+OmRot+FarField+GradFarF+Kalman+StaticSup,horizontal best
cap_002423,2026-08-24T15:34:39.471,horizontal,24.30,26.80,1,1,0.8878210209008742,TempBand+Watershed+Merge+ClustSml+ShapeGate+MinPeaks+P-Filter+EquipRej+SkinPrio+Omega+OmScale+OmSplit+OmRot+FarField+GradFarF+Kalman+StaticSup,horizontal best
cap_002424,2026-08-24T15:34:39.600,horizontal,24.25,26.75,1,1,0.968806526337067,TempBand+Watershed+Merge+ClustSml+ShapeGate+MinPeaks+P-Filter+EquipRej+SkinPrio+Omega+OmScale+OmSplit+OmRot+FarField+GradFarF+Kalman+StaticSup,horizontal best
cap_002425,2026-08-24T15:34:39.728,horizontal,24.25,26.75,1,1,0.8801745976488434,TempBand+Watershed+Merge+ClustSml+ShapeGate+MinPeaks+P-Filter+EquipRej+SkinPrio+Omega+OmScale+OmSplit+OmRot+FarField+GradFarF+Kalman+StaticSup,horizontal best
cap_002426,2026-08-24T15:34:39.833,horizontal,24.25,26.75,1,1,0.9143669269657942,TempBand+Watershed+Merge+ClustSml+ShapeGate+MinPeaks+P-Filter+EquipRej+SkinPrio+Omega+OmScale+OmSplit+OmRot+FarField+GradFarF+Kalman+StaticSup,horizontal best
cap_002427,2026-08-24T15:34:39.959,horizontal,24.25,26.75,1,1,0.8375969501556875,TempBand+Watershed+Merge+ClustSml+ShapeGate+MinPeaks+P-Filter+EquipRej+SkinPrio+Omega+OmScale+OmSplit+OmRot+FarField+GradFarF+Kalman+StaticSup,horizontal best
cap_002428,2026-08-24T15:34:40.050,horizontal,24.23,26.73,1,1,0.5610536553492008,TempBand+Watershed+Merge+ClustSml+ShapeGate+MinPeaks+P-Filter+EquipRej+SkinPrio+Omega+OmScale+OmSplit+OmRot+FarField+GradFarF+Kalman+StaticSup,horizontal best
cap_002429,2026-08-24T15:34:40.176,horizontal,24.25,26.75,1,1,0.43296256476234773,TempBand+Watershed+Merge+ClustSml+ShapeGate+MinPeaks+P-Filter+EquipRej+SkinPrio+Omega+OmScale+OmSplit+OmRot+FarField+GradFarF+Kalman+StaticSup,horizontal best
cap_002430,2026-08-24T15:34:40.271,horizontal,24.23,26.73,1,1,0.5788096960005394,TempBand+Watershed+Merge+ClustSml+ShapeGate+MinPeaks+P-Filter+EquipRej+SkinPrio+Omega+OmScale+OmSplit+OmRot+FarField+GradFarF+Kalman+StaticSup,horizontal best
cap_002431,2026-08-24T15:34:40.399,horizontal,24.28,26.78,1,1,0.09989898771756849,TempBand+Watershed+Merge+ClustSml+ShapeGate+MinPeaks+P-Filter+EquipRej+SkinPrio+Omega+OmScale+OmSplit+OmRot+FarField+GradFarF+Kalman+StaticSup,horizontal best
cap_002432,2026-08-24T15:34:40.494,horizontal,24.25,26.75,1,0,0.0,TempBand+Watershed+Merge+ClustSml+ShapeGate+MinPeaks+P-Filter+EquipRej+SkinPrio+Omega+OmScale+OmSplit+OmRot+FarField+GradFarF+Kalman+StaticSup,horizontal best
cap_002433,2026-08-24T15:34:40.623,horizontal,24.23,26.73,1,1,0.6307323647605781,TempBand+Watershed+Merge+ClustSml+ShapeGate+MinPeaks+P-Filter+EquipRej+SkinPrio+Omega+OmScale+OmSplit+OmRot+FarField+GradFarF+Kalman+StaticSup,horizontal best
cap_002434,2026-08-24T15:34:40.751,horizontal,24.23,26.73,1,1,0.7702599795929395,TempBand+Watershed+Merge+ClustSml+ShapeGate+MinPeaks+P-Filter+EquipRej+SkinPrio+Omega+OmScale+OmSplit+OmRot+FarField+GradFarF+Kalman+StaticSup,horizontal best
cap_002435,2026-08-24T15:34:40.848,horizontal,24.21,26.71,1,1,0.02682194163128219,TempBand+Watershed+Merge+ClustSml+ShapeGate+MinPeaks+P-Filter+EquipRej+SkinPrio+Omega+OmScale+OmSplit+OmRot+FarField+GradFarF+Kalman+StaticSup,horizontal best
cap_002436,2026-08-24T15:34:40.974,horizontal,24.21,26.71,1,0,0.0,TempBand+Watershed+Merge+ClustSml+ShapeGate+MinPeaks+P-Filter+EquipRej+SkinPrio+Omega+OmScale+OmSplit+OmRot+FarField+GradFarF+Kalman+StaticSup,horizontal best
cap_002437,2026-08-24T15:34:41.069,horizontal,24.21,26.71,1,1,0.5841404758201082,TempBand+Watershed+Merge+ClustSml+ShapeGate+MinPeaks+P-Filter+EquipRej+SkinPrio+Omega+OmScale+OmSplit+OmRot+FarField+GradFarF+Kalman+StaticSup,horizontal best
cap_002438,2026-08-24T15:34:41.199,horizontal,24.21,26.71,1,1,0.5417637764954049,TempBand+Watershed+Merge+ClustSml+ShapeGate+MinPeaks+P-Filter+EquipRej+SkinPrio+Omega+OmScale+OmSplit+OmRot+FarField+GradFarF+Kalman+StaticSup,horizontal best
cap_002439,2026-08-24T15:34:41.295,horizontal,24.18,26.68,1,0,0.0,TempBand+Watershed+Merge+ClustSml+ShapeGate+MinPeaks+P-Filter+EquipRej+SkinPrio+Omega+OmScale+OmSplit+OmRot+FarField+GradFarF+Kalman+StaticSup,horizontal best
cap_002440,2026-08-24T15:34:41.419,horizontal,24.18,26.68,1,0,0.0,TempBand+Watershed+Merge+ClustSml+ShapeGate+MinPeaks+P-Filter+EquipRej+SkinPrio+Omega+OmScale+OmSplit+OmRot+FarField+GradFarF+Kalman+StaticSup,horizontal best
cap_002441,2026-08-24T15:34:41.552,horizontal,24.23,26.73,1,1,0.04549276448668895,TempBand+Watershed+Merge+ClustSml+ShapeGate+MinPeaks+P-Filter+EquipRej+SkinPrio+Omega+OmScale+OmSplit+OmRot+FarField+GradFarF+Kalman+StaticSup,horizontal best
cap_002442,2026-08-24T15:34:41.645,horizontal,24.23,26.73,1,0,0.0,TempBand+Watershed+Merge+ClustSml+ShapeGate+MinPeaks+P-Filter+EquipRej+SkinPrio+Omega+OmScale+OmSplit+OmRot+FarField+GradFarF+Kalman+StaticSup,horizontal best
cap_002443,2026-08-24T15:34:41.783,horizontal,24.23,26.73,1,1,0.19843705264235048,TempBand+Watershed+Merge+ClustSml+ShapeGate+MinPeaks+P-Filter+EquipRej+SkinPrio+Omega+OmScale+OmSplit+OmRot+FarField+GradFarF+Kalman+StaticSup,horizontal best
cap_002444,2026-08-24T15:34:41.876,horizontal,24.25,26.75,1,0,0.0,TempBand+Watershed+Merge+ClustSml+ShapeGate+MinPeaks+P-Filter+EquipRej+SkinPrio+Omega+OmScale+OmSplit+OmRot+FarField+GradFarF+Kalman+StaticSup,horizontal best
cap_002445,2026-08-24T15:34:42.005,horizontal,24.35,26.85,1,0,0.0,TempBand+Watershed+Merge+ClustSml+ShapeGate+MinPeaks+P-Filter+EquipRej+SkinPrio+Omega+OmScale+OmSplit+OmRot+FarField+GradFarF+Kalman+StaticSup,horizontal best
cap_002446,2026-08-24T15:34:42.103,horizontal,24.32,26.82,1,0,0.0,TempBand+Watershed+Merge+ClustSml+ShapeGate+MinPeaks+P-Filter+EquipRej+SkinPrio+Omega+OmScale+OmSplit+OmRot+FarField+GradFarF+Kalman+StaticSup,horizontal best
cap_002447,2026-08-24T15:34:42.227,horizontal,24.30,26.80,1,0,0.0,TempBand+Watershed+Merge+ClustSml+ShapeGate+MinPeaks+P-Filter+EquipRej+SkinPrio+Omega+OmScale+OmSplit+OmRot+FarField+GradFarF+Kalman+StaticSup,horizontal best
cap_002448,2026-08-24T15:34:42.326,horizontal,24.30,26.80,2,2,0.980485949219873,TempBand+Watershed+Merge+ClustSml+ShapeGate+MinPeaks+P-Filter+EquipRej+SkinPrio+Omega+OmScale+OmSplit+OmRot+FarField+GradFarF+Kalman+StaticSup,horizontal best
cap_002449,2026-08-24T15:34:42.452,horizontal,24.30,26.80,1,0,0.0,TempBand+Watershed+Merge+ClustSml+ShapeGate+MinPeaks+P-Filter+EquipRej+SkinPrio+Omega+OmScale+OmSplit+OmRot+FarField+GradFarF+Kalman+StaticSup,horizontal best
cap_002450,2026-08-24T15:34:42.579,horizontal,24.30,26.80,1,0,0.0,TempBand+Watershed+Merge+ClustSml+ShapeGate+MinPeaks+P-Filter+EquipRej+SkinPrio+Omega+OmScale+OmSplit+OmRot+FarField+GradFarF+Kalman+StaticSup,horizontal best
cap_002451,2026-08-24T15:34:42.678,horizontal,24.30,26.80,1,0,0.0,TempBand+Watershed+Merge+ClustSml+ShapeGate+MinPeaks+P-Filter+EquipRej+SkinPrio+Omega+OmScale+OmSplit+OmRot+FarField+GradFarF+Kalman+StaticSup,horizontal best
cap_002452,2026-08-24T15:34:42.804,horizontal,24.32,26.82,2,2,0.9699807426210887,TempBand+Watershed+Merge+ClustSml+ShapeGate+MinPeaks+P-Filter+EquipRej+SkinPrio+Omega+OmScale+OmSplit+OmRot+FarField+GradFarF+Kalman+StaticSup,horizontal best
cap_002453,2026-08-24T15:34:42.900,horizontal,24.32,26.82,2,2,0.9699807426210887,TempBand+Watershed+Merge+ClustSml+ShapeGate+MinPeaks+P-Filter+EquipRej+SkinPrio+Omega+OmScale+OmSplit+OmRot+FarField+GradFarF+Kalman+StaticSup,horizontal best
cap_002454,2026-08-24T15:34:43.025,horizontal,24.32,26.82,2,3,0.9699807426210887,TempBand+Watershed+Merge+ClustSml+ShapeGate+MinPeaks+P-Filter+EquipRej+SkinPrio+Omega+OmScale+OmSplit+OmRot+FarField+GradFarF+Kalman+StaticSup,horizontal best
cap_002455,2026-08-24T15:34:43.124,horizontal,24.32,26.82,2,3,0.9699807426210887,TempBand+Watershed+Merge+ClustSml+ShapeGate+MinPeaks+P-Filter+EquipRej+SkinPrio+Omega+OmScale+OmSplit+OmRot+FarField+GradFarF+Kalman+StaticSup,horizontal best
cap_002456,2026-08-24T15:34:43.250,horizontal,24.32,26.82,1,1,0.6228505058697869,TempBand+Watershed+Merge+ClustSml+ShapeGate+MinPeaks+P-Filter+EquipRej+SkinPrio+Omega+OmScale+OmSplit+OmRot+FarField+GradFarF+Kalman+StaticSup,horizontal best
cap_002457,2026-08-24T15:34:43.377,horizontal,24.30,26.80,1,1,0.7778865858780496,TempBand+Watershed+Merge+ClustSml+ShapeGate+MinPeaks+P-Filter+EquipRej+SkinPrio+Omega+OmScale+OmSplit+OmRot+FarField+GradFarF+Kalman+StaticSup,horizontal best
cap_002458,2026-08-24T15:34:43.473,horizontal,24.32,26.82,1,1,0.8295390691885169,TempBand+Watershed+Merge+ClustSml+ShapeGate+MinPeaks+P-Filter+EquipRej+SkinPrio+Omega+OmScale+OmSplit+OmRot+FarField+GradFarF+Kalman+StaticSup,horizontal best
cap_002459,2026-08-24T15:34:43.624,horizontal,24.35,26.85,1,1,0.9138726991072493,TempBand+Watershed+Merge+ClustSml+ShapeGate+MinPeaks+P-Filter+EquipRej+SkinPrio+Omega+OmScale+OmSplit+OmRot+FarField+GradFarF+Kalman+StaticSup,horizontal best
cap_002460,2026-08-24T15:34:43.700,horizontal,24.35,26.85,2,2,0.940724015414591,TempBand+Watershed+Merge+ClustSml+ShapeGate+MinPeaks+P-Filter+EquipRej+SkinPrio+Omega+OmScale+OmSplit+OmRot+FarField+GradFarF+Kalman+StaticSup,horizontal best
cap_002461,2026-08-24T15:34:43.828,horizontal,24.35,26.85,1,0,0.0,TempBand+Watershed+Merge+ClustSml+ShapeGate+MinPeaks+P-Filter+EquipRej+SkinPrio+Omega+OmScale+OmSplit+OmRot+FarField+GradFarF+Kalman+StaticSup,horizontal best
cap_002462,2026-08-24T15:34:43.924,horizontal,24.35,26.85,1,0,0.0,TempBand+Watershed+Merge+ClustSml+ShapeGate+MinPeaks+P-Filter+EquipRej+SkinPrio+Omega+OmScale+OmSplit+OmRot+FarField+GradFarF+Kalman+StaticSup,horizontal best
cap_002463,2026-08-24T15:34:44.046,horizontal,24.32,26.82,1,1,0.46684593536047014,TempBand+Watershed+Merge+ClustSml+ShapeGate+MinPeaks+P-Filter+EquipRej+SkinPrio+Omega+OmScale+OmSplit+OmRot+FarField+GradFarF+Kalman+StaticSup,horizontal best
cap_002464,2026-08-24T15:34:44.138,horizontal,24.32,26.82,1,0,0.0,TempBand+Watershed+Merge+ClustSml+ShapeGate+MinPeaks+P-Filter+EquipRej+SkinPrio+Omega+OmScale+OmSplit+OmRot+FarField+GradFarF+Kalman+StaticSup,horizontal best
cap_002465,2026-08-24T15:34:44.278,horizontal,24.32,26.82,1,0,0.0,TempBand+Watershed+Merge+ClustSml+ShapeGate+MinPeaks+P-Filter+EquipRej+SkinPrio+Omega+OmScale+OmSplit+OmRot+FarField+GradFarF+Kalman+StaticSup,horizontal best
cap_002466,2026-08-24T15:34:44.400,horizontal,24.30,26.80,1,0,0.0,TempBand+Watershed+Merge+ClustSml+ShapeGate+MinPeaks+P-Filter+EquipRej+SkinPrio+Omega+OmScale+OmSplit+OmRot+FarField+GradFarF+Kalman+StaticSup,horizontal best
cap_002467,2026-08-24T15:34:44.495,horizontal,24.30,26.80,1,1,0.9905642416964764,TempBand+Watershed+Merge+ClustSml+ShapeGate+MinPeaks+P-Filter+EquipRej+SkinPrio+Omega+OmScale+OmSplit+OmRot+FarField+GradFarF+Kalman+StaticSup,horizontal best
cap_002468,2026-08-24T15:34:44.624,horizontal,24.30,26.80,1,1,0.9015227179008887,TempBand+Watershed+Merge+ClustSml+ShapeGate+MinPeaks+P-Filter+EquipRej+SkinPrio+Omega+OmScale+OmSplit+OmRot+FarField+GradFarF+Kalman+StaticSup,horizontal best
cap_002469,2026-08-24T15:34:44.721,horizontal,24.32,26.82,1,0,0.0,TempBand+Watershed+Merge+ClustSml+ShapeGate+MinPeaks+P-Filter+EquipRej+SkinPrio+Omega+OmScale+OmSplit+OmRot+FarField+GradFarF+Kalman+StaticSup,horizontal best
cap_002470,2026-08-24T15:34:44.847,horizontal,24.32,26.82,1,0,0.0,TempBand+Watershed+Merge+ClustSml+ShapeGate+MinPeaks+P-Filter+EquipRej+SkinPrio+Omega+OmScale+OmSplit+OmRot+FarField+GradFarF+Kalman+StaticSup,horizontal best
cap_002471,2026-08-24T15:34:44.945,horizontal,24.32,26.82,1,0,0.0,TempBand+Watershed+Merge+ClustSml+ShapeGate+MinPeaks+P-Filter+EquipRej+SkinPrio+Omega+OmScale+OmSplit+OmRot+FarField+GradFarF+Kalman+StaticSup,horizontal best
cap_002472,2026-08-24T15:34:45.080,horizontal,24.30,26.80,1,0,0.0,TempBand+Watershed+Merge+ClustSml+ShapeGate+MinPeaks+P-Filter+EquipRej+SkinPrio+Omega+OmScale+OmSplit+OmRot+FarField+GradFarF+Kalman+StaticSup,horizontal best
cap_002473,2026-08-24T15:34:45.198,horizontal,24.30,26.80,1,0,0.0,TempBand+Watershed+Merge+ClustSml+ShapeGate+MinPeaks+P-Filter+EquipRej+SkinPrio+Omega+OmScale+OmSplit+OmRot+FarField+GradFarF+Kalman+StaticSup,horizontal best
cap_002474,2026-08-24T15:34:45.293,horizontal,24.28,26.78,1,0,0.0,TempBand+Watershed+Merge+ClustSml+ShapeGate+MinPeaks+P-Filter+EquipRej+SkinPrio+Omega+OmScale+OmSplit+OmRot+FarField+GradFarF+Kalman+StaticSup,horizontal best
cap_002475,2026-08-24T15:34:45.420,horizontal,24.30,26.80,1,1,0.7412660626925017,TempBand+Watershed+Merge+ClustSml+ShapeGate+MinPeaks+P-Filter+EquipRej+SkinPrio+Omega+OmScale+OmSplit+OmRot+FarField+GradFarF+Kalman+StaticSup,horizontal best
cap_002476,2026-08-24T15:34:45.524,horizontal,24.30,26.80,1,0,0.0,TempBand+Watershed+Merge+ClustSml+ShapeGate+MinPeaks+P-Filter+EquipRej+SkinPrio+Omega+OmScale+OmSplit+OmRot+FarField+GradFarF+Kalman+StaticSup,horizontal best
cap_002477,2026-08-24T15:34:45.646,horizontal,24.28,26.78,1,0,0.0,TempBand+Watershed+Merge+ClustSml+ShapeGate+MinPeaks+P-Filter+EquipRej+SkinPrio+Omega+OmScale+OmSplit+OmRot+FarField+GradFarF+Kalman+StaticSup,horizontal best
cap_002478,2026-08-24T15:34:45.743,horizontal,24.28,26.78,1,0,0.0,TempBand+Watershed+Merge+ClustSml+ShapeGate+MinPeaks+P-Filter+EquipRej+SkinPrio+Omega+OmScale+OmSplit+OmRot+FarField+GradFarF+Kalman+StaticSup,horizontal best
cap_002479,2026-08-24T15:34:45.885,horizontal,24.28,26.78,1,1,0.910709000716049,TempBand+Watershed+Merge+ClustSml+ShapeGate+MinPeaks+P-Filter+EquipRej+SkinPrio+Omega+OmScale+OmSplit+OmRot+FarField+GradFarF+Kalman+StaticSup,horizontal best
cap_002480,2026-08-24T15:34:45.965,horizontal,24.30,26.80,1,1,0.8175922438386727,TempBand+Watershed+Merge+ClustSml+ShapeGate+MinPeaks+P-Filter+EquipRej+SkinPrio+Omega+OmScale+OmSplit+OmRot+FarField+GradFarF+Kalman+StaticSup,horizontal best
cap_002481,2026-08-24T15:34:46.097,horizontal,24.30,26.80,1,1,0.9365712978052978,TempBand+Watershed+Merge+ClustSml+ShapeGate+MinPeaks+P-Filter+EquipRej+SkinPrio+Omega+OmScale+OmSplit+OmRot+FarField+GradFarF+Kalman+StaticSup,horizontal best
cap_002482,2026-08-24T15:34:46.223,horizontal,24.30,26.80,1,1,0.9275664269233559,TempBand+Watershed+Merge+ClustSml+ShapeGate+MinPeaks+P-Filter+EquipRej+SkinPrio+Omega+OmScale+OmSplit+OmRot+FarField+GradFarF+Kalman+StaticSup,horizontal best
cap_002483,2026-08-24T15:34:46.314,horizontal,24.28,26.78,1,0,0.0,TempBand+Watershed+Merge+ClustSml+ShapeGate+MinPeaks+P-Filter+EquipRej+SkinPrio+Omega+OmScale+OmSplit+OmRot+FarField+GradFarF+Kalman+StaticSup,horizontal best
cap_002484,2026-08-24T15:34:46.448,horizontal,24.28,26.78,1,0,0.0,TempBand+Watershed+Merge+ClustSml+ShapeGate+MinPeaks+P-Filter+EquipRej+SkinPrio+Omega+OmScale+OmSplit+OmRot+FarField+GradFarF+Kalman+StaticSup,horizontal best
cap_002485,2026-08-24T15:34:46.543,horizontal,24.28,26.78,1,1,0.7572781303008917,TempBand+Watershed+Merge+ClustSml+ShapeGate+MinPeaks+P-Filter+EquipRej+SkinPrio+Omega+OmScale+OmSplit+OmRot+FarField+GradFarF+Kalman+StaticSup,horizontal best
cap_002486,2026-08-24T15:34:46.666,horizontal,24.30,26.80,1,0,0.0,TempBand+Watershed+Merge+ClustSml+ShapeGate+MinPeaks+P-Filter+EquipRej+SkinPrio+Omega+OmScale+OmSplit+OmRot+FarField+GradFarF+Kalman+StaticSup,horizontal best
cap_002487,2026-08-24T15:34:46.764,horizontal,24.30,26.80,1,1,0.8128991276208916,TempBand+Watershed+Merge+ClustSml+ShapeGate+MinPeaks+P-Filter+EquipRej+SkinPrio+Omega+OmScale+OmSplit+OmRot+FarField+GradFarF+Kalman+StaticSup,horizontal best
cap_002488,2026-08-24T15:34:46.892,horizontal,24.30,26.80,1,0,0.0,TempBand+Watershed+Merge+ClustSml+ShapeGate+MinPeaks+P-Filter+EquipRej+SkinPrio+Omega+OmScale+OmSplit+OmRot+FarField+GradFarF+Kalman+StaticSup,horizontal best
cap_002489,2026-08-24T15:34:46.988,horizontal,24.30,26.80,1,0,0.0,TempBand+Watershed+Merge+ClustSml+ShapeGate+MinPeaks+P-Filter+EquipRej+SkinPrio+Omega+OmScale+OmSplit+OmRot+FarField+GradFarF+Kalman+StaticSup,horizontal best
cap_002490,2026-08-24T15:34:47.131,horizontal,24.32,26.82,1,0,0.0,TempBand+Watershed+Merge+ClustSml+ShapeGate+MinPeaks+P-Filter+EquipRej+SkinPrio+Omega+OmScale+OmSplit+OmRot+FarField+GradFarF+Kalman+StaticSup,horizontal best
cap_002491,2026-08-24T15:34:47.243,horizontal,24.32,26.82,2,0,0.0,TempBand+Watershed+Merge+ClustSml+ShapeGate+MinPeaks+P-Filter+EquipRej+SkinPrio+Omega+OmScale+OmSplit+OmRot+FarField+GradFarF+Kalman+StaticSup,horizontal best
cap_002492,2026-08-24T15:34:47.338,horizontal,24.32,26.82,2,0,0.0,TempBand+Watershed+Merge+ClustSml+ShapeGate+MinPeaks+P-Filter+EquipRej+SkinPrio+Omega+OmScale+OmSplit+OmRot+FarField+GradFarF+Kalman+StaticSup,horizontal best
cap_002493,2026-08-24T15:34:47.466,horizontal,24.35,26.85,2,0,0.0,TempBand+Watershed+Merge+ClustSml+ShapeGate+MinPeaks+P-Filter+EquipRej+SkinPrio+Omega+OmScale+OmSplit+OmRot+FarField+GradFarF+Kalman+StaticSup,horizontal best
cap_002494,2026-08-24T15:34:47.564,horizontal,24.35,26.85,2,0,0.0,TempBand+Watershed+Merge+ClustSml+ShapeGate+MinPeaks+P-Filter+EquipRej+SkinPrio+Omega+OmScale+OmSplit+OmRot+FarField+GradFarF+Kalman+StaticSup,horizontal best
cap_002495,2026-08-24T15:34:47.696,horizontal,24.32,26.82,2,0,0.0,TempBand+Watershed+Merge+ClustSml+ShapeGate+MinPeaks+P-Filter+EquipRej+SkinPrio+Omega+OmScale+OmSplit+OmRot+FarField+GradFarF+Kalman+StaticSup,horizontal best
cap_002496,2026-08-24T15:34:47.785,horizontal,24.32,26.82,1,0,0.0,TempBand+Watershed+Merge+ClustSml+ShapeGate+MinPeaks+P-Filter+EquipRej+SkinPrio+Omega+OmScale+OmSplit+OmRot+FarField+GradFarF+Kalman+StaticSup,horizontal best
cap_002497,2026-08-24T15:34:47.913,horizontal,24.35,26.85,1,0,0.0,TempBand+Watershed+Merge+ClustSml+ShapeGate+MinPeaks+P-Filter+EquipRej+SkinPrio+Omega+OmScale+OmSplit+OmRot+FarField+GradFarF+Kalman+StaticSup,horizontal best
cap_002498,2026-08-24T15:34:48.043,horizontal,24.35,26.85,1,0,0.0,TempBand+Watershed+Merge+ClustSml+ShapeGate+MinPeaks+P-Filter+EquipRej+SkinPrio+Omega+OmScale+OmSplit+OmRot+FarField+GradFarF+Kalman+StaticSup,horizontal best
cap_002499,2026-08-24T15:34:48.137,horizontal,24.37,26.87,1,0,0.0,TempBand+Watershed+Merge+ClustSml+ShapeGate+MinPeaks+P-Filter+EquipRej+SkinPrio+Omega+OmScale+OmSplit+OmRot+FarField+GradFarF+Kalman+StaticSup,horizontal best
cap_002500,2026-08-24T15:34:48.270,horizontal,24.37,26.87,1,0,0.0,TempBand+Watershed+Merge+ClustSml+ShapeGate+MinPeaks+P-Filter+EquipRej+SkinPrio+Omega+OmScale+OmSplit+OmRot+FarField+GradFarF+Kalman+StaticSup,horizontal best
cap_002501,2026-08-24T15:34:48.369,horizontal,24.35,26.85,1,0,0.0,TempBand+Watershed+Merge+ClustSml+ShapeGate+MinPeaks+P-Filter+EquipRej+SkinPrio+Omega+OmScale+OmSplit+OmRot+FarField+GradFarF+Kalman+StaticSup,horizontal best
cap_002502,2026-08-24T15:34:48.500,horizontal,24.37,26.87,1,0,0.0,TempBand+Watershed+Merge+ClustSml+ShapeGate+MinPeaks+P-Filter+EquipRej+SkinPrio+Omega+OmScale+OmSplit+OmRot+FarField+GradFarF+Kalman+StaticSup,horizontal best
cap_002503,2026-08-24T15:34:48.605,horizontal,24.39,26.89,1,0,0.0,TempBand+Watershed+Merge+ClustSml+ShapeGate+MinPeaks+P-Filter+EquipRej+SkinPrio+Omega+OmScale+OmSplit+OmRot+FarField+GradFarF+Kalman+StaticSup,horizontal best
cap_002504,2026-08-24T15:34:48.713,horizontal,24.39,26.89,1,0,0.0,TempBand+Watershed+Merge+ClustSml+ShapeGate+MinPeaks+P-Filter+EquipRej+SkinPrio+Omega+OmScale+OmSplit+OmRot+FarField+GradFarF+Kalman+StaticSup,horizontal best
cap_002505,2026-08-24T15:34:48.811,horizontal,24.39,26.89,1,0,0.0,TempBand+Watershed+Merge+ClustSml+ShapeGate+MinPeaks+P-Filter+EquipRej+SkinPrio+Omega+OmScale+OmSplit+OmRot+FarField+GradFarF+Kalman+StaticSup,horizontal best
cap_002506,2026-08-24T15:34:48.937,horizontal,24.39,26.89,1,0,0.0,TempBand+Watershed+Merge+ClustSml+ShapeGate+MinPeaks+P-Filter+EquipRej+SkinPrio+Omega+OmScale+OmSplit+OmRot+FarField+GradFarF+Kalman+StaticSup,horizontal best
cap_002507,2026-08-24T15:34:49.069,horizontal,24.39,26.89,1,0,0.0,TempBand+Watershed+Merge+ClustSml+ShapeGate+MinPeaks+P-Filter+EquipRej+SkinPrio+Omega+OmScale+OmSplit+OmRot+FarField+GradFarF+Kalman+StaticSup,horizontal best
cap_002508,2026-08-24T15:34:49.166,horizontal,24.41,26.91,1,0,0.0,TempBand+Watershed+Merge+ClustSml+ShapeGate+MinPeaks+P-Filter+EquipRej+SkinPrio+Omega+OmScale+OmSplit+OmRot+FarField+GradFarF+Kalman+StaticSup,horizontal best
cap_002509,2026-08-24T15:34:49.290,horizontal,24.44,26.94,1,0,0.0,TempBand+Watershed+Merge+ClustSml+ShapeGate+MinPeaks+P-Filter+EquipRej+SkinPrio+Omega+OmScale+OmSplit+OmRot+FarField+GradFarF+Kalman+StaticSup,horizontal best
cap_002510,2026-08-24T15:34:49.387,horizontal,24.53,27.03,1,0,0.0,TempBand+Watershed+Merge+ClustSml+ShapeGate+MinPeaks+P-Filter+EquipRej+SkinPrio+Omega+OmScale+OmSplit+OmRot+FarField+GradFarF+Kalman+StaticSup,horizontal best
cap_002511,2026-08-24T15:34:49.534,horizontal,24.51,27.01,1,0,0.0,TempBand+Watershed+Merge+ClustSml+ShapeGate+MinPeaks+P-Filter+EquipRej+SkinPrio+Omega+OmScale+OmSplit+OmRot+FarField+GradFarF+Kalman+StaticSup,horizontal best
cap_002512,2026-08-24T15:34:49.619,horizontal,24.48,26.98,1,0,0.0,TempBand+Watershed+Merge+ClustSml+ShapeGate+MinPeaks+P-Filter+EquipRej+SkinPrio+Omega+OmScale+OmSplit+OmRot+FarField+GradFarF+Kalman+StaticSup,horizontal best
cap_002513,2026-08-24T15:34:49.743,horizontal,24.51,27.01,0,0,0.0,TempBand+Watershed+Merge+ClustSml+ShapeGate+MinPeaks+P-Filter+EquipRej+SkinPrio+Omega+OmScale+OmSplit+OmRot+FarField+GradFarF+Kalman+StaticSup,horizontal best
cap_002514,2026-08-24T15:34:49.872,horizontal,24.51,27.01,1,0,0.0,TempBand+Watershed+Merge+ClustSml+ShapeGate+MinPeaks+P-Filter+EquipRej+SkinPrio+Omega+OmScale+OmSplit+OmRot+FarField+GradFarF+Kalman+StaticSup,horizontal best
cap_002515,2026-08-24T15:34:49.966,horizontal,24.51,27.01,1,1,0.9268200679078982,TempBand+Watershed+Merge+ClustSml+ShapeGate+MinPeaks+P-Filter+EquipRej+SkinPrio+Omega+OmScale+OmSplit+OmRot+FarField+GradFarF+Kalman+StaticSup,horizontal best
cap_002516,2026-08-24T15:34:50.093,horizontal,24.51,27.01,1,1,0.9268200679078982,TempBand+Watershed+Merge+ClustSml+ShapeGate+MinPeaks+P-Filter+EquipRej+SkinPrio+Omega+OmScale+OmSplit+OmRot+FarField+GradFarF+Kalman+StaticSup,horizontal best
cap_002517,2026-08-24T15:34:50.189,horizontal,24.48,26.98,1,1,0.8995606541459005,TempBand+Watershed+Merge+ClustSml+ShapeGate+MinPeaks+P-Filter+EquipRej+SkinPrio+Omega+OmScale+OmSplit+OmRot+FarField+GradFarF+Kalman+StaticSup,horizontal best
cap_002518,2026-08-24T15:34:50.322,horizontal,24.48,26.98,1,0,0.0,TempBand+Watershed+Merge+ClustSml+ShapeGate+MinPeaks+P-Filter+EquipRej+SkinPrio+Omega+OmScale+OmSplit+OmRot+FarField+GradFarF+Kalman+StaticSup,horizontal best
cap_002519,2026-08-24T15:34:50.417,horizontal,24.48,26.98,2,0,0.0,TempBand+Watershed+Merge+ClustSml+ShapeGate+MinPeaks+P-Filter+EquipRej+SkinPrio+Omega+OmScale+OmSplit+OmRot+FarField+GradFarF+Kalman+StaticSup,horizontal best
cap_002520,2026-08-24T15:34:50.543,horizontal,24.46,26.96,2,0,0.0,TempBand+Watershed+Merge+ClustSml+ShapeGate+MinPeaks+P-Filter+EquipRej+SkinPrio+Omega+OmScale+OmSplit+OmRot+FarField+GradFarF+Kalman+StaticSup,horizontal best
cap_002521,2026-08-24T15:34:50.641,horizontal,24.48,26.98,2,0,0.0,TempBand+Watershed+Merge+ClustSml+ShapeGate+MinPeaks+P-Filter+EquipRej+SkinPrio+Omega+OmScale+OmSplit+OmRot+FarField+GradFarF+Kalman+StaticSup,horizontal best
cap_002522,2026-08-24T15:34:50.769,horizontal,24.48,26.98,2,0,0.0,TempBand+Watershed+Merge+ClustSml+ShapeGate+MinPeaks+P-Filter+EquipRej+SkinPrio+Omega+OmScale+OmSplit+OmRot+FarField+GradFarF+Kalman+StaticSup,horizontal best
cap_002523,2026-08-24T15:34:50.901,horizontal,24.46,26.96,2,0,0.0,TempBand+Watershed+Merge+ClustSml+ShapeGate+MinPeaks+P-Filter+EquipRej+SkinPrio+Omega+OmScale+OmSplit+OmRot+FarField+GradFarF+Kalman+StaticSup,horizontal best
cap_002524,2026-08-24T15:34:50.994,horizontal,24.48,26.98,2,0,0.0,TempBand+Watershed+Merge+ClustSml+ShapeGate+MinPeaks+P-Filter+EquipRej+SkinPrio+Omega+OmScale+OmSplit+OmRot+FarField+GradFarF+Kalman+StaticSup,horizontal best
cap_002525,2026-08-24T15:34:51.127,horizontal,24.48,26.98,2,0,0.0,TempBand+Watershed+Merge+ClustSml+ShapeGate+MinPeaks+P-Filter+EquipRej+SkinPrio+Omega+OmScale+OmSplit+OmRot+FarField+GradFarF+Kalman+StaticSup,horizontal best
cap_002526,2026-08-24T15:34:51.220,horizontal,24.48,26.98,2,0,0.0,TempBand+Watershed+Merge+ClustSml+ShapeGate+MinPeaks+P-Filter+EquipRej+SkinPrio+Omega+OmScale+OmSplit+OmRot+FarField+GradFarF+Kalman+StaticSup,horizontal best
cap_002527,2026-08-24T15:34:51.348,horizontal,24.48,26.98,2,0,0.0,TempBand+Watershed+Merge+ClustSml+ShapeGate+MinPeaks+P-Filter+EquipRej+SkinPrio+Omega+OmScale+OmSplit+OmRot+FarField+GradFarF+Kalman+StaticSup,horizontal best
cap_002528,2026-08-24T15:34:51.443,horizontal,24.48,26.98,2,0,0.0,TempBand+Watershed+Merge+ClustSml+ShapeGate+MinPeaks+P-Filter+EquipRej+SkinPrio+Omega+OmScale+OmSplit+OmRot+FarField+GradFarF+Kalman+StaticSup,horizontal best
cap_002529,2026-08-24T15:34:51.568,horizontal,24.51,27.01,3,0,0.0,TempBand+Watershed+Merge+ClustSml+ShapeGate+MinPeaks+P-Filter+EquipRej+SkinPrio+Omega+OmScale+OmSplit+OmRot+FarField+GradFarF+Kalman+StaticSup,horizontal best
cap_002530,2026-08-24T15:34:51.697,horizontal,24.51,27.01,3,0,0.0,TempBand+Watershed+Merge+ClustSml+ShapeGate+MinPeaks+P-Filter+EquipRej+SkinPrio+Omega+OmScale+OmSplit+OmRot+FarField+GradFarF+Kalman+StaticSup,horizontal best
cap_002531,2026-08-24T15:34:51.791,horizontal,24.48,26.98,3,0,0.0,TempBand+Watershed+Merge+ClustSml+ShapeGate+MinPeaks+P-Filter+EquipRej+SkinPrio+Omega+OmScale+OmSplit+OmRot+FarField+GradFarF+Kalman+StaticSup,horizontal best
cap_002532,2026-08-24T15:34:51.920,horizontal,24.51,27.01,3,0,0.0,TempBand+Watershed+Merge+ClustSml+ShapeGate+MinPeaks+P-Filter+EquipRej+SkinPrio+Omega+OmScale+OmSplit+OmRot+FarField+GradFarF+Kalman+StaticSup,horizontal best
cap_002533,2026-08-24T15:34:52.014,horizontal,24.51,27.01,3,0,0.0,TempBand+Watershed+Merge+ClustSml+ShapeGate+MinPeaks+P-Filter+EquipRej+SkinPrio+Omega+OmScale+OmSplit+OmRot+FarField+GradFarF+Kalman+StaticSup,horizontal best
cap_002534,2026-08-24T15:34:52.143,horizontal,24.51,27.01,3,1,0.9072448052571833,TempBand+Watershed+Merge+ClustSml+ShapeGate+MinPeaks+P-Filter+EquipRej+SkinPrio+Omega+OmScale+OmSplit+OmRot+FarField+GradFarF+Kalman+StaticSup,horizontal best
cap_002535,2026-08-24T15:34:52.238,horizontal,24.53,27.03,3,1,0.8364392238353563,TempBand+Watershed+Merge+ClustSml+ShapeGate+MinPeaks+P-Filter+EquipRej+SkinPrio+Omega+OmScale+OmSplit+OmRot+FarField+GradFarF+Kalman+StaticSup,horizontal best
cap_002536,2026-08-24T15:34:52.368,horizontal,24.51,27.01,3,0,0.0,TempBand+Watershed+Merge+ClustSml+ShapeGate+MinPeaks+P-Filter+EquipRej+SkinPrio+Omega+OmScale+OmSplit+OmRot+FarField+GradFarF+Kalman+StaticSup,horizontal best
cap_002537,2026-08-24T15:34:52.463,horizontal,24.48,26.98,3,0,0.0,TempBand+Watershed+Merge+ClustSml+ShapeGate+MinPeaks+P-Filter+EquipRej+SkinPrio+Omega+OmScale+OmSplit+OmRot+FarField+GradFarF+Kalman+StaticSup,horizontal best
cap_002538,2026-08-24T15:34:52.593,horizontal,24.48,26.98,3,0,0.0,TempBand+Watershed+Merge+ClustSml+ShapeGate+MinPeaks+P-Filter+EquipRej+SkinPrio+Omega+OmScale+OmSplit+OmRot+FarField+GradFarF+Kalman+StaticSup,horizontal best
cap_002539,2026-08-24T15:34:52.723,horizontal,24.51,27.01,3,0,0.0,TempBand+Watershed+Merge+ClustSml+ShapeGate+MinPeaks+P-Filter+EquipRej+SkinPrio+Omega+OmScale+OmSplit+OmRot+FarField+GradFarF+Kalman+StaticSup,horizontal best
cap_002540,2026-08-24T15:34:52.820,horizontal,24.51,27.01,3,0,0.0,TempBand+Watershed+Merge+ClustSml+ShapeGate+MinPeaks+P-Filter+EquipRej+SkinPrio+Omega+OmScale+OmSplit+OmRot+FarField+GradFarF+Kalman+StaticSup,horizontal best
cap_002541,2026-08-24T15:34:52.947,horizontal,24.51,27.01,3,0,0.0,TempBand+Watershed+Merge+ClustSml+ShapeGate+MinPeaks+P-Filter+EquipRej+SkinPrio+Omega+OmScale+OmSplit+OmRot+FarField+GradFarF+Kalman+StaticSup,horizontal best
cap_002542,2026-08-24T15:34:53.035,horizontal,24.51,27.01,3,0,0.0,TempBand+Watershed+Merge+ClustSml+ShapeGate+MinPeaks+P-Filter+EquipRej+SkinPrio+Omega+OmScale+OmSplit+OmRot+FarField+GradFarF+Kalman+StaticSup,horizontal best
cap_002543,2026-08-24T15:34:53.166,horizontal,24.53,27.03,2,0,0.0,TempBand+Watershed+Merge+ClustSml+ShapeGate+MinPeaks+P-Filter+EquipRej+SkinPrio+Omega+OmScale+OmSplit+OmRot+FarField+GradFarF+Kalman+StaticSup,horizontal best
cap_002544,2026-08-24T15:34:53.263,horizontal,24.53,27.03,3,0,0.0,TempBand+Watershed+Merge+ClustSml+ShapeGate+MinPeaks+P-Filter+EquipRej+SkinPrio+Omega+OmScale+OmSplit+OmRot+FarField+GradFarF+Kalman+StaticSup,horizontal best
cap_002545,2026-08-24T15:34:53.391,horizontal,24.55,27.05,2,0,0.0,TempBand+Watershed+Merge+ClustSml+ShapeGate+MinPeaks+P-Filter+EquipRej+SkinPrio+Omega+OmScale+OmSplit+OmRot+FarField+GradFarF+Kalman+StaticSup,horizontal best
cap_002546,2026-08-24T15:34:53.488,horizontal,24.58,27.08,2,0,0.0,TempBand+Watershed+Merge+ClustSml+ShapeGate+MinPeaks+P-Filter+EquipRej+SkinPrio+Omega+OmScale+OmSplit+OmRot+FarField+GradFarF+Kalman+StaticSup,horizontal best
cap_002547,2026-08-24T15:34:53.615,horizontal,24.60,27.10,3,1,0.572842276119729,TempBand+Watershed+Merge+ClustSml+ShapeGate+MinPeaks+P-Filter+EquipRej+SkinPrio+Omega+OmScale+OmSplit+OmRot+FarField+GradFarF+Kalman+StaticSup,horizontal best
cap_002548,2026-08-24T15:34:53.744,horizontal,24.62,27.12,3,0,0.0,TempBand+Watershed+Merge+ClustSml+ShapeGate+MinPeaks+P-Filter+EquipRej+SkinPrio+Omega+OmScale+OmSplit+OmRot+FarField+GradFarF+Kalman+StaticSup,horizontal best
cap_002549,2026-08-24T15:34:53.840,horizontal,24.62,27.12,3,0,0.0,TempBand+Watershed+Merge+ClustSml+ShapeGate+MinPeaks+P-Filter+EquipRej+SkinPrio+Omega+OmScale+OmSplit+OmRot+FarField+GradFarF+Kalman+StaticSup,horizontal best
cap_002550,2026-08-24T15:34:53.964,horizontal,24.62,27.12,3,0,0.0,TempBand+Watershed+Merge+ClustSml+ShapeGate+MinPeaks+P-Filter+EquipRej+SkinPrio+Omega+OmScale+OmSplit+OmRot+FarField+GradFarF+Kalman+StaticSup,horizontal best
cap_002551,2026-08-24T15:34:54.058,horizontal,24.62,27.12,3,0,0.0,TempBand+Watershed+Merge+ClustSml+ShapeGate+MinPeaks+P-Filter+EquipRej+SkinPrio+Omega+OmScale+OmSplit+OmRot+FarField+GradFarF+Kalman+StaticSup,horizontal best
cap_002552,2026-08-24T15:34:54.186,horizontal,24.62,27.12,3,0,0.0,TempBand+Watershed+Merge+ClustSml+ShapeGate+MinPeaks+P-Filter+EquipRej+SkinPrio+Omega+OmScale+OmSplit+OmRot+FarField+GradFarF+Kalman+StaticSup,horizontal best
cap_002553,2026-08-24T15:34:54.289,horizontal,24.60,27.10,3,0,0.0,TempBand+Watershed+Merge+ClustSml+ShapeGate+MinPeaks+P-Filter+EquipRej+SkinPrio+Omega+OmScale+OmSplit+OmRot+FarField+GradFarF+Kalman+StaticSup,horizontal best
cap_002554,2026-08-24T15:34:54.420,horizontal,24.58,27.08,3,0,0.0,TempBand+Watershed+Merge+ClustSml+ShapeGate+MinPeaks+P-Filter+EquipRej+SkinPrio+Omega+OmScale+OmSplit+OmRot+FarField+GradFarF+Kalman+StaticSup,horizontal best
cap_002555,2026-08-24T15:34:54.549,horizontal,24.55,27.05,3,0,0.0,TempBand+Watershed+Merge+ClustSml+ShapeGate+MinPeaks+P-Filter+EquipRej+SkinPrio+Omega+OmScale+OmSplit+OmRot+FarField+GradFarF+Kalman+StaticSup,horizontal best
cap_002556,2026-08-24T15:34:54.642,horizontal,24.55,27.05,3,0,0.0,TempBand+Watershed+Merge+ClustSml+ShapeGate+MinPeaks+P-Filter+EquipRej+SkinPrio+Omega+OmScale+OmSplit+OmRot+FarField+GradFarF+Kalman+StaticSup,horizontal best
cap_002557,2026-08-24T15:34:54.771,horizontal,24.58,27.08,3,0,0.0,TempBand+Watershed+Merge+ClustSml+ShapeGate+MinPeaks+P-Filter+EquipRej+SkinPrio+Omega+OmScale+OmSplit+OmRot+FarField+GradFarF+Kalman+StaticSup,horizontal best
cap_002558,2026-08-24T15:34:54.864,horizontal,24.58,27.08,3,1,0.7369670028036146,TempBand+Watershed+Merge+ClustSml+ShapeGate+MinPeaks+P-Filter+EquipRej+SkinPrio+Omega+OmScale+OmSplit+OmRot+FarField+GradFarF+Kalman+StaticSup,horizontal best
cap_002559,2026-08-24T15:34:54.992,horizontal,24.58,27.08,2,0,0.0,TempBand+Watershed+Merge+ClustSml+ShapeGate+MinPeaks+P-Filter+EquipRej+SkinPrio+Omega+OmScale+OmSplit+OmRot+FarField+GradFarF+Kalman+StaticSup,horizontal best
cap_002560,2026-08-24T15:34:55.093,horizontal,24.58,27.08,1,1,0.9133917353873463,TempBand+Watershed+Merge+ClustSml+ShapeGate+MinPeaks+P-Filter+EquipRej+SkinPrio+Omega+OmScale+OmSplit+OmRot+FarField+GradFarF+Kalman+StaticSup,horizontal best
cap_002561,2026-08-24T15:34:55.216,horizontal,24.58,27.08,2,2,0.9922179382602435,TempBand+Watershed+Merge+ClustSml+ShapeGate+MinPeaks+P-Filter+EquipRej+SkinPrio+Omega+OmScale+OmSplit+OmRot+FarField+GradFarF+Kalman+StaticSup,horizontal best
cap_002562,2026-08-24T15:34:55.308,horizontal,24.55,27.05,1,0,0.0,TempBand+Watershed+Merge+ClustSml+ShapeGate+MinPeaks+P-Filter+EquipRej+SkinPrio+Omega+OmScale+OmSplit+OmRot+FarField+GradFarF+Kalman+StaticSup,horizontal best
cap_002563,2026-08-24T15:34:55.441,horizontal,24.58,27.08,2,0,0.0,TempBand+Watershed+Merge+ClustSml+ShapeGate+MinPeaks+P-Filter+EquipRej+SkinPrio+Omega+OmScale+OmSplit+OmRot+FarField+GradFarF+Kalman+StaticSup,horizontal best
cap_002564,2026-08-24T15:34:55.567,horizontal,24.60,27.10,2,2,0.8861679443552163,TempBand+Watershed+Merge+ClustSml+ShapeGate+MinPeaks+P-Filter+EquipRej+SkinPrio+Omega+OmScale+OmSplit+OmRot+FarField+GradFarF+Kalman+StaticSup,horizontal best
cap_002565,2026-08-24T15:34:55.663,horizontal,24.60,27.10,2,2,0.9733185489600484,TempBand+Watershed+Merge+ClustSml+ShapeGate+MinPeaks+P-Filter+EquipRej+SkinPrio+Omega+OmScale+OmSplit+OmRot+FarField+GradFarF+Kalman+StaticSup,horizontal best
cap_002566,2026-08-24T15:34:55.793,horizontal,24.60,27.10,2,2,0.9439593341745535,TempBand+Watershed+Merge+ClustSml+ShapeGate+MinPeaks+P-Filter+EquipRej+SkinPrio+Omega+OmScale+OmSplit+OmRot+FarField+GradFarF+Kalman+StaticSup,horizontal best
cap_002567,2026-08-24T15:34:55.889,horizontal,24.60,27.10,2,2,0.7052977127918305,TempBand+Watershed+Merge+ClustSml+ShapeGate+MinPeaks+P-Filter+EquipRej+SkinPrio+Omega+OmScale+OmSplit+OmRot+FarField+GradFarF+Kalman+StaticSup,horizontal best
cap_002568,2026-08-24T15:34:56.013,horizontal,24.60,27.10,2,0,0.0,TempBand+Watershed+Merge+ClustSml+ShapeGate+MinPeaks+P-Filter+EquipRej+SkinPrio+Omega+OmScale+OmSplit+OmRot+FarField+GradFarF+Kalman+StaticSup,horizontal best
cap_002569,2026-08-24T15:34:56.111,horizontal,24.65,27.15,2,0,0.0,TempBand+Watershed+Merge+ClustSml+ShapeGate+MinPeaks+P-Filter+EquipRej+SkinPrio+Omega+OmScale+OmSplit+OmRot+FarField+GradFarF+Kalman+StaticSup,horizontal best
cap_002570,2026-08-24T15:34:56.240,horizontal,24.67,27.17,2,0,0.0,TempBand+Watershed+Merge+ClustSml+ShapeGate+MinPeaks+P-Filter+EquipRej+SkinPrio+Omega+OmScale+OmSplit+OmRot+FarField+GradFarF+Kalman+StaticSup,horizontal best
cap_002571,2026-08-24T15:34:56.373,horizontal,24.67,27.17,2,2,0.983305521937069,TempBand+Watershed+Merge+ClustSml+ShapeGate+MinPeaks+P-Filter+EquipRej+SkinPrio+Omega+OmScale+OmSplit+OmRot+FarField+GradFarF+Kalman+StaticSup,horizontal best
cap_002572,2026-08-24T15:34:56.459,horizontal,24.67,27.17,2,0,0.0,TempBand+Watershed+Merge+ClustSml+ShapeGate+MinPeaks+P-Filter+EquipRej+SkinPrio+Omega+OmScale+OmSplit+OmRot+FarField+GradFarF+Kalman+StaticSup,horizontal best
cap_002573,2026-08-24T15:34:56.588,horizontal,24.69,27.19,2,0,0.0,TempBand+Watershed+Merge+ClustSml+ShapeGate+MinPeaks+P-Filter+EquipRej+SkinPrio+Omega+OmScale+OmSplit+OmRot+FarField+GradFarF+Kalman+StaticSup,horizontal best
cap_002574,2026-08-24T15:34:56.684,horizontal,24.67,27.17,2,0,0.0,TempBand+Watershed+Merge+ClustSml+ShapeGate+MinPeaks+P-Filter+EquipRej+SkinPrio+Omega+OmScale+OmSplit+OmRot+FarField+GradFarF+Kalman+StaticSup,horizontal best
cap_002575,2026-08-24T15:34:56.813,horizontal,24.67,27.17,2,0,0.0,TempBand+Watershed+Merge+ClustSml+ShapeGate+MinPeaks+P-Filter+EquipRej+SkinPrio+Omega+OmScale+OmSplit+OmRot+FarField+GradFarF+Kalman+StaticSup,horizontal best
cap_002576,2026-08-24T15:34:56.908,horizontal,24.67,27.17,1,0,0.0,TempBand+Watershed+Merge+ClustSml+ShapeGate+MinPeaks+P-Filter+EquipRej+SkinPrio+Omega+OmScale+OmSplit+OmRot+FarField+GradFarF+Kalman+StaticSup,horizontal best
cap_002577,2026-08-24T15:34:57.035,horizontal,24.65,27.15,1,0,0.0,TempBand+Watershed+Merge+ClustSml+ShapeGate+MinPeaks+P-Filter+EquipRej+SkinPrio+Omega+OmScale+OmSplit+OmRot+FarField+GradFarF+Kalman+StaticSup,horizontal best
cap_002578,2026-08-24T15:34:57.129,horizontal,24.55,27.05,1,0,0.0,TempBand+Watershed+Merge+ClustSml+ShapeGate+MinPeaks+P-Filter+EquipRej+SkinPrio+Omega+OmScale+OmSplit+OmRot+FarField+GradFarF+Kalman+StaticSup,horizontal best
cap_002579,2026-08-24T15:34:57.259,horizontal,24.55,27.05,1,0,0.0,TempBand+Watershed+Merge+ClustSml+ShapeGate+MinPeaks+P-Filter+EquipRej+SkinPrio+Omega+OmScale+OmSplit+OmRot+FarField+GradFarF+Kalman+StaticSup,horizontal best
cap_002580,2026-08-24T15:34:57.387,horizontal,24.58,27.08,1,0,0.0,TempBand+Watershed+Merge+ClustSml+ShapeGate+MinPeaks+P-Filter+EquipRej+SkinPrio+Omega+OmScale+OmSplit+OmRot+FarField+GradFarF+Kalman+StaticSup,horizontal best
cap_002581,2026-08-24T15:34:57.483,horizontal,24.60,27.10,1,0,0.0,TempBand+Watershed+Merge+ClustSml+ShapeGate+MinPeaks+P-Filter+EquipRej+SkinPrio+Omega+OmScale+OmSplit+OmRot+FarField+GradFarF+Kalman+StaticSup,horizontal best
cap_002582,2026-08-24T15:34:57.616,horizontal,24.62,27.12,1,0,0.0,TempBand+Watershed+Merge+ClustSml+ShapeGate+MinPeaks+P-Filter+EquipRej+SkinPrio+Omega+OmScale+OmSplit+OmRot+FarField+GradFarF+Kalman+StaticSup,horizontal best
cap_002583,2026-08-24T15:34:57.709,horizontal,24.65,27.15,1,2,0.9695965151538327,TempBand+Watershed+Merge+ClustSml+ShapeGate+MinPeaks+P-Filter+EquipRej+SkinPrio+Omega+OmScale+OmSplit+OmRot+FarField+GradFarF+Kalman+StaticSup,horizontal best
cap_002584,2026-08-24T15:34:57.839,horizontal,24.65,27.15,1,2,0.9296131537041908,TempBand+Watershed+Merge+ClustSml+ShapeGate+MinPeaks+P-Filter+EquipRej+SkinPrio+Omega+OmScale+OmSplit+OmRot+FarField+GradFarF+Kalman+StaticSup,horizontal best
cap_002585,2026-08-24T15:34:57.935,horizontal,24.65,27.15,1,2,0.8985734388945997,TempBand+Watershed+Merge+ClustSml+ShapeGate+MinPeaks+P-Filter+EquipRej+SkinPrio+Omega+OmScale+OmSplit+OmRot+FarField+GradFarF+Kalman+StaticSup,horizontal best
cap_002586,2026-08-24T15:34:58.063,horizontal,24.65,27.15,1,2,0.9743313869044476,TempBand+Watershed+Merge+ClustSml+ShapeGate+MinPeaks+P-Filter+EquipRej+SkinPrio+Omega+OmScale+OmSplit+OmRot+FarField+GradFarF+Kalman+StaticSup,horizontal best
cap_002587,2026-08-24T15:34:58.191,horizontal,24.65,27.15,1,0,0.0,TempBand+Watershed+Merge+ClustSml+ShapeGate+MinPeaks+P-Filter+EquipRej+SkinPrio+Omega+OmScale+OmSplit+OmRot+FarField+GradFarF+Kalman+StaticSup,horizontal best
cap_002588,2026-08-24T15:34:58.285,horizontal,24.65,27.15,1,0,0.0,TempBand+Watershed+Merge+ClustSml+ShapeGate+MinPeaks+P-Filter+EquipRej+SkinPrio+Omega+OmScale+OmSplit+OmRot+FarField+GradFarF+Kalman+StaticSup,horizontal best
cap_002589,2026-08-24T15:34:58.413,horizontal,24.65,27.15,2,0,0.0,TempBand+Watershed+Merge+ClustSml+ShapeGate+MinPeaks+P-Filter+EquipRej+SkinPrio+Omega+OmScale+OmSplit+OmRot+FarField+GradFarF+Kalman+StaticSup,horizontal best
cap_002590,2026-08-24T15:34:58.513,horizontal,24.67,27.17,2,0,0.0,TempBand+Watershed+Merge+ClustSml+ShapeGate+MinPeaks+P-Filter+EquipRej+SkinPrio+Omega+OmScale+OmSplit+OmRot+FarField+GradFarF+Kalman+StaticSup,horizontal best
cap_002591,2026-08-24T15:34:58.638,horizontal,24.69,27.19,2,0,0.0,TempBand+Watershed+Merge+ClustSml+ShapeGate+MinPeaks+P-Filter+EquipRej+SkinPrio+Omega+OmScale+OmSplit+OmRot+FarField+GradFarF+Kalman+StaticSup,horizontal best
cap_002592,2026-08-24T15:34:58.734,horizontal,24.67,27.17,1,1,0.9072192741211187,TempBand+Watershed+Merge+ClustSml+ShapeGate+MinPeaks+P-Filter+EquipRej+SkinPrio+Omega+OmScale+OmSplit+OmRot+FarField+GradFarF+Kalman+StaticSup,horizontal best
cap_002593,2026-08-24T15:34:58.863,horizontal,24.67,27.17,1,1,0.8785702444120296,TempBand+Watershed+Merge+ClustSml+ShapeGate+MinPeaks+P-Filter+EquipRej+SkinPrio+Omega+OmScale+OmSplit+OmRot+FarField+GradFarF+Kalman+StaticSup,horizontal best
cap_002594,2026-08-24T15:34:58.956,horizontal,24.65,27.15,1,1,0.9072192741211187,TempBand+Watershed+Merge+ClustSml+ShapeGate+MinPeaks+P-Filter+EquipRej+SkinPrio+Omega+OmScale+OmSplit+OmRot+FarField+GradFarF+Kalman+StaticSup,horizontal best
cap_002595,2026-08-24T15:34:59.084,horizontal,24.65,27.15,1,1,0.9072192741211187,TempBand+Watershed+Merge+ClustSml+ShapeGate+MinPeaks+P-Filter+EquipRej+SkinPrio+Omega+OmScale+OmSplit+OmRot+FarField+GradFarF+Kalman+StaticSup,horizontal best
cap_002596,2026-08-24T15:34:59.213,horizontal,24.65,27.15,1,1,0.9549676569695986,TempBand+Watershed+Merge+ClustSml+ShapeGate+MinPeaks+P-Filter+EquipRej+SkinPrio+Omega+OmScale+OmSplit+OmRot+FarField+GradFarF+Kalman+StaticSup,horizontal best
cap_002597,2026-08-24T15:34:59.310,horizontal,24.65,27.15,1,1,0.9549676569695986,TempBand+Watershed+Merge+ClustSml+ShapeGate+MinPeaks+P-Filter+EquipRej+SkinPrio+Omega+OmScale+OmSplit+OmRot+FarField+GradFarF+Kalman+StaticSup,horizontal best
cap_002598,2026-08-24T15:34:59.438,horizontal,24.65,27.15,1,1,0.6674920675568903,TempBand+Watershed+Merge+ClustSml+ShapeGate+MinPeaks+P-Filter+EquipRej+SkinPrio+Omega+OmScale+OmSplit+OmRot+FarField+GradFarF+Kalman+StaticSup,horizontal best
cap_002599,2026-08-24T15:34:59.543,horizontal,24.65,27.15,1,1,0.7376701389818884,TempBand+Watershed+Merge+ClustSml+ShapeGate+MinPeaks+P-Filter+EquipRej+SkinPrio+Omega+OmScale+OmSplit+OmRot+FarField+GradFarF+Kalman+StaticSup,horizontal best
cap_002600,2026-08-24T15:34:59.658,horizontal,24.65,27.15,1,0,0.0,TempBand+Watershed+Merge+ClustSml+ShapeGate+MinPeaks+P-Filter+EquipRej+SkinPrio+Omega+OmScale+OmSplit+OmRot+FarField+GradFarF+Kalman+StaticSup,horizontal best
cap_002601,2026-08-24T15:34:59.757,horizontal,24.67,27.17,1,0,0.0,TempBand+Watershed+Merge+ClustSml+ShapeGate+MinPeaks+P-Filter+EquipRej+SkinPrio+Omega+OmScale+OmSplit+OmRot+FarField+GradFarF+Kalman+StaticSup,horizontal best
cap_002602,2026-08-24T15:34:59.883,horizontal,24.67,27.17,1,1,0.9094930066377132,TempBand+Watershed+Merge+ClustSml+ShapeGate+MinPeaks+P-Filter+EquipRej+SkinPrio+Omega+OmScale+OmSplit+OmRot+FarField+GradFarF+Kalman+StaticSup,horizontal best
cap_002603,2026-08-24T15:34:59.981,horizontal,24.67,27.17,1,1,0.4595093142526796,TempBand+Watershed+Merge+ClustSml+ShapeGate+MinPeaks+P-Filter+EquipRej+SkinPrio+Omega+OmScale+OmSplit+OmRot+FarField+GradFarF+Kalman+StaticSup,horizontal best
cap_002604,2026-08-24T15:35:00.112,horizontal,24.67,27.17,1,1,0.4595093142526796,TempBand+Watershed+Merge+ClustSml+ShapeGate+MinPeaks+P-Filter+EquipRej+SkinPrio+Omega+OmScale+OmSplit+OmRot+FarField+GradFarF+Kalman+StaticSup,horizontal best
cap_002605,2026-08-24T15:35:00.238,horizontal,24.67,27.17,1,1,0.4796739517132364,TempBand+Watershed+Merge+ClustSml+ShapeGate+MinPeaks+P-Filter+EquipRej+SkinPrio+Omega+OmScale+OmSplit+OmRot+FarField+GradFarF+Kalman+StaticSup,horizontal best
cap_002606,2026-08-24T15:35:00.333,horizontal,24.69,27.19,1,1,0.4796739517132364,TempBand+Watershed+Merge+ClustSml+ShapeGate+MinPeaks+P-Filter+EquipRej+SkinPrio+Omega+OmScale+OmSplit+OmRot+FarField+GradFarF+Kalman+StaticSup,horizontal best
cap_002607,2026-08-24T15:35:00.460,horizontal,24.65,27.15,1,1,0.7548396019890073,TempBand+Watershed+Merge+ClustSml+ShapeGate+MinPeaks+P-Filter+EquipRej+SkinPrio+Omega+OmScale+OmSplit+OmRot+FarField+GradFarF+Kalman+StaticSup,horizontal best
cap_002608,2026-08-24T15:35:00.557,horizontal,24.62,27.12,1,2,0.9149133884653513,TempBand+Watershed+Merge+ClustSml+ShapeGate+MinPeaks+P-Filter+EquipRej+SkinPrio+Omega+OmScale+OmSplit+OmRot+FarField+GradFarF+Kalman+StaticSup,horizontal best
cap_002609,2026-08-24T15:35:00.686,horizontal,24.62,27.12,1,1,0.7548396019890073,TempBand+Watershed+Merge+ClustSml+ShapeGate+MinPeaks+P-Filter+EquipRej+SkinPrio+Omega+OmScale+OmSplit+OmRot+FarField+GradFarF+Kalman+StaticSup,horizontal best
cap_002610,2026-08-24T15:35:00.783,horizontal,24.62,27.12,1,1,0.43551172917565373,TempBand+Watershed+Merge+ClustSml+ShapeGate+MinPeaks+P-Filter+EquipRej+SkinPrio+Omega+OmScale+OmSplit+OmRot+FarField+GradFarF+Kalman+StaticSup,horizontal best
cap_002611,2026-08-24T15:35:00.908,horizontal,24.60,27.10,1,1,0.7837745226682556,TempBand+Watershed+Merge+ClustSml+ShapeGate+MinPeaks+P-Filter+EquipRej+SkinPrio+Omega+OmScale+OmSplit+OmRot+FarField+GradFarF+Kalman+StaticSup,horizontal best
cap_002612,2026-08-24T15:35:01.035,horizontal,24.60,27.10,1,1,0.9549676569695986,TempBand+Watershed+Merge+ClustSml+ShapeGate+MinPeaks+P-Filter+EquipRej+SkinPrio+Omega+OmScale+OmSplit+OmRot+FarField+GradFarF+Kalman+StaticSup,horizontal best
cap_002613,2026-08-24T15:35:01.134,horizontal,24.58,27.08,1,1,0.5294981415507573,TempBand+Watershed+Merge+ClustSml+ShapeGate+MinPeaks+P-Filter+EquipRej+SkinPrio+Omega+OmScale+OmSplit+OmRot+FarField+GradFarF+Kalman+StaticSup,horizontal best
cap_002614,2026-08-24T15:35:01.259,horizontal,24.60,27.10,1,1,0.6982266318398318,TempBand+Watershed+Merge+ClustSml+ShapeGate+MinPeaks+P-Filter+EquipRej+SkinPrio+Omega+OmScale+OmSplit+OmRot+FarField+GradFarF+Kalman+StaticSup,horizontal best
cap_002615,2026-08-24T15:35:01.360,horizontal,24.58,27.08,1,1,0.4792272958438465,TempBand+Watershed+Merge+ClustSml+ShapeGate+MinPeaks+P-Filter+EquipRej+SkinPrio+Omega+OmScale+OmSplit+OmRot+FarField+GradFarF+Kalman+StaticSup,horizontal best
cap_002616,2026-08-24T15:35:01.504,horizontal,24.58,27.08,1,1,0.8114371528800769,TempBand+Watershed+Merge+ClustSml+ShapeGate+MinPeaks+P-Filter+EquipRej+SkinPrio+Omega+OmScale+OmSplit+OmRot+FarField+GradFarF+Kalman+StaticSup,horizontal best
cap_002617,2026-08-24T15:35:01.579,horizontal,24.60,27.10,1,1,0.8114371528800769,TempBand+Watershed+Merge+ClustSml+ShapeGate+MinPeaks+P-Filter+EquipRej+SkinPrio+Omega+OmScale+OmSplit+OmRot+FarField+GradFarF+Kalman+StaticSup,horizontal best
cap_002618,2026-08-24T15:35:01.708,horizontal,24.62,27.12,1,1,0.8662435928812365,TempBand+Watershed+Merge+ClustSml+ShapeGate+MinPeaks+P-Filter+EquipRej+SkinPrio+Omega+OmScale+OmSplit+OmRot+FarField+GradFarF+Kalman+StaticSup,horizontal best
cap_002619,2026-08-24T15:35:01.804,horizontal,24.62,27.12,1,1,0.8662435928812365,TempBand+Watershed+Merge+ClustSml+ShapeGate+MinPeaks+P-Filter+EquipRej+SkinPrio+Omega+OmScale+OmSplit+OmRot+FarField+GradFarF+Kalman+StaticSup,horizontal best
cap_002620,2026-08-24T15:35:01.933,horizontal,24.60,27.10,1,1,0.8662435928812365,TempBand+Watershed+Merge+ClustSml+ShapeGate+MinPeaks+P-Filter+EquipRej+SkinPrio+Omega+OmScale+OmSplit+OmRot+FarField+GradFarF+Kalman+StaticSup,horizontal best
cap_002621,2026-08-24T15:35:02.065,horizontal,24.58,27.08,1,1,0.8662435928812365,TempBand+Watershed+Merge+ClustSml+ShapeGate+MinPeaks+P-Filter+EquipRej+SkinPrio+Omega+OmScale+OmSplit+OmRot+FarField+GradFarF+Kalman+StaticSup,horizontal best
cap_002622,2026-08-24T15:35:02.156,horizontal,24.58,27.08,1,1,0.8625214697867588,TempBand+Watershed+Merge+ClustSml+ShapeGate+MinPeaks+P-Filter+EquipRej+SkinPrio+Omega+OmScale+OmSplit+OmRot+FarField+GradFarF+Kalman+StaticSup,horizontal best
cap_002623,2026-08-24T15:35:02.290,horizontal,24.58,27.08,1,1,0.9995118379398894,TempBand+Watershed+Merge+ClustSml+ShapeGate+MinPeaks+P-Filter+EquipRej+SkinPrio+Omega+OmScale+OmSplit+OmRot+FarField+GradFarF+Kalman+StaticSup,horizontal best
cap_002624,2026-08-24T15:35:02.382,horizontal,24.55,27.05,1,1,0.8795297810937893,TempBand+Watershed+Merge+ClustSml+ShapeGate+MinPeaks+P-Filter+EquipRej+SkinPrio+Omega+OmScale+OmSplit+OmRot+FarField+GradFarF+Kalman+StaticSup,horizontal best
cap_002625,2026-08-24T15:35:02.510,horizontal,24.53,27.03,1,1,0.7200008511279764,TempBand+Watershed+Merge+ClustSml+ShapeGate+MinPeaks+P-Filter+EquipRej+SkinPrio+Omega+OmScale+OmSplit+OmRot+FarField+GradFarF+Kalman+StaticSup,horizontal best
cap_002626,2026-08-24T15:35:02.605,horizontal,24.53,27.03,1,1,0.7200008511279764,TempBand+Watershed+Merge+ClustSml+ShapeGate+MinPeaks+P-Filter+EquipRej+SkinPrio+Omega+OmScale+OmSplit+OmRot+FarField+GradFarF+Kalman+StaticSup,horizontal best
cap_002627,2026-08-24T15:35:02.736,horizontal,24.53,27.03,1,1,0.7063141990039995,TempBand+Watershed+Merge+ClustSml+ShapeGate+MinPeaks+P-Filter+EquipRej+SkinPrio+Omega+OmScale+OmSplit+OmRot+FarField+GradFarF+Kalman+StaticSup,horizontal best
cap_002628,2026-08-24T15:35:02.859,horizontal,24.51,27.01,1,1,0.679355641790106,TempBand+Watershed+Merge+ClustSml+ShapeGate+MinPeaks+P-Filter+EquipRej+SkinPrio+Omega+OmScale+OmSplit+OmRot+FarField+GradFarF+Kalman+StaticSup,horizontal best
cap_002629,2026-08-24T15:35:02.956,horizontal,24.51,27.01,1,0,0.0,TempBand+Watershed+Merge+ClustSml+ShapeGate+MinPeaks+P-Filter+EquipRej+SkinPrio+Omega+OmScale+OmSplit+OmRot+FarField+GradFarF+Kalman+StaticSup,horizontal best
cap_002630,2026-08-24T15:35:03.084,horizontal,24.51,27.01,1,1,0.7095492258696663,TempBand+Watershed+Merge+ClustSml+ShapeGate+MinPeaks+P-Filter+EquipRej+SkinPrio+Omega+OmScale+OmSplit+OmRot+FarField+GradFarF+Kalman+StaticSup,horizontal best
cap_002631,2026-08-24T15:35:03.182,horizontal,24.51,27.01,1,1,0.8662435928812365,TempBand+Watershed+Merge+ClustSml+ShapeGate+MinPeaks+P-Filter+EquipRej+SkinPrio+Omega+OmScale+OmSplit+OmRot+FarField+GradFarF+Kalman+StaticSup,horizontal best
cap_002632,2026-08-24T15:35:03.313,horizontal,24.51,27.01,1,1,0.7003096151110398,TempBand+Watershed+Merge+ClustSml+ShapeGate+MinPeaks+P-Filter+EquipRej+SkinPrio+Omega+OmScale+OmSplit+OmRot+FarField+GradFarF+Kalman+StaticSup,horizontal best
cap_002633,2026-08-24T15:35:03.408,horizontal,24.51,27.01,1,0,0.0,TempBand+Watershed+Merge+ClustSml+ShapeGate+MinPeaks+P-Filter+EquipRej+SkinPrio+Omega+OmScale+OmSplit+OmRot+FarField+GradFarF+Kalman+StaticSup,horizontal best
cap_002634,2026-08-24T15:35:03.533,horizontal,24.51,27.01,2,0,0.0,TempBand+Watershed+Merge+ClustSml+ShapeGate+MinPeaks+P-Filter+EquipRej+SkinPrio+Omega+OmScale+OmSplit+OmRot+FarField+GradFarF+Kalman+StaticSup,horizontal best
cap_002635,2026-08-24T15:35:03.633,horizontal,24.51,27.01,2,0,0.0,TempBand+Watershed+Merge+ClustSml+ShapeGate+MinPeaks+P-Filter+EquipRej+SkinPrio+Omega+OmScale+OmSplit+OmRot+FarField+GradFarF+Kalman+StaticSup,horizontal best
cap_002636,2026-08-24T15:35:03.758,horizontal,24.51,27.01,2,0,0.0,TempBand+Watershed+Merge+ClustSml+ShapeGate+MinPeaks+P-Filter+EquipRej+SkinPrio+Omega+OmScale+OmSplit+OmRot+FarField+GradFarF+Kalman+StaticSup,horizontal best
cap_002637,2026-08-24T15:35:03.889,horizontal,24.51,27.01,2,0,0.0,TempBand+Watershed+Merge+ClustSml+ShapeGate+MinPeaks+P-Filter+EquipRej+SkinPrio+Omega+OmScale+OmSplit+OmRot+FarField+GradFarF+Kalman+StaticSup,horizontal best
cap_002638,2026-08-24T15:35:03.982,horizontal,24.51,27.01,1,0,0.0,TempBand+Watershed+Merge+ClustSml+ShapeGate+MinPeaks+P-Filter+EquipRej+SkinPrio+Omega+OmScale+OmSplit+OmRot+FarField+GradFarF+Kalman+StaticSup,horizontal best
cap_002639,2026-08-24T15:35:04.109,horizontal,24.51,27.01,1,0,0.0,TempBand+Watershed+Merge+ClustSml+ShapeGate+MinPeaks+P-Filter+EquipRej+SkinPrio+Omega+OmScale+OmSplit+OmRot+FarField+GradFarF+Kalman+StaticSup,horizontal best
cap_002640,2026-08-24T15:35:04.205,horizontal,24.48,26.98,1,0,0.0,TempBand+Watershed+Merge+ClustSml+ShapeGate+MinPeaks+P-Filter+EquipRej+SkinPrio+Omega+OmScale+OmSplit+OmRot+FarField+GradFarF+Kalman+StaticSup,horizontal best
cap_002641,2026-08-24T15:35:04.333,horizontal,24.48,26.98,1,1,0.9106599791084345,TempBand+Watershed+Merge+ClustSml+ShapeGate+MinPeaks+P-Filter+EquipRej+SkinPrio+Omega+OmScale+OmSplit+OmRot+FarField+GradFarF+Kalman+StaticSup,horizontal best
cap_002642,2026-08-24T15:35:04.431,horizontal,24.48,26.98,1,1,0.8716372796022089,TempBand+Watershed+Merge+ClustSml+ShapeGate+MinPeaks+P-Filter+EquipRej+SkinPrio+Omega+OmScale+OmSplit+OmRot+FarField+GradFarF+Kalman+StaticSup,horizontal best
cap_002643,2026-08-24T15:35:04.556,horizontal,24.46,26.96,1,1,0.9773444627044757,TempBand+Watershed+Merge+ClustSml+ShapeGate+MinPeaks+P-Filter+EquipRej+SkinPrio+Omega+OmScale+OmSplit+OmRot+FarField+GradFarF+Kalman+StaticSup,horizontal best
cap_002644,2026-08-24T15:35:04.685,horizontal,24.46,26.96,1,0,0.0,TempBand+Watershed+Merge+ClustSml+ShapeGate+MinPeaks+P-Filter+EquipRej+SkinPrio+Omega+OmScale+OmSplit+OmRot+FarField+GradFarF+Kalman+StaticSup,horizontal best
cap_002645,2026-08-24T15:35:04.781,horizontal,24.46,26.96,1,0,0.0,TempBand+Watershed+Merge+ClustSml+ShapeGate+MinPeaks+P-Filter+EquipRej+SkinPrio+Omega+OmScale+OmSplit+OmRot+FarField+GradFarF+Kalman+StaticSup,horizontal best
cap_002646,2026-08-24T15:35:04.952,horizontal,24.46,26.96,1,1,0.9326848619646281,TempBand+Watershed+Merge+ClustSml+ShapeGate+MinPeaks+P-Filter+EquipRej+SkinPrio+Omega+OmScale+OmSplit+OmRot+FarField+GradFarF+Kalman+StaticSup,horizontal best
cap_002647,2026-08-24T15:35:05.016,horizontal,24.44,26.94,1,1,0.7837745226682556,TempBand+Watershed+Merge+ClustSml+ShapeGate+MinPeaks+P-Filter+EquipRej+SkinPrio+Omega+OmScale+OmSplit+OmRot+FarField+GradFarF+Kalman+StaticSup,horizontal best
cap_002648,2026-08-24T15:35:05.139,horizontal,24.44,26.94,1,0,0.0,TempBand+Watershed+Merge+ClustSml+ShapeGate+MinPeaks+P-Filter+EquipRej+SkinPrio+Omega+OmScale+OmSplit+OmRot+FarField+GradFarF+Kalman+StaticSup,horizontal best
cap_002649,2026-08-24T15:35:05.231,horizontal,24.44,26.94,1,0,0.0,TempBand+Watershed+Merge+ClustSml+ShapeGate+MinPeaks+P-Filter+EquipRej+SkinPrio+Omega+OmScale+OmSplit+OmRot+FarField+GradFarF+Kalman+StaticSup,horizontal best
cap_002650,2026-08-24T15:35:05.359,horizontal,24.41,26.91,1,0,0.0,TempBand+Watershed+Merge+ClustSml+ShapeGate+MinPeaks+P-Filter+EquipRej+SkinPrio+Omega+OmScale+OmSplit+OmRot+FarField+GradFarF+Kalman+StaticSup,horizontal best
cap_002651,2026-08-24T15:35:05.456,horizontal,24.41,26.91,1,0,0.0,TempBand+Watershed+Merge+ClustSml+ShapeGate+MinPeaks+P-Filter+EquipRej+SkinPrio+Omega+OmScale+OmSplit+OmRot+FarField+GradFarF+Kalman+StaticSup,horizontal best
cap_002652,2026-08-24T15:35:05.582,horizontal,24.39,26.89,1,0,0.0,TempBand+Watershed+Merge+ClustSml+ShapeGate+MinPeaks+P-Filter+EquipRej+SkinPrio+Omega+OmScale+OmSplit+OmRot+FarField+GradFarF+Kalman+StaticSup,horizontal best
cap_002653,2026-08-24T15:35:05.709,horizontal,24.39,26.89,1,0,0.0,TempBand+Watershed+Merge+ClustSml+ShapeGate+MinPeaks+P-Filter+EquipRej+SkinPrio+Omega+OmScale+OmSplit+OmRot+FarField+GradFarF+Kalman+StaticSup,horizontal best
cap_002654,2026-08-24T15:35:05.807,horizontal,24.37,26.87,1,1,0.6780575648165807,TempBand+Watershed+Merge+ClustSml+ShapeGate+MinPeaks+P-Filter+EquipRej+SkinPrio+Omega+OmScale+OmSplit+OmRot+FarField+GradFarF+Kalman+StaticSup,horizontal best
cap_002655,2026-08-24T15:35:05.933,horizontal,24.37,26.87,1,1,0.6628271612941955,TempBand+Watershed+Merge+ClustSml+ShapeGate+MinPeaks+P-Filter+EquipRej+SkinPrio+Omega+OmScale+OmSplit+OmRot+FarField+GradFarF+Kalman+StaticSup,horizontal best
cap_002656,2026-08-24T15:35:06.031,horizontal,24.32,26.82,1,0,0.0,TempBand+Watershed+Merge+ClustSml+ShapeGate+MinPeaks+P-Filter+EquipRej+SkinPrio+Omega+OmScale+OmSplit+OmRot+FarField+GradFarF+Kalman+StaticSup,horizontal best
cap_002657,2026-08-24T15:35:06.159,horizontal,24.32,26.82,1,0,0.0,TempBand+Watershed+Merge+ClustSml+ShapeGate+MinPeaks+P-Filter+EquipRej+SkinPrio+Omega+OmScale+OmSplit+OmRot+FarField+GradFarF+Kalman+StaticSup,horizontal best
cap_002658,2026-08-24T15:35:06.256,horizontal,24.37,26.87,1,0,0.0,TempBand+Watershed+Merge+ClustSml+ShapeGate+MinPeaks+P-Filter+EquipRej+SkinPrio+Omega+OmScale+OmSplit+OmRot+FarField+GradFarF+Kalman+StaticSup,horizontal best
cap_002659,2026-08-24T15:35:06.385,horizontal,24.39,26.89,1,0,0.0,TempBand+Watershed+Merge+ClustSml+ShapeGate+MinPeaks+P-Filter+EquipRej+SkinPrio+Omega+OmScale+OmSplit+OmRot+FarField+GradFarF+Kalman+StaticSup,horizontal best
cap_002660,2026-08-24T15:35:06.478,horizontal,24.39,26.89,1,0,0.0,TempBand+Watershed+Merge+ClustSml+ShapeGate+MinPeaks+P-Filter+EquipRej+SkinPrio+Omega+OmScale+OmSplit+OmRot+FarField+GradFarF+Kalman+StaticSup,horizontal best
cap_002661,2026-08-24T15:35:06.604,horizontal,24.39,26.89,1,0,0.0,TempBand+Watershed+Merge+ClustSml+ShapeGate+MinPeaks+P-Filter+EquipRej+SkinPrio+Omega+OmScale+OmSplit+OmRot+FarField+GradFarF+Kalman+StaticSup,horizontal best
cap_002662,2026-08-24T15:35:06.737,horizontal,24.39,26.89,1,0,0.0,TempBand+Watershed+Merge+ClustSml+ShapeGate+MinPeaks+P-Filter+EquipRej+SkinPrio+Omega+OmScale+OmSplit+OmRot+FarField+GradFarF+Kalman+StaticSup,horizontal best
cap_002663,2026-08-24T15:35:06.831,horizontal,24.39,26.89,1,0,0.0,TempBand+Watershed+Merge+ClustSml+ShapeGate+MinPeaks+P-Filter+EquipRej+SkinPrio+Omega+OmScale+OmSplit+OmRot+FarField+GradFarF+Kalman+StaticSup,horizontal best
cap_002664,2026-08-24T15:35:06.957,horizontal,24.39,26.89,1,0,0.0,TempBand+Watershed+Merge+ClustSml+ShapeGate+MinPeaks+P-Filter+EquipRej+SkinPrio+Omega+OmScale+OmSplit+OmRot+FarField+GradFarF+Kalman+StaticSup,horizontal best
cap_002665,2026-08-24T15:35:07.055,horizontal,24.39,26.89,1,0,0.0,TempBand+Watershed+Merge+ClustSml+ShapeGate+MinPeaks+P-Filter+EquipRej+SkinPrio+Omega+OmScale+OmSplit+OmRot+FarField+GradFarF+Kalman+StaticSup,horizontal best
cap_002666,2026-08-24T15:35:07.190,horizontal,24.37,26.87,1,0,0.0,TempBand+Watershed+Merge+ClustSml+ShapeGate+MinPeaks+P-Filter+EquipRej+SkinPrio+Omega+OmScale+OmSplit+OmRot+FarField+GradFarF+Kalman+StaticSup,horizontal best
cap_002667,2026-08-24T15:35:07.279,horizontal,24.37,26.87,1,0,0.0,TempBand+Watershed+Merge+ClustSml+ShapeGate+MinPeaks+P-Filter+EquipRej+SkinPrio+Omega+OmScale+OmSplit+OmRot+FarField+GradFarF+Kalman+StaticSup,horizontal best
cap_002668,2026-08-24T15:35:07.406,horizontal,24.35,26.85,1,0,0.0,TempBand+Watershed+Merge+ClustSml+ShapeGate+MinPeaks+P-Filter+EquipRej+SkinPrio+Omega+OmScale+OmSplit+OmRot+FarField+GradFarF+Kalman+StaticSup,horizontal best
cap_002669,2026-08-24T15:35:07.537,horizontal,24.35,26.85,2,0,0.0,TempBand+Watershed+Merge+ClustSml+ShapeGate+MinPeaks+P-Filter+EquipRej+SkinPrio+Omega+OmScale+OmSplit+OmRot+FarField+GradFarF+Kalman+StaticSup,horizontal best
cap_002670,2026-08-24T15:35:07.635,horizontal,24.35,26.85,2,0,0.0,TempBand+Watershed+Merge+ClustSml+ShapeGate+MinPeaks+P-Filter+EquipRej+SkinPrio+Omega+OmScale+OmSplit+OmRot+FarField+GradFarF+Kalman+StaticSup,horizontal best
cap_002671,2026-08-24T15:35:07.762,horizontal,24.35,26.85,2,0,0.0,TempBand+Watershed+Merge+ClustSml+ShapeGate+MinPeaks+P-Filter+EquipRej+SkinPrio+Omega+OmScale+OmSplit+OmRot+FarField+GradFarF+Kalman+StaticSup,horizontal best
cap_002672,2026-08-24T15:35:07.856,horizontal,24.37,26.87,2,0,0.0,TempBand+Watershed+Merge+ClustSml+ShapeGate+MinPeaks+P-Filter+EquipRej+SkinPrio+Omega+OmScale+OmSplit+OmRot+FarField+GradFarF+Kalman+StaticSup,horizontal best
cap_002673,2026-08-24T15:35:07.984,horizontal,24.44,26.94,2,0,0.0,TempBand+Watershed+Merge+ClustSml+ShapeGate+MinPeaks+P-Filter+EquipRej+SkinPrio+Omega+OmScale+OmSplit+OmRot+FarField+GradFarF+Kalman+StaticSup,horizontal best
cap_002674,2026-08-24T15:35:08.076,horizontal,24.46,26.96,2,0,0.0,TempBand+Watershed+Merge+ClustSml+ShapeGate+MinPeaks+P-Filter+EquipRej+SkinPrio+Omega+OmScale+OmSplit+OmRot+FarField+GradFarF+Kalman+StaticSup,horizontal best
cap_002675,2026-08-24T15:35:08.209,horizontal,24.46,26.96,2,0,0.0,TempBand+Watershed+Merge+ClustSml+ShapeGate+MinPeaks+P-Filter+EquipRej+SkinPrio+Omega+OmScale+OmSplit+OmRot+FarField+GradFarF+Kalman+StaticSup,horizontal best
cap_002676,2026-08-24T15:35:08.302,horizontal,24.46,26.96,2,0,0.0,TempBand+Watershed+Merge+ClustSml+ShapeGate+MinPeaks+P-Filter+EquipRej+SkinPrio+Omega+OmScale+OmSplit+OmRot+FarField+GradFarF+Kalman+StaticSup,horizontal best
cap_002677,2026-08-24T15:35:08.435,horizontal,24.46,26.96,2,0,0.0,TempBand+Watershed+Merge+ClustSml+ShapeGate+MinPeaks+P-Filter+EquipRej+SkinPrio+Omega+OmScale+OmSplit+OmRot+FarField+GradFarF+Kalman+StaticSup,horizontal best
cap_002678,2026-08-24T15:35:08.564,horizontal,24.48,26.98,2,0,0.0,TempBand+Watershed+Merge+ClustSml+ShapeGate+MinPeaks+P-Filter+EquipRej+SkinPrio+Omega+OmScale+OmSplit+OmRot+FarField+GradFarF+Kalman+StaticSup,horizontal best
cap_002679,2026-08-24T15:35:08.658,horizontal,24.48,26.98,2,0,0.0,TempBand+Watershed+Merge+ClustSml+ShapeGate+MinPeaks+P-Filter+EquipRej+SkinPrio+Omega+OmScale+OmSplit+OmRot+FarField+GradFarF+Kalman+StaticSup,horizontal best
cap_002680,2026-08-24T15:35:08.786,horizontal,24.51,27.01,2,0,0.0,TempBand+Watershed+Merge+ClustSml+ShapeGate+MinPeaks+P-Filter+EquipRej+SkinPrio+Omega+OmScale+OmSplit+OmRot+FarField+GradFarF+Kalman+StaticSup,horizontal best
cap_002681,2026-08-24T15:35:08.879,horizontal,24.48,26.98,2,0,0.0,TempBand+Watershed+Merge+ClustSml+ShapeGate+MinPeaks+P-Filter+EquipRej+SkinPrio+Omega+OmScale+OmSplit+OmRot+FarField+GradFarF+Kalman+StaticSup,horizontal best
cap_002682,2026-08-24T15:35:09.005,horizontal,24.51,27.01,2,0,0.0,TempBand+Watershed+Merge+ClustSml+ShapeGate+MinPeaks+P-Filter+EquipRej+SkinPrio+Omega+OmScale+OmSplit+OmRot+FarField+GradFarF+Kalman+StaticSup,horizontal best
cap_002683,2026-08-24T15:35:09.101,horizontal,24.51,27.01,2,0,0.0,TempBand+Watershed+Merge+ClustSml+ShapeGate+MinPeaks+P-Filter+EquipRej+SkinPrio+Omega+OmScale+OmSplit+OmRot+FarField+GradFarF+Kalman+StaticSup,horizontal best
cap_002684,2026-08-24T15:35:09.229,horizontal,24.48,26.98,2,0,0.0,TempBand+Watershed+Merge+ClustSml+ShapeGate+MinPeaks+P-Filter+EquipRej+SkinPrio+Omega+OmScale+OmSplit+OmRot+FarField+GradFarF+Kalman+StaticSup,horizontal best
cap_002685,2026-08-24T15:35:09.360,horizontal,24.48,26.98,2,0,0.0,TempBand+Watershed+Merge+ClustSml+ShapeGate+MinPeaks+P-Filter+EquipRej+SkinPrio+Omega+OmScale+OmSplit+OmRot+FarField+GradFarF+Kalman+StaticSup,horizontal best
cap_002686,2026-08-24T15:35:09.455,horizontal,24.48,26.98,2,0,0.0,TempBand+Watershed+Merge+ClustSml+ShapeGate+MinPeaks+P-Filter+EquipRej+SkinPrio+Omega+OmScale+OmSplit+OmRot+FarField+GradFarF+Kalman+StaticSup,horizontal best
cap_002687,2026-08-24T15:35:09.583,horizontal,24.48,26.98,2,0,0.0,TempBand+Watershed+Merge+ClustSml+ShapeGate+MinPeaks+P-Filter+EquipRej+SkinPrio+Omega+OmScale+OmSplit+OmRot+FarField+GradFarF+Kalman+StaticSup,horizontal best
cap_002688,2026-08-24T15:35:09.679,horizontal,24.48,26.98,2,0,0.0,TempBand+Watershed+Merge+ClustSml+ShapeGate+MinPeaks+P-Filter+EquipRej+SkinPrio+Omega+OmScale+OmSplit+OmRot+FarField+GradFarF+Kalman+StaticSup,horizontal best
cap_002689,2026-08-24T15:35:09.807,horizontal,24.46,26.96,2,0,0.0,TempBand+Watershed+Merge+ClustSml+ShapeGate+MinPeaks+P-Filter+EquipRej+SkinPrio+Omega+OmScale+OmSplit+OmRot+FarField+GradFarF+Kalman+StaticSup,horizontal best
cap_002690,2026-08-24T15:35:09.901,horizontal,24.46,26.96,2,0,0.0,TempBand+Watershed+Merge+ClustSml+ShapeGate+MinPeaks+P-Filter+EquipRej+SkinPrio+Omega+OmScale+OmSplit+OmRot+FarField+GradFarF+Kalman+StaticSup,horizontal best
cap_002691,2026-08-24T15:35:10.032,horizontal,24.41,26.91,2,0,0.0,TempBand+Watershed+Merge+ClustSml+ShapeGate+MinPeaks+P-Filter+EquipRej+SkinPrio+Omega+OmScale+OmSplit+OmRot+FarField+GradFarF+Kalman+StaticSup,horizontal best
cap_002692,2026-08-24T15:35:10.128,horizontal,24.41,26.91,2,0,0.0,TempBand+Watershed+Merge+ClustSml+ShapeGate+MinPeaks+P-Filter+EquipRej+SkinPrio+Omega+OmScale+OmSplit+OmRot+FarField+GradFarF+Kalman+StaticSup,horizontal best
cap_002693,2026-08-24T15:35:10.265,horizontal,24.41,26.91,2,0,0.0,TempBand+Watershed+Merge+ClustSml+ShapeGate+MinPeaks+P-Filter+EquipRej+SkinPrio+Omega+OmScale+OmSplit+OmRot+FarField+GradFarF+Kalman+StaticSup,horizontal best
cap_002694,2026-08-24T15:35:10.386,horizontal,24.41,26.91,2,0,0.0,TempBand+Watershed+Merge+ClustSml+ShapeGate+MinPeaks+P-Filter+EquipRej+SkinPrio+Omega+OmScale+OmSplit+OmRot+FarField+GradFarF+Kalman+StaticSup,horizontal best
cap_002695,2026-08-24T15:35:10.481,horizontal,24.41,26.91,2,0,0.0,TempBand+Watershed+Merge+ClustSml+ShapeGate+MinPeaks+P-Filter+EquipRej+SkinPrio+Omega+OmScale+OmSplit+OmRot+FarField+GradFarF+Kalman+StaticSup,horizontal best
cap_002696,2026-08-24T15:35:10.609,horizontal,24.41,26.91,2,0,0.0,TempBand+Watershed+Merge+ClustSml+ShapeGate+MinPeaks+P-Filter+EquipRej+SkinPrio+Omega+OmScale+OmSplit+OmRot+FarField+GradFarF+Kalman+StaticSup,horizontal best
cap_002697,2026-08-24T15:35:10.703,horizontal,24.41,26.91,2,0,0.0,TempBand+Watershed+Merge+ClustSml+ShapeGate+MinPeaks+P-Filter+EquipRej+SkinPrio+Omega+OmScale+OmSplit+OmRot+FarField+GradFarF+Kalman+StaticSup,horizontal best
cap_002698,2026-08-24T15:35:10.831,horizontal,24.41,26.91,2,0,0.0,TempBand+Watershed+Merge+ClustSml+ShapeGate+MinPeaks+P-Filter+EquipRej+SkinPrio+Omega+OmScale+OmSplit+OmRot+FarField+GradFarF+Kalman+StaticSup,horizontal best
cap_002699,2026-08-24T15:35:10.926,horizontal,24.39,26.89,2,0,0.0,TempBand+Watershed+Merge+ClustSml+ShapeGate+MinPeaks+P-Filter+EquipRej+SkinPrio+Omega+OmScale+OmSplit+OmRot+FarField+GradFarF+Kalman+StaticSup,horizontal best
cap_002700,2026-08-24T15:35:11.056,horizontal,24.39,26.89,2,0,0.0,TempBand+Watershed+Merge+ClustSml+ShapeGate+MinPeaks+P-Filter+EquipRej+SkinPrio+Omega+OmScale+OmSplit+OmRot+FarField+GradFarF+Kalman+StaticSup,horizontal best
cap_002701,2026-08-24T15:35:11.152,horizontal,24.39,26.89,2,0,0.0,TempBand+Watershed+Merge+ClustSml+ShapeGate+MinPeaks+P-Filter+EquipRej+SkinPrio+Omega+OmScale+OmSplit+OmRot+FarField+GradFarF+Kalman+StaticSup,horizontal best
cap_002702,2026-08-24T15:35:11.283,horizontal,24.39,26.89,2,0,0.0,TempBand+Watershed+Merge+ClustSml+ShapeGate+MinPeaks+P-Filter+EquipRej+SkinPrio+Omega+OmScale+OmSplit+OmRot+FarField+GradFarF+Kalman+StaticSup,horizontal best
cap_002703,2026-08-24T15:35:11.410,horizontal,24.39,26.89,2,0,0.0,TempBand+Watershed+Merge+ClustSml+ShapeGate+MinPeaks+P-Filter+EquipRej+SkinPrio+Omega+OmScale+OmSplit+OmRot+FarField+GradFarF+Kalman+StaticSup,horizontal best
cap_002704,2026-08-24T15:35:11.507,horizontal,24.39,26.89,2,0,0.0,TempBand+Watershed+Merge+ClustSml+ShapeGate+MinPeaks+P-Filter+EquipRej+SkinPrio+Omega+OmScale+OmSplit+OmRot+FarField+GradFarF+Kalman+StaticSup,horizontal best
cap_002705,2026-08-24T15:35:11.633,horizontal,24.41,26.91,2,0,0.0,TempBand+Watershed+Merge+ClustSml+ShapeGate+MinPeaks+P-Filter+EquipRej+SkinPrio+Omega+OmScale+OmSplit+OmRot+FarField+GradFarF+Kalman+StaticSup,horizontal best
cap_002706,2026-08-24T15:35:11.731,horizontal,24.41,26.91,2,0,0.0,TempBand+Watershed+Merge+ClustSml+ShapeGate+MinPeaks+P-Filter+EquipRej+SkinPrio+Omega+OmScale+OmSplit+OmRot+FarField+GradFarF+Kalman+StaticSup,horizontal best
cap_002707,2026-08-24T15:35:11.856,horizontal,24.41,26.91,2,0,0.0,TempBand+Watershed+Merge+ClustSml+ShapeGate+MinPeaks+P-Filter+EquipRej+SkinPrio+Omega+OmScale+OmSplit+OmRot+FarField+GradFarF+Kalman+StaticSup,horizontal best
cap_002708,2026-08-24T15:35:11.954,horizontal,24.41,26.91,2,0,0.0,TempBand+Watershed+Merge+ClustSml+ShapeGate+MinPeaks+P-Filter+EquipRej+SkinPrio+Omega+OmScale+OmSplit+OmRot+FarField+GradFarF+Kalman+StaticSup,horizontal best
cap_002709,2026-08-24T15:35:12.087,horizontal,24.44,26.94,2,0,0.0,TempBand+Watershed+Merge+ClustSml+ShapeGate+MinPeaks+P-Filter+EquipRej+SkinPrio+Omega+OmScale+OmSplit+OmRot+FarField+GradFarF+Kalman+StaticSup,horizontal best
cap_002710,2026-08-24T15:35:12.208,horizontal,24.44,26.94,2,0,0.0,TempBand+Watershed+Merge+ClustSml+ShapeGate+MinPeaks+P-Filter+EquipRej+SkinPrio+Omega+OmScale+OmSplit+OmRot+FarField+GradFarF+Kalman+StaticSup,horizontal best
cap_002711,2026-08-24T15:35:12.306,horizontal,24.46,26.96,2,0,0.0,TempBand+Watershed+Merge+ClustSml+ShapeGate+MinPeaks+P-Filter+EquipRej+SkinPrio+Omega+OmScale+OmSplit+OmRot+FarField+GradFarF+Kalman+StaticSup,horizontal best
cap_002712,2026-08-24T15:35:12.439,horizontal,24.46,26.96,2,0,0.0,TempBand+Watershed+Merge+ClustSml+ShapeGate+MinPeaks+P-Filter+EquipRej+SkinPrio+Omega+OmScale+OmSplit+OmRot+FarField+GradFarF+Kalman+StaticSup,horizontal best
cap_002713,2026-08-24T15:35:12.529,horizontal,24.44,26.94,2,0,0.0,TempBand+Watershed+Merge+ClustSml+ShapeGate+MinPeaks+P-Filter+EquipRej+SkinPrio+Omega+OmScale+OmSplit+OmRot+FarField+GradFarF+Kalman+StaticSup,horizontal best
cap_002714,2026-08-24T15:35:12.654,horizontal,24.44,26.94,2,0,0.0,TempBand+Watershed+Merge+ClustSml+ShapeGate+MinPeaks+P-Filter+EquipRej+SkinPrio+Omega+OmScale+OmSplit+OmRot+FarField+GradFarF+Kalman+StaticSup,horizontal best
cap_002715,2026-08-24T15:35:12.748,horizontal,24.41,26.91,2,0,0.0,TempBand+Watershed+Merge+ClustSml+ShapeGate+MinPeaks+P-Filter+EquipRej+SkinPrio+Omega+OmScale+OmSplit+OmRot+FarField+GradFarF+Kalman+StaticSup,horizontal best
cap_002716,2026-08-24T15:35:12.880,horizontal,24.41,26.91,2,0,0.0,TempBand+Watershed+Merge+ClustSml+ShapeGate+MinPeaks+P-Filter+EquipRej+SkinPrio+Omega+OmScale+OmSplit+OmRot+FarField+GradFarF+Kalman+StaticSup,horizontal best
cap_002717,2026-08-24T15:35:12.974,horizontal,24.44,26.94,2,0,0.0,TempBand+Watershed+Merge+ClustSml+ShapeGate+MinPeaks+P-Filter+EquipRej+SkinPrio+Omega+OmScale+OmSplit+OmRot+FarField+GradFarF+Kalman+StaticSup,horizontal best
cap_002718,2026-08-24T15:35:13.102,horizontal,24.41,26.91,2,0,0.0,TempBand+Watershed+Merge+ClustSml+ShapeGate+MinPeaks+P-Filter+EquipRej+SkinPrio+Omega+OmScale+OmSplit+OmRot+FarField+GradFarF+Kalman+StaticSup,horizontal best
cap_002719,2026-08-24T15:35:13.230,horizontal,24.39,26.89,2,0,0.0,TempBand+Watershed+Merge+ClustSml+ShapeGate+MinPeaks+P-Filter+EquipRej+SkinPrio+Omega+OmScale+OmSplit+OmRot+FarField+GradFarF+Kalman+StaticSup,horizontal best
cap_002720,2026-08-24T15:35:13.327,horizontal,24.39,26.89,2,0,0.0,TempBand+Watershed+Merge+ClustSml+ShapeGate+MinPeaks+P-Filter+EquipRej+SkinPrio+Omega+OmScale+OmSplit+OmRot+FarField+GradFarF+Kalman+StaticSup,horizontal best
cap_002721,2026-08-24T15:35:13.454,horizontal,24.39,26.89,2,0,0.0,TempBand+Watershed+Merge+ClustSml+ShapeGate+MinPeaks+P-Filter+EquipRej+SkinPrio+Omega+OmScale+OmSplit+OmRot+FarField+GradFarF+Kalman+StaticSup,horizontal best
cap_002722,2026-08-24T15:35:13.553,horizontal,24.39,26.89,2,0,0.0,TempBand+Watershed+Merge+ClustSml+ShapeGate+MinPeaks+P-Filter+EquipRej+SkinPrio+Omega+OmScale+OmSplit+OmRot+FarField+GradFarF+Kalman+StaticSup,horizontal best
cap_002723,2026-08-24T15:35:13.681,horizontal,24.39,26.89,2,0,0.0,TempBand+Watershed+Merge+ClustSml+ShapeGate+MinPeaks+P-Filter+EquipRej+SkinPrio+Omega+OmScale+OmSplit+OmRot+FarField+GradFarF+Kalman+StaticSup,horizontal best
cap_002724,2026-08-24T15:35:13.776,horizontal,24.39,26.89,2,0,0.0,TempBand+Watershed+Merge+ClustSml+ShapeGate+MinPeaks+P-Filter+EquipRej+SkinPrio+Omega+OmScale+OmSplit+OmRot+FarField+GradFarF+Kalman+StaticSup,horizontal best
cap_002725,2026-08-24T15:35:13.906,horizontal,24.39,26.89,2,0,0.0,TempBand+Watershed+Merge+ClustSml+ShapeGate+MinPeaks+P-Filter+EquipRej+SkinPrio+Omega+OmScale+OmSplit+OmRot+FarField+GradFarF+Kalman+StaticSup,horizontal best
cap_002726,2026-08-24T15:35:14.037,horizontal,24.37,26.87,2,0,0.0,TempBand+Watershed+Merge+ClustSml+ShapeGate+MinPeaks+P-Filter+EquipRej+SkinPrio+Omega+OmScale+OmSplit+OmRot+FarField+GradFarF+Kalman+StaticSup,horizontal best
cap_002727,2026-08-24T15:35:14.133,horizontal,24.37,26.87,2,0,0.0,TempBand+Watershed+Merge+ClustSml+ShapeGate+MinPeaks+P-Filter+EquipRej+SkinPrio+Omega+OmScale+OmSplit+OmRot+FarField+GradFarF+Kalman+StaticSup,horizontal best
cap_002728,2026-08-24T15:35:14.258,horizontal,24.39,26.89,2,0,0.0,TempBand+Watershed+Merge+ClustSml+ShapeGate+MinPeaks+P-Filter+EquipRej+SkinPrio+Omega+OmScale+OmSplit+OmRot+FarField+GradFarF+Kalman+StaticSup,horizontal best
cap_002729,2026-08-24T15:35:14.352,horizontal,24.39,26.89,2,0,0.0,TempBand+Watershed+Merge+ClustSml+ShapeGate+MinPeaks+P-Filter+EquipRej+SkinPrio+Omega+OmScale+OmSplit+OmRot+FarField+GradFarF+Kalman+StaticSup,horizontal best
cap_002730,2026-08-24T15:35:14.482,horizontal,24.37,26.87,2,0,0.0,TempBand+Watershed+Merge+ClustSml+ShapeGate+MinPeaks+P-Filter+EquipRej+SkinPrio+Omega+OmScale+OmSplit+OmRot+FarField+GradFarF+Kalman+StaticSup,horizontal best
cap_002731,2026-08-24T15:35:14.578,horizontal,24.35,26.85,2,0,0.0,TempBand+Watershed+Merge+ClustSml+ShapeGate+MinPeaks+P-Filter+EquipRej+SkinPrio+Omega+OmScale+OmSplit+OmRot+FarField+GradFarF+Kalman+StaticSup,horizontal best
cap_002732,2026-08-24T15:35:14.704,horizontal,24.35,26.85,2,0,0.0,TempBand+Watershed+Merge+ClustSml+ShapeGate+MinPeaks+P-Filter+EquipRej+SkinPrio+Omega+OmScale+OmSplit+OmRot+FarField+GradFarF+Kalman+StaticSup,horizontal best
cap_002733,2026-08-24T15:35:14.800,horizontal,24.35,26.85,2,0,0.0,TempBand+Watershed+Merge+ClustSml+ShapeGate+MinPeaks+P-Filter+EquipRej+SkinPrio+Omega+OmScale+OmSplit+OmRot+FarField+GradFarF+Kalman+StaticSup,horizontal best
cap_002734,2026-08-24T15:35:14.926,horizontal,24.32,26.82,2,0,0.0,TempBand+Watershed+Merge+ClustSml+ShapeGate+MinPeaks+P-Filter+EquipRej+SkinPrio+Omega+OmScale+OmSplit+OmRot+FarField+GradFarF+Kalman+StaticSup,horizontal best
cap_002735,2026-08-24T15:35:15.109,horizontal,24.32,26.82,2,0,0.0,TempBand+Watershed+Merge+ClustSml+ShapeGate+MinPeaks+P-Filter+EquipRej+SkinPrio+Omega+OmScale+OmSplit+OmRot+FarField+GradFarF+Kalman+StaticSup,horizontal best
cap_002736,2026-08-24T15:35:15.180,horizontal,24.32,26.82,2,0,0.0,TempBand+Watershed+Merge+ClustSml+ShapeGate+MinPeaks+P-Filter+EquipRej+SkinPrio+Omega+OmScale+OmSplit+OmRot+FarField+GradFarF+Kalman+StaticSup,horizontal best
cap_002737,2026-08-24T15:35:15.312,horizontal,24.32,26.82,2,0,0.0,TempBand+Watershed+Merge+ClustSml+ShapeGate+MinPeaks+P-Filter+EquipRej+SkinPrio+Omega+OmScale+OmSplit+OmRot+FarField+GradFarF+Kalman+StaticSup,horizontal best
cap_002738,2026-08-24T15:35:15.377,horizontal,24.32,26.82,2,0,0.0,TempBand+Watershed+Merge+ClustSml+ShapeGate+MinPeaks+P-Filter+EquipRej+SkinPrio+Omega+OmScale+OmSplit+OmRot+FarField+GradFarF+Kalman+StaticSup,horizontal best
cap_002739,2026-08-24T15:35:15.501,horizontal,24.32,26.82,2,0,0.0,TempBand+Watershed+Merge+ClustSml+ShapeGate+MinPeaks+P-Filter+EquipRej+SkinPrio+Omega+OmScale+OmSplit+OmRot+FarField+GradFarF+Kalman+StaticSup,horizontal best
cap_002740,2026-08-24T15:35:15.641,horizontal,24.32,26.82,2,0,0.0,TempBand+Watershed+Merge+ClustSml+ShapeGate+MinPeaks+P-Filter+EquipRej+SkinPrio+Omega+OmScale+OmSplit+OmRot+FarField+GradFarF+Kalman+StaticSup,horizontal best
cap_002741,2026-08-24T15:35:15.729,horizontal,24.30,26.80,2,0,0.0,TempBand+Watershed+Merge+ClustSml+ShapeGate+MinPeaks+P-Filter+EquipRej+SkinPrio+Omega+OmScale+OmSplit+OmRot+FarField+GradFarF+Kalman+StaticSup,horizontal best
cap_002742,2026-08-24T15:35:15.858,horizontal,24.30,26.80,2,0,0.0,TempBand+Watershed+Merge+ClustSml+ShapeGate+MinPeaks+P-Filter+EquipRej+SkinPrio+Omega+OmScale+OmSplit+OmRot+FarField+GradFarF+Kalman+StaticSup,horizontal best
cap_002743,2026-08-24T15:35:15.959,horizontal,24.30,26.80,2,0,0.0,TempBand+Watershed+Merge+ClustSml+ShapeGate+MinPeaks+P-Filter+EquipRej+SkinPrio+Omega+OmScale+OmSplit+OmRot+FarField+GradFarF+Kalman+StaticSup,horizontal best
cap_002744,2026-08-24T15:35:16.081,horizontal,24.30,26.80,2,0,0.0,TempBand+Watershed+Merge+ClustSml+ShapeGate+MinPeaks+P-Filter+EquipRej+SkinPrio+Omega+OmScale+OmSplit+OmRot+FarField+GradFarF+Kalman+StaticSup,horizontal best
cap_002745,2026-08-24T15:35:16.174,horizontal,24.30,26.80,2,0,0.0,TempBand+Watershed+Merge+ClustSml+ShapeGate+MinPeaks+P-Filter+EquipRej+SkinPrio+Omega+OmScale+OmSplit+OmRot+FarField+GradFarF+Kalman+StaticSup,horizontal best
cap_002746,2026-08-24T15:35:16.304,horizontal,24.28,26.78,2,0,0.0,TempBand+Watershed+Merge+ClustSml+ShapeGate+MinPeaks+P-Filter+EquipRej+SkinPrio+Omega+OmScale+OmSplit+OmRot+FarField+GradFarF+Kalman+StaticSup,horizontal best
cap_002747,2026-08-24T15:35:16.405,horizontal,24.28,26.78,2,0,0.0,TempBand+Watershed+Merge+ClustSml+ShapeGate+MinPeaks+P-Filter+EquipRej+SkinPrio+Omega+OmScale+OmSplit+OmRot+FarField+GradFarF+Kalman+StaticSup,horizontal best
cap_002748,2026-08-24T15:35:16.528,horizontal,24.30,26.80,2,0,0.0,TempBand+Watershed+Merge+ClustSml+ShapeGate+MinPeaks+P-Filter+EquipRej+SkinPrio+Omega+OmScale+OmSplit+OmRot+FarField+GradFarF+Kalman+StaticSup,horizontal best
cap_002749,2026-08-24T15:35:16.621,horizontal,24.30,26.80,2,0,0.0,TempBand+Watershed+Merge+ClustSml+ShapeGate+MinPeaks+P-Filter+EquipRej+SkinPrio+Omega+OmScale+OmSplit+OmRot+FarField+GradFarF+Kalman+StaticSup,horizontal best
cap_002750,2026-08-24T15:35:16.752,horizontal,24.30,26.80,2,0,0.0,TempBand+Watershed+Merge+ClustSml+ShapeGate+MinPeaks+P-Filter+EquipRej+SkinPrio+Omega+OmScale+OmSplit+OmRot+FarField+GradFarF+Kalman+StaticSup,horizontal best
cap_002751,2026-08-24T15:35:16.880,horizontal,24.30,26.80,2,0,0.0,TempBand+Watershed+Merge+ClustSml+ShapeGate+MinPeaks+P-Filter+EquipRej+SkinPrio+Omega+OmScale+OmSplit+OmRot+FarField+GradFarF+Kalman+StaticSup,horizontal best
cap_002752,2026-08-24T15:35:16.976,horizontal,24.32,26.82,2,0,0.0,TempBand+Watershed+Merge+ClustSml+ShapeGate+MinPeaks+P-Filter+EquipRej+SkinPrio+Omega+OmScale+OmSplit+OmRot+FarField+GradFarF+Kalman+StaticSup,horizontal best
cap_002753,2026-08-24T15:35:17.107,horizontal,24.30,26.80,2,0,0.0,TempBand+Watershed+Merge+ClustSml+ShapeGate+MinPeaks+P-Filter+EquipRej+SkinPrio+Omega+OmScale+OmSplit+OmRot+FarField+GradFarF+Kalman+StaticSup,horizontal best
cap_002754,2026-08-24T15:35:17.206,horizontal,24.28,26.78,2,0,0.0,TempBand+Watershed+Merge+ClustSml+ShapeGate+MinPeaks+P-Filter+EquipRej+SkinPrio+Omega+OmScale+OmSplit+OmRot+FarField+GradFarF+Kalman+StaticSup,horizontal best
cap_002755,2026-08-24T15:35:17.327,horizontal,24.28,26.78,2,0,0.0,TempBand+Watershed+Merge+ClustSml+ShapeGate+MinPeaks+P-Filter+EquipRej+SkinPrio+Omega+OmScale+OmSplit+OmRot+FarField+GradFarF+Kalman+StaticSup,horizontal best
cap_002756,2026-08-24T15:35:17.424,horizontal,24.28,26.78,2,0,0.0,TempBand+Watershed+Merge+ClustSml+ShapeGate+MinPeaks+P-Filter+EquipRej+SkinPrio+Omega+OmScale+OmSplit+OmRot+FarField+GradFarF+Kalman+StaticSup,horizontal best
cap_002757,2026-08-24T15:35:17.552,horizontal,24.28,26.78,2,0,0.0,TempBand+Watershed+Merge+ClustSml+ShapeGate+MinPeaks+P-Filter+EquipRej+SkinPrio+Omega+OmScale+OmSplit+OmRot+FarField+GradFarF+Kalman+StaticSup,horizontal best
cap_002758,2026-08-24T15:35:17.647,horizontal,24.25,26.75,2,0,0.0,TempBand+Watershed+Merge+ClustSml+ShapeGate+MinPeaks+P-Filter+EquipRej+SkinPrio+Omega+OmScale+OmSplit+OmRot+FarField+GradFarF+Kalman+StaticSup,horizontal best
cap_002759,2026-08-24T15:35:17.780,horizontal,24.25,26.75,2,0,0.0,TempBand+Watershed+Merge+ClustSml+ShapeGate+MinPeaks+P-Filter+EquipRej+SkinPrio+Omega+OmScale+OmSplit+OmRot+FarField+GradFarF+Kalman+StaticSup,horizontal best
cap_002760,2026-08-24T15:35:17.906,horizontal,24.25,26.75,1,1,0.9220876737273597,TempBand+Watershed+Merge+ClustSml+ShapeGate+MinPeaks+P-Filter+EquipRej+SkinPrio+Omega+OmScale+OmSplit+OmRot+FarField+GradFarF+Kalman+StaticSup,horizontal best
cap_002761,2026-08-24T15:35:17.997,horizontal,24.25,26.75,1,1,0.829878906354623,TempBand+Watershed+Merge+ClustSml+ShapeGate+MinPeaks+P-Filter+EquipRej+SkinPrio+Omega+OmScale+OmSplit+OmRot+FarField+GradFarF+Kalman+StaticSup,horizontal best
cap_002762,2026-08-24T15:35:18.125,horizontal,24.25,26.75,2,0,0.0,TempBand+Watershed+Merge+ClustSml+ShapeGate+MinPeaks+P-Filter+EquipRej+SkinPrio+Omega+OmScale+OmSplit+OmRot+FarField+GradFarF+Kalman+StaticSup,horizontal best
cap_002763,2026-08-24T15:35:18.220,horizontal,24.25,26.75,2,0,0.0,TempBand+Watershed+Merge+ClustSml+ShapeGate+MinPeaks+P-Filter+EquipRej+SkinPrio+Omega+OmScale+OmSplit+OmRot+FarField+GradFarF+Kalman+StaticSup,horizontal best
cap_002764,2026-08-24T15:35:18.356,horizontal,24.25,26.75,1,1,0.9006285901131444,TempBand+Watershed+Merge+ClustSml+ShapeGate+MinPeaks+P-Filter+EquipRej+SkinPrio+Omega+OmScale+OmSplit+OmRot+FarField+GradFarF+Kalman+StaticSup,horizontal best
cap_002765,2026-08-24T15:35:18.445,horizontal,24.25,26.75,1,1,0.9364056792331048,TempBand+Watershed+Merge+ClustSml+ShapeGate+MinPeaks+P-Filter+EquipRej+SkinPrio+Omega+OmScale+OmSplit+OmRot+FarField+GradFarF+Kalman+StaticSup,horizontal best
cap_002766,2026-08-24T15:35:18.581,horizontal,24.23,26.73,2,0,0.0,TempBand+Watershed+Merge+ClustSml+ShapeGate+MinPeaks+P-Filter+EquipRej+SkinPrio+Omega+OmScale+OmSplit+OmRot+FarField+GradFarF+Kalman+StaticSup,horizontal best
cap_002767,2026-08-24T15:35:18.698,horizontal,24.23,26.73,2,0,0.0,TempBand+Watershed+Merge+ClustSml+ShapeGate+MinPeaks+P-Filter+EquipRej+SkinPrio+Omega+OmScale+OmSplit+OmRot+FarField+GradFarF+Kalman+StaticSup,horizontal best
cap_002768,2026-08-24T15:35:18.801,horizontal,24.23,26.73,2,0,0.0,TempBand+Watershed+Merge+ClustSml+ShapeGate+MinPeaks+P-Filter+EquipRej+SkinPrio+Omega+OmScale+OmSplit+OmRot+FarField+GradFarF+Kalman+StaticSup,horizontal best
cap_002769,2026-08-24T15:35:18.925,horizontal,24.21,26.71,2,0,0.0,TempBand+Watershed+Merge+ClustSml+ShapeGate+MinPeaks+P-Filter+EquipRej+SkinPrio+Omega+OmScale+OmSplit+OmRot+FarField+GradFarF+Kalman+StaticSup,horizontal best
cap_002770,2026-08-24T15:35:19.024,horizontal,24.23,26.73,2,0,0.0,TempBand+Watershed+Merge+ClustSml+ShapeGate+MinPeaks+P-Filter+EquipRej+SkinPrio+Omega+OmScale+OmSplit+OmRot+FarField+GradFarF+Kalman+StaticSup,horizontal best
cap_002771,2026-08-24T15:35:19.149,horizontal,24.21,26.71,2,0,0.0,TempBand+Watershed+Merge+ClustSml+ShapeGate+MinPeaks+P-Filter+EquipRej+SkinPrio+Omega+OmScale+OmSplit+OmRot+FarField+GradFarF+Kalman+StaticSup,horizontal best
cap_002772,2026-08-24T15:35:19.245,horizontal,24.21,26.71,2,0,0.0,TempBand+Watershed+Merge+ClustSml+ShapeGate+MinPeaks+P-Filter+EquipRej+SkinPrio+Omega+OmScale+OmSplit+OmRot+FarField+GradFarF+Kalman+StaticSup,horizontal best
cap_002773,2026-08-24T15:35:19.379,horizontal,24.21,26.71,2,0,0.0,TempBand+Watershed+Merge+ClustSml+ShapeGate+MinPeaks+P-Filter+EquipRej+SkinPrio+Omega+OmScale+OmSplit+OmRot+FarField+GradFarF+Kalman+StaticSup,horizontal best
cap_002774,2026-08-24T15:35:19.471,horizontal,24.21,26.71,2,0,0.0,TempBand+Watershed+Merge+ClustSml+ShapeGate+MinPeaks+P-Filter+EquipRej+SkinPrio+Omega+OmScale+OmSplit+OmRot+FarField+GradFarF+Kalman+StaticSup,horizontal best
cap_002775,2026-08-24T15:35:19.602,horizontal,24.21,26.71,2,0,0.0,TempBand+Watershed+Merge+ClustSml+ShapeGate+MinPeaks+P-Filter+EquipRej+SkinPrio+Omega+OmScale+OmSplit+OmRot+FarField+GradFarF+Kalman+StaticSup,horizontal best
cap_002776,2026-08-24T15:35:19.722,horizontal,24.21,26.71,2,0,0.0,TempBand+Watershed+Merge+ClustSml+ShapeGate+MinPeaks+P-Filter+EquipRej+SkinPrio+Omega+OmScale+OmSplit+OmRot+FarField+GradFarF+Kalman+StaticSup,horizontal best
cap_002777,2026-08-24T15:35:19.818,horizontal,24.21,26.71,2,0,0.0,TempBand+Watershed+Merge+ClustSml+ShapeGate+MinPeaks+P-Filter+EquipRej+SkinPrio+Omega+OmScale+OmSplit+OmRot+FarField+GradFarF+Kalman+StaticSup,horizontal best
cap_002778,2026-08-24T15:35:19.948,horizontal,24.21,26.71,2,0,0.0,TempBand+Watershed+Merge+ClustSml+ShapeGate+MinPeaks+P-Filter+EquipRej+SkinPrio+Omega+OmScale+OmSplit+OmRot+FarField+GradFarF+Kalman+StaticSup,horizontal best
cap_002779,2026-08-24T15:35:20.047,horizontal,24.18,26.68,2,0,0.0,TempBand+Watershed+Merge+ClustSml+ShapeGate+MinPeaks+P-Filter+EquipRej+SkinPrio+Omega+OmScale+OmSplit+OmRot+FarField+GradFarF+Kalman+StaticSup,horizontal best
cap_002780,2026-08-24T15:35:20.177,horizontal,24.18,26.68,2,0,0.0,TempBand+Watershed+Merge+ClustSml+ShapeGate+MinPeaks+P-Filter+EquipRej+SkinPrio+Omega+OmScale+OmSplit+OmRot+FarField+GradFarF+Kalman+StaticSup,horizontal best
cap_002781,2026-08-24T15:35:20.277,horizontal,24.18,26.68,2,0,0.0,TempBand+Watershed+Merge+ClustSml+ShapeGate+MinPeaks+P-Filter+EquipRej+SkinPrio+Omega+OmScale+OmSplit+OmRot+FarField+GradFarF+Kalman+StaticSup,horizontal best
cap_002782,2026-08-24T15:35:20.419,horizontal,24.21,26.71,2,0,0.0,TempBand+Watershed+Merge+ClustSml+ShapeGate+MinPeaks+P-Filter+EquipRej+SkinPrio+Omega+OmScale+OmSplit+OmRot+FarField+GradFarF+Kalman+StaticSup,horizontal best
cap_002783,2026-08-24T15:35:20.759,horizontal,24.21,26.71,1,1,0.9220876737273597,TempBand+Watershed+Merge+ClustSml+ShapeGate+MinPeaks+P-Filter+EquipRej+SkinPrio+Omega+OmScale+OmSplit+OmRot+FarField+GradFarF+Kalman+StaticSup,horizontal best
cap_002784,2026-08-24T15:35:20.870,horizontal,24.21,26.71,1,1,0.9220876737273597,TempBand+Watershed+Merge+ClustSml+ShapeGate+MinPeaks+P-Filter+EquipRej+SkinPrio+Omega+OmScale+OmSplit+OmRot+FarField+GradFarF+Kalman+StaticSup,horizontal best
cap_002785,2026-08-24T15:35:20.944,horizontal,24.21,26.71,1,1,0.9220876737273597,TempBand+Watershed+Merge+ClustSml+ShapeGate+MinPeaks+P-Filter+EquipRej+SkinPrio+Omega+OmScale+OmSplit+OmRot+FarField+GradFarF+Kalman+StaticSup,horizontal best
cap_002786,2026-08-24T15:35:20.994,horizontal,24.21,26.71,1,1,0.9220876737273597,TempBand+Watershed+Merge+ClustSml+ShapeGate+MinPeaks+P-Filter+EquipRej+SkinPrio+Omega+OmScale+OmSplit+OmRot+FarField+GradFarF+Kalman+StaticSup,horizontal best
cap_002787,2026-08-24T15:35:21.048,horizontal,24.28,26.78,2,0,0.0,TempBand+Watershed+Merge+ClustSml+ShapeGate+MinPeaks+P-Filter+EquipRej+SkinPrio+Omega+OmScale+OmSplit+OmRot+FarField+GradFarF+Kalman+StaticSup,horizontal best
cap_002788,2026-08-24T15:35:21.171,horizontal,24.30,26.80,1,1,0.9922179382602435,TempBand+Watershed+Merge+ClustSml+ShapeGate+MinPeaks+P-Filter+EquipRej+SkinPrio+Omega+OmScale+OmSplit+OmRot+FarField+GradFarF+Kalman+StaticSup,horizontal best
cap_002789,2026-08-24T15:35:21.286,horizontal,24.28,26.78,1,1,0.9220876737273597,TempBand+Watershed+Merge+ClustSml+ShapeGate+MinPeaks+P-Filter+EquipRej+SkinPrio+Omega+OmScale+OmSplit+OmRot+FarField+GradFarF+Kalman+StaticSup,horizontal best
cap_002790,2026-08-24T15:35:21.348,horizontal,24.25,26.75,2,0,0.0,TempBand+Watershed+Merge+ClustSml+ShapeGate+MinPeaks+P-Filter+EquipRej+SkinPrio+Omega+OmScale+OmSplit+OmRot+FarField+GradFarF+Kalman+StaticSup,horizontal best
cap_002791,2026-08-24T15:35:21.595,horizontal,24.25,26.75,2,0,0.0,TempBand+Watershed+Merge+ClustSml+ShapeGate+MinPeaks+P-Filter+EquipRej+SkinPrio+Omega+OmScale+OmSplit+OmRot+FarField+GradFarF+Kalman+StaticSup,horizontal best
cap_002792,2026-08-24T15:35:21.642,horizontal,24.25,26.75,1,1,0.9550097655754844,TempBand+Watershed+Merge+ClustSml+ShapeGate+MinPeaks+P-Filter+EquipRej+SkinPrio+Omega+OmScale+OmSplit+OmRot+FarField+GradFarF+Kalman+StaticSup,horizontal best
cap_002793,2026-08-24T15:35:21.685,horizontal,24.25,26.75,1,1,0.8024082047883588,TempBand+Watershed+Merge+ClustSml+ShapeGate+MinPeaks+P-Filter+EquipRej+SkinPrio+Omega+OmScale+OmSplit+OmRot+FarField+GradFarF+Kalman+StaticSup,horizontal best
cap_002794,2026-08-24T15:35:21.773,horizontal,24.25,26.75,1,1,0.8024082047883588,TempBand+Watershed+Merge+ClustSml+ShapeGate+MinPeaks+P-Filter+EquipRej+SkinPrio+Omega+OmScale+OmSplit+OmRot+FarField+GradFarF+Kalman+StaticSup,horizontal best
cap_002795,2026-08-24T15:35:21.872,horizontal,24.28,26.78,1,1,0.6370846240787225,TempBand+Watershed+Merge+ClustSml+ShapeGate+MinPeaks+P-Filter+EquipRej+SkinPrio+Omega+OmScale+OmSplit+OmRot+FarField+GradFarF+Kalman+StaticSup,horizontal best
cap_002796,2026-08-24T15:35:22.000,horizontal,24.28,26.78,2,0,0.0,TempBand+Watershed+Merge+ClustSml+ShapeGate+MinPeaks+P-Filter+EquipRej+SkinPrio+Omega+OmScale+OmSplit+OmRot+FarField+GradFarF+Kalman+StaticSup,horizontal best
cap_002797,2026-08-24T15:35:22.096,horizontal,24.28,26.78,2,0,0.0,TempBand+Watershed+Merge+ClustSml+ShapeGate+MinPeaks+P-Filter+EquipRej+SkinPrio+Omega+OmScale+OmSplit+OmRot+FarField+GradFarF+Kalman+StaticSup,horizontal best
cap_002798,2026-08-24T15:35:22.225,horizontal,24.25,26.75,2,0,0.0,TempBand+Watershed+Merge+ClustSml+ShapeGate+MinPeaks+P-Filter+EquipRej+SkinPrio+Omega+OmScale+OmSplit+OmRot+FarField+GradFarF+Kalman+StaticSup,horizontal best
cap_002799,2026-08-24T15:35:22.352,horizontal,24.25,26.75,2,0,0.0,TempBand+Watershed+Merge+ClustSml+ShapeGate+MinPeaks+P-Filter+EquipRej+SkinPrio+Omega+OmScale+OmSplit+OmRot+FarField+GradFarF+Kalman+StaticSup,horizontal best
cap_002800,2026-08-24T15:35:22.445,horizontal,24.28,26.78,2,0,0.0,TempBand+Watershed+Merge+ClustSml+ShapeGate+MinPeaks+P-Filter+EquipRej+SkinPrio+Omega+OmScale+OmSplit+OmRot+FarField+GradFarF+Kalman+StaticSup,horizontal best
cap_002801,2026-08-24T15:35:22.577,horizontal,24.25,26.75,2,0,0.0,TempBand+Watershed+Merge+ClustSml+ShapeGate+MinPeaks+P-Filter+EquipRej+SkinPrio+Omega+OmScale+OmSplit+OmRot+FarField+GradFarF+Kalman+StaticSup,horizontal best
cap_002802,2026-08-24T15:35:22.671,horizontal,24.28,26.78,2,0,0.0,TempBand+Watershed+Merge+ClustSml+ShapeGate+MinPeaks+P-Filter+EquipRej+SkinPrio+Omega+OmScale+OmSplit+OmRot+FarField+GradFarF+Kalman+StaticSup,horizontal best
cap_002803,2026-08-24T15:35:22.800,horizontal,24.28,26.78,2,0,0.0,TempBand+Watershed+Merge+ClustSml+ShapeGate+MinPeaks+P-Filter+EquipRej+SkinPrio+Omega+OmScale+OmSplit+OmRot+FarField+GradFarF+Kalman+StaticSup,horizontal best
cap_002804,2026-08-24T15:35:22.896,horizontal,24.25,26.75,2,0,0.0,TempBand+Watershed+Merge+ClustSml+ShapeGate+MinPeaks+P-Filter+EquipRej+SkinPrio+Omega+OmScale+OmSplit+OmRot+FarField+GradFarF+Kalman+StaticSup,horizontal best
cap_002805,2026-08-24T15:35:23.022,horizontal,24.28,26.78,2,0,0.0,TempBand+Watershed+Merge+ClustSml+ShapeGate+MinPeaks+P-Filter+EquipRej+SkinPrio+Omega+OmScale+OmSplit+OmRot+FarField+GradFarF+Kalman+StaticSup,horizontal best
cap_002806,2026-08-24T15:35:23.118,horizontal,24.28,26.78,2,0,0.0,TempBand+Watershed+Merge+ClustSml+ShapeGate+MinPeaks+P-Filter+EquipRej+SkinPrio+Omega+OmScale+OmSplit+OmRot+FarField+GradFarF+Kalman+StaticSup,horizontal best
cap_002807,2026-08-24T15:35:23.245,horizontal,24.28,26.78,2,0,0.0,TempBand+Watershed+Merge+ClustSml+ShapeGate+MinPeaks+P-Filter+EquipRej+SkinPrio+Omega+OmScale+OmSplit+OmRot+FarField+GradFarF+Kalman+StaticSup,horizontal best
cap_002808,2026-08-24T15:35:23.382,horizontal,24.28,26.78,2,0,0.0,TempBand+Watershed+Merge+ClustSml+ShapeGate+MinPeaks+P-Filter+EquipRej+SkinPrio+Omega+OmScale+OmSplit+OmRot+FarField+GradFarF+Kalman+StaticSup,horizontal best
cap_002809,2026-08-24T15:35:23.469,horizontal,24.28,26.78,2,0,0.0,TempBand+Watershed+Merge+ClustSml+ShapeGate+MinPeaks+P-Filter+EquipRej+SkinPrio+Omega+OmScale+OmSplit+OmRot+FarField+GradFarF+Kalman+StaticSup,horizontal best
cap_002810,2026-08-24T15:35:23.599,horizontal,24.28,26.78,2,0,0.0,TempBand+Watershed+Merge+ClustSml+ShapeGate+MinPeaks+P-Filter+EquipRej+SkinPrio+Omega+OmScale+OmSplit+OmRot+FarField+GradFarF+Kalman+StaticSup,horizontal best
cap_002811,2026-08-24T15:35:23.702,horizontal,24.21,26.71,2,0,0.0,TempBand+Watershed+Merge+ClustSml+ShapeGate+MinPeaks+P-Filter+EquipRej+SkinPrio+Omega+OmScale+OmSplit+OmRot+FarField+GradFarF+Kalman+StaticSup,horizontal best
cap_002812,2026-08-24T15:35:23.821,horizontal,24.21,26.71,2,0,0.0,TempBand+Watershed+Merge+ClustSml+ShapeGate+MinPeaks+P-Filter+EquipRej+SkinPrio+Omega+OmScale+OmSplit+OmRot+FarField+GradFarF+Kalman+StaticSup,horizontal best
cap_002813,2026-08-24T15:35:23.919,horizontal,24.23,26.73,2,0,0.0,TempBand+Watershed+Merge+ClustSml+ShapeGate+MinPeaks+P-Filter+EquipRej+SkinPrio+Omega+OmScale+OmSplit+OmRot+FarField+GradFarF+Kalman+StaticSup,horizontal best
cap_002814,2026-08-24T15:35:24.048,horizontal,24.23,26.73,2,0,0.0,TempBand+Watershed+Merge+ClustSml+ShapeGate+MinPeaks+P-Filter+EquipRej+SkinPrio+Omega+OmScale+OmSplit+OmRot+FarField+GradFarF+Kalman+StaticSup,horizontal best
cap_002815,2026-08-24T15:35:24.143,horizontal,24.23,26.73,2,0,0.0,TempBand+Watershed+Merge+ClustSml+ShapeGate+MinPeaks+P-Filter+EquipRej+SkinPrio+Omega+OmScale+OmSplit+OmRot+FarField+GradFarF+Kalman+StaticSup,horizontal best
cap_002816,2026-08-24T15:35:24.272,horizontal,24.21,26.71,2,0,0.0,TempBand+Watershed+Merge+ClustSml+ShapeGate+MinPeaks+P-Filter+EquipRej+SkinPrio+Omega+OmScale+OmSplit+OmRot+FarField+GradFarF+Kalman+StaticSup,horizontal best
cap_002817,2026-08-24T15:35:24.398,horizontal,24.18,26.68,2,0,0.0,TempBand+Watershed+Merge+ClustSml+ShapeGate+MinPeaks+P-Filter+EquipRej+SkinPrio+Omega+OmScale+OmSplit+OmRot+FarField+GradFarF+Kalman+StaticSup,horizontal best
cap_002818,2026-08-24T15:35:24.495,horizontal,24.18,26.68,2,0,0.0,TempBand+Watershed+Merge+ClustSml+ShapeGate+MinPeaks+P-Filter+EquipRej+SkinPrio+Omega+OmScale+OmSplit+OmRot+FarField+GradFarF+Kalman+StaticSup,horizontal best
cap_002819,2026-08-24T15:35:24.677,horizontal,24.18,26.68,2,0,0.0,TempBand+Watershed+Merge+ClustSml+ShapeGate+MinPeaks+P-Filter+EquipRej+SkinPrio+Omega+OmScale+OmSplit+OmRot+FarField+GradFarF+Kalman+StaticSup,horizontal best
cap_002820,2026-08-24T15:35:24.732,horizontal,24.18,26.68,1,1,0.9268200679078982,TempBand+Watershed+Merge+ClustSml+ShapeGate+MinPeaks+P-Filter+EquipRej+SkinPrio+Omega+OmScale+OmSplit+OmRot+FarField+GradFarF+Kalman+StaticSup,horizontal best
cap_002821,2026-08-24T15:35:24.864,horizontal,24.18,26.68,1,1,0.9268200679078982,TempBand+Watershed+Merge+ClustSml+ShapeGate+MinPeaks+P-Filter+EquipRej+SkinPrio+Omega+OmScale+OmSplit+OmRot+FarField+GradFarF+Kalman+StaticSup,horizontal best
cap_002822,2026-08-24T15:35:24.958,horizontal,24.18,26.68,1,1,0.829878906354623,TempBand+Watershed+Merge+ClustSml+ShapeGate+MinPeaks+P-Filter+EquipRej+SkinPrio+Omega+OmScale+OmSplit+OmRot+FarField+GradFarF+Kalman+StaticSup,horizontal best
cap_002823,2026-08-24T15:35:25.083,horizontal,24.21,26.71,1,1,0.9571984816157645,TempBand+Watershed+Merge+ClustSml+ShapeGate+MinPeaks+P-Filter+EquipRej+SkinPrio+Omega+OmScale+OmSplit+OmRot+FarField+GradFarF+Kalman+StaticSup,horizontal best
cap_002824,2026-08-24T15:35:25.207,horizontal,24.23,26.73,1,1,0.8886584840227219,TempBand+Watershed+Merge+ClustSml+ShapeGate+MinPeaks+P-Filter+EquipRej+SkinPrio+Omega+OmScale+OmSplit+OmRot+FarField+GradFarF+Kalman+StaticSup,horizontal best
cap_002825,2026-08-24T15:35:25.295,horizontal,24.25,26.75,1,1,0.9995118379398894,TempBand+Watershed+Merge+ClustSml+ShapeGate+MinPeaks+P-Filter+EquipRej+SkinPrio+Omega+OmScale+OmSplit+OmRot+FarField+GradFarF+Kalman+StaticSup,horizontal best
cap_002826,2026-08-24T15:35:25.427,horizontal,24.25,26.75,1,1,0.9995118379398894,TempBand+Watershed+Merge+ClustSml+ShapeGate+MinPeaks+P-Filter+EquipRej+SkinPrio+Omega+OmScale+OmSplit+OmRot+FarField+GradFarF+Kalman+StaticSup,horizontal best
cap_002827,2026-08-24T15:35:25.538,horizontal,24.25,26.75,1,1,0.9995118379398894,TempBand+Watershed+Merge+ClustSml+ShapeGate+MinPeaks+P-Filter+EquipRej+SkinPrio+Omega+OmScale+OmSplit+OmRot+FarField+GradFarF+Kalman+StaticSup,horizontal best
cap_002828,2026-08-24T15:35:25.648,horizontal,24.25,26.75,1,1,0.8886584840227219,TempBand+Watershed+Merge+ClustSml+ShapeGate+MinPeaks+P-Filter+EquipRej+SkinPrio+Omega+OmScale+OmSplit+OmRot+FarField+GradFarF+Kalman+StaticSup,horizontal best
cap_002829,2026-08-24T15:35:25.742,horizontal,24.25,26.75,1,1,0.8886584840227219,TempBand+Watershed+Merge+ClustSml+ShapeGate+MinPeaks+P-Filter+EquipRej+SkinPrio+Omega+OmScale+OmSplit+OmRot+FarField+GradFarF+Kalman+StaticSup,horizontal best
cap_002830,2026-08-24T15:35:25.874,horizontal,24.23,26.73,1,0,0.0,TempBand+Watershed+Merge+ClustSml+ShapeGate+MinPeaks+P-Filter+EquipRej+SkinPrio+Omega+OmScale+OmSplit+OmRot+FarField+GradFarF+Kalman+StaticSup,horizontal best
cap_002831,2026-08-24T15:35:25.970,horizontal,24.23,26.73,1,0,0.0,TempBand+Watershed+Merge+ClustSml+ShapeGate+MinPeaks+P-Filter+EquipRej+SkinPrio+Omega+OmScale+OmSplit+OmRot+FarField+GradFarF+Kalman+StaticSup,horizontal best
cap_002832,2026-08-24T15:35:26.093,horizontal,24.21,26.71,1,2,0.9550890895870041,TempBand+Watershed+Merge+ClustSml+ShapeGate+MinPeaks+P-Filter+EquipRej+SkinPrio+Omega+OmScale+OmSplit+OmRot+FarField+GradFarF+Kalman+StaticSup,horizontal best
cap_002833,2026-08-24T15:35:26.220,horizontal,24.18,26.68,1,1,0.6997034919306804,TempBand+Watershed+Merge+ClustSml+ShapeGate+MinPeaks+P-Filter+EquipRej+SkinPrio+Omega+OmScale+OmSplit+OmRot+FarField+GradFarF+Kalman+StaticSup,horizontal best
cap_002834,2026-08-24T15:35:26.315,horizontal,24.18,26.68,1,1,0.7548396019890073,TempBand+Watershed+Merge+ClustSml+ShapeGate+MinPeaks+P-Filter+EquipRej+SkinPrio+Omega+OmScale+OmSplit+OmRot+FarField+GradFarF+Kalman+StaticSup,horizontal best
cap_002835,2026-08-24T15:35:26.448,horizontal,24.18,26.68,1,1,0.7548396019890073,TempBand+Watershed+Merge+ClustSml+ShapeGate+MinPeaks+P-Filter+EquipRej+SkinPrio+Omega+OmScale+OmSplit+OmRot+FarField+GradFarF+Kalman+StaticSup,horizontal best
cap_002836,2026-08-24T15:35:26.540,horizontal,24.21,26.71,1,1,0.9995118379398894,TempBand+Watershed+Merge+ClustSml+ShapeGate+MinPeaks+P-Filter+EquipRej+SkinPrio+Omega+OmScale+OmSplit+OmRot+FarField+GradFarF+Kalman+StaticSup,horizontal best
cap_002837,2026-08-24T15:35:26.668,horizontal,24.21,26.71,1,1,0.8886584840227219,TempBand+Watershed+Merge+ClustSml+ShapeGate+MinPeaks+P-Filter+EquipRej+SkinPrio+Omega+OmScale+OmSplit+OmRot+FarField+GradFarF+Kalman+StaticSup,horizontal best
cap_002838,2026-08-24T15:35:26.763,horizontal,24.21,26.71,1,1,0.8886584840227219,TempBand+Watershed+Merge+ClustSml+ShapeGate+MinPeaks+P-Filter+EquipRej+SkinPrio+Omega+OmScale+OmSplit+OmRot+FarField+GradFarF+Kalman+StaticSup,horizontal best
cap_002839,2026-08-24T15:35:26.891,horizontal,24.21,26.71,1,1,0.9995118379398894,TempBand+Watershed+Merge+ClustSml+ShapeGate+MinPeaks+P-Filter+EquipRej+SkinPrio+Omega+OmScale+OmSplit+OmRot+FarField+GradFarF+Kalman+StaticSup,horizontal best
cap_002840,2026-08-24T15:35:27.024,horizontal,24.21,26.71,1,0,0.0,TempBand+Watershed+Merge+ClustSml+ShapeGate+MinPeaks+P-Filter+EquipRej+SkinPrio+Omega+OmScale+OmSplit+OmRot+FarField+GradFarF+Kalman+StaticSup,horizontal best
cap_002841,2026-08-24T15:35:27.121,horizontal,24.21,26.71,1,0,0.0,TempBand+Watershed+Merge+ClustSml+ShapeGate+MinPeaks+P-Filter+EquipRej+SkinPrio+Omega+OmScale+OmSplit+OmRot+FarField+GradFarF+Kalman+StaticSup,horizontal best
cap_002842,2026-08-24T15:35:27.247,horizontal,24.21,26.71,2,0,0.0,TempBand+Watershed+Merge+ClustSml+ShapeGate+MinPeaks+P-Filter+EquipRej+SkinPrio+Omega+OmScale+OmSplit+OmRot+FarField+GradFarF+Kalman+StaticSup,horizontal best
cap_002843,2026-08-24T15:35:27.340,horizontal,24.18,26.68,2,0,0.0,TempBand+Watershed+Merge+ClustSml+ShapeGate+MinPeaks+P-Filter+EquipRej+SkinPrio+Omega+OmScale+OmSplit+OmRot+FarField+GradFarF+Kalman+StaticSup,horizontal best
cap_002844,2026-08-24T15:35:27.469,horizontal,24.18,26.68,1,1,0.8886584840227219,TempBand+Watershed+Merge+ClustSml+ShapeGate+MinPeaks+P-Filter+EquipRej+SkinPrio+Omega+OmScale+OmSplit+OmRot+FarField+GradFarF+Kalman+StaticSup,horizontal best
cap_002845,2026-08-24T15:35:27.564,horizontal,24.21,26.71,1,1,0.8886584840227219,TempBand+Watershed+Merge+ClustSml+ShapeGate+MinPeaks+P-Filter+EquipRej+SkinPrio+Omega+OmScale+OmSplit+OmRot+FarField+GradFarF+Kalman+StaticSup,horizontal best
cap_002846,2026-08-24T15:35:27.695,horizontal,24.21,26.71,1,1,0.9995118379398894,TempBand+Watershed+Merge+ClustSml+ShapeGate+MinPeaks+P-Filter+EquipRej+SkinPrio+Omega+OmScale+OmSplit+OmRot+FarField+GradFarF+Kalman+StaticSup,horizontal best
cap_002847,2026-08-24T15:35:27.787,horizontal,24.18,26.68,1,1,0.6370846240787225,TempBand+Watershed+Merge+ClustSml+ShapeGate+MinPeaks+P-Filter+EquipRej+SkinPrio+Omega+OmScale+OmSplit+OmRot+FarField+GradFarF+Kalman+StaticSup,horizontal best
cap_002848,2026-08-24T15:35:27.920,horizontal,24.21,26.71,1,1,0.6370846240787225,TempBand+Watershed+Merge+ClustSml+ShapeGate+MinPeaks+P-Filter+EquipRej+SkinPrio+Omega+OmScale+OmSplit+OmRot+FarField+GradFarF+Kalman+StaticSup,horizontal best
cap_002849,2026-08-24T15:35:28.045,horizontal,24.21,26.71,1,1,0.9549676569695986,TempBand+Watershed+Merge+ClustSml+ShapeGate+MinPeaks+P-Filter+EquipRej+SkinPrio+Omega+OmScale+OmSplit+OmRot+FarField+GradFarF+Kalman+StaticSup,horizontal best
cap_002850,2026-08-24T15:35:28.140,horizontal,24.23,26.73,1,1,0.8886584840227219,TempBand+Watershed+Merge+ClustSml+ShapeGate+MinPeaks+P-Filter+EquipRej+SkinPrio+Omega+OmScale+OmSplit+OmRot+FarField+GradFarF+Kalman+StaticSup,horizontal best
cap_002851,2026-08-24T15:35:28.293,horizontal,24.23,26.73,1,0,0.0,TempBand+Watershed+Merge+ClustSml+ShapeGate+MinPeaks+P-Filter+EquipRej+SkinPrio+Omega+OmScale+OmSplit+OmRot+FarField+GradFarF+Kalman+StaticSup,horizontal best
cap_002852,2026-08-24T15:35:28.369,horizontal,24.23,26.73,1,0,0.0,TempBand+Watershed+Merge+ClustSml+ShapeGate+MinPeaks+P-Filter+EquipRej+SkinPrio+Omega+OmScale+OmSplit+OmRot+FarField+GradFarF+Kalman+StaticSup,horizontal best
cap_002853,2026-08-24T15:35:28.497,horizontal,24.25,26.75,2,0,0.0,TempBand+Watershed+Merge+ClustSml+ShapeGate+MinPeaks+P-Filter+EquipRej+SkinPrio+Omega+OmScale+OmSplit+OmRot+FarField+GradFarF+Kalman+StaticSup,horizontal best
cap_002854,2026-08-24T15:35:28.596,horizontal,24.25,26.75,2,0,0.0,TempBand+Watershed+Merge+ClustSml+ShapeGate+MinPeaks+P-Filter+EquipRej+SkinPrio+Omega+OmScale+OmSplit+OmRot+FarField+GradFarF+Kalman+StaticSup,horizontal best
cap_002855,2026-08-24T15:35:28.743,horizontal,24.23,26.73,2,0,0.0,TempBand+Watershed+Merge+ClustSml+ShapeGate+MinPeaks+P-Filter+EquipRej+SkinPrio+Omega+OmScale+OmSplit+OmRot+FarField+GradFarF+Kalman+StaticSup,horizontal best
cap_002856,2026-08-24T15:35:28.847,horizontal,24.23,26.73,2,0,0.0,TempBand+Watershed+Merge+ClustSml+ShapeGate+MinPeaks+P-Filter+EquipRej+SkinPrio+Omega+OmScale+OmSplit+OmRot+FarField+GradFarF+Kalman+StaticSup,horizontal best
cap_002857,2026-08-24T15:35:28.940,horizontal,24.21,26.71,2,0,0.0,TempBand+Watershed+Merge+ClustSml+ShapeGate+MinPeaks+P-Filter+EquipRej+SkinPrio+Omega+OmScale+OmSplit+OmRot+FarField+GradFarF+Kalman+StaticSup,horizontal best
cap_002858,2026-08-24T15:35:29.071,horizontal,24.21,26.71,2,0,0.0,TempBand+Watershed+Merge+ClustSml+ShapeGate+MinPeaks+P-Filter+EquipRej+SkinPrio+Omega+OmScale+OmSplit+OmRot+FarField+GradFarF+Kalman+StaticSup,horizontal best
cap_002859,2026-08-24T15:35:29.171,horizontal,24.21,26.71,2,0,0.0,TempBand+Watershed+Merge+ClustSml+ShapeGate+MinPeaks+P-Filter+EquipRej+SkinPrio+Omega+OmScale+OmSplit+OmRot+FarField+GradFarF+Kalman+StaticSup,horizontal best
cap_002860,2026-08-24T15:35:29.298,horizontal,24.23,26.73,2,0,0.0,TempBand+Watershed+Merge+ClustSml+ShapeGate+MinPeaks+P-Filter+EquipRej+SkinPrio+Omega+OmScale+OmSplit+OmRot+FarField+GradFarF+Kalman+StaticSup,horizontal best
cap_002861,2026-08-24T15:35:29.395,horizontal,24.23,26.73,2,0,0.0,TempBand+Watershed+Merge+ClustSml+ShapeGate+MinPeaks+P-Filter+EquipRej+SkinPrio+Omega+OmScale+OmSplit+OmRot+FarField+GradFarF+Kalman+StaticSup,horizontal best
cap_002862,2026-08-24T15:35:29.520,horizontal,24.23,26.73,2,0,0.0,TempBand+Watershed+Merge+ClustSml+ShapeGate+MinPeaks+P-Filter+EquipRej+SkinPrio+Omega+OmScale+OmSplit+OmRot+FarField+GradFarF+Kalman+StaticSup,horizontal best
cap_002863,2026-08-24T15:35:29.612,horizontal,24.23,26.73,2,0,0.0,TempBand+Watershed+Merge+ClustSml+ShapeGate+MinPeaks+P-Filter+EquipRej+SkinPrio+Omega+OmScale+OmSplit+OmRot+FarField+GradFarF+Kalman+StaticSup,horizontal best
cap_002864,2026-08-24T15:35:29.742,horizontal,24.21,26.71,2,0,0.0,TempBand+Watershed+Merge+ClustSml+ShapeGate+MinPeaks+P-Filter+EquipRej+SkinPrio+Omega+OmScale+OmSplit+OmRot+FarField+GradFarF+Kalman+StaticSup,horizontal best
cap_002865,2026-08-24T15:35:29.869,horizontal,24.21,26.71,2,0,0.0,TempBand+Watershed+Merge+ClustSml+ShapeGate+MinPeaks+P-Filter+EquipRej+SkinPrio+Omega+OmScale+OmSplit+OmRot+FarField+GradFarF+Kalman+StaticSup,horizontal best
cap_002866,2026-08-24T15:35:29.965,horizontal,24.23,26.73,2,0,0.0,TempBand+Watershed+Merge+ClustSml+ShapeGate+MinPeaks+P-Filter+EquipRej+SkinPrio+Omega+OmScale+OmSplit+OmRot+FarField+GradFarF+Kalman+StaticSup,horizontal best
cap_002867,2026-08-24T15:35:30.097,horizontal,24.21,26.71,2,0,0.0,TempBand+Watershed+Merge+ClustSml+ShapeGate+MinPeaks+P-Filter+EquipRej+SkinPrio+Omega+OmScale+OmSplit+OmRot+FarField+GradFarF+Kalman+StaticSup,horizontal best
cap_002868,2026-08-24T15:35:30.195,horizontal,24.21,26.71,2,0,0.0,TempBand+Watershed+Merge+ClustSml+ShapeGate+MinPeaks+P-Filter+EquipRej+SkinPrio+Omega+OmScale+OmSplit+OmRot+FarField+GradFarF+Kalman+StaticSup,horizontal best
cap_002869,2026-08-24T15:35:30.317,horizontal,24.21,26.71,2,0,0.0,TempBand+Watershed+Merge+ClustSml+ShapeGate+MinPeaks+P-Filter+EquipRej+SkinPrio+Omega+OmScale+OmSplit+OmRot+FarField+GradFarF+Kalman+StaticSup,horizontal best
cap_002870,2026-08-24T15:35:30.418,horizontal,24.18,26.68,2,0,0.0,TempBand+Watershed+Merge+ClustSml+ShapeGate+MinPeaks+P-Filter+EquipRej+SkinPrio+Omega+OmScale+OmSplit+OmRot+FarField+GradFarF+Kalman+StaticSup,horizontal best
cap_002871,2026-08-24T15:35:30.543,horizontal,24.18,26.68,2,0,0.0,TempBand+Watershed+Merge+ClustSml+ShapeGate+MinPeaks+P-Filter+EquipRej+SkinPrio+Omega+OmScale+OmSplit+OmRot+FarField+GradFarF+Kalman+StaticSup,horizontal best
cap_002872,2026-08-24T15:35:30.643,horizontal,24.18,26.68,2,0,0.0,TempBand+Watershed+Merge+ClustSml+ShapeGate+MinPeaks+P-Filter+EquipRej+SkinPrio+Omega+OmScale+OmSplit+OmRot+FarField+GradFarF+Kalman+StaticSup,horizontal best
cap_002873,2026-08-24T15:35:30.777,horizontal,24.21,26.71,2,0,0.0,TempBand+Watershed+Merge+ClustSml+ShapeGate+MinPeaks+P-Filter+EquipRej+SkinPrio+Omega+OmScale+OmSplit+OmRot+FarField+GradFarF+Kalman+StaticSup,horizontal best
cap_002874,2026-08-24T15:35:30.901,horizontal,24.21,26.71,2,0,0.0,TempBand+Watershed+Merge+ClustSml+ShapeGate+MinPeaks+P-Filter+EquipRej+SkinPrio+Omega+OmScale+OmSplit+OmRot+FarField+GradFarF+Kalman+StaticSup,horizontal best
cap_002875,2026-08-24T15:35:31.065,horizontal,24.21,26.71,2,0,0.0,TempBand+Watershed+Merge+ClustSml+ShapeGate+MinPeaks+P-Filter+EquipRej+SkinPrio+Omega+OmScale+OmSplit+OmRot+FarField+GradFarF+Kalman+StaticSup,horizontal best
cap_002876,2026-08-24T15:35:31.120,horizontal,24.23,26.73,2,0,0.0,TempBand+Watershed+Merge+ClustSml+ShapeGate+MinPeaks+P-Filter+EquipRej+SkinPrio+Omega+OmScale+OmSplit+OmRot+FarField+GradFarF+Kalman+StaticSup,horizontal best
cap_002877,2026-08-24T15:35:31.213,horizontal,24.23,26.73,2,0,0.0,TempBand+Watershed+Merge+ClustSml+ShapeGate+MinPeaks+P-Filter+EquipRej+SkinPrio+Omega+OmScale+OmSplit+OmRot+FarField+GradFarF+Kalman+StaticSup,horizontal best
cap_002878,2026-08-24T15:35:31.341,horizontal,24.21,26.71,2,0,0.0,TempBand+Watershed+Merge+ClustSml+ShapeGate+MinPeaks+P-Filter+EquipRej+SkinPrio+Omega+OmScale+OmSplit+OmRot+FarField+GradFarF+Kalman+StaticSup,horizontal best
cap_002879,2026-08-24T15:35:31.438,horizontal,24.21,26.71,2,0,0.0,TempBand+Watershed+Merge+ClustSml+ShapeGate+MinPeaks+P-Filter+EquipRej+SkinPrio+Omega+OmScale+OmSplit+OmRot+FarField+GradFarF+Kalman+StaticSup,horizontal best
cap_002880,2026-08-24T15:35:31.565,horizontal,24.18,26.68,2,0,0.0,TempBand+Watershed+Merge+ClustSml+ShapeGate+MinPeaks+P-Filter+EquipRej+SkinPrio+Omega+OmScale+OmSplit+OmRot+FarField+GradFarF+Kalman+StaticSup,horizontal best
cap_002881,2026-08-24T15:35:31.695,horizontal,24.18,26.68,2,0,0.0,TempBand+Watershed+Merge+ClustSml+ShapeGate+MinPeaks+P-Filter+EquipRej+SkinPrio+Omega+OmScale+OmSplit+OmRot+FarField+GradFarF+Kalman+StaticSup,horizontal best
cap_002882,2026-08-24T15:35:31.790,horizontal,24.18,26.68,2,0,0.0,TempBand+Watershed+Merge+ClustSml+ShapeGate+MinPeaks+P-Filter+EquipRej+SkinPrio+Omega+OmScale+OmSplit+OmRot+FarField+GradFarF+Kalman+StaticSup,horizontal best
cap_002883,2026-08-24T15:35:31.921,horizontal,24.21,26.71,2,0,0.0,TempBand+Watershed+Merge+ClustSml+ShapeGate+MinPeaks+P-Filter+EquipRej+SkinPrio+Omega+OmScale+OmSplit+OmRot+FarField+GradFarF+Kalman+StaticSup,horizontal best
cap_002884,2026-08-24T15:35:32.017,horizontal,24.21,26.71,2,0,0.0,TempBand+Watershed+Merge+ClustSml+ShapeGate+MinPeaks+P-Filter+EquipRej+SkinPrio+Omega+OmScale+OmSplit+OmRot+FarField+GradFarF+Kalman+StaticSup,horizontal best
cap_002885,2026-08-24T15:35:32.141,horizontal,24.21,26.71,2,0,0.0,TempBand+Watershed+Merge+ClustSml+ShapeGate+MinPeaks+P-Filter+EquipRej+SkinPrio+Omega+OmScale+OmSplit+OmRot+FarField+GradFarF+Kalman+StaticSup,horizontal best
cap_002886,2026-08-24T15:35:32.239,horizontal,24.21,26.71,2,0,0.0,TempBand+Watershed+Merge+ClustSml+ShapeGate+MinPeaks+P-Filter+EquipRej+SkinPrio+Omega+OmScale+OmSplit+OmRot+FarField+GradFarF+Kalman+StaticSup,horizontal best
cap_002887,2026-08-24T15:35:32.366,horizontal,24.18,26.68,2,0,0.0,TempBand+Watershed+Merge+ClustSml+ShapeGate+MinPeaks+P-Filter+EquipRej+SkinPrio+Omega+OmScale+OmSplit+OmRot+FarField+GradFarF+Kalman+StaticSup,horizontal best
cap_002888,2026-08-24T15:35:32.462,horizontal,24.18,26.68,2,0,0.0,TempBand+Watershed+Merge+ClustSml+ShapeGate+MinPeaks+P-Filter+EquipRej+SkinPrio+Omega+OmScale+OmSplit+OmRot+FarField+GradFarF+Kalman+StaticSup,horizontal best
cap_002889,2026-08-24T15:35:32.594,horizontal,24.23,26.73,2,0,0.0,TempBand+Watershed+Merge+ClustSml+ShapeGate+MinPeaks+P-Filter+EquipRej+SkinPrio+Omega+OmScale+OmSplit+OmRot+FarField+GradFarF+Kalman+StaticSup,horizontal best
cap_002890,2026-08-24T15:35:32.722,horizontal,24.23,26.73,2,0,0.0,TempBand+Watershed+Merge+ClustSml+ShapeGate+MinPeaks+P-Filter+EquipRej+SkinPrio+Omega+OmScale+OmSplit+OmRot+FarField+GradFarF+Kalman+StaticSup,horizontal best
cap_002891,2026-08-24T15:35:32.816,horizontal,24.23,26.73,2,0,0.0,TempBand+Watershed+Merge+ClustSml+ShapeGate+MinPeaks+P-Filter+EquipRej+SkinPrio+Omega+OmScale+OmSplit+OmRot+FarField+GradFarF+Kalman+StaticSup,horizontal best
cap_002892,2026-08-24T15:35:32.956,horizontal,24.25,26.75,2,0,0.0,TempBand+Watershed+Merge+ClustSml+ShapeGate+MinPeaks+P-Filter+EquipRej+SkinPrio+Omega+OmScale+OmSplit+OmRot+FarField+GradFarF+Kalman+StaticSup,horizontal best
cap_002893,2026-08-24T15:35:33.040,horizontal,24.25,26.75,2,0,0.0,TempBand+Watershed+Merge+ClustSml+ShapeGate+MinPeaks+P-Filter+EquipRej+SkinPrio+Omega+OmScale+OmSplit+OmRot+FarField+GradFarF+Kalman+StaticSup,horizontal best
cap_002894,2026-08-24T15:35:33.168,horizontal,24.25,26.75,2,0,0.0,TempBand+Watershed+Merge+ClustSml+ShapeGate+MinPeaks+P-Filter+EquipRej+SkinPrio+Omega+OmScale+OmSplit+OmRot+FarField+GradFarF+Kalman+StaticSup,horizontal best
cap_002895,2026-08-24T15:35:33.261,horizontal,24.30,26.80,2,0,0.0,TempBand+Watershed+Merge+ClustSml+ShapeGate+MinPeaks+P-Filter+EquipRej+SkinPrio+Omega+OmScale+OmSplit+OmRot+FarField+GradFarF+Kalman+StaticSup,horizontal best
cap_002896,2026-08-24T15:35:33.390,horizontal,24.30,26.80,2,0,0.0,TempBand+Watershed+Merge+ClustSml+ShapeGate+MinPeaks+P-Filter+EquipRej+SkinPrio+Omega+OmScale+OmSplit+OmRot+FarField+GradFarF+Kalman+StaticSup,horizontal best
cap_002897,2026-08-24T15:35:33.518,horizontal,24.30,26.80,1,1,0.7136665327896071,TempBand+Watershed+Merge+ClustSml+ShapeGate+MinPeaks+P-Filter+EquipRej+SkinPrio+Omega+OmScale+OmSplit+OmRot+FarField+GradFarF+Kalman+StaticSup,horizontal best
cap_002898,2026-08-24T15:35:33.619,horizontal,24.28,26.78,1,1,0.7203326487552243,TempBand+Watershed+Merge+ClustSml+ShapeGate+MinPeaks+P-Filter+EquipRej+SkinPrio+Omega+OmScale+OmSplit+OmRot+FarField+GradFarF+Kalman+StaticSup,horizontal best
cap_002899,2026-08-24T15:35:33.752,horizontal,24.30,26.80,2,0,0.0,TempBand+Watershed+Merge+ClustSml+ShapeGate+MinPeaks+P-Filter+EquipRej+SkinPrio+Omega+OmScale+OmSplit+OmRot+FarField+GradFarF+Kalman+StaticSup,horizontal best
cap_002900,2026-08-24T15:35:33.835,horizontal,24.28,26.78,1,1,0.6254385273623202,TempBand+Watershed+Merge+ClustSml+ShapeGate+MinPeaks+P-Filter+EquipRej+SkinPrio+Omega+OmScale+OmSplit+OmRot+FarField+GradFarF+Kalman+StaticSup,horizontal best
cap_002901,2026-08-24T15:35:33.965,horizontal,24.28,26.78,1,1,0.6254385273623202,TempBand+Watershed+Merge+ClustSml+ShapeGate+MinPeaks+P-Filter+EquipRej+SkinPrio+Omega+OmScale+OmSplit+OmRot+FarField+GradFarF+Kalman+StaticSup,horizontal best
cap_002902,2026-08-24T15:35:34.063,horizontal,24.25,26.75,2,0,0.0,TempBand+Watershed+Merge+ClustSml+ShapeGate+MinPeaks+P-Filter+EquipRej+SkinPrio+Omega+OmScale+OmSplit+OmRot+FarField+GradFarF+Kalman+StaticSup,horizontal best
cap_002903,2026-08-24T15:35:34.190,horizontal,24.25,26.75,2,0,0.0,TempBand+Watershed+Merge+ClustSml+ShapeGate+MinPeaks+P-Filter+EquipRej+SkinPrio+Omega+OmScale+OmSplit+OmRot+FarField+GradFarF+Kalman+StaticSup,horizontal best
cap_002904,2026-08-24T15:35:34.286,horizontal,24.25,26.75,2,0,0.0,TempBand+Watershed+Merge+ClustSml+ShapeGate+MinPeaks+P-Filter+EquipRej+SkinPrio+Omega+OmScale+OmSplit+OmRot+FarField+GradFarF+Kalman+StaticSup,horizontal best
cap_002905,2026-08-24T15:35:34.415,horizontal,24.25,26.75,2,0,0.0,TempBand+Watershed+Merge+ClustSml+ShapeGate+MinPeaks+P-Filter+EquipRej+SkinPrio+Omega+OmScale+OmSplit+OmRot+FarField+GradFarF+Kalman+StaticSup,horizontal best
cap_002906,2026-08-24T15:35:34.552,horizontal,24.28,26.78,2,0,0.0,TempBand+Watershed+Merge+ClustSml+ShapeGate+MinPeaks+P-Filter+EquipRej+SkinPrio+Omega+OmScale+OmSplit+OmRot+FarField+GradFarF+Kalman+StaticSup,horizontal best
cap_002907,2026-08-24T15:35:34.642,horizontal,24.28,26.78,2,0,0.0,TempBand+Watershed+Merge+ClustSml+ShapeGate+MinPeaks+P-Filter+EquipRej+SkinPrio+Omega+OmScale+OmSplit+OmRot+FarField+GradFarF+Kalman+StaticSup,horizontal best
cap_002908,2026-08-24T15:35:34.770,horizontal,24.30,26.80,2,0,0.0,TempBand+Watershed+Merge+ClustSml+ShapeGate+MinPeaks+P-Filter+EquipRej+SkinPrio+Omega+OmScale+OmSplit+OmRot+FarField+GradFarF+Kalman+StaticSup,horizontal best
cap_002909,2026-08-24T15:35:34.880,horizontal,24.30,26.80,2,0,0.0,TempBand+Watershed+Merge+ClustSml+ShapeGate+MinPeaks+P-Filter+EquipRej+SkinPrio+Omega+OmScale+OmSplit+OmRot+FarField+GradFarF+Kalman+StaticSup,horizontal best
cap_002910,2026-08-24T15:35:34.993,horizontal,24.30,26.80,2,0,0.0,TempBand+Watershed+Merge+ClustSml+ShapeGate+MinPeaks+P-Filter+EquipRej+SkinPrio+Omega+OmScale+OmSplit+OmRot+FarField+GradFarF+Kalman+StaticSup,horizontal best
cap_002911,2026-08-24T15:35:35.083,horizontal,24.32,26.82,2,0,0.0,TempBand+Watershed+Merge+ClustSml+ShapeGate+MinPeaks+P-Filter+EquipRej+SkinPrio+Omega+OmScale+OmSplit+OmRot+FarField+GradFarF+Kalman+StaticSup,horizontal best
cap_002912,2026-08-24T15:35:35.224,horizontal,24.30,26.80,1,1,0.9036459202528115,TempBand+Watershed+Merge+ClustSml+ShapeGate+MinPeaks+P-Filter+EquipRej+SkinPrio+Omega+OmScale+OmSplit+OmRot+FarField+GradFarF+Kalman+StaticSup,horizontal best
cap_002913,2026-08-24T15:35:35.346,horizontal,24.30,26.80,2,0,0.0,TempBand+Watershed+Merge+ClustSml+ShapeGate+MinPeaks+P-Filter+EquipRej+SkinPrio+Omega+OmScale+OmSplit+OmRot+FarField+GradFarF+Kalman+StaticSup,horizontal best
cap_002914,2026-08-24T15:35:35.441,horizontal,24.30,26.80,2,0,0.0,TempBand+Watershed+Merge+ClustSml+ShapeGate+MinPeaks+P-Filter+EquipRej+SkinPrio+Omega+OmScale+OmSplit+OmRot+FarField+GradFarF+Kalman+StaticSup,horizontal best
cap_002915,2026-08-24T15:35:35.569,horizontal,24.28,26.78,2,0,0.0,TempBand+Watershed+Merge+ClustSml+ShapeGate+MinPeaks+P-Filter+EquipRej+SkinPrio+Omega+OmScale+OmSplit+OmRot+FarField+GradFarF+Kalman+StaticSup,horizontal best
cap_002916,2026-08-24T15:35:35.664,horizontal,24.28,26.78,2,0,0.0,TempBand+Watershed+Merge+ClustSml+ShapeGate+MinPeaks+P-Filter+EquipRej+SkinPrio+Omega+OmScale+OmSplit+OmRot+FarField+GradFarF+Kalman+StaticSup,horizontal best
cap_002917,2026-08-24T15:35:35.792,horizontal,24.28,26.78,2,0,0.0,TempBand+Watershed+Merge+ClustSml+ShapeGate+MinPeaks+P-Filter+EquipRej+SkinPrio+Omega+OmScale+OmSplit+OmRot+FarField+GradFarF+Kalman+StaticSup,horizontal best
cap_002918,2026-08-24T15:35:35.889,horizontal,24.28,26.78,2,0,0.0,TempBand+Watershed+Merge+ClustSml+ShapeGate+MinPeaks+P-Filter+EquipRej+SkinPrio+Omega+OmScale+OmSplit+OmRot+FarField+GradFarF+Kalman+StaticSup,horizontal best
cap_002919,2026-08-24T15:35:36.017,horizontal,24.28,26.78,2,0,0.0,TempBand+Watershed+Merge+ClustSml+ShapeGate+MinPeaks+P-Filter+EquipRej+SkinPrio+Omega+OmScale+OmSplit+OmRot+FarField+GradFarF+Kalman+StaticSup,horizontal best
cap_002920,2026-08-24T15:35:36.109,horizontal,24.30,26.80,2,0,0.0,TempBand+Watershed+Merge+ClustSml+ShapeGate+MinPeaks+P-Filter+EquipRej+SkinPrio+Omega+OmScale+OmSplit+OmRot+FarField+GradFarF+Kalman+StaticSup,horizontal best
cap_002921,2026-08-24T15:35:36.239,horizontal,24.28,26.78,2,0,0.0,TempBand+Watershed+Merge+ClustSml+ShapeGate+MinPeaks+P-Filter+EquipRej+SkinPrio+Omega+OmScale+OmSplit+OmRot+FarField+GradFarF+Kalman+StaticSup,horizontal best
cap_002922,2026-08-24T15:35:36.365,horizontal,24.28,26.78,1,1,0.9736138519178639,TempBand+Watershed+Merge+ClustSml+ShapeGate+MinPeaks+P-Filter+EquipRej+SkinPrio+Omega+OmScale+OmSplit+OmRot+FarField+GradFarF+Kalman+StaticSup,horizontal best
cap_002923,2026-08-24T15:35:36.462,horizontal,24.30,26.80,1,1,0.9583571886519542,TempBand+Watershed+Merge+ClustSml+ShapeGate+MinPeaks+P-Filter+EquipRej+SkinPrio+Omega+OmScale+OmSplit+OmRot+FarField+GradFarF+Kalman+StaticSup,horizontal best
cap_002924,2026-08-24T15:35:36.597,horizontal,24.28,26.78,1,1,0.7799616946604638,TempBand+Watershed+Merge+ClustSml+ShapeGate+MinPeaks+P-Filter+EquipRej+SkinPrio+Omega+OmScale+OmSplit+OmRot+FarField+GradFarF+Kalman+StaticSup,horizontal best
cap_002925,2026-08-24T15:35:36.686,horizontal,24.28,26.78,1,1,0.7666857509215634,TempBand+Watershed+Merge+ClustSml+ShapeGate+MinPeaks+P-Filter+EquipRej+SkinPrio+Omega+OmScale+OmSplit+OmRot+FarField+GradFarF+Kalman+StaticSup,horizontal best
cap_002926,2026-08-24T15:35:36.817,horizontal,24.28,26.78,1,1,0.7342530673893066,TempBand+Watershed+Merge+ClustSml+ShapeGate+MinPeaks+P-Filter+EquipRej+SkinPrio+Omega+OmScale+OmSplit+OmRot+FarField+GradFarF+Kalman+StaticSup,horizontal best
cap_002927,2026-08-24T15:35:36.912,horizontal,24.30,26.80,1,1,0.7342530673893066,TempBand+Watershed+Merge+ClustSml+ShapeGate+MinPeaks+P-Filter+EquipRej+SkinPrio+Omega+OmScale+OmSplit+OmRot+FarField+GradFarF+Kalman+StaticSup,horizontal best
cap_002928,2026-08-24T15:35:37.041,horizontal,24.30,26.80,1,1,0.7799616946604638,TempBand+Watershed+Merge+ClustSml+ShapeGate+MinPeaks+P-Filter+EquipRej+SkinPrio+Omega+OmScale+OmSplit+OmRot+FarField+GradFarF+Kalman+StaticSup,horizontal best
cap_002929,2026-08-24T15:35:37.141,horizontal,24.28,26.78,1,1,0.8825696305676148,TempBand+Watershed+Merge+ClustSml+ShapeGate+MinPeaks+P-Filter+EquipRej+SkinPrio+Omega+OmScale+OmSplit+OmRot+FarField+GradFarF+Kalman+StaticSup,horizontal best
cap_002930,2026-08-24T15:35:37.265,horizontal,24.28,26.78,1,0,0.0,TempBand+Watershed+Merge+ClustSml+ShapeGate+MinPeaks+P-Filter+EquipRej+SkinPrio+Omega+OmScale+OmSplit+OmRot+FarField+GradFarF+Kalman+StaticSup,horizontal best
cap_002931,2026-08-24T15:35:37.393,horizontal,24.28,26.78,1,0,0.0,TempBand+Watershed+Merge+ClustSml+ShapeGate+MinPeaks+P-Filter+EquipRej+SkinPrio+Omega+OmScale+OmSplit+OmRot+FarField+GradFarF+Kalman+StaticSup,horizontal best
cap_002932,2026-08-24T15:35:37.490,horizontal,24.25,26.75,2,0,0.0,TempBand+Watershed+Merge+ClustSml+ShapeGate+MinPeaks+P-Filter+EquipRej+SkinPrio+Omega+OmScale+OmSplit+OmRot+FarField+GradFarF+Kalman+StaticSup,horizontal best
cap_002933,2026-08-24T15:35:37.618,horizontal,24.28,26.78,2,0,0.0,TempBand+Watershed+Merge+ClustSml+ShapeGate+MinPeaks+P-Filter+EquipRej+SkinPrio+Omega+OmScale+OmSplit+OmRot+FarField+GradFarF+Kalman+StaticSup,horizontal best
cap_002934,2026-08-24T15:35:37.715,horizontal,24.28,26.78,1,1,0.8594708912726388,TempBand+Watershed+Merge+ClustSml+ShapeGate+MinPeaks+P-Filter+EquipRej+SkinPrio+Omega+OmScale+OmSplit+OmRot+FarField+GradFarF+Kalman+StaticSup,horizontal best
cap_002935,2026-08-24T15:35:37.837,horizontal,24.25,26.75,2,0,0.0,TempBand+Watershed+Merge+ClustSml+ShapeGate+MinPeaks+P-Filter+EquipRej+SkinPrio+Omega+OmScale+OmSplit+OmRot+FarField+GradFarF+Kalman+StaticSup,horizontal best
cap_002936,2026-08-24T15:35:37.933,horizontal,24.25,26.75,2,0,0.0,TempBand+Watershed+Merge+ClustSml+ShapeGate+MinPeaks+P-Filter+EquipRej+SkinPrio+Omega+OmScale+OmSplit+OmRot+FarField+GradFarF+Kalman+StaticSup,horizontal best
cap_002937,2026-08-24T15:35:38.066,horizontal,24.25,26.75,2,0,0.0,TempBand+Watershed+Merge+ClustSml+ShapeGate+MinPeaks+P-Filter+EquipRej+SkinPrio+Omega+OmScale+OmSplit+OmRot+FarField+GradFarF+Kalman+StaticSup,horizontal best
cap_002938,2026-08-24T15:35:38.203,horizontal,24.25,26.75,2,0,0.0,TempBand+Watershed+Merge+ClustSml+ShapeGate+MinPeaks+P-Filter+EquipRej+SkinPrio+Omega+OmScale+OmSplit+OmRot+FarField+GradFarF+Kalman+StaticSup,horizontal best
cap_002939,2026-08-24T15:35:38.289,horizontal,24.23,26.73,2,0,0.0,TempBand+Watershed+Merge+ClustSml+ShapeGate+MinPeaks+P-Filter+EquipRej+SkinPrio+Omega+OmScale+OmSplit+OmRot+FarField+GradFarF+Kalman+StaticSup,horizontal best
cap_002940,2026-08-24T15:35:38.415,horizontal,24.23,26.73,2,0,0.0,TempBand+Watershed+Merge+ClustSml+ShapeGate+MinPeaks+P-Filter+EquipRej+SkinPrio+Omega+OmScale+OmSplit+OmRot+FarField+GradFarF+Kalman+StaticSup,horizontal best
cap_002941,2026-08-24T15:35:38.513,horizontal,24.23,26.73,2,0,0.0,TempBand+Watershed+Merge+ClustSml+ShapeGate+MinPeaks+P-Filter+EquipRej+SkinPrio+Omega+OmScale+OmSplit+OmRot+FarField+GradFarF+Kalman+StaticSup,horizontal best
cap_002942,2026-08-24T15:35:38.652,horizontal,24.23,26.73,2,0,0.0,TempBand+Watershed+Merge+ClustSml+ShapeGate+MinPeaks+P-Filter+EquipRej+SkinPrio+Omega+OmScale+OmSplit+OmRot+FarField+GradFarF+Kalman+StaticSup,horizontal best
cap_002943,2026-08-24T15:35:38.731,horizontal,24.28,26.78,1,1,0.8944667094084915,TempBand+Watershed+Merge+ClustSml+ShapeGate+MinPeaks+P-Filter+EquipRej+SkinPrio+Omega+OmScale+OmSplit+OmRot+FarField+GradFarF+Kalman+StaticSup,horizontal best
cap_002944,2026-08-24T15:35:38.864,horizontal,24.25,26.75,2,0,0.0,TempBand+Watershed+Merge+ClustSml+ShapeGate+MinPeaks+P-Filter+EquipRej+SkinPrio+Omega+OmScale+OmSplit+OmRot+FarField+GradFarF+Kalman+StaticSup,horizontal best
cap_002945,2026-08-24T15:35:38.955,horizontal,24.25,26.75,1,1,0.9178015928907253,TempBand+Watershed+Merge+ClustSml+ShapeGate+MinPeaks+P-Filter+EquipRej+SkinPrio+Omega+OmScale+OmSplit+OmRot+FarField+GradFarF+Kalman+StaticSup,horizontal best
cap_002946,2026-08-24T15:35:39.085,horizontal,24.23,26.73,1,1,0.9995118379398894,TempBand+Watershed+Merge+ClustSml+ShapeGate+MinPeaks+P-Filter+EquipRej+SkinPrio+Omega+OmScale+OmSplit+OmRot+FarField+GradFarF+Kalman+StaticSup,horizontal best
cap_002947,2026-08-24T15:35:39.215,horizontal,24.21,26.71,2,0,0.0,TempBand+Watershed+Merge+ClustSml+ShapeGate+MinPeaks+P-Filter+EquipRej+SkinPrio+Omega+OmScale+OmSplit+OmRot+FarField+GradFarF+Kalman+StaticSup,horizontal best
cap_002948,2026-08-24T15:35:39.328,horizontal,24.21,26.71,2,0,0.0,TempBand+Watershed+Merge+ClustSml+ShapeGate+MinPeaks+P-Filter+EquipRej+SkinPrio+Omega+OmScale+OmSplit+OmRot+FarField+GradFarF+Kalman+StaticSup,horizontal best
cap_002949,2026-08-24T15:35:39.441,horizontal,24.18,26.68,2,0,0.0,TempBand+Watershed+Merge+ClustSml+ShapeGate+MinPeaks+P-Filter+EquipRej+SkinPrio+Omega+OmScale+OmSplit+OmRot+FarField+GradFarF+Kalman+StaticSup,horizontal best
cap_002950,2026-08-24T15:35:39.533,horizontal,24.18,26.68,2,0,0.0,TempBand+Watershed+Merge+ClustSml+ShapeGate+MinPeaks+P-Filter+EquipRej+SkinPrio+Omega+OmScale+OmSplit+OmRot+FarField+GradFarF+Kalman+StaticSup,horizontal best
cap_002951,2026-08-24T15:35:39.663,horizontal,24.16,26.66,2,0,0.0,TempBand+Watershed+Merge+ClustSml+ShapeGate+MinPeaks+P-Filter+EquipRej+SkinPrio+Omega+OmScale+OmSplit+OmRot+FarField+GradFarF+Kalman+StaticSup,horizontal best
cap_002952,2026-08-24T15:35:39.765,horizontal,24.16,26.66,2,0,0.0,TempBand+Watershed+Merge+ClustSml+ShapeGate+MinPeaks+P-Filter+EquipRej+SkinPrio+Omega+OmScale+OmSplit+OmRot+FarField+GradFarF+Kalman+StaticSup,horizontal best
cap_002953,2026-08-24T15:35:39.884,horizontal,24.16,26.66,2,0,0.0,TempBand+Watershed+Merge+ClustSml+ShapeGate+MinPeaks+P-Filter+EquipRej+SkinPrio+Omega+OmScale+OmSplit+OmRot+FarField+GradFarF+Kalman+StaticSup,horizontal best
cap_002954,2026-08-24T15:35:40.010,horizontal,24.16,26.66,1,1,0.9071706864093658,TempBand+Watershed+Merge+ClustSml+ShapeGate+MinPeaks+P-Filter+EquipRej+SkinPrio+Omega+OmScale+OmSplit+OmRot+FarField+GradFarF+Kalman+StaticSup,horizontal best
cap_002955,2026-08-24T15:35:40.110,horizontal,24.14,26.64,1,1,0.9071706864093658,TempBand+Watershed+Merge+ClustSml+ShapeGate+MinPeaks+P-Filter+EquipRej+SkinPrio+Omega+OmScale+OmSplit+OmRot+FarField+GradFarF+Kalman+StaticSup,horizontal best
cap_002956,2026-08-24T15:35:40.234,horizontal,24.11,26.61,1,1,0.942607041347232,TempBand+Watershed+Merge+ClustSml+ShapeGate+MinPeaks+P-Filter+EquipRej+SkinPrio+Omega+OmScale+OmSplit+OmRot+FarField+GradFarF+Kalman+StaticSup,horizontal best
cap_002957,2026-08-24T15:35:40.335,horizontal,24.11,26.61,1,1,0.942607041347232,TempBand+Watershed+Merge+ClustSml+ShapeGate+MinPeaks+P-Filter+EquipRej+SkinPrio+Omega+OmScale+OmSplit+OmRot+FarField+GradFarF+Kalman+StaticSup,horizontal best
cap_002958,2026-08-24T15:35:40.460,horizontal,24.11,26.61,1,1,0.9450446066865998,TempBand+Watershed+Merge+ClustSml+ShapeGate+MinPeaks+P-Filter+EquipRej+SkinPrio+Omega+OmScale+OmSplit+OmRot+FarField+GradFarF+Kalman+StaticSup,horizontal best
cap_002959,2026-08-24T15:35:40.554,horizontal,24.11,26.61,1,1,0.9213452283845113,TempBand+Watershed+Merge+ClustSml+ShapeGate+MinPeaks+P-Filter+EquipRej+SkinPrio+Omega+OmScale+OmSplit+OmRot+FarField+GradFarF+Kalman+StaticSup,horizontal best
cap_002960,2026-08-24T15:35:40.684,horizontal,24.11,26.61,1,1,0.757066788204066,TempBand+Watershed+Merge+ClustSml+ShapeGate+MinPeaks+P-Filter+EquipRej+SkinPrio+Omega+OmScale+OmSplit+OmRot+FarField+GradFarF+Kalman+StaticSup,horizontal best
cap_002961,2026-08-24T15:35:40.780,horizontal,24.11,26.61,1,1,0.757066788204066,TempBand+Watershed+Merge+ClustSml+ShapeGate+MinPeaks+P-Filter+EquipRej+SkinPrio+Omega+OmScale+OmSplit+OmRot+FarField+GradFarF+Kalman+StaticSup,horizontal best
cap_002962,2026-08-24T15:35:40.908,horizontal,24.09,26.59,1,1,0.757066788204066,TempBand+Watershed+Merge+ClustSml+ShapeGate+MinPeaks+P-Filter+EquipRej+SkinPrio+Omega+OmScale+OmSplit+OmRot+FarField+GradFarF+Kalman+StaticSup,horizontal best
cap_002963,2026-08-24T15:35:41.036,horizontal,24.09,26.59,1,1,0.9213452283845113,TempBand+Watershed+Merge+ClustSml+ShapeGate+MinPeaks+P-Filter+EquipRej+SkinPrio+Omega+OmScale+OmSplit+OmRot+FarField+GradFarF+Kalman+StaticSup,horizontal best
cap_002964,2026-08-24T15:35:41.129,horizontal,24.07,26.57,1,1,0.9674124898037367,TempBand+Watershed+Merge+ClustSml+ShapeGate+MinPeaks+P-Filter+EquipRej+SkinPrio+Omega+OmScale+OmSplit+OmRot+FarField+GradFarF+Kalman+StaticSup,horizontal best
cap_002965,2026-08-24T15:35:41.256,horizontal,24.07,26.57,1,0,0.0,TempBand+Watershed+Merge+ClustSml+ShapeGate+MinPeaks+P-Filter+EquipRej+SkinPrio+Omega+OmScale+OmSplit+OmRot+FarField+GradFarF+Kalman+StaticSup,horizontal best
cap_002966,2026-08-24T15:35:41.352,horizontal,24.07,26.57,1,0,0.0,TempBand+Watershed+Merge+ClustSml+ShapeGate+MinPeaks+P-Filter+EquipRej+SkinPrio+Omega+OmScale+OmSplit+OmRot+FarField+GradFarF+Kalman+StaticSup,horizontal best
cap_002967,2026-08-24T15:35:41.506,horizontal,24.07,26.57,2,0,0.0,TempBand+Watershed+Merge+ClustSml+ShapeGate+MinPeaks+P-Filter+EquipRej+SkinPrio+Omega+OmScale+OmSplit+OmRot+FarField+GradFarF+Kalman+StaticSup,horizontal best
cap_002968,2026-08-24T15:35:41.576,horizontal,24.07,26.57,2,0,0.0,TempBand+Watershed+Merge+ClustSml+ShapeGate+MinPeaks+P-Filter+EquipRej+SkinPrio+Omega+OmScale+OmSplit+OmRot+FarField+GradFarF+Kalman+StaticSup,horizontal best
cap_002969,2026-08-24T15:35:41.709,horizontal,24.07,26.57,2,0,0.0,TempBand+Watershed+Merge+ClustSml+ShapeGate+MinPeaks+P-Filter+EquipRej+SkinPrio+Omega+OmScale+OmSplit+OmRot+FarField+GradFarF+Kalman+StaticSup,horizontal best
cap_002970,2026-08-24T15:35:41.838,horizontal,24.07,26.57,2,0,0.0,TempBand+Watershed+Merge+ClustSml+ShapeGate+MinPeaks+P-Filter+EquipRej+SkinPrio+Omega+OmScale+OmSplit+OmRot+FarField+GradFarF+Kalman+StaticSup,horizontal best
cap_002971,2026-08-24T15:35:41.948,horizontal,24.07,26.57,2,0,0.0,TempBand+Watershed+Merge+ClustSml+ShapeGate+MinPeaks+P-Filter+EquipRej+SkinPrio+Omega+OmScale+OmSplit+OmRot+FarField+GradFarF+Kalman+StaticSup,horizontal best
cap_002972,2026-08-24T15:35:42.066,horizontal,24.04,26.54,2,0,0.0,TempBand+Watershed+Merge+ClustSml+ShapeGate+MinPeaks+P-Filter+EquipRej+SkinPrio+Omega+OmScale+OmSplit+OmRot+FarField+GradFarF+Kalman+StaticSup,horizontal best
cap_002973,2026-08-24T15:35:42.158,horizontal,24.02,26.52,2,0,0.0,TempBand+Watershed+Merge+ClustSml+ShapeGate+MinPeaks+P-Filter+EquipRej+SkinPrio+Omega+OmScale+OmSplit+OmRot+FarField+GradFarF+Kalman+StaticSup,horizontal best
cap_002974,2026-08-24T15:35:42.321,horizontal,24.02,26.52,2,0,0.0,TempBand+Watershed+Merge+ClustSml+ShapeGate+MinPeaks+P-Filter+EquipRej+SkinPrio+Omega+OmScale+OmSplit+OmRot+FarField+GradFarF+Kalman+StaticSup,horizontal best
cap_002975,2026-08-24T15:35:42.382,horizontal,24.02,26.52,2,0,0.0,TempBand+Watershed+Merge+ClustSml+ShapeGate+MinPeaks+P-Filter+EquipRej+SkinPrio+Omega+OmScale+OmSplit+OmRot+FarField+GradFarF+Kalman+StaticSup,horizontal best
cap_002976,2026-08-24T15:35:42.511,horizontal,24.00,26.50,2,0,0.0,TempBand+Watershed+Merge+ClustSml+ShapeGate+MinPeaks+P-Filter+EquipRej+SkinPrio+Omega+OmScale+OmSplit+OmRot+FarField+GradFarF+Kalman+StaticSup,horizontal best
cap_002977,2026-08-24T15:35:42.603,horizontal,24.00,26.50,2,0,0.0,TempBand+Watershed+Merge+ClustSml+ShapeGate+MinPeaks+P-Filter+EquipRej+SkinPrio+Omega+OmScale+OmSplit+OmRot+FarField+GradFarF+Kalman+StaticSup,horizontal best
cap_002978,2026-08-24T15:35:42.732,horizontal,24.00,26.50,2,0,0.0,TempBand+Watershed+Merge+ClustSml+ShapeGate+MinPeaks+P-Filter+EquipRej+SkinPrio+Omega+OmScale+OmSplit+OmRot+FarField+GradFarF+Kalman+StaticSup,horizontal best
cap_002979,2026-08-24T15:35:42.860,horizontal,24.02,26.52,2,0,0.0,TempBand+Watershed+Merge+ClustSml+ShapeGate+MinPeaks+P-Filter+EquipRej+SkinPrio+Omega+OmScale+OmSplit+OmRot+FarField+GradFarF+Kalman+StaticSup,horizontal best
cap_002980,2026-08-24T15:35:42.956,horizontal,24.02,26.52,2,0,0.0,TempBand+Watershed+Merge+ClustSml+ShapeGate+MinPeaks+P-Filter+EquipRej+SkinPrio+Omega+OmScale+OmSplit+OmRot+FarField+GradFarF+Kalman+StaticSup,horizontal best
cap_002981,2026-08-24T15:35:43.083,horizontal,24.07,26.57,2,0,0.0,TempBand+Watershed+Merge+ClustSml+ShapeGate+MinPeaks+P-Filter+EquipRej+SkinPrio+Omega+OmScale+OmSplit+OmRot+FarField+GradFarF+Kalman+StaticSup,horizontal best
cap_002982,2026-08-24T15:35:43.219,horizontal,24.09,26.59,2,0,0.0,TempBand+Watershed+Merge+ClustSml+ShapeGate+MinPeaks+P-Filter+EquipRej+SkinPrio+Omega+OmScale+OmSplit+OmRot+FarField+GradFarF+Kalman+StaticSup,horizontal best
cap_002983,2026-08-24T15:35:43.311,horizontal,24.09,26.59,2,0,0.0,TempBand+Watershed+Merge+ClustSml+ShapeGate+MinPeaks+P-Filter+EquipRej+SkinPrio+Omega+OmScale+OmSplit+OmRot+FarField+GradFarF+Kalman+StaticSup,horizontal best
cap_002984,2026-08-24T15:35:43.406,horizontal,24.09,26.59,2,0,0.0,TempBand+Watershed+Merge+ClustSml+ShapeGate+MinPeaks+P-Filter+EquipRej+SkinPrio+Omega+OmScale+OmSplit+OmRot+FarField+GradFarF+Kalman+StaticSup,horizontal best
cap_002985,2026-08-24T15:35:43.533,horizontal,24.09,26.59,2,0,0.0,TempBand+Watershed+Merge+ClustSml+ShapeGate+MinPeaks+P-Filter+EquipRej+SkinPrio+Omega+OmScale+OmSplit+OmRot+FarField+GradFarF+Kalman+StaticSup,horizontal best
cap_002986,2026-08-24T15:35:43.629,horizontal,24.09,26.59,2,0,0.0,TempBand+Watershed+Merge+ClustSml+ShapeGate+MinPeaks+P-Filter+EquipRej+SkinPrio+Omega+OmScale+OmSplit+OmRot+FarField+GradFarF+Kalman+StaticSup,horizontal best
cap_002987,2026-08-24T15:35:43.757,horizontal,24.09,26.59,2,0,0.0,TempBand+Watershed+Merge+ClustSml+ShapeGate+MinPeaks+P-Filter+EquipRej+SkinPrio+Omega+OmScale+OmSplit+OmRot+FarField+GradFarF+Kalman+StaticSup,horizontal best
cap_002988,2026-08-24T15:35:43.885,horizontal,24.07,26.57,2,0,0.0,TempBand+Watershed+Merge+ClustSml+ShapeGate+MinPeaks+P-Filter+EquipRej+SkinPrio+Omega+OmScale+OmSplit+OmRot+FarField+GradFarF+Kalman+StaticSup,horizontal best
cap_002989,2026-08-24T15:35:43.978,horizontal,24.07,26.57,2,0,0.0,TempBand+Watershed+Merge+ClustSml+ShapeGate+MinPeaks+P-Filter+EquipRej+SkinPrio+Omega+OmScale+OmSplit+OmRot+FarField+GradFarF+Kalman+StaticSup,horizontal best
cap_002990,2026-08-24T15:35:44.121,horizontal,24.04,26.54,2,0,0.0,TempBand+Watershed+Merge+ClustSml+ShapeGate+MinPeaks+P-Filter+EquipRej+SkinPrio+Omega+OmScale+OmSplit+OmRot+FarField+GradFarF+Kalman+StaticSup,horizontal best
cap_002991,2026-08-24T15:35:44.211,horizontal,24.04,26.54,2,0,0.0,TempBand+Watershed+Merge+ClustSml+ShapeGate+MinPeaks+P-Filter+EquipRej+SkinPrio+Omega+OmScale+OmSplit+OmRot+FarField+GradFarF+Kalman+StaticSup,horizontal best
cap_002992,2026-08-24T15:35:44.337,horizontal,24.02,26.52,2,0,0.0,TempBand+Watershed+Merge+ClustSml+ShapeGate+MinPeaks+P-Filter+EquipRej+SkinPrio+Omega+OmScale+OmSplit+OmRot+FarField+GradFarF+Kalman+StaticSup,horizontal best
cap_002993,2026-08-24T15:35:44.429,horizontal,24.02,26.52,2,0,0.0,TempBand+Watershed+Merge+ClustSml+ShapeGate+MinPeaks+P-Filter+EquipRej+SkinPrio+Omega+OmScale+OmSplit+OmRot+FarField+GradFarF+Kalman+StaticSup,horizontal best
cap_002994,2026-08-24T15:35:44.558,horizontal,24.02,26.52,2,0,0.0,TempBand+Watershed+Merge+ClustSml+ShapeGate+MinPeaks+P-Filter+EquipRej+SkinPrio+Omega+OmScale+OmSplit+OmRot+FarField+GradFarF+Kalman+StaticSup,horizontal best
cap_002995,2026-08-24T15:35:44.684,horizontal,24.02,26.52,2,0,0.0,TempBand+Watershed+Merge+ClustSml+ShapeGate+MinPeaks+P-Filter+EquipRej+SkinPrio+Omega+OmScale+OmSplit+OmRot+FarField+GradFarF+Kalman+StaticSup,horizontal best
cap_002996,2026-08-24T15:35:44.781,horizontal,24.00,26.50,2,0,0.0,TempBand+Watershed+Merge+ClustSml+ShapeGate+MinPeaks+P-Filter+EquipRej+SkinPrio+Omega+OmScale+OmSplit+OmRot+FarField+GradFarF+Kalman+StaticSup,horizontal best
cap_002997,2026-08-24T15:35:44.908,horizontal,24.02,26.52,2,0,0.0,TempBand+Watershed+Merge+ClustSml+ShapeGate+MinPeaks+P-Filter+EquipRej+SkinPrio+Omega+OmScale+OmSplit+OmRot+FarField+GradFarF+Kalman+StaticSup,horizontal best
cap_002998,2026-08-24T15:35:45.004,horizontal,24.00,26.50,2,0,0.0,TempBand+Watershed+Merge+ClustSml+ShapeGate+MinPeaks+P-Filter+EquipRej+SkinPrio+Omega+OmScale+OmSplit+OmRot+FarField+GradFarF+Kalman+StaticSup,horizontal best
cap_002999,2026-08-24T15:35:45.139,horizontal,24.00,26.50,2,0,0.0,TempBand+Watershed+Merge+ClustSml+ShapeGate+MinPeaks+P-Filter+EquipRej+SkinPrio+Omega+OmScale+OmSplit+OmRot+FarField+GradFarF+Kalman+StaticSup,horizontal best
cap_003000,2026-08-24T15:35:45.228,horizontal,23.98,26.48,2,0,0.0,TempBand+Watershed+Merge+ClustSml+ShapeGate+MinPeaks+P-Filter+EquipRej+SkinPrio+Omega+OmScale+OmSplit+OmRot+FarField+GradFarF+Kalman+StaticSup,horizontal best
cap_003001,2026-08-24T15:35:45.356,horizontal,23.98,26.48,2,0,0.0,TempBand+Watershed+Merge+ClustSml+ShapeGate+MinPeaks+P-Filter+EquipRej+SkinPrio+Omega+OmScale+OmSplit+OmRot+FarField+GradFarF+Kalman+StaticSup,horizontal best
cap_003002,2026-08-24T15:35:45.452,horizontal,23.95,26.45,2,0,0.0,TempBand+Watershed+Merge+ClustSml+ShapeGate+MinPeaks+P-Filter+EquipRej+SkinPrio+Omega+OmScale+OmSplit+OmRot+FarField+GradFarF+Kalman+StaticSup,horizontal best
cap_003003,2026-08-24T15:35:45.582,horizontal,23.93,26.43,2,0,0.0,TempBand+Watershed+Merge+ClustSml+ShapeGate+MinPeaks+P-Filter+EquipRej+SkinPrio+Omega+OmScale+OmSplit+OmRot+FarField+GradFarF+Kalman+StaticSup,horizontal best
cap_003004,2026-08-24T15:35:45.709,horizontal,23.93,26.43,2,0,0.0,TempBand+Watershed+Merge+ClustSml+ShapeGate+MinPeaks+P-Filter+EquipRej+SkinPrio+Omega+OmScale+OmSplit+OmRot+FarField+GradFarF+Kalman+StaticSup,horizontal best
cap_003005,2026-08-24T15:35:45.804,horizontal,23.93,26.43,2,0,0.0,TempBand+Watershed+Merge+ClustSml+ShapeGate+MinPeaks+P-Filter+EquipRej+SkinPrio+Omega+OmScale+OmSplit+OmRot+FarField+GradFarF+Kalman+StaticSup,horizontal best
cap_003006,2026-08-24T15:35:45.932,horizontal,23.93,26.43,2,0,0.0,TempBand+Watershed+Merge+ClustSml+ShapeGate+MinPeaks+P-Filter+EquipRej+SkinPrio+Omega+OmScale+OmSplit+OmRot+FarField+GradFarF+Kalman+StaticSup,horizontal best
cap_003007,2026-08-24T15:35:46.029,horizontal,23.93,26.43,2,0,0.0,TempBand+Watershed+Merge+ClustSml+ShapeGate+MinPeaks+P-Filter+EquipRej+SkinPrio+Omega+OmScale+OmSplit+OmRot+FarField+GradFarF+Kalman+StaticSup,horizontal best
cap_003008,2026-08-24T15:35:46.157,horizontal,23.93,26.43,2,0,0.0,TempBand+Watershed+Merge+ClustSml+ShapeGate+MinPeaks+P-Filter+EquipRej+SkinPrio+Omega+OmScale+OmSplit+OmRot+FarField+GradFarF+Kalman+StaticSup,horizontal best
cap_003009,2026-08-24T15:35:46.254,horizontal,23.91,26.41,2,0,0.0,TempBand+Watershed+Merge+ClustSml+ShapeGate+MinPeaks+P-Filter+EquipRej+SkinPrio+Omega+OmScale+OmSplit+OmRot+FarField+GradFarF+Kalman+StaticSup,horizontal best
cap_003010,2026-08-24T15:35:46.386,horizontal,23.91,26.41,2,0,0.0,TempBand+Watershed+Merge+ClustSml+ShapeGate+MinPeaks+P-Filter+EquipRej+SkinPrio+Omega+OmScale+OmSplit+OmRot+FarField+GradFarF+Kalman+StaticSup,horizontal best
cap_003011,2026-08-24T15:35:46.508,horizontal,23.91,26.41,2,0,0.0,TempBand+Watershed+Merge+ClustSml+ShapeGate+MinPeaks+P-Filter+EquipRej+SkinPrio+Omega+OmScale+OmSplit+OmRot+FarField+GradFarF+Kalman+StaticSup,horizontal best
cap_003012,2026-08-24T15:35:46.604,horizontal,23.91,26.41,2,0,0.0,TempBand+Watershed+Merge+ClustSml+ShapeGate+MinPeaks+P-Filter+EquipRej+SkinPrio+Omega+OmScale+OmSplit+OmRot+FarField+GradFarF+Kalman+StaticSup,horizontal best
cap_003013,2026-08-24T15:35:46.734,horizontal,23.91,26.41,2,0,0.0,TempBand+Watershed+Merge+ClustSml+ShapeGate+MinPeaks+P-Filter+EquipRej+SkinPrio+Omega+OmScale+OmSplit+OmRot+FarField+GradFarF+Kalman+StaticSup,horizontal best
cap_003014,2026-08-24T15:35:46.829,horizontal,23.91,26.41,2,0,0.0,TempBand+Watershed+Merge+ClustSml+ShapeGate+MinPeaks+P-Filter+EquipRej+SkinPrio+Omega+OmScale+OmSplit+OmRot+FarField+GradFarF+Kalman+StaticSup,horizontal best
cap_003015,2026-08-24T15:35:46.957,horizontal,23.91,26.41,2,0,0.0,TempBand+Watershed+Merge+ClustSml+ShapeGate+MinPeaks+P-Filter+EquipRej+SkinPrio+Omega+OmScale+OmSplit+OmRot+FarField+GradFarF+Kalman+StaticSup,horizontal best
cap_003016,2026-08-24T15:35:47.053,horizontal,23.93,26.43,2,0,0.0,TempBand+Watershed+Merge+ClustSml+ShapeGate+MinPeaks+P-Filter+EquipRej+SkinPrio+Omega+OmScale+OmSplit+OmRot+FarField+GradFarF+Kalman+StaticSup,horizontal best
cap_003017,2026-08-24T15:35:47.183,horizontal,23.93,26.43,2,0,0.0,TempBand+Watershed+Merge+ClustSml+ShapeGate+MinPeaks+P-Filter+EquipRej+SkinPrio+Omega+OmScale+OmSplit+OmRot+FarField+GradFarF+Kalman+StaticSup,horizontal best
cap_003018,2026-08-24T15:35:47.277,horizontal,23.93,26.43,2,0,0.0,TempBand+Watershed+Merge+ClustSml+ShapeGate+MinPeaks+P-Filter+EquipRej+SkinPrio+Omega+OmScale+OmSplit+OmRot+FarField+GradFarF+Kalman+StaticSup,horizontal best
cap_003019,2026-08-24T15:35:47.408,horizontal,23.98,26.48,2,0,0.0,TempBand+Watershed+Merge+ClustSml+ShapeGate+MinPeaks+P-Filter+EquipRej+SkinPrio+Omega+OmScale+OmSplit+OmRot+FarField+GradFarF+Kalman+StaticSup,horizontal best
cap_003020,2026-08-24T15:35:47.535,horizontal,23.98,26.48,2,0,0.0,TempBand+Watershed+Merge+ClustSml+ShapeGate+MinPeaks+P-Filter+EquipRej+SkinPrio+Omega+OmScale+OmSplit+OmRot+FarField+GradFarF+Kalman+StaticSup,horizontal best
cap_003021,2026-08-24T15:35:47.627,horizontal,23.98,26.48,1,1,0.7397428099492265,TempBand+Watershed+Merge+ClustSml+ShapeGate+MinPeaks+P-Filter+EquipRej+SkinPrio+Omega+OmScale+OmSplit+OmRot+FarField+GradFarF+Kalman+StaticSup,horizontal best
cap_003022,2026-08-24T15:35:47.756,horizontal,23.98,26.48,1,1,0.70258147569746,TempBand+Watershed+Merge+ClustSml+ShapeGate+MinPeaks+P-Filter+EquipRej+SkinPrio+Omega+OmScale+OmSplit+OmRot+FarField+GradFarF+Kalman+StaticSup,horizontal best
cap_003023,2026-08-24T15:35:47.853,horizontal,24.00,26.50,2,0,0.0,TempBand+Watershed+Merge+ClustSml+ShapeGate+MinPeaks+P-Filter+EquipRej+SkinPrio+Omega+OmScale+OmSplit+OmRot+FarField+GradFarF+Kalman+StaticSup,horizontal best
cap_003024,2026-08-24T15:35:47.981,horizontal,24.00,26.50,2,0,0.0,TempBand+Watershed+Merge+ClustSml+ShapeGate+MinPeaks+P-Filter+EquipRej+SkinPrio+Omega+OmScale+OmSplit+OmRot+FarField+GradFarF+Kalman+StaticSup,horizontal best
cap_003025,2026-08-24T15:35:48.079,horizontal,24.00,26.50,2,0,0.0,TempBand+Watershed+Merge+ClustSml+ShapeGate+MinPeaks+P-Filter+EquipRej+SkinPrio+Omega+OmScale+OmSplit+OmRot+FarField+GradFarF+Kalman+StaticSup,horizontal best
cap_003026,2026-08-24T15:35:48.248,horizontal,24.00,26.50,2,0,0.0,TempBand+Watershed+Merge+ClustSml+ShapeGate+MinPeaks+P-Filter+EquipRej+SkinPrio+Omega+OmScale+OmSplit+OmRot+FarField+GradFarF+Kalman+StaticSup,horizontal best
cap_003027,2026-08-24T15:35:48.307,horizontal,24.02,26.52,2,0,0.0,TempBand+Watershed+Merge+ClustSml+ShapeGate+MinPeaks+P-Filter+EquipRej+SkinPrio+Omega+OmScale+OmSplit+OmRot+FarField+GradFarF+Kalman+StaticSup,horizontal best
cap_003028,2026-08-24T15:35:48.431,horizontal,24.00,26.50,2,0,0.0,TempBand+Watershed+Merge+ClustSml+ShapeGate+MinPeaks+P-Filter+EquipRej+SkinPrio+Omega+OmScale+OmSplit+OmRot+FarField+GradFarF+Kalman+StaticSup,horizontal best
cap_003029,2026-08-24T15:35:48.562,horizontal,23.98,26.48,2,0,0.0,TempBand+Watershed+Merge+ClustSml+ShapeGate+MinPeaks+P-Filter+EquipRej+SkinPrio+Omega+OmScale+OmSplit+OmRot+FarField+GradFarF+Kalman+StaticSup,horizontal best
cap_003030,2026-08-24T15:35:48.653,horizontal,23.95,26.45,2,0,0.0,TempBand+Watershed+Merge+ClustSml+ShapeGate+MinPeaks+P-Filter+EquipRej+SkinPrio+Omega+OmScale+OmSplit+OmRot+FarField+GradFarF+Kalman+StaticSup,horizontal best
cap_003031,2026-08-24T15:35:48.782,horizontal,23.95,26.45,2,0,0.0,TempBand+Watershed+Merge+ClustSml+ShapeGate+MinPeaks+P-Filter+EquipRej+SkinPrio+Omega+OmScale+OmSplit+OmRot+FarField+GradFarF+Kalman+StaticSup,horizontal best
cap_003032,2026-08-24T15:35:48.879,horizontal,23.95,26.45,2,0,0.0,TempBand+Watershed+Merge+ClustSml+ShapeGate+MinPeaks+P-Filter+EquipRej+SkinPrio+Omega+OmScale+OmSplit+OmRot+FarField+GradFarF+Kalman+StaticSup,horizontal best
cap_003033,2026-08-24T15:35:49.007,horizontal,23.95,26.45,1,1,0.7224893333323349,TempBand+Watershed+Merge+ClustSml+ShapeGate+MinPeaks+P-Filter+EquipRej+SkinPrio+Omega+OmScale+OmSplit+OmRot+FarField+GradFarF+Kalman+StaticSup,horizontal best
cap_003034,2026-08-24T15:35:49.101,horizontal,23.93,26.43,1,1,0.7996094703519115,TempBand+Watershed+Merge+ClustSml+ShapeGate+MinPeaks+P-Filter+EquipRej+SkinPrio+Omega+OmScale+OmSplit+OmRot+FarField+GradFarF+Kalman+StaticSup,horizontal best
cap_003035,2026-08-24T15:35:49.231,horizontal,23.93,26.43,1,1,0.7139370270999206,TempBand+Watershed+Merge+ClustSml+ShapeGate+MinPeaks+P-Filter+EquipRej+SkinPrio+Omega+OmScale+OmSplit+OmRot+FarField+GradFarF+Kalman+StaticSup,horizontal best
cap_003036,2026-08-24T15:35:49.357,horizontal,23.93,26.43,1,1,0.679355641790106,TempBand+Watershed+Merge+ClustSml+ShapeGate+MinPeaks+P-Filter+EquipRej+SkinPrio+Omega+OmScale+OmSplit+OmRot+FarField+GradFarF+Kalman+StaticSup,horizontal best
cap_003037,2026-08-24T15:35:49.453,horizontal,23.95,26.45,1,1,0.679355641790106,TempBand+Watershed+Merge+ClustSml+ShapeGate+MinPeaks+P-Filter+EquipRej+SkinPrio+Omega+OmScale+OmSplit+OmRot+FarField+GradFarF+Kalman+StaticSup,horizontal best
cap_003038,2026-08-24T15:35:49.581,horizontal,23.93,26.43,1,1,0.679355641790106,TempBand+Watershed+Merge+ClustSml+ShapeGate+MinPeaks+P-Filter+EquipRej+SkinPrio+Omega+OmScale+OmSplit+OmRot+FarField+GradFarF+Kalman+StaticSup,horizontal best
cap_003039,2026-08-24T15:35:49.678,horizontal,23.95,26.45,1,1,0.7139370270999206,TempBand+Watershed+Merge+ClustSml+ShapeGate+MinPeaks+P-Filter+EquipRej+SkinPrio+Omega+OmScale+OmSplit+OmRot+FarField+GradFarF+Kalman+StaticSup,horizontal best
cap_003040,2026-08-24T15:35:49.810,horizontal,23.93,26.43,1,1,0.7996094703519115,TempBand+Watershed+Merge+ClustSml+ShapeGate+MinPeaks+P-Filter+EquipRej+SkinPrio+Omega+OmScale+OmSplit+OmRot+FarField+GradFarF+Kalman+StaticSup,horizontal best
cap_003041,2026-08-24T15:35:49.904,horizontal,23.93,26.43,1,1,0.7139370270999206,TempBand+Watershed+Merge+ClustSml+ShapeGate+MinPeaks+P-Filter+EquipRej+SkinPrio+Omega+OmScale+OmSplit+OmRot+FarField+GradFarF+Kalman+StaticSup,horizontal best
cap_003042,2026-08-24T15:35:50.028,horizontal,23.93,26.43,1,1,0.7139370270999206,TempBand+Watershed+Merge+ClustSml+ShapeGate+MinPeaks+P-Filter+EquipRej+SkinPrio+Omega+OmScale+OmSplit+OmRot+FarField+GradFarF+Kalman+StaticSup,horizontal best
cap_003043,2026-08-24T15:35:50.123,horizontal,23.91,26.41,1,1,0.7139370270999206,TempBand+Watershed+Merge+ClustSml+ShapeGate+MinPeaks+P-Filter+EquipRej+SkinPrio+Omega+OmScale+OmSplit+OmRot+FarField+GradFarF+Kalman+StaticSup,horizontal best
cap_003044,2026-08-24T15:35:50.256,horizontal,23.91,26.41,1,1,0.7139370270999206,TempBand+Watershed+Merge+ClustSml+ShapeGate+MinPeaks+P-Filter+EquipRej+SkinPrio+Omega+OmScale+OmSplit+OmRot+FarField+GradFarF+Kalman+StaticSup,horizontal best
cap_003045,2026-08-24T15:35:50.385,horizontal,23.91,26.41,1,1,0.7139370270999206,TempBand+Watershed+Merge+ClustSml+ShapeGate+MinPeaks+P-Filter+EquipRej+SkinPrio+Omega+OmScale+OmSplit+OmRot+FarField+GradFarF+Kalman+StaticSup,horizontal best
cap_003046,2026-08-24T15:35:50.477,horizontal,23.93,26.43,1,1,0.7139370270999206,TempBand+Watershed+Merge+ClustSml+ShapeGate+MinPeaks+P-Filter+EquipRej+SkinPrio+Omega+OmScale+OmSplit+OmRot+FarField+GradFarF+Kalman+StaticSup,horizontal best
cap_003047,2026-08-24T15:35:50.603,horizontal,23.91,26.41,1,1,0.7996094703519115,TempBand+Watershed+Merge+ClustSml+ShapeGate+MinPeaks+P-Filter+EquipRej+SkinPrio+Omega+OmScale+OmSplit+OmRot+FarField+GradFarF+Kalman+StaticSup,horizontal best
cap_003048,2026-08-24T15:35:50.704,horizontal,23.91,26.41,1,1,0.7139370270999206,TempBand+Watershed+Merge+ClustSml+ShapeGate+MinPeaks+P-Filter+EquipRej+SkinPrio+Omega+OmScale+OmSplit+OmRot+FarField+GradFarF+Kalman+StaticSup,horizontal best
cap_003049,2026-08-24T15:35:50.826,horizontal,23.91,26.41,1,1,0.7139370270999206,TempBand+Watershed+Merge+ClustSml+ShapeGate+MinPeaks+P-Filter+EquipRej+SkinPrio+Omega+OmScale+OmSplit+OmRot+FarField+GradFarF+Kalman+StaticSup,horizontal best
cap_003050,2026-08-24T15:35:50.927,horizontal,23.91,26.41,1,1,0.7139370270999206,TempBand+Watershed+Merge+ClustSml+ShapeGate+MinPeaks+P-Filter+EquipRej+SkinPrio+Omega+OmScale+OmSplit+OmRot+FarField+GradFarF+Kalman+StaticSup,horizontal best
cap_003051,2026-08-24T15:35:51.053,horizontal,23.93,26.43,1,1,0.7139370270999206,TempBand+Watershed+Merge+ClustSml+ShapeGate+MinPeaks+P-Filter+EquipRej+SkinPrio+Omega+OmScale+OmSplit+OmRot+FarField+GradFarF+Kalman+StaticSup,horizontal best
cap_003052,2026-08-24T15:35:51.181,horizontal,23.93,26.43,1,1,0.679355641790106,TempBand+Watershed+Merge+ClustSml+ShapeGate+MinPeaks+P-Filter+EquipRej+SkinPrio+Omega+OmScale+OmSplit+OmRot+FarField+GradFarF+Kalman+StaticSup,horizontal best
cap_003053,2026-08-24T15:35:51.274,horizontal,24.02,26.52,1,1,0.7139370270999206,TempBand+Watershed+Merge+ClustSml+ShapeGate+MinPeaks+P-Filter+EquipRej+SkinPrio+Omega+OmScale+OmSplit+OmRot+FarField+GradFarF+Kalman+StaticSup,horizontal best
cap_003054,2026-08-24T15:35:51.403,horizontal,24.02,26.52,1,1,0.7139370270999206,TempBand+Watershed+Merge+ClustSml+ShapeGate+MinPeaks+P-Filter+EquipRej+SkinPrio+Omega+OmScale+OmSplit+OmRot+FarField+GradFarF+Kalman+StaticSup,horizontal best
cap_003055,2026-08-24T15:35:51.501,horizontal,24.00,26.50,1,1,0.679355641790106,TempBand+Watershed+Merge+ClustSml+ShapeGate+MinPeaks+P-Filter+EquipRej+SkinPrio+Omega+OmScale+OmSplit+OmRot+FarField+GradFarF+Kalman+StaticSup,horizontal best
cap_003056,2026-08-24T15:35:51.631,horizontal,24.00,26.50,1,1,0.7139370270999206,TempBand+Watershed+Merge+ClustSml+ShapeGate+MinPeaks+P-Filter+EquipRej+SkinPrio+Omega+OmScale+OmSplit+OmRot+FarField+GradFarF+Kalman+StaticSup,horizontal best
cap_003057,2026-08-24T15:35:51.727,horizontal,24.02,26.52,1,1,0.7996094703519115,TempBand+Watershed+Merge+ClustSml+ShapeGate+MinPeaks+P-Filter+EquipRej+SkinPrio+Omega+OmScale+OmSplit+OmRot+FarField+GradFarF+Kalman+StaticSup,horizontal best
cap_003058,2026-08-24T15:35:51.854,horizontal,23.98,26.48,1,1,0.7996094703519115,TempBand+Watershed+Merge+ClustSml+ShapeGate+MinPeaks+P-Filter+EquipRej+SkinPrio+Omega+OmScale+OmSplit+OmRot+FarField+GradFarF+Kalman+StaticSup,horizontal best
cap_003059,2026-08-24T15:35:51.947,horizontal,23.98,26.48,1,1,0.7996094703519115,TempBand+Watershed+Merge+ClustSml+ShapeGate+MinPeaks+P-Filter+EquipRej+SkinPrio+Omega+OmScale+OmSplit+OmRot+FarField+GradFarF+Kalman+StaticSup,horizontal best
cap_003060,2026-08-24T15:35:52.075,horizontal,23.98,26.48,1,1,0.7139370270999206,TempBand+Watershed+Merge+ClustSml+ShapeGate+MinPeaks+P-Filter+EquipRej+SkinPrio+Omega+OmScale+OmSplit+OmRot+FarField+GradFarF+Kalman+StaticSup,horizontal best
cap_003061,2026-08-24T15:35:52.204,horizontal,23.98,26.48,1,1,0.7139370270999206,TempBand+Watershed+Merge+ClustSml+ShapeGate+MinPeaks+P-Filter+EquipRej+SkinPrio+Omega+OmScale+OmSplit+OmRot+FarField+GradFarF+Kalman+StaticSup,horizontal best
cap_003062,2026-08-24T15:35:52.300,horizontal,23.98,26.48,1,1,0.7139370270999206,TempBand+Watershed+Merge+ClustSml+ShapeGate+MinPeaks+P-Filter+EquipRej+SkinPrio+Omega+OmScale+OmSplit+OmRot+FarField+GradFarF+Kalman+StaticSup,horizontal best
cap_003063,2026-08-24T15:35:52.429,horizontal,23.98,26.48,1,1,0.679355641790106,TempBand+Watershed+Merge+ClustSml+ShapeGate+MinPeaks+P-Filter+EquipRej+SkinPrio+Omega+OmScale+OmSplit+OmRot+FarField+GradFarF+Kalman+StaticSup,horizontal best
cap_003064,2026-08-24T15:35:52.529,horizontal,23.95,26.45,1,1,0.679355641790106,TempBand+Watershed+Merge+ClustSml+ShapeGate+MinPeaks+P-Filter+EquipRej+SkinPrio+Omega+OmScale+OmSplit+OmRot+FarField+GradFarF+Kalman+StaticSup,horizontal best
cap_003065,2026-08-24T15:35:52.652,horizontal,23.95,26.45,1,1,0.7139370270999206,TempBand+Watershed+Merge+ClustSml+ShapeGate+MinPeaks+P-Filter+EquipRej+SkinPrio+Omega+OmScale+OmSplit+OmRot+FarField+GradFarF+Kalman+StaticSup,horizontal best
cap_003066,2026-08-24T15:35:52.748,horizontal,23.95,26.45,1,1,0.7996094703519115,TempBand+Watershed+Merge+ClustSml+ShapeGate+MinPeaks+P-Filter+EquipRej+SkinPrio+Omega+OmScale+OmSplit+OmRot+FarField+GradFarF+Kalman+StaticSup,horizontal best
cap_003067,2026-08-24T15:35:52.875,horizontal,23.95,26.45,1,1,0.7139370270999206,TempBand+Watershed+Merge+ClustSml+ShapeGate+MinPeaks+P-Filter+EquipRej+SkinPrio+Omega+OmScale+OmSplit+OmRot+FarField+GradFarF+Kalman+StaticSup,horizontal best
cap_003068,2026-08-24T15:35:53.010,horizontal,23.95,26.45,1,0,0.0,TempBand+Watershed+Merge+ClustSml+ShapeGate+MinPeaks+P-Filter+EquipRej+SkinPrio+Omega+OmScale+OmSplit+OmRot+FarField+GradFarF+Kalman+StaticSup,horizontal best
cap_003069,2026-08-24T15:35:53.106,horizontal,23.95,26.45,1,0,0.0,TempBand+Watershed+Merge+ClustSml+ShapeGate+MinPeaks+P-Filter+EquipRej+SkinPrio+Omega+OmScale+OmSplit+OmRot+FarField+GradFarF+Kalman+StaticSup,horizontal best
cap_003070,2026-08-24T15:35:53.231,horizontal,23.98,26.48,2,0,0.0,TempBand+Watershed+Merge+ClustSml+ShapeGate+MinPeaks+P-Filter+EquipRej+SkinPrio+Omega+OmScale+OmSplit+OmRot+FarField+GradFarF+Kalman+StaticSup,horizontal best
cap_003071,2026-08-24T15:35:53.325,horizontal,23.98,26.48,2,0,0.0,TempBand+Watershed+Merge+ClustSml+ShapeGate+MinPeaks+P-Filter+EquipRej+SkinPrio+Omega+OmScale+OmSplit+OmRot+FarField+GradFarF+Kalman+StaticSup,horizontal best
cap_003072,2026-08-24T15:35:53.451,horizontal,24.00,26.50,2,0,0.0,TempBand+Watershed+Merge+ClustSml+ShapeGate+MinPeaks+P-Filter+EquipRej+SkinPrio+Omega+OmScale+OmSplit+OmRot+FarField+GradFarF+Kalman+StaticSup,horizontal best
cap_003073,2026-08-24T15:35:53.548,horizontal,24.02,26.52,2,0,0.0,TempBand+Watershed+Merge+ClustSml+ShapeGate+MinPeaks+P-Filter+EquipRej+SkinPrio+Omega+OmScale+OmSplit+OmRot+FarField+GradFarF+Kalman+StaticSup,horizontal best
cap_003074,2026-08-24T15:35:53.677,horizontal,24.04,26.54,1,1,0.737420226558491,TempBand+Watershed+Merge+ClustSml+ShapeGate+MinPeaks+P-Filter+EquipRej+SkinPrio+Omega+OmScale+OmSplit+OmRot+FarField+GradFarF+Kalman+StaticSup,horizontal best
cap_003075,2026-08-24T15:35:53.773,horizontal,24.04,26.54,1,1,0.737420226558491,TempBand+Watershed+Merge+ClustSml+ShapeGate+MinPeaks+P-Filter+EquipRej+SkinPrio+Omega+OmScale+OmSplit+OmRot+FarField+GradFarF+Kalman+StaticSup,horizontal best
cap_003076,2026-08-24T15:35:53.902,horizontal,24.09,26.59,2,0,0.0,TempBand+Watershed+Merge+ClustSml+ShapeGate+MinPeaks+P-Filter+EquipRej+SkinPrio+Omega+OmScale+OmSplit+OmRot+FarField+GradFarF+Kalman+StaticSup,horizontal best
cap_003077,2026-08-24T15:35:54.029,horizontal,24.07,26.57,2,0,0.0,TempBand+Watershed+Merge+ClustSml+ShapeGate+MinPeaks+P-Filter+EquipRej+SkinPrio+Omega+OmScale+OmSplit+OmRot+FarField+GradFarF+Kalman+StaticSup,horizontal best
cap_003078,2026-08-24T15:35:54.124,horizontal,24.09,26.59,1,1,0.737420226558491,TempBand+Watershed+Merge+ClustSml+ShapeGate+MinPeaks+P-Filter+EquipRej+SkinPrio+Omega+OmScale+OmSplit+OmRot+FarField+GradFarF+Kalman+StaticSup,horizontal best
cap_003079,2026-08-24T15:35:54.250,horizontal,24.09,26.59,1,1,0.7329753478225866,TempBand+Watershed+Merge+ClustSml+ShapeGate+MinPeaks+P-Filter+EquipRej+SkinPrio+Omega+OmScale+OmSplit+OmRot+FarField+GradFarF+Kalman+StaticSup,horizontal best
cap_003080,2026-08-24T15:35:54.347,horizontal,24.09,26.59,1,1,0.737420226558491,TempBand+Watershed+Merge+ClustSml+ShapeGate+MinPeaks+P-Filter+EquipRej+SkinPrio+Omega+OmScale+OmSplit+OmRot+FarField+GradFarF+Kalman+StaticSup,horizontal best
cap_003081,2026-08-24T15:35:54.476,horizontal,24.11,26.61,1,1,0.6982266318398318,TempBand+Watershed+Merge+ClustSml+ShapeGate+MinPeaks+P-Filter+EquipRej+SkinPrio+Omega+OmScale+OmSplit+OmRot+FarField+GradFarF+Kalman+StaticSup,horizontal best
cap_003082,2026-08-24T15:35:54.575,horizontal,24.09,26.59,2,0,0.0,TempBand+Watershed+Merge+ClustSml+ShapeGate+MinPeaks+P-Filter+EquipRej+SkinPrio+Omega+OmScale+OmSplit+OmRot+FarField+GradFarF+Kalman+StaticSup,horizontal best
cap_003083,2026-08-24T15:35:54.700,horizontal,24.09,26.59,1,1,0.8662435928812365,TempBand+Watershed+Merge+ClustSml+ShapeGate+MinPeaks+P-Filter+EquipRej+SkinPrio+Omega+OmScale+OmSplit+OmRot+FarField+GradFarF+Kalman+StaticSup,horizontal best
cap_003084,2026-08-24T15:35:54.796,horizontal,24.09,26.59,1,1,0.8582508347770033,TempBand+Watershed+Merge+ClustSml+ShapeGate+MinPeaks+P-Filter+EquipRej+SkinPrio+Omega+OmScale+OmSplit+OmRot+FarField+GradFarF+Kalman+StaticSup,horizontal best
cap_003085,2026-08-24T15:35:54.922,horizontal,24.11,26.61,1,1,0.8582508347770033,TempBand+Watershed+Merge+ClustSml+ShapeGate+MinPeaks+P-Filter+EquipRej+SkinPrio+Omega+OmScale+OmSplit+OmRot+FarField+GradFarF+Kalman+StaticSup,horizontal best
cap_003086,2026-08-24T15:35:55.054,horizontal,24.14,26.64,1,1,0.8582508347770033,TempBand+Watershed+Merge+ClustSml+ShapeGate+MinPeaks+P-Filter+EquipRej+SkinPrio+Omega+OmScale+OmSplit+OmRot+FarField+GradFarF+Kalman+StaticSup,horizontal best
cap_003087,2026-08-24T15:35:55.148,horizontal,24.11,26.61,1,1,0.8582508347770033,TempBand+Watershed+Merge+ClustSml+ShapeGate+MinPeaks+P-Filter+EquipRej+SkinPrio+Omega+OmScale+OmSplit+OmRot+FarField+GradFarF+Kalman+StaticSup,horizontal best
cap_003088,2026-08-24T15:35:55.277,horizontal,24.11,26.61,1,0,0.0,TempBand+Watershed+Merge+ClustSml+ShapeGate+MinPeaks+P-Filter+EquipRej+SkinPrio+Omega+OmScale+OmSplit+OmRot+FarField+GradFarF+Kalman+StaticSup,horizontal best
cap_003089,2026-08-24T15:35:55.374,horizontal,24.11,26.61,0,0,0.0,TempBand+Watershed+Merge+ClustSml+ShapeGate+MinPeaks+P-Filter+EquipRej+SkinPrio+Omega+OmScale+OmSplit+OmRot+FarField+GradFarF+Kalman+StaticSup,horizontal best
cap_003090,2026-08-24T15:35:55.501,horizontal,24.14,26.64,2,0,0.0,TempBand+Watershed+Merge+ClustSml+ShapeGate+MinPeaks+P-Filter+EquipRej+SkinPrio+Omega+OmScale+OmSplit+OmRot+FarField+GradFarF+Kalman+StaticSup,horizontal best
cap_003091,2026-08-24T15:35:55.598,horizontal,24.14,26.64,2,0,0.0,TempBand+Watershed+Merge+ClustSml+ShapeGate+MinPeaks+P-Filter+EquipRej+SkinPrio+Omega+OmScale+OmSplit+OmRot+FarField+GradFarF+Kalman+StaticSup,horizontal best
cap_003092,2026-08-24T15:35:55.726,horizontal,24.11,26.61,2,0,0.0,TempBand+Watershed+Merge+ClustSml+ShapeGate+MinPeaks+P-Filter+EquipRej+SkinPrio+Omega+OmScale+OmSplit+OmRot+FarField+GradFarF+Kalman+StaticSup,horizontal best
cap_003093,2026-08-24T15:35:55.855,horizontal,24.14,26.64,2,0,0.0,TempBand+Watershed+Merge+ClustSml+ShapeGate+MinPeaks+P-Filter+EquipRej+SkinPrio+Omega+OmScale+OmSplit+OmRot+FarField+GradFarF+Kalman+StaticSup,horizontal best
cap_003094,2026-08-24T15:35:55.951,horizontal,24.11,26.61,2,0,0.0,TempBand+Watershed+Merge+ClustSml+ShapeGate+MinPeaks+P-Filter+EquipRej+SkinPrio+Omega+OmScale+OmSplit+OmRot+FarField+GradFarF+Kalman+StaticSup,horizontal best
cap_003095,2026-08-24T15:35:56.078,horizontal,24.14,26.64,2,0,0.0,TempBand+Watershed+Merge+ClustSml+ShapeGate+MinPeaks+P-Filter+EquipRej+SkinPrio+Omega+OmScale+OmSplit+OmRot+FarField+GradFarF+Kalman+StaticSup,horizontal best
cap_003096,2026-08-24T15:35:56.175,horizontal,24.14,26.64,2,0,0.0,TempBand+Watershed+Merge+ClustSml+ShapeGate+MinPeaks+P-Filter+EquipRej+SkinPrio+Omega+OmScale+OmSplit+OmRot+FarField+GradFarF+Kalman+StaticSup,horizontal best
cap_003097,2026-08-24T15:35:56.298,horizontal,24.16,26.66,2,0,0.0,TempBand+Watershed+Merge+ClustSml+ShapeGate+MinPeaks+P-Filter+EquipRej+SkinPrio+Omega+OmScale+OmSplit+OmRot+FarField+GradFarF+Kalman+StaticSup,horizontal best
cap_003098,2026-08-24T15:35:56.396,horizontal,24.16,26.66,2,0,0.0,TempBand+Watershed+Merge+ClustSml+ShapeGate+MinPeaks+P-Filter+EquipRej+SkinPrio+Omega+OmScale+OmSplit+OmRot+FarField+GradFarF+Kalman+StaticSup,horizontal best
cap_003099,2026-08-24T15:35:56.524,horizontal,24.18,26.68,2,0,0.0,TempBand+Watershed+Merge+ClustSml+ShapeGate+MinPeaks+P-Filter+EquipRej+SkinPrio+Omega+OmScale+OmSplit+OmRot+FarField+GradFarF+Kalman+StaticSup,horizontal best
cap_003100,2026-08-24T15:35:56.622,horizontal,24.16,26.66,2,0,0.0,TempBand+Watershed+Merge+ClustSml+ShapeGate+MinPeaks+P-Filter+EquipRej+SkinPrio+Omega+OmScale+OmSplit+OmRot+FarField+GradFarF+Kalman+StaticSup,horizontal best
cap_003101,2026-08-24T15:35:56.749,horizontal,24.18,26.68,2,0,0.0,TempBand+Watershed+Merge+ClustSml+ShapeGate+MinPeaks+P-Filter+EquipRej+SkinPrio+Omega+OmScale+OmSplit+OmRot+FarField+GradFarF+Kalman+StaticSup,horizontal best
cap_003102,2026-08-24T15:35:56.879,horizontal,24.18,26.68,2,0,0.0,TempBand+Watershed+Merge+ClustSml+ShapeGate+MinPeaks+P-Filter+EquipRej+SkinPrio+Omega+OmScale+OmSplit+OmRot+FarField+GradFarF+Kalman+StaticSup,horizontal best
cap_003103,2026-08-24T15:35:56.974,horizontal,24.16,26.66,2,0,0.0,TempBand+Watershed+Merge+ClustSml+ShapeGate+MinPeaks+P-Filter+EquipRej+SkinPrio+Omega+OmScale+OmSplit+OmRot+FarField+GradFarF+Kalman+StaticSup,horizontal best
cap_003104,2026-08-24T15:35:57.102,horizontal,24.16,26.66,2,0,0.0,TempBand+Watershed+Merge+ClustSml+ShapeGate+MinPeaks+P-Filter+EquipRej+SkinPrio+Omega+OmScale+OmSplit+OmRot+FarField+GradFarF+Kalman+StaticSup,horizontal best
cap_003105,2026-08-24T15:35:57.196,horizontal,24.18,26.68,2,0,0.0,TempBand+Watershed+Merge+ClustSml+ShapeGate+MinPeaks+P-Filter+EquipRej+SkinPrio+Omega+OmScale+OmSplit+OmRot+FarField+GradFarF+Kalman+StaticSup,horizontal best
cap_003106,2026-08-24T15:35:57.327,horizontal,24.18,26.68,2,0,0.0,TempBand+Watershed+Merge+ClustSml+ShapeGate+MinPeaks+P-Filter+EquipRej+SkinPrio+Omega+OmScale+OmSplit+OmRot+FarField+GradFarF+Kalman+StaticSup,horizontal best
cap_003107,2026-08-24T15:35:57.420,horizontal,24.18,26.68,2,0,0.0,TempBand+Watershed+Merge+ClustSml+ShapeGate+MinPeaks+P-Filter+EquipRej+SkinPrio+Omega+OmScale+OmSplit+OmRot+FarField+GradFarF+Kalman+StaticSup,horizontal best
cap_003108,2026-08-24T15:35:57.549,horizontal,24.18,26.68,2,0,0.0,TempBand+Watershed+Merge+ClustSml+ShapeGate+MinPeaks+P-Filter+EquipRej+SkinPrio+Omega+OmScale+OmSplit+OmRot+FarField+GradFarF+Kalman+StaticSup,horizontal best
cap_003109,2026-08-24T15:35:57.677,horizontal,24.16,26.66,2,0,0.0,TempBand+Watershed+Merge+ClustSml+ShapeGate+MinPeaks+P-Filter+EquipRej+SkinPrio+Omega+OmScale+OmSplit+OmRot+FarField+GradFarF+Kalman+StaticSup,horizontal best
cap_003110,2026-08-24T15:35:57.774,horizontal,24.16,26.66,2,0,0.0,TempBand+Watershed+Merge+ClustSml+ShapeGate+MinPeaks+P-Filter+EquipRej+SkinPrio+Omega+OmScale+OmSplit+OmRot+FarField+GradFarF+Kalman+StaticSup,horizontal best
cap_003111,2026-08-24T15:35:57.906,horizontal,24.16,26.66,2,0,0.0,TempBand+Watershed+Merge+ClustSml+ShapeGate+MinPeaks+P-Filter+EquipRej+SkinPrio+Omega+OmScale+OmSplit+OmRot+FarField+GradFarF+Kalman+StaticSup,horizontal best
cap_003112,2026-08-24T15:35:58.004,horizontal,24.16,26.66,2,0,0.0,TempBand+Watershed+Merge+ClustSml+ShapeGate+MinPeaks+P-Filter+EquipRej+SkinPrio+Omega+OmScale+OmSplit+OmRot+FarField+GradFarF+Kalman+StaticSup,horizontal best
cap_003113,2026-08-24T15:35:58.131,horizontal,24.16,26.66,2,0,0.0,TempBand+Watershed+Merge+ClustSml+ShapeGate+MinPeaks+P-Filter+EquipRej+SkinPrio+Omega+OmScale+OmSplit+OmRot+FarField+GradFarF+Kalman+StaticSup,horizontal best
cap_003114,2026-08-24T15:35:58.222,horizontal,24.16,26.66,2,0,0.0,TempBand+Watershed+Merge+ClustSml+ShapeGate+MinPeaks+P-Filter+EquipRej+SkinPrio+Omega+OmScale+OmSplit+OmRot+FarField+GradFarF+Kalman+StaticSup,horizontal best
cap_003115,2026-08-24T15:35:58.352,horizontal,24.16,26.66,2,0,0.0,TempBand+Watershed+Merge+ClustSml+ShapeGate+MinPeaks+P-Filter+EquipRej+SkinPrio+Omega+OmScale+OmSplit+OmRot+FarField+GradFarF+Kalman+StaticSup,horizontal best
cap_003116,2026-08-24T15:35:58.450,horizontal,24.16,26.66,2,0,0.0,TempBand+Watershed+Merge+ClustSml+ShapeGate+MinPeaks+P-Filter+EquipRej+SkinPrio+Omega+OmScale+OmSplit+OmRot+FarField+GradFarF+Kalman+StaticSup,horizontal best
cap_003117,2026-08-24T15:35:58.576,horizontal,24.16,26.66,2,0,0.0,TempBand+Watershed+Merge+ClustSml+ShapeGate+MinPeaks+P-Filter+EquipRej+SkinPrio+Omega+OmScale+OmSplit+OmRot+FarField+GradFarF+Kalman+StaticSup,horizontal best
cap_003118,2026-08-24T15:35:58.704,horizontal,24.16,26.66,2,0,0.0,TempBand+Watershed+Merge+ClustSml+ShapeGate+MinPeaks+P-Filter+EquipRej+SkinPrio+Omega+OmScale+OmSplit+OmRot+FarField+GradFarF+Kalman+StaticSup,horizontal best
cap_003119,2026-08-24T15:35:58.805,horizontal,24.16,26.66,2,0,0.0,TempBand+Watershed+Merge+ClustSml+ShapeGate+MinPeaks+P-Filter+EquipRej+SkinPrio+Omega+OmScale+OmSplit+OmRot+FarField+GradFarF+Kalman+StaticSup,horizontal best
cap_003120,2026-08-24T15:35:58.931,horizontal,24.14,26.64,2,0,0.0,TempBand+Watershed+Merge+ClustSml+ShapeGate+MinPeaks+P-Filter+EquipRej+SkinPrio+Omega+OmScale+OmSplit+OmRot+FarField+GradFarF+Kalman+StaticSup,horizontal best
cap_003121,2026-08-24T15:35:59.024,horizontal,24.14,26.64,2,0,0.0,TempBand+Watershed+Merge+ClustSml+ShapeGate+MinPeaks+P-Filter+EquipRej+SkinPrio+Omega+OmScale+OmSplit+OmRot+FarField+GradFarF+Kalman+StaticSup,horizontal best
cap_003122,2026-08-24T15:35:59.166,horizontal,24.14,26.64,2,0,0.0,TempBand+Watershed+Merge+ClustSml+ShapeGate+MinPeaks+P-Filter+EquipRej+SkinPrio+Omega+OmScale+OmSplit+OmRot+FarField+GradFarF+Kalman+StaticSup,horizontal best
cap_003123,2026-08-24T15:35:59.248,horizontal,24.14,26.64,2,0,0.0,TempBand+Watershed+Merge+ClustSml+ShapeGate+MinPeaks+P-Filter+EquipRej+SkinPrio+Omega+OmScale+OmSplit+OmRot+FarField+GradFarF+Kalman+StaticSup,horizontal best
cap_003124,2026-08-24T15:35:59.371,horizontal,24.16,26.66,2,0,0.0,TempBand+Watershed+Merge+ClustSml+ShapeGate+MinPeaks+P-Filter+EquipRej+SkinPrio+Omega+OmScale+OmSplit+OmRot+FarField+GradFarF+Kalman+StaticSup,horizontal best
cap_003125,2026-08-24T15:35:59.500,horizontal,24.18,26.68,2,0,0.0,TempBand+Watershed+Merge+ClustSml+ShapeGate+MinPeaks+P-Filter+EquipRej+SkinPrio+Omega+OmScale+OmSplit+OmRot+FarField+GradFarF+Kalman+StaticSup,horizontal best
cap_003126,2026-08-24T15:35:59.596,horizontal,24.16,26.66,2,0,0.0,TempBand+Watershed+Merge+ClustSml+ShapeGate+MinPeaks+P-Filter+EquipRej+SkinPrio+Omega+OmScale+OmSplit+OmRot+FarField+GradFarF+Kalman+StaticSup,horizontal best
cap_003127,2026-08-24T15:35:59.725,horizontal,24.16,26.66,2,0,0.0,TempBand+Watershed+Merge+ClustSml+ShapeGate+MinPeaks+P-Filter+EquipRej+SkinPrio+Omega+OmScale+OmSplit+OmRot+FarField+GradFarF+Kalman+StaticSup,horizontal best
cap_003128,2026-08-24T15:35:59.821,horizontal,24.14,26.64,2,0,0.0,TempBand+Watershed+Merge+ClustSml+ShapeGate+MinPeaks+P-Filter+EquipRej+SkinPrio+Omega+OmScale+OmSplit+OmRot+FarField+GradFarF+Kalman+StaticSup,horizontal best
cap_003129,2026-08-24T15:35:59.955,horizontal,24.14,26.64,2,0,0.0,TempBand+Watershed+Merge+ClustSml+ShapeGate+MinPeaks+P-Filter+EquipRej+SkinPrio+Omega+OmScale+OmSplit+OmRot+FarField+GradFarF+Kalman+StaticSup,horizontal best
cap_003130,2026-08-24T15:36:00.045,horizontal,24.14,26.64,2,0,0.0,TempBand+Watershed+Merge+ClustSml+ShapeGate+MinPeaks+P-Filter+EquipRej+SkinPrio+Omega+OmScale+OmSplit+OmRot+FarField+GradFarF+Kalman+StaticSup,horizontal best
cap_003131,2026-08-24T15:36:00.173,horizontal,24.14,26.64,2,0,0.0,TempBand+Watershed+Merge+ClustSml+ShapeGate+MinPeaks+P-Filter+EquipRej+SkinPrio+Omega+OmScale+OmSplit+OmRot+FarField+GradFarF+Kalman+StaticSup,horizontal best
cap_003132,2026-08-24T15:36:00.270,horizontal,24.14,26.64,2,0,0.0,TempBand+Watershed+Merge+ClustSml+ShapeGate+MinPeaks+P-Filter+EquipRej+SkinPrio+Omega+OmScale+OmSplit+OmRot+FarField+GradFarF+Kalman+StaticSup,horizontal best
cap_003133,2026-08-24T15:36:00.396,horizontal,24.14,26.64,2,0,0.0,TempBand+Watershed+Merge+ClustSml+ShapeGate+MinPeaks+P-Filter+EquipRej+SkinPrio+Omega+OmScale+OmSplit+OmRot+FarField+GradFarF+Kalman+StaticSup,horizontal best
cap_003134,2026-08-24T15:36:00.523,horizontal,24.14,26.64,2,0,0.0,TempBand+Watershed+Merge+ClustSml+ShapeGate+MinPeaks+P-Filter+EquipRej+SkinPrio+Omega+OmScale+OmSplit+OmRot+FarField+GradFarF+Kalman+StaticSup,horizontal best
cap_003135,2026-08-24T15:36:00.619,horizontal,24.14,26.64,2,0,0.0,TempBand+Watershed+Merge+ClustSml+ShapeGate+MinPeaks+P-Filter+EquipRej+SkinPrio+Omega+OmScale+OmSplit+OmRot+FarField+GradFarF+Kalman+StaticSup,horizontal best
cap_003136,2026-08-24T15:36:00.748,horizontal,24.11,26.61,2,0,0.0,TempBand+Watershed+Merge+ClustSml+ShapeGate+MinPeaks+P-Filter+EquipRej+SkinPrio+Omega+OmScale+OmSplit+OmRot+FarField+GradFarF+Kalman+StaticSup,horizontal best
cap_003137,2026-08-24T15:36:00.848,horizontal,24.11,26.61,2,0,0.0,TempBand+Watershed+Merge+ClustSml+ShapeGate+MinPeaks+P-Filter+EquipRej+SkinPrio+Omega+OmScale+OmSplit+OmRot+FarField+GradFarF+Kalman+StaticSup,horizontal best
cap_003138,2026-08-24T15:36:00.974,horizontal,24.16,26.66,2,0,0.0,TempBand+Watershed+Merge+ClustSml+ShapeGate+MinPeaks+P-Filter+EquipRej+SkinPrio+Omega+OmScale+OmSplit+OmRot+FarField+GradFarF+Kalman+StaticSup,horizontal best
cap_003139,2026-08-24T15:36:01.072,horizontal,24.16,26.66,2,0,0.0,TempBand+Watershed+Merge+ClustSml+ShapeGate+MinPeaks+P-Filter+EquipRej+SkinPrio+Omega+OmScale+OmSplit+OmRot+FarField+GradFarF+Kalman+StaticSup,horizontal best
cap_003140,2026-08-24T15:36:01.198,horizontal,24.18,26.68,2,0,0.0,TempBand+Watershed+Merge+ClustSml+ShapeGate+MinPeaks+P-Filter+EquipRej+SkinPrio+Omega+OmScale+OmSplit+OmRot+FarField+GradFarF+Kalman+StaticSup,horizontal best
cap_003141,2026-08-24T15:36:01.300,horizontal,24.18,26.68,2,0,0.0,TempBand+Watershed+Merge+ClustSml+ShapeGate+MinPeaks+P-Filter+EquipRej+SkinPrio+Omega+OmScale+OmSplit+OmRot+FarField+GradFarF+Kalman+StaticSup,horizontal best
cap_003142,2026-08-24T15:36:01.420,horizontal,24.16,26.66,2,0,0.0,TempBand+Watershed+Merge+ClustSml+ShapeGate+MinPeaks+P-Filter+EquipRej+SkinPrio+Omega+OmScale+OmSplit+OmRot+FarField+GradFarF+Kalman+StaticSup,horizontal best
cap_003143,2026-08-24T15:36:01.548,horizontal,24.16,26.66,2,0,0.0,TempBand+Watershed+Merge+ClustSml+ShapeGate+MinPeaks+P-Filter+EquipRej+SkinPrio+Omega+OmScale+OmSplit+OmRot+FarField+GradFarF+Kalman+StaticSup,horizontal best
cap_003144,2026-08-24T15:36:01.646,horizontal,24.16,26.66,2,0,0.0,TempBand+Watershed+Merge+ClustSml+ShapeGate+MinPeaks+P-Filter+EquipRej+SkinPrio+Omega+OmScale+OmSplit+OmRot+FarField+GradFarF+Kalman+StaticSup,horizontal best
cap_003145,2026-08-24T15:36:01.772,horizontal,24.14,26.64,2,0,0.0,TempBand+Watershed+Merge+ClustSml+ShapeGate+MinPeaks+P-Filter+EquipRej+SkinPrio+Omega+OmScale+OmSplit+OmRot+FarField+GradFarF+Kalman+StaticSup,horizontal best
cap_003146,2026-08-24T15:36:01.868,horizontal,24.14,26.64,2,0,0.0,TempBand+Watershed+Merge+ClustSml+ShapeGate+MinPeaks+P-Filter+EquipRej+SkinPrio+Omega+OmScale+OmSplit+OmRot+FarField+GradFarF+Kalman+StaticSup,horizontal best
cap_003147,2026-08-24T15:36:02.005,horizontal,24.11,26.61,2,0,0.0,TempBand+Watershed+Merge+ClustSml+ShapeGate+MinPeaks+P-Filter+EquipRej+SkinPrio+Omega+OmScale+OmSplit+OmRot+FarField+GradFarF+Kalman+StaticSup,horizontal best
cap_003148,2026-08-24T15:36:02.092,horizontal,24.11,26.61,2,0,0.0,TempBand+Watershed+Merge+ClustSml+ShapeGate+MinPeaks+P-Filter+EquipRej+SkinPrio+Omega+OmScale+OmSplit+OmRot+FarField+GradFarF+Kalman+StaticSup,horizontal best
cap_003149,2026-08-24T15:36:02.218,horizontal,24.09,26.59,2,0,0.0,TempBand+Watershed+Merge+ClustSml+ShapeGate+MinPeaks+P-Filter+EquipRej+SkinPrio+Omega+OmScale+OmSplit+OmRot+FarField+GradFarF+Kalman+StaticSup,horizontal best
cap_003150,2026-08-24T15:36:02.358,horizontal,24.09,26.59,2,0,0.0,TempBand+Watershed+Merge+ClustSml+ShapeGate+MinPeaks+P-Filter+EquipRej+SkinPrio+Omega+OmScale+OmSplit+OmRot+FarField+GradFarF+Kalman+StaticSup,horizontal best
cap_003151,2026-08-24T15:36:02.445,horizontal,24.07,26.57,2,0,0.0,TempBand+Watershed+Merge+ClustSml+ShapeGate+MinPeaks+P-Filter+EquipRej+SkinPrio+Omega+OmScale+OmSplit+OmRot+FarField+GradFarF+Kalman+StaticSup,horizontal best
cap_003152,2026-08-24T15:36:02.573,horizontal,24.07,26.57,2,0,0.0,TempBand+Watershed+Merge+ClustSml+ShapeGate+MinPeaks+P-Filter+EquipRej+SkinPrio+Omega+OmScale+OmSplit+OmRot+FarField+GradFarF+Kalman+StaticSup,horizontal best
cap_003153,2026-08-24T15:36:02.688,horizontal,24.07,26.57,2,0,0.0,TempBand+Watershed+Merge+ClustSml+ShapeGate+MinPeaks+P-Filter+EquipRej+SkinPrio+Omega+OmScale+OmSplit+OmRot+FarField+GradFarF+Kalman+StaticSup,horizontal best
cap_003154,2026-08-24T15:36:02.830,horizontal,24.04,26.54,2,0,0.0,TempBand+Watershed+Merge+ClustSml+ShapeGate+MinPeaks+P-Filter+EquipRej+SkinPrio+Omega+OmScale+OmSplit+OmRot+FarField+GradFarF+Kalman+StaticSup,horizontal best
cap_003155,2026-08-24T15:36:02.941,horizontal,24.04,26.54,2,0,0.0,TempBand+Watershed+Merge+ClustSml+ShapeGate+MinPeaks+P-Filter+EquipRej+SkinPrio+Omega+OmScale+OmSplit+OmRot+FarField+GradFarF+Kalman+StaticSup,horizontal best
cap_003156,2026-08-24T15:36:03.024,horizontal,24.02,26.52,2,0,0.0,TempBand+Watershed+Merge+ClustSml+ShapeGate+MinPeaks+P-Filter+EquipRej+SkinPrio+Omega+OmScale+OmSplit+OmRot+FarField+GradFarF+Kalman+StaticSup,horizontal best
cap_003157,2026-08-24T15:36:03.118,horizontal,24.02,26.52,1,1,0.8785702444120296,TempBand+Watershed+Merge+ClustSml+ShapeGate+MinPeaks+P-Filter+EquipRej+SkinPrio+Omega+OmScale+OmSplit+OmRot+FarField+GradFarF+Kalman+StaticSup,horizontal best
cap_003158,2026-08-24T15:36:03.245,horizontal,24.02,26.52,1,1,0.9195508909046971,TempBand+Watershed+Merge+ClustSml+ShapeGate+MinPeaks+P-Filter+EquipRej+SkinPrio+Omega+OmScale+OmSplit+OmRot+FarField+GradFarF+Kalman+StaticSup,horizontal best
cap_003159,2026-08-24T15:36:03.375,horizontal,24.02,26.52,1,1,0.9195508909046971,TempBand+Watershed+Merge+ClustSml+ShapeGate+MinPeaks+P-Filter+EquipRej+SkinPrio+Omega+OmScale+OmSplit+OmRot+FarField+GradFarF+Kalman+StaticSup,horizontal best
cap_003160,2026-08-24T15:36:03.473,horizontal,24.02,26.52,1,1,0.9195508909046971,TempBand+Watershed+Merge+ClustSml+ShapeGate+MinPeaks+P-Filter+EquipRej+SkinPrio+Omega+OmScale+OmSplit+OmRot+FarField+GradFarF+Kalman+StaticSup,horizontal best
cap_003161,2026-08-24T15:36:03.596,horizontal,24.02,26.52,1,1,0.8662435928812365,TempBand+Watershed+Merge+ClustSml+ShapeGate+MinPeaks+P-Filter+EquipRej+SkinPrio+Omega+OmScale+OmSplit+OmRot+FarField+GradFarF+Kalman+StaticSup,horizontal best
cap_003162,2026-08-24T15:36:03.786,horizontal,24.02,26.52,1,1,0.8662435928812365,TempBand+Watershed+Merge+ClustSml+ShapeGate+MinPeaks+P-Filter+EquipRej+SkinPrio+Omega+OmScale+OmSplit+OmRot+FarField+GradFarF+Kalman+StaticSup,horizontal best
cap_003163,2026-08-24T15:36:03.908,horizontal,24.02,26.52,1,1,0.8662435928812365,TempBand+Watershed+Merge+ClustSml+ShapeGate+MinPeaks+P-Filter+EquipRej+SkinPrio+Omega+OmScale+OmSplit+OmRot+FarField+GradFarF+Kalman+StaticSup,horizontal best
cap_003164,2026-08-24T15:36:03.951,horizontal,24.02,26.52,1,1,0.8662435928812365,TempBand+Watershed+Merge+ClustSml+ShapeGate+MinPeaks+P-Filter+EquipRej+SkinPrio+Omega+OmScale+OmSplit+OmRot+FarField+GradFarF+Kalman+StaticSup,horizontal best
cap_003165,2026-08-24T15:36:04.047,horizontal,24.02,26.52,1,0,0.0,TempBand+Watershed+Merge+ClustSml+ShapeGate+MinPeaks+P-Filter+EquipRej+SkinPrio+Omega+OmScale+OmSplit+OmRot+FarField+GradFarF+Kalman+StaticSup,horizontal best
cap_003166,2026-08-24T15:36:04.188,horizontal,24.04,26.54,1,0,0.0,TempBand+Watershed+Merge+ClustSml+ShapeGate+MinPeaks+P-Filter+EquipRej+SkinPrio+Omega+OmScale+OmSplit+OmRot+FarField+GradFarF+Kalman+StaticSup,horizontal best
cap_003167,2026-08-24T15:36:04.291,horizontal,24.02,26.52,2,0,0.0,TempBand+Watershed+Merge+ClustSml+ShapeGate+MinPeaks+P-Filter+EquipRej+SkinPrio+Omega+OmScale+OmSplit+OmRot+FarField+GradFarF+Kalman+StaticSup,horizontal best
cap_003168,2026-08-24T15:36:04.427,horizontal,24.02,26.52,2,0,0.0,TempBand+Watershed+Merge+ClustSml+ShapeGate+MinPeaks+P-Filter+EquipRej+SkinPrio+Omega+OmScale+OmSplit+OmRot+FarField+GradFarF+Kalman+StaticSup,horizontal best
cap_003169,2026-08-24T15:36:04.496,horizontal,24.02,26.52,2,0,0.0,TempBand+Watershed+Merge+ClustSml+ShapeGate+MinPeaks+P-Filter+EquipRej+SkinPrio+Omega+OmScale+OmSplit+OmRot+FarField+GradFarF+Kalman+StaticSup,horizontal best
cap_003170,2026-08-24T15:36:04.625,horizontal,24.02,26.52,2,0,0.0,TempBand+Watershed+Merge+ClustSml+ShapeGate+MinPeaks+P-Filter+EquipRej+SkinPrio+Omega+OmScale+OmSplit+OmRot+FarField+GradFarF+Kalman+StaticSup,horizontal best
cap_003171,2026-08-24T15:36:04.718,horizontal,24.00,26.50,2,0,0.0,TempBand+Watershed+Merge+ClustSml+ShapeGate+MinPeaks+P-Filter+EquipRej+SkinPrio+Omega+OmScale+OmSplit+OmRot+FarField+GradFarF+Kalman+StaticSup,horizontal best
cap_003172,2026-08-24T15:36:04.843,horizontal,24.00,26.50,2,0,0.0,TempBand+Watershed+Merge+ClustSml+ShapeGate+MinPeaks+P-Filter+EquipRej+SkinPrio+Omega+OmScale+OmSplit+OmRot+FarField+GradFarF+Kalman+StaticSup,horizontal best
cap_003173,2026-08-24T15:36:04.951,horizontal,24.00,26.50,2,0,0.0,TempBand+Watershed+Merge+ClustSml+ShapeGate+MinPeaks+P-Filter+EquipRej+SkinPrio+Omega+OmScale+OmSplit+OmRot+FarField+GradFarF+Kalman+StaticSup,horizontal best
cap_003174,2026-08-24T15:36:05.077,horizontal,24.00,26.50,2,0,0.0,TempBand+Watershed+Merge+ClustSml+ShapeGate+MinPeaks+P-Filter+EquipRej+SkinPrio+Omega+OmScale+OmSplit+OmRot+FarField+GradFarF+Kalman+StaticSup,horizontal best
cap_003175,2026-08-24T15:36:05.240,horizontal,24.00,26.50,2,0,0.0,TempBand+Watershed+Merge+ClustSml+ShapeGate+MinPeaks+P-Filter+EquipRej+SkinPrio+Omega+OmScale+OmSplit+OmRot+FarField+GradFarF+Kalman+StaticSup,horizontal best
cap_003176,2026-08-24T15:36:05.359,horizontal,24.00,26.50,2,0,0.0,TempBand+Watershed+Merge+ClustSml+ShapeGate+MinPeaks+P-Filter+EquipRej+SkinPrio+Omega+OmScale+OmSplit+OmRot+FarField+GradFarF+Kalman+StaticSup,horizontal best
cap_003177,2026-08-24T15:36:05.435,horizontal,24.00,26.50,2,0,0.0,TempBand+Watershed+Merge+ClustSml+ShapeGate+MinPeaks+P-Filter+EquipRej+SkinPrio+Omega+OmScale+OmSplit+OmRot+FarField+GradFarF+Kalman+StaticSup,horizontal best
cap_003178,2026-08-24T15:36:05.520,horizontal,24.04,26.54,2,0,0.0,TempBand+Watershed+Merge+ClustSml+ShapeGate+MinPeaks+P-Filter+EquipRej+SkinPrio+Omega+OmScale+OmSplit+OmRot+FarField+GradFarF+Kalman+StaticSup,horizontal best
cap_003179,2026-08-24T15:36:05.646,horizontal,24.07,26.57,1,1,0.43243511570424026,TempBand+Watershed+Merge+ClustSml+ShapeGate+MinPeaks+P-Filter+EquipRej+SkinPrio+Omega+OmScale+OmSplit+OmRot+FarField+GradFarF+Kalman+StaticSup,horizontal best
cap_003180,2026-08-24T15:36:05.747,horizontal,24.04,26.54,1,1,0.43243511570424026,TempBand+Watershed+Merge+ClustSml+ShapeGate+MinPeaks+P-Filter+EquipRej+SkinPrio+Omega+OmScale+OmSplit+OmRot+FarField+GradFarF+Kalman+StaticSup,horizontal best
cap_003181,2026-08-24T15:36:05.869,horizontal,24.04,26.54,1,1,0.43243511570424026,TempBand+Watershed+Merge+ClustSml+ShapeGate+MinPeaks+P-Filter+EquipRej+SkinPrio+Omega+OmScale+OmSplit+OmRot+FarField+GradFarF+Kalman+StaticSup,horizontal best
cap_003182,2026-08-24T15:36:06.010,horizontal,24.04,26.54,1,1,0.43243511570424026,TempBand+Watershed+Merge+ClustSml+ShapeGate+MinPeaks+P-Filter+EquipRej+SkinPrio+Omega+OmScale+OmSplit+OmRot+FarField+GradFarF+Kalman+StaticSup,horizontal best
cap_003183,2026-08-24T15:36:06.095,horizontal,24.04,26.54,1,1,0.7095492258696663,TempBand+Watershed+Merge+ClustSml+ShapeGate+MinPeaks+P-Filter+EquipRej+SkinPrio+Omega+OmScale+OmSplit+OmRot+FarField+GradFarF+Kalman+StaticSup,horizontal best
cap_003184,2026-08-24T15:36:06.220,horizontal,24.04,26.54,1,1,0.7095492258696663,TempBand+Watershed+Merge+ClustSml+ShapeGate+MinPeaks+P-Filter+EquipRej+SkinPrio+Omega+OmScale+OmSplit+OmRot+FarField+GradFarF+Kalman+StaticSup,horizontal best
cap_003185,2026-08-24T15:36:06.317,horizontal,24.02,26.52,1,1,0.7095492258696663,TempBand+Watershed+Merge+ClustSml+ShapeGate+MinPeaks+P-Filter+EquipRej+SkinPrio+Omega+OmScale+OmSplit+OmRot+FarField+GradFarF+Kalman+StaticSup,horizontal best
cap_003186,2026-08-24T15:36:06.450,horizontal,24.02,26.52,1,1,0.7095492258696663,TempBand+Watershed+Merge+ClustSml+ShapeGate+MinPeaks+P-Filter+EquipRej+SkinPrio+Omega+OmScale+OmSplit+OmRot+FarField+GradFarF+Kalman+StaticSup,horizontal best
cap_003187,2026-08-24T15:36:06.540,horizontal,24.02,26.52,1,1,0.7095492258696663,TempBand+Watershed+Merge+ClustSml+ShapeGate+MinPeaks+P-Filter+EquipRej+SkinPrio+Omega+OmScale+OmSplit+OmRot+FarField+GradFarF+Kalman+StaticSup,horizontal best
cap_003188,2026-08-24T15:36:06.669,horizontal,24.00,26.50,1,1,0.7095492258696663,TempBand+Watershed+Merge+ClustSml+ShapeGate+MinPeaks+P-Filter+EquipRej+SkinPrio+Omega+OmScale+OmSplit+OmRot+FarField+GradFarF+Kalman+StaticSup,horizontal best
cap_003189,2026-08-24T15:36:06.765,horizontal,24.02,26.52,1,1,0.7095492258696663,TempBand+Watershed+Merge+ClustSml+ShapeGate+MinPeaks+P-Filter+EquipRej+SkinPrio+Omega+OmScale+OmSplit+OmRot+FarField+GradFarF+Kalman+StaticSup,horizontal best
cap_003190,2026-08-24T15:36:06.891,horizontal,24.00,26.50,1,1,0.738664467660672,TempBand+Watershed+Merge+ClustSml+ShapeGate+MinPeaks+P-Filter+EquipRej+SkinPrio+Omega+OmScale+OmSplit+OmRot+FarField+GradFarF+Kalman+StaticSup,horizontal best
cap_003191,2026-08-24T15:36:07.017,horizontal,24.00,26.50,1,1,0.7548396019890073,TempBand+Watershed+Merge+ClustSml+ShapeGate+MinPeaks+P-Filter+EquipRej+SkinPrio+Omega+OmScale+OmSplit+OmRot+FarField+GradFarF+Kalman+StaticSup,horizontal best
cap_003192,2026-08-24T15:36:07.116,horizontal,24.02,26.52,1,1,0.7548396019890073,TempBand+Watershed+Merge+ClustSml+ShapeGate+MinPeaks+P-Filter+EquipRej+SkinPrio+Omega+OmScale+OmSplit+OmRot+FarField+GradFarF+Kalman+StaticSup,horizontal best
cap_003193,2026-08-24T15:36:07.243,horizontal,24.02,26.52,1,1,0.7548396019890073,TempBand+Watershed+Merge+ClustSml+ShapeGate+MinPeaks+P-Filter+EquipRej+SkinPrio+Omega+OmScale+OmSplit+OmRot+FarField+GradFarF+Kalman+StaticSup,horizontal best
cap_003194,2026-08-24T15:36:07.339,horizontal,24.02,26.52,1,1,0.7548396019890073,TempBand+Watershed+Merge+ClustSml+ShapeGate+MinPeaks+P-Filter+EquipRej+SkinPrio+Omega+OmScale+OmSplit+OmRot+FarField+GradFarF+Kalman+StaticSup,horizontal best
cap_003195,2026-08-24T15:36:07.472,horizontal,24.02,26.52,1,0,0.0,TempBand+Watershed+Merge+ClustSml+ShapeGate+MinPeaks+P-Filter+EquipRej+SkinPrio+Omega+OmScale+OmSplit+OmRot+FarField+GradFarF+Kalman+StaticSup,horizontal best
cap_003196,2026-08-24T15:36:07.565,horizontal,24.00,26.50,1,0,0.0,TempBand+Watershed+Merge+ClustSml+ShapeGate+MinPeaks+P-Filter+EquipRej+SkinPrio+Omega+OmScale+OmSplit+OmRot+FarField+GradFarF+Kalman+StaticSup,horizontal best
cap_003197,2026-08-24T15:36:07.691,horizontal,24.00,26.50,2,0,0.0,TempBand+Watershed+Merge+ClustSml+ShapeGate+MinPeaks+P-Filter+EquipRej+SkinPrio+Omega+OmScale+OmSplit+OmRot+FarField+GradFarF+Kalman+StaticSup,horizontal best
cap_003198,2026-08-24T15:36:07.791,horizontal,24.00,26.50,2,0,0.0,TempBand+Watershed+Merge+ClustSml+ShapeGate+MinPeaks+P-Filter+EquipRej+SkinPrio+Omega+OmScale+OmSplit+OmRot+FarField+GradFarF+Kalman+StaticSup,horizontal best
cap_003199,2026-08-24T15:36:07.916,horizontal,24.00,26.50,2,0,0.0,TempBand+Watershed+Merge+ClustSml+ShapeGate+MinPeaks+P-Filter+EquipRej+SkinPrio+Omega+OmScale+OmSplit+OmRot+FarField+GradFarF+Kalman+StaticSup,horizontal best
cap_003200,2026-08-24T15:36:08.046,horizontal,24.00,26.50,2,0,0.0,TempBand+Watershed+Merge+ClustSml+ShapeGate+MinPeaks+P-Filter+EquipRej+SkinPrio+Omega+OmScale+OmSplit+OmRot+FarField+GradFarF+Kalman+StaticSup,horizontal best
cap_003201,2026-08-24T15:36:08.140,horizontal,23.98,26.48,2,0,0.0,TempBand+Watershed+Merge+ClustSml+ShapeGate+MinPeaks+P-Filter+EquipRej+SkinPrio+Omega+OmScale+OmSplit+OmRot+FarField+GradFarF+Kalman+StaticSup,horizontal best
cap_003202,2026-08-24T15:36:08.271,horizontal,23.95,26.45,2,0,0.0,TempBand+Watershed+Merge+ClustSml+ShapeGate+MinPeaks+P-Filter+EquipRej+SkinPrio+Omega+OmScale+OmSplit+OmRot+FarField+GradFarF+Kalman+StaticSup,horizontal best
cap_003203,2026-08-24T15:36:08.368,horizontal,23.95,26.45,2,0,0.0,TempBand+Watershed+Merge+ClustSml+ShapeGate+MinPeaks+P-Filter+EquipRej+SkinPrio+Omega+OmScale+OmSplit+OmRot+FarField+GradFarF+Kalman+StaticSup,horizontal best
cap_003204,2026-08-24T15:36:08.494,horizontal,23.95,26.45,2,0,0.0,TempBand+Watershed+Merge+ClustSml+ShapeGate+MinPeaks+P-Filter+EquipRej+SkinPrio+Omega+OmScale+OmSplit+OmRot+FarField+GradFarF+Kalman+StaticSup,horizontal best
cap_003205,2026-08-24T15:36:08.587,horizontal,23.95,26.45,2,0,0.0,TempBand+Watershed+Merge+ClustSml+ShapeGate+MinPeaks+P-Filter+EquipRej+SkinPrio+Omega+OmScale+OmSplit+OmRot+FarField+GradFarF+Kalman+StaticSup,horizontal best
cap_003206,2026-08-24T15:36:08.721,horizontal,23.95,26.45,2,0,0.0,TempBand+Watershed+Merge+ClustSml+ShapeGate+MinPeaks+P-Filter+EquipRej+SkinPrio+Omega+OmScale+OmSplit+OmRot+FarField+GradFarF+Kalman+StaticSup,horizontal best
cap_003207,2026-08-24T15:36:08.842,horizontal,23.95,26.45,2,0,0.0,TempBand+Watershed+Merge+ClustSml+ShapeGate+MinPeaks+P-Filter+EquipRej+SkinPrio+Omega+OmScale+OmSplit+OmRot+FarField+GradFarF+Kalman+StaticSup,horizontal best
cap_003208,2026-08-24T15:36:08.946,horizontal,23.93,26.43,2,0,0.0,TempBand+Watershed+Merge+ClustSml+ShapeGate+MinPeaks+P-Filter+EquipRej+SkinPrio+Omega+OmScale+OmSplit+OmRot+FarField+GradFarF+Kalman+StaticSup,horizontal best
cap_003209,2026-08-24T15:36:09.064,horizontal,23.93,26.43,2,0,0.0,TempBand+Watershed+Merge+ClustSml+ShapeGate+MinPeaks+P-Filter+EquipRej+SkinPrio+Omega+OmScale+OmSplit+OmRot+FarField+GradFarF+Kalman+StaticSup,horizontal best
cap_003210,2026-08-24T15:36:09.163,horizontal,23.93,26.43,2,0,0.0,TempBand+Watershed+Merge+ClustSml+ShapeGate+MinPeaks+P-Filter+EquipRej+SkinPrio+Omega+OmScale+OmSplit+OmRot+FarField+GradFarF+Kalman+StaticSup,horizontal best
cap_003211,2026-08-24T15:36:09.294,horizontal,23.91,26.41,2,0,0.0,TempBand+Watershed+Merge+ClustSml+ShapeGate+MinPeaks+P-Filter+EquipRej+SkinPrio+Omega+OmScale+OmSplit+OmRot+FarField+GradFarF+Kalman+StaticSup,horizontal best
cap_003212,2026-08-24T15:36:09.390,horizontal,23.91,26.41,2,0,0.0,TempBand+Watershed+Merge+ClustSml+ShapeGate+MinPeaks+P-Filter+EquipRej+SkinPrio+Omega+OmScale+OmSplit+OmRot+FarField+GradFarF+Kalman+StaticSup,horizontal best
cap_003213,2026-08-24T15:36:09.521,horizontal,23.91,26.41,2,0,0.0,TempBand+Watershed+Merge+ClustSml+ShapeGate+MinPeaks+P-Filter+EquipRej+SkinPrio+Omega+OmScale+OmSplit+OmRot+FarField+GradFarF+Kalman+StaticSup,horizontal best
cap_003214,2026-08-24T15:36:09.622,horizontal,23.88,26.38,2,0,0.0,TempBand+Watershed+Merge+ClustSml+ShapeGate+MinPeaks+P-Filter+EquipRej+SkinPrio+Omega+OmScale+OmSplit+OmRot+FarField+GradFarF+Kalman+StaticSup,horizontal best
cap_003215,2026-08-24T15:36:09.747,horizontal,23.88,26.38,2,0,0.0,TempBand+Watershed+Merge+ClustSml+ShapeGate+MinPeaks+P-Filter+EquipRej+SkinPrio+Omega+OmScale+OmSplit+OmRot+FarField+GradFarF+Kalman+StaticSup,horizontal best
cap_003216,2026-08-24T15:36:09.890,horizontal,23.88,26.38,2,0,0.0,TempBand+Watershed+Merge+ClustSml+ShapeGate+MinPeaks+P-Filter+EquipRej+SkinPrio+Omega+OmScale+OmSplit+OmRot+FarField+GradFarF+Kalman+StaticSup,horizontal best
cap_003217,2026-08-24T15:36:09.963,horizontal,23.88,26.38,1,1,0.9947837965122096,TempBand+Watershed+Merge+ClustSml+ShapeGate+MinPeaks+P-Filter+EquipRej+SkinPrio+Omega+OmScale+OmSplit+OmRot+FarField+GradFarF+Kalman+StaticSup,horizontal best
cap_003218,2026-08-24T15:36:10.091,horizontal,23.86,26.36,1,1,0.9947837965122096,TempBand+Watershed+Merge+ClustSml+ShapeGate+MinPeaks+P-Filter+EquipRej+SkinPrio+Omega+OmScale+OmSplit+OmRot+FarField+GradFarF+Kalman+StaticSup,horizontal best
cap_003219,2026-08-24T15:36:10.187,horizontal,23.86,26.36,1,1,0.9259141490613635,TempBand+Watershed+Merge+ClustSml+ShapeGate+MinPeaks+P-Filter+EquipRej+SkinPrio+Omega+OmScale+OmSplit+OmRot+FarField+GradFarF+Kalman+StaticSup,horizontal best
cap_003220,2026-08-24T15:36:10.318,horizontal,23.91,26.41,1,1,0.9235259271499181,TempBand+Watershed+Merge+ClustSml+ShapeGate+MinPeaks+P-Filter+EquipRej+SkinPrio+Omega+OmScale+OmSplit+OmRot+FarField+GradFarF+Kalman+StaticSup,horizontal best
cap_003221,2026-08-24T15:36:10.413,horizontal,23.93,26.43,1,1,0.9235259271499181,TempBand+Watershed+Merge+ClustSml+ShapeGate+MinPeaks+P-Filter+EquipRej+SkinPrio+Omega+OmScale+OmSplit+OmRot+FarField+GradFarF+Kalman+StaticSup,horizontal best
cap_003222,2026-08-24T15:36:10.545,horizontal,23.95,26.45,1,1,0.794067384883047,TempBand+Watershed+Merge+ClustSml+ShapeGate+MinPeaks+P-Filter+EquipRej+SkinPrio+Omega+OmScale+OmSplit+OmRot+FarField+GradFarF+Kalman+StaticSup,horizontal best
cap_003223,2026-08-24T15:36:10.669,horizontal,23.98,26.48,2,0,0.0,TempBand+Watershed+Merge+ClustSml+ShapeGate+MinPeaks+P-Filter+EquipRej+SkinPrio+Omega+OmScale+OmSplit+OmRot+FarField+GradFarF+Kalman+StaticSup,horizontal best
cap_003224,2026-08-24T15:36:10.764,horizontal,23.98,26.48,2,0,0.0,TempBand+Watershed+Merge+ClustSml+ShapeGate+MinPeaks+P-Filter+EquipRej+SkinPrio+Omega+OmScale+OmSplit+OmRot+FarField+GradFarF+Kalman+StaticSup,horizontal best
cap_003225,2026-08-24T15:36:10.893,horizontal,23.98,26.48,2,0,0.0,TempBand+Watershed+Merge+ClustSml+ShapeGate+MinPeaks+P-Filter+EquipRej+SkinPrio+Omega+OmScale+OmSplit+OmRot+FarField+GradFarF+Kalman+StaticSup,horizontal best
cap_003226,2026-08-24T15:36:10.987,horizontal,24.00,26.50,2,0,0.0,TempBand+Watershed+Merge+ClustSml+ShapeGate+MinPeaks+P-Filter+EquipRej+SkinPrio+Omega+OmScale+OmSplit+OmRot+FarField+GradFarF+Kalman+StaticSup,horizontal best
cap_003227,2026-08-24T15:36:11.122,horizontal,23.98,26.48,2,0,0.0,TempBand+Watershed+Merge+ClustSml+ShapeGate+MinPeaks+P-Filter+EquipRej+SkinPrio+Omega+OmScale+OmSplit+OmRot+FarField+GradFarF+Kalman+StaticSup,horizontal best
cap_003228,2026-08-24T15:36:11.221,horizontal,23.98,26.48,2,0,0.0,TempBand+Watershed+Merge+ClustSml+ShapeGate+MinPeaks+P-Filter+EquipRej+SkinPrio+Omega+OmScale+OmSplit+OmRot+FarField+GradFarF+Kalman+StaticSup,horizontal best
cap_003229,2026-08-24T15:36:11.338,horizontal,23.98,26.48,2,0,0.0,TempBand+Watershed+Merge+ClustSml+ShapeGate+MinPeaks+P-Filter+EquipRej+SkinPrio+Omega+OmScale+OmSplit+OmRot+FarField+GradFarF+Kalman+StaticSup,horizontal best
cap_003230,2026-08-24T15:36:11.437,horizontal,23.95,26.45,2,0,0.0,TempBand+Watershed+Merge+ClustSml+ShapeGate+MinPeaks+P-Filter+EquipRej+SkinPrio+Omega+OmScale+OmSplit+OmRot+FarField+GradFarF+Kalman+StaticSup,horizontal best
cap_003231,2026-08-24T15:36:11.571,horizontal,23.95,26.45,2,0,0.0,TempBand+Watershed+Merge+ClustSml+ShapeGate+MinPeaks+P-Filter+EquipRej+SkinPrio+Omega+OmScale+OmSplit+OmRot+FarField+GradFarF+Kalman+StaticSup,horizontal best
cap_003232,2026-08-24T15:36:11.689,horizontal,23.95,26.45,2,0,0.0,TempBand+Watershed+Merge+ClustSml+ShapeGate+MinPeaks+P-Filter+EquipRej+SkinPrio+Omega+OmScale+OmSplit+OmRot+FarField+GradFarF+Kalman+StaticSup,horizontal best
cap_003233,2026-08-24T15:36:11.786,horizontal,23.95,26.45,2,0,0.0,TempBand+Watershed+Merge+ClustSml+ShapeGate+MinPeaks+P-Filter+EquipRej+SkinPrio+Omega+OmScale+OmSplit+OmRot+FarField+GradFarF+Kalman+StaticSup,horizontal best
cap_003234,2026-08-24T15:36:11.912,horizontal,23.95,26.45,2,0,0.0,TempBand+Watershed+Merge+ClustSml+ShapeGate+MinPeaks+P-Filter+EquipRej+SkinPrio+Omega+OmScale+OmSplit+OmRot+FarField+GradFarF+Kalman+StaticSup,horizontal best
cap_003235,2026-08-24T15:36:12.016,horizontal,23.95,26.45,2,0,0.0,TempBand+Watershed+Merge+ClustSml+ShapeGate+MinPeaks+P-Filter+EquipRej+SkinPrio+Omega+OmScale+OmSplit+OmRot+FarField+GradFarF+Kalman+StaticSup,horizontal best
cap_003236,2026-08-24T15:36:12.143,horizontal,23.95,26.45,2,0,0.0,TempBand+Watershed+Merge+ClustSml+ShapeGate+MinPeaks+P-Filter+EquipRej+SkinPrio+Omega+OmScale+OmSplit+OmRot+FarField+GradFarF+Kalman+StaticSup,horizontal best
cap_003237,2026-08-24T15:36:12.242,horizontal,23.93,26.43,2,0,0.0,TempBand+Watershed+Merge+ClustSml+ShapeGate+MinPeaks+P-Filter+EquipRej+SkinPrio+Omega+OmScale+OmSplit+OmRot+FarField+GradFarF+Kalman+StaticSup,horizontal best
cap_003238,2026-08-24T15:36:12.370,horizontal,23.91,26.41,2,0,0.0,TempBand+Watershed+Merge+ClustSml+ShapeGate+MinPeaks+P-Filter+EquipRej+SkinPrio+Omega+OmScale+OmSplit+OmRot+FarField+GradFarF+Kalman+StaticSup,horizontal best
cap_003239,2026-08-24T15:36:12.498,horizontal,23.88,26.38,2,0,0.0,TempBand+Watershed+Merge+ClustSml+ShapeGate+MinPeaks+P-Filter+EquipRej+SkinPrio+Omega+OmScale+OmSplit+OmRot+FarField+GradFarF+Kalman+StaticSup,horizontal best
cap_003240,2026-08-24T15:36:12.594,horizontal,23.88,26.38,2,0,0.0,TempBand+Watershed+Merge+ClustSml+ShapeGate+MinPeaks+P-Filter+EquipRej+SkinPrio+Omega+OmScale+OmSplit+OmRot+FarField+GradFarF+Kalman+StaticSup,horizontal best
cap_003241,2026-08-24T15:36:12.715,horizontal,23.88,26.38,2,0,0.0,TempBand+Watershed+Merge+ClustSml+ShapeGate+MinPeaks+P-Filter+EquipRej+SkinPrio+Omega+OmScale+OmSplit+OmRot+FarField+GradFarF+Kalman+StaticSup,horizontal best
cap_003242,2026-08-24T15:36:12.809,horizontal,23.88,26.38,2,0,0.0,TempBand+Watershed+Merge+ClustSml+ShapeGate+MinPeaks+P-Filter+EquipRej+SkinPrio+Omega+OmScale+OmSplit+OmRot+FarField+GradFarF+Kalman+StaticSup,horizontal best
cap_003243,2026-08-24T15:36:12.939,horizontal,23.88,26.38,2,0,0.0,TempBand+Watershed+Merge+ClustSml+ShapeGate+MinPeaks+P-Filter+EquipRej+SkinPrio+Omega+OmScale+OmSplit+OmRot+FarField+GradFarF+Kalman+StaticSup,horizontal best
cap_003244,2026-08-24T15:36:13.034,horizontal,23.88,26.38,2,0,0.0,TempBand+Watershed+Merge+ClustSml+ShapeGate+MinPeaks+P-Filter+EquipRej+SkinPrio+Omega+OmScale+OmSplit+OmRot+FarField+GradFarF+Kalman+StaticSup,horizontal best
cap_003245,2026-08-24T15:36:13.162,horizontal,23.88,26.38,2,0,0.0,TempBand+Watershed+Merge+ClustSml+ShapeGate+MinPeaks+P-Filter+EquipRej+SkinPrio+Omega+OmScale+OmSplit+OmRot+FarField+GradFarF+Kalman+StaticSup,horizontal best
cap_003246,2026-08-24T15:36:13.258,horizontal,23.86,26.36,2,0,0.0,TempBand+Watershed+Merge+ClustSml+ShapeGate+MinPeaks+P-Filter+EquipRej+SkinPrio+Omega+OmScale+OmSplit+OmRot+FarField+GradFarF+Kalman+StaticSup,horizontal best
cap_003247,2026-08-24T15:36:13.395,horizontal,23.86,26.36,2,0,0.0,TempBand+Watershed+Merge+ClustSml+ShapeGate+MinPeaks+P-Filter+EquipRej+SkinPrio+Omega+OmScale+OmSplit+OmRot+FarField+GradFarF+Kalman+StaticSup,horizontal best
cap_003248,2026-08-24T15:36:13.519,horizontal,23.88,26.38,2,0,0.0,TempBand+Watershed+Merge+ClustSml+ShapeGate+MinPeaks+P-Filter+EquipRej+SkinPrio+Omega+OmScale+OmSplit+OmRot+FarField+GradFarF+Kalman+StaticSup,horizontal best
cap_003249,2026-08-24T15:36:13.616,horizontal,23.88,26.38,2,0,0.0,TempBand+Watershed+Merge+ClustSml+ShapeGate+MinPeaks+P-Filter+EquipRej+SkinPrio+Omega+OmScale+OmSplit+OmRot+FarField+GradFarF+Kalman+StaticSup,horizontal best
cap_003250,2026-08-24T15:36:13.742,horizontal,23.86,26.36,2,0,0.0,TempBand+Watershed+Merge+ClustSml+ShapeGate+MinPeaks+P-Filter+EquipRej+SkinPrio+Omega+OmScale+OmSplit+OmRot+FarField+GradFarF+Kalman+StaticSup,horizontal best
cap_003251,2026-08-24T15:36:13.833,horizontal,23.86,26.36,2,0,0.0,TempBand+Watershed+Merge+ClustSml+ShapeGate+MinPeaks+P-Filter+EquipRej+SkinPrio+Omega+OmScale+OmSplit+OmRot+FarField+GradFarF+Kalman+StaticSup,horizontal best
cap_003252,2026-08-24T15:36:13.963,horizontal,23.86,26.36,1,1,0.9195508909046971,TempBand+Watershed+Merge+ClustSml+ShapeGate+MinPeaks+P-Filter+EquipRej+SkinPrio+Omega+OmScale+OmSplit+OmRot+FarField+GradFarF+Kalman+StaticSup,horizontal best
cap_003253,2026-08-24T15:36:14.057,horizontal,23.84,26.34,2,0,0.0,TempBand+Watershed+Merge+ClustSml+ShapeGate+MinPeaks+P-Filter+EquipRej+SkinPrio+Omega+OmScale+OmSplit+OmRot+FarField+GradFarF+Kalman+StaticSup,horizontal best
cap_003254,2026-08-24T15:36:14.196,horizontal,23.84,26.34,2,0,0.0,TempBand+Watershed+Merge+ClustSml+ShapeGate+MinPeaks+P-Filter+EquipRej+SkinPrio+Omega+OmScale+OmSplit+OmRot+FarField+GradFarF+Kalman+StaticSup,horizontal best
cap_003255,2026-08-24T15:36:14.288,horizontal,23.84,26.34,2,0,0.0,TempBand+Watershed+Merge+ClustSml+ShapeGate+MinPeaks+P-Filter+EquipRej+SkinPrio+Omega+OmScale+OmSplit+OmRot+FarField+GradFarF+Kalman+StaticSup,horizontal best
cap_003256,2026-08-24T15:36:14.419,horizontal,23.84,26.34,2,0,0.0,TempBand+Watershed+Merge+ClustSml+ShapeGate+MinPeaks+P-Filter+EquipRej+SkinPrio+Omega+OmScale+OmSplit+OmRot+FarField+GradFarF+Kalman+StaticSup,horizontal best
cap_003257,2026-08-24T15:36:14.542,horizontal,23.81,26.31,2,0,0.0,TempBand+Watershed+Merge+ClustSml+ShapeGate+MinPeaks+P-Filter+EquipRej+SkinPrio+Omega+OmScale+OmSplit+OmRot+FarField+GradFarF+Kalman+StaticSup,horizontal best
cap_003258,2026-08-24T15:36:14.642,horizontal,23.81,26.31,2,0,0.0,TempBand+Watershed+Merge+ClustSml+ShapeGate+MinPeaks+P-Filter+EquipRej+SkinPrio+Omega+OmScale+OmSplit+OmRot+FarField+GradFarF+Kalman+StaticSup,horizontal best
cap_003259,2026-08-24T15:36:14.778,horizontal,23.81,26.31,2,0,0.0,TempBand+Watershed+Merge+ClustSml+ShapeGate+MinPeaks+P-Filter+EquipRej+SkinPrio+Omega+OmScale+OmSplit+OmRot+FarField+GradFarF+Kalman+StaticSup,horizontal best
cap_003260,2026-08-24T15:36:14.866,horizontal,23.79,26.29,2,0,0.0,TempBand+Watershed+Merge+ClustSml+ShapeGate+MinPeaks+P-Filter+EquipRej+SkinPrio+Omega+OmScale+OmSplit+OmRot+FarField+GradFarF+Kalman+StaticSup,horizontal best
cap_003261,2026-08-24T15:36:14.985,horizontal,23.79,26.29,2,0,0.0,TempBand+Watershed+Merge+ClustSml+ShapeGate+MinPeaks+P-Filter+EquipRej+SkinPrio+Omega+OmScale+OmSplit+OmRot+FarField+GradFarF+Kalman+StaticSup,horizontal best
cap_003262,2026-08-24T15:36:15.082,horizontal,23.77,26.27,1,1,0.9220876737273597,TempBand+Watershed+Merge+ClustSml+ShapeGate+MinPeaks+P-Filter+EquipRej+SkinPrio+Omega+OmScale+OmSplit+OmRot+FarField+GradFarF+Kalman+StaticSup,horizontal best
cap_003263,2026-08-24T15:36:15.212,horizontal,23.77,26.27,1,1,0.9220876737273597,TempBand+Watershed+Merge+ClustSml+ShapeGate+MinPeaks+P-Filter+EquipRej+SkinPrio+Omega+OmScale+OmSplit+OmRot+FarField+GradFarF+Kalman+StaticSup,horizontal best
cap_003264,2026-08-24T15:36:15.343,horizontal,23.79,26.29,1,1,0.8685112022158334,TempBand+Watershed+Merge+ClustSml+ShapeGate+MinPeaks+P-Filter+EquipRej+SkinPrio+Omega+OmScale+OmSplit+OmRot+FarField+GradFarF+Kalman+StaticSup,horizontal best
cap_003265,2026-08-24T15:36:15.440,horizontal,23.79,26.29,1,1,0.8060537492484541,TempBand+Watershed+Merge+ClustSml+ShapeGate+MinPeaks+P-Filter+EquipRej+SkinPrio+Omega+OmScale+OmSplit+OmRot+FarField+GradFarF+Kalman+StaticSup,horizontal best
cap_003266,2026-08-24T15:36:15.566,horizontal,23.84,26.34,2,0,0.0,TempBand+Watershed+Merge+ClustSml+ShapeGate+MinPeaks+P-Filter+EquipRej+SkinPrio+Omega+OmScale+OmSplit+OmRot+FarField+GradFarF+Kalman+StaticSup,horizontal best
cap_003267,2026-08-24T15:36:15.660,horizontal,23.88,26.38,2,0,0.0,TempBand+Watershed+Merge+ClustSml+ShapeGate+MinPeaks+P-Filter+EquipRej+SkinPrio+Omega+OmScale+OmSplit+OmRot+FarField+GradFarF+Kalman+StaticSup,horizontal best
cap_003268,2026-08-24T15:36:15.790,horizontal,23.91,26.41,2,0,0.0,TempBand+Watershed+Merge+ClustSml+ShapeGate+MinPeaks+P-Filter+EquipRej+SkinPrio+Omega+OmScale+OmSplit+OmRot+FarField+GradFarF+Kalman+StaticSup,horizontal best
cap_003269,2026-08-24T15:36:15.882,horizontal,23.91,26.41,2,0,0.0,TempBand+Watershed+Merge+ClustSml+ShapeGate+MinPeaks+P-Filter+EquipRej+SkinPrio+Omega+OmScale+OmSplit+OmRot+FarField+GradFarF+Kalman+StaticSup,horizontal best
cap_003270,2026-08-24T15:36:16.012,horizontal,23.91,26.41,2,0,0.0,TempBand+Watershed+Merge+ClustSml+ShapeGate+MinPeaks+P-Filter+EquipRej+SkinPrio+Omega+OmScale+OmSplit+OmRot+FarField+GradFarF+Kalman+StaticSup,horizontal best
cap_003271,2026-08-24T15:36:16.109,horizontal,23.91,26.41,2,0,0.0,TempBand+Watershed+Merge+ClustSml+ShapeGate+MinPeaks+P-Filter+EquipRej+SkinPrio+Omega+OmScale+OmSplit+OmRot+FarField+GradFarF+Kalman+StaticSup,horizontal best
cap_003272,2026-08-24T15:36:16.239,horizontal,23.91,26.41,2,0,0.0,TempBand+Watershed+Merge+ClustSml+ShapeGate+MinPeaks+P-Filter+EquipRej+SkinPrio+Omega+OmScale+OmSplit+OmRot+FarField+GradFarF+Kalman+StaticSup,horizontal best
cap_003273,2026-08-24T15:36:16.371,horizontal,23.91,26.41,2,0,0.0,TempBand+Watershed+Merge+ClustSml+ShapeGate+MinPeaks+P-Filter+EquipRej+SkinPrio+Omega+OmScale+OmSplit+OmRot+FarField+GradFarF+Kalman+StaticSup,horizontal best
cap_003274,2026-08-24T15:36:16.464,horizontal,23.91,26.41,2,0,0.0,TempBand+Watershed+Merge+ClustSml+ShapeGate+MinPeaks+P-Filter+EquipRej+SkinPrio+Omega+OmScale+OmSplit+OmRot+FarField+GradFarF+Kalman+StaticSup,horizontal best
cap_003275,2026-08-24T15:36:16.595,horizontal,23.91,26.41,2,0,0.0,TempBand+Watershed+Merge+ClustSml+ShapeGate+MinPeaks+P-Filter+EquipRej+SkinPrio+Omega+OmScale+OmSplit+OmRot+FarField+GradFarF+Kalman+StaticSup,horizontal best
cap_003276,2026-08-24T15:36:16.687,horizontal,23.91,26.41,3,1,0.7050699579018197,TempBand+Watershed+Merge+ClustSml+ShapeGate+MinPeaks+P-Filter+EquipRej+SkinPrio+Omega+OmScale+OmSplit+OmRot+FarField+GradFarF+Kalman+StaticSup,horizontal best
cap_003277,2026-08-24T15:36:16.816,horizontal,23.91,26.41,3,0,0.0,TempBand+Watershed+Merge+ClustSml+ShapeGate+MinPeaks+P-Filter+EquipRej+SkinPrio+Omega+OmScale+OmSplit+OmRot+FarField+GradFarF+Kalman+StaticSup,horizontal best
cap_003278,2026-08-24T15:36:16.912,horizontal,23.93,26.43,3,0,0.0,TempBand+Watershed+Merge+ClustSml+ShapeGate+MinPeaks+P-Filter+EquipRej+SkinPrio+Omega+OmScale+OmSplit+OmRot+FarField+GradFarF+Kalman+StaticSup,horizontal best
cap_003279,2026-08-24T15:36:17.040,horizontal,23.93,26.43,3,1,0.7324329187604656,TempBand+Watershed+Merge+ClustSml+ShapeGate+MinPeaks+P-Filter+EquipRej+SkinPrio+Omega+OmScale+OmSplit+OmRot+FarField+GradFarF+Kalman+StaticSup,horizontal best
cap_003280,2026-08-24T15:36:17.169,horizontal,23.95,26.45,3,1,0.7856373565043744,TempBand+Watershed+Merge+ClustSml+ShapeGate+MinPeaks+P-Filter+EquipRej+SkinPrio+Omega+OmScale+OmSplit+OmRot+FarField+GradFarF+Kalman+StaticSup,horizontal best
cap_003281,2026-08-24T15:36:17.265,horizontal,23.95,26.45,3,1,0.6974619688298322,TempBand+Watershed+Merge+ClustSml+ShapeGate+MinPeaks+P-Filter+EquipRej+SkinPrio+Omega+OmScale+OmSplit+OmRot+FarField+GradFarF+Kalman+StaticSup,horizontal best
cap_003282,2026-08-24T15:36:17.397,horizontal,23.98,26.48,3,1,0.5728895000326161,TempBand+Watershed+Merge+ClustSml+ShapeGate+MinPeaks+P-Filter+EquipRej+SkinPrio+Omega+OmScale+OmSplit+OmRot+FarField+GradFarF+Kalman+StaticSup,horizontal best
cap_003283,2026-08-24T15:36:17.489,horizontal,23.98,26.48,3,1,0.34365521171753294,TempBand+Watershed+Merge+ClustSml+ShapeGate+MinPeaks+P-Filter+EquipRej+SkinPrio+Omega+OmScale+OmSplit+OmRot+FarField+GradFarF+Kalman+StaticSup,horizontal best
cap_003284,2026-08-24T15:36:17.620,horizontal,24.02,26.52,3,1,0.18408747877386133,TempBand+Watershed+Merge+ClustSml+ShapeGate+MinPeaks+P-Filter+EquipRej+SkinPrio+Omega+OmScale+OmSplit+OmRot+FarField+GradFarF+Kalman+StaticSup,horizontal best
cap_003285,2026-08-24T15:36:17.713,horizontal,24.00,26.50,3,1,0.05134108771834991,TempBand+Watershed+Merge+ClustSml+ShapeGate+MinPeaks+P-Filter+EquipRej+SkinPrio+Omega+OmScale+OmSplit+OmRot+FarField+GradFarF+Kalman+StaticSup,horizontal best
cap_003286,2026-08-24T15:36:17.840,horizontal,24.00,26.50,3,2,0.8975871713671383,TempBand+Watershed+Merge+ClustSml+ShapeGate+MinPeaks+P-Filter+EquipRej+SkinPrio+Omega+OmScale+OmSplit+OmRot+FarField+GradFarF+Kalman+StaticSup,horizontal best
cap_003287,2026-08-24T15:36:17.936,horizontal,24.00,26.50,3,2,0.8593980407569018,TempBand+Watershed+Merge+ClustSml+ShapeGate+MinPeaks+P-Filter+EquipRej+SkinPrio+Omega+OmScale+OmSplit+OmRot+FarField+GradFarF+Kalman+StaticSup,horizontal best
cap_003288,2026-08-24T15:36:18.065,horizontal,24.00,26.50,3,2,0.8512691109057104,TempBand+Watershed+Merge+ClustSml+ShapeGate+MinPeaks+P-Filter+EquipRej+SkinPrio+Omega+OmScale+OmSplit+OmRot+FarField+GradFarF+Kalman+StaticSup,horizontal best
cap_003289,2026-08-24T15:36:18.194,horizontal,24.00,26.50,3,2,0.8874478654910568,TempBand+Watershed+Merge+ClustSml+ShapeGate+MinPeaks+P-Filter+EquipRej+SkinPrio+Omega+OmScale+OmSplit+OmRot+FarField+GradFarF+Kalman+StaticSup,horizontal best
cap_003290,2026-08-24T15:36:18.288,horizontal,24.04,26.54,3,2,0.8136187093733998,TempBand+Watershed+Merge+ClustSml+ShapeGate+MinPeaks+P-Filter+EquipRej+SkinPrio+Omega+OmScale+OmSplit+OmRot+FarField+GradFarF+Kalman+StaticSup,horizontal best
cap_003291,2026-08-24T15:36:18.424,horizontal,24.04,26.54,2,3,0.9674124898037367,TempBand+Watershed+Merge+ClustSml+ShapeGate+MinPeaks+P-Filter+EquipRej+SkinPrio+Omega+OmScale+OmSplit+OmRot+FarField+GradFarF+Kalman+StaticSup,horizontal best
cap_003292,2026-08-24T15:36:18.517,horizontal,24.04,26.54,2,3,0.9674124898037367,TempBand+Watershed+Merge+ClustSml+ShapeGate+MinPeaks+P-Filter+EquipRej+SkinPrio+Omega+OmScale+OmSplit+OmRot+FarField+GradFarF+Kalman+StaticSup,horizontal best
cap_003293,2026-08-24T15:36:18.644,horizontal,24.04,26.54,3,2,0.9230826742527203,TempBand+Watershed+Merge+ClustSml+ShapeGate+MinPeaks+P-Filter+EquipRej+SkinPrio+Omega+OmScale+OmSplit+OmRot+FarField+GradFarF+Kalman+StaticSup,horizontal best
cap_003294,2026-08-24T15:36:18.738,horizontal,24.00,26.50,3,2,0.8459480065755018,TempBand+Watershed+Merge+ClustSml+ShapeGate+MinPeaks+P-Filter+EquipRej+SkinPrio+Omega+OmScale+OmSplit+OmRot+FarField+GradFarF+Kalman+StaticSup,horizontal best
cap_003295,2026-08-24T15:36:18.867,horizontal,23.98,26.48,2,3,0.9674124898037367,TempBand+Watershed+Merge+ClustSml+ShapeGate+MinPeaks+P-Filter+EquipRej+SkinPrio+Omega+OmScale+OmSplit+OmRot+FarField+GradFarF+Kalman+StaticSup,horizontal best
cap_003296,2026-08-24T15:36:18.992,horizontal,24.00,26.50,3,2,0.9217150211947065,TempBand+Watershed+Merge+ClustSml+ShapeGate+MinPeaks+P-Filter+EquipRej+SkinPrio+Omega+OmScale+OmSplit+OmRot+FarField+GradFarF+Kalman+StaticSup,horizontal best
cap_003297,2026-08-24T15:36:19.090,horizontal,23.98,26.48,2,3,0.9674124898037367,TempBand+Watershed+Merge+ClustSml+ShapeGate+MinPeaks+P-Filter+EquipRej+SkinPrio+Omega+OmScale+OmSplit+OmRot+FarField+GradFarF+Kalman+StaticSup,horizontal best
cap_003298,2026-08-24T15:36:19.218,horizontal,23.95,26.45,3,2,0.8965538728499565,TempBand+Watershed+Merge+ClustSml+ShapeGate+MinPeaks+P-Filter+EquipRej+SkinPrio+Omega+OmScale+OmSplit+OmRot+FarField+GradFarF+Kalman+StaticSup,horizontal best
cap_003299,2026-08-24T15:36:19.313,horizontal,23.95,26.45,3,2,0.7123737339892906,TempBand+Watershed+Merge+ClustSml+ShapeGate+MinPeaks+P-Filter+EquipRej+SkinPrio+Omega+OmScale+OmSplit+OmRot+FarField+GradFarF+Kalman+StaticSup,horizontal best
cap_003300,2026-08-24T15:36:19.446,horizontal,23.95,26.45,2,3,0.9674124898037367,TempBand+Watershed+Merge+ClustSml+ShapeGate+MinPeaks+P-Filter+EquipRej+SkinPrio+Omega+OmScale+OmSplit+OmRot+FarField+GradFarF+Kalman+StaticSup,horizontal best
cap_003301,2026-08-24T15:36:19.535,horizontal,23.93,26.43,2,2,0.9674124898037367,TempBand+Watershed+Merge+ClustSml+ShapeGate+MinPeaks+P-Filter+EquipRej+SkinPrio+Omega+OmScale+OmSplit+OmRot+FarField+GradFarF+Kalman+StaticSup,horizontal best
cap_003302,2026-08-24T15:36:19.670,horizontal,23.93,26.43,3,0,0.0,TempBand+Watershed+Merge+ClustSml+ShapeGate+MinPeaks+P-Filter+EquipRej+SkinPrio+Omega+OmScale+OmSplit+OmRot+FarField+GradFarF+Kalman+StaticSup,horizontal best
cap_003303,2026-08-24T15:36:19.760,horizontal,23.93,26.43,3,0,0.0,TempBand+Watershed+Merge+ClustSml+ShapeGate+MinPeaks+P-Filter+EquipRej+SkinPrio+Omega+OmScale+OmSplit+OmRot+FarField+GradFarF+Kalman+StaticSup,horizontal best
cap_003304,2026-08-24T15:36:19.888,horizontal,23.93,26.43,3,1,0.5813547924606697,TempBand+Watershed+Merge+ClustSml+ShapeGate+MinPeaks+P-Filter+EquipRej+SkinPrio+Omega+OmScale+OmSplit+OmRot+FarField+GradFarF+Kalman+StaticSup,horizontal best
cap_003305,2026-08-24T15:36:20.021,horizontal,23.91,26.41,4,2,0.40009676479975365,TempBand+Watershed+Merge+ClustSml+ShapeGate+MinPeaks+P-Filter+EquipRej+SkinPrio+Omega+OmScale+OmSplit+OmRot+FarField+GradFarF+Kalman+StaticSup,horizontal best
cap_003306,2026-08-24T15:36:20.116,horizontal,23.93,26.43,5,0,0.0,TempBand+Watershed+Merge+ClustSml+ShapeGate+MinPeaks+P-Filter+EquipRej+SkinPrio+Omega+OmScale+OmSplit+OmRot+FarField+GradFarF+Kalman+StaticSup,horizontal best
cap_003307,2026-08-24T15:36:20.243,horizontal,23.93,26.43,4,0,0.0,TempBand+Watershed+Merge+ClustSml+ShapeGate+MinPeaks+P-Filter+EquipRej+SkinPrio+Omega+OmScale+OmSplit+OmRot+FarField+GradFarF+Kalman+StaticSup,horizontal best
cap_003308,2026-08-24T15:36:20.337,horizontal,23.93,26.43,3,2,0.8516041624343681,TempBand+Watershed+Merge+ClustSml+ShapeGate+MinPeaks+P-Filter+EquipRej+SkinPrio+Omega+OmScale+OmSplit+OmRot+FarField+GradFarF+Kalman+StaticSup,horizontal best
cap_003309,2026-08-24T15:36:20.465,horizontal,23.91,26.41,3,2,0.722035158534309,TempBand+Watershed+Merge+ClustSml+ShapeGate+MinPeaks+P-Filter+EquipRej+SkinPrio+Omega+OmScale+OmSplit+OmRot+FarField+GradFarF+Kalman+StaticSup,horizontal best
cap_003310,2026-08-24T15:36:20.564,horizontal,23.91,26.41,2,1,0.999982284737416,TempBand+Watershed+Merge+ClustSml+ShapeGate+MinPeaks+P-Filter+EquipRej+SkinPrio+Omega+OmScale+OmSplit+OmRot+FarField+GradFarF+Kalman+StaticSup,horizontal best
cap_003311,2026-08-24T15:36:20.690,horizontal,23.91,26.41,2,1,0.9556976203863603,TempBand+Watershed+Merge+ClustSml+ShapeGate+MinPeaks+P-Filter+EquipRej+SkinPrio+Omega+OmScale+OmSplit+OmRot+FarField+GradFarF+Kalman+StaticSup,horizontal best
cap_003312,2026-08-24T15:36:20.787,horizontal,23.88,26.38,2,1,0.8431520960855604,TempBand+Watershed+Merge+ClustSml+ShapeGate+MinPeaks+P-Filter+EquipRej+SkinPrio+Omega+OmScale+OmSplit+OmRot+FarField+GradFarF+Kalman+StaticSup,horizontal best
cap_003313,2026-08-24T15:36:20.914,horizontal,23.91,26.41,2,2,0.7789589751976059,TempBand+Watershed+Merge+ClustSml+ShapeGate+MinPeaks+P-Filter+EquipRej+SkinPrio+Omega+OmScale+OmSplit+OmRot+FarField+GradFarF+Kalman+StaticSup,horizontal best
cap_003314,2026-08-24T15:36:21.039,horizontal,23.91,26.41,1,1,0.9219365257307843,TempBand+Watershed+Merge+ClustSml+ShapeGate+MinPeaks+P-Filter+EquipRej+SkinPrio+Omega+OmScale+OmSplit+OmRot+FarField+GradFarF+Kalman+StaticSup,horizontal best
cap_003315,2026-08-24T15:36:21.136,horizontal,23.91,26.41,1,2,0.8926979123699437,TempBand+Watershed+Merge+ClustSml+ShapeGate+MinPeaks+P-Filter+EquipRej+SkinPrio+Omega+OmScale+OmSplit+OmRot+FarField+GradFarF+Kalman+StaticSup,horizontal best
cap_003316,2026-08-24T15:36:21.268,horizontal,23.88,26.38,1,1,0.9414756667046702,TempBand+Watershed+Merge+ClustSml+ShapeGate+MinPeaks+P-Filter+EquipRej+SkinPrio+Omega+OmScale+OmSplit+OmRot+FarField+GradFarF+Kalman+StaticSup,horizontal best
cap_003317,2026-08-24T15:36:21.360,horizontal,23.86,26.36,2,2,0.029711724234504494,TempBand+Watershed+Merge+ClustSml+ShapeGate+MinPeaks+P-Filter+EquipRej+SkinPrio+Omega+OmScale+OmSplit+OmRot+FarField+GradFarF+Kalman+StaticSup,horizontal best
cap_003318,2026-08-24T15:36:21.491,horizontal,23.86,26.36,2,2,0.957424764247493,TempBand+Watershed+Merge+ClustSml+ShapeGate+MinPeaks+P-Filter+EquipRej+SkinPrio+Omega+OmScale+OmSplit+OmRot+FarField+GradFarF+Kalman+StaticSup,horizontal best
cap_003319,2026-08-24T15:36:21.581,horizontal,23.87,26.37,1,1,0.11675207869977905,TempBand+Watershed+Merge+ClustSml+ShapeGate+MinPeaks+P-Filter+EquipRej+SkinPrio+Omega+OmScale+OmSplit+OmRot+FarField+GradFarF+Kalman+StaticSup,horizontal best
cap_003320,2026-08-24T15:36:21.709,horizontal,23.88,26.38,1,1,0.7403031413037161,TempBand+Watershed+Merge+ClustSml+ShapeGate+MinPeaks+P-Filter+EquipRej+SkinPrio+Omega+OmScale+OmSplit+OmRot+FarField+GradFarF+Kalman+StaticSup,horizontal best
cap_003321,2026-08-24T15:36:21.839,horizontal,23.88,26.38,1,1,0.05556708229618082,TempBand+Watershed+Merge+ClustSml+ShapeGate+MinPeaks+P-Filter+EquipRej+SkinPrio+Omega+OmScale+OmSplit+OmRot+FarField+GradFarF+Kalman+StaticSup,horizontal best
cap_003322,2026-08-24T15:36:21.934,horizontal,23.88,26.38,1,1,0.9709543568558925,TempBand+Watershed+Merge+ClustSml+ShapeGate+MinPeaks+P-Filter+EquipRej+SkinPrio+Omega+OmScale+OmSplit+OmRot+FarField+GradFarF+Kalman+StaticSup,horizontal best
cap_003323,2026-08-24T15:36:22.070,horizontal,23.88,26.38,2,1,0.8602120335752548,TempBand+Watershed+Merge+ClustSml+ShapeGate+MinPeaks+P-Filter+EquipRej+SkinPrio+Omega+OmScale+OmSplit+OmRot+FarField+GradFarF+Kalman+StaticSup,horizontal best
cap_003324,2026-08-24T15:36:22.161,horizontal,23.88,26.38,2,2,0.8667931916538772,TempBand+Watershed+Merge+ClustSml+ShapeGate+MinPeaks+P-Filter+EquipRej+SkinPrio+Omega+OmScale+OmSplit+OmRot+FarField+GradFarF+Kalman+StaticSup,horizontal best
cap_003325,2026-08-24T15:36:22.290,horizontal,23.88,26.38,2,1,0.9195902670145941,TempBand+Watershed+Merge+ClustSml+ShapeGate+MinPeaks+P-Filter+EquipRej+SkinPrio+Omega+OmScale+OmSplit+OmRot+FarField+GradFarF+Kalman+StaticSup,horizontal best
cap_003326,2026-08-24T15:36:22.384,horizontal,23.91,26.41,3,0,0.0,TempBand+Watershed+Merge+ClustSml+ShapeGate+MinPeaks+P-Filter+EquipRej+SkinPrio+Omega+OmScale+OmSplit+OmRot+FarField+GradFarF+Kalman+StaticSup,horizontal best
cap_003327,2026-08-24T15:36:22.518,horizontal,23.93,26.43,3,0,0.0,TempBand+Watershed+Merge+ClustSml+ShapeGate+MinPeaks+P-Filter+EquipRej+SkinPrio+Omega+OmScale+OmSplit+OmRot+FarField+GradFarF+Kalman+StaticSup,horizontal best
cap_003328,2026-08-24T15:36:22.609,horizontal,23.93,26.43,3,0,0.0,TempBand+Watershed+Merge+ClustSml+ShapeGate+MinPeaks+P-Filter+EquipRej+SkinPrio+Omega+OmScale+OmSplit+OmRot+FarField+GradFarF+Kalman+StaticSup,horizontal best
cap_003329,2026-08-24T15:36:22.734,horizontal,23.95,26.45,3,0,0.0,TempBand+Watershed+Merge+ClustSml+ShapeGate+MinPeaks+P-Filter+EquipRej+SkinPrio+Omega+OmScale+OmSplit+OmRot+FarField+GradFarF+Kalman+StaticSup,horizontal best
cap_003330,2026-08-24T15:36:22.863,horizontal,23.95,26.45,3,0,0.0,TempBand+Watershed+Merge+ClustSml+ShapeGate+MinPeaks+P-Filter+EquipRej+SkinPrio+Omega+OmScale+OmSplit+OmRot+FarField+GradFarF+Kalman+StaticSup,horizontal best
cap_003331,2026-08-24T15:36:22.958,horizontal,23.95,26.45,3,0,0.0,TempBand+Watershed+Merge+ClustSml+ShapeGate+MinPeaks+P-Filter+EquipRej+SkinPrio+Omega+OmScale+OmSplit+OmRot+FarField+GradFarF+Kalman+StaticSup,horizontal best
cap_003332,2026-08-24T15:36:23.087,horizontal,23.93,26.43,3,0,0.0,TempBand+Watershed+Merge+ClustSml+ShapeGate+MinPeaks+P-Filter+EquipRej+SkinPrio+Omega+OmScale+OmSplit+OmRot+FarField+GradFarF+Kalman+StaticSup,horizontal best
cap_003333,2026-08-24T15:36:23.184,horizontal,23.95,26.45,3,0,0.0,TempBand+Watershed+Merge+ClustSml+ShapeGate+MinPeaks+P-Filter+EquipRej+SkinPrio+Omega+OmScale+OmSplit+OmRot+FarField+GradFarF+Kalman+StaticSup,horizontal best
cap_003334,2026-08-24T15:36:23.312,horizontal,23.95,26.45,3,1,0.8754338832320295,TempBand+Watershed+Merge+ClustSml+ShapeGate+MinPeaks+P-Filter+EquipRej+SkinPrio+Omega+OmScale+OmSplit+OmRot+FarField+GradFarF+Kalman+StaticSup,horizontal best
cap_003335,2026-08-24T15:36:23.409,horizontal,23.95,26.45,3,1,0.7918804671023855,TempBand+Watershed+Merge+ClustSml+ShapeGate+MinPeaks+P-Filter+EquipRej+SkinPrio+Omega+OmScale+OmSplit+OmRot+FarField+GradFarF+Kalman+StaticSup,horizontal best
cap_003336,2026-08-24T15:36:23.543,horizontal,23.93,26.43,3,1,0.795200462849554,TempBand+Watershed+Merge+ClustSml+ShapeGate+MinPeaks+P-Filter+EquipRej+SkinPrio+Omega+OmScale+OmSplit+OmRot+FarField+GradFarF+Kalman+StaticSup,horizontal best
cap_003337,2026-08-24T15:36:23.664,horizontal,23.93,26.43,2,2,0.7869659746768808,TempBand+Watershed+Merge+ClustSml+ShapeGate+MinPeaks+P-Filter+EquipRej+SkinPrio+Omega+OmScale+OmSplit+OmRot+FarField+GradFarF+Kalman+StaticSup,horizontal best
cap_003338,2026-08-24T15:36:23.759,horizontal,23.91,26.41,3,1,0.8748230164751639,TempBand+Watershed+Merge+ClustSml+ShapeGate+MinPeaks+P-Filter+EquipRej+SkinPrio+Omega+OmScale+OmSplit+OmRot+FarField+GradFarF+Kalman+StaticSup,horizontal best
cap_003339,2026-08-24T15:36:23.889,horizontal,23.91,26.41,3,2,0.8332992092775128,TempBand+Watershed+Merge+ClustSml+ShapeGate+MinPeaks+P-Filter+EquipRej+SkinPrio+Omega+OmScale+OmSplit+OmRot+FarField+GradFarF+Kalman+StaticSup,horizontal best
cap_003340,2026-08-24T15:36:23.988,horizontal,23.91,26.41,3,2,0.8748230164751639,TempBand+Watershed+Merge+ClustSml+ShapeGate+MinPeaks+P-Filter+EquipRej+SkinPrio+Omega+OmScale+OmSplit+OmRot+FarField+GradFarF+Kalman+StaticSup,horizontal best
cap_003341,2026-08-24T15:36:24.116,horizontal,23.93,26.43,3,0,0.0,TempBand+Watershed+Merge+ClustSml+ShapeGate+MinPeaks+P-Filter+EquipRej+SkinPrio+Omega+OmScale+OmSplit+OmRot+FarField+GradFarF+Kalman+StaticSup,horizontal best
cap_003342,2026-08-24T15:36:24.207,horizontal,23.93,26.43,3,1,0.9421495068064896,TempBand+Watershed+Merge+ClustSml+ShapeGate+MinPeaks+P-Filter+EquipRej+SkinPrio+Omega+OmScale+OmSplit+OmRot+FarField+GradFarF+Kalman+StaticSup,horizontal best
cap_003343,2026-08-24T15:36:24.339,horizontal,23.91,26.41,3,0,0.0,TempBand+Watershed+Merge+ClustSml+ShapeGate+MinPeaks+P-Filter+EquipRej+SkinPrio+Omega+OmScale+OmSplit+OmRot+FarField+GradFarF+Kalman+StaticSup,horizontal best
cap_003344,2026-08-24T15:36:24.436,horizontal,23.88,26.38,3,0,0.0,TempBand+Watershed+Merge+ClustSml+ShapeGate+MinPeaks+P-Filter+EquipRej+SkinPrio+Omega+OmScale+OmSplit+OmRot+FarField+GradFarF+Kalman+StaticSup,horizontal best
cap_003345,2026-08-24T15:36:24.579,horizontal,23.88,26.38,3,1,0.9684038967983397,TempBand+Watershed+Merge+ClustSml+ShapeGate+MinPeaks+P-Filter+EquipRej+SkinPrio+Omega+OmScale+OmSplit+OmRot+FarField+GradFarF+Kalman+StaticSup,horizontal best
cap_003346,2026-08-24T15:36:24.690,horizontal,23.88,26.38,3,1,0.8362909593029788,TempBand+Watershed+Merge+ClustSml+ShapeGate+MinPeaks+P-Filter+EquipRej+SkinPrio+Omega+OmScale+OmSplit+OmRot+FarField+GradFarF+Kalman+StaticSup,horizontal best
cap_003347,2026-08-24T15:36:24.784,horizontal,23.88,26.38,3,1,0.8509399583683748,TempBand+Watershed+Merge+ClustSml+ShapeGate+MinPeaks+P-Filter+EquipRej+SkinPrio+Omega+OmScale+OmSplit+OmRot+FarField+GradFarF+Kalman+StaticSup,horizontal best
cap_003348,2026-08-24T15:36:24.910,horizontal,23.88,26.38,3,0,0.0,TempBand+Watershed+Merge+ClustSml+ShapeGate+MinPeaks+P-Filter+EquipRej+SkinPrio+Omega+OmScale+OmSplit+OmRot+FarField+GradFarF+Kalman+StaticSup,horizontal best
cap_003349,2026-08-24T15:36:25.015,horizontal,23.86,26.36,3,0,0.0,TempBand+Watershed+Merge+ClustSml+ShapeGate+MinPeaks+P-Filter+EquipRej+SkinPrio+Omega+OmScale+OmSplit+OmRot+FarField+GradFarF+Kalman+StaticSup,horizontal best
cap_003350,2026-08-24T15:36:25.139,horizontal,23.86,26.36,3,1,0.20895779240692092,TempBand+Watershed+Merge+ClustSml+ShapeGate+MinPeaks+P-Filter+EquipRej+SkinPrio+Omega+OmScale+OmSplit+OmRot+FarField+GradFarF+Kalman+StaticSup,horizontal best
cap_003351,2026-08-24T15:36:25.232,horizontal,23.86,26.36,3,0,0.0,TempBand+Watershed+Merge+ClustSml+ShapeGate+MinPeaks+P-Filter+EquipRej+SkinPrio+Omega+OmScale+OmSplit+OmRot+FarField+GradFarF+Kalman+StaticSup,horizontal best
cap_003352,2026-08-24T15:36:25.362,horizontal,23.86,26.36,3,0,0.0,TempBand+Watershed+Merge+ClustSml+ShapeGate+MinPeaks+P-Filter+EquipRej+SkinPrio+Omega+OmScale+OmSplit+OmRot+FarField+GradFarF+Kalman+StaticSup,horizontal best
cap_003353,2026-08-24T15:36:25.458,horizontal,23.86,26.36,3,0,0.0,TempBand+Watershed+Merge+ClustSml+ShapeGate+MinPeaks+P-Filter+EquipRej+SkinPrio+Omega+OmScale+OmSplit+OmRot+FarField+GradFarF+Kalman+StaticSup,horizontal best
cap_003354,2026-08-24T15:36:25.582,horizontal,23.86,26.36,3,1,0.13434686811653282,TempBand+Watershed+Merge+ClustSml+ShapeGate+MinPeaks+P-Filter+EquipRej+SkinPrio+Omega+OmScale+OmSplit+OmRot+FarField+GradFarF+Kalman+StaticSup,horizontal best
cap_003355,2026-08-24T15:36:25.709,horizontal,23.88,26.38,3,0,0.0,TempBand+Watershed+Merge+ClustSml+ShapeGate+MinPeaks+P-Filter+EquipRej+SkinPrio+Omega+OmScale+OmSplit+OmRot+FarField+GradFarF+Kalman+StaticSup,horizontal best
cap_003356,2026-08-24T15:36:25.806,horizontal,23.86,26.36,3,0,0.0,TempBand+Watershed+Merge+ClustSml+ShapeGate+MinPeaks+P-Filter+EquipRej+SkinPrio+Omega+OmScale+OmSplit+OmRot+FarField+GradFarF+Kalman+StaticSup,horizontal best
cap_003357,2026-08-24T15:36:25.941,horizontal,23.84,26.34,3,0,0.0,TempBand+Watershed+Merge+ClustSml+ShapeGate+MinPeaks+P-Filter+EquipRej+SkinPrio+Omega+OmScale+OmSplit+OmRot+FarField+GradFarF+Kalman+StaticSup,horizontal best
cap_003358,2026-08-24T15:36:26.032,horizontal,23.86,26.36,3,0,0.0,TempBand+Watershed+Merge+ClustSml+ShapeGate+MinPeaks+P-Filter+EquipRej+SkinPrio+Omega+OmScale+OmSplit+OmRot+FarField+GradFarF+Kalman+StaticSup,horizontal best
cap_003359,2026-08-24T15:36:26.160,horizontal,23.86,26.36,3,0,0.0,TempBand+Watershed+Merge+ClustSml+ShapeGate+MinPeaks+P-Filter+EquipRej+SkinPrio+Omega+OmScale+OmSplit+OmRot+FarField+GradFarF+Kalman+StaticSup,horizontal best
cap_003360,2026-08-24T15:36:26.255,horizontal,23.86,26.36,3,0,0.0,TempBand+Watershed+Merge+ClustSml+ShapeGate+MinPeaks+P-Filter+EquipRej+SkinPrio+Omega+OmScale+OmSplit+OmRot+FarField+GradFarF+Kalman+StaticSup,horizontal best
cap_003361,2026-08-24T15:36:26.384,horizontal,23.86,26.36,3,0,0.0,TempBand+Watershed+Merge+ClustSml+ShapeGate+MinPeaks+P-Filter+EquipRej+SkinPrio+Omega+OmScale+OmSplit+OmRot+FarField+GradFarF+Kalman+StaticSup,horizontal best
cap_003362,2026-08-24T15:36:26.513,horizontal,23.86,26.36,3,0,0.0,TempBand+Watershed+Merge+ClustSml+ShapeGate+MinPeaks+P-Filter+EquipRej+SkinPrio+Omega+OmScale+OmSplit+OmRot+FarField+GradFarF+Kalman+StaticSup,horizontal best
cap_003363,2026-08-24T15:36:26.611,horizontal,23.95,26.45,3,1,0.12635450868081916,TempBand+Watershed+Merge+ClustSml+ShapeGate+MinPeaks+P-Filter+EquipRej+SkinPrio+Omega+OmScale+OmSplit+OmRot+FarField+GradFarF+Kalman+StaticSup,horizontal best
cap_003364,2026-08-24T15:36:26.747,horizontal,23.91,26.41,3,0,0.0,TempBand+Watershed+Merge+ClustSml+ShapeGate+MinPeaks+P-Filter+EquipRej+SkinPrio+Omega+OmScale+OmSplit+OmRot+FarField+GradFarF+Kalman+StaticSup,horizontal best
cap_003365,2026-08-24T15:36:26.832,horizontal,23.91,26.41,3,0,0.0,TempBand+Watershed+Merge+ClustSml+ShapeGate+MinPeaks+P-Filter+EquipRej+SkinPrio+Omega+OmScale+OmSplit+OmRot+FarField+GradFarF+Kalman+StaticSup,horizontal best
cap_003366,2026-08-24T15:36:26.958,horizontal,23.88,26.38,3,0,0.0,TempBand+Watershed+Merge+ClustSml+ShapeGate+MinPeaks+P-Filter+EquipRej+SkinPrio+Omega+OmScale+OmSplit+OmRot+FarField+GradFarF+Kalman+StaticSup,horizontal best
cap_003367,2026-08-24T15:36:27.053,horizontal,23.88,26.38,3,0,0.0,TempBand+Watershed+Merge+ClustSml+ShapeGate+MinPeaks+P-Filter+EquipRej+SkinPrio+Omega+OmScale+OmSplit+OmRot+FarField+GradFarF+Kalman+StaticSup,horizontal best
cap_003368,2026-08-24T15:36:27.179,horizontal,23.88,26.38,3,0,0.0,TempBand+Watershed+Merge+ClustSml+ShapeGate+MinPeaks+P-Filter+EquipRej+SkinPrio+Omega+OmScale+OmSplit+OmRot+FarField+GradFarF+Kalman+StaticSup,horizontal best
cap_003369,2026-08-24T15:36:27.290,horizontal,23.88,26.38,3,1,0.036486958386092304,TempBand+Watershed+Merge+ClustSml+ShapeGate+MinPeaks+P-Filter+EquipRej+SkinPrio+Omega+OmScale+OmSplit+OmRot+FarField+GradFarF+Kalman+StaticSup,horizontal best
cap_003370,2026-08-24T15:36:27.409,horizontal,23.88,26.38,3,0,0.0,TempBand+Watershed+Merge+ClustSml+ShapeGate+MinPeaks+P-Filter+EquipRej+SkinPrio+Omega+OmScale+OmSplit+OmRot+FarField+GradFarF+Kalman+StaticSup,horizontal best
cap_003371,2026-08-24T15:36:27.537,horizontal,23.88,26.38,3,0,0.0,TempBand+Watershed+Merge+ClustSml+ShapeGate+MinPeaks+P-Filter+EquipRej+SkinPrio+Omega+OmScale+OmSplit+OmRot+FarField+GradFarF+Kalman+StaticSup,horizontal best
cap_003372,2026-08-24T15:36:27.635,horizontal,23.86,26.36,3,1,0.9402815068027109,TempBand+Watershed+Merge+ClustSml+ShapeGate+MinPeaks+P-Filter+EquipRej+SkinPrio+Omega+OmScale+OmSplit+OmRot+FarField+GradFarF+Kalman+StaticSup,horizontal best
cap_003373,2026-08-24T15:36:27.761,horizontal,23.86,26.36,3,1,0.9320100272729439,TempBand+Watershed+Merge+ClustSml+ShapeGate+MinPeaks+P-Filter+EquipRej+SkinPrio+Omega+OmScale+OmSplit+OmRot+FarField+GradFarF+Kalman+StaticSup,horizontal best
cap_003374,2026-08-24T15:36:27.855,horizontal,23.86,26.36,3,1,0.5536591238898916,TempBand+Watershed+Merge+ClustSml+ShapeGate+MinPeaks+P-Filter+EquipRej+SkinPrio+Omega+OmScale+OmSplit+OmRot+FarField+GradFarF+Kalman+StaticSup,horizontal best
cap_003375,2026-08-24T15:36:27.981,horizontal,23.86,26.36,3,0,0.0,TempBand+Watershed+Merge+ClustSml+ShapeGate+MinPeaks+P-Filter+EquipRej+SkinPrio+Omega+OmScale+OmSplit+OmRot+FarField+GradFarF+Kalman+StaticSup,horizontal best
cap_003376,2026-08-24T15:36:28.076,horizontal,23.84,26.34,3,0,0.0,TempBand+Watershed+Merge+ClustSml+ShapeGate+MinPeaks+P-Filter+EquipRej+SkinPrio+Omega+OmScale+OmSplit+OmRot+FarField+GradFarF+Kalman+StaticSup,horizontal best
cap_003377,2026-08-24T15:36:28.209,horizontal,23.84,26.34,3,0,0.0,TempBand+Watershed+Merge+ClustSml+ShapeGate+MinPeaks+P-Filter+EquipRej+SkinPrio+Omega+OmScale+OmSplit+OmRot+FarField+GradFarF+Kalman+StaticSup,horizontal best
cap_003378,2026-08-24T15:36:28.335,horizontal,23.84,26.34,3,0,0.0,TempBand+Watershed+Merge+ClustSml+ShapeGate+MinPeaks+P-Filter+EquipRej+SkinPrio+Omega+OmScale+OmSplit+OmRot+FarField+GradFarF+Kalman+StaticSup,horizontal best
cap_003379,2026-08-24T15:36:28.434,horizontal,23.84,26.34,3,0,0.0,TempBand+Watershed+Merge+ClustSml+ShapeGate+MinPeaks+P-Filter+EquipRej+SkinPrio+Omega+OmScale+OmSplit+OmRot+FarField+GradFarF+Kalman+StaticSup,horizontal best
cap_003380,2026-08-24T15:36:28.562,horizontal,23.84,26.34,3,0,0.0,TempBand+Watershed+Merge+ClustSml+ShapeGate+MinPeaks+P-Filter+EquipRej+SkinPrio+Omega+OmScale+OmSplit+OmRot+FarField+GradFarF+Kalman+StaticSup,horizontal best
cap_003381,2026-08-24T15:36:28.652,horizontal,23.86,26.36,3,0,0.0,TempBand+Watershed+Merge+ClustSml+ShapeGate+MinPeaks+P-Filter+EquipRej+SkinPrio+Omega+OmScale+OmSplit+OmRot+FarField+GradFarF+Kalman+StaticSup,horizontal best
cap_003382,2026-08-24T15:36:28.779,horizontal,23.86,26.36,3,0,0.0,TempBand+Watershed+Merge+ClustSml+ShapeGate+MinPeaks+P-Filter+EquipRej+SkinPrio+Omega+OmScale+OmSplit+OmRot+FarField+GradFarF+Kalman+StaticSup,horizontal best
cap_003383,2026-08-24T15:36:28.875,horizontal,23.86,26.36,3,0,0.0,TempBand+Watershed+Merge+ClustSml+ShapeGate+MinPeaks+P-Filter+EquipRej+SkinPrio+Omega+OmScale+OmSplit+OmRot+FarField+GradFarF+Kalman+StaticSup,horizontal best
cap_003384,2026-08-24T15:36:29.005,horizontal,23.86,26.36,3,0,0.0,TempBand+Watershed+Merge+ClustSml+ShapeGate+MinPeaks+P-Filter+EquipRej+SkinPrio+Omega+OmScale+OmSplit+OmRot+FarField+GradFarF+Kalman+StaticSup,horizontal best
cap_003385,2026-08-24T15:36:29.104,horizontal,23.86,26.36,3,0,0.0,TempBand+Watershed+Merge+ClustSml+ShapeGate+MinPeaks+P-Filter+EquipRej+SkinPrio+Omega+OmScale+OmSplit+OmRot+FarField+GradFarF+Kalman+StaticSup,horizontal best
cap_003386,2026-08-24T15:36:29.230,horizontal,23.86,26.36,2,0,0.0,TempBand+Watershed+Merge+ClustSml+ShapeGate+MinPeaks+P-Filter+EquipRej+SkinPrio+Omega+OmScale+OmSplit+OmRot+FarField+GradFarF+Kalman+StaticSup,horizontal best
cap_003387,2026-08-24T15:36:29.357,horizontal,23.84,26.34,2,0,0.0,TempBand+Watershed+Merge+ClustSml+ShapeGate+MinPeaks+P-Filter+EquipRej+SkinPrio+Omega+OmScale+OmSplit+OmRot+FarField+GradFarF+Kalman+StaticSup,horizontal best
cap_003388,2026-08-24T15:36:29.454,horizontal,23.84,26.34,2,0,0.0,TempBand+Watershed+Merge+ClustSml+ShapeGate+MinPeaks+P-Filter+EquipRej+SkinPrio+Omega+OmScale+OmSplit+OmRot+FarField+GradFarF+Kalman+StaticSup,horizontal best
cap_003389,2026-08-24T15:36:29.582,horizontal,23.81,26.31,2,0,0.0,TempBand+Watershed+Merge+ClustSml+ShapeGate+MinPeaks+P-Filter+EquipRej+SkinPrio+Omega+OmScale+OmSplit+OmRot+FarField+GradFarF+Kalman+StaticSup,horizontal best
cap_003390,2026-08-24T15:36:29.678,horizontal,23.79,26.29,2,0,0.0,TempBand+Watershed+Merge+ClustSml+ShapeGate+MinPeaks+P-Filter+EquipRej+SkinPrio+Omega+OmScale+OmSplit+OmRot+FarField+GradFarF+Kalman+StaticSup,horizontal best
cap_003391,2026-08-24T15:36:29.802,horizontal,23.79,26.29,2,0,0.0,TempBand+Watershed+Merge+ClustSml+ShapeGate+MinPeaks+P-Filter+EquipRej+SkinPrio+Omega+OmScale+OmSplit+OmRot+FarField+GradFarF+Kalman+StaticSup,horizontal best
cap_003392,2026-08-24T15:36:29.900,horizontal,23.79,26.29,2,0,0.0,TempBand+Watershed+Merge+ClustSml+ShapeGate+MinPeaks+P-Filter+EquipRej+SkinPrio+Omega+OmScale+OmSplit+OmRot+FarField+GradFarF+Kalman+StaticSup,horizontal best
cap_003393,2026-08-24T15:36:30.030,horizontal,23.79,26.29,2,0,0.0,TempBand+Watershed+Merge+ClustSml+ShapeGate+MinPeaks+P-Filter+EquipRej+SkinPrio+Omega+OmScale+OmSplit+OmRot+FarField+GradFarF+Kalman+StaticSup,horizontal best
cap_003394,2026-08-24T15:36:30.161,horizontal,23.77,26.27,1,1,0.6930799981899066,TempBand+Watershed+Merge+ClustSml+ShapeGate+MinPeaks+P-Filter+EquipRej+SkinPrio+Omega+OmScale+OmSplit+OmRot+FarField+GradFarF+Kalman+StaticSup,horizontal best
cap_003395,2026-08-24T15:36:30.250,horizontal,23.77,26.27,2,0,0.0,TempBand+Watershed+Merge+ClustSml+ShapeGate+MinPeaks+P-Filter+EquipRej+SkinPrio+Omega+OmScale+OmSplit+OmRot+FarField+GradFarF+Kalman+StaticSup,horizontal best
cap_003396,2026-08-24T15:36:30.387,horizontal,23.77,26.27,2,0,0.0,TempBand+Watershed+Merge+ClustSml+ShapeGate+MinPeaks+P-Filter+EquipRej+SkinPrio+Omega+OmScale+OmSplit+OmRot+FarField+GradFarF+Kalman+StaticSup,horizontal best
cap_003397,2026-08-24T15:36:30.485,horizontal,23.79,26.29,1,1,0.6930799981899066,TempBand+Watershed+Merge+ClustSml+ShapeGate+MinPeaks+P-Filter+EquipRej+SkinPrio+Omega+OmScale+OmSplit+OmRot+FarField+GradFarF+Kalman+StaticSup,horizontal best
cap_003398,2026-08-24T15:36:30.609,horizontal,23.81,26.31,2,2,0.8136187093733996,TempBand+Watershed+Merge+ClustSml+ShapeGate+MinPeaks+P-Filter+EquipRej+SkinPrio+Omega+OmScale+OmSplit+OmRot+FarField+GradFarF+Kalman+StaticSup,horizontal best
cap_003399,2026-08-24T15:36:30.704,horizontal,23.81,26.31,2,2,0.7370761827076094,TempBand+Watershed+Merge+ClustSml+ShapeGate+MinPeaks+P-Filter+EquipRej+SkinPrio+Omega+OmScale+OmSplit+OmRot+FarField+GradFarF+Kalman+StaticSup,horizontal best
cap_003400,2026-08-24T15:36:30.833,horizontal,23.81,26.31,3,1,0.560737990048977,TempBand+Watershed+Merge+ClustSml+ShapeGate+MinPeaks+P-Filter+EquipRej+SkinPrio+Omega+OmScale+OmSplit+OmRot+FarField+GradFarF+Kalman+StaticSup,horizontal best
cap_003401,2026-08-24T15:36:30.932,horizontal,23.81,26.31,3,1,0.560737990048977,TempBand+Watershed+Merge+ClustSml+ShapeGate+MinPeaks+P-Filter+EquipRej+SkinPrio+Omega+OmScale+OmSplit+OmRot+FarField+GradFarF+Kalman+StaticSup,horizontal best
cap_003402,2026-08-24T15:36:31.059,horizontal,23.86,26.36,3,1,0.3666297720101171,TempBand+Watershed+Merge+ClustSml+ShapeGate+MinPeaks+P-Filter+EquipRej+SkinPrio+Omega+OmScale+OmSplit+OmRot+FarField+GradFarF+Kalman+StaticSup,horizontal best
cap_003403,2026-08-24T15:36:31.185,horizontal,23.86,26.36,3,1,0.3666297720101171,TempBand+Watershed+Merge+ClustSml+ShapeGate+MinPeaks+P-Filter+EquipRej+SkinPrio+Omega+OmScale+OmSplit+OmRot+FarField+GradFarF+Kalman+StaticSup,horizontal best
cap_003404,2026-08-24T15:36:31.279,horizontal,23.84,26.34,1,1,0.942607041347232,TempBand+Watershed+Merge+ClustSml+ShapeGate+MinPeaks+P-Filter+EquipRej+SkinPrio+Omega+OmScale+OmSplit+OmRot+FarField+GradFarF+Kalman+StaticSup,horizontal best
cap_003405,2026-08-24T15:36:31.408,horizontal,23.86,26.36,2,2,0.9583571886519542,TempBand+Watershed+Merge+ClustSml+ShapeGate+MinPeaks+P-Filter+EquipRej+SkinPrio+Omega+OmScale+OmSplit+OmRot+FarField+GradFarF+Kalman+StaticSup,horizontal best
cap_003406,2026-08-24T15:36:31.504,horizontal,23.86,26.36,3,1,0.4529037611934045,TempBand+Watershed+Merge+ClustSml+ShapeGate+MinPeaks+P-Filter+EquipRej+SkinPrio+Omega+OmScale+OmSplit+OmRot+FarField+GradFarF+Kalman+StaticSup,horizontal best
cap_003407,2026-08-24T15:36:31.631,horizontal,23.84,26.34,3,1,0.34218778720944254,TempBand+Watershed+Merge+ClustSml+ShapeGate+MinPeaks+P-Filter+EquipRej+SkinPrio+Omega+OmScale+OmSplit+OmRot+FarField+GradFarF+Kalman+StaticSup,horizontal best
cap_003408,2026-08-24T15:36:31.724,horizontal,23.84,26.34,3,1,0.34218778720944254,TempBand+Watershed+Merge+ClustSml+ShapeGate+MinPeaks+P-Filter+EquipRej+SkinPrio+Omega+OmScale+OmSplit+OmRot+FarField+GradFarF+Kalman+StaticSup,horizontal best
cap_003409,2026-08-24T15:36:31.853,horizontal,23.84,26.34,2,0,0.0,TempBand+Watershed+Merge+ClustSml+ShapeGate+MinPeaks+P-Filter+EquipRej+SkinPrio+Omega+OmScale+OmSplit+OmRot+FarField+GradFarF+Kalman+StaticSup,horizontal best
cap_003410,2026-08-24T15:36:31.960,horizontal,23.84,26.34,2,0,0.0,TempBand+Watershed+Merge+ClustSml+ShapeGate+MinPeaks+P-Filter+EquipRej+SkinPrio+Omega+OmScale+OmSplit+OmRot+FarField+GradFarF+Kalman+StaticSup,horizontal best
cap_003411,2026-08-24T15:36:32.074,horizontal,23.86,26.36,2,0,0.0,TempBand+Watershed+Merge+ClustSml+ShapeGate+MinPeaks+P-Filter+EquipRej+SkinPrio+Omega+OmScale+OmSplit+OmRot+FarField+GradFarF+Kalman+StaticSup,horizontal best
cap_003412,2026-08-24T15:36:32.201,horizontal,23.93,26.43,2,0,0.0,TempBand+Watershed+Merge+ClustSml+ShapeGate+MinPeaks+P-Filter+EquipRej+SkinPrio+Omega+OmScale+OmSplit+OmRot+FarField+GradFarF+Kalman+StaticSup,horizontal best
cap_003413,2026-08-24T15:36:32.297,horizontal,23.93,26.43,2,0,0.0,TempBand+Watershed+Merge+ClustSml+ShapeGate+MinPeaks+P-Filter+EquipRej+SkinPrio+Omega+OmScale+OmSplit+OmRot+FarField+GradFarF+Kalman+StaticSup,horizontal best
cap_003414,2026-08-24T15:36:32.430,horizontal,23.93,26.43,2,0,0.0,TempBand+Watershed+Merge+ClustSml+ShapeGate+MinPeaks+P-Filter+EquipRej+SkinPrio+Omega+OmScale+OmSplit+OmRot+FarField+GradFarF+Kalman+StaticSup,horizontal best
cap_003415,2026-08-24T15:36:32.527,horizontal,23.91,26.41,2,0,0.0,TempBand+Watershed+Merge+ClustSml+ShapeGate+MinPeaks+P-Filter+EquipRej+SkinPrio+Omega+OmScale+OmSplit+OmRot+FarField+GradFarF+Kalman+StaticSup,horizontal best
cap_003416,2026-08-24T15:36:32.650,horizontal,23.91,26.41,2,0,0.0,TempBand+Watershed+Merge+ClustSml+ShapeGate+MinPeaks+P-Filter+EquipRej+SkinPrio+Omega+OmScale+OmSplit+OmRot+FarField+GradFarF+Kalman+StaticSup,horizontal best
cap_003417,2026-08-24T15:36:32.757,horizontal,23.88,26.38,2,0,0.0,TempBand+Watershed+Merge+ClustSml+ShapeGate+MinPeaks+P-Filter+EquipRej+SkinPrio+Omega+OmScale+OmSplit+OmRot+FarField+GradFarF+Kalman+StaticSup,horizontal best
cap_003418,2026-08-24T15:36:32.880,horizontal,23.88,26.38,2,0,0.0,TempBand+Watershed+Merge+ClustSml+ShapeGate+MinPeaks+P-Filter+EquipRej+SkinPrio+Omega+OmScale+OmSplit+OmRot+FarField+GradFarF+Kalman+StaticSup,horizontal best
cap_003419,2026-08-24T15:36:33.008,horizontal,23.86,26.36,2,0,0.0,TempBand+Watershed+Merge+ClustSml+ShapeGate+MinPeaks+P-Filter+EquipRej+SkinPrio+Omega+OmScale+OmSplit+OmRot+FarField+GradFarF+Kalman+StaticSup,horizontal best
cap_003420,2026-08-24T15:36:33.100,horizontal,23.86,26.36,2,0,0.0,TempBand+Watershed+Merge+ClustSml+ShapeGate+MinPeaks+P-Filter+EquipRej+SkinPrio+Omega+OmScale+OmSplit+OmRot+FarField+GradFarF+Kalman+StaticSup,horizontal best
cap_003421,2026-08-24T15:36:33.230,horizontal,23.86,26.36,2,0,0.0,TempBand+Watershed+Merge+ClustSml+ShapeGate+MinPeaks+P-Filter+EquipRej+SkinPrio+Omega+OmScale+OmSplit+OmRot+FarField+GradFarF+Kalman+StaticSup,horizontal best
cap_003422,2026-08-24T15:36:33.324,horizontal,23.84,26.34,2,0,0.0,TempBand+Watershed+Merge+ClustSml+ShapeGate+MinPeaks+P-Filter+EquipRej+SkinPrio+Omega+OmScale+OmSplit+OmRot+FarField+GradFarF+Kalman+StaticSup,horizontal best
cap_003423,2026-08-24T15:36:33.452,horizontal,23.84,26.34,0,0,0.0,TempBand+Watershed+Merge+ClustSml+ShapeGate+MinPeaks+P-Filter+EquipRej+SkinPrio+Omega+OmScale+OmSplit+OmRot+FarField+GradFarF+Kalman+StaticSup,horizontal best
cap_003424,2026-08-24T15:36:33.547,horizontal,23.84,26.34,0,0,0.0,TempBand+Watershed+Merge+ClustSml+ShapeGate+MinPeaks+P-Filter+EquipRej+SkinPrio+Omega+OmScale+OmSplit+OmRot+FarField+GradFarF+Kalman+StaticSup,horizontal best
cap_003425,2026-08-24T15:36:33.671,horizontal,23.84,26.34,0,0,0.0,TempBand+Watershed+Merge+ClustSml+ShapeGate+MinPeaks+P-Filter+EquipRej+SkinPrio+Omega+OmScale+OmSplit+OmRot+FarField+GradFarF+Kalman+StaticSup,horizontal best
cap_003426,2026-08-24T15:36:33.767,horizontal,23.84,26.34,0,0,0.0,TempBand+Watershed+Merge+ClustSml+ShapeGate+MinPeaks+P-Filter+EquipRej+SkinPrio+Omega+OmScale+OmSplit+OmRot+FarField+GradFarF+Kalman+StaticSup,horizontal best
cap_003427,2026-08-24T15:36:33.897,horizontal,23.84,26.34,0,0,0.0,TempBand+Watershed+Merge+ClustSml+ShapeGate+MinPeaks+P-Filter+EquipRej+SkinPrio+Omega+OmScale+OmSplit+OmRot+FarField+GradFarF+Kalman+StaticSup,horizontal best
cap_003428,2026-08-24T15:36:34.027,horizontal,23.81,26.31,0,0,0.0,TempBand+Watershed+Merge+ClustSml+ShapeGate+MinPeaks+P-Filter+EquipRej+SkinPrio+Omega+OmScale+OmSplit+OmRot+FarField+GradFarF+Kalman+StaticSup,horizontal best
cap_003429,2026-08-24T15:36:34.125,horizontal,23.81,26.31,0,0,0.0,TempBand+Watershed+Merge+ClustSml+ShapeGate+MinPeaks+P-Filter+EquipRej+SkinPrio+Omega+OmScale+OmSplit+OmRot+FarField+GradFarF+Kalman+StaticSup,horizontal best
cap_003430,2026-08-24T15:36:34.255,horizontal,23.81,26.31,0,0,0.0,TempBand+Watershed+Merge+ClustSml+ShapeGate+MinPeaks+P-Filter+EquipRej+SkinPrio+Omega+OmScale+OmSplit+OmRot+FarField+GradFarF+Kalman+StaticSup,horizontal best
cap_003431,2026-08-24T15:36:34.348,horizontal,23.81,26.31,0,0,0.0,TempBand+Watershed+Merge+ClustSml+ShapeGate+MinPeaks+P-Filter+EquipRej+SkinPrio+Omega+OmScale+OmSplit+OmRot+FarField+GradFarF+Kalman+StaticSup,horizontal best
cap_003432,2026-08-24T15:36:34.479,horizontal,23.84,26.34,0,0,0.0,TempBand+Watershed+Merge+ClustSml+ShapeGate+MinPeaks+P-Filter+EquipRej+SkinPrio+Omega+OmScale+OmSplit+OmRot+FarField+GradFarF+Kalman+StaticSup,horizontal best
cap_003433,2026-08-24T15:36:34.573,horizontal,23.81,26.31,0,0,0.0,TempBand+Watershed+Merge+ClustSml+ShapeGate+MinPeaks+P-Filter+EquipRej+SkinPrio+Omega+OmScale+OmSplit+OmRot+FarField+GradFarF+Kalman+StaticSup,horizontal best
cap_003434,2026-08-24T15:36:34.721,horizontal,23.81,26.31,0,0,0.0,TempBand+Watershed+Merge+ClustSml+ShapeGate+MinPeaks+P-Filter+EquipRej+SkinPrio+Omega+OmScale+OmSplit+OmRot+FarField+GradFarF+Kalman+StaticSup,horizontal best
cap_003435,2026-08-24T15:36:34.862,horizontal,23.81,26.31,0,0,0.0,TempBand+Watershed+Merge+ClustSml+ShapeGate+MinPeaks+P-Filter+EquipRej+SkinPrio+Omega+OmScale+OmSplit+OmRot+FarField+GradFarF+Kalman+StaticSup,horizontal best
cap_003436,2026-08-24T15:36:34.953,horizontal,23.79,26.29,0,0,0.0,TempBand+Watershed+Merge+ClustSml+ShapeGate+MinPeaks+P-Filter+EquipRej+SkinPrio+Omega+OmScale+OmSplit+OmRot+FarField+GradFarF+Kalman+StaticSup,horizontal best
cap_003437,2026-08-24T15:36:35.071,horizontal,23.79,26.29,0,0,0.0,TempBand+Watershed+Merge+ClustSml+ShapeGate+MinPeaks+P-Filter+EquipRej+SkinPrio+Omega+OmScale+OmSplit+OmRot+FarField+GradFarF+Kalman+StaticSup,horizontal best
cap_003438,2026-08-24T15:36:35.215,horizontal,23.81,26.31,0,0,0.0,TempBand+Watershed+Merge+ClustSml+ShapeGate+MinPeaks+P-Filter+EquipRej+SkinPrio+Omega+OmScale+OmSplit+OmRot+FarField+GradFarF+Kalman+StaticSup,horizontal best
cap_003439,2026-08-24T15:36:35.294,horizontal,23.81,26.31,0,0,0.0,TempBand+Watershed+Merge+ClustSml+ShapeGate+MinPeaks+P-Filter+EquipRej+SkinPrio+Omega+OmScale+OmSplit+OmRot+FarField+GradFarF+Kalman+StaticSup,horizontal best
cap_003440,2026-08-24T15:36:35.506,horizontal,23.81,26.31,0,0,0.0,TempBand+Watershed+Merge+ClustSml+ShapeGate+MinPeaks+P-Filter+EquipRej+SkinPrio+Omega+OmScale+OmSplit+OmRot+FarField+GradFarF+Kalman+StaticSup,horizontal best
cap_003441,2026-08-24T15:36:35.544,horizontal,23.79,26.29,0,0,0.0,TempBand+Watershed+Merge+ClustSml+ShapeGate+MinPeaks+P-Filter+EquipRej+SkinPrio+Omega+OmScale+OmSplit+OmRot+FarField+GradFarF+Kalman+StaticSup,horizontal best
cap_003442,2026-08-24T15:36:35.594,horizontal,23.79,26.29,0,0,0.0,TempBand+Watershed+Merge+ClustSml+ShapeGate+MinPeaks+P-Filter+EquipRej+SkinPrio+Omega+OmScale+OmSplit+OmRot+FarField+GradFarF+Kalman+StaticSup,horizontal best
cap_003443,2026-08-24T15:36:35.774,horizontal,23.79,26.29,0,0,0.0,TempBand+Watershed+Merge+ClustSml+ShapeGate+MinPeaks+P-Filter+EquipRej+SkinPrio+Omega+OmScale+OmSplit+OmRot+FarField+GradFarF+Kalman+StaticSup,horizontal best
cap_003444,2026-08-24T15:36:36.350,horizontal,23.79,26.29,2,0,0.0,TempBand+Watershed+Merge+ClustSml+ShapeGate+MinPeaks+P-Filter+EquipRej+SkinPrio+Omega+OmScale+OmSplit+OmRot+FarField+GradFarF+Kalman+StaticSup,horizontal best
cap_003445,2026-08-24T15:36:36.447,horizontal,23.72,26.22,0,0,0.0,TempBand+Watershed+Merge+ClustSml+ShapeGate+MinPeaks+P-Filter+EquipRej+SkinPrio+Omega+OmScale+OmSplit+OmRot+FarField+GradFarF+Kalman+StaticSup,horizontal best
cap_003446,2026-08-24T15:36:36.515,horizontal,23.72,26.22,0,0,0.0,TempBand+Watershed+Merge+ClustSml+ShapeGate+MinPeaks+P-Filter+EquipRej+SkinPrio+Omega+OmScale+OmSplit+OmRot+FarField+GradFarF+Kalman+StaticSup,horizontal best
cap_003447,2026-08-24T15:36:36.565,horizontal,23.72,26.22,0,0,0.0,TempBand+Watershed+Merge+ClustSml+ShapeGate+MinPeaks+P-Filter+EquipRej+SkinPrio+Omega+OmScale+OmSplit+OmRot+FarField+GradFarF+Kalman+StaticSup,horizontal best
cap_003448,2026-08-24T15:36:36.692,horizontal,23.72,26.22,0,0,0.0,TempBand+Watershed+Merge+ClustSml+ShapeGate+MinPeaks+P-Filter+EquipRej+SkinPrio+Omega+OmScale+OmSplit+OmRot+FarField+GradFarF+Kalman+StaticSup,horizontal best
cap_003449,2026-08-24T15:36:36.780,horizontal,23.72,26.22,0,0,0.0,TempBand+Watershed+Merge+ClustSml+ShapeGate+MinPeaks+P-Filter+EquipRej+SkinPrio+Omega+OmScale+OmSplit+OmRot+FarField+GradFarF+Kalman+StaticSup,horizontal best
cap_003450,2026-08-24T15:36:36.878,horizontal,23.72,26.22,0,0,0.0,TempBand+Watershed+Merge+ClustSml+ShapeGate+MinPeaks+P-Filter+EquipRej+SkinPrio+Omega+OmScale+OmSplit+OmRot+FarField+GradFarF+Kalman+StaticSup,horizontal best
cap_003451,2026-08-24T15:36:37.014,horizontal,23.72,26.22,0,0,0.0,TempBand+Watershed+Merge+ClustSml+ShapeGate+MinPeaks+P-Filter+EquipRej+SkinPrio+Omega+OmScale+OmSplit+OmRot+FarField+GradFarF+Kalman+StaticSup,horizontal best
cap_003452,2026-08-24T15:36:37.097,horizontal,23.74,26.24,0,0,0.0,TempBand+Watershed+Merge+ClustSml+ShapeGate+MinPeaks+P-Filter+EquipRej+SkinPrio+Omega+OmScale+OmSplit+OmRot+FarField+GradFarF+Kalman+StaticSup,horizontal best
cap_003453,2026-08-24T15:36:37.210,horizontal,23.74,26.24,0,0,0.0,TempBand+Watershed+Merge+ClustSml+ShapeGate+MinPeaks+P-Filter+EquipRej+SkinPrio+Omega+OmScale+OmSplit+OmRot+FarField+GradFarF+Kalman+StaticSup,horizontal best
cap_003454,2026-08-24T15:36:37.304,horizontal,23.77,26.27,0,0,0.0,TempBand+Watershed+Merge+ClustSml+ShapeGate+MinPeaks+P-Filter+EquipRej+SkinPrio+Omega+OmScale+OmSplit+OmRot+FarField+GradFarF+Kalman+StaticSup,horizontal best
cap_003455,2026-08-24T15:36:37.434,horizontal,23.79,26.29,0,0,0.0,TempBand+Watershed+Merge+ClustSml+ShapeGate+MinPeaks+P-Filter+EquipRej+SkinPrio+Omega+OmScale+OmSplit+OmRot+FarField+GradFarF+Kalman+StaticSup,horizontal best
cap_003456,2026-08-24T15:36:37.559,horizontal,23.81,26.31,0,0,0.0,TempBand+Watershed+Merge+ClustSml+ShapeGate+MinPeaks+P-Filter+EquipRej+SkinPrio+Omega+OmScale+OmSplit+OmRot+FarField+GradFarF+Kalman+StaticSup,horizontal best
cap_003457,2026-08-24T15:36:37.754,horizontal,23.84,26.34,0,0,0.0,TempBand+Watershed+Merge+ClustSml+ShapeGate+MinPeaks+P-Filter+EquipRej+SkinPrio+Omega+OmScale+OmSplit+OmRot+FarField+GradFarF+Kalman+StaticSup,horizontal best
cap_003458,2026-08-24T15:36:37.840,horizontal,23.84,26.34,0,0,0.0,TempBand+Watershed+Merge+ClustSml+ShapeGate+MinPeaks+P-Filter+EquipRej+SkinPrio+Omega+OmScale+OmSplit+OmRot+FarField+GradFarF+Kalman+StaticSup,horizontal best
cap_003459,2026-08-24T15:36:37.927,horizontal,23.84,26.34,0,0,0.0,TempBand+Watershed+Merge+ClustSml+ShapeGate+MinPeaks+P-Filter+EquipRej+SkinPrio+Omega+OmScale+OmSplit+OmRot+FarField+GradFarF+Kalman+StaticSup,horizontal best
cap_003460,2026-08-24T15:36:38.048,horizontal,23.84,26.34,2,0,0.0,TempBand+Watershed+Merge+ClustSml+ShapeGate+MinPeaks+P-Filter+EquipRej+SkinPrio+Omega+OmScale+OmSplit+OmRot+FarField+GradFarF+Kalman+StaticSup,horizontal best
cap_003461,2026-08-24T15:36:38.107,horizontal,23.81,26.31,2,0,0.0,TempBand+Watershed+Merge+ClustSml+ShapeGate+MinPeaks+P-Filter+EquipRej+SkinPrio+Omega+OmScale+OmSplit+OmRot+FarField+GradFarF+Kalman+StaticSup,horizontal best
cap_003462,2026-08-24T15:36:38.241,horizontal,23.81,26.31,2,0,0.0,TempBand+Watershed+Merge+ClustSml+ShapeGate+MinPeaks+P-Filter+EquipRej+SkinPrio+Omega+OmScale+OmSplit+OmRot+FarField+GradFarF+Kalman+StaticSup,horizontal best
cap_003463,2026-08-24T15:36:38.329,horizontal,23.81,26.31,2,0,0.0,TempBand+Watershed+Merge+ClustSml+ShapeGate+MinPeaks+P-Filter+EquipRej+SkinPrio+Omega+OmScale+OmSplit+OmRot+FarField+GradFarF+Kalman+StaticSup,horizontal best
cap_003464,2026-08-24T15:36:38.457,horizontal,23.81,26.31,2,0,0.0,TempBand+Watershed+Merge+ClustSml+ShapeGate+MinPeaks+P-Filter+EquipRej+SkinPrio+Omega+OmScale+OmSplit+OmRot+FarField+GradFarF+Kalman+StaticSup,horizontal best
cap_003465,2026-08-24T15:36:38.590,horizontal,23.79,26.29,2,0,0.0,TempBand+Watershed+Merge+ClustSml+ShapeGate+MinPeaks+P-Filter+EquipRej+SkinPrio+Omega+OmScale+OmSplit+OmRot+FarField+GradFarF+Kalman+StaticSup,horizontal best
cap_003466,2026-08-24T15:36:38.714,horizontal,23.79,26.29,2,0,0.0,TempBand+Watershed+Merge+ClustSml+ShapeGate+MinPeaks+P-Filter+EquipRej+SkinPrio+Omega+OmScale+OmSplit+OmRot+FarField+GradFarF+Kalman+StaticSup,horizontal best
cap_003467,2026-08-24T15:36:38.811,horizontal,23.79,26.29,3,1,0.7283514633754852,TempBand+Watershed+Merge+ClustSml+ShapeGate+MinPeaks+P-Filter+EquipRej+SkinPrio+Omega+OmScale+OmSplit+OmRot+FarField+GradFarF+Kalman+StaticSup,horizontal best
cap_003468,2026-08-24T15:36:38.906,horizontal,23.79,26.29,3,1,0.7283514633754852,TempBand+Watershed+Merge+ClustSml+ShapeGate+MinPeaks+P-Filter+EquipRej+SkinPrio+Omega+OmScale+OmSplit+OmRot+FarField+GradFarF+Kalman+StaticSup,horizontal best
cap_003469,2026-08-24T15:36:39.054,horizontal,23.79,26.29,3,1,0.7283514633754852,TempBand+Watershed+Merge+ClustSml+ShapeGate+MinPeaks+P-Filter+EquipRej+SkinPrio+Omega+OmScale+OmSplit+OmRot+FarField+GradFarF+Kalman+StaticSup,horizontal best
cap_003470,2026-08-24T15:36:39.134,horizontal,23.79,26.29,3,1,0.7283514633754852,TempBand+Watershed+Merge+ClustSml+ShapeGate+MinPeaks+P-Filter+EquipRej+SkinPrio+Omega+OmScale+OmSplit+OmRot+FarField+GradFarF+Kalman+StaticSup,horizontal best
cap_003471,2026-08-24T15:36:39.261,horizontal,23.79,26.29,3,1,0.7283514633754852,TempBand+Watershed+Merge+ClustSml+ShapeGate+MinPeaks+P-Filter+EquipRej+SkinPrio+Omega+OmScale+OmSplit+OmRot+FarField+GradFarF+Kalman+StaticSup,horizontal best
cap_003472,2026-08-24T15:36:39.390,horizontal,23.81,26.31,3,1,0.7283514633754852,TempBand+Watershed+Merge+ClustSml+ShapeGate+MinPeaks+P-Filter+EquipRej+SkinPrio+Omega+OmScale+OmSplit+OmRot+FarField+GradFarF+Kalman+StaticSup,horizontal best
cap_003473,2026-08-24T15:36:39.488,horizontal,23.81,26.31,3,1,0.7283514633754852,TempBand+Watershed+Merge+ClustSml+ShapeGate+MinPeaks+P-Filter+EquipRej+SkinPrio+Omega+OmScale+OmSplit+OmRot+FarField+GradFarF+Kalman+StaticSup,horizontal best
cap_003474,2026-08-24T15:36:39.615,horizontal,23.79,26.29,3,1,0.8050200384676416,TempBand+Watershed+Merge+ClustSml+ShapeGate+MinPeaks+P-Filter+EquipRej+SkinPrio+Omega+OmScale+OmSplit+OmRot+FarField+GradFarF+Kalman+StaticSup,horizontal best
cap_003475,2026-08-24T15:36:39.708,horizontal,23.79,26.29,2,0,0.0,TempBand+Watershed+Merge+ClustSml+ShapeGate+MinPeaks+P-Filter+EquipRej+SkinPrio+Omega+OmScale+OmSplit+OmRot+FarField+GradFarF+Kalman+StaticSup,horizontal best
cap_003476,2026-08-24T15:36:39.848,horizontal,23.79,26.29,2,0,0.0,TempBand+Watershed+Merge+ClustSml+ShapeGate+MinPeaks+P-Filter+EquipRej+SkinPrio+Omega+OmScale+OmSplit+OmRot+FarField+GradFarF+Kalman+StaticSup,horizontal best
cap_003477,2026-08-24T15:36:39.932,horizontal,23.79,26.29,2,0,0.0,TempBand+Watershed+Merge+ClustSml+ShapeGate+MinPeaks+P-Filter+EquipRej+SkinPrio+Omega+OmScale+OmSplit+OmRot+FarField+GradFarF+Kalman+StaticSup,horizontal best
cap_003478,2026-08-24T15:36:40.086,horizontal,23.79,26.29,2,0,0.0,TempBand+Watershed+Merge+ClustSml+ShapeGate+MinPeaks+P-Filter+EquipRej+SkinPrio+Omega+OmScale+OmSplit+OmRot+FarField+GradFarF+Kalman+StaticSup,horizontal best
cap_003479,2026-08-24T15:36:40.164,horizontal,23.79,26.29,2,0,0.0,TempBand+Watershed+Merge+ClustSml+ShapeGate+MinPeaks+P-Filter+EquipRej+SkinPrio+Omega+OmScale+OmSplit+OmRot+FarField+GradFarF+Kalman+StaticSup,horizontal best
cap_003480,2026-08-24T15:36:40.289,horizontal,23.81,26.31,2,0,0.0,TempBand+Watershed+Merge+ClustSml+ShapeGate+MinPeaks+P-Filter+EquipRej+SkinPrio+Omega+OmScale+OmSplit+OmRot+FarField+GradFarF+Kalman+StaticSup,horizontal best
cap_003481,2026-08-24T15:36:40.415,horizontal,23.81,26.31,2,0,0.0,TempBand+Watershed+Merge+ClustSml+ShapeGate+MinPeaks+P-Filter+EquipRej+SkinPrio+Omega+OmScale+OmSplit+OmRot+FarField+GradFarF+Kalman+StaticSup,horizontal best
cap_003482,2026-08-24T15:36:40.510,horizontal,23.81,26.31,2,0,0.0,TempBand+Watershed+Merge+ClustSml+ShapeGate+MinPeaks+P-Filter+EquipRej+SkinPrio+Omega+OmScale+OmSplit+OmRot+FarField+GradFarF+Kalman+StaticSup,horizontal best
cap_003483,2026-08-24T15:36:40.639,horizontal,23.81,26.31,2,0,0.0,TempBand+Watershed+Merge+ClustSml+ShapeGate+MinPeaks+P-Filter+EquipRej+SkinPrio+Omega+OmScale+OmSplit+OmRot+FarField+GradFarF+Kalman+StaticSup,horizontal best
cap_003484,2026-08-24T15:36:40.731,horizontal,23.81,26.31,2,0,0.0,TempBand+Watershed+Merge+ClustSml+ShapeGate+MinPeaks+P-Filter+EquipRej+SkinPrio+Omega+OmScale+OmSplit+OmRot+FarField+GradFarF+Kalman+StaticSup,horizontal best
cap_003485,2026-08-24T15:36:40.862,horizontal,23.81,26.31,2,0,0.0,TempBand+Watershed+Merge+ClustSml+ShapeGate+MinPeaks+P-Filter+EquipRej+SkinPrio+Omega+OmScale+OmSplit+OmRot+FarField+GradFarF+Kalman+StaticSup,horizontal best
cap_003486,2026-08-24T15:36:40.955,horizontal,23.81,26.31,3,1,0.7027952716780996,TempBand+Watershed+Merge+ClustSml+ShapeGate+MinPeaks+P-Filter+EquipRej+SkinPrio+Omega+OmScale+OmSplit+OmRot+FarField+GradFarF+Kalman+StaticSup,horizontal best
cap_003487,2026-08-24T15:36:41.090,horizontal,23.81,26.31,3,1,0.5750143131911726,TempBand+Watershed+Merge+ClustSml+ShapeGate+MinPeaks+P-Filter+EquipRej+SkinPrio+Omega+OmScale+OmSplit+OmRot+FarField+GradFarF+Kalman+StaticSup,horizontal best
cap_003488,2026-08-24T15:36:41.182,horizontal,23.84,26.34,3,1,0.46104383686367983,TempBand+Watershed+Merge+ClustSml+ShapeGate+MinPeaks+P-Filter+EquipRej+SkinPrio+Omega+OmScale+OmSplit+OmRot+FarField+GradFarF+Kalman+StaticSup,horizontal best
cap_003489,2026-08-24T15:36:41.311,horizontal,23.81,26.31,3,1,0.46104383686367983,TempBand+Watershed+Merge+ClustSml+ShapeGate+MinPeaks+P-Filter+EquipRej+SkinPrio+Omega+OmScale+OmSplit+OmRot+FarField+GradFarF+Kalman+StaticSup,horizontal best
cap_003490,2026-08-24T15:36:41.482,horizontal,23.81,26.31,3,1,0.45290376119340436,TempBand+Watershed+Merge+ClustSml+ShapeGate+MinPeaks+P-Filter+EquipRej+SkinPrio+Omega+OmScale+OmSplit+OmRot+FarField+GradFarF+Kalman+StaticSup,horizontal best
cap_003491,2026-08-24T15:36:41.539,horizontal,23.81,26.31,3,1,0.3774198009945037,TempBand+Watershed+Merge+ClustSml+ShapeGate+MinPeaks+P-Filter+EquipRej+SkinPrio+Omega+OmScale+OmSplit+OmRot+FarField+GradFarF+Kalman+StaticSup,horizontal best
cap_003492,2026-08-24T15:36:41.661,horizontal,23.79,26.29,2,0,0.0,TempBand+Watershed+Merge+ClustSml+ShapeGate+MinPeaks+P-Filter+EquipRej+SkinPrio+Omega+OmScale+OmSplit+OmRot+FarField+GradFarF+Kalman+StaticSup,horizontal best
cap_003493,2026-08-24T15:36:41.758,horizontal,23.79,26.29,3,1,0.7648306489066494,TempBand+Watershed+Merge+ClustSml+ShapeGate+MinPeaks+P-Filter+EquipRej+SkinPrio+Omega+OmScale+OmSplit+OmRot+FarField+GradFarF+Kalman+StaticSup,horizontal best
cap_003494,2026-08-24T15:36:41.886,horizontal,23.79,26.29,3,1,0.8305762301650271,TempBand+Watershed+Merge+ClustSml+ShapeGate+MinPeaks+P-Filter+EquipRej+SkinPrio+Omega+OmScale+OmSplit+OmRot+FarField+GradFarF+Kalman+StaticSup,horizontal best
cap_003495,2026-08-24T15:36:41.979,horizontal,23.79,26.29,2,0,0.0,TempBand+Watershed+Merge+ClustSml+ShapeGate+MinPeaks+P-Filter+EquipRej+SkinPrio+Omega+OmScale+OmSplit+OmRot+FarField+GradFarF+Kalman+StaticSup,horizontal best
cap_003496,2026-08-24T15:36:42.109,horizontal,23.77,26.27,2,0,0.0,TempBand+Watershed+Merge+ClustSml+ShapeGate+MinPeaks+P-Filter+EquipRej+SkinPrio+Omega+OmScale+OmSplit+OmRot+FarField+GradFarF+Kalman+StaticSup,horizontal best
cap_003497,2026-08-24T15:36:42.237,horizontal,23.77,26.27,2,0,0.0,TempBand+Watershed+Merge+ClustSml+ShapeGate+MinPeaks+P-Filter+EquipRej+SkinPrio+Omega+OmScale+OmSplit+OmRot+FarField+GradFarF+Kalman+StaticSup,horizontal best
cap_003498,2026-08-24T15:36:42.362,horizontal,23.77,26.27,2,0,0.0,TempBand+Watershed+Merge+ClustSml+ShapeGate+MinPeaks+P-Filter+EquipRej+SkinPrio+Omega+OmScale+OmSplit+OmRot+FarField+GradFarF+Kalman+StaticSup,horizontal best
cap_003499,2026-08-24T15:36:42.461,horizontal,23.77,26.27,3,1,0.7376701389818877,TempBand+Watershed+Merge+ClustSml+ShapeGate+MinPeaks+P-Filter+EquipRej+SkinPrio+Omega+OmScale+OmSplit+OmRot+FarField+GradFarF+Kalman+StaticSup,horizontal best
cap_003500,2026-08-24T15:36:42.559,horizontal,23.79,26.29,3,1,0.5750143131911726,TempBand+Watershed+Merge+ClustSml+ShapeGate+MinPeaks+P-Filter+EquipRej+SkinPrio+Omega+OmScale+OmSplit+OmRot+FarField+GradFarF+Kalman+StaticSup,horizontal best
cap_003501,2026-08-24T15:36:42.685,horizontal,23.79,26.29,2,0,0.0,TempBand+Watershed+Merge+ClustSml+ShapeGate+MinPeaks+P-Filter+EquipRej+SkinPrio+Omega+OmScale+OmSplit+OmRot+FarField+GradFarF+Kalman+StaticSup,horizontal best
cap_003502,2026-08-24T15:36:42.783,horizontal,23.79,26.29,2,0,0.0,TempBand+Watershed+Merge+ClustSml+ShapeGate+MinPeaks+P-Filter+EquipRej+SkinPrio+Omega+OmScale+OmSplit+OmRot+FarField+GradFarF+Kalman+StaticSup,horizontal best
cap_003503,2026-08-24T15:36:42.908,horizontal,23.77,26.27,2,0,0.0,TempBand+Watershed+Merge+ClustSml+ShapeGate+MinPeaks+P-Filter+EquipRej+SkinPrio+Omega+OmScale+OmSplit+OmRot+FarField+GradFarF+Kalman+StaticSup,horizontal best
cap_003504,2026-08-24T15:36:43.005,horizontal,23.77,26.27,2,0,0.0,TempBand+Watershed+Merge+ClustSml+ShapeGate+MinPeaks+P-Filter+EquipRej+SkinPrio+Omega+OmScale+OmSplit+OmRot+FarField+GradFarF+Kalman+StaticSup,horizontal best
cap_003505,2026-08-24T15:36:43.133,horizontal,23.77,26.27,2,0,0.0,TempBand+Watershed+Merge+ClustSml+ShapeGate+MinPeaks+P-Filter+EquipRej+SkinPrio+Omega+OmScale+OmSplit+OmRot+FarField+GradFarF+Kalman+StaticSup,horizontal best
cap_003506,2026-08-24T15:36:43.261,horizontal,23.77,26.27,2,0,0.0,TempBand+Watershed+Merge+ClustSml+ShapeGate+MinPeaks+P-Filter+EquipRej+SkinPrio+Omega+OmScale+OmSplit+OmRot+FarField+GradFarF+Kalman+StaticSup,horizontal best
cap_003507,2026-08-24T15:36:43.357,horizontal,23.74,26.24,2,0,0.0,TempBand+Watershed+Merge+ClustSml+ShapeGate+MinPeaks+P-Filter+EquipRej+SkinPrio+Omega+OmScale+OmSplit+OmRot+FarField+GradFarF+Kalman+StaticSup,horizontal best
cap_003508,2026-08-24T15:36:43.487,horizontal,23.77,26.27,2,0,0.0,TempBand+Watershed+Merge+ClustSml+ShapeGate+MinPeaks+P-Filter+EquipRej+SkinPrio+Omega+OmScale+OmSplit+OmRot+FarField+GradFarF+Kalman+StaticSup,horizontal best
cap_003509,2026-08-24T15:36:43.582,horizontal,23.81,26.31,2,0,0.0,TempBand+Watershed+Merge+ClustSml+ShapeGate+MinPeaks+P-Filter+EquipRej+SkinPrio+Omega+OmScale+OmSplit+OmRot+FarField+GradFarF+Kalman+StaticSup,horizontal best
cap_003510,2026-08-24T15:36:43.708,horizontal,23.81,26.31,2,0,0.0,TempBand+Watershed+Merge+ClustSml+ShapeGate+MinPeaks+P-Filter+EquipRej+SkinPrio+Omega+OmScale+OmSplit+OmRot+FarField+GradFarF+Kalman+StaticSup,horizontal best
cap_003511,2026-08-24T15:36:43.803,horizontal,23.81,26.31,2,0,0.0,TempBand+Watershed+Merge+ClustSml+ShapeGate+MinPeaks+P-Filter+EquipRej+SkinPrio+Omega+OmScale+OmSplit+OmRot+FarField+GradFarF+Kalman+StaticSup,horizontal best
cap_003512,2026-08-24T15:36:43.935,horizontal,23.81,26.31,2,0,0.0,TempBand+Watershed+Merge+ClustSml+ShapeGate+MinPeaks+P-Filter+EquipRej+SkinPrio+Omega+OmScale+OmSplit+OmRot+FarField+GradFarF+Kalman+StaticSup,horizontal best
cap_003513,2026-08-24T15:36:44.063,horizontal,23.84,26.34,2,0,0.0,TempBand+Watershed+Merge+ClustSml+ShapeGate+MinPeaks+P-Filter+EquipRej+SkinPrio+Omega+OmScale+OmSplit+OmRot+FarField+GradFarF+Kalman+StaticSup,horizontal best
cap_003514,2026-08-24T15:36:44.161,horizontal,23.84,26.34,2,0,0.0,TempBand+Watershed+Merge+ClustSml+ShapeGate+MinPeaks+P-Filter+EquipRej+SkinPrio+Omega+OmScale+OmSplit+OmRot+FarField+GradFarF+Kalman+StaticSup,horizontal best
cap_003515,2026-08-24T15:36:44.286,horizontal,23.84,26.34,2,0,0.0,TempBand+Watershed+Merge+ClustSml+ShapeGate+MinPeaks+P-Filter+EquipRej+SkinPrio+Omega+OmScale+OmSplit+OmRot+FarField+GradFarF+Kalman+StaticSup,horizontal best
cap_003516,2026-08-24T15:36:44.382,horizontal,23.84,26.34,2,0,0.0,TempBand+Watershed+Merge+ClustSml+ShapeGate+MinPeaks+P-Filter+EquipRej+SkinPrio+Omega+OmScale+OmSplit+OmRot+FarField+GradFarF+Kalman+StaticSup,horizontal best
cap_003517,2026-08-24T15:36:44.508,horizontal,23.84,26.34,2,0,0.0,TempBand+Watershed+Merge+ClustSml+ShapeGate+MinPeaks+P-Filter+EquipRej+SkinPrio+Omega+OmScale+OmSplit+OmRot+FarField+GradFarF+Kalman+StaticSup,horizontal best
cap_003518,2026-08-24T15:36:44.611,horizontal,23.84,26.34,2,0,0.0,TempBand+Watershed+Merge+ClustSml+ShapeGate+MinPeaks+P-Filter+EquipRej+SkinPrio+Omega+OmScale+OmSplit+OmRot+FarField+GradFarF+Kalman+StaticSup,horizontal best
cap_003519,2026-08-24T15:36:44.732,horizontal,23.84,26.34,2,0,0.0,TempBand+Watershed+Merge+ClustSml+ShapeGate+MinPeaks+P-Filter+EquipRej+SkinPrio+Omega+OmScale+OmSplit+OmRot+FarField+GradFarF+Kalman+StaticSup,horizontal best
cap_003520,2026-08-24T15:36:44.827,horizontal,23.84,26.34,2,0,0.0,TempBand+Watershed+Merge+ClustSml+ShapeGate+MinPeaks+P-Filter+EquipRej+SkinPrio+Omega+OmScale+OmSplit+OmRot+FarField+GradFarF+Kalman+StaticSup,horizontal best
cap_003521,2026-08-24T15:36:44.957,horizontal,23.84,26.34,2,0,0.0,TempBand+Watershed+Merge+ClustSml+ShapeGate+MinPeaks+P-Filter+EquipRej+SkinPrio+Omega+OmScale+OmSplit+OmRot+FarField+GradFarF+Kalman+StaticSup,horizontal best
cap_003522,2026-08-24T15:36:45.084,horizontal,23.84,26.34,2,0,0.0,TempBand+Watershed+Merge+ClustSml+ShapeGate+MinPeaks+P-Filter+EquipRej+SkinPrio+Omega+OmScale+OmSplit+OmRot+FarField+GradFarF+Kalman+StaticSup,horizontal best
cap_003523,2026-08-24T15:36:45.181,horizontal,23.84,26.34,2,0,0.0,TempBand+Watershed+Merge+ClustSml+ShapeGate+MinPeaks+P-Filter+EquipRej+SkinPrio+Omega+OmScale+OmSplit+OmRot+FarField+GradFarF+Kalman+StaticSup,horizontal best
cap_003524,2026-08-24T15:36:45.310,horizontal,23.84,26.34,2,0,0.0,TempBand+Watershed+Merge+ClustSml+ShapeGate+MinPeaks+P-Filter+EquipRej+SkinPrio+Omega+OmScale+OmSplit+OmRot+FarField+GradFarF+Kalman+StaticSup,horizontal best
cap_003525,2026-08-24T15:36:45.408,horizontal,23.84,26.34,2,0,0.0,TempBand+Watershed+Merge+ClustSml+ShapeGate+MinPeaks+P-Filter+EquipRej+SkinPrio+Omega+OmScale+OmSplit+OmRot+FarField+GradFarF+Kalman+StaticSup,horizontal best
cap_003526,2026-08-24T15:36:45.533,horizontal,23.86,26.36,2,0,0.0,TempBand+Watershed+Merge+ClustSml+ShapeGate+MinPeaks+P-Filter+EquipRej+SkinPrio+Omega+OmScale+OmSplit+OmRot+FarField+GradFarF+Kalman+StaticSup,horizontal best
cap_003527,2026-08-24T15:36:45.633,horizontal,23.86,26.36,2,0,0.0,TempBand+Watershed+Merge+ClustSml+ShapeGate+MinPeaks+P-Filter+EquipRej+SkinPrio+Omega+OmScale+OmSplit+OmRot+FarField+GradFarF+Kalman+StaticSup,horizontal best
cap_003528,2026-08-24T15:36:45.757,horizontal,23.84,26.34,2,0,0.0,TempBand+Watershed+Merge+ClustSml+ShapeGate+MinPeaks+P-Filter+EquipRej+SkinPrio+Omega+OmScale+OmSplit+OmRot+FarField+GradFarF+Kalman+StaticSup,horizontal best
cap_003529,2026-08-24T15:36:45.885,horizontal,23.84,26.34,3,1,0.7376701389818877,TempBand+Watershed+Merge+ClustSml+ShapeGate+MinPeaks+P-Filter+EquipRej+SkinPrio+Omega+OmScale+OmSplit+OmRot+FarField+GradFarF+Kalman+StaticSup,horizontal best
cap_003530,2026-08-24T15:36:45.979,horizontal,23.84,26.34,2,0,0.0,TempBand+Watershed+Merge+ClustSml+ShapeGate+MinPeaks+P-Filter+EquipRej+SkinPrio+Omega+OmScale+OmSplit+OmRot+FarField+GradFarF+Kalman+StaticSup,horizontal best
cap_003531,2026-08-24T15:36:46.110,horizontal,23.84,26.34,3,1,0.7376701389818877,TempBand+Watershed+Merge+ClustSml+ShapeGate+MinPeaks+P-Filter+EquipRej+SkinPrio+Omega+OmScale+OmSplit+OmRot+FarField+GradFarF+Kalman+StaticSup,horizontal best
cap_003532,2026-08-24T15:36:46.220,horizontal,23.84,26.34,3,1,0.6454613716091517,TempBand+Watershed+Merge+ClustSml+ShapeGate+MinPeaks+P-Filter+EquipRej+SkinPrio+Omega+OmScale+OmSplit+OmRot+FarField+GradFarF+Kalman+StaticSup,horizontal best
cap_003533,2026-08-24T15:36:46.366,horizontal,23.84,26.34,3,1,0.6454613716091517,TempBand+Watershed+Merge+ClustSml+ShapeGate+MinPeaks+P-Filter+EquipRej+SkinPrio+Omega+OmScale+OmSplit+OmRot+FarField+GradFarF+Kalman+StaticSup,horizontal best
cap_003534,2026-08-24T15:36:46.434,horizontal,23.84,26.34,2,0,0.0,TempBand+Watershed+Merge+ClustSml+ShapeGate+MinPeaks+P-Filter+EquipRej+SkinPrio+Omega+OmScale+OmSplit+OmRot+FarField+GradFarF+Kalman+StaticSup,horizontal best
cap_003535,2026-08-24T15:36:46.556,horizontal,23.86,26.36,3,0,0.0,TempBand+Watershed+Merge+ClustSml+ShapeGate+MinPeaks+P-Filter+EquipRej+SkinPrio+Omega+OmScale+OmSplit+OmRot+FarField+GradFarF+Kalman+StaticSup,horizontal best
cap_003536,2026-08-24T15:36:46.653,horizontal,23.86,26.36,3,0,0.0,TempBand+Watershed+Merge+ClustSml+ShapeGate+MinPeaks+P-Filter+EquipRej+SkinPrio+Omega+OmScale+OmSplit+OmRot+FarField+GradFarF+Kalman+StaticSup,horizontal best
cap_003537,2026-08-24T15:36:46.782,horizontal,23.86,26.36,2,0,0.0,TempBand+Watershed+Merge+ClustSml+ShapeGate+MinPeaks+P-Filter+EquipRej+SkinPrio+Omega+OmScale+OmSplit+OmRot+FarField+GradFarF+Kalman+StaticSup,horizontal best
cap_003538,2026-08-24T15:36:46.909,horizontal,23.86,26.36,2,0,0.0,TempBand+Watershed+Merge+ClustSml+ShapeGate+MinPeaks+P-Filter+EquipRej+SkinPrio+Omega+OmScale+OmSplit+OmRot+FarField+GradFarF+Kalman+StaticSup,horizontal best
cap_003539,2026-08-24T15:36:47.006,horizontal,23.86,26.36,2,0,0.0,TempBand+Watershed+Merge+ClustSml+ShapeGate+MinPeaks+P-Filter+EquipRej+SkinPrio+Omega+OmScale+OmSplit+OmRot+FarField+GradFarF+Kalman+StaticSup,horizontal best
cap_003540,2026-08-24T15:36:47.130,horizontal,23.88,26.38,2,0,0.0,TempBand+Watershed+Merge+ClustSml+ShapeGate+MinPeaks+P-Filter+EquipRej+SkinPrio+Omega+OmScale+OmSplit+OmRot+FarField+GradFarF+Kalman+StaticSup,horizontal best
cap_003541,2026-08-24T15:36:47.230,horizontal,23.88,26.38,2,0,0.0,TempBand+Watershed+Merge+ClustSml+ShapeGate+MinPeaks+P-Filter+EquipRej+SkinPrio+Omega+OmScale+OmSplit+OmRot+FarField+GradFarF+Kalman+StaticSup,horizontal best
cap_003542,2026-08-24T15:36:47.360,horizontal,23.91,26.41,3,1,0.7003096151110388,TempBand+Watershed+Merge+ClustSml+ShapeGate+MinPeaks+P-Filter+EquipRej+SkinPrio+Omega+OmScale+OmSplit+OmRot+FarField+GradFarF+Kalman+StaticSup,horizontal best
cap_003543,2026-08-24T15:36:47.454,horizontal,23.91,26.41,3,1,0.634065265670766,TempBand+Watershed+Merge+ClustSml+ShapeGate+MinPeaks+P-Filter+EquipRej+SkinPrio+Omega+OmScale+OmSplit+OmRot+FarField+GradFarF+Kalman+StaticSup,horizontal best
cap_003544,2026-08-24T15:36:47.587,horizontal,23.91,26.41,2,0,0.0,TempBand+Watershed+Merge+ClustSml+ShapeGate+MinPeaks+P-Filter+EquipRej+SkinPrio+Omega+OmScale+OmSplit+OmRot+FarField+GradFarF+Kalman+StaticSup,horizontal best
cap_003545,2026-08-24T15:36:47.680,horizontal,23.91,26.41,2,0,0.0,TempBand+Watershed+Merge+ClustSml+ShapeGate+MinPeaks+P-Filter+EquipRej+SkinPrio+Omega+OmScale+OmSplit+OmRot+FarField+GradFarF+Kalman+StaticSup,horizontal best
cap_003546,2026-08-24T15:36:47.808,horizontal,23.91,26.41,2,0,0.0,TempBand+Watershed+Merge+ClustSml+ShapeGate+MinPeaks+P-Filter+EquipRej+SkinPrio+Omega+OmScale+OmSplit+OmRot+FarField+GradFarF+Kalman+StaticSup,horizontal best
cap_003547,2026-08-24T15:36:47.938,horizontal,23.91,26.41,2,0,0.0,TempBand+Watershed+Merge+ClustSml+ShapeGate+MinPeaks+P-Filter+EquipRej+SkinPrio+Omega+OmScale+OmSplit+OmRot+FarField+GradFarF+Kalman+StaticSup,horizontal best
cap_003548,2026-08-24T15:36:48.035,horizontal,23.91,26.41,2,0,0.0,TempBand+Watershed+Merge+ClustSml+ShapeGate+MinPeaks+P-Filter+EquipRej+SkinPrio+Omega+OmScale+OmSplit+OmRot+FarField+GradFarF+Kalman+StaticSup,horizontal best
cap_003549,2026-08-24T15:36:48.164,horizontal,23.91,26.41,2,0,0.0,TempBand+Watershed+Merge+ClustSml+ShapeGate+MinPeaks+P-Filter+EquipRej+SkinPrio+Omega+OmScale+OmSplit+OmRot+FarField+GradFarF+Kalman+StaticSup,horizontal best
cap_003550,2026-08-24T15:36:48.255,horizontal,23.91,26.41,2,0,0.0,TempBand+Watershed+Merge+ClustSml+ShapeGate+MinPeaks+P-Filter+EquipRej+SkinPrio+Omega+OmScale+OmSplit+OmRot+FarField+GradFarF+Kalman+StaticSup,horizontal best
cap_003551,2026-08-24T15:36:48.389,horizontal,23.88,26.38,2,0,0.0,TempBand+Watershed+Merge+ClustSml+ShapeGate+MinPeaks+P-Filter+EquipRej+SkinPrio+Omega+OmScale+OmSplit+OmRot+FarField+GradFarF+Kalman+StaticSup,horizontal best
cap_003552,2026-08-24T15:36:48.478,horizontal,23.88,26.38,2,0,0.0,TempBand+Watershed+Merge+ClustSml+ShapeGate+MinPeaks+P-Filter+EquipRej+SkinPrio+Omega+OmScale+OmSplit+OmRot+FarField+GradFarF+Kalman+StaticSup,horizontal best
cap_003553,2026-08-24T15:36:48.604,horizontal,23.91,26.41,2,0,0.0,TempBand+Watershed+Merge+ClustSml+ShapeGate+MinPeaks+P-Filter+EquipRej+SkinPrio+Omega+OmScale+OmSplit+OmRot+FarField+GradFarF+Kalman+StaticSup,horizontal best
cap_003554,2026-08-24T15:36:48.732,horizontal,23.88,26.38,2,0,0.0,TempBand+Watershed+Merge+ClustSml+ShapeGate+MinPeaks+P-Filter+EquipRej+SkinPrio+Omega+OmScale+OmSplit+OmRot+FarField+GradFarF+Kalman+StaticSup,horizontal best
cap_003555,2026-08-24T15:36:48.824,horizontal,23.88,26.38,2,0,0.0,TempBand+Watershed+Merge+ClustSml+ShapeGate+MinPeaks+P-Filter+EquipRej+SkinPrio+Omega+OmScale+OmSplit+OmRot+FarField+GradFarF+Kalman+StaticSup,horizontal best
cap_003556,2026-08-24T15:36:48.954,horizontal,23.86,26.36,2,0,0.0,TempBand+Watershed+Merge+ClustSml+ShapeGate+MinPeaks+P-Filter+EquipRej+SkinPrio+Omega+OmScale+OmSplit+OmRot+FarField+GradFarF+Kalman+StaticSup,horizontal best
cap_003557,2026-08-24T15:36:49.065,horizontal,23.86,26.36,2,0,0.0,TempBand+Watershed+Merge+ClustSml+ShapeGate+MinPeaks+P-Filter+EquipRej+SkinPrio+Omega+OmScale+OmSplit+OmRot+FarField+GradFarF+Kalman+StaticSup,horizontal best
cap_003558,2026-08-24T15:36:49.181,horizontal,23.86,26.36,2,0,0.0,TempBand+Watershed+Merge+ClustSml+ShapeGate+MinPeaks+P-Filter+EquipRej+SkinPrio+Omega+OmScale+OmSplit+OmRot+FarField+GradFarF+Kalman+StaticSup,horizontal best
cap_003559,2026-08-24T15:36:49.287,horizontal,23.86,26.36,2,0,0.0,TempBand+Watershed+Merge+ClustSml+ShapeGate+MinPeaks+P-Filter+EquipRej+SkinPrio+Omega+OmScale+OmSplit+OmRot+FarField+GradFarF+Kalman+StaticSup,horizontal best
cap_003560,2026-08-24T15:36:49.409,horizontal,23.84,26.34,1,2,0.8501648351766251,TempBand+Watershed+Merge+ClustSml+ShapeGate+MinPeaks+P-Filter+EquipRej+SkinPrio+Omega+OmScale+OmSplit+OmRot+FarField+GradFarF+Kalman+StaticSup,horizontal best
cap_003561,2026-08-24T15:36:49.504,horizontal,23.84,26.34,2,0,0.0,TempBand+Watershed+Merge+ClustSml+ShapeGate+MinPeaks+P-Filter+EquipRej+SkinPrio+Omega+OmScale+OmSplit+OmRot+FarField+GradFarF+Kalman+StaticSup,horizontal best
cap_003562,2026-08-24T15:36:49.635,horizontal,23.81,26.31,2,0,0.0,TempBand+Watershed+Merge+ClustSml+ShapeGate+MinPeaks+P-Filter+EquipRej+SkinPrio+Omega+OmScale+OmSplit+OmRot+FarField+GradFarF+Kalman+StaticSup,horizontal best
cap_003563,2026-08-24T15:36:49.760,horizontal,23.79,26.29,2,0,0.0,TempBand+Watershed+Merge+ClustSml+ShapeGate+MinPeaks+P-Filter+EquipRej+SkinPrio+Omega+OmScale+OmSplit+OmRot+FarField+GradFarF+Kalman+StaticSup,horizontal best
cap_003564,2026-08-24T15:36:49.856,horizontal,23.77,26.27,2,0,0.0,TempBand+Watershed+Merge+ClustSml+ShapeGate+MinPeaks+P-Filter+EquipRej+SkinPrio+Omega+OmScale+OmSplit+OmRot+FarField+GradFarF+Kalman+StaticSup,horizontal best
cap_003565,2026-08-24T15:36:49.984,horizontal,23.74,26.24,1,1,0.8824969025845953,TempBand+Watershed+Merge+ClustSml+ShapeGate+MinPeaks+P-Filter+EquipRej+SkinPrio+Omega+OmScale+OmSplit+OmRot+FarField+GradFarF+Kalman+StaticSup,horizontal best
cap_003566,2026-08-24T15:36:50.076,horizontal,23.74,26.24,1,1,0.9922179382602435,TempBand+Watershed+Merge+ClustSml+ShapeGate+MinPeaks+P-Filter+EquipRej+SkinPrio+Omega+OmScale+OmSplit+OmRot+FarField+GradFarF+Kalman+StaticSup,horizontal best
cap_003567,2026-08-24T15:36:50.208,horizontal,23.70,26.20,1,1,0.9922179382602435,TempBand+Watershed+Merge+ClustSml+ShapeGate+MinPeaks+P-Filter+EquipRej+SkinPrio+Omega+OmScale+OmSplit+OmRot+FarField+GradFarF+Kalman+StaticSup,horizontal best
cap_003568,2026-08-24T15:36:50.304,horizontal,23.74,26.24,2,0,0.0,TempBand+Watershed+Merge+ClustSml+ShapeGate+MinPeaks+P-Filter+EquipRej+SkinPrio+Omega+OmScale+OmSplit+OmRot+FarField+GradFarF+Kalman+StaticSup,horizontal best
cap_003569,2026-08-24T15:36:50.426,horizontal,23.74,26.24,2,0,0.0,TempBand+Watershed+Merge+ClustSml+ShapeGate+MinPeaks+P-Filter+EquipRej+SkinPrio+Omega+OmScale+OmSplit+OmRot+FarField+GradFarF+Kalman+StaticSup,horizontal best
cap_003570,2026-08-24T15:36:50.559,horizontal,23.74,26.24,2,0,0.0,TempBand+Watershed+Merge+ClustSml+ShapeGate+MinPeaks+P-Filter+EquipRej+SkinPrio+Omega+OmScale+OmSplit+OmRot+FarField+GradFarF+Kalman+StaticSup,horizontal best
cap_003571,2026-08-24T15:36:50.654,horizontal,23.74,26.24,2,0,0.0,TempBand+Watershed+Merge+ClustSml+ShapeGate+MinPeaks+P-Filter+EquipRej+SkinPrio+Omega+OmScale+OmSplit+OmRot+FarField+GradFarF+Kalman+StaticSup,horizontal best
cap_003572,2026-08-24T15:36:50.783,horizontal,23.72,26.22,2,0,0.0,TempBand+Watershed+Merge+ClustSml+ShapeGate+MinPeaks+P-Filter+EquipRej+SkinPrio+Omega+OmScale+OmSplit+OmRot+FarField+GradFarF+Kalman+StaticSup,horizontal best
cap_003573,2026-08-24T15:36:50.878,horizontal,23.72,26.22,2,0,0.0,TempBand+Watershed+Merge+ClustSml+ShapeGate+MinPeaks+P-Filter+EquipRej+SkinPrio+Omega+OmScale+OmSplit+OmRot+FarField+GradFarF+Kalman+StaticSup,horizontal best
cap_003574,2026-08-24T15:36:51.007,horizontal,23.72,26.22,2,0,0.0,TempBand+Watershed+Merge+ClustSml+ShapeGate+MinPeaks+P-Filter+EquipRej+SkinPrio+Omega+OmScale+OmSplit+OmRot+FarField+GradFarF+Kalman+StaticSup,horizontal best
cap_003575,2026-08-24T15:36:51.103,horizontal,23.72,26.22,2,0,0.0,TempBand+Watershed+Merge+ClustSml+ShapeGate+MinPeaks+P-Filter+EquipRej+SkinPrio+Omega+OmScale+OmSplit+OmRot+FarField+GradFarF+Kalman+StaticSup,horizontal best
cap_003576,2026-08-24T15:36:51.231,horizontal,23.72,26.22,2,0,0.0,TempBand+Watershed+Merge+ClustSml+ShapeGate+MinPeaks+P-Filter+EquipRej+SkinPrio+Omega+OmScale+OmSplit+OmRot+FarField+GradFarF+Kalman+StaticSup,horizontal best
cap_003577,2026-08-24T15:36:51.325,horizontal,23.72,26.22,2,0,0.0,TempBand+Watershed+Merge+ClustSml+ShapeGate+MinPeaks+P-Filter+EquipRej+SkinPrio+Omega+OmScale+OmSplit+OmRot+FarField+GradFarF+Kalman+StaticSup,horizontal best
cap_003578,2026-08-24T15:36:51.457,horizontal,23.72,26.22,2,0,0.0,TempBand+Watershed+Merge+ClustSml+ShapeGate+MinPeaks+P-Filter+EquipRej+SkinPrio+Omega+OmScale+OmSplit+OmRot+FarField+GradFarF+Kalman+StaticSup,horizontal best
cap_003579,2026-08-24T15:36:51.584,horizontal,23.72,26.22,2,0,0.0,TempBand+Watershed+Merge+ClustSml+ShapeGate+MinPeaks+P-Filter+EquipRej+SkinPrio+Omega+OmScale+OmSplit+OmRot+FarField+GradFarF+Kalman+StaticSup,horizontal best
cap_003580,2026-08-24T15:36:51.681,horizontal,23.70,26.20,2,0,0.0,TempBand+Watershed+Merge+ClustSml+ShapeGate+MinPeaks+P-Filter+EquipRej+SkinPrio+Omega+OmScale+OmSplit+OmRot+FarField+GradFarF+Kalman+StaticSup,horizontal best
cap_003581,2026-08-24T15:36:51.802,horizontal,23.70,26.20,2,0,0.0,TempBand+Watershed+Merge+ClustSml+ShapeGate+MinPeaks+P-Filter+EquipRej+SkinPrio+Omega+OmScale+OmSplit+OmRot+FarField+GradFarF+Kalman+StaticSup,horizontal best
cap_003582,2026-08-24T15:36:51.897,horizontal,23.70,26.20,2,0,0.0,TempBand+Watershed+Merge+ClustSml+ShapeGate+MinPeaks+P-Filter+EquipRej+SkinPrio+Omega+OmScale+OmSplit+OmRot+FarField+GradFarF+Kalman+StaticSup,horizontal best
cap_003583,2026-08-24T15:36:52.029,horizontal,23.72,26.22,2,0,0.0,TempBand+Watershed+Merge+ClustSml+ShapeGate+MinPeaks+P-Filter+EquipRej+SkinPrio+Omega+OmScale+OmSplit+OmRot+FarField+GradFarF+Kalman+StaticSup,horizontal best
cap_003584,2026-08-24T15:36:52.126,horizontal,23.72,26.22,2,0,0.0,TempBand+Watershed+Merge+ClustSml+ShapeGate+MinPeaks+P-Filter+EquipRej+SkinPrio+Omega+OmScale+OmSplit+OmRot+FarField+GradFarF+Kalman+StaticSup,horizontal best
cap_003585,2026-08-24T15:36:52.254,horizontal,23.72,26.22,2,0,0.0,TempBand+Watershed+Merge+ClustSml+ShapeGate+MinPeaks+P-Filter+EquipRej+SkinPrio+Omega+OmScale+OmSplit+OmRot+FarField+GradFarF+Kalman+StaticSup,horizontal best
cap_003586,2026-08-24T15:36:52.382,horizontal,23.74,26.24,3,1,0.6454613716091517,TempBand+Watershed+Merge+ClustSml+ShapeGate+MinPeaks+P-Filter+EquipRej+SkinPrio+Omega+OmScale+OmSplit+OmRot+FarField+GradFarF+Kalman+StaticSup,horizontal best
cap_003587,2026-08-24T15:36:52.478,horizontal,23.74,26.24,3,1,0.6454613716091517,TempBand+Watershed+Merge+ClustSml+ShapeGate+MinPeaks+P-Filter+EquipRej+SkinPrio+Omega+OmScale+OmSplit+OmRot+FarField+GradFarF+Kalman+StaticSup,horizontal best
cap_003588,2026-08-24T15:36:52.611,horizontal,23.74,26.24,2,0,0.0,TempBand+Watershed+Merge+ClustSml+ShapeGate+MinPeaks+P-Filter+EquipRej+SkinPrio+Omega+OmScale+OmSplit+OmRot+FarField+GradFarF+Kalman+StaticSup,horizontal best
cap_003589,2026-08-24T15:36:52.704,horizontal,23.74,26.24,2,0,0.0,TempBand+Watershed+Merge+ClustSml+ShapeGate+MinPeaks+P-Filter+EquipRej+SkinPrio+Omega+OmScale+OmSplit+OmRot+FarField+GradFarF+Kalman+StaticSup,horizontal best
cap_003590,2026-08-24T15:36:52.828,horizontal,23.72,26.22,3,1,0.7640155010883838,TempBand+Watershed+Merge+ClustSml+ShapeGate+MinPeaks+P-Filter+EquipRej+SkinPrio+Omega+OmScale+OmSplit+OmRot+FarField+GradFarF+Kalman+StaticSup,horizontal best
cap_003591,2026-08-24T15:36:52.923,horizontal,23.72,26.22,3,1,0.7640155010883838,TempBand+Watershed+Merge+ClustSml+ShapeGate+MinPeaks+P-Filter+EquipRej+SkinPrio+Omega+OmScale+OmSplit+OmRot+FarField+GradFarF+Kalman+StaticSup,horizontal best
cap_003592,2026-08-24T15:36:53.048,horizontal,23.74,26.24,2,0,0.0,TempBand+Watershed+Merge+ClustSml+ShapeGate+MinPeaks+P-Filter+EquipRej+SkinPrio+Omega+OmScale+OmSplit+OmRot+FarField+GradFarF+Kalman+StaticSup,horizontal best
cap_003593,2026-08-24T15:36:53.147,horizontal,23.74,26.24,2,0,0.0,TempBand+Watershed+Merge+ClustSml+ShapeGate+MinPeaks+P-Filter+EquipRej+SkinPrio+Omega+OmScale+OmSplit+OmRot+FarField+GradFarF+Kalman+StaticSup,horizontal best
cap_003594,2026-08-24T15:36:53.274,horizontal,23.72,26.22,2,0,0.0,TempBand+Watershed+Merge+ClustSml+ShapeGate+MinPeaks+P-Filter+EquipRej+SkinPrio+Omega+OmScale+OmSplit+OmRot+FarField+GradFarF+Kalman+StaticSup,horizontal best
cap_003595,2026-08-24T15:36:53.404,horizontal,23.72,26.22,2,0,0.0,TempBand+Watershed+Merge+ClustSml+ShapeGate+MinPeaks+P-Filter+EquipRej+SkinPrio+Omega+OmScale+OmSplit+OmRot+FarField+GradFarF+Kalman+StaticSup,horizontal best
cap_003596,2026-08-24T15:36:53.499,horizontal,23.72,26.22,2,0,0.0,TempBand+Watershed+Merge+ClustSml+ShapeGate+MinPeaks+P-Filter+EquipRej+SkinPrio+Omega+OmScale+OmSplit+OmRot+FarField+GradFarF+Kalman+StaticSup,horizontal best
cap_003597,2026-08-24T15:36:53.628,horizontal,23.74,26.24,2,0,0.0,TempBand+Watershed+Merge+ClustSml+ShapeGate+MinPeaks+P-Filter+EquipRej+SkinPrio+Omega+OmScale+OmSplit+OmRot+FarField+GradFarF+Kalman+StaticSup,horizontal best
cap_003598,2026-08-24T15:36:53.730,horizontal,23.74,26.24,2,0,0.0,TempBand+Watershed+Merge+ClustSml+ShapeGate+MinPeaks+P-Filter+EquipRej+SkinPrio+Omega+OmScale+OmSplit+OmRot+FarField+GradFarF+Kalman+StaticSup,horizontal best
cap_003599,2026-08-24T15:36:53.863,horizontal,23.74,26.24,2,0,0.0,TempBand+Watershed+Merge+ClustSml+ShapeGate+MinPeaks+P-Filter+EquipRej+SkinPrio+Omega+OmScale+OmSplit+OmRot+FarField+GradFarF+Kalman+StaticSup,horizontal best
cap_003600,2026-08-24T15:36:53.951,horizontal,23.72,26.22,0,0,0.0,TempBand+Watershed+Merge+ClustSml+ShapeGate+MinPeaks+P-Filter+EquipRej+SkinPrio+Omega+OmScale+OmSplit+OmRot+FarField+GradFarF+Kalman+StaticSup,horizontal best
cap_003601,2026-08-24T15:36:54.074,horizontal,23.72,26.22,0,0,0.0,TempBand+Watershed+Merge+ClustSml+ShapeGate+MinPeaks+P-Filter+EquipRej+SkinPrio+Omega+OmScale+OmSplit+OmRot+FarField+GradFarF+Kalman+StaticSup,horizontal best
cap_003602,2026-08-24T15:36:54.171,horizontal,23.72,26.22,0,0,0.0,TempBand+Watershed+Merge+ClustSml+ShapeGate+MinPeaks+P-Filter+EquipRej+SkinPrio+Omega+OmScale+OmSplit+OmRot+FarField+GradFarF+Kalman+StaticSup,horizontal best
cap_003603,2026-08-24T15:36:54.294,horizontal,23.74,26.24,0,0,0.0,TempBand+Watershed+Merge+ClustSml+ShapeGate+MinPeaks+P-Filter+EquipRej+SkinPrio+Omega+OmScale+OmSplit+OmRot+FarField+GradFarF+Kalman+StaticSup,horizontal best
cap_003604,2026-08-24T15:36:54.422,horizontal,23.77,26.27,0,0,0.0,TempBand+Watershed+Merge+ClustSml+ShapeGate+MinPeaks+P-Filter+EquipRej+SkinPrio+Omega+OmScale+OmSplit+OmRot+FarField+GradFarF+Kalman+StaticSup,horizontal best
cap_003605,2026-08-24T15:36:54.524,horizontal,23.81,26.31,0,0,0.0,TempBand+Watershed+Merge+ClustSml+ShapeGate+MinPeaks+P-Filter+EquipRej+SkinPrio+Omega+OmScale+OmSplit+OmRot+FarField+GradFarF+Kalman+StaticSup,horizontal best
cap_003606,2026-08-24T15:36:54.653,horizontal,23.81,26.31,0,0,0.0,TempBand+Watershed+Merge+ClustSml+ShapeGate+MinPeaks+P-Filter+EquipRej+SkinPrio+Omega+OmScale+OmSplit+OmRot+FarField+GradFarF+Kalman+StaticSup,horizontal best
cap_003607,2026-08-24T15:36:54.742,horizontal,23.79,26.29,0,0,0.0,TempBand+Watershed+Merge+ClustSml+ShapeGate+MinPeaks+P-Filter+EquipRej+SkinPrio+Omega+OmScale+OmSplit+OmRot+FarField+GradFarF+Kalman+StaticSup,horizontal best
cap_003608,2026-08-24T15:36:54.874,horizontal,23.81,26.31,0,0,0.0,TempBand+Watershed+Merge+ClustSml+ShapeGate+MinPeaks+P-Filter+EquipRej+SkinPrio+Omega+OmScale+OmSplit+OmRot+FarField+GradFarF+Kalman+StaticSup,horizontal best
cap_003609,2026-08-24T15:36:54.966,horizontal,23.81,26.31,0,0,0.0,TempBand+Watershed+Merge+ClustSml+ShapeGate+MinPeaks+P-Filter+EquipRej+SkinPrio+Omega+OmScale+OmSplit+OmRot+FarField+GradFarF+Kalman+StaticSup,horizontal best
cap_003610,2026-08-24T15:36:55.097,horizontal,23.84,26.34,0,0,0.0,TempBand+Watershed+Merge+ClustSml+ShapeGate+MinPeaks+P-Filter+EquipRej+SkinPrio+Omega+OmScale+OmSplit+OmRot+FarField+GradFarF+Kalman+StaticSup,horizontal best
cap_003611,2026-08-24T15:36:55.227,horizontal,23.86,26.36,0,0,0.0,TempBand+Watershed+Merge+ClustSml+ShapeGate+MinPeaks+P-Filter+EquipRej+SkinPrio+Omega+OmScale+OmSplit+OmRot+FarField+GradFarF+Kalman+StaticSup,horizontal best
cap_003612,2026-08-24T15:36:55.319,horizontal,23.84,26.34,0,0,0.0,TempBand+Watershed+Merge+ClustSml+ShapeGate+MinPeaks+P-Filter+EquipRej+SkinPrio+Omega+OmScale+OmSplit+OmRot+FarField+GradFarF+Kalman+StaticSup,horizontal best
cap_003613,2026-08-24T15:36:55.450,horizontal,23.84,26.34,0,0,0.0,TempBand+Watershed+Merge+ClustSml+ShapeGate+MinPeaks+P-Filter+EquipRej+SkinPrio+Omega+OmScale+OmSplit+OmRot+FarField+GradFarF+Kalman+StaticSup,horizontal best
cap_003614,2026-08-24T15:36:55.562,horizontal,23.84,26.34,0,0,0.0,TempBand+Watershed+Merge+ClustSml+ShapeGate+MinPeaks+P-Filter+EquipRej+SkinPrio+Omega+OmScale+OmSplit+OmRot+FarField+GradFarF+Kalman+StaticSup,horizontal best
cap_003615,2026-08-24T15:36:55.673,horizontal,23.84,26.34,0,0,0.0,TempBand+Watershed+Merge+ClustSml+ShapeGate+MinPeaks+P-Filter+EquipRej+SkinPrio+Omega+OmScale+OmSplit+OmRot+FarField+GradFarF+Kalman+StaticSup,horizontal best
cap_003616,2026-08-24T15:36:55.780,horizontal,23.84,26.34,0,0,0.0,TempBand+Watershed+Merge+ClustSml+ShapeGate+MinPeaks+P-Filter+EquipRej+SkinPrio+Omega+OmScale+OmSplit+OmRot+FarField+GradFarF+Kalman+StaticSup,horizontal best
cap_003617,2026-08-24T15:36:55.895,horizontal,23.84,26.34,0,0,0.0,TempBand+Watershed+Merge+ClustSml+ShapeGate+MinPeaks+P-Filter+EquipRej+SkinPrio+Omega+OmScale+OmSplit+OmRot+FarField+GradFarF+Kalman+StaticSup,horizontal best
cap_003618,2026-08-24T15:36:55.992,horizontal,23.84,26.34,0,0,0.0,TempBand+Watershed+Merge+ClustSml+ShapeGate+MinPeaks+P-Filter+EquipRej+SkinPrio+Omega+OmScale+OmSplit+OmRot+FarField+GradFarF+Kalman+StaticSup,horizontal best
cap_003619,2026-08-24T15:36:56.119,horizontal,23.86,26.36,0,0,0.0,TempBand+Watershed+Merge+ClustSml+ShapeGate+MinPeaks+P-Filter+EquipRej+SkinPrio+Omega+OmScale+OmSplit+OmRot+FarField+GradFarF+Kalman+StaticSup,horizontal best
cap_003620,2026-08-24T15:36:56.249,horizontal,23.86,26.36,0,0,0.0,TempBand+Watershed+Merge+ClustSml+ShapeGate+MinPeaks+P-Filter+EquipRej+SkinPrio+Omega+OmScale+OmSplit+OmRot+FarField+GradFarF+Kalman+StaticSup,horizontal best
cap_003621,2026-08-24T15:36:56.345,horizontal,23.86,26.36,0,0,0.0,TempBand+Watershed+Merge+ClustSml+ShapeGate+MinPeaks+P-Filter+EquipRej+SkinPrio+Omega+OmScale+OmSplit+OmRot+FarField+GradFarF+Kalman+StaticSup,horizontal best
cap_003622,2026-08-24T15:36:56.477,horizontal,23.86,26.36,0,0,0.0,TempBand+Watershed+Merge+ClustSml+ShapeGate+MinPeaks+P-Filter+EquipRej+SkinPrio+Omega+OmScale+OmSplit+OmRot+FarField+GradFarF+Kalman+StaticSup,horizontal best
cap_003623,2026-08-24T15:36:56.613,horizontal,23.86,26.36,0,0,0.0,TempBand+Watershed+Merge+ClustSml+ShapeGate+MinPeaks+P-Filter+EquipRej+SkinPrio+Omega+OmScale+OmSplit+OmRot+FarField+GradFarF+Kalman+StaticSup,horizontal best
cap_003624,2026-08-24T15:36:56.710,horizontal,23.86,26.36,0,0,0.0,TempBand+Watershed+Merge+ClustSml+ShapeGate+MinPeaks+P-Filter+EquipRej+SkinPrio+Omega+OmScale+OmSplit+OmRot+FarField+GradFarF+Kalman+StaticSup,horizontal best
cap_003625,2026-08-24T15:36:56.800,horizontal,23.88,26.38,0,0,0.0,TempBand+Watershed+Merge+ClustSml+ShapeGate+MinPeaks+P-Filter+EquipRej+SkinPrio+Omega+OmScale+OmSplit+OmRot+FarField+GradFarF+Kalman+StaticSup,horizontal best
cap_003626,2026-08-24T15:36:56.919,horizontal,23.91,26.41,0,0,0.0,TempBand+Watershed+Merge+ClustSml+ShapeGate+MinPeaks+P-Filter+EquipRej+SkinPrio+Omega+OmScale+OmSplit+OmRot+FarField+GradFarF+Kalman+StaticSup,horizontal best
cap_003627,2026-08-24T15:36:57.049,horizontal,23.91,26.41,0,0,0.0,TempBand+Watershed+Merge+ClustSml+ShapeGate+MinPeaks+P-Filter+EquipRej+SkinPrio+Omega+OmScale+OmSplit+OmRot+FarField+GradFarF+Kalman+StaticSup,horizontal best
cap_003628,2026-08-24T15:36:57.147,horizontal,23.91,26.41,0,0,0.0,TempBand+Watershed+Merge+ClustSml+ShapeGate+MinPeaks+P-Filter+EquipRej+SkinPrio+Omega+OmScale+OmSplit+OmRot+FarField+GradFarF+Kalman+StaticSup,horizontal best
cap_003629,2026-08-24T15:36:57.283,horizontal,23.91,26.41,0,0,0.0,TempBand+Watershed+Merge+ClustSml+ShapeGate+MinPeaks+P-Filter+EquipRej+SkinPrio+Omega+OmScale+OmSplit+OmRot+FarField+GradFarF+Kalman+StaticSup,horizontal best
cap_003630,2026-08-24T15:36:57.372,horizontal,23.91,26.41,0,0,0.0,TempBand+Watershed+Merge+ClustSml+ShapeGate+MinPeaks+P-Filter+EquipRej+SkinPrio+Omega+OmScale+OmSplit+OmRot+FarField+GradFarF+Kalman+StaticSup,horizontal best
cap_003631,2026-08-24T15:36:57.502,horizontal,23.88,26.38,0,0,0.0,TempBand+Watershed+Merge+ClustSml+ShapeGate+MinPeaks+P-Filter+EquipRej+SkinPrio+Omega+OmScale+OmSplit+OmRot+FarField+GradFarF+Kalman+StaticSup,horizontal best
cap_003632,2026-08-24T15:36:57.604,horizontal,23.88,26.38,0,0,0.0,TempBand+Watershed+Merge+ClustSml+ShapeGate+MinPeaks+P-Filter+EquipRej+SkinPrio+Omega+OmScale+OmSplit+OmRot+FarField+GradFarF+Kalman+StaticSup,horizontal best
cap_003633,2026-08-24T15:36:57.727,horizontal,23.88,26.38,0,0,0.0,TempBand+Watershed+Merge+ClustSml+ShapeGate+MinPeaks+P-Filter+EquipRej+SkinPrio+Omega+OmScale+OmSplit+OmRot+FarField+GradFarF+Kalman+StaticSup,horizontal best
cap_003634,2026-08-24T15:36:57.832,horizontal,23.88,26.38,0,0,0.0,TempBand+Watershed+Merge+ClustSml+ShapeGate+MinPeaks+P-Filter+EquipRej+SkinPrio+Omega+OmScale+OmSplit+OmRot+FarField+GradFarF+Kalman+StaticSup,horizontal best
cap_003635,2026-08-24T15:36:57.947,horizontal,23.88,26.38,0,0,0.0,TempBand+Watershed+Merge+ClustSml+ShapeGate+MinPeaks+P-Filter+EquipRej+SkinPrio+Omega+OmScale+OmSplit+OmRot+FarField+GradFarF+Kalman+StaticSup,horizontal best
cap_003636,2026-08-24T15:36:58.076,horizontal,23.91,26.41,0,0,0.0,TempBand+Watershed+Merge+ClustSml+ShapeGate+MinPeaks+P-Filter+EquipRej+SkinPrio+Omega+OmScale+OmSplit+OmRot+FarField+GradFarF+Kalman+StaticSup,horizontal best
cap_003637,2026-08-24T15:36:58.171,horizontal,23.91,26.41,0,0,0.0,TempBand+Watershed+Merge+ClustSml+ShapeGate+MinPeaks+P-Filter+EquipRej+SkinPrio+Omega+OmScale+OmSplit+OmRot+FarField+GradFarF+Kalman+StaticSup,horizontal best
cap_003638,2026-08-24T15:36:58.298,horizontal,23.88,26.38,0,0,0.0,TempBand+Watershed+Merge+ClustSml+ShapeGate+MinPeaks+P-Filter+EquipRej+SkinPrio+Omega+OmScale+OmSplit+OmRot+FarField+GradFarF+Kalman+StaticSup,horizontal best
cap_003639,2026-08-24T15:36:58.393,horizontal,23.88,26.38,0,0,0.0,TempBand+Watershed+Merge+ClustSml+ShapeGate+MinPeaks+P-Filter+EquipRej+SkinPrio+Omega+OmScale+OmSplit+OmRot+FarField+GradFarF+Kalman+StaticSup,horizontal best
cap_003640,2026-08-24T15:36:58.522,horizontal,23.86,26.36,0,0,0.0,TempBand+Watershed+Merge+ClustSml+ShapeGate+MinPeaks+P-Filter+EquipRej+SkinPrio+Omega+OmScale+OmSplit+OmRot+FarField+GradFarF+Kalman+StaticSup,horizontal best
cap_003641,2026-08-24T15:36:58.620,horizontal,23.81,26.31,0,0,0.0,TempBand+Watershed+Merge+ClustSml+ShapeGate+MinPeaks+P-Filter+EquipRej+SkinPrio+Omega+OmScale+OmSplit+OmRot+FarField+GradFarF+Kalman+StaticSup,horizontal best
cap_003642,2026-08-24T15:36:58.747,horizontal,23.81,26.31,0,0,0.0,TempBand+Watershed+Merge+ClustSml+ShapeGate+MinPeaks+P-Filter+EquipRej+SkinPrio+Omega+OmScale+OmSplit+OmRot+FarField+GradFarF+Kalman+StaticSup,horizontal best
cap_003643,2026-08-24T15:36:58.878,horizontal,23.81,26.31,0,0,0.0,TempBand+Watershed+Merge+ClustSml+ShapeGate+MinPeaks+P-Filter+EquipRej+SkinPrio+Omega+OmScale+OmSplit+OmRot+FarField+GradFarF+Kalman+StaticSup,horizontal best
cap_003644,2026-08-24T15:36:58.970,horizontal,23.81,26.31,0,0,0.0,TempBand+Watershed+Merge+ClustSml+ShapeGate+MinPeaks+P-Filter+EquipRej+SkinPrio+Omega+OmScale+OmSplit+OmRot+FarField+GradFarF+Kalman+StaticSup,horizontal best
cap_003645,2026-08-24T15:36:59.098,horizontal,23.81,26.31,0,0,0.0,TempBand+Watershed+Merge+ClustSml+ShapeGate+MinPeaks+P-Filter+EquipRej+SkinPrio+Omega+OmScale+OmSplit+OmRot+FarField+GradFarF+Kalman+StaticSup,horizontal best
cap_003646,2026-08-24T15:36:59.193,horizontal,23.81,26.31,0,0,0.0,TempBand+Watershed+Merge+ClustSml+ShapeGate+MinPeaks+P-Filter+EquipRej+SkinPrio+Omega+OmScale+OmSplit+OmRot+FarField+GradFarF+Kalman+StaticSup,horizontal best
cap_003647,2026-08-24T15:36:59.323,horizontal,23.81,26.31,0,0,0.0,TempBand+Watershed+Merge+ClustSml+ShapeGate+MinPeaks+P-Filter+EquipRej+SkinPrio+Omega+OmScale+OmSplit+OmRot+FarField+GradFarF+Kalman+StaticSup,horizontal best
cap_003648,2026-08-24T15:36:59.427,horizontal,23.81,26.31,0,0,0.0,TempBand+Watershed+Merge+ClustSml+ShapeGate+MinPeaks+P-Filter+EquipRej+SkinPrio+Omega+OmScale+OmSplit+OmRot+FarField+GradFarF+Kalman+StaticSup,horizontal best
cap_003649,2026-08-24T15:36:59.607,horizontal,23.81,26.31,0,0,0.0,TempBand+Watershed+Merge+ClustSml+ShapeGate+MinPeaks+P-Filter+EquipRej+SkinPrio+Omega+OmScale+OmSplit+OmRot+FarField+GradFarF+Kalman+StaticSup,horizontal best
cap_003650,2026-08-24T15:36:59.677,horizontal,23.81,26.31,0,0,0.0,TempBand+Watershed+Merge+ClustSml+ShapeGate+MinPeaks+P-Filter+EquipRej+SkinPrio+Omega+OmScale+OmSplit+OmRot+FarField+GradFarF+Kalman+StaticSup,horizontal best
cap_003651,2026-08-24T15:36:59.778,horizontal,23.81,26.31,0,0,0.0,TempBand+Watershed+Merge+ClustSml+ShapeGate+MinPeaks+P-Filter+EquipRej+SkinPrio+Omega+OmScale+OmSplit+OmRot+FarField+GradFarF+Kalman+StaticSup,horizontal best
cap_003652,2026-08-24T15:36:59.926,horizontal,23.81,26.31,0,0,0.0,TempBand+Watershed+Merge+ClustSml+ShapeGate+MinPeaks+P-Filter+EquipRej+SkinPrio+Omega+OmScale+OmSplit+OmRot+FarField+GradFarF+Kalman+StaticSup,horizontal best
cap_003653,2026-08-24T15:37:00.032,horizontal,23.84,26.34,0,0,0.0,TempBand+Watershed+Merge+ClustSml+ShapeGate+MinPeaks+P-Filter+EquipRej+SkinPrio+Omega+OmScale+OmSplit+OmRot+FarField+GradFarF+Kalman+StaticSup,horizontal best
cap_003654,2026-08-24T15:37:00.160,horizontal,23.86,26.36,0,0,0.0,TempBand+Watershed+Merge+ClustSml+ShapeGate+MinPeaks+P-Filter+EquipRej+SkinPrio+Omega+OmScale+OmSplit+OmRot+FarField+GradFarF+Kalman+StaticSup,horizontal best
cap_003655,2026-08-24T15:37:00.225,horizontal,23.93,26.43,0,0,0.0,TempBand+Watershed+Merge+ClustSml+ShapeGate+MinPeaks+P-Filter+EquipRej+SkinPrio+Omega+OmScale+OmSplit+OmRot+FarField+GradFarF+Kalman+StaticSup,horizontal best
cap_003656,2026-08-24T15:37:00.353,horizontal,23.93,26.43,0,0,0.0,TempBand+Watershed+Merge+ClustSml+ShapeGate+MinPeaks+P-Filter+EquipRej+SkinPrio+Omega+OmScale+OmSplit+OmRot+FarField+GradFarF+Kalman+StaticSup,horizontal best
cap_003657,2026-08-24T15:37:00.485,horizontal,23.95,26.45,0,0,0.0,TempBand+Watershed+Merge+ClustSml+ShapeGate+MinPeaks+P-Filter+EquipRej+SkinPrio+Omega+OmScale+OmSplit+OmRot+FarField+GradFarF+Kalman+StaticSup,horizontal best
cap_003658,2026-08-24T15:37:00.695,horizontal,23.93,26.43,0,0,0.0,TempBand+Watershed+Merge+ClustSml+ShapeGate+MinPeaks+P-Filter+EquipRej+SkinPrio+Omega+OmScale+OmSplit+OmRot+FarField+GradFarF+Kalman+StaticSup,horizontal best
cap_003659,2026-08-24T15:37:01.254,horizontal,23.93,26.43,0,0,0.0,TempBand+Watershed+Merge+ClustSml+ShapeGate+MinPeaks+P-Filter+EquipRej+SkinPrio+Omega+OmScale+OmSplit+OmRot+FarField+GradFarF+Kalman+StaticSup,horizontal best
cap_003660,2026-08-24T15:37:01.601,horizontal,23.91,26.41,0,0,0.0,TempBand+Watershed+Merge+ClustSml+ShapeGate+MinPeaks+P-Filter+EquipRej+SkinPrio+Omega+OmScale+OmSplit+OmRot+FarField+GradFarF+Kalman+StaticSup,horizontal best
cap_003661,2026-08-24T15:37:01.665,horizontal,23.91,26.41,0,0,0.0,TempBand+Watershed+Merge+ClustSml+ShapeGate+MinPeaks+P-Filter+EquipRej+SkinPrio+Omega+OmScale+OmSplit+OmRot+FarField+GradFarF+Kalman+StaticSup,horizontal best
cap_003662,2026-08-24T15:37:01.714,horizontal,23.91,26.41,0,0,0.0,TempBand+Watershed+Merge+ClustSml+ShapeGate+MinPeaks+P-Filter+EquipRej+SkinPrio+Omega+OmScale+OmSplit+OmRot+FarField+GradFarF+Kalman+StaticSup,horizontal best
cap_003663,2026-08-24T15:37:01.763,horizontal,23.91,26.41,0,0,0.0,TempBand+Watershed+Merge+ClustSml+ShapeGate+MinPeaks+P-Filter+EquipRej+SkinPrio+Omega+OmScale+OmSplit+OmRot+FarField+GradFarF+Kalman+StaticSup,horizontal best
cap_003664,2026-08-24T15:37:01.851,horizontal,23.86,26.36,0,0,0.0,TempBand+Watershed+Merge+ClustSml+ShapeGate+MinPeaks+P-Filter+EquipRej+SkinPrio+Omega+OmScale+OmSplit+OmRot+FarField+GradFarF+Kalman+StaticSup,horizontal best
cap_003665,2026-08-24T15:37:01.960,horizontal,23.86,26.36,0,0,0.0,TempBand+Watershed+Merge+ClustSml+ShapeGate+MinPeaks+P-Filter+EquipRej+SkinPrio+Omega+OmScale+OmSplit+OmRot+FarField+GradFarF+Kalman+StaticSup,horizontal best
cap_003666,2026-08-24T15:37:02.043,horizontal,23.86,26.36,0,0,0.0,TempBand+Watershed+Merge+ClustSml+ShapeGate+MinPeaks+P-Filter+EquipRej+SkinPrio+Omega+OmScale+OmSplit+OmRot+FarField+GradFarF+Kalman+StaticSup,horizontal best
cap_003667,2026-08-24T15:37:02.168,horizontal,23.86,26.36,0,0,0.0,TempBand+Watershed+Merge+ClustSml+ShapeGate+MinPeaks+P-Filter+EquipRej+SkinPrio+Omega+OmScale+OmSplit+OmRot+FarField+GradFarF+Kalman+StaticSup,horizontal best
cap_003668,2026-08-24T15:37:02.275,horizontal,23.86,26.36,0,0,0.0,TempBand+Watershed+Merge+ClustSml+ShapeGate+MinPeaks+P-Filter+EquipRej+SkinPrio+Omega+OmScale+OmSplit+OmRot+FarField+GradFarF+Kalman+StaticSup,horizontal best
cap_003669,2026-08-24T15:37:02.393,horizontal,23.88,26.38,0,0,0.0,TempBand+Watershed+Merge+ClustSml+ShapeGate+MinPeaks+P-Filter+EquipRej+SkinPrio+Omega+OmScale+OmSplit+OmRot+FarField+GradFarF+Kalman+StaticSup,horizontal best
cap_003670,2026-08-24T15:37:02.486,horizontal,23.91,26.41,0,0,0.0,TempBand+Watershed+Merge+ClustSml+ShapeGate+MinPeaks+P-Filter+EquipRej+SkinPrio+Omega+OmScale+OmSplit+OmRot+FarField+GradFarF+Kalman+StaticSup,horizontal best
cap_003671,2026-08-24T15:37:02.614,horizontal,23.91,26.41,0,0,0.0,TempBand+Watershed+Merge+ClustSml+ShapeGate+MinPeaks+P-Filter+EquipRej+SkinPrio+Omega+OmScale+OmSplit+OmRot+FarField+GradFarF+Kalman+StaticSup,horizontal best
cap_003672,2026-08-24T15:37:02.743,horizontal,23.93,26.43,0,0,0.0,TempBand+Watershed+Merge+ClustSml+ShapeGate+MinPeaks+P-Filter+EquipRej+SkinPrio+Omega+OmScale+OmSplit+OmRot+FarField+GradFarF+Kalman+StaticSup,horizontal best
cap_003673,2026-08-24T15:37:02.838,horizontal,23.95,26.45,0,0,0.0,TempBand+Watershed+Merge+ClustSml+ShapeGate+MinPeaks+P-Filter+EquipRej+SkinPrio+Omega+OmScale+OmSplit+OmRot+FarField+GradFarF+Kalman+StaticSup,horizontal best
cap_003674,2026-08-24T15:37:02.968,horizontal,23.95,26.45,1,0,0.0,TempBand+Watershed+Merge+ClustSml+ShapeGate+MinPeaks+P-Filter+EquipRej+SkinPrio+Omega+OmScale+OmSplit+OmRot+FarField+GradFarF+Kalman+StaticSup,horizontal best
cap_003675,2026-08-24T15:37:03.067,horizontal,23.93,26.43,1,1,0.66382795792233,TempBand+Watershed+Merge+ClustSml+ShapeGate+MinPeaks+P-Filter+EquipRej+SkinPrio+Omega+OmScale+OmSplit+OmRot+FarField+GradFarF+Kalman+StaticSup,horizontal best
cap_003676,2026-08-24T15:37:03.198,horizontal,23.93,26.43,1,0,0.0,TempBand+Watershed+Merge+ClustSml+ShapeGate+MinPeaks+P-Filter+EquipRej+SkinPrio+Omega+OmScale+OmSplit+OmRot+FarField+GradFarF+Kalman+StaticSup,horizontal best
cap_003677,2026-08-24T15:37:03.292,horizontal,23.98,26.48,1,0,0.0,TempBand+Watershed+Merge+ClustSml+ShapeGate+MinPeaks+P-Filter+EquipRej+SkinPrio+Omega+OmScale+OmSplit+OmRot+FarField+GradFarF+Kalman+StaticSup,horizontal best
cap_003678,2026-08-24T15:37:03.415,horizontal,23.98,26.48,1,0,0.0,TempBand+Watershed+Merge+ClustSml+ShapeGate+MinPeaks+P-Filter+EquipRej+SkinPrio+Omega+OmScale+OmSplit+OmRot+FarField+GradFarF+Kalman+StaticSup,horizontal best
cap_003679,2026-08-24T15:37:03.544,horizontal,23.98,26.48,1,0,0.0,TempBand+Watershed+Merge+ClustSml+ShapeGate+MinPeaks+P-Filter+EquipRej+SkinPrio+Omega+OmScale+OmSplit+OmRot+FarField+GradFarF+Kalman+StaticSup,horizontal best
cap_003680,2026-08-24T15:37:03.644,horizontal,23.98,26.48,1,0,0.0,TempBand+Watershed+Merge+ClustSml+ShapeGate+MinPeaks+P-Filter+EquipRej+SkinPrio+Omega+OmScale+OmSplit+OmRot+FarField+GradFarF+Kalman+StaticSup,horizontal best
cap_003681,2026-08-24T15:37:03.772,horizontal,23.98,26.48,1,0,0.0,TempBand+Watershed+Merge+ClustSml+ShapeGate+MinPeaks+P-Filter+EquipRej+SkinPrio+Omega+OmScale+OmSplit+OmRot+FarField+GradFarF+Kalman+StaticSup,horizontal best
cap_003682,2026-08-24T15:37:03.869,horizontal,23.98,26.48,1,0,0.0,TempBand+Watershed+Merge+ClustSml+ShapeGate+MinPeaks+P-Filter+EquipRej+SkinPrio+Omega+OmScale+OmSplit+OmRot+FarField+GradFarF+Kalman+StaticSup,horizontal best
cap_003683,2026-08-24T15:37:03.992,horizontal,23.98,26.48,1,0,0.0,TempBand+Watershed+Merge+ClustSml+ShapeGate+MinPeaks+P-Filter+EquipRej+SkinPrio+Omega+OmScale+OmSplit+OmRot+FarField+GradFarF+Kalman+StaticSup,horizontal best
cap_003684,2026-08-24T15:37:04.087,horizontal,24.00,26.50,1,0,0.0,TempBand+Watershed+Merge+ClustSml+ShapeGate+MinPeaks+P-Filter+EquipRej+SkinPrio+Omega+OmScale+OmSplit+OmRot+FarField+GradFarF+Kalman+StaticSup,horizontal best
cap_003685,2026-08-24T15:37:04.220,horizontal,23.98,26.48,1,2,0.871586152592402,TempBand+Watershed+Merge+ClustSml+ShapeGate+MinPeaks+P-Filter+EquipRej+SkinPrio+Omega+OmScale+OmSplit+OmRot+FarField+GradFarF+Kalman+StaticSup,horizontal best
cap_003686,2026-08-24T15:37:04.323,horizontal,24.00,26.50,1,2,0.95417185058879,TempBand+Watershed+Merge+ClustSml+ShapeGate+MinPeaks+P-Filter+EquipRej+SkinPrio+Omega+OmScale+OmSplit+OmRot+FarField+GradFarF+Kalman+StaticSup,horizontal best
cap_003687,2026-08-24T15:37:04.449,horizontal,24.00,26.50,1,1,0.8809435256674338,TempBand+Watershed+Merge+ClustSml+ShapeGate+MinPeaks+P-Filter+EquipRej+SkinPrio+Omega+OmScale+OmSplit+OmRot+FarField+GradFarF+Kalman+StaticSup,horizontal best
cap_003688,2026-08-24T15:37:04.573,horizontal,23.95,26.45,1,2,0.9421122855999339,TempBand+Watershed+Merge+ClustSml+ShapeGate+MinPeaks+P-Filter+EquipRej+SkinPrio+Omega+OmScale+OmSplit+OmRot+FarField+GradFarF+Kalman+StaticSup,horizontal best
cap_003689,2026-08-24T15:37:04.670,horizontal,23.95,26.45,1,2,0.9177014862275519,TempBand+Watershed+Merge+ClustSml+ShapeGate+MinPeaks+P-Filter+EquipRej+SkinPrio+Omega+OmScale+OmSplit+OmRot+FarField+GradFarF+Kalman+StaticSup,horizontal best
cap_003690,2026-08-24T15:37:04.800,horizontal,24.00,26.50,1,1,0.9396451967554104,TempBand+Watershed+Merge+ClustSml+ShapeGate+MinPeaks+P-Filter+EquipRej+SkinPrio+Omega+OmScale+OmSplit+OmRot+FarField+GradFarF+Kalman+StaticSup,horizontal best
cap_003691,2026-08-24T15:37:04.897,horizontal,23.98,26.48,1,2,0.9203227792927854,TempBand+Watershed+Merge+ClustSml+ShapeGate+MinPeaks+P-Filter+EquipRej+SkinPrio+Omega+OmScale+OmSplit+OmRot+FarField+GradFarF+Kalman+StaticSup,horizontal best
cap_003692,2026-08-24T15:37:05.024,horizontal,23.98,26.48,1,2,0.980985282355411,TempBand+Watershed+Merge+ClustSml+ShapeGate+MinPeaks+P-Filter+EquipRej+SkinPrio+Omega+OmScale+OmSplit+OmRot+FarField+GradFarF+Kalman+StaticSup,horizontal best
cap_003693,2026-08-24T15:37:05.119,horizontal,23.98,26.48,1,2,0.9042914965506393,TempBand+Watershed+Merge+ClustSml+ShapeGate+MinPeaks+P-Filter+EquipRej+SkinPrio+Omega+OmScale+OmSplit+OmRot+FarField+GradFarF+Kalman+StaticSup,horizontal best
cap_003694,2026-08-24T15:37:05.245,horizontal,23.95,26.45,1,2,0.9343263751563055,TempBand+Watershed+Merge+ClustSml+ShapeGate+MinPeaks+P-Filter+EquipRej+SkinPrio+Omega+OmScale+OmSplit+OmRot+FarField+GradFarF+Kalman+StaticSup,horizontal best
cap_003695,2026-08-24T15:37:05.374,horizontal,23.95,26.45,1,2,0.9390757993244979,TempBand+Watershed+Merge+ClustSml+ShapeGate+MinPeaks+P-Filter+EquipRej+SkinPrio+Omega+OmScale+OmSplit+OmRot+FarField+GradFarF+Kalman+StaticSup,horizontal best
cap_003696,2026-08-24T15:37:05.473,horizontal,23.95,26.45,1,2,0.9381661710916688,TempBand+Watershed+Merge+ClustSml+ShapeGate+MinPeaks+P-Filter+EquipRej+SkinPrio+Omega+OmScale+OmSplit+OmRot+FarField+GradFarF+Kalman+StaticSup,horizontal best
cap_003697,2026-08-24T15:37:05.604,horizontal,23.93,26.43,1,1,0.8893482843670864,TempBand+Watershed+Merge+ClustSml+ShapeGate+MinPeaks+P-Filter+EquipRej+SkinPrio+Omega+OmScale+OmSplit+OmRot+FarField+GradFarF+Kalman+StaticSup,horizontal best
cap_003698,2026-08-24T15:37:05.708,horizontal,23.93,26.43,1,2,0.9807692697418563,TempBand+Watershed+Merge+ClustSml+ShapeGate+MinPeaks+P-Filter+EquipRej+SkinPrio+Omega+OmScale+OmSplit+OmRot+FarField+GradFarF+Kalman+StaticSup,horizontal best
cap_003699,2026-08-24T15:37:05.813,horizontal,23.93,26.43,0,0,0.0,TempBand+Watershed+Merge+ClustSml+ShapeGate+MinPeaks+P-Filter+EquipRej+SkinPrio+Omega+OmScale+OmSplit+OmRot+FarField+GradFarF+Kalman+StaticSup,horizontal best
cap_003700,2026-08-24T15:37:05.912,horizontal,23.91,26.41,1,0,0.0,TempBand+Watershed+Merge+ClustSml+ShapeGate+MinPeaks+P-Filter+EquipRej+SkinPrio+Omega+OmScale+OmSplit+OmRot+FarField+GradFarF+Kalman+StaticSup,horizontal best
cap_003701,2026-08-24T15:37:06.042,horizontal,23.88,26.38,1,0,0.0,TempBand+Watershed+Merge+ClustSml+ShapeGate+MinPeaks+P-Filter+EquipRej+SkinPrio+Omega+OmScale+OmSplit+OmRot+FarField+GradFarF+Kalman+StaticSup,horizontal best
cap_003702,2026-08-24T15:37:06.140,horizontal,23.86,26.36,1,0,0.0,TempBand+Watershed+Merge+ClustSml+ShapeGate+MinPeaks+P-Filter+EquipRej+SkinPrio+Omega+OmScale+OmSplit+OmRot+FarField+GradFarF+Kalman+StaticSup,horizontal best
cap_003703,2026-08-24T15:37:06.270,horizontal,23.86,26.36,1,0,0.0,TempBand+Watershed+Merge+ClustSml+ShapeGate+MinPeaks+P-Filter+EquipRej+SkinPrio+Omega+OmScale+OmSplit+OmRot+FarField+GradFarF+Kalman+StaticSup,horizontal best
cap_003704,2026-08-24T15:37:06.397,horizontal,23.88,26.38,1,0,0.0,TempBand+Watershed+Merge+ClustSml+ShapeGate+MinPeaks+P-Filter+EquipRej+SkinPrio+Omega+OmScale+OmSplit+OmRot+FarField+GradFarF+Kalman+StaticSup,horizontal best
cap_003705,2026-08-24T15:37:06.516,horizontal,23.88,26.38,1,0,0.0,TempBand+Watershed+Merge+ClustSml+ShapeGate+MinPeaks+P-Filter+EquipRej+SkinPrio+Omega+OmScale+OmSplit+OmRot+FarField+GradFarF+Kalman+StaticSup,horizontal best
cap_003706,2026-08-24T15:37:06.623,horizontal,23.93,26.43,1,0,0.0,TempBand+Watershed+Merge+ClustSml+ShapeGate+MinPeaks+P-Filter+EquipRej+SkinPrio+Omega+OmScale+OmSplit+OmRot+FarField+GradFarF+Kalman+StaticSup,horizontal best
cap_003707,2026-08-24T15:37:06.714,horizontal,23.95,26.45,1,0,0.0,TempBand+Watershed+Merge+ClustSml+ShapeGate+MinPeaks+P-Filter+EquipRej+SkinPrio+Omega+OmScale+OmSplit+OmRot+FarField+GradFarF+Kalman+StaticSup,horizontal best
cap_003708,2026-08-24T15:37:06.843,horizontal,23.95,26.45,1,0,0.0,TempBand+Watershed+Merge+ClustSml+ShapeGate+MinPeaks+P-Filter+EquipRej+SkinPrio+Omega+OmScale+OmSplit+OmRot+FarField+GradFarF+Kalman+StaticSup,horizontal best
cap_003709,2026-08-24T15:37:06.939,horizontal,23.95,26.45,1,0,0.0,TempBand+Watershed+Merge+ClustSml+ShapeGate+MinPeaks+P-Filter+EquipRej+SkinPrio+Omega+OmScale+OmSplit+OmRot+FarField+GradFarF+Kalman+StaticSup,horizontal best
cap_003710,2026-08-24T15:37:07.067,horizontal,23.95,26.45,1,0,0.0,TempBand+Watershed+Merge+ClustSml+ShapeGate+MinPeaks+P-Filter+EquipRej+SkinPrio+Omega+OmScale+OmSplit+OmRot+FarField+GradFarF+Kalman+StaticSup,horizontal best
cap_003711,2026-08-24T15:37:07.160,horizontal,23.95,26.45,1,0,0.0,TempBand+Watershed+Merge+ClustSml+ShapeGate+MinPeaks+P-Filter+EquipRej+SkinPrio+Omega+OmScale+OmSplit+OmRot+FarField+GradFarF+Kalman+StaticSup,horizontal best
cap_003712,2026-08-24T15:37:07.290,horizontal,23.98,26.48,0,0,0.0,TempBand+Watershed+Merge+ClustSml+ShapeGate+MinPeaks+P-Filter+EquipRej+SkinPrio+Omega+OmScale+OmSplit+OmRot+FarField+GradFarF+Kalman+StaticSup,horizontal best
cap_003713,2026-08-24T15:37:07.418,horizontal,23.98,26.48,0,0,0.0,TempBand+Watershed+Merge+ClustSml+ShapeGate+MinPeaks+P-Filter+EquipRej+SkinPrio+Omega+OmScale+OmSplit+OmRot+FarField+GradFarF+Kalman+StaticSup,horizontal best
cap_003714,2026-08-24T15:37:07.515,horizontal,23.95,26.45,0,0,0.0,TempBand+Watershed+Merge+ClustSml+ShapeGate+MinPeaks+P-Filter+EquipRej+SkinPrio+Omega+OmScale+OmSplit+OmRot+FarField+GradFarF+Kalman+StaticSup,horizontal best
cap_003715,2026-08-24T15:37:07.639,horizontal,23.92,26.42,0,0,0.0,TempBand+Watershed+Merge+ClustSml+ShapeGate+MinPeaks+P-Filter+EquipRej+SkinPrio+Omega+OmScale+OmSplit+OmRot+FarField+GradFarF+Kalman+StaticSup,horizontal best
cap_003716,2026-08-24T15:37:07.733,horizontal,23.93,26.43,0,0,0.0,TempBand+Watershed+Merge+ClustSml+ShapeGate+MinPeaks+P-Filter+EquipRej+SkinPrio+Omega+OmScale+OmSplit+OmRot+FarField+GradFarF+Kalman+StaticSup,horizontal best
cap_003717,2026-08-24T15:37:07.862,horizontal,23.98,26.48,0,0,0.0,TempBand+Watershed+Merge+ClustSml+ShapeGate+MinPeaks+P-Filter+EquipRej+SkinPrio+Omega+OmScale+OmSplit+OmRot+FarField+GradFarF+Kalman+StaticSup,horizontal best
cap_003718,2026-08-24T15:37:07.958,horizontal,23.95,26.45,0,0,0.0,TempBand+Watershed+Merge+ClustSml+ShapeGate+MinPeaks+P-Filter+EquipRej+SkinPrio+Omega+OmScale+OmSplit+OmRot+FarField+GradFarF+Kalman+StaticSup,horizontal best
cap_003719,2026-08-24T15:37:08.085,horizontal,23.98,26.48,0,0,0.0,TempBand+Watershed+Merge+ClustSml+ShapeGate+MinPeaks+P-Filter+EquipRej+SkinPrio+Omega+OmScale+OmSplit+OmRot+FarField+GradFarF+Kalman+StaticSup,horizontal best
cap_003720,2026-08-24T15:37:08.214,horizontal,23.98,26.48,0,0,0.0,TempBand+Watershed+Merge+ClustSml+ShapeGate+MinPeaks+P-Filter+EquipRej+SkinPrio+Omega+OmScale+OmSplit+OmRot+FarField+GradFarF+Kalman+StaticSup,horizontal best
cap_003721,2026-08-24T15:37:08.309,horizontal,23.98,26.48,0,0,0.0,TempBand+Watershed+Merge+ClustSml+ShapeGate+MinPeaks+P-Filter+EquipRej+SkinPrio+Omega+OmScale+OmSplit+OmRot+FarField+GradFarF+Kalman+StaticSup,horizontal best
cap_003722,2026-08-24T15:37:08.438,horizontal,24.02,26.52,0,0,0.0,TempBand+Watershed+Merge+ClustSml+ShapeGate+MinPeaks+P-Filter+EquipRej+SkinPrio+Omega+OmScale+OmSplit+OmRot+FarField+GradFarF+Kalman+StaticSup,horizontal best
cap_003723,2026-08-24T15:37:08.537,horizontal,24.07,26.57,0,0,0.0,TempBand+Watershed+Merge+ClustSml+ShapeGate+MinPeaks+P-Filter+EquipRej+SkinPrio+Omega+OmScale+OmSplit+OmRot+FarField+GradFarF+Kalman+StaticSup,horizontal best
cap_003724,2026-08-24T15:37:08.666,horizontal,24.09,26.59,0,0,0.0,TempBand+Watershed+Merge+ClustSml+ShapeGate+MinPeaks+P-Filter+EquipRej+SkinPrio+Omega+OmScale+OmSplit+OmRot+FarField+GradFarF+Kalman+StaticSup,horizontal best
cap_003725,2026-08-24T15:37:08.758,horizontal,24.07,26.57,0,0,0.0,TempBand+Watershed+Merge+ClustSml+ShapeGate+MinPeaks+P-Filter+EquipRej+SkinPrio+Omega+OmScale+OmSplit+OmRot+FarField+GradFarF+Kalman+StaticSup,horizontal best
cap_003726,2026-08-24T15:37:08.893,horizontal,24.09,26.59,0,0,0.0,TempBand+Watershed+Merge+ClustSml+ShapeGate+MinPeaks+P-Filter+EquipRej+SkinPrio+Omega+OmScale+OmSplit+OmRot+FarField+GradFarF+Kalman+StaticSup,horizontal best
cap_003727,2026-08-24T15:37:08.994,horizontal,24.09,26.59,0,0,0.0,TempBand+Watershed+Merge+ClustSml+ShapeGate+MinPeaks+P-Filter+EquipRej+SkinPrio+Omega+OmScale+OmSplit+OmRot+FarField+GradFarF+Kalman+StaticSup,horizontal best
cap_003728,2026-08-24T15:37:09.115,horizontal,24.11,26.61,0,0,0.0,TempBand+Watershed+Merge+ClustSml+ShapeGate+MinPeaks+P-Filter+EquipRej+SkinPrio+Omega+OmScale+OmSplit+OmRot+FarField+GradFarF+Kalman+StaticSup,horizontal best
cap_003729,2026-08-24T15:37:09.244,horizontal,24.09,26.59,0,0,0.0,TempBand+Watershed+Merge+ClustSml+ShapeGate+MinPeaks+P-Filter+EquipRej+SkinPrio+Omega+OmScale+OmSplit+OmRot+FarField+GradFarF+Kalman+StaticSup,horizontal best
cap_003730,2026-08-24T15:37:09.340,horizontal,24.09,26.59,1,2,0.9292241626038457,TempBand+Watershed+Merge+ClustSml+ShapeGate+MinPeaks+P-Filter+EquipRej+SkinPrio+Omega+OmScale+OmSplit+OmRot+FarField+GradFarF+Kalman+StaticSup,horizontal best
cap_003731,2026-08-24T15:37:09.468,horizontal,24.09,26.59,1,2,0.9718662925234346,TempBand+Watershed+Merge+ClustSml+ShapeGate+MinPeaks+P-Filter+EquipRej+SkinPrio+Omega+OmScale+OmSplit+OmRot+FarField+GradFarF+Kalman+StaticSup,horizontal best
cap_003732,2026-08-24T15:37:09.565,horizontal,24.09,26.59,0,0,0.0,TempBand+Watershed+Merge+ClustSml+ShapeGate+MinPeaks+P-Filter+EquipRej+SkinPrio+Omega+OmScale+OmSplit+OmRot+FarField+GradFarF+Kalman+StaticSup,horizontal best
cap_003733,2026-08-24T15:37:09.691,horizontal,24.16,26.66,1,2,0.9305799870474832,TempBand+Watershed+Merge+ClustSml+ShapeGate+MinPeaks+P-Filter+EquipRej+SkinPrio+Omega+OmScale+OmSplit+OmRot+FarField+GradFarF+Kalman+StaticSup,horizontal best
cap_003734,2026-08-24T15:37:09.790,horizontal,24.16,26.66,1,2,0.9305799870474832,TempBand+Watershed+Merge+ClustSml+ShapeGate+MinPeaks+P-Filter+EquipRej+SkinPrio+Omega+OmScale+OmSplit+OmRot+FarField+GradFarF+Kalman+StaticSup,horizontal best
cap_003735,2026-08-24T15:37:09.919,horizontal,24.18,26.68,1,2,0.9305799870474832,TempBand+Watershed+Merge+ClustSml+ShapeGate+MinPeaks+P-Filter+EquipRej+SkinPrio+Omega+OmScale+OmSplit+OmRot+FarField+GradFarF+Kalman+StaticSup,horizontal best
cap_003736,2026-08-24T15:37:10.049,horizontal,24.16,26.66,2,2,0.9032993328458797,TempBand+Watershed+Merge+ClustSml+ShapeGate+MinPeaks+P-Filter+EquipRej+SkinPrio+Omega+OmScale+OmSplit+OmRot+FarField+GradFarF+Kalman+StaticSup,horizontal best
cap_003737,2026-08-24T15:37:10.143,horizontal,24.18,26.68,2,3,0.9546397671437798,TempBand+Watershed+Merge+ClustSml+ShapeGate+MinPeaks+P-Filter+EquipRej+SkinPrio+Omega+OmScale+OmSplit+OmRot+FarField+GradFarF+Kalman+StaticSup,horizontal best
cap_003738,2026-08-24T15:37:10.266,horizontal,24.18,26.68,0,0,0.0,TempBand+Watershed+Merge+ClustSml+ShapeGate+MinPeaks+P-Filter+EquipRej+SkinPrio+Omega+OmScale+OmSplit+OmRot+FarField+GradFarF+Kalman+StaticSup,horizontal best
cap_003739,2026-08-24T15:37:10.358,horizontal,24.21,26.71,0,0,0.0,TempBand+Watershed+Merge+ClustSml+ShapeGate+MinPeaks+P-Filter+EquipRej+SkinPrio+Omega+OmScale+OmSplit+OmRot+FarField+GradFarF+Kalman+StaticSup,horizontal best
cap_003740,2026-08-24T15:37:10.486,horizontal,24.21,26.71,0,0,0.0,TempBand+Watershed+Merge+ClustSml+ShapeGate+MinPeaks+P-Filter+EquipRej+SkinPrio+Omega+OmScale+OmSplit+OmRot+FarField+GradFarF+Kalman+StaticSup,horizontal best
cap_003741,2026-08-24T15:37:10.584,horizontal,24.21,26.71,0,0,0.0,TempBand+Watershed+Merge+ClustSml+ShapeGate+MinPeaks+P-Filter+EquipRej+SkinPrio+Omega+OmScale+OmSplit+OmRot+FarField+GradFarF+Kalman+StaticSup,horizontal best
cap_003742,2026-08-24T15:37:10.713,horizontal,24.21,26.71,0,0,0.0,TempBand+Watershed+Merge+ClustSml+ShapeGate+MinPeaks+P-Filter+EquipRej+SkinPrio+Omega+OmScale+OmSplit+OmRot+FarField+GradFarF+Kalman+StaticSup,horizontal best
cap_003743,2026-08-24T15:37:10.810,horizontal,24.23,26.73,0,0,0.0,TempBand+Watershed+Merge+ClustSml+ShapeGate+MinPeaks+P-Filter+EquipRej+SkinPrio+Omega+OmScale+OmSplit+OmRot+FarField+GradFarF+Kalman+StaticSup,horizontal best
cap_003744,2026-08-24T15:37:10.934,horizontal,24.28,26.78,0,0,0.0,TempBand+Watershed+Merge+ClustSml+ShapeGate+MinPeaks+P-Filter+EquipRej+SkinPrio+Omega+OmScale+OmSplit+OmRot+FarField+GradFarF+Kalman+StaticSup,horizontal best
cap_003745,2026-08-24T15:37:11.077,horizontal,24.32,26.82,0,0,0.0,TempBand+Watershed+Merge+ClustSml+ShapeGate+MinPeaks+P-Filter+EquipRej+SkinPrio+Omega+OmScale+OmSplit+OmRot+FarField+GradFarF+Kalman+StaticSup,horizontal best
cap_003746,2026-08-24T15:37:11.160,horizontal,24.37,26.87,0,0,0.0,TempBand+Watershed+Merge+ClustSml+ShapeGate+MinPeaks+P-Filter+EquipRej+SkinPrio+Omega+OmScale+OmSplit+OmRot+FarField+GradFarF+Kalman+StaticSup,horizontal best
cap_003747,2026-08-24T15:37:11.296,horizontal,24.37,26.87,1,0,0.0,TempBand+Watershed+Merge+ClustSml+ShapeGate+MinPeaks+P-Filter+EquipRej+SkinPrio+Omega+OmScale+OmSplit+OmRot+FarField+GradFarF+Kalman+StaticSup,horizontal best
cap_003748,2026-08-24T15:37:11.389,horizontal,24.39,26.89,1,1,0.9395649528249281,TempBand+Watershed+Merge+ClustSml+ShapeGate+MinPeaks+P-Filter+EquipRej+SkinPrio+Omega+OmScale+OmSplit+OmRot+FarField+GradFarF+Kalman+StaticSup,horizontal best
cap_003749,2026-08-24T15:37:11.518,horizontal,24.39,26.89,1,2,0.9556319854924759,TempBand+Watershed+Merge+ClustSml+ShapeGate+MinPeaks+P-Filter+EquipRej+SkinPrio+Omega+OmScale+OmSplit+OmRot+FarField+GradFarF+Kalman+StaticSup,horizontal best
cap_003750,2026-08-24T15:37:11.615,horizontal,24.41,26.91,1,2,0.9600263007416392,TempBand+Watershed+Merge+ClustSml+ShapeGate+MinPeaks+P-Filter+EquipRej+SkinPrio+Omega+OmScale+OmSplit+OmRot+FarField+GradFarF+Kalman+StaticSup,horizontal best
cap_003751,2026-08-24T15:37:11.742,horizontal,24.39,26.89,1,2,0.8662012157906941,TempBand+Watershed+Merge+ClustSml+ShapeGate+MinPeaks+P-Filter+EquipRej+SkinPrio+Omega+OmScale+OmSplit+OmRot+FarField+GradFarF+Kalman+StaticSup,horizontal best
cap_003752,2026-08-24T15:37:11.837,horizontal,24.39,26.89,1,2,0.9460842369047644,TempBand+Watershed+Merge+ClustSml+ShapeGate+MinPeaks+P-Filter+EquipRej+SkinPrio+Omega+OmScale+OmSplit+OmRot+FarField+GradFarF+Kalman+StaticSup,horizontal best
cap_003753,2026-08-24T15:37:11.965,horizontal,24.39,26.89,1,1,0.9500523822646085,TempBand+Watershed+Merge+ClustSml+ShapeGate+MinPeaks+P-Filter+EquipRej+SkinPrio+Omega+OmScale+OmSplit+OmRot+FarField+GradFarF+Kalman+StaticSup,horizontal best
cap_003754,2026-08-24T15:37:12.092,horizontal,24.37,26.87,1,1,0.8768872975642543,TempBand+Watershed+Merge+ClustSml+ShapeGate+MinPeaks+P-Filter+EquipRej+SkinPrio+Omega+OmScale+OmSplit+OmRot+FarField+GradFarF+Kalman+StaticSup,horizontal best
cap_003755,2026-08-24T15:37:12.190,horizontal,24.37,26.87,1,1,0.8298789063546237,TempBand+Watershed+Merge+ClustSml+ShapeGate+MinPeaks+P-Filter+EquipRej+SkinPrio+Omega+OmScale+OmSplit+OmRot+FarField+GradFarF+Kalman+StaticSup,horizontal best
cap_003756,2026-08-24T15:37:12.322,horizontal,24.37,26.87,1,1,0.9527563998871048,TempBand+Watershed+Merge+ClustSml+ShapeGate+MinPeaks+P-Filter+EquipRej+SkinPrio+Omega+OmScale+OmSplit+OmRot+FarField+GradFarF+Kalman+StaticSup,horizontal best
cap_003757,2026-08-24T15:37:12.418,horizontal,24.41,26.91,1,1,0.8620295162520729,TempBand+Watershed+Merge+ClustSml+ShapeGate+MinPeaks+P-Filter+EquipRej+SkinPrio+Omega+OmScale+OmSplit+OmRot+FarField+GradFarF+Kalman+StaticSup,horizontal best
cap_003758,2026-08-24T15:37:12.548,horizontal,24.44,26.94,1,1,0.9106298728960107,TempBand+Watershed+Merge+ClustSml+ShapeGate+MinPeaks+P-Filter+EquipRej+SkinPrio+Omega+OmScale+OmSplit+OmRot+FarField+GradFarF+Kalman+StaticSup,horizontal best
cap_003759,2026-08-24T15:37:12.645,horizontal,24.44,26.94,1,1,0.8444049450503283,TempBand+Watershed+Merge+ClustSml+ShapeGate+MinPeaks+P-Filter+EquipRej+SkinPrio+Omega+OmScale+OmSplit+OmRot+FarField+GradFarF+Kalman+StaticSup,horizontal best
cap_003760,2026-08-24T15:37:12.770,horizontal,24.48,26.98,2,2,0.9317566375293652,TempBand+Watershed+Merge+ClustSml+ShapeGate+MinPeaks+P-Filter+EquipRej+SkinPrio+Omega+OmScale+OmSplit+OmRot+FarField+GradFarF+Kalman+StaticSup,horizontal best
cap_003761,2026-08-24T15:37:12.896,horizontal,24.48,26.98,2,2,0.9406431421150541,TempBand+Watershed+Merge+ClustSml+ShapeGate+MinPeaks+P-Filter+EquipRej+SkinPrio+Omega+OmScale+OmSplit+OmRot+FarField+GradFarF+Kalman+StaticSup,horizontal best
cap_003762,2026-08-24T15:37:12.988,horizontal,24.46,26.96,1,2,0.9784150026254528,TempBand+Watershed+Merge+ClustSml+ShapeGate+MinPeaks+P-Filter+EquipRej+SkinPrio+Omega+OmScale+OmSplit+OmRot+FarField+GradFarF+Kalman+StaticSup,horizontal best
cap_003763,2026-08-24T15:37:13.115,horizontal,24.46,26.96,1,0,0.0,TempBand+Watershed+Merge+ClustSml+ShapeGate+MinPeaks+P-Filter+EquipRej+SkinPrio+Omega+OmScale+OmSplit+OmRot+FarField+GradFarF+Kalman+StaticSup,horizontal best
cap_003764,2026-08-24T15:37:13.217,horizontal,24.48,26.98,1,2,0.9211089860182592,TempBand+Watershed+Merge+ClustSml+ShapeGate+MinPeaks+P-Filter+EquipRej+SkinPrio+Omega+OmScale+OmSplit+OmRot+FarField+GradFarF+Kalman+StaticSup,horizontal best
cap_003765,2026-08-24T15:37:13.342,horizontal,24.46,26.96,1,1,0.9765981514225276,TempBand+Watershed+Merge+ClustSml+ShapeGate+MinPeaks+P-Filter+EquipRej+SkinPrio+Omega+OmScale+OmSplit+OmRot+FarField+GradFarF+Kalman+StaticSup,horizontal best
cap_003766,2026-08-24T15:37:13.437,horizontal,24.48,26.98,1,2,0.8618852553600369,TempBand+Watershed+Merge+ClustSml+ShapeGate+MinPeaks+P-Filter+EquipRej+SkinPrio+Omega+OmScale+OmSplit+OmRot+FarField+GradFarF+Kalman+StaticSup,horizontal best
cap_003767,2026-08-24T15:37:13.564,horizontal,24.46,26.96,1,0,0.0,TempBand+Watershed+Merge+ClustSml+ShapeGate+MinPeaks+P-Filter+EquipRej+SkinPrio+Omega+OmScale+OmSplit+OmRot+FarField+GradFarF+Kalman+StaticSup,horizontal best
cap_003768,2026-08-24T15:37:13.659,horizontal,24.46,26.96,1,0,0.0,TempBand+Watershed+Merge+ClustSml+ShapeGate+MinPeaks+P-Filter+EquipRej+SkinPrio+Omega+OmScale+OmSplit+OmRot+FarField+GradFarF+Kalman+StaticSup,horizontal best
cap_003769,2026-08-24T15:37:13.784,horizontal,24.46,26.96,0,0,0.0,TempBand+Watershed+Merge+ClustSml+ShapeGate+MinPeaks+P-Filter+EquipRej+SkinPrio+Omega+OmScale+OmSplit+OmRot+FarField+GradFarF+Kalman+StaticSup,horizontal best
cap_003770,2026-08-24T15:37:13.920,horizontal,24.46,26.96,0,0,0.0,TempBand+Watershed+Merge+ClustSml+ShapeGate+MinPeaks+P-Filter+EquipRej+SkinPrio+Omega+OmScale+OmSplit+OmRot+FarField+GradFarF+Kalman+StaticSup,horizontal best
cap_003771,2026-08-24T15:37:14.011,horizontal,24.44,26.94,0,0,0.0,TempBand+Watershed+Merge+ClustSml+ShapeGate+MinPeaks+P-Filter+EquipRej+SkinPrio+Omega+OmScale+OmSplit+OmRot+FarField+GradFarF+Kalman+StaticSup,horizontal best
cap_003772,2026-08-24T15:37:14.138,horizontal,24.44,26.94,1,0,0.0,TempBand+Watershed+Merge+ClustSml+ShapeGate+MinPeaks+P-Filter+EquipRej+SkinPrio+Omega+OmScale+OmSplit+OmRot+FarField+GradFarF+Kalman+StaticSup,horizontal best
cap_003773,2026-08-24T15:37:14.231,horizontal,24.43,26.93,0,0,0.0,TempBand+Watershed+Merge+ClustSml+ShapeGate+MinPeaks+P-Filter+EquipRej+SkinPrio+Omega+OmScale+OmSplit+OmRot+FarField+GradFarF+Kalman+StaticSup,horizontal best
cap_003774,2026-08-24T15:37:14.360,horizontal,24.41,26.91,0,0,0.0,TempBand+Watershed+Merge+ClustSml+ShapeGate+MinPeaks+P-Filter+EquipRej+SkinPrio+Omega+OmScale+OmSplit+OmRot+FarField+GradFarF+Kalman+StaticSup,horizontal best
cap_003775,2026-08-24T15:37:14.456,horizontal,24.41,26.91,0,0,0.0,TempBand+Watershed+Merge+ClustSml+ShapeGate+MinPeaks+P-Filter+EquipRej+SkinPrio+Omega+OmScale+OmSplit+OmRot+FarField+GradFarF+Kalman+StaticSup,horizontal best
cap_003776,2026-08-24T15:37:14.588,horizontal,24.39,26.89,0,0,0.0,TempBand+Watershed+Merge+ClustSml+ShapeGate+MinPeaks+P-Filter+EquipRej+SkinPrio+Omega+OmScale+OmSplit+OmRot+FarField+GradFarF+Kalman+StaticSup,horizontal best
cap_003777,2026-08-24T15:37:14.716,horizontal,24.41,26.91,0,0,0.0,TempBand+Watershed+Merge+ClustSml+ShapeGate+MinPeaks+P-Filter+EquipRej+SkinPrio+Omega+OmScale+OmSplit+OmRot+FarField+GradFarF+Kalman+StaticSup,horizontal best
cap_003778,2026-08-24T15:37:14.831,horizontal,24.39,26.89,0,0,0.0,TempBand+Watershed+Merge+ClustSml+ShapeGate+MinPeaks+P-Filter+EquipRej+SkinPrio+Omega+OmScale+OmSplit+OmRot+FarField+GradFarF+Kalman+StaticSup,horizontal best
cap_003779,2026-08-24T15:37:14.939,horizontal,24.41,26.91,0,0,0.0,TempBand+Watershed+Merge+ClustSml+ShapeGate+MinPeaks+P-Filter+EquipRej+SkinPrio+Omega+OmScale+OmSplit+OmRot+FarField+GradFarF+Kalman+StaticSup,horizontal best
cap_003780,2026-08-24T15:37:15.037,horizontal,24.41,26.91,0,0,0.0,TempBand+Watershed+Merge+ClustSml+ShapeGate+MinPeaks+P-Filter+EquipRej+SkinPrio+Omega+OmScale+OmSplit+OmRot+FarField+GradFarF+Kalman+StaticSup,horizontal best
cap_003781,2026-08-24T15:37:15.163,horizontal,24.41,26.91,0,0,0.0,TempBand+Watershed+Merge+ClustSml+ShapeGate+MinPeaks+P-Filter+EquipRej+SkinPrio+Omega+OmScale+OmSplit+OmRot+FarField+GradFarF+Kalman+StaticSup,horizontal best
cap_003782,2026-08-24T15:37:15.259,horizontal,24.41,26.91,0,0,0.0,TempBand+Watershed+Merge+ClustSml+ShapeGate+MinPeaks+P-Filter+EquipRej+SkinPrio+Omega+OmScale+OmSplit+OmRot+FarField+GradFarF+Kalman+StaticSup,horizontal best
cap_003783,2026-08-24T15:37:15.394,horizontal,24.41,26.91,0,0,0.0,TempBand+Watershed+Merge+ClustSml+ShapeGate+MinPeaks+P-Filter+EquipRej+SkinPrio+Omega+OmScale+OmSplit+OmRot+FarField+GradFarF+Kalman+StaticSup,horizontal best
cap_003784,2026-08-24T15:37:15.484,horizontal,24.41,26.91,0,0,0.0,TempBand+Watershed+Merge+ClustSml+ShapeGate+MinPeaks+P-Filter+EquipRej+SkinPrio+Omega+OmScale+OmSplit+OmRot+FarField+GradFarF+Kalman+StaticSup,horizontal best
cap_003785,2026-08-24T15:37:15.617,horizontal,24.44,26.94,0,0,0.0,TempBand+Watershed+Merge+ClustSml+ShapeGate+MinPeaks+P-Filter+EquipRej+SkinPrio+Omega+OmScale+OmSplit+OmRot+FarField+GradFarF+Kalman+StaticSup,horizontal best
cap_003786,2026-08-24T15:37:15.745,horizontal,24.46,26.96,2,2,0.9583571886519542,TempBand+Watershed+Merge+ClustSml+ShapeGate+MinPeaks+P-Filter+EquipRej+SkinPrio+Omega+OmScale+OmSplit+OmRot+FarField+GradFarF+Kalman+StaticSup,horizontal best
cap_003787,2026-08-24T15:37:15.856,horizontal,24.46,26.96,1,1,0.9204280521390614,TempBand+Watershed+Merge+ClustSml+ShapeGate+MinPeaks+P-Filter+EquipRej+SkinPrio+Omega+OmScale+OmSplit+OmRot+FarField+GradFarF+Kalman+StaticSup,horizontal best
cap_003788,2026-08-24T15:37:15.972,horizontal,24.48,26.98,2,2,0.9219836665278976,TempBand+Watershed+Merge+ClustSml+ShapeGate+MinPeaks+P-Filter+EquipRej+SkinPrio+Omega+OmScale+OmSplit+OmRot+FarField+GradFarF+Kalman+StaticSup,horizontal best
cap_003789,2026-08-24T15:37:16.072,horizontal,24.51,27.01,2,2,0.9419082702076212,TempBand+Watershed+Merge+ClustSml+ShapeGate+MinPeaks+P-Filter+EquipRej+SkinPrio+Omega+OmScale+OmSplit+OmRot+FarField+GradFarF+Kalman+StaticSup,horizontal best
cap_003790,2026-08-24T15:37:16.198,horizontal,24.53,27.03,2,2,0.8731244458344879,TempBand+Watershed+Merge+ClustSml+ShapeGate+MinPeaks+P-Filter+EquipRej+SkinPrio+Omega+OmScale+OmSplit+OmRot+FarField+GradFarF+Kalman+StaticSup,horizontal best
cap_003791,2026-08-24T15:37:16.292,horizontal,24.55,27.05,2,2,0.8887173581697024,TempBand+Watershed+Merge+ClustSml+ShapeGate+MinPeaks+P-Filter+EquipRej+SkinPrio+Omega+OmScale+OmSplit+OmRot+FarField+GradFarF+Kalman+StaticSup,horizontal best
cap_003792,2026-08-24T15:37:16.418,horizontal,24.58,27.08,1,1,0.5448531745408012,TempBand+Watershed+Merge+ClustSml+ShapeGate+MinPeaks+P-Filter+EquipRej+SkinPrio+Omega+OmScale+OmSplit+OmRot+FarField+GradFarF+Kalman+StaticSup,horizontal best
cap_003793,2026-08-24T15:37:16.546,horizontal,24.60,27.10,1,1,0.5091722056348209,TempBand+Watershed+Merge+ClustSml+ShapeGate+MinPeaks+P-Filter+EquipRej+SkinPrio+Omega+OmScale+OmSplit+OmRot+FarField+GradFarF+Kalman+StaticSup,horizontal best
cap_003794,2026-08-24T15:37:16.639,horizontal,24.60,27.10,1,1,0.9407594171781936,TempBand+Watershed+Merge+ClustSml+ShapeGate+MinPeaks+P-Filter+EquipRej+SkinPrio+Omega+OmScale+OmSplit+OmRot+FarField+GradFarF+Kalman+StaticSup,horizontal best
cap_003795,2026-08-24T15:37:16.769,horizontal,24.60,27.10,1,1,0.7298043106486811,TempBand+Watershed+Merge+ClustSml+ShapeGate+MinPeaks+P-Filter+EquipRej+SkinPrio+Omega+OmScale+OmSplit+OmRot+FarField+GradFarF+Kalman+StaticSup,horizontal best
cap_003796,2026-08-24T15:37:16.863,horizontal,24.62,27.12,2,2,0.888358541499287,TempBand+Watershed+Merge+ClustSml+ShapeGate+MinPeaks+P-Filter+EquipRej+SkinPrio+Omega+OmScale+OmSplit+OmRot+FarField+GradFarF+Kalman+StaticSup,horizontal best
cap_003797,2026-08-24T15:37:16.994,horizontal,24.60,27.10,1,1,0.19720671869061387,TempBand+Watershed+Merge+ClustSml+ShapeGate+MinPeaks+P-Filter+EquipRej+SkinPrio+Omega+OmScale+OmSplit+OmRot+FarField+GradFarF+Kalman+StaticSup,horizontal best
cap_003798,2026-08-24T15:37:17.090,horizontal,24.60,27.10,2,2,0.9350724974493986,TempBand+Watershed+Merge+ClustSml+ShapeGate+MinPeaks+P-Filter+EquipRej+SkinPrio+Omega+OmScale+OmSplit+OmRot+FarField+GradFarF+Kalman+StaticSup,horizontal best
cap_003799,2026-08-24T15:37:17.218,horizontal,24.58,27.08,2,2,0.9287528585429821,TempBand+Watershed+Merge+ClustSml+ShapeGate+MinPeaks+P-Filter+EquipRej+SkinPrio+Omega+OmScale+OmSplit+OmRot+FarField+GradFarF+Kalman+StaticSup,horizontal best
cap_003800,2026-08-24T15:37:17.310,horizontal,24.60,27.10,1,1,0.2965468871831308,TempBand+Watershed+Merge+ClustSml+ShapeGate+MinPeaks+P-Filter+EquipRej+SkinPrio+Omega+OmScale+OmSplit+OmRot+FarField+GradFarF+Kalman+StaticSup,horizontal best
cap_003801,2026-08-24T15:37:17.441,horizontal,24.60,27.10,2,2,0.8346732113964511,TempBand+Watershed+Merge+ClustSml+ShapeGate+MinPeaks+P-Filter+EquipRej+SkinPrio+Omega+OmScale+OmSplit+OmRot+FarField+GradFarF+Kalman+StaticSup,horizontal best
cap_003802,2026-08-24T15:37:17.568,horizontal,24.60,27.10,2,2,0.8263264792824867,TempBand+Watershed+Merge+ClustSml+ShapeGate+MinPeaks+P-Filter+EquipRej+SkinPrio+Omega+OmScale+OmSplit+OmRot+FarField+GradFarF+Kalman+StaticSup,horizontal best
cap_003803,2026-08-24T15:37:17.665,horizontal,24.60,27.10,2,2,0.8255676854539445,TempBand+Watershed+Merge+ClustSml+ShapeGate+MinPeaks+P-Filter+EquipRej+SkinPrio+Omega+OmScale+OmSplit+OmRot+FarField+GradFarF+Kalman+StaticSup,horizontal best
cap_003804,2026-08-24T15:37:17.794,horizontal,24.60,27.10,2,2,0.8064227334722637,TempBand+Watershed+Merge+ClustSml+ShapeGate+MinPeaks+P-Filter+EquipRej+SkinPrio+Omega+OmScale+OmSplit+OmRot+FarField+GradFarF+Kalman+StaticSup,horizontal best
cap_003805,2026-08-24T15:37:17.888,horizontal,24.60,27.10,2,2,0.8188583505489393,TempBand+Watershed+Merge+ClustSml+ShapeGate+MinPeaks+P-Filter+EquipRej+SkinPrio+Omega+OmScale+OmSplit+OmRot+FarField+GradFarF+Kalman+StaticSup,horizontal best
cap_003806,2026-08-24T15:37:18.017,horizontal,24.60,27.10,2,2,0.8188583505489393,TempBand+Watershed+Merge+ClustSml+ShapeGate+MinPeaks+P-Filter+EquipRej+SkinPrio+Omega+OmScale+OmSplit+OmRot+FarField+GradFarF+Kalman+StaticSup,horizontal best
cap_003807,2026-08-24T15:37:18.113,horizontal,24.60,27.10,2,2,0.932084659906126,TempBand+Watershed+Merge+ClustSml+ShapeGate+MinPeaks+P-Filter+EquipRej+SkinPrio+Omega+OmScale+OmSplit+OmRot+FarField+GradFarF+Kalman+StaticSup,horizontal best
cap_003808,2026-08-24T15:37:18.241,horizontal,24.67,27.17,2,2,0.9161595953650165,TempBand+Watershed+Merge+ClustSml+ShapeGate+MinPeaks+P-Filter+EquipRej+SkinPrio+Omega+OmScale+OmSplit+OmRot+FarField+GradFarF+Kalman+StaticSup,horizontal best
cap_003809,2026-08-24T15:37:18.339,horizontal,24.65,27.15,2,2,0.8590518465463687,TempBand+Watershed+Merge+ClustSml+ShapeGate+MinPeaks+P-Filter+EquipRej+SkinPrio+Omega+OmScale+OmSplit+OmRot+FarField+GradFarF+Kalman+StaticSup,horizontal best
cap_003810,2026-08-24T15:37:18.466,horizontal,24.67,27.17,2,2,0.9077402143173915,TempBand+Watershed+Merge+ClustSml+ShapeGate+MinPeaks+P-Filter+EquipRej+SkinPrio+Omega+OmScale+OmSplit+OmRot+FarField+GradFarF+Kalman+StaticSup,horizontal best
cap_003811,2026-08-24T15:37:18.594,horizontal,24.67,27.17,2,3,0.8726358895603544,TempBand+Watershed+Merge+ClustSml+ShapeGate+MinPeaks+P-Filter+EquipRej+SkinPrio+Omega+OmScale+OmSplit+OmRot+FarField+GradFarF+Kalman+StaticSup,horizontal best
cap_003812,2026-08-24T15:37:18.696,horizontal,24.67,27.17,2,2,0.798067894534866,TempBand+Watershed+Merge+ClustSml+ShapeGate+MinPeaks+P-Filter+EquipRej+SkinPrio+Omega+OmScale+OmSplit+OmRot+FarField+GradFarF+Kalman+StaticSup,horizontal best
cap_003813,2026-08-24T15:37:18.819,horizontal,24.62,27.12,2,2,0.9213118221283163,TempBand+Watershed+Merge+ClustSml+ShapeGate+MinPeaks+P-Filter+EquipRej+SkinPrio+Omega+OmScale+OmSplit+OmRot+FarField+GradFarF+Kalman+StaticSup,horizontal best
cap_003814,2026-08-24T15:37:18.916,horizontal,24.60,27.10,2,2,0.9229012414840552,TempBand+Watershed+Merge+ClustSml+ShapeGate+MinPeaks+P-Filter+EquipRej+SkinPrio+Omega+OmScale+OmSplit+OmRot+FarField+GradFarF+Kalman+StaticSup,horizontal best
cap_003815,2026-08-24T15:37:19.041,horizontal,24.62,27.12,1,1,0.8650883480783422,TempBand+Watershed+Merge+ClustSml+ShapeGate+MinPeaks+P-Filter+EquipRej+SkinPrio+Omega+OmScale+OmSplit+OmRot+FarField+GradFarF+Kalman+StaticSup,horizontal best
cap_003816,2026-08-24T15:37:19.137,horizontal,24.62,27.12,2,2,0.8578680962615693,TempBand+Watershed+Merge+ClustSml+ShapeGate+MinPeaks+P-Filter+EquipRej+SkinPrio+Omega+OmScale+OmSplit+OmRot+FarField+GradFarF+Kalman+StaticSup,horizontal best
cap_003817,2026-08-24T15:37:19.266,horizontal,24.62,27.12,2,2,0.8831129909899277,TempBand+Watershed+Merge+ClustSml+ShapeGate+MinPeaks+P-Filter+EquipRej+SkinPrio+Omega+OmScale+OmSplit+OmRot+FarField+GradFarF+Kalman+StaticSup,horizontal best
cap_003818,2026-08-24T15:37:19.392,horizontal,24.65,27.15,1,1,0.9904139056452249,TempBand+Watershed+Merge+ClustSml+ShapeGate+MinPeaks+P-Filter+EquipRej+SkinPrio+Omega+OmScale+OmSplit+OmRot+FarField+GradFarF+Kalman+StaticSup,horizontal best
cap_003819,2026-08-24T15:37:19.490,horizontal,24.67,27.17,1,1,0.9041105553320321,TempBand+Watershed+Merge+ClustSml+ShapeGate+MinPeaks+P-Filter+EquipRej+SkinPrio+Omega+OmScale+OmSplit+OmRot+FarField+GradFarF+Kalman+StaticSup,horizontal best
cap_003820,2026-08-24T15:37:19.617,horizontal,24.69,27.19,2,2,0.9012648135170436,TempBand+Watershed+Merge+ClustSml+ShapeGate+MinPeaks+P-Filter+EquipRej+SkinPrio+Omega+OmScale+OmSplit+OmRot+FarField+GradFarF+Kalman+StaticSup,horizontal best
cap_003821,2026-08-24T15:37:19.714,horizontal,24.69,27.19,2,2,0.8160369444503436,TempBand+Watershed+Merge+ClustSml+ShapeGate+MinPeaks+P-Filter+EquipRej+SkinPrio+Omega+OmScale+OmSplit+OmRot+FarField+GradFarF+Kalman+StaticSup,horizontal best
cap_003822,2026-08-24T15:37:19.841,horizontal,24.74,27.24,1,1,0.6619790859303538,TempBand+Watershed+Merge+ClustSml+ShapeGate+MinPeaks+P-Filter+EquipRej+SkinPrio+Omega+OmScale+OmSplit+OmRot+FarField+GradFarF+Kalman+StaticSup,horizontal best
cap_003823,2026-08-24T15:37:19.938,horizontal,24.74,27.24,1,1,0.8661478943401184,TempBand+Watershed+Merge+ClustSml+ShapeGate+MinPeaks+P-Filter+EquipRej+SkinPrio+Omega+OmScale+OmSplit+OmRot+FarField+GradFarF+Kalman+StaticSup,horizontal best
cap_003824,2026-08-24T15:37:20.066,horizontal,24.72,27.22,1,1,0.8553199662370856,TempBand+Watershed+Merge+ClustSml+ShapeGate+MinPeaks+P-Filter+EquipRej+SkinPrio+Omega+OmScale+OmSplit+OmRot+FarField+GradFarF+Kalman+StaticSup,horizontal best
cap_003825,2026-08-24T15:37:20.160,horizontal,24.72,27.22,1,1,0.8035456427927924,TempBand+Watershed+Merge+ClustSml+ShapeGate+MinPeaks+P-Filter+EquipRej+SkinPrio+Omega+OmScale+OmSplit+OmRot+FarField+GradFarF+Kalman+StaticSup,horizontal best
cap_003826,2026-08-24T15:37:20.290,horizontal,24.69,27.19,1,1,0.9140585016381589,TempBand+Watershed+Merge+ClustSml+ShapeGate+MinPeaks+P-Filter+EquipRej+SkinPrio+Omega+OmScale+OmSplit+OmRot+FarField+GradFarF+Kalman+StaticSup,horizontal best
cap_003827,2026-08-24T15:37:20.419,horizontal,24.67,27.17,1,1,0.94038799136473,TempBand+Watershed+Merge+ClustSml+ShapeGate+MinPeaks+P-Filter+EquipRej+SkinPrio+Omega+OmScale+OmSplit+OmRot+FarField+GradFarF+Kalman+StaticSup,horizontal best
cap_003828,2026-08-24T15:37:20.514,horizontal,24.65,27.15,1,1,0.9805494283109375,TempBand+Watershed+Merge+ClustSml+ShapeGate+MinPeaks+P-Filter+EquipRej+SkinPrio+Omega+OmScale+OmSplit+OmRot+FarField+GradFarF+Kalman+StaticSup,horizontal best
cap_003829,2026-08-24T15:37:20.643,horizontal,24.65,27.15,1,1,0.760763473516068,TempBand+Watershed+Merge+ClustSml+ShapeGate+MinPeaks+P-Filter+EquipRej+SkinPrio+Omega+OmScale+OmSplit+OmRot+FarField+GradFarF+Kalman+StaticSup,horizontal best
cap_003830,2026-08-24T15:37:20.739,horizontal,24.65,27.15,1,1,0.8662435928812375,TempBand+Watershed+Merge+ClustSml+ShapeGate+MinPeaks+P-Filter+EquipRej+SkinPrio+Omega+OmScale+OmSplit+OmRot+FarField+GradFarF+Kalman+StaticSup,horizontal best
cap_003831,2026-08-24T15:37:20.867,horizontal,24.65,27.15,1,1,0.8114266678283004,TempBand+Watershed+Merge+ClustSml+ShapeGate+MinPeaks+P-Filter+EquipRej+SkinPrio+Omega+OmScale+OmSplit+OmRot+FarField+GradFarF+Kalman+StaticSup,horizontal best
cap_003832,2026-08-24T15:37:20.965,horizontal,24.65,27.15,1,1,0.6276126045569891,TempBand+Watershed+Merge+ClustSml+ShapeGate+MinPeaks+P-Filter+EquipRej+SkinPrio+Omega+OmScale+OmSplit+OmRot+FarField+GradFarF+Kalman+StaticSup,horizontal best
cap_003833,2026-08-24T15:37:21.089,horizontal,24.65,27.15,1,1,0.8151773615131873,TempBand+Watershed+Merge+ClustSml+ShapeGate+MinPeaks+P-Filter+EquipRej+SkinPrio+Omega+OmScale+OmSplit+OmRot+FarField+GradFarF+Kalman+StaticSup,horizontal best
cap_003834,2026-08-24T15:37:21.238,horizontal,24.72,27.22,1,1,0.7453583716542221,TempBand+Watershed+Merge+ClustSml+ShapeGate+MinPeaks+P-Filter+EquipRej+SkinPrio+Omega+OmScale+OmSplit+OmRot+FarField+GradFarF+Kalman+StaticSup,horizontal best
cap_003835,2026-08-24T15:37:21.316,horizontal,24.72,27.22,1,1,0.8801534534485403,TempBand+Watershed+Merge+ClustSml+ShapeGate+MinPeaks+P-Filter+EquipRej+SkinPrio+Omega+OmScale+OmSplit+OmRot+FarField+GradFarF+Kalman+StaticSup,horizontal best
cap_003836,2026-08-24T15:37:21.443,horizontal,24.69,27.19,2,2,0.8880212348547757,TempBand+Watershed+Merge+ClustSml+ShapeGate+MinPeaks+P-Filter+EquipRej+SkinPrio+Omega+OmScale+OmSplit+OmRot+FarField+GradFarF+Kalman+StaticSup,horizontal best
cap_003837,2026-08-24T15:37:21.545,horizontal,24.69,27.19,2,2,0.8630078085206744,TempBand+Watershed+Merge+ClustSml+ShapeGate+MinPeaks+P-Filter+EquipRej+SkinPrio+Omega+OmScale+OmSplit+OmRot+FarField+GradFarF+Kalman+StaticSup,horizontal best
cap_003838,2026-08-24T15:37:21.668,horizontal,24.69,27.19,2,2,0.937016456453638,TempBand+Watershed+Merge+ClustSml+ShapeGate+MinPeaks+P-Filter+EquipRej+SkinPrio+Omega+OmScale+OmSplit+OmRot+FarField+GradFarF+Kalman+StaticSup,horizontal best
cap_003839,2026-08-24T15:37:21.762,horizontal,24.69,27.19,2,2,0.9100280025239706,TempBand+Watershed+Merge+ClustSml+ShapeGate+MinPeaks+P-Filter+EquipRej+SkinPrio+Omega+OmScale+OmSplit+OmRot+FarField+GradFarF+Kalman+StaticSup,horizontal best
cap_003840,2026-08-24T15:37:21.890,horizontal,24.72,27.22,2,2,0.9056790037066517,TempBand+Watershed+Merge+ClustSml+ShapeGate+MinPeaks+P-Filter+EquipRej+SkinPrio+Omega+OmScale+OmSplit+OmRot+FarField+GradFarF+Kalman+StaticSup,horizontal best
cap_003841,2026-08-24T15:37:21.986,horizontal,24.72,27.22,2,2,0.9543309195646209,TempBand+Watershed+Merge+ClustSml+ShapeGate+MinPeaks+P-Filter+EquipRej+SkinPrio+Omega+OmScale+OmSplit+OmRot+FarField+GradFarF+Kalman+StaticSup,horizontal best
cap_003842,2026-08-24T15:37:22.123,horizontal,24.72,27.22,2,2,0.9543309195646209,TempBand+Watershed+Merge+ClustSml+ShapeGate+MinPeaks+P-Filter+EquipRej+SkinPrio+Omega+OmScale+OmSplit+OmRot+FarField+GradFarF+Kalman+StaticSup,horizontal best
cap_003843,2026-08-24T15:37:22.251,horizontal,24.69,27.19,3,2,0.8956210596148017,TempBand+Watershed+Merge+ClustSml+ShapeGate+MinPeaks+P-Filter+EquipRej+SkinPrio+Omega+OmScale+OmSplit+OmRot+FarField+GradFarF+Kalman+StaticSup,horizontal best
cap_003844,2026-08-24T15:37:22.345,horizontal,24.72,27.22,3,2,0.968732838339372,TempBand+Watershed+Merge+ClustSml+ShapeGate+MinPeaks+P-Filter+EquipRej+SkinPrio+Omega+OmScale+OmSplit+OmRot+FarField+GradFarF+Kalman+StaticSup,horizontal best
cap_003845,2026-08-24T15:37:22.474,horizontal,24.74,27.24,3,2,0.9009492844541469,TempBand+Watershed+Merge+ClustSml+ShapeGate+MinPeaks+P-Filter+EquipRej+SkinPrio+Omega+OmScale+OmSplit+OmRot+FarField+GradFarF+Kalman+StaticSup,horizontal best
cap_003846,2026-08-24T15:37:22.567,horizontal,24.74,27.24,2,1,0.9698966723713002,TempBand+Watershed+Merge+ClustSml+ShapeGate+MinPeaks+P-Filter+EquipRej+SkinPrio+Omega+OmScale+OmSplit+OmRot+FarField+GradFarF+Kalman+StaticSup,horizontal best
cap_003847,2026-08-24T15:37:22.701,horizontal,24.74,27.24,3,1,0.7181759641781127,TempBand+Watershed+Merge+ClustSml+ShapeGate+MinPeaks+P-Filter+EquipRej+SkinPrio+Omega+OmScale+OmSplit+OmRot+FarField+GradFarF+Kalman+StaticSup,horizontal best
cap_003848,2026-08-24T15:37:22.797,horizontal,24.74,27.24,3,1,0.7927454407774666,TempBand+Watershed+Merge+ClustSml+ShapeGate+MinPeaks+P-Filter+EquipRej+SkinPrio+Omega+OmScale+OmSplit+OmRot+FarField+GradFarF+Kalman+StaticSup,horizontal best
cap_003849,2026-08-24T15:37:22.923,horizontal,24.74,27.24,2,1,0.9531463340114286,TempBand+Watershed+Merge+ClustSml+ShapeGate+MinPeaks+P-Filter+EquipRej+SkinPrio+Omega+OmScale+OmSplit+OmRot+FarField+GradFarF+Kalman+StaticSup,horizontal best
cap_003850,2026-08-24T15:37:23.054,horizontal,24.74,27.24,3,3,0.9230968769940052,TempBand+Watershed+Merge+ClustSml+ShapeGate+MinPeaks+P-Filter+EquipRej+SkinPrio+Omega+OmScale+OmSplit+OmRot+FarField+GradFarF+Kalman+StaticSup,horizontal best
cap_003851,2026-08-24T15:37:23.148,horizontal,24.74,27.24,3,2,0.885746262889821,TempBand+Watershed+Merge+ClustSml+ShapeGate+MinPeaks+P-Filter+EquipRej+SkinPrio+Omega+OmScale+OmSplit+OmRot+FarField+GradFarF+Kalman+StaticSup,horizontal best
cap_003852,2026-08-24T15:37:23.276,horizontal,24.74,27.24,3,4,0.9549676569695986,TempBand+Watershed+Merge+ClustSml+ShapeGate+MinPeaks+P-Filter+EquipRej+SkinPrio+Omega+OmScale+OmSplit+OmRot+FarField+GradFarF+Kalman+StaticSup,horizontal best
cap_003853,2026-08-24T15:37:23.371,horizontal,24.72,27.22,3,2,0.9549676569695986,TempBand+Watershed+Merge+ClustSml+ShapeGate+MinPeaks+P-Filter+EquipRej+SkinPrio+Omega+OmScale+OmSplit+OmRot+FarField+GradFarF+Kalman+StaticSup,horizontal best
cap_003854,2026-08-24T15:37:23.498,horizontal,24.72,27.22,3,2,0.887762257727934,TempBand+Watershed+Merge+ClustSml+ShapeGate+MinPeaks+P-Filter+EquipRej+SkinPrio+Omega+OmScale+OmSplit+OmRot+FarField+GradFarF+Kalman+StaticSup,horizontal best
cap_003855,2026-08-24T15:37:23.595,horizontal,24.72,27.22,3,3,0.8903677107826085,TempBand+Watershed+Merge+ClustSml+ShapeGate+MinPeaks+P-Filter+EquipRej+SkinPrio+Omega+OmScale+OmSplit+OmRot+FarField+GradFarF+Kalman+StaticSup,horizontal best
cap_003856,2026-08-24T15:37:23.723,horizontal,24.69,27.19,3,3,0.8804669891748458,TempBand+Watershed+Merge+ClustSml+ShapeGate+MinPeaks+P-Filter+EquipRej+SkinPrio+Omega+OmScale+OmSplit+OmRot+FarField+GradFarF+Kalman+StaticSup,horizontal best
cap_003857,2026-08-24T15:37:23.817,horizontal,24.67,27.17,3,3,0.9605092998135706,TempBand+Watershed+Merge+ClustSml+ShapeGate+MinPeaks+P-Filter+EquipRej+SkinPrio+Omega+OmScale+OmSplit+OmRot+FarField+GradFarF+Kalman+StaticSup,horizontal best
cap_003858,2026-08-24T15:37:23.944,horizontal,24.67,27.17,4,6,0.9791954423227722,TempBand+Watershed+Merge+ClustSml+ShapeGate+MinPeaks+P-Filter+EquipRej+SkinPrio+Omega+OmScale+OmSplit+OmRot+FarField+GradFarF+Kalman+StaticSup,horizontal best
cap_003859,2026-08-24T15:37:24.072,horizontal,24.67,27.17,4,6,0.9748637548498912,TempBand+Watershed+Merge+ClustSml+ShapeGate+MinPeaks+P-Filter+EquipRej+SkinPrio+Omega+OmScale+OmSplit+OmRot+FarField+GradFarF+Kalman+StaticSup,horizontal best
cap_003860,2026-08-24T15:37:24.169,horizontal,24.69,27.19,4,4,0.9585480378340964,TempBand+Watershed+Merge+ClustSml+ShapeGate+MinPeaks+P-Filter+EquipRej+SkinPrio+Omega+OmScale+OmSplit+OmRot+FarField+GradFarF+Kalman+StaticSup,horizontal best
cap_003861,2026-08-24T15:37:24.303,horizontal,24.67,27.17,3,2,0.9171837787686926,TempBand+Watershed+Merge+ClustSml+ShapeGate+MinPeaks+P-Filter+EquipRej+SkinPrio+Omega+OmScale+OmSplit+OmRot+FarField+GradFarF+Kalman+StaticSup,horizontal best
cap_003862,2026-08-24T15:37:24.398,horizontal,24.67,27.17,2,1,0.9086090016595797,TempBand+Watershed+Merge+ClustSml+ShapeGate+MinPeaks+P-Filter+EquipRej+SkinPrio+Omega+OmScale+OmSplit+OmRot+FarField+GradFarF+Kalman+StaticSup,horizontal best
cap_003863,2026-08-24T15:37:24.524,horizontal,24.67,27.17,2,1,0.9086090016595797,TempBand+Watershed+Merge+ClustSml+ShapeGate+MinPeaks+P-Filter+EquipRej+SkinPrio+Omega+OmScale+OmSplit+OmRot+FarField+GradFarF+Kalman+StaticSup,horizontal best
cap_003864,2026-08-24T15:37:24.620,horizontal,24.67,27.17,2,1,0.7928806595129678,TempBand+Watershed+Merge+ClustSml+ShapeGate+MinPeaks+P-Filter+EquipRej+SkinPrio+Omega+OmScale+OmSplit+OmRot+FarField+GradFarF+Kalman+StaticSup,horizontal best
cap_003865,2026-08-24T15:37:24.746,horizontal,24.69,27.19,2,1,0.8769269302540078,TempBand+Watershed+Merge+ClustSml+ShapeGate+MinPeaks+P-Filter+EquipRej+SkinPrio+Omega+OmScale+OmSplit+OmRot+FarField+GradFarF+Kalman+StaticSup,horizontal best
cap_003866,2026-08-24T15:37:24.841,horizontal,24.69,27.19,1,1,0.874533978914501,TempBand+Watershed+Merge+ClustSml+ShapeGate+MinPeaks+P-Filter+EquipRej+SkinPrio+Omega+OmScale+OmSplit+OmRot+FarField+GradFarF+Kalman+StaticSup,horizontal best
cap_003867,2026-08-24T15:37:24.970,horizontal,24.69,27.19,1,1,0.7921631859538781,TempBand+Watershed+Merge+ClustSml+ShapeGate+MinPeaks+P-Filter+EquipRej+SkinPrio+Omega+OmScale+OmSplit+OmRot+FarField+GradFarF+Kalman+StaticSup,horizontal best
cap_003868,2026-08-24T15:37:25.097,horizontal,24.69,27.19,2,2,0.8793614070136133,TempBand+Watershed+Merge+ClustSml+ShapeGate+MinPeaks+P-Filter+EquipRej+SkinPrio+Omega+OmScale+OmSplit+OmRot+FarField+GradFarF+Kalman+StaticSup,horizontal best
cap_003869,2026-08-24T15:37:25.194,horizontal,24.67,27.17,2,2,0.848286585380202,TempBand+Watershed+Merge+ClustSml+ShapeGate+MinPeaks+P-Filter+EquipRej+SkinPrio+Omega+OmScale+OmSplit+OmRot+FarField+GradFarF+Kalman+StaticSup,horizontal best
cap_003870,2026-08-24T15:37:25.317,horizontal,24.67,27.17,2,2,0.9263924105019953,TempBand+Watershed+Merge+ClustSml+ShapeGate+MinPeaks+P-Filter+EquipRej+SkinPrio+Omega+OmScale+OmSplit+OmRot+FarField+GradFarF+Kalman+StaticSup,horizontal best
cap_003871,2026-08-24T15:37:25.416,horizontal,24.67,27.17,2,2,0.845828496173073,TempBand+Watershed+Merge+ClustSml+ShapeGate+MinPeaks+P-Filter+EquipRej+SkinPrio+Omega+OmScale+OmSplit+OmRot+FarField+GradFarF+Kalman+StaticSup,horizontal best
cap_003872,2026-08-24T15:37:25.542,horizontal,24.72,27.22,2,2,0.9585480378340964,TempBand+Watershed+Merge+ClustSml+ShapeGate+MinPeaks+P-Filter+EquipRej+SkinPrio+Omega+OmScale+OmSplit+OmRot+FarField+GradFarF+Kalman+StaticSup,horizontal best
cap_003873,2026-08-24T15:37:25.634,horizontal,24.67,27.17,1,1,0.7970097179383699,TempBand+Watershed+Merge+ClustSml+ShapeGate+MinPeaks+P-Filter+EquipRej+SkinPrio+Omega+OmScale+OmSplit+OmRot+FarField+GradFarF+Kalman+StaticSup,horizontal best
cap_003874,2026-08-24T15:37:25.759,horizontal,24.67,27.17,1,1,0.799947774070003,TempBand+Watershed+Merge+ClustSml+ShapeGate+MinPeaks+P-Filter+EquipRej+SkinPrio+Omega+OmScale+OmSplit+OmRot+FarField+GradFarF+Kalman+StaticSup,horizontal best
cap_003875,2026-08-24T15:37:25.889,horizontal,24.67,27.17,2,2,0.9549830819242321,TempBand+Watershed+Merge+ClustSml+ShapeGate+MinPeaks+P-Filter+EquipRej+SkinPrio+Omega+OmScale+OmSplit+OmRot+FarField+GradFarF+Kalman+StaticSup,horizontal best
cap_003876,2026-08-24T15:37:25.986,horizontal,24.67,27.17,1,1,0.799947774070003,TempBand+Watershed+Merge+ClustSml+ShapeGate+MinPeaks+P-Filter+EquipRej+SkinPrio+Omega+OmScale+OmSplit+OmRot+FarField+GradFarF+Kalman+StaticSup,horizontal best
cap_003877,2026-08-24T15:37:26.113,horizontal,24.67,27.17,1,1,0.799947774070003,TempBand+Watershed+Merge+ClustSml+ShapeGate+MinPeaks+P-Filter+EquipRej+SkinPrio+Omega+OmScale+OmSplit+OmRot+FarField+GradFarF+Kalman+StaticSup,horizontal best
cap_003878,2026-08-24T15:37:26.207,horizontal,24.67,27.17,1,1,0.799947774070003,TempBand+Watershed+Merge+ClustSml+ShapeGate+MinPeaks+P-Filter+EquipRej+SkinPrio+Omega+OmScale+OmSplit+OmRot+FarField+GradFarF+Kalman+StaticSup,horizontal best
cap_003879,2026-08-24T15:37:26.337,horizontal,24.65,27.15,1,1,0.6685722189045493,TempBand+Watershed+Merge+ClustSml+ShapeGate+MinPeaks+P-Filter+EquipRej+SkinPrio+Omega+OmScale+OmSplit+OmRot+FarField+GradFarF+Kalman+StaticSup,horizontal best
cap_003880,2026-08-24T15:37:26.431,horizontal,24.62,27.12,1,1,0.799947774070003,TempBand+Watershed+Merge+ClustSml+ShapeGate+MinPeaks+P-Filter+EquipRej+SkinPrio+Omega+OmScale+OmSplit+OmRot+FarField+GradFarF+Kalman+StaticSup,horizontal best
cap_003881,2026-08-24T15:37:26.571,horizontal,24.62,27.12,1,1,0.5192944367950809,TempBand+Watershed+Merge+ClustSml+ShapeGate+MinPeaks+P-Filter+EquipRej+SkinPrio+Omega+OmScale+OmSplit+OmRot+FarField+GradFarF+Kalman+StaticSup,horizontal best
cap_003882,2026-08-24T15:37:26.667,horizontal,24.62,27.12,2,2,0.8926412671443918,TempBand+Watershed+Merge+ClustSml+ShapeGate+MinPeaks+P-Filter+EquipRej+SkinPrio+Omega+OmScale+OmSplit+OmRot+FarField+GradFarF+Kalman+StaticSup,horizontal best
cap_003883,2026-08-24T15:37:26.796,horizontal,24.65,27.15,2,2,0.9920876877526467,TempBand+Watershed+Merge+ClustSml+ShapeGate+MinPeaks+P-Filter+EquipRej+SkinPrio+Omega+OmScale+OmSplit+OmRot+FarField+GradFarF+Kalman+StaticSup,horizontal best
cap_003884,2026-08-24T15:37:26.920,horizontal,24.65,27.15,5,3,0.8413113848786123,TempBand+Watershed+Merge+ClustSml+ShapeGate+MinPeaks+P-Filter+EquipRej+SkinPrio+Omega+OmScale+OmSplit+OmRot+FarField+GradFarF+Kalman+StaticSup,horizontal best
cap_003885,2026-08-24T15:37:27.014,horizontal,24.69,27.19,4,2,0.5910002814654123,TempBand+Watershed+Merge+ClustSml+ShapeGate+MinPeaks+P-Filter+EquipRej+SkinPrio+Omega+OmScale+OmSplit+OmRot+FarField+GradFarF+Kalman+StaticSup,horizontal best
cap_003886,2026-08-24T15:37:27.142,horizontal,24.67,27.17,5,3,0.9663662076309284,TempBand+Watershed+Merge+ClustSml+ShapeGate+MinPeaks+P-Filter+EquipRej+SkinPrio+Omega+OmScale+OmSplit+OmRot+FarField+GradFarF+Kalman+StaticSup,horizontal best
cap_003887,2026-08-24T15:37:27.246,horizontal,24.67,27.17,4,2,0.7264042950976051,TempBand+Watershed+Merge+ClustSml+ShapeGate+MinPeaks+P-Filter+EquipRej+SkinPrio+Omega+OmScale+OmSplit+OmRot+FarField+GradFarF+Kalman+StaticSup,horizontal best
cap_003888,2026-08-24T15:37:27.366,horizontal,24.65,27.15,4,3,0.8392708461189031,TempBand+Watershed+Merge+ClustSml+ShapeGate+MinPeaks+P-Filter+EquipRej+SkinPrio+Omega+OmScale+OmSplit+OmRot+FarField+GradFarF+Kalman+StaticSup,horizontal best
cap_003889,2026-08-24T15:37:27.462,horizontal,24.62,27.12,5,3,0.882870619404586,TempBand+Watershed+Merge+ClustSml+ShapeGate+MinPeaks+P-Filter+EquipRej+SkinPrio+Omega+OmScale+OmSplit+OmRot+FarField+GradFarF+Kalman+StaticSup,horizontal best
cap_003890,2026-08-24T15:37:27.589,horizontal,24.62,27.12,5,3,0.9414523449303083,TempBand+Watershed+Merge+ClustSml+ShapeGate+MinPeaks+P-Filter+EquipRej+SkinPrio+Omega+OmScale+OmSplit+OmRot+FarField+GradFarF+Kalman+StaticSup,horizontal best
cap_003891,2026-08-24T15:37:27.715,horizontal,24.62,27.12,3,1,0.6973828270210556,TempBand+Watershed+Merge+ClustSml+ShapeGate+MinPeaks+P-Filter+EquipRej+SkinPrio+Omega+OmScale+OmSplit+OmRot+FarField+GradFarF+Kalman+StaticSup,horizontal best
cap_003892,2026-08-24T15:37:27.811,horizontal,24.62,27.12,3,1,0.5639124179776217,TempBand+Watershed+Merge+ClustSml+ShapeGate+MinPeaks+P-Filter+EquipRej+SkinPrio+Omega+OmScale+OmSplit+OmRot+FarField+GradFarF+Kalman+StaticSup,horizontal best
cap_003893,2026-08-24T15:37:27.941,horizontal,24.65,27.15,4,2,0.8008216712886355,TempBand+Watershed+Merge+ClustSml+ShapeGate+MinPeaks+P-Filter+EquipRej+SkinPrio+Omega+OmScale+OmSplit+OmRot+FarField+GradFarF+Kalman+StaticSup,horizontal best
cap_003894,2026-08-24T15:37:28.041,horizontal,24.65,27.15,3,2,0.730068812389368,TempBand+Watershed+Merge+ClustSml+ShapeGate+MinPeaks+P-Filter+EquipRej+SkinPrio+Omega+OmScale+OmSplit+OmRot+FarField+GradFarF+Kalman+StaticSup,horizontal best
cap_003895,2026-08-24T15:37:28.165,horizontal,24.62,27.12,3,2,0.6332662667675875,TempBand+Watershed+Merge+ClustSml+ShapeGate+MinPeaks+P-Filter+EquipRej+SkinPrio+Omega+OmScale+OmSplit+OmRot+FarField+GradFarF+Kalman+StaticSup,horizontal best
cap_003896,2026-08-24T15:37:28.261,horizontal,24.60,27.10,3,2,0.548146589926215,TempBand+Watershed+Merge+ClustSml+ShapeGate+MinPeaks+P-Filter+EquipRej+SkinPrio+Omega+OmScale+OmSplit+OmRot+FarField+GradFarF+Kalman+StaticSup,horizontal best
cap_003897,2026-08-24T15:37:28.390,horizontal,24.62,27.12,3,2,0.5484107837622061,TempBand+Watershed+Merge+ClustSml+ShapeGate+MinPeaks+P-Filter+EquipRej+SkinPrio+Omega+OmScale+OmSplit+OmRot+FarField+GradFarF+Kalman+StaticSup,horizontal best
cap_003898,2026-08-24T15:37:28.489,horizontal,24.62,27.12,3,1,0.525216126425965,TempBand+Watershed+Merge+ClustSml+ShapeGate+MinPeaks+P-Filter+EquipRej+SkinPrio+Omega+OmScale+OmSplit+OmRot+FarField+GradFarF+Kalman+StaticSup,horizontal best
cap_003899,2026-08-24T15:37:28.617,horizontal,24.60,27.10,4,1,0.6195424279600966,TempBand+Watershed+Merge+ClustSml+ShapeGate+MinPeaks+P-Filter+EquipRej+SkinPrio+Omega+OmScale+OmSplit+OmRot+FarField+GradFarF+Kalman+StaticSup,horizontal best
cap_003900,2026-08-24T15:37:28.744,horizontal,24.62,27.12,5,2,0.7756878401683267,TempBand+Watershed+Merge+ClustSml+ShapeGate+MinPeaks+P-Filter+EquipRej+SkinPrio+Omega+OmScale+OmSplit+OmRot+FarField+GradFarF+Kalman+StaticSup,horizontal best
cap_003901,2026-08-24T15:37:28.838,horizontal,24.65,27.15,5,2,0.8021933021919032,TempBand+Watershed+Merge+ClustSml+ShapeGate+MinPeaks+P-Filter+EquipRej+SkinPrio+Omega+OmScale+OmSplit+OmRot+FarField+GradFarF+Kalman+StaticSup,horizontal best
cap_003902,2026-08-24T15:37:28.971,horizontal,24.65,27.15,4,1,0.9315098670377419,TempBand+Watershed+Merge+ClustSml+ShapeGate+MinPeaks+P-Filter+EquipRej+SkinPrio+Omega+OmScale+OmSplit+OmRot+FarField+GradFarF+Kalman+StaticSup,horizontal best
cap_003903,2026-08-24T15:37:29.067,horizontal,24.65,27.15,4,1,0.9330791207480436,TempBand+Watershed+Merge+ClustSml+ShapeGate+MinPeaks+P-Filter+EquipRej+SkinPrio+Omega+OmScale+OmSplit+OmRot+FarField+GradFarF+Kalman+StaticSup,horizontal best
cap_003904,2026-08-24T15:37:29.198,horizontal,24.69,27.19,5,2,0.8336045196143428,TempBand+Watershed+Merge+ClustSml+ShapeGate+MinPeaks+P-Filter+EquipRej+SkinPrio+Omega+OmScale+OmSplit+OmRot+FarField+GradFarF+Kalman+StaticSup,horizontal best
cap_003905,2026-08-24T15:37:29.293,horizontal,24.74,27.24,5,2,0.8697740224749368,TempBand+Watershed+Merge+ClustSml+ShapeGate+MinPeaks+P-Filter+EquipRej+SkinPrio+Omega+OmScale+OmSplit+OmRot+FarField+GradFarF+Kalman+StaticSup,horizontal best
cap_003906,2026-08-24T15:37:29.423,horizontal,24.72,27.22,5,3,0.8640262776237012,TempBand+Watershed+Merge+ClustSml+ShapeGate+MinPeaks+P-Filter+EquipRej+SkinPrio+Omega+OmScale+OmSplit+OmRot+FarField+GradFarF+Kalman+StaticSup,horizontal best
cap_003907,2026-08-24T15:37:29.549,horizontal,24.72,27.22,6,3,0.9029640182254441,TempBand+Watershed+Merge+ClustSml+ShapeGate+MinPeaks+P-Filter+EquipRej+SkinPrio+Omega+OmScale+OmSplit+OmRot+FarField+GradFarF+Kalman+StaticSup,horizontal best
cap_003908,2026-08-24T15:37:29.640,horizontal,24.72,27.22,4,1,0.857156779171,TempBand+Watershed+Merge+ClustSml+ShapeGate+MinPeaks+P-Filter+EquipRej+SkinPrio+Omega+OmScale+OmSplit+OmRot+FarField+GradFarF+Kalman+StaticSup,horizontal best
cap_003909,2026-08-24T15:37:29.769,horizontal,24.69,27.19,4,1,0.8507968083633816,TempBand+Watershed+Merge+ClustSml+ShapeGate+MinPeaks+P-Filter+EquipRej+SkinPrio+Omega+OmScale+OmSplit+OmRot+FarField+GradFarF+Kalman+StaticSup,horizontal best
cap_003910,2026-08-24T15:37:29.865,horizontal,24.72,27.22,4,1,0.8422259705516096,TempBand+Watershed+Merge+ClustSml+ShapeGate+MinPeaks+P-Filter+EquipRej+SkinPrio+Omega+OmScale+OmSplit+OmRot+FarField+GradFarF+Kalman+StaticSup,horizontal best
cap_003911,2026-08-24T15:37:29.993,horizontal,24.72,27.22,4,1,0.9030909727471242,TempBand+Watershed+Merge+ClustSml+ShapeGate+MinPeaks+P-Filter+EquipRej+SkinPrio+Omega+OmScale+OmSplit+OmRot+FarField+GradFarF+Kalman+StaticSup,horizontal best
cap_003912,2026-08-24T15:37:30.089,horizontal,24.72,27.22,4,1,0.9606457764240551,TempBand+Watershed+Merge+ClustSml+ShapeGate+MinPeaks+P-Filter+EquipRej+SkinPrio+Omega+OmScale+OmSplit+OmRot+FarField+GradFarF+Kalman+StaticSup,horizontal best
cap_003913,2026-08-24T15:37:30.218,horizontal,24.74,27.24,4,1,0.967298448005939,TempBand+Watershed+Merge+ClustSml+ShapeGate+MinPeaks+P-Filter+EquipRej+SkinPrio+Omega+OmScale+OmSplit+OmRot+FarField+GradFarF+Kalman+StaticSup,horizontal best
cap_003914,2026-08-24T15:37:30.312,horizontal,24.74,27.24,3,1,0.9831394258065436,TempBand+Watershed+Merge+ClustSml+ShapeGate+MinPeaks+P-Filter+EquipRej+SkinPrio+Omega+OmScale+OmSplit+OmRot+FarField+GradFarF+Kalman+StaticSup,horizontal best
cap_003915,2026-08-24T15:37:30.443,horizontal,24.74,27.24,3,1,0.9864751482087996,TempBand+Watershed+Merge+ClustSml+ShapeGate+MinPeaks+P-Filter+EquipRej+SkinPrio+Omega+OmScale+OmSplit+OmRot+FarField+GradFarF+Kalman+StaticSup,horizontal best
cap_003916,2026-08-24T15:37:30.569,horizontal,24.74,27.24,3,1,0.9864751482087996,TempBand+Watershed+Merge+ClustSml+ShapeGate+MinPeaks+P-Filter+EquipRej+SkinPrio+Omega+OmScale+OmSplit+OmRot+FarField+GradFarF+Kalman+StaticSup,horizontal best
cap_003917,2026-08-24T15:37:30.667,horizontal,24.75,27.25,3,1,0.9864751482087996,TempBand+Watershed+Merge+ClustSml+ShapeGate+MinPeaks+P-Filter+EquipRej+SkinPrio+Omega+OmScale+OmSplit+OmRot+FarField+GradFarF+Kalman+StaticSup,horizontal best
cap_003918,2026-08-24T15:37:30.793,horizontal,24.76,27.26,3,1,0.9168213023783939,TempBand+Watershed+Merge+ClustSml+ShapeGate+MinPeaks+P-Filter+EquipRej+SkinPrio+Omega+OmScale+OmSplit+OmRot+FarField+GradFarF+Kalman+StaticSup,horizontal best
cap_003919,2026-08-24T15:37:30.888,horizontal,24.76,27.26,3,1,0.9668494390578865,TempBand+Watershed+Merge+ClustSml+ShapeGate+MinPeaks+P-Filter+EquipRej+SkinPrio+Omega+OmScale+OmSplit+OmRot+FarField+GradFarF+Kalman+StaticSup,horizontal best
cap_003920,2026-08-24T15:37:31.018,horizontal,24.74,27.24,4,1,0.971533941361575,TempBand+Watershed+Merge+ClustSml+ShapeGate+MinPeaks+P-Filter+EquipRej+SkinPrio+Omega+OmScale+OmSplit+OmRot+FarField+GradFarF+Kalman+StaticSup,horizontal best
cap_003921,2026-08-24T15:37:31.117,horizontal,24.74,27.24,4,2,0.9315045118289467,TempBand+Watershed+Merge+ClustSml+ShapeGate+MinPeaks+P-Filter+EquipRej+SkinPrio+Omega+OmScale+OmSplit+OmRot+FarField+GradFarF+Kalman+StaticSup,horizontal best
cap_003922,2026-08-24T15:37:32.939,horizontal,22.56,25.06,2,1,0.765992248336908,TempBand+Watershed+Merge+ClustSml+ShapeGate+MinPeaks+P-Filter+EquipRej+SkinPrio+Omega+OmScale+OmSplit+OmRot+FarField+GradFarF+Kalman+StaticSup,horizontal best
cap_003923,2026-08-24T15:37:33.080,horizontal,22.73,25.23,2,1,0.77087701357142,TempBand+Watershed+Merge+ClustSml+ShapeGate+MinPeaks+P-Filter+EquipRej+SkinPrio+Omega+OmScale+OmSplit+OmRot+FarField+GradFarF+Kalman+StaticSup,horizontal best
cap_003924,2026-08-24T15:37:33.157,horizontal,22.89,25.39,2,2,0.5893130672682174,TempBand+Watershed+Merge+ClustSml+ShapeGate+MinPeaks+P-Filter+EquipRej+SkinPrio+Omega+OmScale+OmSplit+OmRot+FarField+GradFarF+Kalman+StaticSup,horizontal best
cap_003925,2026-08-24T15:37:33.284,horizontal,23.10,25.60,2,1,0.7126684782765802,TempBand+Watershed+Merge+ClustSml+ShapeGate+MinPeaks+P-Filter+EquipRej+SkinPrio+Omega+OmScale+OmSplit+OmRot+FarField+GradFarF+Kalman+StaticSup,horizontal best
cap_003926,2026-08-24T15:37:33.411,horizontal,23.20,25.70,2,1,0.7645869673125607,TempBand+Watershed+Merge+ClustSml+ShapeGate+MinPeaks+P-Filter+EquipRej+SkinPrio+Omega+OmScale+OmSplit+OmRot+FarField+GradFarF+Kalman+StaticSup,horizontal best
cap_003927,2026-08-24T15:37:33.508,horizontal,23.48,25.98,2,1,0.6957829896406263,TempBand+Watershed+Merge+ClustSml+ShapeGate+MinPeaks+P-Filter+EquipRej+SkinPrio+Omega+OmScale+OmSplit+OmRot+FarField+GradFarF+Kalman+StaticSup,horizontal best
cap_003928,2026-08-24T15:37:33.635,horizontal,23.67,26.17,2,1,0.8760634548784465,TempBand+Watershed+Merge+ClustSml+ShapeGate+MinPeaks+P-Filter+EquipRej+SkinPrio+Omega+OmScale+OmSplit+OmRot+FarField+GradFarF+Kalman+StaticSup,horizontal best
cap_003929,2026-08-24T15:37:33.730,horizontal,23.93,26.43,2,1,0.846255852534686,TempBand+Watershed+Merge+ClustSml+ShapeGate+MinPeaks+P-Filter+EquipRej+SkinPrio+Omega+OmScale+OmSplit+OmRot+FarField+GradFarF+Kalman+StaticSup,horizontal best
cap_003930,2026-08-24T15:37:33.860,horizontal,23.86,26.36,2,1,0.8868913881441124,TempBand+Watershed+Merge+ClustSml+ShapeGate+MinPeaks+P-Filter+EquipRej+SkinPrio+Omega+OmScale+OmSplit+OmRot+FarField+GradFarF+Kalman+StaticSup,horizontal best
cap_003931,2026-08-24T15:37:33.956,horizontal,23.72,26.22,2,1,0.8841948622941361,TempBand+Watershed+Merge+ClustSml+ShapeGate+MinPeaks+P-Filter+EquipRej+SkinPrio+Omega+OmScale+OmSplit+OmRot+FarField+GradFarF+Kalman+StaticSup,horizontal best
cap_003932,2026-08-24T15:37:34.082,horizontal,23.62,26.12,2,2,0.8058680765236824,TempBand+Watershed+Merge+ClustSml+ShapeGate+MinPeaks+P-Filter+EquipRej+SkinPrio+Omega+OmScale+OmSplit+OmRot+FarField+GradFarF+Kalman+StaticSup,horizontal best
cap_003933,2026-08-24T15:37:34.209,horizontal,23.53,26.03,2,1,0.8232638508656448,TempBand+Watershed+Merge+ClustSml+ShapeGate+MinPeaks+P-Filter+EquipRej+SkinPrio+Omega+OmScale+OmSplit+OmRot+FarField+GradFarF+Kalman+StaticSup,horizontal best
cap_003934,2026-08-24T15:37:34.304,horizontal,23.48,25.98,2,1,0.6671122430477321,TempBand+Watershed+Merge+ClustSml+ShapeGate+MinPeaks+P-Filter+EquipRej+SkinPrio+Omega+OmScale+OmSplit+OmRot+FarField+GradFarF+Kalman+StaticSup,horizontal best
cap_003935,2026-08-24T15:37:34.436,horizontal,23.39,25.89,2,1,0.5385644820000509,TempBand+Watershed+Merge+ClustSml+ShapeGate+MinPeaks+P-Filter+EquipRej+SkinPrio+Omega+OmScale+OmSplit+OmRot+FarField+GradFarF+Kalman+StaticSup,horizontal best
cap_003936,2026-08-24T15:37:34.530,horizontal,23.32,25.82,2,1,0.6042635361192766,TempBand+Watershed+Merge+ClustSml+ShapeGate+MinPeaks+P-Filter+EquipRej+SkinPrio+Omega+OmScale+OmSplit+OmRot+FarField+GradFarF+Kalman+StaticSup,horizontal best
cap_003937,2026-08-24T15:37:34.657,horizontal,23.27,25.77,2,1,0.6081922780956247,TempBand+Watershed+Merge+ClustSml+ShapeGate+MinPeaks+P-Filter+EquipRej+SkinPrio+Omega+OmScale+OmSplit+OmRot+FarField+GradFarF+Kalman+StaticSup,horizontal best
cap_003938,2026-08-24T15:37:34.753,horizontal,23.22,25.72,2,1,0.16843254678436329,TempBand+Watershed+Merge+ClustSml+ShapeGate+MinPeaks+P-Filter+EquipRej+SkinPrio+Omega+OmScale+OmSplit+OmRot+FarField+GradFarF+Kalman+StaticSup,horizontal best
cap_003939,2026-08-24T15:37:34.881,horizontal,23.17,25.67,2,1,0.3153335985556255,TempBand+Watershed+Merge+ClustSml+ShapeGate+MinPeaks+P-Filter+EquipRej+SkinPrio+Omega+OmScale+OmSplit+OmRot+FarField+GradFarF+Kalman+StaticSup,horizontal best
cap_003940,2026-08-24T15:37:34.981,horizontal,23.15,25.65,2,0,0.0,TempBand+Watershed+Merge+ClustSml+ShapeGate+MinPeaks+P-Filter+EquipRej+SkinPrio+Omega+OmScale+OmSplit+OmRot+FarField+GradFarF+Kalman+StaticSup,horizontal best
cap_003941,2026-08-24T15:37:35.106,horizontal,23.13,25.63,2,1,0.6690287695479027,TempBand+Watershed+Merge+ClustSml+ShapeGate+MinPeaks+P-Filter+EquipRej+SkinPrio+Omega+OmScale+OmSplit+OmRot+FarField+GradFarF+Kalman+StaticSup,horizontal best
cap_003942,2026-08-24T15:37:35.235,horizontal,23.08,25.58,2,1,0.7220758247097246,TempBand+Watershed+Merge+ClustSml+ShapeGate+MinPeaks+P-Filter+EquipRej+SkinPrio+Omega+OmScale+OmSplit+OmRot+FarField+GradFarF+Kalman+StaticSup,horizontal best
cap_003943,2026-08-24T15:37:35.329,horizontal,23.03,25.53,2,1,0.7201290851948288,TempBand+Watershed+Merge+ClustSml+ShapeGate+MinPeaks+P-Filter+EquipRej+SkinPrio+Omega+OmScale+OmSplit+OmRot+FarField+GradFarF+Kalman+StaticSup,horizontal best
cap_003944,2026-08-24T15:37:35.459,horizontal,23.03,25.53,3,0,0.0,TempBand+Watershed+Merge+ClustSml+ShapeGate+MinPeaks+P-Filter+EquipRej+SkinPrio+Omega+OmScale+OmSplit+OmRot+FarField+GradFarF+Kalman+StaticSup,horizontal best
cap_003945,2026-08-24T15:37:35.550,horizontal,23.01,25.51,3,0,0.0,TempBand+Watershed+Merge+ClustSml+ShapeGate+MinPeaks+P-Filter+EquipRej+SkinPrio+Omega+OmScale+OmSplit+OmRot+FarField+GradFarF+Kalman+StaticSup,horizontal best
cap_003946,2026-08-24T15:37:35.682,horizontal,23.01,25.51,3,0,0.0,TempBand+Watershed+Merge+ClustSml+ShapeGate+MinPeaks+P-Filter+EquipRej+SkinPrio+Omega+OmScale+OmSplit+OmRot+FarField+GradFarF+Kalman+StaticSup,horizontal best
cap_003947,2026-08-24T15:37:35.775,horizontal,22.98,25.48,3,0,0.0,TempBand+Watershed+Merge+ClustSml+ShapeGate+MinPeaks+P-Filter+EquipRej+SkinPrio+Omega+OmScale+OmSplit+OmRot+FarField+GradFarF+Kalman+StaticSup,horizontal best
cap_003948,2026-08-24T15:37:35.903,horizontal,22.98,25.48,3,0,0.0,TempBand+Watershed+Merge+ClustSml+ShapeGate+MinPeaks+P-Filter+EquipRej+SkinPrio+Omega+OmScale+OmSplit+OmRot+FarField+GradFarF+Kalman+StaticSup,horizontal best
cap_003949,2026-08-24T15:37:36.032,horizontal,23.01,25.51,3,1,0.909070247521282,TempBand+Watershed+Merge+ClustSml+ShapeGate+MinPeaks+P-Filter+EquipRej+SkinPrio+Omega+OmScale+OmSplit+OmRot+FarField+GradFarF+Kalman+StaticSup,horizontal best
cap_003950,2026-08-24T15:37:36.130,horizontal,23.01,25.51,3,1,0.8875861962591948,TempBand+Watershed+Merge+ClustSml+ShapeGate+MinPeaks+P-Filter+EquipRej+SkinPrio+Omega+OmScale+OmSplit+OmRot+FarField+GradFarF+Kalman+StaticSup,horizontal best
cap_003951,2026-08-24T15:37:36.258,horizontal,22.98,25.48,3,1,0.9391900448789154,TempBand+Watershed+Merge+ClustSml+ShapeGate+MinPeaks+P-Filter+EquipRej+SkinPrio+Omega+OmScale+OmSplit+OmRot+FarField+GradFarF+Kalman+StaticSup,horizontal best
cap_003952,2026-08-24T15:37:36.357,horizontal,23.01,25.51,3,0,0.0,TempBand+Watershed+Merge+ClustSml+ShapeGate+MinPeaks+P-Filter+EquipRej+SkinPrio+Omega+OmScale+OmSplit+OmRot+FarField+GradFarF+Kalman+StaticSup,horizontal best
cap_003953,2026-08-24T15:37:36.483,horizontal,23.03,25.53,3,0,0.0,TempBand+Watershed+Merge+ClustSml+ShapeGate+MinPeaks+P-Filter+EquipRej+SkinPrio+Omega+OmScale+OmSplit+OmRot+FarField+GradFarF+Kalman+StaticSup,horizontal best
cap_003954,2026-08-24T15:37:36.579,horizontal,23.03,25.53,3,0,0.0,TempBand+Watershed+Merge+ClustSml+ShapeGate+MinPeaks+P-Filter+EquipRej+SkinPrio+Omega+OmScale+OmSplit+OmRot+FarField+GradFarF+Kalman+StaticSup,horizontal best
cap_003955,2026-08-24T15:37:36.707,horizontal,23.01,25.51,3,0,0.0,TempBand+Watershed+Merge+ClustSml+ShapeGate+MinPeaks+P-Filter+EquipRej+SkinPrio+Omega+OmScale+OmSplit+OmRot+FarField+GradFarF+Kalman+StaticSup,horizontal best
cap_003956,2026-08-24T15:37:36.803,horizontal,23.03,25.53,3,0,0.0,TempBand+Watershed+Merge+ClustSml+ShapeGate+MinPeaks+P-Filter+EquipRej+SkinPrio+Omega+OmScale+OmSplit+OmRot+FarField+GradFarF+Kalman+StaticSup,horizontal best
cap_003957,2026-08-24T15:37:36.926,horizontal,23.05,25.55,3,1,0.7459926517862617,TempBand+Watershed+Merge+ClustSml+ShapeGate+MinPeaks+P-Filter+EquipRej+SkinPrio+Omega+OmScale+OmSplit+OmRot+FarField+GradFarF+Kalman+StaticSup,horizontal best
cap_003958,2026-08-24T15:37:37.053,horizontal,23.08,25.58,3,0,0.0,TempBand+Watershed+Merge+ClustSml+ShapeGate+MinPeaks+P-Filter+EquipRej+SkinPrio+Omega+OmScale+OmSplit+OmRot+FarField+GradFarF+Kalman+StaticSup,horizontal best
cap_003959,2026-08-24T15:37:37.151,horizontal,23.13,25.63,3,0,0.0,TempBand+Watershed+Merge+ClustSml+ShapeGate+MinPeaks+P-Filter+EquipRej+SkinPrio+Omega+OmScale+OmSplit+OmRot+FarField+GradFarF+Kalman+StaticSup,horizontal best
cap_003960,2026-08-24T15:37:37.279,horizontal,23.13,25.63,3,0,0.0,TempBand+Watershed+Merge+ClustSml+ShapeGate+MinPeaks+P-Filter+EquipRej+SkinPrio+Omega+OmScale+OmSplit+OmRot+FarField+GradFarF+Kalman+StaticSup,horizontal best
cap_003961,2026-08-24T15:37:37.375,horizontal,23.13,25.63,3,0,0.0,TempBand+Watershed+Merge+ClustSml+ShapeGate+MinPeaks+P-Filter+EquipRej+SkinPrio+Omega+OmScale+OmSplit+OmRot+FarField+GradFarF+Kalman+StaticSup,horizontal best
cap_003962,2026-08-24T15:37:37.504,horizontal,23.20,25.70,3,1,0.9235585197082571,TempBand+Watershed+Merge+ClustSml+ShapeGate+MinPeaks+P-Filter+EquipRej+SkinPrio+Omega+OmScale+OmSplit+OmRot+FarField+GradFarF+Kalman+StaticSup,horizontal best
cap_003963,2026-08-24T15:37:37.603,horizontal,23.20,25.70,3,0,0.0,TempBand+Watershed+Merge+ClustSml+ShapeGate+MinPeaks+P-Filter+EquipRej+SkinPrio+Omega+OmScale+OmSplit+OmRot+FarField+GradFarF+Kalman+StaticSup,horizontal best
cap_003964,2026-08-24T15:37:37.727,horizontal,23.22,25.72,3,0,0.0,TempBand+Watershed+Merge+ClustSml+ShapeGate+MinPeaks+P-Filter+EquipRej+SkinPrio+Omega+OmScale+OmSplit+OmRot+FarField+GradFarF+Kalman+StaticSup,horizontal best
cap_003965,2026-08-24T15:37:37.821,horizontal,23.24,25.74,2,0,0.0,TempBand+Watershed+Merge+ClustSml+ShapeGate+MinPeaks+P-Filter+EquipRej+SkinPrio+Omega+OmScale+OmSplit+OmRot+FarField+GradFarF+Kalman+StaticSup,horizontal best
cap_003966,2026-08-24T15:37:37.951,horizontal,23.27,25.77,3,0,0.0,TempBand+Watershed+Merge+ClustSml+ShapeGate+MinPeaks+P-Filter+EquipRej+SkinPrio+Omega+OmScale+OmSplit+OmRot+FarField+GradFarF+Kalman+StaticSup,horizontal best
cap_003967,2026-08-24T15:37:38.076,horizontal,23.32,25.82,2,0,0.0,TempBand+Watershed+Merge+ClustSml+ShapeGate+MinPeaks+P-Filter+EquipRej+SkinPrio+Omega+OmScale+OmSplit+OmRot+FarField+GradFarF+Kalman+StaticSup,horizontal best
cap_003968,2026-08-24T15:37:38.176,horizontal,23.34,25.84,3,0,0.0,TempBand+Watershed+Merge+ClustSml+ShapeGate+MinPeaks+P-Filter+EquipRej+SkinPrio+Omega+OmScale+OmSplit+OmRot+FarField+GradFarF+Kalman+StaticSup,horizontal best
cap_003969,2026-08-24T15:37:38.304,horizontal,23.39,25.89,3,0,0.0,TempBand+Watershed+Merge+ClustSml+ShapeGate+MinPeaks+P-Filter+EquipRej+SkinPrio+Omega+OmScale+OmSplit+OmRot+FarField+GradFarF+Kalman+StaticSup,horizontal best
cap_003970,2026-08-24T15:37:38.401,horizontal,23.43,25.93,3,0,0.0,TempBand+Watershed+Merge+ClustSml+ShapeGate+MinPeaks+P-Filter+EquipRej+SkinPrio+Omega+OmScale+OmSplit+OmRot+FarField+GradFarF+Kalman+StaticSup,horizontal best
cap_003971,2026-08-24T15:37:38.527,horizontal,23.46,25.96,3,0,0.0,TempBand+Watershed+Merge+ClustSml+ShapeGate+MinPeaks+P-Filter+EquipRej+SkinPrio+Omega+OmScale+OmSplit+OmRot+FarField+GradFarF+Kalman+StaticSup,horizontal best
cap_003972,2026-08-24T15:37:38.623,horizontal,23.46,25.96,3,0,0.0,TempBand+Watershed+Merge+ClustSml+ShapeGate+MinPeaks+P-Filter+EquipRej+SkinPrio+Omega+OmScale+OmSplit+OmRot+FarField+GradFarF+Kalman+StaticSup,horizontal best
cap_003973,2026-08-24T15:37:38.750,horizontal,23.46,25.96,3,0,0.0,TempBand+Watershed+Merge+ClustSml+ShapeGate+MinPeaks+P-Filter+EquipRej+SkinPrio+Omega+OmScale+OmSplit+OmRot+FarField+GradFarF+Kalman+StaticSup,horizontal best
cap_003974,2026-08-24T15:37:38.880,horizontal,23.48,25.98,3,0,0.0,TempBand+Watershed+Merge+ClustSml+ShapeGate+MinPeaks+P-Filter+EquipRej+SkinPrio+Omega+OmScale+OmSplit+OmRot+FarField+GradFarF+Kalman+StaticSup,horizontal best
cap_003975,2026-08-24T15:37:38.974,horizontal,23.48,25.98,3,0,0.0,TempBand+Watershed+Merge+ClustSml+ShapeGate+MinPeaks+P-Filter+EquipRej+SkinPrio+Omega+OmScale+OmSplit+OmRot+FarField+GradFarF+Kalman+StaticSup,horizontal best
cap_003976,2026-08-24T15:37:39.103,horizontal,23.51,26.01,3,0,0.0,TempBand+Watershed+Merge+ClustSml+ShapeGate+MinPeaks+P-Filter+EquipRej+SkinPrio+Omega+OmScale+OmSplit+OmRot+FarField+GradFarF+Kalman+StaticSup,horizontal best
cap_003977,2026-08-24T15:37:39.199,horizontal,23.55,26.05,3,0,0.0,TempBand+Watershed+Merge+ClustSml+ShapeGate+MinPeaks+P-Filter+EquipRej+SkinPrio+Omega+OmScale+OmSplit+OmRot+FarField+GradFarF+Kalman+StaticSup,horizontal best
cap_003978,2026-08-24T15:37:39.333,horizontal,23.65,26.15,3,0,0.0,TempBand+Watershed+Merge+ClustSml+ShapeGate+MinPeaks+P-Filter+EquipRej+SkinPrio+Omega+OmScale+OmSplit+OmRot+FarField+GradFarF+Kalman+StaticSup,horizontal best
cap_003979,2026-08-24T15:37:39.429,horizontal,23.65,26.15,3,0,0.0,TempBand+Watershed+Merge+ClustSml+ShapeGate+MinPeaks+P-Filter+EquipRej+SkinPrio+Omega+OmScale+OmSplit+OmRot+FarField+GradFarF+Kalman+StaticSup,horizontal best
cap_003980,2026-08-24T15:37:39.560,horizontal,23.67,26.17,3,0,0.0,TempBand+Watershed+Merge+ClustSml+ShapeGate+MinPeaks+P-Filter+EquipRej+SkinPrio+Omega+OmScale+OmSplit+OmRot+FarField+GradFarF+Kalman+StaticSup,horizontal best
cap_003981,2026-08-24T15:37:39.656,horizontal,23.70,26.20,3,0,0.0,TempBand+Watershed+Merge+ClustSml+ShapeGate+MinPeaks+P-Filter+EquipRej+SkinPrio+Omega+OmScale+OmSplit+OmRot+FarField+GradFarF+Kalman+StaticSup,horizontal best
cap_003982,2026-08-24T15:37:39.780,horizontal,23.72,26.22,3,0,0.0,TempBand+Watershed+Merge+ClustSml+ShapeGate+MinPeaks+P-Filter+EquipRej+SkinPrio+Omega+OmScale+OmSplit+OmRot+FarField+GradFarF+Kalman+StaticSup,horizontal best
cap_003983,2026-08-24T15:37:39.910,horizontal,23.74,26.24,3,0,0.0,TempBand+Watershed+Merge+ClustSml+ShapeGate+MinPeaks+P-Filter+EquipRej+SkinPrio+Omega+OmScale+OmSplit+OmRot+FarField+GradFarF+Kalman+StaticSup,horizontal best
cap_003984,2026-08-24T15:37:40.008,horizontal,23.72,26.22,3,0,0.0,TempBand+Watershed+Merge+ClustSml+ShapeGate+MinPeaks+P-Filter+EquipRej+SkinPrio+Omega+OmScale+OmSplit+OmRot+FarField+GradFarF+Kalman+StaticSup,horizontal best
cap_003985,2026-08-24T15:37:40.135,horizontal,23.74,26.24,3,0,0.0,TempBand+Watershed+Merge+ClustSml+ShapeGate+MinPeaks+P-Filter+EquipRej+SkinPrio+Omega+OmScale+OmSplit+OmRot+FarField+GradFarF+Kalman+StaticSup,horizontal best
cap_003986,2026-08-24T15:37:40.232,horizontal,23.77,26.27,3,0,0.0,TempBand+Watershed+Merge+ClustSml+ShapeGate+MinPeaks+P-Filter+EquipRej+SkinPrio+Omega+OmScale+OmSplit+OmRot+FarField+GradFarF+Kalman+StaticSup,horizontal best
cap_003987,2026-08-24T15:37:40.358,horizontal,23.84,26.34,3,1,0.7086249324794762,TempBand+Watershed+Merge+ClustSml+ShapeGate+MinPeaks+P-Filter+EquipRej+SkinPrio+Omega+OmScale+OmSplit+OmRot+FarField+GradFarF+Kalman+StaticSup,horizontal best
cap_003988,2026-08-24T15:37:40.455,horizontal,23.86,26.36,3,1,0.8322324102306848,TempBand+Watershed+Merge+ClustSml+ShapeGate+MinPeaks+P-Filter+EquipRej+SkinPrio+Omega+OmScale+OmSplit+OmRot+FarField+GradFarF+Kalman+StaticSup,horizontal best
cap_003989,2026-08-24T15:37:40.585,horizontal,23.81,26.31,3,0,0.0,TempBand+Watershed+Merge+ClustSml+ShapeGate+MinPeaks+P-Filter+EquipRej+SkinPrio+Omega+OmScale+OmSplit+OmRot+FarField+GradFarF+Kalman+StaticSup,horizontal best
cap_003990,2026-08-24T15:37:40.718,horizontal,23.81,26.31,3,0,0.0,TempBand+Watershed+Merge+ClustSml+ShapeGate+MinPeaks+P-Filter+EquipRej+SkinPrio+Omega+OmScale+OmSplit+OmRot+FarField+GradFarF+Kalman+StaticSup,horizontal best
cap_003991,2026-08-24T15:37:40.812,horizontal,23.81,26.31,3,0,0.0,TempBand+Watershed+Merge+ClustSml+ShapeGate+MinPeaks+P-Filter+EquipRej+SkinPrio+Omega+OmScale+OmSplit+OmRot+FarField+GradFarF+Kalman+StaticSup,horizontal best
cap_003992,2026-08-24T15:37:40.938,horizontal,23.81,26.31,3,0,0.0,TempBand+Watershed+Merge+ClustSml+ShapeGate+MinPeaks+P-Filter+EquipRej+SkinPrio+Omega+OmScale+OmSplit+OmRot+FarField+GradFarF+Kalman+StaticSup,horizontal best
cap_003993,2026-08-24T15:37:41.030,horizontal,23.81,26.31,3,0,0.0,TempBand+Watershed+Merge+ClustSml+ShapeGate+MinPeaks+P-Filter+EquipRej+SkinPrio+Omega+OmScale+OmSplit+OmRot+FarField+GradFarF+Kalman+StaticSup,horizontal best
cap_003994,2026-08-24T15:37:41.157,horizontal,23.84,26.34,3,0,0.0,TempBand+Watershed+Merge+ClustSml+ShapeGate+MinPeaks+P-Filter+EquipRej+SkinPrio+Omega+OmScale+OmSplit+OmRot+FarField+GradFarF+Kalman+StaticSup,horizontal best
cap_003995,2026-08-24T15:37:41.253,horizontal,23.84,26.34,3,0,0.0,TempBand+Watershed+Merge+ClustSml+ShapeGate+MinPeaks+P-Filter+EquipRej+SkinPrio+Omega+OmScale+OmSplit+OmRot+FarField+GradFarF+Kalman+StaticSup,horizontal best
cap_003996,2026-08-24T15:37:41.382,horizontal,23.84,26.34,3,0,0.0,TempBand+Watershed+Merge+ClustSml+ShapeGate+MinPeaks+P-Filter+EquipRej+SkinPrio+Omega+OmScale+OmSplit+OmRot+FarField+GradFarF+Kalman+StaticSup,horizontal best
cap_003997,2026-08-24T15:37:41.477,horizontal,23.81,26.31,3,0,0.0,TempBand+Watershed+Merge+ClustSml+ShapeGate+MinPeaks+P-Filter+EquipRej+SkinPrio+Omega+OmScale+OmSplit+OmRot+FarField+GradFarF+Kalman+StaticSup,horizontal best
cap_003998,2026-08-24T15:37:41.607,horizontal,23.81,26.31,3,0,0.0,TempBand+Watershed+Merge+ClustSml+ShapeGate+MinPeaks+P-Filter+EquipRej+SkinPrio+Omega+OmScale+OmSplit+OmRot+FarField+GradFarF+Kalman+StaticSup,horizontal best
cap_003999,2026-08-24T15:37:41.730,horizontal,23.81,26.31,3,0,0.0,TempBand+Watershed+Merge+ClustSml+ShapeGate+MinPeaks+P-Filter+EquipRej+SkinPrio+Omega+OmScale+OmSplit+OmRot+FarField+GradFarF+Kalman+StaticSup,horizontal best
cap_004000,2026-08-24T15:37:41.824,horizontal,23.79,26.29,3,0,0.0,TempBand+Watershed+Merge+ClustSml+ShapeGate+MinPeaks+P-Filter+EquipRej+SkinPrio+Omega+OmScale+OmSplit+OmRot+FarField+GradFarF+Kalman+StaticSup,horizontal best
cap_004001,2026-08-24T15:37:41.959,horizontal,23.77,26.27,3,0,0.0,TempBand+Watershed+Merge+ClustSml+ShapeGate+MinPeaks+P-Filter+EquipRej+SkinPrio+Omega+OmScale+OmSplit+OmRot+FarField+GradFarF+Kalman+StaticSup,horizontal best
cap_004002,2026-08-24T15:37:42.054,horizontal,23.77,26.27,3,0,0.0,TempBand+Watershed+Merge+ClustSml+ShapeGate+MinPeaks+P-Filter+EquipRej+SkinPrio+Omega+OmScale+OmSplit+OmRot+FarField+GradFarF+Kalman+StaticSup,horizontal best
cap_004003,2026-08-24T15:37:42.181,horizontal,23.77,26.27,3,0,0.0,TempBand+Watershed+Merge+ClustSml+ShapeGate+MinPeaks+P-Filter+EquipRej+SkinPrio+Omega+OmScale+OmSplit+OmRot+FarField+GradFarF+Kalman+StaticSup,horizontal best
cap_004004,2026-08-24T15:37:42.275,horizontal,23.77,26.27,3,0,0.0,TempBand+Watershed+Merge+ClustSml+ShapeGate+MinPeaks+P-Filter+EquipRej+SkinPrio+Omega+OmScale+OmSplit+OmRot+FarField+GradFarF+Kalman+StaticSup,horizontal best
cap_004005,2026-08-24T15:37:42.402,horizontal,23.77,26.27,3,0,0.0,TempBand+Watershed+Merge+ClustSml+ShapeGate+MinPeaks+P-Filter+EquipRej+SkinPrio+Omega+OmScale+OmSplit+OmRot+FarField+GradFarF+Kalman+StaticSup,horizontal best
cap_004006,2026-08-24T15:37:42.529,horizontal,23.77,26.27,3,1,0.8404869946364429,TempBand+Watershed+Merge+ClustSml+ShapeGate+MinPeaks+P-Filter+EquipRej+SkinPrio+Omega+OmScale+OmSplit+OmRot+FarField+GradFarF+Kalman+StaticSup,horizontal best
cap_004007,2026-08-24T15:37:42.627,horizontal,23.77,26.27,3,1,0.6316004832969245,TempBand+Watershed+Merge+ClustSml+ShapeGate+MinPeaks+P-Filter+EquipRej+SkinPrio+Omega+OmScale+OmSplit+OmRot+FarField+GradFarF+Kalman+StaticSup,horizontal best
cap_004008,2026-08-24T15:37:42.753,horizontal,23.77,26.27,3,0,0.0,TempBand+Watershed+Merge+ClustSml+ShapeGate+MinPeaks+P-Filter+EquipRej+SkinPrio+Omega+OmScale+OmSplit+OmRot+FarField+GradFarF+Kalman+StaticSup,horizontal best
cap_004009,2026-08-24T15:37:42.852,horizontal,23.74,26.24,3,0,0.0,TempBand+Watershed+Merge+ClustSml+ShapeGate+MinPeaks+P-Filter+EquipRej+SkinPrio+Omega+OmScale+OmSplit+OmRot+FarField+GradFarF+Kalman+StaticSup,horizontal best
cap_004010,2026-08-24T15:37:42.977,horizontal,23.74,26.24,3,0,0.0,TempBand+Watershed+Merge+ClustSml+ShapeGate+MinPeaks+P-Filter+EquipRej+SkinPrio+Omega+OmScale+OmSplit+OmRot+FarField+GradFarF+Kalman+StaticSup,horizontal best
cap_004011,2026-08-24T15:37:43.072,horizontal,23.74,26.24,2,0,0.0,TempBand+Watershed+Merge+ClustSml+ShapeGate+MinPeaks+P-Filter+EquipRej+SkinPrio+Omega+OmScale+OmSplit+OmRot+FarField+GradFarF+Kalman+StaticSup,horizontal best
cap_004012,2026-08-24T15:37:43.201,horizontal,23.74,26.24,3,0,0.0,TempBand+Watershed+Merge+ClustSml+ShapeGate+MinPeaks+P-Filter+EquipRej+SkinPrio+Omega+OmScale+OmSplit+OmRot+FarField+GradFarF+Kalman+StaticSup,horizontal best
cap_004013,2026-08-24T15:37:43.302,horizontal,23.72,26.22,3,0,0.0,TempBand+Watershed+Merge+ClustSml+ShapeGate+MinPeaks+P-Filter+EquipRej+SkinPrio+Omega+OmScale+OmSplit+OmRot+FarField+GradFarF+Kalman+StaticSup,horizontal best
cap_004014,2026-08-24T15:37:43.428,horizontal,23.70,26.20,3,0,0.0,TempBand+Watershed+Merge+ClustSml+ShapeGate+MinPeaks+P-Filter+EquipRej+SkinPrio+Omega+OmScale+OmSplit+OmRot+FarField+GradFarF+Kalman+StaticSup,horizontal best
cap_004015,2026-08-24T15:37:43.554,horizontal,23.70,26.20,3,0,0.0,TempBand+Watershed+Merge+ClustSml+ShapeGate+MinPeaks+P-Filter+EquipRej+SkinPrio+Omega+OmScale+OmSplit+OmRot+FarField+GradFarF+Kalman+StaticSup,horizontal best
cap_004016,2026-08-24T15:37:43.652,horizontal,23.72,26.22,3,0,0.0,TempBand+Watershed+Merge+ClustSml+ShapeGate+MinPeaks+P-Filter+EquipRej+SkinPrio+Omega+OmScale+OmSplit+OmRot+FarField+GradFarF+Kalman+StaticSup,horizontal best
cap_004017,2026-08-24T15:37:43.779,horizontal,23.72,26.22,3,0,0.0,TempBand+Watershed+Merge+ClustSml+ShapeGate+MinPeaks+P-Filter+EquipRej+SkinPrio+Omega+OmScale+OmSplit+OmRot+FarField+GradFarF+Kalman+StaticSup,horizontal best
cap_004018,2026-08-24T15:37:43.873,horizontal,23.74,26.24,3,0,0.0,TempBand+Watershed+Merge+ClustSml+ShapeGate+MinPeaks+P-Filter+EquipRej+SkinPrio+Omega+OmScale+OmSplit+OmRot+FarField+GradFarF+Kalman+StaticSup,horizontal best
cap_004019,2026-08-24T15:37:44.001,horizontal,23.74,26.24,3,0,0.0,TempBand+Watershed+Merge+ClustSml+ShapeGate+MinPeaks+P-Filter+EquipRej+SkinPrio+Omega+OmScale+OmSplit+OmRot+FarField+GradFarF+Kalman+StaticSup,horizontal best
cap_004020,2026-08-24T15:37:44.098,horizontal,23.72,26.22,3,0,0.0,TempBand+Watershed+Merge+ClustSml+ShapeGate+MinPeaks+P-Filter+EquipRej+SkinPrio+Omega+OmScale+OmSplit+OmRot+FarField+GradFarF+Kalman+StaticSup,horizontal best
cap_004021,2026-08-24T15:37:44.227,horizontal,23.72,26.22,3,0,0.0,TempBand+Watershed+Merge+ClustSml+ShapeGate+MinPeaks+P-Filter+EquipRej+SkinPrio+Omega+OmScale+OmSplit+OmRot+FarField+GradFarF+Kalman+StaticSup,horizontal best
cap_004022,2026-08-24T15:37:44.322,horizontal,23.72,26.22,3,0,0.0,TempBand+Watershed+Merge+ClustSml+ShapeGate+MinPeaks+P-Filter+EquipRej+SkinPrio+Omega+OmScale+OmSplit+OmRot+FarField+GradFarF+Kalman+StaticSup,horizontal best
cap_004023,2026-08-24T15:37:44.449,horizontal,23.72,26.22,3,0,0.0,TempBand+Watershed+Merge+ClustSml+ShapeGate+MinPeaks+P-Filter+EquipRej+SkinPrio+Omega+OmScale+OmSplit+OmRot+FarField+GradFarF+Kalman+StaticSup,horizontal best
cap_004024,2026-08-24T15:37:44.580,horizontal,23.72,26.22,3,0,0.0,TempBand+Watershed+Merge+ClustSml+ShapeGate+MinPeaks+P-Filter+EquipRej+SkinPrio+Omega+OmScale+OmSplit+OmRot+FarField+GradFarF+Kalman+StaticSup,horizontal best
cap_004025,2026-08-24T15:37:44.677,horizontal,23.74,26.24,3,0,0.0,TempBand+Watershed+Merge+ClustSml+ShapeGate+MinPeaks+P-Filter+EquipRej+SkinPrio+Omega+OmScale+OmSplit+OmRot+FarField+GradFarF+Kalman+StaticSup,horizontal best
cap_004026,2026-08-24T15:37:44.803,horizontal,23.72,26.22,3,0,0.0,TempBand+Watershed+Merge+ClustSml+ShapeGate+MinPeaks+P-Filter+EquipRej+SkinPrio+Omega+OmScale+OmSplit+OmRot+FarField+GradFarF+Kalman+StaticSup,horizontal best
cap_004027,2026-08-24T15:37:44.901,horizontal,23.72,26.22,3,0,0.0,TempBand+Watershed+Merge+ClustSml+ShapeGate+MinPeaks+P-Filter+EquipRej+SkinPrio+Omega+OmScale+OmSplit+OmRot+FarField+GradFarF+Kalman+StaticSup,horizontal best
cap_004028,2026-08-24T15:37:45.031,horizontal,23.70,26.20,3,0,0.0,TempBand+Watershed+Merge+ClustSml+ShapeGate+MinPeaks+P-Filter+EquipRej+SkinPrio+Omega+OmScale+OmSplit+OmRot+FarField+GradFarF+Kalman+StaticSup,horizontal best
cap_004029,2026-08-24T15:37:45.123,horizontal,23.67,26.17,3,0,0.0,TempBand+Watershed+Merge+ClustSml+ShapeGate+MinPeaks+P-Filter+EquipRej+SkinPrio+Omega+OmScale+OmSplit+OmRot+FarField+GradFarF+Kalman+StaticSup,horizontal best
cap_004030,2026-08-24T15:37:45.249,horizontal,23.67,26.17,3,0,0.0,TempBand+Watershed+Merge+ClustSml+ShapeGate+MinPeaks+P-Filter+EquipRej+SkinPrio+Omega+OmScale+OmSplit+OmRot+FarField+GradFarF+Kalman+StaticSup,horizontal best
cap_004031,2026-08-24T15:37:45.378,horizontal,23.65,26.15,2,0,0.0,TempBand+Watershed+Merge+ClustSml+ShapeGate+MinPeaks+P-Filter+EquipRej+SkinPrio+Omega+OmScale+OmSplit+OmRot+FarField+GradFarF+Kalman+StaticSup,horizontal best
cap_004032,2026-08-24T15:37:45.475,horizontal,23.65,26.15,3,0,0.0,TempBand+Watershed+Merge+ClustSml+ShapeGate+MinPeaks+P-Filter+EquipRej+SkinPrio+Omega+OmScale+OmSplit+OmRot+FarField+GradFarF+Kalman+StaticSup,horizontal best
cap_004033,2026-08-24T15:37:45.603,horizontal,23.65,26.15,3,0,0.0,TempBand+Watershed+Merge+ClustSml+ShapeGate+MinPeaks+P-Filter+EquipRej+SkinPrio+Omega+OmScale+OmSplit+OmRot+FarField+GradFarF+Kalman+StaticSup,horizontal best
cap_004034,2026-08-24T15:37:45.701,horizontal,23.65,26.15,3,0,0.0,TempBand+Watershed+Merge+ClustSml+ShapeGate+MinPeaks+P-Filter+EquipRej+SkinPrio+Omega+OmScale+OmSplit+OmRot+FarField+GradFarF+Kalman+StaticSup,horizontal best
cap_004035,2026-08-24T15:37:45.825,horizontal,23.65,26.15,3,0,0.0,TempBand+Watershed+Merge+ClustSml+ShapeGate+MinPeaks+P-Filter+EquipRej+SkinPrio+Omega+OmScale+OmSplit+OmRot+FarField+GradFarF+Kalman+StaticSup,horizontal best
cap_004036,2026-08-24T15:37:45.923,horizontal,23.60,26.10,3,0,0.0,TempBand+Watershed+Merge+ClustSml+ShapeGate+MinPeaks+P-Filter+EquipRej+SkinPrio+Omega+OmScale+OmSplit+OmRot+FarField+GradFarF+Kalman+StaticSup,horizontal best
cap_004037,2026-08-24T15:37:46.047,horizontal,23.60,26.10,3,0,0.0,TempBand+Watershed+Merge+ClustSml+ShapeGate+MinPeaks+P-Filter+EquipRej+SkinPrio+Omega+OmScale+OmSplit+OmRot+FarField+GradFarF+Kalman+StaticSup,horizontal best
cap_004038,2026-08-24T15:37:46.146,horizontal,23.60,26.10,3,0,0.0,TempBand+Watershed+Merge+ClustSml+ShapeGate+MinPeaks+P-Filter+EquipRej+SkinPrio+Omega+OmScale+OmSplit+OmRot+FarField+GradFarF+Kalman+StaticSup,horizontal best
cap_004039,2026-08-24T15:37:46.278,horizontal,23.60,26.10,3,0,0.0,TempBand+Watershed+Merge+ClustSml+ShapeGate+MinPeaks+P-Filter+EquipRej+SkinPrio+Omega+OmScale+OmSplit+OmRot+FarField+GradFarF+Kalman+StaticSup,horizontal best
cap_004040,2026-08-24T15:37:46.406,horizontal,23.62,26.12,3,0,0.0,TempBand+Watershed+Merge+ClustSml+ShapeGate+MinPeaks+P-Filter+EquipRej+SkinPrio+Omega+OmScale+OmSplit+OmRot+FarField+GradFarF+Kalman+StaticSup,horizontal best
cap_004041,2026-08-24T15:37:46.498,horizontal,23.62,26.12,3,0,0.0,TempBand+Watershed+Merge+ClustSml+ShapeGate+MinPeaks+P-Filter+EquipRej+SkinPrio+Omega+OmScale+OmSplit+OmRot+FarField+GradFarF+Kalman+StaticSup,horizontal best
cap_004042,2026-08-24T15:37:46.625,horizontal,23.62,26.12,3,0,0.0,TempBand+Watershed+Merge+ClustSml+ShapeGate+MinPeaks+P-Filter+EquipRej+SkinPrio+Omega+OmScale+OmSplit+OmRot+FarField+GradFarF+Kalman+StaticSup,horizontal best
cap_004043,2026-08-24T15:37:46.721,horizontal,23.60,26.10,3,0,0.0,TempBand+Watershed+Merge+ClustSml+ShapeGate+MinPeaks+P-Filter+EquipRej+SkinPrio+Omega+OmScale+OmSplit+OmRot+FarField+GradFarF+Kalman+StaticSup,horizontal best
cap_004044,2026-08-24T15:37:46.844,horizontal,23.62,26.12,2,0,0.0,TempBand+Watershed+Merge+ClustSml+ShapeGate+MinPeaks+P-Filter+EquipRej+SkinPrio+Omega+OmScale+OmSplit+OmRot+FarField+GradFarF+Kalman+StaticSup,horizontal best
cap_004045,2026-08-24T15:37:46.942,horizontal,23.62,26.12,2,0,0.0,TempBand+Watershed+Merge+ClustSml+ShapeGate+MinPeaks+P-Filter+EquipRej+SkinPrio+Omega+OmScale+OmSplit+OmRot+FarField+GradFarF+Kalman+StaticSup,horizontal best
cap_004046,2026-08-24T15:37:47.069,horizontal,23.60,26.10,2,0,0.0,TempBand+Watershed+Merge+ClustSml+ShapeGate+MinPeaks+P-Filter+EquipRej+SkinPrio+Omega+OmScale+OmSplit+OmRot+FarField+GradFarF+Kalman+StaticSup,horizontal best
cap_004047,2026-08-24T15:37:47.201,horizontal,23.60,26.10,2,0,0.0,TempBand+Watershed+Merge+ClustSml+ShapeGate+MinPeaks+P-Filter+EquipRej+SkinPrio+Omega+OmScale+OmSplit+OmRot+FarField+GradFarF+Kalman+StaticSup,horizontal best
cap_004048,2026-08-24T15:37:47.306,horizontal,23.58,26.08,2,0,0.0,TempBand+Watershed+Merge+ClustSml+ShapeGate+MinPeaks+P-Filter+EquipRej+SkinPrio+Omega+OmScale+OmSplit+OmRot+FarField+GradFarF+Kalman+StaticSup,horizontal best
cap_004049,2026-08-24T15:37:47.427,horizontal,23.58,26.08,2,0,0.0,TempBand+Watershed+Merge+ClustSml+ShapeGate+MinPeaks+P-Filter+EquipRej+SkinPrio+Omega+OmScale+OmSplit+OmRot+FarField+GradFarF+Kalman+StaticSup,horizontal best
cap_004050,2026-08-24T15:37:47.559,horizontal,23.55,26.05,2,0,0.0,TempBand+Watershed+Merge+ClustSml+ShapeGate+MinPeaks+P-Filter+EquipRej+SkinPrio+Omega+OmScale+OmSplit+OmRot+FarField+GradFarF+Kalman+StaticSup,horizontal best
cap_004051,2026-08-24T15:37:47.653,horizontal,23.58,26.08,2,0,0.0,TempBand+Watershed+Merge+ClustSml+ShapeGate+MinPeaks+P-Filter+EquipRej+SkinPrio+Omega+OmScale+OmSplit+OmRot+FarField+GradFarF+Kalman+StaticSup,horizontal best
cap_004052,2026-08-24T15:37:47.745,horizontal,23.55,26.05,2,0,0.0,TempBand+Watershed+Merge+ClustSml+ShapeGate+MinPeaks+P-Filter+EquipRej+SkinPrio+Omega+OmScale+OmSplit+OmRot+FarField+GradFarF+Kalman+StaticSup,horizontal best
cap_004053,2026-08-24T15:37:47.872,horizontal,23.58,26.08,2,0,0.0,TempBand+Watershed+Merge+ClustSml+ShapeGate+MinPeaks+P-Filter+EquipRej+SkinPrio+Omega+OmScale+OmSplit+OmRot+FarField+GradFarF+Kalman+StaticSup,horizontal best
cap_004054,2026-08-24T15:37:47.968,horizontal,23.60,26.10,2,0,0.0,TempBand+Watershed+Merge+ClustSml+ShapeGate+MinPeaks+P-Filter+EquipRej+SkinPrio+Omega+OmScale+OmSplit+OmRot+FarField+GradFarF+Kalman+StaticSup,horizontal best
cap_004055,2026-08-24T15:37:48.098,horizontal,23.58,26.08,2,0,0.0,TempBand+Watershed+Merge+ClustSml+ShapeGate+MinPeaks+P-Filter+EquipRej+SkinPrio+Omega+OmScale+OmSplit+OmRot+FarField+GradFarF+Kalman+StaticSup,horizontal best
cap_004056,2026-08-24T15:37:48.227,horizontal,23.58,26.08,2,0,0.0,TempBand+Watershed+Merge+ClustSml+ShapeGate+MinPeaks+P-Filter+EquipRej+SkinPrio+Omega+OmScale+OmSplit+OmRot+FarField+GradFarF+Kalman+StaticSup,horizontal best
cap_004057,2026-08-24T15:37:48.396,horizontal,23.55,26.05,2,0,0.0,TempBand+Watershed+Merge+ClustSml+ShapeGate+MinPeaks+P-Filter+EquipRej+SkinPrio+Omega+OmScale+OmSplit+OmRot+FarField+GradFarF+Kalman+StaticSup,horizontal best
cap_004058,2026-08-24T15:37:48.486,horizontal,23.53,26.03,1,0,0.0,TempBand+Watershed+Merge+ClustSml+ShapeGate+MinPeaks+P-Filter+EquipRej+SkinPrio+Omega+OmScale+OmSplit+OmRot+FarField+GradFarF+Kalman+StaticSup,horizontal best
cap_004059,2026-08-24T15:37:48.567,horizontal,23.51,26.01,1,0,0.0,TempBand+Watershed+Merge+ClustSml+ShapeGate+MinPeaks+P-Filter+EquipRej+SkinPrio+Omega+OmScale+OmSplit+OmRot+FarField+GradFarF+Kalman+StaticSup,horizontal best
cap_004060,2026-08-24T15:37:48.670,horizontal,23.48,25.98,1,0,0.0,TempBand+Watershed+Merge+ClustSml+ShapeGate+MinPeaks+P-Filter+EquipRej+SkinPrio+Omega+OmScale+OmSplit+OmRot+FarField+GradFarF+Kalman+StaticSup,horizontal best
cap_004061,2026-08-24T15:37:48.764,horizontal,23.48,25.98,2,0,0.0,TempBand+Watershed+Merge+ClustSml+ShapeGate+MinPeaks+P-Filter+EquipRej+SkinPrio+Omega+OmScale+OmSplit+OmRot+FarField+GradFarF+Kalman+StaticSup,horizontal best
cap_004062,2026-08-24T15:37:48.892,horizontal,23.48,25.98,2,0,0.0,TempBand+Watershed+Merge+ClustSml+ShapeGate+MinPeaks+P-Filter+EquipRej+SkinPrio+Omega+OmScale+OmSplit+OmRot+FarField+GradFarF+Kalman+StaticSup,horizontal best
cap_004063,2026-08-24T15:37:48.991,horizontal,23.48,25.98,2,0,0.0,TempBand+Watershed+Merge+ClustSml+ShapeGate+MinPeaks+P-Filter+EquipRej+SkinPrio+Omega+OmScale+OmSplit+OmRot+FarField+GradFarF+Kalman+StaticSup,horizontal best
cap_004064,2026-08-24T15:37:49.119,horizontal,23.46,25.96,2,1,0.8671106325283956,TempBand+Watershed+Merge+ClustSml+ShapeGate+MinPeaks+P-Filter+EquipRej+SkinPrio+Omega+OmScale+OmSplit+OmRot+FarField+GradFarF+Kalman+StaticSup,horizontal best
cap_004065,2026-08-24T15:37:49.245,horizontal,23.48,25.98,2,1,0.9156132099394083,TempBand+Watershed+Merge+ClustSml+ShapeGate+MinPeaks+P-Filter+EquipRej+SkinPrio+Omega+OmScale+OmSplit+OmRot+FarField+GradFarF+Kalman+StaticSup,horizontal best
cap_004066,2026-08-24T15:37:49.340,horizontal,23.48,25.98,1,0,0.0,TempBand+Watershed+Merge+ClustSml+ShapeGate+MinPeaks+P-Filter+EquipRej+SkinPrio+Omega+OmScale+OmSplit+OmRot+FarField+GradFarF+Kalman+StaticSup,horizontal best
cap_004067,2026-08-24T15:37:49.467,horizontal,23.46,25.96,2,2,0.2442539769426198,TempBand+Watershed+Merge+ClustSml+ShapeGate+MinPeaks+P-Filter+EquipRej+SkinPrio+Omega+OmScale+OmSplit+OmRot+FarField+GradFarF+Kalman+StaticSup,horizontal best
cap_004068,2026-08-24T15:37:49.563,horizontal,23.48,25.98,2,1,0.2276961728169257,TempBand+Watershed+Merge+ClustSml+ShapeGate+MinPeaks+P-Filter+EquipRej+SkinPrio+Omega+OmScale+OmSplit+OmRot+FarField+GradFarF+Kalman+StaticSup,horizontal best
cap_004069,2026-08-24T15:37:49.689,horizontal,23.46,25.96,2,1,0.2004521170287778,TempBand+Watershed+Merge+ClustSml+ShapeGate+MinPeaks+P-Filter+EquipRej+SkinPrio+Omega+OmScale+OmSplit+OmRot+FarField+GradFarF+Kalman+StaticSup,horizontal best
cap_004070,2026-08-24T15:37:49.788,horizontal,23.43,25.93,2,1,0.1957725712205691,TempBand+Watershed+Merge+ClustSml+ShapeGate+MinPeaks+P-Filter+EquipRej+SkinPrio+Omega+OmScale+OmSplit+OmRot+FarField+GradFarF+Kalman+StaticSup,horizontal best
cap_004071,2026-08-24T15:37:49.917,horizontal,23.46,25.96,2,2,0.16716300382142174,TempBand+Watershed+Merge+ClustSml+ShapeGate+MinPeaks+P-Filter+EquipRej+SkinPrio+Omega+OmScale+OmSplit+OmRot+FarField+GradFarF+Kalman+StaticSup,horizontal best
cap_004072,2026-08-24T15:37:50.047,horizontal,23.43,25.93,2,1,0.3144489452566936,TempBand+Watershed+Merge+ClustSml+ShapeGate+MinPeaks+P-Filter+EquipRej+SkinPrio+Omega+OmScale+OmSplit+OmRot+FarField+GradFarF+Kalman+StaticSup,horizontal best
cap_004073,2026-08-24T15:37:50.140,horizontal,23.43,25.93,2,1,0.4588173073739004,TempBand+Watershed+Merge+ClustSml+ShapeGate+MinPeaks+P-Filter+EquipRej+SkinPrio+Omega+OmScale+OmSplit+OmRot+FarField+GradFarF+Kalman+StaticSup,horizontal best
cap_004074,2026-08-24T15:37:50.281,horizontal,23.43,25.93,2,1,0.6787797940293555,TempBand+Watershed+Merge+ClustSml+ShapeGate+MinPeaks+P-Filter+EquipRej+SkinPrio+Omega+OmScale+OmSplit+OmRot+FarField+GradFarF+Kalman+StaticSup,horizontal best
cap_004075,2026-08-24T15:37:50.364,horizontal,23.43,25.93,2,1,0.8709080466057436,TempBand+Watershed+Merge+ClustSml+ShapeGate+MinPeaks+P-Filter+EquipRej+SkinPrio+Omega+OmScale+OmSplit+OmRot+FarField+GradFarF+Kalman+StaticSup,horizontal best
cap_004076,2026-08-24T15:37:50.493,horizontal,23.41,25.91,2,2,0.6979031291532649,TempBand+Watershed+Merge+ClustSml+ShapeGate+MinPeaks+P-Filter+EquipRej+SkinPrio+Omega+OmScale+OmSplit+OmRot+FarField+GradFarF+Kalman+StaticSup,horizontal best
cap_004077,2026-08-24T15:37:50.605,horizontal,23.41,25.91,2,1,0.9402850066035517,TempBand+Watershed+Merge+ClustSml+ShapeGate+MinPeaks+P-Filter+EquipRej+SkinPrio+Omega+OmScale+OmSplit+OmRot+FarField+GradFarF+Kalman+StaticSup,horizontal best
cap_004078,2026-08-24T15:37:50.717,horizontal,23.41,25.91,2,1,0.7462315570855332,TempBand+Watershed+Merge+ClustSml+ShapeGate+MinPeaks+P-Filter+EquipRej+SkinPrio+Omega+OmScale+OmSplit+OmRot+FarField+GradFarF+Kalman+StaticSup,horizontal best
cap_004079,2026-08-24T15:37:50.811,horizontal,23.41,25.91,2,1,0.7462315570855332,TempBand+Watershed+Merge+ClustSml+ShapeGate+MinPeaks+P-Filter+EquipRej+SkinPrio+Omega+OmScale+OmSplit+OmRot+FarField+GradFarF+Kalman+StaticSup,horizontal best
cap_004080,2026-08-24T15:37:50.940,horizontal,23.41,25.91,2,1,0.7462315570855332,TempBand+Watershed+Merge+ClustSml+ShapeGate+MinPeaks+P-Filter+EquipRej+SkinPrio+Omega+OmScale+OmSplit+OmRot+FarField+GradFarF+Kalman+StaticSup,horizontal best
cap_004081,2026-08-24T15:37:51.069,horizontal,23.41,25.91,2,1,0.9048508089124505,TempBand+Watershed+Merge+ClustSml+ShapeGate+MinPeaks+P-Filter+EquipRej+SkinPrio+Omega+OmScale+OmSplit+OmRot+FarField+GradFarF+Kalman+StaticSup,horizontal best
cap_004082,2026-08-24T15:37:51.165,horizontal,23.41,25.91,2,1,0.7268929106227953,TempBand+Watershed+Merge+ClustSml+ShapeGate+MinPeaks+P-Filter+EquipRej+SkinPrio+Omega+OmScale+OmSplit+OmRot+FarField+GradFarF+Kalman+StaticSup,horizontal best
cap_004083,2026-08-24T15:37:51.297,horizontal,23.43,25.93,2,1,0.7006297188669115,TempBand+Watershed+Merge+ClustSml+ShapeGate+MinPeaks+P-Filter+EquipRej+SkinPrio+Omega+OmScale+OmSplit+OmRot+FarField+GradFarF+Kalman+StaticSup,horizontal best
cap_004084,2026-08-24T15:37:51.388,horizontal,23.43,25.93,2,1,0.7061293470771505,TempBand+Watershed+Merge+ClustSml+ShapeGate+MinPeaks+P-Filter+EquipRej+SkinPrio+Omega+OmScale+OmSplit+OmRot+FarField+GradFarF+Kalman+StaticSup,horizontal best
cap_004085,2026-08-24T15:37:51.519,horizontal,23.43,25.93,2,1,0.7117198046393074,TempBand+Watershed+Merge+ClustSml+ShapeGate+MinPeaks+P-Filter+EquipRej+SkinPrio+Omega+OmScale+OmSplit+OmRot+FarField+GradFarF+Kalman+StaticSup,horizontal best
cap_004086,2026-08-24T15:37:51.610,horizontal,23.41,25.91,2,1,0.6719316997803942,TempBand+Watershed+Merge+ClustSml+ShapeGate+MinPeaks+P-Filter+EquipRej+SkinPrio+Omega+OmScale+OmSplit+OmRot+FarField+GradFarF+Kalman+StaticSup,horizontal best
cap_004087,2026-08-24T15:37:51.744,horizontal,23.41,25.91,2,1,0.8969895593366634,TempBand+Watershed+Merge+ClustSml+ShapeGate+MinPeaks+P-Filter+EquipRej+SkinPrio+Omega+OmScale+OmSplit+OmRot+FarField+GradFarF+Kalman+StaticSup,horizontal best
cap_004088,2026-08-24T15:37:51.866,horizontal,23.41,25.91,2,1,0.8845309400377506,TempBand+Watershed+Merge+ClustSml+ShapeGate+MinPeaks+P-Filter+EquipRej+SkinPrio+Omega+OmScale+OmSplit+OmRot+FarField+GradFarF+Kalman+StaticSup,horizontal best
cap_004089,2026-08-24T15:37:51.965,horizontal,23.43,25.93,2,1,0.9770384380205941,TempBand+Watershed+Merge+ClustSml+ShapeGate+MinPeaks+P-Filter+EquipRej+SkinPrio+Omega+OmScale+OmSplit+OmRot+FarField+GradFarF+Kalman+StaticSup,horizontal best
cap_004090,2026-08-24T15:37:52.095,horizontal,23.43,25.93,2,1,0.8804767537331147,TempBand+Watershed+Merge+ClustSml+ShapeGate+MinPeaks+P-Filter+EquipRej+SkinPrio+Omega+OmScale+OmSplit+OmRot+FarField+GradFarF+Kalman+StaticSup,horizontal best
cap_004091,2026-08-24T15:37:52.189,horizontal,23.43,25.93,2,1,0.8134851149163579,TempBand+Watershed+Merge+ClustSml+ShapeGate+MinPeaks+P-Filter+EquipRej+SkinPrio+Omega+OmScale+OmSplit+OmRot+FarField+GradFarF+Kalman+StaticSup,horizontal best
cap_004092,2026-08-24T15:37:52.319,horizontal,23.43,25.93,2,1,0.8663229722532312,TempBand+Watershed+Merge+ClustSml+ShapeGate+MinPeaks+P-Filter+EquipRej+SkinPrio+Omega+OmScale+OmSplit+OmRot+FarField+GradFarF+Kalman+StaticSup,horizontal best
cap_004093,2026-08-24T15:37:52.414,horizontal,23.43,25.93,2,1,0.8748742780002161,TempBand+Watershed+Merge+ClustSml+ShapeGate+MinPeaks+P-Filter+EquipRej+SkinPrio+Omega+OmScale+OmSplit+OmRot+FarField+GradFarF+Kalman+StaticSup,horizontal best
cap_004094,2026-08-24T15:37:52.546,horizontal,23.41,25.91,2,1,0.7856704959046645,TempBand+Watershed+Merge+ClustSml+ShapeGate+MinPeaks+P-Filter+EquipRej+SkinPrio+Omega+OmScale+OmSplit+OmRot+FarField+GradFarF+Kalman+StaticSup,horizontal best
cap_004095,2026-08-24T15:37:52.637,horizontal,23.41,25.91,2,1,0.8987909331600668,TempBand+Watershed+Merge+ClustSml+ShapeGate+MinPeaks+P-Filter+EquipRej+SkinPrio+Omega+OmScale+OmSplit+OmRot+FarField+GradFarF+Kalman+StaticSup,horizontal best
cap_004096,2026-08-24T15:37:52.768,horizontal,23.43,25.93,2,1,0.894032801281739,TempBand+Watershed+Merge+ClustSml+ShapeGate+MinPeaks+P-Filter+EquipRej+SkinPrio+Omega+OmScale+OmSplit+OmRot+FarField+GradFarF+Kalman+StaticSup,horizontal best
cap_004097,2026-08-24T15:37:52.890,horizontal,23.43,25.93,2,1,0.8748742780002161,TempBand+Watershed+Merge+ClustSml+ShapeGate+MinPeaks+P-Filter+EquipRej+SkinPrio+Omega+OmScale+OmSplit+OmRot+FarField+GradFarF+Kalman+StaticSup,horizontal best
cap_004098,2026-08-24T15:37:52.987,horizontal,23.43,25.93,2,1,0.6514968927182007,TempBand+Watershed+Merge+ClustSml+ShapeGate+MinPeaks+P-Filter+EquipRej+SkinPrio+Omega+OmScale+OmSplit+OmRot+FarField+GradFarF+Kalman+StaticSup,horizontal best
cap_004099,2026-08-24T15:37:53.117,horizontal,23.41,25.91,2,1,0.8367115561059204,TempBand+Watershed+Merge+ClustSml+ShapeGate+MinPeaks+P-Filter+EquipRej+SkinPrio+Omega+OmScale+OmSplit+OmRot+FarField+GradFarF+Kalman+StaticSup,horizontal best
cap_004100,2026-08-24T15:37:53.212,horizontal,23.43,25.93,1,1,0.6923195826508439,TempBand+Watershed+Merge+ClustSml+ShapeGate+MinPeaks+P-Filter+EquipRej+SkinPrio+Omega+OmScale+OmSplit+OmRot+FarField+GradFarF+Kalman+StaticSup,horizontal best
cap_004101,2026-08-24T15:37:53.341,horizontal,23.43,25.93,1,1,0.6806354106472017,TempBand+Watershed+Merge+ClustSml+ShapeGate+MinPeaks+P-Filter+EquipRej+SkinPrio+Omega+OmScale+OmSplit+OmRot+FarField+GradFarF+Kalman+StaticSup,horizontal best
cap_004102,2026-08-24T15:37:53.435,horizontal,23.43,25.93,1,1,0.8333535064615022,TempBand+Watershed+Merge+ClustSml+ShapeGate+MinPeaks+P-Filter+EquipRej+SkinPrio+Omega+OmScale+OmSplit+OmRot+FarField+GradFarF+Kalman+StaticSup,horizontal best
cap_004103,2026-08-24T15:37:53.567,horizontal,23.43,25.93,2,1,0.580949474484126,TempBand+Watershed+Merge+ClustSml+ShapeGate+MinPeaks+P-Filter+EquipRej+SkinPrio+Omega+OmScale+OmSplit+OmRot+FarField+GradFarF+Kalman+StaticSup,horizontal best
cap_004104,2026-08-24T15:37:53.692,horizontal,23.41,25.91,2,1,0.6652626755137964,TempBand+Watershed+Merge+ClustSml+ShapeGate+MinPeaks+P-Filter+EquipRej+SkinPrio+Omega+OmScale+OmSplit+OmRot+FarField+GradFarF+Kalman+StaticSup,horizontal best
cap_004105,2026-08-24T15:37:53.786,horizontal,23.36,25.86,2,1,0.7728148716260963,TempBand+Watershed+Merge+ClustSml+ShapeGate+MinPeaks+P-Filter+EquipRej+SkinPrio+Omega+OmScale+OmSplit+OmRot+FarField+GradFarF+Kalman+StaticSup,horizontal best
cap_004106,2026-08-24T15:37:53.917,horizontal,23.36,25.86,2,2,0.6506439002655877,TempBand+Watershed+Merge+ClustSml+ShapeGate+MinPeaks+P-Filter+EquipRej+SkinPrio+Omega+OmScale+OmSplit+OmRot+FarField+GradFarF+Kalman+StaticSup,horizontal best
cap_004107,2026-08-24T15:37:54.013,horizontal,23.36,25.86,2,2,0.6491379944690222,TempBand+Watershed+Merge+ClustSml+ShapeGate+MinPeaks+P-Filter+EquipRej+SkinPrio+Omega+OmScale+OmSplit+OmRot+FarField+GradFarF+Kalman+StaticSup,horizontal best
cap_004108,2026-08-24T15:37:54.141,horizontal,23.34,25.84,2,2,0.5304805135588343,TempBand+Watershed+Merge+ClustSml+ShapeGate+MinPeaks+P-Filter+EquipRej+SkinPrio+Omega+OmScale+OmSplit+OmRot+FarField+GradFarF+Kalman+StaticSup,horizontal best
cap_004109,2026-08-24T15:37:54.241,horizontal,23.34,25.84,2,2,0.5488720615195692,TempBand+Watershed+Merge+ClustSml+ShapeGate+MinPeaks+P-Filter+EquipRej+SkinPrio+Omega+OmScale+OmSplit+OmRot+FarField+GradFarF+Kalman+StaticSup,horizontal best
cap_004110,2026-08-24T15:37:54.367,horizontal,23.34,25.84,2,1,0.35459577916778645,TempBand+Watershed+Merge+ClustSml+ShapeGate+MinPeaks+P-Filter+EquipRej+SkinPrio+Omega+OmScale+OmSplit+OmRot+FarField+GradFarF+Kalman+StaticSup,horizontal best
cap_004111,2026-08-24T15:37:54.465,horizontal,23.34,25.84,2,1,0.6816782251808421,TempBand+Watershed+Merge+ClustSml+ShapeGate+MinPeaks+P-Filter+EquipRej+SkinPrio+Omega+OmScale+OmSplit+OmRot+FarField+GradFarF+Kalman+StaticSup,horizontal best
cap_004112,2026-08-24T15:37:54.597,horizontal,23.34,25.84,2,1,0.6754574091037785,TempBand+Watershed+Merge+ClustSml+ShapeGate+MinPeaks+P-Filter+EquipRej+SkinPrio+Omega+OmScale+OmSplit+OmRot+FarField+GradFarF+Kalman+StaticSup,horizontal best
cap_004113,2026-08-24T15:37:54.716,horizontal,23.34,25.84,2,0,0.0,TempBand+Watershed+Merge+ClustSml+ShapeGate+MinPeaks+P-Filter+EquipRej+SkinPrio+Omega+OmScale+OmSplit+OmRot+FarField+GradFarF+Kalman+StaticSup,horizontal best
cap_004114,2026-08-24T15:37:54.814,horizontal,23.34,25.84,2,0,0.0,TempBand+Watershed+Merge+ClustSml+ShapeGate+MinPeaks+P-Filter+EquipRej+SkinPrio+Omega+OmScale+OmSplit+OmRot+FarField+GradFarF+Kalman+StaticSup,horizontal best
cap_004115,2026-08-24T15:37:54.941,horizontal,23.34,25.84,2,1,0.6494003186382772,TempBand+Watershed+Merge+ClustSml+ShapeGate+MinPeaks+P-Filter+EquipRej+SkinPrio+Omega+OmScale+OmSplit+OmRot+FarField+GradFarF+Kalman+StaticSup,horizontal best
cap_004116,2026-08-24T15:37:55.034,horizontal,23.36,25.86,2,1,0.4343273744836201,TempBand+Watershed+Merge+ClustSml+ShapeGate+MinPeaks+P-Filter+EquipRej+SkinPrio+Omega+OmScale+OmSplit+OmRot+FarField+GradFarF+Kalman+StaticSup,horizontal best
cap_004117,2026-08-24T15:37:55.169,horizontal,23.36,25.86,2,0,0.0,TempBand+Watershed+Merge+ClustSml+ShapeGate+MinPeaks+P-Filter+EquipRej+SkinPrio+Omega+OmScale+OmSplit+OmRot+FarField+GradFarF+Kalman+StaticSup,horizontal best
cap_004118,2026-08-24T15:37:55.263,horizontal,23.39,25.89,2,0,0.0,TempBand+Watershed+Merge+ClustSml+ShapeGate+MinPeaks+P-Filter+EquipRej+SkinPrio+Omega+OmScale+OmSplit+OmRot+FarField+GradFarF+Kalman+StaticSup,horizontal best
cap_004119,2026-08-24T15:37:55.390,horizontal,23.36,25.86,2,0,0.0,TempBand+Watershed+Merge+ClustSml+ShapeGate+MinPeaks+P-Filter+EquipRej+SkinPrio+Omega+OmScale+OmSplit+OmRot+FarField+GradFarF+Kalman+StaticSup,horizontal best
cap_004120,2026-08-24T15:37:55.488,horizontal,23.34,25.84,2,0,0.0,TempBand+Watershed+Merge+ClustSml+ShapeGate+MinPeaks+P-Filter+EquipRej+SkinPrio+Omega+OmScale+OmSplit+OmRot+FarField+GradFarF+Kalman+StaticSup,horizontal best
cap_004121,2026-08-24T15:37:55.615,horizontal,23.32,25.82,2,0,0.0,TempBand+Watershed+Merge+ClustSml+ShapeGate+MinPeaks+P-Filter+EquipRej+SkinPrio+Omega+OmScale+OmSplit+OmRot+FarField+GradFarF+Kalman+StaticSup,horizontal best
cap_004122,2026-08-24T15:37:55.739,horizontal,23.32,25.82,2,1,0.6341323470634271,TempBand+Watershed+Merge+ClustSml+ShapeGate+MinPeaks+P-Filter+EquipRej+SkinPrio+Omega+OmScale+OmSplit+OmRot+FarField+GradFarF+Kalman+StaticSup,horizontal best
cap_004123,2026-08-24T15:37:55.836,horizontal,23.32,25.82,2,1,0.714293343955172,TempBand+Watershed+Merge+ClustSml+ShapeGate+MinPeaks+P-Filter+EquipRej+SkinPrio+Omega+OmScale+OmSplit+OmRot+FarField+GradFarF+Kalman+StaticSup,horizontal best
cap_004124,2026-08-24T15:37:55.965,horizontal,23.32,25.82,2,0,0.0,TempBand+Watershed+Merge+ClustSml+ShapeGate+MinPeaks+P-Filter+EquipRej+SkinPrio+Omega+OmScale+OmSplit+OmRot+FarField+GradFarF+Kalman+StaticSup,horizontal best
cap_004125,2026-08-24T15:37:56.064,horizontal,23.32,25.82,2,0,0.0,TempBand+Watershed+Merge+ClustSml+ShapeGate+MinPeaks+P-Filter+EquipRej+SkinPrio+Omega+OmScale+OmSplit+OmRot+FarField+GradFarF+Kalman+StaticSup,horizontal best
cap_004126,2026-08-24T15:37:56.189,horizontal,23.32,25.82,2,0,0.0,TempBand+Watershed+Merge+ClustSml+ShapeGate+MinPeaks+P-Filter+EquipRej+SkinPrio+Omega+OmScale+OmSplit+OmRot+FarField+GradFarF+Kalman+StaticSup,horizontal best
cap_004127,2026-08-24T15:37:56.286,horizontal,23.32,25.82,2,0,0.0,TempBand+Watershed+Merge+ClustSml+ShapeGate+MinPeaks+P-Filter+EquipRej+SkinPrio+Omega+OmScale+OmSplit+OmRot+FarField+GradFarF+Kalman+StaticSup,horizontal best
cap_004128,2026-08-24T15:37:56.415,horizontal,23.32,25.82,2,0,0.0,TempBand+Watershed+Merge+ClustSml+ShapeGate+MinPeaks+P-Filter+EquipRej+SkinPrio+Omega+OmScale+OmSplit+OmRot+FarField+GradFarF+Kalman+StaticSup,horizontal best
cap_004129,2026-08-24T15:37:56.544,horizontal,23.29,25.79,2,0,0.0,TempBand+Watershed+Merge+ClustSml+ShapeGate+MinPeaks+P-Filter+EquipRej+SkinPrio+Omega+OmScale+OmSplit+OmRot+FarField+GradFarF+Kalman+StaticSup,horizontal best
cap_004130,2026-08-24T15:37:56.638,horizontal,23.29,25.79,2,0,0.0,TempBand+Watershed+Merge+ClustSml+ShapeGate+MinPeaks+P-Filter+EquipRej+SkinPrio+Omega+OmScale+OmSplit+OmRot+FarField+GradFarF+Kalman+StaticSup,horizontal best
cap_004131,2026-08-24T15:37:56.764,horizontal,23.29,25.79,2,0,0.0,TempBand+Watershed+Merge+ClustSml+ShapeGate+MinPeaks+P-Filter+EquipRej+SkinPrio+Omega+OmScale+OmSplit+OmRot+FarField+GradFarF+Kalman+StaticSup,horizontal best
cap_004132,2026-08-24T15:37:56.861,horizontal,23.27,25.77,2,0,0.0,TempBand+Watershed+Merge+ClustSml+ShapeGate+MinPeaks+P-Filter+EquipRej+SkinPrio+Omega+OmScale+OmSplit+OmRot+FarField+GradFarF+Kalman+StaticSup,horizontal best
cap_004133,2026-08-24T15:37:56.990,horizontal,23.27,25.77,2,0,0.0,TempBand+Watershed+Merge+ClustSml+ShapeGate+MinPeaks+P-Filter+EquipRej+SkinPrio+Omega+OmScale+OmSplit+OmRot+FarField+GradFarF+Kalman+StaticSup,horizontal best
cap_004134,2026-08-24T15:37:57.086,horizontal,23.27,25.77,2,0,0.0,TempBand+Watershed+Merge+ClustSml+ShapeGate+MinPeaks+P-Filter+EquipRej+SkinPrio+Omega+OmScale+OmSplit+OmRot+FarField+GradFarF+Kalman+StaticSup,horizontal best
cap_004135,2026-08-24T15:37:57.214,horizontal,23.24,25.74,2,1,0.28399284857212764,TempBand+Watershed+Merge+ClustSml+ShapeGate+MinPeaks+P-Filter+EquipRej+SkinPrio+Omega+OmScale+OmSplit+OmRot+FarField+GradFarF+Kalman+StaticSup,horizontal best
cap_004136,2026-08-24T15:37:57.313,horizontal,23.27,25.77,1,1,0.5369701888476427,TempBand+Watershed+Merge+ClustSml+ShapeGate+MinPeaks+P-Filter+EquipRej+SkinPrio+Omega+OmScale+OmSplit+OmRot+FarField+GradFarF+Kalman+StaticSup,horizontal best
cap_004137,2026-08-24T15:37:57.440,horizontal,23.24,25.74,1,1,0.8541833272197963,TempBand+Watershed+Merge+ClustSml+ShapeGate+MinPeaks+P-Filter+EquipRej+SkinPrio+Omega+OmScale+OmSplit+OmRot+FarField+GradFarF+Kalman+StaticSup,horizontal best
cap_004138,2026-08-24T15:37:57.563,horizontal,23.22,25.72,2,1,0.7639850973739546,TempBand+Watershed+Merge+ClustSml+ShapeGate+MinPeaks+P-Filter+EquipRej+SkinPrio+Omega+OmScale+OmSplit+OmRot+FarField+GradFarF+Kalman+StaticSup,horizontal best
cap_004139,2026-08-24T15:37:57.671,horizontal,23.22,25.72,2,1,0.5378816165769474,TempBand+Watershed+Merge+ClustSml+ShapeGate+MinPeaks+P-Filter+EquipRej+SkinPrio+Omega+OmScale+OmSplit+OmRot+FarField+GradFarF+Kalman+StaticSup,horizontal best
cap_004140,2026-08-24T15:37:57.787,horizontal,23.22,25.72,2,1,0.538136687210981,TempBand+Watershed+Merge+ClustSml+ShapeGate+MinPeaks+P-Filter+EquipRej+SkinPrio+Omega+OmScale+OmSplit+OmRot+FarField+GradFarF+Kalman+StaticSup,horizontal best
cap_004141,2026-08-24T15:37:57.887,horizontal,23.22,25.72,2,1,0.6615910157890397,TempBand+Watershed+Merge+ClustSml+ShapeGate+MinPeaks+P-Filter+EquipRej+SkinPrio+Omega+OmScale+OmSplit+OmRot+FarField+GradFarF+Kalman+StaticSup,horizontal best
cap_004142,2026-08-24T15:37:58.014,horizontal,23.22,25.72,2,1,0.6615910157890397,TempBand+Watershed+Merge+ClustSml+ShapeGate+MinPeaks+P-Filter+EquipRej+SkinPrio+Omega+OmScale+OmSplit+OmRot+FarField+GradFarF+Kalman+StaticSup,horizontal best
cap_004143,2026-08-24T15:37:58.109,horizontal,23.22,25.72,2,1,0.6575444112767552,TempBand+Watershed+Merge+ClustSml+ShapeGate+MinPeaks+P-Filter+EquipRej+SkinPrio+Omega+OmScale+OmSplit+OmRot+FarField+GradFarF+Kalman+StaticSup,horizontal best
cap_004144,2026-08-24T15:37:58.257,horizontal,23.22,25.72,2,1,0.6575444112767552,TempBand+Watershed+Merge+ClustSml+ShapeGate+MinPeaks+P-Filter+EquipRej+SkinPrio+Omega+OmScale+OmSplit+OmRot+FarField+GradFarF+Kalman+StaticSup,horizontal best
cap_004145,2026-08-24T15:37:58.364,horizontal,23.24,25.74,2,1,0.7255262985613385,TempBand+Watershed+Merge+ClustSml+ShapeGate+MinPeaks+P-Filter+EquipRej+SkinPrio+Omega+OmScale+OmSplit+OmRot+FarField+GradFarF+Kalman+StaticSup,horizontal best
cap_004146,2026-08-24T15:37:58.461,horizontal,23.24,25.74,2,1,0.7206645243957216,TempBand+Watershed+Merge+ClustSml+ShapeGate+MinPeaks+P-Filter+EquipRej+SkinPrio+Omega+OmScale+OmSplit+OmRot+FarField+GradFarF+Kalman+StaticSup,horizontal best
cap_004147,2026-08-24T15:37:58.590,horizontal,23.27,25.77,2,1,0.635524426608769,TempBand+Watershed+Merge+ClustSml+ShapeGate+MinPeaks+P-Filter+EquipRej+SkinPrio+Omega+OmScale+OmSplit+OmRot+FarField+GradFarF+Kalman+StaticSup,horizontal best
cap_004148,2026-08-24T15:37:58.685,horizontal,23.29,25.79,2,1,0.6246967028084766,TempBand+Watershed+Merge+ClustSml+ShapeGate+MinPeaks+P-Filter+EquipRej+SkinPrio+Omega+OmScale+OmSplit+OmRot+FarField+GradFarF+Kalman+StaticSup,horizontal best
cap_004149,2026-08-24T15:37:58.811,horizontal,23.27,25.77,2,1,0.7078718045319135,TempBand+Watershed+Merge+ClustSml+ShapeGate+MinPeaks+P-Filter+EquipRej+SkinPrio+Omega+OmScale+OmSplit+OmRot+FarField+GradFarF+Kalman+StaticSup,horizontal best
cap_004150,2026-08-24T15:37:58.908,horizontal,23.27,25.77,2,1,0.5782701032570285,TempBand+Watershed+Merge+ClustSml+ShapeGate+MinPeaks+P-Filter+EquipRej+SkinPrio+Omega+OmScale+OmSplit+OmRot+FarField+GradFarF+Kalman+StaticSup,horizontal best
cap_004151,2026-08-24T15:37:59.040,horizontal,23.27,25.77,2,0,0.0,TempBand+Watershed+Merge+ClustSml+ShapeGate+MinPeaks+P-Filter+EquipRej+SkinPrio+Omega+OmScale+OmSplit+OmRot+FarField+GradFarF+Kalman+StaticSup,horizontal best
cap_004152,2026-08-24T15:37:59.132,horizontal,23.27,25.77,2,0,0.0,TempBand+Watershed+Merge+ClustSml+ShapeGate+MinPeaks+P-Filter+EquipRej+SkinPrio+Omega+OmScale+OmSplit+OmRot+FarField+GradFarF+Kalman+StaticSup,horizontal best
cap_004153,2026-08-24T15:37:59.264,horizontal,23.27,25.77,2,0,0.0,TempBand+Watershed+Merge+ClustSml+ShapeGate+MinPeaks+P-Filter+EquipRej+SkinPrio+Omega+OmScale+OmSplit+OmRot+FarField+GradFarF+Kalman+StaticSup,horizontal best
cap_004154,2026-08-24T15:37:59.394,horizontal,23.27,25.77,2,0,0.0,TempBand+Watershed+Merge+ClustSml+ShapeGate+MinPeaks+P-Filter+EquipRej+SkinPrio+Omega+OmScale+OmSplit+OmRot+FarField+GradFarF+Kalman+StaticSup,horizontal best
cap_004155,2026-08-24T15:37:59.486,horizontal,23.27,25.77,2,0,0.0,TempBand+Watershed+Merge+ClustSml+ShapeGate+MinPeaks+P-Filter+EquipRej+SkinPrio+Omega+OmScale+OmSplit+OmRot+FarField+GradFarF+Kalman+StaticSup,horizontal best
cap_004156,2026-08-24T15:37:59.616,horizontal,23.27,25.77,2,1,0.4276141945231129,TempBand+Watershed+Merge+ClustSml+ShapeGate+MinPeaks+P-Filter+EquipRej+SkinPrio+Omega+OmScale+OmSplit+OmRot+FarField+GradFarF+Kalman+StaticSup,horizontal best
cap_004157,2026-08-24T15:37:59.732,horizontal,23.27,25.77,2,1,0.4299970470784488,TempBand+Watershed+Merge+ClustSml+ShapeGate+MinPeaks+P-Filter+EquipRej+SkinPrio+Omega+OmScale+OmSplit+OmRot+FarField+GradFarF+Kalman+StaticSup,horizontal best
cap_004158,2026-08-24T15:37:59.843,horizontal,23.29,25.79,2,1,0.629543423964294,TempBand+Watershed+Merge+ClustSml+ShapeGate+MinPeaks+P-Filter+EquipRej+SkinPrio+Omega+OmScale+OmSplit+OmRot+FarField+GradFarF+Kalman+StaticSup,horizontal best
cap_004159,2026-08-24T15:37:59.937,horizontal,23.27,25.77,2,1,0.629543423964294,TempBand+Watershed+Merge+ClustSml+ShapeGate+MinPeaks+P-Filter+EquipRej+SkinPrio+Omega+OmScale+OmSplit+OmRot+FarField+GradFarF+Kalman+StaticSup,horizontal best
cap_004160,2026-08-24T15:38:00.062,horizontal,23.27,25.77,2,1,0.629543423964294,TempBand+Watershed+Merge+ClustSml+ShapeGate+MinPeaks+P-Filter+EquipRej+SkinPrio+Omega+OmScale+OmSplit+OmRot+FarField+GradFarF+Kalman+StaticSup,horizontal best
cap_004161,2026-08-24T15:38:00.242,horizontal,23.24,25.74,2,1,0.6861932781446749,TempBand+Watershed+Merge+ClustSml+ShapeGate+MinPeaks+P-Filter+EquipRej+SkinPrio+Omega+OmScale+OmSplit+OmRot+FarField+GradFarF+Kalman+StaticSup,horizontal best
cap_004162,2026-08-24T15:38:00.338,horizontal,23.22,25.72,2,1,0.6833030537388128,TempBand+Watershed+Merge+ClustSml+ShapeGate+MinPeaks+P-Filter+EquipRej+SkinPrio+Omega+OmScale+OmSplit+OmRot+FarField+GradFarF+Kalman+StaticSup,horizontal best
cap_004163,2026-08-24T15:38:00.426,horizontal,23.22,25.72,2,1,0.6257029871677591,TempBand+Watershed+Merge+ClustSml+ShapeGate+MinPeaks+P-Filter+EquipRej+SkinPrio+Omega+OmScale+OmSplit+OmRot+FarField+GradFarF+Kalman+StaticSup,horizontal best
cap_004164,2026-08-24T15:38:00.510,horizontal,23.22,25.72,2,1,0.6861932781446749,TempBand+Watershed+Merge+ClustSml+ShapeGate+MinPeaks+P-Filter+EquipRej+SkinPrio+Omega+OmScale+OmSplit+OmRot+FarField+GradFarF+Kalman+StaticSup,horizontal best
cap_004165,2026-08-24T15:38:00.639,horizontal,23.22,25.72,2,1,0.7158552018428322,TempBand+Watershed+Merge+ClustSml+ShapeGate+MinPeaks+P-Filter+EquipRej+SkinPrio+Omega+OmScale+OmSplit+OmRot+FarField+GradFarF+Kalman+StaticSup,horizontal best
cap_004166,2026-08-24T15:38:00.736,horizontal,23.22,25.72,2,0,0.0,TempBand+Watershed+Merge+ClustSml+ShapeGate+MinPeaks+P-Filter+EquipRej+SkinPrio+Omega+OmScale+OmSplit+OmRot+FarField+GradFarF+Kalman+StaticSup,horizontal best
cap_004167,2026-08-24T15:38:00.903,horizontal,23.24,25.74,2,0,0.0,TempBand+Watershed+Merge+ClustSml+ShapeGate+MinPeaks+P-Filter+EquipRej+SkinPrio+Omega+OmScale+OmSplit+OmRot+FarField+GradFarF+Kalman+StaticSup,horizontal best
cap_004168,2026-08-24T15:38:01.008,horizontal,23.24,25.74,2,0,0.0,TempBand+Watershed+Merge+ClustSml+ShapeGate+MinPeaks+P-Filter+EquipRej+SkinPrio+Omega+OmScale+OmSplit+OmRot+FarField+GradFarF+Kalman+StaticSup,horizontal best
cap_004169,2026-08-24T15:38:01.435,horizontal,23.27,25.77,2,0,0.0,TempBand+Watershed+Merge+ClustSml+ShapeGate+MinPeaks+P-Filter+EquipRej+SkinPrio+Omega+OmScale+OmSplit+OmRot+FarField+GradFarF+Kalman+StaticSup,horizontal best
cap_004170,2026-08-24T15:38:01.604,horizontal,23.27,25.77,2,1,0.47855437764612446,TempBand+Watershed+Merge+ClustSml+ShapeGate+MinPeaks+P-Filter+EquipRej+SkinPrio+Omega+OmScale+OmSplit+OmRot+FarField+GradFarF+Kalman+StaticSup,horizontal best
cap_004171,2026-08-24T15:38:01.666,horizontal,23.24,25.74,2,1,0.4395478588573921,TempBand+Watershed+Merge+ClustSml+ShapeGate+MinPeaks+P-Filter+EquipRej+SkinPrio+Omega+OmScale+OmSplit+OmRot+FarField+GradFarF+Kalman+StaticSup,horizontal best
cap_004172,2026-08-24T15:38:01.804,horizontal,23.23,25.73,2,1,0.4467122616195022,TempBand+Watershed+Merge+ClustSml+ShapeGate+MinPeaks+P-Filter+EquipRej+SkinPrio+Omega+OmScale+OmSplit+OmRot+FarField+GradFarF+Kalman+StaticSup,horizontal best
cap_004173,2026-08-24T15:38:02.043,horizontal,23.22,25.72,2,1,0.644869768257821,TempBand+Watershed+Merge+ClustSml+ShapeGate+MinPeaks+P-Filter+EquipRej+SkinPrio+Omega+OmScale+OmSplit+OmRot+FarField+GradFarF+Kalman+StaticSup,horizontal best
cap_004174,2026-08-24T15:38:02.097,horizontal,23.22,25.72,2,1,0.5830357447770752,TempBand+Watershed+Merge+ClustSml+ShapeGate+MinPeaks+P-Filter+EquipRej+SkinPrio+Omega+OmScale+OmSplit+OmRot+FarField+GradFarF+Kalman+StaticSup,horizontal best
cap_004175,2026-08-24T15:38:02.147,horizontal,23.22,25.72,2,1,0.6234022542809883,TempBand+Watershed+Merge+ClustSml+ShapeGate+MinPeaks+P-Filter+EquipRej+SkinPrio+Omega+OmScale+OmSplit+OmRot+FarField+GradFarF+Kalman+StaticSup,horizontal best
cap_004176,2026-08-24T15:38:02.238,horizontal,23.22,25.72,2,1,0.7095646636578794,TempBand+Watershed+Merge+ClustSml+ShapeGate+MinPeaks+P-Filter+EquipRej+SkinPrio+Omega+OmScale+OmSplit+OmRot+FarField+GradFarF+Kalman+StaticSup,horizontal best
cap_004177,2026-08-24T15:38:02.301,horizontal,23.22,25.72,2,1,0.7104809509599831,TempBand+Watershed+Merge+ClustSml+ShapeGate+MinPeaks+P-Filter+EquipRej+SkinPrio+Omega+OmScale+OmSplit+OmRot+FarField+GradFarF+Kalman+StaticSup,horizontal best
cap_004178,2026-08-24T15:38:02.358,horizontal,23.22,25.72,2,1,0.6438106162086232,TempBand+Watershed+Merge+ClustSml+ShapeGate+MinPeaks+P-Filter+EquipRej+SkinPrio+Omega+OmScale+OmSplit+OmRot+FarField+GradFarF+Kalman+StaticSup,horizontal best
cap_004179,2026-08-24T15:38:02.467,horizontal,23.22,25.72,2,0,0.0,TempBand+Watershed+Merge+ClustSml+ShapeGate+MinPeaks+P-Filter+EquipRej+SkinPrio+Omega+OmScale+OmSplit+OmRot+FarField+GradFarF+Kalman+StaticSup,horizontal best
cap_004180,2026-08-24T15:38:02.572,horizontal,23.22,25.72,2,0,0.0,TempBand+Watershed+Merge+ClustSml+ShapeGate+MinPeaks+P-Filter+EquipRej+SkinPrio+Omega+OmScale+OmSplit+OmRot+FarField+GradFarF+Kalman+StaticSup,horizontal best
cap_004181,2026-08-24T15:38:02.684,horizontal,23.22,25.72,2,0,0.0,TempBand+Watershed+Merge+ClustSml+ShapeGate+MinPeaks+P-Filter+EquipRej+SkinPrio+Omega+OmScale+OmSplit+OmRot+FarField+GradFarF+Kalman+StaticSup,horizontal best
cap_004182,2026-08-24T15:38:02.783,horizontal,23.22,25.72,2,0,0.0,TempBand+Watershed+Merge+ClustSml+ShapeGate+MinPeaks+P-Filter+EquipRej+SkinPrio+Omega+OmScale+OmSplit+OmRot+FarField+GradFarF+Kalman+StaticSup,horizontal best
cap_004183,2026-08-24T15:38:02.909,horizontal,23.20,25.70,2,0,0.0,TempBand+Watershed+Merge+ClustSml+ShapeGate+MinPeaks+P-Filter+EquipRej+SkinPrio+Omega+OmScale+OmSplit+OmRot+FarField+GradFarF+Kalman+StaticSup,horizontal best
cap_004184,2026-08-24T15:38:03.036,horizontal,23.20,25.70,2,0,0.0,TempBand+Watershed+Merge+ClustSml+ShapeGate+MinPeaks+P-Filter+EquipRej+SkinPrio+Omega+OmScale+OmSplit+OmRot+FarField+GradFarF+Kalman+StaticSup,horizontal best
cap_004185,2026-08-24T15:38:03.132,horizontal,23.17,25.67,2,1,0.5901400447968735,TempBand+Watershed+Merge+ClustSml+ShapeGate+MinPeaks+P-Filter+EquipRej+SkinPrio+Omega+OmScale+OmSplit+OmRot+FarField+GradFarF+Kalman+StaticSup,horizontal best
cap_004186,2026-08-24T15:38:03.260,horizontal,23.15,25.65,2,1,0.6058646452538321,TempBand+Watershed+Merge+ClustSml+ShapeGate+MinPeaks+P-Filter+EquipRej+SkinPrio+Omega+OmScale+OmSplit+OmRot+FarField+GradFarF+Kalman+StaticSup,horizontal best
cap_004187,2026-08-24T15:38:03.364,horizontal,23.15,25.65,2,0,0.0,TempBand+Watershed+Merge+ClustSml+ShapeGate+MinPeaks+P-Filter+EquipRej+SkinPrio+Omega+OmScale+OmSplit+OmRot+FarField+GradFarF+Kalman+StaticSup,horizontal best
cap_004188,2026-08-24T15:38:03.485,horizontal,23.15,25.65,2,1,0.9192384968503639,TempBand+Watershed+Merge+ClustSml+ShapeGate+MinPeaks+P-Filter+EquipRej+SkinPrio+Omega+OmScale+OmSplit+OmRot+FarField+GradFarF+Kalman+StaticSup,horizontal best
