file,cluster,score,why,decision
cap_000042,1,-1.0000,MISS: 134px blob unboxed,delete
cap_000232,48,-1.0000,MISS: 123px blob unboxed,approve
cap_000238,48,-1.0000,MISS: 123px blob unboxed,approve
cap_000239,48,-1.0000,MISS: 122px blob unboxed,approve
cap_000240,48,-1.0000,MISS: 123px blob unboxed,approve
cap_000241,48,-1.0000,MISS: 124px blob unboxed,approve
cap_000242,48,-1.0000,MISS: 123px blob unboxed,approve
cap_000244,49,-1.0000,MISS: 121px blob unboxed,approve
cap_000269,50,-1.0000,MISS: 176px blob unboxed,delete
cap_000528,95,-1.0000,MISS: 135px blob unboxed,delete
cap_000529,95,-1.0000,MISS: 195px blob unboxed,delete
cap_000530,95,-1.0000,MISS: 277px blob unboxed,delete
cap_000670,125,-1.0000,MISS: 145px blob unboxed,approve
cap_000671,125,-1.0000,MISS: 222px blob unboxed,approve
cap_000672,125,-1.0000,MISS: 298px blob unboxed,approve
cap_000673,125,-1.0000,MISS: 392px blob unboxed,approve
cap_000747,136,-1.0000,MISS: 127px blob unboxed,delete
cap_000748,136,-1.0000,MISS: 211px blob unboxed,delete
cap_000821,162,-1.0000,MISS: 436px blob unboxed,approve
cap_000831,164,-1.0000,MISS: 482px blob unboxed,approve
cap_000832,164,-1.0000,MISS: 489px blob unboxed,approve
cap_000833,164,-1.0000,MISS: 478px blob unboxed,approve
cap_000835,164,-1.0000,MISS: 462px blob unboxed,approve
cap_000836,164,-1.0000,MISS: 475px blob unboxed,approve
cap_000837,164,-1.0000,MISS: 481px blob unboxed,approve
cap_000838,164,-1.0000,MISS: 474px blob unboxed,approve
cap_000839,164,-1.0000,MISS: 470px blob unboxed,approve
cap_000840,164,-1.0000,MISS: 464px blob unboxed,approve
cap_000841,164,-1.0000,MISS: 462px blob unboxed,approve
cap_000847,164,-1.0000,MISS: 461px blob unboxed,approve
cap_000849,164,-1.0000,MISS: 432px blob unboxed,approve
cap_000851,164,-1.0000,MISS: 460px blob unboxed,approve
cap_000880,166,-1.0000,MISS: 464px blob unboxed,approve
cap_000886,167,-1.0000,MISS: 461px blob unboxed,approve
cap_000893,167,-1.0000,MISS: 125px blob unboxed,delete
cap_000894,167,-1.0000,MISS: 190px blob unboxed,delete
cap_000895,167,-1.0000,MISS: 253px blob unboxed,delete
cap_000937,172,-1.0000,MISS: 167px blob unboxed,approve
cap_000942,172,-1.0000,MISS: 162px blob unboxed,approve
cap_000944,172,-1.0000,MISS: 163px blob unboxed,approve
cap_002061,305,-1.0000,MISS: 139px blob unboxed,delete
cap_002062,305,-1.0000,MISS: 149px blob unboxed,delete
cap_002063,305,-1.0000,MISS: 145px blob unboxed,delete
cap_002064,305,-1.0000,MISS: 147px blob unboxed,delete
cap_002065,305,-1.0000,MISS: 138px blob unboxed,delete
cap_002066,305,-1.0000,MISS: 139px blob unboxed,delete
cap_002067,305,-1.0000,MISS: 130px blob unboxed,delete
cap_002363,328,-1.0000,MISS: 215px blob unboxed,approve
cap_002364,328,-1.0000,MISS: 265px blob unboxed,approve
cap_002410,338,-1.0000,MISS: 171px blob unboxed,approve
cap_002432,348,-1.0000,MISS: 465px blob unboxed,approve
cap_002433,348,-1.0000,MISS: 460px blob unboxed,approve
cap_002440,350,-1.0000,MISS: 441px blob unboxed,approve
cap_002441,350,-1.0000,MISS: 471px blob unboxed,approve
cap_002443,351,-1.0000,MISS: 474px blob unboxed,approve
cap_002444,351,-1.0000,MISS: 460px blob unboxed,approve
cap_002446,352,-1.0000,MISS: 460px blob unboxed,approve
cap_002447,352,-1.0000,MISS: 464px blob unboxed,approve
cap_002452,352,-1.0000,MISS: 478px blob unboxed,approve
cap_002454,352,-1.0000,MISS: 468px blob unboxed,approve
cap_002455,352,-1.0000,MISS: 463px blob unboxed,approve
cap_002459,352,-1.0000,MISS: 514px blob unboxed,approve
cap_002461,353,-1.0000,MISS: 508px blob unboxed,approve
cap_002463,354,-1.0000,MISS: 492px blob unboxed,approve
cap_002464,354,-1.0000,MISS: 502px blob unboxed,approve
cap_002465,354,-1.0000,MISS: 507px blob unboxed,approve
cap_002466,354,-1.0000,MISS: 510px blob unboxed,approve
cap_002467,354,-1.0000,MISS: 524px blob unboxed,approve
cap_002469,355,-1.0000,MISS: 512px blob unboxed,approve
cap_002470,355,-1.0000,MISS: 508px blob unboxed,approve
cap_002471,355,-1.0000,MISS: 502px blob unboxed,approve
cap_002472,355,-1.0000,MISS: 502px blob unboxed,approve
cap_002473,355,-1.0000,MISS: 489px blob unboxed,approve
cap_002474,355,-1.0000,MISS: 482px blob unboxed,approve
cap_002475,355,-1.0000,MISS: 493px blob unboxed,approve
cap_002476,355,-1.0000,MISS: 491px blob unboxed,approve
cap_002477,355,-1.0000,MISS: 510px blob unboxed,approve
cap_002478,355,-1.0000,MISS: 504px blob unboxed,approve
cap_002479,355,-1.0000,MISS: 498px blob unboxed,approve
cap_002480,355,-1.0000,MISS: 527px blob unboxed,approve
cap_002481,355,-1.0000,MISS: 511px blob unboxed,approve
cap_002482,355,-1.0000,MISS: 490px blob unboxed,approve
cap_002483,355,-1.0000,MISS: 497px blob unboxed,approve
cap_002484,355,-1.0000,MISS: 489px blob unboxed,approve
cap_002485,355,-1.0000,MISS: 479px blob unboxed,approve
cap_002486,355,-1.0000,MISS: 470px blob unboxed,approve
cap_002487,355,-1.0000,MISS: 469px blob unboxed,approve
cap_002488,355,-1.0000,MISS: 461px blob unboxed,approve
cap_002490,356,-1.0000,MISS: 475px blob unboxed,approve
cap_002491,356,-1.0000,MISS: 475px blob unboxed,approve
cap_002492,356,-1.0000,MISS: 478px blob unboxed,approve
cap_002494,357,-1.0000,MISS: 460px blob unboxed,approve
cap_002495,357,-1.0000,MISS: 466px blob unboxed,approve
cap_002496,357,-1.0000,MISS: 466px blob unboxed,approve
cap_002497,357,-1.0000,MISS: 499px blob unboxed,approve
cap_002498,357,-1.0000,MISS: 500px blob unboxed,approve
cap_002499,357,-1.0000,MISS: 500px blob unboxed,approve
cap_002500,357,-1.0000,MISS: 486px blob unboxed,approve
cap_002502,357,-1.0000,MISS: 464px blob unboxed,approve
cap_002503,357,-1.0000,MISS: 482px blob unboxed,approve
cap_002504,357,-1.0000,MISS: 481px blob unboxed,approve
cap_002505,357,-1.0000,MISS: 491px blob unboxed,approve
cap_002506,357,-1.0000,MISS: 511px blob unboxed,approve
cap_002507,357,-1.0000,MISS: 498px blob unboxed,approve
cap_002509,358,-1.0000,MISS: 547px blob unboxed,approve
cap_002511,359,-1.0000,MISS: 509px blob unboxed,approve
cap_002512,359,-1.0000,MISS: 514px blob unboxed,approve
cap_002513,359,-1.0000,MISS: 518px blob unboxed,approve
cap_002514,359,-1.0000,MISS: 507px blob unboxed,approve
cap_002515,359,-1.0000,MISS: 485px blob unboxed,approve
cap_002516,359,-1.0000,MISS: 470px blob unboxed,delete
cap_002519,360,-1.0000,MISS: 476px blob unboxed,approve
cap_002520,360,-1.0000,MISS: 475px blob unboxed,approve
cap_002522,360,-1.0000,MISS: 464px blob unboxed,approve
cap_002523,360,-1.0000,MISS: 477px blob unboxed,approve
cap_002525,360,-1.0000,MISS: 465px blob unboxed,delete
cap_002527,361,-1.0000,MISS: 465px blob unboxed,approve
cap_002528,361,-1.0000,MISS: 476px blob unboxed,approve
cap_002529,361,-1.0000,MISS: 471px blob unboxed,approve
cap_002530,361,-1.0000,MISS: 468px blob unboxed,approve
cap_002531,361,-1.0000,MISS: 465px blob unboxed,approve
cap_002533,361,-1.0000,MISS: 468px blob unboxed,approve
cap_002534,361,-1.0000,MISS: 460px blob unboxed,approve
cap_002583,372,-1.0000,MISS: 191px blob unboxed,approve
cap_002584,372,-1.0000,MISS: 207px blob unboxed,approve
cap_002585,372,-1.0000,MISS: 196px blob unboxed,approve
cap_002586,372,-1.0000,MISS: 189px blob unboxed,approve
cap_002587,372,-1.0000,MISS: 193px blob unboxed,approve
cap_002588,372,-1.0000,MISS: 188px blob unboxed,approve
cap_002589,372,-1.0000,MISS: 186px blob unboxed,approve
cap_002615,373,-1.0000,MISS: 185px blob unboxed,approve
cap_002616,373,-1.0000,MISS: 182px blob unboxed,approve
cap_002634,374,-1.0000,MISS: 164px blob unboxed,approve
cap_002638,374,-1.0000,MISS: 162px blob unboxed,delete
cap_002645,374,-1.0000,MISS: 168px blob unboxed,delete
cap_002646,374,-1.0000,MISS: 166px blob unboxed,delete
cap_002647,374,-1.0000,MISS: 165px blob unboxed,delete
cap_002654,375,-1.0000,MISS: 162px blob unboxed,approve
cap_002657,376,-1.0000,MISS: 170px blob unboxed,approve
cap_003274,402,-1.0000,MISS: 197px blob unboxed,delete
cap_003667,454,-1.0000,MISS: 161px blob unboxed,delete
cap_003668,454,-1.0000,MISS: 224px blob unboxed,delete
cap_003727,466,-1.0000,MISS: 134px blob unboxed,delete
cap_003728,466,-1.0000,MISS: 223px blob unboxed,delete
cap_003738,469,-1.0000,MISS: 124px blob unboxed,approve
cap_003740,469,-1.0000,MISS: 144px blob unboxed,approve
cap_003741,469,-1.0000,MISS: 184px blob unboxed,approve
cap_003775,479,-1.0000,MISS: 137px blob unboxed,approve
cap_003776,479,-1.0000,MISS: 124px blob unboxed,approve
cap_003777,479,-1.0000,MISS: 120px blob unboxed,approve
cap_003779,480,-1.0000,MISS: 269px blob unboxed,approve
cap_003780,480,-1.0000,MISS: 287px blob unboxed,approve
cap_003782,481,-1.0000,MISS: 314px blob unboxed,approve
cap_003783,481,-1.0000,MISS: 301px blob unboxed,approve
cap_003785,482,-1.0000,MISS: 348px blob unboxed,approve
cap_003787,483,-1.0000,MISS: 326px blob unboxed,approve
cap_003792,487,-1.0000,MISS: 412px blob unboxed,approve
cap_003794,488,-1.0000,MISS: 397px blob unboxed,approve
cap_003795,488,-1.0000,MISS: 411px blob unboxed,approve
cap_003796,488,-1.0000,MISS: 403px blob unboxed,approve
cap_003797,488,-1.0000,MISS: 396px blob unboxed,approve
cap_003798,488,-1.0000,MISS: 390px blob unboxed,delete
cap_003799,488,-1.0000,MISS: 389px blob unboxed,delete
cap_003800,488,-1.0000,MISS: 392px blob unboxed,delete
cap_003801,488,-1.0000,MISS: 399px blob unboxed,delete
cap_003802,488,-1.0000,MISS: 397px blob unboxed,approve
cap_003803,488,-1.0000,MISS: 386px blob unboxed,approve
cap_003804,488,-1.0000,MISS: 408px blob unboxed,approve
cap_003805,488,-1.0000,MISS: 397px blob unboxed,approve
cap_003806,488,-1.0000,MISS: 395px blob unboxed,delete
cap_003807,488,-1.0000,MISS: 409px blob unboxed,approve
cap_003809,489,-1.0000,MISS: 389px blob unboxed,approve
cap_003810,489,-1.0000,MISS: 412px blob unboxed,approve
cap_003812,490,-1.0000,MISS: 396px blob unboxed,approve
cap_003813,490,-1.0000,MISS: 404px blob unboxed,approve
cap_003814,490,-1.0000,MISS: 407px blob unboxed,approve
cap_003815,490,-1.0000,MISS: 402px blob unboxed,approve
cap_003816,490,-1.0000,MISS: 396px blob unboxed,approve
cap_003817,490,-1.0000,MISS: 396px blob unboxed,approve
cap_003818,490,-1.0000,MISS: 396px blob unboxed,approve
cap_003819,490,-1.0000,MISS: 404px blob unboxed,approve
cap_003821,491,-1.0000,MISS: 408px blob unboxed,approve
cap_003822,491,-1.0000,MISS: 401px blob unboxed,approve
cap_003823,491,-1.0000,MISS: 398px blob unboxed,approve
cap_003824,491,-1.0000,MISS: 403px blob unboxed,approve
cap_003825,491,-1.0000,MISS: 398px blob unboxed,approve
cap_003826,491,-1.0000,MISS: 394px blob unboxed,approve
cap_003827,491,-1.0000,MISS: 399px blob unboxed,approve
cap_003828,491,-1.0000,MISS: 393px blob unboxed,approve
cap_003829,491,-1.0000,MISS: 398px blob unboxed,approve
cap_003830,491,-1.0000,MISS: 394px blob unboxed,approve
cap_003831,491,-1.0000,MISS: 391px blob unboxed,approve
cap_003832,491,-1.0000,MISS: 396px blob unboxed,approve
cap_003833,491,-1.0000,MISS: 404px blob unboxed,approve
cap_003834,491,-1.0000,MISS: 410px blob unboxed,approve
cap_003835,491,-1.0000,MISS: 407px blob unboxed,approve
cap_003836,491,-1.0000,MISS: 406px blob unboxed,approve
cap_003838,492,-1.0000,MISS: 402px blob unboxed,approve
cap_003839,492,-1.0000,MISS: 397px blob unboxed,approve
cap_003840,492,-1.0000,MISS: 391px blob unboxed,approve
cap_003842,493,-1.0000,MISS: 393px blob unboxed,approve
cap_003843,493,-1.0000,MISS: 387px blob unboxed,approve
cap_003844,493,-1.0000,MISS: 390px blob unboxed,approve
cap_003845,493,-1.0000,MISS: 385px blob unboxed,approve
cap_003847,494,-1.0000,MISS: 390px blob unboxed,approve
cap_003848,495,-1.0000,MISS: 399px blob unboxed,approve
cap_003855,497,-1.0000,MISS: 383px blob unboxed,approve
cap_003856,497,-1.0000,MISS: 384px blob unboxed,approve
cap_003857,497,-1.0000,MISS: 396px blob unboxed,approve
cap_003858,497,-1.0000,MISS: 398px blob unboxed,approve
cap_003859,497,-1.0000,MISS: 404px blob unboxed,approve
cap_003860,497,-1.0000,MISS: 400px blob unboxed,approve
cap_003861,497,-1.0000,MISS: 409px blob unboxed,approve
cap_003862,497,-1.0000,MISS: 407px blob unboxed,approve
cap_003863,497,-1.0000,MISS: 397px blob unboxed,approve
cap_003864,497,-1.0000,MISS: 404px blob unboxed,approve
cap_003865,497,-1.0000,MISS: 405px blob unboxed,approve
cap_003866,497,-1.0000,MISS: 407px blob unboxed,approve
cap_003867,497,-1.0000,MISS: 407px blob unboxed,approve
cap_003868,497,-1.0000,MISS: 412px blob unboxed,approve
cap_003869,497,-1.0000,MISS: 406px blob unboxed,approve
cap_003870,497,-1.0000,MISS: 414px blob unboxed,approve
cap_003872,498,-1.0000,MISS: 393px blob unboxed,approve
cap_003873,498,-1.0000,MISS: 400px blob unboxed,approve
cap_003874,498,-1.0000,MISS: 400px blob unboxed,approve
cap_003875,498,-1.0000,MISS: 399px blob unboxed,approve
cap_003876,498,-1.0000,MISS: 399px blob unboxed,approve
cap_003877,498,-1.0000,MISS: 398px blob unboxed,approve
cap_003878,498,-1.0000,MISS: 398px blob unboxed,approve
cap_003879,498,-1.0000,MISS: 396px blob unboxed,approve
cap_003880,498,-1.0000,MISS: 393px blob unboxed,delete
cap_003881,498,-1.0000,MISS: 393px blob unboxed,delete
cap_003882,498,-1.0000,MISS: 398px blob unboxed,approve
cap_003883,498,-1.0000,MISS: 388px blob unboxed,approve
cap_003884,498,-1.0000,MISS: 391px blob unboxed,delete
cap_003885,498,-1.0000,MISS: 389px blob unboxed,delete
cap_003886,498,-1.0000,MISS: 397px blob unboxed,approve
cap_003887,498,-1.0000,MISS: 397px blob unboxed,approve
cap_003930,514,-1.0000,MISS: 302px blob unboxed,approve
cap_003933,516,-1.0000,MISS: 308px blob unboxed,approve
cap_003936,518,-1.0000,MISS: 304px blob unboxed,approve
cap_003938,519,-1.0000,MISS: 310px blob unboxed,approve
cap_003940,520,-1.0000,MISS: 315px blob unboxed,approve
cap_003942,521,-1.0000,MISS: 376px blob unboxed,approve
cap_003944,522,-1.0000,MISS: 375px blob unboxed,approve
cap_003964,529,-1.0000,MISS: 467px blob unboxed,approve
cap_003966,530,-1.0000,MISS: 468px blob unboxed,approve
cap_004012,542,-1.0000,MISS: 763px blob unboxed,approve
cap_004013,542,-1.0000,MISS: 802px blob unboxed,approve
cap_004014,542,-1.0000,MISS: 796px blob unboxed,approve
cap_004015,542,-1.0000,MISS: 793px blob unboxed,approve
cap_004016,542,-1.0000,MISS: 834px blob unboxed,approve
cap_004017,542,-1.0000,MISS: 820px blob unboxed,approve
cap_004018,542,-1.0000,MISS: 828px blob unboxed,approve
cap_004019,542,-1.0000,MISS: 814px blob unboxed,approve
cap_004020,542,-1.0000,MISS: 824px blob unboxed,approve
cap_004021,542,-1.0000,MISS: 808px blob unboxed,approve
cap_004022,542,-1.0000,MISS: 809px blob unboxed,approve
cap_004023,542,-1.0000,MISS: 798px blob unboxed,approve
cap_004024,542,-1.0000,MISS: 801px blob unboxed,approve
cap_004025,542,-1.0000,MISS: 866px blob unboxed,approve
cap_004026,542,-1.0000,MISS: 845px blob unboxed,approve
cap_004027,542,-1.0000,MISS: 834px blob unboxed,approve
cap_004028,542,-1.0000,MISS: 820px blob unboxed,approve
cap_004029,542,-1.0000,MISS: 839px blob unboxed,approve
cap_004030,543,-1.0000,MISS: 825px blob unboxed,approve
cap_004032,543,-1.0000,MISS: 825px blob unboxed,approve
cap_004033,543,-1.0000,MISS: 837px blob unboxed,approve
cap_004034,543,-1.0000,MISS: 844px blob unboxed,approve
cap_004035,543,-1.0000,MISS: 839px blob unboxed,approve
cap_004036,543,-1.0000,MISS: 760px blob unboxed,approve
cap_004037,543,-1.0000,MISS: 786px blob unboxed,approve
cap_004038,543,-1.0000,MISS: 804px blob unboxed,approve
cap_004039,543,-1.0000,MISS: 807px blob unboxed,approve
cap_004040,543,-1.0000,MISS: 822px blob unboxed,approve
cap_004041,543,-1.0000,MISS: 827px blob unboxed,approve
cap_004042,543,-1.0000,MISS: 814px blob unboxed,approve
cap_004043,544,-1.0000,MISS: 798px blob unboxed,approve
cap_004045,544,-1.0000,MISS: 867px blob unboxed,approve
cap_004047,545,-1.0000,MISS: 855px blob unboxed,approve
cap_004048,545,-1.0000,MISS: 873px blob unboxed,approve
cap_004049,545,-1.0000,MISS: 874px blob unboxed,delete
cap_004050,545,-1.0000,MISS: 897px blob unboxed,delete
cap_004051,545,-1.0000,MISS: 880px blob unboxed,delete
cap_004052,545,-1.0000,MISS: 896px blob unboxed,delete
cap_004053,545,-1.0000,MISS: 868px blob unboxed,delete
cap_004054,545,-1.0000,MISS: 846px blob unboxed,delete
cap_004055,545,-1.0000,MISS: 859px blob unboxed,delete
cap_004056,545,-1.0000,MISS: 852px blob unboxed,delete
cap_004058,546,-1.0000,MISS: 815px blob unboxed,approve
cap_004059,546,-1.0000,MISS: 830px blob unboxed,approve
cap_004060,546,-1.0000,MISS: 849px blob unboxed,approve
cap_004061,546,-1.0000,MISS: 843px blob unboxed,approve
cap_004063,547,-1.0000,MISS: 843px blob unboxed,approve
cap_004064,547,-1.0000,MISS: 844px blob unboxed,approve
cap_004065,547,-1.0000,MISS: 868px blob unboxed,approve
cap_004067,548,-1.0000,MISS: 877px blob unboxed,approve
cap_004068,548,-1.0000,MISS: 851px blob unboxed,approve
cap_004069,548,-1.0000,MISS: 888px blob unboxed,approve
cap_004071,549,-1.0000,MISS: 857px blob unboxed,approve
cap_004072,549,-1.0000,MISS: 845px blob unboxed,approve
cap_004073,549,-1.0000,MISS: 852px blob unboxed,approve
cap_004074,549,-1.0000,MISS: 851px blob unboxed,approve
cap_004075,549,-1.0000,MISS: 837px blob unboxed,approve
cap_004076,549,-1.0000,MISS: 834px blob unboxed,approve
cap_004077,549,-1.0000,MISS: 824px blob unboxed,delete
cap_004078,549,-1.0000,MISS: 818px blob unboxed,delete
cap_004079,549,-1.0000,MISS: 807px blob unboxed,delete
cap_004080,549,-1.0000,MISS: 815px blob unboxed,delete
cap_004081,549,-1.0000,MISS: 834px blob unboxed,delete
cap_004082,549,-1.0000,MISS: 820px blob unboxed,delete
cap_004083,549,-1.0000,MISS: 822px blob unboxed,approve
cap_004084,549,-1.0000,MISS: 821px blob unboxed,approve
cap_004085,549,-1.0000,MISS: 831px blob unboxed,approve
cap_004086,549,-1.0000,MISS: 811px blob unboxed,approve
cap_004087,549,-1.0000,MISS: 820px blob unboxed,approve
cap_004088,549,-1.0000,MISS: 822px blob unboxed,approve
cap_004089,549,-1.0000,MISS: 866px blob unboxed,approve
cap_004090,549,-1.0000,MISS: 862px blob unboxed,approve
cap_004091,549,-1.0000,MISS: 849px blob unboxed,approve
cap_004092,549,-1.0000,MISS: 820px blob unboxed,approve
cap_004093,549,-1.0000,MISS: 826px blob unboxed,approve
cap_004094,549,-1.0000,MISS: 826px blob unboxed,approve
cap_004095,549,-1.0000,MISS: 815px blob unboxed,approve
cap_004096,549,-1.0000,MISS: 817px blob unboxed,approve
cap_004097,549,-1.0000,MISS: 813px blob unboxed,approve
cap_004098,549,-1.0000,MISS: 800px blob unboxed,approve
cap_004099,549,-1.0000,MISS: 786px blob unboxed,approve
cap_004101,550,-1.0000,MISS: 810px blob unboxed,approve
cap_004102,550,-1.0000,MISS: 818px blob unboxed,approve
cap_004103,550,-1.0000,MISS: 801px blob unboxed,approve
cap_004104,550,-1.0000,MISS: 759px blob unboxed,approve
cap_004105,550,-1.0000,MISS: 768px blob unboxed,approve
cap_004106,550,-1.0000,MISS: 766px blob unboxed,approve
cap_004107,550,-1.0000,MISS: 757px blob unboxed,approve
cap_004108,550,-1.0000,MISS: 774px blob unboxed,approve
cap_004110,551,-1.0000,MISS: 775px blob unboxed,approve
cap_004111,551,-1.0000,MISS: 784px blob unboxed,approve
cap_004112,551,-1.0000,MISS: 808px blob unboxed,approve
cap_004113,551,-1.0000,MISS: 798px blob unboxed,approve
cap_004114,551,-1.0000,MISS: 774px blob unboxed,approve
cap_004115,551,-1.0000,MISS: 770px blob unboxed,approve
cap_004116,551,-1.0000,MISS: 779px blob unboxed,approve
cap_004117,551,-1.0000,MISS: 801px blob unboxed,approve
cap_004118,551,-1.0000,MISS: 791px blob unboxed,approve
cap_004119,551,-1.0000,MISS: 782px blob unboxed,approve
cap_004120,551,-1.0000,MISS: 754px blob unboxed,approve
cap_004121,551,-1.0000,MISS: 723px blob unboxed,approve
cap_004122,551,-1.0000,MISS: 705px blob unboxed,approve
cap_004123,551,-1.0000,MISS: 710px blob unboxed,approve
cap_004124,551,-1.0000,MISS: 751px blob unboxed,approve
cap_004125,551,-1.0000,MISS: 756px blob unboxed,approve
cap_004126,551,-1.0000,MISS: 748px blob unboxed,approve
cap_004127,551,-1.0000,MISS: 639px blob unboxed,approve
cap_004128,551,-1.0000,MISS: 638px blob unboxed,approve
cap_004129,551,-1.0000,MISS: 637px blob unboxed,approve
cap_004130,551,-1.0000,MISS: 638px blob unboxed,approve
cap_004131,551,-1.0000,MISS: 617px blob unboxed,approve
cap_004133,552,-1.0000,MISS: 609px blob unboxed,approve
cap_004134,552,-1.0000,MISS: 613px blob unboxed,approve
cap_004135,552,-1.0000,MISS: 616px blob unboxed,approve
cap_004136,552,-1.0000,MISS: 726px blob unboxed,approve
cap_004137,552,-1.0000,MISS: 707px blob unboxed,approve
cap_004138,552,-1.0000,MISS: 711px blob unboxed,approve
cap_004139,552,-1.0000,MISS: 726px blob unboxed,approve
cap_004140,552,-1.0000,MISS: 749px blob unboxed,approve
cap_004141,552,-1.0000,MISS: 730px blob unboxed,approve
cap_004142,552,-1.0000,MISS: 762px blob unboxed,approve
cap_004143,552,-1.0000,MISS: 745px blob unboxed,approve
cap_004144,552,-1.0000,MISS: 747px blob unboxed,approve
cap_004145,552,-1.0000,MISS: 734px blob unboxed,approve
cap_004146,552,-1.0000,MISS: 739px blob unboxed,approve
cap_004147,552,-1.0000,MISS: 741px blob unboxed,approve
cap_004148,552,-1.0000,MISS: 750px blob unboxed,approve
cap_004149,552,-1.0000,MISS: 763px blob unboxed,approve
cap_004150,552,-1.0000,MISS: 760px blob unboxed,approve
cap_004151,552,-1.0000,MISS: 727px blob unboxed,approve
cap_004152,552,-1.0000,MISS: 746px blob unboxed,approve
cap_004153,552,-1.0000,MISS: 731px blob unboxed,approve
cap_004154,552,-1.0000,MISS: 718px blob unboxed,approve
cap_004155,552,-1.0000,MISS: 721px blob unboxed,approve
cap_004156,552,-1.0000,MISS: 728px blob unboxed,approve
cap_004157,552,-1.0000,MISS: 725px blob unboxed,approve
cap_004158,552,-1.0000,MISS: 719px blob unboxed,approve
cap_004159,552,-1.0000,MISS: 735px blob unboxed,approve
cap_004160,552,-1.0000,MISS: 707px blob unboxed,approve
cap_004161,552,-1.0000,MISS: 699px blob unboxed,approve
cap_004163,553,-1.0000,MISS: 707px blob unboxed,approve
cap_004164,553,-1.0000,MISS: 694px blob unboxed,approve
cap_004165,553,-1.0000,MISS: 679px blob unboxed,approve
cap_004166,553,-1.0000,MISS: 690px blob unboxed,approve
cap_004167,553,-1.0000,MISS: 612px blob unboxed,approve
cap_004168,553,-1.0000,MISS: 619px blob unboxed,approve
cap_004169,553,-1.0000,MISS: 602px blob unboxed,approve
cap_004170,553,-1.0000,MISS: 599px blob unboxed,approve
cap_004171,553,-1.0000,MISS: 599px blob unboxed,approve
cap_004172,553,-1.0000,MISS: 593px blob unboxed,approve
cap_004173,553,-1.0000,MISS: 594px blob unboxed,approve
cap_004174,553,-1.0000,MISS: 483px blob unboxed,approve
cap_004175,553,-1.0000,MISS: 630px blob unboxed,approve
cap_004176,553,-1.0000,MISS: 628px blob unboxed,approve
cap_004177,553,-1.0000,MISS: 623px blob unboxed,approve
cap_004178,553,-1.0000,MISS: 613px blob unboxed,approve
cap_004179,553,-1.0000,MISS: 612px blob unboxed,approve
cap_004180,553,-1.0000,MISS: 603px blob unboxed,approve
cap_004181,553,-1.0000,MISS: 594px blob unboxed,approve
cap_004182,553,-1.0000,MISS: 589px blob unboxed,approve
cap_004183,553,-1.0000,MISS: 593px blob unboxed,approve
cap_004184,553,-1.0000,MISS: 592px blob unboxed,approve
cap_004185,553,-1.0000,MISS: 602px blob unboxed,approve
cap_004186,553,-1.0000,MISS: 609px blob unboxed,approve
cap_004188,554,-1.0000,MISS: 580px blob unboxed,approve
cap_004189,554,-1.0000,MISS: 573px blob unboxed,approve
cap_000808,160,0.0000,box on empty space,delete
cap_000809,160,0.0000,box on empty space,delete
cap_001205,212,0.0000,box on empty space,delete
cap_001206,212,0.0000,box on empty space,delete
cap_001207,212,0.0000,box on empty space,delete
cap_001208,212,0.0000,box on empty space,delete
cap_001209,212,0.0000,box on empty space,delete
cap_001210,212,0.0000,box on empty space,delete
cap_001211,212,0.0000,box on empty space,delete
cap_001212,212,0.0000,box on empty space,delete
cap_001213,212,0.0000,box on empty space,delete
cap_001214,212,0.0000,box on empty space,delete
cap_001215,212,0.0000,box on empty space,delete
cap_001216,212,0.0000,box on empty space,delete
cap_001217,212,0.0000,box on empty space,delete
cap_001218,212,0.0000,box on empty space,delete
cap_001219,212,0.0000,box on empty space,delete
cap_001221,213,0.0000,box on empty space,approve
cap_001225,213,0.0000,box on empty space,approve
cap_001228,213,0.0000,box on empty space,delete
cap_001229,213,0.0000,box on empty space,delete
cap_001246,215,0.0000,box on empty space,delete
cap_001341,233,0.0000,box on empty space,delete
cap_002037,303,0.0000,box on empty space,delete
cap_002038,303,0.0000,box on empty space,delete
cap_003702,463,0.0000,box on empty space,delete
cap_001235,214,0.0058,worst box IoU 0.01,delete
cap_001236,214,0.0058,worst box IoU 0.01,delete
cap_001202,212,0.0375,worst box IoU 0.04,delete
cap_001203,212,0.0375,worst box IoU 0.04,delete
cap_001204,212,0.0375,worst box IoU 0.04,delete
cap_001166,210,0.0494,worst box IoU 0.05,approve
cap_001167,210,0.0494,worst box IoU 0.05,approve
cap_001168,210,0.0494,worst box IoU 0.05,delete
cap_001165,210,0.0511,worst box IoU 0.05,approve
cap_002581,371,0.0632,worst box IoU 0.06,delete
cap_001340,233,0.0759,worst box IoU 0.08,approve
cap_003454,443,0.0888,worst box IoU 0.09,delete
cap_003322,433,0.0903,worst box IoU 0.09,approve
cap_000229,47,0.0903,worst box IoU 0.09,delete
cap_001162,210,0.0931,worst box IoU 0.09,approve
cap_001163,210,0.0931,worst box IoU 0.09,approve
cap_001164,210,0.0931,worst box IoU 0.09,approve
cap_003312,428,0.1018,worst box IoU 0.10,approve
cap_000230,47,0.1028,worst box IoU 0.10,delete
cap_001339,233,0.1083,worst box IoU 0.11,approve
cap_003315,430,0.1132,worst box IoU 0.11,approve
cap_003319,432,0.1191,worst box IoU 0.12,approve
cap_003453,443,0.1266,worst box IoU 0.13,approve
cap_001161,210,0.1345,worst box IoU 0.13,approve
cap_003452,443,0.1389,worst box IoU 0.14,approve
cap_001459,245,0.1408,worst box IoU 0.14,delete
cap_000373,69,0.1414,worst box IoU 0.14,approve
cap_003701,463,0.1444,worst box IoU 0.14,delete
cap_000374,69,0.1449,worst box IoU 0.14,approve
cap_000360,66,0.1524,worst box IoU 0.15,delete
cap_002036,303,0.1531,worst box IoU 0.15,approve
cap_000707,134,0.1575,worst box IoU 0.16,approve
cap_000958,173,0.1587,worst box IoU 0.16,approve
cap_003736,468,0.1617,worst box IoU 0.16,approve
cap_003321,433,0.1701,worst box IoU 0.17,approve
cap_000435,90,0.1717,worst box IoU 0.17,approve
cap_003317,431,0.1763,worst box IoU 0.18,approve
cap_001283,220,0.1776,worst box IoU 0.18,approve
cap_000959,173,0.1780,worst box IoU 0.18,approve
cap_000706,134,0.1795,worst box IoU 0.18,approve
cap_000427,86,0.1830,worst box IoU 0.18,approve
cap_000955,173,0.1872,worst box IoU 0.19,approve
cap_000956,173,0.1872,worst box IoU 0.19,approve
cap_000957,173,0.1872,worst box IoU 0.19,approve
cap_000710,135,0.1974,worst box IoU 0.20,approve
cap_000711,135,0.1974,worst box IoU 0.20,delete
cap_000698,132,0.1987,worst box IoU 0.20,approve
cap_000822,162,0.1988,worst box IoU 0.20,approve
cap_003773,478,0.1988,worst box IoU 0.20,approve
cap_000705,134,0.2013,worst box IoU 0.20,approve
cap_000709,135,0.2018,worst box IoU 0.20,approve
cap_000146,31,0.2019,worst box IoU 0.20,approve
cap_000429,87,0.2024,worst box IoU 0.20,approve
cap_000424,85,0.2025,worst box IoU 0.20,approve
cap_000425,85,0.2025,worst box IoU 0.20,approve
cap_000701,133,0.2027,worst box IoU 0.20,approve
cap_000702,133,0.2027,worst box IoU 0.20,approve
cap_001256,215,0.2029,worst box IoU 0.20,approve
cap_000148,32,0.2034,worst box IoU 0.20,approve
cap_000431,88,0.2045,worst box IoU 0.20,approve
cap_002731,380,0.2048,worst box IoU 0.20,approve
cap_000420,83,0.2051,worst box IoU 0.21,approve
cap_000144,30,0.2066,worst box IoU 0.21,approve
cap_000804,158,0.2080,worst box IoU 0.21,approve
cap_001127,206,0.2080,worst box IoU 0.21,approve
cap_001128,206,0.2080,worst box IoU 0.21,approve
cap_000206,41,0.2081,worst box IoU 0.21,approve
cap_000207,41,0.2081,worst box IoU 0.21,approve
cap_000422,84,0.2083,worst box IoU 0.21,approve
cap_003772,478,0.2094,worst box IoU 0.21,approve
cap_001201,212,0.2104,worst box IoU 0.21,approve
cap_001123,205,0.2115,worst box IoU 0.21,approve
cap_001124,205,0.2115,worst box IoU 0.21,approve
cap_001284,220,0.2118,worst box IoU 0.21,approve
cap_000114,26,0.2128,worst box IoU 0.21,approve
cap_000115,26,0.2128,worst box IoU 0.21,approve
cap_000116,26,0.2128,worst box IoU 0.21,approve
cap_000712,135,0.2131,worst box IoU 0.21,delete
cap_001084,189,0.2147,worst box IoU 0.21,approve
cap_000140,29,0.2147,worst box IoU 0.21,approve
cap_000141,29,0.2147,worst box IoU 0.21,approve
cap_000565,107,0.2150,worst box IoU 0.22,approve
cap_000566,107,0.2150,worst box IoU 0.22,approve
cap_000703,133,0.2171,worst box IoU 0.22,approve
cap_000131,28,0.2177,worst box IoU 0.22,approve
cap_000132,28,0.2177,worst box IoU 0.22,approve
cap_000133,28,0.2177,worst box IoU 0.22,approve
cap_000134,28,0.2177,worst box IoU 0.22,approve
cap_000135,28,0.2177,worst box IoU 0.22,approve
cap_000136,28,0.2177,worst box IoU 0.22,approve
cap_000753,138,0.2180,worst box IoU 0.22,approve
cap_001200,212,0.2198,worst box IoU 0.22,approve
cap_001255,215,0.2208,worst box IoU 0.22,delete
cap_000143,30,0.2225,worst box IoU 0.22,approve
cap_000449,92,0.2231,worst box IoU 0.22,approve
cap_000450,92,0.2231,worst box IoU 0.22,approve
cap_000451,92,0.2231,worst box IoU 0.22,approve
cap_000452,92,0.2231,worst box IoU 0.22,approve
cap_000453,92,0.2231,worst box IoU 0.22,approve
cap_000454,92,0.2231,worst box IoU 0.22,approve
cap_000455,92,0.2231,worst box IoU 0.22,approve
cap_000456,92,0.2231,worst box IoU 0.22,approve
cap_000457,92,0.2231,worst box IoU 0.22,approve
cap_000953,172,0.2235,worst box IoU 0.22,approve
cap_000714,135,0.2237,worst box IoU 0.22,delete
cap_001359,234,0.2249,worst box IoU 0.22,delete
cap_001242,215,0.2253,worst box IoU 0.23,approve
cap_000471,93,0.2254,worst box IoU 0.23,approve
cap_000472,93,0.2254,worst box IoU 0.23,approve
cap_000473,93,0.2254,worst box IoU 0.23,approve
cap_000478,93,0.2254,worst box IoU 0.23,approve
cap_000480,93,0.2254,worst box IoU 0.23,approve
cap_000211,43,0.2276,worst box IoU 0.23,approve
cap_000212,43,0.2276,worst box IoU 0.23,approve
cap_000213,43,0.2276,worst box IoU 0.23,approve
cap_000214,43,0.2276,worst box IoU 0.23,approve
cap_000215,43,0.2276,worst box IoU 0.23,approve
cap_000216,43,0.2276,worst box IoU 0.23,approve
cap_000217,43,0.2276,worst box IoU 0.23,approve
cap_000410,78,0.2283,worst box IoU 0.23,approve
cap_000713,135,0.2283,worst box IoU 0.23,delete
cap_000715,135,0.2283,worst box IoU 0.23,delete
cap_000716,135,0.2283,worst box IoU 0.23,delete
cap_000717,135,0.2283,worst box IoU 0.23,delete
cap_000718,135,0.2283,worst box IoU 0.23,delete
cap_002871,386,0.2286,worst box IoU 0.23,approve
cap_002880,386,0.2286,worst box IoU 0.23,approve
cap_002881,386,0.2286,worst box IoU 0.23,approve
cap_000433,89,0.2288,worst box IoU 0.23,approve
cap_000820,162,0.2290,worst box IoU 0.23,approve
cap_000870,165,0.2293,worst box IoU 0.23,approve
cap_000871,165,0.2293,worst box IoU 0.23,approve
cap_002726,380,0.2305,worst box IoU 0.23,approve
cap_002728,380,0.2305,worst box IoU 0.23,approve
cap_002729,380,0.2305,worst box IoU 0.23,approve
cap_002730,380,0.2305,worst box IoU 0.23,approve
cap_000861,165,0.2324,worst box IoU 0.23,approve
cap_000862,165,0.2324,worst box IoU 0.23,approve
cap_000825,163,0.2331,worst box IoU 0.23,approve
cap_000834,164,0.2334,worst box IoU 0.23,approve
cap_001289,221,0.2336,worst box IoU 0.23,approve
cap_000806,159,0.2345,worst box IoU 0.23,approve
cap_000872,165,0.2347,worst box IoU 0.23,approve
cap_000897,168,0.2347,worst box IoU 0.23,approve
cap_002229,311,0.2349,worst box IoU 0.23,approve
cap_002230,311,0.2349,worst box IoU 0.23,approve
cap_002231,311,0.2349,worst box IoU 0.23,approve
cap_000899,169,0.2350,worst box IoU 0.24,approve
cap_000900,169,0.2350,worst box IoU 0.24,approve
cap_001243,215,0.2366,worst box IoU 0.24,approve
cap_002896,387,0.2367,worst box IoU 0.24,approve
cap_002897,387,0.2367,worst box IoU 0.24,approve
cap_002898,387,0.2367,worst box IoU 0.24,approve
cap_002900,387,0.2367,worst box IoU 0.24,approve
cap_002901,387,0.2367,worst box IoU 0.24,approve
cap_002902,387,0.2367,worst box IoU 0.24,approve
cap_002903,387,0.2367,worst box IoU 0.24,approve
cap_002904,387,0.2367,worst box IoU 0.24,approve
cap_002905,387,0.2367,worst box IoU 0.24,approve
cap_002906,387,0.2367,worst box IoU 0.24,approve
cap_002907,387,0.2367,worst box IoU 0.24,approve
cap_000720,136,0.2372,worst box IoU 0.24,approve
cap_000721,136,0.2372,worst box IoU 0.24,approve
cap_000722,136,0.2372,worst box IoU 0.24,approve
cap_000723,136,0.2372,worst box IoU 0.24,approve
cap_000724,136,0.2372,worst box IoU 0.24,approve
cap_000725,136,0.2372,worst box IoU 0.24,approve
cap_000726,136,0.2372,worst box IoU 0.24,approve
cap_000727,136,0.2372,worst box IoU 0.24,approve
cap_000728,136,0.2372,worst box IoU 0.24,approve
cap_000729,136,0.2372,worst box IoU 0.24,approve
cap_000730,136,0.2372,worst box IoU 0.24,approve
cap_001224,213,0.2378,worst box IoU 0.24,approve
cap_002724,380,0.2390,worst box IoU 0.24,approve
cap_002732,380,0.2390,worst box IoU 0.24,approve
cap_002733,380,0.2390,worst box IoU 0.24,approve
cap_000842,164,0.2391,worst box IoU 0.24,approve
cap_000843,164,0.2391,worst box IoU 0.24,approve
cap_000844,164,0.2391,worst box IoU 0.24,approve
cap_000845,164,0.2391,worst box IoU 0.24,approve
cap_000846,164,0.2391,worst box IoU 0.24,approve
cap_000848,164,0.2391,worst box IoU 0.24,approve
cap_000850,164,0.2391,worst box IoU 0.24,approve
cap_000852,164,0.2391,worst box IoU 0.24,approve
cap_000853,164,0.2391,worst box IoU 0.24,approve
cap_000854,164,0.2391,worst box IoU 0.24,approve
cap_000855,164,0.2391,worst box IoU 0.24,approve
cap_001240,215,0.2398,worst box IoU 0.24,approve
cap_001241,215,0.2398,worst box IoU 0.24,approve
cap_000866,165,0.2407,worst box IoU 0.24,approve
cap_000209,42,0.2408,worst box IoU 0.24,approve
cap_000219,44,0.2410,worst box IoU 0.24,approve
cap_000220,44,0.2410,worst box IoU 0.24,approve
cap_002228,311,0.2419,worst box IoU 0.24,approve
cap_000699,132,0.2419,worst box IoU 0.24,approve
cap_001223,213,0.2421,worst box IoU 0.24,delete
cap_001075,185,0.2423,worst box IoU 0.24,approve
cap_002665,376,0.2425,worst box IoU 0.24,approve
cap_000228,47,0.2425,worst box IoU 0.24,approve
cap_000436,90,0.2436,worst box IoU 0.24,approve
cap_000827,163,0.2440,worst box IoU 0.24,approve
cap_001199,212,0.2442,worst box IoU 0.24,approve
cap_000125,27,0.2449,worst box IoU 0.24,approve
cap_000126,27,0.2449,worst box IoU 0.24,approve
cap_000127,27,0.2449,worst box IoU 0.24,approve
cap_003655,452,0.2455,worst box IoU 0.25,approve
cap_003656,452,0.2455,worst box IoU 0.25,approve
cap_000198,39,0.2455,worst box IoU 0.25,approve
cap_000199,39,0.2455,worst box IoU 0.25,approve
cap_000200,39,0.2455,worst box IoU 0.25,approve
cap_000201,39,0.2455,worst box IoU 0.25,approve
cap_000383,71,0.2457,worst box IoU 0.25,approve
cap_000936,172,0.2458,worst box IoU 0.25,approve
cap_000938,172,0.2458,worst box IoU 0.25,approve
cap_000939,172,0.2458,worst box IoU 0.25,approve
cap_000940,172,0.2458,worst box IoU 0.25,approve
cap_000941,172,0.2458,worst box IoU 0.25,approve
cap_000943,172,0.2458,worst box IoU 0.25,approve
cap_000945,172,0.2458,worst box IoU 0.25,approve
cap_000946,172,0.2458,worst box IoU 0.25,approve
cap_000947,172,0.2458,worst box IoU 0.25,approve
cap_000948,172,0.2458,worst box IoU 0.25,approve
cap_000949,172,0.2458,worst box IoU 0.25,approve
cap_000752,138,0.2458,worst box IoU 0.25,approve
cap_000225,46,0.2462,worst box IoU 0.25,approve
cap_000226,46,0.2462,worst box IoU 0.25,approve
cap_000222,45,0.2465,worst box IoU 0.25,approve
cap_000223,45,0.2465,worst box IoU 0.25,approve
cap_001122,205,0.2467,worst box IoU 0.25,delete
cap_000863,165,0.2471,worst box IoU 0.25,approve
cap_000864,165,0.2471,worst box IoU 0.25,approve
cap_000865,165,0.2471,worst box IoU 0.25,approve
cap_000458,92,0.2479,worst box IoU 0.25,approve
cap_000459,92,0.2479,worst box IoU 0.25,approve
cap_000460,92,0.2479,worst box IoU 0.25,approve
cap_000343,65,0.2480,worst box IoU 0.25,approve
cap_000344,65,0.2480,worst box IoU 0.25,approve
cap_000348,65,0.2480,worst box IoU 0.25,approve
cap_000349,65,0.2480,worst box IoU 0.25,approve
cap_000826,163,0.2481,worst box IoU 0.25,approve
cap_000824,163,0.2481,worst box IoU 0.25,approve
cap_000117,26,0.2483,worst box IoU 0.25,approve
cap_000118,26,0.2483,worst box IoU 0.25,approve
cap_000119,26,0.2483,worst box IoU 0.25,approve
cap_002715,379,0.2488,worst box IoU 0.25,approve
cap_000409,78,0.2490,worst box IoU 0.25,approve
cap_002224,311,0.2493,worst box IoU 0.25,approve
cap_002225,311,0.2493,worst box IoU 0.25,approve
cap_000112,25,0.2495,worst box IoU 0.25,approve
cap_001129,206,0.2496,worst box IoU 0.25,approve
cap_001130,206,0.2496,worst box IoU 0.25,approve
cap_000869,165,0.2497,worst box IoU 0.25,approve
cap_000138,29,0.2505,worst box IoU 0.25,approve
cap_000139,29,0.2505,worst box IoU 0.25,approve
cap_002872,386,0.2515,worst box IoU 0.25,approve
cap_002873,386,0.2515,worst box IoU 0.25,approve
cap_002874,386,0.2515,worst box IoU 0.25,approve
cap_002878,386,0.2515,worst box IoU 0.25,approve
cap_002879,386,0.2515,worst box IoU 0.25,approve
cap_000150,33,0.2518,worst box IoU 0.25,approve
cap_000151,33,0.2518,worst box IoU 0.25,approve
cap_002844,385,0.2528,worst box IoU 0.25,approve
cap_002845,385,0.2528,worst box IoU 0.25,approve
cap_002846,385,0.2528,worst box IoU 0.25,approve
cap_002857,385,0.2528,worst box IoU 0.25,approve
cap_001227,213,0.2528,worst box IoU 0.25,approve
cap_000129,28,0.2539,worst box IoU 0.25,approve
cap_000130,28,0.2539,worst box IoU 0.25,approve
cap_002882,386,0.2540,worst box IoU 0.25,approve
cap_002883,386,0.2540,worst box IoU 0.25,approve
cap_002884,386,0.2540,worst box IoU 0.25,approve
cap_002885,386,0.2540,worst box IoU 0.25,approve
cap_002886,386,0.2540,worst box IoU 0.25,approve
cap_002887,386,0.2540,worst box IoU 0.25,approve
cap_002888,386,0.2540,worst box IoU 0.25,approve
cap_002889,386,0.2540,worst box IoU 0.25,approve
cap_002890,386,0.2540,worst box IoU 0.25,approve
cap_002891,386,0.2540,worst box IoU 0.25,approve
cap_002892,386,0.2540,worst box IoU 0.25,approve
cap_002893,386,0.2540,worst box IoU 0.25,approve
cap_002894,386,0.2540,worst box IoU 0.25,approve
cap_000856,164,0.2542,worst box IoU 0.25,approve
cap_000857,164,0.2542,worst box IoU 0.25,approve
cap_000858,164,0.2542,worst box IoU 0.25,approve
cap_000859,164,0.2542,worst box IoU 0.25,approve
cap_000873,165,0.2545,worst box IoU 0.25,approve
cap_000874,165,0.2545,worst box IoU 0.25,approve
cap_000875,165,0.2545,worst box IoU 0.25,approve
cap_002358,326,0.2546,worst box IoU 0.25,approve
cap_001254,215,0.2546,worst box IoU 0.25,delete
cap_002217,311,0.2548,worst box IoU 0.25,approve
cap_002218,311,0.2548,worst box IoU 0.25,approve
cap_002219,311,0.2548,worst box IoU 0.25,approve
cap_002220,311,0.2548,worst box IoU 0.25,approve
cap_000731,136,0.2553,worst box IoU 0.26,approve
cap_000732,136,0.2553,worst box IoU 0.26,approve
cap_000733,136,0.2553,worst box IoU 0.26,approve
cap_000734,136,0.2553,worst box IoU 0.26,approve
cap_000735,136,0.2553,worst box IoU 0.26,approve
cap_000736,136,0.2553,worst box IoU 0.26,approve
cap_000737,136,0.2553,worst box IoU 0.26,approve
cap_000738,136,0.2553,worst box IoU 0.26,approve
cap_000474,93,0.2560,worst box IoU 0.26,approve
cap_000482,93,0.2560,worst box IoU 0.26,approve
cap_000487,93,0.2560,worst box IoU 0.26,approve
cap_000488,93,0.2560,worst box IoU 0.26,approve
cap_000489,93,0.2560,worst box IoU 0.26,approve
cap_000490,93,0.2560,worst box IoU 0.26,approve
cap_000491,93,0.2560,worst box IoU 0.26,approve
cap_000492,93,0.2560,worst box IoU 0.26,approve
cap_000493,93,0.2560,worst box IoU 0.26,approve
cap_000494,93,0.2560,worst box IoU 0.26,approve
cap_000499,93,0.2560,worst box IoU 0.26,approve
cap_001357,234,0.2565,worst box IoU 0.26,delete
cap_000769,149,0.2568,worst box IoU 0.26,approve
cap_000438,91,0.2579,worst box IoU 0.26,approve
cap_000439,91,0.2579,worst box IoU 0.26,delete
cap_001172,211,0.2581,worst box IoU 0.26,approve
cap_002688,378,0.2584,worst box IoU 0.26,approve
cap_002456,352,0.2586,worst box IoU 0.26,approve
cap_002457,352,0.2586,worst box IoU 0.26,approve
cap_002458,352,0.2586,worst box IoU 0.26,approve
cap_002232,311,0.2588,worst box IoU 0.26,approve
cap_000819,162,0.2595,worst box IoU 0.26,approve
cap_001159,210,0.2598,worst box IoU 0.26,approve
cap_000203,40,0.2598,worst box IoU 0.26,approve
cap_000204,40,0.2598,worst box IoU 0.26,approve
cap_000550,103,0.2601,worst box IoU 0.26,approve
cap_000551,103,0.2601,worst box IoU 0.26,approve
cap_000443,92,0.2603,worst box IoU 0.26,approve
cap_000444,92,0.2603,worst box IoU 0.26,approve
cap_000445,92,0.2603,worst box IoU 0.26,approve
cap_000446,92,0.2603,worst box IoU 0.26,approve
cap_000447,92,0.2603,worst box IoU 0.26,approve
cap_000448,92,0.2603,worst box IoU 0.26,approve
cap_000828,163,0.2603,worst box IoU 0.26,approve
cap_000829,163,0.2603,worst box IoU 0.26,approve
cap_002912,387,0.2604,worst box IoU 0.26,approve
cap_002920,387,0.2604,worst box IoU 0.26,approve
cap_002921,387,0.2604,worst box IoU 0.26,approve
cap_002922,387,0.2604,worst box IoU 0.26,approve
cap_002923,387,0.2604,worst box IoU 0.26,approve
cap_002914,387,0.2604,worst box IoU 0.26,approve
cap_002915,387,0.2604,worst box IoU 0.26,approve
cap_002916,387,0.2604,worst box IoU 0.26,approve
cap_002917,387,0.2604,worst box IoU 0.26,approve
cap_002918,387,0.2604,worst box IoU 0.26,approve
cap_002919,387,0.2604,worst box IoU 0.26,approve
cap_002924,387,0.2604,worst box IoU 0.26,approve
cap_001077,185,0.2609,worst box IoU 0.26,approve
cap_000867,165,0.2610,worst box IoU 0.26,approve
cap_000868,165,0.2610,worst box IoU 0.26,approve
cap_000287,54,0.2622,worst box IoU 0.26,approve
cap_000288,54,0.2622,worst box IoU 0.26,approve
cap_000289,54,0.2622,worst box IoU 0.26,approve
cap_000290,54,0.2622,worst box IoU 0.26,approve
cap_000291,54,0.2622,worst box IoU 0.26,approve
cap_000292,54,0.2622,worst box IoU 0.26,approve
cap_000293,54,0.2622,worst box IoU 0.26,approve
cap_000294,54,0.2622,worst box IoU 0.26,approve
cap_000295,54,0.2622,worst box IoU 0.26,approve
cap_000296,54,0.2622,worst box IoU 0.26,approve
cap_000297,54,0.2622,worst box IoU 0.26,approve
cap_000298,54,0.2622,worst box IoU 0.26,approve
cap_000299,54,0.2622,worst box IoU 0.26,approve
cap_000300,54,0.2622,worst box IoU 0.26,approve
cap_000301,54,0.2622,worst box IoU 0.26,approve
cap_001062,184,0.2623,worst box IoU 0.26,delete
cap_001063,184,0.2623,worst box IoU 0.26,approve
cap_001064,184,0.2623,worst box IoU 0.26,approve
cap_000985,174,0.2623,worst box IoU 0.26,approve
cap_000371,68,0.2624,worst box IoU 0.26,approve
cap_000070,15,0.2626,worst box IoU 0.26,approve
cap_000567,108,0.2626,worst box IoU 0.26,approve
cap_000475,93,0.2630,worst box IoU 0.26,approve
cap_000476,93,0.2630,worst box IoU 0.26,approve
cap_000477,93,0.2630,worst box IoU 0.26,approve
cap_000479,93,0.2630,worst box IoU 0.26,approve
cap_002899,387,0.2630,worst box IoU 0.26,approve
cap_002908,387,0.2630,worst box IoU 0.26,approve
cap_002909,387,0.2630,worst box IoU 0.26,approve
cap_000379,71,0.2631,worst box IoU 0.26,approve
cap_002070,305,0.2637,worst box IoU 0.26,delete
cap_001410,236,0.2639,worst box IoU 0.26,approve
cap_000463,92,0.2641,worst box IoU 0.26,approve
cap_000464,92,0.2641,worst box IoU 0.26,approve
cap_000465,92,0.2641,worst box IoU 0.26,approve
cap_000466,92,0.2641,worst box IoU 0.26,approve
cap_000467,92,0.2641,worst box IoU 0.26,approve
cap_000468,92,0.2641,worst box IoU 0.26,approve
cap_000469,92,0.2641,worst box IoU 0.26,approve
cap_000353,65,0.2645,worst box IoU 0.26,approve
cap_002368,330,0.2646,worst box IoU 0.26,approve
cap_001253,215,0.2649,worst box IoU 0.26,approve
cap_003451,443,0.2656,worst box IoU 0.27,approve
cap_000990,174,0.2656,worst box IoU 0.27,approve
cap_000930,172,0.2662,worst box IoU 0.27,approve
cap_000931,172,0.2662,worst box IoU 0.27,approve
cap_000932,172,0.2662,worst box IoU 0.27,approve
cap_000933,172,0.2662,worst box IoU 0.27,approve
cap_000934,172,0.2662,worst box IoU 0.27,approve
cap_000935,172,0.2662,worst box IoU 0.27,approve
cap_000950,172,0.2662,worst box IoU 0.27,approve
cap_000951,172,0.2662,worst box IoU 0.27,approve
cap_000302,54,0.2664,worst box IoU 0.27,approve
cap_002608,372,0.2667,worst box IoU 0.27,approve
cap_002204,311,0.2671,worst box IoU 0.27,approve
cap_002205,311,0.2671,worst box IoU 0.27,approve
cap_002206,311,0.2671,worst box IoU 0.27,approve
cap_002207,311,0.2671,worst box IoU 0.27,approve
cap_002208,311,0.2671,worst box IoU 0.27,approve
cap_002209,311,0.2671,worst box IoU 0.27,approve
cap_002210,311,0.2671,worst box IoU 0.27,approve
cap_002211,311,0.2671,worst box IoU 0.27,approve
cap_002212,311,0.2671,worst box IoU 0.27,approve
cap_002213,311,0.2671,worst box IoU 0.27,approve
cap_002214,311,0.2671,worst box IoU 0.27,approve
cap_002215,311,0.2671,worst box IoU 0.27,approve
cap_002216,311,0.2671,worst box IoU 0.27,approve
cap_002221,311,0.2671,worst box IoU 0.27,approve
cap_002222,311,0.2671,worst box IoU 0.27,approve
cap_002223,311,0.2671,worst box IoU 0.27,approve
cap_001050,184,0.2672,worst box IoU 0.27,approve
cap_001051,184,0.2672,worst box IoU 0.27,approve
cap_001052,184,0.2672,worst box IoU 0.27,approve
cap_001053,184,0.2672,worst box IoU 0.27,approve
cap_000111,25,0.2673,worst box IoU 0.27,approve
cap_000569,108,0.2674,worst box IoU 0.27,approve
cap_002357,326,0.2678,worst box IoU 0.27,approve
cap_000902,170,0.2679,worst box IoU 0.27,approve
cap_000903,170,0.2679,worst box IoU 0.27,approve
cap_001756,262,0.2679,worst box IoU 0.27,approve
cap_001757,262,0.2679,worst box IoU 0.27,approve
cap_002663,376,0.2679,worst box IoU 0.27,approve
cap_000767,148,0.2681,worst box IoU 0.27,approve
cap_001775,263,0.2684,worst box IoU 0.27,approve
cap_003290,417,0.2686,worst box IoU 0.27,approve
cap_002727,380,0.2689,worst box IoU 0.27,approve
cap_002723,380,0.2689,worst box IoU 0.27,approve
cap_002725,380,0.2689,worst box IoU 0.27,approve
cap_001226,213,0.2689,worst box IoU 0.27,delete
cap_002000,284,0.2690,worst box IoU 0.27,delete
cap_002353,324,0.2690,worst box IoU 0.27,approve
cap_002354,324,0.2690,worst box IoU 0.27,approve
cap_001222,213,0.2690,worst box IoU 0.27,approve
cap_002664,376,0.2694,worst box IoU 0.27,approve
cap_001729,260,0.2694,worst box IoU 0.27,approve
cap_002423,343,0.2697,worst box IoU 0.27,approve
cap_001160,210,0.2697,worst box IoU 0.27,approve
cap_001846,267,0.2697,worst box IoU 0.27,approve
cap_001847,267,0.2697,worst box IoU 0.27,approve
cap_001848,267,0.2697,worst box IoU 0.27,approve
cap_001849,267,0.2697,worst box IoU 0.27,approve
cap_001850,267,0.2697,worst box IoU 0.27,approve
cap_001851,267,0.2697,worst box IoU 0.27,approve
cap_001852,267,0.2697,worst box IoU 0.27,approve
cap_001853,267,0.2697,worst box IoU 0.27,approve
cap_001854,267,0.2697,worst box IoU 0.27,approve
cap_001855,267,0.2697,worst box IoU 0.27,approve
cap_001856,267,0.2697,worst box IoU 0.27,approve
cap_001857,267,0.2697,worst box IoU 0.27,approve
cap_001858,267,0.2697,worst box IoU 0.27,approve
cap_001859,267,0.2697,worst box IoU 0.27,approve
cap_001860,267,0.2697,worst box IoU 0.27,approve
cap_001861,267,0.2697,worst box IoU 0.27,approve
cap_001862,267,0.2697,worst box IoU 0.27,approve
cap_001863,267,0.2697,worst box IoU 0.27,approve
cap_001864,267,0.2697,worst box IoU 0.27,approve
cap_001865,267,0.2697,worst box IoU 0.27,approve
cap_000233,48,0.2703,worst box IoU 0.27,approve
cap_000237,48,0.2703,worst box IoU 0.27,approve
cap_000275,52,0.2705,worst box IoU 0.27,approve
cap_000276,52,0.2705,worst box IoU 0.27,approve
cap_000345,65,0.2706,worst box IoU 0.27,approve
cap_000346,65,0.2706,worst box IoU 0.27,approve
cap_000347,65,0.2706,worst box IoU 0.27,approve
cap_000796,155,0.2709,worst box IoU 0.27,approve
cap_000797,155,0.2709,worst box IoU 0.27,approve
cap_000802,157,0.2709,worst box IoU 0.27,approve
cap_000152,33,0.2712,worst box IoU 0.27,approve
cap_001170,211,0.2713,worst box IoU 0.27,approve
cap_001171,211,0.2713,worst box IoU 0.27,approve
cap_000881,166,0.2716,worst box IoU 0.27,approve
cap_000882,166,0.2716,worst box IoU 0.27,approve
cap_000883,166,0.2716,worst box IoU 0.27,approve
cap_000068,14,0.2717,worst box IoU 0.27,approve
cap_000952,172,0.2718,worst box IoU 0.27,approve
cap_003658,453,0.2719,worst box IoU 0.27,approve
cap_003659,453,0.2719,worst box IoU 0.27,approve
cap_003660,453,0.2719,worst box IoU 0.27,approve
cap_003661,453,0.2719,worst box IoU 0.27,approve
cap_003662,453,0.2719,worst box IoU 0.27,approve
cap_003663,453,0.2719,worst box IoU 0.27,approve
cap_000382,71,0.2721,worst box IoU 0.27,approve
cap_001403,236,0.2724,worst box IoU 0.27,approve
cap_001404,236,0.2724,worst box IoU 0.27,approve
cap_001405,236,0.2724,worst box IoU 0.27,approve
cap_001406,236,0.2724,worst box IoU 0.27,approve
cap_002639,374,0.2725,worst box IoU 0.27,delete
cap_002640,374,0.2725,worst box IoU 0.27,delete
cap_002641,374,0.2725,worst box IoU 0.27,delete
cap_000341,65,0.2728,worst box IoU 0.27,approve
cap_000342,65,0.2728,worst box IoU 0.27,approve
cap_000350,65,0.2728,worst box IoU 0.27,approve
cap_002349,322,0.2734,worst box IoU 0.27,approve
cap_002350,322,0.2734,worst box IoU 0.27,approve
cap_000986,174,0.2739,worst box IoU 0.27,approve
cap_000987,174,0.2739,worst box IoU 0.27,approve
cap_000988,174,0.2739,worst box IoU 0.27,approve
cap_000989,174,0.2739,worst box IoU 0.27,approve
cap_000329,61,0.2747,worst box IoU 0.27,approve
cap_000154,34,0.2754,worst box IoU 0.28,approve
cap_000155,34,0.2754,worst box IoU 0.28,approve
cap_003654,452,0.2754,worst box IoU 0.28,approve
cap_001473,247,0.2755,worst box IoU 0.28,approve
cap_001474,247,0.2755,worst box IoU 0.28,approve
cap_001475,247,0.2755,worst box IoU 0.28,approve
cap_001476,247,0.2755,worst box IoU 0.28,approve
cap_001477,247,0.2755,worst box IoU 0.28,approve
cap_001478,247,0.2755,worst box IoU 0.28,approve
cap_001479,247,0.2755,worst box IoU 0.28,approve
cap_001480,247,0.2755,worst box IoU 0.28,approve
cap_001481,247,0.2755,worst box IoU 0.28,approve
cap_001482,247,0.2755,worst box IoU 0.28,approve
cap_001483,247,0.2755,worst box IoU 0.28,approve
cap_001484,247,0.2755,worst box IoU 0.28,approve
cap_001485,247,0.2755,worst box IoU 0.28,approve
cap_001486,247,0.2755,worst box IoU 0.28,approve
cap_001487,247,0.2755,worst box IoU 0.28,approve
cap_001488,247,0.2755,worst box IoU 0.28,approve
cap_001489,247,0.2755,worst box IoU 0.28,approve
cap_001490,247,0.2755,worst box IoU 0.28,approve
cap_001491,247,0.2755,worst box IoU 0.28,approve
cap_001492,247,0.2755,worst box IoU 0.28,approve
cap_001493,247,0.2755,worst box IoU 0.28,approve
cap_001494,247,0.2755,worst box IoU 0.28,approve
cap_001495,247,0.2755,worst box IoU 0.28,approve
cap_001496,247,0.2755,worst box IoU 0.28,approve
cap_001497,247,0.2755,worst box IoU 0.28,approve
cap_001498,247,0.2755,worst box IoU 0.28,approve
cap_001499,247,0.2755,worst box IoU 0.28,approve
cap_001500,247,0.2755,worst box IoU 0.28,approve
cap_001501,247,0.2755,worst box IoU 0.28,approve
cap_000750,137,0.2756,worst box IoU 0.28,approve
cap_003665,454,0.2757,worst box IoU 0.28,approve
cap_000892,167,0.2761,worst box IoU 0.28,approve
cap_000739,136,0.2763,worst box IoU 0.28,approve
cap_000740,136,0.2763,worst box IoU 0.28,approve
cap_000741,136,0.2763,worst box IoU 0.28,approve
cap_000789,154,0.2768,worst box IoU 0.28,approve
cap_000790,154,0.2768,worst box IoU 0.28,approve
cap_000791,154,0.2768,worst box IoU 0.28,approve
cap_000792,154,0.2768,worst box IoU 0.28,approve
cap_000793,154,0.2768,worst box IoU 0.28,approve
cap_000794,154,0.2768,worst box IoU 0.28,approve
cap_001605,253,0.2770,worst box IoU 0.28,approve
cap_001606,253,0.2770,worst box IoU 0.28,approve
cap_001607,253,0.2770,worst box IoU 0.28,approve
cap_001608,253,0.2770,worst box IoU 0.28,approve
cap_001609,253,0.2770,worst box IoU 0.28,approve
cap_001610,253,0.2770,worst box IoU 0.28,approve
cap_001611,253,0.2770,worst box IoU 0.28,approve
cap_001612,253,0.2770,worst box IoU 0.28,approve
cap_001613,253,0.2770,worst box IoU 0.28,approve
cap_001614,253,0.2770,worst box IoU 0.28,approve
cap_001615,253,0.2770,worst box IoU 0.28,approve
cap_001616,253,0.2770,worst box IoU 0.28,approve
cap_001708,259,0.2771,worst box IoU 0.28,approve
cap_001709,259,0.2771,worst box IoU 0.28,approve
cap_001710,259,0.2771,worst box IoU 0.28,approve
cap_000695,131,0.2772,worst box IoU 0.28,approve
cap_001192,212,0.2774,worst box IoU 0.28,approve
cap_001193,212,0.2774,worst box IoU 0.28,approve
cap_001194,212,0.2774,worst box IoU 0.28,approve
cap_001195,212,0.2774,worst box IoU 0.28,approve
cap_001196,212,0.2774,worst box IoU 0.28,approve
cap_001197,212,0.2774,worst box IoU 0.28,approve
cap_002294,314,0.2774,worst box IoU 0.28,approve
cap_002295,314,0.2774,worst box IoU 0.28,approve
cap_002296,314,0.2774,worst box IoU 0.28,approve
cap_002297,314,0.2774,worst box IoU 0.28,approve
cap_002298,314,0.2774,worst box IoU 0.28,approve
cap_002299,314,0.2774,worst box IoU 0.28,approve
cap_002300,314,0.2774,worst box IoU 0.28,approve
cap_002301,314,0.2774,worst box IoU 0.28,approve
cap_002302,314,0.2774,worst box IoU 0.28,approve
cap_002303,314,0.2774,worst box IoU 0.28,approve
cap_002304,314,0.2774,worst box IoU 0.28,approve
cap_002305,314,0.2774,worst box IoU 0.28,approve
cap_002306,314,0.2774,worst box IoU 0.28,approve
cap_002307,314,0.2774,worst box IoU 0.28,approve
cap_002308,314,0.2774,worst box IoU 0.28,approve
cap_002309,314,0.2774,worst box IoU 0.28,approve
cap_002310,314,0.2774,worst box IoU 0.28,approve
cap_000086,20,0.2777,worst box IoU 0.28,approve
cap_000087,20,0.2777,worst box IoU 0.28,approve
cap_000088,20,0.2777,worst box IoU 0.28,approve
cap_000245,49,0.2778,worst box IoU 0.28,approve
cap_000246,49,0.2778,worst box IoU 0.28,approve
cap_001072,185,0.2780,worst box IoU 0.28,approve
cap_001073,185,0.2780,worst box IoU 0.28,approve
cap_001074,185,0.2780,worst box IoU 0.28,approve
cap_002868,385,0.2781,worst box IoU 0.28,approve
cap_002869,385,0.2781,worst box IoU 0.28,approve
cap_002415,341,0.2782,worst box IoU 0.28,approve
cap_002416,341,0.2782,worst box IoU 0.28,approve
cap_002047,304,0.2787,worst box IoU 0.28,approve
cap_001006,176,0.2792,worst box IoU 0.28,approve
cap_001007,176,0.2792,worst box IoU 0.28,approve
cap_001008,176,0.2792,worst box IoU 0.28,approve
cap_001009,176,0.2792,worst box IoU 0.28,approve
cap_001010,176,0.2792,worst box IoU 0.28,approve
cap_001011,176,0.2792,worst box IoU 0.28,approve
cap_001012,176,0.2792,worst box IoU 0.28,approve
cap_001017,176,0.2792,worst box IoU 0.28,approve
cap_002875,386,0.2794,worst box IoU 0.28,approve
cap_002876,386,0.2794,worst box IoU 0.28,approve
cap_002877,386,0.2794,worst box IoU 0.28,approve
cap_001648,255,0.2796,worst box IoU 0.28,approve
cap_001649,255,0.2796,worst box IoU 0.28,approve
cap_001650,255,0.2796,worst box IoU 0.28,approve
cap_001651,255,0.2796,worst box IoU 0.28,approve
cap_001652,255,0.2796,worst box IoU 0.28,approve
cap_001653,255,0.2796,worst box IoU 0.28,approve
cap_001654,255,0.2796,worst box IoU 0.28,approve
cap_001655,255,0.2796,worst box IoU 0.28,approve
cap_001656,255,0.2796,worst box IoU 0.28,approve
cap_001657,255,0.2796,worst box IoU 0.28,approve
cap_001658,255,0.2796,worst box IoU 0.28,approve
cap_001659,255,0.2796,worst box IoU 0.28,approve
cap_001660,255,0.2796,worst box IoU 0.28,approve
cap_001661,255,0.2796,worst box IoU 0.28,approve
cap_001662,255,0.2796,worst box IoU 0.28,approve
cap_001663,255,0.2796,worst box IoU 0.28,approve
cap_001664,255,0.2796,worst box IoU 0.28,approve
cap_001665,255,0.2796,worst box IoU 0.28,approve
cap_000121,27,0.2799,worst box IoU 0.28,approve
cap_000122,27,0.2799,worst box IoU 0.28,approve
cap_000123,27,0.2799,worst box IoU 0.28,approve
cap_000124,27,0.2799,worst box IoU 0.28,approve
cap_002712,379,0.2799,worst box IoU 0.28,approve
cap_002718,379,0.2799,worst box IoU 0.28,approve
cap_002719,379,0.2799,worst box IoU 0.28,approve
cap_002720,379,0.2799,worst box IoU 0.28,approve
cap_000770,149,0.2802,worst box IoU 0.28,approve
cap_002226,311,0.2806,worst box IoU 0.28,approve
cap_002227,311,0.2806,worst box IoU 0.28,approve
cap_000909,171,0.2807,worst box IoU 0.28,approve
cap_000910,171,0.2807,worst box IoU 0.28,approve
cap_000911,171,0.2807,worst box IoU 0.28,approve
cap_000912,171,0.2807,worst box IoU 0.28,approve
cap_000913,171,0.2807,worst box IoU 0.28,approve
cap_000914,171,0.2807,worst box IoU 0.28,approve
cap_000915,171,0.2807,worst box IoU 0.28,approve
cap_000916,171,0.2807,worst box IoU 0.28,approve
cap_000922,171,0.2807,worst box IoU 0.28,approve
cap_000923,171,0.2807,worst box IoU 0.28,approve
cap_002841,385,0.2809,worst box IoU 0.28,approve
cap_002842,385,0.2809,worst box IoU 0.28,approve
cap_002843,385,0.2809,worst box IoU 0.28,approve
cap_002847,385,0.2809,worst box IoU 0.28,approve
cap_002848,385,0.2809,worst box IoU 0.28,approve
cap_002849,385,0.2809,worst box IoU 0.28,approve
cap_002850,385,0.2809,worst box IoU 0.28,approve
cap_002851,385,0.2809,worst box IoU 0.28,approve
cap_002852,385,0.2809,worst box IoU 0.28,approve
cap_002853,385,0.2809,worst box IoU 0.28,approve
cap_002854,385,0.2809,worst box IoU 0.28,approve
cap_002855,385,0.2809,worst box IoU 0.28,approve
cap_002856,385,0.2809,worst box IoU 0.28,approve
cap_002858,385,0.2809,worst box IoU 0.28,approve
cap_002859,385,0.2809,worst box IoU 0.28,approve
cap_002860,385,0.2809,worst box IoU 0.28,approve
cap_002861,385,0.2809,worst box IoU 0.28,approve
cap_002862,385,0.2809,worst box IoU 0.28,approve
cap_002863,385,0.2809,worst box IoU 0.28,approve
cap_002864,385,0.2809,worst box IoU 0.28,approve
cap_002865,385,0.2809,worst box IoU 0.28,approve
cap_001601,253,0.2813,worst box IoU 0.28,approve
cap_000483,93,0.2816,worst box IoU 0.28,approve
cap_000484,93,0.2816,worst box IoU 0.28,approve
cap_000485,93,0.2816,worst box IoU 0.28,approve
cap_000486,93,0.2816,worst box IoU 0.28,approve
cap_000495,93,0.2816,worst box IoU 0.28,approve
cap_000496,93,0.2816,worst box IoU 0.28,approve
cap_000497,93,0.2816,worst box IoU 0.28,approve
cap_000498,93,0.2816,worst box IoU 0.28,approve
cap_000333,63,0.2819,worst box IoU 0.28,approve
cap_000334,63,0.2819,worst box IoU 0.28,approve
cap_000917,171,0.2819,worst box IoU 0.28,approve
cap_000918,171,0.2819,worst box IoU 0.28,approve
cap_000919,171,0.2819,worst box IoU 0.28,approve
cap_000920,171,0.2819,worst box IoU 0.28,approve
cap_000921,171,0.2819,worst box IoU 0.28,approve
cap_000745,136,0.2820,worst box IoU 0.28,approve
cap_000746,136,0.2820,worst box IoU 0.28,approve
cap_000781,153,0.2821,worst box IoU 0.28,approve
cap_000783,153,0.2821,worst box IoU 0.28,approve
cap_000322,58,0.2823,worst box IoU 0.28,approve
cap_000323,58,0.2823,worst box IoU 0.28,approve
cap_000780,152,0.2823,worst box IoU 0.28,approve
cap_003652,452,0.2823,worst box IoU 0.28,approve
cap_000817,162,0.2825,worst box IoU 0.28,approve
cap_000818,162,0.2825,worst box IoU 0.28,approve
cap_001019,177,0.2826,worst box IoU 0.28,approve
cap_001020,177,0.2826,worst box IoU 0.28,approve
cap_001021,177,0.2826,worst box IoU 0.28,approve
cap_001022,177,0.2826,worst box IoU 0.28,approve
cap_001023,177,0.2826,worst box IoU 0.28,approve
cap_001024,177,0.2826,worst box IoU 0.28,approve
cap_001025,177,0.2826,worst box IoU 0.28,approve
cap_002366,329,0.2827,worst box IoU 0.28,approve
cap_001837,267,0.2827,worst box IoU 0.28,approve
cap_001838,267,0.2827,worst box IoU 0.28,approve
cap_001839,267,0.2827,worst box IoU 0.28,approve
cap_001840,267,0.2827,worst box IoU 0.28,approve
cap_001841,267,0.2827,worst box IoU 0.28,approve
cap_001842,267,0.2827,worst box IoU 0.28,approve
cap_001843,267,0.2827,worst box IoU 0.28,approve
cap_001844,267,0.2827,worst box IoU 0.28,approve
cap_001845,267,0.2827,worst box IoU 0.28,approve
cap_001239,215,0.2827,worst box IoU 0.28,approve
cap_001238,215,0.2827,worst box IoU 0.28,approve
cap_001173,211,0.2828,worst box IoU 0.28,approve
cap_001174,211,0.2828,worst box IoU 0.28,approve
cap_000071,15,0.2828,worst box IoU 0.28,approve
cap_001618,254,0.2831,worst box IoU 0.28,approve
cap_001619,254,0.2831,worst box IoU 0.28,approve
cap_001620,254,0.2831,worst box IoU 0.28,approve
cap_001621,254,0.2831,worst box IoU 0.28,approve
cap_001622,254,0.2831,worst box IoU 0.28,approve
cap_001623,254,0.2831,worst box IoU 0.28,approve
cap_001624,254,0.2831,worst box IoU 0.28,approve
cap_001625,254,0.2831,worst box IoU 0.28,approve
cap_001626,254,0.2831,worst box IoU 0.28,approve
cap_001627,254,0.2831,worst box IoU 0.28,approve
cap_001628,254,0.2831,worst box IoU 0.28,approve
cap_001629,254,0.2831,worst box IoU 0.28,approve
cap_001630,254,0.2831,worst box IoU 0.28,approve
cap_001631,254,0.2831,worst box IoU 0.28,approve
cap_001632,254,0.2831,worst box IoU 0.28,approve
cap_001633,254,0.2831,worst box IoU 0.28,approve
cap_001634,254,0.2831,worst box IoU 0.28,approve
cap_001635,254,0.2831,worst box IoU 0.28,approve
cap_001636,254,0.2831,worst box IoU 0.28,approve
cap_001637,254,0.2831,worst box IoU 0.28,approve
cap_001638,254,0.2831,worst box IoU 0.28,approve
cap_001639,254,0.2831,worst box IoU 0.28,approve
cap_001640,254,0.2831,worst box IoU 0.28,approve
cap_001641,254,0.2831,worst box IoU 0.28,approve
cap_001642,254,0.2831,worst box IoU 0.28,approve
cap_001643,254,0.2831,worst box IoU 0.28,approve
cap_001644,254,0.2831,worst box IoU 0.28,approve
cap_001645,254,0.2831,worst box IoU 0.28,approve
cap_001646,254,0.2831,worst box IoU 0.28,approve
cap_000811,161,0.2833,worst box IoU 0.28,approve
cap_000812,161,0.2833,worst box IoU 0.28,approve
cap_000813,161,0.2833,worst box IoU 0.28,approve
cap_002637,374,0.2836,worst box IoU 0.28,approve
cap_002642,374,0.2836,worst box IoU 0.28,delete
cap_001586,252,0.2836,worst box IoU 0.28,approve
cap_001587,252,0.2836,worst box IoU 0.28,approve
cap_001378,235,0.2838,worst box IoU 0.28,approve
cap_000331,62,0.2838,worst box IoU 0.28,approve
cap_000235,48,0.2839,worst box IoU 0.28,approve
cap_000236,48,0.2839,worst box IoU 0.28,approve
cap_000337,64,0.2840,worst box IoU 0.28,approve
cap_000338,64,0.2840,worst box IoU 0.28,approve
cap_000339,64,0.2840,worst box IoU 0.28,approve
cap_001798,264,0.2841,worst box IoU 0.28,approve
cap_001799,264,0.2841,worst box IoU 0.28,approve
cap_001800,264,0.2841,worst box IoU 0.28,approve
cap_001801,264,0.2841,worst box IoU 0.28,approve
cap_001802,264,0.2841,worst box IoU 0.28,approve
cap_001803,264,0.2841,worst box IoU 0.28,approve
cap_001804,264,0.2841,worst box IoU 0.28,approve
cap_001805,264,0.2841,worst box IoU 0.28,approve
cap_002692,379,0.2844,worst box IoU 0.28,approve
cap_002713,379,0.2844,worst box IoU 0.28,approve
cap_002714,379,0.2844,worst box IoU 0.28,approve
cap_002501,357,0.2845,worst box IoU 0.28,approve
cap_003294,419,0.2845,worst box IoU 0.28,approve
cap_001291,221,0.2848,worst box IoU 0.28,approve
cap_002722,380,0.2848,worst box IoU 0.28,approve
cap_001349,234,0.2850,worst box IoU 0.29,approve
cap_001353,234,0.2850,worst box IoU 0.29,approve
cap_000696,131,0.2850,worst box IoU 0.29,approve
cap_000110,25,0.2851,worst box IoU 0.29,approve
cap_001688,258,0.2859,worst box IoU 0.29,approve
cap_001689,258,0.2859,worst box IoU 0.29,approve
cap_001690,258,0.2859,worst box IoU 0.29,approve
cap_001691,258,0.2859,worst box IoU 0.29,approve
cap_001692,258,0.2859,worst box IoU 0.29,approve
cap_001693,258,0.2859,worst box IoU 0.29,approve
cap_001694,258,0.2859,worst box IoU 0.29,approve
cap_001695,258,0.2859,worst box IoU 0.29,approve
cap_001696,258,0.2859,worst box IoU 0.29,approve
cap_001697,258,0.2859,worst box IoU 0.29,approve
cap_001698,258,0.2859,worst box IoU 0.29,approve
cap_001699,258,0.2859,worst box IoU 0.29,approve
cap_001700,258,0.2859,worst box IoU 0.29,approve
cap_001701,258,0.2859,worst box IoU 0.29,approve
cap_000598,115,0.2859,worst box IoU 0.29,approve
cap_000599,115,0.2859,worst box IoU 0.29,approve
cap_000600,115,0.2859,worst box IoU 0.29,approve
cap_000601,115,0.2859,worst box IoU 0.29,approve
cap_000602,115,0.2859,worst box IoU 0.29,approve
cap_000603,115,0.2859,worst box IoU 0.29,approve
cap_000604,115,0.2859,worst box IoU 0.29,approve
cap_000605,115,0.2859,worst box IoU 0.29,approve
cap_000606,115,0.2859,worst box IoU 0.29,approve
cap_000607,115,0.2859,worst box IoU 0.29,approve
cap_001833,266,0.2860,worst box IoU 0.29,approve
cap_000928,172,0.2860,worst box IoU 0.29,approve
cap_000929,172,0.2860,worst box IoU 0.29,approve
cap_000815,162,0.2861,worst box IoU 0.29,approve
cap_000816,162,0.2861,worst box IoU 0.29,approve
cap_000904,170,0.2863,worst box IoU 0.29,approve
cap_000905,170,0.2863,worst box IoU 0.29,approve
cap_000906,170,0.2863,worst box IoU 0.29,approve
cap_000907,170,0.2863,worst box IoU 0.29,approve
cap_002071,305,0.2863,worst box IoU 0.29,approve
cap_002074,305,0.2863,worst box IoU 0.29,approve
cap_000351,65,0.2864,worst box IoU 0.29,approve
cap_000352,65,0.2864,worst box IoU 0.29,approve
cap_001714,259,0.2864,worst box IoU 0.29,approve
cap_001715,259,0.2864,worst box IoU 0.29,approve
cap_001512,248,0.2867,worst box IoU 0.29,delete
cap_001513,248,0.2867,worst box IoU 0.29,delete
cap_001514,248,0.2867,worst box IoU 0.29,delete
cap_001046,183,0.2867,worst box IoU 0.29,approve
cap_001047,183,0.2867,worst box IoU 0.29,approve
cap_001048,183,0.2867,worst box IoU 0.29,approve
cap_000283,54,0.2869,worst box IoU 0.29,approve
cap_000286,54,0.2869,worst box IoU 0.29,approve
cap_000303,54,0.2869,worst box IoU 0.29,approve
cap_000304,54,0.2869,worst box IoU 0.29,approve
cap_000305,54,0.2869,worst box IoU 0.29,approve
cap_000306,54,0.2869,worst box IoU 0.29,approve
cap_000645,123,0.2874,worst box IoU 0.29,approve
cap_000646,123,0.2874,worst box IoU 0.29,approve
cap_002044,304,0.2874,worst box IoU 0.29,approve
cap_002045,304,0.2874,worst box IoU 0.29,approve
cap_002046,304,0.2874,worst box IoU 0.29,approve
cap_002048,304,0.2874,worst box IoU 0.29,approve
cap_000961,173,0.2875,worst box IoU 0.29,approve
cap_000962,173,0.2875,worst box IoU 0.29,approve
cap_000963,173,0.2875,worst box IoU 0.29,approve
cap_000964,173,0.2875,worst box IoU 0.29,approve
cap_000968,173,0.2875,worst box IoU 0.29,delete
cap_000969,173,0.2875,worst box IoU 0.29,delete
cap_000970,173,0.2875,worst box IoU 0.29,delete
cap_001747,261,0.2875,worst box IoU 0.29,approve
cap_001748,261,0.2875,worst box IoU 0.29,approve
cap_001749,261,0.2875,worst box IoU 0.29,approve
cap_001750,261,0.2875,worst box IoU 0.29,approve
cap_001751,261,0.2875,worst box IoU 0.29,approve
cap_000381,71,0.2876,worst box IoU 0.29,approve
cap_002427,346,0.2881,worst box IoU 0.29,approve
cap_002412,339,0.2881,worst box IoU 0.29,approve
cap_000441,92,0.2881,worst box IoU 0.29,approve
cap_000461,92,0.2881,worst box IoU 0.29,approve
cap_000462,92,0.2881,worst box IoU 0.29,approve
cap_001076,185,0.2882,worst box IoU 0.29,approve
cap_002418,342,0.2886,worst box IoU 0.29,approve
cap_002419,342,0.2886,worst box IoU 0.29,approve
cap_002420,342,0.2886,worst box IoU 0.29,approve
cap_002421,342,0.2886,worst box IoU 0.29,approve
cap_002449,352,0.2887,worst box IoU 0.29,approve
cap_002450,352,0.2887,worst box IoU 0.29,approve
cap_002451,352,0.2887,worst box IoU 0.29,approve
cap_002453,352,0.2887,worst box IoU 0.29,approve
cap_000542,100,0.2889,worst box IoU 0.29,approve
cap_000543,100,0.2889,worst box IoU 0.29,approve
cap_000544,100,0.2889,worst box IoU 0.29,approve
cap_002662,376,0.2889,worst box IoU 0.29,approve
cap_001867,268,0.2889,worst box IoU 0.29,approve
cap_001868,268,0.2889,worst box IoU 0.29,approve
cap_001869,268,0.2889,worst box IoU 0.29,approve
cap_000442,92,0.2893,worst box IoU 0.29,approve
cap_002913,387,0.2894,worst box IoU 0.29,approve
cap_002910,387,0.2894,worst box IoU 0.29,approve
cap_002911,387,0.2894,worst box IoU 0.29,approve
cap_001337,233,0.2894,worst box IoU 0.29,approve
cap_001338,233,0.2894,worst box IoU 0.29,approve
cap_000521,95,0.2896,worst box IoU 0.29,approve
cap_002320,315,0.2896,worst box IoU 0.29,approve
cap_002321,315,0.2896,worst box IoU 0.29,approve
cap_002322,315,0.2896,worst box IoU 0.29,approve
cap_002323,315,0.2896,worst box IoU 0.29,approve
cap_002324,315,0.2896,worst box IoU 0.29,approve
cap_002325,315,0.2896,worst box IoU 0.29,approve
cap_002326,315,0.2896,worst box IoU 0.29,approve
cap_002327,315,0.2896,worst box IoU 0.29,approve
cap_002328,315,0.2896,worst box IoU 0.29,approve
cap_002329,315,0.2896,worst box IoU 0.29,approve
cap_002192,310,0.2897,worst box IoU 0.29,approve
cap_002193,310,0.2897,worst box IoU 0.29,approve
cap_002194,310,0.2897,worst box IoU 0.29,approve
cap_002195,310,0.2897,worst box IoU 0.29,approve
cap_002196,310,0.2897,worst box IoU 0.29,approve
cap_002197,310,0.2897,worst box IoU 0.29,approve
cap_002198,310,0.2897,worst box IoU 0.29,approve
cap_002199,310,0.2897,worst box IoU 0.29,approve
cap_002200,310,0.2897,worst box IoU 0.29,approve
cap_002201,310,0.2897,worst box IoU 0.29,approve
cap_002202,310,0.2897,worst box IoU 0.29,approve
cap_001667,256,0.2899,worst box IoU 0.29,approve
cap_001668,256,0.2899,worst box IoU 0.29,approve
cap_001669,256,0.2899,worst box IoU 0.29,approve
cap_001670,256,0.2899,worst box IoU 0.29,approve
cap_001671,256,0.2899,worst box IoU 0.29,approve
cap_001672,256,0.2899,worst box IoU 0.29,approve
cap_001673,256,0.2899,worst box IoU 0.29,approve
cap_001674,256,0.2899,worst box IoU 0.29,approve
cap_001675,256,0.2899,worst box IoU 0.29,approve
cap_000015,0,0.2902,worst box IoU 0.29,approve
cap_002344,318,0.2903,worst box IoU 0.29,approve
cap_001252,215,0.2903,worst box IoU 0.29,approve
cap_000361,67,0.2904,worst box IoU 0.29,approve
cap_000362,67,0.2904,worst box IoU 0.29,approve
cap_000363,67,0.2904,worst box IoU 0.29,approve
cap_000365,67,0.2904,worst box IoU 0.29,approve
cap_000366,67,0.2904,worst box IoU 0.29,approve
cap_000367,67,0.2904,worst box IoU 0.29,approve
cap_000368,67,0.2904,worst box IoU 0.29,approve
cap_001602,253,0.2904,worst box IoU 0.29,approve
cap_001603,253,0.2904,worst box IoU 0.29,approve
cap_001604,253,0.2904,worst box IoU 0.29,approve
cap_001191,212,0.2906,worst box IoU 0.29,approve
cap_001198,212,0.2906,worst box IoU 0.29,approve
cap_002234,312,0.2908,worst box IoU 0.29,approve
cap_002236,312,0.2908,worst box IoU 0.29,approve
cap_002237,312,0.2908,worst box IoU 0.29,approve
cap_001807,265,0.2909,worst box IoU 0.29,approve
cap_001808,265,0.2909,worst box IoU 0.29,approve
cap_001809,265,0.2909,worst box IoU 0.29,approve
cap_001810,265,0.2909,worst box IoU 0.29,approve
cap_001811,265,0.2909,worst box IoU 0.29,approve
cap_001812,265,0.2909,worst box IoU 0.29,approve
cap_001813,265,0.2909,worst box IoU 0.29,approve
cap_001814,265,0.2909,worst box IoU 0.29,approve
cap_001815,265,0.2909,worst box IoU 0.29,approve
cap_001816,265,0.2909,worst box IoU 0.29,approve
cap_002244,312,0.2910,worst box IoU 0.29,approve
cap_002245,312,0.2910,worst box IoU 0.29,approve
cap_002246,312,0.2910,worst box IoU 0.29,approve
cap_002247,312,0.2910,worst box IoU 0.29,approve
cap_002248,312,0.2910,worst box IoU 0.29,approve
cap_002249,312,0.2910,worst box IoU 0.29,approve
cap_002250,312,0.2910,worst box IoU 0.29,approve
cap_002251,312,0.2910,worst box IoU 0.29,approve
cap_002252,312,0.2910,worst box IoU 0.29,approve
cap_002253,312,0.2910,worst box IoU 0.29,approve
cap_002254,312,0.2910,worst box IoU 0.29,approve
cap_002255,312,0.2910,worst box IoU 0.29,approve
cap_002256,312,0.2910,worst box IoU 0.29,approve
cap_002257,312,0.2910,worst box IoU 0.29,approve
cap_002258,312,0.2910,worst box IoU 0.29,approve
cap_002259,312,0.2910,worst box IoU 0.29,approve
cap_002260,312,0.2910,worst box IoU 0.29,approve
cap_002261,312,0.2910,worst box IoU 0.29,approve
cap_002262,312,0.2910,worst box IoU 0.29,approve
cap_002311,314,0.2912,worst box IoU 0.29,approve
cap_002312,314,0.2912,worst box IoU 0.29,approve
cap_002313,314,0.2912,worst box IoU 0.29,approve
cap_002314,314,0.2912,worst box IoU 0.29,approve
cap_003653,452,0.2913,worst box IoU 0.29,approve
cap_001054,184,0.2915,worst box IoU 0.29,approve
cap_001055,184,0.2915,worst box IoU 0.29,approve
cap_001056,184,0.2915,worst box IoU 0.29,approve
cap_001057,184,0.2915,worst box IoU 0.29,approve
cap_001058,184,0.2915,worst box IoU 0.29,approve
cap_001059,184,0.2915,worst box IoU 0.29,delete
cap_001060,184,0.2915,worst box IoU 0.29,delete
cap_001061,184,0.2915,worst box IoU 0.29,delete
cap_000336,64,0.2917,worst box IoU 0.29,approve
cap_001677,257,0.2917,worst box IoU 0.29,approve
cap_001678,257,0.2917,worst box IoU 0.29,approve
cap_001679,257,0.2917,worst box IoU 0.29,approve
cap_001680,257,0.2917,worst box IoU 0.29,approve
cap_001681,257,0.2917,worst box IoU 0.29,approve
cap_001682,257,0.2917,worst box IoU 0.29,approve
cap_001683,257,0.2917,worst box IoU 0.29,approve
cap_001684,257,0.2917,worst box IoU 0.29,approve
cap_001685,257,0.2917,worst box IoU 0.29,approve
cap_001686,257,0.2917,worst box IoU 0.29,approve
cap_001999,284,0.2917,worst box IoU 0.29,approve
cap_000319,57,0.2918,worst box IoU 0.29,approve
cap_000358,66,0.2919,worst box IoU 0.29,approve
cap_002122,307,0.2922,worst box IoU 0.29,approve
cap_002125,307,0.2922,worst box IoU 0.29,approve
cap_003293,418,0.2922,worst box IoU 0.29,approve
cap_003296,420,0.2925,worst box IoU 0.29,approve
cap_003416,441,0.2925,worst box IoU 0.29,approve
cap_001293,222,0.2932,worst box IoU 0.29,approve
cap_001294,222,0.2932,worst box IoU 0.29,approve
cap_001295,222,0.2932,worst box IoU 0.29,approve
cap_001296,222,0.2932,worst box IoU 0.29,approve
cap_001297,222,0.2932,worst box IoU 0.29,delete
cap_002093,306,0.2933,worst box IoU 0.29,delete
cap_000534,97,0.2934,worst box IoU 0.29,approve
cap_000307,54,0.2950,worst box IoU 0.30,approve
cap_000308,54,0.2950,worst box IoU 0.30,approve
cap_000309,54,0.2950,worst box IoU 0.30,approve
cap_000310,54,0.2950,worst box IoU 0.30,approve
cap_002394,337,0.2951,worst box IoU 0.30,approve
cap_002395,337,0.2951,worst box IoU 0.30,approve
cap_002396,337,0.2951,worst box IoU 0.30,approve
cap_002397,337,0.2951,worst box IoU 0.30,approve
cap_001079,186,0.2952,worst box IoU 0.30,approve
cap_001043,182,0.2952,worst box IoU 0.30,approve
cap_001175,211,0.2953,worst box IoU 0.30,approve
cap_001411,236,0.2953,worst box IoU 0.30,approve
cap_002117,307,0.2954,worst box IoU 0.30,approve
cap_002118,307,0.2954,worst box IoU 0.30,approve
cap_002119,307,0.2954,worst box IoU 0.30,approve
cap_002120,307,0.2954,worst box IoU 0.30,approve
cap_002075,305,0.2955,worst box IoU 0.30,approve
cap_002636,374,0.2956,worst box IoU 0.30,approve
cap_002643,374,0.2956,worst box IoU 0.30,delete
cap_002028,300,0.2956,worst box IoU 0.30,approve
cap_002087,306,0.2957,worst box IoU 0.30,approve
cap_001510,248,0.2959,worst box IoU 0.30,approve
cap_001511,248,0.2959,worst box IoU 0.30,delete
cap_000879,166,0.2962,worst box IoU 0.30,approve
cap_001895,269,0.2962,worst box IoU 0.30,approve
cap_001896,269,0.2962,worst box IoU 0.30,approve
cap_001897,269,0.2962,worst box IoU 0.30,approve
cap_001898,269,0.2962,worst box IoU 0.30,approve
cap_001899,269,0.2962,worst box IoU 0.30,approve
cap_001900,269,0.2962,worst box IoU 0.30,delete
cap_001901,269,0.2962,worst box IoU 0.30,delete
cap_001902,269,0.2962,worst box IoU 0.30,delete
cap_001903,269,0.2962,worst box IoU 0.30,delete
cap_001904,269,0.2962,worst box IoU 0.30,delete
cap_001821,266,0.2964,worst box IoU 0.30,approve
cap_001822,266,0.2964,worst box IoU 0.30,approve
cap_001823,266,0.2964,worst box IoU 0.30,approve
cap_001824,266,0.2964,worst box IoU 0.30,approve
cap_001825,266,0.2964,worst box IoU 0.30,approve
cap_001826,266,0.2964,worst box IoU 0.30,approve
cap_001827,266,0.2964,worst box IoU 0.30,approve
cap_001828,266,0.2964,worst box IoU 0.30,approve
cap_001829,266,0.2964,worst box IoU 0.30,approve
cap_003641,452,0.2965,worst box IoU 0.30,approve
cap_003642,452,0.2965,worst box IoU 0.30,approve
cap_001753,262,0.2965,worst box IoU 0.30,approve
cap_001754,262,0.2965,worst box IoU 0.30,approve
cap_001755,262,0.2965,worst box IoU 0.30,approve
cap_000765,147,0.2971,worst box IoU 0.30,approve
cap_001575,252,0.2974,worst box IoU 0.30,approve
cap_001576,252,0.2974,worst box IoU 0.30,approve
cap_001577,252,0.2974,worst box IoU 0.30,approve
cap_001578,252,0.2974,worst box IoU 0.30,approve
cap_001579,252,0.2974,worst box IoU 0.30,approve
cap_001580,252,0.2974,worst box IoU 0.30,approve
cap_001581,252,0.2974,worst box IoU 0.30,approve
cap_001582,252,0.2974,worst box IoU 0.30,approve
cap_001583,252,0.2974,worst box IoU 0.30,approve
cap_001584,252,0.2974,worst box IoU 0.30,approve
cap_001585,252,0.2974,worst box IoU 0.30,approve
cap_001588,252,0.2974,worst box IoU 0.30,delete
cap_001589,252,0.2974,worst box IoU 0.30,approve
cap_001590,252,0.2974,worst box IoU 0.30,approve
cap_001591,252,0.2974,worst box IoU 0.30,approve
cap_001592,252,0.2974,worst box IoU 0.30,delete
cap_001593,252,0.2974,worst box IoU 0.30,delete
cap_003750,473,0.2976,worst box IoU 0.30,approve
cap_003751,473,0.2976,worst box IoU 0.30,approve
cap_003752,473,0.2976,worst box IoU 0.30,approve
cap_003753,473,0.2976,worst box IoU 0.30,approve
cap_001032,180,0.2976,worst box IoU 0.30,approve
cap_001033,180,0.2976,worst box IoU 0.30,approve
cap_001034,180,0.2976,worst box IoU 0.30,approve
cap_002635,374,0.2976,worst box IoU 0.30,approve
cap_000887,167,0.2977,worst box IoU 0.30,approve
cap_000888,167,0.2977,worst box IoU 0.30,approve
cap_000889,167,0.2977,worst box IoU 0.30,approve
cap_000890,167,0.2977,worst box IoU 0.30,approve
cap_000891,167,0.2977,worst box IoU 0.30,approve
cap_003747,472,0.2978,worst box IoU 0.30,approve
cap_003748,472,0.2978,worst box IoU 0.30,approve
cap_000798,155,0.2980,worst box IoU 0.30,approve
cap_000548,102,0.2981,worst box IoU 0.30,approve
cap_000763,146,0.2986,worst box IoU 0.30,approve
cap_001920,270,0.2992,worst box IoU 0.30,approve
cap_001921,270,0.2992,worst box IoU 0.30,approve
cap_001922,270,0.2992,worst box IoU 0.30,approve
cap_001923,270,0.2992,worst box IoU 0.30,approve
cap_001287,220,0.2997,worst box IoU 0.30,approve
cap_001042,181,0.2998,worst box IoU 0.30,approve
cap_000648,124,0.3001,worst box IoU 0.30,approve
cap_000649,124,0.3001,worst box IoU 0.30,approve
cap_000650,124,0.3001,worst box IoU 0.30,approve
cap_000651,124,0.3001,worst box IoU 0.30,approve
cap_002054,305,0.3002,worst box IoU 0.30,approve
cap_002058,305,0.3002,worst box IoU 0.30,approve
cap_002059,305,0.3002,worst box IoU 0.30,approve
cap_002060,305,0.3002,worst box IoU 0.30,delete
cap_002163,309,0.3003,worst box IoU 0.30,approve
cap_002164,309,0.3003,worst box IoU 0.30,approve
cap_002165,309,0.3003,worst box IoU 0.30,approve
cap_002166,309,0.3003,worst box IoU 0.30,approve
cap_002167,309,0.3003,worst box IoU 0.30,approve
cap_002168,309,0.3003,worst box IoU 0.30,approve
cap_002169,309,0.3003,worst box IoU 0.30,approve
cap_002170,309,0.3003,worst box IoU 0.30,approve
cap_002171,309,0.3003,worst box IoU 0.30,approve
cap_002172,309,0.3003,worst box IoU 0.30,approve
cap_002173,309,0.3003,worst box IoU 0.30,approve
cap_002174,309,0.3003,worst box IoU 0.30,approve
cap_002175,309,0.3003,worst box IoU 0.30,approve
cap_002176,309,0.3003,worst box IoU 0.30,approve
cap_002177,309,0.3003,worst box IoU 0.30,approve
cap_002178,309,0.3003,worst box IoU 0.30,approve
cap_002179,309,0.3003,worst box IoU 0.30,approve
cap_002180,309,0.3003,worst box IoU 0.30,approve
cap_002181,309,0.3003,worst box IoU 0.30,approve
cap_002182,309,0.3003,worst box IoU 0.30,approve
cap_002183,309,0.3003,worst box IoU 0.30,approve
cap_002184,309,0.3003,worst box IoU 0.30,approve
cap_002185,309,0.3003,worst box IoU 0.30,approve
cap_002186,309,0.3003,worst box IoU 0.30,approve
cap_002187,309,0.3003,worst box IoU 0.30,approve
cap_002188,309,0.3003,worst box IoU 0.30,approve
cap_002189,309,0.3003,worst box IoU 0.30,approve
cap_002190,309,0.3003,worst box IoU 0.30,approve
cap_001776,263,0.3004,worst box IoU 0.30,approve
cap_001777,263,0.3004,worst box IoU 0.30,approve
cap_001778,263,0.3004,worst box IoU 0.30,approve
cap_001779,263,0.3004,worst box IoU 0.30,approve
cap_001780,263,0.3004,worst box IoU 0.30,approve
cap_001781,263,0.3004,worst box IoU 0.30,approve
cap_001782,263,0.3004,worst box IoU 0.30,approve
cap_001783,263,0.3004,worst box IoU 0.30,approve
cap_001784,263,0.3004,worst box IoU 0.30,approve
cap_001785,263,0.3004,worst box IoU 0.30,approve
cap_001786,263,0.3004,worst box IoU 0.30,approve
cap_001787,263,0.3004,worst box IoU 0.30,approve
cap_001788,263,0.3004,worst box IoU 0.30,approve
cap_001789,263,0.3004,worst box IoU 0.30,approve
cap_001790,263,0.3004,worst box IoU 0.30,approve
cap_001791,263,0.3004,worst box IoU 0.30,approve
cap_001792,263,0.3004,worst box IoU 0.30,approve
cap_001793,263,0.3004,worst box IoU 0.30,approve
cap_001794,263,0.3004,worst box IoU 0.30,approve
cap_001795,263,0.3004,worst box IoU 0.30,approve
cap_001796,263,0.3004,worst box IoU 0.30,approve
cap_000277,52,0.3005,worst box IoU 0.30,approve
cap_000278,52,0.3005,worst box IoU 0.30,approve
cap_001992,281,0.3006,worst box IoU 0.30,approve
cap_002154,308,0.3008,worst box IoU 0.30,approve
cap_002069,305,0.3010,worst box IoU 0.30,delete
cap_001176,211,0.3010,worst box IoU 0.30,approve
cap_001177,211,0.3010,worst box IoU 0.30,delete
cap_001178,211,0.3010,worst box IoU 0.30,delete
cap_001179,211,0.3010,worst box IoU 0.30,delete
cap_001180,211,0.3010,worst box IoU 0.30,delete
cap_001181,211,0.3010,worst box IoU 0.30,delete
cap_001182,211,0.3010,worst box IoU 0.30,delete
cap_001183,211,0.3010,worst box IoU 0.30,delete
cap_001184,211,0.3010,worst box IoU 0.30,delete
cap_001185,211,0.3010,worst box IoU 0.30,delete
cap_001186,211,0.3010,worst box IoU 0.30,delete
cap_001187,211,0.3010,worst box IoU 0.30,approve
cap_001834,266,0.3011,worst box IoU 0.30,approve
cap_001835,266,0.3011,worst box IoU 0.30,approve
cap_000742,136,0.3011,worst box IoU 0.30,approve
cap_000743,136,0.3011,worst box IoU 0.30,approve
cap_001817,265,0.3013,worst box IoU 0.30,approve
cap_001818,265,0.3013,worst box IoU 0.30,approve
cap_001819,265,0.3013,worst box IoU 0.30,approve
cap_002690,378,0.3014,worst box IoU 0.30,approve
cap_002689,378,0.3014,worst box IoU 0.30,approve
cap_002683,378,0.3014,worst box IoU 0.30,approve
cap_002686,378,0.3014,worst box IoU 0.30,approve
cap_002687,378,0.3014,worst box IoU 0.30,approve
cap_001730,260,0.3017,worst box IoU 0.30,approve
cap_001731,260,0.3017,worst box IoU 0.30,approve
cap_002008,287,0.3019,worst box IoU 0.30,approve
cap_000083,19,0.3019,worst box IoU 0.30,approve
cap_000084,19,0.3019,worst box IoU 0.30,approve
cap_000877,166,0.3020,worst box IoU 0.30,approve
cap_000878,166,0.3020,worst box IoU 0.30,approve
cap_000262,50,0.3022,worst box IoU 0.30,approve
cap_000263,50,0.3022,worst box IoU 0.30,approve
cap_000264,50,0.3022,worst box IoU 0.30,approve
cap_000266,50,0.3022,worst box IoU 0.30,approve
cap_000267,50,0.3022,worst box IoU 0.30,delete
cap_000268,50,0.3022,worst box IoU 0.30,delete
cap_001153,209,0.3022,worst box IoU 0.30,approve
cap_001154,209,0.3022,worst box IoU 0.30,approve
cap_001155,209,0.3022,worst box IoU 0.30,approve
cap_000398,75,0.3023,worst box IoU 0.30,approve
cap_001251,215,0.3024,worst box IoU 0.30,approve
cap_001547,250,0.3029,worst box IoU 0.30,approve
cap_001548,250,0.3029,worst box IoU 0.30,approve
cap_002092,306,0.3030,worst box IoU 0.30,approve
cap_000355,66,0.3031,worst box IoU 0.30,approve
cap_000356,66,0.3031,worst box IoU 0.30,approve
cap_000357,66,0.3031,worst box IoU 0.30,approve
cap_000359,66,0.3031,worst box IoU 0.30,approve
cap_001382,235,0.3032,worst box IoU 0.30,approve
cap_001383,235,0.3032,worst box IoU 0.30,approve
cap_001384,235,0.3032,worst box IoU 0.30,approve
cap_001385,235,0.3032,worst box IoU 0.30,approve
cap_001386,235,0.3032,worst box IoU 0.30,approve
cap_001387,235,0.3032,worst box IoU 0.30,approve
cap_000885,167,0.3034,worst box IoU 0.30,approve
cap_001870,268,0.3034,worst box IoU 0.30,approve
cap_001871,268,0.3034,worst box IoU 0.30,approve
cap_001872,268,0.3034,worst box IoU 0.30,approve
cap_001873,268,0.3034,worst box IoU 0.30,approve
cap_001874,268,0.3034,worst box IoU 0.30,approve
cap_001875,268,0.3034,worst box IoU 0.30,approve
cap_001876,268,0.3034,worst box IoU 0.30,approve
cap_001877,268,0.3034,worst box IoU 0.30,approve
cap_001878,268,0.3034,worst box IoU 0.30,approve
cap_001879,268,0.3034,worst box IoU 0.30,approve
cap_001880,268,0.3034,worst box IoU 0.30,approve
cap_001881,268,0.3034,worst box IoU 0.30,approve
cap_001882,268,0.3034,worst box IoU 0.30,approve
cap_001883,268,0.3034,worst box IoU 0.30,approve
cap_001884,268,0.3034,worst box IoU 0.30,approve
cap_001885,268,0.3034,worst box IoU 0.30,approve
cap_001886,268,0.3034,worst box IoU 0.30,approve
cap_001887,268,0.3034,worst box IoU 0.30,approve
cap_001888,268,0.3034,worst box IoU 0.30,approve
cap_001889,268,0.3034,worst box IoU 0.30,approve
cap_001890,268,0.3034,worst box IoU 0.30,approve
cap_001891,268,0.3034,worst box IoU 0.30,approve
cap_001972,277,0.3036,worst box IoU 0.30,approve
cap_001973,277,0.3036,worst box IoU 0.30,approve
cap_001974,277,0.3036,worst box IoU 0.30,approve
cap_001975,277,0.3036,worst box IoU 0.30,approve
cap_001976,277,0.3036,worst box IoU 0.30,approve
cap_001977,277,0.3036,worst box IoU 0.30,approve
cap_001978,277,0.3036,worst box IoU 0.30,approve
cap_002330,315,0.3039,worst box IoU 0.30,approve
cap_002333,315,0.3039,worst box IoU 0.30,approve
cap_002334,315,0.3039,worst box IoU 0.30,approve
cap_002335,315,0.3039,worst box IoU 0.30,approve
cap_002336,315,0.3039,worst box IoU 0.30,approve
cap_002337,315,0.3039,worst box IoU 0.30,approve
cap_002338,315,0.3039,worst box IoU 0.30,approve
cap_002339,315,0.3039,worst box IoU 0.30,approve
cap_002340,315,0.3039,worst box IoU 0.30,approve
cap_001571,252,0.3045,worst box IoU 0.30,approve
cap_001572,252,0.3045,worst box IoU 0.30,approve
cap_001573,252,0.3045,worst box IoU 0.30,approve
cap_001574,252,0.3045,worst box IoU 0.30,approve
cap_003762,476,0.3047,worst box IoU 0.30,approve
cap_003763,476,0.3047,worst box IoU 0.30,approve
cap_001407,236,0.3049,worst box IoU 0.30,approve
cap_001408,236,0.3049,worst box IoU 0.30,approve
cap_001409,236,0.3049,worst box IoU 0.30,approve
cap_002131,307,0.3049,worst box IoU 0.30,approve
cap_002132,307,0.3049,worst box IoU 0.30,approve
cap_002360,327,0.3051,worst box IoU 0.31,approve
cap_002361,327,0.3051,worst box IoU 0.31,delete
cap_000080,18,0.3052,worst box IoU 0.31,approve
cap_000926,172,0.3052,worst box IoU 0.31,approve
cap_000927,172,0.3052,worst box IoU 0.31,approve
cap_002238,312,0.3054,worst box IoU 0.31,approve
cap_002239,312,0.3054,worst box IoU 0.31,approve
cap_002240,312,0.3054,worst box IoU 0.31,approve
cap_002241,312,0.3054,worst box IoU 0.31,approve
cap_002242,312,0.3054,worst box IoU 0.31,approve
cap_002243,312,0.3054,worst box IoU 0.31,approve
cap_001509,248,0.3057,worst box IoU 0.31,approve
cap_002435,349,0.3059,worst box IoU 0.31,approve
cap_002436,349,0.3059,worst box IoU 0.31,approve
cap_002437,349,0.3059,worst box IoU 0.31,approve
cap_002438,349,0.3059,worst box IoU 0.31,approve
cap_002374,332,0.3059,worst box IoU 0.31,approve
cap_000608,115,0.3059,worst box IoU 0.31,approve
cap_000609,115,0.3059,worst box IoU 0.31,approve
cap_000610,115,0.3059,worst box IoU 0.31,approve
cap_000611,115,0.3059,worst box IoU 0.31,approve
cap_000612,115,0.3059,worst box IoU 0.31,approve
cap_000613,115,0.3059,worst box IoU 0.31,approve
cap_002006,286,0.3059,worst box IoU 0.31,approve
cap_001189,211,0.3059,worst box IoU 0.31,delete
cap_002392,336,0.3062,worst box IoU 0.31,approve
cap_002317,314,0.3065,worst box IoU 0.31,delete
cap_002318,314,0.3065,worst box IoU 0.31,delete
cap_003418,441,0.3066,worst box IoU 0.31,approve
cap_003419,441,0.3066,worst box IoU 0.31,approve
cap_003420,441,0.3066,worst box IoU 0.31,approve
cap_002121,307,0.3068,worst box IoU 0.31,approve
cap_002123,307,0.3068,worst box IoU 0.31,approve
cap_002124,307,0.3068,worst box IoU 0.31,approve
cap_002126,307,0.3068,worst box IoU 0.31,approve
cap_002127,307,0.3068,worst box IoU 0.31,approve
cap_002128,307,0.3068,worst box IoU 0.31,approve
cap_002129,307,0.3068,worst box IoU 0.31,approve
cap_002130,307,0.3068,worst box IoU 0.31,approve
cap_001516,249,0.3068,worst box IoU 0.31,approve
cap_001517,249,0.3068,worst box IoU 0.31,approve
cap_001518,249,0.3068,worst box IoU 0.31,approve
cap_001758,262,0.3068,worst box IoU 0.31,approve
cap_001759,262,0.3068,worst box IoU 0.31,approve
cap_001760,262,0.3068,worst box IoU 0.31,approve
cap_001761,262,0.3068,worst box IoU 0.31,approve
cap_001762,262,0.3068,worst box IoU 0.31,approve
cap_001763,262,0.3068,worst box IoU 0.31,approve
cap_001764,262,0.3068,worst box IoU 0.31,approve
cap_001765,262,0.3068,worst box IoU 0.31,approve
cap_001766,262,0.3068,worst box IoU 0.31,approve
cap_003755,474,0.3068,worst box IoU 0.31,approve
cap_003756,474,0.3068,worst box IoU 0.31,approve
cap_003757,474,0.3068,worst box IoU 0.31,approve
cap_001996,283,0.3068,worst box IoU 0.31,approve
cap_001997,283,0.3068,worst box IoU 0.31,approve
cap_000522,95,0.3070,worst box IoU 0.31,approve
cap_000523,95,0.3070,worst box IoU 0.31,approve
cap_000524,95,0.3070,worst box IoU 0.31,approve
cap_000525,95,0.3070,worst box IoU 0.31,approve
cap_000526,95,0.3070,worst box IoU 0.31,approve
cap_000527,95,0.3070,worst box IoU 0.31,delete
cap_003706,464,0.3070,worst box IoU 0.31,approve
cap_001594,252,0.3070,worst box IoU 0.31,delete
cap_001595,252,0.3070,worst box IoU 0.31,delete
cap_001596,252,0.3070,worst box IoU 0.31,delete
cap_001597,252,0.3070,worst box IoU 0.31,delete
cap_001598,252,0.3070,worst box IoU 0.31,delete
cap_001599,252,0.3070,worst box IoU 0.31,delete
cap_000481,93,0.3071,worst box IoU 0.31,approve
cap_001706,259,0.3073,worst box IoU 0.31,approve
cap_001561,251,0.3074,worst box IoU 0.31,approve
cap_001562,251,0.3074,worst box IoU 0.31,approve
cap_001563,251,0.3074,worst box IoU 0.31,approve
cap_001564,251,0.3074,worst box IoU 0.31,approve
cap_001565,251,0.3074,worst box IoU 0.31,approve
cap_001566,251,0.3074,worst box IoU 0.31,approve
cap_001567,251,0.3074,worst box IoU 0.31,approve
cap_001568,251,0.3074,worst box IoU 0.31,approve
cap_001569,251,0.3074,worst box IoU 0.31,approve
cap_002002,285,0.3074,worst box IoU 0.31,approve
cap_002003,285,0.3074,worst box IoU 0.31,approve
cap_002004,285,0.3074,worst box IoU 0.31,delete
cap_002264,313,0.3075,worst box IoU 0.31,approve
cap_002265,313,0.3075,worst box IoU 0.31,approve
cap_002266,313,0.3075,worst box IoU 0.31,approve
cap_002267,313,0.3075,worst box IoU 0.31,approve
cap_002268,313,0.3075,worst box IoU 0.31,approve
cap_002269,313,0.3075,worst box IoU 0.31,approve
cap_002270,313,0.3075,worst box IoU 0.31,approve
cap_002271,313,0.3075,worst box IoU 0.31,approve
cap_002272,313,0.3075,worst box IoU 0.31,approve
cap_002273,313,0.3075,worst box IoU 0.31,approve
cap_002274,313,0.3075,worst box IoU 0.31,approve
cap_002159,308,0.3077,worst box IoU 0.31,approve
cap_002160,308,0.3077,worst box IoU 0.31,approve
cap_002161,308,0.3077,worst box IoU 0.31,approve
cap_002429,347,0.3077,worst box IoU 0.31,approve
cap_002430,347,0.3077,worst box IoU 0.31,approve
cap_000693,131,0.3080,worst box IoU 0.31,approve
cap_000694,131,0.3080,worst box IoU 0.31,approve
cap_000022,0,0.3080,worst box IoU 0.31,approve
cap_000023,0,0.3080,worst box IoU 0.31,approve
cap_000024,0,0.3080,worst box IoU 0.31,approve
cap_000004,0,0.3080,worst box IoU 0.31,approve
cap_000005,0,0.3080,worst box IoU 0.31,approve
cap_000006,0,0.3080,worst box IoU 0.31,approve
cap_000020,0,0.3080,worst box IoU 0.31,approve
cap_000025,0,0.3080,worst box IoU 0.31,approve
cap_000026,0,0.3080,worst box IoU 0.31,approve
cap_000028,0,0.3080,worst box IoU 0.31,approve
cap_002376,333,0.3082,worst box IoU 0.31,approve
cap_002377,333,0.3082,worst box IoU 0.31,approve
cap_001707,259,0.3083,worst box IoU 0.31,approve
cap_000760,144,0.3083,worst box IoU 0.31,approve
cap_002139,308,0.3084,worst box IoU 0.31,approve
cap_001993,282,0.3086,worst box IoU 0.31,approve
cap_000640,122,0.3086,worst box IoU 0.31,approve
cap_000641,122,0.3086,worst box IoU 0.31,approve
cap_000642,122,0.3086,worst box IoU 0.31,approve
cap_000643,122,0.3086,worst box IoU 0.31,approve
cap_001980,278,0.3087,worst box IoU 0.31,approve
cap_001981,278,0.3087,worst box IoU 0.31,approve
cap_001982,278,0.3087,worst box IoU 0.31,approve
cap_001983,278,0.3087,worst box IoU 0.31,approve
cap_000980,173,0.3087,worst box IoU 0.31,delete
cap_000981,173,0.3087,worst box IoU 0.31,delete
cap_000976,173,0.3087,worst box IoU 0.31,delete
cap_000979,173,0.3087,worst box IoU 0.31,delete
cap_000925,172,0.3088,worst box IoU 0.31,approve
cap_000234,48,0.3089,worst box IoU 0.31,approve
cap_000501,94,0.3089,worst box IoU 0.31,approve
cap_000502,94,0.3089,worst box IoU 0.31,approve
cap_000503,94,0.3089,worst box IoU 0.31,approve
cap_000504,94,0.3089,worst box IoU 0.31,approve
cap_000505,94,0.3089,worst box IoU 0.31,approve
cap_000506,94,0.3089,worst box IoU 0.31,approve
cap_000507,94,0.3089,worst box IoU 0.31,approve
cap_000508,94,0.3089,worst box IoU 0.31,approve
cap_000514,94,0.3089,worst box IoU 0.31,approve
cap_000515,94,0.3089,worst box IoU 0.31,approve
cap_000516,94,0.3089,worst box IoU 0.31,approve
cap_000517,94,0.3089,worst box IoU 0.31,approve
cap_000519,94,0.3089,worst box IoU 0.31,approve
cap_002866,385,0.3090,worst box IoU 0.31,approve
cap_002867,385,0.3090,worst box IoU 0.31,approve
cap_000744,136,0.3090,worst box IoU 0.31,approve
cap_002088,306,0.3093,worst box IoU 0.31,approve
cap_002089,306,0.3093,worst box IoU 0.31,approve
cap_002090,306,0.3093,worst box IoU 0.31,approve
cap_002091,306,0.3093,worst box IoU 0.31,approve
cap_003531,446,0.3097,worst box IoU 0.31,approve
cap_001924,270,0.3098,worst box IoU 0.31,approve
cap_001925,270,0.3098,worst box IoU 0.31,approve
cap_001926,270,0.3098,worst box IoU 0.31,approve
cap_001927,270,0.3098,worst box IoU 0.31,approve
cap_001928,270,0.3098,worst box IoU 0.31,approve
cap_001935,270,0.3098,worst box IoU 0.31,approve
cap_001936,270,0.3098,worst box IoU 0.31,approve
cap_001937,270,0.3098,worst box IoU 0.31,approve
cap_001938,270,0.3098,worst box IoU 0.31,approve
cap_001939,270,0.3098,worst box IoU 0.31,approve
cap_001940,270,0.3098,worst box IoU 0.31,approve
cap_002108,306,0.3101,worst box IoU 0.31,approve
cap_002674,377,0.3102,worst box IoU 0.31,approve
cap_002675,377,0.3102,worst box IoU 0.31,approve
cap_002676,377,0.3102,worst box IoU 0.31,approve
cap_002677,377,0.3102,worst box IoU 0.31,approve
cap_002678,377,0.3102,worst box IoU 0.31,approve
cap_002679,377,0.3102,worst box IoU 0.31,approve
cap_001013,176,0.3102,worst box IoU 0.31,approve
cap_001014,176,0.3102,worst box IoU 0.31,approve
cap_001015,176,0.3102,worst box IoU 0.31,approve
cap_001016,176,0.3102,worst box IoU 0.31,approve
cap_001768,263,0.3103,worst box IoU 0.31,approve
cap_001769,263,0.3103,worst box IoU 0.31,approve
cap_001770,263,0.3103,worst box IoU 0.31,approve
cap_001771,263,0.3103,worst box IoU 0.31,approve
cap_001772,263,0.3103,worst box IoU 0.31,approve
cap_001773,263,0.3103,worst box IoU 0.31,approve
cap_001774,263,0.3103,worst box IoU 0.31,approve
cap_003424,441,0.3103,worst box IoU 0.31,delete
cap_003425,441,0.3103,worst box IoU 0.31,delete
cap_003426,441,0.3103,worst box IoU 0.31,delete
cap_001250,215,0.3107,worst box IoU 0.31,approve
cap_003440,442,0.3109,worst box IoU 0.31,approve
cap_003443,442,0.3109,worst box IoU 0.31,approve
cap_003444,442,0.3109,worst box IoU 0.31,approve
cap_001343,234,0.3109,worst box IoU 0.31,approve
cap_001344,234,0.3109,worst box IoU 0.31,approve
cap_001345,234,0.3109,worst box IoU 0.31,approve
cap_001346,234,0.3109,worst box IoU 0.31,approve
cap_001347,234,0.3109,worst box IoU 0.31,approve
cap_001348,234,0.3109,worst box IoU 0.31,approve
cap_001354,234,0.3109,worst box IoU 0.31,approve
cap_001355,234,0.3109,worst box IoU 0.31,approve
cap_001363,234,0.3109,worst box IoU 0.31,delete
cap_001364,234,0.3109,worst box IoU 0.31,delete
cap_001356,234,0.3109,worst box IoU 0.31,delete
cap_001371,234,0.3109,worst box IoU 0.31,delete
cap_001362,234,0.3109,worst box IoU 0.31,approve
cap_001365,234,0.3109,worst box IoU 0.31,delete
cap_001366,234,0.3109,worst box IoU 0.31,delete
cap_001367,234,0.3109,worst box IoU 0.31,delete
cap_001368,234,0.3109,worst box IoU 0.31,delete
cap_001369,234,0.3109,worst box IoU 0.31,delete
cap_001370,234,0.3109,worst box IoU 0.31,delete
cap_001358,234,0.3109,worst box IoU 0.31,delete
cap_003666,454,0.3110,worst box IoU 0.31,delete
cap_002716,379,0.3111,worst box IoU 0.31,approve
cap_002717,379,0.3111,worst box IoU 0.31,approve
cap_001537,250,0.3112,worst box IoU 0.31,approve
cap_001538,250,0.3112,worst box IoU 0.31,approve
cap_001539,250,0.3112,worst box IoU 0.31,approve
cap_001540,250,0.3112,worst box IoU 0.31,approve
cap_001541,250,0.3112,worst box IoU 0.31,approve
cap_001542,250,0.3112,worst box IoU 0.31,approve
cap_001543,250,0.3112,worst box IoU 0.31,approve
cap_001544,250,0.3112,worst box IoU 0.31,approve
cap_001545,250,0.3112,worst box IoU 0.31,approve
cap_001546,250,0.3112,worst box IoU 0.31,approve
cap_000982,173,0.3112,worst box IoU 0.31,delete
cap_003743,470,0.3115,worst box IoU 0.31,approve
cap_000390,74,0.3116,worst box IoU 0.31,approve
cap_001893,269,0.3117,worst box IoU 0.31,approve
cap_001894,269,0.3117,worst box IoU 0.31,approve
cap_000661,125,0.3118,worst box IoU 0.31,delete
cap_000662,125,0.3118,worst box IoU 0.31,delete
cap_000663,125,0.3118,worst box IoU 0.31,delete
cap_001830,266,0.3118,worst box IoU 0.31,approve
cap_001831,266,0.3118,worst box IoU 0.31,approve
cap_001832,266,0.3118,worst box IoU 0.31,approve
cap_003759,475,0.3118,worst box IoU 0.31,approve
cap_003760,475,0.3118,worst box IoU 0.31,approve
cap_003768,477,0.3119,worst box IoU 0.31,approve
cap_000634,120,0.3124,worst box IoU 0.31,approve
cap_001728,260,0.3125,worst box IoU 0.31,approve
cap_001732,260,0.3125,worst box IoU 0.31,approve
cap_001733,260,0.3125,worst box IoU 0.31,approve
cap_001734,260,0.3125,worst box IoU 0.31,approve
cap_001735,260,0.3125,worst box IoU 0.31,approve
cap_001736,260,0.3125,worst box IoU 0.31,approve
cap_001737,260,0.3125,worst box IoU 0.31,approve
cap_001738,260,0.3125,worst box IoU 0.31,approve
cap_001739,260,0.3125,worst box IoU 0.31,approve
cap_001740,260,0.3125,worst box IoU 0.31,approve
cap_001741,260,0.3125,worst box IoU 0.31,approve
cap_001742,260,0.3125,worst box IoU 0.31,approve
cap_001743,260,0.3125,worst box IoU 0.31,approve
cap_001744,260,0.3125,worst box IoU 0.31,approve
cap_001745,260,0.3125,worst box IoU 0.31,approve
cap_002010,288,0.3126,worst box IoU 0.31,approve
cap_002659,376,0.3126,worst box IoU 0.31,approve
cap_002660,376,0.3126,worst box IoU 0.31,approve
cap_002661,376,0.3126,worst box IoU 0.31,approve
cap_003643,452,0.3130,worst box IoU 0.31,approve
cap_003644,452,0.3130,worst box IoU 0.31,approve
cap_003645,452,0.3130,worst box IoU 0.31,approve
cap_003646,452,0.3130,worst box IoU 0.31,approve
cap_003647,452,0.3130,worst box IoU 0.31,approve
cap_003648,452,0.3130,worst box IoU 0.31,approve
cap_003649,452,0.3130,worst box IoU 0.31,approve
cap_003650,452,0.3130,worst box IoU 0.31,approve
cap_003651,452,0.3130,worst box IoU 0.31,approve
cap_002040,304,0.3131,worst box IoU 0.31,approve
cap_002041,304,0.3131,worst box IoU 0.31,approve
cap_002042,304,0.3131,worst box IoU 0.31,approve
cap_002043,304,0.3131,worst box IoU 0.31,approve
cap_002049,304,0.3131,worst box IoU 0.31,approve
cap_002050,304,0.3131,worst box IoU 0.31,approve
cap_002051,304,0.3131,worst box IoU 0.31,approve
cap_002052,304,0.3131,worst box IoU 0.31,approve
cap_001232,214,0.3132,worst box IoU 0.31,approve
cap_000772,150,0.3133,worst box IoU 0.31,approve
cap_000784,153,0.3134,worst box IoU 0.31,approve
cap_000785,153,0.3134,worst box IoU 0.31,approve
cap_000786,153,0.3134,worst box IoU 0.31,approve
cap_000787,153,0.3134,worst box IoU 0.31,approve
cap_001350,234,0.3135,worst box IoU 0.31,approve
cap_002055,305,0.3136,worst box IoU 0.31,approve
cap_002056,305,0.3136,worst box IoU 0.31,approve
cap_002057,305,0.3136,worst box IoU 0.31,approve
cap_000778,152,0.3136,worst box IoU 0.31,approve
cap_000779,152,0.3136,worst box IoU 0.31,approve
cap_001503,248,0.3139,worst box IoU 0.31,approve
cap_001504,248,0.3139,worst box IoU 0.31,approve
cap_001505,248,0.3139,worst box IoU 0.31,approve
cap_001506,248,0.3139,worst box IoU 0.31,approve
cap_002573,369,0.3139,worst box IoU 0.31,approve
cap_002574,369,0.3139,worst box IoU 0.31,approve
cap_001702,258,0.3145,worst box IoU 0.31,approve
cap_001703,258,0.3145,worst box IoU 0.31,approve
cap_001704,258,0.3145,worst box IoU 0.31,approve
cap_000392,74,0.3146,worst box IoU 0.31,approve
cap_000393,74,0.3146,worst box IoU 0.31,approve
cap_000076,17,0.3147,worst box IoU 0.31,approve
cap_000077,17,0.3147,worst box IoU 0.31,approve
cap_002030,301,0.3152,worst box IoU 0.32,approve
cap_002155,308,0.3152,worst box IoU 0.32,approve
cap_002156,308,0.3152,worst box IoU 0.32,approve
cap_002157,308,0.3152,worst box IoU 0.32,approve
cap_002158,308,0.3152,worst box IoU 0.32,approve
cap_003681,457,0.3154,worst box IoU 0.32,approve
cap_003682,457,0.3154,worst box IoU 0.32,approve
cap_003683,457,0.3154,worst box IoU 0.32,approve
cap_003450,443,0.3157,worst box IoU 0.32,approve
cap_001379,235,0.3159,worst box IoU 0.32,approve
cap_001380,235,0.3159,worst box IoU 0.32,approve
cap_001381,235,0.3159,worst box IoU 0.32,approve
cap_000320,57,0.3159,worst box IoU 0.32,approve
cap_000327,60,0.3162,worst box IoU 0.32,approve
cap_000369,68,0.3165,worst box IoU 0.32,approve
cap_001968,276,0.3167,worst box IoU 0.32,approve
cap_001969,276,0.3167,worst box IoU 0.32,approve
cap_001970,276,0.3167,worst box IoU 0.32,approve
cap_000247,49,0.3175,worst box IoU 0.32,approve
cap_000248,49,0.3175,worst box IoU 0.32,approve
cap_000249,49,0.3175,worst box IoU 0.32,approve
cap_000250,49,0.3175,worst box IoU 0.32,delete
cap_000251,49,0.3175,worst box IoU 0.32,delete
cap_000252,49,0.3175,worst box IoU 0.32,delete
cap_000253,49,0.3175,worst box IoU 0.32,delete
cap_000254,49,0.3175,worst box IoU 0.32,delete
cap_002012,289,0.3175,worst box IoU 0.32,approve
cap_002084,306,0.3177,worst box IoU 0.32,approve
cap_002085,306,0.3177,worst box IoU 0.32,approve
cap_002086,306,0.3177,worst box IoU 0.32,approve
cap_002403,338,0.3178,worst box IoU 0.32,approve
cap_002404,338,0.3178,worst box IoU 0.32,approve
cap_002405,338,0.3178,worst box IoU 0.32,approve
cap_002406,338,0.3178,worst box IoU 0.32,approve
cap_002407,338,0.3178,worst box IoU 0.32,approve
cap_002408,338,0.3178,worst box IoU 0.32,approve
cap_002409,338,0.3178,worst box IoU 0.32,approve
cap_002590,372,0.3178,worst box IoU 0.32,approve
cap_002591,372,0.3178,worst box IoU 0.32,approve
cap_002592,372,0.3178,worst box IoU 0.32,approve
cap_002593,372,0.3178,worst box IoU 0.32,approve
cap_002594,372,0.3178,worst box IoU 0.32,approve
cap_002595,372,0.3178,worst box IoU 0.32,approve
cap_002596,372,0.3178,worst box IoU 0.32,approve
cap_002597,372,0.3178,worst box IoU 0.32,approve
cap_002598,372,0.3178,worst box IoU 0.32,approve
cap_002602,372,0.3178,worst box IoU 0.32,approve
cap_002603,372,0.3178,worst box IoU 0.32,approve
cap_002604,372,0.3178,worst box IoU 0.32,approve
cap_002605,372,0.3178,worst box IoU 0.32,approve
cap_002606,372,0.3178,worst box IoU 0.32,approve
cap_002275,313,0.3178,worst box IoU 0.32,approve
cap_002276,313,0.3178,worst box IoU 0.32,approve
cap_002277,313,0.3178,worst box IoU 0.32,approve
cap_002278,313,0.3178,worst box IoU 0.32,approve
cap_002279,313,0.3178,worst box IoU 0.32,approve
cap_002280,313,0.3178,worst box IoU 0.32,approve
cap_002281,313,0.3178,worst box IoU 0.32,approve
cap_002282,313,0.3178,worst box IoU 0.32,approve
cap_002283,313,0.3178,worst box IoU 0.32,approve
cap_002284,313,0.3178,worst box IoU 0.32,approve
cap_002285,313,0.3178,worst box IoU 0.32,approve
cap_002286,313,0.3178,worst box IoU 0.32,approve
cap_002287,313,0.3178,worst box IoU 0.32,approve
cap_002288,313,0.3178,worst box IoU 0.32,approve
cap_002289,313,0.3178,worst box IoU 0.32,approve
cap_002290,313,0.3178,worst box IoU 0.32,approve
cap_002291,313,0.3178,worst box IoU 0.32,approve
cap_002292,313,0.3178,worst box IoU 0.32,approve
cap_002137,308,0.3183,worst box IoU 0.32,approve
cap_002138,308,0.3183,worst box IoU 0.32,approve
cap_000325,59,0.3183,worst box IoU 0.32,approve
cap_001550,251,0.3184,worst box IoU 0.32,approve
cap_001551,251,0.3184,worst box IoU 0.32,approve
cap_001552,251,0.3184,worst box IoU 0.32,approve
cap_001553,251,0.3184,worst box IoU 0.32,approve
cap_001554,251,0.3184,worst box IoU 0.32,approve
cap_001555,251,0.3184,worst box IoU 0.32,approve
cap_001556,251,0.3184,worst box IoU 0.32,approve
cap_001557,251,0.3184,worst box IoU 0.32,approve
cap_001558,251,0.3184,worst box IoU 0.32,approve
cap_001559,251,0.3184,worst box IoU 0.32,approve
cap_001330,231,0.3184,worst box IoU 0.32,approve
cap_000960,173,0.3185,worst box IoU 0.32,approve
cap_000965,173,0.3185,worst box IoU 0.32,approve
cap_000966,173,0.3185,worst box IoU 0.32,approve
cap_000967,173,0.3185,worst box IoU 0.32,delete
cap_000971,173,0.3185,worst box IoU 0.32,delete
cap_000972,173,0.3185,worst box IoU 0.32,delete
cap_000973,173,0.3185,worst box IoU 0.32,delete
cap_000974,173,0.3185,worst box IoU 0.32,delete
cap_000975,173,0.3185,worst box IoU 0.32,delete
cap_001711,259,0.3186,worst box IoU 0.32,approve
cap_001712,259,0.3186,worst box IoU 0.32,approve
cap_001713,259,0.3186,worst box IoU 0.32,approve
cap_002448,352,0.3188,worst box IoU 0.32,approve
cap_002566,368,0.3190,worst box IoU 0.32,approve
cap_002567,368,0.3190,worst box IoU 0.32,approve
cap_002568,368,0.3190,worst box IoU 0.32,approve
cap_000017,0,0.3192,worst box IoU 0.32,approve
cap_000018,0,0.3192,worst box IoU 0.32,approve
cap_000019,0,0.3192,worst box IoU 0.32,approve
cap_000011,0,0.3192,worst box IoU 0.32,approve
cap_000012,0,0.3192,worst box IoU 0.32,approve
cap_002081,305,0.3195,worst box IoU 0.32,approve
cap_002082,305,0.3195,worst box IoU 0.32,approve
cap_000380,71,0.3197,worst box IoU 0.32,approve
cap_002331,315,0.3198,worst box IoU 0.32,approve
cap_002711,379,0.3199,worst box IoU 0.32,approve
cap_002708,379,0.3199,worst box IoU 0.32,approve
cap_001507,248,0.3201,worst box IoU 0.32,approve
cap_001508,248,0.3201,worst box IoU 0.32,approve
cap_002644,374,0.3204,worst box IoU 0.32,delete
cap_000317,56,0.3205,worst box IoU 0.32,approve
cap_003770,478,0.3206,worst box IoU 0.32,approve
cap_003771,478,0.3206,worst box IoU 0.32,approve
cap_002315,314,0.3207,worst box IoU 0.32,approve
cap_002316,314,0.3207,worst box IoU 0.32,approve
cap_001519,249,0.3207,worst box IoU 0.32,approve
cap_002094,306,0.3210,worst box IoU 0.32,delete
cap_002095,306,0.3210,worst box IoU 0.32,delete
cap_002096,306,0.3210,worst box IoU 0.32,approve
cap_002097,306,0.3210,worst box IoU 0.32,approve
cap_003437,441,0.3212,worst box IoU 0.32,approve
cap_001157,210,0.3214,worst box IoU 0.32,approve
cap_001158,210,0.3214,worst box IoU 0.32,approve
cap_002114,307,0.3220,worst box IoU 0.32,approve
cap_002115,307,0.3220,worst box IoU 0.32,approve
cap_001560,251,0.3220,worst box IoU 0.32,approve
cap_003611,451,0.3222,worst box IoU 0.32,approve
cap_003612,451,0.3222,worst box IoU 0.32,approve
cap_003613,451,0.3222,worst box IoU 0.32,approve
cap_003614,451,0.3222,worst box IoU 0.32,approve
cap_003615,451,0.3222,worst box IoU 0.32,approve
cap_003739,469,0.3223,worst box IoU 0.32,approve
cap_000983,173,0.3223,worst box IoU 0.32,delete
cap_000683,129,0.3224,worst box IoU 0.32,approve
cap_000684,129,0.3224,worst box IoU 0.32,approve
cap_000685,129,0.3224,worst box IoU 0.32,approve
cap_000686,129,0.3224,worst box IoU 0.32,approve
cap_000687,129,0.3224,worst box IoU 0.32,approve
cap_003704,464,0.3227,worst box IoU 0.32,approve
cap_003705,464,0.3227,worst box IoU 0.32,approve
cap_001458,245,0.3230,worst box IoU 0.32,approve
cap_003463,444,0.3230,worst box IoU 0.32,approve
cap_003764,476,0.3231,worst box IoU 0.32,approve
cap_003765,476,0.3231,worst box IoU 0.32,approve
cap_003766,476,0.3231,worst box IoU 0.32,approve
cap_002370,331,0.3232,worst box IoU 0.32,approve
cap_002371,331,0.3232,worst box IoU 0.32,approve
cap_002372,331,0.3232,worst box IoU 0.32,approve
cap_000617,116,0.3232,worst box IoU 0.32,approve
cap_000618,116,0.3232,worst box IoU 0.32,approve
cap_003604,450,0.3233,worst box IoU 0.32,approve
cap_003605,450,0.3233,worst box IoU 0.32,approve
cap_003606,450,0.3233,worst box IoU 0.32,approve
cap_003607,450,0.3233,worst box IoU 0.32,approve
cap_003608,450,0.3233,worst box IoU 0.32,approve
cap_003609,450,0.3233,worst box IoU 0.32,approve
cap_001188,211,0.3239,worst box IoU 0.32,delete
cap_000774,151,0.3241,worst box IoU 0.32,approve
cap_001528,249,0.3242,worst box IoU 0.32,approve
cap_001717,260,0.3242,worst box IoU 0.32,approve
cap_001718,260,0.3242,worst box IoU 0.32,approve
cap_001719,260,0.3242,worst box IoU 0.32,approve
cap_001720,260,0.3242,worst box IoU 0.32,approve
cap_001721,260,0.3242,worst box IoU 0.32,approve
cap_001722,260,0.3242,worst box IoU 0.32,approve
cap_001723,260,0.3242,worst box IoU 0.32,approve
cap_001724,260,0.3242,worst box IoU 0.32,approve
cap_001725,260,0.3242,worst box IoU 0.32,approve
cap_001726,260,0.3242,worst box IoU 0.32,approve
cap_001727,260,0.3242,worst box IoU 0.32,approve
cap_002570,369,0.3243,worst box IoU 0.32,approve
cap_002571,369,0.3243,worst box IoU 0.32,approve
cap_002572,369,0.3243,worst box IoU 0.32,approve
cap_003745,471,0.3243,worst box IoU 0.32,approve
cap_000271,51,0.3251,worst box IoU 0.33,approve
cap_000272,51,0.3251,worst box IoU 0.33,approve
cap_000273,51,0.3251,worst box IoU 0.33,approve
cap_002398,337,0.3252,worst box IoU 0.33,approve
cap_002399,337,0.3252,worst box IoU 0.33,approve
cap_002400,337,0.3252,worst box IoU 0.33,approve
cap_002401,337,0.3252,worst box IoU 0.33,approve
cap_001535,249,0.3252,worst box IoU 0.33,approve
cap_002116,307,0.3253,worst box IoU 0.33,approve
cap_000993,174,0.3255,worst box IoU 0.33,approve
cap_000994,174,0.3255,worst box IoU 0.33,approve
cap_000995,174,0.3255,worst box IoU 0.33,approve
cap_000996,174,0.3255,worst box IoU 0.33,approve
cap_000997,174,0.3255,worst box IoU 0.33,approve
cap_000998,174,0.3255,worst box IoU 0.33,approve
cap_000311,55,0.3255,worst box IoU 0.33,approve
cap_000313,55,0.3255,worst box IoU 0.33,approve
cap_000314,55,0.3255,worst box IoU 0.33,approve
cap_000315,55,0.3255,worst box IoU 0.33,approve
cap_002098,306,0.3259,worst box IoU 0.33,approve
cap_002099,306,0.3259,worst box IoU 0.33,approve
cap_002100,306,0.3259,worst box IoU 0.33,approve
cap_002101,306,0.3259,worst box IoU 0.33,approve
cap_002102,306,0.3259,worst box IoU 0.33,approve
cap_002103,306,0.3259,worst box IoU 0.33,approve
cap_002104,306,0.3259,worst box IoU 0.33,approve
cap_002105,306,0.3259,worst box IoU 0.33,approve
cap_002106,306,0.3259,worst box IoU 0.33,approve
cap_002107,306,0.3259,worst box IoU 0.33,approve
cap_002109,306,0.3259,worst box IoU 0.33,approve
cap_002110,306,0.3259,worst box IoU 0.33,approve
cap_002111,306,0.3259,worst box IoU 0.33,approve
cap_002112,306,0.3259,worst box IoU 0.33,approve
cap_000636,121,0.3259,worst box IoU 0.33,approve
cap_000637,121,0.3259,worst box IoU 0.33,approve
cap_000638,121,0.3259,worst box IoU 0.33,approve
cap_000691,130,0.3261,worst box IoU 0.33,approve
cap_003670,455,0.3262,worst box IoU 0.33,approve
cap_002379,334,0.3263,worst box IoU 0.33,approve
cap_002380,334,0.3263,worst box IoU 0.33,approve
cap_002381,334,0.3263,worst box IoU 0.33,approve
cap_001376,235,0.3265,worst box IoU 0.33,approve
cap_001377,235,0.3265,worst box IoU 0.33,approve
cap_000597,115,0.3268,worst box IoU 0.33,approve
cap_002564,367,0.3272,worst box IoU 0.33,approve
cap_000652,124,0.3273,worst box IoU 0.33,approve
cap_000261,50,0.3274,worst box IoU 0.33,approve
cap_000265,50,0.3274,worst box IoU 0.33,approve
cap_001963,275,0.3274,worst box IoU 0.33,approve
cap_001965,275,0.3274,worst box IoU 0.33,approve
cap_001966,275,0.3274,worst box IoU 0.33,approve
cap_003690,461,0.3276,worst box IoU 0.33,approve
cap_003692,461,0.3276,worst box IoU 0.33,approve
cap_003693,461,0.3276,worst box IoU 0.33,approve
cap_001905,269,0.3276,worst box IoU 0.33,delete
cap_001906,269,0.3276,worst box IoU 0.33,delete
cap_001907,269,0.3276,worst box IoU 0.33,delete
cap_001908,269,0.3276,worst box IoU 0.33,delete
cap_001909,269,0.3276,worst box IoU 0.33,delete
cap_001910,269,0.3276,worst box IoU 0.33,delete
cap_001911,269,0.3276,worst box IoU 0.33,delete
cap_001912,269,0.3276,worst box IoU 0.33,delete
cap_001913,269,0.3276,worst box IoU 0.33,delete
cap_001914,269,0.3276,worst box IoU 0.33,delete
cap_001915,269,0.3276,worst box IoU 0.33,delete
cap_001916,269,0.3276,worst box IoU 0.33,delete
cap_001917,269,0.3276,worst box IoU 0.33,delete
cap_001918,269,0.3276,worst box IoU 0.33,delete
cap_000284,54,0.3278,worst box IoU 0.33,approve
cap_000285,54,0.3278,worst box IoU 0.33,approve
cap_002580,371,0.3278,worst box IoU 0.33,approve
cap_001234,214,0.3279,worst box IoU 0.33,delete
cap_002134,308,0.3282,worst box IoU 0.33,approve
cap_002135,308,0.3282,worst box IoU 0.33,approve
cap_002136,308,0.3282,worst box IoU 0.33,approve
cap_003509,445,0.3283,worst box IoU 0.33,approve
cap_003510,445,0.3283,worst box IoU 0.33,approve
cap_003511,445,0.3283,worst box IoU 0.33,approve
cap_003512,445,0.3283,worst box IoU 0.33,approve
cap_003513,445,0.3283,worst box IoU 0.33,approve
cap_003514,445,0.3283,worst box IoU 0.33,approve
cap_002753,381,0.3284,worst box IoU 0.33,approve
cap_003439,442,0.3285,worst box IoU 0.33,approve
cap_003441,442,0.3285,worst box IoU 0.33,approve
cap_003442,442,0.3285,worst box IoU 0.33,approve
cap_002035,303,0.3285,worst box IoU 0.33,approve
cap_003672,456,0.3290,worst box IoU 0.33,approve
cap_003673,456,0.3290,worst box IoU 0.33,approve
cap_003674,456,0.3290,worst box IoU 0.33,approve
cap_003675,456,0.3290,worst box IoU 0.33,approve
cap_001280,219,0.3291,worst box IoU 0.33,approve
cap_003539,446,0.3292,worst box IoU 0.33,delete
cap_002235,312,0.3293,worst box IoU 0.33,approve
cap_001142,209,0.3297,worst box IoU 0.33,approve
cap_001143,209,0.3297,worst box IoU 0.33,approve
cap_001144,209,0.3297,worst box IoU 0.33,approve
cap_001145,209,0.3297,worst box IoU 0.33,approve
cap_001146,209,0.3297,worst box IoU 0.33,approve
cap_001147,209,0.3297,worst box IoU 0.33,approve
cap_001148,209,0.3297,worst box IoU 0.33,approve
cap_001149,209,0.3297,worst box IoU 0.33,approve
cap_001150,209,0.3297,worst box IoU 0.33,approve
cap_001151,209,0.3297,worst box IoU 0.33,approve
cap_001152,209,0.3297,worst box IoU 0.33,approve
cap_000546,101,0.3299,worst box IoU 0.33,approve
cap_002559,365,0.3300,worst box IoU 0.33,approve
cap_000279,53,0.3301,worst box IoU 0.33,approve
cap_000281,53,0.3301,worst box IoU 0.33,approve
cap_001036,180,0.3307,worst box IoU 0.33,approve
cap_001037,180,0.3307,worst box IoU 0.33,approve
cap_001038,180,0.3307,worst box IoU 0.33,approve
cap_001039,180,0.3307,worst box IoU 0.33,approve
cap_001040,180,0.3307,worst box IoU 0.33,approve
cap_000628,118,0.3307,worst box IoU 0.33,approve
cap_000629,118,0.3307,worst box IoU 0.33,approve
cap_003421,441,0.3307,worst box IoU 0.33,delete
cap_003422,441,0.3307,worst box IoU 0.33,delete
cap_003423,441,0.3307,worst box IoU 0.33,delete
cap_003430,441,0.3307,worst box IoU 0.33,delete
cap_003431,441,0.3307,worst box IoU 0.33,delete
cap_003432,441,0.3307,worst box IoU 0.33,delete
cap_003433,441,0.3307,worst box IoU 0.33,delete
cap_003434,441,0.3307,worst box IoU 0.33,delete
cap_003435,441,0.3307,worst box IoU 0.33,approve
cap_003436,441,0.3307,worst box IoU 0.33,approve
cap_001525,249,0.3307,worst box IoU 0.33,approve
cap_001526,249,0.3307,worst box IoU 0.33,approve
cap_001527,249,0.3307,worst box IoU 0.33,approve
cap_003617,451,0.3309,worst box IoU 0.33,approve
cap_003618,451,0.3309,worst box IoU 0.33,approve
cap_000009,0,0.3317,worst box IoU 0.33,approve
cap_000010,0,0.3317,worst box IoU 0.33,approve
cap_000001,0,0.3317,worst box IoU 0.33,approve
cap_000002,0,0.3317,worst box IoU 0.33,approve
cap_000003,0,0.3317,worst box IoU 0.33,approve
cap_000014,0,0.3317,worst box IoU 0.33,approve
cap_002032,302,0.3318,worst box IoU 0.33,approve
cap_002033,302,0.3318,worst box IoU 0.33,approve
cap_001425,239,0.3321,worst box IoU 0.33,approve
cap_003573,449,0.3322,worst box IoU 0.33,approve
cap_003574,449,0.3322,worst box IoU 0.33,approve
cap_003575,449,0.3322,worst box IoU 0.33,approve
cap_003677,457,0.3331,worst box IoU 0.33,approve
cap_003678,457,0.3331,worst box IoU 0.33,approve
cap_003679,457,0.3331,worst box IoU 0.33,approve
cap_003680,457,0.3331,worst box IoU 0.33,approve
cap_002383,335,0.3331,worst box IoU 0.33,approve
cap_002384,335,0.3331,worst box IoU 0.33,approve
cap_002385,335,0.3331,worst box IoU 0.33,approve
cap_002386,335,0.3331,worst box IoU 0.33,approve
cap_002387,335,0.3331,worst box IoU 0.33,approve
cap_003601,450,0.3332,worst box IoU 0.33,approve
cap_002546,363,0.3334,worst box IoU 0.33,approve
cap_002547,363,0.3334,worst box IoU 0.33,approve
cap_001331,231,0.3337,worst box IoU 0.33,approve
cap_003546,447,0.3343,worst box IoU 0.33,approve
cap_003547,447,0.3343,worst box IoU 0.33,approve
cap_003548,447,0.3343,worst box IoU 0.33,approve
cap_003549,447,0.3343,worst box IoU 0.33,approve
cap_003550,447,0.3343,worst box IoU 0.33,approve
cap_003551,447,0.3343,worst box IoU 0.33,approve
cap_003557,447,0.3343,worst box IoU 0.33,approve
cap_003558,447,0.3343,worst box IoU 0.33,approve
cap_003559,447,0.3343,worst box IoU 0.33,approve
cap_003560,447,0.3343,worst box IoU 0.33,approve
cap_003561,447,0.3343,worst box IoU 0.33,approve
cap_000396,75,0.3346,worst box IoU 0.33,approve
cap_003707,464,0.3346,worst box IoU 0.33,approve
cap_000417,81,0.3349,worst box IoU 0.33,approve
cap_002755,381,0.3352,worst box IoU 0.34,approve
cap_002756,381,0.3352,worst box IoU 0.34,approve
cap_002068,305,0.3353,worst box IoU 0.34,delete
cap_002077,305,0.3353,worst box IoU 0.34,approve
cap_002078,305,0.3353,worst box IoU 0.34,approve
cap_002332,315,0.3355,worst box IoU 0.34,approve
cap_000394,74,0.3356,worst box IoU 0.34,approve
cap_002080,305,0.3358,worst box IoU 0.34,approve
cap_002658,376,0.3359,worst box IoU 0.34,approve
cap_001469,246,0.3360,worst box IoU 0.34,delete
cap_003446,443,0.3361,worst box IoU 0.34,approve
cap_003447,443,0.3361,worst box IoU 0.34,approve
cap_003448,443,0.3361,worst box IoU 0.34,approve
cap_003449,443,0.3361,worst box IoU 0.34,approve
cap_001313,225,0.3363,worst box IoU 0.34,approve
cap_000977,173,0.3365,worst box IoU 0.34,delete
cap_000978,173,0.3365,worst box IoU 0.34,delete
cap_000509,94,0.3370,worst box IoU 0.34,approve
cap_000510,94,0.3370,worst box IoU 0.34,approve
cap_000511,94,0.3370,worst box IoU 0.34,approve
cap_000512,94,0.3370,worst box IoU 0.34,approve
cap_000513,94,0.3370,worst box IoU 0.34,approve
cap_000518,94,0.3370,worst box IoU 0.34,approve
cap_002578,370,0.3371,worst box IoU 0.34,approve
cap_002389,336,0.3371,worst box IoU 0.34,approve
cap_002390,336,0.3371,worst box IoU 0.34,approve
cap_002391,336,0.3371,worst box IoU 0.34,approve
cap_003731,467,0.3373,worst box IoU 0.34,approve
cap_003732,467,0.3373,worst box IoU 0.34,approve
cap_003734,468,0.3376,worst box IoU 0.34,approve
cap_003735,468,0.3376,worst box IoU 0.34,approve
cap_003532,446,0.3382,worst box IoU 0.34,approve
cap_003533,446,0.3382,worst box IoU 0.34,approve
cap_003534,446,0.3382,worst box IoU 0.34,delete
cap_003535,446,0.3382,worst box IoU 0.34,delete
cap_003536,446,0.3382,worst box IoU 0.34,delete
cap_003537,446,0.3382,worst box IoU 0.34,delete
cap_003538,446,0.3382,worst box IoU 0.34,delete
cap_003540,446,0.3382,worst box IoU 0.34,delete
cap_003541,446,0.3382,worst box IoU 0.34,delete
cap_003542,446,0.3382,worst box IoU 0.34,delete
cap_003543,446,0.3382,worst box IoU 0.34,delete
cap_003544,446,0.3382,worst box IoU 0.34,delete
cap_002076,305,0.3385,worst box IoU 0.34,approve
cap_003685,458,0.3389,worst box IoU 0.34,approve
cap_002599,372,0.3389,worst box IoU 0.34,approve
cap_002600,372,0.3389,worst box IoU 0.34,approve
cap_002610,372,0.3389,worst box IoU 0.34,approve
cap_001929,270,0.3392,worst box IoU 0.34,approve
cap_001930,270,0.3392,worst box IoU 0.34,approve
cap_001931,270,0.3392,worst box IoU 0.34,approve
cap_001932,270,0.3392,worst box IoU 0.34,approve
cap_001933,270,0.3392,worst box IoU 0.34,approve
cap_001934,270,0.3392,worst box IoU 0.34,approve
cap_002140,308,0.3393,worst box IoU 0.34,approve
cap_002141,308,0.3393,worst box IoU 0.34,approve
cap_002142,308,0.3393,worst box IoU 0.34,approve
cap_002143,308,0.3393,worst box IoU 0.34,approve
cap_002144,308,0.3393,worst box IoU 0.34,approve
cap_002145,308,0.3393,worst box IoU 0.34,approve
cap_002146,308,0.3393,worst box IoU 0.34,approve
cap_002147,308,0.3393,worst box IoU 0.34,approve
cap_002148,308,0.3393,worst box IoU 0.34,approve
cap_002149,308,0.3393,worst box IoU 0.34,approve
cap_002150,308,0.3393,worst box IoU 0.34,approve
cap_002151,308,0.3393,worst box IoU 0.34,approve
cap_002152,308,0.3393,worst box IoU 0.34,approve
cap_002153,308,0.3393,worst box IoU 0.34,approve
cap_003568,449,0.3394,worst box IoU 0.34,approve
cap_003569,449,0.3394,worst box IoU 0.34,approve
cap_000654,125,0.3401,worst box IoU 0.34,approve
cap_000655,125,0.3401,worst box IoU 0.34,approve
cap_000656,125,0.3401,worst box IoU 0.34,delete
cap_000657,125,0.3401,worst box IoU 0.34,delete
cap_000658,125,0.3401,worst box IoU 0.34,delete
cap_000659,125,0.3401,worst box IoU 0.34,delete
cap_000660,125,0.3401,worst box IoU 0.34,delete
cap_000664,125,0.3401,worst box IoU 0.34,delete
cap_000665,125,0.3401,worst box IoU 0.34,delete
cap_000666,125,0.3401,worst box IoU 0.34,delete
cap_000667,125,0.3401,worst box IoU 0.34,approve
cap_000668,125,0.3401,worst box IoU 0.34,approve
cap_000669,125,0.3401,worst box IoU 0.34,approve
cap_003725,466,0.3404,worst box IoU 0.34,approve
cap_003563,448,0.3404,worst box IoU 0.34,approve
cap_003564,448,0.3404,worst box IoU 0.34,approve
cap_001081,187,0.3407,worst box IoU 0.34,approve
cap_001360,234,0.3409,worst box IoU 0.34,delete
cap_001361,234,0.3409,worst box IoU 0.34,delete
cap_002667,376,0.3415,worst box IoU 0.34,approve
cap_002668,376,0.3415,worst box IoU 0.34,delete
cap_002669,376,0.3415,worst box IoU 0.34,delete
cap_002670,376,0.3415,worst box IoU 0.34,delete
cap_002671,376,0.3415,worst box IoU 0.34,delete
cap_002672,376,0.3415,worst box IoU 0.34,delete
cap_000385,72,0.3417,worst box IoU 0.34,approve
cap_003616,451,0.3419,worst box IoU 0.34,approve
cap_003619,451,0.3419,worst box IoU 0.34,approve
cap_003620,451,0.3419,worst box IoU 0.34,approve
cap_003621,451,0.3419,worst box IoU 0.34,approve
cap_003622,451,0.3419,worst box IoU 0.34,approve
cap_003623,451,0.3419,worst box IoU 0.34,approve
cap_003624,451,0.3419,worst box IoU 0.34,approve
cap_003625,451,0.3419,worst box IoU 0.34,approve
cap_003626,451,0.3419,worst box IoU 0.34,approve
cap_003627,451,0.3419,worst box IoU 0.34,approve
cap_003628,451,0.3419,worst box IoU 0.34,approve
cap_003629,451,0.3419,worst box IoU 0.34,approve
cap_003630,451,0.3419,worst box IoU 0.34,approve
cap_003631,451,0.3419,worst box IoU 0.34,approve
cap_003632,451,0.3419,worst box IoU 0.34,approve
cap_003633,451,0.3419,worst box IoU 0.34,approve
cap_003634,451,0.3419,worst box IoU 0.34,approve
cap_003635,451,0.3419,worst box IoU 0.34,approve
cap_003636,451,0.3419,worst box IoU 0.34,approve
cap_003637,451,0.3419,worst box IoU 0.34,approve
cap_003638,451,0.3419,worst box IoU 0.34,approve
cap_003639,451,0.3419,worst box IoU 0.34,approve
cap_001351,234,0.3420,worst box IoU 0.34,approve
cap_001352,234,0.3420,worst box IoU 0.34,approve
cap_000532,96,0.3422,worst box IoU 0.34,approve
cap_003580,449,0.3424,worst box IoU 0.34,approve
cap_001332,232,0.3426,worst box IoU 0.34,approve
cap_001334,232,0.3426,worst box IoU 0.34,approve
cap_001335,232,0.3426,worst box IoU 0.34,approve
cap_000016,0,0.3426,worst box IoU 0.34,approve
cap_003552,447,0.3427,worst box IoU 0.34,approve
cap_000616,116,0.3427,worst box IoU 0.34,approve
cap_000619,116,0.3427,worst box IoU 0.34,approve
cap_000620,116,0.3427,worst box IoU 0.34,approve
cap_002540,362,0.3432,worst box IoU 0.34,approve
cap_002541,362,0.3432,worst box IoU 0.34,approve
cap_002542,362,0.3432,worst box IoU 0.34,approve
cap_003602,450,0.3437,worst box IoU 0.34,approve
cap_003603,450,0.3437,worst box IoU 0.34,approve
cap_002560,365,0.3439,worst box IoU 0.34,approve
cap_003553,447,0.3439,worst box IoU 0.34,approve
cap_003554,447,0.3439,worst box IoU 0.34,approve
cap_003555,447,0.3439,worst box IoU 0.34,approve
cap_003556,447,0.3439,worst box IoU 0.34,approve
cap_002544,363,0.3444,worst box IoU 0.34,approve
cap_002681,378,0.3445,worst box IoU 0.34,approve
cap_002682,378,0.3445,worst box IoU 0.34,approve
cap_002684,378,0.3445,worst box IoU 0.34,approve
cap_002685,378,0.3445,worst box IoU 0.34,approve
cap_000675,126,0.3447,worst box IoU 0.34,approve
cap_003691,461,0.3449,worst box IoU 0.34,approve
cap_003694,461,0.3449,worst box IoU 0.34,approve
cap_003695,461,0.3449,worst box IoU 0.34,approve
cap_003709,465,0.3450,worst box IoU 0.35,approve
cap_003710,465,0.3450,worst box IoU 0.35,approve
cap_003711,465,0.3450,worst box IoU 0.35,approve
cap_003712,465,0.3450,worst box IoU 0.35,approve
cap_000082,19,0.3451,worst box IoU 0.35,approve
cap_001523,249,0.3454,worst box IoU 0.35,approve
cap_001524,249,0.3454,worst box IoU 0.35,approve
cap_000397,75,0.3455,worst box IoU 0.35,approve
cap_000399,75,0.3455,worst box IoU 0.35,approve
cap_003688,460,0.3459,worst box IoU 0.35,approve
cap_002575,369,0.3459,worst box IoU 0.35,approve
cap_002576,369,0.3459,worst box IoU 0.35,approve
cap_002707,379,0.3459,worst box IoU 0.35,approve
cap_000800,156,0.3461,worst box IoU 0.35,approve
cap_002079,305,0.3462,worst box IoU 0.35,approve
cap_003093,394,0.3463,worst box IoU 0.35,approve
cap_003095,394,0.3463,worst box IoU 0.35,approve
cap_003096,394,0.3463,worst box IoU 0.35,approve
cap_003097,394,0.3463,worst box IoU 0.35,approve
cap_003098,394,0.3463,worst box IoU 0.35,approve
cap_003099,394,0.3463,worst box IoU 0.35,approve
cap_003100,394,0.3463,worst box IoU 0.35,approve
cap_003101,394,0.3463,worst box IoU 0.35,approve
cap_003102,394,0.3463,worst box IoU 0.35,approve
cap_003103,394,0.3463,worst box IoU 0.35,approve
cap_003104,394,0.3463,worst box IoU 0.35,approve
cap_003105,394,0.3463,worst box IoU 0.35,approve
cap_003106,394,0.3463,worst box IoU 0.35,approve
cap_003107,394,0.3463,worst box IoU 0.35,approve
cap_003108,394,0.3463,worst box IoU 0.35,approve
cap_000256,50,0.3464,worst box IoU 0.35,approve
cap_000257,50,0.3464,worst box IoU 0.35,approve
cap_000258,50,0.3464,worst box IoU 0.35,approve
cap_000259,50,0.3464,worst box IoU 0.35,approve
cap_000260,50,0.3464,worst box IoU 0.35,approve
cap_000021,0,0.3465,worst box IoU 0.35,approve
cap_000007,0,0.3465,worst box IoU 0.35,approve
cap_000027,0,0.3465,worst box IoU 0.35,approve
cap_000029,0,0.3465,worst box IoU 0.35,approve
cap_001286,220,0.3469,worst box IoU 0.35,approve
cap_001424,239,0.3469,worst box IoU 0.35,approve
cap_001423,239,0.3469,worst box IoU 0.35,approve
cap_002811,384,0.3471,worst box IoU 0.35,approve
cap_002812,384,0.3471,worst box IoU 0.35,approve
cap_002813,384,0.3471,worst box IoU 0.35,approve
cap_001412,236,0.3471,worst box IoU 0.35,delete
cap_001413,236,0.3471,worst box IoU 0.35,delete
cap_001065,184,0.3472,worst box IoU 0.35,delete
cap_000680,128,0.3472,worst box IoU 0.35,approve
cap_000681,128,0.3472,worst box IoU 0.35,approve
cap_002562,366,0.3479,worst box IoU 0.35,approve
cap_002734,380,0.3481,worst box IoU 0.35,approve
cap_000031,1,0.3484,worst box IoU 0.35,approve
cap_000032,1,0.3484,worst box IoU 0.35,approve
cap_000033,1,0.3484,worst box IoU 0.35,approve
cap_000035,1,0.3484,worst box IoU 0.35,approve
cap_000036,1,0.3484,worst box IoU 0.35,approve
cap_000037,1,0.3484,worst box IoU 0.35,approve
cap_000038,1,0.3484,worst box IoU 0.35,approve
cap_000039,1,0.3484,worst box IoU 0.35,delete
cap_000040,1,0.3484,worst box IoU 0.35,delete
cap_000041,1,0.3484,worst box IoU 0.35,delete
cap_000775,151,0.3486,worst box IoU 0.35,approve
cap_000776,151,0.3486,worst box IoU 0.35,approve
cap_000079,18,0.3488,worst box IoU 0.35,approve
cap_003456,444,0.3489,worst box IoU 0.35,approve
cap_003457,444,0.3489,worst box IoU 0.35,approve
cap_003458,444,0.3489,worst box IoU 0.35,approve
cap_001529,249,0.3490,worst box IoU 0.35,approve
cap_001530,249,0.3490,worst box IoU 0.35,approve
cap_001531,249,0.3490,worst box IoU 0.35,approve
cap_001532,249,0.3490,worst box IoU 0.35,approve
cap_001533,249,0.3490,worst box IoU 0.35,approve
cap_001534,249,0.3490,worst box IoU 0.35,approve
cap_002710,379,0.3491,worst box IoU 0.35,approve
cap_003570,449,0.3493,worst box IoU 0.35,approve
cap_003571,449,0.3493,worst box IoU 0.35,approve
cap_003572,449,0.3493,worst box IoU 0.35,approve
cap_002607,372,0.3496,worst box IoU 0.35,approve
cap_002609,372,0.3496,worst box IoU 0.35,approve
cap_002611,372,0.3496,worst box IoU 0.35,approve
cap_000622,117,0.3496,worst box IoU 0.35,approve
cap_000623,117,0.3496,worst box IoU 0.35,approve
cap_000624,117,0.3496,worst box IoU 0.35,approve
cap_000625,117,0.3496,worst box IoU 0.35,approve
cap_000626,117,0.3496,worst box IoU 0.35,approve
cap_002759,382,0.3498,worst box IoU 0.35,approve
cap_002760,382,0.3498,worst box IoU 0.35,approve
cap_002761,382,0.3498,worst box IoU 0.35,approve
cap_002762,382,0.3498,worst box IoU 0.35,approve
cap_002763,382,0.3498,worst box IoU 0.35,approve
cap_003261,400,0.3500,worst box IoU 0.35,delete
cap_000074,16,0.3512,worst box IoU 0.35,approve
cap_003427,441,0.3515,worst box IoU 0.35,delete
cap_003516,446,0.3517,worst box IoU 0.35,approve
cap_003517,446,0.3517,worst box IoU 0.35,approve
cap_003518,446,0.3517,worst box IoU 0.35,approve
cap_003519,446,0.3517,worst box IoU 0.35,approve
cap_003520,446,0.3517,worst box IoU 0.35,approve
cap_003521,446,0.3517,worst box IoU 0.35,approve
cap_003522,446,0.3517,worst box IoU 0.35,approve
cap_003523,446,0.3517,worst box IoU 0.35,approve
cap_003524,446,0.3517,worst box IoU 0.35,approve
cap_003525,446,0.3517,worst box IoU 0.35,approve
cap_003526,446,0.3517,worst box IoU 0.35,approve
cap_003527,446,0.3517,worst box IoU 0.35,approve
cap_003528,446,0.3517,worst box IoU 0.35,approve
cap_003529,446,0.3517,worst box IoU 0.35,approve
cap_003530,446,0.3517,worst box IoU 0.35,approve
cap_000412,79,0.3518,worst box IoU 0.35,approve
cap_003598,450,0.3519,worst box IoU 0.35,approve
cap_003599,450,0.3519,worst box IoU 0.35,approve
cap_003600,450,0.3519,worst box IoU 0.35,approve
cap_001233,214,0.3520,worst box IoU 0.35,delete
cap_001443,241,0.3524,worst box IoU 0.35,approve
cap_003699,462,0.3526,worst box IoU 0.35,approve
cap_002601,372,0.3527,worst box IoU 0.35,approve
cap_001373,235,0.3531,worst box IoU 0.35,approve
cap_001374,235,0.3531,worst box IoU 0.35,approve
cap_001392,235,0.3531,worst box IoU 0.35,approve
cap_001393,235,0.3531,worst box IoU 0.35,approve
cap_001394,235,0.3531,worst box IoU 0.35,approve
cap_001395,235,0.3531,worst box IoU 0.35,approve
cap_001396,235,0.3531,worst box IoU 0.35,approve
cap_001397,235,0.3531,worst box IoU 0.35,approve
cap_001398,235,0.3531,worst box IoU 0.35,approve
cap_001399,235,0.3531,worst box IoU 0.35,approve
cap_001400,235,0.3531,worst box IoU 0.35,approve
cap_001401,235,0.3531,worst box IoU 0.35,approve
cap_000387,73,0.3533,worst box IoU 0.35,approve
cap_001520,249,0.3534,worst box IoU 0.35,approve
cap_001521,249,0.3534,worst box IoU 0.35,approve
cap_001522,249,0.3534,worst box IoU 0.35,approve
cap_001464,246,0.3536,worst box IoU 0.35,delete
cap_001465,246,0.3536,worst box IoU 0.35,delete
cap_001466,246,0.3536,worst box IoU 0.35,delete
cap_001467,246,0.3536,worst box IoU 0.35,delete
cap_001468,246,0.3536,worst box IoU 0.35,delete
cap_001470,246,0.3536,worst box IoU 0.35,delete
cap_001471,246,0.3536,worst box IoU 0.35,delete
cap_000407,77,0.3543,worst box IoU 0.35,approve
cap_002532,361,0.3549,worst box IoU 0.35,approve
cap_002535,361,0.3549,worst box IoU 0.35,approve
cap_002536,361,0.3549,worst box IoU 0.35,approve
cap_002537,361,0.3549,worst box IoU 0.35,approve
cap_002538,361,0.3549,worst box IoU 0.35,approve
cap_002539,361,0.3549,worst box IoU 0.35,approve
cap_003464,444,0.3553,worst box IoU 0.36,approve
cap_003465,444,0.3553,worst box IoU 0.36,approve
cap_003466,444,0.3553,worst box IoU 0.36,delete
cap_003467,444,0.3553,worst box IoU 0.36,delete
cap_003468,444,0.3553,worst box IoU 0.36,delete
cap_003469,444,0.3553,worst box IoU 0.36,delete
cap_003470,444,0.3553,worst box IoU 0.36,delete
cap_003471,444,0.3553,worst box IoU 0.36,delete
cap_003472,444,0.3553,worst box IoU 0.36,delete
cap_003473,444,0.3553,worst box IoU 0.36,delete
cap_003474,444,0.3553,worst box IoU 0.36,delete
cap_003475,444,0.3553,worst box IoU 0.36,delete
cap_003476,444,0.3553,worst box IoU 0.36,delete
cap_003477,444,0.3553,worst box IoU 0.36,approve
cap_003478,444,0.3553,worst box IoU 0.36,approve
cap_003479,444,0.3553,worst box IoU 0.36,approve
cap_003480,444,0.3553,worst box IoU 0.36,approve
cap_003481,444,0.3553,worst box IoU 0.36,approve
cap_001445,241,0.3554,worst box IoU 0.36,approve
cap_001446,241,0.3554,worst box IoU 0.36,approve
cap_001447,241,0.3554,worst box IoU 0.36,approve
cap_001449,241,0.3554,worst box IoU 0.36,approve
cap_002698,379,0.3555,worst box IoU 0.36,approve
cap_002699,379,0.3555,worst box IoU 0.36,approve
cap_002700,379,0.3555,worst box IoU 0.36,approve
cap_002701,379,0.3555,worst box IoU 0.36,approve
cap_002702,379,0.3555,worst box IoU 0.36,approve
cap_002703,379,0.3555,worst box IoU 0.36,approve
cap_002704,379,0.3555,worst box IoU 0.36,approve
cap_002705,379,0.3555,worst box IoU 0.36,approve
cap_002706,379,0.3555,worst box IoU 0.36,approve
cap_002788,383,0.3556,worst box IoU 0.36,approve
cap_002789,383,0.3556,worst box IoU 0.36,approve
cap_002790,383,0.3556,worst box IoU 0.36,approve
cap_002791,383,0.3556,worst box IoU 0.36,approve
cap_002803,383,0.3556,worst box IoU 0.36,approve
cap_002804,383,0.3556,worst box IoU 0.36,approve
cap_002805,383,0.3556,worst box IoU 0.36,approve
cap_002806,383,0.3556,worst box IoU 0.36,approve
cap_002807,383,0.3556,worst box IoU 0.36,approve
cap_002751,381,0.3558,worst box IoU 0.36,approve
cap_002752,381,0.3558,worst box IoU 0.36,approve
cap_002754,381,0.3558,worst box IoU 0.36,approve
cap_000689,130,0.3558,worst box IoU 0.36,approve
cap_000690,130,0.3558,worst box IoU 0.36,approve
cap_001462,246,0.3561,worst box IoU 0.36,delete
cap_003696,461,0.3563,worst box IoU 0.36,approve
cap_003697,461,0.3563,worst box IoU 0.36,approve
cap_003730,467,0.3564,worst box IoU 0.36,approve
cap_001066,184,0.3568,worst box IoU 0.36,delete
cap_000414,80,0.3569,worst box IoU 0.36,approve
cap_000415,80,0.3569,worst box IoU 0.36,approve
cap_001244,215,0.3577,worst box IoU 0.36,delete
cap_001245,215,0.3577,worst box IoU 0.36,delete
cap_001249,215,0.3577,worst box IoU 0.36,approve
cap_001461,246,0.3580,worst box IoU 0.36,approve
cap_001290,221,0.3584,worst box IoU 0.36,approve
cap_002521,360,0.3586,worst box IoU 0.36,approve
cap_003713,465,0.3593,worst box IoU 0.36,approve
cap_003714,465,0.3593,worst box IoU 0.36,approve
cap_003715,465,0.3593,worst box IoU 0.36,approve
cap_003716,465,0.3593,worst box IoU 0.36,approve
cap_003717,465,0.3593,worst box IoU 0.36,approve
cap_003718,465,0.3593,worst box IoU 0.36,approve
cap_003719,465,0.3593,worst box IoU 0.36,approve
cap_003720,465,0.3593,worst box IoU 0.36,approve
cap_003721,465,0.3593,worst box IoU 0.36,approve
cap_003724,466,0.3593,worst box IoU 0.36,approve
cap_003726,466,0.3593,worst box IoU 0.36,approve
cap_003581,449,0.3598,worst box IoU 0.36,approve
cap_003582,449,0.3598,worst box IoU 0.36,approve
cap_003583,449,0.3598,worst box IoU 0.36,approve
cap_003584,449,0.3598,worst box IoU 0.36,approve
cap_003585,449,0.3598,worst box IoU 0.36,approve
cap_003586,449,0.3598,worst box IoU 0.36,approve
cap_003587,449,0.3598,worst box IoU 0.36,approve
cap_003588,449,0.3598,worst box IoU 0.36,approve
cap_003589,449,0.3598,worst box IoU 0.36,approve
cap_002693,379,0.3599,worst box IoU 0.36,approve
cap_002694,379,0.3599,worst box IoU 0.36,approve
cap_002695,379,0.3599,worst box IoU 0.36,approve
cap_002709,379,0.3599,worst box IoU 0.36,approve
cap_003428,441,0.3611,worst box IoU 0.36,delete
cap_003492,445,0.3611,worst box IoU 0.36,approve
cap_003493,445,0.3611,worst box IoU 0.36,approve
cap_003494,445,0.3611,worst box IoU 0.36,approve
cap_003495,445,0.3611,worst box IoU 0.36,approve
cap_003496,445,0.3611,worst box IoU 0.36,approve
cap_003497,445,0.3611,worst box IoU 0.36,approve
cap_003498,445,0.3611,worst box IoU 0.36,approve
cap_003499,445,0.3611,worst box IoU 0.36,approve
cap_003500,445,0.3611,worst box IoU 0.36,approve
cap_003501,445,0.3611,worst box IoU 0.36,approve
cap_003502,445,0.3611,worst box IoU 0.36,approve
cap_003503,445,0.3611,worst box IoU 0.36,approve
cap_003504,445,0.3611,worst box IoU 0.36,approve
cap_003505,445,0.3611,worst box IoU 0.36,approve
cap_003506,445,0.3611,worst box IoU 0.36,approve
cap_003507,445,0.3611,worst box IoU 0.36,approve
cap_003508,445,0.3611,worst box IoU 0.36,approve
cap_001418,238,0.3611,worst box IoU 0.36,approve
cap_001419,238,0.3611,worst box IoU 0.36,approve
cap_001420,238,0.3611,worst box IoU 0.36,approve
cap_001248,215,0.3614,worst box IoU 0.36,approve
cap_002742,381,0.3616,worst box IoU 0.36,approve
cap_002743,381,0.3616,worst box IoU 0.36,approve
cap_000991,174,0.3617,worst box IoU 0.36,approve
cap_000992,174,0.3617,worst box IoU 0.36,approve
cap_000677,127,0.3634,worst box IoU 0.36,approve
cap_000678,127,0.3634,worst box IoU 0.36,approve
cap_003417,441,0.3635,worst box IoU 0.36,approve
cap_003258,400,0.3645,worst box IoU 0.36,approve
cap_003259,400,0.3645,worst box IoU 0.36,approve
cap_003260,400,0.3645,worst box IoU 0.36,approve
cap_002653,375,0.3654,worst box IoU 0.37,approve
cap_000389,73,0.3662,worst box IoU 0.37,approve
cap_003214,399,0.3663,worst box IoU 0.37,approve
cap_003215,399,0.3663,worst box IoU 0.37,approve
cap_003216,399,0.3663,worst box IoU 0.37,approve
cap_003217,399,0.3663,worst box IoU 0.37,approve
cap_003218,399,0.3663,worst box IoU 0.37,approve
cap_003219,399,0.3663,worst box IoU 0.37,approve
cap_003220,399,0.3663,worst box IoU 0.37,approve
cap_003221,399,0.3663,worst box IoU 0.37,approve
cap_003222,399,0.3663,worst box IoU 0.37,approve
cap_003223,399,0.3663,worst box IoU 0.37,approve
cap_003230,399,0.3663,worst box IoU 0.37,approve
cap_003231,399,0.3663,worst box IoU 0.37,approve
cap_003592,449,0.3668,worst box IoU 0.37,approve
cap_003593,449,0.3668,worst box IoU 0.37,approve
cap_003594,449,0.3668,worst box IoU 0.37,approve
cap_003595,449,0.3668,worst box IoU 0.37,approve
cap_003596,449,0.3668,worst box IoU 0.37,approve
cap_003415,441,0.3668,worst box IoU 0.37,approve
cap_001308,225,0.3668,worst box IoU 0.37,approve
cap_001310,225,0.3668,worst box IoU 0.37,approve
cap_001311,225,0.3668,worst box IoU 0.37,approve
cap_001312,225,0.3668,worst box IoU 0.37,approve
cap_001314,225,0.3668,worst box IoU 0.37,approve
cap_001067,184,0.3671,worst box IoU 0.37,delete
cap_000402,76,0.3674,worst box IoU 0.37,approve
cap_002625,373,0.3679,worst box IoU 0.37,approve
cap_002626,373,0.3679,worst box IoU 0.37,approve
cap_002627,373,0.3679,worst box IoU 0.37,approve
cap_001231,214,0.3704,worst box IoU 0.37,approve
cap_002655,375,0.3709,worst box IoU 0.37,approve
cap_001247,215,0.3712,worst box IoU 0.37,delete
cap_000046,3,0.3714,worst box IoU 0.37,approve
cap_002629,374,0.3714,worst box IoU 0.37,approve
cap_001415,237,0.3722,worst box IoU 0.37,approve
cap_001416,237,0.3722,worst box IoU 0.37,approve
cap_000008,0,0.3731,worst box IoU 0.37,approve
cap_000013,0,0.3731,worst box IoU 0.37,approve
cap_003226,399,0.3736,worst box IoU 0.37,approve
cap_003227,399,0.3736,worst box IoU 0.37,approve
cap_003228,399,0.3736,worst box IoU 0.37,approve
cap_002630,374,0.3745,worst box IoU 0.37,approve
cap_002631,374,0.3745,worst box IoU 0.37,approve
cap_003113,395,0.3754,worst box IoU 0.38,approve
cap_003114,395,0.3754,worst box IoU 0.38,approve
cap_003115,395,0.3754,worst box IoU 0.38,approve
cap_003116,395,0.3754,worst box IoU 0.38,approve
cap_003117,395,0.3754,worst box IoU 0.38,approve
cap_003118,395,0.3754,worst box IoU 0.38,approve
cap_003119,395,0.3754,worst box IoU 0.38,approve
cap_003120,395,0.3754,worst box IoU 0.38,approve
cap_003121,395,0.3754,worst box IoU 0.38,approve
cap_003122,395,0.3754,worst box IoU 0.38,approve
cap_003123,395,0.3754,worst box IoU 0.38,approve
cap_003124,395,0.3754,worst box IoU 0.38,approve
cap_003125,395,0.3754,worst box IoU 0.38,approve
cap_003126,395,0.3754,worst box IoU 0.38,approve
cap_003127,395,0.3754,worst box IoU 0.38,approve
cap_001326,229,0.3775,worst box IoU 0.38,approve
cap_003722,465,0.3779,worst box IoU 0.38,approve
cap_001068,184,0.3779,worst box IoU 0.38,delete
cap_000073,16,0.3783,worst box IoU 0.38,approve
cap_002633,374,0.3783,worst box IoU 0.38,approve
cap_003590,449,0.3787,worst box IoU 0.38,approve
cap_003591,449,0.3787,worst box IoU 0.38,approve
cap_002666,376,0.3795,worst box IoU 0.38,approve
cap_003080,394,0.3809,worst box IoU 0.38,approve
cap_003081,394,0.3809,worst box IoU 0.38,approve
cap_003082,394,0.3809,worst box IoU 0.38,approve
cap_003083,394,0.3809,worst box IoU 0.38,approve
cap_003084,394,0.3809,worst box IoU 0.38,approve
cap_003085,394,0.3809,worst box IoU 0.38,approve
cap_003086,394,0.3809,worst box IoU 0.38,approve
cap_003087,394,0.3809,worst box IoU 0.38,approve
cap_003088,394,0.3809,worst box IoU 0.38,approve
cap_003089,394,0.3809,worst box IoU 0.38,approve
cap_003090,394,0.3809,worst box IoU 0.38,approve
cap_003091,394,0.3809,worst box IoU 0.38,approve
cap_003092,394,0.3809,worst box IoU 0.38,approve
cap_003094,394,0.3809,worst box IoU 0.38,approve
cap_003027,392,0.3810,worst box IoU 0.38,approve
cap_003028,392,0.3810,worst box IoU 0.38,approve
cap_003029,392,0.3810,worst box IoU 0.38,approve
cap_003030,392,0.3810,worst box IoU 0.38,approve
cap_003031,392,0.3810,worst box IoU 0.38,approve
cap_003032,392,0.3810,worst box IoU 0.38,approve
cap_003033,392,0.3810,worst box IoU 0.38,approve
cap_003034,392,0.3810,worst box IoU 0.38,approve
cap_003035,392,0.3810,worst box IoU 0.38,approve
cap_003036,392,0.3810,worst box IoU 0.38,approve
cap_003037,392,0.3810,worst box IoU 0.38,approve
cap_003038,392,0.3810,worst box IoU 0.38,approve
cap_003039,392,0.3810,worst box IoU 0.38,approve
cap_003040,392,0.3810,worst box IoU 0.38,approve
cap_003041,392,0.3810,worst box IoU 0.38,approve
cap_003042,392,0.3810,worst box IoU 0.38,approve
cap_003043,392,0.3810,worst box IoU 0.38,approve
cap_003044,392,0.3810,worst box IoU 0.38,approve
cap_003045,392,0.3810,worst box IoU 0.38,approve
cap_003046,392,0.3810,worst box IoU 0.38,approve
cap_003047,392,0.3810,worst box IoU 0.38,approve
cap_003048,392,0.3810,worst box IoU 0.38,approve
cap_003049,392,0.3810,worst box IoU 0.38,approve
cap_003050,392,0.3810,worst box IoU 0.38,approve
cap_003051,392,0.3810,worst box IoU 0.38,approve
cap_003052,392,0.3810,worst box IoU 0.38,approve
cap_003053,392,0.3810,worst box IoU 0.38,approve
cap_003054,392,0.3810,worst box IoU 0.38,approve
cap_003055,392,0.3810,worst box IoU 0.38,approve
cap_002773,382,0.3816,worst box IoU 0.38,approve
cap_002774,382,0.3816,worst box IoU 0.38,approve
cap_002775,382,0.3816,worst box IoU 0.38,approve
cap_002776,382,0.3816,worst box IoU 0.38,approve
cap_002777,382,0.3816,worst box IoU 0.38,approve
cap_002778,382,0.3816,worst box IoU 0.38,approve
cap_002779,382,0.3816,worst box IoU 0.38,approve
cap_000048,4,0.3825,worst box IoU 0.38,approve
cap_003429,441,0.3828,worst box IoU 0.38,delete
cap_000631,119,0.3831,worst box IoU 0.38,approve
cap_000632,119,0.3831,worst box IoU 0.38,approve
cap_002757,381,0.3831,worst box IoU 0.38,approve
cap_002928,388,0.3844,worst box IoU 0.38,approve
cap_002936,388,0.3844,worst box IoU 0.38,approve
cap_002937,388,0.3844,worst box IoU 0.38,approve
cap_002943,388,0.3844,worst box IoU 0.38,approve
cap_002944,388,0.3844,worst box IoU 0.38,approve
cap_002945,388,0.3844,worst box IoU 0.38,approve
cap_002946,388,0.3844,worst box IoU 0.38,approve
cap_002947,388,0.3844,worst box IoU 0.38,approve
cap_002948,388,0.3844,worst box IoU 0.38,approve
cap_002949,388,0.3844,worst box IoU 0.38,approve
cap_002650,375,0.3848,worst box IoU 0.38,approve
cap_002651,375,0.3848,worst box IoU 0.38,approve
cap_002652,375,0.3848,worst box IoU 0.38,approve
cap_002814,384,0.3857,worst box IoU 0.39,approve
cap_002815,384,0.3857,worst box IoU 0.39,approve
cap_002816,384,0.3857,worst box IoU 0.39,approve
cap_002819,384,0.3857,worst box IoU 0.39,approve
cap_002820,384,0.3857,worst box IoU 0.39,approve
cap_002821,384,0.3857,worst box IoU 0.39,approve
cap_002822,384,0.3857,worst box IoU 0.39,approve
cap_002823,384,0.3857,worst box IoU 0.39,approve
cap_002824,384,0.3857,worst box IoU 0.39,approve
cap_002825,384,0.3857,worst box IoU 0.39,approve
cap_002826,384,0.3857,worst box IoU 0.39,approve
cap_002827,384,0.3857,worst box IoU 0.39,approve
cap_002828,384,0.3857,worst box IoU 0.39,approve
cap_002832,384,0.3857,worst box IoU 0.39,approve
cap_002833,384,0.3857,worst box IoU 0.39,approve
cap_002834,384,0.3857,worst box IoU 0.39,approve
cap_002835,384,0.3857,worst box IoU 0.39,approve
cap_002836,384,0.3857,worst box IoU 0.39,approve
cap_002839,384,0.3857,worst box IoU 0.39,approve
cap_001285,220,0.3863,worst box IoU 0.39,approve
cap_001463,246,0.3863,worst box IoU 0.39,delete
cap_000404,77,0.3866,worst box IoU 0.39,approve
cap_000405,77,0.3866,worst box IoU 0.39,approve
cap_000406,77,0.3866,worst box IoU 0.39,approve
cap_000388,73,0.3873,worst box IoU 0.39,approve
cap_001454,244,0.3876,worst box IoU 0.39,approve
cap_001456,244,0.3876,worst box IoU 0.39,approve
cap_003482,444,0.3876,worst box IoU 0.39,approve
cap_003483,444,0.3876,worst box IoU 0.39,approve
cap_003484,444,0.3876,worst box IoU 0.39,approve
cap_002613,373,0.3877,worst box IoU 0.39,approve
cap_002614,373,0.3877,worst box IoU 0.39,approve
cap_002617,373,0.3877,worst box IoU 0.39,approve
cap_002619,373,0.3877,worst box IoU 0.39,approve
cap_002620,373,0.3877,worst box IoU 0.39,approve
cap_002621,373,0.3877,worst box IoU 0.39,approve
cap_002622,373,0.3877,worst box IoU 0.39,approve
cap_002623,373,0.3877,worst box IoU 0.39,approve
cap_002624,373,0.3877,worst box IoU 0.39,approve
cap_001444,241,0.3877,worst box IoU 0.39,approve
cap_003269,402,0.3878,worst box IoU 0.39,approve
cap_003270,402,0.3878,worst box IoU 0.39,approve
cap_003271,402,0.3878,worst box IoU 0.39,approve
cap_003272,402,0.3878,worst box IoU 0.39,approve
cap_003273,402,0.3878,worst box IoU 0.39,approve
cap_002781,383,0.3879,worst box IoU 0.39,approve
cap_002782,383,0.3879,worst box IoU 0.39,approve
cap_001375,235,0.3884,worst box IoU 0.39,approve
cap_001388,235,0.3884,worst box IoU 0.39,approve
cap_001389,235,0.3884,worst box IoU 0.39,approve
cap_001390,235,0.3884,worst box IoU 0.39,approve
cap_001391,235,0.3884,worst box IoU 0.39,approve
cap_001069,184,0.3894,worst box IoU 0.39,delete
cap_001070,184,0.3894,worst box IoU 0.39,delete
cap_003459,444,0.3909,worst box IoU 0.39,approve
cap_003460,444,0.3909,worst box IoU 0.39,approve
cap_003461,444,0.3909,worst box IoU 0.39,approve
cap_003462,444,0.3909,worst box IoU 0.39,approve
cap_002524,360,0.3912,worst box IoU 0.39,delete
cap_000034,1,0.3919,worst box IoU 0.39,approve
cap_000401,76,0.3930,worst box IoU 0.39,approve
cap_003486,445,0.3939,worst box IoU 0.39,approve
cap_003487,445,0.3939,worst box IoU 0.39,approve
cap_003488,445,0.3939,worst box IoU 0.39,approve
cap_003489,445,0.3939,worst box IoU 0.39,approve
cap_003490,445,0.3939,worst box IoU 0.39,approve
cap_003491,445,0.3939,worst box IoU 0.39,approve
cap_002951,389,0.3946,worst box IoU 0.39,approve
cap_002952,389,0.3946,worst box IoU 0.39,approve
cap_002953,389,0.3946,worst box IoU 0.39,approve
cap_002954,389,0.3946,worst box IoU 0.39,approve
cap_002955,389,0.3946,worst box IoU 0.39,approve
cap_002956,389,0.3946,worst box IoU 0.39,approve
cap_002957,389,0.3946,worst box IoU 0.39,approve
cap_002958,389,0.3946,worst box IoU 0.39,approve
cap_002959,389,0.3946,worst box IoU 0.39,approve
cap_002960,389,0.3946,worst box IoU 0.39,approve
cap_002961,389,0.3946,worst box IoU 0.39,delete
cap_002962,389,0.3946,worst box IoU 0.39,delete
cap_002963,389,0.3946,worst box IoU 0.39,delete
cap_002964,389,0.3946,worst box IoU 0.39,delete
cap_002965,389,0.3946,worst box IoU 0.39,approve
cap_002792,383,0.3951,worst box IoU 0.40,approve
cap_002793,383,0.3951,worst box IoU 0.40,approve
cap_002794,383,0.3951,worst box IoU 0.40,approve
cap_002795,383,0.3951,worst box IoU 0.40,approve
cap_002796,383,0.3951,worst box IoU 0.40,approve
cap_002797,383,0.3951,worst box IoU 0.40,approve
cap_002798,383,0.3951,worst box IoU 0.40,approve
cap_002799,383,0.3951,worst box IoU 0.40,approve
cap_002800,383,0.3951,worst box IoU 0.40,approve
cap_002801,383,0.3951,worst box IoU 0.40,approve
cap_002802,383,0.3951,worst box IoU 0.40,approve
cap_002808,383,0.3951,worst box IoU 0.40,approve
cap_002809,383,0.3951,worst box IoU 0.40,approve
cap_001281,219,0.3954,worst box IoU 0.40,delete
cap_001421,238,0.3972,worst box IoU 0.40,delete
cap_003142,396,0.3982,worst box IoU 0.40,approve
cap_003143,396,0.3982,worst box IoU 0.40,approve
cap_003144,396,0.3982,worst box IoU 0.40,approve
cap_003145,396,0.3982,worst box IoU 0.40,approve
cap_003146,396,0.3982,worst box IoU 0.40,approve
cap_003147,396,0.3982,worst box IoU 0.40,approve
cap_003148,396,0.3982,worst box IoU 0.40,approve
cap_003149,396,0.3982,worst box IoU 0.40,approve
cap_003150,396,0.3982,worst box IoU 0.40,approve
cap_003151,396,0.3982,worst box IoU 0.40,approve
cap_003152,396,0.3982,worst box IoU 0.40,approve
cap_003153,396,0.3982,worst box IoU 0.40,approve
cap_002696,379,0.3986,worst box IoU 0.40,approve
cap_002697,379,0.3986,worst box IoU 0.40,approve
cap_003576,449,0.3986,worst box IoU 0.40,approve
cap_003577,449,0.3986,worst box IoU 0.40,approve
cap_003578,449,0.3986,worst box IoU 0.40,approve
cap_003579,449,0.3986,worst box IoU 0.40,approve
cap_003409,441,0.4002,worst box IoU 0.40,approve
cap_003410,441,0.4002,worst box IoU 0.40,approve
cap_003413,441,0.4002,worst box IoU 0.40,approve
cap_003414,441,0.4002,worst box IoU 0.40,approve
cap_002738,381,0.4018,worst box IoU 0.40,approve
cap_002739,381,0.4018,worst box IoU 0.40,approve
cap_002740,381,0.4018,worst box IoU 0.40,approve
cap_002741,381,0.4018,worst box IoU 0.40,approve
cap_002744,381,0.4018,worst box IoU 0.40,approve
cap_002745,381,0.4018,worst box IoU 0.40,approve
cap_002746,381,0.4018,worst box IoU 0.40,approve
cap_002747,381,0.4018,worst box IoU 0.40,approve
cap_002748,381,0.4018,worst box IoU 0.40,approve
cap_002749,381,0.4018,worst box IoU 0.40,approve
cap_002750,381,0.4018,worst box IoU 0.40,approve
cap_003057,393,0.4020,worst box IoU 0.40,approve
cap_003058,393,0.4020,worst box IoU 0.40,approve
cap_003059,393,0.4020,worst box IoU 0.40,approve
cap_003060,393,0.4020,worst box IoU 0.40,approve
cap_003061,393,0.4020,worst box IoU 0.40,approve
cap_003062,393,0.4020,worst box IoU 0.40,approve
cap_003063,393,0.4020,worst box IoU 0.40,approve
cap_003064,393,0.4020,worst box IoU 0.40,approve
cap_003065,393,0.4020,worst box IoU 0.40,approve
cap_003066,393,0.4020,worst box IoU 0.40,approve
cap_003067,393,0.4020,worst box IoU 0.40,approve
cap_003068,393,0.4020,worst box IoU 0.40,approve
cap_003069,393,0.4020,worst box IoU 0.40,approve
cap_003070,393,0.4020,worst box IoU 0.40,approve
cap_003071,393,0.4020,worst box IoU 0.40,approve
cap_003072,393,0.4020,worst box IoU 0.40,approve
cap_003073,393,0.4020,worst box IoU 0.40,approve
cap_003074,393,0.4020,worst box IoU 0.40,approve
cap_003076,393,0.4020,worst box IoU 0.40,approve
cap_003077,393,0.4020,worst box IoU 0.40,approve
cap_003078,393,0.4020,worst box IoU 0.40,approve
cap_003193,398,0.4026,worst box IoU 0.40,approve
cap_003194,398,0.4026,worst box IoU 0.40,approve
cap_002632,374,0.4052,worst box IoU 0.41,approve
cap_003009,391,0.4056,worst box IoU 0.41,approve
cap_003010,391,0.4056,worst box IoU 0.41,approve
cap_003011,391,0.4056,worst box IoU 0.41,approve
cap_003012,391,0.4056,worst box IoU 0.41,approve
cap_003013,391,0.4056,worst box IoU 0.41,approve
cap_003014,391,0.4056,worst box IoU 0.41,approve
cap_003015,391,0.4056,worst box IoU 0.41,approve
cap_003016,391,0.4056,worst box IoU 0.41,approve
cap_003017,391,0.4056,worst box IoU 0.41,approve
cap_003018,391,0.4056,worst box IoU 0.41,approve
cap_003019,391,0.4056,worst box IoU 0.41,approve
cap_003020,391,0.4056,worst box IoU 0.41,approve
cap_003021,391,0.4056,worst box IoU 0.41,approve
cap_003022,391,0.4056,worst box IoU 0.41,approve
cap_003023,391,0.4056,worst box IoU 0.41,approve
cap_003024,391,0.4056,worst box IoU 0.41,approve
cap_003025,391,0.4056,worst box IoU 0.41,approve
cap_002618,373,0.4087,worst box IoU 0.41,approve
cap_003156,397,0.4092,worst box IoU 0.41,approve
cap_003157,397,0.4092,worst box IoU 0.41,approve
cap_003158,397,0.4092,worst box IoU 0.41,approve
cap_003159,397,0.4092,worst box IoU 0.41,approve
cap_003160,397,0.4092,worst box IoU 0.41,approve
cap_003161,397,0.4092,worst box IoU 0.41,approve
cap_003162,397,0.4092,worst box IoU 0.41,approve
cap_003163,397,0.4092,worst box IoU 0.41,approve
cap_003164,397,0.4092,worst box IoU 0.41,approve
cap_003165,397,0.4092,worst box IoU 0.41,approve
cap_003166,397,0.4092,worst box IoU 0.41,approve
cap_003167,397,0.4092,worst box IoU 0.41,approve
cap_003168,397,0.4092,worst box IoU 0.41,approve
cap_003169,397,0.4092,worst box IoU 0.41,approve
cap_003170,397,0.4092,worst box IoU 0.41,approve
cap_003171,397,0.4092,worst box IoU 0.41,approve
cap_003172,397,0.4092,worst box IoU 0.41,approve
cap_003173,397,0.4092,worst box IoU 0.41,approve
cap_003174,397,0.4092,worst box IoU 0.41,approve
cap_003175,397,0.4092,worst box IoU 0.41,approve
cap_003176,397,0.4092,worst box IoU 0.41,approve
cap_003179,397,0.4092,worst box IoU 0.41,approve
cap_003180,397,0.4092,worst box IoU 0.41,approve
cap_003181,397,0.4092,worst box IoU 0.41,approve
cap_003182,397,0.4092,worst box IoU 0.41,approve
cap_003213,399,0.4121,worst box IoU 0.41,approve
cap_003234,399,0.4121,worst box IoU 0.41,approve
cap_003224,399,0.4121,worst box IoU 0.41,approve
cap_003225,399,0.4121,worst box IoU 0.41,approve
cap_003229,399,0.4121,worst box IoU 0.41,approve
cap_003232,399,0.4121,worst box IoU 0.41,approve
cap_003233,399,0.4121,worst box IoU 0.41,approve
cap_003110,395,0.4129,worst box IoU 0.41,approve
cap_003111,395,0.4129,worst box IoU 0.41,approve
cap_003112,395,0.4129,worst box IoU 0.41,approve
cap_003128,395,0.4129,worst box IoU 0.41,approve
cap_003129,395,0.4129,worst box IoU 0.41,approve
cap_003130,395,0.4129,worst box IoU 0.41,approve
cap_003131,395,0.4129,worst box IoU 0.41,approve
cap_003132,395,0.4129,worst box IoU 0.41,approve
cap_003133,395,0.4129,worst box IoU 0.41,approve
cap_003134,395,0.4129,worst box IoU 0.41,approve
cap_003135,395,0.4129,worst box IoU 0.41,approve
cap_003136,395,0.4129,worst box IoU 0.41,approve
cap_003137,395,0.4129,worst box IoU 0.41,approve
cap_002558,365,0.4159,worst box IoU 0.42,approve
cap_002929,388,0.4194,worst box IoU 0.42,approve
cap_002930,388,0.4194,worst box IoU 0.42,approve
cap_002931,388,0.4194,worst box IoU 0.42,approve
cap_002932,388,0.4194,worst box IoU 0.42,approve
cap_002935,388,0.4194,worst box IoU 0.42,approve
cap_002938,388,0.4194,worst box IoU 0.42,approve
cap_002939,388,0.4194,worst box IoU 0.42,approve
cap_002940,388,0.4194,worst box IoU 0.42,approve
cap_002941,388,0.4194,worst box IoU 0.42,approve
cap_002942,388,0.4194,worst box IoU 0.42,approve
cap_002072,305,0.4220,worst box IoU 0.42,approve
cap_002073,305,0.4220,worst box IoU 0.42,approve
cap_002764,382,0.4240,worst box IoU 0.42,approve
cap_002765,382,0.4240,worst box IoU 0.42,delete
cap_002766,382,0.4240,worst box IoU 0.42,approve
cap_002767,382,0.4240,worst box IoU 0.42,approve
cap_002768,382,0.4240,worst box IoU 0.42,approve
cap_002769,382,0.4240,worst box IoU 0.42,approve
cap_002770,382,0.4240,worst box IoU 0.42,delete
cap_002771,382,0.4240,worst box IoU 0.42,delete
cap_002772,382,0.4240,worst box IoU 0.42,approve
cap_002817,384,0.4243,worst box IoU 0.42,approve
cap_002818,384,0.4243,worst box IoU 0.42,approve
cap_002829,384,0.4243,worst box IoU 0.42,approve
cap_002830,384,0.4243,worst box IoU 0.42,approve
cap_002831,384,0.4243,worst box IoU 0.42,approve
cap_002837,384,0.4243,worst box IoU 0.42,approve
cap_002838,384,0.4243,worst box IoU 0.42,approve
cap_002926,388,0.4272,worst box IoU 0.43,approve
cap_002927,388,0.4272,worst box IoU 0.43,approve
cap_003263,401,0.4273,worst box IoU 0.43,approve
cap_003264,401,0.4273,worst box IoU 0.43,approve
cap_003565,448,0.4280,worst box IoU 0.43,approve
cap_003566,448,0.4280,worst box IoU 0.43,approve
cap_000044,2,0.4288,worst box IoU 0.43,approve
cap_002736,381,0.4305,worst box IoU 0.43,approve
cap_002737,381,0.4305,worst box IoU 0.43,approve
cap_003301,422,0.4308,worst box IoU 0.43,approve
cap_003241,400,0.4309,worst box IoU 0.43,approve
cap_003242,400,0.4309,worst box IoU 0.43,approve
cap_003243,400,0.4309,worst box IoU 0.43,approve
cap_003244,400,0.4309,worst box IoU 0.43,approve
cap_003245,400,0.4309,worst box IoU 0.43,approve
cap_003246,400,0.4309,worst box IoU 0.43,approve
cap_003247,400,0.4309,worst box IoU 0.43,approve
cap_003248,400,0.4309,worst box IoU 0.43,approve
cap_003249,400,0.4309,worst box IoU 0.43,approve
cap_003250,400,0.4309,worst box IoU 0.43,approve
cap_003251,400,0.4309,worst box IoU 0.43,approve
cap_003252,400,0.4309,worst box IoU 0.43,approve
cap_003253,400,0.4309,worst box IoU 0.43,approve
cap_003254,400,0.4309,worst box IoU 0.43,approve
cap_003256,400,0.4309,worst box IoU 0.43,approve
cap_003257,400,0.4309,worst box IoU 0.43,approve
cap_002783,383,0.4310,worst box IoU 0.43,approve
cap_002784,383,0.4310,worst box IoU 0.43,approve
cap_002785,383,0.4310,worst box IoU 0.43,approve
cap_002786,383,0.4310,worst box IoU 0.43,approve
cap_002787,383,0.4310,worst box IoU 0.43,approve
cap_002517,359,0.4324,worst box IoU 0.43,delete
cap_003412,441,0.4335,worst box IoU 0.43,approve
cap_003140,396,0.4344,worst box IoU 0.43,approve
cap_003141,396,0.4344,worst box IoU 0.43,approve
cap_002967,390,0.4367,worst box IoU 0.44,approve
cap_002968,390,0.4367,worst box IoU 0.44,approve
cap_002969,390,0.4367,worst box IoU 0.44,approve
cap_002970,390,0.4367,worst box IoU 0.44,approve
cap_002971,390,0.4367,worst box IoU 0.44,approve
cap_002972,390,0.4367,worst box IoU 0.44,approve
cap_002973,390,0.4367,worst box IoU 0.44,approve
cap_002974,390,0.4367,worst box IoU 0.44,approve
cap_002975,390,0.4367,worst box IoU 0.44,approve
cap_003075,393,0.4386,worst box IoU 0.44,approve
cap_003185,398,0.4392,worst box IoU 0.44,approve
cap_003186,398,0.4392,worst box IoU 0.44,approve
cap_003187,398,0.4392,worst box IoU 0.44,approve
cap_003188,398,0.4392,worst box IoU 0.44,approve
cap_003189,398,0.4392,worst box IoU 0.44,approve
cap_003190,398,0.4392,worst box IoU 0.44,approve
cap_003191,398,0.4392,worst box IoU 0.44,approve
cap_003192,398,0.4392,worst box IoU 0.44,approve
cap_003411,441,0.4402,worst box IoU 0.44,approve
cap_003329,436,0.4413,worst box IoU 0.44,delete
cap_003330,436,0.4413,worst box IoU 0.44,delete
cap_003331,436,0.4413,worst box IoU 0.44,delete
cap_003332,436,0.4413,worst box IoU 0.44,delete
cap_003333,436,0.4413,worst box IoU 0.44,delete
cap_003334,436,0.4413,worst box IoU 0.44,delete
cap_003335,436,0.4413,worst box IoU 0.44,delete
cap_003336,436,0.4413,worst box IoU 0.44,approve
cap_002648,374,0.4432,worst box IoU 0.44,approve
cap_003325,434,0.4435,worst box IoU 0.44,delete
cap_003276,403,0.4459,worst box IoU 0.45,approve
cap_003155,397,0.4464,worst box IoU 0.45,approve
cap_003177,397,0.4464,worst box IoU 0.45,approve
cap_003178,397,0.4464,worst box IoU 0.45,approve
cap_003183,397,0.4464,worst box IoU 0.45,approve
cap_003195,398,0.4473,worst box IoU 0.45,approve
cap_003196,398,0.4473,worst box IoU 0.45,approve
cap_003197,398,0.4473,worst box IoU 0.45,approve
cap_003198,398,0.4473,worst box IoU 0.45,approve
cap_003199,398,0.4473,worst box IoU 0.45,approve
cap_003200,398,0.4473,worst box IoU 0.45,approve
cap_003201,398,0.4473,worst box IoU 0.45,approve
cap_003202,398,0.4473,worst box IoU 0.45,delete
cap_003203,398,0.4473,worst box IoU 0.45,approve
cap_003204,398,0.4473,worst box IoU 0.45,delete
cap_003205,398,0.4473,worst box IoU 0.45,approve
cap_000376,70,0.4484,worst box IoU 0.45,approve
cap_000377,70,0.4484,worst box IoU 0.45,approve
cap_003138,395,0.4505,worst box IoU 0.45,approve
cap_003007,391,0.4507,worst box IoU 0.45,approve
cap_003008,391,0.4507,worst box IoU 0.45,approve
cap_003324,434,0.4525,worst box IoU 0.45,approve
cap_003211,399,0.4579,worst box IoU 0.46,approve
cap_003212,399,0.4579,worst box IoU 0.46,approve
cap_003235,399,0.4579,worst box IoU 0.46,approve
cap_003236,399,0.4579,worst box IoU 0.46,approve
cap_003237,399,0.4579,worst box IoU 0.46,approve
cap_003238,399,0.4579,worst box IoU 0.46,approve
cap_003239,399,0.4579,worst box IoU 0.46,approve
cap_003379,440,0.4658,worst box IoU 0.47,approve
cap_003380,440,0.4658,worst box IoU 0.47,approve
cap_003381,440,0.4658,worst box IoU 0.47,approve
cap_003382,440,0.4658,worst box IoU 0.47,approve
cap_003383,440,0.4658,worst box IoU 0.47,approve
cap_003384,440,0.4658,worst box IoU 0.47,approve
cap_003385,440,0.4658,worst box IoU 0.47,approve
cap_003386,440,0.4658,worst box IoU 0.47,approve
cap_003387,440,0.4658,worst box IoU 0.47,approve
cap_003388,440,0.4658,worst box IoU 0.47,approve
cap_003389,440,0.4658,worst box IoU 0.47,approve
cap_003390,440,0.4658,worst box IoU 0.47,approve
cap_003391,440,0.4658,worst box IoU 0.47,approve
cap_003392,440,0.4658,worst box IoU 0.47,approve
cap_003393,440,0.4658,worst box IoU 0.47,approve
cap_003394,440,0.4658,worst box IoU 0.47,approve
cap_003395,440,0.4658,worst box IoU 0.47,approve
cap_003396,440,0.4658,worst box IoU 0.47,approve
cap_003397,440,0.4658,worst box IoU 0.47,approve
cap_003398,440,0.4658,worst box IoU 0.47,approve
cap_003399,440,0.4658,worst box IoU 0.47,approve
cap_003400,440,0.4658,worst box IoU 0.47,approve
cap_003401,440,0.4658,worst box IoU 0.47,approve
cap_003402,440,0.4658,worst box IoU 0.47,approve
cap_003403,440,0.4658,worst box IoU 0.47,approve
cap_003404,440,0.4658,worst box IoU 0.47,approve
cap_003405,440,0.4658,worst box IoU 0.47,approve
cap_003407,440,0.4658,worst box IoU 0.47,approve
cap_002933,388,0.4660,worst box IoU 0.47,approve
cap_002934,388,0.4660,worst box IoU 0.47,approve
cap_003265,401,0.4700,worst box IoU 0.47,approve
cap_003266,401,0.4700,worst box IoU 0.47,approve
cap_003267,401,0.4700,worst box IoU 0.47,approve
cap_003255,400,0.4740,worst box IoU 0.47,approve
cap_003309,427,0.4804,worst box IoU 0.48,delete
cap_002976,390,0.4852,worst box IoU 0.49,approve
cap_002977,390,0.4852,worst box IoU 0.49,delete
cap_003206,398,0.4880,worst box IoU 0.49,delete
cap_003207,398,0.4880,worst box IoU 0.49,delete
cap_003208,398,0.4880,worst box IoU 0.49,approve
cap_003209,398,0.4880,worst box IoU 0.49,delete
cap_002997,391,0.4916,worst box IoU 0.49,approve
cap_002998,391,0.4916,worst box IoU 0.49,approve
cap_002999,391,0.4916,worst box IoU 0.49,approve
cap_003000,391,0.4916,worst box IoU 0.49,approve
cap_003001,391,0.4916,worst box IoU 0.49,approve
cap_003002,391,0.4916,worst box IoU 0.49,approve
cap_003003,391,0.4916,worst box IoU 0.49,approve
cap_003004,391,0.4916,worst box IoU 0.49,approve
cap_003005,391,0.4916,worst box IoU 0.49,approve
cap_003006,391,0.4916,worst box IoU 0.49,approve
cap_003406,440,0.5047,worst box IoU 0.50,approve
cap_002978,390,0.5293,worst box IoU 0.53,approve
cap_002983,390,0.5293,worst box IoU 0.53,approve
cap_002984,390,0.5293,worst box IoU 0.53,approve
cap_002985,390,0.5293,worst box IoU 0.53,approve
cap_002986,390,0.5293,worst box IoU 0.53,approve
cap_002987,390,0.5293,worst box IoU 0.53,approve
cap_002988,390,0.5293,worst box IoU 0.53,delete
cap_002989,390,0.5293,worst box IoU 0.53,delete
cap_002990,390,0.5293,worst box IoU 0.53,delete
cap_002991,390,0.5293,worst box IoU 0.53,delete
cap_002992,390,0.5293,worst box IoU 0.53,delete
cap_002993,390,0.5293,worst box IoU 0.53,delete
cap_002994,390,0.5293,worst box IoU 0.53,delete
cap_002995,390,0.5293,worst box IoU 0.53,delete
cap_002979,390,0.5734,worst box IoU 0.57,approve
cap_002980,390,0.5734,worst box IoU 0.57,approve
cap_002981,390,0.5734,worst box IoU 0.57,delete
cap_002982,390,0.5734,worst box IoU 0.57,approve
