file,cluster,n_person,n_omega,status
cap_000000,0,2,0,human
cap_000001,0,2,0,human
cap_000002,0,2,0,human
cap_000003,0,2,0,human
cap_000004,0,2,0,human
cap_000005,0,2,0,human
cap_000006,0,2,0,human
cap_000007,0,2,0,human
cap_000008,0,2,0,human
cap_000009,0,2,0,human
cap_000010,0,2,0,human
cap_000011,0,2,0,human
cap_000012,0,2,0,human
cap_000013,0,2,0,human
cap_000014,0,2,0,human
cap_000015,0,2,0,human
cap_000016,0,2,0,human
cap_000017,0,2,0,human
cap_000018,0,2,0,human
cap_000019,0,2,0,human
cap_000020,0,2,0,human
cap_000021,0,2,0,human
cap_000022,0,2,0,human
cap_000023,0,2,0,human
cap_000024,0,2,0,human
cap_000025,0,2,0,human
cap_000026,0,2,0,human
cap_000027,0,2,0,human
cap_000028,0,2,0,human
cap_000029,0,2,0,human
cap_000030,1,2,0,human
cap_000031,1,2,0,human
cap_000032,1,2,0,human
cap_000033,1,2,0,human
cap_000034,1,2,0,human
cap_000035,1,2,0,human
cap_000036,1,2,0,human
cap_000037,1,2,0,human
cap_000038,1,2,0,human
cap_000039,1,2,0,human
cap_000040,1,2,0,human
cap_000041,1,2,0,human
cap_000042,1,2,0,human
cap_000043,2,2,0,human
cap_000044,2,2,0,human
cap_000045,3,2,0,human
cap_000046,3,2,0,human
cap_000047,4,2,0,human
cap_000048,4,3,1,human
cap_000049,5,3,1,ok
cap_000050,5,3,0,ok
cap_000051,6,3,0,ok
cap_000052,6,3,0,ok
cap_000053,7,3,1,ok
cap_000054,7,3,0,ok
cap_000055,8,3,1,ok
cap_000056,8,3,1,ok
cap_000057,9,3,0,ok
cap_000058,9,3,1,ok
cap_000059,10,3,0,ok
cap_000060,10,3,0,ok
cap_000061,11,3,2,ok
cap_000062,11,3,0,ok
cap_000063,12,3,1,ok
cap_000064,12,3,1,ok
cap_000065,13,3,1,ok
cap_000066,13,3,0,ok
cap_000067,14,2,1,human
cap_000068,14,2,1,human
cap_000069,15,2,0,human
cap_000070,15,2,0,human
cap_000071,15,2,1,human
cap_000072,16,2,1,human
cap_000073,16,3,0,human
cap_000074,16,2,0,human
cap_000075,17,2,0,human
cap_000076,17,2,0,human
cap_000077,17,2,1,human
cap_000078,18,2,0,human
cap_000079,18,2,0,human
cap_000080,18,2,0,human
cap_000081,19,2,0,human
cap_000082,19,2,0,human
cap_000083,19,2,0,human
cap_000084,19,2,0,human
cap_000085,20,2,0,human
cap_000086,20,2,0,human
cap_000087,20,2,0,human
cap_000088,20,2,0,human
cap_000089,21,3,3,ok
cap_000090,21,3,3,ok
cap_000091,21,3,3,ok
cap_000092,22,3,3,ok
cap_000093,22,3,3,ok
cap_000094,22,3,3,ok
cap_000095,22,3,3,ok
cap_000096,23,3,3,ok
cap_000097,23,3,3,ok
cap_000098,23,3,3,ok
cap_000099,23,3,3,ok
cap_000100,23,3,3,ok
cap_000101,24,3,3,ok
cap_000102,24,3,3,ok
cap_000103,24,3,3,ok
cap_000104,24,3,3,ok
cap_000105,24,3,3,ok
cap_000106,24,3,3,ok
cap_000107,24,3,3,ok
cap_000108,24,3,3,ok
cap_000109,25,2,0,human
cap_000110,25,2,0,human
cap_000111,25,2,0,human
cap_000112,25,2,0,human
cap_000113,26,0,0,human
cap_000114,26,0,0,human
cap_000115,26,0,0,human
cap_000116,26,0,0,human
cap_000117,26,0,0,human
cap_000118,26,0,0,human
cap_000119,26,0,0,human
cap_000120,27,2,0,human
cap_000121,27,2,0,human
cap_000122,27,2,0,human
cap_000123,27,2,0,human
cap_000124,27,2,0,human
cap_000125,27,2,0,human
cap_000126,27,2,0,human
cap_000127,27,2,0,human
cap_000128,28,0,0,human
cap_000129,28,0,0,human
cap_000130,28,0,0,human
cap_000131,28,0,0,human
cap_000132,28,0,0,human
cap_000133,28,0,0,human
cap_000134,28,0,0,human
cap_000135,28,0,0,human
cap_000136,28,0,0,human
cap_000137,29,2,0,human
cap_000138,29,2,0,human
cap_000139,29,2,0,human
cap_000140,29,2,0,human
cap_000141,29,2,1,human
cap_000142,30,2,0,human
cap_000143,30,2,1,human
cap_000144,30,2,2,human
cap_000145,31,2,1,human
cap_000146,31,2,2,human
cap_000147,32,2,2,human
cap_000148,32,2,3,human
cap_000149,33,2,2,human
cap_000150,33,2,2,human
cap_000151,33,2,3,human
cap_000152,33,2,3,human
cap_000153,34,2,1,human
cap_000154,34,2,0,human
cap_000155,34,2,0,human
cap_000156,35,3,3,ok
cap_000157,35,3,3,ok
cap_000158,35,3,3,ok
cap_000159,35,3,3,ok
cap_000160,35,3,3,ok
cap_000161,36,3,3,ok
cap_000162,36,3,3,ok
cap_000163,36,3,3,ok
cap_000164,36,3,3,ok
cap_000165,36,3,3,ok
cap_000166,36,3,3,ok
cap_000167,36,3,3,ok
cap_000168,36,3,3,ok
cap_000169,36,3,3,ok
cap_000170,36,3,3,ok
cap_000171,36,3,3,ok
cap_000172,36,3,3,ok
cap_000173,36,3,3,ok
cap_000174,36,3,3,ok
cap_000175,36,3,3,ok
cap_000176,36,3,3,ok
cap_000177,37,3,3,ok
cap_000178,37,3,3,ok
cap_000179,37,3,3,ok
cap_000180,37,3,3,ok
cap_000181,37,3,3,ok
cap_000182,37,3,3,ok
cap_000183,37,3,3,ok
cap_000184,37,3,3,ok
cap_000185,38,3,0,ok
cap_000186,38,3,0,ok
cap_000187,38,3,0,ok
cap_000188,38,3,0,ok
cap_000189,38,3,0,ok
cap_000190,38,3,0,ok
cap_000191,38,3,0,ok
cap_000192,38,3,0,ok
cap_000193,38,3,0,ok
cap_000194,38,3,0,ok
cap_000195,38,3,0,ok
cap_000196,38,3,0,ok
cap_000197,39,0,0,human
cap_000198,39,0,0,human
cap_000199,39,0,0,human
cap_000200,39,0,0,human
cap_000201,39,0,0,human
cap_000202,40,2,0,human
cap_000203,40,2,0,human
cap_000204,40,2,1,human
cap_000205,41,2,1,human
cap_000206,41,2,1,human
cap_000207,41,2,1,human
cap_000208,42,2,2,human
cap_000209,42,2,2,human
cap_000210,43,2,2,human
cap_000211,43,2,1,human
cap_000212,43,2,1,human
cap_000213,43,2,1,human
cap_000214,43,2,1,human
cap_000215,43,2,2,human
cap_000216,43,2,1,human
cap_000217,43,2,1,human
cap_000218,44,2,1,human
cap_000219,44,2,1,human
cap_000220,44,2,1,human
cap_000221,45,2,1,human
cap_000222,45,2,0,human
cap_000223,45,2,1,human
cap_000224,46,0,0,human
cap_000225,46,0,0,human
cap_000226,46,0,0,human
cap_000227,47,0,0,human
cap_000228,47,0,0,human
cap_000229,47,0,0,human
cap_000230,47,0,0,human
cap_000231,48,0,0,human
cap_000232,48,0,0,human
cap_000233,48,0,0,human
cap_000234,48,0,0,human
cap_000235,48,0,0,human
cap_000236,48,0,0,human
cap_000237,48,0,0,human
cap_000238,48,0,0,human
cap_000239,48,0,0,human
cap_000240,48,0,0,human
cap_000241,48,0,0,human
cap_000242,48,0,0,human
cap_000243,49,0,0,human
cap_000244,49,0,0,human
cap_000245,49,0,0,human
cap_000246,49,0,0,human
cap_000247,49,0,0,human
cap_000248,49,0,0,human
cap_000249,49,0,0,human
cap_000250,49,0,0,human
cap_000251,49,0,0,human
cap_000252,49,0,0,human
cap_000253,49,0,0,human
cap_000254,49,0,0,human
cap_000255,50,0,0,human
cap_000256,50,0,0,human
cap_000257,50,0,0,human
cap_000258,50,0,0,human
cap_000259,50,0,0,human
cap_000260,50,0,0,human
cap_000261,50,0,0,human
cap_000262,50,0,0,human
cap_000263,50,0,0,human
cap_000264,50,0,0,human
cap_000265,50,0,0,human
cap_000266,50,0,0,human
cap_000267,50,0,0,human
cap_000268,50,0,0,human
cap_000269,50,0,0,human
cap_000270,51,0,0,human
cap_000271,51,0,0,human
cap_000272,51,0,0,human
cap_000273,51,0,0,human
cap_000274,52,2,0,human
cap_000275,52,3,0,human
cap_000276,52,3,0,human
cap_000277,52,3,0,human
cap_000278,52,3,0,human
cap_000279,53,3,0,human
cap_000280,53,2,1,human
cap_000281,53,2,1,human
cap_000282,54,2,1,human
cap_000283,54,3,1,human
cap_000284,54,3,2,human
cap_000285,54,3,2,human
cap_000286,54,3,2,human
cap_000287,54,3,1,human
cap_000288,54,3,2,human
cap_000289,54,3,1,human
cap_000290,54,3,1,human
cap_000291,54,3,1,human
cap_000292,54,3,2,human
cap_000293,54,3,2,human
cap_000294,54,3,1,human
cap_000295,54,3,2,human
cap_000296,54,3,2,human
cap_000297,54,3,2,human
cap_000298,54,3,2,human
cap_000299,54,3,2,human
cap_000300,54,3,2,human
cap_000301,54,3,2,human
cap_000302,54,3,1,human
cap_000303,54,3,2,human
cap_000304,54,3,2,human
cap_000305,54,3,1,human
cap_000306,54,3,1,human
cap_000307,54,3,2,human
cap_000308,54,2,2,human
cap_000309,54,3,1,human
cap_000310,54,3,1,human
cap_000311,55,3,1,human
cap_000312,55,2,1,human
cap_000313,55,2,1,human
cap_000314,55,2,1,human
cap_000315,55,2,1,human
cap_000316,56,2,1,human
cap_000317,56,2,1,human
cap_000318,57,2,1,human
cap_000319,57,2,0,human
cap_000320,57,2,0,human
cap_000321,58,2,0,human
cap_000322,58,2,0,human
cap_000323,58,2,1,human
cap_000324,59,2,0,human
cap_000325,59,2,1,human
cap_000326,60,2,0,human
cap_000327,60,2,0,human
cap_000328,61,2,0,human
cap_000329,61,2,0,human
cap_000330,62,2,0,human
cap_000331,62,3,0,human
cap_000332,63,2,0,human
cap_000333,63,2,0,human
cap_000334,63,2,0,human
cap_000335,64,2,0,human
cap_000336,64,2,0,human
cap_000337,64,2,0,human
cap_000338,64,2,0,human
cap_000339,64,2,0,human
cap_000340,65,2,0,human
cap_000341,65,2,0,human
cap_000342,65,2,0,human
cap_000343,65,2,0,human
cap_000344,65,2,0,human
cap_000345,65,2,0,human
cap_000346,65,3,0,human
cap_000347,65,3,0,human
cap_000348,65,3,0,human
cap_000349,65,2,0,human
cap_000350,65,2,0,human
cap_000351,65,2,0,human
cap_000352,65,2,0,human
cap_000353,65,3,0,human
cap_000354,66,2,0,human
cap_000355,66,2,0,human
cap_000356,66,3,0,human
cap_000357,66,3,0,human
cap_000358,66,3,0,human
cap_000359,66,2,0,human
cap_000360,66,3,0,human
cap_000361,67,3,0,human
cap_000362,67,3,0,human
cap_000363,67,3,0,human
cap_000364,67,2,0,human
cap_000365,67,2,0,human
cap_000366,67,2,0,human
cap_000367,67,3,0,human
cap_000368,67,3,0,human
cap_000369,68,3,0,human
cap_000370,68,2,0,human
cap_000371,68,2,0,human
cap_000372,69,0,0,human
cap_000373,69,0,0,human
cap_000374,69,0,0,human
cap_000375,70,0,0,human
cap_000376,70,0,0,human
cap_000377,70,0,0,human
cap_000378,71,0,0,human
cap_000379,71,0,0,human
cap_000380,71,0,0,human
cap_000381,71,0,0,human
cap_000382,71,0,0,human
cap_000383,71,0,0,human
cap_000384,72,2,1,human
cap_000385,72,2,1,human
cap_000386,73,2,1,human
cap_000387,73,2,0,human
cap_000388,73,2,0,human
cap_000389,73,3,0,human
cap_000390,74,3,0,human
cap_000391,74,2,0,human
cap_000392,74,2,0,human
cap_000393,74,2,0,human
cap_000394,74,2,0,human
cap_000395,75,2,0,human
cap_000396,75,2,0,human
cap_000397,75,2,0,human
cap_000398,75,2,0,human
cap_000399,75,2,0,human
cap_000400,76,2,0,human
cap_000401,76,2,0,human
cap_000402,76,2,0,human
cap_000403,77,2,1,human
cap_000404,77,2,0,human
cap_000405,77,2,0,human
cap_000406,77,2,0,human
cap_000407,77,2,0,human
cap_000408,78,2,0,human
cap_000409,78,2,0,human
cap_000410,78,2,1,human
cap_000411,79,2,1,human
cap_000412,79,2,1,human
cap_000413,80,2,1,human
cap_000414,80,2,1,human
cap_000415,80,2,2,human
cap_000416,81,2,1,human
cap_000417,81,2,2,human
cap_000418,82,2,3,human
cap_000419,83,2,1,human
cap_000420,83,2,1,human
cap_000421,84,2,1,human
cap_000422,84,2,1,human
cap_000423,85,2,2,human
cap_000424,85,2,1,human
cap_000425,85,2,1,human
cap_000426,86,2,0,human
cap_000427,86,2,1,human
cap_000428,87,2,2,human
cap_000429,87,2,1,human
cap_000430,88,2,1,human
cap_000431,88,2,1,human
cap_000432,89,0,0,human
cap_000433,89,0,0,human
cap_000434,90,0,0,human
cap_000435,90,0,0,human
cap_000436,90,0,0,human
cap_000437,91,0,0,human
cap_000438,91,0,0,human
cap_000439,91,0,0,human
cap_000440,92,0,0,human
cap_000441,92,0,0,human
cap_000442,92,0,0,human
cap_000443,92,0,0,human
cap_000444,92,0,0,human
cap_000445,92,0,0,human
cap_000446,92,0,0,human
cap_000447,92,0,0,human
cap_000448,92,0,0,human
cap_000449,92,0,0,human
cap_000450,92,0,0,human
cap_000451,92,0,0,human
cap_000452,92,0,0,human
cap_000453,92,0,0,human
cap_000454,92,0,0,human
cap_000455,92,0,0,human
cap_000456,92,0,0,human
cap_000457,92,0,0,human
cap_000458,92,0,0,human
cap_000459,92,0,0,human
cap_000460,92,0,0,human
cap_000461,92,0,0,human
cap_000462,92,0,0,human
cap_000463,92,0,0,human
cap_000464,92,0,0,human
cap_000465,92,0,0,human
cap_000466,92,0,0,human
cap_000467,92,0,0,human
cap_000468,92,0,0,human
cap_000469,92,0,0,human
cap_000470,93,0,0,human
cap_000471,93,0,0,human
cap_000472,93,0,0,human
cap_000473,93,0,0,human
cap_000474,93,0,0,human
cap_000475,93,0,0,human
cap_000476,93,0,0,human
cap_000477,93,0,0,human
cap_000478,93,0,0,human
cap_000479,93,0,0,human
cap_000480,93,0,0,human
cap_000481,93,0,0,human
cap_000482,93,0,0,human
cap_000483,93,0,0,human
cap_000484,93,0,0,human
cap_000485,93,0,0,human
cap_000486,93,0,0,human
cap_000487,93,0,0,human
cap_000488,93,0,0,human
cap_000489,93,0,0,human
cap_000490,93,0,0,human
cap_000491,93,0,0,human
cap_000492,93,0,0,human
cap_000493,93,0,0,human
cap_000494,93,0,0,human
cap_000495,93,0,0,human
cap_000496,93,0,0,human
cap_000497,93,0,0,human
cap_000498,93,0,0,human
cap_000499,93,0,0,human
cap_000500,94,0,0,human
cap_000501,94,0,0,human
cap_000502,94,0,0,human
cap_000503,94,0,0,human
cap_000504,94,0,0,human
cap_000505,94,0,0,human
cap_000506,94,0,0,human
cap_000507,94,0,0,human
cap_000508,94,0,0,human
cap_000509,94,0,0,human
cap_000510,94,0,0,human
cap_000511,94,0,0,human
cap_000512,94,0,0,human
cap_000513,94,0,0,human
cap_000514,94,0,0,human
cap_000515,94,0,0,human
cap_000516,94,0,0,human
cap_000517,94,0,0,human
cap_000518,94,0,0,human
cap_000519,94,0,0,human
cap_000520,95,2,0,human
cap_000521,95,2,0,human
cap_000522,95,2,0,human
cap_000523,95,2,0,human
cap_000524,95,2,0,human
cap_000525,95,2,0,human
cap_000526,95,2,0,human
cap_000527,95,2,0,human
cap_000528,95,2,0,human
cap_000529,95,2,0,human
cap_000530,95,2,0,human
cap_000531,96,2,0,human
cap_000532,96,2,0,human
cap_000533,97,2,0,human
cap_000534,97,3,0,human
cap_000535,98,3,0,ok
cap_000536,98,3,0,ok
cap_000537,98,3,1,ok
cap_000538,99,3,1,ok
cap_000539,99,3,1,ok
cap_000540,99,3,0,ok
cap_000541,100,2,0,human
cap_000542,100,2,1,human
cap_000543,100,2,1,human
cap_000544,100,2,1,human
cap_000545,101,2,1,human
cap_000546,101,2,2,human
cap_000547,102,2,2,human
cap_000548,102,2,0,human
cap_000549,103,2,1,human
cap_000550,103,2,1,human
cap_000551,103,3,2,human
cap_000552,104,3,1,ok
cap_000553,104,3,1,ok
cap_000554,104,3,1,ok
cap_000555,104,3,1,ok
cap_000556,104,3,1,ok
cap_000557,104,3,1,ok
cap_000558,105,3,1,ok
cap_000559,105,3,1,ok
cap_000560,105,3,2,ok
cap_000561,106,3,1,ok
cap_000562,106,3,1,ok
cap_000563,106,3,1,ok
cap_000564,107,2,2,human
cap_000565,107,3,0,human
cap_000566,107,3,0,human
cap_000567,108,3,0,human
cap_000568,108,2,0,human
cap_000569,108,3,0,human
cap_000570,109,3,0,ok
cap_000571,109,3,0,ok
cap_000572,109,3,0,ok
cap_000573,109,3,0,ok
cap_000574,110,3,0,ok
cap_000575,110,3,1,ok
cap_000576,110,3,1,ok
cap_000577,111,3,1,ok
cap_000578,111,3,0,ok
cap_000579,111,3,1,ok
cap_000580,111,3,0,ok
cap_000581,111,3,0,ok
cap_000582,111,3,1,ok
cap_000583,111,3,0,ok
cap_000584,112,3,0,ok
cap_000585,112,3,1,ok
cap_000586,112,3,1,ok
cap_000587,113,3,1,ok
cap_000588,113,3,0,ok
cap_000589,113,3,1,ok
cap_000590,113,3,1,ok
cap_000591,113,3,1,ok
cap_000592,114,3,1,ok
cap_000593,114,3,1,ok
cap_000594,114,3,1,ok
cap_000595,114,3,1,ok
cap_000596,114,3,1,ok
cap_000597,115,3,2,human
cap_000598,115,3,1,human
cap_000599,115,3,2,human
cap_000600,115,3,0,human
cap_000601,115,3,0,human
cap_000602,115,3,0,human
cap_000603,115,3,0,human
cap_000604,115,3,0,human
cap_000605,115,3,0,human
cap_000606,115,3,0,human
cap_000607,115,3,0,human
cap_000608,115,3,1,human
cap_000609,115,3,1,human
cap_000610,115,3,1,human
cap_000611,115,3,1,human
cap_000612,115,3,1,human
cap_000613,115,3,1,human
cap_000614,115,2,1,human
cap_000615,116,2,2,human
cap_000616,116,2,1,human
cap_000617,116,3,0,human
cap_000618,116,2,1,human
cap_000619,116,2,1,human
cap_000620,116,2,1,human
cap_000621,117,2,1,human
cap_000622,117,2,1,human
cap_000623,117,2,1,human
cap_000624,117,2,1,human
cap_000625,117,2,1,human
cap_000626,117,2,1,human
cap_000627,118,2,1,human
cap_000628,118,2,1,human
cap_000629,118,2,1,human
cap_000630,119,2,0,human
cap_000631,119,2,1,human
cap_000632,119,2,0,human
cap_000633,120,2,1,human
cap_000634,120,2,0,human
cap_000635,121,2,0,human
cap_000636,121,2,0,human
cap_000637,121,2,0,human
cap_000638,121,2,1,human
cap_000639,122,2,1,human
cap_000640,122,2,1,human
cap_000641,122,2,0,human
cap_000642,122,2,1,human
cap_000643,122,2,1,human
cap_000644,123,2,0,human
cap_000645,123,2,0,human
cap_000646,123,2,1,human
cap_000647,124,0,0,human
cap_000648,124,0,0,human
cap_000649,124,0,0,human
cap_000650,124,0,0,human
cap_000651,124,0,0,human
cap_000652,124,0,0,human
cap_000653,125,0,0,human
cap_000654,125,0,0,human
cap_000655,125,0,0,human
cap_000656,125,0,0,human
cap_000657,125,0,0,human
cap_000658,125,0,0,human
cap_000659,125,0,0,human
cap_000660,125,0,0,human
cap_000661,125,0,0,human
cap_000662,125,0,0,human
cap_000663,125,0,0,human
cap_000664,125,0,0,human
cap_000665,125,0,0,human
cap_000666,125,0,0,human
cap_000667,125,0,0,human
cap_000668,125,0,0,human
cap_000669,125,0,0,human
cap_000670,125,0,0,human
cap_000671,125,0,0,human
cap_000672,125,0,0,human
cap_000673,125,0,0,human
cap_000674,126,0,0,human
cap_000675,126,0,0,human
cap_000676,127,2,1,human
cap_000677,127,2,1,human
cap_000678,127,2,2,human
cap_000679,128,2,1,human
cap_000680,128,2,1,human
cap_000681,128,2,1,human
cap_000682,129,2,1,human
cap_000683,129,2,1,human
cap_000684,129,2,1,human
cap_000685,129,2,1,human
cap_000686,129,2,1,human
cap_000687,129,2,2,human
cap_000688,130,2,1,human
cap_000689,130,2,1,human
cap_000690,130,2,1,human
cap_000691,130,2,1,human
cap_000692,131,2,2,human
cap_000693,131,2,1,human
cap_000694,131,2,1,human
cap_000695,131,2,1,human
cap_000696,131,2,2,human
cap_000697,132,2,1,human
cap_000698,132,2,1,human
cap_000699,132,2,1,human
cap_000700,133,2,0,human
cap_000701,133,2,0,human
cap_000702,133,2,0,human
cap_000703,133,2,0,human
cap_000704,134,0,0,human
cap_000705,134,0,0,human
cap_000706,134,0,0,human
cap_000707,134,0,0,human
cap_000708,135,0,0,human
cap_000709,135,0,0,human
cap_000710,135,0,0,human
cap_000711,135,0,0,human
cap_000712,135,0,0,human
cap_000713,135,0,0,human
cap_000714,135,0,0,human
cap_000715,135,0,0,human
cap_000716,135,0,0,human
cap_000717,135,0,0,human
cap_000718,135,0,0,human
cap_000719,136,0,0,human
cap_000720,136,0,0,human
cap_000721,136,0,0,human
cap_000722,136,0,0,human
cap_000723,136,0,0,human
cap_000724,136,0,0,human
cap_000725,136,0,0,human
cap_000726,136,0,0,human
cap_000727,136,0,0,human
cap_000728,136,0,0,human
cap_000729,136,0,0,human
cap_000730,136,0,0,human
cap_000731,136,0,0,human
cap_000732,136,0,0,human
cap_000733,136,0,0,human
cap_000734,136,0,0,human
cap_000735,136,0,0,human
cap_000736,136,0,0,human
cap_000737,136,0,0,human
cap_000738,136,0,0,human
cap_000739,136,0,0,human
cap_000740,136,0,0,human
cap_000741,136,0,0,human
cap_000742,136,0,0,human
cap_000743,136,0,0,human
cap_000744,136,0,0,human
cap_000745,136,0,0,human
cap_000746,136,0,0,human
cap_000747,136,0,0,human
cap_000748,136,0,0,human
cap_000749,137,0,0,human
cap_000750,137,0,0,human
cap_000751,138,0,0,human
cap_000752,138,0,0,human
cap_000753,138,0,0,human
cap_000754,139,2,1,human
cap_000755,140,2,1,human
cap_000756,141,3,1,ok
cap_000757,142,3,1,ok
cap_000758,143,2,1,human
cap_000759,144,2,1,human
cap_000760,144,2,1,human
cap_000761,145,2,2,human
cap_000762,146,2,1,human
cap_000763,146,2,2,human
cap_000764,147,2,2,human
cap_000765,147,2,1,human
cap_000766,148,2,1,human
cap_000767,148,2,1,human
cap_000768,149,2,1,human
cap_000769,149,2,1,human
cap_000770,149,2,1,human
cap_000771,150,2,1,human
cap_000772,150,2,2,human
cap_000773,151,2,1,human
cap_000774,151,2,0,human
cap_000775,151,2,1,human
cap_000776,151,3,1,human
cap_000777,152,2,1,human
cap_000778,152,2,1,human
cap_000779,152,2,1,human
cap_000780,152,2,1,human
cap_000781,153,3,1,human
cap_000782,153,2,1,human
cap_000783,153,2,1,human
cap_000784,153,2,1,human
cap_000785,153,2,1,human
cap_000786,153,2,1,human
cap_000787,153,2,1,human
cap_000788,154,2,1,human
cap_000789,154,2,1,human
cap_000790,154,2,1,human
cap_000791,154,2,1,human
cap_000792,154,2,1,human
cap_000793,154,2,1,human
cap_000794,154,2,1,human
cap_000795,155,2,1,human
cap_000796,155,2,1,human
cap_000797,155,2,1,human
cap_000798,155,2,0,human
cap_000799,156,2,1,human
cap_000800,156,2,1,human
cap_000801,157,2,1,human
cap_000802,157,2,1,human
cap_000803,158,2,1,human
cap_000804,158,2,1,human
cap_000805,159,0,0,human
cap_000806,159,0,0,human
cap_000807,160,0,0,human
cap_000808,160,0,0,human
cap_000809,160,0,0,human
cap_000810,161,0,0,human
cap_000811,161,0,0,human
cap_000812,161,0,0,human
cap_000813,161,0,0,human
cap_000814,162,0,0,human
cap_000815,162,0,0,human
cap_000816,162,0,0,human
cap_000817,162,0,0,human
cap_000818,162,0,0,human
cap_000819,162,0,0,human
cap_000820,162,0,0,human
cap_000821,162,0,0,human
cap_000822,162,0,0,human
cap_000823,163,0,0,human
cap_000824,163,0,0,human
cap_000825,163,0,0,human
cap_000826,163,0,0,human
cap_000827,163,0,0,human
cap_000828,163,0,0,human
cap_000829,163,0,0,human
cap_000830,164,0,0,human
cap_000831,164,0,0,human
cap_000832,164,0,0,human
cap_000833,164,0,0,human
cap_000834,164,0,0,human
cap_000835,164,0,0,human
cap_000836,164,0,0,human
cap_000837,164,0,0,human
cap_000838,164,0,0,human
cap_000839,164,0,0,human
cap_000840,164,0,0,human
cap_000841,164,0,0,human
cap_000842,164,0,0,human
cap_000843,164,0,0,human
cap_000844,164,0,0,human
cap_000845,164,0,0,human
cap_000846,164,0,0,human
cap_000847,164,0,0,human
cap_000848,164,0,0,human
cap_000849,164,0,0,human
cap_000850,164,0,0,human
cap_000851,164,0,0,human
cap_000852,164,0,0,human
cap_000853,164,0,0,human
cap_000854,164,0,0,human
cap_000855,164,0,0,human
cap_000856,164,0,0,human
cap_000857,164,0,0,human
cap_000858,164,0,0,human
cap_000859,164,0,0,human
cap_000860,165,0,0,todo
cap_000861,165,0,0,todo
cap_000862,165,0,0,todo
cap_000863,165,0,0,todo
cap_000864,165,0,0,todo
cap_000865,165,0,0,todo
cap_000866,165,0,0,todo
cap_000867,165,0,0,todo
cap_000868,165,0,0,todo
cap_000869,165,0,0,todo
cap_000870,165,0,0,todo
cap_000871,165,0,0,todo
cap_000872,165,0,0,todo
cap_000873,165,0,0,todo
cap_000874,165,0,0,todo
cap_000875,165,0,0,todo
cap_000876,166,0,0,todo
cap_000877,166,0,0,todo
cap_000878,166,0,0,todo
cap_000879,166,0,0,todo
cap_000880,166,0,0,todo
cap_000881,166,0,0,todo
cap_000882,166,0,0,todo
cap_000883,166,0,0,todo
cap_000884,167,0,0,todo
cap_000885,167,0,0,todo
cap_000886,167,0,0,todo
cap_000887,167,0,0,todo
cap_000888,167,0,0,todo
cap_000889,167,0,0,todo
cap_000890,167,0,0,todo
cap_000891,167,0,0,todo
cap_000892,167,0,0,todo
cap_000893,167,0,0,todo
cap_000894,167,0,0,todo
cap_000895,167,0,0,todo
cap_000896,168,0,0,todo
cap_000897,168,0,0,todo
cap_000898,169,0,0,todo
cap_000899,169,0,0,todo
cap_000900,169,0,0,todo
cap_000901,170,2,0,todo
cap_000902,170,2,0,todo
cap_000903,170,2,0,todo
cap_000904,170,2,1,todo
cap_000905,170,2,2,todo
cap_000906,170,2,1,todo
cap_000907,170,2,1,todo
cap_000908,171,2,1,todo
cap_000909,171,2,1,todo
cap_000910,171,2,1,todo
cap_000911,171,2,1,todo
cap_000912,171,2,1,todo
cap_000913,171,2,1,todo
cap_000914,171,2,1,todo
cap_000915,171,2,1,todo
cap_000916,171,2,1,todo
cap_000917,171,2,1,todo
cap_000918,171,2,1,todo
cap_000919,171,2,1,todo
cap_000920,171,2,1,todo
cap_000921,171,2,1,todo
cap_000922,171,2,1,todo
cap_000923,171,2,1,todo
cap_000924,172,2,1,todo
cap_000925,172,2,1,todo
cap_000926,172,2,1,todo
cap_000927,172,2,1,todo
cap_000928,172,2,1,todo
cap_000929,172,2,1,todo
cap_000930,172,2,1,todo
cap_000931,172,2,1,todo
cap_000932,172,2,1,todo
cap_000933,172,2,1,todo
cap_000934,172,2,1,todo
cap_000935,172,2,1,todo
cap_000936,172,2,3,todo
cap_000937,172,2,2,todo
cap_000938,172,2,2,todo
cap_000939,172,2,2,todo
cap_000940,172,2,2,todo
cap_000941,172,2,1,todo
cap_000942,172,2,1,todo
cap_000943,172,2,1,todo
cap_000944,172,2,1,todo
cap_000945,172,2,1,todo
cap_000946,172,2,1,todo
cap_000947,172,2,0,todo
cap_000948,172,2,0,todo
cap_000949,172,2,0,todo
cap_000950,172,2,0,todo
cap_000951,172,2,0,todo
cap_000952,172,2,1,todo
cap_000953,172,2,0,todo
cap_000954,173,2,0,todo
cap_000955,173,2,0,todo
cap_000956,173,2,1,todo
cap_000957,173,2,1,todo
cap_000958,173,2,1,todo
cap_000959,173,3,1,ok
cap_000960,173,3,1,ok
cap_000961,173,3,1,ok
cap_000962,173,3,1,ok
cap_000963,173,3,1,ok
cap_000964,173,3,1,ok
cap_000965,173,3,1,ok
cap_000966,173,3,1,ok
cap_000967,173,3,2,ok
cap_000968,173,3,1,ok
cap_000969,173,3,1,ok
cap_000970,173,3,1,ok
cap_000971,173,3,1,ok
cap_000972,173,3,1,ok
cap_000973,173,3,1,ok
cap_000974,173,3,2,ok
cap_000975,173,3,1,ok
cap_000976,173,3,2,ok
cap_000977,173,3,1,ok
cap_000978,173,3,1,ok
cap_000979,173,3,1,ok
cap_000980,173,3,1,ok
cap_000981,173,3,1,ok
cap_000982,173,2,1,todo
cap_000983,173,2,1,todo
cap_000984,174,2,1,todo
cap_000985,174,2,1,todo
cap_000986,174,2,1,todo
cap_000987,174,2,1,todo
cap_000988,174,2,1,todo
cap_000989,174,2,1,todo
cap_000990,174,2,1,todo
cap_000991,174,2,1,todo
cap_000992,174,3,1,ok
cap_000993,174,3,1,ok
cap_000994,174,3,1,ok
cap_000995,174,3,1,ok
cap_000996,174,3,1,ok
cap_000997,174,3,1,ok
cap_000998,174,3,1,ok
cap_000999,175,3,1,ok
cap_001000,175,3,1,ok
cap_001001,175,3,1,ok
cap_001002,175,3,1,ok
cap_001003,175,3,1,ok
cap_001004,175,3,1,ok
cap_001005,176,2,1,todo
cap_001006,176,2,1,todo
cap_001007,176,2,1,todo
cap_001008,176,2,1,todo
cap_001009,176,2,1,todo
cap_001010,176,2,1,todo
cap_001011,176,2,1,todo
cap_001012,176,2,1,todo
cap_001013,176,2,1,todo
cap_001014,176,2,1,todo
cap_001015,176,2,1,todo
cap_001016,176,2,1,todo
cap_001017,176,2,1,todo
cap_001018,177,2,1,todo
cap_001019,177,2,1,todo
cap_001020,177,2,1,todo
cap_001021,177,2,1,todo
cap_001022,177,2,1,todo
cap_001023,177,3,1,ok
cap_001024,177,3,1,ok
cap_001025,177,2,1,todo
cap_001026,178,3,1,ok
cap_001027,178,3,1,ok
cap_001028,179,3,1,ok
cap_001029,179,3,1,ok
cap_001030,179,3,1,ok
cap_001031,179,3,1,ok
cap_001032,180,3,1,ok
cap_001033,180,3,1,ok
cap_001034,180,3,1,ok
cap_001035,180,2,1,todo
cap_001036,180,3,1,ok
cap_001037,180,2,1,todo
cap_001038,180,2,3,todo
cap_001039,180,2,1,todo
cap_001040,180,3,2,ok
cap_001041,181,2,2,todo
cap_001042,181,3,1,ok
cap_001043,182,3,1,ok
cap_001044,182,2,2,todo
cap_001045,183,2,2,todo
cap_001046,183,3,2,ok
cap_001047,183,2,1,todo
cap_001048,183,2,0,todo
cap_001049,184,2,1,todo
cap_001050,184,2,2,todo
cap_001051,184,2,2,todo
cap_001052,184,2,3,todo
cap_001053,184,2,3,todo
cap_001054,184,2,3,todo
cap_001055,184,2,3,todo
cap_001056,184,2,1,todo
cap_001057,184,3,1,ok
cap_001058,184,3,1,ok
cap_001059,184,3,1,ok
cap_001060,184,3,2,ok
cap_001061,184,3,1,ok
cap_001062,184,3,1,ok
cap_001063,184,3,1,ok
cap_001064,184,3,1,ok
cap_001065,184,3,1,ok
cap_001066,184,2,2,todo
cap_001067,184,2,2,todo
cap_001068,184,2,2,todo
cap_001069,184,2,4,todo
cap_001070,184,2,3,todo
cap_001071,185,2,1,todo
cap_001072,185,2,1,todo
cap_001073,185,2,1,todo
cap_001074,185,2,2,todo
cap_001075,185,2,1,todo
cap_001076,185,2,2,todo
cap_001077,185,2,1,todo
cap_001078,186,2,1,todo
cap_001079,186,2,1,todo
cap_001080,187,2,1,todo
cap_001081,187,2,0,todo
cap_001082,188,2,0,todo
cap_001083,189,2,0,todo
cap_001084,189,2,0,todo
cap_001085,190,2,0,todo
cap_001086,191,2,0,todo
cap_001087,192,3,0,ok
cap_001088,193,3,0,ok
cap_001089,194,3,1,ok
cap_001090,194,3,1,ok
cap_001091,195,3,0,ok
cap_001092,195,3,1,ok
cap_001093,196,3,2,ok
cap_001094,196,3,2,ok
cap_001095,197,3,0,ok
cap_001096,197,3,0,ok
cap_001097,197,3,0,ok
cap_001098,198,3,0,ok
cap_001099,198,3,0,ok
cap_001100,198,3,0,ok
cap_001101,199,3,0,ok
cap_001102,199,3,0,ok
cap_001103,199,3,1,ok
cap_001104,199,3,0,ok
cap_001105,200,3,0,ok
cap_001106,200,3,0,ok
cap_001107,200,3,0,ok
cap_001108,201,3,0,ok
cap_001109,201,3,0,ok
cap_001110,201,3,0,ok
cap_001111,202,3,0,ok
cap_001112,202,3,0,ok
cap_001113,202,3,0,ok
cap_001114,203,3,0,ok
cap_001115,203,3,0,ok
cap_001116,203,3,0,ok
cap_001117,203,3,0,ok
cap_001118,204,3,0,ok
cap_001119,204,3,0,ok
cap_001120,204,3,0,ok
cap_001121,204,3,0,ok
cap_001122,205,3,0,ok
cap_001123,205,3,0,ok
cap_001124,205,3,0,ok
cap_001125,205,2,0,todo
cap_001126,206,2,0,todo
cap_001127,206,2,0,todo
cap_001128,206,2,0,todo
cap_001129,206,3,0,ok
cap_001130,206,3,0,ok
cap_001131,207,3,0,ok
cap_001132,207,3,0,ok
cap_001133,207,3,0,ok
cap_001134,207,3,0,ok
cap_001135,207,3,0,ok
cap_001136,208,3,0,ok
cap_001137,208,3,0,ok
cap_001138,208,3,0,ok
cap_001139,208,3,0,ok
cap_001140,208,3,0,ok
cap_001141,209,0,0,todo
cap_001142,209,0,0,todo
cap_001143,209,0,0,todo
cap_001144,209,0,0,todo
cap_001145,209,0,0,todo
cap_001146,209,0,0,todo
cap_001147,209,0,0,todo
cap_001148,209,0,0,todo
cap_001149,209,0,0,todo
cap_001150,209,0,0,todo
cap_001151,209,0,0,todo
cap_001152,209,0,0,todo
cap_001153,209,0,0,todo
cap_001154,209,0,0,todo
cap_001155,209,0,0,todo
cap_001156,210,0,0,todo
cap_001157,210,0,0,todo
cap_001158,210,0,0,todo
cap_001159,210,0,0,todo
cap_001160,210,0,0,todo
cap_001161,210,0,0,todo
cap_001162,210,0,0,todo
cap_001163,210,0,0,todo
cap_001164,210,0,0,todo
cap_001165,210,0,0,todo
cap_001166,210,0,0,todo
cap_001167,210,0,0,todo
cap_001168,210,0,0,todo
cap_001169,211,0,0,todo
cap_001170,211,0,0,todo
cap_001171,211,0,0,todo
cap_001172,211,0,0,todo
cap_001173,211,0,0,todo
cap_001174,211,0,0,todo
cap_001175,211,0,0,todo
cap_001176,211,0,0,todo
cap_001177,211,0,0,todo
cap_001178,211,0,0,todo
cap_001179,211,0,0,todo
cap_001180,211,0,0,todo
cap_001181,211,0,0,todo
cap_001182,211,0,0,todo
cap_001183,211,0,0,todo
cap_001184,211,0,0,todo
cap_001185,211,0,0,todo
cap_001186,211,0,0,todo
cap_001187,211,0,0,todo
cap_001188,211,0,0,todo
cap_001189,211,0,0,todo
cap_001190,212,0,0,todo
cap_001191,212,0,0,todo
cap_001192,212,0,0,todo
cap_001193,212,0,0,todo
cap_001194,212,0,0,todo
cap_001195,212,0,0,todo
cap_001196,212,0,0,todo
cap_001197,212,0,0,todo
cap_001198,212,0,0,todo
cap_001199,212,0,0,todo
cap_001200,212,0,0,todo
cap_001201,212,0,0,todo
cap_001202,212,0,0,todo
cap_001203,212,0,0,todo
cap_001204,212,0,0,todo
cap_001205,212,0,0,todo
cap_001206,212,0,0,todo
cap_001207,212,0,0,todo
cap_001208,212,0,0,todo
cap_001209,212,0,0,todo
cap_001210,212,0,0,todo
cap_001211,212,0,0,todo
cap_001212,212,0,0,todo
cap_001213,212,0,0,todo
cap_001214,212,0,0,todo
cap_001215,212,0,0,todo
cap_001216,212,0,0,todo
cap_001217,212,0,0,todo
cap_001218,212,0,0,todo
cap_001219,212,0,0,todo
cap_001220,213,0,0,todo
cap_001221,213,0,0,todo
cap_001222,213,0,0,todo
cap_001223,213,0,0,todo
cap_001224,213,0,0,todo
cap_001225,213,0,0,todo
cap_001226,213,0,0,todo
cap_001227,213,0,0,todo
cap_001228,213,0,0,todo
cap_001229,213,0,0,todo
cap_001230,214,0,0,todo
cap_001231,214,0,0,todo
cap_001232,214,0,0,todo
cap_001233,214,0,0,todo
cap_001234,214,0,0,todo
cap_001235,214,0,0,todo
cap_001236,214,0,0,todo
cap_001237,215,0,0,todo
cap_001238,215,0,0,todo
cap_001239,215,0,0,todo
cap_001240,215,0,0,todo
cap_001241,215,0,0,todo
cap_001242,215,0,0,todo
cap_001243,215,0,0,todo
cap_001244,215,0,0,todo
cap_001245,215,0,0,todo
cap_001246,215,0,0,todo
cap_001247,215,0,0,todo
cap_001248,215,0,0,todo
cap_001249,215,0,0,todo
cap_001250,215,0,0,todo
cap_001251,215,0,0,todo
cap_001252,215,0,0,todo
cap_001253,215,0,0,todo
cap_001254,215,0,0,todo
cap_001255,215,0,0,todo
cap_001256,215,0,0,todo
cap_001257,216,3,0,ok
cap_001258,216,3,0,ok
cap_001259,216,3,0,ok
cap_001260,216,3,0,ok
cap_001261,216,3,0,ok
cap_001262,216,3,0,ok
cap_001263,216,3,0,ok
cap_001264,216,3,0,ok
cap_001265,216,3,0,ok
cap_001266,216,3,0,ok
cap_001267,216,3,0,ok
cap_001268,217,3,0,ok
cap_001269,217,3,0,ok
cap_001270,217,3,0,ok
cap_001271,217,3,0,ok
cap_001272,217,3,0,ok
cap_001273,217,3,0,ok
cap_001274,217,3,0,ok
cap_001275,218,3,0,ok
cap_001276,218,3,0,ok
cap_001277,218,3,0,ok
cap_001278,218,3,0,ok
cap_001279,219,0,0,todo
cap_001280,219,0,0,todo
cap_001281,219,0,0,todo
cap_001282,220,0,0,todo
cap_001283,220,0,0,todo
cap_001284,220,0,0,todo
cap_001285,220,0,0,todo
cap_001286,220,0,0,todo
cap_001287,220,0,0,todo
cap_001288,221,0,0,todo
cap_001289,221,0,0,todo
cap_001290,221,0,0,todo
cap_001291,221,0,0,todo
cap_001292,222,0,0,todo
cap_001293,222,0,0,todo
cap_001294,222,0,0,todo
cap_001295,222,0,0,todo
cap_001296,222,0,0,todo
cap_001297,222,0,0,todo
cap_001298,223,3,0,ok
cap_001299,223,3,0,ok
cap_001300,223,3,0,ok
cap_001301,223,3,0,ok
cap_001302,223,3,0,ok
cap_001303,224,3,0,ok
cap_001304,224,3,1,ok
cap_001305,224,3,0,ok
cap_001306,224,3,0,ok
cap_001307,224,3,0,ok
cap_001308,225,3,0,ok
cap_001309,225,2,0,todo
cap_001310,225,3,0,ok
cap_001311,225,2,0,todo
cap_001312,225,2,0,todo
cap_001313,225,2,0,todo
cap_001314,225,3,0,ok
cap_001315,226,3,0,ok
cap_001316,226,3,0,ok
cap_001317,226,3,0,ok
cap_001318,226,3,0,ok
cap_001319,227,3,0,ok
cap_001320,227,3,0,ok
cap_001321,227,3,0,ok
cap_001322,228,3,0,ok
cap_001323,228,3,0,ok
cap_001324,228,3,1,ok
cap_001325,228,3,1,ok
cap_001326,229,3,2,ok
cap_001327,229,2,0,todo
cap_001328,230,2,0,todo
cap_001329,231,2,0,todo
cap_001330,231,3,0,ok
cap_001331,231,3,1,ok
cap_001332,232,3,1,ok
cap_001333,232,2,0,todo
cap_001334,232,2,0,todo
cap_001335,232,2,0,todo
cap_001336,233,2,0,todo
cap_001337,233,2,0,todo
cap_001338,233,2,0,todo
cap_001339,233,2,0,todo
cap_001340,233,2,0,todo
cap_001341,233,2,0,todo
cap_001342,234,0,0,todo
cap_001343,234,0,0,todo
cap_001344,234,0,0,todo
cap_001345,234,0,0,todo
cap_001346,234,0,0,todo
cap_001347,234,0,0,todo
cap_001348,234,0,0,todo
cap_001349,234,0,0,todo
cap_001350,234,0,0,todo
cap_001351,234,0,0,todo
cap_001352,234,0,0,todo
cap_001353,234,0,0,todo
cap_001354,234,0,0,todo
cap_001355,234,0,0,todo
cap_001356,234,0,0,todo
cap_001357,234,0,0,todo
cap_001358,234,0,0,todo
cap_001359,234,0,0,todo
cap_001360,234,0,0,todo
cap_001361,234,0,0,todo
cap_001362,234,0,0,todo
cap_001363,234,0,0,todo
cap_001364,234,0,0,todo
cap_001365,234,0,0,todo
cap_001366,234,0,0,todo
cap_001367,234,0,0,todo
cap_001368,234,0,0,todo
cap_001369,234,0,0,todo
cap_001370,234,0,0,todo
cap_001371,234,0,0,todo
cap_001372,235,2,0,todo
cap_001373,235,2,0,todo
cap_001374,235,2,0,todo
cap_001375,235,2,0,todo
cap_001376,235,2,0,todo
cap_001377,235,2,0,todo
cap_001378,235,2,0,todo
cap_001379,235,2,0,todo
cap_001380,235,2,0,todo
cap_001381,235,2,0,todo
cap_001382,235,2,0,todo
cap_001383,235,2,0,todo
cap_001384,235,2,0,todo
cap_001385,235,2,0,todo
cap_001386,235,2,0,todo
cap_001387,235,2,0,todo
cap_001388,235,2,0,todo
cap_001389,235,2,0,todo
cap_001390,235,2,0,todo
cap_001391,235,2,0,todo
cap_001392,235,2,0,todo
cap_001393,235,2,0,todo
cap_001394,235,2,0,todo
cap_001395,235,2,0,todo
cap_001396,235,2,0,todo
cap_001397,235,2,0,todo
cap_001398,235,2,0,todo
cap_001399,235,2,0,todo
cap_001400,235,2,0,todo
cap_001401,235,2,0,todo
cap_001402,236,2,0,todo
cap_001403,236,2,0,todo
cap_001404,236,2,0,todo
cap_001405,236,2,0,todo
cap_001406,236,2,0,todo
cap_001407,236,2,0,todo
cap_001408,236,2,0,todo
cap_001409,236,2,0,todo
cap_001410,236,2,0,todo
cap_001411,236,2,0,todo
cap_001412,236,2,0,todo
cap_001413,236,2,0,todo
cap_001414,237,2,0,todo
cap_001415,237,2,0,todo
cap_001416,237,2,0,todo
cap_001417,238,2,0,todo
cap_001418,238,2,0,todo
cap_001419,238,3,0,ok
cap_001420,238,3,0,ok
cap_001421,238,3,0,ok
cap_001422,239,2,1,todo
cap_001423,239,3,0,ok
cap_001424,239,2,1,todo
cap_001425,239,2,3,todo
cap_001426,240,3,2,ok
cap_001427,240,3,2,ok
cap_001428,240,3,1,ok
cap_001429,240,3,2,ok
cap_001430,240,3,2,ok
cap_001431,240,3,1,ok
cap_001432,240,3,2,ok
cap_001433,240,3,2,ok
cap_001434,240,3,2,ok
cap_001435,240,3,2,ok
cap_001436,240,3,2,ok
cap_001437,240,3,2,ok
cap_001438,240,3,2,ok
cap_001439,240,3,2,ok
cap_001440,240,3,2,ok
cap_001441,240,3,1,ok
cap_001442,240,3,2,ok
cap_001443,241,3,2,ok
cap_001444,241,3,2,ok
cap_001445,241,3,2,ok
cap_001446,241,3,2,ok
cap_001447,241,3,2,ok
cap_001448,241,2,1,todo
cap_001449,241,3,2,ok
cap_001450,242,3,0,ok
cap_001451,242,3,0,ok
cap_001452,243,3,0,ok
cap_001453,243,3,0,ok
cap_001454,244,3,0,ok
cap_001455,244,2,0,todo
cap_001456,244,2,0,todo
cap_001457,245,2,0,todo
cap_001458,245,2,0,todo
cap_001459,245,2,0,todo
cap_001460,246,0,0,todo
cap_001461,246,0,0,todo
cap_001462,246,0,0,todo
cap_001463,246,0,0,todo
cap_001464,246,0,0,todo
cap_001465,246,0,0,todo
cap_001466,246,0,0,todo
cap_001467,246,0,0,todo
cap_001468,246,0,0,todo
cap_001469,246,0,0,todo
cap_001470,246,0,0,todo
cap_001471,246,0,0,todo
cap_001472,247,0,0,todo
cap_001473,247,0,0,todo
cap_001474,247,0,0,todo
cap_001475,247,0,0,todo
cap_001476,247,0,0,todo
cap_001477,247,0,0,todo
cap_001478,247,0,0,todo
cap_001479,247,0,0,todo
cap_001480,247,0,0,todo
cap_001481,247,0,0,todo
cap_001482,247,0,0,todo
cap_001483,247,0,0,todo
cap_001484,247,0,0,todo
cap_001485,247,0,0,todo
cap_001486,247,0,0,todo
cap_001487,247,0,0,todo
cap_001488,247,0,0,todo
cap_001489,247,0,0,todo
cap_001490,247,0,0,todo
cap_001491,247,0,0,todo
cap_001492,247,0,0,todo
cap_001493,247,0,0,todo
cap_001494,247,0,0,todo
cap_001495,247,0,0,todo
cap_001496,247,0,0,todo
cap_001497,247,0,0,todo
cap_001498,247,0,0,todo
cap_001499,247,0,0,todo
cap_001500,247,0,0,todo
cap_001501,247,0,0,todo
cap_001502,248,0,0,todo
cap_001503,248,0,0,todo
cap_001504,248,0,0,todo
cap_001505,248,0,0,todo
cap_001506,248,0,0,todo
cap_001507,248,0,0,todo
cap_001508,248,0,0,todo
cap_001509,248,0,0,todo
cap_001510,248,0,0,todo
cap_001511,248,0,0,todo
cap_001512,248,0,0,todo
cap_001513,248,0,0,todo
cap_001514,248,0,0,todo
cap_001515,249,0,0,todo
cap_001516,249,0,0,todo
cap_001517,249,0,0,todo
cap_001518,249,0,0,todo
cap_001519,249,0,0,todo
cap_001520,249,0,0,todo
cap_001521,249,0,0,todo
cap_001522,249,0,0,todo
cap_001523,249,0,0,todo
cap_001524,249,0,0,todo
cap_001525,249,0,0,todo
cap_001526,249,0,0,todo
cap_001527,249,0,0,todo
cap_001528,249,0,0,todo
cap_001529,249,0,0,todo
cap_001530,249,0,0,todo
cap_001531,249,0,0,todo
cap_001532,249,0,0,todo
cap_001533,249,0,0,todo
cap_001534,249,0,0,todo
cap_001535,249,0,0,todo
cap_001536,250,0,0,todo
cap_001537,250,0,0,todo
cap_001538,250,0,0,todo
cap_001539,250,0,0,todo
cap_001540,250,0,0,todo
cap_001541,250,0,0,todo
cap_001542,250,0,0,todo
cap_001543,250,0,0,todo
cap_001544,250,0,0,todo
cap_001545,250,0,0,todo
cap_001546,250,0,0,todo
cap_001547,250,0,0,todo
cap_001548,250,0,0,todo
cap_001549,251,0,0,todo
cap_001550,251,0,0,todo
cap_001551,251,0,0,todo
cap_001552,251,0,0,todo
cap_001553,251,0,0,todo
cap_001554,251,0,0,todo
cap_001555,251,0,0,todo
cap_001556,251,0,0,todo
cap_001557,251,0,0,todo
cap_001558,251,0,0,todo
cap_001559,251,0,0,todo
cap_001560,251,0,0,todo
cap_001561,251,0,0,todo
cap_001562,251,0,0,todo
cap_001563,251,0,0,todo
cap_001564,251,0,0,todo
cap_001565,251,0,0,todo
cap_001566,251,0,0,todo
cap_001567,251,0,0,todo
cap_001568,251,0,0,todo
cap_001569,251,0,0,todo
cap_001570,252,0,0,todo
cap_001571,252,0,0,todo
cap_001572,252,0,0,todo
cap_001573,252,0,0,todo
cap_001574,252,0,0,todo
cap_001575,252,0,0,todo
cap_001576,252,0,0,todo
cap_001577,252,0,0,todo
cap_001578,252,0,0,todo
cap_001579,252,0,0,todo
cap_001580,252,0,0,todo
cap_001581,252,0,0,todo
cap_001582,252,0,0,todo
cap_001583,252,0,0,todo
cap_001584,252,0,0,todo
cap_001585,252,0,0,todo
cap_001586,252,0,0,todo
cap_001587,252,0,0,todo
cap_001588,252,0,0,todo
cap_001589,252,0,0,todo
cap_001590,252,0,0,todo
cap_001591,252,0,0,todo
cap_001592,252,0,0,todo
cap_001593,252,0,0,todo
cap_001594,252,0,0,todo
cap_001595,252,0,0,todo
cap_001596,252,0,0,todo
cap_001597,252,0,0,todo
cap_001598,252,0,0,todo
cap_001599,252,0,0,todo
cap_001600,253,0,0,todo
cap_001601,253,0,0,todo
cap_001602,253,0,0,todo
cap_001603,253,0,0,todo
cap_001604,253,0,0,todo
cap_001605,253,0,0,todo
cap_001606,253,0,0,todo
cap_001607,253,0,0,todo
cap_001608,253,0,0,todo
cap_001609,253,0,0,todo
cap_001610,253,0,0,todo
cap_001611,253,0,0,todo
cap_001612,253,0,0,todo
cap_001613,253,0,0,todo
cap_001614,253,0,0,todo
cap_001615,253,0,0,todo
cap_001616,253,0,0,todo
cap_001617,254,0,0,todo
cap_001618,254,0,0,todo
cap_001619,254,0,0,todo
cap_001620,254,0,0,todo
cap_001621,254,0,0,todo
cap_001622,254,0,0,todo
cap_001623,254,0,0,todo
cap_001624,254,0,0,todo
cap_001625,254,0,0,todo
cap_001626,254,0,0,todo
cap_001627,254,0,0,todo
cap_001628,254,0,0,todo
cap_001629,254,0,0,todo
cap_001630,254,0,0,todo
cap_001631,254,0,0,todo
cap_001632,254,0,0,todo
cap_001633,254,0,0,todo
cap_001634,254,0,0,todo
cap_001635,254,0,0,todo
cap_001636,254,0,0,todo
cap_001637,254,0,0,todo
cap_001638,254,0,0,todo
cap_001639,254,0,0,todo
cap_001640,254,0,0,todo
cap_001641,254,0,0,todo
cap_001642,254,0,0,todo
cap_001643,254,0,0,todo
cap_001644,254,0,0,todo
cap_001645,254,0,0,todo
cap_001646,254,0,0,todo
cap_001647,255,0,0,todo
cap_001648,255,0,0,todo
cap_001649,255,0,0,todo
cap_001650,255,0,0,todo
cap_001651,255,0,0,todo
cap_001652,255,0,0,todo
cap_001653,255,0,0,todo
cap_001654,255,0,0,todo
cap_001655,255,0,0,todo
cap_001656,255,0,0,todo
cap_001657,255,0,0,todo
cap_001658,255,0,0,todo
cap_001659,255,0,0,todo
cap_001660,255,0,0,todo
cap_001661,255,0,0,todo
cap_001662,255,0,0,todo
cap_001663,255,0,0,todo
cap_001664,255,0,0,todo
cap_001665,255,0,0,todo
cap_001666,256,0,0,todo
cap_001667,256,0,0,todo
cap_001668,256,0,0,todo
cap_001669,256,0,0,todo
cap_001670,256,0,0,todo
cap_001671,256,0,0,todo
cap_001672,256,0,0,todo
cap_001673,256,0,0,todo
cap_001674,256,0,0,todo
cap_001675,256,0,0,todo
cap_001676,257,0,0,todo
cap_001677,257,0,0,todo
cap_001678,257,0,0,todo
cap_001679,257,0,0,todo
cap_001680,257,0,0,todo
cap_001681,257,0,0,todo
cap_001682,257,0,0,todo
cap_001683,257,0,0,todo
cap_001684,257,0,0,todo
cap_001685,257,0,0,todo
cap_001686,257,0,0,todo
cap_001687,258,0,0,todo
cap_001688,258,0,0,todo
cap_001689,258,0,0,todo
cap_001690,258,0,0,todo
cap_001691,258,0,0,todo
cap_001692,258,0,0,todo
cap_001693,258,0,0,todo
cap_001694,258,0,0,todo
cap_001695,258,0,0,todo
cap_001696,258,0,0,todo
cap_001697,258,0,0,todo
cap_001698,258,0,0,todo
cap_001699,258,0,0,todo
cap_001700,258,0,0,todo
cap_001701,258,0,0,todo
cap_001702,258,0,0,todo
cap_001703,258,0,0,todo
cap_001704,258,0,0,todo
cap_001705,259,0,0,todo
cap_001706,259,0,0,todo
cap_001707,259,0,0,todo
cap_001708,259,0,0,todo
cap_001709,259,0,0,todo
cap_001710,259,0,0,todo
cap_001711,259,0,0,todo
cap_001712,259,0,0,todo
cap_001713,259,0,0,todo
cap_001714,259,0,0,todo
cap_001715,259,0,0,todo
cap_001716,260,0,0,todo
cap_001717,260,0,0,todo
cap_001718,260,0,0,todo
cap_001719,260,0,0,todo
cap_001720,260,0,0,todo
cap_001721,260,0,0,todo
cap_001722,260,0,0,todo
cap_001723,260,0,0,todo
cap_001724,260,0,0,todo
cap_001725,260,0,0,todo
cap_001726,260,0,0,todo
cap_001727,260,0,0,todo
cap_001728,260,0,0,todo
cap_001729,260,0,0,todo
cap_001730,260,0,0,todo
cap_001731,260,0,0,todo
cap_001732,260,0,0,todo
cap_001733,260,0,0,todo
cap_001734,260,0,0,todo
cap_001735,260,0,0,todo
cap_001736,260,0,0,todo
cap_001737,260,0,0,todo
cap_001738,260,0,0,todo
cap_001739,260,0,0,todo
cap_001740,260,0,0,todo
cap_001741,260,0,0,todo
cap_001742,260,0,0,todo
cap_001743,260,0,0,todo
cap_001744,260,0,0,todo
cap_001745,260,0,0,todo
cap_001746,261,2,0,todo
cap_001747,261,2,0,todo
cap_001748,261,2,0,todo
cap_001749,261,2,0,todo
cap_001750,261,2,0,todo
cap_001751,261,2,0,todo
cap_001752,262,2,0,todo
cap_001753,262,2,0,todo
cap_001754,262,2,0,todo
cap_001755,262,2,0,todo
cap_001756,262,2,0,todo
cap_001757,262,2,0,todo
cap_001758,262,2,0,todo
cap_001759,262,2,0,todo
cap_001760,262,2,0,todo
cap_001761,262,2,0,todo
cap_001762,262,2,0,todo
cap_001763,262,2,0,todo
cap_001764,262,2,0,todo
cap_001765,262,2,0,todo
cap_001766,262,2,0,todo
cap_001767,263,0,0,todo
cap_001768,263,0,0,todo
cap_001769,263,0,0,todo
cap_001770,263,0,0,todo
cap_001771,263,0,0,todo
cap_001772,263,0,0,todo
cap_001773,263,0,0,todo
cap_001774,263,0,0,todo
cap_001775,263,0,0,todo
cap_001776,263,0,0,todo
cap_001777,263,0,0,todo
cap_001778,263,0,0,todo
cap_001779,263,0,0,todo
cap_001780,263,0,0,todo
cap_001781,263,0,0,todo
cap_001782,263,0,0,todo
cap_001783,263,0,0,todo
cap_001784,263,0,0,todo
cap_001785,263,0,0,todo
cap_001786,263,0,0,todo
cap_001787,263,0,0,todo
cap_001788,263,0,0,todo
cap_001789,263,0,0,todo
cap_001790,263,0,0,todo
cap_001791,263,0,0,todo
cap_001792,263,0,0,todo
cap_001793,263,0,0,todo
cap_001794,263,0,0,todo
cap_001795,263,0,0,todo
cap_001796,263,0,0,todo
cap_001797,264,2,0,todo
cap_001798,264,2,0,todo
cap_001799,264,2,0,todo
cap_001800,264,2,0,todo
cap_001801,264,2,0,todo
cap_001802,264,2,0,todo
cap_001803,264,2,0,todo
cap_001804,264,2,0,todo
cap_001805,264,2,0,todo
cap_001806,265,0,0,todo
cap_001807,265,0,0,todo
cap_001808,265,0,0,todo
cap_001809,265,0,0,todo
cap_001810,265,0,0,todo
cap_001811,265,0,0,todo
cap_001812,265,0,0,todo
cap_001813,265,0,0,todo
cap_001814,265,0,0,todo
cap_001815,265,0,0,todo
cap_001816,265,0,0,todo
cap_001817,265,0,0,todo
cap_001818,265,0,0,todo
cap_001819,265,0,0,todo
cap_001820,266,2,0,todo
cap_001821,266,2,0,todo
cap_001822,266,2,0,todo
cap_001823,266,2,0,todo
cap_001824,266,2,0,todo
cap_001825,266,2,0,todo
cap_001826,266,2,0,todo
cap_001827,266,2,0,todo
cap_001828,266,2,0,todo
cap_001829,266,2,0,todo
cap_001830,266,2,0,todo
cap_001831,266,2,0,todo
cap_001832,266,2,0,todo
cap_001833,266,2,0,todo
cap_001834,266,2,0,todo
cap_001835,266,2,0,todo
cap_001836,267,0,0,todo
cap_001837,267,0,0,todo
cap_001838,267,0,0,todo
cap_001839,267,0,0,todo
cap_001840,267,0,0,todo
cap_001841,267,0,0,todo
cap_001842,267,0,0,todo
cap_001843,267,0,0,todo
cap_001844,267,0,0,todo
cap_001845,267,0,0,todo
cap_001846,267,0,0,todo
cap_001847,267,0,0,todo
cap_001848,267,0,0,todo
cap_001849,267,0,0,todo
cap_001850,267,0,0,todo
cap_001851,267,0,0,todo
cap_001852,267,0,0,todo
cap_001853,267,0,0,todo
cap_001854,267,0,0,todo
cap_001855,267,0,0,todo
cap_001856,267,0,0,todo
cap_001857,267,0,0,todo
cap_001858,267,0,0,todo
cap_001859,267,0,0,todo
cap_001860,267,0,0,todo
cap_001861,267,0,0,todo
cap_001862,267,0,0,todo
cap_001863,267,0,0,todo
cap_001864,267,0,0,todo
cap_001865,267,0,0,todo
cap_001866,268,2,0,todo
cap_001867,268,2,0,todo
cap_001868,268,2,0,todo
cap_001869,268,2,0,todo
cap_001870,268,2,0,todo
cap_001871,268,2,0,todo
cap_001872,268,2,0,todo
cap_001873,268,2,0,todo
cap_001874,268,2,0,todo
cap_001875,268,2,0,todo
cap_001876,268,2,0,todo
cap_001877,268,2,0,todo
cap_001878,268,2,0,todo
cap_001879,268,2,0,todo
cap_001880,268,2,0,todo
cap_001881,268,2,0,todo
cap_001882,268,2,0,todo
cap_001883,268,2,0,todo
cap_001884,268,2,0,todo
cap_001885,268,2,0,todo
cap_001886,268,2,0,todo
cap_001887,268,2,0,todo
cap_001888,268,2,0,todo
cap_001889,268,2,0,todo
cap_001890,268,2,0,todo
cap_001891,268,2,0,todo
cap_001892,269,0,0,todo
cap_001893,269,0,0,todo
cap_001894,269,0,0,todo
cap_001895,269,0,0,todo
cap_001896,269,0,0,todo
cap_001897,269,0,0,todo
cap_001898,269,0,0,todo
cap_001899,269,0,0,todo
cap_001900,269,0,0,todo
cap_001901,269,0,0,todo
cap_001902,269,0,0,todo
cap_001903,269,0,0,todo
cap_001904,269,0,0,todo
cap_001905,269,0,0,todo
cap_001906,269,0,0,todo
cap_001907,269,0,0,todo
cap_001908,269,0,0,todo
cap_001909,269,0,0,todo
cap_001910,269,0,0,todo
cap_001911,269,0,0,todo
cap_001912,269,0,0,todo
cap_001913,269,0,0,todo
cap_001914,269,0,0,todo
cap_001915,269,0,0,todo
cap_001916,269,0,0,todo
cap_001917,269,0,0,todo
cap_001918,269,0,0,todo
cap_001919,270,2,0,todo
cap_001920,270,2,0,todo
cap_001921,270,2,0,todo
cap_001922,270,2,0,todo
cap_001923,270,2,0,todo
cap_001924,270,2,0,todo
cap_001925,270,2,0,todo
cap_001926,270,2,0,todo
cap_001927,270,2,0,todo
cap_001928,270,3,0,ok
cap_001929,270,3,0,ok
cap_001930,270,3,0,ok
cap_001931,270,3,0,ok
cap_001932,270,3,0,ok
cap_001933,270,3,0,ok
cap_001934,270,3,0,ok
cap_001935,270,3,0,ok
cap_001936,270,3,0,ok
cap_001937,270,3,0,ok
cap_001938,270,3,0,ok
cap_001939,270,3,0,ok
cap_001940,270,3,0,ok
cap_001941,271,3,0,ok
cap_001942,271,3,0,ok
cap_001943,271,3,0,ok
cap_001944,271,3,0,ok
cap_001945,271,3,0,ok
cap_001946,271,3,0,ok
cap_001947,271,3,0,ok
cap_001948,271,3,0,ok
cap_001949,271,3,0,ok
cap_001950,271,3,0,ok
cap_001951,271,3,0,ok
cap_001952,271,3,0,ok
cap_001953,271,3,0,ok
cap_001954,272,3,0,ok
cap_001955,272,3,0,ok
cap_001956,272,3,0,ok
cap_001957,272,3,0,ok
cap_001958,273,3,0,ok
cap_001959,273,3,0,ok
cap_001960,274,3,0,ok
cap_001961,274,3,0,ok
cap_001962,274,4,0,ok
cap_001963,275,4,0,ok
cap_001964,275,2,1,todo
cap_001965,275,2,0,todo
cap_001966,275,2,0,todo
cap_001967,276,2,2,todo
cap_001968,276,2,2,todo
cap_001969,276,2,1,todo
cap_001970,276,2,1,todo
cap_001971,277,2,2,todo
cap_001972,277,2,1,todo
cap_001973,277,2,1,todo
cap_001974,277,2,0,todo
cap_001975,277,2,1,todo
cap_001976,277,2,1,todo
cap_001977,277,2,1,todo
cap_001978,277,2,1,todo
cap_001979,278,2,2,todo
cap_001980,278,2,1,todo
cap_001981,278,4,1,ok
cap_001982,278,4,2,ok
cap_001983,278,4,1,ok
cap_001984,279,4,0,ok
cap_001985,279,4,0,ok
cap_001986,279,4,0,ok
cap_001987,279,4,0,ok
cap_001988,279,4,0,ok
cap_001989,280,4,0,ok
cap_001990,280,4,0,ok
cap_001991,281,2,0,todo
cap_001992,281,2,0,todo
cap_001993,282,4,0,ok
cap_001994,282,2,0,todo
cap_001995,283,0,0,todo
cap_001996,283,0,0,todo
cap_001997,283,0,0,todo
cap_001998,284,0,0,todo
cap_001999,284,0,0,todo
cap_002000,284,0,0,todo
cap_002001,285,0,0,todo
cap_002002,285,0,0,todo
cap_002003,285,0,0,todo
cap_002004,285,0,0,todo
cap_002005,286,0,0,todo
cap_002006,286,0,0,todo
cap_002007,287,0,0,todo
cap_002008,287,0,0,todo
cap_002009,288,0,0,todo
cap_002010,288,0,0,todo
cap_002011,289,0,0,todo
cap_002012,289,0,0,todo
cap_002013,290,3,1,ok
cap_002014,290,3,1,ok
cap_002015,291,3,1,ok
cap_002016,291,3,1,ok
cap_002017,292,3,1,ok
cap_002018,293,3,1,ok
cap_002019,294,3,1,ok
cap_002020,295,3,1,ok
cap_002021,296,3,1,ok
cap_002022,297,3,1,ok
cap_002023,297,3,1,ok
cap_002024,298,3,1,ok
cap_002025,299,3,0,ok
cap_002026,299,3,1,ok
cap_002027,300,2,1,todo
cap_002028,300,2,0,todo
cap_002029,301,2,1,todo
cap_002030,301,2,0,todo
cap_002031,302,0,0,todo
cap_002032,302,0,0,todo
cap_002033,302,0,0,todo
cap_002034,303,0,0,todo
cap_002035,303,0,0,todo
cap_002036,303,0,0,todo
cap_002037,303,0,0,todo
cap_002038,303,0,0,todo
cap_002039,304,2,0,todo
cap_002040,304,2,0,todo
cap_002041,304,2,0,todo
cap_002042,304,2,0,todo
cap_002043,304,2,0,todo
cap_002044,304,2,0,todo
cap_002045,304,2,0,todo
cap_002046,304,2,0,todo
cap_002047,304,2,0,todo
cap_002048,304,2,0,todo
cap_002049,304,2,0,todo
cap_002050,304,2,0,todo
cap_002051,304,2,0,todo
cap_002052,304,2,0,todo
cap_002053,305,0,0,todo
cap_002054,305,0,0,todo
cap_002055,305,0,0,todo
cap_002056,305,0,0,todo
cap_002057,305,0,0,todo
cap_002058,305,0,0,todo
cap_002059,305,0,0,todo
cap_002060,305,0,0,todo
cap_002061,305,0,0,todo
cap_002062,305,0,0,todo
cap_002063,305,0,0,todo
cap_002064,305,0,0,todo
cap_002065,305,0,0,todo
cap_002066,305,0,0,todo
cap_002067,305,0,0,todo
cap_002068,305,0,0,todo
cap_002069,305,0,0,todo
cap_002070,305,0,0,todo
cap_002071,305,0,0,todo
cap_002072,305,0,0,todo
cap_002073,305,0,0,todo
cap_002074,305,0,0,todo
cap_002075,305,0,0,todo
cap_002076,305,0,0,todo
cap_002077,305,0,0,todo
cap_002078,305,0,0,todo
cap_002079,305,0,0,todo
cap_002080,305,0,0,todo
cap_002081,305,0,0,todo
cap_002082,305,0,0,todo
cap_002083,306,0,0,todo
cap_002084,306,0,0,todo
cap_002085,306,0,0,todo
cap_002086,306,0,0,todo
cap_002087,306,0,0,todo
cap_002088,306,0,0,todo
cap_002089,306,0,0,todo
cap_002090,306,0,0,todo
cap_002091,306,0,0,todo
cap_002092,306,0,0,todo
cap_002093,306,0,0,todo
cap_002094,306,0,0,todo
cap_002095,306,0,0,todo
cap_002096,306,0,0,todo
cap_002097,306,0,0,todo
cap_002098,306,0,0,todo
cap_002099,306,0,0,todo
cap_002100,306,0,0,todo
cap_002101,306,0,0,todo
cap_002102,306,0,0,todo
cap_002103,306,0,0,todo
cap_002104,306,0,0,todo
cap_002105,306,0,0,todo
cap_002106,306,0,0,todo
cap_002107,306,0,0,todo
cap_002108,306,0,0,todo
cap_002109,306,0,0,todo
cap_002110,306,0,0,todo
cap_002111,306,0,0,todo
cap_002112,306,0,0,todo
cap_002113,307,0,0,todo
cap_002114,307,0,0,todo
cap_002115,307,0,0,todo
cap_002116,307,0,0,todo
cap_002117,307,0,0,todo
cap_002118,307,0,0,todo
cap_002119,307,0,0,todo
cap_002120,307,0,0,todo
cap_002121,307,0,0,todo
cap_002122,307,0,0,todo
cap_002123,307,0,0,todo
cap_002124,307,0,0,todo
cap_002125,307,0,0,todo
cap_002126,307,0,0,todo
cap_002127,307,0,0,todo
cap_002128,307,0,0,todo
cap_002129,307,0,0,todo
cap_002130,307,0,0,todo
cap_002131,307,0,0,todo
cap_002132,307,0,0,todo
cap_002133,308,0,0,todo
cap_002134,308,0,0,todo
cap_002135,308,0,0,todo
cap_002136,308,0,0,todo
cap_002137,308,0,0,todo
cap_002138,308,0,0,todo
cap_002139,308,0,0,todo
cap_002140,308,0,0,todo
cap_002141,308,0,0,todo
cap_002142,308,0,0,todo
cap_002143,308,0,0,todo
cap_002144,308,0,0,todo
cap_002145,308,0,0,todo
cap_002146,308,0,0,todo
cap_002147,308,0,0,todo
cap_002148,308,0,0,todo
cap_002149,308,0,0,todo
cap_002150,308,0,0,todo
cap_002151,308,0,0,todo
cap_002152,308,0,0,todo
cap_002153,308,0,0,todo
cap_002154,308,0,0,todo
cap_002155,308,0,0,todo
cap_002156,308,0,0,todo
cap_002157,308,0,0,todo
cap_002158,308,0,0,todo
cap_002159,308,0,0,todo
cap_002160,308,0,0,todo
cap_002161,308,0,0,todo
cap_002162,309,0,0,todo
cap_002163,309,0,0,todo
cap_002164,309,0,0,todo
cap_002165,309,0,0,todo
cap_002166,309,0,0,todo
cap_002167,309,0,0,todo
cap_002168,309,0,0,todo
cap_002169,309,0,0,todo
cap_002170,309,0,0,todo
cap_002171,309,0,0,todo
cap_002172,309,0,0,todo
cap_002173,309,0,0,todo
cap_002174,309,0,0,todo
cap_002175,309,0,0,todo
cap_002176,309,0,0,todo
cap_002177,309,0,0,todo
cap_002178,309,0,0,todo
cap_002179,309,0,0,todo
cap_002180,309,0,0,todo
cap_002181,309,0,0,todo
cap_002182,309,0,0,todo
cap_002183,309,0,0,todo
cap_002184,309,0,0,todo
cap_002185,309,0,0,todo
cap_002186,309,0,0,todo
cap_002187,309,0,0,todo
cap_002188,309,0,0,todo
cap_002189,309,0,0,todo
cap_002190,309,0,0,todo
cap_002191,310,0,0,todo
cap_002192,310,0,0,todo
cap_002193,310,0,0,todo
cap_002194,310,0,0,todo
cap_002195,310,0,0,todo
cap_002196,310,0,0,todo
cap_002197,310,0,0,todo
cap_002198,310,0,0,todo
cap_002199,310,0,0,todo
cap_002200,310,0,0,todo
cap_002201,310,0,0,todo
cap_002202,310,0,0,todo
cap_002203,311,0,0,todo
cap_002204,311,0,0,todo
cap_002205,311,0,0,todo
cap_002206,311,0,0,todo
cap_002207,311,0,0,todo
cap_002208,311,0,0,todo
cap_002209,311,0,0,todo
cap_002210,311,0,0,todo
cap_002211,311,0,0,todo
cap_002212,311,0,0,todo
cap_002213,311,0,0,todo
cap_002214,311,0,0,todo
cap_002215,311,0,0,todo
cap_002216,311,0,0,todo
cap_002217,311,0,0,todo
cap_002218,311,0,0,todo
cap_002219,311,0,0,todo
cap_002220,311,0,0,todo
cap_002221,311,0,0,todo
cap_002222,311,0,0,todo
cap_002223,311,0,0,todo
cap_002224,311,0,0,todo
cap_002225,311,0,0,todo
cap_002226,311,0,0,todo
cap_002227,311,0,0,todo
cap_002228,311,0,0,todo
cap_002229,311,0,0,todo
cap_002230,311,0,0,todo
cap_002231,311,0,0,todo
cap_002232,311,0,0,todo
cap_002233,312,2,0,todo
cap_002234,312,2,0,todo
cap_002235,312,2,0,todo
cap_002236,312,2,0,todo
cap_002237,312,2,0,todo
cap_002238,312,2,0,todo
cap_002239,312,2,0,todo
cap_002240,312,2,0,todo
cap_002241,312,2,0,todo
cap_002242,312,2,0,todo
cap_002243,312,2,0,todo
cap_002244,312,2,0,todo
cap_002245,312,2,0,todo
cap_002246,312,2,0,todo
cap_002247,312,2,0,todo
cap_002248,312,2,0,todo
cap_002249,312,2,0,todo
cap_002250,312,2,0,todo
cap_002251,312,2,0,todo
cap_002252,312,2,0,todo
cap_002253,312,2,0,todo
cap_002254,312,2,0,todo
cap_002255,312,2,0,todo
cap_002256,312,2,0,todo
cap_002257,312,2,0,todo
cap_002258,312,2,0,todo
cap_002259,312,2,0,todo
cap_002260,312,2,0,todo
cap_002261,312,2,0,todo
cap_002262,312,2,0,todo
cap_002263,313,0,0,todo
cap_002264,313,0,0,todo
cap_002265,313,0,0,todo
cap_002266,313,0,0,todo
cap_002267,313,0,0,todo
cap_002268,313,0,0,todo
cap_002269,313,0,0,todo
cap_002270,313,0,0,todo
cap_002271,313,0,0,todo
cap_002272,313,0,0,todo
cap_002273,313,0,0,todo
cap_002274,313,0,0,todo
cap_002275,313,0,0,todo
cap_002276,313,0,0,todo
cap_002277,313,0,0,todo
cap_002278,313,0,0,todo
cap_002279,313,0,0,todo
cap_002280,313,0,0,todo
cap_002281,313,0,0,todo
cap_002282,313,0,0,todo
cap_002283,313,0,0,todo
cap_002284,313,0,0,todo
cap_002285,313,0,0,todo
cap_002286,313,0,0,todo
cap_002287,313,0,0,todo
cap_002288,313,0,0,todo
cap_002289,313,0,0,todo
cap_002290,313,0,0,todo
cap_002291,313,0,0,todo
cap_002292,313,0,0,todo
cap_002293,314,0,0,todo
cap_002294,314,0,0,todo
cap_002295,314,0,0,todo
cap_002296,314,0,0,todo
cap_002297,314,0,0,todo
cap_002298,314,0,0,todo
cap_002299,314,0,0,todo
cap_002300,314,0,0,todo
cap_002301,314,0,0,todo
cap_002302,314,0,0,todo
cap_002303,314,0,0,todo
cap_002304,314,0,0,todo
cap_002305,314,0,0,todo
cap_002306,314,0,0,todo
cap_002307,314,0,0,todo
cap_002308,314,0,0,todo
cap_002309,314,0,0,todo
cap_002310,314,0,0,todo
cap_002311,314,0,0,todo
cap_002312,314,0,0,todo
cap_002313,314,0,0,todo
cap_002314,314,0,0,todo
cap_002315,314,0,0,todo
cap_002316,314,0,0,todo
cap_002317,314,0,0,todo
cap_002318,314,0,0,todo
cap_002319,315,0,0,todo
cap_002320,315,0,0,todo
cap_002321,315,0,0,todo
cap_002322,315,0,0,todo
cap_002323,315,0,0,todo
cap_002324,315,0,0,todo
cap_002325,315,0,0,todo
cap_002326,315,0,0,todo
cap_002327,315,0,0,todo
cap_002328,315,0,0,todo
cap_002329,315,0,0,todo
cap_002330,315,0,0,todo
cap_002331,315,0,0,todo
cap_002332,315,0,0,todo
cap_002333,315,0,0,todo
cap_002334,315,0,0,todo
cap_002335,315,0,0,todo
cap_002336,315,0,0,todo
cap_002337,315,0,0,todo
cap_002338,315,0,0,todo
cap_002339,315,0,0,todo
cap_002340,315,0,0,todo
cap_002341,316,0,0,todo
cap_002342,317,0,0,todo
cap_002343,318,0,0,todo
cap_002344,318,0,0,todo
cap_002345,319,0,0,todo
cap_002346,320,0,0,todo
cap_002347,321,0,0,todo
cap_002348,322,0,0,todo
cap_002349,322,0,0,todo
cap_002350,322,0,0,todo
cap_002351,323,0,0,todo
cap_002352,324,0,0,todo
cap_002353,324,0,0,todo
cap_002354,324,0,0,todo
cap_002355,325,0,0,todo
cap_002356,326,0,0,todo
cap_002357,326,0,0,todo
cap_002358,326,0,0,todo
cap_002359,327,0,0,todo
cap_002360,327,0,0,todo
cap_002361,327,0,0,todo
cap_002362,328,0,0,todo
cap_002363,328,0,0,todo
cap_002364,328,0,0,todo
cap_002365,329,0,0,todo
cap_002366,329,0,0,todo
cap_002367,330,0,0,todo
cap_002368,330,0,0,todo
cap_002369,331,2,2,todo
cap_002370,331,2,2,todo
cap_002371,331,2,2,todo
cap_002372,331,2,2,todo
cap_002373,332,0,0,todo
cap_002374,332,0,0,todo
cap_002375,333,0,0,todo
cap_002376,333,0,0,todo
cap_002377,333,0,0,todo
cap_002378,334,0,0,todo
cap_002379,334,0,0,todo
cap_002380,334,0,0,todo
cap_002381,334,0,0,todo
cap_002382,335,2,3,todo
cap_002383,335,2,3,todo
cap_002384,335,2,1,todo
cap_002385,335,2,1,todo
cap_002386,335,2,3,todo
cap_002387,335,2,1,todo
cap_002388,336,0,0,todo
cap_002389,336,0,0,todo
cap_002390,336,0,0,todo
cap_002391,336,0,0,todo
cap_002392,336,0,0,todo
cap_002393,337,0,0,todo
cap_002394,337,0,0,todo
cap_002395,337,0,0,todo
cap_002396,337,0,0,todo
cap_002397,337,0,0,todo
cap_002398,337,0,0,todo
cap_002399,337,0,0,todo
cap_002400,337,0,0,todo
cap_002401,337,0,0,todo
cap_002402,338,0,0,todo
cap_002403,338,0,0,todo
cap_002404,338,0,0,todo
cap_002405,338,0,0,todo
cap_002406,338,0,0,todo
cap_002407,338,0,0,todo
cap_002408,338,0,0,todo
cap_002409,338,0,0,todo
cap_002410,338,0,0,todo
cap_002411,339,0,0,todo
cap_002412,339,0,0,todo
cap_002413,340,0,0,todo
cap_002414,341,0,0,todo
cap_002415,341,0,0,todo
cap_002416,341,0,0,todo
cap_002417,342,0,0,todo
cap_002418,342,0,0,todo
cap_002419,342,0,0,todo
cap_002420,342,0,0,todo
cap_002421,342,0,0,todo
cap_002422,343,0,0,todo
cap_002423,343,0,0,todo
cap_002424,344,0,0,todo
cap_002425,345,0,0,todo
cap_002426,346,0,0,todo
cap_002427,346,0,0,todo
cap_002428,347,0,0,todo
cap_002429,347,0,0,todo
cap_002430,347,0,0,todo
cap_002431,348,0,0,todo
cap_002432,348,0,0,todo
cap_002433,348,0,0,todo
cap_002434,349,0,0,todo
cap_002435,349,0,0,todo
cap_002436,349,0,0,todo
cap_002437,349,0,0,todo
cap_002438,349,0,0,todo
cap_002439,350,0,0,todo
cap_002440,350,0,0,todo
cap_002441,350,0,0,todo
cap_002442,351,0,0,todo
cap_002443,351,0,0,todo
cap_002444,351,0,0,todo
cap_002445,352,0,0,todo
cap_002446,352,0,0,todo
cap_002447,352,0,0,todo
cap_002448,352,0,0,todo
cap_002449,352,0,0,todo
cap_002450,352,0,0,todo
cap_002451,352,0,0,todo
cap_002452,352,0,0,todo
cap_002453,352,0,0,todo
cap_002454,352,0,0,todo
cap_002455,352,0,0,todo
cap_002456,352,0,0,todo
cap_002457,352,0,0,todo
cap_002458,352,0,0,todo
cap_002459,352,0,0,todo
cap_002460,353,0,0,todo
cap_002461,353,0,0,todo
cap_002462,354,0,0,todo
cap_002463,354,0,0,todo
cap_002464,354,0,0,todo
cap_002465,354,0,0,todo
cap_002466,354,0,0,todo
cap_002467,354,0,0,todo
cap_002468,355,0,0,todo
cap_002469,355,0,0,todo
cap_002470,355,0,0,todo
cap_002471,355,0,0,todo
cap_002472,355,0,0,todo
cap_002473,355,0,0,todo
cap_002474,355,0,0,todo
cap_002475,355,0,0,todo
cap_002476,355,0,0,todo
cap_002477,355,0,0,todo
cap_002478,355,0,0,todo
cap_002479,355,0,0,todo
cap_002480,355,0,0,todo
cap_002481,355,0,0,todo
cap_002482,355,0,0,todo
cap_002483,355,0,0,todo
cap_002484,355,0,0,todo
cap_002485,355,0,0,todo
cap_002486,355,0,0,todo
cap_002487,355,0,0,todo
cap_002488,355,0,0,todo
cap_002489,356,0,0,todo
cap_002490,356,0,0,todo
cap_002491,356,0,0,todo
cap_002492,356,0,0,todo
cap_002493,357,0,0,todo
cap_002494,357,0,0,todo
cap_002495,357,0,0,todo
cap_002496,357,0,0,todo
cap_002497,357,0,0,todo
cap_002498,357,0,0,todo
cap_002499,357,0,0,todo
cap_002500,357,0,0,todo
cap_002501,357,0,0,todo
cap_002502,357,0,0,todo
cap_002503,357,0,0,todo
cap_002504,357,0,0,todo
cap_002505,357,0,0,todo
cap_002506,357,0,0,todo
cap_002507,357,0,0,todo
cap_002508,358,0,0,todo
cap_002509,358,0,0,todo
cap_002510,359,0,0,todo
cap_002511,359,0,0,todo
cap_002512,359,0,0,todo
cap_002513,359,0,0,todo
cap_002514,359,0,0,todo
cap_002515,359,0,0,todo
cap_002516,359,0,0,todo
cap_002517,359,0,0,todo
cap_002518,360,0,0,todo
cap_002519,360,0,0,todo
cap_002520,360,0,0,todo
cap_002521,360,0,0,todo
cap_002522,360,0,0,todo
cap_002523,360,0,0,todo
cap_002524,360,0,0,todo
cap_002525,360,0,0,todo
cap_002526,361,2,0,todo
cap_002527,361,2,0,todo
cap_002528,361,2,0,todo
cap_002529,361,3,0,ok
cap_002530,361,3,0,ok
cap_002531,361,3,0,ok
cap_002532,361,3,0,ok
cap_002533,361,3,0,ok
cap_002534,361,3,1,ok
cap_002535,361,3,1,ok
cap_002536,361,3,0,ok
cap_002537,361,3,0,ok
cap_002538,361,3,0,ok
cap_002539,361,3,0,ok
cap_002540,362,3,0,ok
cap_002541,362,3,0,ok
cap_002542,362,3,0,ok
cap_002543,362,2,0,todo
cap_002544,363,3,0,ok
cap_002545,363,2,0,todo
cap_002546,363,2,0,todo
cap_002547,363,3,1,ok
cap_002548,364,3,0,ok
cap_002549,364,3,0,ok
cap_002550,364,3,0,ok
cap_002551,364,3,0,ok
cap_002552,364,3,0,ok
cap_002553,364,3,0,ok
cap_002554,364,3,0,ok
cap_002555,364,3,0,ok
cap_002556,364,3,0,ok
cap_002557,365,0,0,todo
cap_002558,365,0,0,todo
cap_002559,365,0,0,todo
cap_002560,365,0,0,todo
cap_002561,366,0,0,todo
cap_002562,366,0,0,todo
cap_002563,367,2,0,todo
cap_002564,367,2,2,todo
cap_002565,368,2,2,todo
cap_002566,368,2,2,todo
cap_002567,368,2,2,todo
cap_002568,368,2,0,todo
cap_002569,369,0,0,todo
cap_002570,369,0,0,todo
cap_002571,369,0,0,todo
cap_002572,369,0,0,todo
cap_002573,369,0,0,todo
cap_002574,369,0,0,todo
cap_002575,369,0,0,todo
cap_002576,369,0,0,todo
cap_002577,370,0,0,todo
cap_002578,370,0,0,todo
cap_002579,371,0,0,todo
cap_002580,371,0,0,todo
cap_002581,371,0,0,todo
cap_002582,372,0,0,todo
cap_002583,372,0,0,todo
cap_002584,372,0,0,todo
cap_002585,372,0,0,todo
cap_002586,372,0,0,todo
cap_002587,372,0,0,todo
cap_002588,372,0,0,todo
cap_002589,372,0,0,todo
cap_002590,372,0,0,todo
cap_002591,372,0,0,todo
cap_002592,372,0,0,todo
cap_002593,372,0,0,todo
cap_002594,372,0,0,todo
cap_002595,372,0,0,todo
cap_002596,372,0,0,todo
cap_002597,372,0,0,todo
cap_002598,372,0,0,todo
cap_002599,372,0,0,todo
cap_002600,372,0,0,todo
cap_002601,372,0,0,todo
cap_002602,372,0,0,todo
cap_002603,372,0,0,todo
cap_002604,372,0,0,todo
cap_002605,372,0,0,todo
cap_002606,372,0,0,todo
cap_002607,372,0,0,todo
cap_002608,372,0,0,todo
cap_002609,372,0,0,todo
cap_002610,372,0,0,todo
cap_002611,372,0,0,todo
cap_002612,373,0,0,todo
cap_002613,373,0,0,todo
cap_002614,373,0,0,todo
cap_002615,373,0,0,todo
cap_002616,373,0,0,todo
cap_002617,373,0,0,todo
cap_002618,373,0,0,todo
cap_002619,373,0,0,todo
cap_002620,373,0,0,todo
cap_002621,373,0,0,todo
cap_002622,373,0,0,todo
cap_002623,373,0,0,todo
cap_002624,373,0,0,todo
cap_002625,373,0,0,todo
cap_002626,373,0,0,todo
cap_002627,373,0,0,todo
cap_002628,374,0,0,todo
cap_002629,374,0,0,todo
cap_002630,374,0,0,todo
cap_002631,374,0,0,todo
cap_002632,374,0,0,todo
cap_002633,374,0,0,todo
cap_002634,374,0,0,todo
cap_002635,374,0,0,todo
cap_002636,374,0,0,todo
cap_002637,374,0,0,todo
cap_002638,374,0,0,todo
cap_002639,374,0,0,todo
cap_002640,374,0,0,todo
cap_002641,374,0,0,todo
cap_002642,374,0,0,todo
cap_002643,374,0,0,todo
cap_002644,374,0,0,todo
cap_002645,374,0,0,todo
cap_002646,374,0,0,todo
cap_002647,374,0,0,todo
cap_002648,374,0,0,todo
cap_002649,375,0,0,todo
cap_002650,375,0,0,todo
cap_002651,375,0,0,todo
cap_002652,375,0,0,todo
cap_002653,375,0,0,todo
cap_002654,375,0,0,todo
cap_002655,375,0,0,todo
cap_002656,376,0,0,todo
cap_002657,376,0,0,todo
cap_002658,376,0,0,todo
cap_002659,376,0,0,todo
cap_002660,376,0,0,todo
cap_002661,376,0,0,todo
cap_002662,376,0,0,todo
cap_002663,376,0,0,todo
cap_002664,376,0,0,todo
cap_002665,376,0,0,todo
cap_002666,376,0,0,todo
cap_002667,376,0,0,todo
cap_002668,376,0,0,todo
cap_002669,376,0,0,todo
cap_002670,376,0,0,todo
cap_002671,376,0,0,todo
cap_002672,376,0,0,todo
cap_002673,377,2,0,todo
cap_002674,377,2,0,todo
cap_002675,377,2,0,todo
cap_002676,377,2,0,todo
cap_002677,377,2,0,todo
cap_002678,377,2,0,todo
cap_002679,377,2,0,todo
cap_002680,378,2,0,todo
cap_002681,378,2,0,todo
cap_002682,378,2,0,todo
cap_002683,378,2,0,todo
cap_002684,378,2,0,todo
cap_002685,378,2,0,todo
cap_002686,378,2,0,todo
cap_002687,378,2,0,todo
cap_002688,378,2,0,todo
cap_002689,378,2,0,todo
cap_002690,378,2,0,todo
cap_002691,379,2,0,todo
cap_002692,379,2,0,todo
cap_002693,379,2,0,todo
cap_002694,379,2,0,todo
cap_002695,379,2,0,todo
cap_002696,379,2,0,todo
cap_002697,379,2,0,todo
cap_002698,379,2,0,todo
cap_002699,379,2,0,todo
cap_002700,379,2,0,todo
cap_002701,379,2,0,todo
cap_002702,379,2,0,todo
cap_002703,379,2,0,todo
cap_002704,379,2,0,todo
cap_002705,379,2,0,todo
cap_002706,379,2,0,todo
cap_002707,379,2,0,todo
cap_002708,379,2,0,todo
cap_002709,379,2,0,todo
cap_002710,379,2,0,todo
cap_002711,379,2,0,todo
cap_002712,379,2,0,todo
cap_002713,379,2,0,todo
cap_002714,379,2,0,todo
cap_002715,379,2,0,todo
cap_002716,379,2,0,todo
cap_002717,379,2,0,todo
cap_002718,379,2,0,todo
cap_002719,379,2,0,todo
cap_002720,379,2,0,todo
cap_002721,380,2,0,todo
cap_002722,380,2,0,todo
cap_002723,380,2,0,todo
cap_002724,380,2,0,todo
cap_002725,380,2,0,todo
cap_002726,380,2,0,todo
cap_002727,380,2,0,todo
cap_002728,380,2,0,todo
cap_002729,380,2,0,todo
cap_002730,380,2,0,todo
cap_002731,380,2,0,todo
cap_002732,380,2,0,todo
cap_002733,380,2,0,todo
cap_002734,380,2,0,todo
cap_002735,381,2,0,todo
cap_002736,381,2,0,todo
cap_002737,381,2,0,todo
cap_002738,381,2,0,todo
cap_002739,381,2,0,todo
cap_002740,381,2,0,todo
cap_002741,381,2,0,todo
cap_002742,381,2,0,todo
cap_002743,381,2,0,todo
cap_002744,381,2,0,todo
cap_002745,381,2,0,todo
cap_002746,381,2,0,todo
cap_002747,381,2,0,todo
cap_002748,381,2,0,todo
cap_002749,381,2,0,todo
cap_002750,381,2,0,todo
cap_002751,381,2,0,todo
cap_002752,381,2,0,todo
cap_002753,381,2,0,todo
cap_002754,381,2,0,todo
cap_002755,381,2,0,todo
cap_002756,381,2,0,todo
cap_002757,381,2,0,todo
cap_002758,382,0,0,todo
cap_002759,382,0,0,todo
cap_002760,382,0,0,todo
cap_002761,382,0,0,todo
cap_002762,382,0,0,todo
cap_002763,382,0,0,todo
cap_002764,382,0,0,todo
cap_002765,382,0,0,todo
cap_002766,382,0,0,todo
cap_002767,382,0,0,todo
cap_002768,382,0,0,todo
cap_002769,382,0,0,todo
cap_002770,382,0,0,todo
cap_002771,382,0,0,todo
cap_002772,382,0,0,todo
cap_002773,382,0,0,todo
cap_002774,382,0,0,todo
cap_002775,382,0,0,todo
cap_002776,382,0,0,todo
cap_002777,382,0,0,todo
cap_002778,382,0,0,todo
cap_002779,382,0,0,todo
cap_002780,383,0,0,todo
cap_002781,383,0,0,todo
cap_002782,383,0,0,todo
cap_002783,383,0,0,todo
cap_002784,383,0,0,todo
cap_002785,383,0,0,todo
cap_002786,383,0,0,todo
cap_002787,383,0,0,todo
cap_002788,383,0,0,todo
cap_002789,383,0,0,todo
cap_002790,383,0,0,todo
cap_002791,383,0,0,todo
cap_002792,383,0,0,todo
cap_002793,383,0,0,todo
cap_002794,383,0,0,todo
cap_002795,383,0,0,todo
cap_002796,383,0,0,todo
cap_002797,383,0,0,todo
cap_002798,383,0,0,todo
cap_002799,383,0,0,todo
cap_002800,383,0,0,todo
cap_002801,383,0,0,todo
cap_002802,383,0,0,todo
cap_002803,383,0,0,todo
cap_002804,383,0,0,todo
cap_002805,383,0,0,todo
cap_002806,383,0,0,todo
cap_002807,383,0,0,todo
cap_002808,383,0,0,todo
cap_002809,383,0,0,todo
cap_002810,384,0,0,todo
cap_002811,384,0,0,todo
cap_002812,384,0,0,todo
cap_002813,384,0,0,todo
cap_002814,384,0,0,todo
cap_002815,384,0,0,todo
cap_002816,384,0,0,todo
cap_002817,384,0,0,todo
cap_002818,384,0,0,todo
cap_002819,384,0,0,todo
cap_002820,384,0,0,todo
cap_002821,384,0,0,todo
cap_002822,384,0,0,todo
cap_002823,384,0,0,todo
cap_002824,384,0,0,todo
cap_002825,384,0,0,todo
cap_002826,384,0,0,todo
cap_002827,384,0,0,todo
cap_002828,384,0,0,todo
cap_002829,384,0,0,todo
cap_002830,384,0,0,todo
cap_002831,384,0,0,todo
cap_002832,384,0,0,todo
cap_002833,384,0,0,todo
cap_002834,384,0,0,todo
cap_002835,384,0,0,todo
cap_002836,384,0,0,todo
cap_002837,384,0,0,todo
cap_002838,384,0,0,todo
cap_002839,384,0,0,todo
cap_002840,385,0,0,todo
cap_002841,385,0,0,todo
cap_002842,385,0,0,todo
cap_002843,385,0,0,todo
cap_002844,385,0,0,todo
cap_002845,385,0,0,todo
cap_002846,385,0,0,todo
cap_002847,385,0,0,todo
cap_002848,385,0,0,todo
cap_002849,385,0,0,todo
cap_002850,385,0,0,todo
cap_002851,385,0,0,todo
cap_002852,385,0,0,todo
cap_002853,385,0,0,todo
cap_002854,385,0,0,todo
cap_002855,385,0,0,todo
cap_002856,385,0,0,todo
cap_002857,385,0,0,todo
cap_002858,385,0,0,todo
cap_002859,385,0,0,todo
cap_002860,385,0,0,todo
cap_002861,385,0,0,todo
cap_002862,385,0,0,todo
cap_002863,385,0,0,todo
cap_002864,385,0,0,todo
cap_002865,385,0,0,todo
cap_002866,385,0,0,todo
cap_002867,385,0,0,todo
cap_002868,385,0,0,todo
cap_002869,385,0,0,todo
cap_002870,386,2,0,todo
cap_002871,386,2,0,todo
cap_002872,386,2,0,todo
cap_002873,386,2,0,todo
cap_002874,386,2,0,todo
cap_002875,386,2,0,todo
cap_002876,386,2,0,todo
cap_002877,386,2,0,todo
cap_002878,386,2,0,todo
cap_002879,386,2,0,todo
cap_002880,386,2,0,todo
cap_002881,386,2,0,todo
cap_002882,386,2,0,todo
cap_002883,386,2,0,todo
cap_002884,386,2,0,todo
cap_002885,386,2,0,todo
cap_002886,386,2,0,todo
cap_002887,386,2,0,todo
cap_002888,386,2,0,todo
cap_002889,386,2,0,todo
cap_002890,386,2,0,todo
cap_002891,386,2,0,todo
cap_002892,386,2,0,todo
cap_002893,386,2,0,todo
cap_002894,386,2,0,todo
cap_002895,387,0,0,todo
cap_002896,387,0,0,todo
cap_002897,387,0,0,todo
cap_002898,387,0,0,todo
cap_002899,387,0,0,todo
cap_002900,387,0,0,todo
cap_002901,387,0,0,todo
cap_002902,387,0,0,todo
cap_002903,387,0,0,todo
cap_002904,387,0,0,todo
cap_002905,387,0,0,todo
cap_002906,387,0,0,todo
cap_002907,387,0,0,todo
cap_002908,387,0,0,todo
cap_002909,387,0,0,todo
cap_002910,387,0,0,todo
cap_002911,387,0,0,todo
cap_002912,387,0,0,todo
cap_002913,387,0,0,todo
cap_002914,387,0,0,todo
cap_002915,387,0,0,todo
cap_002916,387,0,0,todo
cap_002917,387,0,0,todo
cap_002918,387,0,0,todo
cap_002919,387,0,0,todo
cap_002920,387,0,0,todo
cap_002921,387,0,0,todo
cap_002922,387,0,0,todo
cap_002923,387,0,0,todo
cap_002924,387,0,0,todo
cap_002925,388,0,0,todo
cap_002926,388,0,0,todo
cap_002927,388,0,0,todo
cap_002928,388,0,0,todo
cap_002929,388,0,0,todo
cap_002930,388,0,0,todo
cap_002931,388,0,0,todo
cap_002932,388,0,0,todo
cap_002933,388,0,0,todo
cap_002934,388,0,0,todo
cap_002935,388,0,0,todo
cap_002936,388,0,0,todo
cap_002937,388,0,0,todo
cap_002938,388,0,0,todo
cap_002939,388,0,0,todo
cap_002940,388,0,0,todo
cap_002941,388,0,0,todo
cap_002942,388,0,0,todo
cap_002943,388,0,0,todo
cap_002944,388,0,0,todo
cap_002945,388,0,0,todo
cap_002946,388,0,0,todo
cap_002947,388,0,0,todo
cap_002948,388,0,0,todo
cap_002949,388,0,0,todo
cap_002950,389,0,0,todo
cap_002951,389,0,0,todo
cap_002952,389,0,0,todo
cap_002953,389,0,0,todo
cap_002954,389,0,0,todo
cap_002955,389,0,0,todo
cap_002956,389,0,0,todo
cap_002957,389,0,0,todo
cap_002958,389,0,0,todo
cap_002959,389,0,0,todo
cap_002960,389,0,0,todo
cap_002961,389,0,0,todo
cap_002962,389,0,0,todo
cap_002963,389,0,0,todo
cap_002964,389,0,0,todo
cap_002965,389,0,0,todo
cap_002966,390,0,0,todo
cap_002967,390,0,0,todo
cap_002968,390,0,0,todo
cap_002969,390,0,0,todo
cap_002970,390,0,0,todo
cap_002971,390,0,0,todo
cap_002972,390,0,0,todo
cap_002973,390,0,0,todo
cap_002974,390,0,0,todo
cap_002975,390,0,0,todo
cap_002976,390,0,0,todo
cap_002977,390,0,0,todo
cap_002978,390,0,0,todo
cap_002979,390,0,0,todo
cap_002980,390,0,0,todo
cap_002981,390,0,0,todo
cap_002982,390,0,0,todo
cap_002983,390,0,0,todo
cap_002984,390,0,0,todo
cap_002985,390,0,0,todo
cap_002986,390,0,0,todo
cap_002987,390,0,0,todo
cap_002988,390,0,0,todo
cap_002989,390,0,0,todo
cap_002990,390,0,0,todo
cap_002991,390,0,0,todo
cap_002992,390,0,0,todo
cap_002993,390,0,0,todo
cap_002994,390,0,0,todo
cap_002995,390,0,0,todo
cap_002996,391,0,0,todo
cap_002997,391,0,0,todo
cap_002998,391,0,0,todo
cap_002999,391,0,0,todo
cap_003000,391,0,0,todo
cap_003001,391,0,0,todo
cap_003002,391,0,0,todo
cap_003003,391,0,0,todo
cap_003004,391,0,0,todo
cap_003005,391,0,0,todo
cap_003006,391,0,0,todo
cap_003007,391,0,0,todo
cap_003008,391,0,0,todo
cap_003009,391,0,0,todo
cap_003010,391,0,0,todo
cap_003011,391,0,0,todo
cap_003012,391,0,0,todo
cap_003013,391,0,0,todo
cap_003014,391,0,0,todo
cap_003015,391,0,0,todo
cap_003016,391,0,0,todo
cap_003017,391,0,0,todo
cap_003018,391,0,0,todo
cap_003019,391,0,0,todo
cap_003020,391,0,0,todo
cap_003021,391,0,0,todo
cap_003022,391,0,0,todo
cap_003023,391,0,0,todo
cap_003024,391,0,0,todo
cap_003025,391,0,0,todo
cap_003026,392,0,0,todo
cap_003027,392,0,0,todo
cap_003028,392,0,0,todo
cap_003029,392,0,0,todo
cap_003030,392,0,0,todo
cap_003031,392,0,0,todo
cap_003032,392,0,0,todo
cap_003033,392,0,0,todo
cap_003034,392,0,0,todo
cap_003035,392,0,0,todo
cap_003036,392,0,0,todo
cap_003037,392,0,0,todo
cap_003038,392,0,0,todo
cap_003039,392,0,0,todo
cap_003040,392,0,0,todo
cap_003041,392,0,0,todo
cap_003042,392,0,0,todo
cap_003043,392,0,0,todo
cap_003044,392,0,0,todo
cap_003045,392,0,0,todo
cap_003046,392,0,0,todo
cap_003047,392,0,0,todo
cap_003048,392,0,0,todo
cap_003049,392,0,0,todo
cap_003050,392,0,0,todo
cap_003051,392,0,0,todo
cap_003052,392,0,0,todo
cap_003053,392,0,0,todo
cap_003054,392,0,0,todo
cap_003055,392,0,0,todo
cap_003056,393,0,0,todo
cap_003057,393,0,0,todo
cap_003058,393,0,0,todo
cap_003059,393,0,0,todo
cap_003060,393,0,0,todo
cap_003061,393,0,0,todo
cap_003062,393,0,0,todo
cap_003063,393,0,0,todo
cap_003064,393,0,0,todo
cap_003065,393,0,0,todo
cap_003066,393,0,0,todo
cap_003067,393,0,0,todo
cap_003068,393,0,0,todo
cap_003069,393,0,0,todo
cap_003070,393,0,0,todo
cap_003071,393,0,0,todo
cap_003072,393,0,0,todo
cap_003073,393,0,0,todo
cap_003074,393,0,0,todo
cap_003075,393,0,0,todo
cap_003076,393,0,0,todo
cap_003077,393,0,0,todo
cap_003078,393,0,0,todo
cap_003079,394,0,0,todo
cap_003080,394,0,0,todo
cap_003081,394,0,0,todo
cap_003082,394,0,0,todo
cap_003083,394,0,0,todo
cap_003084,394,0,0,todo
cap_003085,394,0,0,todo
cap_003086,394,0,0,todo
cap_003087,394,0,0,todo
cap_003088,394,0,0,todo
cap_003089,394,0,0,todo
cap_003090,394,0,0,todo
cap_003091,394,0,0,todo
cap_003092,394,0,0,todo
cap_003093,394,0,0,todo
cap_003094,394,0,0,todo
cap_003095,394,0,0,todo
cap_003096,394,0,0,todo
cap_003097,394,0,0,todo
cap_003098,394,0,0,todo
cap_003099,394,0,0,todo
cap_003100,394,0,0,todo
cap_003101,394,0,0,todo
cap_003102,394,0,0,todo
cap_003103,394,0,0,todo
cap_003104,394,0,0,todo
cap_003105,394,0,0,todo
cap_003106,394,0,0,todo
cap_003107,394,0,0,todo
cap_003108,394,0,0,todo
cap_003109,395,2,0,todo
cap_003110,395,2,0,todo
cap_003111,395,2,0,todo
cap_003112,395,2,0,todo
cap_003113,395,2,0,todo
cap_003114,395,2,0,todo
cap_003115,395,2,0,todo
cap_003116,395,2,0,todo
cap_003117,395,2,0,todo
cap_003118,395,2,0,todo
cap_003119,395,2,0,todo
cap_003120,395,2,0,todo
cap_003121,395,2,0,todo
cap_003122,395,2,0,todo
cap_003123,395,2,0,todo
cap_003124,395,2,0,todo
cap_003125,395,2,0,todo
cap_003126,395,2,0,todo
cap_003127,395,2,0,todo
cap_003128,395,2,0,todo
cap_003129,395,2,0,todo
cap_003130,395,2,0,todo
cap_003131,395,2,0,todo
cap_003132,395,2,0,todo
cap_003133,395,2,0,todo
cap_003134,395,2,0,todo
cap_003135,395,2,0,todo
cap_003136,395,2,0,todo
cap_003137,395,2,0,todo
cap_003138,395,2,0,todo
cap_003139,396,2,0,todo
cap_003140,396,2,0,todo
cap_003141,396,2,0,todo
cap_003142,396,2,0,todo
cap_003143,396,2,0,todo
cap_003144,396,2,0,todo
cap_003145,396,2,0,todo
cap_003146,396,2,0,todo
cap_003147,396,2,0,todo
cap_003148,396,2,0,todo
cap_003149,396,2,0,todo
cap_003150,396,2,0,todo
cap_003151,396,2,0,todo
cap_003152,396,2,0,todo
cap_003153,396,2,0,todo
cap_003154,397,0,0,todo
cap_003155,397,0,0,todo
cap_003156,397,0,0,todo
cap_003157,397,0,0,todo
cap_003158,397,0,0,todo
cap_003159,397,0,0,todo
cap_003160,397,0,0,todo
cap_003161,397,0,0,todo
cap_003162,397,0,0,todo
cap_003163,397,0,0,todo
cap_003164,397,0,0,todo
cap_003165,397,0,0,todo
cap_003166,397,0,0,todo
cap_003167,397,0,0,todo
cap_003168,397,0,0,todo
cap_003169,397,0,0,todo
cap_003170,397,0,0,todo
cap_003171,397,0,0,todo
cap_003172,397,0,0,todo
cap_003173,397,0,0,todo
cap_003174,397,0,0,todo
cap_003175,397,0,0,todo
cap_003176,397,0,0,todo
cap_003177,397,0,0,todo
cap_003178,397,0,0,todo
cap_003179,397,0,0,todo
cap_003180,397,0,0,todo
cap_003181,397,0,0,todo
cap_003182,397,0,0,todo
cap_003183,397,0,0,todo
cap_003184,398,0,0,todo
cap_003185,398,0,0,todo
cap_003186,398,0,0,todo
cap_003187,398,0,0,todo
cap_003188,398,0,0,todo
cap_003189,398,0,0,todo
cap_003190,398,0,0,todo
cap_003191,398,0,0,todo
cap_003192,398,0,0,todo
cap_003193,398,0,0,todo
cap_003194,398,0,0,todo
cap_003195,398,0,0,todo
cap_003196,398,0,0,todo
cap_003197,398,0,0,todo
cap_003198,398,0,0,todo
cap_003199,398,0,0,todo
cap_003200,398,0,0,todo
cap_003201,398,0,0,todo
cap_003202,398,0,0,todo
cap_003203,398,0,0,todo
cap_003204,398,0,0,todo
cap_003205,398,0,0,todo
cap_003206,398,0,0,todo
cap_003207,398,0,0,todo
cap_003208,398,0,0,todo
cap_003209,398,0,0,todo
cap_003210,399,0,0,todo
cap_003211,399,0,0,todo
cap_003212,399,0,0,todo
cap_003213,399,0,0,todo
cap_003214,399,0,0,todo
cap_003215,399,0,0,todo
cap_003216,399,0,0,todo
cap_003217,399,0,0,todo
cap_003218,399,0,0,todo
cap_003219,399,0,0,todo
cap_003220,399,0,0,todo
cap_003221,399,0,0,todo
cap_003222,399,0,0,todo
cap_003223,399,0,0,todo
cap_003224,399,0,0,todo
cap_003225,399,0,0,todo
cap_003226,399,0,0,todo
cap_003227,399,0,0,todo
cap_003228,399,0,0,todo
cap_003229,399,0,0,todo
cap_003230,399,0,0,todo
cap_003231,399,0,0,todo
cap_003232,399,0,0,todo
cap_003233,399,0,0,todo
cap_003234,399,0,0,todo
cap_003235,399,0,0,todo
cap_003236,399,0,0,todo
cap_003237,399,0,0,todo
cap_003238,399,0,0,todo
cap_003239,399,0,0,todo
cap_003240,400,0,0,todo
cap_003241,400,0,0,todo
cap_003242,400,0,0,todo
cap_003243,400,0,0,todo
cap_003244,400,0,0,todo
cap_003245,400,0,0,todo
cap_003246,400,0,0,todo
cap_003247,400,0,0,todo
cap_003248,400,0,0,todo
cap_003249,400,0,0,todo
cap_003250,400,0,0,todo
cap_003251,400,0,0,todo
cap_003252,400,0,0,todo
cap_003253,400,0,0,todo
cap_003254,400,0,0,todo
cap_003255,400,0,0,todo
cap_003256,400,0,0,todo
cap_003257,400,0,0,todo
cap_003258,400,0,0,todo
cap_003259,400,0,0,todo
cap_003260,400,0,0,todo
cap_003261,400,0,0,todo
cap_003262,401,0,0,todo
cap_003263,401,0,0,todo
cap_003264,401,0,0,todo
cap_003265,401,0,0,todo
cap_003266,401,0,0,todo
cap_003267,401,0,0,todo
cap_003268,402,2,0,todo
cap_003269,402,2,0,todo
cap_003270,402,2,0,todo
cap_003271,402,2,0,todo
cap_003272,402,2,0,todo
cap_003273,402,2,0,todo
cap_003274,402,2,0,todo
cap_003275,403,2,0,todo
cap_003276,403,3,1,ok
cap_003277,404,3,0,ok
cap_003278,405,3,0,ok
cap_003279,406,3,1,ok
cap_003280,407,3,1,ok
cap_003281,408,3,1,ok
cap_003282,409,3,1,ok
cap_003283,410,3,1,ok
cap_003284,411,3,1,ok
cap_003285,412,3,1,ok
cap_003286,413,3,2,ok
cap_003287,414,3,2,ok
cap_003288,415,3,2,ok
cap_003289,416,3,2,ok
cap_003290,417,3,2,ok
cap_003291,417,2,3,todo
cap_003292,418,2,3,todo
cap_003293,418,3,2,ok
cap_003294,419,3,2,ok
cap_003295,419,2,3,todo
cap_003296,420,3,2,ok
cap_003297,420,2,3,todo
cap_003298,421,3,2,ok
cap_003299,421,3,2,ok
cap_003300,422,2,3,todo
cap_003301,422,2,2,todo
cap_003302,423,3,0,ok
cap_003303,423,3,0,ok
cap_003304,424,3,1,ok
cap_003305,425,4,2,ok
cap_003306,425,5,0,ok
cap_003307,426,4,0,ok
cap_003308,426,3,2,ok
cap_003309,427,3,2,ok
cap_003310,427,2,1,todo
cap_003311,428,2,1,todo
cap_003312,428,2,1,todo
cap_003313,429,2,2,todo
cap_003314,430,0,0,todo
cap_003315,430,0,0,todo
cap_003316,431,0,0,todo
cap_003317,431,0,0,todo
cap_003318,432,0,0,todo
cap_003319,432,0,0,todo
cap_003320,433,0,0,todo
cap_003321,433,0,0,todo
cap_003322,433,0,0,todo
cap_003323,434,2,1,todo
cap_003324,434,2,2,todo
cap_003325,434,2,1,todo
cap_003326,435,3,0,ok
cap_003327,435,3,0,ok
cap_003328,435,3,0,ok
cap_003329,436,3,0,ok
cap_003330,436,3,0,ok
cap_003331,436,3,0,ok
cap_003332,436,3,0,ok
cap_003333,436,3,0,ok
cap_003334,436,3,1,ok
cap_003335,436,3,1,ok
cap_003336,436,3,1,ok
cap_003337,436,2,2,todo
cap_003338,437,3,1,ok
cap_003339,437,3,2,ok
cap_003340,437,3,2,ok
cap_003341,437,3,0,ok
cap_003342,437,3,1,ok
cap_003343,437,3,0,ok
cap_003344,437,3,0,ok
cap_003345,437,3,1,ok
cap_003346,437,3,1,ok
cap_003347,437,3,1,ok
cap_003348,437,3,0,ok
cap_003349,437,3,0,ok
cap_003350,438,3,1,ok
cap_003351,438,3,0,ok
cap_003352,438,3,0,ok
cap_003353,438,3,0,ok
cap_003354,438,3,1,ok
cap_003355,438,3,0,ok
cap_003356,438,3,0,ok
cap_003357,438,3,0,ok
cap_003358,438,3,0,ok
cap_003359,438,3,0,ok
cap_003360,438,3,0,ok
cap_003361,438,3,0,ok
cap_003362,438,3,0,ok
cap_003363,438,3,1,ok
cap_003364,438,3,0,ok
cap_003365,438,3,0,ok
cap_003366,438,3,0,ok
cap_003367,438,3,0,ok
cap_003368,438,3,0,ok
cap_003369,438,3,1,ok
cap_003370,438,3,0,ok
cap_003371,438,3,0,ok
cap_003372,438,3,1,ok
cap_003373,438,3,1,ok
cap_003374,439,3,1,ok
cap_003375,439,3,0,ok
cap_003376,439,3,0,ok
cap_003377,439,3,0,ok
cap_003378,440,0,0,todo
cap_003379,440,0,0,todo
cap_003380,440,0,0,todo
cap_003381,440,0,0,todo
cap_003382,440,0,0,todo
cap_003383,440,0,0,todo
cap_003384,440,0,0,todo
cap_003385,440,0,0,todo
cap_003386,440,0,0,todo
cap_003387,440,0,0,todo
cap_003388,440,0,0,todo
cap_003389,440,0,0,todo
cap_003390,440,0,0,todo
cap_003391,440,0,0,todo
cap_003392,440,0,0,todo
cap_003393,440,0,0,todo
cap_003394,440,0,0,todo
cap_003395,440,0,0,todo
cap_003396,440,0,0,todo
cap_003397,440,0,0,todo
cap_003398,440,0,0,todo
cap_003399,440,0,0,todo
cap_003400,440,0,0,todo
cap_003401,440,0,0,todo
cap_003402,440,0,0,todo
cap_003403,440,0,0,todo
cap_003404,440,0,0,todo
cap_003405,440,0,0,todo
cap_003406,440,0,0,todo
cap_003407,440,0,0,todo
cap_003408,441,0,0,todo
cap_003409,441,0,0,todo
cap_003410,441,0,0,todo
cap_003411,441,0,0,todo
cap_003412,441,0,0,todo
cap_003413,441,0,0,todo
cap_003414,441,0,0,todo
cap_003415,441,0,0,todo
cap_003416,441,0,0,todo
cap_003417,441,0,0,todo
cap_003418,441,0,0,todo
cap_003419,441,0,0,todo
cap_003420,441,0,0,todo
cap_003421,441,0,0,todo
cap_003422,441,0,0,todo
cap_003423,441,0,0,todo
cap_003424,441,0,0,todo
cap_003425,441,0,0,todo
cap_003426,441,0,0,todo
cap_003427,441,0,0,todo
cap_003428,441,0,0,todo
cap_003429,441,0,0,todo
cap_003430,441,0,0,todo
cap_003431,441,0,0,todo
cap_003432,441,0,0,todo
cap_003433,441,0,0,todo
cap_003434,441,0,0,todo
cap_003435,441,0,0,todo
cap_003436,441,0,0,todo
cap_003437,441,0,0,todo
cap_003438,442,0,0,todo
cap_003439,442,0,0,todo
cap_003440,442,0,0,todo
cap_003441,442,0,0,todo
cap_003442,442,0,0,todo
cap_003443,442,0,0,todo
cap_003444,442,0,0,todo
cap_003445,443,0,0,todo
cap_003446,443,0,0,todo
cap_003447,443,0,0,todo
cap_003448,443,0,0,todo
cap_003449,443,0,0,todo
cap_003450,443,0,0,todo
cap_003451,443,0,0,todo
cap_003452,443,0,0,todo
cap_003453,443,0,0,todo
cap_003454,443,0,0,todo
cap_003455,444,0,0,todo
cap_003456,444,0,0,todo
cap_003457,444,0,0,todo
cap_003458,444,0,0,todo
cap_003459,444,0,0,todo
cap_003460,444,0,0,todo
cap_003461,444,0,0,todo
cap_003462,444,0,0,todo
cap_003463,444,0,0,todo
cap_003464,444,0,0,todo
cap_003465,444,0,0,todo
cap_003466,444,0,0,todo
cap_003467,444,0,0,todo
cap_003468,444,0,0,todo
cap_003469,444,0,0,todo
cap_003470,444,0,0,todo
cap_003471,444,0,0,todo
cap_003472,444,0,0,todo
cap_003473,444,0,0,todo
cap_003474,444,0,0,todo
cap_003475,444,0,0,todo
cap_003476,444,0,0,todo
cap_003477,444,0,0,todo
cap_003478,444,0,0,todo
cap_003479,444,0,0,todo
cap_003480,444,0,0,todo
cap_003481,444,0,0,todo
cap_003482,444,0,0,todo
cap_003483,444,0,0,todo
cap_003484,444,0,0,todo
cap_003485,445,2,0,todo
cap_003486,445,3,1,ok
cap_003487,445,3,1,ok
cap_003488,445,3,1,ok
cap_003489,445,3,1,ok
cap_003490,445,3,1,ok
cap_003491,445,3,1,ok
cap_003492,445,2,0,todo
cap_003493,445,3,1,ok
cap_003494,445,3,1,ok
cap_003495,445,2,0,todo
cap_003496,445,2,0,todo
cap_003497,445,2,0,todo
cap_003498,445,2,0,todo
cap_003499,445,3,1,ok
cap_003500,445,3,1,ok
cap_003501,445,2,0,todo
cap_003502,445,2,0,todo
cap_003503,445,2,0,todo
cap_003504,445,2,0,todo
cap_003505,445,2,0,todo
cap_003506,445,2,0,todo
cap_003507,445,2,0,todo
cap_003508,445,2,0,todo
cap_003509,445,2,0,todo
cap_003510,445,2,0,todo
cap_003511,445,2,0,todo
cap_003512,445,2,0,todo
cap_003513,445,2,0,todo
cap_003514,445,2,0,todo
cap_003515,446,2,0,todo
cap_003516,446,2,0,todo
cap_003517,446,2,0,todo
cap_003518,446,2,0,todo
cap_003519,446,2,0,todo
cap_003520,446,2,0,todo
cap_003521,446,2,0,todo
cap_003522,446,2,0,todo
cap_003523,446,2,0,todo
cap_003524,446,2,0,todo
cap_003525,446,2,0,todo
cap_003526,446,2,0,todo
cap_003527,446,2,0,todo
cap_003528,446,2,0,todo
cap_003529,446,3,1,ok
cap_003530,446,2,0,todo
cap_003531,446,3,1,ok
cap_003532,446,3,1,ok
cap_003533,446,3,1,ok
cap_003534,446,2,0,todo
cap_003535,446,3,0,ok
cap_003536,446,3,0,ok
cap_003537,446,2,0,todo
cap_003538,446,2,0,todo
cap_003539,446,2,0,todo
cap_003540,446,2,0,todo
cap_003541,446,2,0,todo
cap_003542,446,3,1,ok
cap_003543,446,3,1,ok
cap_003544,446,2,0,todo
cap_003545,447,0,0,todo
cap_003546,447,0,0,todo
cap_003547,447,0,0,todo
cap_003548,447,0,0,todo
cap_003549,447,0,0,todo
cap_003550,447,0,0,todo
cap_003551,447,0,0,todo
cap_003552,447,0,0,todo
cap_003553,447,0,0,todo
cap_003554,447,0,0,todo
cap_003555,447,0,0,todo
cap_003556,447,0,0,todo
cap_003557,447,0,0,todo
cap_003558,447,0,0,todo
cap_003559,447,0,0,todo
cap_003560,447,0,0,todo
cap_003561,447,0,0,todo
cap_003562,448,0,0,todo
cap_003563,448,0,0,todo
cap_003564,448,0,0,todo
cap_003565,448,0,0,todo
cap_003566,448,0,0,todo
cap_003567,449,0,0,todo
cap_003568,449,0,0,todo
cap_003569,449,0,0,todo
cap_003570,449,0,0,todo
cap_003571,449,0,0,todo
cap_003572,449,0,0,todo
cap_003573,449,0,0,todo
cap_003574,449,0,0,todo
cap_003575,449,0,0,todo
cap_003576,449,0,0,todo
cap_003577,449,0,0,todo
cap_003578,449,0,0,todo
cap_003579,449,0,0,todo
cap_003580,449,0,0,todo
cap_003581,449,0,0,todo
cap_003582,449,0,0,todo
cap_003583,449,0,0,todo
cap_003584,449,0,0,todo
cap_003585,449,0,0,todo
cap_003586,449,0,0,todo
cap_003587,449,0,0,todo
cap_003588,449,0,0,todo
cap_003589,449,0,0,todo
cap_003590,449,0,0,todo
cap_003591,449,0,0,todo
cap_003592,449,0,0,todo
cap_003593,449,0,0,todo
cap_003594,449,0,0,todo
cap_003595,449,0,0,todo
cap_003596,449,0,0,todo
cap_003597,450,0,0,todo
cap_003598,450,0,0,todo
cap_003599,450,0,0,todo
cap_003600,450,0,0,todo
cap_003601,450,0,0,todo
cap_003602,450,0,0,todo
cap_003603,450,0,0,todo
cap_003604,450,0,0,todo
cap_003605,450,0,0,todo
cap_003606,450,0,0,todo
cap_003607,450,0,0,todo
cap_003608,450,0,0,todo
cap_003609,450,0,0,todo
cap_003610,451,0,0,todo
cap_003611,451,0,0,todo
cap_003612,451,0,0,todo
cap_003613,451,0,0,todo
cap_003614,451,0,0,todo
cap_003615,451,0,0,todo
cap_003616,451,0,0,todo
cap_003617,451,0,0,todo
cap_003618,451,0,0,todo
cap_003619,451,0,0,todo
cap_003620,451,0,0,todo
cap_003621,451,0,0,todo
cap_003622,451,0,0,todo
cap_003623,451,0,0,todo
cap_003624,451,0,0,todo
cap_003625,451,0,0,todo
cap_003626,451,0,0,todo
cap_003627,451,0,0,todo
cap_003628,451,0,0,todo
cap_003629,451,0,0,todo
cap_003630,451,0,0,todo
cap_003631,451,0,0,todo
cap_003632,451,0,0,todo
cap_003633,451,0,0,todo
cap_003634,451,0,0,todo
cap_003635,451,0,0,todo
cap_003636,451,0,0,todo
cap_003637,451,0,0,todo
cap_003638,451,0,0,todo
cap_003639,451,0,0,todo
cap_003640,452,0,0,todo
cap_003641,452,0,0,todo
cap_003642,452,0,0,todo
cap_003643,452,0,0,todo
cap_003644,452,0,0,todo
cap_003645,452,0,0,todo
cap_003646,452,0,0,todo
cap_003647,452,0,0,todo
cap_003648,452,0,0,todo
cap_003649,452,0,0,todo
cap_003650,452,0,0,todo
cap_003651,452,0,0,todo
cap_003652,452,0,0,todo
cap_003653,452,0,0,todo
cap_003654,452,0,0,todo
cap_003655,452,0,0,todo
cap_003656,452,0,0,todo
cap_003657,453,0,0,todo
cap_003658,453,0,0,todo
cap_003659,453,0,0,todo
cap_003660,453,0,0,todo
cap_003661,453,0,0,todo
cap_003662,453,0,0,todo
cap_003663,453,0,0,todo
cap_003664,454,0,0,todo
cap_003665,454,0,0,todo
cap_003666,454,0,0,todo
cap_003667,454,0,0,todo
cap_003668,454,0,0,todo
cap_003669,455,0,0,todo
cap_003670,455,0,0,todo
cap_003671,456,0,0,todo
cap_003672,456,0,0,todo
cap_003673,456,0,0,todo
cap_003674,456,0,0,todo
cap_003675,456,0,0,todo
cap_003676,457,0,0,todo
cap_003677,457,0,0,todo
cap_003678,457,0,0,todo
cap_003679,457,0,0,todo
cap_003680,457,0,0,todo
cap_003681,457,0,0,todo
cap_003682,457,0,0,todo
cap_003683,457,0,0,todo
cap_003684,458,0,0,todo
cap_003685,458,0,0,todo
cap_003686,459,0,0,todo
cap_003687,460,0,0,todo
cap_003688,460,0,0,todo
cap_003689,461,0,0,todo
cap_003690,461,0,0,todo
cap_003691,461,0,0,todo
cap_003692,461,0,0,todo
cap_003693,461,0,0,todo
cap_003694,461,0,0,todo
cap_003695,461,0,0,todo
cap_003696,461,0,0,todo
cap_003697,461,0,0,todo
cap_003698,462,0,0,todo
cap_003699,462,0,0,todo
cap_003700,463,0,0,todo
cap_003701,463,0,0,todo
cap_003702,463,0,0,todo
cap_003703,464,0,0,todo
cap_003704,464,0,0,todo
cap_003705,464,0,0,todo
cap_003706,464,0,0,todo
cap_003707,464,0,0,todo
cap_003708,465,0,0,todo
cap_003709,465,0,0,todo
cap_003710,465,0,0,todo
cap_003711,465,0,0,todo
cap_003712,465,0,0,todo
cap_003713,465,0,0,todo
cap_003714,465,0,0,todo
cap_003715,465,0,0,todo
cap_003716,465,0,0,todo
cap_003717,465,0,0,todo
cap_003718,465,0,0,todo
cap_003719,465,0,0,todo
cap_003720,465,0,0,todo
cap_003721,465,0,0,todo
cap_003722,465,0,0,todo
cap_003723,466,0,0,todo
cap_003724,466,0,0,todo
cap_003725,466,0,0,todo
cap_003726,466,0,0,todo
cap_003727,466,0,0,todo
cap_003728,466,0,0,todo
cap_003729,467,0,0,todo
cap_003730,467,0,0,todo
cap_003731,467,0,0,todo
cap_003732,467,0,0,todo
cap_003733,468,0,0,todo
cap_003734,468,0,0,todo
cap_003735,468,0,0,todo
cap_003736,468,0,0,todo
cap_003737,469,0,0,todo
cap_003738,469,0,0,todo
cap_003739,469,0,0,todo
cap_003740,469,0,0,todo
cap_003741,469,0,0,todo
cap_003742,470,0,0,todo
cap_003743,470,0,0,todo
cap_003744,471,0,0,todo
cap_003745,471,0,0,todo
cap_003746,472,0,0,todo
cap_003747,472,0,0,todo
cap_003748,472,0,0,todo
cap_003749,473,0,0,todo
cap_003750,473,0,0,todo
cap_003751,473,0,0,todo
cap_003752,473,0,0,todo
cap_003753,473,0,0,todo
cap_003754,474,0,0,todo
cap_003755,474,0,0,todo
cap_003756,474,0,0,todo
cap_003757,474,0,0,todo
cap_003758,475,0,0,todo
cap_003759,475,0,0,todo
cap_003760,475,0,0,todo
cap_003761,476,0,0,todo
cap_003762,476,0,0,todo
cap_003763,476,0,0,todo
cap_003764,476,0,0,todo
cap_003765,476,0,0,todo
cap_003766,476,0,0,todo
cap_003767,477,0,0,todo
cap_003768,477,0,0,todo
cap_003769,478,0,0,todo
cap_003770,478,0,0,todo
cap_003771,478,0,0,todo
cap_003772,478,0,0,todo
cap_003773,478,0,0,todo
cap_003774,479,0,0,todo
cap_003775,479,0,0,todo
cap_003776,479,0,0,todo
cap_003777,479,0,0,todo
cap_003778,480,0,0,todo
cap_003779,480,0,0,todo
cap_003780,480,0,0,todo
cap_003781,481,0,0,todo
cap_003782,481,0,0,todo
cap_003783,481,0,0,todo
cap_003784,482,0,0,todo
cap_003785,482,0,0,todo
cap_003786,483,0,0,todo
cap_003787,483,0,0,todo
cap_003788,484,2,2,todo
cap_003789,485,2,2,todo
cap_003790,486,2,2,todo
cap_003791,487,0,0,todo
cap_003792,487,0,0,todo
cap_003793,488,0,0,todo
cap_003794,488,0,0,todo
cap_003795,488,0,0,todo
cap_003796,488,0,0,todo
cap_003797,488,0,0,todo
cap_003798,488,0,0,todo
cap_003799,488,0,0,todo
cap_003800,488,0,0,todo
cap_003801,488,0,0,todo
cap_003802,488,0,0,todo
cap_003803,488,0,0,todo
cap_003804,488,0,0,todo
cap_003805,488,0,0,todo
cap_003806,488,0,0,todo
cap_003807,488,0,0,todo
cap_003808,489,2,2,todo
cap_003809,489,2,2,todo
cap_003810,489,2,2,todo
cap_003811,490,0,0,todo
cap_003812,490,0,0,todo
cap_003813,490,0,0,todo
cap_003814,490,0,0,todo
cap_003815,490,0,0,todo
cap_003816,490,0,0,todo
cap_003817,490,0,0,todo
cap_003818,490,0,0,todo
cap_003819,490,0,0,todo
cap_003820,491,0,0,todo
cap_003821,491,0,0,todo
cap_003822,491,0,0,todo
cap_003823,491,0,0,todo
cap_003824,491,0,0,todo
cap_003825,491,0,0,todo
cap_003826,491,0,0,todo
cap_003827,491,0,0,todo
cap_003828,491,0,0,todo
cap_003829,491,0,0,todo
cap_003830,491,0,0,todo
cap_003831,491,0,0,todo
cap_003832,491,0,0,todo
cap_003833,491,0,0,todo
cap_003834,491,0,0,todo
cap_003835,491,0,0,todo
cap_003836,491,0,0,todo
cap_003837,492,2,2,todo
cap_003838,492,2,2,todo
cap_003839,492,2,2,todo
cap_003840,492,2,2,todo
cap_003841,493,2,2,todo
cap_003842,493,2,2,todo
cap_003843,493,3,2,ok
cap_003844,493,3,2,ok
cap_003845,493,3,2,ok
cap_003846,494,2,1,todo
cap_003847,494,3,1,ok
cap_003848,495,3,1,ok
cap_003849,495,2,1,todo
cap_003850,496,3,3,ok
cap_003851,496,3,2,ok
cap_003852,496,3,4,ok
cap_003853,496,3,2,ok
cap_003854,497,0,0,todo
cap_003855,497,0,0,todo
cap_003856,497,0,0,todo
cap_003857,497,0,0,todo
cap_003858,497,0,0,todo
cap_003859,497,0,0,todo
cap_003860,497,0,0,todo
cap_003861,497,0,0,todo
cap_003862,497,0,0,todo
cap_003863,497,0,0,todo
cap_003864,497,0,0,todo
cap_003865,497,0,0,todo
cap_003866,497,0,0,todo
cap_003867,497,0,0,todo
cap_003868,497,0,0,todo
cap_003869,497,0,0,todo
cap_003870,497,0,0,todo
cap_003871,498,0,0,todo
cap_003872,498,0,0,todo
cap_003873,498,0,0,todo
cap_003874,498,0,0,todo
cap_003875,498,0,0,todo
cap_003876,498,0,0,todo
cap_003877,498,0,0,todo
cap_003878,498,0,0,todo
cap_003879,498,0,0,todo
cap_003880,498,0,0,todo
cap_003881,498,0,0,todo
cap_003882,498,0,0,todo
cap_003883,498,0,0,todo
cap_003884,498,0,0,todo
cap_003885,498,0,0,todo
cap_003886,498,0,0,todo
cap_003887,498,0,0,todo
cap_003888,499,4,3,ok
cap_003889,499,5,3,ok
cap_003890,499,5,3,ok
cap_003891,499,3,1,ok
cap_003892,499,3,1,ok
cap_003893,499,4,2,ok
cap_003894,499,3,2,ok
cap_003895,499,3,2,ok
cap_003896,499,3,2,ok
cap_003897,500,3,2,ok
cap_003898,500,3,1,ok
cap_003899,500,4,1,ok
cap_003900,501,5,2,ok
cap_003901,501,5,2,ok
cap_003902,502,4,1,ok
cap_003903,502,4,1,ok
cap_003904,503,5,2,ok
cap_003905,504,5,2,ok
cap_003906,504,5,3,ok
cap_003907,505,6,3,ok
cap_003908,505,4,1,ok
cap_003909,505,4,1,ok
cap_003910,505,4,1,ok
cap_003911,505,4,1,ok
cap_003912,505,4,1,ok
cap_003913,506,4,1,ok
cap_003914,506,3,1,ok
cap_003915,506,3,1,ok
cap_003916,506,3,1,ok
cap_003917,506,3,1,ok
cap_003918,506,3,1,ok
cap_003919,506,3,1,ok
cap_003920,506,4,1,ok
cap_003921,506,4,2,ok
cap_003922,507,2,1,todo
cap_003923,508,2,1,todo
cap_003924,509,2,2,todo
cap_003925,510,2,1,todo
cap_003926,511,2,1,todo
cap_003927,512,2,1,todo
cap_003928,513,2,1,todo
cap_003929,514,2,1,todo
cap_003930,514,2,1,todo
cap_003931,515,2,1,todo
cap_003932,516,2,2,todo
cap_003933,516,2,1,todo
cap_003934,517,2,1,todo
cap_003935,518,2,1,todo
cap_003936,518,2,1,todo
cap_003937,519,2,1,todo
cap_003938,519,2,1,todo
cap_003939,520,2,1,todo
cap_003940,520,2,0,todo
cap_003941,521,2,1,todo
cap_003942,521,2,1,todo
cap_003943,522,2,1,todo
cap_003944,522,3,0,ok
cap_003945,523,3,0,ok
cap_003946,523,3,0,ok
cap_003947,523,3,0,ok
cap_003948,524,3,0,ok
cap_003949,524,3,1,ok
cap_003950,524,3,1,ok
cap_003951,524,3,1,ok
cap_003952,524,3,0,ok
cap_003953,525,3,0,ok
cap_003954,525,3,0,ok
cap_003955,525,3,0,ok
cap_003956,526,3,0,ok
cap_003957,526,3,1,ok
cap_003958,527,3,0,ok
cap_003959,527,3,0,ok
cap_003960,527,3,0,ok
cap_003961,528,3,0,ok
cap_003962,528,3,1,ok
cap_003963,528,3,0,ok
cap_003964,529,3,0,ok
cap_003965,529,2,0,todo
cap_003966,530,3,0,ok
cap_003967,530,2,0,todo
cap_003968,531,3,0,ok
cap_003969,531,3,0,ok
cap_003970,532,3,0,ok
cap_003971,532,3,0,ok
cap_003972,532,3,0,ok
cap_003973,532,3,0,ok
cap_003974,532,3,0,ok
cap_003975,533,3,0,ok
cap_003976,533,3,0,ok
cap_003977,534,3,0,ok
cap_003978,535,3,0,ok
cap_003979,535,3,0,ok
cap_003980,535,3,0,ok
cap_003981,536,3,0,ok
cap_003982,536,3,0,ok
cap_003983,536,3,0,ok
cap_003984,536,3,0,ok
cap_003985,537,3,0,ok
cap_003986,537,3,0,ok
cap_003987,538,3,1,ok
cap_003988,538,3,1,ok
cap_003989,538,3,0,ok
cap_003990,538,3,0,ok
cap_003991,538,3,0,ok
cap_003992,538,3,0,ok
cap_003993,538,3,0,ok
cap_003994,538,3,0,ok
cap_003995,538,3,0,ok
cap_003996,539,3,0,ok
cap_003997,539,3,0,ok
cap_003998,540,3,0,ok
cap_003999,540,3,0,ok
cap_004000,540,3,0,ok
cap_004001,541,3,0,ok
cap_004002,541,3,0,ok
cap_004003,541,3,0,ok
cap_004004,541,3,0,ok
cap_004005,541,3,0,ok
cap_004006,541,3,1,ok
cap_004007,541,3,1,ok
cap_004008,541,3,0,ok
cap_004009,541,3,0,ok
cap_004010,541,3,0,ok
cap_004011,542,2,0,todo
cap_004012,542,3,0,ok
cap_004013,542,3,0,ok
cap_004014,542,3,0,ok
cap_004015,542,3,0,ok
cap_004016,542,3,0,ok
cap_004017,542,3,0,ok
cap_004018,542,3,0,ok
cap_004019,542,3,0,ok
cap_004020,542,3,0,ok
cap_004021,542,3,0,ok
cap_004022,542,3,0,ok
cap_004023,542,3,0,ok
cap_004024,542,3,0,ok
cap_004025,542,3,0,ok
cap_004026,542,3,0,ok
cap_004027,542,3,0,ok
cap_004028,542,3,0,ok
cap_004029,542,3,0,ok
cap_004030,543,3,0,ok
cap_004031,543,2,0,todo
cap_004032,543,3,0,ok
cap_004033,543,3,0,ok
cap_004034,543,3,0,ok
cap_004035,543,3,0,ok
cap_004036,543,3,0,ok
cap_004037,543,3,0,ok
cap_004038,543,3,0,ok
cap_004039,543,3,0,ok
cap_004040,543,3,0,ok
cap_004041,543,3,0,ok
cap_004042,543,3,0,ok
cap_004043,544,3,0,ok
cap_004044,544,2,0,todo
cap_004045,544,2,0,todo
cap_004046,545,2,0,todo
cap_004047,545,2,0,todo
cap_004048,545,2,0,todo
cap_004049,545,2,0,todo
cap_004050,545,2,0,todo
cap_004051,545,2,0,todo
cap_004052,545,2,0,todo
cap_004053,545,2,0,todo
cap_004054,545,2,0,todo
cap_004055,545,2,0,todo
cap_004056,545,2,0,todo
cap_004057,546,0,0,todo
cap_004058,546,0,0,todo
cap_004059,546,0,0,todo
cap_004060,546,0,0,todo
cap_004061,546,0,0,todo
cap_004062,547,2,0,todo
cap_004063,547,2,0,todo
cap_004064,547,2,1,todo
cap_004065,547,2,1,todo
cap_004066,548,0,0,todo
cap_004067,548,0,0,todo
cap_004068,548,0,0,todo
cap_004069,548,0,0,todo
cap_004070,549,2,1,todo
cap_004071,549,2,2,todo
cap_004072,549,2,1,todo
cap_004073,549,2,1,todo
cap_004074,549,2,1,todo
cap_004075,549,2,1,todo
cap_004076,549,2,2,todo
cap_004077,549,2,1,todo
cap_004078,549,2,1,todo
cap_004079,549,2,1,todo
cap_004080,549,2,1,todo
cap_004081,549,2,1,todo
cap_004082,549,2,1,todo
cap_004083,549,2,1,todo
cap_004084,549,2,1,todo
cap_004085,549,2,1,todo
cap_004086,549,2,1,todo
cap_004087,549,2,1,todo
cap_004088,549,2,1,todo
cap_004089,549,2,1,todo
cap_004090,549,2,1,todo
cap_004091,549,2,1,todo
cap_004092,549,2,1,todo
cap_004093,549,2,1,todo
cap_004094,549,2,1,todo
cap_004095,549,2,1,todo
cap_004096,549,2,1,todo
cap_004097,549,2,1,todo
cap_004098,549,2,1,todo
cap_004099,549,2,1,todo
cap_004100,550,0,0,todo
cap_004101,550,0,0,todo
cap_004102,550,0,0,todo
cap_004103,550,0,0,todo
cap_004104,550,0,0,todo
cap_004105,550,0,0,todo
cap_004106,550,0,0,todo
cap_004107,550,0,0,todo
cap_004108,550,0,0,todo
cap_004109,551,2,2,todo
cap_004110,551,2,1,todo
cap_004111,551,2,1,todo
cap_004112,551,2,1,todo
cap_004113,551,2,0,todo
cap_004114,551,2,0,todo
cap_004115,551,2,1,todo
cap_004116,551,2,1,todo
cap_004117,551,2,0,todo
cap_004118,551,2,0,todo
cap_004119,551,2,0,todo
cap_004120,551,2,0,todo
cap_004121,551,2,0,todo
cap_004122,551,2,1,todo
cap_004123,551,2,1,todo
cap_004124,551,2,0,todo
cap_004125,551,2,0,todo
cap_004126,551,2,0,todo
cap_004127,551,2,0,todo
cap_004128,551,2,0,todo
cap_004129,551,2,0,todo
cap_004130,551,2,0,todo
cap_004131,551,2,0,todo
cap_004132,552,0,0,todo
cap_004133,552,0,0,todo
cap_004134,552,0,0,todo
cap_004135,552,0,0,todo
cap_004136,552,0,0,todo
cap_004137,552,0,0,todo
cap_004138,552,0,0,todo
cap_004139,552,0,0,todo
cap_004140,552,0,0,todo
cap_004141,552,0,0,todo
cap_004142,552,0,0,todo
cap_004143,552,0,0,todo
cap_004144,552,0,0,todo
cap_004145,552,0,0,todo
cap_004146,552,0,0,todo
cap_004147,552,0,0,todo
cap_004148,552,0,0,todo
cap_004149,552,0,0,todo
cap_004150,552,0,0,todo
cap_004151,552,0,0,todo
cap_004152,552,0,0,todo
cap_004153,552,0,0,todo
cap_004154,552,0,0,todo
cap_004155,552,0,0,todo
cap_004156,552,0,0,todo
cap_004157,552,0,0,todo
cap_004158,552,0,0,todo
cap_004159,552,0,0,todo
cap_004160,552,0,0,todo
cap_004161,552,0,0,todo
cap_004162,553,2,1,todo
cap_004163,553,2,1,todo
cap_004164,553,2,1,todo
cap_004165,553,2,1,todo
cap_004166,553,2,0,todo
cap_004167,553,2,0,todo
cap_004168,553,2,0,todo
cap_004169,553,2,0,todo
cap_004170,553,2,1,todo
cap_004171,553,2,1,todo
cap_004172,553,2,1,todo
cap_004173,553,2,1,todo
cap_004174,553,2,1,todo
cap_004175,553,2,1,todo
cap_004176,553,2,1,todo
cap_004177,553,2,1,todo
cap_004178,553,2,1,todo
cap_004179,553,2,0,todo
cap_004180,553,2,0,todo
cap_004181,553,2,0,todo
cap_004182,553,2,0,todo
cap_004183,553,2,0,todo
cap_004184,553,2,0,todo
cap_004185,553,2,1,todo
cap_004186,553,2,1,todo
cap_004187,554,2,0,todo
cap_004188,554,2,1,todo
cap_004189,554,2,0,todo
